run,step,case,k,dt,ktau,myj,frpcpn,mosaic_lu,mosaic_soil,rdlai2d,iswater,isice,xice_threshold,nlcat,nscat,lutype,cp,rovcp,g0,lv,stbolt,zs,ivgtyp,isltyp,xland,xice,tbot,shdmin,shdmax,vegfra,rainbl,frzfrac,glw,gsw,chs,flqc,flhc,albbck,z3d,p8w,t3d,qv3d,qc3d,rho3d,snow_i,snowh_i,snowc_i,canwat_i,snoalb_i,alb_i,emiss_i,lai_i,mavail_i,sfcexc_i,z0_i,znt_i,soilt_i,hfx_i,qfx_i,lh_i,sfcevp_i,sfcrunoff_i,udrunoff_i,acrunoff_i,grdflx_i,acsnow_i,snom_i,qvg_i,qcg_i,dew_i,qsfc_i,qsg_i,chklowq_i,soilt1_i,tsnav_i,smavail_i,smmax_i,rhosnf_i,precipfr_i,snowfallac_i,soilmois_i,sh2o_i,tso_i,smfr3d_i,keepfr_i,snow,snowh,snowc,canwat,snoalb,alb,emiss,lai,mavail,sfcexc,z0,znt,soilt,hfx,qfx,lh,sfcevp,sfcrunoff,udrunoff,acrunoff,grdflx,acsnow,snom,qvg,qcg,dew,qsfc,qsg,chklowq,soilt1,tsnav,smavail,smmax,rhosnf,precipfr,snowfallac,soilmois,sh2o,tso,smfr3d,keepfr
1,1,warm_forest_rain,1,60.0000000,1,F,T,0,0,T,17,15,0.199999996E-01,28,19,0,1004.50000,0.285714298,9.81000042,2500000.00,0.567051011E-07,0.00000000,1,4,1.00000000,0.00000000,288.000000,20.0000000,90.0000000,72.0000000,0.899999976,0.00000000,340.000000,520.000000,0.120000001E-01,0.109999999E-01,11.0000000,0.119999997,80.0000000,95000.0000,298.000000,0.120000001E-01,0.00000000,1.10000002,0.00000000,0.00000000,0.00000000,0.150000006,0.519999981,0.119999997,0.949999988,6.40000010,0.614925385,0.00000000,0.00000000,0.800000012,297.000000,0.00000000,0.00000000,0.00000000,7.50000000,2.00000000,1.00000000,4.00000000,0.00000000,3.25000000,0.250000000,0.00000000,-1.00000000,0.00000000,0.00000000,0.00000000,1.00000000,-999.000000,0.00000000,0.00000000,0.00000000,0.00000000,0.00000000,0.500000000,0.239999995,0.239999995,296.000000,0.00000000,0.00000000,0.00000000,0.00000000,0.00000000,0.304627657,0.519999981,0.119999997,0.949999988,6.40000010,0.851599038,0.985585432E-02,0.800000012,0.800000012,293.848358,-45.8797913,0.421834957E-04,105.458740,7.50506210,0.190407962,0.00000000,0.190407962,104.473991,3.25000000,0.00000000,0.144472271E-01,0.00000000,0.00000000,0.142414775E-01,0.159797128E-01,1.00000000,296.000000,23.3500061,814.802307,1455.00000,-1000.00000,0.00000000,0.00000000,0.319285661,0.240000010,293.848358,0.228888884,0.00000000
1,1,warm_forest_rain,2,60.0000000,1,F,T,0,0,T,17,15,0.199999996E-01,28,19,0,1004.50000,0.285714298,9.81000042,2500000.00,0.567051011E-07,0.999999978E-02,1,4,1.00000000,0.00000000,288.000000,20.0000000,90.0000000,72.0000000,0.899999976,0.00000000,340.000000,520.000000,0.120000001E-01,0.109999999E-01,11.0000000,0.119999997,80.0000000,95000.0000,298.000000,0.120000001E-01,0.00000000,1.10000002,0.00000000,0.00000000,0.00000000,0.150000006,0.519999981,0.119999997,0.949999988,6.40000010,0.614925385,0.00000000,0.00000000,0.800000012,297.000000,0.00000000,0.00000000,0.00000000,7.50000000,2.00000000,1.00000000,4.00000000,0.00000000,3.25000000,0.250000000,0.00000000,-1.00000000,0.00000000,0.00000000,0.00000000,1.00000000,-999.000000,0.00000000,0.00000000,0.00000000,0.00000000,0.00000000,0.500000000,0.244999990,0.244999990,295.000000,0.00000000,0.00000000,0.00000000,0.00000000,0.00000000,0.304627657,0.519999981,0.119999997,0.949999988,6.40000010,0.851599038,0.985585432E-02,0.800000012,0.800000012,293.848358,-45.8797913,0.421834957E-04,105.458740,7.50506210,0.190407962,0.00000000,0.190407962,104.473991,3.25000000,0.00000000,0.144472271E-01,0.00000000,0.00000000,0.142414775E-01,0.159797128E-01,1.00000000,296.000000,23.3500061,814.802307,1455.00000,-1000.00000,0.00000000,0.00000000,0.252717882,0.245000005,294.937134,0.234444425,0.00000000
1,1,warm_forest_rain,3,60.0000000,1,F,T,0,0,T,17,15,0.199999996E-01,28,19,0,1004.50000,0.285714298,9.81000042,2500000.00,0.567051011E-07,0.399999991E-01,1,4,1.00000000,0.00000000,288.000000,20.0000000,90.0000000,72.0000000,0.899999976,0.00000000,340.000000,520.000000,0.120000001E-01,0.109999999E-01,11.0000000,0.119999997,80.0000000,95000.0000,298.000000,0.120000001E-01,0.00000000,1.10000002,0.00000000,0.00000000,0.00000000,0.150000006,0.519999981,0.119999997,0.949999988,6.40000010,0.614925385,0.00000000,0.00000000,0.800000012,297.000000,0.00000000,0.00000000,0.00000000,7.50000000,2.00000000,1.00000000,4.00000000,0.00000000,3.25000000,0.250000000,0.00000000,-1.00000000,0.00000000,0.00000000,0.00000000,1.00000000,-999.000000,0.00000000,0.00000000,0.00000000,0.00000000,0.00000000,0.500000000,0.250000000,0.250000000,294.000000,0.00000000,0.00000000,0.00000000,0.00000000,0.00000000,0.304627657,0.519999981,0.119999997,0.949999988,6.40000010,0.851599038,0.985585432E-02,0.800000012,0.800000012,293.848358,-45.8797913,0.421834957E-04,105.458740,7.50506210,0.190407962,0.00000000,0.190407962,104.473991,3.25000000,0.00000000,0.144472271E-01,0.00000000,0.00000000,0.142414775E-01,0.159797128E-01,1.00000000,296.000000,23.3500061,814.802307,1455.00000,-1000.00000,0.00000000,0.00000000,0.250109494,0.250000000,294.011780,0.239999980,0.00000000
1,1,warm_forest_rain,4,60.0000000,1,F,T,0,0,T,17,15,0.199999996E-01,28,19,0,1004.50000,0.285714298,9.81000042,2500000.00,0.567051011E-07,0.100000001,1,4,1.00000000,0.00000000,288.000000,20.0000000,90.0000000,72.0000000,0.899999976,0.00000000,340.000000,520.000000,0.120000001E-01,0.109999999E-01,11.0000000,0.119999997,80.0000000,95000.0000,298.000000,0.120000001E-01,0.00000000,1.10000002,0.00000000,0.00000000,0.00000000,0.150000006,0.519999981,0.119999997,0.949999988,6.40000010,0.614925385,0.00000000,0.00000000,0.800000012,297.000000,0.00000000,0.00000000,0.00000000,7.50000000,2.00000000,1.00000000,4.00000000,0.00000000,3.25000000,0.250000000,0.00000000,-1.00000000,0.00000000,0.00000000,0.00000000,1.00000000,-999.000000,0.00000000,0.00000000,0.00000000,0.00000000,0.00000000,0.500000000,0.254999995,0.254999995,293.000000,0.00000000,0.00000000,0.00000000,0.00000000,0.00000000,0.304627657,0.519999981,0.119999997,0.949999988,6.40000010,0.851599038,0.985585432E-02,0.800000012,0.800000012,293.848358,-45.8797913,0.421834957E-04,105.458740,7.50506210,0.190407962,0.00000000,0.190407962,104.473991,3.25000000,0.00000000,0.144472271E-01,0.00000000,0.00000000,0.142414775E-01,0.159797128E-01,1.00000000,296.000000,23.3500061,814.802307,1455.00000,-1000.00000,0.00000000,0.00000000,0.254986823,0.254986823,293.003113,0.245555535,0.00000000
1,1,warm_forest_rain,5,60.0000000,1,F,T,0,0,T,17,15,0.199999996E-01,28,19,0,1004.50000,0.285714298,9.81000042,2500000.00,0.567051011E-07,0.300000012,1,4,1.00000000,0.00000000,288.000000,20.0000000,90.0000000,72.0000000,0.899999976,0.00000000,340.000000,520.000000,0.120000001E-01,0.109999999E-01,11.0000000,0.119999997,80.0000000,95000.0000,298.000000,0.120000001E-01,0.00000000,1.10000002,0.00000000,0.00000000,0.00000000,0.150000006,0.519999981,0.119999997,0.949999988,6.40000010,0.614925385,0.00000000,0.00000000,0.800000012,297.000000,0.00000000,0.00000000,0.00000000,7.50000000,2.00000000,1.00000000,4.00000000,0.00000000,3.25000000,0.250000000,0.00000000,-1.00000000,0.00000000,0.00000000,0.00000000,1.00000000,-999.000000,0.00000000,0.00000000,0.00000000,0.00000000,0.00000000,0.500000000,0.259999990,0.259999990,292.000000,0.00000000,0.00000000,0.00000000,0.00000000,0.00000000,0.304627657,0.519999981,0.119999997,0.949999988,6.40000010,0.851599038,0.985585432E-02,0.800000012,0.800000012,293.848358,-45.8797913,0.421834957E-04,105.458740,7.50506210,0.190407962,0.00000000,0.190407962,104.473991,3.25000000,0.00000000,0.144472271E-01,0.00000000,0.00000000,0.142414775E-01,0.159797128E-01,1.00000000,296.000000,23.3500061,814.802307,1455.00000,-1000.00000,0.00000000,0.00000000,0.259998709,0.259998709,292.000214,0.251111090,0.00000000
1,1,warm_forest_rain,6,60.0000000,1,F,T,0,0,T,17,15,0.199999996E-01,28,19,0,1004.50000,0.285714298,9.81000042,2500000.00,0.567051011E-07,0.600000024,1,4,1.00000000,0.00000000,288.000000,20.0000000,90.0000000,72.0000000,0.899999976,0.00000000,340.000000,520.000000,0.120000001E-01,0.109999999E-01,11.0000000,0.119999997,80.0000000,95000.0000,298.000000,0.120000001E-01,0.00000000,1.10000002,0.00000000,0.00000000,0.00000000,0.150000006,0.519999981,0.119999997,0.949999988,6.40000010,0.614925385,0.00000000,0.00000000,0.800000012,297.000000,0.00000000,0.00000000,0.00000000,7.50000000,2.00000000,1.00000000,4.00000000,0.00000000,3.25000000,0.250000000,0.00000000,-1.00000000,0.00000000,0.00000000,0.00000000,1.00000000,-999.000000,0.00000000,0.00000000,0.00000000,0.00000000,0.00000000,0.500000000,0.264999986,0.264999986,291.000000,0.00000000,0.00000000,0.00000000,0.00000000,0.00000000,0.304627657,0.519999981,0.119999997,0.949999988,6.40000010,0.851599038,0.985585432E-02,0.800000012,0.800000012,293.848358,-45.8797913,0.421834957E-04,105.458740,7.50506210,0.190407962,0.00000000,0.190407962,104.473991,3.25000000,0.00000000,0.144472271E-01,0.00000000,0.00000000,0.142414775E-01,0.159797128E-01,1.00000000,296.000000,23.3500061,814.802307,1455.00000,-1000.00000,0.00000000,0.00000000,0.264999241,0.264999241,291.000031,0.256666631,0.00000000
1,1,warm_forest_rain,7,60.0000000,1,F,T,0,0,T,17,15,0.199999996E-01,28,19,0,1004.50000,0.285714298,9.81000042,2500000.00,0.567051011E-07,1.00000000,1,4,1.00000000,0.00000000,288.000000,20.0000000,90.0000000,72.0000000,0.899999976,0.00000000,340.000000,520.000000,0.120000001E-01,0.109999999E-01,11.0000000,0.119999997,80.0000000,95000.0000,298.000000,0.120000001E-01,0.00000000,1.10000002,0.00000000,0.00000000,0.00000000,0.150000006,0.519999981,0.119999997,0.949999988,6.40000010,0.614925385,0.00000000,0.00000000,0.800000012,297.000000,0.00000000,0.00000000,0.00000000,7.50000000,2.00000000,1.00000000,4.00000000,0.00000000,3.25000000,0.250000000,0.00000000,-1.00000000,0.00000000,0.00000000,0.00000000,1.00000000,-999.000000,0.00000000,0.00000000,0.00000000,0.00000000,0.00000000,0.500000000,0.269999981,0.269999981,290.000000,0.00000000,0.00000000,0.00000000,0.00000000,0.00000000,0.304627657,0.519999981,0.119999997,0.949999988,6.40000010,0.851599038,0.985585432E-02,0.800000012,0.800000012,293.848358,-45.8797913,0.421834957E-04,105.458740,7.50506210,0.190407962,0.00000000,0.190407962,104.473991,3.25000000,0.00000000,0.144472271E-01,0.00000000,0.00000000,0.142414775E-01,0.159797128E-01,1.00000000,296.000000,23.3500061,814.802307,1455.00000,-1000.00000,0.00000000,0.00000000,0.269999236,0.269999236,290.000031,0.262222171,0.00000000
1,1,warm_forest_rain,8,60.0000000,1,F,T,0,0,T,17,15,0.199999996E-01,28,19,0,1004.50000,0.285714298,9.81000042,2500000.00,0.567051011E-07,1.60000002,1,4,1.00000000,0.00000000,288.000000,20.0000000,90.0000000,72.0000000,0.899999976,0.00000000,340.000000,520.000000,0.120000001E-01,0.109999999E-01,11.0000000,0.119999997,80.0000000,95000.0000,298.000000,0.120000001E-01,0.00000000,1.10000002,0.00000000,0.00000000,0.00000000,0.150000006,0.519999981,0.119999997,0.949999988,6.40000010,0.614925385,0.00000000,0.00000000,0.800000012,297.000000,0.00000000,0.00000000,0.00000000,7.50000000,2.00000000,1.00000000,4.00000000,0.00000000,3.25000000,0.250000000,0.00000000,-1.00000000,0.00000000,0.00000000,0.00000000,1.00000000,-999.000000,0.00000000,0.00000000,0.00000000,0.00000000,0.00000000,0.500000000,0.275000006,0.275000006,289.000000,0.00000000,0.00000000,0.00000000,0.00000000,0.00000000,0.304627657,0.519999981,0.119999997,0.949999988,6.40000010,0.851599038,0.985585432E-02,0.800000012,0.800000012,293.848358,-45.8797913,0.421834957E-04,105.458740,7.50506210,0.190407962,0.00000000,0.190407962,104.473991,3.25000000,0.00000000,0.144472271E-01,0.00000000,0.00000000,0.142414775E-01,0.159797128E-01,1.00000000,296.000000,23.3500061,814.802307,1455.00000,-1000.00000,0.00000000,0.00000000,0.274999321,0.274999321,289.000061,0.267777771,0.00000000
1,1,warm_forest_rain,9,60.0000000,1,F,T,0,0,T,17,15,0.199999996E-01,28,19,0,1004.50000,0.285714298,9.81000042,2500000.00,0.567051011E-07,3.00000000,1,4,1.00000000,0.00000000,288.000000,20.0000000,90.0000000,72.0000000,0.899999976,0.00000000,340.000000,520.000000,0.120000001E-01,0.109999999E-01,11.0000000,0.119999997,80.0000000,95000.0000,298.000000,0.120000001E-01,0.00000000,1.10000002,0.00000000,0.00000000,0.00000000,0.150000006,0.519999981,0.119999997,0.949999988,6.40000010,0.614925385,0.00000000,0.00000000,0.800000012,297.000000,0.00000000,0.00000000,0.00000000,7.50000000,2.00000000,1.00000000,4.00000000,0.00000000,3.25000000,0.250000000,0.00000000,-1.00000000,0.00000000,0.00000000,0.00000000,1.00000000,-999.000000,0.00000000,0.00000000,0.00000000,0.00000000,0.00000000,0.500000000,0.280000001,0.280000001,288.000000,0.00000000,0.00000000,0.00000000,0.00000000,0.00000000,0.304627657,0.519999981,0.119999997,0.949999988,6.40000010,0.851599038,0.985585432E-02,0.800000012,0.800000012,293.848358,-45.8797913,0.421834957E-04,105.458740,7.50506210,0.190407962,0.00000000,0.190407962,104.473991,3.25000000,0.00000000,0.144472271E-01,0.00000000,0.00000000,0.142414775E-01,0.159797128E-01,1.00000000,296.000000,23.3500061,814.802307,1455.00000,-1000.00000,0.00000000,0.00000000,0.280000001,0.280000001,288.000000,0.273333311,0.00000000
1,1,warm_grass_mixed,1,60.0000000,1,F,T,0,0,T,17,15,0.199999996E-01,28,19,0,1004.50000,0.285714298,9.81000042,2500000.00,0.567051011E-07,0.00000000,10,6,1.00000000,0.00000000,284.000000,15.0000000,85.0000000,55.0000000,1.20000005,0.349999994,300.000000,430.000000,0.140000004E-01,0.130000003E-01,13.0000000,0.189999998,80.0000000,95000.0000,274.500000,0.400000019E-02,0.999999975E-05,1.10000002,0.00000000,0.00000000,0.00000000,0.799999982E-01,0.699999988,0.189999998,0.920000017,2.90000010,0.946969688,0.00000000,0.00000000,0.750000030E-01,275.500000,0.00000000,0.00000000,0.00000000,7.50000000,2.00000000,1.00000000,4.00000000,0.00000000,3.25000000,0.250000000,-0.500000000,-1.00000000,0.00000000,0.00000000,0.00000000,1.00000000,-999.000000,0.00000000,0.00000000,0.00000000,0.00000000,0.00000000,0.500000000,0.300000012,0.300000012,275.000000,0.00000000,0.00000000,0.361359358,0.614556717E-02,0.451716669E-01,0.206207544,0.699999988,0.211608902,0.920000017,2.90000010,1.00000000,0.117258392E-01,0.750000030E-01,0.750000030E-01,275.519653,13.4059792,0.614718738E-05,15.4550400,7.50073719,0.251971066,0.00000000,0.251971066,-6.34147263,3.25000000,0.144338096E-01,0.474051805E-02,0.00000000,0.00000000,0.471815187E-02,0.478028366E-02,1.00000000,273.149994,0.00000000,975.846436,1353.00000,58.7999992,0.420000046,7.14285803,0.336862952,0.300000012,275.519653,0.277777761,0.00000000
1,1,warm_grass_mixed,2,60.0000000,1,F,T,0,0,T,17,15,0.199999996E-01,28,19,0,1004.50000,0.285714298,9.81000042,2500000.00,0.567051011E-07,0.999999978E-02,10,6,1.00000000,0.00000000,284.000000,15.0000000,85.0000000,55.0000000,1.20000005,0.349999994,300.000000,430.000000,0.140000004E-01,0.130000003E-01,13.0000000,0.189999998,80.0000000,95000.0000,274.500000,0.400000019E-02,0.999999975E-05,1.10000002,0.00000000,0.00000000,0.00000000,0.799999982E-01,0.699999988,0.189999998,0.920000017,2.90000010,0.946969688,0.00000000,0.00000000,0.750000030E-01,275.500000,0.00000000,0.00000000,0.00000000,7.50000000,2.00000000,1.00000000,4.00000000,0.00000000,3.25000000,0.250000000,-0.500000000,-1.00000000,0.00000000,0.00000000,0.00000000,1.00000000,-999.000000,0.00000000,0.00000000,0.00000000,0.00000000,0.00000000,0.500000000,0.304000020,0.304000020,275.600006,0.00000000,0.00000000,0.361359358,0.614556717E-02,0.451716669E-01,0.206207544,0.699999988,0.211608902,0.920000017,2.90000010,1.00000000,0.117258392E-01,0.750000030E-01,0.750000030E-01,275.519653,13.4059792,0.614718738E-05,15.4550400,7.50073719,0.251971066,0.00000000,0.251971066,-6.34147263,3.25000000,0.144338096E-01,0.474051805E-02,0.00000000,0.00000000,0.471815187E-02,0.478028366E-02,1.00000000,273.149994,0.00000000,975.846436,1353.00000,58.7999992,0.420000046,7.14285803,0.315572053,0.304000020,275.582947,0.282222211,0.00000000
1,1,warm_grass_mixed,3,60.0000000,1,F,T,0,0,T,17,15,0.199999996E-01,28,19,0,1004.50000,0.285714298,9.81000042,2500000.00,0.567051011E-07,0.399999991E-01,10,6,1.00000000,0.00000000,284.000000,15.0000000,85.0000000,55.0000000,1.20000005,0.349999994,300.000000,430.000000,0.140000004E-01,0.130000003E-01,13.0000000,0.189999998,80.0000000,95000.0000,274.500000,0.400000019E-02,0.999999975E-05,1.10000002,0.00000000,0.00000000,0.00000000,0.799999982E-01,0.699999988,0.189999998,0.920000017,2.90000010,0.946969688,0.00000000,0.00000000,0.750000030E-01,275.500000,0.00000000,0.00000000,0.00000000,7.50000000,2.00000000,1.00000000,4.00000000,0.00000000,3.25000000,0.250000000,-0.500000000,-1.00000000,0.00000000,0.00000000,0.00000000,1.00000000,-999.000000,0.00000000,0.00000000,0.00000000,0.00000000,0.00000000,0.500000000,0.307999998,0.307999998,276.200012,0.00000000,0.00000000,0.361359358,0.614556717E-02,0.451716669E-01,0.206207544,0.699999988,0.211608902,0.920000017,2.90000010,1.00000000,0.117258392E-01,0.750000030E-01,0.750000030E-01,275.519653,13.4059792,0.614718738E-05,15.4550400,7.50073719,0.251971066,0.00000000,0.251971066,-6.34147263,3.25000000,0.144338096E-01,0.474051805E-02,0.00000000,0.00000000,0.471815187E-02,0.478028366E-02,1.00000000,273.149994,0.00000000,975.846436,1353.00000,58.7999992,0.420000046,7.14285803,0.308846772,0.307999998,276.190948,0.286666632,0.00000000
1,1,warm_grass_mixed,4,60.0000000,1,F,T,0,0,T,17,15,0.199999996E-01,28,19,0,1004.50000,0.285714298,9.81000042,2500000.00,0.567051011E-07,0.100000001,10,6,1.00000000,0.00000000,284.000000,15.0000000,85.0000000,55.0000000,1.20000005,0.349999994,300.000000,430.000000,0.140000004E-01,0.130000003E-01,13.0000000,0.189999998,80.0000000,95000.0000,274.500000,0.400000019E-02,0.999999975E-05,1.10000002,0.00000000,0.00000000,0.00000000,0.799999982E-01,0.699999988,0.189999998,0.920000017,2.90000010,0.946969688,0.00000000,0.00000000,0.750000030E-01,275.500000,0.00000000,0.00000000,0.00000000,7.50000000,2.00000000,1.00000000,4.00000000,0.00000000,3.25000000,0.250000000,-0.500000000,-1.00000000,0.00000000,0.00000000,0.00000000,1.00000000,-999.000000,0.00000000,0.00000000,0.00000000,0.00000000,0.00000000,0.500000000,0.312000006,0.312000006,276.799988,0.00000000,0.00000000,0.361359358,0.614556717E-02,0.451716669E-01,0.206207544,0.699999988,0.211608902,0.920000017,2.90000010,1.00000000,0.117258392E-01,0.750000030E-01,0.750000030E-01,275.519653,13.4059792,0.614718738E-05,15.4550400,7.50073719,0.251971066,0.00000000,0.251971066,-6.34147263,3.25000000,0.144338096E-01,0.474051805E-02,0.00000000,0.00000000,0.471815187E-02,0.478028366E-02,1.00000000,273.149994,0.00000000,975.846436,1353.00000,58.7999992,0.420000046,7.14285803,0.311965436,0.311965436,276.797821,0.291111112,0.00000000
1,1,warm_grass_mixed,5,60.0000000,1,F,T,0,0,T,17,15,0.199999996E-01,28,19,0,1004.50000,0.285714298,9.81000042,2500000.00,0.567051011E-07,0.300000012,10,6,1.00000000,0.00000000,284.000000,15.0000000,85.0000000,55.0000000,1.20000005,0.349999994,300.000000,430.000000,0.140000004E-01,0.130000003E-01,13.0000000,0.189999998,80.0000000,95000.0000,274.500000,0.400000019E-02,0.999999975E-05,1.10000002,0.00000000,0.00000000,0.00000000,0.799999982E-01,0.699999988,0.189999998,0.920000017,2.90000010,0.946969688,0.00000000,0.00000000,0.750000030E-01,275.500000,0.00000000,0.00000000,0.00000000,7.50000000,2.00000000,1.00000000,4.00000000,0.00000000,3.25000000,0.250000000,-0.500000000,-1.00000000,0.00000000,0.00000000,0.00000000,1.00000000,-999.000000,0.00000000,0.00000000,0.00000000,0.00000000,0.00000000,0.500000000,0.316000015,0.316000015,277.399994,0.00000000,0.00000000,0.361359358,0.614556717E-02,0.451716669E-01,0.206207544,0.699999988,0.211608902,0.920000017,2.90000010,1.00000000,0.117258392E-01,0.750000030E-01,0.750000030E-01,275.519653,13.4059792,0.614718738E-05,15.4550400,7.50073719,0.251971066,0.00000000,0.251971066,-6.34147263,3.25000000,0.144338096E-01,0.474051805E-02,0.00000000,0.00000000,0.471815187E-02,0.478028366E-02,1.00000000,273.149994,0.00000000,975.846436,1353.00000,58.7999992,0.420000046,7.14285803,0.315996170,0.315996170,277.399780,0.295555532,0.00000000
1,1,warm_grass_mixed,6,60.0000000,1,F,T,0,0,T,17,15,0.199999996E-01,28,19,0,1004.50000,0.285714298,9.81000042,2500000.00,0.567051011E-07,0.600000024,10,6,1.00000000,0.00000000,284.000000,15.0000000,85.0000000,55.0000000,1.20000005,0.349999994,300.000000,430.000000,0.140000004E-01,0.130000003E-01,13.0000000,0.189999998,80.0000000,95000.0000,274.500000,0.400000019E-02,0.999999975E-05,1.10000002,0.00000000,0.00000000,0.00000000,0.799999982E-01,0.699999988,0.189999998,0.920000017,2.90000010,0.946969688,0.00000000,0.00000000,0.750000030E-01,275.500000,0.00000000,0.00000000,0.00000000,7.50000000,2.00000000,1.00000000,4.00000000,0.00000000,3.25000000,0.250000000,-0.500000000,-1.00000000,0.00000000,0.00000000,0.00000000,1.00000000,-999.000000,0.00000000,0.00000000,0.00000000,0.00000000,0.00000000,0.500000000,0.320000023,0.320000023,278.000000,0.00000000,0.00000000,0.361359358,0.614556717E-02,0.451716669E-01,0.206207544,0.699999988,0.211608902,0.920000017,2.90000010,1.00000000,0.117258392E-01,0.750000030E-01,0.750000030E-01,275.519653,13.4059792,0.614718738E-05,15.4550400,7.50073719,0.251971066,0.00000000,0.251971066,-6.34147263,3.25000000,0.144338096E-01,0.474051805E-02,0.00000000,0.00000000,0.471815187E-02,0.478028366E-02,1.00000000,273.149994,0.00000000,975.846436,1353.00000,58.7999992,0.420000046,7.14285803,0.319998562,0.319998562,277.999939,0.300000042,0.00000000
1,1,warm_grass_mixed,7,60.0000000,1,F,T,0,0,T,17,15,0.199999996E-01,28,19,0,1004.50000,0.285714298,9.81000042,2500000.00,0.567051011E-07,1.00000000,10,6,1.00000000,0.00000000,284.000000,15.0000000,85.0000000,55.0000000,1.20000005,0.349999994,300.000000,430.000000,0.140000004E-01,0.130000003E-01,13.0000000,0.189999998,80.0000000,95000.0000,274.500000,0.400000019E-02,0.999999975E-05,1.10000002,0.00000000,0.00000000,0.00000000,0.799999982E-01,0.699999988,0.189999998,0.920000017,2.90000010,0.946969688,0.00000000,0.00000000,0.750000030E-01,275.500000,0.00000000,0.00000000,0.00000000,7.50000000,2.00000000,1.00000000,4.00000000,0.00000000,3.25000000,0.250000000,-0.500000000,-1.00000000,0.00000000,0.00000000,0.00000000,1.00000000,-999.000000,0.00000000,0.00000000,0.00000000,0.00000000,0.00000000,0.500000000,0.324000001,0.324000001,278.600006,0.00000000,0.00000000,0.361359358,0.614556717E-02,0.451716669E-01,0.206207544,0.699999988,0.211608902,0.920000017,2.90000010,1.00000000,0.117258392E-01,0.750000030E-01,0.750000030E-01,275.519653,13.4059792,0.614718738E-05,15.4550400,7.50073719,0.251971066,0.00000000,0.251971066,-6.34147263,3.25000000,0.144338096E-01,0.474051805E-02,0.00000000,0.00000000,0.471815187E-02,0.478028366E-02,1.00000000,273.149994,0.00000000,975.846436,1353.00000,58.7999992,0.420000046,7.14285803,0.323998749,0.323998749,278.600037,0.304444432,0.00000000
1,1,warm_grass_mixed,8,60.0000000,1,F,T,0,0,T,17,15,0.199999996E-01,28,19,0,1004.50000,0.285714298,9.81000042,2500000.00,0.567051011E-07,1.60000002,10,6,1.00000000,0.00000000,284.000000,15.0000000,85.0000000,55.0000000,1.20000005,0.349999994,300.000000,430.000000,0.140000004E-01,0.130000003E-01,13.0000000,0.189999998,80.0000000,95000.0000,274.500000,0.400000019E-02,0.999999975E-05,1.10000002,0.00000000,0.00000000,0.00000000,0.799999982E-01,0.699999988,0.189999998,0.920000017,2.90000010,0.946969688,0.00000000,0.00000000,0.750000030E-01,275.500000,0.00000000,0.00000000,0.00000000,7.50000000,2.00000000,1.00000000,4.00000000,0.00000000,3.25000000,0.250000000,-0.500000000,-1.00000000,0.00000000,0.00000000,0.00000000,1.00000000,-999.000000,0.00000000,0.00000000,0.00000000,0.00000000,0.00000000,0.500000000,0.328000009,0.328000009,279.200012,0.00000000,0.00000000,0.361359358,0.614556717E-02,0.451716669E-01,0.206207544,0.699999988,0.211608902,0.920000017,2.90000010,1.00000000,0.117258392E-01,0.750000030E-01,0.750000030E-01,275.519653,13.4059792,0.614718738E-05,15.4550400,7.50073719,0.251971066,0.00000000,0.251971066,-6.34147263,3.25000000,0.144338096E-01,0.474051805E-02,0.00000000,0.00000000,0.471815187E-02,0.478028366E-02,1.00000000,273.149994,0.00000000,975.846436,1353.00000,58.7999992,0.420000046,7.14285803,0.327999145,0.327999145,279.199982,0.308888912,0.00000000
1,1,warm_grass_mixed,9,60.0000000,1,F,T,0,0,T,17,15,0.199999996E-01,28,19,0,1004.50000,0.285714298,9.81000042,2500000.00,0.567051011E-07,3.00000000,10,6,1.00000000,0.00000000,284.000000,15.0000000,85.0000000,55.0000000,1.20000005,0.349999994,300.000000,430.000000,0.140000004E-01,0.130000003E-01,13.0000000,0.189999998,80.0000000,95000.0000,274.500000,0.400000019E-02,0.999999975E-05,1.10000002,0.00000000,0.00000000,0.00000000,0.799999982E-01,0.699999988,0.189999998,0.920000017,2.90000010,0.946969688,0.00000000,0.00000000,0.750000030E-01,275.500000,0.00000000,0.00000000,0.00000000,7.50000000,2.00000000,1.00000000,4.00000000,0.00000000,3.25000000,0.250000000,-0.500000000,-1.00000000,0.00000000,0.00000000,0.00000000,1.00000000,-999.000000,0.00000000,0.00000000,0.00000000,0.00000000,0.00000000,0.500000000,0.332000017,0.332000017,279.799988,0.00000000,0.00000000,0.361359358,0.614556717E-02,0.451716669E-01,0.206207544,0.699999988,0.211608902,0.920000017,2.90000010,1.00000000,0.117258392E-01,0.750000030E-01,0.750000030E-01,275.519653,13.4059792,0.614718738E-05,15.4550400,7.50073719,0.251971066,0.00000000,0.251971066,-6.34147263,3.25000000,0.144338096E-01,0.474051805E-02,0.00000000,0.00000000,0.471815187E-02,0.478028366E-02,1.00000000,273.149994,0.00000000,975.846436,1353.00000,58.7999992,0.420000046,7.14285803,0.332000017,0.332000017,284.000000,0.313333333,0.00000000
1,1,cold_crop_snowfall,1,60.0000000,1,F,T,0,0,T,17,15,0.199999996E-01,28,19,0,1004.50000,0.285714298,9.81000042,2500000.00,0.567051011E-07,0.00000000,12,3,1.00000000,0.00000000,278.000000,10.0000000,95.0000000,88.0000000,0.800000012,1.00000000,250.000000,150.000000,0.800000038E-02,0.700000022E-02,7.00000000,0.180000007,80.0000000,95000.0000,268.000000,0.219999999E-02,0.199999995E-04,1.10000002,12.0000000,0.599999987E-01,0.699999988,0.119999997,0.660000026,0.180000007,0.935000002,5.67999983,0.668269217,0.00000000,0.00000000,0.200000003,267.000000,0.00000000,0.00000000,0.00000000,7.50000000,2.00000000,1.00000000,4.00000000,0.00000000,3.25000000,0.250000000,0.00000000,0.500000000,0.00000000,0.00000000,0.00000000,1.00000000,-999.000000,0.00000000,0.00000000,0.00000000,0.00000000,0.00000000,0.500000000,0.180000007,0.848345384E-01,268.000000,0.105739407,0.00000000,12.6342831,0.658826157E-01,0.230477199,0.285705715,0.660000026,0.284772635,0.945371509,5.67999983,0.744882405,0.632344233E-02,0.189705878,0.189705878,266.504913,-10.6005383,0.259469914E-06,0.649011254,7.50003147,0.00000000,0.00000000,0.00000000,218.072250,3.25000000,0.00000000,0.225501158E-02,0.00000000,0.00000000,0.224993797E-02,0.228218082E-02,1.00000000,268.118988,-6.04534912,653.100220,1305.00000,68.3138199,0.800000012,11.7106619,0.180042595,0.817948282E-01,266.972473,0.105739400,0.00000000
1,1,cold_crop_snowfall,2,60.0000000,1,F,T,0,0,T,17,15,0.199999996E-01,28,19,0,1004.50000,0.285714298,9.81000042,2500000.00,0.567051011E-07,0.999999978E-02,12,3,1.00000000,0.00000000,278.000000,10.0000000,95.0000000,88.0000000,0.800000012,1.00000000,250.000000,150.000000,0.800000038E-02,0.700000022E-02,7.00000000,0.180000007,80.0000000,95000.0000,268.000000,0.219999999E-02,0.199999995E-04,1.10000002,12.0000000,0.599999987E-01,0.699999988,0.119999997,0.660000026,0.180000007,0.935000002,5.67999983,0.668269217,0.00000000,0.00000000,0.200000003,267.000000,0.00000000,0.00000000,0.00000000,7.50000000,2.00000000,1.00000000,4.00000000,0.00000000,3.25000000,0.250000000,0.00000000,0.500000000,0.00000000,0.00000000,0.00000000,1.00000000,-999.000000,0.00000000,0.00000000,0.00000000,0.00000000,0.00000000,0.500000000,0.186000004,0.882864222E-01,268.899994,0.108570643,0.00000000,12.6342831,0.658826157E-01,0.230477199,0.285705715,0.660000026,0.284772635,0.945371509,5.67999983,0.744882405,0.632344233E-02,0.189705878,0.189705878,266.504913,-10.6005383,0.259469914E-06,0.649011254,7.50003147,0.00000000,0.00000000,0.00000000,218.072250,3.25000000,0.00000000,0.225501158E-02,0.00000000,0.00000000,0.224993797E-02,0.228218082E-02,1.00000000,268.118988,-6.04534912,653.100220,1305.00000,68.3138199,0.800000012,11.7106619,0.185994685,0.876001418E-01,268.736755,0.108570650,0.00000000
1,1,cold_crop_snowfall,3,60.0000000,1,F,T,0,0,T,17,15,0.199999996E-01,28,19,0,1004.50000,0.285714298,9.81000042,2500000.00,0.567051011E-07,0.399999991E-01,12,3,1.00000000,0.00000000,278.000000,10.0000000,95.0000000,88.0000000,0.800000012,1.00000000,250.000000,150.000000,0.800000038E-02,0.700000022E-02,7.00000000,0.180000007,80.0000000,95000.0000,268.000000,0.219999999E-02,0.199999995E-04,1.10000002,12.0000000,0.599999987E-01,0.699999988,0.119999997,0.660000026,0.180000007,0.935000002,5.67999983,0.668269217,0.00000000,0.00000000,0.200000003,267.000000,0.00000000,0.00000000,0.00000000,7.50000000,2.00000000,1.00000000,4.00000000,0.00000000,3.25000000,0.250000000,0.00000000,0.500000000,0.00000000,0.00000000,0.00000000,1.00000000,-999.000000,0.00000000,0.00000000,0.00000000,0.00000000,0.00000000,0.500000000,0.192000002,0.927428678E-01,269.799988,0.110285699,0.00000000,12.6342831,0.658826157E-01,0.230477199,0.285705715,0.660000026,0.284772635,0.945371509,5.67999983,0.744882405,0.632344233E-02,0.189705878,0.189705878,266.504913,-10.6005383,0.259469914E-06,0.649011254,7.50003147,0.00000000,0.00000000,0.00000000,218.072250,3.25000000,0.00000000,0.225501158E-02,0.00000000,0.00000000,0.224993797E-02,0.228218082E-02,1.00000000,268.118988,-6.04534912,653.100220,1305.00000,68.3138199,0.800000012,11.7106619,0.191999495,0.926725119E-01,269.787659,0.110285684,0.00000000
1,1,cold_crop_snowfall,4,60.0000000,1,F,T,0,0,T,17,15,0.199999996E-01,28,19,0,1004.50000,0.285714298,9.81000042,2500000.00,0.567051011E-07,0.100000001,12,3,1.00000000,0.00000000,278.000000,10.0000000,95.0000000,88.0000000,0.800000012,1.00000000,250.000000,150.000000,0.800000038E-02,0.700000022E-02,7.00000000,0.180000007,80.0000000,95000.0000,268.000000,0.219999999E-02,0.199999995E-04,1.10000002,12.0000000,0.599999987E-01,0.699999988,0.119999997,0.660000026,0.180000007,0.935000002,5.67999983,0.668269217,0.00000000,0.00000000,0.200000003,267.000000,0.00000000,0.00000000,0.00000000,7.50000000,2.00000000,1.00000000,4.00000000,0.00000000,3.25000000,0.250000000,0.00000000,0.500000000,0.00000000,0.00000000,0.00000000,1.00000000,-999.000000,0.00000000,0.00000000,0.00000000,0.00000000,0.00000000,0.500000000,0.198000014,0.989251882E-01,270.700012,0.110083133,0.00000000,12.6342831,0.658826157E-01,0.230477199,0.285705715,0.660000026,0.284772635,0.945371509,5.67999983,0.744882405,0.632344233E-02,0.189705878,0.189705878,266.504913,-10.6005383,0.259469914E-06,0.649011254,7.50003147,0.00000000,0.00000000,0.00000000,218.072250,3.25000000,0.00000000,0.225501158E-02,0.00000000,0.00000000,0.224993797E-02,0.228218082E-02,1.00000000,268.118988,-6.04534912,653.100220,1305.00000,68.3138199,0.800000012,11.7106619,0.197999686,0.989076793E-01,270.697906,0.110083126,0.00000000
1,1,cold_crop_snowfall,5,60.0000000,1,F,T,0,0,T,17,15,0.199999996E-01,28,19,0,1004.50000,0.285714298,9.81000042,2500000.00,0.567051011E-07,0.300000012,12,3,1.00000000,0.00000000,278.000000,10.0000000,95.0000000,88.0000000,0.800000012,1.00000000,250.000000,150.000000,0.800000038E-02,0.700000022E-02,7.00000000,0.180000007,80.0000000,95000.0000,268.000000,0.219999999E-02,0.199999995E-04,1.10000002,12.0000000,0.599999987E-01,0.699999988,0.119999997,0.660000026,0.180000007,0.935000002,5.67999983,0.668269217,0.00000000,0.00000000,0.200000003,267.000000,0.00000000,0.00000000,0.00000000,7.50000000,2.00000000,1.00000000,4.00000000,0.00000000,3.25000000,0.250000000,0.00000000,0.500000000,0.00000000,0.00000000,0.00000000,1.00000000,-999.000000,0.00000000,0.00000000,0.00000000,0.00000000,0.00000000,0.500000000,0.204000011,0.108687483,271.600006,0.105902806,0.00000000,12.6342831,0.658826157E-01,0.230477199,0.285705715,0.660000026,0.284772635,0.945371509,5.67999983,0.744882405,0.632344233E-02,0.189705878,0.189705878,266.504913,-10.6005383,0.259469914E-06,0.649011254,7.50003147,0.00000000,0.00000000,0.00000000,218.072250,3.25000000,0.00000000,0.225501158E-02,0.00000000,0.00000000,0.224993797E-02,0.228218082E-02,1.00000000,268.118988,-6.04534912,653.100220,1305.00000,68.3138199,0.800000012,11.7106619,0.204000086,0.108684406,271.599792,0.105902813,0.00000000
1,1,cold_crop_snowfall,6,60.0000000,1,F,T,0,0,T,17,15,0.199999996E-01,28,19,0,1004.50000,0.285714298,9.81000042,2500000.00,0.567051011E-07,0.600000024,12,3,1.00000000,0.00000000,278.000000,10.0000000,95.0000000,88.0000000,0.800000012,1.00000000,250.000000,150.000000,0.800000038E-02,0.700000022E-02,7.00000000,0.180000007,80.0000000,95000.0000,268.000000,0.219999999E-02,0.199999995E-04,1.10000002,12.0000000,0.599999987E-01,0.699999988,0.119999997,0.660000026,0.180000007,0.935000002,5.67999983,0.668269217,0.00000000,0.00000000,0.200000003,267.000000,0.00000000,0.00000000,0.00000000,7.50000000,2.00000000,1.00000000,4.00000000,0.00000000,3.25000000,0.250000000,0.00000000,0.500000000,0.00000000,0.00000000,0.00000000,1.00000000,-999.000000,0.00000000,0.00000000,0.00000000,0.00000000,0.00000000,0.500000000,0.210000008,0.129866466,272.500000,0.890372694E-01,0.00000000,12.6342831,0.658826157E-01,0.230477199,0.285705715,0.660000026,0.284772635,0.945371509,5.67999983,0.744882405,0.632344233E-02,0.189705878,0.189705878,266.504913,-10.6005383,0.259469914E-06,0.649011254,7.50003147,0.00000000,0.00000000,0.00000000,218.072250,3.25000000,0.00000000,0.225501158E-02,0.00000000,0.00000000,0.224993797E-02,0.228218082E-02,1.00000000,268.118988,-6.04534912,653.100220,1305.00000,68.3138199,0.800000012,11.7106619,0.210000515,0.129865229,272.499969,0.890372545E-01,0.00000000
1,1,cold_crop_snowfall,7,60.0000000,1,F,T,0,0,T,17,15,0.199999996E-01,28,19,0,1004.50000,0.285714298,9.81000042,2500000.00,0.567051011E-07,1.00000000,12,3,1.00000000,0.00000000,278.000000,10.0000000,95.0000000,88.0000000,0.800000012,1.00000000,250.000000,150.000000,0.800000038E-02,0.700000022E-02,7.00000000,0.180000007,80.0000000,95000.0000,268.000000,0.219999999E-02,0.199999995E-04,1.10000002,12.0000000,0.599999987E-01,0.699999988,0.119999997,0.660000026,0.180000007,0.935000002,5.67999983,0.668269217,0.00000000,0.00000000,0.200000003,267.000000,0.00000000,0.00000000,0.00000000,7.50000000,2.00000000,1.00000000,4.00000000,0.00000000,3.25000000,0.250000000,0.00000000,0.500000000,0.00000000,0.00000000,0.00000000,1.00000000,-999.000000,0.00000000,0.00000000,0.00000000,0.00000000,0.00000000,0.500000000,0.216000006,0.216000006,273.399994,0.00000000,0.00000000,12.6342831,0.658826157E-01,0.230477199,0.285705715,0.660000026,0.284772635,0.945371509,5.67999983,0.744882405,0.632344233E-02,0.189705878,0.189705878,266.504913,-10.6005383,0.259469914E-06,0.649011254,7.50003147,0.00000000,0.00000000,0.00000000,218.072250,3.25000000,0.00000000,0.225501158E-02,0.00000000,0.00000000,0.224993797E-02,0.228218082E-02,1.00000000,268.118988,-6.04534912,653.100220,1305.00000,68.3138199,0.800000012,11.7106619,0.216000378,0.216000021,273.400116,0.194444448,0.00000000
1,1,cold_crop_snowfall,8,60.0000000,1,F,T,0,0,T,17,15,0.199999996E-01,28,19,0,1004.50000,0.285714298,9.81000042,2500000.00,0.567051011E-07,1.60000002,12,3,1.00000000,0.00000000,278.000000,10.0000000,95.0000000,88.0000000,0.800000012,1.00000000,250.000000,150.000000,0.800000038E-02,0.700000022E-02,7.00000000,0.180000007,80.0000000,95000.0000,268.000000,0.219999999E-02,0.199999995E-04,1.10000002,12.0000000,0.599999987E-01,0.699999988,0.119999997,0.660000026,0.180000007,0.935000002,5.67999983,0.668269217,0.00000000,0.00000000,0.200000003,267.000000,0.00000000,0.00000000,0.00000000,7.50000000,2.00000000,1.00000000,4.00000000,0.00000000,3.25000000,0.250000000,0.00000000,0.500000000,0.00000000,0.00000000,0.00000000,1.00000000,-999.000000,0.00000000,0.00000000,0.00000000,0.00000000,0.00000000,0.500000000,0.222000003,0.222000003,274.299988,0.00000000,0.00000000,12.6342831,0.658826157E-01,0.230477199,0.285705715,0.660000026,0.284772635,0.945371509,5.67999983,0.744882405,0.632344233E-02,0.189705878,0.189705878,266.504913,-10.6005383,0.259469914E-06,0.649011254,7.50003147,0.00000000,0.00000000,0.00000000,218.072250,3.25000000,0.00000000,0.225501158E-02,0.00000000,0.00000000,0.224993797E-02,0.228218082E-02,1.00000000,268.118988,-6.04534912,653.100220,1305.00000,68.3138199,0.800000012,11.7106619,0.221999764,0.221999764,274.299957,0.201111093,0.00000000
1,1,cold_crop_snowfall,9,60.0000000,1,F,T,0,0,T,17,15,0.199999996E-01,28,19,0,1004.50000,0.285714298,9.81000042,2500000.00,0.567051011E-07,3.00000000,12,3,1.00000000,0.00000000,278.000000,10.0000000,95.0000000,88.0000000,0.800000012,1.00000000,250.000000,150.000000,0.800000038E-02,0.700000022E-02,7.00000000,0.180000007,80.0000000,95000.0000,268.000000,0.219999999E-02,0.199999995E-04,1.10000002,12.0000000,0.599999987E-01,0.699999988,0.119999997,0.660000026,0.180000007,0.935000002,5.67999983,0.668269217,0.00000000,0.00000000,0.200000003,267.000000,0.00000000,0.00000000,0.00000000,7.50000000,2.00000000,1.00000000,4.00000000,0.00000000,3.25000000,0.250000000,0.00000000,0.500000000,0.00000000,0.00000000,0.00000000,1.00000000,-999.000000,0.00000000,0.00000000,0.00000000,0.00000000,0.00000000,0.500000000,0.228000015,0.228000015,275.200012,0.00000000,0.00000000,12.6342831,0.658826157E-01,0.230477199,0.285705715,0.660000026,0.284772635,0.945371509,5.67999983,0.744882405,0.632344233E-02,0.189705878,0.189705878,266.504913,-10.6005383,0.259469914E-06,0.649011254,7.50003147,0.00000000,0.00000000,0.00000000,218.072250,3.25000000,0.00000000,0.225501158E-02,0.00000000,0.00000000,0.224993797E-02,0.228218082E-02,1.00000000,268.118988,-6.04534912,653.100220,1305.00000,68.3138199,0.800000012,11.7106619,0.228000015,0.228000015,278.000000,0.207777783,0.00000000
1,1,deep_pack_forest,1,60.0000000,1,F,T,0,0,T,17,15,0.199999996E-01,28,19,0,1004.50000,0.285714298,9.81000042,2500000.00,0.567051011E-07,0.00000000,2,8,1.00000000,0.00000000,276.000000,30.0000000,95.0000000,92.0000000,0.00000000,0.00000000,235.000000,110.000000,0.600000005E-02,0.499999989E-02,5.00000000,0.119999997,80.0000000,95000.0000,263.000000,0.139999995E-02,0.00000000,1.10000002,140.000000,0.449999988,1.00000000,0.500000007E-01,0.349999994,0.119999997,0.949999988,6.48000002,0.909090996,0.00000000,0.00000000,0.800000012,262.000000,0.00000000,0.00000000,0.00000000,7.50000000,2.00000000,1.00000000,4.00000000,0.00000000,3.25000000,0.250000000,0.200000003,-1.00000000,0.00000000,0.00000000,0.00000000,1.00000000,-999.000000,0.00000000,0.00000000,0.00000000,0.00000000,0.00000000,0.500000000,0.330000013,0.165224731,263.000000,0.183083639,0.00000000,139.999954,0.449999839,0.640738606,0.499889702E-01,0.349999994,0.267369866,0.969222188,6.48000002,0.967528343,0.451977644E-02,0.800000012,0.800000012,262.076233,-4.68143320,0.246859599E-06,0.663609385,7.50002956,0.00000000,0.00000000,0.00000000,94.7407990,3.25000000,0.00000000,0.153943512E-02,0.00000000,0.00000000,0.153706886E-02,0.154532655E-02,1.00000000,262.499634,-10.5278625,1046.55005,1431.00000,-1000.00000,0.00000000,0.00000000,0.330156356,0.164991543,262.883423,0.183083639,1.00000000
1,1,deep_pack_forest,2,60.0000000,1,F,T,0,0,T,17,15,0.199999996E-01,28,19,0,1004.50000,0.285714298,9.81000042,2500000.00,0.567051011E-07,0.999999978E-02,2,8,1.00000000,0.00000000,276.000000,30.0000000,95.0000000,92.0000000,0.00000000,0.00000000,235.000000,110.000000,0.600000005E-02,0.499999989E-02,5.00000000,0.119999997,80.0000000,95000.0000,263.000000,0.139999995E-02,0.00000000,1.10000002,140.000000,0.449999988,1.00000000,0.500000007E-01,0.349999994,0.119999997,0.949999988,6.48000002,0.909090996,0.00000000,0.00000000,0.800000012,262.000000,0.00000000,0.00000000,0.00000000,7.50000000,2.00000000,1.00000000,4.00000000,0.00000000,3.25000000,0.250000000,0.200000003,-1.00000000,0.00000000,0.00000000,0.00000000,1.00000000,-999.000000,0.00000000,0.00000000,0.00000000,0.00000000,0.00000000,0.500000000,0.333000004,0.168027729,264.200012,0.183302522,0.00000000,139.999954,0.449999839,0.640738606,0.499889702E-01,0.349999994,0.267369866,0.969222188,6.48000002,0.967528343,0.451977644E-02,0.800000012,0.800000012,262.076233,-4.68143320,0.246859599E-06,0.663609385,7.50002956,0.00000000,0.00000000,0.00000000,94.7407990,3.25000000,0.00000000,0.153943512E-02,0.00000000,0.00000000,0.153706886E-02,0.154532655E-02,1.00000000,262.499634,-10.5278625,1046.55005,1431.00000,-1000.00000,0.00000000,0.00000000,0.332977712,0.167664453,264.053589,0.183302522,0.00000000
1,1,deep_pack_forest,3,60.0000000,1,F,T,0,0,T,17,15,0.199999996E-01,28,19,0,1004.50000,0.285714298,9.81000042,2500000.00,0.567051011E-07,0.399999991E-01,2,8,1.00000000,0.00000000,276.000000,30.0000000,95.0000000,92.0000000,0.00000000,0.00000000,235.000000,110.000000,0.600000005E-02,0.499999989E-02,5.00000000,0.119999997,80.0000000,95000.0000,263.000000,0.139999995E-02,0.00000000,1.10000002,140.000000,0.449999988,1.00000000,0.500000007E-01,0.349999994,0.119999997,0.949999988,6.48000002,0.909090996,0.00000000,0.00000000,0.800000012,262.000000,0.00000000,0.00000000,0.00000000,7.50000000,2.00000000,1.00000000,4.00000000,0.00000000,3.25000000,0.250000000,0.200000003,-1.00000000,0.00000000,0.00000000,0.00000000,1.00000000,-999.000000,0.00000000,0.00000000,0.00000000,0.00000000,0.00000000,0.500000000,0.336000025,0.171278179,265.399994,0.183024272,0.00000000,139.999954,0.449999839,0.640738606,0.499889702E-01,0.349999994,0.267369866,0.969222188,6.48000002,0.967528343,0.451977644E-02,0.800000012,0.800000012,262.076233,-4.68143320,0.246859599E-06,0.663609385,7.50002956,0.00000000,0.00000000,0.00000000,94.7407990,3.25000000,0.00000000,0.153943512E-02,0.00000000,0.00000000,0.153706886E-02,0.154532655E-02,1.00000000,262.499634,-10.5278625,1046.55005,1431.00000,-1000.00000,0.00000000,0.00000000,0.335997105,0.171224356,265.381622,0.183024272,0.00000000
1,1,deep_pack_forest,4,60.0000000,1,F,T,0,0,T,17,15,0.199999996E-01,28,19,0,1004.50000,0.285714298,9.81000042,2500000.00,0.567051011E-07,0.100000001,2,8,1.00000000,0.00000000,276.000000,30.0000000,95.0000000,92.0000000,0.00000000,0.00000000,235.000000,110.000000,0.600000005E-02,0.499999989E-02,5.00000000,0.119999997,80.0000000,95000.0000,263.000000,0.139999995E-02,0.00000000,1.10000002,140.000000,0.449999988,1.00000000,0.500000007E-01,0.349999994,0.119999997,0.949999988,6.48000002,0.909090996,0.00000000,0.00000000,0.800000012,262.000000,0.00000000,0.00000000,0.00000000,7.50000000,2.00000000,1.00000000,4.00000000,0.00000000,3.25000000,0.250000000,0.200000003,-1.00000000,0.00000000,0.00000000,0.00000000,1.00000000,-999.000000,0.00000000,0.00000000,0.00000000,0.00000000,0.00000000,0.500000000,0.339000016,0.175138697,266.600006,0.182068124,0.00000000,139.999954,0.449999839,0.640738606,0.499889702E-01,0.349999994,0.267369866,0.969222188,6.48000002,0.967528343,0.451977644E-02,0.800000012,0.800000012,262.076233,-4.68143320,0.246859599E-06,0.663609385,7.50002956,0.00000000,0.00000000,0.00000000,94.7407990,3.25000000,0.00000000,0.153943512E-02,0.00000000,0.00000000,0.153706886E-02,0.154532655E-02,1.00000000,262.499634,-10.5278625,1046.55005,1431.00000,-1000.00000,0.00000000,0.00000000,0.338999003,0.175125599,266.596313,0.182068124,0.00000000
1,1,deep_pack_forest,5,60.0000000,1,F,T,0,0,T,17,15,0.199999996E-01,28,19,0,1004.50000,0.285714298,9.81000042,2500000.00,0.567051011E-07,0.300000012,2,8,1.00000000,0.00000000,276.000000,30.0000000,95.0000000,92.0000000,0.00000000,0.00000000,235.000000,110.000000,0.600000005E-02,0.499999989E-02,5.00000000,0.119999997,80.0000000,95000.0000,263.000000,0.139999995E-02,0.00000000,1.10000002,140.000000,0.449999988,1.00000000,0.500000007E-01,0.349999994,0.119999997,0.949999988,6.48000002,0.909090996,0.00000000,0.00000000,0.800000012,262.000000,0.00000000,0.00000000,0.00000000,7.50000000,2.00000000,1.00000000,4.00000000,0.00000000,3.25000000,0.250000000,0.200000003,-1.00000000,0.00000000,0.00000000,0.00000000,1.00000000,-999.000000,0.00000000,0.00000000,0.00000000,0.00000000,0.00000000,0.500000000,0.342000008,0.179876298,267.799988,0.180137455,0.00000000,139.999954,0.449999839,0.640738606,0.499889702E-01,0.349999994,0.267369866,0.969222188,6.48000002,0.967528343,0.451977644E-02,0.800000012,0.800000012,262.076233,-4.68143320,0.246859599E-06,0.663609385,7.50002956,0.00000000,0.00000000,0.00000000,94.7407990,3.25000000,0.00000000,0.153943512E-02,0.00000000,0.00000000,0.153706886E-02,0.154532655E-02,1.00000000,262.499634,-10.5278625,1046.55005,1431.00000,-1000.00000,0.00000000,0.00000000,0.341999948,0.179874942,267.799683,0.180137455,0.00000000
1,1,deep_pack_forest,6,60.0000000,1,F,T,0,0,T,17,15,0.199999996E-01,28,19,0,1004.50000,0.285714298,9.81000042,2500000.00,0.567051011E-07,0.600000024,2,8,1.00000000,0.00000000,276.000000,30.0000000,95.0000000,92.0000000,0.00000000,0.00000000,235.000000,110.000000,0.600000005E-02,0.499999989E-02,5.00000000,0.119999997,80.0000000,95000.0000,263.000000,0.139999995E-02,0.00000000,1.10000002,140.000000,0.449999988,1.00000000,0.500000007E-01,0.349999994,0.119999997,0.949999988,6.48000002,0.909090996,0.00000000,0.00000000,0.800000012,262.000000,0.00000000,0.00000000,0.00000000,7.50000000,2.00000000,1.00000000,4.00000000,0.00000000,3.25000000,0.250000000,0.200000003,-1.00000000,0.00000000,0.00000000,0.00000000,1.00000000,-999.000000,0.00000000,0.00000000,0.00000000,0.00000000,0.00000000,0.500000000,0.345000029,0.185976312,269.000000,0.176693007,0.00000000,139.999954,0.449999839,0.640738606,0.499889702E-01,0.349999994,0.267369866,0.969222188,6.48000002,0.967528343,0.451977644E-02,0.800000012,0.800000012,262.076233,-4.68143320,0.246859599E-06,0.663609385,7.50002956,0.00000000,0.00000000,0.00000000,94.7407990,3.25000000,0.00000000,0.153943512E-02,0.00000000,0.00000000,0.153706886E-02,0.154532655E-02,1.00000000,262.499634,-10.5278625,1046.55005,1431.00000,-1000.00000,0.00000000,0.00000000,0.345000029,0.185975596,268.999878,0.176693007,0.00000000
1,1,deep_pack_forest,7,60.0000000,1,F,T,0,0,T,17,15,0.199999996E-01,28,19,0,1004.50000,0.285714298,9.81000042,2500000.00,0.567051011E-07,1.00000000,2,8,1.00000000,0.00000000,276.000000,30.0000000,95.0000000,92.0000000,0.00000000,0.00000000,235.000000,110.000000,0.600000005E-02,0.499999989E-02,5.00000000,0.119999997,80.0000000,95000.0000,263.000000,0.139999995E-02,0.00000000,1.10000002,140.000000,0.449999988,1.00000000,0.500000007E-01,0.349999994,0.119999997,0.949999988,6.48000002,0.909090996,0.00000000,0.00000000,0.800000012,262.000000,0.00000000,0.00000000,0.00000000,7.50000000,2.00000000,1.00000000,4.00000000,0.00000000,3.25000000,0.250000000,0.200000003,-1.00000000,0.00000000,0.00000000,0.00000000,1.00000000,-999.000000,0.00000000,0.00000000,0.00000000,0.00000000,0.00000000,0.500000000,0.348000020,0.194461331,270.200012,0.170598537,0.00000000,139.999954,0.449999839,0.640738606,0.499889702E-01,0.349999994,0.267369866,0.969222188,6.48000002,0.967528343,0.451977644E-02,0.800000012,0.800000012,262.076233,-4.68143320,0.246859599E-06,0.663609385,7.50002956,0.00000000,0.00000000,0.00000000,94.7407990,3.25000000,0.00000000,0.153943512E-02,0.00000000,0.00000000,0.153706886E-02,0.154532655E-02,1.00000000,262.499634,-10.5278625,1046.55005,1431.00000,-1000.00000,0.00000000,0.00000000,0.347999990,0.194460541,270.199921,0.170598537,0.00000000
1,1,deep_pack_forest,8,60.0000000,1,F,T,0,0,T,17,15,0.199999996E-01,28,19,0,1004.50000,0.285714298,9.81000042,2500000.00,0.567051011E-07,1.60000002,2,8,1.00000000,0.00000000,276.000000,30.0000000,95.0000000,92.0000000,0.00000000,0.00000000,235.000000,110.000000,0.600000005E-02,0.499999989E-02,5.00000000,0.119999997,80.0000000,95000.0000,263.000000,0.139999995E-02,0.00000000,1.10000002,140.000000,0.449999988,1.00000000,0.500000007E-01,0.349999994,0.119999997,0.949999988,6.48000002,0.909090996,0.00000000,0.00000000,0.800000012,262.000000,0.00000000,0.00000000,0.00000000,7.50000000,2.00000000,1.00000000,4.00000000,0.00000000,3.25000000,0.250000000,0.200000003,-1.00000000,0.00000000,0.00000000,0.00000000,1.00000000,-999.000000,0.00000000,0.00000000,0.00000000,0.00000000,0.00000000,0.500000000,0.351000011,0.208134308,271.399994,0.158739656,0.00000000,139.999954,0.449999839,0.640738606,0.499889702E-01,0.349999994,0.267369866,0.969222188,6.48000002,0.967528343,0.451977644E-02,0.800000012,0.800000012,262.076233,-4.68143320,0.246859599E-06,0.663609385,7.50002956,0.00000000,0.00000000,0.00000000,94.7407990,3.25000000,0.00000000,0.153943512E-02,0.00000000,0.00000000,0.153706886E-02,0.154532655E-02,1.00000000,262.499634,-10.5278625,1046.55005,1431.00000,-1000.00000,0.00000000,0.00000000,0.350999981,0.208133847,271.399963,0.158739656,0.00000000
1,1,deep_pack_forest,9,60.0000000,1,F,T,0,0,T,17,15,0.199999996E-01,28,19,0,1004.50000,0.285714298,9.81000042,2500000.00,0.567051011E-07,3.00000000,2,8,1.00000000,0.00000000,276.000000,30.0000000,95.0000000,92.0000000,0.00000000,0.00000000,235.000000,110.000000,0.600000005E-02,0.499999989E-02,5.00000000,0.119999997,80.0000000,95000.0000,263.000000,0.139999995E-02,0.00000000,1.10000002,140.000000,0.449999988,1.00000000,0.500000007E-01,0.349999994,0.119999997,0.949999988,6.48000002,0.909090996,0.00000000,0.00000000,0.800000012,262.000000,0.00000000,0.00000000,0.00000000,7.50000000,2.00000000,1.00000000,4.00000000,0.00000000,3.25000000,0.250000000,0.200000003,-1.00000000,0.00000000,0.00000000,0.00000000,1.00000000,-999.000000,0.00000000,0.00000000,0.00000000,0.00000000,0.00000000,0.500000000,0.354000002,0.241798446,272.600006,0.124668390,0.00000000,139.999954,0.449999839,0.640738606,0.499889702E-01,0.349999994,0.267369866,0.969222188,6.48000002,0.967528343,0.451977644E-02,0.800000012,0.800000012,262.076233,-4.68143320,0.246859599E-06,0.663609385,7.50002956,0.00000000,0.00000000,0.00000000,94.7407990,3.25000000,0.00000000,0.153943512E-02,0.00000000,0.00000000,0.153706886E-02,0.154532655E-02,1.00000000,262.499634,-10.5278625,1046.55005,1431.00000,-1000.00000,0.00000000,0.00000000,0.354000002,0.241798446,276.000000,0.124668390,0.00000000
1,1,open_water,1,60.0000000,1,F,T,0,0,T,17,15,0.199999996E-01,28,19,0,1004.50000,0.285714298,9.81000042,2500000.00,0.567051011E-07,0.00000000,17,14,2.00000000,0.00000000,286.000000,0.00000000,0.00000000,0.00000000,0.400000006,0.00000000,350.000000,400.000000,0.199999996E-01,0.189999994E-01,19.0000000,0.799999982E-01,80.0000000,95000.0000,286.000000,0.954999961E-02,0.00000000,1.10000002,0.00000000,0.00000000,0.00000000,0.00000000,0.699999988,0.799999982E-01,0.980000019,0.999999978E-02,1.00000000,0.00000000,0.00000000,0.999999975E-04,286.000000,0.00000000,0.00000000,0.00000000,7.50000000,2.00000000,1.00000000,4.00000000,0.00000000,3.25000000,0.250000000,0.00000000,0.500000024E-03,0.00000000,0.00000000,0.00000000,1.00000000,999.000000,0.00000000,0.00000000,0.00000000,0.00000000,0.00000000,0.500000000,1.00000000,1.00000000,286.000000,0.00000000,0.00000000,0.00000000,0.00000000,0.00000000,0.00000000,0.699999988,0.799999982E-01,0.980000019,0.999999978E-02,1.00000000,0.00000000,0.00000000,0.999999975E-04,286.000000,0.00000000,0.00000000,0.00000000,7.50000000,0.00000000,0.00000000,0.00000000,0.00000000,3.25000000,0.00000000,0.970683713E-02,0.500000024E-03,0.00000000,0.961352047E-02,0.970683713E-02,1.00000000,286.000000,12.8500061,1.00000000,1.00000000,-1000.00000,0.00000000,0.00000000,1.00000000,1.00000000,286.000000,0.00000000,0.00000000
1,1,open_water,2,60.0000000,1,F,T,0,0,T,17,15,0.199999996E-01,28,19,0,1004.50000,0.285714298,9.81000042,2500000.00,0.567051011E-07,0.999999978E-02,17,14,2.00000000,0.00000000,286.000000,0.00000000,0.00000000,0.00000000,0.400000006,0.00000000,350.000000,400.000000,0.199999996E-01,0.189999994E-01,19.0000000,0.799999982E-01,80.0000000,95000.0000,286.000000,0.954999961E-02,0.00000000,1.10000002,0.00000000,0.00000000,0.00000000,0.00000000,0.699999988,0.799999982E-01,0.980000019,0.999999978E-02,1.00000000,0.00000000,0.00000000,0.999999975E-04,286.000000,0.00000000,0.00000000,0.00000000,7.50000000,2.00000000,1.00000000,4.00000000,0.00000000,3.25000000,0.250000000,0.00000000,0.500000024E-03,0.00000000,0.00000000,0.00000000,1.00000000,999.000000,0.00000000,0.00000000,0.00000000,0.00000000,0.00000000,0.500000000,1.00000000,1.00000000,286.000000,0.00000000,0.00000000,0.00000000,0.00000000,0.00000000,0.00000000,0.699999988,0.799999982E-01,0.980000019,0.999999978E-02,1.00000000,0.00000000,0.00000000,0.999999975E-04,286.000000,0.00000000,0.00000000,0.00000000,7.50000000,0.00000000,0.00000000,0.00000000,0.00000000,3.25000000,0.00000000,0.970683713E-02,0.500000024E-03,0.00000000,0.961352047E-02,0.970683713E-02,1.00000000,286.000000,12.8500061,1.00000000,1.00000000,-1000.00000,0.00000000,0.00000000,1.00000000,1.00000000,286.000000,0.00000000,0.00000000
1,1,open_water,3,60.0000000,1,F,T,0,0,T,17,15,0.199999996E-01,28,19,0,1004.50000,0.285714298,9.81000042,2500000.00,0.567051011E-07,0.399999991E-01,17,14,2.00000000,0.00000000,286.000000,0.00000000,0.00000000,0.00000000,0.400000006,0.00000000,350.000000,400.000000,0.199999996E-01,0.189999994E-01,19.0000000,0.799999982E-01,80.0000000,95000.0000,286.000000,0.954999961E-02,0.00000000,1.10000002,0.00000000,0.00000000,0.00000000,0.00000000,0.699999988,0.799999982E-01,0.980000019,0.999999978E-02,1.00000000,0.00000000,0.00000000,0.999999975E-04,286.000000,0.00000000,0.00000000,0.00000000,7.50000000,2.00000000,1.00000000,4.00000000,0.00000000,3.25000000,0.250000000,0.00000000,0.500000024E-03,0.00000000,0.00000000,0.00000000,1.00000000,999.000000,0.00000000,0.00000000,0.00000000,0.00000000,0.00000000,0.500000000,1.00000000,1.00000000,286.000000,0.00000000,0.00000000,0.00000000,0.00000000,0.00000000,0.00000000,0.699999988,0.799999982E-01,0.980000019,0.999999978E-02,1.00000000,0.00000000,0.00000000,0.999999975E-04,286.000000,0.00000000,0.00000000,0.00000000,7.50000000,0.00000000,0.00000000,0.00000000,0.00000000,3.25000000,0.00000000,0.970683713E-02,0.500000024E-03,0.00000000,0.961352047E-02,0.970683713E-02,1.00000000,286.000000,12.8500061,1.00000000,1.00000000,-1000.00000,0.00000000,0.00000000,1.00000000,1.00000000,286.000000,0.00000000,0.00000000
1,1,open_water,4,60.0000000,1,F,T,0,0,T,17,15,0.199999996E-01,28,19,0,1004.50000,0.285714298,9.81000042,2500000.00,0.567051011E-07,0.100000001,17,14,2.00000000,0.00000000,286.000000,0.00000000,0.00000000,0.00000000,0.400000006,0.00000000,350.000000,400.000000,0.199999996E-01,0.189999994E-01,19.0000000,0.799999982E-01,80.0000000,95000.0000,286.000000,0.954999961E-02,0.00000000,1.10000002,0.00000000,0.00000000,0.00000000,0.00000000,0.699999988,0.799999982E-01,0.980000019,0.999999978E-02,1.00000000,0.00000000,0.00000000,0.999999975E-04,286.000000,0.00000000,0.00000000,0.00000000,7.50000000,2.00000000,1.00000000,4.00000000,0.00000000,3.25000000,0.250000000,0.00000000,0.500000024E-03,0.00000000,0.00000000,0.00000000,1.00000000,999.000000,0.00000000,0.00000000,0.00000000,0.00000000,0.00000000,0.500000000,1.00000000,1.00000000,286.000000,0.00000000,0.00000000,0.00000000,0.00000000,0.00000000,0.00000000,0.699999988,0.799999982E-01,0.980000019,0.999999978E-02,1.00000000,0.00000000,0.00000000,0.999999975E-04,286.000000,0.00000000,0.00000000,0.00000000,7.50000000,0.00000000,0.00000000,0.00000000,0.00000000,3.25000000,0.00000000,0.970683713E-02,0.500000024E-03,0.00000000,0.961352047E-02,0.970683713E-02,1.00000000,286.000000,12.8500061,1.00000000,1.00000000,-1000.00000,0.00000000,0.00000000,1.00000000,1.00000000,286.000000,0.00000000,0.00000000
1,1,open_water,5,60.0000000,1,F,T,0,0,T,17,15,0.199999996E-01,28,19,0,1004.50000,0.285714298,9.81000042,2500000.00,0.567051011E-07,0.300000012,17,14,2.00000000,0.00000000,286.000000,0.00000000,0.00000000,0.00000000,0.400000006,0.00000000,350.000000,400.000000,0.199999996E-01,0.189999994E-01,19.0000000,0.799999982E-01,80.0000000,95000.0000,286.000000,0.954999961E-02,0.00000000,1.10000002,0.00000000,0.00000000,0.00000000,0.00000000,0.699999988,0.799999982E-01,0.980000019,0.999999978E-02,1.00000000,0.00000000,0.00000000,0.999999975E-04,286.000000,0.00000000,0.00000000,0.00000000,7.50000000,2.00000000,1.00000000,4.00000000,0.00000000,3.25000000,0.250000000,0.00000000,0.500000024E-03,0.00000000,0.00000000,0.00000000,1.00000000,999.000000,0.00000000,0.00000000,0.00000000,0.00000000,0.00000000,0.500000000,1.00000000,1.00000000,286.000000,0.00000000,0.00000000,0.00000000,0.00000000,0.00000000,0.00000000,0.699999988,0.799999982E-01,0.980000019,0.999999978E-02,1.00000000,0.00000000,0.00000000,0.999999975E-04,286.000000,0.00000000,0.00000000,0.00000000,7.50000000,0.00000000,0.00000000,0.00000000,0.00000000,3.25000000,0.00000000,0.970683713E-02,0.500000024E-03,0.00000000,0.961352047E-02,0.970683713E-02,1.00000000,286.000000,12.8500061,1.00000000,1.00000000,-1000.00000,0.00000000,0.00000000,1.00000000,1.00000000,286.000000,0.00000000,0.00000000
1,1,open_water,6,60.0000000,1,F,T,0,0,T,17,15,0.199999996E-01,28,19,0,1004.50000,0.285714298,9.81000042,2500000.00,0.567051011E-07,0.600000024,17,14,2.00000000,0.00000000,286.000000,0.00000000,0.00000000,0.00000000,0.400000006,0.00000000,350.000000,400.000000,0.199999996E-01,0.189999994E-01,19.0000000,0.799999982E-01,80.0000000,95000.0000,286.000000,0.954999961E-02,0.00000000,1.10000002,0.00000000,0.00000000,0.00000000,0.00000000,0.699999988,0.799999982E-01,0.980000019,0.999999978E-02,1.00000000,0.00000000,0.00000000,0.999999975E-04,286.000000,0.00000000,0.00000000,0.00000000,7.50000000,2.00000000,1.00000000,4.00000000,0.00000000,3.25000000,0.250000000,0.00000000,0.500000024E-03,0.00000000,0.00000000,0.00000000,1.00000000,999.000000,0.00000000,0.00000000,0.00000000,0.00000000,0.00000000,0.500000000,1.00000000,1.00000000,286.000000,0.00000000,0.00000000,0.00000000,0.00000000,0.00000000,0.00000000,0.699999988,0.799999982E-01,0.980000019,0.999999978E-02,1.00000000,0.00000000,0.00000000,0.999999975E-04,286.000000,0.00000000,0.00000000,0.00000000,7.50000000,0.00000000,0.00000000,0.00000000,0.00000000,3.25000000,0.00000000,0.970683713E-02,0.500000024E-03,0.00000000,0.961352047E-02,0.970683713E-02,1.00000000,286.000000,12.8500061,1.00000000,1.00000000,-1000.00000,0.00000000,0.00000000,1.00000000,1.00000000,286.000000,0.00000000,0.00000000
1,1,open_water,7,60.0000000,1,F,T,0,0,T,17,15,0.199999996E-01,28,19,0,1004.50000,0.285714298,9.81000042,2500000.00,0.567051011E-07,1.00000000,17,14,2.00000000,0.00000000,286.000000,0.00000000,0.00000000,0.00000000,0.400000006,0.00000000,350.000000,400.000000,0.199999996E-01,0.189999994E-01,19.0000000,0.799999982E-01,80.0000000,95000.0000,286.000000,0.954999961E-02,0.00000000,1.10000002,0.00000000,0.00000000,0.00000000,0.00000000,0.699999988,0.799999982E-01,0.980000019,0.999999978E-02,1.00000000,0.00000000,0.00000000,0.999999975E-04,286.000000,0.00000000,0.00000000,0.00000000,7.50000000,2.00000000,1.00000000,4.00000000,0.00000000,3.25000000,0.250000000,0.00000000,0.500000024E-03,0.00000000,0.00000000,0.00000000,1.00000000,999.000000,0.00000000,0.00000000,0.00000000,0.00000000,0.00000000,0.500000000,1.00000000,1.00000000,286.000000,0.00000000,0.00000000,0.00000000,0.00000000,0.00000000,0.00000000,0.699999988,0.799999982E-01,0.980000019,0.999999978E-02,1.00000000,0.00000000,0.00000000,0.999999975E-04,286.000000,0.00000000,0.00000000,0.00000000,7.50000000,0.00000000,0.00000000,0.00000000,0.00000000,3.25000000,0.00000000,0.970683713E-02,0.500000024E-03,0.00000000,0.961352047E-02,0.970683713E-02,1.00000000,286.000000,12.8500061,1.00000000,1.00000000,-1000.00000,0.00000000,0.00000000,1.00000000,1.00000000,286.000000,0.00000000,0.00000000
1,1,open_water,8,60.0000000,1,F,T,0,0,T,17,15,0.199999996E-01,28,19,0,1004.50000,0.285714298,9.81000042,2500000.00,0.567051011E-07,1.60000002,17,14,2.00000000,0.00000000,286.000000,0.00000000,0.00000000,0.00000000,0.400000006,0.00000000,350.000000,400.000000,0.199999996E-01,0.189999994E-01,19.0000000,0.799999982E-01,80.0000000,95000.0000,286.000000,0.954999961E-02,0.00000000,1.10000002,0.00000000,0.00000000,0.00000000,0.00000000,0.699999988,0.799999982E-01,0.980000019,0.999999978E-02,1.00000000,0.00000000,0.00000000,0.999999975E-04,286.000000,0.00000000,0.00000000,0.00000000,7.50000000,2.00000000,1.00000000,4.00000000,0.00000000,3.25000000,0.250000000,0.00000000,0.500000024E-03,0.00000000,0.00000000,0.00000000,1.00000000,999.000000,0.00000000,0.00000000,0.00000000,0.00000000,0.00000000,0.500000000,1.00000000,1.00000000,286.000000,0.00000000,0.00000000,0.00000000,0.00000000,0.00000000,0.00000000,0.699999988,0.799999982E-01,0.980000019,0.999999978E-02,1.00000000,0.00000000,0.00000000,0.999999975E-04,286.000000,0.00000000,0.00000000,0.00000000,7.50000000,0.00000000,0.00000000,0.00000000,0.00000000,3.25000000,0.00000000,0.970683713E-02,0.500000024E-03,0.00000000,0.961352047E-02,0.970683713E-02,1.00000000,286.000000,12.8500061,1.00000000,1.00000000,-1000.00000,0.00000000,0.00000000,1.00000000,1.00000000,286.000000,0.00000000,0.00000000
1,1,open_water,9,60.0000000,1,F,T,0,0,T,17,15,0.199999996E-01,28,19,0,1004.50000,0.285714298,9.81000042,2500000.00,0.567051011E-07,3.00000000,17,14,2.00000000,0.00000000,286.000000,0.00000000,0.00000000,0.00000000,0.400000006,0.00000000,350.000000,400.000000,0.199999996E-01,0.189999994E-01,19.0000000,0.799999982E-01,80.0000000,95000.0000,286.000000,0.954999961E-02,0.00000000,1.10000002,0.00000000,0.00000000,0.00000000,0.00000000,0.699999988,0.799999982E-01,0.980000019,0.999999978E-02,1.00000000,0.00000000,0.00000000,0.999999975E-04,286.000000,0.00000000,0.00000000,0.00000000,7.50000000,2.00000000,1.00000000,4.00000000,0.00000000,3.25000000,0.250000000,0.00000000,0.500000024E-03,0.00000000,0.00000000,0.00000000,1.00000000,999.000000,0.00000000,0.00000000,0.00000000,0.00000000,0.00000000,0.500000000,1.00000000,1.00000000,286.000000,0.00000000,0.00000000,0.00000000,0.00000000,0.00000000,0.00000000,0.699999988,0.799999982E-01,0.980000019,0.999999978E-02,1.00000000,0.00000000,0.00000000,0.999999975E-04,286.000000,0.00000000,0.00000000,0.00000000,7.50000000,0.00000000,0.00000000,0.00000000,0.00000000,3.25000000,0.00000000,0.970683713E-02,0.500000024E-03,0.00000000,0.961352047E-02,0.970683713E-02,1.00000000,286.000000,12.8500061,1.00000000,1.00000000,-1000.00000,0.00000000,0.00000000,1.00000000,1.00000000,286.000000,0.00000000,0.00000000
1,1,snow_on_sea_ice,1,60.0000000,1,F,T,0,0,T,17,15,0.199999996E-01,28,19,0,1004.50000,0.285714298,9.81000042,2500000.00,0.567051011E-07,0.00000000,15,16,1.00000000,0.250000000,271.000000,0.00000000,0.00000000,0.00000000,0.200000003,1.00000000,215.000000,70.0000000,0.499999989E-02,0.400000019E-02,4.00000000,0.550000012,80.0000000,95000.0000,261.000000,0.109999999E-02,0.00000000,1.10000002,40.0000000,0.180000007,1.00000000,0.00000000,0.819999993,0.550000012,0.980000019,0.999999978E-02,1.00000000,0.00000000,0.00000000,0.109999999E-01,260.000000,0.00000000,0.00000000,0.00000000,7.50000000,2.00000000,1.00000000,4.00000000,0.00000000,3.25000000,0.250000000,0.00000000,0.300000014E-03,0.00000000,0.00000000,0.00000000,1.00000000,-999.000000,0.00000000,0.00000000,0.00000000,0.00000000,0.00000000,0.500000000,1.00000000,0.00000000,259.000000,1.00000000,0.00000000,40.1999588,0.181559578,0.243171990,0.00000000,0.750000000,0.744537592,0.980000019,0.999999978E-02,1.00000000,0.361673138E-02,0.109999999E-01,0.109999999E-01,260.003662,-4.04045439,0.726339465E-06,2.05917239,7.50008678,0.00000000,0.00000000,0.00000000,-1.00145292,3.25000000,0.00000000,0.128158531E-02,0.00000000,0.00000000,0.127994490E-02,0.128158485E-02,1.00000000,259.317535,-13.4894104,3000.00000,3000.00000,59.9088516,0.200000003,3.33840489,1.00000000,0.00000000,259.317535,1.00000000,0.00000000
1,1,snow_on_sea_ice,2,60.0000000,1,F,T,0,0,T,17,15,0.199999996E-01,28,19,0,1004.50000,0.285714298,9.81000042,2500000.00,0.567051011E-07,0.999999978E-02,15,16,1.00000000,0.250000000,271.000000,0.00000000,0.00000000,0.00000000,0.200000003,1.00000000,215.000000,70.0000000,0.499999989E-02,0.400000019E-02,4.00000000,0.550000012,80.0000000,95000.0000,261.000000,0.109999999E-02,0.00000000,1.10000002,40.0000000,0.180000007,1.00000000,0.00000000,0.819999993,0.550000012,0.980000019,0.999999978E-02,1.00000000,0.00000000,0.00000000,0.109999999E-01,260.000000,0.00000000,0.00000000,0.00000000,7.50000000,2.00000000,1.00000000,4.00000000,0.00000000,3.25000000,0.250000000,0.00000000,0.300000014E-03,0.00000000,0.00000000,0.00000000,1.00000000,-999.000000,0.00000000,0.00000000,0.00000000,0.00000000,0.00000000,0.500000000,1.00000000,0.00000000,260.100006,1.00000000,0.00000000,40.1999588,0.181559578,0.243171990,0.00000000,0.750000000,0.744537592,0.980000019,0.999999978E-02,1.00000000,0.361673138E-02,0.109999999E-01,0.109999999E-01,260.003662,-4.04045439,0.726339465E-06,2.05917239,7.50008678,0.00000000,0.00000000,0.00000000,-1.00145292,3.25000000,0.00000000,0.128158531E-02,0.00000000,0.00000000,0.127994490E-02,0.128158485E-02,1.00000000,259.317535,-13.4894104,3000.00000,3000.00000,59.9088516,0.200000003,3.33840489,1.00000000,0.00000000,259.927521,1.00000000,0.00000000
1,1,snow_on_sea_ice,3,60.0000000,1,F,T,0,0,T,17,15,0.199999996E-01,28,19,0,1004.50000,0.285714298,9.81000042,2500000.00,0.567051011E-07,0.399999991E-01,15,16,1.00000000,0.250000000,271.000000,0.00000000,0.00000000,0.00000000,0.200000003,1.00000000,215.000000,70.0000000,0.499999989E-02,0.400000019E-02,4.00000000,0.550000012,80.0000000,95000.0000,261.000000,0.109999999E-02,0.00000000,1.10000002,40.0000000,0.180000007,1.00000000,0.00000000,0.819999993,0.550000012,0.980000019,0.999999978E-02,1.00000000,0.00000000,0.00000000,0.109999999E-01,260.000000,0.00000000,0.00000000,0.00000000,7.50000000,2.00000000,1.00000000,4.00000000,0.00000000,3.25000000,0.250000000,0.00000000,0.300000014E-03,0.00000000,0.00000000,0.00000000,1.00000000,-999.000000,0.00000000,0.00000000,0.00000000,0.00000000,0.00000000,0.500000000,1.00000000,0.00000000,261.200012,1.00000000,0.00000000,40.1999588,0.181559578,0.243171990,0.00000000,0.750000000,0.744537592,0.980000019,0.999999978E-02,1.00000000,0.361673138E-02,0.109999999E-01,0.109999999E-01,260.003662,-4.04045439,0.726339465E-06,2.05917239,7.50008678,0.00000000,0.00000000,0.00000000,-1.00145292,3.25000000,0.00000000,0.128158531E-02,0.00000000,0.00000000,0.127994490E-02,0.128158485E-02,1.00000000,259.317535,-13.4894104,3000.00000,3000.00000,59.9088516,0.200000003,3.33840489,1.00000000,0.00000000,261.166504,1.00000000,0.00000000
1,1,snow_on_sea_ice,4,60.0000000,1,F,T,0,0,T,17,15,0.199999996E-01,28,19,0,1004.50000,0.285714298,9.81000042,2500000.00,0.567051011E-07,0.100000001,15,16,1.00000000,0.250000000,271.000000,0.00000000,0.00000000,0.00000000,0.200000003,1.00000000,215.000000,70.0000000,0.499999989E-02,0.400000019E-02,4.00000000,0.550000012,80.0000000,95000.0000,261.000000,0.109999999E-02,0.00000000,1.10000002,40.0000000,0.180000007,1.00000000,0.00000000,0.819999993,0.550000012,0.980000019,0.999999978E-02,1.00000000,0.00000000,0.00000000,0.109999999E-01,260.000000,0.00000000,0.00000000,0.00000000,7.50000000,2.00000000,1.00000000,4.00000000,0.00000000,3.25000000,0.250000000,0.00000000,0.300000014E-03,0.00000000,0.00000000,0.00000000,1.00000000,-999.000000,0.00000000,0.00000000,0.00000000,0.00000000,0.00000000,0.500000000,1.00000000,0.00000000,262.299988,1.00000000,0.00000000,40.1999588,0.181559578,0.243171990,0.00000000,0.750000000,0.744537592,0.980000019,0.999999978E-02,1.00000000,0.361673138E-02,0.109999999E-01,0.109999999E-01,260.003662,-4.04045439,0.726339465E-06,2.05917239,7.50008678,0.00000000,0.00000000,0.00000000,-1.00145292,3.25000000,0.00000000,0.128158531E-02,0.00000000,0.00000000,0.127994490E-02,0.128158485E-02,1.00000000,259.317535,-13.4894104,3000.00000,3000.00000,59.9088516,0.200000003,3.33840489,1.00000000,0.00000000,262.292664,1.00000000,0.00000000
1,1,snow_on_sea_ice,5,60.0000000,1,F,T,0,0,T,17,15,0.199999996E-01,28,19,0,1004.50000,0.285714298,9.81000042,2500000.00,0.567051011E-07,0.300000012,15,16,1.00000000,0.250000000,271.000000,0.00000000,0.00000000,0.00000000,0.200000003,1.00000000,215.000000,70.0000000,0.499999989E-02,0.400000019E-02,4.00000000,0.550000012,80.0000000,95000.0000,261.000000,0.109999999E-02,0.00000000,1.10000002,40.0000000,0.180000007,1.00000000,0.00000000,0.819999993,0.550000012,0.980000019,0.999999978E-02,1.00000000,0.00000000,0.00000000,0.109999999E-01,260.000000,0.00000000,0.00000000,0.00000000,7.50000000,2.00000000,1.00000000,4.00000000,0.00000000,3.25000000,0.250000000,0.00000000,0.300000014E-03,0.00000000,0.00000000,0.00000000,1.00000000,-999.000000,0.00000000,0.00000000,0.00000000,0.00000000,0.00000000,0.500000000,1.00000000,0.00000000,263.399994,1.00000000,0.00000000,40.1999588,0.181559578,0.243171990,0.00000000,0.750000000,0.744537592,0.980000019,0.999999978E-02,1.00000000,0.361673138E-02,0.109999999E-01,0.109999999E-01,260.003662,-4.04045439,0.726339465E-06,2.05917239,7.50008678,0.00000000,0.00000000,0.00000000,-1.00145292,3.25000000,0.00000000,0.128158531E-02,0.00000000,0.00000000,0.127994490E-02,0.128158485E-02,1.00000000,259.317535,-13.4894104,3000.00000,3000.00000,59.9088516,0.200000003,3.33840489,1.00000000,0.00000000,263.399475,1.00000000,0.00000000
1,1,snow_on_sea_ice,6,60.0000000,1,F,T,0,0,T,17,15,0.199999996E-01,28,19,0,1004.50000,0.285714298,9.81000042,2500000.00,0.567051011E-07,0.600000024,15,16,1.00000000,0.250000000,271.000000,0.00000000,0.00000000,0.00000000,0.200000003,1.00000000,215.000000,70.0000000,0.499999989E-02,0.400000019E-02,4.00000000,0.550000012,80.0000000,95000.0000,261.000000,0.109999999E-02,0.00000000,1.10000002,40.0000000,0.180000007,1.00000000,0.00000000,0.819999993,0.550000012,0.980000019,0.999999978E-02,1.00000000,0.00000000,0.00000000,0.109999999E-01,260.000000,0.00000000,0.00000000,0.00000000,7.50000000,2.00000000,1.00000000,4.00000000,0.00000000,3.25000000,0.250000000,0.00000000,0.300000014E-03,0.00000000,0.00000000,0.00000000,1.00000000,-999.000000,0.00000000,0.00000000,0.00000000,0.00000000,0.00000000,0.500000000,1.00000000,0.00000000,264.500000,1.00000000,0.00000000,40.1999588,0.181559578,0.243171990,0.00000000,0.750000000,0.744537592,0.980000019,0.999999978E-02,1.00000000,0.361673138E-02,0.109999999E-01,0.109999999E-01,260.003662,-4.04045439,0.726339465E-06,2.05917239,7.50008678,0.00000000,0.00000000,0.00000000,-1.00145292,3.25000000,0.00000000,0.128158531E-02,0.00000000,0.00000000,0.127994490E-02,0.128158485E-02,1.00000000,259.317535,-13.4894104,3000.00000,3000.00000,59.9088516,0.200000003,3.33840489,1.00000000,0.00000000,264.499817,1.00000000,0.00000000
1,1,snow_on_sea_ice,7,60.0000000,1,F,T,0,0,T,17,15,0.199999996E-01,28,19,0,1004.50000,0.285714298,9.81000042,2500000.00,0.567051011E-07,1.00000000,15,16,1.00000000,0.250000000,271.000000,0.00000000,0.00000000,0.00000000,0.200000003,1.00000000,215.000000,70.0000000,0.499999989E-02,0.400000019E-02,4.00000000,0.550000012,80.0000000,95000.0000,261.000000,0.109999999E-02,0.00000000,1.10000002,40.0000000,0.180000007,1.00000000,0.00000000,0.819999993,0.550000012,0.980000019,0.999999978E-02,1.00000000,0.00000000,0.00000000,0.109999999E-01,260.000000,0.00000000,0.00000000,0.00000000,7.50000000,2.00000000,1.00000000,4.00000000,0.00000000,3.25000000,0.250000000,0.00000000,0.300000014E-03,0.00000000,0.00000000,0.00000000,1.00000000,-999.000000,0.00000000,0.00000000,0.00000000,0.00000000,0.00000000,0.500000000,1.00000000,0.00000000,265.600006,1.00000000,0.00000000,40.1999588,0.181559578,0.243171990,0.00000000,0.750000000,0.744537592,0.980000019,0.999999978E-02,1.00000000,0.361673138E-02,0.109999999E-01,0.109999999E-01,260.003662,-4.04045439,0.726339465E-06,2.05917239,7.50008678,0.00000000,0.00000000,0.00000000,-1.00145292,3.25000000,0.00000000,0.128158531E-02,0.00000000,0.00000000,0.127994490E-02,0.128158485E-02,1.00000000,259.317535,-13.4894104,3000.00000,3000.00000,59.9088516,0.200000003,3.33840489,1.00000000,0.00000000,265.599854,1.00000000,0.00000000
1,1,snow_on_sea_ice,8,60.0000000,1,F,T,0,0,T,17,15,0.199999996E-01,28,19,0,1004.50000,0.285714298,9.81000042,2500000.00,0.567051011E-07,1.60000002,15,16,1.00000000,0.250000000,271.000000,0.00000000,0.00000000,0.00000000,0.200000003,1.00000000,215.000000,70.0000000,0.499999989E-02,0.400000019E-02,4.00000000,0.550000012,80.0000000,95000.0000,261.000000,0.109999999E-02,0.00000000,1.10000002,40.0000000,0.180000007,1.00000000,0.00000000,0.819999993,0.550000012,0.980000019,0.999999978E-02,1.00000000,0.00000000,0.00000000,0.109999999E-01,260.000000,0.00000000,0.00000000,0.00000000,7.50000000,2.00000000,1.00000000,4.00000000,0.00000000,3.25000000,0.250000000,0.00000000,0.300000014E-03,0.00000000,0.00000000,0.00000000,1.00000000,-999.000000,0.00000000,0.00000000,0.00000000,0.00000000,0.00000000,0.500000000,1.00000000,0.00000000,266.700012,1.00000000,0.00000000,40.1999588,0.181559578,0.243171990,0.00000000,0.750000000,0.744537592,0.980000019,0.999999978E-02,1.00000000,0.361673138E-02,0.109999999E-01,0.109999999E-01,260.003662,-4.04045439,0.726339465E-06,2.05917239,7.50008678,0.00000000,0.00000000,0.00000000,-1.00145292,3.25000000,0.00000000,0.128158531E-02,0.00000000,0.00000000,0.127994490E-02,0.128158485E-02,1.00000000,259.317535,-13.4894104,3000.00000,3000.00000,59.9088516,0.200000003,3.33840489,1.00000000,0.00000000,266.699951,1.00000000,0.00000000
1,1,snow_on_sea_ice,9,60.0000000,1,F,T,0,0,T,17,15,0.199999996E-01,28,19,0,1004.50000,0.285714298,9.81000042,2500000.00,0.567051011E-07,3.00000000,15,16,1.00000000,0.250000000,271.000000,0.00000000,0.00000000,0.00000000,0.200000003,1.00000000,215.000000,70.0000000,0.499999989E-02,0.400000019E-02,4.00000000,0.550000012,80.0000000,95000.0000,261.000000,0.109999999E-02,0.00000000,1.10000002,40.0000000,0.180000007,1.00000000,0.00000000,0.819999993,0.550000012,0.980000019,0.999999978E-02,1.00000000,0.00000000,0.00000000,0.109999999E-01,260.000000,0.00000000,0.00000000,0.00000000,7.50000000,2.00000000,1.00000000,4.00000000,0.00000000,3.25000000,0.250000000,0.00000000,0.300000014E-03,0.00000000,0.00000000,0.00000000,1.00000000,-999.000000,0.00000000,0.00000000,0.00000000,0.00000000,0.00000000,0.500000000,1.00000000,0.00000000,267.799988,1.00000000,0.00000000,40.1999588,0.181559578,0.243171990,0.00000000,0.750000000,0.744537592,0.980000019,0.999999978E-02,1.00000000,0.361673138E-02,0.109999999E-01,0.109999999E-01,260.003662,-4.04045439,0.726339465E-06,2.05917239,7.50008678,0.00000000,0.00000000,0.00000000,-1.00145292,3.25000000,0.00000000,0.128158531E-02,0.00000000,0.00000000,0.127994490E-02,0.128158485E-02,1.00000000,259.317535,-13.4894104,3000.00000,3000.00000,59.9088516,0.200000003,3.33840489,1.00000000,0.00000000,271.000000,1.00000000,0.00000000
1,1,bare_sea_ice,1,60.0000000,1,F,T,0,0,T,17,15,0.199999996E-01,28,19,0,1004.50000,0.285714298,9.81000042,2500000.00,0.567051011E-07,0.00000000,15,16,1.00000000,0.399999991E-01,271.000000,0.00000000,0.00000000,0.00000000,0.00000000,0.00000000,225.000000,95.0000000,0.700000022E-02,0.600000005E-02,6.00000000,0.550000012,80.0000000,95000.0000,265.000000,0.159999996E-02,0.00000000,1.10000002,0.00000000,0.00000000,0.00000000,0.00000000,0.819999993,0.550000012,0.980000019,0.999999978E-02,1.00000000,0.00000000,0.00000000,0.109999999E-01,264.000000,0.00000000,0.00000000,0.00000000,7.50000000,2.00000000,1.00000000,4.00000000,0.00000000,3.25000000,0.250000000,0.159999996E-02,0.199999995E-03,0.00000000,0.00000000,0.00000000,1.00000000,264.000000,0.00000000,0.00000000,0.00000000,0.00000000,0.00000000,0.500000000,1.00000000,0.00000000,263.000000,1.00000000,0.00000000,0.00000000,0.00000000,0.00000000,0.00000000,0.750000000,0.550000012,0.980000019,0.999999978E-02,1.00000000,0.542282173E-02,0.109999999E-01,0.109999999E-01,264.020081,-5.95830870,0.141866246E-05,4.04318810,7.50017071,0.00000000,0.00000000,0.00000000,-33.4356232,3.25000000,0.00000000,0.183644367E-02,0.00000000,0.00000000,0.183307740E-02,0.183644367E-02,1.00000000,264.000000,-9.64999390,3000.00000,3000.00000,-1000.00000,0.00000000,0.00000000,1.00000000,0.00000000,264.020081,1.00000000,0.00000000
1,1,bare_sea_ice,2,60.0000000,1,F,T,0,0,T,17,15,0.199999996E-01,28,19,0,1004.50000,0.285714298,9.81000042,2500000.00,0.567051011E-07,0.999999978E-02,15,16,1.00000000,0.399999991E-01,271.000000,0.00000000,0.00000000,0.00000000,0.00000000,0.00000000,225.000000,95.0000000,0.700000022E-02,0.600000005E-02,6.00000000,0.550000012,80.0000000,95000.0000,265.000000,0.159999996E-02,0.00000000,1.10000002,0.00000000,0.00000000,0.00000000,0.00000000,0.819999993,0.550000012,0.980000019,0.999999978E-02,1.00000000,0.00000000,0.00000000,0.109999999E-01,264.000000,0.00000000,0.00000000,0.00000000,7.50000000,2.00000000,1.00000000,4.00000000,0.00000000,3.25000000,0.250000000,0.159999996E-02,0.199999995E-03,0.00000000,0.00000000,0.00000000,1.00000000,264.000000,0.00000000,0.00000000,0.00000000,0.00000000,0.00000000,0.500000000,1.00000000,0.00000000,263.899994,1.00000000,0.00000000,0.00000000,0.00000000,0.00000000,0.00000000,0.750000000,0.550000012,0.980000019,0.999999978E-02,1.00000000,0.542282173E-02,0.109999999E-01,0.109999999E-01,264.020081,-5.95830870,0.141866246E-05,4.04318810,7.50017071,0.00000000,0.00000000,0.00000000,-33.4356232,3.25000000,0.00000000,0.183644367E-02,0.00000000,0.00000000,0.183307740E-02,0.183644367E-02,1.00000000,264.000000,-9.64999390,3000.00000,3000.00000,-1000.00000,0.00000000,0.00000000,1.00000000,0.00000000,263.872192,1.00000000,0.00000000
1,1,bare_sea_ice,3,60.0000000,1,F,T,0,0,T,17,15,0.199999996E-01,28,19,0,1004.50000,0.285714298,9.81000042,2500000.00,0.567051011E-07,0.399999991E-01,15,16,1.00000000,0.399999991E-01,271.000000,0.00000000,0.00000000,0.00000000,0.00000000,0.00000000,225.000000,95.0000000,0.700000022E-02,0.600000005E-02,6.00000000,0.550000012,80.0000000,95000.0000,265.000000,0.159999996E-02,0.00000000,1.10000002,0.00000000,0.00000000,0.00000000,0.00000000,0.819999993,0.550000012,0.980000019,0.999999978E-02,1.00000000,0.00000000,0.00000000,0.109999999E-01,264.000000,0.00000000,0.00000000,0.00000000,7.50000000,2.00000000,1.00000000,4.00000000,0.00000000,3.25000000,0.250000000,0.159999996E-02,0.199999995E-03,0.00000000,0.00000000,0.00000000,1.00000000,264.000000,0.00000000,0.00000000,0.00000000,0.00000000,0.00000000,0.500000000,1.00000000,0.00000000,264.799988,1.00000000,0.00000000,0.00000000,0.00000000,0.00000000,0.00000000,0.750000000,0.550000012,0.980000019,0.999999978E-02,1.00000000,0.542282173E-02,0.109999999E-01,0.109999999E-01,264.020081,-5.95830870,0.141866246E-05,4.04318810,7.50017071,0.00000000,0.00000000,0.00000000,-33.4356232,3.25000000,0.00000000,0.183644367E-02,0.00000000,0.00000000,0.183307740E-02,0.183644367E-02,1.00000000,264.000000,-9.64999390,3000.00000,3000.00000,-1000.00000,0.00000000,0.00000000,1.00000000,0.00000000,264.775909,1.00000000,0.00000000
1,1,bare_sea_ice,4,60.0000000,1,F,T,0,0,T,17,15,0.199999996E-01,28,19,0,1004.50000,0.285714298,9.81000042,2500000.00,0.567051011E-07,0.100000001,15,16,1.00000000,0.399999991E-01,271.000000,0.00000000,0.00000000,0.00000000,0.00000000,0.00000000,225.000000,95.0000000,0.700000022E-02,0.600000005E-02,6.00000000,0.550000012,80.0000000,95000.0000,265.000000,0.159999996E-02,0.00000000,1.10000002,0.00000000,0.00000000,0.00000000,0.00000000,0.819999993,0.550000012,0.980000019,0.999999978E-02,1.00000000,0.00000000,0.00000000,0.109999999E-01,264.000000,0.00000000,0.00000000,0.00000000,7.50000000,2.00000000,1.00000000,4.00000000,0.00000000,3.25000000,0.250000000,0.159999996E-02,0.199999995E-03,0.00000000,0.00000000,0.00000000,1.00000000,264.000000,0.00000000,0.00000000,0.00000000,0.00000000,0.00000000,0.500000000,1.00000000,0.00000000,265.700012,1.00000000,0.00000000,0.00000000,0.00000000,0.00000000,0.00000000,0.750000000,0.550000012,0.980000019,0.999999978E-02,1.00000000,0.542282173E-02,0.109999999E-01,0.109999999E-01,264.020081,-5.95830870,0.141866246E-05,4.04318810,7.50017071,0.00000000,0.00000000,0.00000000,-33.4356232,3.25000000,0.00000000,0.183644367E-02,0.00000000,0.00000000,0.183307740E-02,0.183644367E-02,1.00000000,264.000000,-9.64999390,3000.00000,3000.00000,-1000.00000,0.00000000,0.00000000,1.00000000,0.00000000,265.694092,1.00000000,0.00000000
1,1,bare_sea_ice,5,60.0000000,1,F,T,0,0,T,17,15,0.199999996E-01,28,19,0,1004.50000,0.285714298,9.81000042,2500000.00,0.567051011E-07,0.300000012,15,16,1.00000000,0.399999991E-01,271.000000,0.00000000,0.00000000,0.00000000,0.00000000,0.00000000,225.000000,95.0000000,0.700000022E-02,0.600000005E-02,6.00000000,0.550000012,80.0000000,95000.0000,265.000000,0.159999996E-02,0.00000000,1.10000002,0.00000000,0.00000000,0.00000000,0.00000000,0.819999993,0.550000012,0.980000019,0.999999978E-02,1.00000000,0.00000000,0.00000000,0.109999999E-01,264.000000,0.00000000,0.00000000,0.00000000,7.50000000,2.00000000,1.00000000,4.00000000,0.00000000,3.25000000,0.250000000,0.159999996E-02,0.199999995E-03,0.00000000,0.00000000,0.00000000,1.00000000,264.000000,0.00000000,0.00000000,0.00000000,0.00000000,0.00000000,0.500000000,1.00000000,0.00000000,266.600006,1.00000000,0.00000000,0.00000000,0.00000000,0.00000000,0.00000000,0.750000000,0.550000012,0.980000019,0.999999978E-02,1.00000000,0.542282173E-02,0.109999999E-01,0.109999999E-01,264.020081,-5.95830870,0.141866246E-05,4.04318810,7.50017071,0.00000000,0.00000000,0.00000000,-33.4356232,3.25000000,0.00000000,0.183644367E-02,0.00000000,0.00000000,0.183307740E-02,0.183644367E-02,1.00000000,264.000000,-9.64999390,3000.00000,3000.00000,-1000.00000,0.00000000,0.00000000,1.00000000,0.00000000,266.599579,1.00000000,0.00000000
1,1,bare_sea_ice,6,60.0000000,1,F,T,0,0,T,17,15,0.199999996E-01,28,19,0,1004.50000,0.285714298,9.81000042,2500000.00,0.567051011E-07,0.600000024,15,16,1.00000000,0.399999991E-01,271.000000,0.00000000,0.00000000,0.00000000,0.00000000,0.00000000,225.000000,95.0000000,0.700000022E-02,0.600000005E-02,6.00000000,0.550000012,80.0000000,95000.0000,265.000000,0.159999996E-02,0.00000000,1.10000002,0.00000000,0.00000000,0.00000000,0.00000000,0.819999993,0.550000012,0.980000019,0.999999978E-02,1.00000000,0.00000000,0.00000000,0.109999999E-01,264.000000,0.00000000,0.00000000,0.00000000,7.50000000,2.00000000,1.00000000,4.00000000,0.00000000,3.25000000,0.250000000,0.159999996E-02,0.199999995E-03,0.00000000,0.00000000,0.00000000,1.00000000,264.000000,0.00000000,0.00000000,0.00000000,0.00000000,0.00000000,0.500000000,1.00000000,0.00000000,267.500000,1.00000000,0.00000000,0.00000000,0.00000000,0.00000000,0.00000000,0.750000000,0.550000012,0.980000019,0.999999978E-02,1.00000000,0.542282173E-02,0.109999999E-01,0.109999999E-01,264.020081,-5.95830870,0.141866246E-05,4.04318810,7.50017071,0.00000000,0.00000000,0.00000000,-33.4356232,3.25000000,0.00000000,0.183644367E-02,0.00000000,0.00000000,0.183307740E-02,0.183644367E-02,1.00000000,264.000000,-9.64999390,3000.00000,3000.00000,-1000.00000,0.00000000,0.00000000,1.00000000,0.00000000,267.499847,1.00000000,0.00000000
1,1,bare_sea_ice,7,60.0000000,1,F,T,0,0,T,17,15,0.199999996E-01,28,19,0,1004.50000,0.285714298,9.81000042,2500000.00,0.567051011E-07,1.00000000,15,16,1.00000000,0.399999991E-01,271.000000,0.00000000,0.00000000,0.00000000,0.00000000,0.00000000,225.000000,95.0000000,0.700000022E-02,0.600000005E-02,6.00000000,0.550000012,80.0000000,95000.0000,265.000000,0.159999996E-02,0.00000000,1.10000002,0.00000000,0.00000000,0.00000000,0.00000000,0.819999993,0.550000012,0.980000019,0.999999978E-02,1.00000000,0.00000000,0.00000000,0.109999999E-01,264.000000,0.00000000,0.00000000,0.00000000,7.50000000,2.00000000,1.00000000,4.00000000,0.00000000,3.25000000,0.250000000,0.159999996E-02,0.199999995E-03,0.00000000,0.00000000,0.00000000,1.00000000,264.000000,0.00000000,0.00000000,0.00000000,0.00000000,0.00000000,0.500000000,1.00000000,0.00000000,268.399994,1.00000000,0.00000000,0.00000000,0.00000000,0.00000000,0.00000000,0.750000000,0.550000012,0.980000019,0.999999978E-02,1.00000000,0.542282173E-02,0.109999999E-01,0.109999999E-01,264.020081,-5.95830870,0.141866246E-05,4.04318810,7.50017071,0.00000000,0.00000000,0.00000000,-33.4356232,3.25000000,0.00000000,0.183644367E-02,0.00000000,0.00000000,0.183307740E-02,0.183644367E-02,1.00000000,264.000000,-9.64999390,3000.00000,3000.00000,-1000.00000,0.00000000,0.00000000,1.00000000,0.00000000,268.399902,1.00000000,0.00000000
1,1,bare_sea_ice,8,60.0000000,1,F,T,0,0,T,17,15,0.199999996E-01,28,19,0,1004.50000,0.285714298,9.81000042,2500000.00,0.567051011E-07,1.60000002,15,16,1.00000000,0.399999991E-01,271.000000,0.00000000,0.00000000,0.00000000,0.00000000,0.00000000,225.000000,95.0000000,0.700000022E-02,0.600000005E-02,6.00000000,0.550000012,80.0000000,95000.0000,265.000000,0.159999996E-02,0.00000000,1.10000002,0.00000000,0.00000000,0.00000000,0.00000000,0.819999993,0.550000012,0.980000019,0.999999978E-02,1.00000000,0.00000000,0.00000000,0.109999999E-01,264.000000,0.00000000,0.00000000,0.00000000,7.50000000,2.00000000,1.00000000,4.00000000,0.00000000,3.25000000,0.250000000,0.159999996E-02,0.199999995E-03,0.00000000,0.00000000,0.00000000,1.00000000,264.000000,0.00000000,0.00000000,0.00000000,0.00000000,0.00000000,0.500000000,1.00000000,0.00000000,269.299988,1.00000000,0.00000000,0.00000000,0.00000000,0.00000000,0.00000000,0.750000000,0.550000012,0.980000019,0.999999978E-02,1.00000000,0.542282173E-02,0.109999999E-01,0.109999999E-01,264.020081,-5.95830870,0.141866246E-05,4.04318810,7.50017071,0.00000000,0.00000000,0.00000000,-33.4356232,3.25000000,0.00000000,0.183644367E-02,0.00000000,0.00000000,0.183307740E-02,0.183644367E-02,1.00000000,264.000000,-9.64999390,3000.00000,3000.00000,-1000.00000,0.00000000,0.00000000,1.00000000,0.00000000,269.299927,1.00000000,0.00000000
1,1,bare_sea_ice,9,60.0000000,1,F,T,0,0,T,17,15,0.199999996E-01,28,19,0,1004.50000,0.285714298,9.81000042,2500000.00,0.567051011E-07,3.00000000,15,16,1.00000000,0.399999991E-01,271.000000,0.00000000,0.00000000,0.00000000,0.00000000,0.00000000,225.000000,95.0000000,0.700000022E-02,0.600000005E-02,6.00000000,0.550000012,80.0000000,95000.0000,265.000000,0.159999996E-02,0.00000000,1.10000002,0.00000000,0.00000000,0.00000000,0.00000000,0.819999993,0.550000012,0.980000019,0.999999978E-02,1.00000000,0.00000000,0.00000000,0.109999999E-01,264.000000,0.00000000,0.00000000,0.00000000,7.50000000,2.00000000,1.00000000,4.00000000,0.00000000,3.25000000,0.250000000,0.159999996E-02,0.199999995E-03,0.00000000,0.00000000,0.00000000,1.00000000,264.000000,0.00000000,0.00000000,0.00000000,0.00000000,0.00000000,0.500000000,1.00000000,0.00000000,270.200012,1.00000000,0.00000000,0.00000000,0.00000000,0.00000000,0.00000000,0.750000000,0.550000012,0.980000019,0.999999978E-02,1.00000000,0.542282173E-02,0.109999999E-01,0.109999999E-01,264.020081,-5.95830870,0.141866246E-05,4.04318810,7.50017071,0.00000000,0.00000000,0.00000000,-33.4356232,3.25000000,0.00000000,0.183644367E-02,0.00000000,0.00000000,0.183307740E-02,0.183644367E-02,1.00000000,264.000000,-9.64999390,3000.00000,3000.00000,-1000.00000,0.00000000,0.00000000,1.00000000,0.00000000,271.000000,1.00000000,0.00000000
1,1,dry_barren,1,60.0000000,1,F,T,0,0,T,17,15,0.199999996E-01,28,19,0,1004.50000,0.285714298,9.81000042,2500000.00,0.567051011E-07,0.00000000,16,1,1.00000000,0.00000000,292.000000,0.00000000,5.00000000,2.00000000,0.00000000,0.00000000,355.000000,610.000000,0.179999992E-01,0.170000009E-01,17.0000000,0.250000000,80.0000000,95000.0000,300.000000,0.350000011E-02,0.00000000,1.10000002,0.00000000,0.00000000,0.00000000,0.00000000,0.750000000,0.250000000,0.850000024,0.750000000,0.162790701,0.00000000,0.00000000,0.649999976E-01,301.000000,0.00000000,0.00000000,0.00000000,7.50000000,2.00000000,1.00000000,4.00000000,0.00000000,3.25000000,0.250000000,0.600000005E-02,0.999999975E-04,0.00000000,0.00000000,0.00000000,1.00000000,300.000000,0.00000000,0.00000000,0.00000000,0.00000000,0.00000000,0.500000000,0.299999993E-01,0.299999993E-01,300.000000,0.00000000,0.00000000,0.00000000,0.00000000,0.00000000,0.00000000,0.750000000,0.250000000,0.850000024,0.750000000,0.161153927,0.153402099E-01,0.649999976E-01,0.649999976E-01,300.355927,6.12207890,0.244007788E-04,61.0019455,7.50292778,0.00000000,0.00000000,0.00000000,-28.4321232,3.25000000,0.00000000,0.677781180E-02,0.00000000,0.00000000,0.673218258E-02,0.236351285E-01,1.00000000,300.000000,27.3500061,127.698540,1185.00000,-1000.00000,0.00000000,0.00000000,0.297184736E-01,0.297184736E-01,300.355927,0.311111081E-01,0.00000000
1,1,dry_barren,2,60.0000000,1,F,T,0,0,T,17,15,0.199999996E-01,28,19,0,1004.50000,0.285714298,9.81000042,2500000.00,0.567051011E-07,0.999999978E-02,16,1,1.00000000,0.00000000,292.000000,0.00000000,5.00000000,2.00000000,0.00000000,0.00000000,355.000000,610.000000,0.179999992E-01,0.170000009E-01,17.0000000,0.250000000,80.0000000,95000.0000,300.000000,0.350000011E-02,0.00000000,1.10000002,0.00000000,0.00000000,0.00000000,0.00000000,0.750000000,0.250000000,0.850000024,0.750000000,0.162790701,0.00000000,0.00000000,0.649999976E-01,301.000000,0.00000000,0.00000000,0.00000000,7.50000000,2.00000000,1.00000000,4.00000000,0.00000000,3.25000000,0.250000000,0.600000005E-02,0.999999975E-04,0.00000000,0.00000000,0.00000000,1.00000000,300.000000,0.00000000,0.00000000,0.00000000,0.00000000,0.00000000,0.500000000,0.319999978E-01,0.319999978E-01,299.200012,0.00000000,0.00000000,0.00000000,0.00000000,0.00000000,0.00000000,0.750000000,0.250000000,0.850000024,0.750000000,0.161153927,0.153402099E-01,0.649999976E-01,0.649999976E-01,300.355927,6.12207890,0.244007788E-04,61.0019455,7.50292778,0.00000000,0.00000000,0.00000000,-28.4321232,3.25000000,0.00000000,0.677781180E-02,0.00000000,0.00000000,0.673218258E-02,0.236351285E-01,1.00000000,300.000000,27.3500061,127.698540,1185.00000,-1000.00000,0.00000000,0.00000000,0.319999494E-01,0.319999494E-01,299.251495,0.333333276E-01,0.00000000
1,1,dry_barren,3,60.0000000,1,F,T,0,0,T,17,15,0.199999996E-01,28,19,0,1004.50000,0.285714298,9.81000042,2500000.00,0.567051011E-07,0.399999991E-01,16,1,1.00000000,0.00000000,292.000000,0.00000000,5.00000000,2.00000000,0.00000000,0.00000000,355.000000,610.000000,0.179999992E-01,0.170000009E-01,17.0000000,0.250000000,80.0000000,95000.0000,300.000000,0.350000011E-02,0.00000000,1.10000002,0.00000000,0.00000000,0.00000000,0.00000000,0.750000000,0.250000000,0.850000024,0.750000000,0.162790701,0.00000000,0.00000000,0.649999976E-01,301.000000,0.00000000,0.00000000,0.00000000,7.50000000,2.00000000,1.00000000,4.00000000,0.00000000,3.25000000,0.250000000,0.600000005E-02,0.999999975E-04,0.00000000,0.00000000,0.00000000,1.00000000,300.000000,0.00000000,0.00000000,0.00000000,0.00000000,0.00000000,0.500000000,0.339999981E-01,0.339999981E-01,298.399994,0.00000000,0.00000000,0.00000000,0.00000000,0.00000000,0.00000000,0.750000000,0.250000000,0.850000024,0.750000000,0.161153927,0.153402099E-01,0.649999976E-01,0.649999976E-01,300.355927,6.12207890,0.244007788E-04,61.0019455,7.50292778,0.00000000,0.00000000,0.00000000,-28.4321232,3.25000000,0.00000000,0.677781180E-02,0.00000000,0.00000000,0.673218258E-02,0.236351285E-01,1.00000000,300.000000,27.3500061,127.698540,1185.00000,-1000.00000,0.00000000,0.00000000,0.339999832E-01,0.339999832E-01,298.404694,0.355555527E-01,0.00000000
1,1,dry_barren,4,60.0000000,1,F,T,0,0,T,17,15,0.199999996E-01,28,19,0,1004.50000,0.285714298,9.81000042,2500000.00,0.567051011E-07,0.100000001,16,1,1.00000000,0.00000000,292.000000,0.00000000,5.00000000,2.00000000,0.00000000,0.00000000,355.000000,610.000000,0.179999992E-01,0.170000009E-01,17.0000000,0.250000000,80.0000000,95000.0000,300.000000,0.350000011E-02,0.00000000,1.10000002,0.00000000,0.00000000,0.00000000,0.00000000,0.750000000,0.250000000,0.850000024,0.750000000,0.162790701,0.00000000,0.00000000,0.649999976E-01,301.000000,0.00000000,0.00000000,0.00000000,7.50000000,2.00000000,1.00000000,4.00000000,0.00000000,3.25000000,0.250000000,0.600000005E-02,0.999999975E-04,0.00000000,0.00000000,0.00000000,1.00000000,300.000000,0.00000000,0.00000000,0.00000000,0.00000000,0.00000000,0.500000000,0.359999985E-01,0.359999985E-01,297.600006,0.00000000,0.00000000,0.00000000,0.00000000,0.00000000,0.00000000,0.750000000,0.250000000,0.850000024,0.750000000,0.161153927,0.153402099E-01,0.649999976E-01,0.649999976E-01,300.355927,6.12207890,0.244007788E-04,61.0019455,7.50292778,0.00000000,0.00000000,0.00000000,-28.4321232,3.25000000,0.00000000,0.677781180E-02,0.00000000,0.00000000,0.673218258E-02,0.236351285E-01,1.00000000,300.000000,27.3500061,127.698540,1185.00000,-1000.00000,0.00000000,0.00000000,0.359999649E-01,0.359999649E-01,297.601074,0.377777740E-01,0.00000000
1,1,dry_barren,5,60.0000000,1,F,T,0,0,T,17,15,0.199999996E-01,28,19,0,1004.50000,0.285714298,9.81000042,2500000.00,0.567051011E-07,0.300000012,16,1,1.00000000,0.00000000,292.000000,0.00000000,5.00000000,2.00000000,0.00000000,0.00000000,355.000000,610.000000,0.179999992E-01,0.170000009E-01,17.0000000,0.250000000,80.0000000,95000.0000,300.000000,0.350000011E-02,0.00000000,1.10000002,0.00000000,0.00000000,0.00000000,0.00000000,0.750000000,0.250000000,0.850000024,0.750000000,0.162790701,0.00000000,0.00000000,0.649999976E-01,301.000000,0.00000000,0.00000000,0.00000000,7.50000000,2.00000000,1.00000000,4.00000000,0.00000000,3.25000000,0.250000000,0.600000005E-02,0.999999975E-04,0.00000000,0.00000000,0.00000000,1.00000000,300.000000,0.00000000,0.00000000,0.00000000,0.00000000,0.00000000,0.500000000,0.379999988E-01,0.379999988E-01,296.799988,0.00000000,0.00000000,0.00000000,0.00000000,0.00000000,0.00000000,0.750000000,0.250000000,0.850000024,0.750000000,0.161153927,0.153402099E-01,0.649999976E-01,0.649999976E-01,300.355927,6.12207890,0.244007788E-04,61.0019455,7.50292778,0.00000000,0.00000000,0.00000000,-28.4321232,3.25000000,0.00000000,0.677781180E-02,0.00000000,0.00000000,0.673218258E-02,0.236351285E-01,1.00000000,300.000000,27.3500061,127.698540,1185.00000,-1000.00000,0.00000000,0.00000000,0.379999503E-01,0.379999503E-01,296.800110,0.399999954E-01,0.00000000
1,1,dry_barren,6,60.0000000,1,F,T,0,0,T,17,15,0.199999996E-01,28,19,0,1004.50000,0.285714298,9.81000042,2500000.00,0.567051011E-07,0.600000024,16,1,1.00000000,0.00000000,292.000000,0.00000000,5.00000000,2.00000000,0.00000000,0.00000000,355.000000,610.000000,0.179999992E-01,0.170000009E-01,17.0000000,0.250000000,80.0000000,95000.0000,300.000000,0.350000011E-02,0.00000000,1.10000002,0.00000000,0.00000000,0.00000000,0.00000000,0.750000000,0.250000000,0.850000024,0.750000000,0.162790701,0.00000000,0.00000000,0.649999976E-01,301.000000,0.00000000,0.00000000,0.00000000,7.50000000,2.00000000,1.00000000,4.00000000,0.00000000,3.25000000,0.250000000,0.600000005E-02,0.999999975E-04,0.00000000,0.00000000,0.00000000,1.00000000,300.000000,0.00000000,0.00000000,0.00000000,0.00000000,0.00000000,0.500000000,0.399999991E-01,0.399999991E-01,296.000000,0.00000000,0.00000000,0.00000000,0.00000000,0.00000000,0.00000000,0.750000000,0.250000000,0.850000024,0.750000000,0.161153927,0.153402099E-01,0.649999976E-01,0.649999976E-01,300.355927,6.12207890,0.244007788E-04,61.0019455,7.50292778,0.00000000,0.00000000,0.00000000,-28.4321232,3.25000000,0.00000000,0.677781180E-02,0.00000000,0.00000000,0.673218258E-02,0.236351285E-01,1.00000000,300.000000,27.3500061,127.698540,1185.00000,-1000.00000,0.00000000,0.00000000,0.399999321E-01,0.399999321E-01,296.000000,0.422222205E-01,0.00000000
1,1,dry_barren,7,60.0000000,1,F,T,0,0,T,17,15,0.199999996E-01,28,19,0,1004.50000,0.285714298,9.81000042,2500000.00,0.567051011E-07,1.00000000,16,1,1.00000000,0.00000000,292.000000,0.00000000,5.00000000,2.00000000,0.00000000,0.00000000,355.000000,610.000000,0.179999992E-01,0.170000009E-01,17.0000000,0.250000000,80.0000000,95000.0000,300.000000,0.350000011E-02,0.00000000,1.10000002,0.00000000,0.00000000,0.00000000,0.00000000,0.750000000,0.250000000,0.850000024,0.750000000,0.162790701,0.00000000,0.00000000,0.649999976E-01,301.000000,0.00000000,0.00000000,0.00000000,7.50000000,2.00000000,1.00000000,4.00000000,0.00000000,3.25000000,0.250000000,0.600000005E-02,0.999999975E-04,0.00000000,0.00000000,0.00000000,1.00000000,300.000000,0.00000000,0.00000000,0.00000000,0.00000000,0.00000000,0.500000000,0.419999994E-01,0.419999994E-01,295.200012,0.00000000,0.00000000,0.00000000,0.00000000,0.00000000,0.00000000,0.750000000,0.250000000,0.850000024,0.750000000,0.161153927,0.153402099E-01,0.649999976E-01,0.649999976E-01,300.355927,6.12207890,0.244007788E-04,61.0019455,7.50292778,0.00000000,0.00000000,0.00000000,-28.4321232,3.25000000,0.00000000,0.677781180E-02,0.00000000,0.00000000,0.673218258E-02,0.236351285E-01,1.00000000,300.000000,27.3500061,127.698540,1185.00000,-1000.00000,0.00000000,0.00000000,0.419999957E-01,0.419999957E-01,295.200043,0.444444418E-01,0.00000000
1,1,dry_barren,8,60.0000000,1,F,T,0,0,T,17,15,0.199999996E-01,28,19,0,1004.50000,0.285714298,9.81000042,2500000.00,0.567051011E-07,1.60000002,16,1,1.00000000,0.00000000,292.000000,0.00000000,5.00000000,2.00000000,0.00000000,0.00000000,355.000000,610.000000,0.179999992E-01,0.170000009E-01,17.0000000,0.250000000,80.0000000,95000.0000,300.000000,0.350000011E-02,0.00000000,1.10000002,0.00000000,0.00000000,0.00000000,0.00000000,0.750000000,0.250000000,0.850000024,0.750000000,0.162790701,0.00000000,0.00000000,0.649999976E-01,301.000000,0.00000000,0.00000000,0.00000000,7.50000000,2.00000000,1.00000000,4.00000000,0.00000000,3.25000000,0.250000000,0.600000005E-02,0.999999975E-04,0.00000000,0.00000000,0.00000000,1.00000000,300.000000,0.00000000,0.00000000,0.00000000,0.00000000,0.00000000,0.500000000,0.439999998E-01,0.439999998E-01,294.399994,0.00000000,0.00000000,0.00000000,0.00000000,0.00000000,0.00000000,0.750000000,0.250000000,0.850000024,0.750000000,0.161153927,0.153402099E-01,0.649999976E-01,0.649999976E-01,300.355927,6.12207890,0.244007788E-04,61.0019455,7.50292778,0.00000000,0.00000000,0.00000000,-28.4321232,3.25000000,0.00000000,0.677781180E-02,0.00000000,0.00000000,0.673218258E-02,0.236351285E-01,1.00000000,300.000000,27.3500061,127.698540,1185.00000,-1000.00000,0.00000000,0.00000000,0.439999998E-01,0.439999998E-01,294.400024,0.466666631E-01,0.00000000
1,1,dry_barren,9,60.0000000,1,F,T,0,0,T,17,15,0.199999996E-01,28,19,0,1004.50000,0.285714298,9.81000042,2500000.00,0.567051011E-07,3.00000000,16,1,1.00000000,0.00000000,292.000000,0.00000000,5.00000000,2.00000000,0.00000000,0.00000000,355.000000,610.000000,0.179999992E-01,0.170000009E-01,17.0000000,0.250000000,80.0000000,95000.0000,300.000000,0.350000011E-02,0.00000000,1.10000002,0.00000000,0.00000000,0.00000000,0.00000000,0.750000000,0.250000000,0.850000024,0.750000000,0.162790701,0.00000000,0.00000000,0.649999976E-01,301.000000,0.00000000,0.00000000,0.00000000,7.50000000,2.00000000,1.00000000,4.00000000,0.00000000,3.25000000,0.250000000,0.600000005E-02,0.999999975E-04,0.00000000,0.00000000,0.00000000,1.00000000,300.000000,0.00000000,0.00000000,0.00000000,0.00000000,0.00000000,0.500000000,0.460000001E-01,0.460000001E-01,293.600006,0.00000000,0.00000000,0.00000000,0.00000000,0.00000000,0.00000000,0.750000000,0.250000000,0.850000024,0.750000000,0.161153927,0.153402099E-01,0.649999976E-01,0.649999976E-01,300.355927,6.12207890,0.244007788E-04,61.0019455,7.50292778,0.00000000,0.00000000,0.00000000,-28.4321232,3.25000000,0.00000000,0.677781180E-02,0.00000000,0.00000000,0.673218258E-02,0.236351285E-01,1.00000000,300.000000,27.3500061,127.698540,1185.00000,-1000.00000,0.00000000,0.00000000,0.460000001E-01,0.460000001E-01,292.000000,0.488888882E-01,0.00000000
1,1,urban_thin_snow,1,60.0000000,1,F,T,0,0,T,17,15,0.199999996E-01,28,19,0,1004.50000,0.285714298,9.81000042,2500000.00,0.567051011E-07,0.00000000,13,6,1.00000000,0.00000000,281.000000,5.00000000,40.0000000,12.0000000,0.100000001,1.00000000,265.000000,180.000000,0.899999961E-02,0.800000038E-02,8.00000000,0.180000007,80.0000000,95000.0000,270.000000,0.240000011E-02,0.999999975E-05,1.10000002,3.00000000,0.120000001E-01,0.300000012,0.199999996E-01,0.460000008,0.180000007,0.879999995,1.00000000,0.643939376,0.00000000,0.00000000,0.500000000,270.500000,0.00000000,0.00000000,0.00000000,7.50000000,2.00000000,1.00000000,4.00000000,0.00000000,3.25000000,0.250000000,0.260000001E-02,0.499999987E-04,0.00000000,0.00000000,0.00000000,1.00000000,270.000000,0.00000000,0.00000000,0.00000000,0.00000000,0.00000000,0.500000000,0.219999999,0.139103711,271.000000,0.898847580E-01,0.00000000,3.09829521,0.126755694E-01,0.534938127E-01,0.211655870E-01,0.460000008,0.193171874,0.885350287,1.00000000,0.663472056,0.722558005E-02,0.500000000,0.500000000,270.488037,3.95401764,0.608731125E-05,15.3616562,7.50073051,0.00000000,0.00000000,0.00000000,170.460327,3.25000000,0.00000000,0.293177390E-02,0.00000000,0.00000000,0.292320363E-02,0.320500159E-02,1.00000000,271.152863,-2.52059937,735.399719,1353.00000,77.3442383,0.100000001,1.29292119,0.220137984,0.134240463,270.544037,0.898847580E-01,0.00000000
1,1,urban_thin_snow,2,60.0000000,1,F,T,0,0,T,17,15,0.199999996E-01,28,19,0,1004.50000,0.285714298,9.81000042,2500000.00,0.567051011E-07,0.999999978E-02,13,6,1.00000000,0.00000000,281.000000,5.00000000,40.0000000,12.0000000,0.100000001,1.00000000,265.000000,180.000000,0.899999961E-02,0.800000038E-02,8.00000000,0.180000007,80.0000000,95000.0000,270.000000,0.240000011E-02,0.999999975E-05,1.10000002,3.00000000,0.120000001E-01,0.300000012,0.199999996E-01,0.460000008,0.180000007,0.879999995,1.00000000,0.643939376,0.00000000,0.00000000,0.500000000,270.500000,0.00000000,0.00000000,0.00000000,7.50000000,2.00000000,1.00000000,4.00000000,0.00000000,3.25000000,0.250000000,0.260000001E-02,0.499999987E-04,0.00000000,0.00000000,0.00000000,1.00000000,270.000000,0.00000000,0.00000000,0.00000000,0.00000000,0.00000000,0.500000000,0.223999992,0.156333268,272.000000,0.751852468E-01,0.00000000,3.09829521,0.126755694E-01,0.534938127E-01,0.211655870E-01,0.460000008,0.193171874,0.885350287,1.00000000,0.663472056,0.722558005E-02,0.500000000,0.500000000,270.488037,3.95401764,0.608731125E-05,15.3616562,7.50073051,0.00000000,0.00000000,0.00000000,170.460327,3.25000000,0.00000000,0.293177390E-02,0.00000000,0.00000000,0.292320363E-02,0.320500159E-02,1.00000000,271.152863,-2.52059937,735.399719,1353.00000,77.3442383,0.100000001,1.29292119,0.223989129,0.154956684,271.944061,0.751852468E-01,0.00000000
1,1,urban_thin_snow,3,60.0000000,1,F,T,0,0,T,17,15,0.199999996E-01,28,19,0,1004.50000,0.285714298,9.81000042,2500000.00,0.567051011E-07,0.399999991E-01,13,6,1.00000000,0.00000000,281.000000,5.00000000,40.0000000,12.0000000,0.100000001,1.00000000,265.000000,180.000000,0.899999961E-02,0.800000038E-02,8.00000000,0.180000007,80.0000000,95000.0000,270.000000,0.240000011E-02,0.999999975E-05,1.10000002,3.00000000,0.120000001E-01,0.300000012,0.199999996E-01,0.460000008,0.180000007,0.879999995,1.00000000,0.643939376,0.00000000,0.00000000,0.500000000,270.500000,0.00000000,0.00000000,0.00000000,7.50000000,2.00000000,1.00000000,4.00000000,0.00000000,3.25000000,0.250000000,0.260000001E-02,0.499999987E-04,0.00000000,0.00000000,0.00000000,1.00000000,270.000000,0.00000000,0.00000000,0.00000000,0.00000000,0.00000000,0.500000000,0.228000000,0.228000000,273.000000,0.00000000,0.00000000,3.09829521,0.126755694E-01,0.534938127E-01,0.211655870E-01,0.460000008,0.193171874,0.885350287,1.00000000,0.663472056,0.722558005E-02,0.500000000,0.500000000,270.488037,3.95401764,0.608731125E-05,15.3616562,7.50073051,0.00000000,0.00000000,0.00000000,170.460327,3.25000000,0.00000000,0.293177390E-02,0.00000000,0.00000000,0.292320363E-02,0.320500159E-02,1.00000000,271.152863,-2.52059937,735.399719,1353.00000,77.3442383,0.100000001,1.29292119,0.228006631,0.228000000,273.012329,0.197777778,0.00000000
1,1,urban_thin_snow,4,60.0000000,1,F,T,0,0,T,17,15,0.199999996E-01,28,19,0,1004.50000,0.285714298,9.81000042,2500000.00,0.567051011E-07,0.100000001,13,6,1.00000000,0.00000000,281.000000,5.00000000,40.0000000,12.0000000,0.100000001,1.00000000,265.000000,180.000000,0.899999961E-02,0.800000038E-02,8.00000000,0.180000007,80.0000000,95000.0000,270.000000,0.240000011E-02,0.999999975E-05,1.10000002,3.00000000,0.120000001E-01,0.300000012,0.199999996E-01,0.460000008,0.180000007,0.879999995,1.00000000,0.643939376,0.00000000,0.00000000,0.500000000,270.500000,0.00000000,0.00000000,0.00000000,7.50000000,2.00000000,1.00000000,4.00000000,0.00000000,3.25000000,0.250000000,0.260000001E-02,0.499999987E-04,0.00000000,0.00000000,0.00000000,1.00000000,270.000000,0.00000000,0.00000000,0.00000000,0.00000000,0.00000000,0.500000000,0.231999993,0.231999993,274.000000,0.00000000,0.00000000,3.09829521,0.126755694E-01,0.534938127E-01,0.211655870E-01,0.460000008,0.193171874,0.885350287,1.00000000,0.663472056,0.722558005E-02,0.500000000,0.500000000,270.488037,3.95401764,0.608731125E-05,15.3616562,7.50073051,0.00000000,0.00000000,0.00000000,170.460327,3.25000000,0.00000000,0.293177390E-02,0.00000000,0.00000000,0.292320363E-02,0.320500159E-02,1.00000000,271.152863,-2.52059937,735.399719,1353.00000,77.3442383,0.100000001,1.29292119,0.231994450,0.231994450,273.996277,0.202222213,0.00000000
1,1,urban_thin_snow,5,60.0000000,1,F,T,0,0,T,17,15,0.199999996E-01,28,19,0,1004.50000,0.285714298,9.81000042,2500000.00,0.567051011E-07,0.300000012,13,6,1.00000000,0.00000000,281.000000,5.00000000,40.0000000,12.0000000,0.100000001,1.00000000,265.000000,180.000000,0.899999961E-02,0.800000038E-02,8.00000000,0.180000007,80.0000000,95000.0000,270.000000,0.240000011E-02,0.999999975E-05,1.10000002,3.00000000,0.120000001E-01,0.300000012,0.199999996E-01,0.460000008,0.180000007,0.879999995,1.00000000,0.643939376,0.00000000,0.00000000,0.500000000,270.500000,0.00000000,0.00000000,0.00000000,7.50000000,2.00000000,1.00000000,4.00000000,0.00000000,3.25000000,0.250000000,0.260000001E-02,0.499999987E-04,0.00000000,0.00000000,0.00000000,1.00000000,270.000000,0.00000000,0.00000000,0.00000000,0.00000000,0.00000000,0.500000000,0.236000001,0.236000001,275.000000,0.00000000,0.00000000,3.09829521,0.126755694E-01,0.534938127E-01,0.211655870E-01,0.460000008,0.193171874,0.885350287,1.00000000,0.663472056,0.722558005E-02,0.500000000,0.500000000,270.488037,3.95401764,0.608731125E-05,15.3616562,7.50073051,0.00000000,0.00000000,0.00000000,170.460327,3.25000000,0.00000000,0.293177390E-02,0.00000000,0.00000000,0.292320363E-02,0.320500159E-02,1.00000000,271.152863,-2.52059937,735.399719,1353.00000,77.3442383,0.100000001,1.29292119,0.235999599,0.235999599,274.999634,0.206666663,0.00000000
1,1,urban_thin_snow,6,60.0000000,1,F,T,0,0,T,17,15,0.199999996E-01,28,19,0,1004.50000,0.285714298,9.81000042,2500000.00,0.567051011E-07,0.600000024,13,6,1.00000000,0.00000000,281.000000,5.00000000,40.0000000,12.0000000,0.100000001,1.00000000,265.000000,180.000000,0.899999961E-02,0.800000038E-02,8.00000000,0.180000007,80.0000000,95000.0000,270.000000,0.240000011E-02,0.999999975E-05,1.10000002,3.00000000,0.120000001E-01,0.300000012,0.199999996E-01,0.460000008,0.180000007,0.879999995,1.00000000,0.643939376,0.00000000,0.00000000,0.500000000,270.500000,0.00000000,0.00000000,0.00000000,7.50000000,2.00000000,1.00000000,4.00000000,0.00000000,3.25000000,0.250000000,0.260000001E-02,0.499999987E-04,0.00000000,0.00000000,0.00000000,1.00000000,270.000000,0.00000000,0.00000000,0.00000000,0.00000000,0.00000000,0.500000000,0.239999995,0.239999995,276.000000,0.00000000,0.00000000,3.09829521,0.126755694E-01,0.534938127E-01,0.211655870E-01,0.460000008,0.193171874,0.885350287,1.00000000,0.663472056,0.722558005E-02,0.500000000,0.500000000,270.488037,3.95401764,0.608731125E-05,15.3616562,7.50073051,0.00000000,0.00000000,0.00000000,170.460327,3.25000000,0.00000000,0.293177390E-02,0.00000000,0.00000000,0.292320363E-02,0.320500159E-02,1.00000000,271.152863,-2.52059937,735.399719,1353.00000,77.3442383,0.100000001,1.29292119,0.239999861,0.239999861,275.999908,0.211111099,0.00000000
1,1,urban_thin_snow,7,60.0000000,1,F,T,0,0,T,17,15,0.199999996E-01,28,19,0,1004.50000,0.285714298,9.81000042,2500000.00,0.567051011E-07,1.00000000,13,6,1.00000000,0.00000000,281.000000,5.00000000,40.0000000,12.0000000,0.100000001,1.00000000,265.000000,180.000000,0.899999961E-02,0.800000038E-02,8.00000000,0.180000007,80.0000000,95000.0000,270.000000,0.240000011E-02,0.999999975E-05,1.10000002,3.00000000,0.120000001E-01,0.300000012,0.199999996E-01,0.460000008,0.180000007,0.879999995,1.00000000,0.643939376,0.00000000,0.00000000,0.500000000,270.500000,0.00000000,0.00000000,0.00000000,7.50000000,2.00000000,1.00000000,4.00000000,0.00000000,3.25000000,0.250000000,0.260000001E-02,0.499999987E-04,0.00000000,0.00000000,0.00000000,1.00000000,270.000000,0.00000000,0.00000000,0.00000000,0.00000000,0.00000000,0.500000000,0.244000003,0.244000003,277.000000,0.00000000,0.00000000,3.09829521,0.126755694E-01,0.534938127E-01,0.211655870E-01,0.460000008,0.193171874,0.885350287,1.00000000,0.663472056,0.722558005E-02,0.500000000,0.500000000,270.488037,3.95401764,0.608731125E-05,15.3616562,7.50073051,0.00000000,0.00000000,0.00000000,170.460327,3.25000000,0.00000000,0.293177390E-02,0.00000000,0.00000000,0.292320363E-02,0.320500159E-02,1.00000000,271.152863,-2.52059937,735.399719,1353.00000,77.3442383,0.100000001,1.29292119,0.243999884,0.243999884,276.999939,0.215555549,0.00000000
1,1,urban_thin_snow,8,60.0000000,1,F,T,0,0,T,17,15,0.199999996E-01,28,19,0,1004.50000,0.285714298,9.81000042,2500000.00,0.567051011E-07,1.60000002,13,6,1.00000000,0.00000000,281.000000,5.00000000,40.0000000,12.0000000,0.100000001,1.00000000,265.000000,180.000000,0.899999961E-02,0.800000038E-02,8.00000000,0.180000007,80.0000000,95000.0000,270.000000,0.240000011E-02,0.999999975E-05,1.10000002,3.00000000,0.120000001E-01,0.300000012,0.199999996E-01,0.460000008,0.180000007,0.879999995,1.00000000,0.643939376,0.00000000,0.00000000,0.500000000,270.500000,0.00000000,0.00000000,0.00000000,7.50000000,2.00000000,1.00000000,4.00000000,0.00000000,3.25000000,0.250000000,0.260000001E-02,0.499999987E-04,0.00000000,0.00000000,0.00000000,1.00000000,270.000000,0.00000000,0.00000000,0.00000000,0.00000000,0.00000000,0.500000000,0.247999996,0.247999996,278.000000,0.00000000,0.00000000,3.09829521,0.126755694E-01,0.534938127E-01,0.211655870E-01,0.460000008,0.193171874,0.885350287,1.00000000,0.663472056,0.722558005E-02,0.500000000,0.500000000,270.488037,3.95401764,0.608731125E-05,15.3616562,7.50073051,0.00000000,0.00000000,0.00000000,170.460327,3.25000000,0.00000000,0.293177390E-02,0.00000000,0.00000000,0.292320363E-02,0.320500159E-02,1.00000000,271.152863,-2.52059937,735.399719,1353.00000,77.3442383,0.100000001,1.29292119,0.247999892,0.247999892,277.999969,0.219999999,0.00000000
1,1,urban_thin_snow,9,60.0000000,1,F,T,0,0,T,17,15,0.199999996E-01,28,19,0,1004.50000,0.285714298,9.81000042,2500000.00,0.567051011E-07,3.00000000,13,6,1.00000000,0.00000000,281.000000,5.00000000,40.0000000,12.0000000,0.100000001,1.00000000,265.000000,180.000000,0.899999961E-02,0.800000038E-02,8.00000000,0.180000007,80.0000000,95000.0000,270.000000,0.240000011E-02,0.999999975E-05,1.10000002,3.00000000,0.120000001E-01,0.300000012,0.199999996E-01,0.460000008,0.180000007,0.879999995,1.00000000,0.643939376,0.00000000,0.00000000,0.500000000,270.500000,0.00000000,0.00000000,0.00000000,7.50000000,2.00000000,1.00000000,4.00000000,0.00000000,3.25000000,0.250000000,0.260000001E-02,0.499999987E-04,0.00000000,0.00000000,0.00000000,1.00000000,270.000000,0.00000000,0.00000000,0.00000000,0.00000000,0.00000000,0.500000000,0.252000004,0.252000004,279.000000,0.00000000,0.00000000,3.09829521,0.126755694E-01,0.534938127E-01,0.211655870E-01,0.460000008,0.193171874,0.885350287,1.00000000,0.663472056,0.722558005E-02,0.500000000,0.500000000,270.488037,3.95401764,0.608731125E-05,15.3616562,7.50073051,0.00000000,0.00000000,0.00000000,170.460327,3.25000000,0.00000000,0.293177390E-02,0.00000000,0.00000000,0.292320363E-02,0.320500159E-02,1.00000000,271.152863,-2.52059937,735.399719,1353.00000,77.3442383,0.100000001,1.29292119,0.252000004,0.252000004,281.000000,0.224444464,0.00000000
1,1,mixed_forest_melt,1,60.0000000,1,F,T,0,0,T,17,15,0.199999996E-01,28,19,0,1004.50000,0.285714298,9.81000042,2500000.00,0.567051011E-07,0.00000000,5,7,1.00000000,0.00000000,283.000000,20.0000000,90.0000000,64.0000000,0.500000000,0.00000000,305.000000,330.000000,0.130000003E-01,0.120000001E-01,12.0000000,0.129999995,80.0000000,95000.0000,277.500000,0.480000023E-02,0.00000000,1.10000002,25.0000000,0.100000001,0.800000012,0.100000001,0.529999971,0.129999995,0.939999998,5.50000000,0.831168830,0.00000000,0.00000000,0.800000012,277.000000,0.00000000,0.00000000,0.00000000,7.50000000,2.00000000,1.00000000,4.00000000,0.00000000,3.25000000,0.250000000,0.499999989E-02,0.599999985E-04,0.00000000,0.00000000,0.00000000,1.00000000,276.000000,0.00000000,0.00000000,0.00000000,0.00000000,0.00000000,0.500000000,0.259999990,0.259999990,277.000000,0.00000000,0.00000000,24.9907856,0.999528095E-01,0.430088818,0.174816370,0.529999971,0.280603528,0.957211852,5.50000000,1.00000000,0.108166067E-01,0.800000012,0.800000012,275.477661,-24.5273972,0.387438740E-05,10.1994581,7.50046539,0.116659828,0.00000000,0.116659828,34.0618706,3.25000000,0.990355760E-02,0.524707837E-02,0.00000000,0.00000000,0.521969004E-02,0.530087063E-02,1.00000000,273.149994,0.00000000,874.562866,1260.00000,-1000.00000,0.00000000,0.00000000,0.304254055,0.259999990,275.477661,0.213333309,0.00000000
1,1,mixed_forest_melt,2,60.0000000,1,F,T,0,0,T,17,15,0.199999996E-01,28,19,0,1004.50000,0.285714298,9.81000042,2500000.00,0.567051011E-07,0.999999978E-02,5,7,1.00000000,0.00000000,283.000000,20.0000000,90.0000000,64.0000000,0.500000000,0.00000000,305.000000,330.000000,0.130000003E-01,0.120000001E-01,12.0000000,0.129999995,80.0000000,95000.0000,277.500000,0.480000023E-02,0.00000000,1.10000002,25.0000000,0.100000001,0.800000012,0.100000001,0.529999971,0.129999995,0.939999998,5.50000000,0.831168830,0.00000000,0.00000000,0.800000012,277.000000,0.00000000,0.00000000,0.00000000,7.50000000,2.00000000,1.00000000,4.00000000,0.00000000,3.25000000,0.250000000,0.499999989E-02,0.599999985E-04,0.00000000,0.00000000,0.00000000,1.00000000,276.000000,0.00000000,0.00000000,0.00000000,0.00000000,0.00000000,0.500000000,0.264999986,0.264999986,277.700012,0.00000000,0.00000000,24.9907856,0.999528095E-01,0.430088818,0.174816370,0.529999971,0.280603528,0.957211852,5.50000000,1.00000000,0.108166067E-01,0.800000012,0.800000012,275.477661,-24.5273972,0.387438740E-05,10.1994581,7.50046539,0.116659828,0.00000000,0.116659828,34.0618706,3.25000000,0.990355760E-02,0.524707837E-02,0.00000000,0.00000000,0.521969004E-02,0.530087063E-02,1.00000000,273.149994,0.00000000,874.562866,1260.00000,-1000.00000,0.00000000,0.00000000,0.269591451,0.264999986,277.426605,0.218888849,0.00000000
1,1,mixed_forest_melt,3,60.0000000,1,F,T,0,0,T,17,15,0.199999996E-01,28,19,0,1004.50000,0.285714298,9.81000042,2500000.00,0.567051011E-07,0.399999991E-01,5,7,1.00000000,0.00000000,283.000000,20.0000000,90.0000000,64.0000000,0.500000000,0.00000000,305.000000,330.000000,0.130000003E-01,0.120000001E-01,12.0000000,0.129999995,80.0000000,95000.0000,277.500000,0.480000023E-02,0.00000000,1.10000002,25.0000000,0.100000001,0.800000012,0.100000001,0.529999971,0.129999995,0.939999998,5.50000000,0.831168830,0.00000000,0.00000000,0.800000012,277.000000,0.00000000,0.00000000,0.00000000,7.50000000,2.00000000,1.00000000,4.00000000,0.00000000,3.25000000,0.250000000,0.499999989E-02,0.599999985E-04,0.00000000,0.00000000,0.00000000,1.00000000,276.000000,0.00000000,0.00000000,0.00000000,0.00000000,0.00000000,0.500000000,0.269999981,0.269999981,278.399994,0.00000000,0.00000000,24.9907856,0.999528095E-01,0.430088818,0.174816370,0.529999971,0.280603528,0.957211852,5.50000000,1.00000000,0.108166067E-01,0.800000012,0.800000012,275.477661,-24.5273972,0.387438740E-05,10.1994581,7.50046539,0.116659828,0.00000000,0.116659828,34.0618706,3.25000000,0.990355760E-02,0.524707837E-02,0.00000000,0.00000000,0.521969004E-02,0.530087063E-02,1.00000000,273.149994,0.00000000,874.562866,1260.00000,-1000.00000,0.00000000,0.00000000,0.270056784,0.269999981,278.381714,0.224444404,0.00000000
1,1,mixed_forest_melt,4,60.0000000,1,F,T,0,0,T,17,15,0.199999996E-01,28,19,0,1004.50000,0.285714298,9.81000042,2500000.00,0.567051011E-07,0.100000001,5,7,1.00000000,0.00000000,283.000000,20.0000000,90.0000000,64.0000000,0.500000000,0.00000000,305.000000,330.000000,0.130000003E-01,0.120000001E-01,12.0000000,0.129999995,80.0000000,95000.0000,277.500000,0.480000023E-02,0.00000000,1.10000002,25.0000000,0.100000001,0.800000012,0.100000001,0.529999971,0.129999995,0.939999998,5.50000000,0.831168830,0.00000000,0.00000000,0.800000012,277.000000,0.00000000,0.00000000,0.00000000,7.50000000,2.00000000,1.00000000,4.00000000,0.00000000,3.25000000,0.250000000,0.499999989E-02,0.599999985E-04,0.00000000,0.00000000,0.00000000,1.00000000,276.000000,0.00000000,0.00000000,0.00000000,0.00000000,0.00000000,0.500000000,0.274999976,0.274999976,279.100006,0.00000000,0.00000000,24.9907856,0.999528095E-01,0.430088818,0.174816370,0.529999971,0.280603528,0.957211852,5.50000000,1.00000000,0.108166067E-01,0.800000012,0.800000012,275.477661,-24.5273972,0.387438740E-05,10.1994581,7.50046539,0.116659828,0.00000000,0.116659828,34.0618706,3.25000000,0.990355760E-02,0.524707837E-02,0.00000000,0.00000000,0.521969004E-02,0.530087063E-02,1.00000000,273.149994,0.00000000,874.562866,1260.00000,-1000.00000,0.00000000,0.00000000,0.274984956,0.274984956,279.096741,0.229999959,0.00000000
1,1,mixed_forest_melt,5,60.0000000,1,F,T,0,0,T,17,15,0.199999996E-01,28,19,0,1004.50000,0.285714298,9.81000042,2500000.00,0.567051011E-07,0.300000012,5,7,1.00000000,0.00000000,283.000000,20.0000000,90.0000000,64.0000000,0.500000000,0.00000000,305.000000,330.000000,0.130000003E-01,0.120000001E-01,12.0000000,0.129999995,80.0000000,95000.0000,277.500000,0.480000023E-02,0.00000000,1.10000002,25.0000000,0.100000001,0.800000012,0.100000001,0.529999971,0.129999995,0.939999998,5.50000000,0.831168830,0.00000000,0.00000000,0.800000012,277.000000,0.00000000,0.00000000,0.00000000,7.50000000,2.00000000,1.00000000,4.00000000,0.00000000,3.25000000,0.250000000,0.499999989E-02,0.599999985E-04,0.00000000,0.00000000,0.00000000,1.00000000,276.000000,0.00000000,0.00000000,0.00000000,0.00000000,0.00000000,0.500000000,0.280000001,0.280000001,279.799988,0.00000000,0.00000000,24.9907856,0.999528095E-01,0.430088818,0.174816370,0.529999971,0.280603528,0.957211852,5.50000000,1.00000000,0.108166067E-01,0.800000012,0.800000012,275.477661,-24.5273972,0.387438740E-05,10.1994581,7.50046539,0.116659828,0.00000000,0.116659828,34.0618706,3.25000000,0.990355760E-02,0.524707837E-02,0.00000000,0.00000000,0.521969004E-02,0.530087063E-02,1.00000000,273.149994,0.00000000,874.562866,1260.00000,-1000.00000,0.00000000,0.00000000,0.279999018,0.279999018,279.799744,0.235555530,0.00000000
1,1,mixed_forest_melt,6,60.0000000,1,F,T,0,0,T,17,15,0.199999996E-01,28,19,0,1004.50000,0.285714298,9.81000042,2500000.00,0.567051011E-07,0.600000024,5,7,1.00000000,0.00000000,283.000000,20.0000000,90.0000000,64.0000000,0.500000000,0.00000000,305.000000,330.000000,0.130000003E-01,0.120000001E-01,12.0000000,0.129999995,80.0000000,95000.0000,277.500000,0.480000023E-02,0.00000000,1.10000002,25.0000000,0.100000001,0.800000012,0.100000001,0.529999971,0.129999995,0.939999998,5.50000000,0.831168830,0.00000000,0.00000000,0.800000012,277.000000,0.00000000,0.00000000,0.00000000,7.50000000,2.00000000,1.00000000,4.00000000,0.00000000,3.25000000,0.250000000,0.499999989E-02,0.599999985E-04,0.00000000,0.00000000,0.00000000,1.00000000,276.000000,0.00000000,0.00000000,0.00000000,0.00000000,0.00000000,0.500000000,0.284999996,0.284999996,280.500000,0.00000000,0.00000000,24.9907856,0.999528095E-01,0.430088818,0.174816370,0.529999971,0.280603528,0.957211852,5.50000000,1.00000000,0.108166067E-01,0.800000012,0.800000012,275.477661,-24.5273972,0.387438740E-05,10.1994581,7.50046539,0.116659828,0.00000000,0.116659828,34.0618706,3.25000000,0.990355760E-02,0.524707837E-02,0.00000000,0.00000000,0.521969004E-02,0.530087063E-02,1.00000000,273.149994,0.00000000,874.562866,1260.00000,-1000.00000,0.00000000,0.00000000,0.284999669,0.284999669,280.499908,0.241111100,0.00000000
1,1,mixed_forest_melt,7,60.0000000,1,F,T,0,0,T,17,15,0.199999996E-01,28,19,0,1004.50000,0.285714298,9.81000042,2500000.00,0.567051011E-07,1.00000000,5,7,1.00000000,0.00000000,283.000000,20.0000000,90.0000000,64.0000000,0.500000000,0.00000000,305.000000,330.000000,0.130000003E-01,0.120000001E-01,12.0000000,0.129999995,80.0000000,95000.0000,277.500000,0.480000023E-02,0.00000000,1.10000002,25.0000000,0.100000001,0.800000012,0.100000001,0.529999971,0.129999995,0.939999998,5.50000000,0.831168830,0.00000000,0.00000000,0.800000012,277.000000,0.00000000,0.00000000,0.00000000,7.50000000,2.00000000,1.00000000,4.00000000,0.00000000,3.25000000,0.250000000,0.499999989E-02,0.599999985E-04,0.00000000,0.00000000,0.00000000,1.00000000,276.000000,0.00000000,0.00000000,0.00000000,0.00000000,0.00000000,0.500000000,0.289999992,0.289999992,281.200012,0.00000000,0.00000000,24.9907856,0.999528095E-01,0.430088818,0.174816370,0.529999971,0.280603528,0.957211852,5.50000000,1.00000000,0.108166067E-01,0.800000012,0.800000012,275.477661,-24.5273972,0.387438740E-05,10.1994581,7.50046539,0.116659828,0.00000000,0.116659828,34.0618706,3.25000000,0.990355760E-02,0.524707837E-02,0.00000000,0.00000000,0.521969004E-02,0.530087063E-02,1.00000000,273.149994,0.00000000,874.562866,1260.00000,-1000.00000,0.00000000,0.00000000,0.289999604,0.289999604,281.199951,0.246666625,0.00000000
1,1,mixed_forest_melt,8,60.0000000,1,F,T,0,0,T,17,15,0.199999996E-01,28,19,0,1004.50000,0.285714298,9.81000042,2500000.00,0.567051011E-07,1.60000002,5,7,1.00000000,0.00000000,283.000000,20.0000000,90.0000000,64.0000000,0.500000000,0.00000000,305.000000,330.000000,0.130000003E-01,0.120000001E-01,12.0000000,0.129999995,80.0000000,95000.0000,277.500000,0.480000023E-02,0.00000000,1.10000002,25.0000000,0.100000001,0.800000012,0.100000001,0.529999971,0.129999995,0.939999998,5.50000000,0.831168830,0.00000000,0.00000000,0.800000012,277.000000,0.00000000,0.00000000,0.00000000,7.50000000,2.00000000,1.00000000,4.00000000,0.00000000,3.25000000,0.250000000,0.499999989E-02,0.599999985E-04,0.00000000,0.00000000,0.00000000,1.00000000,276.000000,0.00000000,0.00000000,0.00000000,0.00000000,0.00000000,0.500000000,0.294999987,0.294999987,281.899994,0.00000000,0.00000000,24.9907856,0.999528095E-01,0.430088818,0.174816370,0.529999971,0.280603528,0.957211852,5.50000000,1.00000000,0.108166067E-01,0.800000012,0.800000012,275.477661,-24.5273972,0.387438740E-05,10.1994581,7.50046539,0.116659828,0.00000000,0.116659828,34.0618706,3.25000000,0.990355760E-02,0.524707837E-02,0.00000000,0.00000000,0.521969004E-02,0.530087063E-02,1.00000000,273.149994,0.00000000,874.562866,1260.00000,-1000.00000,0.00000000,0.00000000,0.294999689,0.294999689,281.899963,0.252222180,0.00000000
1,1,mixed_forest_melt,9,60.0000000,1,F,T,0,0,T,17,15,0.199999996E-01,28,19,0,1004.50000,0.285714298,9.81000042,2500000.00,0.567051011E-07,3.00000000,5,7,1.00000000,0.00000000,283.000000,20.0000000,90.0000000,64.0000000,0.500000000,0.00000000,305.000000,330.000000,0.130000003E-01,0.120000001E-01,12.0000000,0.129999995,80.0000000,95000.0000,277.500000,0.480000023E-02,0.00000000,1.10000002,25.0000000,0.100000001,0.800000012,0.100000001,0.529999971,0.129999995,0.939999998,5.50000000,0.831168830,0.00000000,0.00000000,0.800000012,277.000000,0.00000000,0.00000000,0.00000000,7.50000000,2.00000000,1.00000000,4.00000000,0.00000000,3.25000000,0.250000000,0.499999989E-02,0.599999985E-04,0.00000000,0.00000000,0.00000000,1.00000000,276.000000,0.00000000,0.00000000,0.00000000,0.00000000,0.00000000,0.500000000,0.299999982,0.299999982,282.600006,0.00000000,0.00000000,24.9907856,0.999528095E-01,0.430088818,0.174816370,0.529999971,0.280603528,0.957211852,5.50000000,1.00000000,0.108166067E-01,0.800000012,0.800000012,275.477661,-24.5273972,0.387438740E-05,10.1994581,7.50046539,0.116659828,0.00000000,0.116659828,34.0618706,3.25000000,0.990355760E-02,0.524707837E-02,0.00000000,0.00000000,0.521969004E-02,0.530087063E-02,1.00000000,273.149994,0.00000000,874.562866,1260.00000,-1000.00000,0.00000000,0.00000000,0.299999982,0.299999982,283.000000,0.257777750,0.00000000
1,1,savanna_wet,1,60.0000000,1,F,T,0,0,T,17,15,0.199999996E-01,28,19,0,1004.50000,0.285714298,9.81000042,2500000.00,0.567051011E-07,0.00000000,9,9,1.00000000,0.999999978E-02,289.000000,10.0000000,70.0000000,48.0000000,3.00000000,0.00000000,360.000000,470.000000,0.160000008E-01,0.149999997E-01,15.0000000,0.200000003,80.0000000,95000.0000,292.000000,0.138999997E-01,0.299999992E-04,1.10000002,0.00000000,0.00000000,0.00000000,0.180000007,0.500000000,0.200000003,0.920000017,3.66000009,1.00000000,0.00000000,0.00000000,0.150000006,294.000000,0.00000000,0.00000000,0.00000000,7.50000000,2.00000000,1.00000000,4.00000000,0.00000000,3.25000000,0.250000000,0.149999997E-01,0.999999975E-04,0.00000000,0.00000000,0.00000000,1.00000000,293.000000,0.00000000,0.00000000,0.00000000,0.00000000,0.00000000,0.500000000,0.379999995,0.00000000,293.000000,1.00000000,0.00000000,0.00000000,0.00000000,0.00000000,0.482085973,0.500000000,0.200000003,0.920000017,3.66000009,1.00000000,0.134185990E-01,0.150000006,0.150000006,293.280548,19.2668343,0.179458621E-04,44.8646545,7.50215340,2.30178499,0.00000000,2.30178499,-87.5584946,3.25000000,0.00000000,0.154290507E-01,0.00000000,0.00000000,0.151946126E-01,0.154290507E-01,0.00000000,293.000000,20.3500061,1215.77954,1353.00000,-1000.00000,0.00000000,0.00000000,0.398404717,0.379999995,293.280548,0.366666645,0.00000000
1,1,savanna_wet,2,60.0000000,1,F,T,0,0,T,17,15,0.199999996E-01,28,19,0,1004.50000,0.285714298,9.81000042,2500000.00,0.567051011E-07,0.999999978E-02,9,9,1.00000000,0.999999978E-02,289.000000,10.0000000,70.0000000,48.0000000,3.00000000,0.00000000,360.000000,470.000000,0.160000008E-01,0.149999997E-01,15.0000000,0.200000003,80.0000000,95000.0000,292.000000,0.138999997E-01,0.299999992E-04,1.10000002,0.00000000,0.00000000,0.00000000,0.180000007,0.500000000,0.200000003,0.920000017,3.66000009,1.00000000,0.00000000,0.00000000,0.150000006,294.000000,0.00000000,0.00000000,0.00000000,7.50000000,2.00000000,1.00000000,4.00000000,0.00000000,3.25000000,0.250000000,0.149999997E-01,0.999999975E-04,0.00000000,0.00000000,0.00000000,1.00000000,293.000000,0.00000000,0.00000000,0.00000000,0.00000000,0.00000000,0.500000000,0.384000003,0.00000000,292.600006,1.00000000,0.00000000,0.00000000,0.00000000,0.00000000,0.482085973,0.500000000,0.200000003,0.920000017,3.66000009,1.00000000,0.134185990E-01,0.150000006,0.150000006,293.280548,19.2668343,0.179458621E-04,44.8646545,7.50215340,2.30178499,0.00000000,2.30178499,-87.5584946,3.25000000,0.00000000,0.154290507E-01,0.00000000,0.00000000,0.151946126E-01,0.154290507E-01,0.00000000,293.000000,20.3500061,1215.77954,1353.00000,-1000.00000,0.00000000,0.00000000,0.394157231,0.384000003,292.668793,0.371111095,0.00000000
1,1,savanna_wet,3,60.0000000,1,F,T,0,0,T,17,15,0.199999996E-01,28,19,0,1004.50000,0.285714298,9.81000042,2500000.00,0.567051011E-07,0.399999991E-01,9,9,1.00000000,0.999999978E-02,289.000000,10.0000000,70.0000000,48.0000000,3.00000000,0.00000000,360.000000,470.000000,0.160000008E-01,0.149999997E-01,15.0000000,0.200000003,80.0000000,95000.0000,292.000000,0.138999997E-01,0.299999992E-04,1.10000002,0.00000000,0.00000000,0.00000000,0.180000007,0.500000000,0.200000003,0.920000017,3.66000009,1.00000000,0.00000000,0.00000000,0.150000006,294.000000,0.00000000,0.00000000,0.00000000,7.50000000,2.00000000,1.00000000,4.00000000,0.00000000,3.25000000,0.250000000,0.149999997E-01,0.999999975E-04,0.00000000,0.00000000,0.00000000,1.00000000,293.000000,0.00000000,0.00000000,0.00000000,0.00000000,0.00000000,0.500000000,0.387999982,0.00000000,292.200012,1.00000000,0.00000000,0.00000000,0.00000000,0.00000000,0.482085973,0.500000000,0.200000003,0.920000017,3.66000009,1.00000000,0.134185990E-01,0.150000006,0.150000006,293.280548,19.2668343,0.179458621E-04,44.8646545,7.50215340,2.30178499,0.00000000,2.30178499,-87.5584946,3.25000000,0.00000000,0.154290507E-01,0.00000000,0.00000000,0.151946126E-01,0.154290507E-01,0.00000000,293.000000,20.3500061,1215.77954,1353.00000,-1000.00000,0.00000000,0.00000000,0.390478134,0.387999982,292.206451,0.375555515,0.00000000
1,1,savanna_wet,4,60.0000000,1,F,T,0,0,T,17,15,0.199999996E-01,28,19,0,1004.50000,0.285714298,9.81000042,2500000.00,0.567051011E-07,0.100000001,9,9,1.00000000,0.999999978E-02,289.000000,10.0000000,70.0000000,48.0000000,3.00000000,0.00000000,360.000000,470.000000,0.160000008E-01,0.149999997E-01,15.0000000,0.200000003,80.0000000,95000.0000,292.000000,0.138999997E-01,0.299999992E-04,1.10000002,0.00000000,0.00000000,0.00000000,0.180000007,0.500000000,0.200000003,0.920000017,3.66000009,1.00000000,0.00000000,0.00000000,0.150000006,294.000000,0.00000000,0.00000000,0.00000000,7.50000000,2.00000000,1.00000000,4.00000000,0.00000000,3.25000000,0.250000000,0.149999997E-01,0.999999975E-04,0.00000000,0.00000000,0.00000000,1.00000000,293.000000,0.00000000,0.00000000,0.00000000,0.00000000,0.00000000,0.500000000,0.391999990,0.00000000,291.799988,1.00000000,0.00000000,0.00000000,0.00000000,0.00000000,0.482085973,0.500000000,0.200000003,0.920000017,3.66000009,1.00000000,0.134185990E-01,0.150000006,0.150000006,293.280548,19.2668343,0.179458621E-04,44.8646545,7.50215340,2.30178499,0.00000000,2.30178499,-87.5584946,3.25000000,0.00000000,0.154290507E-01,0.00000000,0.00000000,0.151946126E-01,0.154290507E-01,0.00000000,293.000000,20.3500061,1215.77954,1353.00000,-1000.00000,0.00000000,0.00000000,0.391968191,0.391968191,291.801361,0.379999965,0.00000000
1,1,savanna_wet,5,60.0000000,1,F,T,0,0,T,17,15,0.199999996E-01,28,19,0,1004.50000,0.285714298,9.81000042,2500000.00,0.567051011E-07,0.300000012,9,9,1.00000000,0.999999978E-02,289.000000,10.0000000,70.0000000,48.0000000,3.00000000,0.00000000,360.000000,470.000000,0.160000008E-01,0.149999997E-01,15.0000000,0.200000003,80.0000000,95000.0000,292.000000,0.138999997E-01,0.299999992E-04,1.10000002,0.00000000,0.00000000,0.00000000,0.180000007,0.500000000,0.200000003,0.920000017,3.66000009,1.00000000,0.00000000,0.00000000,0.150000006,294.000000,0.00000000,0.00000000,0.00000000,7.50000000,2.00000000,1.00000000,4.00000000,0.00000000,3.25000000,0.250000000,0.149999997E-01,0.999999975E-04,0.00000000,0.00000000,0.00000000,1.00000000,293.000000,0.00000000,0.00000000,0.00000000,0.00000000,0.00000000,0.500000000,0.395999998,0.00000000,291.399994,1.00000000,0.00000000,0.00000000,0.00000000,0.00000000,0.482085973,0.500000000,0.200000003,0.920000017,3.66000009,1.00000000,0.134185990E-01,0.150000006,0.150000006,293.280548,19.2668343,0.179458621E-04,44.8646545,7.50215340,2.30178499,0.00000000,2.30178499,-87.5584946,3.25000000,0.00000000,0.154290507E-01,0.00000000,0.00000000,0.151946126E-01,0.154290507E-01,0.00000000,293.000000,20.3500061,1215.77954,1353.00000,-1000.00000,0.00000000,0.00000000,0.395973176,0.395973176,291.400085,0.384444416,0.00000000
1,1,savanna_wet,6,60.0000000,1,F,T,0,0,T,17,15,0.199999996E-01,28,19,0,1004.50000,0.285714298,9.81000042,2500000.00,0.567051011E-07,0.600000024,9,9,1.00000000,0.999999978E-02,289.000000,10.0000000,70.0000000,48.0000000,3.00000000,0.00000000,360.000000,470.000000,0.160000008E-01,0.149999997E-01,15.0000000,0.200000003,80.0000000,95000.0000,292.000000,0.138999997E-01,0.299999992E-04,1.10000002,0.00000000,0.00000000,0.00000000,0.180000007,0.500000000,0.200000003,0.920000017,3.66000009,1.00000000,0.00000000,0.00000000,0.150000006,294.000000,0.00000000,0.00000000,0.00000000,7.50000000,2.00000000,1.00000000,4.00000000,0.00000000,3.25000000,0.250000000,0.149999997E-01,0.999999975E-04,0.00000000,0.00000000,0.00000000,1.00000000,293.000000,0.00000000,0.00000000,0.00000000,0.00000000,0.00000000,0.500000000,0.400000006,0.00000000,291.000000,1.00000000,0.00000000,0.00000000,0.00000000,0.00000000,0.482085973,0.500000000,0.200000003,0.920000017,3.66000009,1.00000000,0.134185990E-01,0.150000006,0.150000006,293.280548,19.2668343,0.179458621E-04,44.8646545,7.50215340,2.30178499,0.00000000,2.30178499,-87.5584946,3.25000000,0.00000000,0.154290507E-01,0.00000000,0.00000000,0.151946126E-01,0.154290507E-01,0.00000000,293.000000,20.3500061,1215.77954,1353.00000,-1000.00000,0.00000000,0.00000000,0.399987042,0.399987042,291.000031,0.388888866,0.00000000
1,1,savanna_wet,7,60.0000000,1,F,T,0,0,T,17,15,0.199999996E-01,28,19,0,1004.50000,0.285714298,9.81000042,2500000.00,0.567051011E-07,1.00000000,9,9,1.00000000,0.999999978E-02,289.000000,10.0000000,70.0000000,48.0000000,3.00000000,0.00000000,360.000000,470.000000,0.160000008E-01,0.149999997E-01,15.0000000,0.200000003,80.0000000,95000.0000,292.000000,0.138999997E-01,0.299999992E-04,1.10000002,0.00000000,0.00000000,0.00000000,0.180000007,0.500000000,0.200000003,0.920000017,3.66000009,1.00000000,0.00000000,0.00000000,0.150000006,294.000000,0.00000000,0.00000000,0.00000000,7.50000000,2.00000000,1.00000000,4.00000000,0.00000000,3.25000000,0.250000000,0.149999997E-01,0.999999975E-04,0.00000000,0.00000000,0.00000000,1.00000000,293.000000,0.00000000,0.00000000,0.00000000,0.00000000,0.00000000,0.500000000,0.403999984,0.00000000,290.600006,1.00000000,0.00000000,0.00000000,0.00000000,0.00000000,0.482085973,0.500000000,0.200000003,0.920000017,3.66000009,1.00000000,0.134185990E-01,0.150000006,0.150000006,293.280548,19.2668343,0.179458621E-04,44.8646545,7.50215340,2.30178499,0.00000000,2.30178499,-87.5584946,3.25000000,0.00000000,0.154290507E-01,0.00000000,0.00000000,0.151946126E-01,0.154290507E-01,0.00000000,293.000000,20.3500061,1215.77954,1353.00000,-1000.00000,0.00000000,0.00000000,0.403989613,0.403989613,290.600006,0.393333286,0.00000000
1,1,savanna_wet,8,60.0000000,1,F,T,0,0,T,17,15,0.199999996E-01,28,19,0,1004.50000,0.285714298,9.81000042,2500000.00,0.567051011E-07,1.60000002,9,9,1.00000000,0.999999978E-02,289.000000,10.0000000,70.0000000,48.0000000,3.00000000,0.00000000,360.000000,470.000000,0.160000008E-01,0.149999997E-01,15.0000000,0.200000003,80.0000000,95000.0000,292.000000,0.138999997E-01,0.299999992E-04,1.10000002,0.00000000,0.00000000,0.00000000,0.180000007,0.500000000,0.200000003,0.920000017,3.66000009,1.00000000,0.00000000,0.00000000,0.150000006,294.000000,0.00000000,0.00000000,0.00000000,7.50000000,2.00000000,1.00000000,4.00000000,0.00000000,3.25000000,0.250000000,0.149999997E-01,0.999999975E-04,0.00000000,0.00000000,0.00000000,1.00000000,293.000000,0.00000000,0.00000000,0.00000000,0.00000000,0.00000000,0.500000000,0.407999992,0.00000000,290.200012,1.00000000,0.00000000,0.00000000,0.00000000,0.00000000,0.482085973,0.500000000,0.200000003,0.920000017,3.66000009,1.00000000,0.134185990E-01,0.150000006,0.150000006,293.280548,19.2668343,0.179458621E-04,44.8646545,7.50215340,2.30178499,0.00000000,2.30178499,-87.5584946,3.25000000,0.00000000,0.154290507E-01,0.00000000,0.00000000,0.151946126E-01,0.154290507E-01,0.00000000,293.000000,20.3500061,1215.77954,1353.00000,-1000.00000,0.00000000,0.00000000,0.407993436,0.407993436,290.200012,0.397777736,0.00000000
1,1,savanna_wet,9,60.0000000,1,F,T,0,0,T,17,15,0.199999996E-01,28,19,0,1004.50000,0.285714298,9.81000042,2500000.00,0.567051011E-07,3.00000000,9,9,1.00000000,0.999999978E-02,289.000000,10.0000000,70.0000000,48.0000000,3.00000000,0.00000000,360.000000,470.000000,0.160000008E-01,0.149999997E-01,15.0000000,0.200000003,80.0000000,95000.0000,292.000000,0.138999997E-01,0.299999992E-04,1.10000002,0.00000000,0.00000000,0.00000000,0.180000007,0.500000000,0.200000003,0.920000017,3.66000009,1.00000000,0.00000000,0.00000000,0.150000006,294.000000,0.00000000,0.00000000,0.00000000,7.50000000,2.00000000,1.00000000,4.00000000,0.00000000,3.25000000,0.250000000,0.149999997E-01,0.999999975E-04,0.00000000,0.00000000,0.00000000,1.00000000,293.000000,0.00000000,0.00000000,0.00000000,0.00000000,0.00000000,0.500000000,0.412000000,0.00000000,289.799988,1.00000000,0.00000000,0.00000000,0.00000000,0.00000000,0.482085973,0.500000000,0.200000003,0.920000017,3.66000009,1.00000000,0.134185990E-01,0.150000006,0.150000006,293.280548,19.2668343,0.179458621E-04,44.8646545,7.50215340,2.30178499,0.00000000,2.30178499,-87.5584946,3.25000000,0.00000000,0.154290507E-01,0.00000000,0.00000000,0.151946126E-01,0.154290507E-01,0.00000000,293.000000,20.3500061,1215.77954,1353.00000,-1000.00000,0.00000000,0.00000000,0.412000000,0.412000000,289.000000,0.402222186,0.00000000
1,1,tundra_snow_free,1,60.0000000,1,F,T,0,0,T,17,15,0.199999996E-01,28,19,0,1004.50000,0.285714298,9.81000042,2500000.00,0.567051011E-07,0.00000000,20,2,1.00000000,0.00000000,277.000000,5.00000000,60.0000000,30.0000000,0.00000000,0.00000000,240.000000,200.000000,0.999999978E-02,0.899999961E-02,9.00000000,0.150000006,80.0000000,95000.0000,265.500000,0.179999997E-02,0.00000000,1.10000002,0.00000000,0.00000000,0.00000000,0.00000000,0.750000000,0.150000006,0.899999976,3.34999990,1.00000000,0.00000000,0.00000000,0.599999987E-01,265.000000,0.00000000,0.00000000,0.00000000,7.50000000,2.00000000,1.00000000,4.00000000,0.00000000,3.25000000,0.250000000,0.200000009E-02,0.00000000,0.00000000,0.00000000,0.00000000,1.00000000,265.000000,0.00000000,0.00000000,0.00000000,0.00000000,0.00000000,0.500000000,0.200000003,0.498411618E-01,266.000000,0.166843146,0.00000000,0.00000000,0.00000000,0.00000000,0.00000000,0.750000000,0.150000006,0.899999976,3.34999990,1.00000000,0.813286752E-02,0.599999987E-01,0.599999987E-01,265.620239,1.09647143,0.197438817E-05,4.93597031,7.50023651,0.00000000,0.00000000,0.00000000,276.320923,3.25000000,0.00000000,0.211302564E-02,0.00000000,0.00000000,0.210857019E-02,0.211302564E-02,1.00000000,265.000000,-7.64999390,713.097717,1230.00000,-1000.00000,0.00000000,0.00000000,0.199993923,0.492396764E-01,265.620239,0.166843161,0.00000000
1,1,tundra_snow_free,2,60.0000000,1,F,T,0,0,T,17,15,0.199999996E-01,28,19,0,1004.50000,0.285714298,9.81000042,2500000.00,0.567051011E-07,0.999999978E-02,20,2,1.00000000,0.00000000,277.000000,5.00000000,60.0000000,30.0000000,0.00000000,0.00000000,240.000000,200.000000,0.999999978E-02,0.899999961E-02,9.00000000,0.150000006,80.0000000,95000.0000,265.500000,0.179999997E-02,0.00000000,1.10000002,0.00000000,0.00000000,0.00000000,0.00000000,0.750000000,0.150000006,0.899999976,3.34999990,1.00000000,0.00000000,0.00000000,0.599999987E-01,265.000000,0.00000000,0.00000000,0.00000000,7.50000000,2.00000000,1.00000000,4.00000000,0.00000000,3.25000000,0.250000000,0.200000009E-02,0.00000000,0.00000000,0.00000000,0.00000000,1.00000000,265.000000,0.00000000,0.00000000,0.00000000,0.00000000,0.00000000,0.500000000,0.206000000,0.522358492E-01,267.299988,0.170849055,0.00000000,0.00000000,0.00000000,0.00000000,0.00000000,0.750000000,0.150000006,0.899999976,3.34999990,1.00000000,0.813286752E-02,0.599999987E-01,0.599999987E-01,265.620239,1.09647143,0.197438817E-05,4.93597031,7.50023651,0.00000000,0.00000000,0.00000000,276.320923,3.25000000,0.00000000,0.211302564E-02,0.00000000,0.00000000,0.210857019E-02,0.211302564E-02,1.00000000,265.000000,-7.64999390,713.097717,1230.00000,-1000.00000,0.00000000,0.00000000,0.205997884,0.516832471E-01,267.027283,0.170849055,0.00000000
1,1,tundra_snow_free,3,60.0000000,1,F,T,0,0,T,17,15,0.199999996E-01,28,19,0,1004.50000,0.285714298,9.81000042,2500000.00,0.567051011E-07,0.399999991E-01,20,2,1.00000000,0.00000000,277.000000,5.00000000,60.0000000,30.0000000,0.00000000,0.00000000,240.000000,200.000000,0.999999978E-02,0.899999961E-02,9.00000000,0.150000006,80.0000000,95000.0000,265.500000,0.179999997E-02,0.00000000,1.10000002,0.00000000,0.00000000,0.00000000,0.00000000,0.750000000,0.150000006,0.899999976,3.34999990,1.00000000,0.00000000,0.00000000,0.599999987E-01,265.000000,0.00000000,0.00000000,0.00000000,7.50000000,2.00000000,1.00000000,4.00000000,0.00000000,3.25000000,0.250000000,0.200000009E-02,0.00000000,0.00000000,0.00000000,0.00000000,1.00000000,265.000000,0.00000000,0.00000000,0.00000000,0.00000000,0.00000000,0.500000000,0.211999997,0.553820394E-01,268.600006,0.174019948,0.00000000,0.00000000,0.00000000,0.00000000,0.00000000,0.750000000,0.150000006,0.899999976,3.34999990,1.00000000,0.813286752E-02,0.599999987E-01,0.599999987E-01,265.620239,1.09647143,0.197438817E-05,4.93597031,7.50023651,0.00000000,0.00000000,0.00000000,276.320923,3.25000000,0.00000000,0.211302564E-02,0.00000000,0.00000000,0.210857019E-02,0.211302564E-02,1.00000000,265.000000,-7.64999390,713.097717,1230.00000,-1000.00000,0.00000000,0.00000000,0.211999953,0.552851968E-01,268.565582,0.174019963,0.00000000
1,1,tundra_snow_free,4,60.0000000,1,F,T,0,0,T,17,15,0.199999996E-01,28,19,0,1004.50000,0.285714298,9.81000042,2500000.00,0.567051011E-07,0.100000001,20,2,1.00000000,0.00000000,277.000000,5.00000000,60.0000000,30.0000000,0.00000000,0.00000000,240.000000,200.000000,0.999999978E-02,0.899999961E-02,9.00000000,0.150000006,80.0000000,95000.0000,265.500000,0.179999997E-02,0.00000000,1.10000002,0.00000000,0.00000000,0.00000000,0.00000000,0.750000000,0.150000006,0.899999976,3.34999990,1.00000000,0.00000000,0.00000000,0.599999987E-01,265.000000,0.00000000,0.00000000,0.00000000,7.50000000,2.00000000,1.00000000,4.00000000,0.00000000,3.25000000,0.250000000,0.200000009E-02,0.00000000,0.00000000,0.00000000,0.00000000,1.00000000,265.000000,0.00000000,0.00000000,0.00000000,0.00000000,0.00000000,0.500000000,0.217999995,0.598700978E-01,269.899994,0.175699890,0.00000000,0.00000000,0.00000000,0.00000000,0.00000000,0.750000000,0.150000006,0.899999976,3.34999990,1.00000000,0.813286752E-02,0.599999987E-01,0.599999987E-01,265.620239,1.09647143,0.197438817E-05,4.93597031,7.50023651,0.00000000,0.00000000,0.00000000,276.320923,3.25000000,0.00000000,0.211302564E-02,0.00000000,0.00000000,0.210857019E-02,0.211302564E-02,1.00000000,265.000000,-7.64999390,713.097717,1230.00000,-1000.00000,0.00000000,0.00000000,0.217999831,0.598436296E-01,269.893768,0.175699890,0.00000000
1,1,tundra_snow_free,5,60.0000000,1,F,T,0,0,T,17,15,0.199999996E-01,28,19,0,1004.50000,0.285714298,9.81000042,2500000.00,0.567051011E-07,0.300000012,20,2,1.00000000,0.00000000,277.000000,5.00000000,60.0000000,30.0000000,0.00000000,0.00000000,240.000000,200.000000,0.999999978E-02,0.899999961E-02,9.00000000,0.150000006,80.0000000,95000.0000,265.500000,0.179999997E-02,0.00000000,1.10000002,0.00000000,0.00000000,0.00000000,0.00000000,0.750000000,0.150000006,0.899999976,3.34999990,1.00000000,0.00000000,0.00000000,0.599999987E-01,265.000000,0.00000000,0.00000000,0.00000000,7.50000000,2.00000000,1.00000000,4.00000000,0.00000000,3.25000000,0.250000000,0.200000009E-02,0.00000000,0.00000000,0.00000000,0.00000000,1.00000000,265.000000,0.00000000,0.00000000,0.00000000,0.00000000,0.00000000,0.500000000,0.224000007,0.673500225E-01,271.200012,0.174055517,0.00000000,0.00000000,0.00000000,0.00000000,0.00000000,0.750000000,0.150000006,0.899999976,3.34999990,1.00000000,0.813286752E-02,0.599999987E-01,0.599999987E-01,265.620239,1.09647143,0.197438817E-05,4.93597031,7.50023651,0.00000000,0.00000000,0.00000000,276.320923,3.25000000,0.00000000,0.211302564E-02,0.00000000,0.00000000,0.210857019E-02,0.211302564E-02,1.00000000,265.000000,-7.64999390,713.097717,1230.00000,-1000.00000,0.00000000,0.00000000,0.224000186,0.673451796E-01,271.199402,0.174055547,0.00000000
1,1,tundra_snow_free,6,60.0000000,1,F,T,0,0,T,17,15,0.199999996E-01,28,19,0,1004.50000,0.285714298,9.81000042,2500000.00,0.567051011E-07,0.600000024,20,2,1.00000000,0.00000000,277.000000,5.00000000,60.0000000,30.0000000,0.00000000,0.00000000,240.000000,200.000000,0.999999978E-02,0.899999961E-02,9.00000000,0.150000006,80.0000000,95000.0000,265.500000,0.179999997E-02,0.00000000,1.10000002,0.00000000,0.00000000,0.00000000,0.00000000,0.750000000,0.150000006,0.899999976,3.34999990,1.00000000,0.00000000,0.00000000,0.599999987E-01,265.000000,0.00000000,0.00000000,0.00000000,7.50000000,2.00000000,1.00000000,4.00000000,0.00000000,3.25000000,0.250000000,0.200000009E-02,0.00000000,0.00000000,0.00000000,0.00000000,1.00000000,265.000000,0.00000000,0.00000000,0.00000000,0.00000000,0.00000000,0.500000000,0.230000004,0.866450369E-01,272.500000,0.159283295,0.00000000,0.00000000,0.00000000,0.00000000,0.00000000,0.750000000,0.150000006,0.899999976,3.34999990,1.00000000,0.813286752E-02,0.599999987E-01,0.599999987E-01,265.620239,1.09647143,0.197438817E-05,4.93597031,7.50023651,0.00000000,0.00000000,0.00000000,276.320923,3.25000000,0.00000000,0.211302564E-02,0.00000000,0.00000000,0.210857019E-02,0.211302564E-02,1.00000000,265.000000,-7.64999390,713.097717,1230.00000,-1000.00000,0.00000000,0.00000000,0.230007172,0.866543427E-01,272.500305,0.159283295,1.00000000
1,1,tundra_snow_free,7,60.0000000,1,F,T,0,0,T,17,15,0.199999996E-01,28,19,0,1004.50000,0.285714298,9.81000042,2500000.00,0.567051011E-07,1.00000000,20,2,1.00000000,0.00000000,277.000000,5.00000000,60.0000000,30.0000000,0.00000000,0.00000000,240.000000,200.000000,0.999999978E-02,0.899999961E-02,9.00000000,0.150000006,80.0000000,95000.0000,265.500000,0.179999997E-02,0.00000000,1.10000002,0.00000000,0.00000000,0.00000000,0.00000000,0.750000000,0.150000006,0.899999976,3.34999990,1.00000000,0.00000000,0.00000000,0.599999987E-01,265.000000,0.00000000,0.00000000,0.00000000,7.50000000,2.00000000,1.00000000,4.00000000,0.00000000,3.25000000,0.250000000,0.200000009E-02,0.00000000,0.00000000,0.00000000,0.00000000,1.00000000,265.000000,0.00000000,0.00000000,0.00000000,0.00000000,0.00000000,0.500000000,0.236000001,0.236000001,273.799988,0.00000000,0.00000000,0.00000000,0.00000000,0.00000000,0.00000000,0.750000000,0.150000006,0.899999976,3.34999990,1.00000000,0.813286752E-02,0.599999987E-01,0.599999987E-01,265.620239,1.09647143,0.197438817E-05,4.93597031,7.50023651,0.00000000,0.00000000,0.00000000,276.320923,3.25000000,0.00000000,0.211302564E-02,0.00000000,0.00000000,0.210857019E-02,0.211302564E-02,1.00000000,265.000000,-7.64999390,713.097717,1230.00000,-1000.00000,0.00000000,0.00000000,0.235995412,0.235995412,273.799866,0.223333329,0.00000000
1,1,tundra_snow_free,8,60.0000000,1,F,T,0,0,T,17,15,0.199999996E-01,28,19,0,1004.50000,0.285714298,9.81000042,2500000.00,0.567051011E-07,1.60000002,20,2,1.00000000,0.00000000,277.000000,5.00000000,60.0000000,30.0000000,0.00000000,0.00000000,240.000000,200.000000,0.999999978E-02,0.899999961E-02,9.00000000,0.150000006,80.0000000,95000.0000,265.500000,0.179999997E-02,0.00000000,1.10000002,0.00000000,0.00000000,0.00000000,0.00000000,0.750000000,0.150000006,0.899999976,3.34999990,1.00000000,0.00000000,0.00000000,0.599999987E-01,265.000000,0.00000000,0.00000000,0.00000000,7.50000000,2.00000000,1.00000000,4.00000000,0.00000000,3.25000000,0.250000000,0.200000009E-02,0.00000000,0.00000000,0.00000000,0.00000000,1.00000000,265.000000,0.00000000,0.00000000,0.00000000,0.00000000,0.00000000,0.500000000,0.241999999,0.241999999,275.100006,0.00000000,0.00000000,0.00000000,0.00000000,0.00000000,0.00000000,0.750000000,0.150000006,0.899999976,3.34999990,1.00000000,0.813286752E-02,0.599999987E-01,0.599999987E-01,265.620239,1.09647143,0.197438817E-05,4.93597031,7.50023651,0.00000000,0.00000000,0.00000000,276.320923,3.25000000,0.00000000,0.211302564E-02,0.00000000,0.00000000,0.210857019E-02,0.211302564E-02,1.00000000,265.000000,-7.64999390,713.097717,1230.00000,-1000.00000,0.00000000,0.00000000,0.241997525,0.241997525,275.099945,0.229999989,0.00000000
1,1,tundra_snow_free,9,60.0000000,1,F,T,0,0,T,17,15,0.199999996E-01,28,19,0,1004.50000,0.285714298,9.81000042,2500000.00,0.567051011E-07,3.00000000,20,2,1.00000000,0.00000000,277.000000,5.00000000,60.0000000,30.0000000,0.00000000,0.00000000,240.000000,200.000000,0.999999978E-02,0.899999961E-02,9.00000000,0.150000006,80.0000000,95000.0000,265.500000,0.179999997E-02,0.00000000,1.10000002,0.00000000,0.00000000,0.00000000,0.00000000,0.750000000,0.150000006,0.899999976,3.34999990,1.00000000,0.00000000,0.00000000,0.599999987E-01,265.000000,0.00000000,0.00000000,0.00000000,7.50000000,2.00000000,1.00000000,4.00000000,0.00000000,3.25000000,0.250000000,0.200000009E-02,0.00000000,0.00000000,0.00000000,0.00000000,1.00000000,265.000000,0.00000000,0.00000000,0.00000000,0.00000000,0.00000000,0.500000000,0.247999996,0.247999996,276.399994,0.00000000,0.00000000,0.00000000,0.00000000,0.00000000,0.00000000,0.750000000,0.150000006,0.899999976,3.34999990,1.00000000,0.813286752E-02,0.599999987E-01,0.599999987E-01,265.620239,1.09647143,0.197438817E-05,4.93597031,7.50023651,0.00000000,0.00000000,0.00000000,276.320923,3.25000000,0.00000000,0.211302564E-02,0.00000000,0.00000000,0.210857019E-02,0.211302564E-02,1.00000000,265.000000,-7.64999390,713.097717,1230.00000,-1000.00000,0.00000000,0.00000000,0.247999996,0.247999996,277.000000,0.236666650,0.00000000
1,2,warm_forest_rain,1,60.0000000,2,F,T,0,0,T,17,15,0.199999996E-01,28,19,0,1004.50000,0.285714298,9.81000042,2500000.00,0.567051011E-07,0.00000000,1,4,1.00000000,0.00000000,288.000000,20.0000000,90.0000000,72.0000000,0.899999976,0.00000000,340.000000,520.000000,0.120000001E-01,0.109999999E-01,11.0000000,0.119999997,80.0000000,95000.0000,298.000000,0.120000001E-01,0.00000000,1.10000002,0.00000000,0.00000000,0.00000000,0.304627657,0.519999981,0.119999997,0.949999988,6.40000010,0.851599038,0.985585432E-02,0.800000012,0.800000012,293.848358,-45.8797913,0.421834957E-04,105.458740,7.50506210,0.190407962,0.00000000,0.190407962,104.473991,3.25000000,0.00000000,0.144472271E-01,0.00000000,0.00000000,0.142414775E-01,0.159797128E-01,1.00000000,296.000000,23.3500061,814.802307,1455.00000,-1000.00000,0.00000000,0.00000000,0.319285661,0.240000010,293.848358,0.228888884,0.00000000,0.00000000,0.00000000,0.00000000,0.459479183,0.519999981,0.119999997,0.949999988,6.40000010,0.899511516,0.985585432E-02,0.800000012,0.800000012,293.774139,-46.6999893,0.332689378E-04,83.1723480,7.50905418,0.380973518,0.00000000,0.380973518,98.2259140,3.25000000,0.00000000,0.153269963E-01,0.00000000,0.00000000,0.150956260E-01,0.159067642E-01,1.00000000,296.000000,23.3500061,815.355042,1455.00000,-1000.00000,0.00000000,0.00000000,0.335336357,0.319285661,293.774139,0.316984057,0.00000000
1,2,warm_forest_rain,2,60.0000000,2,F,T,0,0,T,17,15,0.199999996E-01,28,19,0,1004.50000,0.285714298,9.81000042,2500000.00,0.567051011E-07,0.999999978E-02,1,4,1.00000000,0.00000000,288.000000,20.0000000,90.0000000,72.0000000,0.899999976,0.00000000,340.000000,520.000000,0.120000001E-01,0.109999999E-01,11.0000000,0.119999997,80.0000000,95000.0000,298.000000,0.120000001E-01,0.00000000,1.10000002,0.00000000,0.00000000,0.00000000,0.304627657,0.519999981,0.119999997,0.949999988,6.40000010,0.851599038,0.985585432E-02,0.800000012,0.800000012,293.848358,-45.8797913,0.421834957E-04,105.458740,7.50506210,0.190407962,0.00000000,0.190407962,104.473991,3.25000000,0.00000000,0.144472271E-01,0.00000000,0.00000000,0.142414775E-01,0.159797128E-01,1.00000000,296.000000,23.3500061,814.802307,1455.00000,-1000.00000,0.00000000,0.00000000,0.252717882,0.245000005,294.937134,0.234444425,0.00000000,0.00000000,0.00000000,0.00000000,0.459479183,0.519999981,0.119999997,0.949999988,6.40000010,0.899511516,0.985585432E-02,0.800000012,0.800000012,293.774139,-46.6999893,0.332689378E-04,83.1723480,7.50905418,0.380973518,0.00000000,0.380973518,98.2259140,3.25000000,0.00000000,0.153269963E-01,0.00000000,0.00000000,0.150956260E-01,0.159067642E-01,1.00000000,296.000000,23.3500061,815.355042,1455.00000,-1000.00000,0.00000000,0.00000000,0.275121480,0.252717882,294.719330,0.243019849,0.00000000
1,2,warm_forest_rain,3,60.0000000,2,F,T,0,0,T,17,15,0.199999996E-01,28,19,0,1004.50000,0.285714298,9.81000042,2500000.00,0.567051011E-07,0.399999991E-01,1,4,1.00000000,0.00000000,288.000000,20.0000000,90.0000000,72.0000000,0.899999976,0.00000000,340.000000,520.000000,0.120000001E-01,0.109999999E-01,11.0000000,0.119999997,80.0000000,95000.0000,298.000000,0.120000001E-01,0.00000000,1.10000002,0.00000000,0.00000000,0.00000000,0.304627657,0.519999981,0.119999997,0.949999988,6.40000010,0.851599038,0.985585432E-02,0.800000012,0.800000012,293.848358,-45.8797913,0.421834957E-04,105.458740,7.50506210,0.190407962,0.00000000,0.190407962,104.473991,3.25000000,0.00000000,0.144472271E-01,0.00000000,0.00000000,0.142414775E-01,0.159797128E-01,1.00000000,296.000000,23.3500061,814.802307,1455.00000,-1000.00000,0.00000000,0.00000000,0.250109494,0.250000000,294.011780,0.239999980,0.00000000,0.00000000,0.00000000,0.00000000,0.459479183,0.519999981,0.119999997,0.949999988,6.40000010,0.899511516,0.985585432E-02,0.800000012,0.800000012,293.774139,-46.6999893,0.332689378E-04,83.1723480,7.50905418,0.380973518,0.00000000,0.380973518,98.2259140,3.25000000,0.00000000,0.153269963E-01,0.00000000,0.00000000,0.150956260E-01,0.159067642E-01,1.00000000,296.000000,23.3500061,815.355042,1455.00000,-1000.00000,0.00000000,0.00000000,0.250713289,0.250109494,294.019592,0.240121633,0.00000000
1,2,warm_forest_rain,4,60.0000000,2,F,T,0,0,T,17,15,0.199999996E-01,28,19,0,1004.50000,0.285714298,9.81000042,2500000.00,0.567051011E-07,0.100000001,1,4,1.00000000,0.00000000,288.000000,20.0000000,90.0000000,72.0000000,0.899999976,0.00000000,340.000000,520.000000,0.120000001E-01,0.109999999E-01,11.0000000,0.119999997,80.0000000,95000.0000,298.000000,0.120000001E-01,0.00000000,1.10000002,0.00000000,0.00000000,0.00000000,0.304627657,0.519999981,0.119999997,0.949999988,6.40000010,0.851599038,0.985585432E-02,0.800000012,0.800000012,293.848358,-45.8797913,0.421834957E-04,105.458740,7.50506210,0.190407962,0.00000000,0.190407962,104.473991,3.25000000,0.00000000,0.144472271E-01,0.00000000,0.00000000,0.142414775E-01,0.159797128E-01,1.00000000,296.000000,23.3500061,814.802307,1455.00000,-1000.00000,0.00000000,0.00000000,0.254986823,0.254986823,293.003113,0.245555535,0.00000000,0.00000000,0.00000000,0.00000000,0.459479183,0.519999981,0.119999997,0.949999988,6.40000010,0.899511516,0.985585432E-02,0.800000012,0.800000012,293.774139,-46.6999893,0.332689378E-04,83.1723480,7.50905418,0.380973518,0.00000000,0.380973518,98.2259140,3.25000000,0.00000000,0.153269963E-01,0.00000000,0.00000000,0.150956260E-01,0.159067642E-01,1.00000000,296.000000,23.3500061,815.355042,1455.00000,-1000.00000,0.00000000,0.00000000,0.254976273,0.254976273,293.006226,0.245540887,0.00000000
1,2,warm_forest_rain,5,60.0000000,2,F,T,0,0,T,17,15,0.199999996E-01,28,19,0,1004.50000,0.285714298,9.81000042,2500000.00,0.567051011E-07,0.300000012,1,4,1.00000000,0.00000000,288.000000,20.0000000,90.0000000,72.0000000,0.899999976,0.00000000,340.000000,520.000000,0.120000001E-01,0.109999999E-01,11.0000000,0.119999997,80.0000000,95000.0000,298.000000,0.120000001E-01,0.00000000,1.10000002,0.00000000,0.00000000,0.00000000,0.304627657,0.519999981,0.119999997,0.949999988,6.40000010,0.851599038,0.985585432E-02,0.800000012,0.800000012,293.848358,-45.8797913,0.421834957E-04,105.458740,7.50506210,0.190407962,0.00000000,0.190407962,104.473991,3.25000000,0.00000000,0.144472271E-01,0.00000000,0.00000000,0.142414775E-01,0.159797128E-01,1.00000000,296.000000,23.3500061,814.802307,1455.00000,-1000.00000,0.00000000,0.00000000,0.259998709,0.259998709,292.000214,0.251111090,0.00000000,0.00000000,0.00000000,0.00000000,0.459479183,0.519999981,0.119999997,0.949999988,6.40000010,0.899511516,0.985585432E-02,0.800000012,0.800000012,293.774139,-46.6999893,0.332689378E-04,83.1723480,7.50905418,0.380973518,0.00000000,0.380973518,98.2259140,3.25000000,0.00000000,0.153269963E-01,0.00000000,0.00000000,0.150956260E-01,0.159067642E-01,1.00000000,296.000000,23.3500061,815.355042,1455.00000,-1000.00000,0.00000000,0.00000000,0.259997517,0.259997517,292.000427,0.251109660,0.00000000
1,2,warm_forest_rain,6,60.0000000,2,F,T,0,0,T,17,15,0.199999996E-01,28,19,0,1004.50000,0.285714298,9.81000042,2500000.00,0.567051011E-07,0.600000024,1,4,1.00000000,0.00000000,288.000000,20.0000000,90.0000000,72.0000000,0.899999976,0.00000000,340.000000,520.000000,0.120000001E-01,0.109999999E-01,11.0000000,0.119999997,80.0000000,95000.0000,298.000000,0.120000001E-01,0.00000000,1.10000002,0.00000000,0.00000000,0.00000000,0.304627657,0.519999981,0.119999997,0.949999988,6.40000010,0.851599038,0.985585432E-02,0.800000012,0.800000012,293.848358,-45.8797913,0.421834957E-04,105.458740,7.50506210,0.190407962,0.00000000,0.190407962,104.473991,3.25000000,0.00000000,0.144472271E-01,0.00000000,0.00000000,0.142414775E-01,0.159797128E-01,1.00000000,296.000000,23.3500061,814.802307,1455.00000,-1000.00000,0.00000000,0.00000000,0.264999241,0.264999241,291.000031,0.256666631,0.00000000,0.00000000,0.00000000,0.00000000,0.459479183,0.519999981,0.119999997,0.949999988,6.40000010,0.899511516,0.985585432E-02,0.800000012,0.800000012,293.774139,-46.6999893,0.332689378E-04,83.1723480,7.50905418,0.380973518,0.00000000,0.380973518,98.2259140,3.25000000,0.00000000,0.153269963E-01,0.00000000,0.00000000,0.150956260E-01,0.159067642E-01,1.00000000,296.000000,23.3500061,815.355042,1455.00000,-1000.00000,0.00000000,0.00000000,0.264998615,0.264998615,291.000061,0.256665796,0.00000000
1,2,warm_forest_rain,7,60.0000000,2,F,T,0,0,T,17,15,0.199999996E-01,28,19,0,1004.50000,0.285714298,9.81000042,2500000.00,0.567051011E-07,1.00000000,1,4,1.00000000,0.00000000,288.000000,20.0000000,90.0000000,72.0000000,0.899999976,0.00000000,340.000000,520.000000,0.120000001E-01,0.109999999E-01,11.0000000,0.119999997,80.0000000,95000.0000,298.000000,0.120000001E-01,0.00000000,1.10000002,0.00000000,0.00000000,0.00000000,0.304627657,0.519999981,0.119999997,0.949999988,6.40000010,0.851599038,0.985585432E-02,0.800000012,0.800000012,293.848358,-45.8797913,0.421834957E-04,105.458740,7.50506210,0.190407962,0.00000000,0.190407962,104.473991,3.25000000,0.00000000,0.144472271E-01,0.00000000,0.00000000,0.142414775E-01,0.159797128E-01,1.00000000,296.000000,23.3500061,814.802307,1455.00000,-1000.00000,0.00000000,0.00000000,0.269999236,0.269999236,290.000031,0.262222171,0.00000000,0.00000000,0.00000000,0.00000000,0.459479183,0.519999981,0.119999997,0.949999988,6.40000010,0.899511516,0.985585432E-02,0.800000012,0.800000012,293.774139,-46.6999893,0.332689378E-04,83.1723480,7.50905418,0.380973518,0.00000000,0.380973518,98.2259140,3.25000000,0.00000000,0.153269963E-01,0.00000000,0.00000000,0.150956260E-01,0.159067642E-01,1.00000000,296.000000,23.3500061,815.355042,1455.00000,-1000.00000,0.00000000,0.00000000,0.269998610,0.269998610,290.000061,0.262221366,0.00000000
1,2,warm_forest_rain,8,60.0000000,2,F,T,0,0,T,17,15,0.199999996E-01,28,19,0,1004.50000,0.285714298,9.81000042,2500000.00,0.567051011E-07,1.60000002,1,4,1.00000000,0.00000000,288.000000,20.0000000,90.0000000,72.0000000,0.899999976,0.00000000,340.000000,520.000000,0.120000001E-01,0.109999999E-01,11.0000000,0.119999997,80.0000000,95000.0000,298.000000,0.120000001E-01,0.00000000,1.10000002,0.00000000,0.00000000,0.00000000,0.304627657,0.519999981,0.119999997,0.949999988,6.40000010,0.851599038,0.985585432E-02,0.800000012,0.800000012,293.848358,-45.8797913,0.421834957E-04,105.458740,7.50506210,0.190407962,0.00000000,0.190407962,104.473991,3.25000000,0.00000000,0.144472271E-01,0.00000000,0.00000000,0.142414775E-01,0.159797128E-01,1.00000000,296.000000,23.3500061,814.802307,1455.00000,-1000.00000,0.00000000,0.00000000,0.274999321,0.274999321,289.000061,0.267777771,0.00000000,0.00000000,0.00000000,0.00000000,0.459479183,0.519999981,0.119999997,0.949999988,6.40000010,0.899511516,0.985585432E-02,0.800000012,0.800000012,293.774139,-46.6999893,0.332689378E-04,83.1723480,7.50905418,0.380973518,0.00000000,0.380973518,98.2259140,3.25000000,0.00000000,0.153269963E-01,0.00000000,0.00000000,0.150956260E-01,0.159067642E-01,1.00000000,296.000000,23.3500061,815.355042,1455.00000,-1000.00000,0.00000000,0.00000000,0.274998754,0.274998754,289.000122,0.267776996,0.00000000
1,2,warm_forest_rain,9,60.0000000,2,F,T,0,0,T,17,15,0.199999996E-01,28,19,0,1004.50000,0.285714298,9.81000042,2500000.00,0.567051011E-07,3.00000000,1,4,1.00000000,0.00000000,288.000000,20.0000000,90.0000000,72.0000000,0.899999976,0.00000000,340.000000,520.000000,0.120000001E-01,0.109999999E-01,11.0000000,0.119999997,80.0000000,95000.0000,298.000000,0.120000001E-01,0.00000000,1.10000002,0.00000000,0.00000000,0.00000000,0.304627657,0.519999981,0.119999997,0.949999988,6.40000010,0.851599038,0.985585432E-02,0.800000012,0.800000012,293.848358,-45.8797913,0.421834957E-04,105.458740,7.50506210,0.190407962,0.00000000,0.190407962,104.473991,3.25000000,0.00000000,0.144472271E-01,0.00000000,0.00000000,0.142414775E-01,0.159797128E-01,1.00000000,296.000000,23.3500061,814.802307,1455.00000,-1000.00000,0.00000000,0.00000000,0.280000001,0.280000001,288.000000,0.273333311,0.00000000,0.00000000,0.00000000,0.00000000,0.459479183,0.519999981,0.119999997,0.949999988,6.40000010,0.899511516,0.985585432E-02,0.800000012,0.800000012,293.774139,-46.6999893,0.332689378E-04,83.1723480,7.50905418,0.380973518,0.00000000,0.380973518,98.2259140,3.25000000,0.00000000,0.153269963E-01,0.00000000,0.00000000,0.150956260E-01,0.159067642E-01,1.00000000,296.000000,23.3500061,815.355042,1455.00000,-1000.00000,0.00000000,0.00000000,0.280000001,0.280000001,288.000000,0.273333311,0.00000000
1,2,warm_grass_mixed,1,60.0000000,2,F,T,0,0,T,17,15,0.199999996E-01,28,19,0,1004.50000,0.285714298,9.81000042,2500000.00,0.567051011E-07,0.00000000,10,6,1.00000000,0.00000000,284.000000,15.0000000,85.0000000,55.0000000,1.20000005,0.349999994,300.000000,430.000000,0.140000004E-01,0.130000003E-01,13.0000000,0.189999998,80.0000000,95000.0000,274.500000,0.400000019E-02,0.999999975E-05,1.10000002,0.361359358,0.614556717E-02,0.451716669E-01,0.206207544,0.699999988,0.211608902,0.920000017,2.90000010,1.00000000,0.117258392E-01,0.750000030E-01,0.750000030E-01,275.519653,13.4059792,0.614718738E-05,15.4550400,7.50073719,0.251971066,0.00000000,0.251971066,-6.34147263,3.25000000,0.144338096E-01,0.474051805E-02,0.00000000,0.00000000,0.471815187E-02,0.478028366E-02,1.00000000,273.149994,0.00000000,975.846436,1353.00000,58.7999992,0.420000046,7.14285803,0.336862952,0.300000012,275.519653,0.277777761,0.00000000,0.722275734,0.119412532E-01,0.418805405E-01,0.332412034,0.699999988,0.210650429,0.922693551,2.90000010,1.00000000,0.117258392E-01,0.750000030E-01,0.750000030E-01,275.723083,16.0811729,0.661228614E-05,16.6197453,7.50153065,0.504180729,0.00000000,0.504180729,-26.6612835,3.25000000,0.293107759E-01,0.485225813E-02,0.00000000,0.00000000,0.482882746E-02,0.485225813E-02,1.00000000,273.149994,0.00000000,976.292603,1353.00000,58.7999992,0.420000046,14.2857161,0.348015845,0.336862952,275.723083,0.318736583,0.00000000
1,2,warm_grass_mixed,2,60.0000000,2,F,T,0,0,T,17,15,0.199999996E-01,28,19,0,1004.50000,0.285714298,9.81000042,2500000.00,0.567051011E-07,0.999999978E-02,10,6,1.00000000,0.00000000,284.000000,15.0000000,85.0000000,55.0000000,1.20000005,0.349999994,300.000000,430.000000,0.140000004E-01,0.130000003E-01,13.0000000,0.189999998,80.0000000,95000.0000,274.500000,0.400000019E-02,0.999999975E-05,1.10000002,0.361359358,0.614556717E-02,0.451716669E-01,0.206207544,0.699999988,0.211608902,0.920000017,2.90000010,1.00000000,0.117258392E-01,0.750000030E-01,0.750000030E-01,275.519653,13.4059792,0.614718738E-05,15.4550400,7.50073719,0.251971066,0.00000000,0.251971066,-6.34147263,3.25000000,0.144338096E-01,0.474051805E-02,0.00000000,0.00000000,0.471815187E-02,0.478028366E-02,1.00000000,273.149994,0.00000000,975.846436,1353.00000,58.7999992,0.420000046,7.14285803,0.315572053,0.304000020,275.582947,0.282222211,0.00000000,0.722275734,0.119412532E-01,0.418805405E-01,0.332412034,0.699999988,0.210650429,0.922693551,2.90000010,1.00000000,0.117258392E-01,0.750000030E-01,0.750000030E-01,275.723083,16.0811729,0.661228614E-05,16.6197453,7.50153065,0.504180729,0.00000000,0.504180729,-26.6612835,3.25000000,0.293107759E-01,0.485225813E-02,0.00000000,0.00000000,0.482882746E-02,0.485225813E-02,1.00000000,273.149994,0.00000000,976.292603,1353.00000,58.7999992,0.420000046,14.2857161,0.330097079,0.315572053,275.632721,0.295080036,0.00000000
1,2,warm_grass_mixed,3,60.0000000,2,F,T,0,0,T,17,15,0.199999996E-01,28,19,0,1004.50000,0.285714298,9.81000042,2500000.00,0.567051011E-07,0.399999991E-01,10,6,1.00000000,0.00000000,284.000000,15.0000000,85.0000000,55.0000000,1.20000005,0.349999994,300.000000,430.000000,0.140000004E-01,0.130000003E-01,13.0000000,0.189999998,80.0000000,95000.0000,274.500000,0.400000019E-02,0.999999975E-05,1.10000002,0.361359358,0.614556717E-02,0.451716669E-01,0.206207544,0.699999988,0.211608902,0.920000017,2.90000010,1.00000000,0.117258392E-01,0.750000030E-01,0.750000030E-01,275.519653,13.4059792,0.614718738E-05,15.4550400,7.50073719,0.251971066,0.00000000,0.251971066,-6.34147263,3.25000000,0.144338096E-01,0.474051805E-02,0.00000000,0.00000000,0.471815187E-02,0.478028366E-02,1.00000000,273.149994,0.00000000,975.846436,1353.00000,58.7999992,0.420000046,7.14285803,0.308846772,0.307999998,276.190948,0.286666632,0.00000000,0.722275734,0.119412532E-01,0.418805405E-01,0.332412034,0.699999988,0.210650429,0.922693551,2.90000010,1.00000000,0.117258392E-01,0.750000030E-01,0.750000030E-01,275.723083,16.0811729,0.661228614E-05,16.6197453,7.50153065,0.504180729,0.00000000,0.504180729,-26.6612835,3.25000000,0.293107759E-01,0.485225813E-02,0.00000000,0.00000000,0.482882746E-02,0.485225813E-02,1.00000000,273.149994,0.00000000,976.292603,1353.00000,58.7999992,0.420000046,14.2857161,0.311107606,0.308846772,276.182800,0.287607491,0.00000000
1,2,warm_grass_mixed,4,60.0000000,2,F,T,0,0,T,17,15,0.199999996E-01,28,19,0,1004.50000,0.285714298,9.81000042,2500000.00,0.567051011E-07,0.100000001,10,6,1.00000000,0.00000000,284.000000,15.0000000,85.0000000,55.0000000,1.20000005,0.349999994,300.000000,430.000000,0.140000004E-01,0.130000003E-01,13.0000000,0.189999998,80.0000000,95000.0000,274.500000,0.400000019E-02,0.999999975E-05,1.10000002,0.361359358,0.614556717E-02,0.451716669E-01,0.206207544,0.699999988,0.211608902,0.920000017,2.90000010,1.00000000,0.117258392E-01,0.750000030E-01,0.750000030E-01,275.519653,13.4059792,0.614718738E-05,15.4550400,7.50073719,0.251971066,0.00000000,0.251971066,-6.34147263,3.25000000,0.144338096E-01,0.474051805E-02,0.00000000,0.00000000,0.471815187E-02,0.478028366E-02,1.00000000,273.149994,0.00000000,975.846436,1353.00000,58.7999992,0.420000046,7.14285803,0.311965436,0.311965436,276.797821,0.291111112,0.00000000,0.722275734,0.119412532E-01,0.418805405E-01,0.332412034,0.699999988,0.210650429,0.922693551,2.90000010,1.00000000,0.117258392E-01,0.750000030E-01,0.750000030E-01,275.723083,16.0811729,0.661228614E-05,16.6197453,7.50153065,0.504180729,0.00000000,0.504180729,-26.6612835,3.25000000,0.293107759E-01,0.485225813E-02,0.00000000,0.00000000,0.482882746E-02,0.485225813E-02,1.00000000,273.149994,0.00000000,976.292603,1353.00000,58.7999992,0.420000046,14.2857161,0.311973661,0.311965436,276.795624,0.291072696,0.00000000
1,2,warm_grass_mixed,5,60.0000000,2,F,T,0,0,T,17,15,0.199999996E-01,28,19,0,1004.50000,0.285714298,9.81000042,2500000.00,0.567051011E-07,0.300000012,10,6,1.00000000,0.00000000,284.000000,15.0000000,85.0000000,55.0000000,1.20000005,0.349999994,300.000000,430.000000,0.140000004E-01,0.130000003E-01,13.0000000,0.189999998,80.0000000,95000.0000,274.500000,0.400000019E-02,0.999999975E-05,1.10000002,0.361359358,0.614556717E-02,0.451716669E-01,0.206207544,0.699999988,0.211608902,0.920000017,2.90000010,1.00000000,0.117258392E-01,0.750000030E-01,0.750000030E-01,275.519653,13.4059792,0.614718738E-05,15.4550400,7.50073719,0.251971066,0.00000000,0.251971066,-6.34147263,3.25000000,0.144338096E-01,0.474051805E-02,0.00000000,0.00000000,0.471815187E-02,0.478028366E-02,1.00000000,273.149994,0.00000000,975.846436,1353.00000,58.7999992,0.420000046,7.14285803,0.315996170,0.315996170,277.399780,0.295555532,0.00000000,0.722275734,0.119412532E-01,0.418805405E-01,0.332412034,0.699999988,0.210650429,0.922693551,2.90000010,1.00000000,0.117258392E-01,0.750000030E-01,0.750000030E-01,275.723083,16.0811729,0.661228614E-05,16.6197453,7.50153065,0.504180729,0.00000000,0.504180729,-26.6612835,3.25000000,0.293107759E-01,0.485225813E-02,0.00000000,0.00000000,0.482882746E-02,0.485225813E-02,1.00000000,273.149994,0.00000000,976.292603,1353.00000,58.7999992,0.420000046,14.2857161,0.315992355,0.315992355,277.399567,0.295551270,0.00000000
1,2,warm_grass_mixed,6,60.0000000,2,F,T,0,0,T,17,15,0.199999996E-01,28,19,0,1004.50000,0.285714298,9.81000042,2500000.00,0.567051011E-07,0.600000024,10,6,1.00000000,0.00000000,284.000000,15.0000000,85.0000000,55.0000000,1.20000005,0.349999994,300.000000,430.000000,0.140000004E-01,0.130000003E-01,13.0000000,0.189999998,80.0000000,95000.0000,274.500000,0.400000019E-02,0.999999975E-05,1.10000002,0.361359358,0.614556717E-02,0.451716669E-01,0.206207544,0.699999988,0.211608902,0.920000017,2.90000010,1.00000000,0.117258392E-01,0.750000030E-01,0.750000030E-01,275.519653,13.4059792,0.614718738E-05,15.4550400,7.50073719,0.251971066,0.00000000,0.251971066,-6.34147263,3.25000000,0.144338096E-01,0.474051805E-02,0.00000000,0.00000000,0.471815187E-02,0.478028366E-02,1.00000000,273.149994,0.00000000,975.846436,1353.00000,58.7999992,0.420000046,7.14285803,0.319998562,0.319998562,277.999939,0.300000042,0.00000000,0.722275734,0.119412532E-01,0.418805405E-01,0.332412034,0.699999988,0.210650429,0.922693551,2.90000010,1.00000000,0.117258392E-01,0.750000030E-01,0.750000030E-01,275.723083,16.0811729,0.661228614E-05,16.6197453,7.50153065,0.504180729,0.00000000,0.504180729,-26.6612835,3.25000000,0.293107759E-01,0.485225813E-02,0.00000000,0.00000000,0.482882746E-02,0.485225813E-02,1.00000000,273.149994,0.00000000,976.292603,1353.00000,58.7999992,0.420000046,14.2857161,0.319997132,0.319997132,277.999878,0.299998373,0.00000000
1,2,warm_grass_mixed,7,60.0000000,2,F,T,0,0,T,17,15,0.199999996E-01,28,19,0,1004.50000,0.285714298,9.81000042,2500000.00,0.567051011E-07,1.00000000,10,6,1.00000000,0.00000000,284.000000,15.0000000,85.0000000,55.0000000,1.20000005,0.349999994,300.000000,430.000000,0.140000004E-01,0.130000003E-01,13.0000000,0.189999998,80.0000000,95000.0000,274.500000,0.400000019E-02,0.999999975E-05,1.10000002,0.361359358,0.614556717E-02,0.451716669E-01,0.206207544,0.699999988,0.211608902,0.920000017,2.90000010,1.00000000,0.117258392E-01,0.750000030E-01,0.750000030E-01,275.519653,13.4059792,0.614718738E-05,15.4550400,7.50073719,0.251971066,0.00000000,0.251971066,-6.34147263,3.25000000,0.144338096E-01,0.474051805E-02,0.00000000,0.00000000,0.471815187E-02,0.478028366E-02,1.00000000,273.149994,0.00000000,975.846436,1353.00000,58.7999992,0.420000046,7.14285803,0.323998749,0.323998749,278.600037,0.304444432,0.00000000,0.722275734,0.119412532E-01,0.418805405E-01,0.332412034,0.699999988,0.210650429,0.922693551,2.90000010,1.00000000,0.117258392E-01,0.750000030E-01,0.750000030E-01,275.723083,16.0811729,0.661228614E-05,16.6197453,7.50153065,0.504180729,0.00000000,0.504180729,-26.6612835,3.25000000,0.293107759E-01,0.485225813E-02,0.00000000,0.00000000,0.482882746E-02,0.485225813E-02,1.00000000,273.149994,0.00000000,976.292603,1353.00000,58.7999992,0.420000046,14.2857161,0.323997527,0.323997527,278.600037,0.304443032,0.00000000
1,2,warm_grass_mixed,8,60.0000000,2,F,T,0,0,T,17,15,0.199999996E-01,28,19,0,1004.50000,0.285714298,9.81000042,2500000.00,0.567051011E-07,1.60000002,10,6,1.00000000,0.00000000,284.000000,15.0000000,85.0000000,55.0000000,1.20000005,0.349999994,300.000000,430.000000,0.140000004E-01,0.130000003E-01,13.0000000,0.189999998,80.0000000,95000.0000,274.500000,0.400000019E-02,0.999999975E-05,1.10000002,0.361359358,0.614556717E-02,0.451716669E-01,0.206207544,0.699999988,0.211608902,0.920000017,2.90000010,1.00000000,0.117258392E-01,0.750000030E-01,0.750000030E-01,275.519653,13.4059792,0.614718738E-05,15.4550400,7.50073719,0.251971066,0.00000000,0.251971066,-6.34147263,3.25000000,0.144338096E-01,0.474051805E-02,0.00000000,0.00000000,0.471815187E-02,0.478028366E-02,1.00000000,273.149994,0.00000000,975.846436,1353.00000,58.7999992,0.420000046,7.14285803,0.327999145,0.327999145,279.199982,0.308888912,0.00000000,0.722275734,0.119412532E-01,0.418805405E-01,0.332412034,0.699999988,0.210650429,0.922693551,2.90000010,1.00000000,0.117258392E-01,0.750000030E-01,0.750000030E-01,275.723083,16.0811729,0.661228614E-05,16.6197453,7.50153065,0.504180729,0.00000000,0.504180729,-26.6612835,3.25000000,0.293107759E-01,0.485225813E-02,0.00000000,0.00000000,0.482882746E-02,0.485225813E-02,1.00000000,273.149994,0.00000000,976.292603,1353.00000,58.7999992,0.420000046,14.2857161,0.327998281,0.327998281,279.200073,0.308887899,0.00000000
1,2,warm_grass_mixed,9,60.0000000,2,F,T,0,0,T,17,15,0.199999996E-01,28,19,0,1004.50000,0.285714298,9.81000042,2500000.00,0.567051011E-07,3.00000000,10,6,1.00000000,0.00000000,284.000000,15.0000000,85.0000000,55.0000000,1.20000005,0.349999994,300.000000,430.000000,0.140000004E-01,0.130000003E-01,13.0000000,0.189999998,80.0000000,95000.0000,274.500000,0.400000019E-02,0.999999975E-05,1.10000002,0.361359358,0.614556717E-02,0.451716669E-01,0.206207544,0.699999988,0.211608902,0.920000017,2.90000010,1.00000000,0.117258392E-01,0.750000030E-01,0.750000030E-01,275.519653,13.4059792,0.614718738E-05,15.4550400,7.50073719,0.251971066,0.00000000,0.251971066,-6.34147263,3.25000000,0.144338096E-01,0.474051805E-02,0.00000000,0.00000000,0.471815187E-02,0.478028366E-02,1.00000000,273.149994,0.00000000,975.846436,1353.00000,58.7999992,0.420000046,7.14285803,0.332000017,0.332000017,284.000000,0.313333333,0.00000000,0.722275734,0.119412532E-01,0.418805405E-01,0.332412034,0.699999988,0.210650429,0.922693551,2.90000010,1.00000000,0.117258392E-01,0.750000030E-01,0.750000030E-01,275.723083,16.0811729,0.661228614E-05,16.6197453,7.50153065,0.504180729,0.00000000,0.504180729,-26.6612835,3.25000000,0.293107759E-01,0.485225813E-02,0.00000000,0.00000000,0.482882746E-02,0.485225813E-02,1.00000000,273.149994,0.00000000,976.292603,1353.00000,58.7999992,0.420000046,14.2857161,0.332000017,0.332000017,284.000000,0.313333333,0.00000000
1,2,cold_crop_snowfall,1,60.0000000,2,F,T,0,0,T,17,15,0.199999996E-01,28,19,0,1004.50000,0.285714298,9.81000042,2500000.00,0.567051011E-07,0.00000000,12,3,1.00000000,0.00000000,278.000000,10.0000000,95.0000000,88.0000000,0.800000012,1.00000000,250.000000,150.000000,0.800000038E-02,0.700000022E-02,7.00000000,0.180000007,80.0000000,95000.0000,268.000000,0.219999999E-02,0.199999995E-04,1.10000002,12.6342831,0.658826157E-01,0.230477199,0.285705715,0.660000026,0.284772635,0.945371509,5.67999983,0.744882405,0.632344233E-02,0.189705878,0.189705878,266.504913,-10.6005383,0.259469914E-06,0.649011254,7.50003147,0.00000000,0.00000000,0.00000000,218.072250,3.25000000,0.00000000,0.225501158E-02,0.00000000,0.00000000,0.224993797E-02,0.228218082E-02,1.00000000,268.118988,-6.04534912,653.100220,1305.00000,68.3138199,0.800000012,11.7106619,0.180042595,0.817948282E-01,266.972473,0.105739400,0.00000000,13.2685127,0.719480664E-01,0.243518904,0.451410919,0.660000026,0.660000026,0.980000019,5.67999983,0.749339819,0.632344233E-02,0.189705878,0.189705878,266.576233,-10.0948486,0.309876413E-06,0.878499627,7.50006866,0.00000000,0.00000000,0.00000000,0.599749267,3.25000000,0.00000000,0.229590992E-02,0.00000000,0.00000000,0.229065097E-02,0.229590992E-02,1.00000000,267.228516,-6.24761963,653.100342,1305.00000,68.3138199,0.800000012,23.4213238,0.180079073,0.824033916E-01,267.228516,0.109293327,1.00000000
1,2,cold_crop_snowfall,2,60.0000000,2,F,T,0,0,T,17,15,0.199999996E-01,28,19,0,1004.50000,0.285714298,9.81000042,2500000.00,0.567051011E-07,0.999999978E-02,12,3,1.00000000,0.00000000,278.000000,10.0000000,95.0000000,88.0000000,0.800000012,1.00000000,250.000000,150.000000,0.800000038E-02,0.700000022E-02,7.00000000,0.180000007,80.0000000,95000.0000,268.000000,0.219999999E-02,0.199999995E-04,1.10000002,12.6342831,0.658826157E-01,0.230477199,0.285705715,0.660000026,0.284772635,0.945371509,5.67999983,0.744882405,0.632344233E-02,0.189705878,0.189705878,266.504913,-10.6005383,0.259469914E-06,0.649011254,7.50003147,0.00000000,0.00000000,0.00000000,218.072250,3.25000000,0.00000000,0.225501158E-02,0.00000000,0.00000000,0.224993797E-02,0.228218082E-02,1.00000000,268.118988,-6.04534912,653.100220,1305.00000,68.3138199,0.800000012,11.7106619,0.185994685,0.876001418E-01,268.736755,0.108570650,0.00000000,13.2685127,0.719480664E-01,0.243518904,0.451410919,0.660000026,0.660000026,0.980000019,5.67999983,0.749339819,0.632344233E-02,0.189705878,0.189705878,266.576233,-10.0948486,0.309876413E-06,0.878499627,7.50006866,0.00000000,0.00000000,0.00000000,0.599749267,3.25000000,0.00000000,0.229590992E-02,0.00000000,0.00000000,0.229065097E-02,0.229590992E-02,1.00000000,267.228516,-6.24761963,653.100342,1305.00000,68.3138199,0.800000012,23.4213238,0.185990781,0.867813453E-01,268.532715,0.109328426,0.00000000
1,2,cold_crop_snowfall,3,60.0000000,2,F,T,0,0,T,17,15,0.199999996E-01,28,19,0,1004.50000,0.285714298,9.81000042,2500000.00,0.567051011E-07,0.399999991E-01,12,3,1.00000000,0.00000000,278.000000,10.0000000,95.0000000,88.0000000,0.800000012,1.00000000,250.000000,150.000000,0.800000038E-02,0.700000022E-02,7.00000000,0.180000007,80.0000000,95000.0000,268.000000,0.219999999E-02,0.199999995E-04,1.10000002,12.6342831,0.658826157E-01,0.230477199,0.285705715,0.660000026,0.284772635,0.945371509,5.67999983,0.744882405,0.632344233E-02,0.189705878,0.189705878,266.504913,-10.6005383,0.259469914E-06,0.649011254,7.50003147,0.00000000,0.00000000,0.00000000,218.072250,3.25000000,0.00000000,0.225501158E-02,0.00000000,0.00000000,0.224993797E-02,0.228218082E-02,1.00000000,268.118988,-6.04534912,653.100220,1305.00000,68.3138199,0.800000012,11.7106619,0.191999495,0.926725119E-01,269.787659,0.110285684,0.00000000,13.2685127,0.719480664E-01,0.243518904,0.451410919,0.660000026,0.660000026,0.980000019,5.67999983,0.749339819,0.632344233E-02,0.189705878,0.189705878,266.576233,-10.0948486,0.309876413E-06,0.878499627,7.50006866,0.00000000,0.00000000,0.00000000,0.599749267,3.25000000,0.00000000,0.229590992E-02,0.00000000,0.00000000,0.229065097E-02,0.229590992E-02,1.00000000,267.228516,-6.24761963,653.100342,1305.00000,68.3138199,0.800000012,23.4213238,0.191999048,0.925811678E-01,269.771576,0.110363320,0.00000000
1,2,cold_crop_snowfall,4,60.0000000,2,F,T,0,0,T,17,15,0.199999996E-01,28,19,0,1004.50000,0.285714298,9.81000042,2500000.00,0.567051011E-07,0.100000001,12,3,1.00000000,0.00000000,278.000000,10.0000000,95.0000000,88.0000000,0.800000012,1.00000000,250.000000,150.000000,0.800000038E-02,0.700000022E-02,7.00000000,0.180000007,80.0000000,95000.0000,268.000000,0.219999999E-02,0.199999995E-04,1.10000002,12.6342831,0.658826157E-01,0.230477199,0.285705715,0.660000026,0.284772635,0.945371509,5.67999983,0.744882405,0.632344233E-02,0.189705878,0.189705878,266.504913,-10.6005383,0.259469914E-06,0.649011254,7.50003147,0.00000000,0.00000000,0.00000000,218.072250,3.25000000,0.00000000,0.225501158E-02,0.00000000,0.00000000,0.224993797E-02,0.228218082E-02,1.00000000,268.118988,-6.04534912,653.100220,1305.00000,68.3138199,0.800000012,11.7106619,0.197999686,0.989076793E-01,270.697906,0.110083126,0.00000000,13.2685127,0.719480664E-01,0.243518904,0.451410919,0.660000026,0.660000026,0.980000019,5.67999983,0.749339819,0.632344233E-02,0.189705878,0.189705878,266.576233,-10.0948486,0.309876413E-06,0.878499627,7.50006866,0.00000000,0.00000000,0.00000000,0.599749267,3.25000000,0.00000000,0.229590992E-02,0.00000000,0.00000000,0.229065097E-02,0.229590992E-02,1.00000000,267.228516,-6.24761963,653.100342,1305.00000,68.3138199,0.800000012,23.4213238,0.197999358,0.988899469E-01,270.695770,0.110102206,0.00000000
1,2,cold_crop_snowfall,5,60.0000000,2,F,T,0,0,T,17,15,0.199999996E-01,28,19,0,1004.50000,0.285714298,9.81000042,2500000.00,0.567051011E-07,0.300000012,12,3,1.00000000,0.00000000,278.000000,10.0000000,95.0000000,88.0000000,0.800000012,1.00000000,250.000000,150.000000,0.800000038E-02,0.700000022E-02,7.00000000,0.180000007,80.0000000,95000.0000,268.000000,0.219999999E-02,0.199999995E-04,1.10000002,12.6342831,0.658826157E-01,0.230477199,0.285705715,0.660000026,0.284772635,0.945371509,5.67999983,0.744882405,0.632344233E-02,0.189705878,0.189705878,266.504913,-10.6005383,0.259469914E-06,0.649011254,7.50003147,0.00000000,0.00000000,0.00000000,218.072250,3.25000000,0.00000000,0.225501158E-02,0.00000000,0.00000000,0.224993797E-02,0.228218082E-02,1.00000000,268.118988,-6.04534912,653.100220,1305.00000,68.3138199,0.800000012,11.7106619,0.204000086,0.108684406,271.599792,0.105902813,0.00000000,13.2685127,0.719480664E-01,0.243518904,0.451410919,0.660000026,0.660000026,0.980000019,5.67999983,0.749339819,0.632344233E-02,0.189705878,0.189705878,266.576233,-10.0948486,0.309876413E-06,0.878499627,7.50006866,0.00000000,0.00000000,0.00000000,0.599749267,3.25000000,0.00000000,0.229590992E-02,0.00000000,0.00000000,0.229065097E-02,0.229590992E-02,1.00000000,267.228516,-6.24761963,653.100342,1305.00000,68.3138199,0.800000012,23.4213238,0.204000145,0.108681329,271.599579,0.105906300,0.00000000
1,2,cold_crop_snowfall,6,60.0000000,2,F,T,0,0,T,17,15,0.199999996E-01,28,19,0,1004.50000,0.285714298,9.81000042,2500000.00,0.567051011E-07,0.600000024,12,3,1.00000000,0.00000000,278.000000,10.0000000,95.0000000,88.0000000,0.800000012,1.00000000,250.000000,150.000000,0.800000038E-02,0.700000022E-02,7.00000000,0.180000007,80.0000000,95000.0000,268.000000,0.219999999E-02,0.199999995E-04,1.10000002,12.6342831,0.658826157E-01,0.230477199,0.285705715,0.660000026,0.284772635,0.945371509,5.67999983,0.744882405,0.632344233E-02,0.189705878,0.189705878,266.504913,-10.6005383,0.259469914E-06,0.649011254,7.50003147,0.00000000,0.00000000,0.00000000,218.072250,3.25000000,0.00000000,0.225501158E-02,0.00000000,0.00000000,0.224993797E-02,0.228218082E-02,1.00000000,268.118988,-6.04534912,653.100220,1305.00000,68.3138199,0.800000012,11.7106619,0.210000515,0.129865229,272.499969,0.890372545E-01,0.00000000,13.2685127,0.719480664E-01,0.243518904,0.451410919,0.660000026,0.660000026,0.980000019,5.67999983,0.749339819,0.632344233E-02,0.189705878,0.189705878,266.576233,-10.0948486,0.309876413E-06,0.878499627,7.50006866,0.00000000,0.00000000,0.00000000,0.599749267,3.25000000,0.00000000,0.229590992E-02,0.00000000,0.00000000,0.229065097E-02,0.229590992E-02,1.00000000,267.228516,-6.24761963,653.100342,1305.00000,68.3138199,0.800000012,23.4213238,0.210001022,0.129863963,272.499939,0.890391916E-01,0.00000000
1,2,cold_crop_snowfall,7,60.0000000,2,F,T,0,0,T,17,15,0.199999996E-01,28,19,0,1004.50000,0.285714298,9.81000042,2500000.00,0.567051011E-07,1.00000000,12,3,1.00000000,0.00000000,278.000000,10.0000000,95.0000000,88.0000000,0.800000012,1.00000000,250.000000,150.000000,0.800000038E-02,0.700000022E-02,7.00000000,0.180000007,80.0000000,95000.0000,268.000000,0.219999999E-02,0.199999995E-04,1.10000002,12.6342831,0.658826157E-01,0.230477199,0.285705715,0.660000026,0.284772635,0.945371509,5.67999983,0.744882405,0.632344233E-02,0.189705878,0.189705878,266.504913,-10.6005383,0.259469914E-06,0.649011254,7.50003147,0.00000000,0.00000000,0.00000000,218.072250,3.25000000,0.00000000,0.225501158E-02,0.00000000,0.00000000,0.224993797E-02,0.228218082E-02,1.00000000,268.118988,-6.04534912,653.100220,1305.00000,68.3138199,0.800000012,11.7106619,0.216000378,0.216000021,273.400116,0.194444448,0.00000000,13.2685127,0.719480664E-01,0.243518904,0.451410919,0.660000026,0.660000026,0.980000019,5.67999983,0.749339819,0.632344233E-02,0.189705878,0.189705878,266.576233,-10.0948486,0.309876413E-06,0.878499627,7.50006866,0.00000000,0.00000000,0.00000000,0.599749267,3.25000000,0.00000000,0.229590992E-02,0.00000000,0.00000000,0.229065097E-02,0.229590992E-02,1.00000000,267.228516,-6.24761963,653.100342,1305.00000,68.3138199,0.800000012,23.4213238,0.216000736,0.216000378,273.400238,0.194444850,0.00000000
1,2,cold_crop_snowfall,8,60.0000000,2,F,T,0,0,T,17,15,0.199999996E-01,28,19,0,1004.50000,0.285714298,9.81000042,2500000.00,0.567051011E-07,1.60000002,12,3,1.00000000,0.00000000,278.000000,10.0000000,95.0000000,88.0000000,0.800000012,1.00000000,250.000000,150.000000,0.800000038E-02,0.700000022E-02,7.00000000,0.180000007,80.0000000,95000.0000,268.000000,0.219999999E-02,0.199999995E-04,1.10000002,12.6342831,0.658826157E-01,0.230477199,0.285705715,0.660000026,0.284772635,0.945371509,5.67999983,0.744882405,0.632344233E-02,0.189705878,0.189705878,266.504913,-10.6005383,0.259469914E-06,0.649011254,7.50003147,0.00000000,0.00000000,0.00000000,218.072250,3.25000000,0.00000000,0.225501158E-02,0.00000000,0.00000000,0.224993797E-02,0.228218082E-02,1.00000000,268.118988,-6.04534912,653.100220,1305.00000,68.3138199,0.800000012,11.7106619,0.221999764,0.221999764,274.299957,0.201111093,0.00000000,13.2685127,0.719480664E-01,0.243518904,0.451410919,0.660000026,0.660000026,0.980000019,5.67999983,0.749339819,0.632344233E-02,0.189705878,0.189705878,266.576233,-10.0948486,0.309876413E-06,0.878499627,7.50006866,0.00000000,0.00000000,0.00000000,0.599749267,3.25000000,0.00000000,0.229590992E-02,0.00000000,0.00000000,0.229065097E-02,0.229590992E-02,1.00000000,267.228516,-6.24761963,653.100342,1305.00000,68.3138199,0.800000012,23.4213238,0.221999526,0.221999526,274.299988,0.201110825,0.00000000
1,2,cold_crop_snowfall,9,60.0000000,2,F,T,0,0,T,17,15,0.199999996E-01,28,19,0,1004.50000,0.285714298,9.81000042,2500000.00,0.567051011E-07,3.00000000,12,3,1.00000000,0.00000000,278.000000,10.0000000,95.0000000,88.0000000,0.800000012,1.00000000,250.000000,150.000000,0.800000038E-02,0.700000022E-02,7.00000000,0.180000007,80.0000000,95000.0000,268.000000,0.219999999E-02,0.199999995E-04,1.10000002,12.6342831,0.658826157E-01,0.230477199,0.285705715,0.660000026,0.284772635,0.945371509,5.67999983,0.744882405,0.632344233E-02,0.189705878,0.189705878,266.504913,-10.6005383,0.259469914E-06,0.649011254,7.50003147,0.00000000,0.00000000,0.00000000,218.072250,3.25000000,0.00000000,0.225501158E-02,0.00000000,0.00000000,0.224993797E-02,0.228218082E-02,1.00000000,268.118988,-6.04534912,653.100220,1305.00000,68.3138199,0.800000012,11.7106619,0.228000015,0.228000015,278.000000,0.207777783,0.00000000,13.2685127,0.719480664E-01,0.243518904,0.451410919,0.660000026,0.660000026,0.980000019,5.67999983,0.749339819,0.632344233E-02,0.189705878,0.189705878,266.576233,-10.0948486,0.309876413E-06,0.878499627,7.50006866,0.00000000,0.00000000,0.00000000,0.599749267,3.25000000,0.00000000,0.229590992E-02,0.00000000,0.00000000,0.229065097E-02,0.229590992E-02,1.00000000,267.228516,-6.24761963,653.100342,1305.00000,68.3138199,0.800000012,23.4213238,0.228000015,0.228000015,278.000000,0.207777783,0.00000000
1,2,deep_pack_forest,1,60.0000000,2,F,T,0,0,T,17,15,0.199999996E-01,28,19,0,1004.50000,0.285714298,9.81000042,2500000.00,0.567051011E-07,0.00000000,2,8,1.00000000,0.00000000,276.000000,30.0000000,95.0000000,92.0000000,0.00000000,0.00000000,235.000000,110.000000,0.600000005E-02,0.499999989E-02,5.00000000,0.119999997,80.0000000,95000.0000,263.000000,0.139999995E-02,0.00000000,1.10000002,139.999954,0.449999839,0.640738606,0.499889702E-01,0.349999994,0.267369866,0.969222188,6.48000002,0.967528343,0.451977644E-02,0.800000012,0.800000012,262.076233,-4.68143320,0.246859599E-06,0.663609385,7.50002956,0.00000000,0.00000000,0.00000000,94.7407990,3.25000000,0.00000000,0.153943512E-02,0.00000000,0.00000000,0.153706886E-02,0.154532655E-02,1.00000000,262.499634,-10.5278625,1046.55005,1431.00000,-1000.00000,0.00000000,0.00000000,0.330156356,0.164991543,262.883423,0.183083639,1.00000000,139.999908,0.449999690,0.640738547,0.499765798E-01,0.349999994,0.267369866,0.969222188,6.48000002,0.967707098,0.451977644E-02,0.800000012,0.800000012,262.279602,-3.65089059,0.277360755E-06,0.746034145,7.50006294,0.00000000,0.00000000,0.00000000,70.5815887,3.25000000,0.00000000,0.156681379E-02,0.00000000,0.00000000,0.156436278E-02,0.157374260E-02,1.00000000,262.499390,-10.5115051,1046.55017,1431.00000,-1000.00000,0.00000000,0.00000000,0.330304176,0.165480345,262.932678,0.183083639,1.00000000
1,2,deep_pack_forest,2,60.0000000,2,F,T,0,0,T,17,15,0.199999996E-01,28,19,0,1004.50000,0.285714298,9.81000042,2500000.00,0.567051011E-07,0.999999978E-02,2,8,1.00000000,0.00000000,276.000000,30.0000000,95.0000000,92.0000000,0.00000000,0.00000000,235.000000,110.000000,0.600000005E-02,0.499999989E-02,5.00000000,0.119999997,80.0000000,95000.0000,263.000000,0.139999995E-02,0.00000000,1.10000002,139.999954,0.449999839,0.640738606,0.499889702E-01,0.349999994,0.267369866,0.969222188,6.48000002,0.967528343,0.451977644E-02,0.800000012,0.800000012,262.076233,-4.68143320,0.246859599E-06,0.663609385,7.50002956,0.00000000,0.00000000,0.00000000,94.7407990,3.25000000,0.00000000,0.153943512E-02,0.00000000,0.00000000,0.153706886E-02,0.154532655E-02,1.00000000,262.499634,-10.5278625,1046.55005,1431.00000,-1000.00000,0.00000000,0.00000000,0.332977712,0.167664453,264.053589,0.183302522,0.00000000,139.999908,0.449999690,0.640738547,0.499765798E-01,0.349999994,0.267369866,0.969222188,6.48000002,0.967707098,0.451977644E-02,0.800000012,0.800000012,262.279602,-3.65089059,0.277360755E-06,0.746034145,7.50006294,0.00000000,0.00000000,0.00000000,70.5815887,3.25000000,0.00000000,0.156681379E-02,0.00000000,0.00000000,0.156436278E-02,0.157374260E-02,1.00000000,262.499390,-10.5115051,1046.55017,1431.00000,-1000.00000,0.00000000,0.00000000,0.332957596,0.167180523,263.854553,0.183681607,0.00000000
1,2,deep_pack_forest,3,60.0000000,2,F,T,0,0,T,17,15,0.199999996E-01,28,19,0,1004.50000,0.285714298,9.81000042,2500000.00,0.567051011E-07,0.399999991E-01,2,8,1.00000000,0.00000000,276.000000,30.0000000,95.0000000,92.0000000,0.00000000,0.00000000,235.000000,110.000000,0.600000005E-02,0.499999989E-02,5.00000000,0.119999997,80.0000000,95000.0000,263.000000,0.139999995E-02,0.00000000,1.10000002,139.999954,0.449999839,0.640738606,0.499889702E-01,0.349999994,0.267369866,0.969222188,6.48000002,0.967528343,0.451977644E-02,0.800000012,0.800000012,262.076233,-4.68143320,0.246859599E-06,0.663609385,7.50002956,0.00000000,0.00000000,0.00000000,94.7407990,3.25000000,0.00000000,0.153943512E-02,0.00000000,0.00000000,0.153706886E-02,0.154532655E-02,1.00000000,262.499634,-10.5278625,1046.55005,1431.00000,-1000.00000,0.00000000,0.00000000,0.335997105,0.171224356,265.381622,0.183024272,0.00000000,139.999908,0.449999690,0.640738547,0.499765798E-01,0.349999994,0.267369866,0.969222188,6.48000002,0.967707098,0.451977644E-02,0.800000012,0.800000012,262.279602,-3.65089059,0.277360755E-06,0.746034145,7.50006294,0.00000000,0.00000000,0.00000000,70.5815887,3.25000000,0.00000000,0.156681379E-02,0.00000000,0.00000000,0.156436278E-02,0.157374260E-02,1.00000000,262.499390,-10.5115051,1046.55017,1431.00000,-1000.00000,0.00000000,0.00000000,0.335994154,0.171158999,265.359283,0.183080852,0.00000000
1,2,deep_pack_forest,4,60.0000000,2,F,T,0,0,T,17,15,0.199999996E-01,28,19,0,1004.50000,0.285714298,9.81000042,2500000.00,0.567051011E-07,0.100000001,2,8,1.00000000,0.00000000,276.000000,30.0000000,95.0000000,92.0000000,0.00000000,0.00000000,235.000000,110.000000,0.600000005E-02,0.499999989E-02,5.00000000,0.119999997,80.0000000,95000.0000,263.000000,0.139999995E-02,0.00000000,1.10000002,139.999954,0.449999839,0.640738606,0.499889702E-01,0.349999994,0.267369866,0.969222188,6.48000002,0.967528343,0.451977644E-02,0.800000012,0.800000012,262.076233,-4.68143320,0.246859599E-06,0.663609385,7.50002956,0.00000000,0.00000000,0.00000000,94.7407990,3.25000000,0.00000000,0.153943512E-02,0.00000000,0.00000000,0.153706886E-02,0.154532655E-02,1.00000000,262.499634,-10.5278625,1046.55005,1431.00000,-1000.00000,0.00000000,0.00000000,0.338999003,0.175125599,266.596313,0.182068124,0.00000000,139.999908,0.449999690,0.640738547,0.499765798E-01,0.349999994,0.267369866,0.969222188,6.48000002,0.967707098,0.451977644E-02,0.800000012,0.800000012,262.279602,-3.65089059,0.277360755E-06,0.746034145,7.50006294,0.00000000,0.00000000,0.00000000,70.5815887,3.25000000,0.00000000,0.156681379E-02,0.00000000,0.00000000,0.156436278E-02,0.157374260E-02,1.00000000,262.499390,-10.5115051,1046.55017,1431.00000,-1000.00000,0.00000000,0.00000000,0.338997990,0.175112292,266.592529,0.182081506,0.00000000
1,2,deep_pack_forest,5,60.0000000,2,F,T,0,0,T,17,15,0.199999996E-01,28,19,0,1004.50000,0.285714298,9.81000042,2500000.00,0.567051011E-07,0.300000012,2,8,1.00000000,0.00000000,276.000000,30.0000000,95.0000000,92.0000000,0.00000000,0.00000000,235.000000,110.000000,0.600000005E-02,0.499999989E-02,5.00000000,0.119999997,80.0000000,95000.0000,263.000000,0.139999995E-02,0.00000000,1.10000002,139.999954,0.449999839,0.640738606,0.499889702E-01,0.349999994,0.267369866,0.969222188,6.48000002,0.967528343,0.451977644E-02,0.800000012,0.800000012,262.076233,-4.68143320,0.246859599E-06,0.663609385,7.50002956,0.00000000,0.00000000,0.00000000,94.7407990,3.25000000,0.00000000,0.153943512E-02,0.00000000,0.00000000,0.153706886E-02,0.154532655E-02,1.00000000,262.499634,-10.5278625,1046.55005,1431.00000,-1000.00000,0.00000000,0.00000000,0.341999948,0.179874942,267.799683,0.180137455,0.00000000,139.999908,0.449999690,0.640738547,0.499765798E-01,0.349999994,0.267369866,0.969222188,6.48000002,0.967707098,0.451977644E-02,0.800000012,0.800000012,262.279602,-3.65089059,0.277360755E-06,0.746034145,7.50006294,0.00000000,0.00000000,0.00000000,70.5815887,3.25000000,0.00000000,0.156681379E-02,0.00000000,0.00000000,0.156436278E-02,0.157374260E-02,1.00000000,262.499390,-10.5115051,1046.55017,1431.00000,-1000.00000,0.00000000,0.00000000,0.341999888,0.179873601,267.799377,0.180138886,0.00000000
1,2,deep_pack_forest,6,60.0000000,2,F,T,0,0,T,17,15,0.199999996E-01,28,19,0,1004.50000,0.285714298,9.81000042,2500000.00,0.567051011E-07,0.600000024,2,8,1.00000000,0.00000000,276.000000,30.0000000,95.0000000,92.0000000,0.00000000,0.00000000,235.000000,110.000000,0.600000005E-02,0.499999989E-02,5.00000000,0.119999997,80.0000000,95000.0000,263.000000,0.139999995E-02,0.00000000,1.10000002,139.999954,0.449999839,0.640738606,0.499889702E-01,0.349999994,0.267369866,0.969222188,6.48000002,0.967528343,0.451977644E-02,0.800000012,0.800000012,262.076233,-4.68143320,0.246859599E-06,0.663609385,7.50002956,0.00000000,0.00000000,0.00000000,94.7407990,3.25000000,0.00000000,0.153943512E-02,0.00000000,0.00000000,0.153706886E-02,0.154532655E-02,1.00000000,262.499634,-10.5278625,1046.55005,1431.00000,-1000.00000,0.00000000,0.00000000,0.345000029,0.185975596,268.999878,0.176693007,0.00000000,139.999908,0.449999690,0.640738547,0.499765798E-01,0.349999994,0.267369866,0.969222188,6.48000002,0.967707098,0.451977644E-02,0.800000012,0.800000012,262.279602,-3.65089059,0.277360755E-06,0.746034145,7.50006294,0.00000000,0.00000000,0.00000000,70.5815887,3.25000000,0.00000000,0.156681379E-02,0.00000000,0.00000000,0.156436278E-02,0.157374260E-02,1.00000000,262.499390,-10.5115051,1046.55017,1431.00000,-1000.00000,0.00000000,0.00000000,0.345000029,0.185974881,268.999756,0.176693812,0.00000000
1,2,deep_pack_forest,7,60.0000000,2,F,T,0,0,T,17,15,0.199999996E-01,28,19,0,1004.50000,0.285714298,9.81000042,2500000.00,0.567051011E-07,1.00000000,2,8,1.00000000,0.00000000,276.000000,30.0000000,95.0000000,92.0000000,0.00000000,0.00000000,235.000000,110.000000,0.600000005E-02,0.499999989E-02,5.00000000,0.119999997,80.0000000,95000.0000,263.000000,0.139999995E-02,0.00000000,1.10000002,139.999954,0.449999839,0.640738606,0.499889702E-01,0.349999994,0.267369866,0.969222188,6.48000002,0.967528343,0.451977644E-02,0.800000012,0.800000012,262.076233,-4.68143320,0.246859599E-06,0.663609385,7.50002956,0.00000000,0.00000000,0.00000000,94.7407990,3.25000000,0.00000000,0.153943512E-02,0.00000000,0.00000000,0.153706886E-02,0.154532655E-02,1.00000000,262.499634,-10.5278625,1046.55005,1431.00000,-1000.00000,0.00000000,0.00000000,0.347999990,0.194460541,270.199921,0.170598537,0.00000000,139.999908,0.449999690,0.640738547,0.499765798E-01,0.349999994,0.267369866,0.969222188,6.48000002,0.967707098,0.451977644E-02,0.800000012,0.800000012,262.279602,-3.65089059,0.277360755E-06,0.746034145,7.50006294,0.00000000,0.00000000,0.00000000,70.5815887,3.25000000,0.00000000,0.156681379E-02,0.00000000,0.00000000,0.156436278E-02,0.157374260E-02,1.00000000,262.499390,-10.5115051,1046.55017,1431.00000,-1000.00000,0.00000000,0.00000000,0.347999960,0.194459766,270.199829,0.170599386,0.00000000
1,2,deep_pack_forest,8,60.0000000,2,F,T,0,0,T,17,15,0.199999996E-01,28,19,0,1004.50000,0.285714298,9.81000042,2500000.00,0.567051011E-07,1.60000002,2,8,1.00000000,0.00000000,276.000000,30.0000000,95.0000000,92.0000000,0.00000000,0.00000000,235.000000,110.000000,0.600000005E-02,0.499999989E-02,5.00000000,0.119999997,80.0000000,95000.0000,263.000000,0.139999995E-02,0.00000000,1.10000002,139.999954,0.449999839,0.640738606,0.499889702E-01,0.349999994,0.267369866,0.969222188,6.48000002,0.967528343,0.451977644E-02,0.800000012,0.800000012,262.076233,-4.68143320,0.246859599E-06,0.663609385,7.50002956,0.00000000,0.00000000,0.00000000,94.7407990,3.25000000,0.00000000,0.153943512E-02,0.00000000,0.00000000,0.153706886E-02,0.154532655E-02,1.00000000,262.499634,-10.5278625,1046.55005,1431.00000,-1000.00000,0.00000000,0.00000000,0.350999981,0.208133847,271.399963,0.158739656,0.00000000,139.999908,0.449999690,0.640738547,0.499765798E-01,0.349999994,0.267369866,0.969222188,6.48000002,0.967707098,0.451977644E-02,0.800000012,0.800000012,262.279602,-3.65089059,0.277360755E-06,0.746034145,7.50006294,0.00000000,0.00000000,0.00000000,70.5815887,3.25000000,0.00000000,0.156681379E-02,0.00000000,0.00000000,0.156436278E-02,0.157374260E-02,1.00000000,262.499390,-10.5115051,1046.55017,1431.00000,-1000.00000,0.00000000,0.00000000,0.351000011,0.208135247,271.400055,0.158740148,1.00000000
1,2,deep_pack_forest,9,60.0000000,2,F,T,0,0,T,17,15,0.199999996E-01,28,19,0,1004.50000,0.285714298,9.81000042,2500000.00,0.567051011E-07,3.00000000,2,8,1.00000000,0.00000000,276.000000,30.0000000,95.0000000,92.0000000,0.00000000,0.00000000,235.000000,110.000000,0.600000005E-02,0.499999989E-02,5.00000000,0.119999997,80.0000000,95000.0000,263.000000,0.139999995E-02,0.00000000,1.10000002,139.999954,0.449999839,0.640738606,0.499889702E-01,0.349999994,0.267369866,0.969222188,6.48000002,0.967528343,0.451977644E-02,0.800000012,0.800000012,262.076233,-4.68143320,0.246859599E-06,0.663609385,7.50002956,0.00000000,0.00000000,0.00000000,94.7407990,3.25000000,0.00000000,0.153943512E-02,0.00000000,0.00000000,0.153706886E-02,0.154532655E-02,1.00000000,262.499634,-10.5278625,1046.55005,1431.00000,-1000.00000,0.00000000,0.00000000,0.354000002,0.241798446,276.000000,0.124668390,0.00000000,139.999908,0.449999690,0.640738547,0.499765798E-01,0.349999994,0.267369866,0.969222188,6.48000002,0.967707098,0.451977644E-02,0.800000012,0.800000012,262.279602,-3.65089059,0.277360755E-06,0.746034145,7.50006294,0.00000000,0.00000000,0.00000000,70.5815887,3.25000000,0.00000000,0.156681379E-02,0.00000000,0.00000000,0.156436278E-02,0.157374260E-02,1.00000000,262.499390,-10.5115051,1046.55017,1431.00000,-1000.00000,0.00000000,0.00000000,0.354000002,0.354000002,276.000000,0.326666653,0.00000000
1,2,open_water,1,60.0000000,2,F,T,0,0,T,17,15,0.199999996E-01,28,19,0,1004.50000,0.285714298,9.81000042,2500000.00,0.567051011E-07,0.00000000,17,14,2.00000000,0.00000000,286.000000,0.00000000,0.00000000,0.00000000,0.400000006,0.00000000,350.000000,400.000000,0.199999996E-01,0.189999994E-01,19.0000000,0.799999982E-01,80.0000000,95000.0000,286.000000,0.954999961E-02,0.00000000,1.10000002,0.00000000,0.00000000,0.00000000,0.00000000,0.699999988,0.799999982E-01,0.980000019,0.999999978E-02,1.00000000,0.00000000,0.00000000,0.999999975E-04,286.000000,0.00000000,0.00000000,0.00000000,7.50000000,0.00000000,0.00000000,0.00000000,0.00000000,3.25000000,0.00000000,0.970683713E-02,0.500000024E-03,0.00000000,0.961352047E-02,0.970683713E-02,1.00000000,286.000000,12.8500061,1.00000000,1.00000000,-1000.00000,0.00000000,0.00000000,1.00000000,1.00000000,286.000000,0.00000000,0.00000000,0.00000000,0.00000000,0.00000000,0.00000000,0.699999988,0.799999982E-01,0.980000019,0.999999978E-02,1.00000000,0.00000000,0.00000000,0.999999975E-04,286.000000,0.00000000,0.00000000,0.00000000,7.50000000,0.00000000,0.00000000,0.00000000,0.00000000,3.25000000,0.00000000,0.970683713E-02,0.500000024E-03,0.00000000,0.961352047E-02,0.970683713E-02,1.00000000,286.000000,12.8500061,1.00000000,1.00000000,-1000.00000,0.00000000,0.00000000,1.00000000,1.00000000,286.000000,0.00000000,0.00000000
1,2,open_water,2,60.0000000,2,F,T,0,0,T,17,15,0.199999996E-01,28,19,0,1004.50000,0.285714298,9.81000042,2500000.00,0.567051011E-07,0.999999978E-02,17,14,2.00000000,0.00000000,286.000000,0.00000000,0.00000000,0.00000000,0.400000006,0.00000000,350.000000,400.000000,0.199999996E-01,0.189999994E-01,19.0000000,0.799999982E-01,80.0000000,95000.0000,286.000000,0.954999961E-02,0.00000000,1.10000002,0.00000000,0.00000000,0.00000000,0.00000000,0.699999988,0.799999982E-01,0.980000019,0.999999978E-02,1.00000000,0.00000000,0.00000000,0.999999975E-04,286.000000,0.00000000,0.00000000,0.00000000,7.50000000,0.00000000,0.00000000,0.00000000,0.00000000,3.25000000,0.00000000,0.970683713E-02,0.500000024E-03,0.00000000,0.961352047E-02,0.970683713E-02,1.00000000,286.000000,12.8500061,1.00000000,1.00000000,-1000.00000,0.00000000,0.00000000,1.00000000,1.00000000,286.000000,0.00000000,0.00000000,0.00000000,0.00000000,0.00000000,0.00000000,0.699999988,0.799999982E-01,0.980000019,0.999999978E-02,1.00000000,0.00000000,0.00000000,0.999999975E-04,286.000000,0.00000000,0.00000000,0.00000000,7.50000000,0.00000000,0.00000000,0.00000000,0.00000000,3.25000000,0.00000000,0.970683713E-02,0.500000024E-03,0.00000000,0.961352047E-02,0.970683713E-02,1.00000000,286.000000,12.8500061,1.00000000,1.00000000,-1000.00000,0.00000000,0.00000000,1.00000000,1.00000000,286.000000,0.00000000,0.00000000
1,2,open_water,3,60.0000000,2,F,T,0,0,T,17,15,0.199999996E-01,28,19,0,1004.50000,0.285714298,9.81000042,2500000.00,0.567051011E-07,0.399999991E-01,17,14,2.00000000,0.00000000,286.000000,0.00000000,0.00000000,0.00000000,0.400000006,0.00000000,350.000000,400.000000,0.199999996E-01,0.189999994E-01,19.0000000,0.799999982E-01,80.0000000,95000.0000,286.000000,0.954999961E-02,0.00000000,1.10000002,0.00000000,0.00000000,0.00000000,0.00000000,0.699999988,0.799999982E-01,0.980000019,0.999999978E-02,1.00000000,0.00000000,0.00000000,0.999999975E-04,286.000000,0.00000000,0.00000000,0.00000000,7.50000000,0.00000000,0.00000000,0.00000000,0.00000000,3.25000000,0.00000000,0.970683713E-02,0.500000024E-03,0.00000000,0.961352047E-02,0.970683713E-02,1.00000000,286.000000,12.8500061,1.00000000,1.00000000,-1000.00000,0.00000000,0.00000000,1.00000000,1.00000000,286.000000,0.00000000,0.00000000,0.00000000,0.00000000,0.00000000,0.00000000,0.699999988,0.799999982E-01,0.980000019,0.999999978E-02,1.00000000,0.00000000,0.00000000,0.999999975E-04,286.000000,0.00000000,0.00000000,0.00000000,7.50000000,0.00000000,0.00000000,0.00000000,0.00000000,3.25000000,0.00000000,0.970683713E-02,0.500000024E-03,0.00000000,0.961352047E-02,0.970683713E-02,1.00000000,286.000000,12.8500061,1.00000000,1.00000000,-1000.00000,0.00000000,0.00000000,1.00000000,1.00000000,286.000000,0.00000000,0.00000000
1,2,open_water,4,60.0000000,2,F,T,0,0,T,17,15,0.199999996E-01,28,19,0,1004.50000,0.285714298,9.81000042,2500000.00,0.567051011E-07,0.100000001,17,14,2.00000000,0.00000000,286.000000,0.00000000,0.00000000,0.00000000,0.400000006,0.00000000,350.000000,400.000000,0.199999996E-01,0.189999994E-01,19.0000000,0.799999982E-01,80.0000000,95000.0000,286.000000,0.954999961E-02,0.00000000,1.10000002,0.00000000,0.00000000,0.00000000,0.00000000,0.699999988,0.799999982E-01,0.980000019,0.999999978E-02,1.00000000,0.00000000,0.00000000,0.999999975E-04,286.000000,0.00000000,0.00000000,0.00000000,7.50000000,0.00000000,0.00000000,0.00000000,0.00000000,3.25000000,0.00000000,0.970683713E-02,0.500000024E-03,0.00000000,0.961352047E-02,0.970683713E-02,1.00000000,286.000000,12.8500061,1.00000000,1.00000000,-1000.00000,0.00000000,0.00000000,1.00000000,1.00000000,286.000000,0.00000000,0.00000000,0.00000000,0.00000000,0.00000000,0.00000000,0.699999988,0.799999982E-01,0.980000019,0.999999978E-02,1.00000000,0.00000000,0.00000000,0.999999975E-04,286.000000,0.00000000,0.00000000,0.00000000,7.50000000,0.00000000,0.00000000,0.00000000,0.00000000,3.25000000,0.00000000,0.970683713E-02,0.500000024E-03,0.00000000,0.961352047E-02,0.970683713E-02,1.00000000,286.000000,12.8500061,1.00000000,1.00000000,-1000.00000,0.00000000,0.00000000,1.00000000,1.00000000,286.000000,0.00000000,0.00000000
1,2,open_water,5,60.0000000,2,F,T,0,0,T,17,15,0.199999996E-01,28,19,0,1004.50000,0.285714298,9.81000042,2500000.00,0.567051011E-07,0.300000012,17,14,2.00000000,0.00000000,286.000000,0.00000000,0.00000000,0.00000000,0.400000006,0.00000000,350.000000,400.000000,0.199999996E-01,0.189999994E-01,19.0000000,0.799999982E-01,80.0000000,95000.0000,286.000000,0.954999961E-02,0.00000000,1.10000002,0.00000000,0.00000000,0.00000000,0.00000000,0.699999988,0.799999982E-01,0.980000019,0.999999978E-02,1.00000000,0.00000000,0.00000000,0.999999975E-04,286.000000,0.00000000,0.00000000,0.00000000,7.50000000,0.00000000,0.00000000,0.00000000,0.00000000,3.25000000,0.00000000,0.970683713E-02,0.500000024E-03,0.00000000,0.961352047E-02,0.970683713E-02,1.00000000,286.000000,12.8500061,1.00000000,1.00000000,-1000.00000,0.00000000,0.00000000,1.00000000,1.00000000,286.000000,0.00000000,0.00000000,0.00000000,0.00000000,0.00000000,0.00000000,0.699999988,0.799999982E-01,0.980000019,0.999999978E-02,1.00000000,0.00000000,0.00000000,0.999999975E-04,286.000000,0.00000000,0.00000000,0.00000000,7.50000000,0.00000000,0.00000000,0.00000000,0.00000000,3.25000000,0.00000000,0.970683713E-02,0.500000024E-03,0.00000000,0.961352047E-02,0.970683713E-02,1.00000000,286.000000,12.8500061,1.00000000,1.00000000,-1000.00000,0.00000000,0.00000000,1.00000000,1.00000000,286.000000,0.00000000,0.00000000
1,2,open_water,6,60.0000000,2,F,T,0,0,T,17,15,0.199999996E-01,28,19,0,1004.50000,0.285714298,9.81000042,2500000.00,0.567051011E-07,0.600000024,17,14,2.00000000,0.00000000,286.000000,0.00000000,0.00000000,0.00000000,0.400000006,0.00000000,350.000000,400.000000,0.199999996E-01,0.189999994E-01,19.0000000,0.799999982E-01,80.0000000,95000.0000,286.000000,0.954999961E-02,0.00000000,1.10000002,0.00000000,0.00000000,0.00000000,0.00000000,0.699999988,0.799999982E-01,0.980000019,0.999999978E-02,1.00000000,0.00000000,0.00000000,0.999999975E-04,286.000000,0.00000000,0.00000000,0.00000000,7.50000000,0.00000000,0.00000000,0.00000000,0.00000000,3.25000000,0.00000000,0.970683713E-02,0.500000024E-03,0.00000000,0.961352047E-02,0.970683713E-02,1.00000000,286.000000,12.8500061,1.00000000,1.00000000,-1000.00000,0.00000000,0.00000000,1.00000000,1.00000000,286.000000,0.00000000,0.00000000,0.00000000,0.00000000,0.00000000,0.00000000,0.699999988,0.799999982E-01,0.980000019,0.999999978E-02,1.00000000,0.00000000,0.00000000,0.999999975E-04,286.000000,0.00000000,0.00000000,0.00000000,7.50000000,0.00000000,0.00000000,0.00000000,0.00000000,3.25000000,0.00000000,0.970683713E-02,0.500000024E-03,0.00000000,0.961352047E-02,0.970683713E-02,1.00000000,286.000000,12.8500061,1.00000000,1.00000000,-1000.00000,0.00000000,0.00000000,1.00000000,1.00000000,286.000000,0.00000000,0.00000000
1,2,open_water,7,60.0000000,2,F,T,0,0,T,17,15,0.199999996E-01,28,19,0,1004.50000,0.285714298,9.81000042,2500000.00,0.567051011E-07,1.00000000,17,14,2.00000000,0.00000000,286.000000,0.00000000,0.00000000,0.00000000,0.400000006,0.00000000,350.000000,400.000000,0.199999996E-01,0.189999994E-01,19.0000000,0.799999982E-01,80.0000000,95000.0000,286.000000,0.954999961E-02,0.00000000,1.10000002,0.00000000,0.00000000,0.00000000,0.00000000,0.699999988,0.799999982E-01,0.980000019,0.999999978E-02,1.00000000,0.00000000,0.00000000,0.999999975E-04,286.000000,0.00000000,0.00000000,0.00000000,7.50000000,0.00000000,0.00000000,0.00000000,0.00000000,3.25000000,0.00000000,0.970683713E-02,0.500000024E-03,0.00000000,0.961352047E-02,0.970683713E-02,1.00000000,286.000000,12.8500061,1.00000000,1.00000000,-1000.00000,0.00000000,0.00000000,1.00000000,1.00000000,286.000000,0.00000000,0.00000000,0.00000000,0.00000000,0.00000000,0.00000000,0.699999988,0.799999982E-01,0.980000019,0.999999978E-02,1.00000000,0.00000000,0.00000000,0.999999975E-04,286.000000,0.00000000,0.00000000,0.00000000,7.50000000,0.00000000,0.00000000,0.00000000,0.00000000,3.25000000,0.00000000,0.970683713E-02,0.500000024E-03,0.00000000,0.961352047E-02,0.970683713E-02,1.00000000,286.000000,12.8500061,1.00000000,1.00000000,-1000.00000,0.00000000,0.00000000,1.00000000,1.00000000,286.000000,0.00000000,0.00000000
1,2,open_water,8,60.0000000,2,F,T,0,0,T,17,15,0.199999996E-01,28,19,0,1004.50000,0.285714298,9.81000042,2500000.00,0.567051011E-07,1.60000002,17,14,2.00000000,0.00000000,286.000000,0.00000000,0.00000000,0.00000000,0.400000006,0.00000000,350.000000,400.000000,0.199999996E-01,0.189999994E-01,19.0000000,0.799999982E-01,80.0000000,95000.0000,286.000000,0.954999961E-02,0.00000000,1.10000002,0.00000000,0.00000000,0.00000000,0.00000000,0.699999988,0.799999982E-01,0.980000019,0.999999978E-02,1.00000000,0.00000000,0.00000000,0.999999975E-04,286.000000,0.00000000,0.00000000,0.00000000,7.50000000,0.00000000,0.00000000,0.00000000,0.00000000,3.25000000,0.00000000,0.970683713E-02,0.500000024E-03,0.00000000,0.961352047E-02,0.970683713E-02,1.00000000,286.000000,12.8500061,1.00000000,1.00000000,-1000.00000,0.00000000,0.00000000,1.00000000,1.00000000,286.000000,0.00000000,0.00000000,0.00000000,0.00000000,0.00000000,0.00000000,0.699999988,0.799999982E-01,0.980000019,0.999999978E-02,1.00000000,0.00000000,0.00000000,0.999999975E-04,286.000000,0.00000000,0.00000000,0.00000000,7.50000000,0.00000000,0.00000000,0.00000000,0.00000000,3.25000000,0.00000000,0.970683713E-02,0.500000024E-03,0.00000000,0.961352047E-02,0.970683713E-02,1.00000000,286.000000,12.8500061,1.00000000,1.00000000,-1000.00000,0.00000000,0.00000000,1.00000000,1.00000000,286.000000,0.00000000,0.00000000
1,2,open_water,9,60.0000000,2,F,T,0,0,T,17,15,0.199999996E-01,28,19,0,1004.50000,0.285714298,9.81000042,2500000.00,0.567051011E-07,3.00000000,17,14,2.00000000,0.00000000,286.000000,0.00000000,0.00000000,0.00000000,0.400000006,0.00000000,350.000000,400.000000,0.199999996E-01,0.189999994E-01,19.0000000,0.799999982E-01,80.0000000,95000.0000,286.000000,0.954999961E-02,0.00000000,1.10000002,0.00000000,0.00000000,0.00000000,0.00000000,0.699999988,0.799999982E-01,0.980000019,0.999999978E-02,1.00000000,0.00000000,0.00000000,0.999999975E-04,286.000000,0.00000000,0.00000000,0.00000000,7.50000000,0.00000000,0.00000000,0.00000000,0.00000000,3.25000000,0.00000000,0.970683713E-02,0.500000024E-03,0.00000000,0.961352047E-02,0.970683713E-02,1.00000000,286.000000,12.8500061,1.00000000,1.00000000,-1000.00000,0.00000000,0.00000000,1.00000000,1.00000000,286.000000,0.00000000,0.00000000,0.00000000,0.00000000,0.00000000,0.00000000,0.699999988,0.799999982E-01,0.980000019,0.999999978E-02,1.00000000,0.00000000,0.00000000,0.999999975E-04,286.000000,0.00000000,0.00000000,0.00000000,7.50000000,0.00000000,0.00000000,0.00000000,0.00000000,3.25000000,0.00000000,0.970683713E-02,0.500000024E-03,0.00000000,0.961352047E-02,0.970683713E-02,1.00000000,286.000000,12.8500061,1.00000000,1.00000000,-1000.00000,0.00000000,0.00000000,1.00000000,1.00000000,286.000000,0.00000000,0.00000000
1,2,snow_on_sea_ice,1,60.0000000,2,F,T,0,0,T,17,15,0.199999996E-01,28,19,0,1004.50000,0.285714298,9.81000042,2500000.00,0.567051011E-07,0.00000000,15,16,1.00000000,0.250000000,271.000000,0.00000000,0.00000000,0.00000000,0.200000003,1.00000000,215.000000,70.0000000,0.499999989E-02,0.400000019E-02,4.00000000,0.550000012,80.0000000,95000.0000,261.000000,0.109999999E-02,0.00000000,1.10000002,40.1999588,0.181559578,0.243171990,0.00000000,0.750000000,0.744537592,0.980000019,0.999999978E-02,1.00000000,0.361673138E-02,0.109999999E-01,0.109999999E-01,260.003662,-4.04045439,0.726339465E-06,2.05917239,7.50008678,0.00000000,0.00000000,0.00000000,-1.00145292,3.25000000,0.00000000,0.128158531E-02,0.00000000,0.00000000,0.127994490E-02,0.128158485E-02,1.00000000,259.317535,-13.4894104,3000.00000,3000.00000,59.9088516,0.200000003,3.33840489,1.00000000,0.00000000,259.317535,1.00000000,0.00000000,40.3999176,0.183123931,0.243457228,0.00000000,0.750000000,0.750000000,0.980000019,0.999999978E-02,1.00000000,0.361673138E-02,0.109999999E-01,0.109999999E-01,260.031311,-3.92832947,0.739254176E-06,2.09578562,7.50017548,0.00000000,0.00000000,0.00000000,-0.763917148,3.25000000,0.00000000,0.128481258E-02,0.00000000,0.00000000,0.128316390E-02,0.128481351E-02,1.00000000,259.503418,-13.3826294,3000.00000,3000.00000,59.9088516,0.200000003,6.67680979,1.00000000,0.00000000,259.503418,1.00000000,0.00000000
1,2,snow_on_sea_ice,2,60.0000000,2,F,T,0,0,T,17,15,0.199999996E-01,28,19,0,1004.50000,0.285714298,9.81000042,2500000.00,0.567051011E-07,0.999999978E-02,15,16,1.00000000,0.250000000,271.000000,0.00000000,0.00000000,0.00000000,0.200000003,1.00000000,215.000000,70.0000000,0.499999989E-02,0.400000019E-02,4.00000000,0.550000012,80.0000000,95000.0000,261.000000,0.109999999E-02,0.00000000,1.10000002,40.1999588,0.181559578,0.243171990,0.00000000,0.750000000,0.744537592,0.980000019,0.999999978E-02,1.00000000,0.361673138E-02,0.109999999E-01,0.109999999E-01,260.003662,-4.04045439,0.726339465E-06,2.05917239,7.50008678,0.00000000,0.00000000,0.00000000,-1.00145292,3.25000000,0.00000000,0.128158531E-02,0.00000000,0.00000000,0.127994490E-02,0.128158485E-02,1.00000000,259.317535,-13.4894104,3000.00000,3000.00000,59.9088516,0.200000003,3.33840489,1.00000000,0.00000000,259.927521,1.00000000,0.00000000,40.3999176,0.183123931,0.243457228,0.00000000,0.750000000,0.750000000,0.980000019,0.999999978E-02,1.00000000,0.361673138E-02,0.109999999E-01,0.109999999E-01,260.031311,-3.92832947,0.739254176E-06,2.09578562,7.50017548,0.00000000,0.00000000,0.00000000,-0.763917148,3.25000000,0.00000000,0.128481258E-02,0.00000000,0.00000000,0.128316390E-02,0.128481351E-02,1.00000000,259.503418,-13.3826294,3000.00000,3000.00000,59.9088516,0.200000003,6.67680979,1.00000000,0.00000000,259.894592,1.00000000,0.00000000
1,2,snow_on_sea_ice,3,60.0000000,2,F,T,0,0,T,17,15,0.199999996E-01,28,19,0,1004.50000,0.285714298,9.81000042,2500000.00,0.567051011E-07,0.399999991E-01,15,16,1.00000000,0.250000000,271.000000,0.00000000,0.00000000,0.00000000,0.200000003,1.00000000,215.000000,70.0000000,0.499999989E-02,0.400000019E-02,4.00000000,0.550000012,80.0000000,95000.0000,261.000000,0.109999999E-02,0.00000000,1.10000002,40.1999588,0.181559578,0.243171990,0.00000000,0.750000000,0.744537592,0.980000019,0.999999978E-02,1.00000000,0.361673138E-02,0.109999999E-01,0.109999999E-01,260.003662,-4.04045439,0.726339465E-06,2.05917239,7.50008678,0.00000000,0.00000000,0.00000000,-1.00145292,3.25000000,0.00000000,0.128158531E-02,0.00000000,0.00000000,0.127994490E-02,0.128158485E-02,1.00000000,259.317535,-13.4894104,3000.00000,3000.00000,59.9088516,0.200000003,3.33840489,1.00000000,0.00000000,261.166504,1.00000000,0.00000000,40.3999176,0.183123931,0.243457228,0.00000000,0.750000000,0.750000000,0.980000019,0.999999978E-02,1.00000000,0.361673138E-02,0.109999999E-01,0.109999999E-01,260.031311,-3.92832947,0.739254176E-06,2.09578562,7.50017548,0.00000000,0.00000000,0.00000000,-0.763917148,3.25000000,0.00000000,0.128481258E-02,0.00000000,0.00000000,0.128316390E-02,0.128481351E-02,1.00000000,259.503418,-13.3826294,3000.00000,3000.00000,59.9088516,0.200000003,6.67680979,1.00000000,0.00000000,261.130005,1.00000000,0.00000000
1,2,snow_on_sea_ice,4,60.0000000,2,F,T,0,0,T,17,15,0.199999996E-01,28,19,0,1004.50000,0.285714298,9.81000042,2500000.00,0.567051011E-07,0.100000001,15,16,1.00000000,0.250000000,271.000000,0.00000000,0.00000000,0.00000000,0.200000003,1.00000000,215.000000,70.0000000,0.499999989E-02,0.400000019E-02,4.00000000,0.550000012,80.0000000,95000.0000,261.000000,0.109999999E-02,0.00000000,1.10000002,40.1999588,0.181559578,0.243171990,0.00000000,0.750000000,0.744537592,0.980000019,0.999999978E-02,1.00000000,0.361673138E-02,0.109999999E-01,0.109999999E-01,260.003662,-4.04045439,0.726339465E-06,2.05917239,7.50008678,0.00000000,0.00000000,0.00000000,-1.00145292,3.25000000,0.00000000,0.128158531E-02,0.00000000,0.00000000,0.127994490E-02,0.128158485E-02,1.00000000,259.317535,-13.4894104,3000.00000,3000.00000,59.9088516,0.200000003,3.33840489,1.00000000,0.00000000,262.292664,1.00000000,0.00000000,40.3999176,0.183123931,0.243457228,0.00000000,0.750000000,0.750000000,0.980000019,0.999999978E-02,1.00000000,0.361673138E-02,0.109999999E-01,0.109999999E-01,260.031311,-3.92832947,0.739254176E-06,2.09578562,7.50017548,0.00000000,0.00000000,0.00000000,-0.763917148,3.25000000,0.00000000,0.128481258E-02,0.00000000,0.00000000,0.128316390E-02,0.128481351E-02,1.00000000,259.503418,-13.3826294,3000.00000,3000.00000,59.9088516,0.200000003,6.67680979,1.00000000,0.00000000,262.285095,1.00000000,0.00000000
1,2,snow_on_sea_ice,5,60.0000000,2,F,T,0,0,T,17,15,0.199999996E-01,28,19,0,1004.50000,0.285714298,9.81000042,2500000.00,0.567051011E-07,0.300000012,15,16,1.00000000,0.250000000,271.000000,0.00000000,0.00000000,0.00000000,0.200000003,1.00000000,215.000000,70.0000000,0.499999989E-02,0.400000019E-02,4.00000000,0.550000012,80.0000000,95000.0000,261.000000,0.109999999E-02,0.00000000,1.10000002,40.1999588,0.181559578,0.243171990,0.00000000,0.750000000,0.744537592,0.980000019,0.999999978E-02,1.00000000,0.361673138E-02,0.109999999E-01,0.109999999E-01,260.003662,-4.04045439,0.726339465E-06,2.05917239,7.50008678,0.00000000,0.00000000,0.00000000,-1.00145292,3.25000000,0.00000000,0.128158531E-02,0.00000000,0.00000000,0.127994490E-02,0.128158485E-02,1.00000000,259.317535,-13.4894104,3000.00000,3000.00000,59.9088516,0.200000003,3.33840489,1.00000000,0.00000000,263.399475,1.00000000,0.00000000,40.3999176,0.183123931,0.243457228,0.00000000,0.750000000,0.750000000,0.980000019,0.999999978E-02,1.00000000,0.361673138E-02,0.109999999E-01,0.109999999E-01,260.031311,-3.92832947,0.739254176E-06,2.09578562,7.50017548,0.00000000,0.00000000,0.00000000,-0.763917148,3.25000000,0.00000000,0.128481258E-02,0.00000000,0.00000000,0.128316390E-02,0.128481351E-02,1.00000000,259.503418,-13.3826294,3000.00000,3000.00000,59.9088516,0.200000003,6.67680979,1.00000000,0.00000000,263.398926,1.00000000,0.00000000
1,2,snow_on_sea_ice,6,60.0000000,2,F,T,0,0,T,17,15,0.199999996E-01,28,19,0,1004.50000,0.285714298,9.81000042,2500000.00,0.567051011E-07,0.600000024,15,16,1.00000000,0.250000000,271.000000,0.00000000,0.00000000,0.00000000,0.200000003,1.00000000,215.000000,70.0000000,0.499999989E-02,0.400000019E-02,4.00000000,0.550000012,80.0000000,95000.0000,261.000000,0.109999999E-02,0.00000000,1.10000002,40.1999588,0.181559578,0.243171990,0.00000000,0.750000000,0.744537592,0.980000019,0.999999978E-02,1.00000000,0.361673138E-02,0.109999999E-01,0.109999999E-01,260.003662,-4.04045439,0.726339465E-06,2.05917239,7.50008678,0.00000000,0.00000000,0.00000000,-1.00145292,3.25000000,0.00000000,0.128158531E-02,0.00000000,0.00000000,0.127994490E-02,0.128158485E-02,1.00000000,259.317535,-13.4894104,3000.00000,3000.00000,59.9088516,0.200000003,3.33840489,1.00000000,0.00000000,264.499817,1.00000000,0.00000000,40.3999176,0.183123931,0.243457228,0.00000000,0.750000000,0.750000000,0.980000019,0.999999978E-02,1.00000000,0.361673138E-02,0.109999999E-01,0.109999999E-01,260.031311,-3.92832947,0.739254176E-06,2.09578562,7.50017548,0.00000000,0.00000000,0.00000000,-0.763917148,3.25000000,0.00000000,0.128481258E-02,0.00000000,0.00000000,0.128316390E-02,0.128481351E-02,1.00000000,259.503418,-13.3826294,3000.00000,3000.00000,59.9088516,0.200000003,6.67680979,1.00000000,0.00000000,264.499634,1.00000000,0.00000000
1,2,snow_on_sea_ice,7,60.0000000,2,F,T,0,0,T,17,15,0.199999996E-01,28,19,0,1004.50000,0.285714298,9.81000042,2500000.00,0.567051011E-07,1.00000000,15,16,1.00000000,0.250000000,271.000000,0.00000000,0.00000000,0.00000000,0.200000003,1.00000000,215.000000,70.0000000,0.499999989E-02,0.400000019E-02,4.00000000,0.550000012,80.0000000,95000.0000,261.000000,0.109999999E-02,0.00000000,1.10000002,40.1999588,0.181559578,0.243171990,0.00000000,0.750000000,0.744537592,0.980000019,0.999999978E-02,1.00000000,0.361673138E-02,0.109999999E-01,0.109999999E-01,260.003662,-4.04045439,0.726339465E-06,2.05917239,7.50008678,0.00000000,0.00000000,0.00000000,-1.00145292,3.25000000,0.00000000,0.128158531E-02,0.00000000,0.00000000,0.127994490E-02,0.128158485E-02,1.00000000,259.317535,-13.4894104,3000.00000,3000.00000,59.9088516,0.200000003,3.33840489,1.00000000,0.00000000,265.599854,1.00000000,0.00000000,40.3999176,0.183123931,0.243457228,0.00000000,0.750000000,0.750000000,0.980000019,0.999999978E-02,1.00000000,0.361673138E-02,0.109999999E-01,0.109999999E-01,260.031311,-3.92832947,0.739254176E-06,2.09578562,7.50017548,0.00000000,0.00000000,0.00000000,-0.763917148,3.25000000,0.00000000,0.128481258E-02,0.00000000,0.00000000,0.128316390E-02,0.128481351E-02,1.00000000,259.503418,-13.3826294,3000.00000,3000.00000,59.9088516,0.200000003,6.67680979,1.00000000,0.00000000,265.599701,1.00000000,0.00000000
1,2,snow_on_sea_ice,8,60.0000000,2,F,T,0,0,T,17,15,0.199999996E-01,28,19,0,1004.50000,0.285714298,9.81000042,2500000.00,0.567051011E-07,1.60000002,15,16,1.00000000,0.250000000,271.000000,0.00000000,0.00000000,0.00000000,0.200000003,1.00000000,215.000000,70.0000000,0.499999989E-02,0.400000019E-02,4.00000000,0.550000012,80.0000000,95000.0000,261.000000,0.109999999E-02,0.00000000,1.10000002,40.1999588,0.181559578,0.243171990,0.00000000,0.750000000,0.744537592,0.980000019,0.999999978E-02,1.00000000,0.361673138E-02,0.109999999E-01,0.109999999E-01,260.003662,-4.04045439,0.726339465E-06,2.05917239,7.50008678,0.00000000,0.00000000,0.00000000,-1.00145292,3.25000000,0.00000000,0.128158531E-02,0.00000000,0.00000000,0.127994490E-02,0.128158485E-02,1.00000000,259.317535,-13.4894104,3000.00000,3000.00000,59.9088516,0.200000003,3.33840489,1.00000000,0.00000000,266.699951,1.00000000,0.00000000,40.3999176,0.183123931,0.243457228,0.00000000,0.750000000,0.750000000,0.980000019,0.999999978E-02,1.00000000,0.361673138E-02,0.109999999E-01,0.109999999E-01,260.031311,-3.92832947,0.739254176E-06,2.09578562,7.50017548,0.00000000,0.00000000,0.00000000,-0.763917148,3.25000000,0.00000000,0.128481258E-02,0.00000000,0.00000000,0.128316390E-02,0.128481351E-02,1.00000000,259.503418,-13.3826294,3000.00000,3000.00000,59.9088516,0.200000003,6.67680979,1.00000000,0.00000000,266.700043,1.00000000,0.00000000
1,2,snow_on_sea_ice,9,60.0000000,2,F,T,0,0,T,17,15,0.199999996E-01,28,19,0,1004.50000,0.285714298,9.81000042,2500000.00,0.567051011E-07,3.00000000,15,16,1.00000000,0.250000000,271.000000,0.00000000,0.00000000,0.00000000,0.200000003,1.00000000,215.000000,70.0000000,0.499999989E-02,0.400000019E-02,4.00000000,0.550000012,80.0000000,95000.0000,261.000000,0.109999999E-02,0.00000000,1.10000002,40.1999588,0.181559578,0.243171990,0.00000000,0.750000000,0.744537592,0.980000019,0.999999978E-02,1.00000000,0.361673138E-02,0.109999999E-01,0.109999999E-01,260.003662,-4.04045439,0.726339465E-06,2.05917239,7.50008678,0.00000000,0.00000000,0.00000000,-1.00145292,3.25000000,0.00000000,0.128158531E-02,0.00000000,0.00000000,0.127994490E-02,0.128158485E-02,1.00000000,259.317535,-13.4894104,3000.00000,3000.00000,59.9088516,0.200000003,3.33840489,1.00000000,0.00000000,271.000000,1.00000000,0.00000000,40.3999176,0.183123931,0.243457228,0.00000000,0.750000000,0.750000000,0.980000019,0.999999978E-02,1.00000000,0.361673138E-02,0.109999999E-01,0.109999999E-01,260.031311,-3.92832947,0.739254176E-06,2.09578562,7.50017548,0.00000000,0.00000000,0.00000000,-0.763917148,3.25000000,0.00000000,0.128481258E-02,0.00000000,0.00000000,0.128316390E-02,0.128481351E-02,1.00000000,259.503418,-13.3826294,3000.00000,3000.00000,59.9088516,0.200000003,6.67680979,1.00000000,0.00000000,271.000000,1.00000000,0.00000000
1,2,bare_sea_ice,1,60.0000000,2,F,T,0,0,T,17,15,0.199999996E-01,28,19,0,1004.50000,0.285714298,9.81000042,2500000.00,0.567051011E-07,0.00000000,15,16,1.00000000,0.399999991E-01,271.000000,0.00000000,0.00000000,0.00000000,0.00000000,0.00000000,225.000000,95.0000000,0.700000022E-02,0.600000005E-02,6.00000000,0.550000012,80.0000000,95000.0000,265.000000,0.159999996E-02,0.00000000,1.10000002,0.00000000,0.00000000,0.00000000,0.00000000,0.750000000,0.550000012,0.980000019,0.999999978E-02,1.00000000,0.542282173E-02,0.109999999E-01,0.109999999E-01,264.020081,-5.95830870,0.141866246E-05,4.04318810,7.50017071,0.00000000,0.00000000,0.00000000,-33.4356232,3.25000000,0.00000000,0.183644367E-02,0.00000000,0.00000000,0.183307740E-02,0.183644367E-02,1.00000000,264.000000,-9.64999390,3000.00000,3000.00000,-1000.00000,0.00000000,0.00000000,1.00000000,0.00000000,264.020081,1.00000000,0.00000000,0.00000000,0.00000000,0.00000000,0.00000000,0.750000000,0.541299164,0.980000019,0.999999978E-02,1.00000000,0.542282173E-02,0.109999999E-01,0.109999999E-01,264.070404,-5.65232182,0.146766024E-05,4.18283176,7.50034714,0.00000000,0.00000000,0.00000000,-13.7509699,3.25000000,0.00000000,0.184460997E-02,0.00000000,0.00000000,0.184121355E-02,0.184460997E-02,1.00000000,264.000000,-9.64999390,3000.00000,3000.00000,-1000.00000,0.00000000,0.00000000,1.00000000,0.00000000,264.070404,1.00000000,0.00000000
1,2,bare_sea_ice,2,60.0000000,2,F,T,0,0,T,17,15,0.199999996E-01,28,19,0,1004.50000,0.285714298,9.81000042,2500000.00,0.567051011E-07,0.999999978E-02,15,16,1.00000000,0.399999991E-01,271.000000,0.00000000,0.00000000,0.00000000,0.00000000,0.00000000,225.000000,95.0000000,0.700000022E-02,0.600000005E-02,6.00000000,0.550000012,80.0000000,95000.0000,265.000000,0.159999996E-02,0.00000000,1.10000002,0.00000000,0.00000000,0.00000000,0.00000000,0.750000000,0.550000012,0.980000019,0.999999978E-02,1.00000000,0.542282173E-02,0.109999999E-01,0.109999999E-01,264.020081,-5.95830870,0.141866246E-05,4.04318810,7.50017071,0.00000000,0.00000000,0.00000000,-33.4356232,3.25000000,0.00000000,0.183644367E-02,0.00000000,0.00000000,0.183307740E-02,0.183644367E-02,1.00000000,264.000000,-9.64999390,3000.00000,3000.00000,-1000.00000,0.00000000,0.00000000,1.00000000,0.00000000,263.872192,1.00000000,0.00000000,0.00000000,0.00000000,0.00000000,0.00000000,0.750000000,0.541299164,0.980000019,0.999999978E-02,1.00000000,0.542282173E-02,0.109999999E-01,0.109999999E-01,264.070404,-5.65232182,0.146766024E-05,4.18283176,7.50034714,0.00000000,0.00000000,0.00000000,-13.7509699,3.25000000,0.00000000,0.184460997E-02,0.00000000,0.00000000,0.184121355E-02,0.184460997E-02,1.00000000,264.000000,-9.64999390,3000.00000,3000.00000,-1000.00000,0.00000000,0.00000000,1.00000000,0.00000000,264.009583,1.00000000,0.00000000
1,2,bare_sea_ice,3,60.0000000,2,F,T,0,0,T,17,15,0.199999996E-01,28,19,0,1004.50000,0.285714298,9.81000042,2500000.00,0.567051011E-07,0.399999991E-01,15,16,1.00000000,0.399999991E-01,271.000000,0.00000000,0.00000000,0.00000000,0.00000000,0.00000000,225.000000,95.0000000,0.700000022E-02,0.600000005E-02,6.00000000,0.550000012,80.0000000,95000.0000,265.000000,0.159999996E-02,0.00000000,1.10000002,0.00000000,0.00000000,0.00000000,0.00000000,0.750000000,0.550000012,0.980000019,0.999999978E-02,1.00000000,0.542282173E-02,0.109999999E-01,0.109999999E-01,264.020081,-5.95830870,0.141866246E-05,4.04318810,7.50017071,0.00000000,0.00000000,0.00000000,-33.4356232,3.25000000,0.00000000,0.183644367E-02,0.00000000,0.00000000,0.183307740E-02,0.183644367E-02,1.00000000,264.000000,-9.64999390,3000.00000,3000.00000,-1000.00000,0.00000000,0.00000000,1.00000000,0.00000000,264.775909,1.00000000,0.00000000,0.00000000,0.00000000,0.00000000,0.00000000,0.750000000,0.541299164,0.980000019,0.999999978E-02,1.00000000,0.542282173E-02,0.109999999E-01,0.109999999E-01,264.070404,-5.65232182,0.146766024E-05,4.18283176,7.50034714,0.00000000,0.00000000,0.00000000,-13.7509699,3.25000000,0.00000000,0.184460997E-02,0.00000000,0.00000000,0.184121355E-02,0.184460997E-02,1.00000000,264.000000,-9.64999390,3000.00000,3000.00000,-1000.00000,0.00000000,0.00000000,1.00000000,0.00000000,264.756317,1.00000000,0.00000000
1,2,bare_sea_ice,4,60.0000000,2,F,T,0,0,T,17,15,0.199999996E-01,28,19,0,1004.50000,0.285714298,9.81000042,2500000.00,0.567051011E-07,0.100000001,15,16,1.00000000,0.399999991E-01,271.000000,0.00000000,0.00000000,0.00000000,0.00000000,0.00000000,225.000000,95.0000000,0.700000022E-02,0.600000005E-02,6.00000000,0.550000012,80.0000000,95000.0000,265.000000,0.159999996E-02,0.00000000,1.10000002,0.00000000,0.00000000,0.00000000,0.00000000,0.750000000,0.550000012,0.980000019,0.999999978E-02,1.00000000,0.542282173E-02,0.109999999E-01,0.109999999E-01,264.020081,-5.95830870,0.141866246E-05,4.04318810,7.50017071,0.00000000,0.00000000,0.00000000,-33.4356232,3.25000000,0.00000000,0.183644367E-02,0.00000000,0.00000000,0.183307740E-02,0.183644367E-02,1.00000000,264.000000,-9.64999390,3000.00000,3000.00000,-1000.00000,0.00000000,0.00000000,1.00000000,0.00000000,265.694092,1.00000000,0.00000000,0.00000000,0.00000000,0.00000000,0.00000000,0.750000000,0.541299164,0.980000019,0.999999978E-02,1.00000000,0.542282173E-02,0.109999999E-01,0.109999999E-01,264.070404,-5.65232182,0.146766024E-05,4.18283176,7.50034714,0.00000000,0.00000000,0.00000000,-13.7509699,3.25000000,0.00000000,0.184460997E-02,0.00000000,0.00000000,0.184121355E-02,0.184460997E-02,1.00000000,264.000000,-9.64999390,3000.00000,3000.00000,-1000.00000,0.00000000,0.00000000,1.00000000,0.00000000,265.688049,1.00000000,0.00000000
1,2,bare_sea_ice,5,60.0000000,2,F,T,0,0,T,17,15,0.199999996E-01,28,19,0,1004.50000,0.285714298,9.81000042,2500000.00,0.567051011E-07,0.300000012,15,16,1.00000000,0.399999991E-01,271.000000,0.00000000,0.00000000,0.00000000,0.00000000,0.00000000,225.000000,95.0000000,0.700000022E-02,0.600000005E-02,6.00000000,0.550000012,80.0000000,95000.0000,265.000000,0.159999996E-02,0.00000000,1.10000002,0.00000000,0.00000000,0.00000000,0.00000000,0.750000000,0.550000012,0.980000019,0.999999978E-02,1.00000000,0.542282173E-02,0.109999999E-01,0.109999999E-01,264.020081,-5.95830870,0.141866246E-05,4.04318810,7.50017071,0.00000000,0.00000000,0.00000000,-33.4356232,3.25000000,0.00000000,0.183644367E-02,0.00000000,0.00000000,0.183307740E-02,0.183644367E-02,1.00000000,264.000000,-9.64999390,3000.00000,3000.00000,-1000.00000,0.00000000,0.00000000,1.00000000,0.00000000,266.599579,1.00000000,0.00000000,0.00000000,0.00000000,0.00000000,0.00000000,0.750000000,0.541299164,0.980000019,0.999999978E-02,1.00000000,0.542282173E-02,0.109999999E-01,0.109999999E-01,264.070404,-5.65232182,0.146766024E-05,4.18283176,7.50034714,0.00000000,0.00000000,0.00000000,-13.7509699,3.25000000,0.00000000,0.184460997E-02,0.00000000,0.00000000,0.184121355E-02,0.184460997E-02,1.00000000,264.000000,-9.64999390,3000.00000,3000.00000,-1000.00000,0.00000000,0.00000000,1.00000000,0.00000000,266.599152,1.00000000,0.00000000
1,2,bare_sea_ice,6,60.0000000,2,F,T,0,0,T,17,15,0.199999996E-01,28,19,0,1004.50000,0.285714298,9.81000042,2500000.00,0.567051011E-07,0.600000024,15,16,1.00000000,0.399999991E-01,271.000000,0.00000000,0.00000000,0.00000000,0.00000000,0.00000000,225.000000,95.0000000,0.700000022E-02,0.600000005E-02,6.00000000,0.550000012,80.0000000,95000.0000,265.000000,0.159999996E-02,0.00000000,1.10000002,0.00000000,0.00000000,0.00000000,0.00000000,0.750000000,0.550000012,0.980000019,0.999999978E-02,1.00000000,0.542282173E-02,0.109999999E-01,0.109999999E-01,264.020081,-5.95830870,0.141866246E-05,4.04318810,7.50017071,0.00000000,0.00000000,0.00000000,-33.4356232,3.25000000,0.00000000,0.183644367E-02,0.00000000,0.00000000,0.183307740E-02,0.183644367E-02,1.00000000,264.000000,-9.64999390,3000.00000,3000.00000,-1000.00000,0.00000000,0.00000000,1.00000000,0.00000000,267.499847,1.00000000,0.00000000,0.00000000,0.00000000,0.00000000,0.00000000,0.750000000,0.541299164,0.980000019,0.999999978E-02,1.00000000,0.542282173E-02,0.109999999E-01,0.109999999E-01,264.070404,-5.65232182,0.146766024E-05,4.18283176,7.50034714,0.00000000,0.00000000,0.00000000,-13.7509699,3.25000000,0.00000000,0.184460997E-02,0.00000000,0.00000000,0.184121355E-02,0.184460997E-02,1.00000000,264.000000,-9.64999390,3000.00000,3000.00000,-1000.00000,0.00000000,0.00000000,1.00000000,0.00000000,267.499695,1.00000000,0.00000000
1,2,bare_sea_ice,7,60.0000000,2,F,T,0,0,T,17,15,0.199999996E-01,28,19,0,1004.50000,0.285714298,9.81000042,2500000.00,0.567051011E-07,1.00000000,15,16,1.00000000,0.399999991E-01,271.000000,0.00000000,0.00000000,0.00000000,0.00000000,0.00000000,225.000000,95.0000000,0.700000022E-02,0.600000005E-02,6.00000000,0.550000012,80.0000000,95000.0000,265.000000,0.159999996E-02,0.00000000,1.10000002,0.00000000,0.00000000,0.00000000,0.00000000,0.750000000,0.550000012,0.980000019,0.999999978E-02,1.00000000,0.542282173E-02,0.109999999E-01,0.109999999E-01,264.020081,-5.95830870,0.141866246E-05,4.04318810,7.50017071,0.00000000,0.00000000,0.00000000,-33.4356232,3.25000000,0.00000000,0.183644367E-02,0.00000000,0.00000000,0.183307740E-02,0.183644367E-02,1.00000000,264.000000,-9.64999390,3000.00000,3000.00000,-1000.00000,0.00000000,0.00000000,1.00000000,0.00000000,268.399902,1.00000000,0.00000000,0.00000000,0.00000000,0.00000000,0.00000000,0.750000000,0.541299164,0.980000019,0.999999978E-02,1.00000000,0.542282173E-02,0.109999999E-01,0.109999999E-01,264.070404,-5.65232182,0.146766024E-05,4.18283176,7.50034714,0.00000000,0.00000000,0.00000000,-13.7509699,3.25000000,0.00000000,0.184460997E-02,0.00000000,0.00000000,0.184121355E-02,0.184460997E-02,1.00000000,264.000000,-9.64999390,3000.00000,3000.00000,-1000.00000,0.00000000,0.00000000,1.00000000,0.00000000,268.399811,1.00000000,0.00000000
1,2,bare_sea_ice,8,60.0000000,2,F,T,0,0,T,17,15,0.199999996E-01,28,19,0,1004.50000,0.285714298,9.81000042,2500000.00,0.567051011E-07,1.60000002,15,16,1.00000000,0.399999991E-01,271.000000,0.00000000,0.00000000,0.00000000,0.00000000,0.00000000,225.000000,95.0000000,0.700000022E-02,0.600000005E-02,6.00000000,0.550000012,80.0000000,95000.0000,265.000000,0.159999996E-02,0.00000000,1.10000002,0.00000000,0.00000000,0.00000000,0.00000000,0.750000000,0.550000012,0.980000019,0.999999978E-02,1.00000000,0.542282173E-02,0.109999999E-01,0.109999999E-01,264.020081,-5.95830870,0.141866246E-05,4.04318810,7.50017071,0.00000000,0.00000000,0.00000000,-33.4356232,3.25000000,0.00000000,0.183644367E-02,0.00000000,0.00000000,0.183307740E-02,0.183644367E-02,1.00000000,264.000000,-9.64999390,3000.00000,3000.00000,-1000.00000,0.00000000,0.00000000,1.00000000,0.00000000,269.299927,1.00000000,0.00000000,0.00000000,0.00000000,0.00000000,0.00000000,0.750000000,0.541299164,0.980000019,0.999999978E-02,1.00000000,0.542282173E-02,0.109999999E-01,0.109999999E-01,264.070404,-5.65232182,0.146766024E-05,4.18283176,7.50034714,0.00000000,0.00000000,0.00000000,-13.7509699,3.25000000,0.00000000,0.184460997E-02,0.00000000,0.00000000,0.184121355E-02,0.184460997E-02,1.00000000,264.000000,-9.64999390,3000.00000,3000.00000,-1000.00000,0.00000000,0.00000000,1.00000000,0.00000000,269.299896,1.00000000,0.00000000
1,2,bare_sea_ice,9,60.0000000,2,F,T,0,0,T,17,15,0.199999996E-01,28,19,0,1004.50000,0.285714298,9.81000042,2500000.00,0.567051011E-07,3.00000000,15,16,1.00000000,0.399999991E-01,271.000000,0.00000000,0.00000000,0.00000000,0.00000000,0.00000000,225.000000,95.0000000,0.700000022E-02,0.600000005E-02,6.00000000,0.550000012,80.0000000,95000.0000,265.000000,0.159999996E-02,0.00000000,1.10000002,0.00000000,0.00000000,0.00000000,0.00000000,0.750000000,0.550000012,0.980000019,0.999999978E-02,1.00000000,0.542282173E-02,0.109999999E-01,0.109999999E-01,264.020081,-5.95830870,0.141866246E-05,4.04318810,7.50017071,0.00000000,0.00000000,0.00000000,-33.4356232,3.25000000,0.00000000,0.183644367E-02,0.00000000,0.00000000,0.183307740E-02,0.183644367E-02,1.00000000,264.000000,-9.64999390,3000.00000,3000.00000,-1000.00000,0.00000000,0.00000000,1.00000000,0.00000000,271.000000,1.00000000,0.00000000,0.00000000,0.00000000,0.00000000,0.00000000,0.750000000,0.541299164,0.980000019,0.999999978E-02,1.00000000,0.542282173E-02,0.109999999E-01,0.109999999E-01,264.070404,-5.65232182,0.146766024E-05,4.18283176,7.50034714,0.00000000,0.00000000,0.00000000,-13.7509699,3.25000000,0.00000000,0.184460997E-02,0.00000000,0.00000000,0.184121355E-02,0.184460997E-02,1.00000000,264.000000,-9.64999390,3000.00000,3000.00000,-1000.00000,0.00000000,0.00000000,1.00000000,0.00000000,271.000000,1.00000000,0.00000000
1,2,dry_barren,1,60.0000000,2,F,T,0,0,T,17,15,0.199999996E-01,28,19,0,1004.50000,0.285714298,9.81000042,2500000.00,0.567051011E-07,0.00000000,16,1,1.00000000,0.00000000,292.000000,0.00000000,5.00000000,2.00000000,0.00000000,0.00000000,355.000000,610.000000,0.179999992E-01,0.170000009E-01,17.0000000,0.250000000,80.0000000,95000.0000,300.000000,0.350000011E-02,0.00000000,1.10000002,0.00000000,0.00000000,0.00000000,0.00000000,0.750000000,0.250000000,0.850000024,0.750000000,0.161153927,0.153402099E-01,0.649999976E-01,0.649999976E-01,300.355927,6.12207890,0.244007788E-04,61.0019455,7.50292778,0.00000000,0.00000000,0.00000000,-28.4321232,3.25000000,0.00000000,0.677781180E-02,0.00000000,0.00000000,0.673218258E-02,0.236351285E-01,1.00000000,300.000000,27.3500061,127.698540,1185.00000,-1000.00000,0.00000000,0.00000000,0.297184736E-01,0.297184736E-01,300.355927,0.311111081E-01,0.00000000,0.00000000,0.00000000,0.00000000,0.00000000,0.750000000,0.250000000,0.850000024,0.750000000,0.159500554,0.153402099E-01,0.649999976E-01,0.649999976E-01,301.002258,17.2392464,0.246853597E-04,61.7133980,7.50588989,0.00000000,0.00000000,0.00000000,-42.9365120,3.25000000,0.00000000,0.689179031E-02,0.00000000,0.00000000,0.684461836E-02,0.245468989E-01,1.00000000,300.000000,27.3500061,127.697083,1185.00000,-1000.00000,0.00000000,0.00000000,0.294340942E-01,0.294340942E-01,301.002258,0.307983030E-01,0.00000000
1,2,dry_barren,2,60.0000000,2,F,T,0,0,T,17,15,0.199999996E-01,28,19,0,1004.50000,0.285714298,9.81000042,2500000.00,0.567051011E-07,0.999999978E-02,16,1,1.00000000,0.00000000,292.000000,0.00000000,5.00000000,2.00000000,0.00000000,0.00000000,355.000000,610.000000,0.179999992E-01,0.170000009E-01,17.0000000,0.250000000,80.0000000,95000.0000,300.000000,0.350000011E-02,0.00000000,1.10000002,0.00000000,0.00000000,0.00000000,0.00000000,0.750000000,0.250000000,0.850000024,0.750000000,0.161153927,0.153402099E-01,0.649999976E-01,0.649999976E-01,300.355927,6.12207890,0.244007788E-04,61.0019455,7.50292778,0.00000000,0.00000000,0.00000000,-28.4321232,3.25000000,0.00000000,0.677781180E-02,0.00000000,0.00000000,0.673218258E-02,0.236351285E-01,1.00000000,300.000000,27.3500061,127.698540,1185.00000,-1000.00000,0.00000000,0.00000000,0.319999494E-01,0.319999494E-01,299.251495,0.333333276E-01,0.00000000,0.00000000,0.00000000,0.00000000,0.00000000,0.750000000,0.250000000,0.850000024,0.750000000,0.159500554,0.153402099E-01,0.649999976E-01,0.649999976E-01,301.002258,17.2392464,0.246853597E-04,61.7133980,7.50588989,0.00000000,0.00000000,0.00000000,-42.9365120,3.25000000,0.00000000,0.689179031E-02,0.00000000,0.00000000,0.684461836E-02,0.245468989E-01,1.00000000,300.000000,27.3500061,127.697083,1185.00000,-1000.00000,0.00000000,0.00000000,0.319998935E-01,0.319998935E-01,299.334412,0.333332755E-01,0.00000000
1,2,dry_barren,3,60.0000000,2,F,T,0,0,T,17,15,0.199999996E-01,28,19,0,1004.50000,0.285714298,9.81000042,2500000.00,0.567051011E-07,0.399999991E-01,16,1,1.00000000,0.00000000,292.000000,0.00000000,5.00000000,2.00000000,0.00000000,0.00000000,355.000000,610.000000,0.179999992E-01,0.170000009E-01,17.0000000,0.250000000,80.0000000,95000.0000,300.000000,0.350000011E-02,0.00000000,1.10000002,0.00000000,0.00000000,0.00000000,0.00000000,0.750000000,0.250000000,0.850000024,0.750000000,0.161153927,0.153402099E-01,0.649999976E-01,0.649999976E-01,300.355927,6.12207890,0.244007788E-04,61.0019455,7.50292778,0.00000000,0.00000000,0.00000000,-28.4321232,3.25000000,0.00000000,0.677781180E-02,0.00000000,0.00000000,0.673218258E-02,0.236351285E-01,1.00000000,300.000000,27.3500061,127.698540,1185.00000,-1000.00000,0.00000000,0.00000000,0.339999832E-01,0.339999832E-01,298.404694,0.355555527E-01,0.00000000,0.00000000,0.00000000,0.00000000,0.00000000,0.750000000,0.250000000,0.850000024,0.750000000,0.159500554,0.153402099E-01,0.649999976E-01,0.649999976E-01,301.002258,17.2392464,0.246853597E-04,61.7133980,7.50588989,0.00000000,0.00000000,0.00000000,-42.9365120,3.25000000,0.00000000,0.689179031E-02,0.00000000,0.00000000,0.684461836E-02,0.245468989E-01,1.00000000,300.000000,27.3500061,127.697083,1185.00000,-1000.00000,0.00000000,0.00000000,0.339999683E-01,0.339999683E-01,298.410034,0.355555341E-01,0.00000000
1,2,dry_barren,4,60.0000000,2,F,T,0,0,T,17,15,0.199999996E-01,28,19,0,1004.50000,0.285714298,9.81000042,2500000.00,0.567051011E-07,0.100000001,16,1,1.00000000,0.00000000,292.000000,0.00000000,5.00000000,2.00000000,0.00000000,0.00000000,355.000000,610.000000,0.179999992E-01,0.170000009E-01,17.0000000,0.250000000,80.0000000,95000.0000,300.000000,0.350000011E-02,0.00000000,1.10000002,0.00000000,0.00000000,0.00000000,0.00000000,0.750000000,0.250000000,0.850000024,0.750000000,0.161153927,0.153402099E-01,0.649999976E-01,0.649999976E-01,300.355927,6.12207890,0.244007788E-04,61.0019455,7.50292778,0.00000000,0.00000000,0.00000000,-28.4321232,3.25000000,0.00000000,0.677781180E-02,0.00000000,0.00000000,0.673218258E-02,0.236351285E-01,1.00000000,300.000000,27.3500061,127.698540,1185.00000,-1000.00000,0.00000000,0.00000000,0.359999649E-01,0.359999649E-01,297.601074,0.377777740E-01,0.00000000,0.00000000,0.00000000,0.00000000,0.00000000,0.750000000,0.250000000,0.850000024,0.750000000,0.159500554,0.153402099E-01,0.649999976E-01,0.649999976E-01,301.002258,17.2392464,0.246853597E-04,61.7133980,7.50588989,0.00000000,0.00000000,0.00000000,-42.9365120,3.25000000,0.00000000,0.689179031E-02,0.00000000,0.00000000,0.684461836E-02,0.245468989E-01,1.00000000,300.000000,27.3500061,127.697083,1185.00000,-1000.00000,0.00000000,0.00000000,0.359999314E-01,0.359999314E-01,297.602142,0.377777368E-01,0.00000000
1,2,dry_barren,5,60.0000000,2,F,T,0,0,T,17,15,0.199999996E-01,28,19,0,1004.50000,0.285714298,9.81000042,2500000.00,0.567051011E-07,0.300000012,16,1,1.00000000,0.00000000,292.000000,0.00000000,5.00000000,2.00000000,0.00000000,0.00000000,355.000000,610.000000,0.179999992E-01,0.170000009E-01,17.0000000,0.250000000,80.0000000,95000.0000,300.000000,0.350000011E-02,0.00000000,1.10000002,0.00000000,0.00000000,0.00000000,0.00000000,0.750000000,0.250000000,0.850000024,0.750000000,0.161153927,0.153402099E-01,0.649999976E-01,0.649999976E-01,300.355927,6.12207890,0.244007788E-04,61.0019455,7.50292778,0.00000000,0.00000000,0.00000000,-28.4321232,3.25000000,0.00000000,0.677781180E-02,0.00000000,0.00000000,0.673218258E-02,0.236351285E-01,1.00000000,300.000000,27.3500061,127.698540,1185.00000,-1000.00000,0.00000000,0.00000000,0.379999503E-01,0.379999503E-01,296.800110,0.399999954E-01,0.00000000,0.00000000,0.00000000,0.00000000,0.00000000,0.750000000,0.250000000,0.850000024,0.750000000,0.159500554,0.153402099E-01,0.649999976E-01,0.649999976E-01,301.002258,17.2392464,0.246853597E-04,61.7133980,7.50588989,0.00000000,0.00000000,0.00000000,-42.9365120,3.25000000,0.00000000,0.689179031E-02,0.00000000,0.00000000,0.684461836E-02,0.245468989E-01,1.00000000,300.000000,27.3500061,127.697083,1185.00000,-1000.00000,0.00000000,0.00000000,0.379998982E-01,0.379998982E-01,296.800232,0.399999432E-01,0.00000000
1,2,dry_barren,6,60.0000000,2,F,T,0,0,T,17,15,0.199999996E-01,28,19,0,1004.50000,0.285714298,9.81000042,2500000.00,0.567051011E-07,0.600000024,16,1,1.00000000,0.00000000,292.000000,0.00000000,5.00000000,2.00000000,0.00000000,0.00000000,355.000000,610.000000,0.179999992E-01,0.170000009E-01,17.0000000,0.250000000,80.0000000,95000.0000,300.000000,0.350000011E-02,0.00000000,1.10000002,0.00000000,0.00000000,0.00000000,0.00000000,0.750000000,0.250000000,0.850000024,0.750000000,0.161153927,0.153402099E-01,0.649999976E-01,0.649999976E-01,300.355927,6.12207890,0.244007788E-04,61.0019455,7.50292778,0.00000000,0.00000000,0.00000000,-28.4321232,3.25000000,0.00000000,0.677781180E-02,0.00000000,0.00000000,0.673218258E-02,0.236351285E-01,1.00000000,300.000000,27.3500061,127.698540,1185.00000,-1000.00000,0.00000000,0.00000000,0.399999321E-01,0.399999321E-01,296.000000,0.422222205E-01,0.00000000,0.00000000,0.00000000,0.00000000,0.00000000,0.750000000,0.250000000,0.850000024,0.750000000,0.159500554,0.153402099E-01,0.649999976E-01,0.649999976E-01,301.002258,17.2392464,0.246853597E-04,61.7133980,7.50588989,0.00000000,0.00000000,0.00000000,-42.9365120,3.25000000,0.00000000,0.689179031E-02,0.00000000,0.00000000,0.684461836E-02,0.245468989E-01,1.00000000,300.000000,27.3500061,127.697083,1185.00000,-1000.00000,0.00000000,0.00000000,0.399998575E-01,0.399998575E-01,296.000000,0.422221459E-01,0.00000000
1,2,dry_barren,7,60.0000000,2,F,T,0,0,T,17,15,0.199999996E-01,28,19,0,1004.50000,0.285714298,9.81000042,2500000.00,0.567051011E-07,1.00000000,16,1,1.00000000,0.00000000,292.000000,0.00000000,5.00000000,2.00000000,0.00000000,0.00000000,355.000000,610.000000,0.179999992E-01,0.170000009E-01,17.0000000,0.250000000,80.0000000,95000.0000,300.000000,0.350000011E-02,0.00000000,1.10000002,0.00000000,0.00000000,0.00000000,0.00000000,0.750000000,0.250000000,0.850000024,0.750000000,0.161153927,0.153402099E-01,0.649999976E-01,0.649999976E-01,300.355927,6.12207890,0.244007788E-04,61.0019455,7.50292778,0.00000000,0.00000000,0.00000000,-28.4321232,3.25000000,0.00000000,0.677781180E-02,0.00000000,0.00000000,0.673218258E-02,0.236351285E-01,1.00000000,300.000000,27.3500061,127.698540,1185.00000,-1000.00000,0.00000000,0.00000000,0.419999957E-01,0.419999957E-01,295.200043,0.444444418E-01,0.00000000,0.00000000,0.00000000,0.00000000,0.00000000,0.750000000,0.250000000,0.850000024,0.750000000,0.159500554,0.153402099E-01,0.649999976E-01,0.649999976E-01,301.002258,17.2392464,0.246853597E-04,61.7133980,7.50588989,0.00000000,0.00000000,0.00000000,-42.9365120,3.25000000,0.00000000,0.689179031E-02,0.00000000,0.00000000,0.684461836E-02,0.245468989E-01,1.00000000,300.000000,27.3500061,127.697083,1185.00000,-1000.00000,0.00000000,0.00000000,0.419999920E-01,0.419999920E-01,295.200073,0.444444381E-01,0.00000000
1,2,dry_barren,8,60.0000000,2,F,T,0,0,T,17,15,0.199999996E-01,28,19,0,1004.50000,0.285714298,9.81000042,2500000.00,0.567051011E-07,1.60000002,16,1,1.00000000,0.00000000,292.000000,0.00000000,5.00000000,2.00000000,0.00000000,0.00000000,355.000000,610.000000,0.179999992E-01,0.170000009E-01,17.0000000,0.250000000,80.0000000,95000.0000,300.000000,0.350000011E-02,0.00000000,1.10000002,0.00000000,0.00000000,0.00000000,0.00000000,0.750000000,0.250000000,0.850000024,0.750000000,0.161153927,0.153402099E-01,0.649999976E-01,0.649999976E-01,300.355927,6.12207890,0.244007788E-04,61.0019455,7.50292778,0.00000000,0.00000000,0.00000000,-28.4321232,3.25000000,0.00000000,0.677781180E-02,0.00000000,0.00000000,0.673218258E-02,0.236351285E-01,1.00000000,300.000000,27.3500061,127.698540,1185.00000,-1000.00000,0.00000000,0.00000000,0.439999998E-01,0.439999998E-01,294.400024,0.466666631E-01,0.00000000,0.00000000,0.00000000,0.00000000,0.00000000,0.750000000,0.250000000,0.850000024,0.750000000,0.159500554,0.153402099E-01,0.649999976E-01,0.649999976E-01,301.002258,17.2392464,0.246853597E-04,61.7133980,7.50588989,0.00000000,0.00000000,0.00000000,-42.9365120,3.25000000,0.00000000,0.689179031E-02,0.00000000,0.00000000,0.684461836E-02,0.245468989E-01,1.00000000,300.000000,27.3500061,127.697083,1185.00000,-1000.00000,0.00000000,0.00000000,0.439999998E-01,0.439999998E-01,294.399994,0.466666631E-01,0.00000000
1,2,dry_barren,9,60.0000000,2,F,T,0,0,T,17,15,0.199999996E-01,28,19,0,1004.50000,0.285714298,9.81000042,2500000.00,0.567051011E-07,3.00000000,16,1,1.00000000,0.00000000,292.000000,0.00000000,5.00000000,2.00000000,0.00000000,0.00000000,355.000000,610.000000,0.179999992E-01,0.170000009E-01,17.0000000,0.250000000,80.0000000,95000.0000,300.000000,0.350000011E-02,0.00000000,1.10000002,0.00000000,0.00000000,0.00000000,0.00000000,0.750000000,0.250000000,0.850000024,0.750000000,0.161153927,0.153402099E-01,0.649999976E-01,0.649999976E-01,300.355927,6.12207890,0.244007788E-04,61.0019455,7.50292778,0.00000000,0.00000000,0.00000000,-28.4321232,3.25000000,0.00000000,0.677781180E-02,0.00000000,0.00000000,0.673218258E-02,0.236351285E-01,1.00000000,300.000000,27.3500061,127.698540,1185.00000,-1000.00000,0.00000000,0.00000000,0.460000001E-01,0.460000001E-01,292.000000,0.488888882E-01,0.00000000,0.00000000,0.00000000,0.00000000,0.00000000,0.750000000,0.250000000,0.850000024,0.750000000,0.159500554,0.153402099E-01,0.649999976E-01,0.649999976E-01,301.002258,17.2392464,0.246853597E-04,61.7133980,7.50588989,0.00000000,0.00000000,0.00000000,-42.9365120,3.25000000,0.00000000,0.689179031E-02,0.00000000,0.00000000,0.684461836E-02,0.245468989E-01,1.00000000,300.000000,27.3500061,127.697083,1185.00000,-1000.00000,0.00000000,0.00000000,0.460000001E-01,0.460000001E-01,292.000000,0.488888882E-01,0.00000000
1,2,urban_thin_snow,1,60.0000000,2,F,T,0,0,T,17,15,0.199999996E-01,28,19,0,1004.50000,0.285714298,9.81000042,2500000.00,0.567051011E-07,0.00000000,13,6,1.00000000,0.00000000,281.000000,5.00000000,40.0000000,12.0000000,0.100000001,1.00000000,265.000000,180.000000,0.899999961E-02,0.800000038E-02,8.00000000,0.180000007,80.0000000,95000.0000,270.000000,0.240000011E-02,0.999999975E-05,1.10000002,3.09829521,0.126755694E-01,0.534938127E-01,0.211655870E-01,0.460000008,0.193171874,0.885350287,1.00000000,0.663472056,0.722558005E-02,0.500000000,0.500000000,270.488037,3.95401764,0.608731125E-05,15.3616562,7.50073051,0.00000000,0.00000000,0.00000000,170.460327,3.25000000,0.00000000,0.293177390E-02,0.00000000,0.00000000,0.292320363E-02,0.320500159E-02,1.00000000,271.152863,-2.52059937,735.399719,1353.00000,77.3442383,0.100000001,1.29292119,0.220137984,0.134240463,270.544037,0.898847580E-01,0.00000000,3.19656038,0.133631993E-01,0.553259030E-01,0.223299954E-01,0.460000008,0.193626091,0.885533571,1.00000000,0.664504170,0.722558005E-02,0.500000000,0.500000000,270.733551,5.94306755,0.641593897E-05,16.1968079,7.50150013,0.00000000,0.00000000,0.00000000,133.616547,3.25000000,0.00000000,0.297689810E-02,0.00000000,0.00000000,0.296806241E-02,0.327175600E-02,1.00000000,271.249329,-2.35263062,735.399414,1353.00000,77.3442383,0.100000001,2.58584237,0.220244661,0.136669666,270.783569,0.955026820E-01,1.00000000
1,2,urban_thin_snow,2,60.0000000,2,F,T,0,0,T,17,15,0.199999996E-01,28,19,0,1004.50000,0.285714298,9.81000042,2500000.00,0.567051011E-07,0.999999978E-02,13,6,1.00000000,0.00000000,281.000000,5.00000000,40.0000000,12.0000000,0.100000001,1.00000000,265.000000,180.000000,0.899999961E-02,0.800000038E-02,8.00000000,0.180000007,80.0000000,95000.0000,270.000000,0.240000011E-02,0.999999975E-05,1.10000002,3.09829521,0.126755694E-01,0.534938127E-01,0.211655870E-01,0.460000008,0.193171874,0.885350287,1.00000000,0.663472056,0.722558005E-02,0.500000000,0.500000000,270.488037,3.95401764,0.608731125E-05,15.3616562,7.50073051,0.00000000,0.00000000,0.00000000,170.460327,3.25000000,0.00000000,0.293177390E-02,0.00000000,0.00000000,0.292320363E-02,0.320500159E-02,1.00000000,271.152863,-2.52059937,735.399719,1353.00000,77.3442383,0.100000001,1.29292119,0.223989129,0.154956684,271.944061,0.751852468E-01,0.00000000,3.19656038,0.133631993E-01,0.553259030E-01,0.223299954E-01,0.460000008,0.193626091,0.885533571,1.00000000,0.664504170,0.722558005E-02,0.500000000,0.500000000,270.733551,5.94306755,0.641593897E-05,16.1968079,7.50150013,0.00000000,0.00000000,0.00000000,133.616547,3.25000000,0.00000000,0.297689810E-02,0.00000000,0.00000000,0.296806241E-02,0.327175600E-02,1.00000000,271.249329,-2.35263062,735.399414,1353.00000,77.3442383,0.100000001,2.58584237,0.223984450,0.153413028,271.877502,0.767037049E-01,0.00000000
1,2,urban_thin_snow,3,60.0000000,2,F,T,0,0,T,17,15,0.199999996E-01,28,19,0,1004.50000,0.285714298,9.81000042,2500000.00,0.567051011E-07,0.399999991E-01,13,6,1.00000000,0.00000000,281.000000,5.00000000,40.0000000,12.0000000,0.100000001,1.00000000,265.000000,180.000000,0.899999961E-02,0.800000038E-02,8.00000000,0.180000007,80.0000000,95000.0000,270.000000,0.240000011E-02,0.999999975E-05,1.10000002,3.09829521,0.126755694E-01,0.534938127E-01,0.211655870E-01,0.460000008,0.193171874,0.885350287,1.00000000,0.663472056,0.722558005E-02,0.500000000,0.500000000,270.488037,3.95401764,0.608731125E-05,15.3616562,7.50073051,0.00000000,0.00000000,0.00000000,170.460327,3.25000000,0.00000000,0.293177390E-02,0.00000000,0.00000000,0.292320363E-02,0.320500159E-02,1.00000000,271.152863,-2.52059937,735.399719,1353.00000,77.3442383,0.100000001,1.29292119,0.228006631,0.228000000,273.012329,0.197777778,0.00000000,3.19656038,0.133631993E-01,0.553259030E-01,0.223299954E-01,0.460000008,0.193626091,0.885533571,1.00000000,0.664504170,0.722558005E-02,0.500000000,0.500000000,270.733551,5.94306755,0.641593897E-05,16.1968079,7.50150013,0.00000000,0.00000000,0.00000000,133.616547,3.25000000,0.00000000,0.297689810E-02,0.00000000,0.00000000,0.296806241E-02,0.327175600E-02,1.00000000,271.249329,-2.35263062,735.399414,1353.00000,77.3442383,0.100000001,2.58584237,0.228013545,0.228006631,273.024109,0.197785139,0.00000000
1,2,urban_thin_snow,4,60.0000000,2,F,T,0,0,T,17,15,0.199999996E-01,28,19,0,1004.50000,0.285714298,9.81000042,2500000.00,0.567051011E-07,0.100000001,13,6,1.00000000,0.00000000,281.000000,5.00000000,40.0000000,12.0000000,0.100000001,1.00000000,265.000000,180.000000,0.899999961E-02,0.800000038E-02,8.00000000,0.180000007,80.0000000,95000.0000,270.000000,0.240000011E-02,0.999999975E-05,1.10000002,3.09829521,0.126755694E-01,0.534938127E-01,0.211655870E-01,0.460000008,0.193171874,0.885350287,1.00000000,0.663472056,0.722558005E-02,0.500000000,0.500000000,270.488037,3.95401764,0.608731125E-05,15.3616562,7.50073051,0.00000000,0.00000000,0.00000000,170.460327,3.25000000,0.00000000,0.293177390E-02,0.00000000,0.00000000,0.292320363E-02,0.320500159E-02,1.00000000,271.152863,-2.52059937,735.399719,1353.00000,77.3442383,0.100000001,1.29292119,0.231994450,0.231994450,273.996277,0.202222213,0.00000000,3.19656038,0.133631993E-01,0.553259030E-01,0.223299954E-01,0.460000008,0.193626091,0.885533571,1.00000000,0.664504170,0.722558005E-02,0.500000000,0.500000000,270.733551,5.94306755,0.641593897E-05,16.1968079,7.50150013,0.00000000,0.00000000,0.00000000,133.616547,3.25000000,0.00000000,0.297689810E-02,0.00000000,0.00000000,0.296806241E-02,0.327175600E-02,1.00000000,271.249329,-2.35263062,735.399414,1353.00000,77.3442383,0.100000001,2.58584237,0.231988922,0.231988922,273.992645,0.202216044,0.00000000
1,2,urban_thin_snow,5,60.0000000,2,F,T,0,0,T,17,15,0.199999996E-01,28,19,0,1004.50000,0.285714298,9.81000042,2500000.00,0.567051011E-07,0.300000012,13,6,1.00000000,0.00000000,281.000000,5.00000000,40.0000000,12.0000000,0.100000001,1.00000000,265.000000,180.000000,0.899999961E-02,0.800000038E-02,8.00000000,0.180000007,80.0000000,95000.0000,270.000000,0.240000011E-02,0.999999975E-05,1.10000002,3.09829521,0.126755694E-01,0.534938127E-01,0.211655870E-01,0.460000008,0.193171874,0.885350287,1.00000000,0.663472056,0.722558005E-02,0.500000000,0.500000000,270.488037,3.95401764,0.608731125E-05,15.3616562,7.50073051,0.00000000,0.00000000,0.00000000,170.460327,3.25000000,0.00000000,0.293177390E-02,0.00000000,0.00000000,0.292320363E-02,0.320500159E-02,1.00000000,271.152863,-2.52059937,735.399719,1353.00000,77.3442383,0.100000001,1.29292119,0.235999599,0.235999599,274.999634,0.206666663,0.00000000,3.19656038,0.133631993E-01,0.553259030E-01,0.223299954E-01,0.460000008,0.193626091,0.885533571,1.00000000,0.664504170,0.722558005E-02,0.500000000,0.500000000,270.733551,5.94306755,0.641593897E-05,16.1968079,7.50150013,0.00000000,0.00000000,0.00000000,133.616547,3.25000000,0.00000000,0.297689810E-02,0.00000000,0.00000000,0.296806241E-02,0.327175600E-02,1.00000000,271.249329,-2.35263062,735.399414,1353.00000,77.3442383,0.100000001,2.58584237,0.235999212,0.235999212,274.999268,0.206666201,0.00000000
1,2,urban_thin_snow,6,60.0000000,2,F,T,0,0,T,17,15,0.199999996E-01,28,19,0,1004.50000,0.285714298,9.81000042,2500000.00,0.567051011E-07,0.600000024,13,6,1.00000000,0.00000000,281.000000,5.00000000,40.0000000,12.0000000,0.100000001,1.00000000,265.000000,180.000000,0.899999961E-02,0.800000038E-02,8.00000000,0.180000007,80.0000000,95000.0000,270.000000,0.240000011E-02,0.999999975E-05,1.10000002,3.09829521,0.126755694E-01,0.534938127E-01,0.211655870E-01,0.460000008,0.193171874,0.885350287,1.00000000,0.663472056,0.722558005E-02,0.500000000,0.500000000,270.488037,3.95401764,0.608731125E-05,15.3616562,7.50073051,0.00000000,0.00000000,0.00000000,170.460327,3.25000000,0.00000000,0.293177390E-02,0.00000000,0.00000000,0.292320363E-02,0.320500159E-02,1.00000000,271.152863,-2.52059937,735.399719,1353.00000,77.3442383,0.100000001,1.29292119,0.239999861,0.239999861,275.999908,0.211111099,0.00000000,3.19656038,0.133631993E-01,0.553259030E-01,0.223299954E-01,0.460000008,0.193626091,0.885533571,1.00000000,0.664504170,0.722558005E-02,0.500000000,0.500000000,270.733551,5.94306755,0.641593897E-05,16.1968079,7.50150013,0.00000000,0.00000000,0.00000000,133.616547,3.25000000,0.00000000,0.297689810E-02,0.00000000,0.00000000,0.296806241E-02,0.327175600E-02,1.00000000,271.249329,-2.35263062,735.399414,1353.00000,77.3442383,0.100000001,2.58584237,0.239999726,0.239999726,275.999817,0.211110950,0.00000000
1,2,urban_thin_snow,7,60.0000000,2,F,T,0,0,T,17,15,0.199999996E-01,28,19,0,1004.50000,0.285714298,9.81000042,2500000.00,0.567051011E-07,1.00000000,13,6,1.00000000,0.00000000,281.000000,5.00000000,40.0000000,12.0000000,0.100000001,1.00000000,265.000000,180.000000,0.899999961E-02,0.800000038E-02,8.00000000,0.180000007,80.0000000,95000.0000,270.000000,0.240000011E-02,0.999999975E-05,1.10000002,3.09829521,0.126755694E-01,0.534938127E-01,0.211655870E-01,0.460000008,0.193171874,0.885350287,1.00000000,0.663472056,0.722558005E-02,0.500000000,0.500000000,270.488037,3.95401764,0.608731125E-05,15.3616562,7.50073051,0.00000000,0.00000000,0.00000000,170.460327,3.25000000,0.00000000,0.293177390E-02,0.00000000,0.00000000,0.292320363E-02,0.320500159E-02,1.00000000,271.152863,-2.52059937,735.399719,1353.00000,77.3442383,0.100000001,1.29292119,0.243999884,0.243999884,276.999939,0.215555549,0.00000000,3.19656038,0.133631993E-01,0.553259030E-01,0.223299954E-01,0.460000008,0.193626091,0.885533571,1.00000000,0.664504170,0.722558005E-02,0.500000000,0.500000000,270.733551,5.94306755,0.641593897E-05,16.1968079,7.50150013,0.00000000,0.00000000,0.00000000,133.616547,3.25000000,0.00000000,0.297689810E-02,0.00000000,0.00000000,0.296806241E-02,0.327175600E-02,1.00000000,271.249329,-2.35263062,735.399414,1353.00000,77.3442383,0.100000001,2.58584237,0.243999764,0.243999764,276.999878,0.215555415,0.00000000
1,2,urban_thin_snow,8,60.0000000,2,F,T,0,0,T,17,15,0.199999996E-01,28,19,0,1004.50000,0.285714298,9.81000042,2500000.00,0.567051011E-07,1.60000002,13,6,1.00000000,0.00000000,281.000000,5.00000000,40.0000000,12.0000000,0.100000001,1.00000000,265.000000,180.000000,0.899999961E-02,0.800000038E-02,8.00000000,0.180000007,80.0000000,95000.0000,270.000000,0.240000011E-02,0.999999975E-05,1.10000002,3.09829521,0.126755694E-01,0.534938127E-01,0.211655870E-01,0.460000008,0.193171874,0.885350287,1.00000000,0.663472056,0.722558005E-02,0.500000000,0.500000000,270.488037,3.95401764,0.608731125E-05,15.3616562,7.50073051,0.00000000,0.00000000,0.00000000,170.460327,3.25000000,0.00000000,0.293177390E-02,0.00000000,0.00000000,0.292320363E-02,0.320500159E-02,1.00000000,271.152863,-2.52059937,735.399719,1353.00000,77.3442383,0.100000001,1.29292119,0.247999892,0.247999892,277.999969,0.219999999,0.00000000,3.19656038,0.133631993E-01,0.553259030E-01,0.223299954E-01,0.460000008,0.193626091,0.885533571,1.00000000,0.664504170,0.722558005E-02,0.500000000,0.500000000,270.733551,5.94306755,0.641593897E-05,16.1968079,7.50150013,0.00000000,0.00000000,0.00000000,133.616547,3.25000000,0.00000000,0.297689810E-02,0.00000000,0.00000000,0.296806241E-02,0.327175600E-02,1.00000000,271.249329,-2.35263062,735.399414,1353.00000,77.3442383,0.100000001,2.58584237,0.247999787,0.247999787,277.999969,0.219999880,0.00000000
1,2,urban_thin_snow,9,60.0000000,2,F,T,0,0,T,17,15,0.199999996E-01,28,19,0,1004.50000,0.285714298,9.81000042,2500000.00,0.567051011E-07,3.00000000,13,6,1.00000000,0.00000000,281.000000,5.00000000,40.0000000,12.0000000,0.100000001,1.00000000,265.000000,180.000000,0.899999961E-02,0.800000038E-02,8.00000000,0.180000007,80.0000000,95000.0000,270.000000,0.240000011E-02,0.999999975E-05,1.10000002,3.09829521,0.126755694E-01,0.534938127E-01,0.211655870E-01,0.460000008,0.193171874,0.885350287,1.00000000,0.663472056,0.722558005E-02,0.500000000,0.500000000,270.488037,3.95401764,0.608731125E-05,15.3616562,7.50073051,0.00000000,0.00000000,0.00000000,170.460327,3.25000000,0.00000000,0.293177390E-02,0.00000000,0.00000000,0.292320363E-02,0.320500159E-02,1.00000000,271.152863,-2.52059937,735.399719,1353.00000,77.3442383,0.100000001,1.29292119,0.252000004,0.252000004,281.000000,0.224444464,0.00000000,3.19656038,0.133631993E-01,0.553259030E-01,0.223299954E-01,0.460000008,0.193626091,0.885533571,1.00000000,0.664504170,0.722558005E-02,0.500000000,0.500000000,270.733551,5.94306755,0.641593897E-05,16.1968079,7.50150013,0.00000000,0.00000000,0.00000000,133.616547,3.25000000,0.00000000,0.297689810E-02,0.00000000,0.00000000,0.296806241E-02,0.327175600E-02,1.00000000,271.249329,-2.35263062,735.399414,1353.00000,77.3442383,0.100000001,2.58584237,0.252000004,0.252000004,281.000000,0.224444449,0.00000000
1,2,mixed_forest_melt,1,60.0000000,2,F,T,0,0,T,17,15,0.199999996E-01,28,19,0,1004.50000,0.285714298,9.81000042,2500000.00,0.567051011E-07,0.00000000,5,7,1.00000000,0.00000000,283.000000,20.0000000,90.0000000,64.0000000,0.500000000,0.00000000,305.000000,330.000000,0.130000003E-01,0.120000001E-01,12.0000000,0.129999995,80.0000000,95000.0000,277.500000,0.480000023E-02,0.00000000,1.10000002,24.9907856,0.999528095E-01,0.430088818,0.174816370,0.529999971,0.280603528,0.957211852,5.50000000,1.00000000,0.108166067E-01,0.800000012,0.800000012,275.477661,-24.5273972,0.387438740E-05,10.1994581,7.50046539,0.116659828,0.00000000,0.116659828,34.0618706,3.25000000,0.990355760E-02,0.524707837E-02,0.00000000,0.00000000,0.521969004E-02,0.530087063E-02,1.00000000,273.149994,0.00000000,874.562866,1260.00000,-1000.00000,0.00000000,0.00000000,0.304254055,0.259999990,275.477661,0.213333309,0.00000000,24.9834118,0.999150276E-01,0.429963320,0.249672219,0.529999971,0.280545175,0.957205176,5.50000000,1.00000000,0.108166067E-01,0.800000012,0.800000012,275.133667,-28.6992149,0.178848404E-05,4.63165092,7.50067997,0.233009100,0.00000000,0.233009100,51.8764191,3.25000000,0.178509876E-01,0.506000826E-02,0.00000000,0.00000000,0.503453379E-02,0.506000826E-02,1.00000000,273.149994,0.00000000,874.875244,1260.00000,-1000.00000,0.00000000,0.00000000,0.320012629,0.304254055,275.133667,0.262504488,0.00000000
1,2,mixed_forest_melt,2,60.0000000,2,F,T,0,0,T,17,15,0.199999996E-01,28,19,0,1004.50000,0.285714298,9.81000042,2500000.00,0.567051011E-07,0.999999978E-02,5,7,1.00000000,0.00000000,283.000000,20.0000000,90.0000000,64.0000000,0.500000000,0.00000000,305.000000,330.000000,0.130000003E-01,0.120000001E-01,12.0000000,0.129999995,80.0000000,95000.0000,277.500000,0.480000023E-02,0.00000000,1.10000002,24.9907856,0.999528095E-01,0.430088818,0.174816370,0.529999971,0.280603528,0.957211852,5.50000000,1.00000000,0.108166067E-01,0.800000012,0.800000012,275.477661,-24.5273972,0.387438740E-05,10.1994581,7.50046539,0.116659828,0.00000000,0.116659828,34.0618706,3.25000000,0.990355760E-02,0.524707837E-02,0.00000000,0.00000000,0.521969004E-02,0.530087063E-02,1.00000000,273.149994,0.00000000,874.562866,1260.00000,-1000.00000,0.00000000,0.00000000,0.269591451,0.264999986,277.426605,0.218888849,0.00000000,24.9834118,0.999150276E-01,0.429963320,0.249672219,0.529999971,0.280545175,0.957205176,5.50000000,1.00000000,0.108166067E-01,0.800000012,0.800000012,275.133667,-28.6992149,0.178848404E-05,4.63165092,7.50067997,0.233009100,0.00000000,0.233009100,51.8764191,3.25000000,0.178509876E-01,0.506000826E-02,0.00000000,0.00000000,0.503453379E-02,0.506000826E-02,1.00000000,273.149994,0.00000000,874.875244,1260.00000,-1000.00000,0.00000000,0.00000000,0.280676872,0.269591451,277.031403,0.223990470,0.00000000
1,2,mixed_forest_melt,3,60.0000000,2,F,T,0,0,T,17,15,0.199999996E-01,28,19,0,1004.50000,0.285714298,9.81000042,2500000.00,0.567051011E-07,0.399999991E-01,5,7,1.00000000,0.00000000,283.000000,20.0000000,90.0000000,64.0000000,0.500000000,0.00000000,305.000000,330.000000,0.130000003E-01,0.120000001E-01,12.0000000,0.129999995,80.0000000,95000.0000,277.500000,0.480000023E-02,0.00000000,1.10000002,24.9907856,0.999528095E-01,0.430088818,0.174816370,0.529999971,0.280603528,0.957211852,5.50000000,1.00000000,0.108166067E-01,0.800000012,0.800000012,275.477661,-24.5273972,0.387438740E-05,10.1994581,7.50046539,0.116659828,0.00000000,0.116659828,34.0618706,3.25000000,0.990355760E-02,0.524707837E-02,0.00000000,0.00000000,0.521969004E-02,0.530087063E-02,1.00000000,273.149994,0.00000000,874.562866,1260.00000,-1000.00000,0.00000000,0.00000000,0.270056784,0.269999981,278.381714,0.224444404,0.00000000,24.9834118,0.999150276E-01,0.429963320,0.249672219,0.529999971,0.280545175,0.957205176,5.50000000,1.00000000,0.108166067E-01,0.800000012,0.800000012,275.133667,-28.6992149,0.178848404E-05,4.63165092,7.50067997,0.233009100,0.00000000,0.233009100,51.8764191,3.25000000,0.178509876E-01,0.506000826E-02,0.00000000,0.00000000,0.503453379E-02,0.506000826E-02,1.00000000,273.149994,0.00000000,874.875244,1260.00000,-1000.00000,0.00000000,0.00000000,0.270378232,0.270056784,278.351990,0.224507526,0.00000000
1,2,mixed_forest_melt,4,60.0000000,2,F,T,0,0,T,17,15,0.199999996E-01,28,19,0,1004.50000,0.285714298,9.81000042,2500000.00,0.567051011E-07,0.100000001,5,7,1.00000000,0.00000000,283.000000,20.0000000,90.0000000,64.0000000,0.500000000,0.00000000,305.000000,330.000000,0.130000003E-01,0.120000001E-01,12.0000000,0.129999995,80.0000000,95000.0000,277.500000,0.480000023E-02,0.00000000,1.10000002,24.9907856,0.999528095E-01,0.430088818,0.174816370,0.529999971,0.280603528,0.957211852,5.50000000,1.00000000,0.108166067E-01,0.800000012,0.800000012,275.477661,-24.5273972,0.387438740E-05,10.1994581,7.50046539,0.116659828,0.00000000,0.116659828,34.0618706,3.25000000,0.990355760E-02,0.524707837E-02,0.00000000,0.00000000,0.521969004E-02,0.530087063E-02,1.00000000,273.149994,0.00000000,874.562866,1260.00000,-1000.00000,0.00000000,0.00000000,0.274984956,0.274984956,279.096741,0.229999959,0.00000000,24.9834118,0.999150276E-01,0.429963320,0.249672219,0.529999971,0.280545175,0.957205176,5.50000000,1.00000000,0.108166067E-01,0.800000012,0.800000012,275.133667,-28.6992149,0.178848404E-05,4.63165092,7.50067997,0.233009100,0.00000000,0.233009100,51.8764191,3.25000000,0.178509876E-01,0.506000826E-02,0.00000000,0.00000000,0.503453379E-02,0.506000826E-02,1.00000000,273.149994,0.00000000,874.875244,1260.00000,-1000.00000,0.00000000,0.00000000,0.274971545,0.274971545,279.093262,0.229983270,0.00000000
1,2,mixed_forest_melt,5,60.0000000,2,F,T,0,0,T,17,15,0.199999996E-01,28,19,0,1004.50000,0.285714298,9.81000042,2500000.00,0.567051011E-07,0.300000012,5,7,1.00000000,0.00000000,283.000000,20.0000000,90.0000000,64.0000000,0.500000000,0.00000000,305.000000,330.000000,0.130000003E-01,0.120000001E-01,12.0000000,0.129999995,80.0000000,95000.0000,277.500000,0.480000023E-02,0.00000000,1.10000002,24.9907856,0.999528095E-01,0.430088818,0.174816370,0.529999971,0.280603528,0.957211852,5.50000000,1.00000000,0.108166067E-01,0.800000012,0.800000012,275.477661,-24.5273972,0.387438740E-05,10.1994581,7.50046539,0.116659828,0.00000000,0.116659828,34.0618706,3.25000000,0.990355760E-02,0.524707837E-02,0.00000000,0.00000000,0.521969004E-02,0.530087063E-02,1.00000000,273.149994,0.00000000,874.562866,1260.00000,-1000.00000,0.00000000,0.00000000,0.279999018,0.279999018,279.799744,0.235555530,0.00000000,24.9834118,0.999150276E-01,0.429963320,0.249672219,0.529999971,0.280545175,0.957205176,5.50000000,1.00000000,0.108166067E-01,0.800000012,0.800000012,275.133667,-28.6992149,0.178848404E-05,4.63165092,7.50067997,0.233009100,0.00000000,0.233009100,51.8764191,3.25000000,0.178509876E-01,0.506000826E-02,0.00000000,0.00000000,0.503453379E-02,0.506000826E-02,1.00000000,273.149994,0.00000000,874.875244,1260.00000,-1000.00000,0.00000000,0.00000000,0.279998064,0.279998064,279.799500,0.235554457,0.00000000
1,2,mixed_forest_melt,6,60.0000000,2,F,T,0,0,T,17,15,0.199999996E-01,28,19,0,1004.50000,0.285714298,9.81000042,2500000.00,0.567051011E-07,0.600000024,5,7,1.00000000,0.00000000,283.000000,20.0000000,90.0000000,64.0000000,0.500000000,0.00000000,305.000000,330.000000,0.130000003E-01,0.120000001E-01,12.0000000,0.129999995,80.0000000,95000.0000,277.500000,0.480000023E-02,0.00000000,1.10000002,24.9907856,0.999528095E-01,0.430088818,0.174816370,0.529999971,0.280603528,0.957211852,5.50000000,1.00000000,0.108166067E-01,0.800000012,0.800000012,275.477661,-24.5273972,0.387438740E-05,10.1994581,7.50046539,0.116659828,0.00000000,0.116659828,34.0618706,3.25000000,0.990355760E-02,0.524707837E-02,0.00000000,0.00000000,0.521969004E-02,0.530087063E-02,1.00000000,273.149994,0.00000000,874.562866,1260.00000,-1000.00000,0.00000000,0.00000000,0.284999669,0.284999669,280.499908,0.241111100,0.00000000,24.9834118,0.999150276E-01,0.429963320,0.249672219,0.529999971,0.280545175,0.957205176,5.50000000,1.00000000,0.108166067E-01,0.800000012,0.800000012,275.133667,-28.6992149,0.178848404E-05,4.63165092,7.50067997,0.233009100,0.00000000,0.233009100,51.8764191,3.25000000,0.178509876E-01,0.506000826E-02,0.00000000,0.00000000,0.503453379E-02,0.506000826E-02,1.00000000,273.149994,0.00000000,874.875244,1260.00000,-1000.00000,0.00000000,0.00000000,0.284999371,0.284999371,280.499817,0.241110712,0.00000000
1,2,mixed_forest_melt,7,60.0000000,2,F,T,0,0,T,17,15,0.199999996E-01,28,19,0,1004.50000,0.285714298,9.81000042,2500000.00,0.567051011E-07,1.00000000,5,7,1.00000000,0.00000000,283.000000,20.0000000,90.0000000,64.0000000,0.500000000,0.00000000,305.000000,330.000000,0.130000003E-01,0.120000001E-01,12.0000000,0.129999995,80.0000000,95000.0000,277.500000,0.480000023E-02,0.00000000,1.10000002,24.9907856,0.999528095E-01,0.430088818,0.174816370,0.529999971,0.280603528,0.957211852,5.50000000,1.00000000,0.108166067E-01,0.800000012,0.800000012,275.477661,-24.5273972,0.387438740E-05,10.1994581,7.50046539,0.116659828,0.00000000,0.116659828,34.0618706,3.25000000,0.990355760E-02,0.524707837E-02,0.00000000,0.00000000,0.521969004E-02,0.530087063E-02,1.00000000,273.149994,0.00000000,874.562866,1260.00000,-1000.00000,0.00000000,0.00000000,0.289999604,0.289999604,281.199951,0.246666625,0.00000000,24.9834118,0.999150276E-01,0.429963320,0.249672219,0.529999971,0.280545175,0.957205176,5.50000000,1.00000000,0.108166067E-01,0.800000012,0.800000012,275.133667,-28.6992149,0.178848404E-05,4.63165092,7.50067997,0.233009100,0.00000000,0.233009100,51.8764191,3.25000000,0.178509876E-01,0.506000826E-02,0.00000000,0.00000000,0.503453379E-02,0.506000826E-02,1.00000000,273.149994,0.00000000,874.875244,1260.00000,-1000.00000,0.00000000,0.00000000,0.289999247,0.289999247,281.199890,0.246666208,0.00000000
1,2,mixed_forest_melt,8,60.0000000,2,F,T,0,0,T,17,15,0.199999996E-01,28,19,0,1004.50000,0.285714298,9.81000042,2500000.00,0.567051011E-07,1.60000002,5,7,1.00000000,0.00000000,283.000000,20.0000000,90.0000000,64.0000000,0.500000000,0.00000000,305.000000,330.000000,0.130000003E-01,0.120000001E-01,12.0000000,0.129999995,80.0000000,95000.0000,277.500000,0.480000023E-02,0.00000000,1.10000002,24.9907856,0.999528095E-01,0.430088818,0.174816370,0.529999971,0.280603528,0.957211852,5.50000000,1.00000000,0.108166067E-01,0.800000012,0.800000012,275.477661,-24.5273972,0.387438740E-05,10.1994581,7.50046539,0.116659828,0.00000000,0.116659828,34.0618706,3.25000000,0.990355760E-02,0.524707837E-02,0.00000000,0.00000000,0.521969004E-02,0.530087063E-02,1.00000000,273.149994,0.00000000,874.562866,1260.00000,-1000.00000,0.00000000,0.00000000,0.294999689,0.294999689,281.899963,0.252222180,0.00000000,24.9834118,0.999150276E-01,0.429963320,0.249672219,0.529999971,0.280545175,0.957205176,5.50000000,1.00000000,0.108166067E-01,0.800000012,0.800000012,275.133667,-28.6992149,0.178848404E-05,4.63165092,7.50067997,0.233009100,0.00000000,0.233009100,51.8764191,3.25000000,0.178509876E-01,0.506000826E-02,0.00000000,0.00000000,0.503453379E-02,0.506000826E-02,1.00000000,273.149994,0.00000000,874.875244,1260.00000,-1000.00000,0.00000000,0.00000000,0.294999391,0.294999391,281.899963,0.252221853,0.00000000
1,2,mixed_forest_melt,9,60.0000000,2,F,T,0,0,T,17,15,0.199999996E-01,28,19,0,1004.50000,0.285714298,9.81000042,2500000.00,0.567051011E-07,3.00000000,5,7,1.00000000,0.00000000,283.000000,20.0000000,90.0000000,64.0000000,0.500000000,0.00000000,305.000000,330.000000,0.130000003E-01,0.120000001E-01,12.0000000,0.129999995,80.0000000,95000.0000,277.500000,0.480000023E-02,0.00000000,1.10000002,24.9907856,0.999528095E-01,0.430088818,0.174816370,0.529999971,0.280603528,0.957211852,5.50000000,1.00000000,0.108166067E-01,0.800000012,0.800000012,275.477661,-24.5273972,0.387438740E-05,10.1994581,7.50046539,0.116659828,0.00000000,0.116659828,34.0618706,3.25000000,0.990355760E-02,0.524707837E-02,0.00000000,0.00000000,0.521969004E-02,0.530087063E-02,1.00000000,273.149994,0.00000000,874.562866,1260.00000,-1000.00000,0.00000000,0.00000000,0.299999982,0.299999982,283.000000,0.257777750,0.00000000,24.9834118,0.999150276E-01,0.429963320,0.249672219,0.529999971,0.280545175,0.957205176,5.50000000,1.00000000,0.108166067E-01,0.800000012,0.800000012,275.133667,-28.6992149,0.178848404E-05,4.63165092,7.50067997,0.233009100,0.00000000,0.233009100,51.8764191,3.25000000,0.178509876E-01,0.506000826E-02,0.00000000,0.00000000,0.503453379E-02,0.506000826E-02,1.00000000,273.149994,0.00000000,874.875244,1260.00000,-1000.00000,0.00000000,0.00000000,0.299999952,0.299999952,283.000000,0.257777750,0.00000000
1,2,savanna_wet,1,60.0000000,2,F,T,0,0,T,17,15,0.199999996E-01,28,19,0,1004.50000,0.285714298,9.81000042,2500000.00,0.567051011E-07,0.00000000,9,9,1.00000000,0.999999978E-02,289.000000,10.0000000,70.0000000,48.0000000,3.00000000,0.00000000,360.000000,470.000000,0.160000008E-01,0.149999997E-01,15.0000000,0.200000003,80.0000000,95000.0000,292.000000,0.138999997E-01,0.299999992E-04,1.10000002,0.00000000,0.00000000,0.00000000,0.482085973,0.500000000,0.200000003,0.920000017,3.66000009,1.00000000,0.134185990E-01,0.150000006,0.150000006,293.280548,19.2668343,0.179458621E-04,44.8646545,7.50215340,2.30178499,0.00000000,2.30178499,-87.5584946,3.25000000,0.00000000,0.154290507E-01,0.00000000,0.00000000,0.151946126E-01,0.154290507E-01,0.00000000,293.000000,20.3500061,1215.77954,1353.00000,-1000.00000,0.00000000,0.00000000,0.398404717,0.379999995,293.280548,0.366666645,0.00000000,0.00000000,0.00000000,0.00000000,0.499834538,0.500000000,0.200000003,0.920000017,3.66000009,1.00000000,0.134185990E-01,0.150000006,0.150000006,293.283722,19.3145866,0.179815070E-04,44.9537659,7.50431156,4.88348293,0.00000000,4.88348293,-78.1619034,3.25000000,0.00000000,0.154320877E-01,0.00000000,0.00000000,0.151975574E-01,0.154320877E-01,0.00000000,293.000000,20.3500061,1216.16357,1353.00000,-1000.00000,0.00000000,0.00000000,0.405484766,0.398404717,293.283722,0.387116313,0.00000000
1,2,savanna_wet,2,60.0000000,2,F,T,0,0,T,17,15,0.199999996E-01,28,19,0,1004.50000,0.285714298,9.81000042,2500000.00,0.567051011E-07,0.999999978E-02,9,9,1.00000000,0.999999978E-02,289.000000,10.0000000,70.0000000,48.0000000,3.00000000,0.00000000,360.000000,470.000000,0.160000008E-01,0.149999997E-01,15.0000000,0.200000003,80.0000000,95000.0000,292.000000,0.138999997E-01,0.299999992E-04,1.10000002,0.00000000,0.00000000,0.00000000,0.482085973,0.500000000,0.200000003,0.920000017,3.66000009,1.00000000,0.134185990E-01,0.150000006,0.150000006,293.280548,19.2668343,0.179458621E-04,44.8646545,7.50215340,2.30178499,0.00000000,2.30178499,-87.5584946,3.25000000,0.00000000,0.154290507E-01,0.00000000,0.00000000,0.151946126E-01,0.154290507E-01,0.00000000,293.000000,20.3500061,1215.77954,1353.00000,-1000.00000,0.00000000,0.00000000,0.394157231,0.384000003,292.668793,0.371111095,0.00000000,0.00000000,0.00000000,0.00000000,0.499834538,0.500000000,0.200000003,0.920000017,3.66000009,1.00000000,0.134185990E-01,0.150000006,0.150000006,293.283722,19.3145866,0.179815070E-04,44.9537659,7.50431156,4.88348293,0.00000000,4.88348293,-78.1619034,3.25000000,0.00000000,0.154320877E-01,0.00000000,0.00000000,0.151975574E-01,0.154320877E-01,0.00000000,293.000000,20.3500061,1216.16357,1353.00000,-1000.00000,0.00000000,0.00000000,0.401632488,0.394157231,292.745544,0.382396907,0.00000000
1,2,savanna_wet,3,60.0000000,2,F,T,0,0,T,17,15,0.199999996E-01,28,19,0,1004.50000,0.285714298,9.81000042,2500000.00,0.567051011E-07,0.399999991E-01,9,9,1.00000000,0.999999978E-02,289.000000,10.0000000,70.0000000,48.0000000,3.00000000,0.00000000,360.000000,470.000000,0.160000008E-01,0.149999997E-01,15.0000000,0.200000003,80.0000000,95000.0000,292.000000,0.138999997E-01,0.299999992E-04,1.10000002,0.00000000,0.00000000,0.00000000,0.482085973,0.500000000,0.200000003,0.920000017,3.66000009,1.00000000,0.134185990E-01,0.150000006,0.150000006,293.280548,19.2668343,0.179458621E-04,44.8646545,7.50215340,2.30178499,0.00000000,2.30178499,-87.5584946,3.25000000,0.00000000,0.154290507E-01,0.00000000,0.00000000,0.151946126E-01,0.154290507E-01,0.00000000,293.000000,20.3500061,1215.77954,1353.00000,-1000.00000,0.00000000,0.00000000,0.390478134,0.387999982,292.206451,0.375555515,0.00000000,0.00000000,0.00000000,0.00000000,0.499834538,0.500000000,0.200000003,0.920000017,3.66000009,1.00000000,0.134185990E-01,0.150000006,0.150000006,293.283722,19.3145866,0.179815070E-04,44.9537659,7.50431156,4.88348293,0.00000000,4.88348293,-78.1619034,3.25000000,0.00000000,0.154320877E-01,0.00000000,0.00000000,0.151975574E-01,0.154320877E-01,0.00000000,293.000000,20.3500061,1216.16357,1353.00000,-1000.00000,0.00000000,0.00000000,0.394399703,0.390478134,292.214600,0.378309011,0.00000000
1,2,savanna_wet,4,60.0000000,2,F,T,0,0,T,17,15,0.199999996E-01,28,19,0,1004.50000,0.285714298,9.81000042,2500000.00,0.567051011E-07,0.100000001,9,9,1.00000000,0.999999978E-02,289.000000,10.0000000,70.0000000,48.0000000,3.00000000,0.00000000,360.000000,470.000000,0.160000008E-01,0.149999997E-01,15.0000000,0.200000003,80.0000000,95000.0000,292.000000,0.138999997E-01,0.299999992E-04,1.10000002,0.00000000,0.00000000,0.00000000,0.482085973,0.500000000,0.200000003,0.920000017,3.66000009,1.00000000,0.134185990E-01,0.150000006,0.150000006,293.280548,19.2668343,0.179458621E-04,44.8646545,7.50215340,2.30178499,0.00000000,2.30178499,-87.5584946,3.25000000,0.00000000,0.154290507E-01,0.00000000,0.00000000,0.151946126E-01,0.154290507E-01,0.00000000,293.000000,20.3500061,1215.77954,1353.00000,-1000.00000,0.00000000,0.00000000,0.391968191,0.391968191,291.801361,0.379999965,0.00000000,0.00000000,0.00000000,0.00000000,0.499834538,0.500000000,0.200000003,0.920000017,3.66000009,1.00000000,0.134185990E-01,0.150000006,0.150000006,293.283722,19.3145866,0.179815070E-04,44.9537659,7.50431156,4.88348293,0.00000000,4.88348293,-78.1619034,3.25000000,0.00000000,0.154320877E-01,0.00000000,0.00000000,0.151975574E-01,0.154320877E-01,0.00000000,293.000000,20.3500061,1216.16357,1353.00000,-1000.00000,0.00000000,0.00000000,0.392306626,0.391968191,291.802734,0.379964620,0.00000000
1,2,savanna_wet,5,60.0000000,2,F,T,0,0,T,17,15,0.199999996E-01,28,19,0,1004.50000,0.285714298,9.81000042,2500000.00,0.567051011E-07,0.300000012,9,9,1.00000000,0.999999978E-02,289.000000,10.0000000,70.0000000,48.0000000,3.00000000,0.00000000,360.000000,470.000000,0.160000008E-01,0.149999997E-01,15.0000000,0.200000003,80.0000000,95000.0000,292.000000,0.138999997E-01,0.299999992E-04,1.10000002,0.00000000,0.00000000,0.00000000,0.482085973,0.500000000,0.200000003,0.920000017,3.66000009,1.00000000,0.134185990E-01,0.150000006,0.150000006,293.280548,19.2668343,0.179458621E-04,44.8646545,7.50215340,2.30178499,0.00000000,2.30178499,-87.5584946,3.25000000,0.00000000,0.154290507E-01,0.00000000,0.00000000,0.151946126E-01,0.154290507E-01,0.00000000,293.000000,20.3500061,1215.77954,1353.00000,-1000.00000,0.00000000,0.00000000,0.395973176,0.395973176,291.400085,0.384444416,0.00000000,0.00000000,0.00000000,0.00000000,0.499834538,0.500000000,0.200000003,0.920000017,3.66000009,1.00000000,0.134185990E-01,0.150000006,0.150000006,293.283722,19.3145866,0.179815070E-04,44.9537659,7.50431156,4.88348293,0.00000000,4.88348293,-78.1619034,3.25000000,0.00000000,0.154320877E-01,0.00000000,0.00000000,0.151975574E-01,0.154320877E-01,0.00000000,293.000000,20.3500061,1216.16357,1353.00000,-1000.00000,0.00000000,0.00000000,0.395952761,0.395952761,291.400177,0.384414613,0.00000000
1,2,savanna_wet,6,60.0000000,2,F,T,0,0,T,17,15,0.199999996E-01,28,19,0,1004.50000,0.285714298,9.81000042,2500000.00,0.567051011E-07,0.600000024,9,9,1.00000000,0.999999978E-02,289.000000,10.0000000,70.0000000,48.0000000,3.00000000,0.00000000,360.000000,470.000000,0.160000008E-01,0.149999997E-01,15.0000000,0.200000003,80.0000000,95000.0000,292.000000,0.138999997E-01,0.299999992E-04,1.10000002,0.00000000,0.00000000,0.00000000,0.482085973,0.500000000,0.200000003,0.920000017,3.66000009,1.00000000,0.134185990E-01,0.150000006,0.150000006,293.280548,19.2668343,0.179458621E-04,44.8646545,7.50215340,2.30178499,0.00000000,2.30178499,-87.5584946,3.25000000,0.00000000,0.154290507E-01,0.00000000,0.00000000,0.151946126E-01,0.154290507E-01,0.00000000,293.000000,20.3500061,1215.77954,1353.00000,-1000.00000,0.00000000,0.00000000,0.399987042,0.399987042,291.000031,0.388888866,0.00000000,0.00000000,0.00000000,0.00000000,0.499834538,0.500000000,0.200000003,0.920000017,3.66000009,1.00000000,0.134185990E-01,0.150000006,0.150000006,293.283722,19.3145866,0.179815070E-04,44.9537659,7.50431156,4.88348293,0.00000000,4.88348293,-78.1619034,3.25000000,0.00000000,0.154320877E-01,0.00000000,0.00000000,0.151975574E-01,0.154320877E-01,0.00000000,293.000000,20.3500061,1216.16357,1353.00000,-1000.00000,0.00000000,0.00000000,0.399974018,0.399974018,291.000061,0.388874471,0.00000000
1,2,savanna_wet,7,60.0000000,2,F,T,0,0,T,17,15,0.199999996E-01,28,19,0,1004.50000,0.285714298,9.81000042,2500000.00,0.567051011E-07,1.00000000,9,9,1.00000000,0.999999978E-02,289.000000,10.0000000,70.0000000,48.0000000,3.00000000,0.00000000,360.000000,470.000000,0.160000008E-01,0.149999997E-01,15.0000000,0.200000003,80.0000000,95000.0000,292.000000,0.138999997E-01,0.299999992E-04,1.10000002,0.00000000,0.00000000,0.00000000,0.482085973,0.500000000,0.200000003,0.920000017,3.66000009,1.00000000,0.134185990E-01,0.150000006,0.150000006,293.280548,19.2668343,0.179458621E-04,44.8646545,7.50215340,2.30178499,0.00000000,2.30178499,-87.5584946,3.25000000,0.00000000,0.154290507E-01,0.00000000,0.00000000,0.151946126E-01,0.154290507E-01,0.00000000,293.000000,20.3500061,1215.77954,1353.00000,-1000.00000,0.00000000,0.00000000,0.403989613,0.403989613,290.600006,0.393333286,0.00000000,0.00000000,0.00000000,0.00000000,0.499834538,0.500000000,0.200000003,0.920000017,3.66000009,1.00000000,0.134185990E-01,0.150000006,0.150000006,293.283722,19.3145866,0.179815070E-04,44.9537659,7.50431156,4.88348293,0.00000000,4.88348293,-78.1619034,3.25000000,0.00000000,0.154320877E-01,0.00000000,0.00000000,0.151975574E-01,0.154320877E-01,0.00000000,293.000000,20.3500061,1216.16357,1353.00000,-1000.00000,0.00000000,0.00000000,0.403979272,0.403979272,290.600006,0.393321753,0.00000000
1,2,savanna_wet,8,60.0000000,2,F,T,0,0,T,17,15,0.199999996E-01,28,19,0,1004.50000,0.285714298,9.81000042,2500000.00,0.567051011E-07,1.60000002,9,9,1.00000000,0.999999978E-02,289.000000,10.0000000,70.0000000,48.0000000,3.00000000,0.00000000,360.000000,470.000000,0.160000008E-01,0.149999997E-01,15.0000000,0.200000003,80.0000000,95000.0000,292.000000,0.138999997E-01,0.299999992E-04,1.10000002,0.00000000,0.00000000,0.00000000,0.482085973,0.500000000,0.200000003,0.920000017,3.66000009,1.00000000,0.134185990E-01,0.150000006,0.150000006,293.280548,19.2668343,0.179458621E-04,44.8646545,7.50215340,2.30178499,0.00000000,2.30178499,-87.5584946,3.25000000,0.00000000,0.154290507E-01,0.00000000,0.00000000,0.151946126E-01,0.154290507E-01,0.00000000,293.000000,20.3500061,1215.77954,1353.00000,-1000.00000,0.00000000,0.00000000,0.407993436,0.407993436,290.200012,0.397777736,0.00000000,0.00000000,0.00000000,0.00000000,0.499834538,0.500000000,0.200000003,0.920000017,3.66000009,1.00000000,0.134185990E-01,0.150000006,0.150000006,293.283722,19.3145866,0.179815070E-04,44.9537659,7.50431156,4.88348293,0.00000000,4.88348293,-78.1619034,3.25000000,0.00000000,0.154320877E-01,0.00000000,0.00000000,0.151975574E-01,0.154320877E-01,0.00000000,293.000000,20.3500061,1216.16357,1353.00000,-1000.00000,0.00000000,0.00000000,0.407986820,0.407986820,290.199982,0.397770464,0.00000000
1,2,savanna_wet,9,60.0000000,2,F,T,0,0,T,17,15,0.199999996E-01,28,19,0,1004.50000,0.285714298,9.81000042,2500000.00,0.567051011E-07,3.00000000,9,9,1.00000000,0.999999978E-02,289.000000,10.0000000,70.0000000,48.0000000,3.00000000,0.00000000,360.000000,470.000000,0.160000008E-01,0.149999997E-01,15.0000000,0.200000003,80.0000000,95000.0000,292.000000,0.138999997E-01,0.299999992E-04,1.10000002,0.00000000,0.00000000,0.00000000,0.482085973,0.500000000,0.200000003,0.920000017,3.66000009,1.00000000,0.134185990E-01,0.150000006,0.150000006,293.280548,19.2668343,0.179458621E-04,44.8646545,7.50215340,2.30178499,0.00000000,2.30178499,-87.5584946,3.25000000,0.00000000,0.154290507E-01,0.00000000,0.00000000,0.151946126E-01,0.154290507E-01,0.00000000,293.000000,20.3500061,1215.77954,1353.00000,-1000.00000,0.00000000,0.00000000,0.412000000,0.412000000,289.000000,0.402222186,0.00000000,0.00000000,0.00000000,0.00000000,0.499834538,0.500000000,0.200000003,0.920000017,3.66000009,1.00000000,0.134185990E-01,0.150000006,0.150000006,293.283722,19.3145866,0.179815070E-04,44.9537659,7.50431156,4.88348293,0.00000000,4.88348293,-78.1619034,3.25000000,0.00000000,0.154320877E-01,0.00000000,0.00000000,0.151975574E-01,0.154320877E-01,0.00000000,293.000000,20.3500061,1216.16357,1353.00000,-1000.00000,0.00000000,0.00000000,0.412000000,0.412000000,289.000000,0.402222186,0.00000000
1,2,tundra_snow_free,1,60.0000000,2,F,T,0,0,T,17,15,0.199999996E-01,28,19,0,1004.50000,0.285714298,9.81000042,2500000.00,0.567051011E-07,0.00000000,20,2,1.00000000,0.00000000,277.000000,5.00000000,60.0000000,30.0000000,0.00000000,0.00000000,240.000000,200.000000,0.999999978E-02,0.899999961E-02,9.00000000,0.150000006,80.0000000,95000.0000,265.500000,0.179999997E-02,0.00000000,1.10000002,0.00000000,0.00000000,0.00000000,0.00000000,0.750000000,0.150000006,0.899999976,3.34999990,1.00000000,0.813286752E-02,0.599999987E-01,0.599999987E-01,265.620239,1.09647143,0.197438817E-05,4.93597031,7.50023651,0.00000000,0.00000000,0.00000000,276.320923,3.25000000,0.00000000,0.211302564E-02,0.00000000,0.00000000,0.210857019E-02,0.211302564E-02,1.00000000,265.000000,-7.64999390,713.097717,1230.00000,-1000.00000,0.00000000,0.00000000,0.199993923,0.492396764E-01,265.620239,0.166843161,0.00000000,0.00000000,0.00000000,0.00000000,0.00000000,0.750000000,0.150000006,0.899999976,3.34999990,1.00000000,0.813286752E-02,0.599999987E-01,0.599999987E-01,266.055420,5.06491852,0.248859737E-05,6.22149324,7.50053501,0.00000000,0.00000000,0.00000000,154.938828,3.25000000,0.00000000,0.219454989E-02,0.00000000,0.00000000,0.218974450E-02,0.219454989E-02,1.00000000,265.000000,-7.64999390,713.095337,1230.00000,-1000.00000,0.00000000,0.00000000,0.199979097,0.499321595E-01,266.055420,0.167504713,0.00000000
1,2,tundra_snow_free,2,60.0000000,2,F,T,0,0,T,17,15,0.199999996E-01,28,19,0,1004.50000,0.285714298,9.81000042,2500000.00,0.567051011E-07,0.999999978E-02,20,2,1.00000000,0.00000000,277.000000,5.00000000,60.0000000,30.0000000,0.00000000,0.00000000,240.000000,200.000000,0.999999978E-02,0.899999961E-02,9.00000000,0.150000006,80.0000000,95000.0000,265.500000,0.179999997E-02,0.00000000,1.10000002,0.00000000,0.00000000,0.00000000,0.00000000,0.750000000,0.150000006,0.899999976,3.34999990,1.00000000,0.813286752E-02,0.599999987E-01,0.599999987E-01,265.620239,1.09647143,0.197438817E-05,4.93597031,7.50023651,0.00000000,0.00000000,0.00000000,276.320923,3.25000000,0.00000000,0.211302564E-02,0.00000000,0.00000000,0.210857019E-02,0.211302564E-02,1.00000000,265.000000,-7.64999390,713.097717,1230.00000,-1000.00000,0.00000000,0.00000000,0.205997884,0.516832471E-01,267.027283,0.170849055,0.00000000,0.00000000,0.00000000,0.00000000,0.00000000,0.750000000,0.150000006,0.899999976,3.34999990,1.00000000,0.813286752E-02,0.599999987E-01,0.599999987E-01,266.055420,5.06491852,0.248859737E-05,6.22149324,7.50053501,0.00000000,0.00000000,0.00000000,154.938828,3.25000000,0.00000000,0.219454989E-02,0.00000000,0.00000000,0.218974450E-02,0.219454989E-02,1.00000000,265.000000,-7.64999390,713.095337,1230.00000,-1000.00000,0.00000000,0.00000000,0.205996037,0.513279624E-01,266.843811,0.171460703,0.00000000
1,2,tundra_snow_free,3,60.0000000,2,F,T,0,0,T,17,15,0.199999996E-01,28,19,0,1004.50000,0.285714298,9.81000042,2500000.00,0.567051011E-07,0.399999991E-01,20,2,1.00000000,0.00000000,277.000000,5.00000000,60.0000000,30.0000000,0.00000000,0.00000000,240.000000,200.000000,0.999999978E-02,0.899999961E-02,9.00000000,0.150000006,80.0000000,95000.0000,265.500000,0.179999997E-02,0.00000000,1.10000002,0.00000000,0.00000000,0.00000000,0.00000000,0.750000000,0.150000006,0.899999976,3.34999990,1.00000000,0.813286752E-02,0.599999987E-01,0.599999987E-01,265.620239,1.09647143,0.197438817E-05,4.93597031,7.50023651,0.00000000,0.00000000,0.00000000,276.320923,3.25000000,0.00000000,0.211302564E-02,0.00000000,0.00000000,0.210857019E-02,0.211302564E-02,1.00000000,265.000000,-7.64999390,713.097717,1230.00000,-1000.00000,0.00000000,0.00000000,0.211999953,0.552851968E-01,268.565582,0.174019963,0.00000000,0.00000000,0.00000000,0.00000000,0.00000000,0.750000000,0.150000006,0.899999976,3.34999990,1.00000000,0.813286752E-02,0.599999987E-01,0.599999987E-01,266.055420,5.06491852,0.248859737E-05,6.22149324,7.50053501,0.00000000,0.00000000,0.00000000,154.938828,3.25000000,0.00000000,0.219454989E-02,0.00000000,0.00000000,0.218974450E-02,0.219454989E-02,1.00000000,265.000000,-7.64999390,713.095337,1230.00000,-1000.00000,0.00000000,0.00000000,0.211999983,0.551671572E-01,268.523193,0.174127519,0.00000000
1,2,tundra_snow_free,4,60.0000000,2,F,T,0,0,T,17,15,0.199999996E-01,28,19,0,1004.50000,0.285714298,9.81000042,2500000.00,0.567051011E-07,0.100000001,20,2,1.00000000,0.00000000,277.000000,5.00000000,60.0000000,30.0000000,0.00000000,0.00000000,240.000000,200.000000,0.999999978E-02,0.899999961E-02,9.00000000,0.150000006,80.0000000,95000.0000,265.500000,0.179999997E-02,0.00000000,1.10000002,0.00000000,0.00000000,0.00000000,0.00000000,0.750000000,0.150000006,0.899999976,3.34999990,1.00000000,0.813286752E-02,0.599999987E-01,0.599999987E-01,265.620239,1.09647143,0.197438817E-05,4.93597031,7.50023651,0.00000000,0.00000000,0.00000000,276.320923,3.25000000,0.00000000,0.211302564E-02,0.00000000,0.00000000,0.210857019E-02,0.211302564E-02,1.00000000,265.000000,-7.64999390,713.097717,1230.00000,-1000.00000,0.00000000,0.00000000,0.217999831,0.598436296E-01,269.893768,0.175699890,0.00000000,0.00000000,0.00000000,0.00000000,0.00000000,0.750000000,0.150000006,0.899999976,3.34999990,1.00000000,0.813286752E-02,0.599999987E-01,0.599999987E-01,266.055420,5.06491852,0.248859737E-05,6.22149324,7.50053501,0.00000000,0.00000000,0.00000000,154.938828,3.25000000,0.00000000,0.219454989E-02,0.00000000,0.00000000,0.218974450E-02,0.219454989E-02,1.00000000,265.000000,-7.64999390,713.095337,1230.00000,-1000.00000,0.00000000,0.00000000,0.217999697,0.598161891E-01,269.887299,0.175729111,0.00000000
1,2,tundra_snow_free,5,60.0000000,2,F,T,0,0,T,17,15,0.199999996E-01,28,19,0,1004.50000,0.285714298,9.81000042,2500000.00,0.567051011E-07,0.300000012,20,2,1.00000000,0.00000000,277.000000,5.00000000,60.0000000,30.0000000,0.00000000,0.00000000,240.000000,200.000000,0.999999978E-02,0.899999961E-02,9.00000000,0.150000006,80.0000000,95000.0000,265.500000,0.179999997E-02,0.00000000,1.10000002,0.00000000,0.00000000,0.00000000,0.00000000,0.750000000,0.150000006,0.899999976,3.34999990,1.00000000,0.813286752E-02,0.599999987E-01,0.599999987E-01,265.620239,1.09647143,0.197438817E-05,4.93597031,7.50023651,0.00000000,0.00000000,0.00000000,276.320923,3.25000000,0.00000000,0.211302564E-02,0.00000000,0.00000000,0.210857019E-02,0.211302564E-02,1.00000000,265.000000,-7.64999390,713.097717,1230.00000,-1000.00000,0.00000000,0.00000000,0.224000186,0.673451796E-01,271.199402,0.174055547,0.00000000,0.00000000,0.00000000,0.00000000,0.00000000,0.750000000,0.150000006,0.899999976,3.34999990,1.00000000,0.813286752E-02,0.599999987E-01,0.599999987E-01,266.055420,5.06491852,0.248859737E-05,6.22149324,7.50053501,0.00000000,0.00000000,0.00000000,154.938828,3.25000000,0.00000000,0.219454989E-02,0.00000000,0.00000000,0.218974450E-02,0.219454989E-02,1.00000000,265.000000,-7.64999390,713.095337,1230.00000,-1000.00000,0.00000000,0.00000000,0.224000365,0.673403293E-01,271.198792,0.174061120,0.00000000
1,2,tundra_snow_free,6,60.0000000,2,F,T,0,0,T,17,15,0.199999996E-01,28,19,0,1004.50000,0.285714298,9.81000042,2500000.00,0.567051011E-07,0.600000024,20,2,1.00000000,0.00000000,277.000000,5.00000000,60.0000000,30.0000000,0.00000000,0.00000000,240.000000,200.000000,0.999999978E-02,0.899999961E-02,9.00000000,0.150000006,80.0000000,95000.0000,265.500000,0.179999997E-02,0.00000000,1.10000002,0.00000000,0.00000000,0.00000000,0.00000000,0.750000000,0.150000006,0.899999976,3.34999990,1.00000000,0.813286752E-02,0.599999987E-01,0.599999987E-01,265.620239,1.09647143,0.197438817E-05,4.93597031,7.50023651,0.00000000,0.00000000,0.00000000,276.320923,3.25000000,0.00000000,0.211302564E-02,0.00000000,0.00000000,0.210857019E-02,0.211302564E-02,1.00000000,265.000000,-7.64999390,713.097717,1230.00000,-1000.00000,0.00000000,0.00000000,0.230007172,0.866543427E-01,272.500305,0.159283295,1.00000000,0.00000000,0.00000000,0.00000000,0.00000000,0.750000000,0.150000006,0.899999976,3.34999990,1.00000000,0.813286752E-02,0.599999987E-01,0.599999987E-01,266.055420,5.06491852,0.248859737E-05,6.22149324,7.50053501,0.00000000,0.00000000,0.00000000,154.938828,3.25000000,0.00000000,0.219454989E-02,0.00000000,0.00000000,0.218974450E-02,0.219454989E-02,1.00000000,265.000000,-7.64999390,713.095337,1230.00000,-1000.00000,0.00000000,0.00000000,0.230014324,0.866636634E-01,272.500610,0.159280926,1.00000000
1,2,tundra_snow_free,7,60.0000000,2,F,T,0,0,T,17,15,0.199999996E-01,28,19,0,1004.50000,0.285714298,9.81000042,2500000.00,0.567051011E-07,1.00000000,20,2,1.00000000,0.00000000,277.000000,5.00000000,60.0000000,30.0000000,0.00000000,0.00000000,240.000000,200.000000,0.999999978E-02,0.899999961E-02,9.00000000,0.150000006,80.0000000,95000.0000,265.500000,0.179999997E-02,0.00000000,1.10000002,0.00000000,0.00000000,0.00000000,0.00000000,0.750000000,0.150000006,0.899999976,3.34999990,1.00000000,0.813286752E-02,0.599999987E-01,0.599999987E-01,265.620239,1.09647143,0.197438817E-05,4.93597031,7.50023651,0.00000000,0.00000000,0.00000000,276.320923,3.25000000,0.00000000,0.211302564E-02,0.00000000,0.00000000,0.210857019E-02,0.211302564E-02,1.00000000,265.000000,-7.64999390,713.097717,1230.00000,-1000.00000,0.00000000,0.00000000,0.235995412,0.235995412,273.799866,0.223333329,0.00000000,0.00000000,0.00000000,0.00000000,0.00000000,0.750000000,0.150000006,0.899999976,3.34999990,1.00000000,0.813286752E-02,0.599999987E-01,0.599999987E-01,266.055420,5.06491852,0.248859737E-05,6.22149324,7.50053501,0.00000000,0.00000000,0.00000000,154.938828,3.25000000,0.00000000,0.219454989E-02,0.00000000,0.00000000,0.218974450E-02,0.219454989E-02,1.00000000,265.000000,-7.64999390,713.095337,1230.00000,-1000.00000,0.00000000,0.00000000,0.235990822,0.235990822,273.799744,0.223328233,0.00000000
1,2,tundra_snow_free,8,60.0000000,2,F,T,0,0,T,17,15,0.199999996E-01,28,19,0,1004.50000,0.285714298,9.81000042,2500000.00,0.567051011E-07,1.60000002,20,2,1.00000000,0.00000000,277.000000,5.00000000,60.0000000,30.0000000,0.00000000,0.00000000,240.000000,200.000000,0.999999978E-02,0.899999961E-02,9.00000000,0.150000006,80.0000000,95000.0000,265.500000,0.179999997E-02,0.00000000,1.10000002,0.00000000,0.00000000,0.00000000,0.00000000,0.750000000,0.150000006,0.899999976,3.34999990,1.00000000,0.813286752E-02,0.599999987E-01,0.599999987E-01,265.620239,1.09647143,0.197438817E-05,4.93597031,7.50023651,0.00000000,0.00000000,0.00000000,276.320923,3.25000000,0.00000000,0.211302564E-02,0.00000000,0.00000000,0.210857019E-02,0.211302564E-02,1.00000000,265.000000,-7.64999390,713.097717,1230.00000,-1000.00000,0.00000000,0.00000000,0.241997525,0.241997525,275.099945,0.229999989,0.00000000,0.00000000,0.00000000,0.00000000,0.00000000,0.750000000,0.150000006,0.899999976,3.34999990,1.00000000,0.813286752E-02,0.599999987E-01,0.599999987E-01,266.055420,5.06491852,0.248859737E-05,6.22149324,7.50053501,0.00000000,0.00000000,0.00000000,154.938828,3.25000000,0.00000000,0.219454989E-02,0.00000000,0.00000000,0.218974450E-02,0.219454989E-02,1.00000000,265.000000,-7.64999390,713.095337,1230.00000,-1000.00000,0.00000000,0.00000000,0.241995037,0.241995037,275.099884,0.229997247,0.00000000
1,2,tundra_snow_free,9,60.0000000,2,F,T,0,0,T,17,15,0.199999996E-01,28,19,0,1004.50000,0.285714298,9.81000042,2500000.00,0.567051011E-07,3.00000000,20,2,1.00000000,0.00000000,277.000000,5.00000000,60.0000000,30.0000000,0.00000000,0.00000000,240.000000,200.000000,0.999999978E-02,0.899999961E-02,9.00000000,0.150000006,80.0000000,95000.0000,265.500000,0.179999997E-02,0.00000000,1.10000002,0.00000000,0.00000000,0.00000000,0.00000000,0.750000000,0.150000006,0.899999976,3.34999990,1.00000000,0.813286752E-02,0.599999987E-01,0.599999987E-01,265.620239,1.09647143,0.197438817E-05,4.93597031,7.50023651,0.00000000,0.00000000,0.00000000,276.320923,3.25000000,0.00000000,0.211302564E-02,0.00000000,0.00000000,0.210857019E-02,0.211302564E-02,1.00000000,265.000000,-7.64999390,713.097717,1230.00000,-1000.00000,0.00000000,0.00000000,0.247999996,0.247999996,277.000000,0.236666650,0.00000000,0.00000000,0.00000000,0.00000000,0.00000000,0.750000000,0.150000006,0.899999976,3.34999990,1.00000000,0.813286752E-02,0.599999987E-01,0.599999987E-01,266.055420,5.06491852,0.248859737E-05,6.22149324,7.50053501,0.00000000,0.00000000,0.00000000,154.938828,3.25000000,0.00000000,0.219454989E-02,0.00000000,0.00000000,0.218974450E-02,0.219454989E-02,1.00000000,265.000000,-7.64999390,713.095337,1230.00000,-1000.00000,0.00000000,0.00000000,0.247999996,0.247999996,277.000000,0.236666650,0.00000000
2,1,usgs_crop_rain,1,180.000000,1,F,F,0,0,T,16,24,0.199999996E-01,28,19,1,1004.50000,0.285714298,9.81000042,2500000.00,0.567051011E-07,0.00000000,3,4,1.00000000,0.00000000,287.000000,10.0000000,95.0000000,80.0000000,1.50000000,0.200000003,345.000000,505.000000,0.149999997E-01,0.140000004E-01,14.0000000,0.180000007,60.0000000,98000.0000,291.000000,0.104999999E-01,0.999999975E-05,1.17999995,0.00000000,0.00000000,0.00000000,0.200000003,0.639999986,0.180000007,0.920000017,5.67999983,0.674626827,0.00000000,0.00000000,0.200000003,292.000000,0.00000000,0.00000000,0.00000000,7.50000000,2.00000000,1.00000000,4.00000000,0.00000000,3.25000000,0.250000000,0.899999961E-02,0.199999995E-03,0.00000000,0.00000000,0.00000000,1.00000000,420.000000,0.00000000,0.00000000,0.00000000,0.00000000,0.00000000,0.500000000,0.259999990,0.259999990,291.000000,0.00000000,0.00000000,0.00000000,0.00000000,0.00000000,0.481081992,0.639999986,0.180000007,0.920000017,5.67999983,0.912103236,0.117079914E-01,0.177941173,0.177941173,290.236481,-10.6571531,0.235974221E-04,58.9935570,7.50849533,0.204055622,0.00000000,0.204055622,-5.04107332,3.25000000,0.00000000,0.117554972E-01,0.00000000,0.00000000,0.116189113E-01,0.123610245E-01,1.00000000,291.000000,18.3500061,856.410828,1455.00000,-1000.00000,0.00000000,0.00000000,0.339554578,0.259999990,290.236481,0.251111090,0.00000000
2,1,usgs_crop_rain,2,180.000000,1,F,F,0,0,T,16,24,0.199999996E-01,28,19,1,1004.50000,0.285714298,9.81000042,2500000.00,0.567051011E-07,0.999999978E-02,3,4,1.00000000,0.00000000,287.000000,10.0000000,95.0000000,80.0000000,1.50000000,0.200000003,345.000000,505.000000,0.149999997E-01,0.140000004E-01,14.0000000,0.180000007,60.0000000,98000.0000,291.000000,0.104999999E-01,0.999999975E-05,1.17999995,0.00000000,0.00000000,0.00000000,0.200000003,0.639999986,0.180000007,0.920000017,5.67999983,0.674626827,0.00000000,0.00000000,0.200000003,292.000000,0.00000000,0.00000000,0.00000000,7.50000000,2.00000000,1.00000000,4.00000000,0.00000000,3.25000000,0.250000000,0.899999961E-02,0.199999995E-03,0.00000000,0.00000000,0.00000000,1.00000000,420.000000,0.00000000,0.00000000,0.00000000,0.00000000,0.00000000,0.500000000,0.263999999,0.263999999,290.100006,0.00000000,0.00000000,0.00000000,0.00000000,0.00000000,0.481081992,0.639999986,0.180000007,0.920000017,5.67999983,0.912103236,0.117079914E-01,0.177941173,0.177941173,290.236481,-10.6571531,0.235974221E-04,58.9935570,7.50849533,0.204055622,0.00000000,0.204055622,-5.04107332,3.25000000,0.00000000,0.117554972E-01,0.00000000,0.00000000,0.116189113E-01,0.123610245E-01,1.00000000,291.000000,18.3500061,856.410828,1455.00000,-1000.00000,0.00000000,0.00000000,0.290102363,0.263999999,290.185913,0.255555540,0.00000000
2,1,usgs_crop_rain,3,180.000000,1,F,F,0,0,T,16,24,0.199999996E-01,28,19,1,1004.50000,0.285714298,9.81000042,2500000.00,0.567051011E-07,0.399999991E-01,3,4,1.00000000,0.00000000,287.000000,10.0000000,95.0000000,80.0000000,1.50000000,0.200000003,345.000000,505.000000,0.149999997E-01,0.140000004E-01,14.0000000,0.180000007,60.0000000,98000.0000,291.000000,0.104999999E-01,0.999999975E-05,1.17999995,0.00000000,0.00000000,0.00000000,0.200000003,0.639999986,0.180000007,0.920000017,5.67999983,0.674626827,0.00000000,0.00000000,0.200000003,292.000000,0.00000000,0.00000000,0.00000000,7.50000000,2.00000000,1.00000000,4.00000000,0.00000000,3.25000000,0.250000000,0.899999961E-02,0.199999995E-03,0.00000000,0.00000000,0.00000000,1.00000000,420.000000,0.00000000,0.00000000,0.00000000,0.00000000,0.00000000,0.500000000,0.267999977,0.267999977,289.200012,0.00000000,0.00000000,0.00000000,0.00000000,0.00000000,0.481081992,0.639999986,0.180000007,0.920000017,5.67999983,0.912103236,0.117079914E-01,0.177941173,0.177941173,290.236481,-10.6571531,0.235974221E-04,58.9935570,7.50849533,0.204055622,0.00000000,0.204055622,-5.04107332,3.25000000,0.00000000,0.117554972E-01,0.00000000,0.00000000,0.116189113E-01,0.123610245E-01,1.00000000,291.000000,18.3500061,856.410828,1455.00000,-1000.00000,0.00000000,0.00000000,0.270153165,0.267999977,289.235596,0.259999961,0.00000000
2,1,usgs_crop_rain,4,180.000000,1,F,F,0,0,T,16,24,0.199999996E-01,28,19,1,1004.50000,0.285714298,9.81000042,2500000.00,0.567051011E-07,0.100000001,3,4,1.00000000,0.00000000,287.000000,10.0000000,95.0000000,80.0000000,1.50000000,0.200000003,345.000000,505.000000,0.149999997E-01,0.140000004E-01,14.0000000,0.180000007,60.0000000,98000.0000,291.000000,0.104999999E-01,0.999999975E-05,1.17999995,0.00000000,0.00000000,0.00000000,0.200000003,0.639999986,0.180000007,0.920000017,5.67999983,0.674626827,0.00000000,0.00000000,0.200000003,292.000000,0.00000000,0.00000000,0.00000000,7.50000000,2.00000000,1.00000000,4.00000000,0.00000000,3.25000000,0.250000000,0.899999961E-02,0.199999995E-03,0.00000000,0.00000000,0.00000000,1.00000000,420.000000,0.00000000,0.00000000,0.00000000,0.00000000,0.00000000,0.500000000,0.271999985,0.271999985,288.299988,0.00000000,0.00000000,0.00000000,0.00000000,0.00000000,0.481081992,0.639999986,0.180000007,0.920000017,5.67999983,0.912103236,0.117079914E-01,0.177941173,0.177941173,290.236481,-10.6571531,0.235974221E-04,58.9935570,7.50849533,0.204055622,0.00000000,0.204055622,-5.04107332,3.25000000,0.00000000,0.117554972E-01,0.00000000,0.00000000,0.116189113E-01,0.123610245E-01,1.00000000,291.000000,18.3500061,856.410828,1455.00000,-1000.00000,0.00000000,0.00000000,0.271987647,0.271987647,288.308380,0.264444411,0.00000000
2,1,usgs_crop_rain,5,180.000000,1,F,F,0,0,T,16,24,0.199999996E-01,28,19,1,1004.50000,0.285714298,9.81000042,2500000.00,0.567051011E-07,0.300000012,3,4,1.00000000,0.00000000,287.000000,10.0000000,95.0000000,80.0000000,1.50000000,0.200000003,345.000000,505.000000,0.149999997E-01,0.140000004E-01,14.0000000,0.180000007,60.0000000,98000.0000,291.000000,0.104999999E-01,0.999999975E-05,1.17999995,0.00000000,0.00000000,0.00000000,0.200000003,0.639999986,0.180000007,0.920000017,5.67999983,0.674626827,0.00000000,0.00000000,0.200000003,292.000000,0.00000000,0.00000000,0.00000000,7.50000000,2.00000000,1.00000000,4.00000000,0.00000000,3.25000000,0.250000000,0.899999961E-02,0.199999995E-03,0.00000000,0.00000000,0.00000000,1.00000000,420.000000,0.00000000,0.00000000,0.00000000,0.00000000,0.00000000,0.500000000,0.275999993,0.275999993,287.399994,0.00000000,0.00000000,0.00000000,0.00000000,0.00000000,0.481081992,0.639999986,0.180000007,0.920000017,5.67999983,0.912103236,0.117079914E-01,0.177941173,0.177941173,290.236481,-10.6571531,0.235974221E-04,58.9935570,7.50849533,0.204055622,0.00000000,0.204055622,-5.04107332,3.25000000,0.00000000,0.117554972E-01,0.00000000,0.00000000,0.116189113E-01,0.123610245E-01,1.00000000,291.000000,18.3500061,856.410828,1455.00000,-1000.00000,0.00000000,0.00000000,0.275993943,0.275993943,287.400635,0.268888861,0.00000000
2,1,usgs_crop_rain,6,180.000000,1,F,F,0,0,T,16,24,0.199999996E-01,28,19,1,1004.50000,0.285714298,9.81000042,2500000.00,0.567051011E-07,0.600000024,3,4,1.00000000,0.00000000,287.000000,10.0000000,95.0000000,80.0000000,1.50000000,0.200000003,345.000000,505.000000,0.149999997E-01,0.140000004E-01,14.0000000,0.180000007,60.0000000,98000.0000,291.000000,0.104999999E-01,0.999999975E-05,1.17999995,0.00000000,0.00000000,0.00000000,0.200000003,0.639999986,0.180000007,0.920000017,5.67999983,0.674626827,0.00000000,0.00000000,0.200000003,292.000000,0.00000000,0.00000000,0.00000000,7.50000000,2.00000000,1.00000000,4.00000000,0.00000000,3.25000000,0.250000000,0.899999961E-02,0.199999995E-03,0.00000000,0.00000000,0.00000000,1.00000000,420.000000,0.00000000,0.00000000,0.00000000,0.00000000,0.00000000,0.500000000,0.280000001,0.280000001,286.500000,0.00000000,0.00000000,0.00000000,0.00000000,0.00000000,0.481081992,0.639999986,0.180000007,0.920000017,5.67999983,0.912103236,0.117079914E-01,0.177941173,0.177941173,290.236481,-10.6571531,0.235974221E-04,58.9935570,7.50849533,0.204055622,0.00000000,0.204055622,-5.04107332,3.25000000,0.00000000,0.117554972E-01,0.00000000,0.00000000,0.116189113E-01,0.123610245E-01,1.00000000,291.000000,18.3500061,856.410828,1455.00000,-1000.00000,0.00000000,0.00000000,0.279996246,0.279996246,286.500214,0.273333311,0.00000000
2,1,usgs_crop_rain,7,180.000000,1,F,F,0,0,T,16,24,0.199999996E-01,28,19,1,1004.50000,0.285714298,9.81000042,2500000.00,0.567051011E-07,1.00000000,3,4,1.00000000,0.00000000,287.000000,10.0000000,95.0000000,80.0000000,1.50000000,0.200000003,345.000000,505.000000,0.149999997E-01,0.140000004E-01,14.0000000,0.180000007,60.0000000,98000.0000,291.000000,0.104999999E-01,0.999999975E-05,1.17999995,0.00000000,0.00000000,0.00000000,0.200000003,0.639999986,0.180000007,0.920000017,5.67999983,0.674626827,0.00000000,0.00000000,0.200000003,292.000000,0.00000000,0.00000000,0.00000000,7.50000000,2.00000000,1.00000000,4.00000000,0.00000000,3.25000000,0.250000000,0.899999961E-02,0.199999995E-03,0.00000000,0.00000000,0.00000000,1.00000000,420.000000,0.00000000,0.00000000,0.00000000,0.00000000,0.00000000,0.500000000,0.283999979,0.283999979,285.600006,0.00000000,0.00000000,0.00000000,0.00000000,0.00000000,0.481081992,0.639999986,0.180000007,0.920000017,5.67999983,0.912103236,0.117079914E-01,0.177941173,0.177941173,290.236481,-10.6571531,0.235974221E-04,58.9935570,7.50849533,0.204055622,0.00000000,0.204055622,-5.04107332,3.25000000,0.00000000,0.117554972E-01,0.00000000,0.00000000,0.116189113E-01,0.123610245E-01,1.00000000,291.000000,18.3500061,856.410828,1455.00000,-1000.00000,0.00000000,0.00000000,0.283998817,0.283998817,285.600128,0.277777731,0.00000000
2,1,usgs_crop_rain,8,180.000000,1,F,F,0,0,T,16,24,0.199999996E-01,28,19,1,1004.50000,0.285714298,9.81000042,2500000.00,0.567051011E-07,1.60000002,3,4,1.00000000,0.00000000,287.000000,10.0000000,95.0000000,80.0000000,1.50000000,0.200000003,345.000000,505.000000,0.149999997E-01,0.140000004E-01,14.0000000,0.180000007,60.0000000,98000.0000,291.000000,0.104999999E-01,0.999999975E-05,1.17999995,0.00000000,0.00000000,0.00000000,0.200000003,0.639999986,0.180000007,0.920000017,5.67999983,0.674626827,0.00000000,0.00000000,0.200000003,292.000000,0.00000000,0.00000000,0.00000000,7.50000000,2.00000000,1.00000000,4.00000000,0.00000000,3.25000000,0.250000000,0.899999961E-02,0.199999995E-03,0.00000000,0.00000000,0.00000000,1.00000000,420.000000,0.00000000,0.00000000,0.00000000,0.00000000,0.00000000,0.500000000,0.287999988,0.287999988,284.700012,0.00000000,0.00000000,0.00000000,0.00000000,0.00000000,0.481081992,0.639999986,0.180000007,0.920000017,5.67999983,0.912103236,0.117079914E-01,0.177941173,0.177941173,290.236481,-10.6571531,0.235974221E-04,58.9935570,7.50849533,0.204055622,0.00000000,0.204055622,-5.04107332,3.25000000,0.00000000,0.117554972E-01,0.00000000,0.00000000,0.116189113E-01,0.123610245E-01,1.00000000,291.000000,18.3500061,856.410828,1455.00000,-1000.00000,0.00000000,0.00000000,0.287999123,0.287999123,284.700073,0.282222182,0.00000000
2,1,usgs_crop_rain,9,180.000000,1,F,F,0,0,T,16,24,0.199999996E-01,28,19,1,1004.50000,0.285714298,9.81000042,2500000.00,0.567051011E-07,3.00000000,3,4,1.00000000,0.00000000,287.000000,10.0000000,95.0000000,80.0000000,1.50000000,0.200000003,345.000000,505.000000,0.149999997E-01,0.140000004E-01,14.0000000,0.180000007,60.0000000,98000.0000,291.000000,0.104999999E-01,0.999999975E-05,1.17999995,0.00000000,0.00000000,0.00000000,0.200000003,0.639999986,0.180000007,0.920000017,5.67999983,0.674626827,0.00000000,0.00000000,0.200000003,292.000000,0.00000000,0.00000000,0.00000000,7.50000000,2.00000000,1.00000000,4.00000000,0.00000000,3.25000000,0.250000000,0.899999961E-02,0.199999995E-03,0.00000000,0.00000000,0.00000000,1.00000000,420.000000,0.00000000,0.00000000,0.00000000,0.00000000,0.00000000,0.500000000,0.291999996,0.291999996,283.799988,0.00000000,0.00000000,0.00000000,0.00000000,0.00000000,0.481081992,0.639999986,0.180000007,0.920000017,5.67999983,0.912103236,0.117079914E-01,0.177941173,0.177941173,290.236481,-10.6571531,0.235974221E-04,58.9935570,7.50849533,0.204055622,0.00000000,0.204055622,-5.04107332,3.25000000,0.00000000,0.117554972E-01,0.00000000,0.00000000,0.116189113E-01,0.123610245E-01,1.00000000,291.000000,18.3500061,856.410828,1455.00000,-1000.00000,0.00000000,0.00000000,0.291999996,0.291999996,287.000000,0.286666632,0.00000000
2,1,usgs_grass_allsnow,1,180.000000,1,F,F,0,0,T,16,24,0.199999996E-01,28,19,1,1004.50000,0.285714298,9.81000042,2500000.00,0.567051011E-07,0.00000000,7,6,1.00000000,0.00000000,281.000000,12.0000000,88.0000000,60.0000000,0.699999988,0.200000003,295.000000,415.000000,0.109999999E-01,0.999999978E-02,10.0000000,0.189999998,60.0000000,98000.0000,270.000000,0.260000001E-02,0.00000000,1.17999995,0.00000000,0.00000000,0.00000000,0.599999987E-01,0.639999986,0.189999998,0.920000017,2.90000010,1.00000000,0.00000000,0.00000000,0.750000030E-01,270.000000,0.00000000,0.00000000,0.00000000,7.50000000,2.00000000,1.00000000,4.00000000,0.00000000,3.25000000,0.250000000,0.00000000,-2.00000000,0.00000000,0.00000000,0.00000000,1.00000000,292.000000,0.00000000,0.00000000,0.00000000,0.00000000,0.00000000,0.500000000,0.319999993,0.129499093,270.000000,0.211667657,0.00000000,0.618667901,0.799888838E-02,0.587888062E-01,0.140189424,0.639999986,0.213914767,0.920000017,2.90000010,1.00000000,0.841822661E-02,0.750000030E-01,0.750000030E-01,271.095245,10.9918547,0.370374914E-05,9.32002926,7.50133324,0.00000000,0.00000000,0.00000000,-54.3398094,3.25000000,0.00000000,0.326924375E-02,0.00000000,0.00000000,0.325859082E-02,0.326924375E-02,1.00000000,270.684875,-2.51089478,1016.54828,1353.00000,77.3442383,0.699999988,9.05044746,0.322252333,0.140391186,271.100647,0.211667657,1.00000000
2,1,usgs_grass_allsnow,2,180.000000,1,F,F,0,0,T,16,24,0.199999996E-01,28,19,1,1004.50000,0.285714298,9.81000042,2500000.00,0.567051011E-07,0.999999978E-02,7,6,1.00000000,0.00000000,281.000000,12.0000000,88.0000000,60.0000000,0.699999988,0.200000003,295.000000,415.000000,0.109999999E-01,0.999999978E-02,10.0000000,0.189999998,60.0000000,98000.0000,270.000000,0.260000001E-02,0.00000000,1.17999995,0.00000000,0.00000000,0.00000000,0.599999987E-01,0.639999986,0.189999998,0.920000017,2.90000010,1.00000000,0.00000000,0.00000000,0.750000030E-01,270.000000,0.00000000,0.00000000,0.00000000,7.50000000,2.00000000,1.00000000,4.00000000,0.00000000,3.25000000,0.250000000,0.00000000,-2.00000000,0.00000000,0.00000000,0.00000000,1.00000000,292.000000,0.00000000,0.00000000,0.00000000,0.00000000,0.00000000,0.500000000,0.322999984,0.136808142,270.799988,0.206879809,0.00000000,0.618667901,0.799888838E-02,0.587888062E-01,0.140189424,0.639999986,0.213914767,0.920000017,2.90000010,1.00000000,0.841822661E-02,0.750000030E-01,0.750000030E-01,271.095245,10.9918547,0.370374914E-05,9.32002926,7.50133324,0.00000000,0.00000000,0.00000000,-54.3398094,3.25000000,0.00000000,0.326924375E-02,0.00000000,0.00000000,0.325859082E-02,0.326924375E-02,1.00000000,270.684875,-2.51089478,1016.54828,1353.00000,77.3442383,0.699999988,9.05044746,0.323193520,0.136695892,270.789642,0.206879795,0.00000000
2,1,usgs_grass_allsnow,3,180.000000,1,F,F,0,0,T,16,24,0.199999996E-01,28,19,1,1004.50000,0.285714298,9.81000042,2500000.00,0.567051011E-07,0.399999991E-01,7,6,1.00000000,0.00000000,281.000000,12.0000000,88.0000000,60.0000000,0.699999988,0.200000003,295.000000,415.000000,0.109999999E-01,0.999999978E-02,10.0000000,0.189999998,60.0000000,98000.0000,270.000000,0.260000001E-02,0.00000000,1.17999995,0.00000000,0.00000000,0.00000000,0.599999987E-01,0.639999986,0.189999998,0.920000017,2.90000010,1.00000000,0.00000000,0.00000000,0.750000030E-01,270.000000,0.00000000,0.00000000,0.00000000,7.50000000,2.00000000,1.00000000,4.00000000,0.00000000,3.25000000,0.250000000,0.00000000,-2.00000000,0.00000000,0.00000000,0.00000000,1.00000000,292.000000,0.00000000,0.00000000,0.00000000,0.00000000,0.00000000,0.500000000,0.326000005,0.147870734,271.600006,0.197921410,0.00000000,0.618667901,0.799888838E-02,0.587888062E-01,0.140189424,0.639999986,0.213914767,0.920000017,2.90000010,1.00000000,0.841822661E-02,0.750000030E-01,0.750000030E-01,271.095245,10.9918547,0.370374914E-05,9.32002926,7.50133324,0.00000000,0.00000000,0.00000000,-54.3398094,3.25000000,0.00000000,0.326924375E-02,0.00000000,0.00000000,0.325859082E-02,0.326924375E-02,1.00000000,270.684875,-2.51089478,1016.54828,1353.00000,77.3442383,0.699999988,9.05044746,0.325932473,0.147508696,271.579498,0.197921380,0.00000000
2,1,usgs_grass_allsnow,4,180.000000,1,F,F,0,0,T,16,24,0.199999996E-01,28,19,1,1004.50000,0.285714298,9.81000042,2500000.00,0.567051011E-07,0.100000001,7,6,1.00000000,0.00000000,281.000000,12.0000000,88.0000000,60.0000000,0.699999988,0.200000003,295.000000,415.000000,0.109999999E-01,0.999999978E-02,10.0000000,0.189999998,60.0000000,98000.0000,270.000000,0.260000001E-02,0.00000000,1.17999995,0.00000000,0.00000000,0.00000000,0.599999987E-01,0.639999986,0.189999998,0.920000017,2.90000010,1.00000000,0.00000000,0.00000000,0.750000030E-01,270.000000,0.00000000,0.00000000,0.00000000,7.50000000,2.00000000,1.00000000,4.00000000,0.00000000,3.25000000,0.250000000,0.00000000,-2.00000000,0.00000000,0.00000000,0.00000000,1.00000000,292.000000,0.00000000,0.00000000,0.00000000,0.00000000,0.00000000,0.500000000,0.328999996,0.169281811,272.399994,0.177464649,0.00000000,0.618667901,0.799888838E-02,0.587888062E-01,0.140189424,0.639999986,0.213914767,0.920000017,2.90000010,1.00000000,0.841822661E-02,0.750000030E-01,0.750000030E-01,271.095245,10.9918547,0.370374914E-05,9.32002926,7.50133324,0.00000000,0.00000000,0.00000000,-54.3398094,3.25000000,0.00000000,0.326924375E-02,0.00000000,0.00000000,0.325859082E-02,0.326924375E-02,1.00000000,270.684875,-2.51089478,1016.54828,1353.00000,77.3442383,0.699999988,9.05044746,0.328947634,0.169160351,272.397095,0.177464634,0.00000000
2,1,usgs_grass_allsnow,5,180.000000,1,F,F,0,0,T,16,24,0.199999996E-01,28,19,1,1004.50000,0.285714298,9.81000042,2500000.00,0.567051011E-07,0.300000012,7,6,1.00000000,0.00000000,281.000000,12.0000000,88.0000000,60.0000000,0.699999988,0.200000003,295.000000,415.000000,0.109999999E-01,0.999999978E-02,10.0000000,0.189999998,60.0000000,98000.0000,270.000000,0.260000001E-02,0.00000000,1.17999995,0.00000000,0.00000000,0.00000000,0.599999987E-01,0.639999986,0.189999998,0.920000017,2.90000010,1.00000000,0.00000000,0.00000000,0.750000030E-01,270.000000,0.00000000,0.00000000,0.00000000,7.50000000,2.00000000,1.00000000,4.00000000,0.00000000,3.25000000,0.250000000,0.00000000,-2.00000000,0.00000000,0.00000000,0.00000000,1.00000000,292.000000,0.00000000,0.00000000,0.00000000,0.00000000,0.00000000,0.500000000,0.331999987,0.331999987,273.200012,0.00000000,0.00000000,0.618667901,0.799888838E-02,0.587888062E-01,0.140189424,0.639999986,0.213914767,0.920000017,2.90000010,1.00000000,0.841822661E-02,0.750000030E-01,0.750000030E-01,271.095245,10.9918547,0.370374914E-05,9.32002926,7.50133324,0.00000000,0.00000000,0.00000000,-54.3398094,3.25000000,0.00000000,0.326924375E-02,0.00000000,0.00000000,0.325859082E-02,0.326924375E-02,1.00000000,270.684875,-2.51089478,1016.54828,1353.00000,77.3442383,0.699999988,9.05044746,0.331999302,0.331999302,273.201141,0.313333333,0.00000000
2,1,usgs_grass_allsnow,6,180.000000,1,F,F,0,0,T,16,24,0.199999996E-01,28,19,1,1004.50000,0.285714298,9.81000042,2500000.00,0.567051011E-07,0.600000024,7,6,1.00000000,0.00000000,281.000000,12.0000000,88.0000000,60.0000000,0.699999988,0.200000003,295.000000,415.000000,0.109999999E-01,0.999999978E-02,10.0000000,0.189999998,60.0000000,98000.0000,270.000000,0.260000001E-02,0.00000000,1.17999995,0.00000000,0.00000000,0.00000000,0.599999987E-01,0.639999986,0.189999998,0.920000017,2.90000010,1.00000000,0.00000000,0.00000000,0.750000030E-01,270.000000,0.00000000,0.00000000,0.00000000,7.50000000,2.00000000,1.00000000,4.00000000,0.00000000,3.25000000,0.250000000,0.00000000,-2.00000000,0.00000000,0.00000000,0.00000000,1.00000000,292.000000,0.00000000,0.00000000,0.00000000,0.00000000,0.00000000,0.500000000,0.334999979,0.334999979,274.000000,0.00000000,0.00000000,0.618667901,0.799888838E-02,0.587888062E-01,0.140189424,0.639999986,0.213914767,0.920000017,2.90000010,1.00000000,0.841822661E-02,0.750000030E-01,0.750000030E-01,271.095245,10.9918547,0.370374914E-05,9.32002926,7.50133324,0.00000000,0.00000000,0.00000000,-54.3398094,3.25000000,0.00000000,0.326924375E-02,0.00000000,0.00000000,0.325859082E-02,0.326924375E-02,1.00000000,270.684875,-2.51089478,1016.54828,1353.00000,77.3442383,0.699999988,9.05044746,0.334994674,0.334994674,273.999725,0.316666603,0.00000000
2,1,usgs_grass_allsnow,7,180.000000,1,F,F,0,0,T,16,24,0.199999996E-01,28,19,1,1004.50000,0.285714298,9.81000042,2500000.00,0.567051011E-07,1.00000000,7,6,1.00000000,0.00000000,281.000000,12.0000000,88.0000000,60.0000000,0.699999988,0.200000003,295.000000,415.000000,0.109999999E-01,0.999999978E-02,10.0000000,0.189999998,60.0000000,98000.0000,270.000000,0.260000001E-02,0.00000000,1.17999995,0.00000000,0.00000000,0.00000000,0.599999987E-01,0.639999986,0.189999998,0.920000017,2.90000010,1.00000000,0.00000000,0.00000000,0.750000030E-01,270.000000,0.00000000,0.00000000,0.00000000,7.50000000,2.00000000,1.00000000,4.00000000,0.00000000,3.25000000,0.250000000,0.00000000,-2.00000000,0.00000000,0.00000000,0.00000000,1.00000000,292.000000,0.00000000,0.00000000,0.00000000,0.00000000,0.00000000,0.500000000,0.338000000,0.338000000,274.799988,0.00000000,0.00000000,0.618667901,0.799888838E-02,0.587888062E-01,0.140189424,0.639999986,0.213914767,0.920000017,2.90000010,1.00000000,0.841822661E-02,0.750000030E-01,0.750000030E-01,271.095245,10.9918547,0.370374914E-05,9.32002926,7.50133324,0.00000000,0.00000000,0.00000000,-54.3398094,3.25000000,0.00000000,0.326924375E-02,0.00000000,0.00000000,0.325859082E-02,0.326924375E-02,1.00000000,270.684875,-2.51089478,1016.54828,1353.00000,77.3442383,0.699999988,9.05044746,0.337995708,0.337995708,274.799835,0.319999963,0.00000000
2,1,usgs_grass_allsnow,8,180.000000,1,F,F,0,0,T,16,24,0.199999996E-01,28,19,1,1004.50000,0.285714298,9.81000042,2500000.00,0.567051011E-07,1.60000002,7,6,1.00000000,0.00000000,281.000000,12.0000000,88.0000000,60.0000000,0.699999988,0.200000003,295.000000,415.000000,0.109999999E-01,0.999999978E-02,10.0000000,0.189999998,60.0000000,98000.0000,270.000000,0.260000001E-02,0.00000000,1.17999995,0.00000000,0.00000000,0.00000000,0.599999987E-01,0.639999986,0.189999998,0.920000017,2.90000010,1.00000000,0.00000000,0.00000000,0.750000030E-01,270.000000,0.00000000,0.00000000,0.00000000,7.50000000,2.00000000,1.00000000,4.00000000,0.00000000,3.25000000,0.250000000,0.00000000,-2.00000000,0.00000000,0.00000000,0.00000000,1.00000000,292.000000,0.00000000,0.00000000,0.00000000,0.00000000,0.00000000,0.500000000,0.340999991,0.340999991,275.600006,0.00000000,0.00000000,0.618667901,0.799888838E-02,0.587888062E-01,0.140189424,0.639999986,0.213914767,0.920000017,2.90000010,1.00000000,0.841822661E-02,0.750000030E-01,0.750000030E-01,271.095245,10.9918547,0.370374914E-05,9.32002926,7.50133324,0.00000000,0.00000000,0.00000000,-54.3398094,3.25000000,0.00000000,0.326924375E-02,0.00000000,0.00000000,0.325859082E-02,0.326924375E-02,1.00000000,270.684875,-2.51089478,1016.54828,1353.00000,77.3442383,0.699999988,9.05044746,0.340997219,0.340997219,275.599884,0.323333323,0.00000000
2,1,usgs_grass_allsnow,9,180.000000,1,F,F,0,0,T,16,24,0.199999996E-01,28,19,1,1004.50000,0.285714298,9.81000042,2500000.00,0.567051011E-07,3.00000000,7,6,1.00000000,0.00000000,281.000000,12.0000000,88.0000000,60.0000000,0.699999988,0.200000003,295.000000,415.000000,0.109999999E-01,0.999999978E-02,10.0000000,0.189999998,60.0000000,98000.0000,270.000000,0.260000001E-02,0.00000000,1.17999995,0.00000000,0.00000000,0.00000000,0.599999987E-01,0.639999986,0.189999998,0.920000017,2.90000010,1.00000000,0.00000000,0.00000000,0.750000030E-01,270.000000,0.00000000,0.00000000,0.00000000,7.50000000,2.00000000,1.00000000,4.00000000,0.00000000,3.25000000,0.250000000,0.00000000,-2.00000000,0.00000000,0.00000000,0.00000000,1.00000000,292.000000,0.00000000,0.00000000,0.00000000,0.00000000,0.00000000,0.500000000,0.343999982,0.343999982,276.399994,0.00000000,0.00000000,0.618667901,0.799888838E-02,0.587888062E-01,0.140189424,0.639999986,0.213914767,0.920000017,2.90000010,1.00000000,0.841822661E-02,0.750000030E-01,0.750000030E-01,271.095245,10.9918547,0.370374914E-05,9.32002926,7.50133324,0.00000000,0.00000000,0.00000000,-54.3398094,3.25000000,0.00000000,0.326924375E-02,0.00000000,0.00000000,0.325859082E-02,0.326924375E-02,1.00000000,270.684875,-2.51089478,1016.54828,1353.00000,77.3442383,0.699999988,9.05044746,0.343999982,0.343999982,281.000000,0.326666623,0.00000000
2,1,usgs_crop_snowpack,1,180.000000,1,F,F,0,0,T,16,24,0.199999996E-01,28,19,1,1004.50000,0.285714298,9.81000042,2500000.00,0.567051011E-07,0.00000000,2,3,1.00000000,0.00000000,277.000000,8.00000000,92.0000000,75.0000000,1.10000002,0.200000003,245.000000,140.000000,0.899999961E-02,0.800000038E-02,8.00000000,0.170000002,60.0000000,98000.0000,266.000000,0.190000003E-02,0.299999992E-04,1.17999995,15.0000000,0.700000003E-01,0.750000000,0.140000001,0.639999986,0.170000002,0.920000017,5.67999983,0.764423132,0.00000000,0.00000000,0.200000003,265.000000,0.00000000,0.00000000,0.00000000,7.50000000,2.00000000,1.00000000,4.00000000,0.00000000,3.25000000,0.250000000,0.179999997E-02,0.999999975E-04,0.00000000,0.00000000,0.00000000,1.00000000,-999.000000,0.00000000,0.00000000,0.00000000,0.00000000,0.00000000,0.500000000,0.200000003,0.770710334E-01,265.000000,0.136587739,0.00000000,15.9057121,0.779663399E-01,0.288790792,0.334158927,0.639999986,0.302313089,0.937327564,5.67999983,0.832759440,0.673853466E-02,0.174702376,0.174702376,265.431824,-4.56446743,0.466589540E-06,1.18732357,7.50016785,0.00000000,0.00000000,0.00000000,24.3598938,3.25000000,0.00000000,0.199140352E-02,0.00000000,0.00000000,0.198744563E-02,0.201539067E-02,1.00000000,265.437317,-7.91177368,694.250122,1305.00000,63.8490067,1.10000002,17.2281475,0.200091094,0.782048926E-01,265.546814,0.136587754,1.00000000
2,1,usgs_crop_snowpack,2,180.000000,1,F,F,0,0,T,16,24,0.199999996E-01,28,19,1,1004.50000,0.285714298,9.81000042,2500000.00,0.567051011E-07,0.999999978E-02,2,3,1.00000000,0.00000000,277.000000,8.00000000,92.0000000,75.0000000,1.10000002,0.200000003,245.000000,140.000000,0.899999961E-02,0.800000038E-02,8.00000000,0.170000002,60.0000000,98000.0000,266.000000,0.190000003E-02,0.299999992E-04,1.17999995,15.0000000,0.700000003E-01,0.750000000,0.140000001,0.639999986,0.170000002,0.920000017,5.67999983,0.764423132,0.00000000,0.00000000,0.200000003,265.000000,0.00000000,0.00000000,0.00000000,7.50000000,2.00000000,1.00000000,4.00000000,0.00000000,3.25000000,0.250000000,0.179999997E-02,0.999999975E-04,0.00000000,0.00000000,0.00000000,1.00000000,-999.000000,0.00000000,0.00000000,0.00000000,0.00000000,0.00000000,0.500000000,0.204999998,0.792186409E-01,266.000000,0.139757052,0.00000000,15.9057121,0.779663399E-01,0.288790792,0.334158927,0.639999986,0.302313089,0.937327564,5.67999983,0.832759440,0.673853466E-02,0.174702376,0.174702376,265.431824,-4.56446743,0.466589540E-06,1.18732357,7.50016785,0.00000000,0.00000000,0.00000000,24.3598938,3.25000000,0.00000000,0.199140352E-02,0.00000000,0.00000000,0.198744563E-02,0.201539067E-02,1.00000000,265.437317,-7.91177368,694.250122,1305.00000,63.8490067,1.10000002,17.2281475,0.204987228,0.787827894E-01,265.809326,0.139757052,0.00000000
2,1,usgs_crop_snowpack,3,180.000000,1,F,F,0,0,T,16,24,0.199999996E-01,28,19,1,1004.50000,0.285714298,9.81000042,2500000.00,0.567051011E-07,0.399999991E-01,2,3,1.00000000,0.00000000,277.000000,8.00000000,92.0000000,75.0000000,1.10000002,0.200000003,245.000000,140.000000,0.899999961E-02,0.800000038E-02,8.00000000,0.170000002,60.0000000,98000.0000,266.000000,0.190000003E-02,0.299999992E-04,1.17999995,15.0000000,0.700000003E-01,0.750000000,0.140000001,0.639999986,0.170000002,0.920000017,5.67999983,0.764423132,0.00000000,0.00000000,0.200000003,265.000000,0.00000000,0.00000000,0.00000000,7.50000000,2.00000000,1.00000000,4.00000000,0.00000000,3.25000000,0.250000000,0.179999997E-02,0.999999975E-04,0.00000000,0.00000000,0.00000000,1.00000000,-999.000000,0.00000000,0.00000000,0.00000000,0.00000000,0.00000000,0.500000000,0.210000008,0.817547962E-01,267.000000,0.142494664,0.00000000,15.9057121,0.779663399E-01,0.288790792,0.334158927,0.639999986,0.302313089,0.937327564,5.67999983,0.832759440,0.673853466E-02,0.174702376,0.174702376,265.431824,-4.56446743,0.466589540E-06,1.18732357,7.50016785,0.00000000,0.00000000,0.00000000,24.3598938,3.25000000,0.00000000,0.199140352E-02,0.00000000,0.00000000,0.198744563E-02,0.201539067E-02,1.00000000,265.437317,-7.91177368,694.250122,1305.00000,63.8490067,1.10000002,17.2281475,0.209998548,0.816048682E-01,266.945679,0.142494664,0.00000000
2,1,usgs_crop_snowpack,4,180.000000,1,F,F,0,0,T,16,24,0.199999996E-01,28,19,1,1004.50000,0.285714298,9.81000042,2500000.00,0.567051011E-07,0.100000001,2,3,1.00000000,0.00000000,277.000000,8.00000000,92.0000000,75.0000000,1.10000002,0.200000003,245.000000,140.000000,0.899999961E-02,0.800000038E-02,8.00000000,0.170000002,60.0000000,98000.0000,266.000000,0.190000003E-02,0.299999992E-04,1.17999995,15.0000000,0.700000003E-01,0.750000000,0.140000001,0.639999986,0.170000002,0.920000017,5.67999983,0.764423132,0.00000000,0.00000000,0.200000003,265.000000,0.00000000,0.00000000,0.00000000,7.50000000,2.00000000,1.00000000,4.00000000,0.00000000,3.25000000,0.250000000,0.179999997E-02,0.999999975E-04,0.00000000,0.00000000,0.00000000,1.00000000,-999.000000,0.00000000,0.00000000,0.00000000,0.00000000,0.00000000,0.500000000,0.215000004,0.848345384E-01,268.000000,0.144628286,0.00000000,15.9057121,0.779663399E-01,0.288790792,0.334158927,0.639999986,0.302313089,0.937327564,5.67999983,0.832759440,0.673853466E-02,0.174702376,0.174702376,265.431824,-4.56446743,0.466589540E-06,1.18732357,7.50016785,0.00000000,0.00000000,0.00000000,24.3598938,3.25000000,0.00000000,0.199140352E-02,0.00000000,0.00000000,0.198744563E-02,0.201539067E-02,1.00000000,265.437317,-7.91177368,694.250122,1305.00000,63.8490067,1.10000002,17.2281475,0.214999288,0.847965255E-01,267.988892,0.144628286,0.00000000
2,1,usgs_crop_snowpack,5,180.000000,1,F,F,0,0,T,16,24,0.199999996E-01,28,19,1,1004.50000,0.285714298,9.81000042,2500000.00,0.567051011E-07,0.300000012,2,3,1.00000000,0.00000000,277.000000,8.00000000,92.0000000,75.0000000,1.10000002,0.200000003,245.000000,140.000000,0.899999961E-02,0.800000038E-02,8.00000000,0.170000002,60.0000000,98000.0000,266.000000,0.190000003E-02,0.299999992E-04,1.17999995,15.0000000,0.700000003E-01,0.750000000,0.140000001,0.639999986,0.170000002,0.920000017,5.67999983,0.764423132,0.00000000,0.00000000,0.200000003,265.000000,0.00000000,0.00000000,0.00000000,7.50000000,2.00000000,1.00000000,4.00000000,0.00000000,3.25000000,0.250000000,0.179999997E-02,0.999999975E-04,0.00000000,0.00000000,0.00000000,1.00000000,-999.000000,0.00000000,0.00000000,0.00000000,0.00000000,0.00000000,0.500000000,0.219999999,0.887232274E-01,269.000000,0.145863071,0.00000000,15.9057121,0.779663399E-01,0.288790792,0.334158927,0.639999986,0.302313089,0.937327564,5.67999983,0.832759440,0.673853466E-02,0.174702376,0.174702376,265.431824,-4.56446743,0.466589540E-06,1.18732357,7.50016785,0.00000000,0.00000000,0.00000000,24.3598938,3.25000000,0.00000000,0.199140352E-02,0.00000000,0.00000000,0.198744563E-02,0.201539067E-02,1.00000000,265.437317,-7.91177368,694.250122,1305.00000,63.8490067,1.10000002,17.2281475,0.219999999,0.887191817E-01,268.999084,0.145863056,0.00000000
2,1,usgs_crop_snowpack,6,180.000000,1,F,F,0,0,T,16,24,0.199999996E-01,28,19,1,1004.50000,0.285714298,9.81000042,2500000.00,0.567051011E-07,0.600000024,2,3,1.00000000,0.00000000,277.000000,8.00000000,92.0000000,75.0000000,1.10000002,0.200000003,245.000000,140.000000,0.899999961E-02,0.800000038E-02,8.00000000,0.170000002,60.0000000,98000.0000,266.000000,0.190000003E-02,0.299999992E-04,1.17999995,15.0000000,0.700000003E-01,0.750000000,0.140000001,0.639999986,0.170000002,0.920000017,5.67999983,0.764423132,0.00000000,0.00000000,0.200000003,265.000000,0.00000000,0.00000000,0.00000000,7.50000000,2.00000000,1.00000000,4.00000000,0.00000000,3.25000000,0.250000000,0.179999997E-02,0.999999975E-04,0.00000000,0.00000000,0.00000000,1.00000000,-999.000000,0.00000000,0.00000000,0.00000000,0.00000000,0.00000000,0.500000000,0.224999994,0.939296037E-01,270.000000,0.145633757,0.00000000,15.9057121,0.779663399E-01,0.288790792,0.334158927,0.639999986,0.302313089,0.937327564,5.67999983,0.832759440,0.673853466E-02,0.174702376,0.174702376,265.431824,-4.56446743,0.466589540E-06,1.18732357,7.50016785,0.00000000,0.00000000,0.00000000,24.3598938,3.25000000,0.00000000,0.199140352E-02,0.00000000,0.00000000,0.198744563E-02,0.201539067E-02,1.00000000,265.437317,-7.91177368,694.250122,1305.00000,63.8490067,1.10000002,17.2281475,0.225000054,0.939277261E-01,269.999695,0.145633742,0.00000000
2,1,usgs_crop_snowpack,7,180.000000,1,F,F,0,0,T,16,24,0.199999996E-01,28,19,1,1004.50000,0.285714298,9.81000042,2500000.00,0.567051011E-07,1.00000000,2,3,1.00000000,0.00000000,277.000000,8.00000000,92.0000000,75.0000000,1.10000002,0.200000003,245.000000,140.000000,0.899999961E-02,0.800000038E-02,8.00000000,0.170000002,60.0000000,98000.0000,266.000000,0.190000003E-02,0.299999992E-04,1.17999995,15.0000000,0.700000003E-01,0.750000000,0.140000001,0.639999986,0.170000002,0.920000017,5.67999983,0.764423132,0.00000000,0.00000000,0.200000003,265.000000,0.00000000,0.00000000,0.00000000,7.50000000,2.00000000,1.00000000,4.00000000,0.00000000,3.25000000,0.250000000,0.179999997E-02,0.999999975E-04,0.00000000,0.00000000,0.00000000,1.00000000,-999.000000,0.00000000,0.00000000,0.00000000,0.00000000,0.00000000,0.500000000,0.230000004,0.101620585,271.000000,0.142643794,0.00000000,15.9057121,0.779663399E-01,0.288790792,0.334158927,0.639999986,0.302313089,0.937327564,5.67999983,0.832759440,0.673853466E-02,0.174702376,0.174702376,265.431824,-4.56446743,0.466589540E-06,1.18732357,7.50016785,0.00000000,0.00000000,0.00000000,24.3598938,3.25000000,0.00000000,0.199140352E-02,0.00000000,0.00000000,0.198744563E-02,0.201539067E-02,1.00000000,265.437317,-7.91177368,694.250122,1305.00000,63.8490067,1.10000002,17.2281475,0.230000049,0.101618513,270.999786,0.142643809,0.00000000
2,1,usgs_crop_snowpack,8,180.000000,1,F,F,0,0,T,16,24,0.199999996E-01,28,19,1,1004.50000,0.285714298,9.81000042,2500000.00,0.567051011E-07,1.60000002,2,3,1.00000000,0.00000000,277.000000,8.00000000,92.0000000,75.0000000,1.10000002,0.200000003,245.000000,140.000000,0.899999961E-02,0.800000038E-02,8.00000000,0.170000002,60.0000000,98000.0000,266.000000,0.190000003E-02,0.299999992E-04,1.17999995,15.0000000,0.700000003E-01,0.750000000,0.140000001,0.639999986,0.170000002,0.920000017,5.67999983,0.764423132,0.00000000,0.00000000,0.200000003,265.000000,0.00000000,0.00000000,0.00000000,7.50000000,2.00000000,1.00000000,4.00000000,0.00000000,3.25000000,0.250000000,0.179999997E-02,0.999999975E-04,0.00000000,0.00000000,0.00000000,1.00000000,-999.000000,0.00000000,0.00000000,0.00000000,0.00000000,0.00000000,0.500000000,0.234999999,0.115548849,272.000000,0.132723495,0.00000000,15.9057121,0.779663399E-01,0.288790792,0.334158927,0.639999986,0.302313089,0.937327564,5.67999983,0.832759440,0.673853466E-02,0.174702376,0.174702376,265.431824,-4.56446743,0.466589540E-06,1.18732357,7.50016785,0.00000000,0.00000000,0.00000000,24.3598938,3.25000000,0.00000000,0.199140352E-02,0.00000000,0.00000000,0.198744563E-02,0.201539067E-02,1.00000000,265.437317,-7.91177368,694.250122,1305.00000,63.8490067,1.10000002,17.2281475,0.235000014,0.115547590,271.999939,0.132723510,0.00000000
2,1,usgs_crop_snowpack,9,180.000000,1,F,F,0,0,T,16,24,0.199999996E-01,28,19,1,1004.50000,0.285714298,9.81000042,2500000.00,0.567051011E-07,3.00000000,2,3,1.00000000,0.00000000,277.000000,8.00000000,92.0000000,75.0000000,1.10000002,0.200000003,245.000000,140.000000,0.899999961E-02,0.800000038E-02,8.00000000,0.170000002,60.0000000,98000.0000,266.000000,0.190000003E-02,0.299999992E-04,1.17999995,15.0000000,0.700000003E-01,0.750000000,0.140000001,0.639999986,0.170000002,0.920000017,5.67999983,0.764423132,0.00000000,0.00000000,0.200000003,265.000000,0.00000000,0.00000000,0.00000000,7.50000000,2.00000000,1.00000000,4.00000000,0.00000000,3.25000000,0.250000000,0.179999997E-02,0.999999975E-04,0.00000000,0.00000000,0.00000000,1.00000000,-999.000000,0.00000000,0.00000000,0.00000000,0.00000000,0.00000000,0.500000000,0.240000010,0.175237060,273.000000,0.719588324E-01,0.00000000,15.9057121,0.779663399E-01,0.288790792,0.334158927,0.639999986,0.302313089,0.937327564,5.67999983,0.832759440,0.673853466E-02,0.174702376,0.174702376,265.431824,-4.56446743,0.466589540E-06,1.18732357,7.50016785,0.00000000,0.00000000,0.00000000,24.3598938,3.25000000,0.00000000,0.199140352E-02,0.00000000,0.00000000,0.198744563E-02,0.201539067E-02,1.00000000,265.437317,-7.91177368,694.250122,1305.00000,63.8490067,1.10000002,17.2281475,0.240000010,0.175237060,277.000000,0.719588324E-01,0.00000000
2,1,usgs_forest_deep_pack,1,180.000000,1,F,F,0,0,T,16,24,0.199999996E-01,28,19,1,1004.50000,0.285714298,9.81000042,2500000.00,0.567051011E-07,0.00000000,14,8,1.00000000,0.00000000,275.000000,25.0000000,96.0000000,90.0000000,0.300000012,0.200000003,230.000000,105.000000,0.700000022E-02,0.600000005E-02,6.00000000,0.119999997,60.0000000,98000.0000,262.000000,0.120000006E-02,0.00000000,1.17999995,160.000000,0.500000000,1.00000000,0.399999991E-01,0.349999994,0.119999997,0.920000017,6.40000010,0.976430953,0.00000000,0.00000000,0.800000012,261.000000,0.00000000,0.00000000,0.00000000,7.50000000,2.00000000,1.00000000,4.00000000,0.00000000,3.25000000,0.250000000,0.500000000,0.300000012,0.00000000,0.00000000,0.00000000,1.00000000,264.000000,0.00000000,0.00000000,0.00000000,0.00000000,0.00000000,0.500000000,0.349999994,0.161275551,261.000000,0.209693819,0.00000000,160.235077,0.501496315,0.593519926,0.104698330,0.349999994,0.256509602,0.967805624,6.40000010,0.991097152,0.505686970E-02,0.800000012,0.800000012,261.335205,-4.00779533,0.403207366E-06,1.07709932,7.50014496,0.00000000,0.00000000,0.00000000,27.0144272,3.25000000,0.00000000,0.139948633E-02,0.00000000,0.00000000,0.139753043E-02,0.140182418E-02,1.00000000,263.992493,-10.4472046,1087.70007,1431.00000,60.2933006,0.300000012,4.97567749,0.350497395,0.162379608,261.599121,0.209693819,1.00000000
2,1,usgs_forest_deep_pack,2,180.000000,1,F,F,0,0,T,16,24,0.199999996E-01,28,19,1,1004.50000,0.285714298,9.81000042,2500000.00,0.567051011E-07,0.999999978E-02,14,8,1.00000000,0.00000000,275.000000,25.0000000,96.0000000,90.0000000,0.300000012,0.200000003,230.000000,105.000000,0.700000022E-02,0.600000005E-02,6.00000000,0.119999997,60.0000000,98000.0000,262.000000,0.120000006E-02,0.00000000,1.17999995,160.000000,0.500000000,1.00000000,0.399999991E-01,0.349999994,0.119999997,0.920000017,6.40000010,0.976430953,0.00000000,0.00000000,0.800000012,261.000000,0.00000000,0.00000000,0.00000000,7.50000000,2.00000000,1.00000000,4.00000000,0.00000000,3.25000000,0.250000000,0.500000000,0.300000012,0.00000000,0.00000000,0.00000000,1.00000000,264.000000,0.00000000,0.00000000,0.00000000,0.00000000,0.00000000,0.500000000,0.351999998,0.163752675,262.299988,0.209163681,0.00000000,160.235077,0.501496315,0.593519926,0.104698330,0.349999994,0.256509602,0.967805624,6.40000010,0.991097152,0.505686970E-02,0.800000012,0.800000012,261.335205,-4.00779533,0.403207366E-06,1.07709932,7.50014496,0.00000000,0.00000000,0.00000000,27.0144272,3.25000000,0.00000000,0.139948633E-02,0.00000000,0.00000000,0.139753043E-02,0.140182418E-02,1.00000000,263.992493,-10.4472046,1087.70007,1431.00000,60.2933006,0.300000012,4.97567749,0.351943195,0.163229272,262.038513,0.209163681,0.00000000
2,1,usgs_forest_deep_pack,3,180.000000,1,F,F,0,0,T,16,24,0.199999996E-01,28,19,1,1004.50000,0.285714298,9.81000042,2500000.00,0.567051011E-07,0.399999991E-01,14,8,1.00000000,0.00000000,275.000000,25.0000000,96.0000000,90.0000000,0.300000012,0.200000003,230.000000,105.000000,0.700000022E-02,0.600000005E-02,6.00000000,0.119999997,60.0000000,98000.0000,262.000000,0.120000006E-02,0.00000000,1.17999995,160.000000,0.500000000,1.00000000,0.399999991E-01,0.349999994,0.119999997,0.920000017,6.40000010,0.976430953,0.00000000,0.00000000,0.800000012,261.000000,0.00000000,0.00000000,0.00000000,7.50000000,2.00000000,1.00000000,4.00000000,0.00000000,3.25000000,0.250000000,0.500000000,0.300000012,0.00000000,0.00000000,0.00000000,1.00000000,264.000000,0.00000000,0.00000000,0.00000000,0.00000000,0.00000000,0.500000000,0.354000002,0.166577891,263.600006,0.208246782,0.00000000,160.235077,0.501496315,0.593519926,0.104698330,0.349999994,0.256509602,0.967805624,6.40000010,0.991097152,0.505686970E-02,0.800000012,0.800000012,261.335205,-4.00779533,0.403207366E-06,1.07709932,7.50014496,0.00000000,0.00000000,0.00000000,27.0144272,3.25000000,0.00000000,0.139948633E-02,0.00000000,0.00000000,0.139753043E-02,0.140182418E-02,1.00000000,263.992493,-10.4472046,1087.70007,1431.00000,60.2933006,0.300000012,4.97567749,0.353987038,0.166420817,263.532410,0.208246782,0.00000000
2,1,usgs_forest_deep_pack,4,180.000000,1,F,F,0,0,T,16,24,0.199999996E-01,28,19,1,1004.50000,0.285714298,9.81000042,2500000.00,0.567051011E-07,0.100000001,14,8,1.00000000,0.00000000,275.000000,25.0000000,96.0000000,90.0000000,0.300000012,0.200000003,230.000000,105.000000,0.700000022E-02,0.600000005E-02,6.00000000,0.119999997,60.0000000,98000.0000,262.000000,0.120000006E-02,0.00000000,1.17999995,160.000000,0.500000000,1.00000000,0.399999991E-01,0.349999994,0.119999997,0.920000017,6.40000010,0.976430953,0.00000000,0.00000000,0.800000012,261.000000,0.00000000,0.00000000,0.00000000,7.50000000,2.00000000,1.00000000,4.00000000,0.00000000,3.25000000,0.250000000,0.500000000,0.300000012,0.00000000,0.00000000,0.00000000,1.00000000,264.000000,0.00000000,0.00000000,0.00000000,0.00000000,0.00000000,0.500000000,0.356000006,0.169860691,264.899994,0.206821457,0.00000000,160.235077,0.501496315,0.593519926,0.104698330,0.349999994,0.256509602,0.967805624,6.40000010,0.991097152,0.505686970E-02,0.800000012,0.800000012,261.335205,-4.00779533,0.403207366E-06,1.07709932,7.50014496,0.00000000,0.00000000,0.00000000,27.0144272,3.25000000,0.00000000,0.139948633E-02,0.00000000,0.00000000,0.139753043E-02,0.140182418E-02,1.00000000,263.992493,-10.4472046,1087.70007,1431.00000,60.2933006,0.300000012,4.97567749,0.355996132,0.169822440,264.886017,0.206821457,0.00000000
2,1,usgs_forest_deep_pack,5,180.000000,1,F,F,0,0,T,16,24,0.199999996E-01,28,19,1,1004.50000,0.285714298,9.81000042,2500000.00,0.567051011E-07,0.300000012,14,8,1.00000000,0.00000000,275.000000,25.0000000,96.0000000,90.0000000,0.300000012,0.200000003,230.000000,105.000000,0.700000022E-02,0.600000005E-02,6.00000000,0.119999997,60.0000000,98000.0000,262.000000,0.120000006E-02,0.00000000,1.17999995,160.000000,0.500000000,1.00000000,0.399999991E-01,0.349999994,0.119999997,0.920000017,6.40000010,0.976430953,0.00000000,0.00000000,0.800000012,261.000000,0.00000000,0.00000000,0.00000000,7.50000000,2.00000000,1.00000000,4.00000000,0.00000000,3.25000000,0.250000000,0.500000000,0.300000012,0.00000000,0.00000000,0.00000000,1.00000000,264.000000,0.00000000,0.00000000,0.00000000,0.00000000,0.00000000,0.500000000,0.357999980,0.173770592,266.200012,0.204699308,0.00000000,160.235077,0.501496315,0.593519926,0.104698330,0.349999994,0.256509602,0.967805624,6.40000010,0.991097152,0.505686970E-02,0.800000012,0.800000012,261.335205,-4.00779533,0.403207366E-06,1.07709932,7.50014496,0.00000000,0.00000000,0.00000000,27.0144272,3.25000000,0.00000000,0.139948633E-02,0.00000000,0.00000000,0.139753043E-02,0.140182418E-02,1.00000000,263.992493,-10.4472046,1087.70007,1431.00000,60.2933006,0.300000012,4.97567749,0.357999712,0.173766956,266.198914,0.204699308,0.00000000
2,1,usgs_forest_deep_pack,6,180.000000,1,F,F,0,0,T,16,24,0.199999996E-01,28,19,1,1004.50000,0.285714298,9.81000042,2500000.00,0.567051011E-07,0.600000024,14,8,1.00000000,0.00000000,275.000000,25.0000000,96.0000000,90.0000000,0.300000012,0.200000003,230.000000,105.000000,0.700000022E-02,0.600000005E-02,6.00000000,0.119999997,60.0000000,98000.0000,262.000000,0.120000006E-02,0.00000000,1.17999995,160.000000,0.500000000,1.00000000,0.399999991E-01,0.349999994,0.119999997,0.920000017,6.40000010,0.976430953,0.00000000,0.00000000,0.800000012,261.000000,0.00000000,0.00000000,0.00000000,7.50000000,2.00000000,1.00000000,4.00000000,0.00000000,3.25000000,0.250000000,0.500000000,0.300000012,0.00000000,0.00000000,0.00000000,1.00000000,264.000000,0.00000000,0.00000000,0.00000000,0.00000000,0.00000000,0.500000000,0.359999985,0.178588673,267.500000,0.201568112,0.00000000,160.235077,0.501496315,0.593519926,0.104698330,0.349999994,0.256509602,0.967805624,6.40000010,0.991097152,0.505686970E-02,0.800000012,0.800000012,261.335205,-4.00779533,0.403207366E-06,1.07709932,7.50014496,0.00000000,0.00000000,0.00000000,27.0144272,3.25000000,0.00000000,0.139948633E-02,0.00000000,0.00000000,0.139753043E-02,0.140182418E-02,1.00000000,263.992493,-10.4472046,1087.70007,1431.00000,60.2933006,0.300000012,4.97567749,0.359999895,0.178587005,267.499603,0.201568112,0.00000000
2,1,usgs_forest_deep_pack,7,180.000000,1,F,F,0,0,T,16,24,0.199999996E-01,28,19,1,1004.50000,0.285714298,9.81000042,2500000.00,0.567051011E-07,1.00000000,14,8,1.00000000,0.00000000,275.000000,25.0000000,96.0000000,90.0000000,0.300000012,0.200000003,230.000000,105.000000,0.700000022E-02,0.600000005E-02,6.00000000,0.119999997,60.0000000,98000.0000,262.000000,0.120000006E-02,0.00000000,1.17999995,160.000000,0.500000000,1.00000000,0.399999991E-01,0.349999994,0.119999997,0.920000017,6.40000010,0.976430953,0.00000000,0.00000000,0.800000012,261.000000,0.00000000,0.00000000,0.00000000,7.50000000,2.00000000,1.00000000,4.00000000,0.00000000,3.25000000,0.250000000,0.500000000,0.300000012,0.00000000,0.00000000,0.00000000,1.00000000,264.000000,0.00000000,0.00000000,0.00000000,0.00000000,0.00000000,0.500000000,0.361999989,0.184832454,268.799988,0.196852803,0.00000000,160.235077,0.501496315,0.593519926,0.104698330,0.349999994,0.256509602,0.967805624,6.40000010,0.991097152,0.505686970E-02,0.800000012,0.800000012,261.335205,-4.00779533,0.403207366E-06,1.07709932,7.50014496,0.00000000,0.00000000,0.00000000,27.0144272,3.25000000,0.00000000,0.139948633E-02,0.00000000,0.00000000,0.139753043E-02,0.140182418E-02,1.00000000,263.992493,-10.4472046,1087.70007,1431.00000,60.2933006,0.300000012,4.97567749,0.361999929,0.184831083,268.799744,0.196852803,0.00000000
2,1,usgs_forest_deep_pack,8,180.000000,1,F,F,0,0,T,16,24,0.199999996E-01,28,19,1,1004.50000,0.285714298,9.81000042,2500000.00,0.567051011E-07,1.60000002,14,8,1.00000000,0.00000000,275.000000,25.0000000,96.0000000,90.0000000,0.300000012,0.200000003,230.000000,105.000000,0.700000022E-02,0.600000005E-02,6.00000000,0.119999997,60.0000000,98000.0000,262.000000,0.120000006E-02,0.00000000,1.17999995,160.000000,0.500000000,1.00000000,0.399999991E-01,0.349999994,0.119999997,0.920000017,6.40000010,0.976430953,0.00000000,0.00000000,0.800000012,261.000000,0.00000000,0.00000000,0.00000000,7.50000000,2.00000000,1.00000000,4.00000000,0.00000000,3.25000000,0.250000000,0.500000000,0.300000012,0.00000000,0.00000000,0.00000000,1.00000000,264.000000,0.00000000,0.00000000,0.00000000,0.00000000,0.00000000,0.500000000,0.363999993,0.193617359,270.100006,0.189314023,0.00000000,160.235077,0.501496315,0.593519926,0.104698330,0.349999994,0.256509602,0.967805624,6.40000010,0.991097152,0.505686970E-02,0.800000012,0.800000012,261.335205,-4.00779533,0.403207366E-06,1.07709932,7.50014496,0.00000000,0.00000000,0.00000000,27.0144272,3.25000000,0.00000000,0.139948633E-02,0.00000000,0.00000000,0.139753043E-02,0.140182418E-02,1.00000000,263.992493,-10.4472046,1087.70007,1431.00000,60.2933006,0.300000012,4.97567749,0.363999933,0.193616346,270.099884,0.189314023,0.00000000
2,1,usgs_forest_deep_pack,9,180.000000,1,F,F,0,0,T,16,24,0.199999996E-01,28,19,1,1004.50000,0.285714298,9.81000042,2500000.00,0.567051011E-07,3.00000000,14,8,1.00000000,0.00000000,275.000000,25.0000000,96.0000000,90.0000000,0.300000012,0.200000003,230.000000,105.000000,0.700000022E-02,0.600000005E-02,6.00000000,0.119999997,60.0000000,98000.0000,262.000000,0.120000006E-02,0.00000000,1.17999995,160.000000,0.500000000,1.00000000,0.399999991E-01,0.349999994,0.119999997,0.920000017,6.40000010,0.976430953,0.00000000,0.00000000,0.800000012,261.000000,0.00000000,0.00000000,0.00000000,7.50000000,2.00000000,1.00000000,4.00000000,0.00000000,3.25000000,0.250000000,0.500000000,0.300000012,0.00000000,0.00000000,0.00000000,1.00000000,264.000000,0.00000000,0.00000000,0.00000000,0.00000000,0.00000000,0.500000000,0.365999997,0.208134308,271.399994,0.175406307,0.00000000,160.235077,0.501496315,0.593519926,0.104698330,0.349999994,0.256509602,0.967805624,6.40000010,0.991097152,0.505686970E-02,0.800000012,0.800000012,261.335205,-4.00779533,0.403207366E-06,1.07709932,7.50014496,0.00000000,0.00000000,0.00000000,27.0144272,3.25000000,0.00000000,0.139948633E-02,0.00000000,0.00000000,0.139753043E-02,0.140182418E-02,1.00000000,263.992493,-10.4472046,1087.70007,1431.00000,60.2933006,0.300000012,4.97567749,0.365999997,0.208134308,275.000000,0.175406307,0.00000000
2,1,usgs_water,1,180.000000,1,F,F,0,0,T,16,24,0.199999996E-01,28,19,1,1004.50000,0.285714298,9.81000042,2500000.00,0.567051011E-07,0.00000000,16,14,2.00000000,0.00000000,287.000000,0.00000000,0.00000000,0.00000000,0.600000024,0.200000003,352.000000,395.000000,0.209999997E-01,0.199999996E-01,20.0000000,0.799999982E-01,60.0000000,98000.0000,287.000000,0.985000003E-02,0.00000000,1.17999995,0.00000000,0.00000000,0.00000000,0.00000000,0.699999988,0.799999982E-01,0.980000019,0.999999978E-02,1.00000000,0.00000000,0.00000000,0.999999975E-04,287.000000,0.00000000,0.00000000,0.00000000,7.50000000,2.00000000,1.00000000,4.00000000,0.00000000,3.25000000,0.250000000,0.949999969E-02,0.399999990E-03,0.00000000,0.00000000,0.00000000,1.00000000,-999.000000,0.00000000,0.00000000,0.00000000,0.00000000,0.00000000,0.500000000,1.00000000,1.00000000,287.000000,0.00000000,0.00000000,0.00000000,0.00000000,0.00000000,0.00000000,0.699999988,0.799999982E-01,0.980000019,0.999999978E-02,1.00000000,0.00000000,0.00000000,0.999999975E-04,287.000000,0.00000000,0.00000000,0.00000000,7.50000000,0.00000000,0.00000000,0.00000000,0.00000000,3.25000000,0.00000000,0.100436928E-01,0.399999990E-03,0.00000000,0.994381960E-02,0.100436928E-01,1.00000000,287.000000,13.8500061,1.00000000,1.00000000,-1000.00000,0.00000000,0.00000000,1.00000000,1.00000000,287.000000,0.00000000,0.00000000
2,1,usgs_water,2,180.000000,1,F,F,0,0,T,16,24,0.199999996E-01,28,19,1,1004.50000,0.285714298,9.81000042,2500000.00,0.567051011E-07,0.999999978E-02,16,14,2.00000000,0.00000000,287.000000,0.00000000,0.00000000,0.00000000,0.600000024,0.200000003,352.000000,395.000000,0.209999997E-01,0.199999996E-01,20.0000000,0.799999982E-01,60.0000000,98000.0000,287.000000,0.985000003E-02,0.00000000,1.17999995,0.00000000,0.00000000,0.00000000,0.00000000,0.699999988,0.799999982E-01,0.980000019,0.999999978E-02,1.00000000,0.00000000,0.00000000,0.999999975E-04,287.000000,0.00000000,0.00000000,0.00000000,7.50000000,2.00000000,1.00000000,4.00000000,0.00000000,3.25000000,0.250000000,0.949999969E-02,0.399999990E-03,0.00000000,0.00000000,0.00000000,1.00000000,-999.000000,0.00000000,0.00000000,0.00000000,0.00000000,0.00000000,0.500000000,1.00000000,1.00000000,287.000000,0.00000000,0.00000000,0.00000000,0.00000000,0.00000000,0.00000000,0.699999988,0.799999982E-01,0.980000019,0.999999978E-02,1.00000000,0.00000000,0.00000000,0.999999975E-04,287.000000,0.00000000,0.00000000,0.00000000,7.50000000,0.00000000,0.00000000,0.00000000,0.00000000,3.25000000,0.00000000,0.100436928E-01,0.399999990E-03,0.00000000,0.994381960E-02,0.100436928E-01,1.00000000,287.000000,13.8500061,1.00000000,1.00000000,-1000.00000,0.00000000,0.00000000,1.00000000,1.00000000,287.000000,0.00000000,0.00000000
2,1,usgs_water,3,180.000000,1,F,F,0,0,T,16,24,0.199999996E-01,28,19,1,1004.50000,0.285714298,9.81000042,2500000.00,0.567051011E-07,0.399999991E-01,16,14,2.00000000,0.00000000,287.000000,0.00000000,0.00000000,0.00000000,0.600000024,0.200000003,352.000000,395.000000,0.209999997E-01,0.199999996E-01,20.0000000,0.799999982E-01,60.0000000,98000.0000,287.000000,0.985000003E-02,0.00000000,1.17999995,0.00000000,0.00000000,0.00000000,0.00000000,0.699999988,0.799999982E-01,0.980000019,0.999999978E-02,1.00000000,0.00000000,0.00000000,0.999999975E-04,287.000000,0.00000000,0.00000000,0.00000000,7.50000000,2.00000000,1.00000000,4.00000000,0.00000000,3.25000000,0.250000000,0.949999969E-02,0.399999990E-03,0.00000000,0.00000000,0.00000000,1.00000000,-999.000000,0.00000000,0.00000000,0.00000000,0.00000000,0.00000000,0.500000000,1.00000000,1.00000000,287.000000,0.00000000,0.00000000,0.00000000,0.00000000,0.00000000,0.00000000,0.699999988,0.799999982E-01,0.980000019,0.999999978E-02,1.00000000,0.00000000,0.00000000,0.999999975E-04,287.000000,0.00000000,0.00000000,0.00000000,7.50000000,0.00000000,0.00000000,0.00000000,0.00000000,3.25000000,0.00000000,0.100436928E-01,0.399999990E-03,0.00000000,0.994381960E-02,0.100436928E-01,1.00000000,287.000000,13.8500061,1.00000000,1.00000000,-1000.00000,0.00000000,0.00000000,1.00000000,1.00000000,287.000000,0.00000000,0.00000000
2,1,usgs_water,4,180.000000,1,F,F,0,0,T,16,24,0.199999996E-01,28,19,1,1004.50000,0.285714298,9.81000042,2500000.00,0.567051011E-07,0.100000001,16,14,2.00000000,0.00000000,287.000000,0.00000000,0.00000000,0.00000000,0.600000024,0.200000003,352.000000,395.000000,0.209999997E-01,0.199999996E-01,20.0000000,0.799999982E-01,60.0000000,98000.0000,287.000000,0.985000003E-02,0.00000000,1.17999995,0.00000000,0.00000000,0.00000000,0.00000000,0.699999988,0.799999982E-01,0.980000019,0.999999978E-02,1.00000000,0.00000000,0.00000000,0.999999975E-04,287.000000,0.00000000,0.00000000,0.00000000,7.50000000,2.00000000,1.00000000,4.00000000,0.00000000,3.25000000,0.250000000,0.949999969E-02,0.399999990E-03,0.00000000,0.00000000,0.00000000,1.00000000,-999.000000,0.00000000,0.00000000,0.00000000,0.00000000,0.00000000,0.500000000,1.00000000,1.00000000,287.000000,0.00000000,0.00000000,0.00000000,0.00000000,0.00000000,0.00000000,0.699999988,0.799999982E-01,0.980000019,0.999999978E-02,1.00000000,0.00000000,0.00000000,0.999999975E-04,287.000000,0.00000000,0.00000000,0.00000000,7.50000000,0.00000000,0.00000000,0.00000000,0.00000000,3.25000000,0.00000000,0.100436928E-01,0.399999990E-03,0.00000000,0.994381960E-02,0.100436928E-01,1.00000000,287.000000,13.8500061,1.00000000,1.00000000,-1000.00000,0.00000000,0.00000000,1.00000000,1.00000000,287.000000,0.00000000,0.00000000
2,1,usgs_water,5,180.000000,1,F,F,0,0,T,16,24,0.199999996E-01,28,19,1,1004.50000,0.285714298,9.81000042,2500000.00,0.567051011E-07,0.300000012,16,14,2.00000000,0.00000000,287.000000,0.00000000,0.00000000,0.00000000,0.600000024,0.200000003,352.000000,395.000000,0.209999997E-01,0.199999996E-01,20.0000000,0.799999982E-01,60.0000000,98000.0000,287.000000,0.985000003E-02,0.00000000,1.17999995,0.00000000,0.00000000,0.00000000,0.00000000,0.699999988,0.799999982E-01,0.980000019,0.999999978E-02,1.00000000,0.00000000,0.00000000,0.999999975E-04,287.000000,0.00000000,0.00000000,0.00000000,7.50000000,2.00000000,1.00000000,4.00000000,0.00000000,3.25000000,0.250000000,0.949999969E-02,0.399999990E-03,0.00000000,0.00000000,0.00000000,1.00000000,-999.000000,0.00000000,0.00000000,0.00000000,0.00000000,0.00000000,0.500000000,1.00000000,1.00000000,287.000000,0.00000000,0.00000000,0.00000000,0.00000000,0.00000000,0.00000000,0.699999988,0.799999982E-01,0.980000019,0.999999978E-02,1.00000000,0.00000000,0.00000000,0.999999975E-04,287.000000,0.00000000,0.00000000,0.00000000,7.50000000,0.00000000,0.00000000,0.00000000,0.00000000,3.25000000,0.00000000,0.100436928E-01,0.399999990E-03,0.00000000,0.994381960E-02,0.100436928E-01,1.00000000,287.000000,13.8500061,1.00000000,1.00000000,-1000.00000,0.00000000,0.00000000,1.00000000,1.00000000,287.000000,0.00000000,0.00000000
2,1,usgs_water,6,180.000000,1,F,F,0,0,T,16,24,0.199999996E-01,28,19,1,1004.50000,0.285714298,9.81000042,2500000.00,0.567051011E-07,0.600000024,16,14,2.00000000,0.00000000,287.000000,0.00000000,0.00000000,0.00000000,0.600000024,0.200000003,352.000000,395.000000,0.209999997E-01,0.199999996E-01,20.0000000,0.799999982E-01,60.0000000,98000.0000,287.000000,0.985000003E-02,0.00000000,1.17999995,0.00000000,0.00000000,0.00000000,0.00000000,0.699999988,0.799999982E-01,0.980000019,0.999999978E-02,1.00000000,0.00000000,0.00000000,0.999999975E-04,287.000000,0.00000000,0.00000000,0.00000000,7.50000000,2.00000000,1.00000000,4.00000000,0.00000000,3.25000000,0.250000000,0.949999969E-02,0.399999990E-03,0.00000000,0.00000000,0.00000000,1.00000000,-999.000000,0.00000000,0.00000000,0.00000000,0.00000000,0.00000000,0.500000000,1.00000000,1.00000000,287.000000,0.00000000,0.00000000,0.00000000,0.00000000,0.00000000,0.00000000,0.699999988,0.799999982E-01,0.980000019,0.999999978E-02,1.00000000,0.00000000,0.00000000,0.999999975E-04,287.000000,0.00000000,0.00000000,0.00000000,7.50000000,0.00000000,0.00000000,0.00000000,0.00000000,3.25000000,0.00000000,0.100436928E-01,0.399999990E-03,0.00000000,0.994381960E-02,0.100436928E-01,1.00000000,287.000000,13.8500061,1.00000000,1.00000000,-1000.00000,0.00000000,0.00000000,1.00000000,1.00000000,287.000000,0.00000000,0.00000000
2,1,usgs_water,7,180.000000,1,F,F,0,0,T,16,24,0.199999996E-01,28,19,1,1004.50000,0.285714298,9.81000042,2500000.00,0.567051011E-07,1.00000000,16,14,2.00000000,0.00000000,287.000000,0.00000000,0.00000000,0.00000000,0.600000024,0.200000003,352.000000,395.000000,0.209999997E-01,0.199999996E-01,20.0000000,0.799999982E-01,60.0000000,98000.0000,287.000000,0.985000003E-02,0.00000000,1.17999995,0.00000000,0.00000000,0.00000000,0.00000000,0.699999988,0.799999982E-01,0.980000019,0.999999978E-02,1.00000000,0.00000000,0.00000000,0.999999975E-04,287.000000,0.00000000,0.00000000,0.00000000,7.50000000,2.00000000,1.00000000,4.00000000,0.00000000,3.25000000,0.250000000,0.949999969E-02,0.399999990E-03,0.00000000,0.00000000,0.00000000,1.00000000,-999.000000,0.00000000,0.00000000,0.00000000,0.00000000,0.00000000,0.500000000,1.00000000,1.00000000,287.000000,0.00000000,0.00000000,0.00000000,0.00000000,0.00000000,0.00000000,0.699999988,0.799999982E-01,0.980000019,0.999999978E-02,1.00000000,0.00000000,0.00000000,0.999999975E-04,287.000000,0.00000000,0.00000000,0.00000000,7.50000000,0.00000000,0.00000000,0.00000000,0.00000000,3.25000000,0.00000000,0.100436928E-01,0.399999990E-03,0.00000000,0.994381960E-02,0.100436928E-01,1.00000000,287.000000,13.8500061,1.00000000,1.00000000,-1000.00000,0.00000000,0.00000000,1.00000000,1.00000000,287.000000,0.00000000,0.00000000
2,1,usgs_water,8,180.000000,1,F,F,0,0,T,16,24,0.199999996E-01,28,19,1,1004.50000,0.285714298,9.81000042,2500000.00,0.567051011E-07,1.60000002,16,14,2.00000000,0.00000000,287.000000,0.00000000,0.00000000,0.00000000,0.600000024,0.200000003,352.000000,395.000000,0.209999997E-01,0.199999996E-01,20.0000000,0.799999982E-01,60.0000000,98000.0000,287.000000,0.985000003E-02,0.00000000,1.17999995,0.00000000,0.00000000,0.00000000,0.00000000,0.699999988,0.799999982E-01,0.980000019,0.999999978E-02,1.00000000,0.00000000,0.00000000,0.999999975E-04,287.000000,0.00000000,0.00000000,0.00000000,7.50000000,2.00000000,1.00000000,4.00000000,0.00000000,3.25000000,0.250000000,0.949999969E-02,0.399999990E-03,0.00000000,0.00000000,0.00000000,1.00000000,-999.000000,0.00000000,0.00000000,0.00000000,0.00000000,0.00000000,0.500000000,1.00000000,1.00000000,287.000000,0.00000000,0.00000000,0.00000000,0.00000000,0.00000000,0.00000000,0.699999988,0.799999982E-01,0.980000019,0.999999978E-02,1.00000000,0.00000000,0.00000000,0.999999975E-04,287.000000,0.00000000,0.00000000,0.00000000,7.50000000,0.00000000,0.00000000,0.00000000,0.00000000,3.25000000,0.00000000,0.100436928E-01,0.399999990E-03,0.00000000,0.994381960E-02,0.100436928E-01,1.00000000,287.000000,13.8500061,1.00000000,1.00000000,-1000.00000,0.00000000,0.00000000,1.00000000,1.00000000,287.000000,0.00000000,0.00000000
2,1,usgs_water,9,180.000000,1,F,F,0,0,T,16,24,0.199999996E-01,28,19,1,1004.50000,0.285714298,9.81000042,2500000.00,0.567051011E-07,3.00000000,16,14,2.00000000,0.00000000,287.000000,0.00000000,0.00000000,0.00000000,0.600000024,0.200000003,352.000000,395.000000,0.209999997E-01,0.199999996E-01,20.0000000,0.799999982E-01,60.0000000,98000.0000,287.000000,0.985000003E-02,0.00000000,1.17999995,0.00000000,0.00000000,0.00000000,0.00000000,0.699999988,0.799999982E-01,0.980000019,0.999999978E-02,1.00000000,0.00000000,0.00000000,0.999999975E-04,287.000000,0.00000000,0.00000000,0.00000000,7.50000000,2.00000000,1.00000000,4.00000000,0.00000000,3.25000000,0.250000000,0.949999969E-02,0.399999990E-03,0.00000000,0.00000000,0.00000000,1.00000000,-999.000000,0.00000000,0.00000000,0.00000000,0.00000000,0.00000000,0.500000000,1.00000000,1.00000000,287.000000,0.00000000,0.00000000,0.00000000,0.00000000,0.00000000,0.00000000,0.699999988,0.799999982E-01,0.980000019,0.999999978E-02,1.00000000,0.00000000,0.00000000,0.999999975E-04,287.000000,0.00000000,0.00000000,0.00000000,7.50000000,0.00000000,0.00000000,0.00000000,0.00000000,3.25000000,0.00000000,0.100436928E-01,0.399999990E-03,0.00000000,0.994381960E-02,0.100436928E-01,1.00000000,287.000000,13.8500061,1.00000000,1.00000000,-1000.00000,0.00000000,0.00000000,1.00000000,1.00000000,287.000000,0.00000000,0.00000000
2,1,usgs_seaice_snow,1,180.000000,1,F,F,0,0,T,16,24,0.199999996E-01,28,19,1,1004.50000,0.285714298,9.81000042,2500000.00,0.567051011E-07,0.00000000,24,16,1.00000000,0.449999988,271.000000,0.00000000,0.00000000,0.00000000,0.400000006,0.200000003,210.000000,65.0000000,0.400000019E-02,0.300000003E-02,3.00000000,0.550000012,60.0000000,98000.0000,259.000000,0.899999985E-03,0.00000000,1.17999995,35.0000000,0.150000006,1.00000000,0.00000000,0.750000000,0.550000012,0.980000019,0.999999978E-02,1.00000000,0.00000000,0.00000000,0.109999999E-01,258.000000,0.00000000,0.00000000,0.00000000,7.50000000,2.00000000,1.00000000,4.00000000,0.00000000,3.25000000,0.250000000,0.120000006E-02,0.999999975E-04,0.00000000,0.00000000,0.00000000,1.00000000,258.000000,0.00000000,0.00000000,0.00000000,0.00000000,0.00000000,0.500000000,1.00000000,0.00000000,258.000000,1.00000000,0.00000000,35.3999252,0.153002560,0.425569504,0.00000000,0.750000000,0.739142060,0.980000019,0.999999978E-02,1.00000000,0.252907164E-02,0.109999999E-01,0.109999999E-01,258.014832,-2.97036910,0.406026061E-06,1.15108383,7.50014591,0.00000000,0.00000000,0.00000000,1.28181684,3.25000000,0.00000000,0.103534258E-02,0.00000000,0.00000000,0.103427179E-02,0.103534199E-02,1.00000000,258.754913,-14.7651062,3000.00000,3000.00000,59.4166985,0.400000006,6.73211432,1.00000000,0.00000000,258.754913,1.00000000,0.00000000
2,1,usgs_seaice_snow,2,180.000000,1,F,F,0,0,T,16,24,0.199999996E-01,28,19,1,1004.50000,0.285714298,9.81000042,2500000.00,0.567051011E-07,0.999999978E-02,24,16,1.00000000,0.449999988,271.000000,0.00000000,0.00000000,0.00000000,0.400000006,0.200000003,210.000000,65.0000000,0.400000019E-02,0.300000003E-02,3.00000000,0.550000012,60.0000000,98000.0000,259.000000,0.899999985E-03,0.00000000,1.17999995,35.0000000,0.150000006,1.00000000,0.00000000,0.750000000,0.550000012,0.980000019,0.999999978E-02,1.00000000,0.00000000,0.00000000,0.109999999E-01,258.000000,0.00000000,0.00000000,0.00000000,7.50000000,2.00000000,1.00000000,4.00000000,0.00000000,3.25000000,0.250000000,0.120000006E-02,0.999999975E-04,0.00000000,0.00000000,0.00000000,1.00000000,258.000000,0.00000000,0.00000000,0.00000000,0.00000000,0.00000000,0.500000000,1.00000000,0.00000000,259.200012,1.00000000,0.00000000,35.3999252,0.153002560,0.425569504,0.00000000,0.750000000,0.739142060,0.980000019,0.999999978E-02,1.00000000,0.252907164E-02,0.109999999E-01,0.109999999E-01,258.014832,-2.97036910,0.406026061E-06,1.15108383,7.50014591,0.00000000,0.00000000,0.00000000,1.28181684,3.25000000,0.00000000,0.103534258E-02,0.00000000,0.00000000,0.103427179E-02,0.103534199E-02,1.00000000,258.754913,-14.7651062,3000.00000,3000.00000,59.4166985,0.400000006,6.73211432,1.00000000,0.00000000,258.917053,1.00000000,0.00000000
2,1,usgs_seaice_snow,3,180.000000,1,F,F,0,0,T,16,24,0.199999996E-01,28,19,1,1004.50000,0.285714298,9.81000042,2500000.00,0.567051011E-07,0.399999991E-01,24,16,1.00000000,0.449999988,271.000000,0.00000000,0.00000000,0.00000000,0.400000006,0.200000003,210.000000,65.0000000,0.400000019E-02,0.300000003E-02,3.00000000,0.550000012,60.0000000,98000.0000,259.000000,0.899999985E-03,0.00000000,1.17999995,35.0000000,0.150000006,1.00000000,0.00000000,0.750000000,0.550000012,0.980000019,0.999999978E-02,1.00000000,0.00000000,0.00000000,0.109999999E-01,258.000000,0.00000000,0.00000000,0.00000000,7.50000000,2.00000000,1.00000000,4.00000000,0.00000000,3.25000000,0.250000000,0.120000006E-02,0.999999975E-04,0.00000000,0.00000000,0.00000000,1.00000000,258.000000,0.00000000,0.00000000,0.00000000,0.00000000,0.00000000,0.500000000,1.00000000,0.00000000,260.399994,1.00000000,0.00000000,35.3999252,0.153002560,0.425569504,0.00000000,0.750000000,0.739142060,0.980000019,0.999999978E-02,1.00000000,0.252907164E-02,0.109999999E-01,0.109999999E-01,258.014832,-2.97036910,0.406026061E-06,1.15108383,7.50014591,0.00000000,0.00000000,0.00000000,1.28181684,3.25000000,0.00000000,0.103534258E-02,0.00000000,0.00000000,0.103427179E-02,0.103534199E-02,1.00000000,258.754913,-14.7651062,3000.00000,3000.00000,59.4166985,0.400000006,6.73211432,1.00000000,0.00000000,260.290344,1.00000000,0.00000000
2,1,usgs_seaice_snow,4,180.000000,1,F,F,0,0,T,16,24,0.199999996E-01,28,19,1,1004.50000,0.285714298,9.81000042,2500000.00,0.567051011E-07,0.100000001,24,16,1.00000000,0.449999988,271.000000,0.00000000,0.00000000,0.00000000,0.400000006,0.200000003,210.000000,65.0000000,0.400000019E-02,0.300000003E-02,3.00000000,0.550000012,60.0000000,98000.0000,259.000000,0.899999985E-03,0.00000000,1.17999995,35.0000000,0.150000006,1.00000000,0.00000000,0.750000000,0.550000012,0.980000019,0.999999978E-02,1.00000000,0.00000000,0.00000000,0.109999999E-01,258.000000,0.00000000,0.00000000,0.00000000,7.50000000,2.00000000,1.00000000,4.00000000,0.00000000,3.25000000,0.250000000,0.120000006E-02,0.999999975E-04,0.00000000,0.00000000,0.00000000,1.00000000,258.000000,0.00000000,0.00000000,0.00000000,0.00000000,0.00000000,0.500000000,1.00000000,0.00000000,261.600006,1.00000000,0.00000000,35.3999252,0.153002560,0.425569504,0.00000000,0.750000000,0.739142060,0.980000019,0.999999978E-02,1.00000000,0.252907164E-02,0.109999999E-01,0.109999999E-01,258.014832,-2.97036910,0.406026061E-06,1.15108383,7.50014591,0.00000000,0.00000000,0.00000000,1.28181684,3.25000000,0.00000000,0.103534258E-02,0.00000000,0.00000000,0.103427179E-02,0.103534199E-02,1.00000000,258.754913,-14.7651062,3000.00000,3000.00000,59.4166985,0.400000006,6.73211432,1.00000000,0.00000000,261.575134,1.00000000,0.00000000
2,1,usgs_seaice_snow,5,180.000000,1,F,F,0,0,T,16,24,0.199999996E-01,28,19,1,1004.50000,0.285714298,9.81000042,2500000.00,0.567051011E-07,0.300000012,24,16,1.00000000,0.449999988,271.000000,0.00000000,0.00000000,0.00000000,0.400000006,0.200000003,210.000000,65.0000000,0.400000019E-02,0.300000003E-02,3.00000000,0.550000012,60.0000000,98000.0000,259.000000,0.899999985E-03,0.00000000,1.17999995,35.0000000,0.150000006,1.00000000,0.00000000,0.750000000,0.550000012,0.980000019,0.999999978E-02,1.00000000,0.00000000,0.00000000,0.109999999E-01,258.000000,0.00000000,0.00000000,0.00000000,7.50000000,2.00000000,1.00000000,4.00000000,0.00000000,3.25000000,0.250000000,0.120000006E-02,0.999999975E-04,0.00000000,0.00000000,0.00000000,1.00000000,258.000000,0.00000000,0.00000000,0.00000000,0.00000000,0.00000000,0.500000000,1.00000000,0.00000000,262.799988,1.00000000,0.00000000,35.3999252,0.153002560,0.425569504,0.00000000,0.750000000,0.739142060,0.980000019,0.999999978E-02,1.00000000,0.252907164E-02,0.109999999E-01,0.109999999E-01,258.014832,-2.97036910,0.406026061E-06,1.15108383,7.50014591,0.00000000,0.00000000,0.00000000,1.28181684,3.25000000,0.00000000,0.103534258E-02,0.00000000,0.00000000,0.103427179E-02,0.103534199E-02,1.00000000,258.754913,-14.7651062,3000.00000,3000.00000,59.4166985,0.400000006,6.73211432,1.00000000,0.00000000,262.798157,1.00000000,0.00000000
2,1,usgs_seaice_snow,6,180.000000,1,F,F,0,0,T,16,24,0.199999996E-01,28,19,1,1004.50000,0.285714298,9.81000042,2500000.00,0.567051011E-07,0.600000024,24,16,1.00000000,0.449999988,271.000000,0.00000000,0.00000000,0.00000000,0.400000006,0.200000003,210.000000,65.0000000,0.400000019E-02,0.300000003E-02,3.00000000,0.550000012,60.0000000,98000.0000,259.000000,0.899999985E-03,0.00000000,1.17999995,35.0000000,0.150000006,1.00000000,0.00000000,0.750000000,0.550000012,0.980000019,0.999999978E-02,1.00000000,0.00000000,0.00000000,0.109999999E-01,258.000000,0.00000000,0.00000000,0.00000000,7.50000000,2.00000000,1.00000000,4.00000000,0.00000000,3.25000000,0.250000000,0.120000006E-02,0.999999975E-04,0.00000000,0.00000000,0.00000000,1.00000000,258.000000,0.00000000,0.00000000,0.00000000,0.00000000,0.00000000,0.500000000,1.00000000,0.00000000,264.000000,1.00000000,0.00000000,35.3999252,0.153002560,0.425569504,0.00000000,0.750000000,0.739142060,0.980000019,0.999999978E-02,1.00000000,0.252907164E-02,0.109999999E-01,0.109999999E-01,258.014832,-2.97036910,0.406026061E-06,1.15108383,7.50014591,0.00000000,0.00000000,0.00000000,1.28181684,3.25000000,0.00000000,0.103534258E-02,0.00000000,0.00000000,0.103427179E-02,0.103534199E-02,1.00000000,258.754913,-14.7651062,3000.00000,3000.00000,59.4166985,0.400000006,6.73211432,1.00000000,0.00000000,263.999359,1.00000000,0.00000000
2,1,usgs_seaice_snow,7,180.000000,1,F,F,0,0,T,16,24,0.199999996E-01,28,19,1,1004.50000,0.285714298,9.81000042,2500000.00,0.567051011E-07,1.00000000,24,16,1.00000000,0.449999988,271.000000,0.00000000,0.00000000,0.00000000,0.400000006,0.200000003,210.000000,65.0000000,0.400000019E-02,0.300000003E-02,3.00000000,0.550000012,60.0000000,98000.0000,259.000000,0.899999985E-03,0.00000000,1.17999995,35.0000000,0.150000006,1.00000000,0.00000000,0.750000000,0.550000012,0.980000019,0.999999978E-02,1.00000000,0.00000000,0.00000000,0.109999999E-01,258.000000,0.00000000,0.00000000,0.00000000,7.50000000,2.00000000,1.00000000,4.00000000,0.00000000,3.25000000,0.250000000,0.120000006E-02,0.999999975E-04,0.00000000,0.00000000,0.00000000,1.00000000,258.000000,0.00000000,0.00000000,0.00000000,0.00000000,0.00000000,0.500000000,1.00000000,0.00000000,265.200012,1.00000000,0.00000000,35.3999252,0.153002560,0.425569504,0.00000000,0.750000000,0.739142060,0.980000019,0.999999978E-02,1.00000000,0.252907164E-02,0.109999999E-01,0.109999999E-01,258.014832,-2.97036910,0.406026061E-06,1.15108383,7.50014591,0.00000000,0.00000000,0.00000000,1.28181684,3.25000000,0.00000000,0.103534258E-02,0.00000000,0.00000000,0.103427179E-02,0.103534199E-02,1.00000000,258.754913,-14.7651062,3000.00000,3000.00000,59.4166985,0.400000006,6.73211432,1.00000000,0.00000000,265.199585,1.00000000,0.00000000
2,1,usgs_seaice_snow,8,180.000000,1,F,F,0,0,T,16,24,0.199999996E-01,28,19,1,1004.50000,0.285714298,9.81000042,2500000.00,0.567051011E-07,1.60000002,24,16,1.00000000,0.449999988,271.000000,0.00000000,0.00000000,0.00000000,0.400000006,0.200000003,210.000000,65.0000000,0.400000019E-02,0.300000003E-02,3.00000000,0.550000012,60.0000000,98000.0000,259.000000,0.899999985E-03,0.00000000,1.17999995,35.0000000,0.150000006,1.00000000,0.00000000,0.750000000,0.550000012,0.980000019,0.999999978E-02,1.00000000,0.00000000,0.00000000,0.109999999E-01,258.000000,0.00000000,0.00000000,0.00000000,7.50000000,2.00000000,1.00000000,4.00000000,0.00000000,3.25000000,0.250000000,0.120000006E-02,0.999999975E-04,0.00000000,0.00000000,0.00000000,1.00000000,258.000000,0.00000000,0.00000000,0.00000000,0.00000000,0.00000000,0.500000000,1.00000000,0.00000000,266.399994,1.00000000,0.00000000,35.3999252,0.153002560,0.425569504,0.00000000,0.750000000,0.739142060,0.980000019,0.999999978E-02,1.00000000,0.252907164E-02,0.109999999E-01,0.109999999E-01,258.014832,-2.97036910,0.406026061E-06,1.15108383,7.50014591,0.00000000,0.00000000,0.00000000,1.28181684,3.25000000,0.00000000,0.103534258E-02,0.00000000,0.00000000,0.103427179E-02,0.103534199E-02,1.00000000,258.754913,-14.7651062,3000.00000,3000.00000,59.4166985,0.400000006,6.73211432,1.00000000,0.00000000,266.399750,1.00000000,0.00000000
2,1,usgs_seaice_snow,9,180.000000,1,F,F,0,0,T,16,24,0.199999996E-01,28,19,1,1004.50000,0.285714298,9.81000042,2500000.00,0.567051011E-07,3.00000000,24,16,1.00000000,0.449999988,271.000000,0.00000000,0.00000000,0.00000000,0.400000006,0.200000003,210.000000,65.0000000,0.400000019E-02,0.300000003E-02,3.00000000,0.550000012,60.0000000,98000.0000,259.000000,0.899999985E-03,0.00000000,1.17999995,35.0000000,0.150000006,1.00000000,0.00000000,0.750000000,0.550000012,0.980000019,0.999999978E-02,1.00000000,0.00000000,0.00000000,0.109999999E-01,258.000000,0.00000000,0.00000000,0.00000000,7.50000000,2.00000000,1.00000000,4.00000000,0.00000000,3.25000000,0.250000000,0.120000006E-02,0.999999975E-04,0.00000000,0.00000000,0.00000000,1.00000000,258.000000,0.00000000,0.00000000,0.00000000,0.00000000,0.00000000,0.500000000,1.00000000,0.00000000,267.600006,1.00000000,0.00000000,35.3999252,0.153002560,0.425569504,0.00000000,0.750000000,0.739142060,0.980000019,0.999999978E-02,1.00000000,0.252907164E-02,0.109999999E-01,0.109999999E-01,258.014832,-2.97036910,0.406026061E-06,1.15108383,7.50014591,0.00000000,0.00000000,0.00000000,1.28181684,3.25000000,0.00000000,0.103534258E-02,0.00000000,0.00000000,0.103427179E-02,0.103534199E-02,1.00000000,258.754913,-14.7651062,3000.00000,3000.00000,59.4166985,0.400000006,6.73211432,1.00000000,0.00000000,271.000000,1.00000000,0.00000000
2,1,usgs_seaice_bare,1,180.000000,1,F,F,0,0,T,16,24,0.199999996E-01,28,19,1,1004.50000,0.285714298,9.81000042,2500000.00,0.567051011E-07,0.00000000,24,16,1.00000000,0.119999997,271.000000,0.00000000,0.00000000,0.00000000,0.200000003,0.200000003,222.000000,90.0000000,0.800000038E-02,0.700000022E-02,7.00000000,0.550000012,60.0000000,98000.0000,263.500000,0.139999995E-02,0.00000000,1.17999995,0.00000000,0.00000000,0.00000000,0.00000000,0.750000000,0.550000012,0.980000019,0.999999978E-02,1.00000000,0.00000000,0.00000000,0.109999999E-01,263.000000,0.00000000,0.00000000,0.00000000,7.50000000,2.00000000,1.00000000,4.00000000,0.00000000,3.25000000,0.250000000,0.00000000,-1.00000000,0.00000000,0.00000000,0.00000000,1.00000000,-999.000000,0.00000000,0.00000000,0.00000000,0.00000000,0.00000000,0.500000000,1.00000000,0.00000000,262.000000,1.00000000,0.00000000,0.199695528,0.326593011E-02,0.892829150E-02,0.00000000,0.750000000,0.564903021,0.980000019,0.999999978E-02,1.00000000,0.589869171E-02,0.109999999E-01,0.109999999E-01,263.046051,-3.19221497,0.163204857E-05,4.64944744,7.50058746,0.00000000,0.00000000,0.00000000,-28.5400391,3.25000000,0.00000000,0.163314957E-02,0.00000000,0.00000000,0.163048669E-02,0.163314969E-02,1.00000000,263.139343,-10.0280457,3000.00000,3000.00000,61.1450729,0.200000003,3.27090955,1.00000000,0.00000000,263.048645,1.00000000,0.00000000
2,1,usgs_seaice_bare,2,180.000000,1,F,F,0,0,T,16,24,0.199999996E-01,28,19,1,1004.50000,0.285714298,9.81000042,2500000.00,0.567051011E-07,0.999999978E-02,24,16,1.00000000,0.119999997,271.000000,0.00000000,0.00000000,0.00000000,0.200000003,0.200000003,222.000000,90.0000000,0.800000038E-02,0.700000022E-02,7.00000000,0.550000012,60.0000000,98000.0000,263.500000,0.139999995E-02,0.00000000,1.17999995,0.00000000,0.00000000,0.00000000,0.00000000,0.750000000,0.550000012,0.980000019,0.999999978E-02,1.00000000,0.00000000,0.00000000,0.109999999E-01,263.000000,0.00000000,0.00000000,0.00000000,7.50000000,2.00000000,1.00000000,4.00000000,0.00000000,3.25000000,0.250000000,0.00000000,-1.00000000,0.00000000,0.00000000,0.00000000,1.00000000,-999.000000,0.00000000,0.00000000,0.00000000,0.00000000,0.00000000,0.500000000,1.00000000,0.00000000,263.000000,1.00000000,0.00000000,0.199695528,0.326593011E-02,0.892829150E-02,0.00000000,0.750000000,0.564903021,0.980000019,0.999999978E-02,1.00000000,0.589869171E-02,0.109999999E-01,0.109999999E-01,263.046051,-3.19221497,0.163204857E-05,4.64944744,7.50058746,0.00000000,0.00000000,0.00000000,-28.5400391,3.25000000,0.00000000,0.163314957E-02,0.00000000,0.00000000,0.163048669E-02,0.163314969E-02,1.00000000,263.139343,-10.0280457,3000.00000,3000.00000,61.1450729,0.200000003,3.27090955,1.00000000,0.00000000,262.924133,1.00000000,0.00000000
2,1,usgs_seaice_bare,3,180.000000,1,F,F,0,0,T,16,24,0.199999996E-01,28,19,1,1004.50000,0.285714298,9.81000042,2500000.00,0.567051011E-07,0.399999991E-01,24,16,1.00000000,0.119999997,271.000000,0.00000000,0.00000000,0.00000000,0.200000003,0.200000003,222.000000,90.0000000,0.800000038E-02,0.700000022E-02,7.00000000,0.550000012,60.0000000,98000.0000,263.500000,0.139999995E-02,0.00000000,1.17999995,0.00000000,0.00000000,0.00000000,0.00000000,0.750000000,0.550000012,0.980000019,0.999999978E-02,1.00000000,0.00000000,0.00000000,0.109999999E-01,263.000000,0.00000000,0.00000000,0.00000000,7.50000000,2.00000000,1.00000000,4.00000000,0.00000000,3.25000000,0.250000000,0.00000000,-1.00000000,0.00000000,0.00000000,0.00000000,1.00000000,-999.000000,0.00000000,0.00000000,0.00000000,0.00000000,0.00000000,0.500000000,1.00000000,0.00000000,264.000000,1.00000000,0.00000000,0.199695528,0.326593011E-02,0.892829150E-02,0.00000000,0.750000000,0.564903021,0.980000019,0.999999978E-02,1.00000000,0.589869171E-02,0.109999999E-01,0.109999999E-01,263.046051,-3.19221497,0.163204857E-05,4.64944744,7.50058746,0.00000000,0.00000000,0.00000000,-28.5400391,3.25000000,0.00000000,0.163314957E-02,0.00000000,0.00000000,0.163048669E-02,0.163314969E-02,1.00000000,263.139343,-10.0280457,3000.00000,3000.00000,61.1450729,0.200000003,3.27090955,1.00000000,0.00000000,263.921448,1.00000000,0.00000000
2,1,usgs_seaice_bare,4,180.000000,1,F,F,0,0,T,16,24,0.199999996E-01,28,19,1,1004.50000,0.285714298,9.81000042,2500000.00,0.567051011E-07,0.100000001,24,16,1.00000000,0.119999997,271.000000,0.00000000,0.00000000,0.00000000,0.200000003,0.200000003,222.000000,90.0000000,0.800000038E-02,0.700000022E-02,7.00000000,0.550000012,60.0000000,98000.0000,263.500000,0.139999995E-02,0.00000000,1.17999995,0.00000000,0.00000000,0.00000000,0.00000000,0.750000000,0.550000012,0.980000019,0.999999978E-02,1.00000000,0.00000000,0.00000000,0.109999999E-01,263.000000,0.00000000,0.00000000,0.00000000,7.50000000,2.00000000,1.00000000,4.00000000,0.00000000,3.25000000,0.250000000,0.00000000,-1.00000000,0.00000000,0.00000000,0.00000000,1.00000000,-999.000000,0.00000000,0.00000000,0.00000000,0.00000000,0.00000000,0.500000000,1.00000000,0.00000000,265.000000,1.00000000,0.00000000,0.199695528,0.326593011E-02,0.892829150E-02,0.00000000,0.750000000,0.564903021,0.980000019,0.999999978E-02,1.00000000,0.589869171E-02,0.109999999E-01,0.109999999E-01,263.046051,-3.19221497,0.163204857E-05,4.64944744,7.50058746,0.00000000,0.00000000,0.00000000,-28.5400391,3.25000000,0.00000000,0.163314957E-02,0.00000000,0.00000000,0.163048669E-02,0.163314969E-02,1.00000000,263.139343,-10.0280457,3000.00000,3000.00000,61.1450729,0.200000003,3.27090955,1.00000000,0.00000000,264.979736,1.00000000,0.00000000
2,1,usgs_seaice_bare,5,180.000000,1,F,F,0,0,T,16,24,0.199999996E-01,28,19,1,1004.50000,0.285714298,9.81000042,2500000.00,0.567051011E-07,0.300000012,24,16,1.00000000,0.119999997,271.000000,0.00000000,0.00000000,0.00000000,0.200000003,0.200000003,222.000000,90.0000000,0.800000038E-02,0.700000022E-02,7.00000000,0.550000012,60.0000000,98000.0000,263.500000,0.139999995E-02,0.00000000,1.17999995,0.00000000,0.00000000,0.00000000,0.00000000,0.750000000,0.550000012,0.980000019,0.999999978E-02,1.00000000,0.00000000,0.00000000,0.109999999E-01,263.000000,0.00000000,0.00000000,0.00000000,7.50000000,2.00000000,1.00000000,4.00000000,0.00000000,3.25000000,0.250000000,0.00000000,-1.00000000,0.00000000,0.00000000,0.00000000,1.00000000,-999.000000,0.00000000,0.00000000,0.00000000,0.00000000,0.00000000,0.500000000,1.00000000,0.00000000,266.000000,1.00000000,0.00000000,0.199695528,0.326593011E-02,0.892829150E-02,0.00000000,0.750000000,0.564903021,0.980000019,0.999999978E-02,1.00000000,0.589869171E-02,0.109999999E-01,0.109999999E-01,263.046051,-3.19221497,0.163204857E-05,4.64944744,7.50058746,0.00000000,0.00000000,0.00000000,-28.5400391,3.25000000,0.00000000,0.163314957E-02,0.00000000,0.00000000,0.163048669E-02,0.163314969E-02,1.00000000,263.139343,-10.0280457,3000.00000,3000.00000,61.1450729,0.200000003,3.27090955,1.00000000,0.00000000,265.998474,1.00000000,0.00000000
2,1,usgs_seaice_bare,6,180.000000,1,F,F,0,0,T,16,24,0.199999996E-01,28,19,1,1004.50000,0.285714298,9.81000042,2500000.00,0.567051011E-07,0.600000024,24,16,1.00000000,0.119999997,271.000000,0.00000000,0.00000000,0.00000000,0.200000003,0.200000003,222.000000,90.0000000,0.800000038E-02,0.700000022E-02,7.00000000,0.550000012,60.0000000,98000.0000,263.500000,0.139999995E-02,0.00000000,1.17999995,0.00000000,0.00000000,0.00000000,0.00000000,0.750000000,0.550000012,0.980000019,0.999999978E-02,1.00000000,0.00000000,0.00000000,0.109999999E-01,263.000000,0.00000000,0.00000000,0.00000000,7.50000000,2.00000000,1.00000000,4.00000000,0.00000000,3.25000000,0.250000000,0.00000000,-1.00000000,0.00000000,0.00000000,0.00000000,1.00000000,-999.000000,0.00000000,0.00000000,0.00000000,0.00000000,0.00000000,0.500000000,1.00000000,0.00000000,267.000000,1.00000000,0.00000000,0.199695528,0.326593011E-02,0.892829150E-02,0.00000000,0.750000000,0.564903021,0.980000019,0.999999978E-02,1.00000000,0.589869171E-02,0.109999999E-01,0.109999999E-01,263.046051,-3.19221497,0.163204857E-05,4.64944744,7.50058746,0.00000000,0.00000000,0.00000000,-28.5400391,3.25000000,0.00000000,0.163314957E-02,0.00000000,0.00000000,0.163048669E-02,0.163314969E-02,1.00000000,263.139343,-10.0280457,3000.00000,3000.00000,61.1450729,0.200000003,3.27090955,1.00000000,0.00000000,266.999451,1.00000000,0.00000000
2,1,usgs_seaice_bare,7,180.000000,1,F,F,0,0,T,16,24,0.199999996E-01,28,19,1,1004.50000,0.285714298,9.81000042,2500000.00,0.567051011E-07,1.00000000,24,16,1.00000000,0.119999997,271.000000,0.00000000,0.00000000,0.00000000,0.200000003,0.200000003,222.000000,90.0000000,0.800000038E-02,0.700000022E-02,7.00000000,0.550000012,60.0000000,98000.0000,263.500000,0.139999995E-02,0.00000000,1.17999995,0.00000000,0.00000000,0.00000000,0.00000000,0.750000000,0.550000012,0.980000019,0.999999978E-02,1.00000000,0.00000000,0.00000000,0.109999999E-01,263.000000,0.00000000,0.00000000,0.00000000,7.50000000,2.00000000,1.00000000,4.00000000,0.00000000,3.25000000,0.250000000,0.00000000,-1.00000000,0.00000000,0.00000000,0.00000000,1.00000000,-999.000000,0.00000000,0.00000000,0.00000000,0.00000000,0.00000000,0.500000000,1.00000000,0.00000000,268.000000,1.00000000,0.00000000,0.199695528,0.326593011E-02,0.892829150E-02,0.00000000,0.750000000,0.564903021,0.980000019,0.999999978E-02,1.00000000,0.589869171E-02,0.109999999E-01,0.109999999E-01,263.046051,-3.19221497,0.163204857E-05,4.64944744,7.50058746,0.00000000,0.00000000,0.00000000,-28.5400391,3.25000000,0.00000000,0.163314957E-02,0.00000000,0.00000000,0.163048669E-02,0.163314969E-02,1.00000000,263.139343,-10.0280457,3000.00000,3000.00000,61.1450729,0.200000003,3.27090955,1.00000000,0.00000000,267.999664,1.00000000,0.00000000
2,1,usgs_seaice_bare,8,180.000000,1,F,F,0,0,T,16,24,0.199999996E-01,28,19,1,1004.50000,0.285714298,9.81000042,2500000.00,0.567051011E-07,1.60000002,24,16,1.00000000,0.119999997,271.000000,0.00000000,0.00000000,0.00000000,0.200000003,0.200000003,222.000000,90.0000000,0.800000038E-02,0.700000022E-02,7.00000000,0.550000012,60.0000000,98000.0000,263.500000,0.139999995E-02,0.00000000,1.17999995,0.00000000,0.00000000,0.00000000,0.00000000,0.750000000,0.550000012,0.980000019,0.999999978E-02,1.00000000,0.00000000,0.00000000,0.109999999E-01,263.000000,0.00000000,0.00000000,0.00000000,7.50000000,2.00000000,1.00000000,4.00000000,0.00000000,3.25000000,0.250000000,0.00000000,-1.00000000,0.00000000,0.00000000,0.00000000,1.00000000,-999.000000,0.00000000,0.00000000,0.00000000,0.00000000,0.00000000,0.500000000,1.00000000,0.00000000,269.000000,1.00000000,0.00000000,0.199695528,0.326593011E-02,0.892829150E-02,0.00000000,0.750000000,0.564903021,0.980000019,0.999999978E-02,1.00000000,0.589869171E-02,0.109999999E-01,0.109999999E-01,263.046051,-3.19221497,0.163204857E-05,4.64944744,7.50058746,0.00000000,0.00000000,0.00000000,-28.5400391,3.25000000,0.00000000,0.163314957E-02,0.00000000,0.00000000,0.163048669E-02,0.163314969E-02,1.00000000,263.139343,-10.0280457,3000.00000,3000.00000,61.1450729,0.200000003,3.27090955,1.00000000,0.00000000,268.999786,1.00000000,0.00000000
2,1,usgs_seaice_bare,9,180.000000,1,F,F,0,0,T,16,24,0.199999996E-01,28,19,1,1004.50000,0.285714298,9.81000042,2500000.00,0.567051011E-07,3.00000000,24,16,1.00000000,0.119999997,271.000000,0.00000000,0.00000000,0.00000000,0.200000003,0.200000003,222.000000,90.0000000,0.800000038E-02,0.700000022E-02,7.00000000,0.550000012,60.0000000,98000.0000,263.500000,0.139999995E-02,0.00000000,1.17999995,0.00000000,0.00000000,0.00000000,0.00000000,0.750000000,0.550000012,0.980000019,0.999999978E-02,1.00000000,0.00000000,0.00000000,0.109999999E-01,263.000000,0.00000000,0.00000000,0.00000000,7.50000000,2.00000000,1.00000000,4.00000000,0.00000000,3.25000000,0.250000000,0.00000000,-1.00000000,0.00000000,0.00000000,0.00000000,1.00000000,-999.000000,0.00000000,0.00000000,0.00000000,0.00000000,0.00000000,0.500000000,1.00000000,0.00000000,270.000000,1.00000000,0.00000000,0.199695528,0.326593011E-02,0.892829150E-02,0.00000000,0.750000000,0.564903021,0.980000019,0.999999978E-02,1.00000000,0.589869171E-02,0.109999999E-01,0.109999999E-01,263.046051,-3.19221497,0.163204857E-05,4.64944744,7.50058746,0.00000000,0.00000000,0.00000000,-28.5400391,3.25000000,0.00000000,0.163314957E-02,0.00000000,0.00000000,0.163048669E-02,0.163314969E-02,1.00000000,263.139343,-10.0280457,3000.00000,3000.00000,61.1450729,0.200000003,3.27090955,1.00000000,0.00000000,271.000000,1.00000000,0.00000000
2,1,usgs_desert,1,180.000000,1,F,F,0,0,T,16,24,0.199999996E-01,28,19,1,1004.50000,0.285714298,9.81000042,2500000.00,0.567051011E-07,0.00000000,19,1,1.00000000,0.00000000,293.000000,0.00000000,6.00000000,3.00000000,0.00000000,0.200000003,358.000000,600.000000,0.189999994E-01,0.179999992E-01,18.0000000,0.250000000,60.0000000,98000.0000,302.000000,0.300000003E-02,0.00000000,1.17999995,0.00000000,0.00000000,0.00000000,0.00000000,0.750000000,0.250000000,0.879999995,0.750000000,0.133720934,0.00000000,0.00000000,0.500000007E-01,303.000000,0.00000000,0.00000000,0.00000000,7.50000000,2.00000000,1.00000000,4.00000000,0.00000000,3.25000000,0.250000000,0.549999997E-02,0.499999987E-04,0.00000000,0.00000000,0.00000000,1.00000000,303.000000,0.00000000,0.00000000,0.00000000,0.00000000,0.00000000,0.500000000,0.250000004E-01,0.250000004E-01,302.000000,0.00000000,0.00000000,0.00000000,0.00000000,0.00000000,0.00000000,0.750000000,0.250000000,0.850000024,0.750000000,0.130436644,0.151477298E-01,0.500000007E-01,0.500000007E-01,304.070435,37.3893471,0.162165743E-04,40.5414352,7.50583839,0.00000000,0.00000000,0.00000000,-63.5177879,3.25000000,0.00000000,0.639785640E-02,0.00000000,0.00000000,0.635718415E-02,0.284100566E-01,1.00000000,303.000000,29.3500061,93.8471527,1185.00000,-1000.00000,0.00000000,0.00000000,0.244351029E-01,0.244351029E-01,304.070435,0.255555548E-01,0.00000000
2,1,usgs_desert,2,180.000000,1,F,F,0,0,T,16,24,0.199999996E-01,28,19,1,1004.50000,0.285714298,9.81000042,2500000.00,0.567051011E-07,0.999999978E-02,19,1,1.00000000,0.00000000,293.000000,0.00000000,6.00000000,3.00000000,0.00000000,0.200000003,358.000000,600.000000,0.189999994E-01,0.179999992E-01,18.0000000,0.250000000,60.0000000,98000.0000,302.000000,0.300000003E-02,0.00000000,1.17999995,0.00000000,0.00000000,0.00000000,0.00000000,0.750000000,0.250000000,0.879999995,0.750000000,0.133720934,0.00000000,0.00000000,0.500000007E-01,303.000000,0.00000000,0.00000000,0.00000000,7.50000000,2.00000000,1.00000000,4.00000000,0.00000000,3.25000000,0.250000000,0.549999997E-02,0.499999987E-04,0.00000000,0.00000000,0.00000000,1.00000000,303.000000,0.00000000,0.00000000,0.00000000,0.00000000,0.00000000,0.500000000,0.260000005E-01,0.260000005E-01,301.299988,0.00000000,0.00000000,0.00000000,0.00000000,0.00000000,0.00000000,0.750000000,0.250000000,0.850000024,0.750000000,0.130436644,0.151477298E-01,0.500000007E-01,0.500000007E-01,304.070435,37.3893471,0.162165743E-04,40.5414352,7.50583839,0.00000000,0.00000000,0.00000000,-63.5177879,3.25000000,0.00000000,0.639785640E-02,0.00000000,0.00000000,0.635718415E-02,0.284100566E-01,1.00000000,303.000000,29.3500061,93.8471527,1185.00000,-1000.00000,0.00000000,0.00000000,0.259997547E-01,0.259997547E-01,301.603119,0.266666654E-01,0.00000000
2,1,usgs_desert,3,180.000000,1,F,F,0,0,T,16,24,0.199999996E-01,28,19,1,1004.50000,0.285714298,9.81000042,2500000.00,0.567051011E-07,0.399999991E-01,19,1,1.00000000,0.00000000,293.000000,0.00000000,6.00000000,3.00000000,0.00000000,0.200000003,358.000000,600.000000,0.189999994E-01,0.179999992E-01,18.0000000,0.250000000,60.0000000,98000.0000,302.000000,0.300000003E-02,0.00000000,1.17999995,0.00000000,0.00000000,0.00000000,0.00000000,0.750000000,0.250000000,0.879999995,0.750000000,0.133720934,0.00000000,0.00000000,0.500000007E-01,303.000000,0.00000000,0.00000000,0.00000000,7.50000000,2.00000000,1.00000000,4.00000000,0.00000000,3.25000000,0.250000000,0.549999997E-02,0.499999987E-04,0.00000000,0.00000000,0.00000000,1.00000000,303.000000,0.00000000,0.00000000,0.00000000,0.00000000,0.00000000,0.500000000,0.270000007E-01,0.270000007E-01,300.600006,0.00000000,0.00000000,0.00000000,0.00000000,0.00000000,0.00000000,0.750000000,0.250000000,0.850000024,0.750000000,0.130436644,0.151477298E-01,0.500000007E-01,0.500000007E-01,304.070435,37.3893471,0.162165743E-04,40.5414352,7.50583839,0.00000000,0.00000000,0.00000000,-63.5177879,3.25000000,0.00000000,0.639785640E-02,0.00000000,0.00000000,0.635718415E-02,0.284100566E-01,1.00000000,303.000000,29.3500061,93.8471527,1185.00000,-1000.00000,0.00000000,0.00000000,0.269998983E-01,0.269998983E-01,300.616882,0.277777780E-01,0.00000000
2,1,usgs_desert,4,180.000000,1,F,F,0,0,T,16,24,0.199999996E-01,28,19,1,1004.50000,0.285714298,9.81000042,2500000.00,0.567051011E-07,0.100000001,19,1,1.00000000,0.00000000,293.000000,0.00000000,6.00000000,3.00000000,0.00000000,0.200000003,358.000000,600.000000,0.189999994E-01,0.179999992E-01,18.0000000,0.250000000,60.0000000,98000.0000,302.000000,0.300000003E-02,0.00000000,1.17999995,0.00000000,0.00000000,0.00000000,0.00000000,0.750000000,0.250000000,0.879999995,0.750000000,0.133720934,0.00000000,0.00000000,0.500000007E-01,303.000000,0.00000000,0.00000000,0.00000000,7.50000000,2.00000000,1.00000000,4.00000000,0.00000000,3.25000000,0.250000000,0.549999997E-02,0.499999987E-04,0.00000000,0.00000000,0.00000000,1.00000000,303.000000,0.00000000,0.00000000,0.00000000,0.00000000,0.00000000,0.500000000,0.280000009E-01,0.280000009E-01,299.899994,0.00000000,0.00000000,0.00000000,0.00000000,0.00000000,0.00000000,0.750000000,0.250000000,0.850000024,0.750000000,0.130436644,0.151477298E-01,0.500000007E-01,0.500000007E-01,304.070435,37.3893471,0.162165743E-04,40.5414352,7.50583839,0.00000000,0.00000000,0.00000000,-63.5177879,3.25000000,0.00000000,0.639785640E-02,0.00000000,0.00000000,0.635718415E-02,0.284100566E-01,1.00000000,303.000000,29.3500061,93.8471527,1185.00000,-1000.00000,0.00000000,0.00000000,0.279999655E-01,0.279999655E-01,299.902954,0.288888887E-01,0.00000000
2,1,usgs_desert,5,180.000000,1,F,F,0,0,T,16,24,0.199999996E-01,28,19,1,1004.50000,0.285714298,9.81000042,2500000.00,0.567051011E-07,0.300000012,19,1,1.00000000,0.00000000,293.000000,0.00000000,6.00000000,3.00000000,0.00000000,0.200000003,358.000000,600.000000,0.189999994E-01,0.179999992E-01,18.0000000,0.250000000,60.0000000,98000.0000,302.000000,0.300000003E-02,0.00000000,1.17999995,0.00000000,0.00000000,0.00000000,0.00000000,0.750000000,0.250000000,0.879999995,0.750000000,0.133720934,0.00000000,0.00000000,0.500000007E-01,303.000000,0.00000000,0.00000000,0.00000000,7.50000000,2.00000000,1.00000000,4.00000000,0.00000000,3.25000000,0.250000000,0.549999997E-02,0.499999987E-04,0.00000000,0.00000000,0.00000000,1.00000000,303.000000,0.00000000,0.00000000,0.00000000,0.00000000,0.00000000,0.500000000,0.290000010E-01,0.290000010E-01,299.200012,0.00000000,0.00000000,0.00000000,0.00000000,0.00000000,0.00000000,0.750000000,0.250000000,0.850000024,0.750000000,0.130436644,0.151477298E-01,0.500000007E-01,0.500000007E-01,304.070435,37.3893471,0.162165743E-04,40.5414352,7.50583839,0.00000000,0.00000000,0.00000000,-63.5177879,3.25000000,0.00000000,0.639785640E-02,0.00000000,0.00000000,0.635718415E-02,0.284100566E-01,1.00000000,303.000000,29.3500061,93.8471527,1185.00000,-1000.00000,0.00000000,0.00000000,0.289999805E-01,0.289999805E-01,299.200287,0.299999993E-01,0.00000000
2,1,usgs_desert,6,180.000000,1,F,F,0,0,T,16,24,0.199999996E-01,28,19,1,1004.50000,0.285714298,9.81000042,2500000.00,0.567051011E-07,0.600000024,19,1,1.00000000,0.00000000,293.000000,0.00000000,6.00000000,3.00000000,0.00000000,0.200000003,358.000000,600.000000,0.189999994E-01,0.179999992E-01,18.0000000,0.250000000,60.0000000,98000.0000,302.000000,0.300000003E-02,0.00000000,1.17999995,0.00000000,0.00000000,0.00000000,0.00000000,0.750000000,0.250000000,0.879999995,0.750000000,0.133720934,0.00000000,0.00000000,0.500000007E-01,303.000000,0.00000000,0.00000000,0.00000000,7.50000000,2.00000000,1.00000000,4.00000000,0.00000000,3.25000000,0.250000000,0.549999997E-02,0.499999987E-04,0.00000000,0.00000000,0.00000000,1.00000000,303.000000,0.00000000,0.00000000,0.00000000,0.00000000,0.00000000,0.500000000,0.300000012E-01,0.300000012E-01,298.500000,0.00000000,0.00000000,0.00000000,0.00000000,0.00000000,0.00000000,0.750000000,0.250000000,0.850000024,0.750000000,0.130436644,0.151477298E-01,0.500000007E-01,0.500000007E-01,304.070435,37.3893471,0.162165743E-04,40.5414352,7.50583839,0.00000000,0.00000000,0.00000000,-63.5177879,3.25000000,0.00000000,0.639785640E-02,0.00000000,0.00000000,0.635718415E-02,0.284100566E-01,1.00000000,303.000000,29.3500061,93.8471527,1185.00000,-1000.00000,0.00000000,0.00000000,0.299999919E-01,0.299999919E-01,298.500031,0.311111100E-01,0.00000000
2,1,usgs_desert,7,180.000000,1,F,F,0,0,T,16,24,0.199999996E-01,28,19,1,1004.50000,0.285714298,9.81000042,2500000.00,0.567051011E-07,1.00000000,19,1,1.00000000,0.00000000,293.000000,0.00000000,6.00000000,3.00000000,0.00000000,0.200000003,358.000000,600.000000,0.189999994E-01,0.179999992E-01,18.0000000,0.250000000,60.0000000,98000.0000,302.000000,0.300000003E-02,0.00000000,1.17999995,0.00000000,0.00000000,0.00000000,0.00000000,0.750000000,0.250000000,0.879999995,0.750000000,0.133720934,0.00000000,0.00000000,0.500000007E-01,303.000000,0.00000000,0.00000000,0.00000000,7.50000000,2.00000000,1.00000000,4.00000000,0.00000000,3.25000000,0.250000000,0.549999997E-02,0.499999987E-04,0.00000000,0.00000000,0.00000000,1.00000000,303.000000,0.00000000,0.00000000,0.00000000,0.00000000,0.00000000,0.500000000,0.309999995E-01,0.309999995E-01,297.799988,0.00000000,0.00000000,0.00000000,0.00000000,0.00000000,0.00000000,0.750000000,0.250000000,0.850000024,0.750000000,0.130436644,0.151477298E-01,0.500000007E-01,0.500000007E-01,304.070435,37.3893471,0.162165743E-04,40.5414352,7.50583839,0.00000000,0.00000000,0.00000000,-63.5177879,3.25000000,0.00000000,0.639785640E-02,0.00000000,0.00000000,0.635718415E-02,0.284100566E-01,1.00000000,303.000000,29.3500061,93.8471527,1185.00000,-1000.00000,0.00000000,0.00000000,0.310000014E-01,0.309999995E-01,297.800079,0.322222188E-01,0.00000000
2,1,usgs_desert,8,180.000000,1,F,F,0,0,T,16,24,0.199999996E-01,28,19,1,1004.50000,0.285714298,9.81000042,2500000.00,0.567051011E-07,1.60000002,19,1,1.00000000,0.00000000,293.000000,0.00000000,6.00000000,3.00000000,0.00000000,0.200000003,358.000000,600.000000,0.189999994E-01,0.179999992E-01,18.0000000,0.250000000,60.0000000,98000.0000,302.000000,0.300000003E-02,0.00000000,1.17999995,0.00000000,0.00000000,0.00000000,0.00000000,0.750000000,0.250000000,0.879999995,0.750000000,0.133720934,0.00000000,0.00000000,0.500000007E-01,303.000000,0.00000000,0.00000000,0.00000000,7.50000000,2.00000000,1.00000000,4.00000000,0.00000000,3.25000000,0.250000000,0.549999997E-02,0.499999987E-04,0.00000000,0.00000000,0.00000000,1.00000000,303.000000,0.00000000,0.00000000,0.00000000,0.00000000,0.00000000,0.500000000,0.320000015E-01,0.320000015E-01,297.100006,0.00000000,0.00000000,0.00000000,0.00000000,0.00000000,0.00000000,0.750000000,0.250000000,0.850000024,0.750000000,0.130436644,0.151477298E-01,0.500000007E-01,0.500000007E-01,304.070435,37.3893471,0.162165743E-04,40.5414352,7.50583839,0.00000000,0.00000000,0.00000000,-63.5177879,3.25000000,0.00000000,0.639785640E-02,0.00000000,0.00000000,0.635718415E-02,0.284100566E-01,1.00000000,303.000000,29.3500061,93.8471527,1185.00000,-1000.00000,0.00000000,0.00000000,0.320000015E-01,0.320000015E-01,297.100067,0.333333351E-01,0.00000000
2,1,usgs_desert,9,180.000000,1,F,F,0,0,T,16,24,0.199999996E-01,28,19,1,1004.50000,0.285714298,9.81000042,2500000.00,0.567051011E-07,3.00000000,19,1,1.00000000,0.00000000,293.000000,0.00000000,6.00000000,3.00000000,0.00000000,0.200000003,358.000000,600.000000,0.189999994E-01,0.179999992E-01,18.0000000,0.250000000,60.0000000,98000.0000,302.000000,0.300000003E-02,0.00000000,1.17999995,0.00000000,0.00000000,0.00000000,0.00000000,0.750000000,0.250000000,0.879999995,0.750000000,0.133720934,0.00000000,0.00000000,0.500000007E-01,303.000000,0.00000000,0.00000000,0.00000000,7.50000000,2.00000000,1.00000000,4.00000000,0.00000000,3.25000000,0.250000000,0.549999997E-02,0.499999987E-04,0.00000000,0.00000000,0.00000000,1.00000000,303.000000,0.00000000,0.00000000,0.00000000,0.00000000,0.00000000,0.500000000,0.329999998E-01,0.329999998E-01,296.399994,0.00000000,0.00000000,0.00000000,0.00000000,0.00000000,0.00000000,0.750000000,0.250000000,0.850000024,0.750000000,0.130436644,0.151477298E-01,0.500000007E-01,0.500000007E-01,304.070435,37.3893471,0.162165743E-04,40.5414352,7.50583839,0.00000000,0.00000000,0.00000000,-63.5177879,3.25000000,0.00000000,0.639785640E-02,0.00000000,0.00000000,0.635718415E-02,0.284100566E-01,1.00000000,303.000000,29.3500061,93.8471527,1185.00000,-1000.00000,0.00000000,0.00000000,0.329999998E-01,0.329999998E-01,293.000000,0.344444439E-01,0.00000000
2,1,usgs_urban_thin_snow,1,180.000000,1,F,F,0,0,T,16,24,0.199999996E-01,28,19,1,1004.50000,0.285714298,9.81000042,2500000.00,0.567051011E-07,0.00000000,1,6,1.00000000,0.00000000,282.000000,5.00000000,45.0000000,15.0000000,0.250000000,0.200000003,268.000000,175.000000,0.999999978E-02,0.899999961E-02,9.00000000,0.180000007,60.0000000,98000.0000,271.000000,0.219999999E-02,0.199999995E-04,1.17999995,4.00000000,0.149999997E-01,0.349999994,0.299999993E-01,0.400000006,0.180000007,0.879999995,1.00000000,0.719696939,0.00000000,0.00000000,0.500000000,271.500000,0.00000000,0.00000000,0.00000000,7.50000000,2.00000000,1.00000000,4.00000000,0.00000000,3.25000000,0.250000000,0.240000011E-02,0.199999995E-03,0.00000000,0.00000000,0.00000000,1.00000000,165.000000,0.00000000,0.00000000,0.00000000,0.00000000,0.00000000,0.500000000,0.239999995,0.156333268,272.000000,0.929630250E-01,0.00000000,4.24387598,0.165778380E-01,0.745535865E-01,0.335854627E-01,0.400000006,0.193919688,0.887459636,1.00000000,0.743363082,0.757894479E-02,0.500000000,0.500000000,271.648865,5.86268330,0.102384402E-04,25.9011459,7.50368595,0.00000000,0.00000000,0.00000000,158.682434,3.25000000,0.00000000,0.310349604E-02,0.00000000,0.00000000,0.309389411E-02,0.342394947E-02,1.00000000,272.315247,-1.42126465,776.548706,1353.00000,85.2810745,0.250000000,2.93148279,0.240803793,0.150749058,271.736359,0.929630250E-01,0.00000000
2,1,usgs_urban_thin_snow,2,180.000000,1,F,F,0,0,T,16,24,0.199999996E-01,28,19,1,1004.50000,0.285714298,9.81000042,2500000.00,0.567051011E-07,0.999999978E-02,1,6,1.00000000,0.00000000,282.000000,5.00000000,45.0000000,15.0000000,0.250000000,0.200000003,268.000000,175.000000,0.999999978E-02,0.899999961E-02,9.00000000,0.180000007,60.0000000,98000.0000,271.000000,0.219999999E-02,0.199999995E-04,1.17999995,4.00000000,0.149999997E-01,0.349999994,0.299999993E-01,0.400000006,0.180000007,0.879999995,1.00000000,0.719696939,0.00000000,0.00000000,0.500000000,271.500000,0.00000000,0.00000000,0.00000000,7.50000000,2.00000000,1.00000000,4.00000000,0.00000000,3.25000000,0.250000000,0.240000011E-02,0.199999995E-03,0.00000000,0.00000000,0.00000000,1.00000000,165.000000,0.00000000,0.00000000,0.00000000,0.00000000,0.00000000,0.500000000,0.243000001,0.207624108,272.899994,0.393065475E-01,0.00000000,4.24387598,0.165778380E-01,0.745535865E-01,0.335854627E-01,0.400000006,0.193919688,0.887459636,1.00000000,0.743363082,0.757894479E-02,0.500000000,0.500000000,271.648865,5.86268330,0.102384402E-04,25.9011459,7.50368595,0.00000000,0.00000000,0.00000000,158.682434,3.25000000,0.00000000,0.310349604E-02,0.00000000,0.00000000,0.309389411E-02,0.342394947E-02,1.00000000,272.315247,-1.42126465,776.548706,1353.00000,85.2810745,0.250000000,2.93148279,0.243088171,0.228278413,272.999817,0.393065512E-01,1.00000000
2,1,usgs_urban_thin_snow,3,180.000000,1,F,F,0,0,T,16,24,0.199999996E-01,28,19,1,1004.50000,0.285714298,9.81000042,2500000.00,0.567051011E-07,0.399999991E-01,1,6,1.00000000,0.00000000,282.000000,5.00000000,45.0000000,15.0000000,0.250000000,0.200000003,268.000000,175.000000,0.999999978E-02,0.899999961E-02,9.00000000,0.180000007,60.0000000,98000.0000,271.000000,0.219999999E-02,0.199999995E-04,1.17999995,4.00000000,0.149999997E-01,0.349999994,0.299999993E-01,0.400000006,0.180000007,0.879999995,1.00000000,0.719696939,0.00000000,0.00000000,0.500000000,271.500000,0.00000000,0.00000000,0.00000000,7.50000000,2.00000000,1.00000000,4.00000000,0.00000000,3.25000000,0.250000000,0.240000011E-02,0.199999995E-03,0.00000000,0.00000000,0.00000000,1.00000000,165.000000,0.00000000,0.00000000,0.00000000,0.00000000,0.00000000,0.500000000,0.245999992,0.245999992,273.799988,0.00000000,0.00000000,4.24387598,0.165778380E-01,0.745535865E-01,0.335854627E-01,0.400000006,0.193919688,0.887459636,1.00000000,0.743363082,0.757894479E-02,0.500000000,0.500000000,271.648865,5.86268330,0.102384402E-04,25.9011459,7.50368595,0.00000000,0.00000000,0.00000000,158.682434,3.25000000,0.00000000,0.310349604E-02,0.00000000,0.00000000,0.309389411E-02,0.342394947E-02,1.00000000,272.315247,-1.42126465,776.548706,1353.00000,85.2810745,0.250000000,2.93148279,0.245932236,0.245932236,273.764984,0.217777759,0.00000000
2,1,usgs_urban_thin_snow,4,180.000000,1,F,F,0,0,T,16,24,0.199999996E-01,28,19,1,1004.50000,0.285714298,9.81000042,2500000.00,0.567051011E-07,0.100000001,1,6,1.00000000,0.00000000,282.000000,5.00000000,45.0000000,15.0000000,0.250000000,0.200000003,268.000000,175.000000,0.999999978E-02,0.899999961E-02,9.00000000,0.180000007,60.0000000,98000.0000,271.000000,0.219999999E-02,0.199999995E-04,1.17999995,4.00000000,0.149999997E-01,0.349999994,0.299999993E-01,0.400000006,0.180000007,0.879999995,1.00000000,0.719696939,0.00000000,0.00000000,0.500000000,271.500000,0.00000000,0.00000000,0.00000000,7.50000000,2.00000000,1.00000000,4.00000000,0.00000000,3.25000000,0.250000000,0.240000011E-02,0.199999995E-03,0.00000000,0.00000000,0.00000000,1.00000000,165.000000,0.00000000,0.00000000,0.00000000,0.00000000,0.00000000,0.500000000,0.248999998,0.248999998,274.700012,0.00000000,0.00000000,4.24387598,0.165778380E-01,0.745535865E-01,0.335854627E-01,0.400000006,0.193919688,0.887459636,1.00000000,0.743363082,0.757894479E-02,0.500000000,0.500000000,271.648865,5.86268330,0.102384402E-04,25.9011459,7.50368595,0.00000000,0.00000000,0.00000000,158.682434,3.25000000,0.00000000,0.310349604E-02,0.00000000,0.00000000,0.309389411E-02,0.342394947E-02,1.00000000,272.315247,-1.42126465,776.548706,1353.00000,85.2810745,0.250000000,2.93148279,0.248977616,0.248977616,274.689728,0.221111104,0.00000000
2,1,usgs_urban_thin_snow,5,180.000000,1,F,F,0,0,T,16,24,0.199999996E-01,28,19,1,1004.50000,0.285714298,9.81000042,2500000.00,0.567051011E-07,0.300000012,1,6,1.00000000,0.00000000,282.000000,5.00000000,45.0000000,15.0000000,0.250000000,0.200000003,268.000000,175.000000,0.999999978E-02,0.899999961E-02,9.00000000,0.180000007,60.0000000,98000.0000,271.000000,0.219999999E-02,0.199999995E-04,1.17999995,4.00000000,0.149999997E-01,0.349999994,0.299999993E-01,0.400000006,0.180000007,0.879999995,1.00000000,0.719696939,0.00000000,0.00000000,0.500000000,271.500000,0.00000000,0.00000000,0.00000000,7.50000000,2.00000000,1.00000000,4.00000000,0.00000000,3.25000000,0.250000000,0.240000011E-02,0.199999995E-03,0.00000000,0.00000000,0.00000000,1.00000000,165.000000,0.00000000,0.00000000,0.00000000,0.00000000,0.00000000,0.500000000,0.252000004,0.252000004,275.600006,0.00000000,0.00000000,4.24387598,0.165778380E-01,0.745535865E-01,0.335854627E-01,0.400000006,0.193919688,0.887459636,1.00000000,0.743363082,0.757894479E-02,0.500000000,0.500000000,271.648865,5.86268330,0.102384402E-04,25.9011459,7.50368595,0.00000000,0.00000000,0.00000000,158.682434,3.25000000,0.00000000,0.310349604E-02,0.00000000,0.00000000,0.309389411E-02,0.342394947E-02,1.00000000,272.315247,-1.42126465,776.548706,1353.00000,85.2810745,0.250000000,2.93148279,0.251998425,0.251998425,275.599274,0.224444449,0.00000000
2,1,usgs_urban_thin_snow,6,180.000000,1,F,F,0,0,T,16,24,0.199999996E-01,28,19,1,1004.50000,0.285714298,9.81000042,2500000.00,0.567051011E-07,0.600000024,1,6,1.00000000,0.00000000,282.000000,5.00000000,45.0000000,15.0000000,0.250000000,0.200000003,268.000000,175.000000,0.999999978E-02,0.899999961E-02,9.00000000,0.180000007,60.0000000,98000.0000,271.000000,0.219999999E-02,0.199999995E-04,1.17999995,4.00000000,0.149999997E-01,0.349999994,0.299999993E-01,0.400000006,0.180000007,0.879999995,1.00000000,0.719696939,0.00000000,0.00000000,0.500000000,271.500000,0.00000000,0.00000000,0.00000000,7.50000000,2.00000000,1.00000000,4.00000000,0.00000000,3.25000000,0.250000000,0.240000011E-02,0.199999995E-03,0.00000000,0.00000000,0.00000000,1.00000000,165.000000,0.00000000,0.00000000,0.00000000,0.00000000,0.00000000,0.500000000,0.254999995,0.254999995,276.500000,0.00000000,0.00000000,4.24387598,0.165778380E-01,0.745535865E-01,0.335854627E-01,0.400000006,0.193919688,0.887459636,1.00000000,0.743363082,0.757894479E-02,0.500000000,0.500000000,271.648865,5.86268330,0.102384402E-04,25.9011459,7.50368595,0.00000000,0.00000000,0.00000000,158.682434,3.25000000,0.00000000,0.310349604E-02,0.00000000,0.00000000,0.309389411E-02,0.342394947E-02,1.00000000,272.315247,-1.42126465,776.548706,1353.00000,85.2810745,0.250000000,2.93148279,0.254999459,0.254999459,276.499725,0.227777764,0.00000000
2,1,usgs_urban_thin_snow,7,180.000000,1,F,F,0,0,T,16,24,0.199999996E-01,28,19,1,1004.50000,0.285714298,9.81000042,2500000.00,0.567051011E-07,1.00000000,1,6,1.00000000,0.00000000,282.000000,5.00000000,45.0000000,15.0000000,0.250000000,0.200000003,268.000000,175.000000,0.999999978E-02,0.899999961E-02,9.00000000,0.180000007,60.0000000,98000.0000,271.000000,0.219999999E-02,0.199999995E-04,1.17999995,4.00000000,0.149999997E-01,0.349999994,0.299999993E-01,0.400000006,0.180000007,0.879999995,1.00000000,0.719696939,0.00000000,0.00000000,0.500000000,271.500000,0.00000000,0.00000000,0.00000000,7.50000000,2.00000000,1.00000000,4.00000000,0.00000000,3.25000000,0.250000000,0.240000011E-02,0.199999995E-03,0.00000000,0.00000000,0.00000000,1.00000000,165.000000,0.00000000,0.00000000,0.00000000,0.00000000,0.00000000,0.500000000,0.257999986,0.257999986,277.399994,0.00000000,0.00000000,4.24387598,0.165778380E-01,0.745535865E-01,0.335854627E-01,0.400000006,0.193919688,0.887459636,1.00000000,0.743363082,0.757894479E-02,0.500000000,0.500000000,271.648865,5.86268330,0.102384402E-04,25.9011459,7.50368595,0.00000000,0.00000000,0.00000000,158.682434,3.25000000,0.00000000,0.310349604E-02,0.00000000,0.00000000,0.309389411E-02,0.342394947E-02,1.00000000,272.315247,-1.42126465,776.548706,1353.00000,85.2810745,0.250000000,2.93148279,0.257999539,0.257999539,277.399780,0.231111094,0.00000000
2,1,usgs_urban_thin_snow,8,180.000000,1,F,F,0,0,T,16,24,0.199999996E-01,28,19,1,1004.50000,0.285714298,9.81000042,2500000.00,0.567051011E-07,1.60000002,1,6,1.00000000,0.00000000,282.000000,5.00000000,45.0000000,15.0000000,0.250000000,0.200000003,268.000000,175.000000,0.999999978E-02,0.899999961E-02,9.00000000,0.180000007,60.0000000,98000.0000,271.000000,0.219999999E-02,0.199999995E-04,1.17999995,4.00000000,0.149999997E-01,0.349999994,0.299999993E-01,0.400000006,0.180000007,0.879999995,1.00000000,0.719696939,0.00000000,0.00000000,0.500000000,271.500000,0.00000000,0.00000000,0.00000000,7.50000000,2.00000000,1.00000000,4.00000000,0.00000000,3.25000000,0.250000000,0.240000011E-02,0.199999995E-03,0.00000000,0.00000000,0.00000000,1.00000000,165.000000,0.00000000,0.00000000,0.00000000,0.00000000,0.00000000,0.500000000,0.261000007,0.261000007,278.299988,0.00000000,0.00000000,4.24387598,0.165778380E-01,0.745535865E-01,0.335854627E-01,0.400000006,0.193919688,0.887459636,1.00000000,0.743363082,0.757894479E-02,0.500000000,0.500000000,271.648865,5.86268330,0.102384402E-04,25.9011459,7.50368595,0.00000000,0.00000000,0.00000000,158.682434,3.25000000,0.00000000,0.310349604E-02,0.00000000,0.00000000,0.309389411E-02,0.342394947E-02,1.00000000,272.315247,-1.42126465,776.548706,1353.00000,85.2810745,0.250000000,2.93148279,0.260999680,0.260999680,278.299896,0.234444439,0.00000000
2,1,usgs_urban_thin_snow,9,180.000000,1,F,F,0,0,T,16,24,0.199999996E-01,28,19,1,1004.50000,0.285714298,9.81000042,2500000.00,0.567051011E-07,3.00000000,1,6,1.00000000,0.00000000,282.000000,5.00000000,45.0000000,15.0000000,0.250000000,0.200000003,268.000000,175.000000,0.999999978E-02,0.899999961E-02,9.00000000,0.180000007,60.0000000,98000.0000,271.000000,0.219999999E-02,0.199999995E-04,1.17999995,4.00000000,0.149999997E-01,0.349999994,0.299999993E-01,0.400000006,0.180000007,0.879999995,1.00000000,0.719696939,0.00000000,0.00000000,0.500000000,271.500000,0.00000000,0.00000000,0.00000000,7.50000000,2.00000000,1.00000000,4.00000000,0.00000000,3.25000000,0.250000000,0.240000011E-02,0.199999995E-03,0.00000000,0.00000000,0.00000000,1.00000000,165.000000,0.00000000,0.00000000,0.00000000,0.00000000,0.00000000,0.500000000,0.263999999,0.263999999,279.200012,0.00000000,0.00000000,4.24387598,0.165778380E-01,0.745535865E-01,0.335854627E-01,0.400000006,0.193919688,0.887459636,1.00000000,0.743363082,0.757894479E-02,0.500000000,0.500000000,271.648865,5.86268330,0.102384402E-04,25.9011459,7.50368595,0.00000000,0.00000000,0.00000000,158.682434,3.25000000,0.00000000,0.310349604E-02,0.00000000,0.00000000,0.309389411E-02,0.342394947E-02,1.00000000,272.315247,-1.42126465,776.548706,1353.00000,85.2810745,0.250000000,2.93148279,0.264000028,0.264000028,282.000000,0.237777770,0.00000000
2,1,usgs_mixed_melt,1,180.000000,1,F,F,0,0,T,16,24,0.199999996E-01,28,19,1,1004.50000,0.285714298,9.81000042,2500000.00,0.567051011E-07,0.00000000,15,7,1.00000000,0.00000000,282.000000,18.0000000,92.0000000,70.0000000,0.800000012,0.200000003,308.000000,320.000000,0.140000004E-01,0.130000003E-01,13.0000000,0.140000001,60.0000000,98000.0000,276.500000,0.439999998E-02,0.00000000,1.17999995,28.0000000,0.109999999,0.850000024,0.109999999,0.550000012,0.140000001,0.930000007,5.50000000,0.917748928,0.00000000,0.00000000,0.800000012,276.000000,0.00000000,0.00000000,0.00000000,7.50000000,2.00000000,1.00000000,4.00000000,0.00000000,3.25000000,0.250000000,0.460000010E-02,0.799999980E-04,0.00000000,0.00000000,0.00000000,1.00000000,277.000000,0.00000000,0.00000000,0.00000000,0.00000000,0.00000000,0.500000000,0.280000001,0.280000001,276.000000,0.00000000,0.00000000,27.9262543,0.109635234,0.478712380,0.240822122,0.550000012,0.312920153,0.959213376,5.50000000,1.00000000,0.109272087E-01,0.800000012,0.800000012,275.088806,-18.3836632,0.364931839E-05,9.53732109,7.50131416,0.132026166,0.00000000,0.132026166,-21.8766270,3.25000000,0.750681087E-01,0.488242414E-02,0.00000000,0.00000000,0.485870196E-02,0.491094496E-02,1.00000000,273.149994,0.00000000,915.973633,1260.00000,-1000.00000,0.00000000,0.00000000,0.322760463,0.280000001,275.088806,0.235555559,0.00000000
2,1,usgs_mixed_melt,2,180.000000,1,F,F,0,0,T,16,24,0.199999996E-01,28,19,1,1004.50000,0.285714298,9.81000042,2500000.00,0.567051011E-07,0.999999978E-02,15,7,1.00000000,0.00000000,282.000000,18.0000000,92.0000000,70.0000000,0.800000012,0.200000003,308.000000,320.000000,0.140000004E-01,0.130000003E-01,13.0000000,0.140000001,60.0000000,98000.0000,276.500000,0.439999998E-02,0.00000000,1.17999995,28.0000000,0.109999999,0.850000024,0.109999999,0.550000012,0.140000001,0.930000007,5.50000000,0.917748928,0.00000000,0.00000000,0.800000012,276.000000,0.00000000,0.00000000,0.00000000,7.50000000,2.00000000,1.00000000,4.00000000,0.00000000,3.25000000,0.250000000,0.460000010E-02,0.799999980E-04,0.00000000,0.00000000,0.00000000,1.00000000,277.000000,0.00000000,0.00000000,0.00000000,0.00000000,0.00000000,0.500000000,0.284000009,0.284000009,276.600006,0.00000000,0.00000000,27.9262543,0.109635234,0.478712380,0.240822122,0.550000012,0.312920153,0.959213376,5.50000000,1.00000000,0.109272087E-01,0.800000012,0.800000012,275.088806,-18.3836632,0.364931839E-05,9.53732109,7.50131416,0.132026166,0.00000000,0.132026166,-21.8766270,3.25000000,0.750681087E-01,0.488242414E-02,0.00000000,0.00000000,0.485870196E-02,0.491094496E-02,1.00000000,273.149994,0.00000000,915.973633,1260.00000,-1000.00000,0.00000000,0.00000000,0.299145222,0.284000039,276.158752,0.240000010,0.00000000
2,1,usgs_mixed_melt,3,180.000000,1,F,F,0,0,T,16,24,0.199999996E-01,28,19,1,1004.50000,0.285714298,9.81000042,2500000.00,0.567051011E-07,0.399999991E-01,15,7,1.00000000,0.00000000,282.000000,18.0000000,92.0000000,70.0000000,0.800000012,0.200000003,308.000000,320.000000,0.140000004E-01,0.130000003E-01,13.0000000,0.140000001,60.0000000,98000.0000,276.500000,0.439999998E-02,0.00000000,1.17999995,28.0000000,0.109999999,0.850000024,0.109999999,0.550000012,0.140000001,0.930000007,5.50000000,0.917748928,0.00000000,0.00000000,0.800000012,276.000000,0.00000000,0.00000000,0.00000000,7.50000000,2.00000000,1.00000000,4.00000000,0.00000000,3.25000000,0.250000000,0.460000010E-02,0.799999980E-04,0.00000000,0.00000000,0.00000000,1.00000000,277.000000,0.00000000,0.00000000,0.00000000,0.00000000,0.00000000,0.500000000,0.287999988,0.287999988,277.200012,0.00000000,0.00000000,27.9262543,0.109635234,0.478712380,0.240822122,0.550000012,0.312920153,0.959213376,5.50000000,1.00000000,0.109272087E-01,0.800000012,0.800000012,275.088806,-18.3836632,0.364931839E-05,9.53732109,7.50131416,0.132026166,0.00000000,0.132026166,-21.8766270,3.25000000,0.750681087E-01,0.488242414E-02,0.00000000,0.00000000,0.485870196E-02,0.491094496E-02,1.00000000,273.149994,0.00000000,915.973633,1260.00000,-1000.00000,0.00000000,0.00000000,0.289428294,0.287999988,277.144958,0.244444415,0.00000000
2,1,usgs_mixed_melt,4,180.000000,1,F,F,0,0,T,16,24,0.199999996E-01,28,19,1,1004.50000,0.285714298,9.81000042,2500000.00,0.567051011E-07,0.100000001,15,7,1.00000000,0.00000000,282.000000,18.0000000,92.0000000,70.0000000,0.800000012,0.200000003,308.000000,320.000000,0.140000004E-01,0.130000003E-01,13.0000000,0.140000001,60.0000000,98000.0000,276.500000,0.439999998E-02,0.00000000,1.17999995,28.0000000,0.109999999,0.850000024,0.109999999,0.550000012,0.140000001,0.930000007,5.50000000,0.917748928,0.00000000,0.00000000,0.800000012,276.000000,0.00000000,0.00000000,0.00000000,7.50000000,2.00000000,1.00000000,4.00000000,0.00000000,3.25000000,0.250000000,0.460000010E-02,0.799999980E-04,0.00000000,0.00000000,0.00000000,1.00000000,277.000000,0.00000000,0.00000000,0.00000000,0.00000000,0.00000000,0.500000000,0.291999996,0.291999996,277.799988,0.00000000,0.00000000,27.9262543,0.109635234,0.478712380,0.240822122,0.550000012,0.312920153,0.959213376,5.50000000,1.00000000,0.109272087E-01,0.800000012,0.800000012,275.088806,-18.3836632,0.364931839E-05,9.53732109,7.50131416,0.132026166,0.00000000,0.132026166,-21.8766270,3.25000000,0.750681087E-01,0.488242414E-02,0.00000000,0.00000000,0.485870196E-02,0.491094496E-02,1.00000000,273.149994,0.00000000,915.973633,1260.00000,-1000.00000,0.00000000,0.00000000,0.291970372,0.291970372,277.791260,0.248888880,0.00000000
2,1,usgs_mixed_melt,5,180.000000,1,F,F,0,0,T,16,24,0.199999996E-01,28,19,1,1004.50000,0.285714298,9.81000042,2500000.00,0.567051011E-07,0.300000012,15,7,1.00000000,0.00000000,282.000000,18.0000000,92.0000000,70.0000000,0.800000012,0.200000003,308.000000,320.000000,0.140000004E-01,0.130000003E-01,13.0000000,0.140000001,60.0000000,98000.0000,276.500000,0.439999998E-02,0.00000000,1.17999995,28.0000000,0.109999999,0.850000024,0.109999999,0.550000012,0.140000001,0.930000007,5.50000000,0.917748928,0.00000000,0.00000000,0.800000012,276.000000,0.00000000,0.00000000,0.00000000,7.50000000,2.00000000,1.00000000,4.00000000,0.00000000,3.25000000,0.250000000,0.460000010E-02,0.799999980E-04,0.00000000,0.00000000,0.00000000,1.00000000,277.000000,0.00000000,0.00000000,0.00000000,0.00000000,0.00000000,0.500000000,0.296000004,0.296000004,278.399994,0.00000000,0.00000000,27.9262543,0.109635234,0.478712380,0.240822122,0.550000012,0.312920153,0.959213376,5.50000000,1.00000000,0.109272087E-01,0.800000012,0.800000012,275.088806,-18.3836632,0.364931839E-05,9.53732109,7.50131416,0.132026166,0.00000000,0.132026166,-21.8766270,3.25000000,0.750681087E-01,0.488242414E-02,0.00000000,0.00000000,0.485870196E-02,0.491094496E-02,1.00000000,273.149994,0.00000000,915.973633,1260.00000,-1000.00000,0.00000000,0.00000000,0.295995444,0.295995444,278.399384,0.253333330,0.00000000
2,1,usgs_mixed_melt,6,180.000000,1,F,F,0,0,T,16,24,0.199999996E-01,28,19,1,1004.50000,0.285714298,9.81000042,2500000.00,0.567051011E-07,0.600000024,15,7,1.00000000,0.00000000,282.000000,18.0000000,92.0000000,70.0000000,0.800000012,0.200000003,308.000000,320.000000,0.140000004E-01,0.130000003E-01,13.0000000,0.140000001,60.0000000,98000.0000,276.500000,0.439999998E-02,0.00000000,1.17999995,28.0000000,0.109999999,0.850000024,0.109999999,0.550000012,0.140000001,0.930000007,5.50000000,0.917748928,0.00000000,0.00000000,0.800000012,276.000000,0.00000000,0.00000000,0.00000000,7.50000000,2.00000000,1.00000000,4.00000000,0.00000000,3.25000000,0.250000000,0.460000010E-02,0.799999980E-04,0.00000000,0.00000000,0.00000000,1.00000000,277.000000,0.00000000,0.00000000,0.00000000,0.00000000,0.00000000,0.500000000,0.300000012,0.300000012,279.000000,0.00000000,0.00000000,27.9262543,0.109635234,0.478712380,0.240822122,0.550000012,0.312920153,0.959213376,5.50000000,1.00000000,0.109272087E-01,0.800000012,0.800000012,275.088806,-18.3836632,0.364931839E-05,9.53732109,7.50131416,0.132026166,0.00000000,0.132026166,-21.8766270,3.25000000,0.750681087E-01,0.488242414E-02,0.00000000,0.00000000,0.485870196E-02,0.491094496E-02,1.00000000,273.149994,0.00000000,915.973633,1260.00000,-1000.00000,0.00000000,0.00000000,0.299998522,0.299998522,278.999817,0.257777780,0.00000000
2,1,usgs_mixed_melt,7,180.000000,1,F,F,0,0,T,16,24,0.199999996E-01,28,19,1,1004.50000,0.285714298,9.81000042,2500000.00,0.567051011E-07,1.00000000,15,7,1.00000000,0.00000000,282.000000,18.0000000,92.0000000,70.0000000,0.800000012,0.200000003,308.000000,320.000000,0.140000004E-01,0.130000003E-01,13.0000000,0.140000001,60.0000000,98000.0000,276.500000,0.439999998E-02,0.00000000,1.17999995,28.0000000,0.109999999,0.850000024,0.109999999,0.550000012,0.140000001,0.930000007,5.50000000,0.917748928,0.00000000,0.00000000,0.800000012,276.000000,0.00000000,0.00000000,0.00000000,7.50000000,2.00000000,1.00000000,4.00000000,0.00000000,3.25000000,0.250000000,0.460000010E-02,0.799999980E-04,0.00000000,0.00000000,0.00000000,1.00000000,277.000000,0.00000000,0.00000000,0.00000000,0.00000000,0.00000000,0.500000000,0.303999990,0.303999990,279.600006,0.00000000,0.00000000,27.9262543,0.109635234,0.478712380,0.240822122,0.550000012,0.312920153,0.959213376,5.50000000,1.00000000,0.109272087E-01,0.800000012,0.800000012,275.088806,-18.3836632,0.364931839E-05,9.53732109,7.50131416,0.132026166,0.00000000,0.132026166,-21.8766270,3.25000000,0.750681087E-01,0.488242414E-02,0.00000000,0.00000000,0.485870196E-02,0.491094496E-02,1.00000000,273.149994,0.00000000,915.973633,1260.00000,-1000.00000,0.00000000,0.00000000,0.303998530,0.303998530,279.599915,0.262222230,0.00000000
2,1,usgs_mixed_melt,8,180.000000,1,F,F,0,0,T,16,24,0.199999996E-01,28,19,1,1004.50000,0.285714298,9.81000042,2500000.00,0.567051011E-07,1.60000002,15,7,1.00000000,0.00000000,282.000000,18.0000000,92.0000000,70.0000000,0.800000012,0.200000003,308.000000,320.000000,0.140000004E-01,0.130000003E-01,13.0000000,0.140000001,60.0000000,98000.0000,276.500000,0.439999998E-02,0.00000000,1.17999995,28.0000000,0.109999999,0.850000024,0.109999999,0.550000012,0.140000001,0.930000007,5.50000000,0.917748928,0.00000000,0.00000000,0.800000012,276.000000,0.00000000,0.00000000,0.00000000,7.50000000,2.00000000,1.00000000,4.00000000,0.00000000,3.25000000,0.250000000,0.460000010E-02,0.799999980E-04,0.00000000,0.00000000,0.00000000,1.00000000,277.000000,0.00000000,0.00000000,0.00000000,0.00000000,0.00000000,0.500000000,0.307999998,0.307999998,280.200012,0.00000000,0.00000000,27.9262543,0.109635234,0.478712380,0.240822122,0.550000012,0.312920153,0.959213376,5.50000000,1.00000000,0.109272087E-01,0.800000012,0.800000012,275.088806,-18.3836632,0.364931839E-05,9.53732109,7.50131416,0.132026166,0.00000000,0.132026166,-21.8766270,3.25000000,0.750681087E-01,0.488242414E-02,0.00000000,0.00000000,0.485870196E-02,0.491094496E-02,1.00000000,273.149994,0.00000000,915.973633,1260.00000,-1000.00000,0.00000000,0.00000000,0.307998836,0.307998836,280.199951,0.266666651,0.00000000
2,1,usgs_mixed_melt,9,180.000000,1,F,F,0,0,T,16,24,0.199999996E-01,28,19,1,1004.50000,0.285714298,9.81000042,2500000.00,0.567051011E-07,3.00000000,15,7,1.00000000,0.00000000,282.000000,18.0000000,92.0000000,70.0000000,0.800000012,0.200000003,308.000000,320.000000,0.140000004E-01,0.130000003E-01,13.0000000,0.140000001,60.0000000,98000.0000,276.500000,0.439999998E-02,0.00000000,1.17999995,28.0000000,0.109999999,0.850000024,0.109999999,0.550000012,0.140000001,0.930000007,5.50000000,0.917748928,0.00000000,0.00000000,0.800000012,276.000000,0.00000000,0.00000000,0.00000000,7.50000000,2.00000000,1.00000000,4.00000000,0.00000000,3.25000000,0.250000000,0.460000010E-02,0.799999980E-04,0.00000000,0.00000000,0.00000000,1.00000000,277.000000,0.00000000,0.00000000,0.00000000,0.00000000,0.00000000,0.500000000,0.312000006,0.312000006,280.799988,0.00000000,0.00000000,27.9262543,0.109635234,0.478712380,0.240822122,0.550000012,0.312920153,0.959213376,5.50000000,1.00000000,0.109272087E-01,0.800000012,0.800000012,275.088806,-18.3836632,0.364931839E-05,9.53732109,7.50131416,0.132026166,0.00000000,0.132026166,-21.8766270,3.25000000,0.750681087E-01,0.488242414E-02,0.00000000,0.00000000,0.485870196E-02,0.491094496E-02,1.00000000,273.149994,0.00000000,915.973633,1260.00000,-1000.00000,0.00000000,0.00000000,0.312000036,0.312000036,282.000000,0.271111101,0.00000000
2,1,usgs_wetland,1,180.000000,1,F,F,0,0,T,16,24,0.199999996E-01,28,19,1,1004.50000,0.285714298,9.81000042,2500000.00,0.567051011E-07,0.00000000,17,9,1.00000000,0.00000000,288.000000,12.0000000,75.0000000,55.0000000,4.00000000,0.200000003,362.000000,460.000000,0.170000009E-01,0.160000008E-01,16.0000000,0.140000001,60.0000000,98000.0000,290.000000,0.125000002E-01,0.399999990E-04,1.17999995,0.00000000,0.00000000,0.00000000,0.219999999,0.589999974,0.140000001,0.949999988,5.71999979,1.00000000,0.00000000,0.00000000,0.200000003,291.000000,0.00000000,0.00000000,0.00000000,7.50000000,2.00000000,1.00000000,4.00000000,0.00000000,3.25000000,0.250000000,0.00000000,0.600000028E-03,0.00000000,0.00000000,0.00000000,1.00000000,-999.000000,0.00000000,0.00000000,0.00000000,0.00000000,0.00000000,0.500000000,0.400000006,0.400000006,291.000000,0.00000000,0.00000000,0.00000000,0.00000000,0.00000000,0.499676496,0.589999974,0.140000001,0.949999988,5.71999979,1.00000000,0.133583173E-01,0.200000003,0.200000003,291.417664,22.5768681,0.118349162E-04,29.5872898,7.50426102,2.94763947,0.00000000,2.94763947,-80.2102356,3.25000000,0.00000000,0.133169433E-01,0.00000000,0.00000000,0.131419320E-01,0.133169433E-01,0.00000000,291.000000,17.8500061,1257.23999,1353.00000,-1000.00000,0.00000000,0.00000000,0.417712480,0.400000006,291.417664,0.388888866,0.00000000
2,1,usgs_wetland,2,180.000000,1,F,F,0,0,T,16,24,0.199999996E-01,28,19,1,1004.50000,0.285714298,9.81000042,2500000.00,0.567051011E-07,0.999999978E-02,17,9,1.00000000,0.00000000,288.000000,12.0000000,75.0000000,55.0000000,4.00000000,0.200000003,362.000000,460.000000,0.170000009E-01,0.160000008E-01,16.0000000,0.140000001,60.0000000,98000.0000,290.000000,0.125000002E-01,0.399999990E-04,1.17999995,0.00000000,0.00000000,0.00000000,0.219999999,0.589999974,0.140000001,0.949999988,5.71999979,1.00000000,0.00000000,0.00000000,0.200000003,291.000000,0.00000000,0.00000000,0.00000000,7.50000000,2.00000000,1.00000000,4.00000000,0.00000000,3.25000000,0.250000000,0.00000000,0.600000028E-03,0.00000000,0.00000000,0.00000000,1.00000000,-999.000000,0.00000000,0.00000000,0.00000000,0.00000000,0.00000000,0.500000000,0.402999997,0.402999997,290.700012,0.00000000,0.00000000,0.00000000,0.00000000,0.00000000,0.499676496,0.589999974,0.140000001,0.949999988,5.71999979,1.00000000,0.133583173E-01,0.200000003,0.200000003,291.417664,22.5768681,0.118349162E-04,29.5872898,7.50426102,2.94763947,0.00000000,2.94763947,-80.2102356,3.25000000,0.00000000,0.133169433E-01,0.00000000,0.00000000,0.131419320E-01,0.133169433E-01,0.00000000,291.000000,17.8500061,1257.23999,1353.00000,-1000.00000,0.00000000,0.00000000,0.415597022,0.402999997,290.868225,0.392222196,0.00000000
2,1,usgs_wetland,3,180.000000,1,F,F,0,0,T,16,24,0.199999996E-01,28,19,1,1004.50000,0.285714298,9.81000042,2500000.00,0.567051011E-07,0.399999991E-01,17,9,1.00000000,0.00000000,288.000000,12.0000000,75.0000000,55.0000000,4.00000000,0.200000003,362.000000,460.000000,0.170000009E-01,0.160000008E-01,16.0000000,0.140000001,60.0000000,98000.0000,290.000000,0.125000002E-01,0.399999990E-04,1.17999995,0.00000000,0.00000000,0.00000000,0.219999999,0.589999974,0.140000001,0.949999988,5.71999979,1.00000000,0.00000000,0.00000000,0.200000003,291.000000,0.00000000,0.00000000,0.00000000,7.50000000,2.00000000,1.00000000,4.00000000,0.00000000,3.25000000,0.250000000,0.00000000,0.600000028E-03,0.00000000,0.00000000,0.00000000,1.00000000,-999.000000,0.00000000,0.00000000,0.00000000,0.00000000,0.00000000,0.500000000,0.406000018,0.406000018,290.399994,0.00000000,0.00000000,0.00000000,0.00000000,0.00000000,0.499676496,0.589999974,0.140000001,0.949999988,5.71999979,1.00000000,0.133583173E-01,0.200000003,0.200000003,291.417664,22.5768681,0.118349162E-04,29.5872898,7.50426102,2.94763947,0.00000000,2.94763947,-80.2102356,3.25000000,0.00000000,0.133169433E-01,0.00000000,0.00000000,0.131419320E-01,0.133169433E-01,0.00000000,291.000000,17.8500061,1257.23999,1353.00000,-1000.00000,0.00000000,0.00000000,0.411995918,0.406000018,290.418335,0.395555556,0.00000000
2,1,usgs_wetland,4,180.000000,1,F,F,0,0,T,16,24,0.199999996E-01,28,19,1,1004.50000,0.285714298,9.81000042,2500000.00,0.567051011E-07,0.100000001,17,9,1.00000000,0.00000000,288.000000,12.0000000,75.0000000,55.0000000,4.00000000,0.200000003,362.000000,460.000000,0.170000009E-01,0.160000008E-01,16.0000000,0.140000001,60.0000000,98000.0000,290.000000,0.125000002E-01,0.399999990E-04,1.17999995,0.00000000,0.00000000,0.00000000,0.219999999,0.589999974,0.140000001,0.949999988,5.71999979,1.00000000,0.00000000,0.00000000,0.200000003,291.000000,0.00000000,0.00000000,0.00000000,7.50000000,2.00000000,1.00000000,4.00000000,0.00000000,3.25000000,0.250000000,0.00000000,0.600000028E-03,0.00000000,0.00000000,0.00000000,1.00000000,-999.000000,0.00000000,0.00000000,0.00000000,0.00000000,0.00000000,0.500000000,0.409000009,0.409000009,290.100006,0.00000000,0.00000000,0.00000000,0.00000000,0.00000000,0.499676496,0.589999974,0.140000001,0.949999988,5.71999979,1.00000000,0.133583173E-01,0.200000003,0.200000003,291.417664,22.5768681,0.118349162E-04,29.5872898,7.50426102,2.94763947,0.00000000,2.94763947,-80.2102356,3.25000000,0.00000000,0.133169433E-01,0.00000000,0.00000000,0.131419320E-01,0.133169433E-01,0.00000000,291.000000,17.8500061,1257.23999,1353.00000,-1000.00000,0.00000000,0.00000000,0.410057664,0.409000009,290.103119,0.398888856,0.00000000
2,1,usgs_wetland,5,180.000000,1,F,F,0,0,T,16,24,0.199999996E-01,28,19,1,1004.50000,0.285714298,9.81000042,2500000.00,0.567051011E-07,0.300000012,17,9,1.00000000,0.00000000,288.000000,12.0000000,75.0000000,55.0000000,4.00000000,0.200000003,362.000000,460.000000,0.170000009E-01,0.160000008E-01,16.0000000,0.140000001,60.0000000,98000.0000,290.000000,0.125000002E-01,0.399999990E-04,1.17999995,0.00000000,0.00000000,0.00000000,0.219999999,0.589999974,0.140000001,0.949999988,5.71999979,1.00000000,0.00000000,0.00000000,0.200000003,291.000000,0.00000000,0.00000000,0.00000000,7.50000000,2.00000000,1.00000000,4.00000000,0.00000000,3.25000000,0.250000000,0.00000000,0.600000028E-03,0.00000000,0.00000000,0.00000000,1.00000000,-999.000000,0.00000000,0.00000000,0.00000000,0.00000000,0.00000000,0.500000000,0.412000000,0.412000000,289.799988,0.00000000,0.00000000,0.00000000,0.00000000,0.00000000,0.499676496,0.589999974,0.140000001,0.949999988,5.71999979,1.00000000,0.133583173E-01,0.200000003,0.200000003,291.417664,22.5768681,0.118349162E-04,29.5872898,7.50426102,2.94763947,0.00000000,2.94763947,-80.2102356,3.25000000,0.00000000,0.133169433E-01,0.00000000,0.00000000,0.131419320E-01,0.133169433E-01,0.00000000,291.000000,17.8500061,1257.23999,1353.00000,-1000.00000,0.00000000,0.00000000,0.411983490,0.411983490,289.800171,0.402222186,0.00000000
2,1,usgs_wetland,6,180.000000,1,F,F,0,0,T,16,24,0.199999996E-01,28,19,1,1004.50000,0.285714298,9.81000042,2500000.00,0.567051011E-07,0.600000024,17,9,1.00000000,0.00000000,288.000000,12.0000000,75.0000000,55.0000000,4.00000000,0.200000003,362.000000,460.000000,0.170000009E-01,0.160000008E-01,16.0000000,0.140000001,60.0000000,98000.0000,290.000000,0.125000002E-01,0.399999990E-04,1.17999995,0.00000000,0.00000000,0.00000000,0.219999999,0.589999974,0.140000001,0.949999988,5.71999979,1.00000000,0.00000000,0.00000000,0.200000003,291.000000,0.00000000,0.00000000,0.00000000,7.50000000,2.00000000,1.00000000,4.00000000,0.00000000,3.25000000,0.250000000,0.00000000,0.600000028E-03,0.00000000,0.00000000,0.00000000,1.00000000,-999.000000,0.00000000,0.00000000,0.00000000,0.00000000,0.00000000,0.500000000,0.415000021,0.415000021,289.500000,0.00000000,0.00000000,0.00000000,0.00000000,0.00000000,0.499676496,0.589999974,0.140000001,0.949999988,5.71999979,1.00000000,0.133583173E-01,0.200000003,0.200000003,291.417664,22.5768681,0.118349162E-04,29.5872898,7.50426102,2.94763947,0.00000000,2.94763947,-80.2102356,3.25000000,0.00000000,0.133169433E-01,0.00000000,0.00000000,0.131419320E-01,0.133169433E-01,0.00000000,291.000000,17.8500061,1257.23999,1353.00000,-1000.00000,0.00000000,0.00000000,0.414955944,0.414955944,289.500092,0.405555546,0.00000000
2,1,usgs_wetland,7,180.000000,1,F,F,0,0,T,16,24,0.199999996E-01,28,19,1,1004.50000,0.285714298,9.81000042,2500000.00,0.567051011E-07,1.00000000,17,9,1.00000000,0.00000000,288.000000,12.0000000,75.0000000,55.0000000,4.00000000,0.200000003,362.000000,460.000000,0.170000009E-01,0.160000008E-01,16.0000000,0.140000001,60.0000000,98000.0000,290.000000,0.125000002E-01,0.399999990E-04,1.17999995,0.00000000,0.00000000,0.00000000,0.219999999,0.589999974,0.140000001,0.949999988,5.71999979,1.00000000,0.00000000,0.00000000,0.200000003,291.000000,0.00000000,0.00000000,0.00000000,7.50000000,2.00000000,1.00000000,4.00000000,0.00000000,3.25000000,0.250000000,0.00000000,0.600000028E-03,0.00000000,0.00000000,0.00000000,1.00000000,-999.000000,0.00000000,0.00000000,0.00000000,0.00000000,0.00000000,0.500000000,0.418000013,0.418000013,289.200012,0.00000000,0.00000000,0.00000000,0.00000000,0.00000000,0.499676496,0.589999974,0.140000001,0.949999988,5.71999979,1.00000000,0.133583173E-01,0.200000003,0.200000003,291.417664,22.5768681,0.118349162E-04,29.5872898,7.50426102,2.94763947,0.00000000,2.94763947,-80.2102356,3.25000000,0.00000000,0.133169433E-01,0.00000000,0.00000000,0.131419320E-01,0.133169433E-01,0.00000000,291.000000,17.8500061,1257.23999,1353.00000,-1000.00000,0.00000000,0.00000000,0.417965293,0.417965293,289.200073,0.408888876,0.00000000
2,1,usgs_wetland,8,180.000000,1,F,F,0,0,T,16,24,0.199999996E-01,28,19,1,1004.50000,0.285714298,9.81000042,2500000.00,0.567051011E-07,1.60000002,17,9,1.00000000,0.00000000,288.000000,12.0000000,75.0000000,55.0000000,4.00000000,0.200000003,362.000000,460.000000,0.170000009E-01,0.160000008E-01,16.0000000,0.140000001,60.0000000,98000.0000,290.000000,0.125000002E-01,0.399999990E-04,1.17999995,0.00000000,0.00000000,0.00000000,0.219999999,0.589999974,0.140000001,0.949999988,5.71999979,1.00000000,0.00000000,0.00000000,0.200000003,291.000000,0.00000000,0.00000000,0.00000000,7.50000000,2.00000000,1.00000000,4.00000000,0.00000000,3.25000000,0.250000000,0.00000000,0.600000028E-03,0.00000000,0.00000000,0.00000000,1.00000000,-999.000000,0.00000000,0.00000000,0.00000000,0.00000000,0.00000000,0.500000000,0.421000004,0.421000004,288.899994,0.00000000,0.00000000,0.00000000,0.00000000,0.00000000,0.499676496,0.589999974,0.140000001,0.949999988,5.71999979,1.00000000,0.133583173E-01,0.200000003,0.200000003,291.417664,22.5768681,0.118349162E-04,29.5872898,7.50426102,2.94763947,0.00000000,2.94763947,-80.2102356,3.25000000,0.00000000,0.133169433E-01,0.00000000,0.00000000,0.131419320E-01,0.133169433E-01,0.00000000,291.000000,17.8500061,1257.23999,1353.00000,-1000.00000,0.00000000,0.00000000,0.420979053,0.420979053,288.900055,0.412222207,0.00000000
2,1,usgs_wetland,9,180.000000,1,F,F,0,0,T,16,24,0.199999996E-01,28,19,1,1004.50000,0.285714298,9.81000042,2500000.00,0.567051011E-07,3.00000000,17,9,1.00000000,0.00000000,288.000000,12.0000000,75.0000000,55.0000000,4.00000000,0.200000003,362.000000,460.000000,0.170000009E-01,0.160000008E-01,16.0000000,0.140000001,60.0000000,98000.0000,290.000000,0.125000002E-01,0.399999990E-04,1.17999995,0.00000000,0.00000000,0.00000000,0.219999999,0.589999974,0.140000001,0.949999988,5.71999979,1.00000000,0.00000000,0.00000000,0.200000003,291.000000,0.00000000,0.00000000,0.00000000,7.50000000,2.00000000,1.00000000,4.00000000,0.00000000,3.25000000,0.250000000,0.00000000,0.600000028E-03,0.00000000,0.00000000,0.00000000,1.00000000,-999.000000,0.00000000,0.00000000,0.00000000,0.00000000,0.00000000,0.500000000,0.423999995,0.423999995,288.600006,0.00000000,0.00000000,0.00000000,0.00000000,0.00000000,0.499676496,0.589999974,0.140000001,0.949999988,5.71999979,1.00000000,0.133583173E-01,0.200000003,0.200000003,291.417664,22.5768681,0.118349162E-04,29.5872898,7.50426102,2.94763947,0.00000000,2.94763947,-80.2102356,3.25000000,0.00000000,0.133169433E-01,0.00000000,0.00000000,0.131419320E-01,0.133169433E-01,0.00000000,291.000000,17.8500061,1257.23999,1353.00000,-1000.00000,0.00000000,0.00000000,0.423999995,0.423999995,288.000000,0.415555507,0.00000000
2,1,usgs_tundra_subthresh,1,180.000000,1,F,F,0,0,T,16,24,0.199999996E-01,28,19,1,1004.50000,0.285714298,9.81000042,2500000.00,0.567051011E-07,0.00000000,22,2,1.00000000,0.149999997E-01,276.000000,6.00000000,65.0000000,35.0000000,0.349999994,0.200000003,238.000000,195.000000,0.600000005E-02,0.499999989E-02,5.00000000,0.150000006,60.0000000,98000.0000,264.500000,0.159999996E-02,0.00000000,1.17999995,6.00000000,0.299999993E-01,0.400000006,0.999999978E-02,0.649999976,0.150000006,0.920000017,3.34999990,1.00000000,0.00000000,0.00000000,0.100000001,264.000000,0.00000000,0.00000000,0.00000000,7.50000000,2.00000000,1.00000000,4.00000000,0.00000000,3.25000000,0.250000000,0.179999997E-02,0.00000000,0.00000000,0.00000000,0.00000000,1.00000000,265.000000,0.00000000,0.00000000,0.00000000,0.00000000,0.00000000,0.500000000,0.219999999,0.00000000,265.000000,1.00000000,0.00000000,6.32491589,0.328750573E-01,0.123839058,0.348591469E-01,0.649999976,0.211237207,0.927430570,3.34999990,1.00000000,0.421264442E-02,0.100000001,0.100000001,265.198242,3.50662851,0.138410246E-05,3.49355149,7.50049782,0.00000000,0.00000000,0.00000000,90.0308228,3.25000000,0.00000000,0.197511306E-02,0.00000000,0.00000000,0.197121990E-02,0.197511306E-02,1.00000000,265.926422,-8.05969238,754.233337,1230.00000,61.9790688,0.349999994,5.64706755,0.220028877,0.489199013E-01,265.405334,0.190742210,1.00000000
2,1,usgs_tundra_subthresh,2,180.000000,1,F,F,0,0,T,16,24,0.199999996E-01,28,19,1,1004.50000,0.285714298,9.81000042,2500000.00,0.567051011E-07,0.999999978E-02,22,2,1.00000000,0.149999997E-01,276.000000,6.00000000,65.0000000,35.0000000,0.349999994,0.200000003,238.000000,195.000000,0.600000005E-02,0.499999989E-02,5.00000000,0.150000006,60.0000000,98000.0000,264.500000,0.159999996E-02,0.00000000,1.17999995,6.00000000,0.299999993E-01,0.400000006,0.999999978E-02,0.649999976,0.150000006,0.920000017,3.34999990,1.00000000,0.00000000,0.00000000,0.100000001,264.000000,0.00000000,0.00000000,0.00000000,7.50000000,2.00000000,1.00000000,4.00000000,0.00000000,3.25000000,0.250000000,0.179999997E-02,0.00000000,0.00000000,0.00000000,0.00000000,1.00000000,265.000000,0.00000000,0.00000000,0.00000000,0.00000000,0.00000000,0.500000000,0.224999994,0.00000000,266.200012,1.00000000,0.00000000,6.32491589,0.328750573E-01,0.123839058,0.348591469E-01,0.649999976,0.211237207,0.927430570,3.34999990,1.00000000,0.421264442E-02,0.100000001,0.100000001,265.198242,3.50662851,0.138410246E-05,3.49355149,7.50049782,0.00000000,0.00000000,0.00000000,90.0308228,3.25000000,0.00000000,0.197511306E-02,0.00000000,0.00000000,0.197121990E-02,0.197511306E-02,1.00000000,265.926422,-8.05969238,754.233337,1230.00000,61.9790688,0.349999994,5.64706755,0.224990919,0.496433452E-01,265.873810,0.194251463,0.00000000
2,1,usgs_tundra_subthresh,3,180.000000,1,F,F,0,0,T,16,24,0.199999996E-01,28,19,1,1004.50000,0.285714298,9.81000042,2500000.00,0.567051011E-07,0.399999991E-01,22,2,1.00000000,0.149999997E-01,276.000000,6.00000000,65.0000000,35.0000000,0.349999994,0.200000003,238.000000,195.000000,0.600000005E-02,0.499999989E-02,5.00000000,0.150000006,60.0000000,98000.0000,264.500000,0.159999996E-02,0.00000000,1.17999995,6.00000000,0.299999993E-01,0.400000006,0.999999978E-02,0.649999976,0.150000006,0.920000017,3.34999990,1.00000000,0.00000000,0.00000000,0.100000001,264.000000,0.00000000,0.00000000,0.00000000,7.50000000,2.00000000,1.00000000,4.00000000,0.00000000,3.25000000,0.250000000,0.179999997E-02,0.00000000,0.00000000,0.00000000,0.00000000,1.00000000,265.000000,0.00000000,0.00000000,0.00000000,0.00000000,0.00000000,0.500000000,0.230000004,0.00000000,267.399994,1.00000000,0.00000000,6.32491589,0.328750573E-01,0.123839058,0.348591469E-01,0.649999976,0.211237207,0.927430570,3.34999990,1.00000000,0.421264442E-02,0.100000001,0.100000001,265.198242,3.50662851,0.138410246E-05,3.49355149,7.50049782,0.00000000,0.00000000,0.00000000,90.0308228,3.25000000,0.00000000,0.197511306E-02,0.00000000,0.00000000,0.197121990E-02,0.197511306E-02,1.00000000,265.926422,-8.05969238,754.233337,1230.00000,61.9790688,0.349999994,5.64706755,0.229999274,0.522275344E-01,267.295959,0.197281808,0.00000000
2,1,usgs_tundra_subthresh,4,180.000000,1,F,F,0,0,T,16,24,0.199999996E-01,28,19,1,1004.50000,0.285714298,9.81000042,2500000.00,0.567051011E-07,0.100000001,22,2,1.00000000,0.149999997E-01,276.000000,6.00000000,65.0000000,35.0000000,0.349999994,0.200000003,238.000000,195.000000,0.600000005E-02,0.499999989E-02,5.00000000,0.150000006,60.0000000,98000.0000,264.500000,0.159999996E-02,0.00000000,1.17999995,6.00000000,0.299999993E-01,0.400000006,0.999999978E-02,0.649999976,0.150000006,0.920000017,3.34999990,1.00000000,0.00000000,0.00000000,0.100000001,264.000000,0.00000000,0.00000000,0.00000000,7.50000000,2.00000000,1.00000000,4.00000000,0.00000000,3.25000000,0.250000000,0.179999997E-02,0.00000000,0.00000000,0.00000000,0.00000000,1.00000000,265.000000,0.00000000,0.00000000,0.00000000,0.00000000,0.00000000,0.500000000,0.234999999,0.00000000,268.600006,1.00000000,0.00000000,6.32491589,0.328750573E-01,0.123839058,0.348591469E-01,0.649999976,0.211237207,0.927430570,3.34999990,1.00000000,0.421264442E-02,0.100000001,0.100000001,265.198242,3.50662851,0.138410246E-05,3.49355149,7.50049782,0.00000000,0.00000000,0.00000000,90.0308228,3.25000000,0.00000000,0.197511306E-02,0.00000000,0.00000000,0.197121990E-02,0.197511306E-02,1.00000000,265.926422,-8.05969238,754.233337,1230.00000,61.9790688,0.349999994,5.64706755,0.234999329,0.553231984E-01,268.579132,0.199575514,0.00000000
2,1,usgs_tundra_subthresh,5,180.000000,1,F,F,0,0,T,16,24,0.199999996E-01,28,19,1,1004.50000,0.285714298,9.81000042,2500000.00,0.567051011E-07,0.300000012,22,2,1.00000000,0.149999997E-01,276.000000,6.00000000,65.0000000,35.0000000,0.349999994,0.200000003,238.000000,195.000000,0.600000005E-02,0.499999989E-02,5.00000000,0.150000006,60.0000000,98000.0000,264.500000,0.159999996E-02,0.00000000,1.17999995,6.00000000,0.299999993E-01,0.400000006,0.999999978E-02,0.649999976,0.150000006,0.920000017,3.34999990,1.00000000,0.00000000,0.00000000,0.100000001,264.000000,0.00000000,0.00000000,0.00000000,7.50000000,2.00000000,1.00000000,4.00000000,0.00000000,3.25000000,0.250000000,0.179999997E-02,0.00000000,0.00000000,0.00000000,0.00000000,1.00000000,265.000000,0.00000000,0.00000000,0.00000000,0.00000000,0.00000000,0.500000000,0.239999995,0.00000000,269.799988,1.00000000,0.00000000,6.32491589,0.328750573E-01,0.123839058,0.348591469E-01,0.649999976,0.211237207,0.927430570,3.34999990,1.00000000,0.421264442E-02,0.100000001,0.100000001,265.198242,3.50662851,0.138410246E-05,3.49355149,7.50049782,0.00000000,0.00000000,0.00000000,90.0308228,3.25000000,0.00000000,0.197511306E-02,0.00000000,0.00000000,0.197121990E-02,0.197511306E-02,1.00000000,265.926422,-8.05969238,754.233337,1230.00000,61.9790688,0.349999994,5.64706755,0.240000144,0.594448484E-01,269.798187,0.200608626,0.00000000
2,1,usgs_tundra_subthresh,6,180.000000,1,F,F,0,0,T,16,24,0.199999996E-01,28,19,1,1004.50000,0.285714298,9.81000042,2500000.00,0.567051011E-07,0.600000024,22,2,1.00000000,0.149999997E-01,276.000000,6.00000000,65.0000000,35.0000000,0.349999994,0.200000003,238.000000,195.000000,0.600000005E-02,0.499999989E-02,5.00000000,0.150000006,60.0000000,98000.0000,264.500000,0.159999996E-02,0.00000000,1.17999995,6.00000000,0.299999993E-01,0.400000006,0.999999978E-02,0.649999976,0.150000006,0.920000017,3.34999990,1.00000000,0.00000000,0.00000000,0.100000001,264.000000,0.00000000,0.00000000,0.00000000,7.50000000,2.00000000,1.00000000,4.00000000,0.00000000,3.25000000,0.250000000,0.179999997E-02,0.00000000,0.00000000,0.00000000,0.00000000,1.00000000,265.000000,0.00000000,0.00000000,0.00000000,0.00000000,0.00000000,0.500000000,0.245000005,0.00000000,271.000000,1.00000000,0.00000000,6.32491589,0.328750573E-01,0.123839058,0.348591469E-01,0.649999976,0.211237207,0.927430570,3.34999990,1.00000000,0.421264442E-02,0.100000001,0.100000001,265.198242,3.50662851,0.138410246E-05,3.49355149,7.50049782,0.00000000,0.00000000,0.00000000,90.0308228,3.25000000,0.00000000,0.197511306E-02,0.00000000,0.00000000,0.197121990E-02,0.197511306E-02,1.00000000,265.926422,-8.05969238,754.233337,1230.00000,61.9790688,0.349999994,5.64706755,0.245000362,0.658487007E-01,270.999237,0.199051023,0.00000000
2,1,usgs_tundra_subthresh,7,180.000000,1,F,F,0,0,T,16,24,0.199999996E-01,28,19,1,1004.50000,0.285714298,9.81000042,2500000.00,0.567051011E-07,1.00000000,22,2,1.00000000,0.149999997E-01,276.000000,6.00000000,65.0000000,35.0000000,0.349999994,0.200000003,238.000000,195.000000,0.600000005E-02,0.499999989E-02,5.00000000,0.150000006,60.0000000,98000.0000,264.500000,0.159999996E-02,0.00000000,1.17999995,6.00000000,0.299999993E-01,0.400000006,0.999999978E-02,0.649999976,0.150000006,0.920000017,3.34999990,1.00000000,0.00000000,0.00000000,0.100000001,264.000000,0.00000000,0.00000000,0.00000000,7.50000000,2.00000000,1.00000000,4.00000000,0.00000000,3.25000000,0.250000000,0.179999997E-02,0.00000000,0.00000000,0.00000000,0.00000000,1.00000000,265.000000,0.00000000,0.00000000,0.00000000,0.00000000,0.00000000,0.500000000,0.250000000,0.00000000,272.200012,1.00000000,0.00000000,6.32491589,0.328750573E-01,0.123839058,0.348591469E-01,0.649999976,0.211237207,0.927430570,3.34999990,1.00000000,0.421264442E-02,0.100000001,0.100000001,265.198242,3.50662851,0.138410246E-05,3.49355149,7.50049782,0.00000000,0.00000000,0.00000000,90.0308228,3.25000000,0.00000000,0.197511306E-02,0.00000000,0.00000000,0.197121990E-02,0.197511306E-02,1.00000000,265.926422,-8.05969238,754.233337,1230.00000,61.9790688,0.349999994,5.64706755,0.249982953,0.794260204E-01,272.199585,0.189517543,0.00000000
2,1,usgs_tundra_subthresh,8,180.000000,1,F,F,0,0,T,16,24,0.199999996E-01,28,19,1,1004.50000,0.285714298,9.81000042,2500000.00,0.567051011E-07,1.60000002,22,2,1.00000000,0.149999997E-01,276.000000,6.00000000,65.0000000,35.0000000,0.349999994,0.200000003,238.000000,195.000000,0.600000005E-02,0.499999989E-02,5.00000000,0.150000006,60.0000000,98000.0000,264.500000,0.159999996E-02,0.00000000,1.17999995,6.00000000,0.299999993E-01,0.400000006,0.999999978E-02,0.649999976,0.150000006,0.920000017,3.34999990,1.00000000,0.00000000,0.00000000,0.100000001,264.000000,0.00000000,0.00000000,0.00000000,7.50000000,2.00000000,1.00000000,4.00000000,0.00000000,3.25000000,0.250000000,0.179999997E-02,0.00000000,0.00000000,0.00000000,0.00000000,1.00000000,265.000000,0.00000000,0.00000000,0.00000000,0.00000000,0.00000000,0.500000000,0.254999995,0.00000000,273.399994,1.00000000,0.00000000,6.32491589,0.328750573E-01,0.123839058,0.348591469E-01,0.649999976,0.211237207,0.927430570,3.34999990,1.00000000,0.421264442E-02,0.100000001,0.100000001,265.198242,3.50662851,0.138410246E-05,3.49355149,7.50049782,0.00000000,0.00000000,0.00000000,90.0308228,3.25000000,0.00000000,0.197511306E-02,0.00000000,0.00000000,0.197121990E-02,0.197511306E-02,1.00000000,265.926422,-8.05969238,754.233337,1230.00000,61.9790688,0.349999994,5.64706755,0.254991859,0.254991859,273.400085,0.244444430,0.00000000
2,1,usgs_tundra_subthresh,9,180.000000,1,F,F,0,0,T,16,24,0.199999996E-01,28,19,1,1004.50000,0.285714298,9.81000042,2500000.00,0.567051011E-07,3.00000000,22,2,1.00000000,0.149999997E-01,276.000000,6.00000000,65.0000000,35.0000000,0.349999994,0.200000003,238.000000,195.000000,0.600000005E-02,0.499999989E-02,5.00000000,0.150000006,60.0000000,98000.0000,264.500000,0.159999996E-02,0.00000000,1.17999995,6.00000000,0.299999993E-01,0.400000006,0.999999978E-02,0.649999976,0.150000006,0.920000017,3.34999990,1.00000000,0.00000000,0.00000000,0.100000001,264.000000,0.00000000,0.00000000,0.00000000,7.50000000,2.00000000,1.00000000,4.00000000,0.00000000,3.25000000,0.250000000,0.179999997E-02,0.00000000,0.00000000,0.00000000,0.00000000,1.00000000,265.000000,0.00000000,0.00000000,0.00000000,0.00000000,0.00000000,0.500000000,0.259999990,0.00000000,274.600006,1.00000000,0.00000000,6.32491589,0.328750573E-01,0.123839058,0.348591469E-01,0.649999976,0.211237207,0.927430570,3.34999990,1.00000000,0.421264442E-02,0.100000001,0.100000001,265.198242,3.50662851,0.138410246E-05,3.49355149,7.50049782,0.00000000,0.00000000,0.00000000,90.0308228,3.25000000,0.00000000,0.197511306E-02,0.00000000,0.00000000,0.197121990E-02,0.197511306E-02,1.00000000,265.926422,-8.05969238,754.233337,1230.00000,61.9790688,0.349999994,5.64706755,0.259999990,0.259999990,276.000000,0.249999985,0.00000000
2,2,usgs_crop_rain,1,180.000000,2,F,F,0,0,T,16,24,0.199999996E-01,28,19,1,1004.50000,0.285714298,9.81000042,2500000.00,0.567051011E-07,0.00000000,3,4,1.00000000,0.00000000,287.000000,10.0000000,95.0000000,80.0000000,1.50000000,0.200000003,345.000000,505.000000,0.149999997E-01,0.140000004E-01,14.0000000,0.180000007,60.0000000,98000.0000,291.000000,0.104999999E-01,0.999999975E-05,1.17999995,0.00000000,0.00000000,0.00000000,0.481081992,0.639999986,0.180000007,0.920000017,5.67999983,0.912103236,0.117079914E-01,0.177941173,0.177941173,290.236481,-10.6571531,0.235974221E-04,58.9935570,7.50849533,0.204055622,0.00000000,0.204055622,-5.04107332,3.25000000,0.00000000,0.117554972E-01,0.00000000,0.00000000,0.116189113E-01,0.123610245E-01,1.00000000,291.000000,18.3500061,856.410828,1455.00000,-1000.00000,0.00000000,0.00000000,0.339554578,0.259999990,290.236481,0.251111090,0.00000000,0.00000000,0.00000000,0.00000000,0.498686582,0.639999986,0.180000007,0.920000017,5.67999983,0.950833082,0.117079914E-01,0.177941173,0.177941173,290.883606,-1.62462044,0.241210400E-04,60.3026009,7.51717854,0.495954096,0.00000000,0.495954096,-73.4809418,3.25000000,0.00000000,0.126680601E-01,0.00000000,0.00000000,0.125095882E-01,0.128769903E-01,1.00000000,291.000000,18.3500061,857.597412,1455.00000,-1000.00000,0.00000000,0.00000000,0.352529079,0.339554578,290.883606,0.339505076,0.00000000
2,2,usgs_crop_rain,2,180.000000,2,F,F,0,0,T,16,24,0.199999996E-01,28,19,1,1004.50000,0.285714298,9.81000042,2500000.00,0.567051011E-07,0.999999978E-02,3,4,1.00000000,0.00000000,287.000000,10.0000000,95.0000000,80.0000000,1.50000000,0.200000003,345.000000,505.000000,0.149999997E-01,0.140000004E-01,14.0000000,0.180000007,60.0000000,98000.0000,291.000000,0.104999999E-01,0.999999975E-05,1.17999995,0.00000000,0.00000000,0.00000000,0.481081992,0.639999986,0.180000007,0.920000017,5.67999983,0.912103236,0.117079914E-01,0.177941173,0.177941173,290.236481,-10.6571531,0.235974221E-04,58.9935570,7.50849533,0.204055622,0.00000000,0.204055622,-5.04107332,3.25000000,0.00000000,0.117554972E-01,0.00000000,0.00000000,0.116189113E-01,0.123610245E-01,1.00000000,291.000000,18.3500061,856.410828,1455.00000,-1000.00000,0.00000000,0.00000000,0.290102363,0.263999999,290.185913,0.255555540,0.00000000,0.00000000,0.00000000,0.00000000,0.498686582,0.639999986,0.180000007,0.920000017,5.67999983,0.950833082,0.117079914E-01,0.177941173,0.177941173,290.883606,-1.62462044,0.241210400E-04,60.3026009,7.51717854,0.495954096,0.00000000,0.495954096,-73.4809418,3.25000000,0.00000000,0.126680601E-01,0.00000000,0.00000000,0.125095882E-01,0.128769903E-01,1.00000000,291.000000,18.3500061,857.597412,1455.00000,-1000.00000,0.00000000,0.00000000,0.328909367,0.290102363,290.206726,0.284558147,0.00000000
2,2,usgs_crop_rain,3,180.000000,2,F,F,0,0,T,16,24,0.199999996E-01,28,19,1,1004.50000,0.285714298,9.81000042,2500000.00,0.567051011E-07,0.399999991E-01,3,4,1.00000000,0.00000000,287.000000,10.0000000,95.0000000,80.0000000,1.50000000,0.200000003,345.000000,505.000000,0.149999997E-01,0.140000004E-01,14.0000000,0.180000007,60.0000000,98000.0000,291.000000,0.104999999E-01,0.999999975E-05,1.17999995,0.00000000,0.00000000,0.00000000,0.481081992,0.639999986,0.180000007,0.920000017,5.67999983,0.912103236,0.117079914E-01,0.177941173,0.177941173,290.236481,-10.6571531,0.235974221E-04,58.9935570,7.50849533,0.204055622,0.00000000,0.204055622,-5.04107332,3.25000000,0.00000000,0.117554972E-01,0.00000000,0.00000000,0.116189113E-01,0.123610245E-01,1.00000000,291.000000,18.3500061,856.410828,1455.00000,-1000.00000,0.00000000,0.00000000,0.270153165,0.267999977,289.235596,0.259999961,0.00000000,0.00000000,0.00000000,0.00000000,0.498686582,0.639999986,0.180000007,0.920000017,5.67999983,0.950833082,0.117079914E-01,0.177941173,0.177941173,290.883606,-1.62462044,0.241210400E-04,60.3026009,7.51717854,0.495954096,0.00000000,0.495954096,-73.4809418,3.25000000,0.00000000,0.126680601E-01,0.00000000,0.00000000,0.125095882E-01,0.128769903E-01,1.00000000,291.000000,18.3500061,857.597412,1455.00000,-1000.00000,0.00000000,0.00000000,0.277537763,0.270153165,289.270905,0.262392372,0.00000000
2,2,usgs_crop_rain,4,180.000000,2,F,F,0,0,T,16,24,0.199999996E-01,28,19,1,1004.50000,0.285714298,9.81000042,2500000.00,0.567051011E-07,0.100000001,3,4,1.00000000,0.00000000,287.000000,10.0000000,95.0000000,80.0000000,1.50000000,0.200000003,345.000000,505.000000,0.149999997E-01,0.140000004E-01,14.0000000,0.180000007,60.0000000,98000.0000,291.000000,0.104999999E-01,0.999999975E-05,1.17999995,0.00000000,0.00000000,0.00000000,0.481081992,0.639999986,0.180000007,0.920000017,5.67999983,0.912103236,0.117079914E-01,0.177941173,0.177941173,290.236481,-10.6571531,0.235974221E-04,58.9935570,7.50849533,0.204055622,0.00000000,0.204055622,-5.04107332,3.25000000,0.00000000,0.117554972E-01,0.00000000,0.00000000,0.116189113E-01,0.123610245E-01,1.00000000,291.000000,18.3500061,856.410828,1455.00000,-1000.00000,0.00000000,0.00000000,0.271987647,0.271987647,288.308380,0.264444411,0.00000000,0.00000000,0.00000000,0.00000000,0.498686582,0.639999986,0.180000007,0.920000017,5.67999983,0.950833082,0.117079914E-01,0.177941173,0.177941173,290.883606,-1.62462044,0.241210400E-04,60.3026009,7.51717854,0.495954096,0.00000000,0.495954096,-73.4809418,3.25000000,0.00000000,0.126680601E-01,0.00000000,0.00000000,0.125095882E-01,0.128769903E-01,1.00000000,291.000000,18.3500061,857.597412,1455.00000,-1000.00000,0.00000000,0.00000000,0.272121549,0.271987647,288.317108,0.264430702,0.00000000
2,2,usgs_crop_rain,5,180.000000,2,F,F,0,0,T,16,24,0.199999996E-01,28,19,1,1004.50000,0.285714298,9.81000042,2500000.00,0.567051011E-07,0.300000012,3,4,1.00000000,0.00000000,287.000000,10.0000000,95.0000000,80.0000000,1.50000000,0.200000003,345.000000,505.000000,0.149999997E-01,0.140000004E-01,14.0000000,0.180000007,60.0000000,98000.0000,291.000000,0.104999999E-01,0.999999975E-05,1.17999995,0.00000000,0.00000000,0.00000000,0.481081992,0.639999986,0.180000007,0.920000017,5.67999983,0.912103236,0.117079914E-01,0.177941173,0.177941173,290.236481,-10.6571531,0.235974221E-04,58.9935570,7.50849533,0.204055622,0.00000000,0.204055622,-5.04107332,3.25000000,0.00000000,0.117554972E-01,0.00000000,0.00000000,0.116189113E-01,0.123610245E-01,1.00000000,291.000000,18.3500061,856.410828,1455.00000,-1000.00000,0.00000000,0.00000000,0.275993943,0.275993943,287.400635,0.268888861,0.00000000,0.00000000,0.00000000,0.00000000,0.498686582,0.639999986,0.180000007,0.920000017,5.67999983,0.950833082,0.117079914E-01,0.177941173,0.177941173,290.883606,-1.62462044,0.241210400E-04,60.3026009,7.51717854,0.495954096,0.00000000,0.495954096,-73.4809418,3.25000000,0.00000000,0.126680601E-01,0.00000000,0.00000000,0.125095882E-01,0.128769903E-01,1.00000000,291.000000,18.3500061,857.597412,1455.00000,-1000.00000,0.00000000,0.00000000,0.275988489,0.275988489,287.401276,0.268882126,0.00000000
2,2,usgs_crop_rain,6,180.000000,2,F,F,0,0,T,16,24,0.199999996E-01,28,19,1,1004.50000,0.285714298,9.81000042,2500000.00,0.567051011E-07,0.600000024,3,4,1.00000000,0.00000000,287.000000,10.0000000,95.0000000,80.0000000,1.50000000,0.200000003,345.000000,505.000000,0.149999997E-01,0.140000004E-01,14.0000000,0.180000007,60.0000000,98000.0000,291.000000,0.104999999E-01,0.999999975E-05,1.17999995,0.00000000,0.00000000,0.00000000,0.481081992,0.639999986,0.180000007,0.920000017,5.67999983,0.912103236,0.117079914E-01,0.177941173,0.177941173,290.236481,-10.6571531,0.235974221E-04,58.9935570,7.50849533,0.204055622,0.00000000,0.204055622,-5.04107332,3.25000000,0.00000000,0.117554972E-01,0.00000000,0.00000000,0.116189113E-01,0.123610245E-01,1.00000000,291.000000,18.3500061,856.410828,1455.00000,-1000.00000,0.00000000,0.00000000,0.279996246,0.279996246,286.500214,0.273333311,0.00000000,0.00000000,0.00000000,0.00000000,0.498686582,0.639999986,0.180000007,0.920000017,5.67999983,0.950833082,0.117079914E-01,0.177941173,0.177941173,290.883606,-1.62462044,0.241210400E-04,60.3026009,7.51717854,0.495954096,0.00000000,0.495954096,-73.4809418,3.25000000,0.00000000,0.126680601E-01,0.00000000,0.00000000,0.125095882E-01,0.128769903E-01,1.00000000,291.000000,18.3500061,857.597412,1455.00000,-1000.00000,0.00000000,0.00000000,0.279992640,0.279992640,286.500427,0.273329139,0.00000000
2,2,usgs_crop_rain,7,180.000000,2,F,F,0,0,T,16,24,0.199999996E-01,28,19,1,1004.50000,0.285714298,9.81000042,2500000.00,0.567051011E-07,1.00000000,3,4,1.00000000,0.00000000,287.000000,10.0000000,95.0000000,80.0000000,1.50000000,0.200000003,345.000000,505.000000,0.149999997E-01,0.140000004E-01,14.0000000,0.180000007,60.0000000,98000.0000,291.000000,0.104999999E-01,0.999999975E-05,1.17999995,0.00000000,0.00000000,0.00000000,0.481081992,0.639999986,0.180000007,0.920000017,5.67999983,0.912103236,0.117079914E-01,0.177941173,0.177941173,290.236481,-10.6571531,0.235974221E-04,58.9935570,7.50849533,0.204055622,0.00000000,0.204055622,-5.04107332,3.25000000,0.00000000,0.117554972E-01,0.00000000,0.00000000,0.116189113E-01,0.123610245E-01,1.00000000,291.000000,18.3500061,856.410828,1455.00000,-1000.00000,0.00000000,0.00000000,0.283998817,0.283998817,285.600128,0.277777731,0.00000000,0.00000000,0.00000000,0.00000000,0.498686582,0.639999986,0.180000007,0.920000017,5.67999983,0.950833082,0.117079914E-01,0.177941173,0.177941173,290.883606,-1.62462044,0.241210400E-04,60.3026009,7.51717854,0.495954096,0.00000000,0.495954096,-73.4809418,3.25000000,0.00000000,0.126680601E-01,0.00000000,0.00000000,0.125095882E-01,0.128769903E-01,1.00000000,291.000000,18.3500061,857.597412,1455.00000,-1000.00000,0.00000000,0.00000000,0.283997625,0.283997625,285.600250,0.277776450,0.00000000
2,2,usgs_crop_rain,8,180.000000,2,F,F,0,0,T,16,24,0.199999996E-01,28,19,1,1004.50000,0.285714298,9.81000042,2500000.00,0.567051011E-07,1.60000002,3,4,1.00000000,0.00000000,287.000000,10.0000000,95.0000000,80.0000000,1.50000000,0.200000003,345.000000,505.000000,0.149999997E-01,0.140000004E-01,14.0000000,0.180000007,60.0000000,98000.0000,291.000000,0.104999999E-01,0.999999975E-05,1.17999995,0.00000000,0.00000000,0.00000000,0.481081992,0.639999986,0.180000007,0.920000017,5.67999983,0.912103236,0.117079914E-01,0.177941173,0.177941173,290.236481,-10.6571531,0.235974221E-04,58.9935570,7.50849533,0.204055622,0.00000000,0.204055622,-5.04107332,3.25000000,0.00000000,0.117554972E-01,0.00000000,0.00000000,0.116189113E-01,0.123610245E-01,1.00000000,291.000000,18.3500061,856.410828,1455.00000,-1000.00000,0.00000000,0.00000000,0.287999123,0.287999123,284.700073,0.282222182,0.00000000,0.00000000,0.00000000,0.00000000,0.498686582,0.639999986,0.180000007,0.920000017,5.67999983,0.950833082,0.117079914E-01,0.177941173,0.177941173,290.883606,-1.62462044,0.241210400E-04,60.3026009,7.51717854,0.495954096,0.00000000,0.495954096,-73.4809418,3.25000000,0.00000000,0.126680601E-01,0.00000000,0.00000000,0.125095882E-01,0.128769903E-01,1.00000000,291.000000,18.3500061,857.597412,1455.00000,-1000.00000,0.00000000,0.00000000,0.287998259,0.287998259,284.700378,0.282221228,0.00000000
2,2,usgs_crop_rain,9,180.000000,2,F,F,0,0,T,16,24,0.199999996E-01,28,19,1,1004.50000,0.285714298,9.81000042,2500000.00,0.567051011E-07,3.00000000,3,4,1.00000000,0.00000000,287.000000,10.0000000,95.0000000,80.0000000,1.50000000,0.200000003,345.000000,505.000000,0.149999997E-01,0.140000004E-01,14.0000000,0.180000007,60.0000000,98000.0000,291.000000,0.104999999E-01,0.999999975E-05,1.17999995,0.00000000,0.00000000,0.00000000,0.481081992,0.639999986,0.180000007,0.920000017,5.67999983,0.912103236,0.117079914E-01,0.177941173,0.177941173,290.236481,-10.6571531,0.235974221E-04,58.9935570,7.50849533,0.204055622,0.00000000,0.204055622,-5.04107332,3.25000000,0.00000000,0.117554972E-01,0.00000000,0.00000000,0.116189113E-01,0.123610245E-01,1.00000000,291.000000,18.3500061,856.410828,1455.00000,-1000.00000,0.00000000,0.00000000,0.291999996,0.291999996,287.000000,0.286666632,0.00000000,0.00000000,0.00000000,0.00000000,0.498686582,0.639999986,0.180000007,0.920000017,5.67999983,0.950833082,0.117079914E-01,0.177941173,0.177941173,290.883606,-1.62462044,0.241210400E-04,60.3026009,7.51717854,0.495954096,0.00000000,0.495954096,-73.4809418,3.25000000,0.00000000,0.126680601E-01,0.00000000,0.00000000,0.125095882E-01,0.128769903E-01,1.00000000,291.000000,18.3500061,857.597412,1455.00000,-1000.00000,0.00000000,0.00000000,0.291999996,0.291999996,287.000000,0.286666632,0.00000000
2,2,usgs_grass_allsnow,1,180.000000,2,F,F,0,0,T,16,24,0.199999996E-01,28,19,1,1004.50000,0.285714298,9.81000042,2500000.00,0.567051011E-07,0.00000000,7,6,1.00000000,0.00000000,281.000000,12.0000000,88.0000000,60.0000000,0.699999988,0.200000003,295.000000,415.000000,0.109999999E-01,0.999999978E-02,10.0000000,0.189999998,60.0000000,98000.0000,270.000000,0.260000001E-02,0.00000000,1.17999995,0.618667901,0.799888838E-02,0.587888062E-01,0.140189424,0.639999986,0.213914767,0.920000017,2.90000010,1.00000000,0.841822661E-02,0.750000030E-01,0.750000030E-01,271.095245,10.9918547,0.370374914E-05,9.32002926,7.50133324,0.00000000,0.00000000,0.00000000,-54.3398094,3.25000000,0.00000000,0.326924375E-02,0.00000000,0.00000000,0.325859082E-02,0.326924375E-02,1.00000000,270.684875,-2.51089478,1016.54828,1353.00000,77.3442383,0.699999988,9.05044746,0.322252333,0.140391186,271.100647,0.211667657,1.00000000,1.23686469,0.159916840E-01,0.618553236E-01,0.220344573,0.639999986,0.639999986,0.980000019,2.90000010,1.00000000,0.841822661E-02,0.750000030E-01,0.750000030E-01,271.551941,15.5752344,0.458147451E-05,12.9884806,7.50298214,0.00000000,0.00000000,0.00000000,-16.8357315,3.25000000,0.00000000,0.339617836E-02,0.00000000,0.00000000,0.338468351E-02,0.339617836E-02,1.00000000,271.160278,-1.79388428,1016.54663,1353.00000,77.3442383,0.699999988,18.1008949,0.323222131,0.141133055,271.160278,0.202106759,1.00000000
2,2,usgs_grass_allsnow,2,180.000000,2,F,F,0,0,T,16,24,0.199999996E-01,28,19,1,1004.50000,0.285714298,9.81000042,2500000.00,0.567051011E-07,0.999999978E-02,7,6,1.00000000,0.00000000,281.000000,12.0000000,88.0000000,60.0000000,0.699999988,0.200000003,295.000000,415.000000,0.109999999E-01,0.999999978E-02,10.0000000,0.189999998,60.0000000,98000.0000,270.000000,0.260000001E-02,0.00000000,1.17999995,0.618667901,0.799888838E-02,0.587888062E-01,0.140189424,0.639999986,0.213914767,0.920000017,2.90000010,1.00000000,0.841822661E-02,0.750000030E-01,0.750000030E-01,271.095245,10.9918547,0.370374914E-05,9.32002926,7.50133324,0.00000000,0.00000000,0.00000000,-54.3398094,3.25000000,0.00000000,0.326924375E-02,0.00000000,0.00000000,0.325859082E-02,0.326924375E-02,1.00000000,270.684875,-2.51089478,1016.54828,1353.00000,77.3442383,0.699999988,9.05044746,0.323193520,0.136695892,270.789642,0.206879795,0.00000000,1.23686469,0.159916840E-01,0.618553236E-01,0.220344573,0.639999986,0.639999986,0.980000019,2.90000010,1.00000000,0.841822661E-02,0.750000030E-01,0.750000030E-01,271.551941,15.5752344,0.458147451E-05,12.9884806,7.50298214,0.00000000,0.00000000,0.00000000,-16.8357315,3.25000000,0.00000000,0.339617836E-02,0.00000000,0.00000000,0.338468351E-02,0.339617836E-02,1.00000000,271.160278,-1.79388428,1016.54663,1353.00000,77.3442383,0.699999988,18.1008949,0.323585093,0.138106123,270.915649,0.207219750,1.00000000
2,2,usgs_grass_allsnow,3,180.000000,2,F,F,0,0,T,16,24,0.199999996E-01,28,19,1,1004.50000,0.285714298,9.81000042,2500000.00,0.567051011E-07,0.399999991E-01,7,6,1.00000000,0.00000000,281.000000,12.0000000,88.0000000,60.0000000,0.699999988,0.200000003,295.000000,415.000000,0.109999999E-01,0.999999978E-02,10.0000000,0.189999998,60.0000000,98000.0000,270.000000,0.260000001E-02,0.00000000,1.17999995,0.618667901,0.799888838E-02,0.587888062E-01,0.140189424,0.639999986,0.213914767,0.920000017,2.90000010,1.00000000,0.841822661E-02,0.750000030E-01,0.750000030E-01,271.095245,10.9918547,0.370374914E-05,9.32002926,7.50133324,0.00000000,0.00000000,0.00000000,-54.3398094,3.25000000,0.00000000,0.326924375E-02,0.00000000,0.00000000,0.325859082E-02,0.326924375E-02,1.00000000,270.684875,-2.51089478,1016.54828,1353.00000,77.3442383,0.699999988,9.05044746,0.325932473,0.147508696,271.579498,0.197921380,0.00000000,1.23686469,0.159916840E-01,0.618553236E-01,0.220344573,0.639999986,0.639999986,0.980000019,2.90000010,1.00000000,0.841822661E-02,0.750000030E-01,0.750000030E-01,271.551941,15.5752344,0.458147451E-05,12.9884806,7.50298214,0.00000000,0.00000000,0.00000000,-16.8357315,3.25000000,0.00000000,0.339617836E-02,0.00000000,0.00000000,0.338468351E-02,0.339617836E-02,1.00000000,271.160278,-1.79388428,1016.54663,1353.00000,77.3442383,0.699999988,18.1008949,0.325912803,0.147202969,271.561951,0.198248833,0.00000000
2,2,usgs_grass_allsnow,4,180.000000,2,F,F,0,0,T,16,24,0.199999996E-01,28,19,1,1004.50000,0.285714298,9.81000042,2500000.00,0.567051011E-07,0.100000001,7,6,1.00000000,0.00000000,281.000000,12.0000000,88.0000000,60.0000000,0.699999988,0.200000003,295.000000,415.000000,0.109999999E-01,0.999999978E-02,10.0000000,0.189999998,60.0000000,98000.0000,270.000000,0.260000001E-02,0.00000000,1.17999995,0.618667901,0.799888838E-02,0.587888062E-01,0.140189424,0.639999986,0.213914767,0.920000017,2.90000010,1.00000000,0.841822661E-02,0.750000030E-01,0.750000030E-01,271.095245,10.9918547,0.370374914E-05,9.32002926,7.50133324,0.00000000,0.00000000,0.00000000,-54.3398094,3.25000000,0.00000000,0.326924375E-02,0.00000000,0.00000000,0.325859082E-02,0.326924375E-02,1.00000000,270.684875,-2.51089478,1016.54828,1353.00000,77.3442383,0.699999988,9.05044746,0.328947634,0.169160351,272.397095,0.177464634,0.00000000,1.23686469,0.159916840E-01,0.618553236E-01,0.220344573,0.639999986,0.639999986,0.980000019,2.90000010,1.00000000,0.841822661E-02,0.750000030E-01,0.750000030E-01,271.551941,15.5752344,0.458147451E-05,12.9884806,7.50298214,0.00000000,0.00000000,0.00000000,-16.8357315,3.25000000,0.00000000,0.339617836E-02,0.00000000,0.00000000,0.338468351E-02,0.339617836E-02,1.00000000,271.160278,-1.79388428,1016.54663,1353.00000,77.3442383,0.699999988,18.1008949,0.328897625,0.169036895,272.394135,0.177541405,0.00000000
2,2,usgs_grass_allsnow,5,180.000000,2,F,F,0,0,T,16,24,0.199999996E-01,28,19,1,1004.50000,0.285714298,9.81000042,2500000.00,0.567051011E-07,0.300000012,7,6,1.00000000,0.00000000,281.000000,12.0000000,88.0000000,60.0000000,0.699999988,0.200000003,295.000000,415.000000,0.109999999E-01,0.999999978E-02,10.0000000,0.189999998,60.0000000,98000.0000,270.000000,0.260000001E-02,0.00000000,1.17999995,0.618667901,0.799888838E-02,0.587888062E-01,0.140189424,0.639999986,0.213914767,0.920000017,2.90000010,1.00000000,0.841822661E-02,0.750000030E-01,0.750000030E-01,271.095245,10.9918547,0.370374914E-05,9.32002926,7.50133324,0.00000000,0.00000000,0.00000000,-54.3398094,3.25000000,0.00000000,0.326924375E-02,0.00000000,0.00000000,0.325859082E-02,0.326924375E-02,1.00000000,270.684875,-2.51089478,1016.54828,1353.00000,77.3442383,0.699999988,9.05044746,0.331999302,0.331999302,273.201141,0.313333333,0.00000000,1.23686469,0.159916840E-01,0.618553236E-01,0.220344573,0.639999986,0.639999986,0.980000019,2.90000010,1.00000000,0.841822661E-02,0.750000030E-01,0.750000030E-01,271.551941,15.5752344,0.458147451E-05,12.9884806,7.50298214,0.00000000,0.00000000,0.00000000,-16.8357315,3.25000000,0.00000000,0.339617836E-02,0.00000000,0.00000000,0.338468351E-02,0.339617836E-02,1.00000000,271.160278,-1.79388428,1016.54663,1353.00000,77.3442383,0.699999988,18.1008949,0.331998169,0.331998169,273.202301,0.313332528,0.00000000
2,2,usgs_grass_allsnow,6,180.000000,2,F,F,0,0,T,16,24,0.199999996E-01,28,19,1,1004.50000,0.285714298,9.81000042,2500000.00,0.567051011E-07,0.600000024,7,6,1.00000000,0.00000000,281.000000,12.0000000,88.0000000,60.0000000,0.699999988,0.200000003,295.000000,415.000000,0.109999999E-01,0.999999978E-02,10.0000000,0.189999998,60.0000000,98000.0000,270.000000,0.260000001E-02,0.00000000,1.17999995,0.618667901,0.799888838E-02,0.587888062E-01,0.140189424,0.639999986,0.213914767,0.920000017,2.90000010,1.00000000,0.841822661E-02,0.750000030E-01,0.750000030E-01,271.095245,10.9918547,0.370374914E-05,9.32002926,7.50133324,0.00000000,0.00000000,0.00000000,-54.3398094,3.25000000,0.00000000,0.326924375E-02,0.00000000,0.00000000,0.325859082E-02,0.326924375E-02,1.00000000,270.684875,-2.51089478,1016.54828,1353.00000,77.3442383,0.699999988,9.05044746,0.334994674,0.334994674,273.999725,0.316666603,0.00000000,1.23686469,0.159916840E-01,0.618553236E-01,0.220344573,0.639999986,0.639999986,0.980000019,2.90000010,1.00000000,0.841822661E-02,0.750000030E-01,0.750000030E-01,271.551941,15.5752344,0.458147451E-05,12.9884806,7.50298214,0.00000000,0.00000000,0.00000000,-16.8357315,3.25000000,0.00000000,0.339617836E-02,0.00000000,0.00000000,0.338468351E-02,0.339617836E-02,1.00000000,271.160278,-1.79388428,1016.54663,1353.00000,77.3442383,0.699999988,18.1008949,0.334989399,0.334989399,273.999451,0.316660732,0.00000000
2,2,usgs_grass_allsnow,7,180.000000,2,F,F,0,0,T,16,24,0.199999996E-01,28,19,1,1004.50000,0.285714298,9.81000042,2500000.00,0.567051011E-07,1.00000000,7,6,1.00000000,0.00000000,281.000000,12.0000000,88.0000000,60.0000000,0.699999988,0.200000003,295.000000,415.000000,0.109999999E-01,0.999999978E-02,10.0000000,0.189999998,60.0000000,98000.0000,270.000000,0.260000001E-02,0.00000000,1.17999995,0.618667901,0.799888838E-02,0.587888062E-01,0.140189424,0.639999986,0.213914767,0.920000017,2.90000010,1.00000000,0.841822661E-02,0.750000030E-01,0.750000030E-01,271.095245,10.9918547,0.370374914E-05,9.32002926,7.50133324,0.00000000,0.00000000,0.00000000,-54.3398094,3.25000000,0.00000000,0.326924375E-02,0.00000000,0.00000000,0.325859082E-02,0.326924375E-02,1.00000000,270.684875,-2.51089478,1016.54828,1353.00000,77.3442383,0.699999988,9.05044746,0.337995708,0.337995708,274.799835,0.319999963,0.00000000,1.23686469,0.159916840E-01,0.618553236E-01,0.220344573,0.639999986,0.639999986,0.980000019,2.90000010,1.00000000,0.841822661E-02,0.750000030E-01,0.750000030E-01,271.551941,15.5752344,0.458147451E-05,12.9884806,7.50298214,0.00000000,0.00000000,0.00000000,-16.8357315,3.25000000,0.00000000,0.339617836E-02,0.00000000,0.00000000,0.338468351E-02,0.339617836E-02,1.00000000,271.160278,-1.79388428,1016.54663,1353.00000,77.3442383,0.699999988,18.1008949,0.337991476,0.337991476,274.799683,0.319995195,0.00000000
2,2,usgs_grass_allsnow,8,180.000000,2,F,F,0,0,T,16,24,0.199999996E-01,28,19,1,1004.50000,0.285714298,9.81000042,2500000.00,0.567051011E-07,1.60000002,7,6,1.00000000,0.00000000,281.000000,12.0000000,88.0000000,60.0000000,0.699999988,0.200000003,295.000000,415.000000,0.109999999E-01,0.999999978E-02,10.0000000,0.189999998,60.0000000,98000.0000,270.000000,0.260000001E-02,0.00000000,1.17999995,0.618667901,0.799888838E-02,0.587888062E-01,0.140189424,0.639999986,0.213914767,0.920000017,2.90000010,1.00000000,0.841822661E-02,0.750000030E-01,0.750000030E-01,271.095245,10.9918547,0.370374914E-05,9.32002926,7.50133324,0.00000000,0.00000000,0.00000000,-54.3398094,3.25000000,0.00000000,0.326924375E-02,0.00000000,0.00000000,0.325859082E-02,0.326924375E-02,1.00000000,270.684875,-2.51089478,1016.54828,1353.00000,77.3442383,0.699999988,9.05044746,0.340997219,0.340997219,275.599884,0.323333323,0.00000000,1.23686469,0.159916840E-01,0.618553236E-01,0.220344573,0.639999986,0.639999986,0.980000019,2.90000010,1.00000000,0.841822661E-02,0.750000030E-01,0.750000030E-01,271.551941,15.5752344,0.458147451E-05,12.9884806,7.50298214,0.00000000,0.00000000,0.00000000,-16.8357315,3.25000000,0.00000000,0.339617836E-02,0.00000000,0.00000000,0.338468351E-02,0.339617836E-02,1.00000000,271.160278,-1.79388428,1016.54663,1353.00000,77.3442383,0.699999988,18.1008949,0.340994418,0.340994418,275.600128,0.323330224,0.00000000
2,2,usgs_grass_allsnow,9,180.000000,2,F,F,0,0,T,16,24,0.199999996E-01,28,19,1,1004.50000,0.285714298,9.81000042,2500000.00,0.567051011E-07,3.00000000,7,6,1.00000000,0.00000000,281.000000,12.0000000,88.0000000,60.0000000,0.699999988,0.200000003,295.000000,415.000000,0.109999999E-01,0.999999978E-02,10.0000000,0.189999998,60.0000000,98000.0000,270.000000,0.260000001E-02,0.00000000,1.17999995,0.618667901,0.799888838E-02,0.587888062E-01,0.140189424,0.639999986,0.213914767,0.920000017,2.90000010,1.00000000,0.841822661E-02,0.750000030E-01,0.750000030E-01,271.095245,10.9918547,0.370374914E-05,9.32002926,7.50133324,0.00000000,0.00000000,0.00000000,-54.3398094,3.25000000,0.00000000,0.326924375E-02,0.00000000,0.00000000,0.325859082E-02,0.326924375E-02,1.00000000,270.684875,-2.51089478,1016.54828,1353.00000,77.3442383,0.699999988,9.05044746,0.343999982,0.343999982,281.000000,0.326666623,0.00000000,1.23686469,0.159916840E-01,0.618553236E-01,0.220344573,0.639999986,0.639999986,0.980000019,2.90000010,1.00000000,0.841822661E-02,0.750000030E-01,0.750000030E-01,271.551941,15.5752344,0.458147451E-05,12.9884806,7.50298214,0.00000000,0.00000000,0.00000000,-16.8357315,3.25000000,0.00000000,0.339617836E-02,0.00000000,0.00000000,0.338468351E-02,0.339617836E-02,1.00000000,271.160278,-1.79388428,1016.54663,1353.00000,77.3442383,0.699999988,18.1008949,0.343999982,0.343999982,281.000000,0.326666623,0.00000000
2,2,usgs_crop_snowpack,1,180.000000,2,F,F,0,0,T,16,24,0.199999996E-01,28,19,1,1004.50000,0.285714298,9.81000042,2500000.00,0.567051011E-07,0.00000000,2,3,1.00000000,0.00000000,277.000000,8.00000000,92.0000000,75.0000000,1.10000002,0.200000003,245.000000,140.000000,0.899999961E-02,0.800000038E-02,8.00000000,0.170000002,60.0000000,98000.0000,266.000000,0.190000003E-02,0.299999992E-04,1.17999995,15.9057121,0.779663399E-01,0.288790792,0.334158927,0.639999986,0.302313089,0.937327564,5.67999983,0.832759440,0.673853466E-02,0.174702376,0.174702376,265.431824,-4.56446743,0.466589540E-06,1.18732357,7.50016785,0.00000000,0.00000000,0.00000000,24.3598938,3.25000000,0.00000000,0.199140352E-02,0.00000000,0.00000000,0.198744563E-02,0.201539067E-02,1.00000000,265.437317,-7.91177368,694.250122,1305.00000,63.8490067,1.10000002,17.2281475,0.200091094,0.782048926E-01,265.546814,0.136587754,1.00000000,16.8396282,0.863830298E-01,0.307528615,0.499954164,0.639999986,0.639999986,0.980000019,5.67999983,0.837482810,0.673853466E-02,0.174702376,0.174702376,265.582153,-3.35676718,0.596055713E-06,1.68981791,7.50038242,0.00000000,0.00000000,0.00000000,0.120620996,3.25000000,0.00000000,0.204154733E-02,0.00000000,0.00000000,0.203738781E-02,0.204154733E-02,1.00000000,265.734009,-7.49191284,694.250732,1305.00000,63.8490067,1.10000002,34.4562950,0.200183839,0.786142498E-01,265.734009,0.135430008,1.00000000
2,2,usgs_crop_snowpack,2,180.000000,2,F,F,0,0,T,16,24,0.199999996E-01,28,19,1,1004.50000,0.285714298,9.81000042,2500000.00,0.567051011E-07,0.999999978E-02,2,3,1.00000000,0.00000000,277.000000,8.00000000,92.0000000,75.0000000,1.10000002,0.200000003,245.000000,140.000000,0.899999961E-02,0.800000038E-02,8.00000000,0.170000002,60.0000000,98000.0000,266.000000,0.190000003E-02,0.299999992E-04,1.17999995,15.9057121,0.779663399E-01,0.288790792,0.334158927,0.639999986,0.302313089,0.937327564,5.67999983,0.832759440,0.673853466E-02,0.174702376,0.174702376,265.431824,-4.56446743,0.466589540E-06,1.18732357,7.50016785,0.00000000,0.00000000,0.00000000,24.3598938,3.25000000,0.00000000,0.199140352E-02,0.00000000,0.00000000,0.198744563E-02,0.201539067E-02,1.00000000,265.437317,-7.91177368,694.250122,1305.00000,63.8490067,1.10000002,17.2281475,0.204987228,0.787827894E-01,265.809326,0.139757052,0.00000000,16.8396282,0.863830298E-01,0.307528615,0.499954164,0.639999986,0.639999986,0.980000019,5.67999983,0.837482810,0.673853466E-02,0.174702376,0.174702376,265.582153,-3.35676718,0.596055713E-06,1.68981791,7.50038242,0.00000000,0.00000000,0.00000000,0.120620996,3.25000000,0.00000000,0.204154733E-02,0.00000000,0.00000000,0.203738781E-02,0.204154733E-02,1.00000000,265.734009,-7.49191284,694.250732,1305.00000,63.8490067,1.10000002,34.4562950,0.204973996,0.788707510E-01,265.848297,0.140227169,0.00000000
2,2,usgs_crop_snowpack,3,180.000000,2,F,F,0,0,T,16,24,0.199999996E-01,28,19,1,1004.50000,0.285714298,9.81000042,2500000.00,0.567051011E-07,0.399999991E-01,2,3,1.00000000,0.00000000,277.000000,8.00000000,92.0000000,75.0000000,1.10000002,0.200000003,245.000000,140.000000,0.899999961E-02,0.800000038E-02,8.00000000,0.170000002,60.0000000,98000.0000,266.000000,0.190000003E-02,0.299999992E-04,1.17999995,15.9057121,0.779663399E-01,0.288790792,0.334158927,0.639999986,0.302313089,0.937327564,5.67999983,0.832759440,0.673853466E-02,0.174702376,0.174702376,265.431824,-4.56446743,0.466589540E-06,1.18732357,7.50016785,0.00000000,0.00000000,0.00000000,24.3598938,3.25000000,0.00000000,0.199140352E-02,0.00000000,0.00000000,0.198744563E-02,0.201539067E-02,1.00000000,265.437317,-7.91177368,694.250122,1305.00000,63.8490067,1.10000002,17.2281475,0.209998548,0.816048682E-01,266.945679,0.142494664,0.00000000,16.8396282,0.863830298E-01,0.307528615,0.499954164,0.639999986,0.639999986,0.980000019,5.67999983,0.837482810,0.673853466E-02,0.174702376,0.174702376,265.582153,-3.35676718,0.596055713E-06,1.68981791,7.50038242,0.00000000,0.00000000,0.00000000,0.120620996,3.25000000,0.00000000,0.204154733E-02,0.00000000,0.00000000,0.203738781E-02,0.204154733E-02,1.00000000,265.734009,-7.49191284,694.250732,1305.00000,63.8490067,1.10000002,34.4562950,0.209997147,0.814542249E-01,266.890564,0.142659694,0.00000000
2,2,usgs_crop_snowpack,4,180.000000,2,F,F,0,0,T,16,24,0.199999996E-01,28,19,1,1004.50000,0.285714298,9.81000042,2500000.00,0.567051011E-07,0.100000001,2,3,1.00000000,0.00000000,277.000000,8.00000000,92.0000000,75.0000000,1.10000002,0.200000003,245.000000,140.000000,0.899999961E-02,0.800000038E-02,8.00000000,0.170000002,60.0000000,98000.0000,266.000000,0.190000003E-02,0.299999992E-04,1.17999995,15.9057121,0.779663399E-01,0.288790792,0.334158927,0.639999986,0.302313089,0.937327564,5.67999983,0.832759440,0.673853466E-02,0.174702376,0.174702376,265.431824,-4.56446743,0.466589540E-06,1.18732357,7.50016785,0.00000000,0.00000000,0.00000000,24.3598938,3.25000000,0.00000000,0.199140352E-02,0.00000000,0.00000000,0.198744563E-02,0.201539067E-02,1.00000000,265.437317,-7.91177368,694.250122,1305.00000,63.8490067,1.10000002,17.2281475,0.214999288,0.847965255E-01,267.988892,0.144628286,0.00000000,16.8396282,0.863830298E-01,0.307528615,0.499954164,0.639999986,0.639999986,0.980000019,5.67999983,0.837482810,0.673853466E-02,0.174702376,0.174702376,265.582153,-3.35676718,0.596055713E-06,1.68981791,7.50038242,0.00000000,0.00000000,0.00000000,0.120620996,3.25000000,0.00000000,0.204154733E-02,0.00000000,0.00000000,0.203738781E-02,0.204154733E-02,1.00000000,265.734009,-7.49191284,694.250732,1305.00000,63.8490067,1.10000002,34.4562950,0.214998573,0.847563297E-01,267.977112,0.144669726,0.00000000
2,2,usgs_crop_snowpack,5,180.000000,2,F,F,0,0,T,16,24,0.199999996E-01,28,19,1,1004.50000,0.285714298,9.81000042,2500000.00,0.567051011E-07,0.300000012,2,3,1.00000000,0.00000000,277.000000,8.00000000,92.0000000,75.0000000,1.10000002,0.200000003,245.000000,140.000000,0.899999961E-02,0.800000038E-02,8.00000000,0.170000002,60.0000000,98000.0000,266.000000,0.190000003E-02,0.299999992E-04,1.17999995,15.9057121,0.779663399E-01,0.288790792,0.334158927,0.639999986,0.302313089,0.937327564,5.67999983,0.832759440,0.673853466E-02,0.174702376,0.174702376,265.431824,-4.56446743,0.466589540E-06,1.18732357,7.50016785,0.00000000,0.00000000,0.00000000,24.3598938,3.25000000,0.00000000,0.199140352E-02,0.00000000,0.00000000,0.198744563E-02,0.201539067E-02,1.00000000,265.437317,-7.91177368,694.250122,1305.00000,63.8490067,1.10000002,17.2281475,0.219999999,0.887191817E-01,268.999084,0.145863056,0.00000000,16.8396282,0.863830298E-01,0.307528615,0.499954164,0.639999986,0.639999986,0.980000019,5.67999983,0.837482810,0.673853466E-02,0.174702376,0.174702376,265.582153,-3.35676718,0.596055713E-06,1.68981791,7.50038242,0.00000000,0.00000000,0.00000000,0.120620996,3.25000000,0.00000000,0.204154733E-02,0.00000000,0.00000000,0.203738781E-02,0.204154733E-02,1.00000000,265.734009,-7.49191284,694.250732,1305.00000,63.8490067,1.10000002,34.4562950,0.220000029,0.887151212E-01,268.998169,0.145867556,0.00000000
2,2,usgs_crop_snowpack,6,180.000000,2,F,F,0,0,T,16,24,0.199999996E-01,28,19,1,1004.50000,0.285714298,9.81000042,2500000.00,0.567051011E-07,0.600000024,2,3,1.00000000,0.00000000,277.000000,8.00000000,92.0000000,75.0000000,1.10000002,0.200000003,245.000000,140.000000,0.899999961E-02,0.800000038E-02,8.00000000,0.170000002,60.0000000,98000.0000,266.000000,0.190000003E-02,0.299999992E-04,1.17999995,15.9057121,0.779663399E-01,0.288790792,0.334158927,0.639999986,0.302313089,0.937327564,5.67999983,0.832759440,0.673853466E-02,0.174702376,0.174702376,265.431824,-4.56446743,0.466589540E-06,1.18732357,7.50016785,0.00000000,0.00000000,0.00000000,24.3598938,3.25000000,0.00000000,0.199140352E-02,0.00000000,0.00000000,0.198744563E-02,0.201539067E-02,1.00000000,265.437317,-7.91177368,694.250122,1305.00000,63.8490067,1.10000002,17.2281475,0.225000054,0.939277261E-01,269.999695,0.145633742,0.00000000,16.8396282,0.863830298E-01,0.307528615,0.499954164,0.639999986,0.639999986,0.980000019,5.67999983,0.837482810,0.673853466E-02,0.174702376,0.174702376,265.582153,-3.35676718,0.596055713E-06,1.68981791,7.50038242,0.00000000,0.00000000,0.00000000,0.120620996,3.25000000,0.00000000,0.204154733E-02,0.00000000,0.00000000,0.203738781E-02,0.204154733E-02,1.00000000,265.734009,-7.49191284,694.250732,1305.00000,63.8490067,1.10000002,34.4562950,0.225000113,0.939254761E-01,269.999329,0.145635903,0.00000000
2,2,usgs_crop_snowpack,7,180.000000,2,F,F,0,0,T,16,24,0.199999996E-01,28,19,1,1004.50000,0.285714298,9.81000042,2500000.00,0.567051011E-07,1.00000000,2,3,1.00000000,0.00000000,277.000000,8.00000000,92.0000000,75.0000000,1.10000002,0.200000003,245.000000,140.000000,0.899999961E-02,0.800000038E-02,8.00000000,0.170000002,60.0000000,98000.0000,266.000000,0.190000003E-02,0.299999992E-04,1.17999995,15.9057121,0.779663399E-01,0.288790792,0.334158927,0.639999986,0.302313089,0.937327564,5.67999983,0.832759440,0.673853466E-02,0.174702376,0.174702376,265.431824,-4.56446743,0.466589540E-06,1.18732357,7.50016785,0.00000000,0.00000000,0.00000000,24.3598938,3.25000000,0.00000000,0.199140352E-02,0.00000000,0.00000000,0.198744563E-02,0.201539067E-02,1.00000000,265.437317,-7.91177368,694.250122,1305.00000,63.8490067,1.10000002,17.2281475,0.230000049,0.101618513,270.999786,0.142643809,0.00000000,16.8396282,0.863830298E-01,0.307528615,0.499954164,0.639999986,0.639999986,0.980000019,5.67999983,0.837482810,0.673853466E-02,0.174702376,0.174702376,265.582153,-3.35676718,0.596055713E-06,1.68981791,7.50038242,0.00000000,0.00000000,0.00000000,0.120620996,3.25000000,0.00000000,0.204154733E-02,0.00000000,0.00000000,0.203738781E-02,0.204154733E-02,1.00000000,265.734009,-7.49191284,694.250732,1305.00000,63.8490067,1.10000002,34.4562950,0.230000079,0.101616427,270.999573,0.142646134,0.00000000
2,2,usgs_crop_snowpack,8,180.000000,2,F,F,0,0,T,16,24,0.199999996E-01,28,19,1,1004.50000,0.285714298,9.81000042,2500000.00,0.567051011E-07,1.60000002,2,3,1.00000000,0.00000000,277.000000,8.00000000,92.0000000,75.0000000,1.10000002,0.200000003,245.000000,140.000000,0.899999961E-02,0.800000038E-02,8.00000000,0.170000002,60.0000000,98000.0000,266.000000,0.190000003E-02,0.299999992E-04,1.17999995,15.9057121,0.779663399E-01,0.288790792,0.334158927,0.639999986,0.302313089,0.937327564,5.67999983,0.832759440,0.673853466E-02,0.174702376,0.174702376,265.431824,-4.56446743,0.466589540E-06,1.18732357,7.50016785,0.00000000,0.00000000,0.00000000,24.3598938,3.25000000,0.00000000,0.199140352E-02,0.00000000,0.00000000,0.198744563E-02,0.201539067E-02,1.00000000,265.437317,-7.91177368,694.250122,1305.00000,63.8490067,1.10000002,17.2281475,0.235000014,0.115547590,271.999939,0.132723510,0.00000000,16.8396282,0.863830298E-01,0.307528615,0.499954164,0.639999986,0.639999986,0.980000019,5.67999983,0.837482810,0.673853466E-02,0.174702376,0.174702376,265.582153,-3.35676718,0.596055713E-06,1.68981791,7.50038242,0.00000000,0.00000000,0.00000000,0.120620996,3.25000000,0.00000000,0.204154733E-02,0.00000000,0.00000000,0.203738781E-02,0.204154733E-02,1.00000000,265.734009,-7.49191284,694.250732,1305.00000,63.8490067,1.10000002,34.4562950,0.235000581,0.115555756,272.000336,0.132724896,1.00000000
2,2,usgs_crop_snowpack,9,180.000000,2,F,F,0,0,T,16,24,0.199999996E-01,28,19,1,1004.50000,0.285714298,9.81000042,2500000.00,0.567051011E-07,3.00000000,2,3,1.00000000,0.00000000,277.000000,8.00000000,92.0000000,75.0000000,1.10000002,0.200000003,245.000000,140.000000,0.899999961E-02,0.800000038E-02,8.00000000,0.170000002,60.0000000,98000.0000,266.000000,0.190000003E-02,0.299999992E-04,1.17999995,15.9057121,0.779663399E-01,0.288790792,0.334158927,0.639999986,0.302313089,0.937327564,5.67999983,0.832759440,0.673853466E-02,0.174702376,0.174702376,265.431824,-4.56446743,0.466589540E-06,1.18732357,7.50016785,0.00000000,0.00000000,0.00000000,24.3598938,3.25000000,0.00000000,0.199140352E-02,0.00000000,0.00000000,0.198744563E-02,0.201539067E-02,1.00000000,265.437317,-7.91177368,694.250122,1305.00000,63.8490067,1.10000002,17.2281475,0.240000010,0.175237060,277.000000,0.719588324E-01,0.00000000,16.8396282,0.863830298E-01,0.307528615,0.499954164,0.639999986,0.639999986,0.980000019,5.67999983,0.837482810,0.673853466E-02,0.174702376,0.174702376,265.582153,-3.35676718,0.596055713E-06,1.68981791,7.50038242,0.00000000,0.00000000,0.00000000,0.120620996,3.25000000,0.00000000,0.204154733E-02,0.00000000,0.00000000,0.203738781E-02,0.204154733E-02,1.00000000,265.734009,-7.49191284,694.250732,1305.00000,63.8490067,1.10000002,34.4562950,0.240000010,0.240000010,277.000000,0.221111104,0.00000000
2,2,usgs_forest_deep_pack,1,180.000000,2,F,F,0,0,T,16,24,0.199999996E-01,28,19,1,1004.50000,0.285714298,9.81000042,2500000.00,0.567051011E-07,0.00000000,14,8,1.00000000,0.00000000,275.000000,25.0000000,96.0000000,90.0000000,0.300000012,0.200000003,230.000000,105.000000,0.700000022E-02,0.600000005E-02,6.00000000,0.119999997,60.0000000,98000.0000,262.000000,0.120000006E-02,0.00000000,1.17999995,160.235077,0.501496315,0.593519926,0.104698330,0.349999994,0.256509602,0.967805624,6.40000010,0.991097152,0.505686970E-02,0.800000012,0.800000012,261.335205,-4.00779533,0.403207366E-06,1.07709932,7.50014496,0.00000000,0.00000000,0.00000000,27.0144272,3.25000000,0.00000000,0.139948633E-02,0.00000000,0.00000000,0.139753043E-02,0.140182418E-02,1.00000000,263.992493,-10.4472046,1087.70007,1431.00000,60.2933006,0.300000012,4.97567749,0.350497395,0.162379608,261.599121,0.209693819,1.00000000,160.470108,0.502994537,0.593931735,0.169396460,0.349999994,0.699999988,0.980000019,6.40000010,0.991612911,0.505686970E-02,0.800000012,0.800000012,261.369293,-3.80231476,0.407245864E-06,1.15454197,7.50029182,0.00000000,0.00000000,0.00000000,1.63032639,3.25000000,0.00000000,0.140573632E-02,0.00000000,0.00000000,0.140376308E-02,0.140573632E-02,1.00000000,263.985840,-10.3010864,1087.70007,1431.00000,60.2933006,0.300000012,9.95135498,0.350865602,0.162893340,261.867065,0.209020048,1.00000000
2,2,usgs_forest_deep_pack,2,180.000000,2,F,F,0,0,T,16,24,0.199999996E-01,28,19,1,1004.50000,0.285714298,9.81000042,2500000.00,0.567051011E-07,0.999999978E-02,14,8,1.00000000,0.00000000,275.000000,25.0000000,96.0000000,90.0000000,0.300000012,0.200000003,230.000000,105.000000,0.700000022E-02,0.600000005E-02,6.00000000,0.119999997,60.0000000,98000.0000,262.000000,0.120000006E-02,0.00000000,1.17999995,160.235077,0.501496315,0.593519926,0.104698330,0.349999994,0.256509602,0.967805624,6.40000010,0.991097152,0.505686970E-02,0.800000012,0.800000012,261.335205,-4.00779533,0.403207366E-06,1.07709932,7.50014496,0.00000000,0.00000000,0.00000000,27.0144272,3.25000000,0.00000000,0.139948633E-02,0.00000000,0.00000000,0.139753043E-02,0.140182418E-02,1.00000000,263.992493,-10.4472046,1087.70007,1431.00000,60.2933006,0.300000012,4.97567749,0.351943195,0.163229272,262.038513,0.209163681,0.00000000,160.470108,0.502994537,0.593931735,0.169396460,0.349999994,0.699999988,0.980000019,6.40000010,0.991612911,0.505686970E-02,0.800000012,0.800000012,261.369293,-3.80231476,0.407245864E-06,1.15454197,7.50029182,0.00000000,0.00000000,0.00000000,1.63032639,3.25000000,0.00000000,0.140573632E-02,0.00000000,0.00000000,0.140376308E-02,0.140573632E-02,1.00000000,263.985840,-10.3010864,1087.70007,1431.00000,60.2933006,0.300000012,9.95135498,0.351918548,0.163273528,262.060883,0.209682122,0.00000000
2,2,usgs_forest_deep_pack,3,180.000000,2,F,F,0,0,T,16,24,0.199999996E-01,28,19,1,1004.50000,0.285714298,9.81000042,2500000.00,0.567051011E-07,0.399999991E-01,14,8,1.00000000,0.00000000,275.000000,25.0000000,96.0000000,90.0000000,0.300000012,0.200000003,230.000000,105.000000,0.700000022E-02,0.600000005E-02,6.00000000,0.119999997,60.0000000,98000.0000,262.000000,0.120000006E-02,0.00000000,1.17999995,160.235077,0.501496315,0.593519926,0.104698330,0.349999994,0.256509602,0.967805624,6.40000010,0.991097152,0.505686970E-02,0.800000012,0.800000012,261.335205,-4.00779533,0.403207366E-06,1.07709932,7.50014496,0.00000000,0.00000000,0.00000000,27.0144272,3.25000000,0.00000000,0.139948633E-02,0.00000000,0.00000000,0.139753043E-02,0.140182418E-02,1.00000000,263.992493,-10.4472046,1087.70007,1431.00000,60.2933006,0.300000012,4.97567749,0.353987038,0.166420817,263.532410,0.208246782,0.00000000,160.470108,0.502994537,0.593931735,0.169396460,0.349999994,0.699999988,0.980000019,6.40000010,0.991612911,0.505686970E-02,0.800000012,0.800000012,261.369293,-3.80231476,0.407245864E-06,1.15454197,7.50029182,0.00000000,0.00000000,0.00000000,1.63032639,3.25000000,0.00000000,0.140573632E-02,0.00000000,0.00000000,0.140376308E-02,0.140573632E-02,1.00000000,263.985840,-10.3010864,1087.70007,1431.00000,60.2933006,0.300000012,9.95135498,0.353974223,0.166258484,263.461975,0.208406866,0.00000000
2,2,usgs_forest_deep_pack,4,180.000000,2,F,F,0,0,T,16,24,0.199999996E-01,28,19,1,1004.50000,0.285714298,9.81000042,2500000.00,0.567051011E-07,0.100000001,14,8,1.00000000,0.00000000,275.000000,25.0000000,96.0000000,90.0000000,0.300000012,0.200000003,230.000000,105.000000,0.700000022E-02,0.600000005E-02,6.00000000,0.119999997,60.0000000,98000.0000,262.000000,0.120000006E-02,0.00000000,1.17999995,160.235077,0.501496315,0.593519926,0.104698330,0.349999994,0.256509602,0.967805624,6.40000010,0.991097152,0.505686970E-02,0.800000012,0.800000012,261.335205,-4.00779533,0.403207366E-06,1.07709932,7.50014496,0.00000000,0.00000000,0.00000000,27.0144272,3.25000000,0.00000000,0.139948633E-02,0.00000000,0.00000000,0.139753043E-02,0.140182418E-02,1.00000000,263.992493,-10.4472046,1087.70007,1431.00000,60.2933006,0.300000012,4.97567749,0.355996132,0.169822440,264.886017,0.206821457,0.00000000,160.470108,0.502994537,0.593931735,0.169396460,0.349999994,0.699999988,0.980000019,6.40000010,0.991612911,0.505686970E-02,0.800000012,0.800000012,261.369293,-3.80231476,0.407245864E-06,1.15454197,7.50029182,0.00000000,0.00000000,0.00000000,1.63032639,3.25000000,0.00000000,0.140573632E-02,0.00000000,0.00000000,0.140376308E-02,0.140573632E-02,1.00000000,263.985840,-10.3010864,1087.70007,1431.00000,60.2933006,0.300000012,9.95135498,0.355992228,0.169782162,264.871277,0.206859648,0.00000000
2,2,usgs_forest_deep_pack,5,180.000000,2,F,F,0,0,T,16,24,0.199999996E-01,28,19,1,1004.50000,0.285714298,9.81000042,2500000.00,0.567051011E-07,0.300000012,14,8,1.00000000,0.00000000,275.000000,25.0000000,96.0000000,90.0000000,0.300000012,0.200000003,230.000000,105.000000,0.700000022E-02,0.600000005E-02,6.00000000,0.119999997,60.0000000,98000.0000,262.000000,0.120000006E-02,0.00000000,1.17999995,160.235077,0.501496315,0.593519926,0.104698330,0.349999994,0.256509602,0.967805624,6.40000010,0.991097152,0.505686970E-02,0.800000012,0.800000012,261.335205,-4.00779533,0.403207366E-06,1.07709932,7.50014496,0.00000000,0.00000000,0.00000000,27.0144272,3.25000000,0.00000000,0.139948633E-02,0.00000000,0.00000000,0.139753043E-02,0.140182418E-02,1.00000000,263.992493,-10.4472046,1087.70007,1431.00000,60.2933006,0.300000012,4.97567749,0.357999712,0.173766956,266.198914,0.204699308,0.00000000,160.470108,0.502994537,0.593931735,0.169396460,0.349999994,0.699999988,0.980000019,6.40000010,0.991612911,0.505686970E-02,0.800000012,0.800000012,261.369293,-3.80231476,0.407245864E-06,1.15454197,7.50029182,0.00000000,0.00000000,0.00000000,1.63032639,3.25000000,0.00000000,0.140573632E-02,0.00000000,0.00000000,0.140376308E-02,0.140573632E-02,1.00000000,263.985840,-10.3010864,1087.70007,1431.00000,60.2933006,0.300000012,9.95135498,0.357999474,0.173763320,266.197815,0.204703048,0.00000000
2,2,usgs_forest_deep_pack,6,180.000000,2,F,F,0,0,T,16,24,0.199999996E-01,28,19,1,1004.50000,0.285714298,9.81000042,2500000.00,0.567051011E-07,0.600000024,14,8,1.00000000,0.00000000,275.000000,25.0000000,96.0000000,90.0000000,0.300000012,0.200000003,230.000000,105.000000,0.700000022E-02,0.600000005E-02,6.00000000,0.119999997,60.0000000,98000.0000,262.000000,0.120000006E-02,0.00000000,1.17999995,160.235077,0.501496315,0.593519926,0.104698330,0.349999994,0.256509602,0.967805624,6.40000010,0.991097152,0.505686970E-02,0.800000012,0.800000012,261.335205,-4.00779533,0.403207366E-06,1.07709932,7.50014496,0.00000000,0.00000000,0.00000000,27.0144272,3.25000000,0.00000000,0.139948633E-02,0.00000000,0.00000000,0.139753043E-02,0.140182418E-02,1.00000000,263.992493,-10.4472046,1087.70007,1431.00000,60.2933006,0.300000012,4.97567749,0.359999895,0.178587005,267.499603,0.201568112,0.00000000,160.470108,0.502994537,0.593931735,0.169396460,0.349999994,0.699999988,0.980000019,6.40000010,0.991612911,0.505686970E-02,0.800000012,0.800000012,261.369293,-3.80231476,0.407245864E-06,1.15454197,7.50029182,0.00000000,0.00000000,0.00000000,1.63032639,3.25000000,0.00000000,0.140573632E-02,0.00000000,0.00000000,0.140376308E-02,0.140573632E-02,1.00000000,263.985840,-10.3010864,1087.70007,1431.00000,60.2933006,0.300000012,9.95135498,0.359999806,0.178585351,267.499207,0.201569870,0.00000000
2,2,usgs_forest_deep_pack,7,180.000000,2,F,F,0,0,T,16,24,0.199999996E-01,28,19,1,1004.50000,0.285714298,9.81000042,2500000.00,0.567051011E-07,1.00000000,14,8,1.00000000,0.00000000,275.000000,25.0000000,96.0000000,90.0000000,0.300000012,0.200000003,230.000000,105.000000,0.700000022E-02,0.600000005E-02,6.00000000,0.119999997,60.0000000,98000.0000,262.000000,0.120000006E-02,0.00000000,1.17999995,160.235077,0.501496315,0.593519926,0.104698330,0.349999994,0.256509602,0.967805624,6.40000010,0.991097152,0.505686970E-02,0.800000012,0.800000012,261.335205,-4.00779533,0.403207366E-06,1.07709932,7.50014496,0.00000000,0.00000000,0.00000000,27.0144272,3.25000000,0.00000000,0.139948633E-02,0.00000000,0.00000000,0.139753043E-02,0.140182418E-02,1.00000000,263.992493,-10.4472046,1087.70007,1431.00000,60.2933006,0.300000012,4.97567749,0.361999929,0.184831083,268.799744,0.196852803,0.00000000,160.470108,0.502994537,0.593931735,0.169396460,0.349999994,0.699999988,0.980000019,6.40000010,0.991612911,0.505686970E-02,0.800000012,0.800000012,261.369293,-3.80231476,0.407245864E-06,1.15454197,7.50029182,0.00000000,0.00000000,0.00000000,1.63032639,3.25000000,0.00000000,0.140573632E-02,0.00000000,0.00000000,0.140376308E-02,0.140573632E-02,1.00000000,263.985840,-10.3010864,1087.70007,1431.00000,60.2933006,0.300000012,9.95135498,0.361999869,0.184829712,268.799500,0.196854264,0.00000000
2,2,usgs_forest_deep_pack,8,180.000000,2,F,F,0,0,T,16,24,0.199999996E-01,28,19,1,1004.50000,0.285714298,9.81000042,2500000.00,0.567051011E-07,1.60000002,14,8,1.00000000,0.00000000,275.000000,25.0000000,96.0000000,90.0000000,0.300000012,0.200000003,230.000000,105.000000,0.700000022E-02,0.600000005E-02,6.00000000,0.119999997,60.0000000,98000.0000,262.000000,0.120000006E-02,0.00000000,1.17999995,160.235077,0.501496315,0.593519926,0.104698330,0.349999994,0.256509602,0.967805624,6.40000010,0.991097152,0.505686970E-02,0.800000012,0.800000012,261.335205,-4.00779533,0.403207366E-06,1.07709932,7.50014496,0.00000000,0.00000000,0.00000000,27.0144272,3.25000000,0.00000000,0.139948633E-02,0.00000000,0.00000000,0.139753043E-02,0.140182418E-02,1.00000000,263.992493,-10.4472046,1087.70007,1431.00000,60.2933006,0.300000012,4.97567749,0.363999933,0.193616346,270.099884,0.189314023,0.00000000,160.470108,0.502994537,0.593931735,0.169396460,0.349999994,0.699999988,0.980000019,6.40000010,0.991612911,0.505686970E-02,0.800000012,0.800000012,261.369293,-3.80231476,0.407245864E-06,1.15454197,7.50029182,0.00000000,0.00000000,0.00000000,1.63032639,3.25000000,0.00000000,0.140573632E-02,0.00000000,0.00000000,0.140376308E-02,0.140573632E-02,1.00000000,263.985840,-10.3010864,1087.70007,1431.00000,60.2933006,0.300000012,9.95135498,0.363999873,0.193615586,270.099792,0.189315096,0.00000000
2,2,usgs_forest_deep_pack,9,180.000000,2,F,F,0,0,T,16,24,0.199999996E-01,28,19,1,1004.50000,0.285714298,9.81000042,2500000.00,0.567051011E-07,3.00000000,14,8,1.00000000,0.00000000,275.000000,25.0000000,96.0000000,90.0000000,0.300000012,0.200000003,230.000000,105.000000,0.700000022E-02,0.600000005E-02,6.00000000,0.119999997,60.0000000,98000.0000,262.000000,0.120000006E-02,0.00000000,1.17999995,160.235077,0.501496315,0.593519926,0.104698330,0.349999994,0.256509602,0.967805624,6.40000010,0.991097152,0.505686970E-02,0.800000012,0.800000012,261.335205,-4.00779533,0.403207366E-06,1.07709932,7.50014496,0.00000000,0.00000000,0.00000000,27.0144272,3.25000000,0.00000000,0.139948633E-02,0.00000000,0.00000000,0.139753043E-02,0.140182418E-02,1.00000000,263.992493,-10.4472046,1087.70007,1431.00000,60.2933006,0.300000012,4.97567749,0.365999997,0.208134308,275.000000,0.175406307,0.00000000,160.470108,0.502994537,0.593931735,0.169396460,0.349999994,0.699999988,0.980000019,6.40000010,0.991612911,0.505686970E-02,0.800000012,0.800000012,261.369293,-3.80231476,0.407245864E-06,1.15454197,7.50029182,0.00000000,0.00000000,0.00000000,1.63032639,3.25000000,0.00000000,0.140573632E-02,0.00000000,0.00000000,0.140376308E-02,0.140573632E-02,1.00000000,263.985840,-10.3010864,1087.70007,1431.00000,60.2933006,0.300000012,9.95135498,0.365999997,0.365999997,275.000000,0.339999974,0.00000000
2,2,usgs_water,1,180.000000,2,F,F,0,0,T,16,24,0.199999996E-01,28,19,1,1004.50000,0.285714298,9.81000042,2500000.00,0.567051011E-07,0.00000000,16,14,2.00000000,0.00000000,287.000000,0.00000000,0.00000000,0.00000000,0.600000024,0.200000003,352.000000,395.000000,0.209999997E-01,0.199999996E-01,20.0000000,0.799999982E-01,60.0000000,98000.0000,287.000000,0.985000003E-02,0.00000000,1.17999995,0.00000000,0.00000000,0.00000000,0.00000000,0.699999988,0.799999982E-01,0.980000019,0.999999978E-02,1.00000000,0.00000000,0.00000000,0.999999975E-04,287.000000,0.00000000,0.00000000,0.00000000,7.50000000,0.00000000,0.00000000,0.00000000,0.00000000,3.25000000,0.00000000,0.100436928E-01,0.399999990E-03,0.00000000,0.994381960E-02,0.100436928E-01,1.00000000,287.000000,13.8500061,1.00000000,1.00000000,-1000.00000,0.00000000,0.00000000,1.00000000,1.00000000,287.000000,0.00000000,0.00000000,0.00000000,0.00000000,0.00000000,0.00000000,0.699999988,0.799999982E-01,0.980000019,0.999999978E-02,1.00000000,0.00000000,0.00000000,0.999999975E-04,287.000000,0.00000000,0.00000000,0.00000000,7.50000000,0.00000000,0.00000000,0.00000000,0.00000000,3.25000000,0.00000000,0.100436928E-01,0.399999990E-03,0.00000000,0.994381960E-02,0.100436928E-01,1.00000000,287.000000,13.8500061,1.00000000,1.00000000,-1000.00000,0.00000000,0.00000000,1.00000000,1.00000000,287.000000,0.00000000,0.00000000
2,2,usgs_water,2,180.000000,2,F,F,0,0,T,16,24,0.199999996E-01,28,19,1,1004.50000,0.285714298,9.81000042,2500000.00,0.567051011E-07,0.999999978E-02,16,14,2.00000000,0.00000000,287.000000,0.00000000,0.00000000,0.00000000,0.600000024,0.200000003,352.000000,395.000000,0.209999997E-01,0.199999996E-01,20.0000000,0.799999982E-01,60.0000000,98000.0000,287.000000,0.985000003E-02,0.00000000,1.17999995,0.00000000,0.00000000,0.00000000,0.00000000,0.699999988,0.799999982E-01,0.980000019,0.999999978E-02,1.00000000,0.00000000,0.00000000,0.999999975E-04,287.000000,0.00000000,0.00000000,0.00000000,7.50000000,0.00000000,0.00000000,0.00000000,0.00000000,3.25000000,0.00000000,0.100436928E-01,0.399999990E-03,0.00000000,0.994381960E-02,0.100436928E-01,1.00000000,287.000000,13.8500061,1.00000000,1.00000000,-1000.00000,0.00000000,0.00000000,1.00000000,1.00000000,287.000000,0.00000000,0.00000000,0.00000000,0.00000000,0.00000000,0.00000000,0.699999988,0.799999982E-01,0.980000019,0.999999978E-02,1.00000000,0.00000000,0.00000000,0.999999975E-04,287.000000,0.00000000,0.00000000,0.00000000,7.50000000,0.00000000,0.00000000,0.00000000,0.00000000,3.25000000,0.00000000,0.100436928E-01,0.399999990E-03,0.00000000,0.994381960E-02,0.100436928E-01,1.00000000,287.000000,13.8500061,1.00000000,1.00000000,-1000.00000,0.00000000,0.00000000,1.00000000,1.00000000,287.000000,0.00000000,0.00000000
2,2,usgs_water,3,180.000000,2,F,F,0,0,T,16,24,0.199999996E-01,28,19,1,1004.50000,0.285714298,9.81000042,2500000.00,0.567051011E-07,0.399999991E-01,16,14,2.00000000,0.00000000,287.000000,0.00000000,0.00000000,0.00000000,0.600000024,0.200000003,352.000000,395.000000,0.209999997E-01,0.199999996E-01,20.0000000,0.799999982E-01,60.0000000,98000.0000,287.000000,0.985000003E-02,0.00000000,1.17999995,0.00000000,0.00000000,0.00000000,0.00000000,0.699999988,0.799999982E-01,0.980000019,0.999999978E-02,1.00000000,0.00000000,0.00000000,0.999999975E-04,287.000000,0.00000000,0.00000000,0.00000000,7.50000000,0.00000000,0.00000000,0.00000000,0.00000000,3.25000000,0.00000000,0.100436928E-01,0.399999990E-03,0.00000000,0.994381960E-02,0.100436928E-01,1.00000000,287.000000,13.8500061,1.00000000,1.00000000,-1000.00000,0.00000000,0.00000000,1.00000000,1.00000000,287.000000,0.00000000,0.00000000,0.00000000,0.00000000,0.00000000,0.00000000,0.699999988,0.799999982E-01,0.980000019,0.999999978E-02,1.00000000,0.00000000,0.00000000,0.999999975E-04,287.000000,0.00000000,0.00000000,0.00000000,7.50000000,0.00000000,0.00000000,0.00000000,0.00000000,3.25000000,0.00000000,0.100436928E-01,0.399999990E-03,0.00000000,0.994381960E-02,0.100436928E-01,1.00000000,287.000000,13.8500061,1.00000000,1.00000000,-1000.00000,0.00000000,0.00000000,1.00000000,1.00000000,287.000000,0.00000000,0.00000000
2,2,usgs_water,4,180.000000,2,F,F,0,0,T,16,24,0.199999996E-01,28,19,1,1004.50000,0.285714298,9.81000042,2500000.00,0.567051011E-07,0.100000001,16,14,2.00000000,0.00000000,287.000000,0.00000000,0.00000000,0.00000000,0.600000024,0.200000003,352.000000,395.000000,0.209999997E-01,0.199999996E-01,20.0000000,0.799999982E-01,60.0000000,98000.0000,287.000000,0.985000003E-02,0.00000000,1.17999995,0.00000000,0.00000000,0.00000000,0.00000000,0.699999988,0.799999982E-01,0.980000019,0.999999978E-02,1.00000000,0.00000000,0.00000000,0.999999975E-04,287.000000,0.00000000,0.00000000,0.00000000,7.50000000,0.00000000,0.00000000,0.00000000,0.00000000,3.25000000,0.00000000,0.100436928E-01,0.399999990E-03,0.00000000,0.994381960E-02,0.100436928E-01,1.00000000,287.000000,13.8500061,1.00000000,1.00000000,-1000.00000,0.00000000,0.00000000,1.00000000,1.00000000,287.000000,0.00000000,0.00000000,0.00000000,0.00000000,0.00000000,0.00000000,0.699999988,0.799999982E-01,0.980000019,0.999999978E-02,1.00000000,0.00000000,0.00000000,0.999999975E-04,287.000000,0.00000000,0.00000000,0.00000000,7.50000000,0.00000000,0.00000000,0.00000000,0.00000000,3.25000000,0.00000000,0.100436928E-01,0.399999990E-03,0.00000000,0.994381960E-02,0.100436928E-01,1.00000000,287.000000,13.8500061,1.00000000,1.00000000,-1000.00000,0.00000000,0.00000000,1.00000000,1.00000000,287.000000,0.00000000,0.00000000
2,2,usgs_water,5,180.000000,2,F,F,0,0,T,16,24,0.199999996E-01,28,19,1,1004.50000,0.285714298,9.81000042,2500000.00,0.567051011E-07,0.300000012,16,14,2.00000000,0.00000000,287.000000,0.00000000,0.00000000,0.00000000,0.600000024,0.200000003,352.000000,395.000000,0.209999997E-01,0.199999996E-01,20.0000000,0.799999982E-01,60.0000000,98000.0000,287.000000,0.985000003E-02,0.00000000,1.17999995,0.00000000,0.00000000,0.00000000,0.00000000,0.699999988,0.799999982E-01,0.980000019,0.999999978E-02,1.00000000,0.00000000,0.00000000,0.999999975E-04,287.000000,0.00000000,0.00000000,0.00000000,7.50000000,0.00000000,0.00000000,0.00000000,0.00000000,3.25000000,0.00000000,0.100436928E-01,0.399999990E-03,0.00000000,0.994381960E-02,0.100436928E-01,1.00000000,287.000000,13.8500061,1.00000000,1.00000000,-1000.00000,0.00000000,0.00000000,1.00000000,1.00000000,287.000000,0.00000000,0.00000000,0.00000000,0.00000000,0.00000000,0.00000000,0.699999988,0.799999982E-01,0.980000019,0.999999978E-02,1.00000000,0.00000000,0.00000000,0.999999975E-04,287.000000,0.00000000,0.00000000,0.00000000,7.50000000,0.00000000,0.00000000,0.00000000,0.00000000,3.25000000,0.00000000,0.100436928E-01,0.399999990E-03,0.00000000,0.994381960E-02,0.100436928E-01,1.00000000,287.000000,13.8500061,1.00000000,1.00000000,-1000.00000,0.00000000,0.00000000,1.00000000,1.00000000,287.000000,0.00000000,0.00000000
2,2,usgs_water,6,180.000000,2,F,F,0,0,T,16,24,0.199999996E-01,28,19,1,1004.50000,0.285714298,9.81000042,2500000.00,0.567051011E-07,0.600000024,16,14,2.00000000,0.00000000,287.000000,0.00000000,0.00000000,0.00000000,0.600000024,0.200000003,352.000000,395.000000,0.209999997E-01,0.199999996E-01,20.0000000,0.799999982E-01,60.0000000,98000.0000,287.000000,0.985000003E-02,0.00000000,1.17999995,0.00000000,0.00000000,0.00000000,0.00000000,0.699999988,0.799999982E-01,0.980000019,0.999999978E-02,1.00000000,0.00000000,0.00000000,0.999999975E-04,287.000000,0.00000000,0.00000000,0.00000000,7.50000000,0.00000000,0.00000000,0.00000000,0.00000000,3.25000000,0.00000000,0.100436928E-01,0.399999990E-03,0.00000000,0.994381960E-02,0.100436928E-01,1.00000000,287.000000,13.8500061,1.00000000,1.00000000,-1000.00000,0.00000000,0.00000000,1.00000000,1.00000000,287.000000,0.00000000,0.00000000,0.00000000,0.00000000,0.00000000,0.00000000,0.699999988,0.799999982E-01,0.980000019,0.999999978E-02,1.00000000,0.00000000,0.00000000,0.999999975E-04,287.000000,0.00000000,0.00000000,0.00000000,7.50000000,0.00000000,0.00000000,0.00000000,0.00000000,3.25000000,0.00000000,0.100436928E-01,0.399999990E-03,0.00000000,0.994381960E-02,0.100436928E-01,1.00000000,287.000000,13.8500061,1.00000000,1.00000000,-1000.00000,0.00000000,0.00000000,1.00000000,1.00000000,287.000000,0.00000000,0.00000000
2,2,usgs_water,7,180.000000,2,F,F,0,0,T,16,24,0.199999996E-01,28,19,1,1004.50000,0.285714298,9.81000042,2500000.00,0.567051011E-07,1.00000000,16,14,2.00000000,0.00000000,287.000000,0.00000000,0.00000000,0.00000000,0.600000024,0.200000003,352.000000,395.000000,0.209999997E-01,0.199999996E-01,20.0000000,0.799999982E-01,60.0000000,98000.0000,287.000000,0.985000003E-02,0.00000000,1.17999995,0.00000000,0.00000000,0.00000000,0.00000000,0.699999988,0.799999982E-01,0.980000019,0.999999978E-02,1.00000000,0.00000000,0.00000000,0.999999975E-04,287.000000,0.00000000,0.00000000,0.00000000,7.50000000,0.00000000,0.00000000,0.00000000,0.00000000,3.25000000,0.00000000,0.100436928E-01,0.399999990E-03,0.00000000,0.994381960E-02,0.100436928E-01,1.00000000,287.000000,13.8500061,1.00000000,1.00000000,-1000.00000,0.00000000,0.00000000,1.00000000,1.00000000,287.000000,0.00000000,0.00000000,0.00000000,0.00000000,0.00000000,0.00000000,0.699999988,0.799999982E-01,0.980000019,0.999999978E-02,1.00000000,0.00000000,0.00000000,0.999999975E-04,287.000000,0.00000000,0.00000000,0.00000000,7.50000000,0.00000000,0.00000000,0.00000000,0.00000000,3.25000000,0.00000000,0.100436928E-01,0.399999990E-03,0.00000000,0.994381960E-02,0.100436928E-01,1.00000000,287.000000,13.8500061,1.00000000,1.00000000,-1000.00000,0.00000000,0.00000000,1.00000000,1.00000000,287.000000,0.00000000,0.00000000
2,2,usgs_water,8,180.000000,2,F,F,0,0,T,16,24,0.199999996E-01,28,19,1,1004.50000,0.285714298,9.81000042,2500000.00,0.567051011E-07,1.60000002,16,14,2.00000000,0.00000000,287.000000,0.00000000,0.00000000,0.00000000,0.600000024,0.200000003,352.000000,395.000000,0.209999997E-01,0.199999996E-01,20.0000000,0.799999982E-01,60.0000000,98000.0000,287.000000,0.985000003E-02,0.00000000,1.17999995,0.00000000,0.00000000,0.00000000,0.00000000,0.699999988,0.799999982E-01,0.980000019,0.999999978E-02,1.00000000,0.00000000,0.00000000,0.999999975E-04,287.000000,0.00000000,0.00000000,0.00000000,7.50000000,0.00000000,0.00000000,0.00000000,0.00000000,3.25000000,0.00000000,0.100436928E-01,0.399999990E-03,0.00000000,0.994381960E-02,0.100436928E-01,1.00000000,287.000000,13.8500061,1.00000000,1.00000000,-1000.00000,0.00000000,0.00000000,1.00000000,1.00000000,287.000000,0.00000000,0.00000000,0.00000000,0.00000000,0.00000000,0.00000000,0.699999988,0.799999982E-01,0.980000019,0.999999978E-02,1.00000000,0.00000000,0.00000000,0.999999975E-04,287.000000,0.00000000,0.00000000,0.00000000,7.50000000,0.00000000,0.00000000,0.00000000,0.00000000,3.25000000,0.00000000,0.100436928E-01,0.399999990E-03,0.00000000,0.994381960E-02,0.100436928E-01,1.00000000,287.000000,13.8500061,1.00000000,1.00000000,-1000.00000,0.00000000,0.00000000,1.00000000,1.00000000,287.000000,0.00000000,0.00000000
2,2,usgs_water,9,180.000000,2,F,F,0,0,T,16,24,0.199999996E-01,28,19,1,1004.50000,0.285714298,9.81000042,2500000.00,0.567051011E-07,3.00000000,16,14,2.00000000,0.00000000,287.000000,0.00000000,0.00000000,0.00000000,0.600000024,0.200000003,352.000000,395.000000,0.209999997E-01,0.199999996E-01,20.0000000,0.799999982E-01,60.0000000,98000.0000,287.000000,0.985000003E-02,0.00000000,1.17999995,0.00000000,0.00000000,0.00000000,0.00000000,0.699999988,0.799999982E-01,0.980000019,0.999999978E-02,1.00000000,0.00000000,0.00000000,0.999999975E-04,287.000000,0.00000000,0.00000000,0.00000000,7.50000000,0.00000000,0.00000000,0.00000000,0.00000000,3.25000000,0.00000000,0.100436928E-01,0.399999990E-03,0.00000000,0.994381960E-02,0.100436928E-01,1.00000000,287.000000,13.8500061,1.00000000,1.00000000,-1000.00000,0.00000000,0.00000000,1.00000000,1.00000000,287.000000,0.00000000,0.00000000,0.00000000,0.00000000,0.00000000,0.00000000,0.699999988,0.799999982E-01,0.980000019,0.999999978E-02,1.00000000,0.00000000,0.00000000,0.999999975E-04,287.000000,0.00000000,0.00000000,0.00000000,7.50000000,0.00000000,0.00000000,0.00000000,0.00000000,3.25000000,0.00000000,0.100436928E-01,0.399999990E-03,0.00000000,0.994381960E-02,0.100436928E-01,1.00000000,287.000000,13.8500061,1.00000000,1.00000000,-1000.00000,0.00000000,0.00000000,1.00000000,1.00000000,287.000000,0.00000000,0.00000000
2,2,usgs_seaice_snow,1,180.000000,2,F,F,0,0,T,16,24,0.199999996E-01,28,19,1,1004.50000,0.285714298,9.81000042,2500000.00,0.567051011E-07,0.00000000,24,16,1.00000000,0.449999988,271.000000,0.00000000,0.00000000,0.00000000,0.400000006,0.200000003,210.000000,65.0000000,0.400000019E-02,0.300000003E-02,3.00000000,0.550000012,60.0000000,98000.0000,259.000000,0.899999985E-03,0.00000000,1.17999995,35.3999252,0.153002560,0.425569504,0.00000000,0.750000000,0.739142060,0.980000019,0.999999978E-02,1.00000000,0.252907164E-02,0.109999999E-01,0.109999999E-01,258.014832,-2.97036910,0.406026061E-06,1.15108383,7.50014591,0.00000000,0.00000000,0.00000000,1.28181684,3.25000000,0.00000000,0.103534258E-02,0.00000000,0.00000000,0.103427179E-02,0.103534199E-02,1.00000000,258.754913,-14.7651062,3000.00000,3000.00000,59.4166985,0.400000006,6.73211432,1.00000000,0.00000000,258.754913,1.00000000,0.00000000,35.7998505,0.156026721,0.427372217,0.00000000,0.750000000,0.750000000,0.980000019,0.999999978E-02,1.00000000,0.252907164E-02,0.109999999E-01,0.109999999E-01,258.101440,-2.70923567,0.430956987E-06,1.22176301,7.50030136,0.00000000,0.00000000,0.00000000,1.44626176,3.25000000,0.00000000,0.104365079E-02,0.00000000,0.00000000,0.104256265E-02,0.104365230E-02,1.00000000,258.952972,-14.6227722,3000.00000,3000.00000,59.4166985,0.400000006,13.4642286,1.00000000,0.00000000,258.952972,1.00000000,0.00000000
2,2,usgs_seaice_snow,2,180.000000,2,F,F,0,0,T,16,24,0.199999996E-01,28,19,1,1004.50000,0.285714298,9.81000042,2500000.00,0.567051011E-07,0.999999978E-02,24,16,1.00000000,0.449999988,271.000000,0.00000000,0.00000000,0.00000000,0.400000006,0.200000003,210.000000,65.0000000,0.400000019E-02,0.300000003E-02,3.00000000,0.550000012,60.0000000,98000.0000,259.000000,0.899999985E-03,0.00000000,1.17999995,35.3999252,0.153002560,0.425569504,0.00000000,0.750000000,0.739142060,0.980000019,0.999999978E-02,1.00000000,0.252907164E-02,0.109999999E-01,0.109999999E-01,258.014832,-2.97036910,0.406026061E-06,1.15108383,7.50014591,0.00000000,0.00000000,0.00000000,1.28181684,3.25000000,0.00000000,0.103534258E-02,0.00000000,0.00000000,0.103427179E-02,0.103534199E-02,1.00000000,258.754913,-14.7651062,3000.00000,3000.00000,59.4166985,0.400000006,6.73211432,1.00000000,0.00000000,258.917053,1.00000000,0.00000000,35.7998505,0.156026721,0.427372217,0.00000000,0.750000000,0.750000000,0.980000019,0.999999978E-02,1.00000000,0.252907164E-02,0.109999999E-01,0.109999999E-01,258.101440,-2.70923567,0.430956987E-06,1.22176301,7.50030136,0.00000000,0.00000000,0.00000000,1.44626176,3.25000000,0.00000000,0.104365079E-02,0.00000000,0.00000000,0.104256265E-02,0.104365230E-02,1.00000000,258.952972,-14.6227722,3000.00000,3000.00000,59.4166985,0.400000006,13.4642286,1.00000000,0.00000000,259.158936,1.00000000,0.00000000
2,2,usgs_seaice_snow,3,180.000000,2,F,F,0,0,T,16,24,0.199999996E-01,28,19,1,1004.50000,0.285714298,9.81000042,2500000.00,0.567051011E-07,0.399999991E-01,24,16,1.00000000,0.449999988,271.000000,0.00000000,0.00000000,0.00000000,0.400000006,0.200000003,210.000000,65.0000000,0.400000019E-02,0.300000003E-02,3.00000000,0.550000012,60.0000000,98000.0000,259.000000,0.899999985E-03,0.00000000,1.17999995,35.3999252,0.153002560,0.425569504,0.00000000,0.750000000,0.739142060,0.980000019,0.999999978E-02,1.00000000,0.252907164E-02,0.109999999E-01,0.109999999E-01,258.014832,-2.97036910,0.406026061E-06,1.15108383,7.50014591,0.00000000,0.00000000,0.00000000,1.28181684,3.25000000,0.00000000,0.103534258E-02,0.00000000,0.00000000,0.103427179E-02,0.103534199E-02,1.00000000,258.754913,-14.7651062,3000.00000,3000.00000,59.4166985,0.400000006,6.73211432,1.00000000,0.00000000,260.290344,1.00000000,0.00000000,35.7998505,0.156026721,0.427372217,0.00000000,0.750000000,0.750000000,0.980000019,0.999999978E-02,1.00000000,0.252907164E-02,0.109999999E-01,0.109999999E-01,258.101440,-2.70923567,0.430956987E-06,1.22176301,7.50030136,0.00000000,0.00000000,0.00000000,1.44626176,3.25000000,0.00000000,0.104365079E-02,0.00000000,0.00000000,0.104256265E-02,0.104365230E-02,1.00000000,258.952972,-14.6227722,3000.00000,3000.00000,59.4166985,0.400000006,13.4642286,1.00000000,0.00000000,260.199615,1.00000000,0.00000000
2,2,usgs_seaice_snow,4,180.000000,2,F,F,0,0,T,16,24,0.199999996E-01,28,19,1,1004.50000,0.285714298,9.81000042,2500000.00,0.567051011E-07,0.100000001,24,16,1.00000000,0.449999988,271.000000,0.00000000,0.00000000,0.00000000,0.400000006,0.200000003,210.000000,65.0000000,0.400000019E-02,0.300000003E-02,3.00000000,0.550000012,60.0000000,98000.0000,259.000000,0.899999985E-03,0.00000000,1.17999995,35.3999252,0.153002560,0.425569504,0.00000000,0.750000000,0.739142060,0.980000019,0.999999978E-02,1.00000000,0.252907164E-02,0.109999999E-01,0.109999999E-01,258.014832,-2.97036910,0.406026061E-06,1.15108383,7.50014591,0.00000000,0.00000000,0.00000000,1.28181684,3.25000000,0.00000000,0.103534258E-02,0.00000000,0.00000000,0.103427179E-02,0.103534199E-02,1.00000000,258.754913,-14.7651062,3000.00000,3000.00000,59.4166985,0.400000006,6.73211432,1.00000000,0.00000000,261.575134,1.00000000,0.00000000,35.7998505,0.156026721,0.427372217,0.00000000,0.750000000,0.750000000,0.980000019,0.999999978E-02,1.00000000,0.252907164E-02,0.109999999E-01,0.109999999E-01,258.101440,-2.70923567,0.430956987E-06,1.22176301,7.50030136,0.00000000,0.00000000,0.00000000,1.44626176,3.25000000,0.00000000,0.104365079E-02,0.00000000,0.00000000,0.104256265E-02,0.104365230E-02,1.00000000,258.952972,-14.6227722,3000.00000,3000.00000,59.4166985,0.400000006,13.4642286,1.00000000,0.00000000,261.548309,1.00000000,0.00000000
2,2,usgs_seaice_snow,5,180.000000,2,F,F,0,0,T,16,24,0.199999996E-01,28,19,1,1004.50000,0.285714298,9.81000042,2500000.00,0.567051011E-07,0.300000012,24,16,1.00000000,0.449999988,271.000000,0.00000000,0.00000000,0.00000000,0.400000006,0.200000003,210.000000,65.0000000,0.400000019E-02,0.300000003E-02,3.00000000,0.550000012,60.0000000,98000.0000,259.000000,0.899999985E-03,0.00000000,1.17999995,35.3999252,0.153002560,0.425569504,0.00000000,0.750000000,0.739142060,0.980000019,0.999999978E-02,1.00000000,0.252907164E-02,0.109999999E-01,0.109999999E-01,258.014832,-2.97036910,0.406026061E-06,1.15108383,7.50014591,0.00000000,0.00000000,0.00000000,1.28181684,3.25000000,0.00000000,0.103534258E-02,0.00000000,0.00000000,0.103427179E-02,0.103534199E-02,1.00000000,258.754913,-14.7651062,3000.00000,3000.00000,59.4166985,0.400000006,6.73211432,1.00000000,0.00000000,262.798157,1.00000000,0.00000000,35.7998505,0.156026721,0.427372217,0.00000000,0.750000000,0.750000000,0.980000019,0.999999978E-02,1.00000000,0.252907164E-02,0.109999999E-01,0.109999999E-01,258.101440,-2.70923567,0.430956987E-06,1.22176301,7.50030136,0.00000000,0.00000000,0.00000000,1.44626176,3.25000000,0.00000000,0.104365079E-02,0.00000000,0.00000000,0.104256265E-02,0.104365230E-02,1.00000000,258.952972,-14.6227722,3000.00000,3000.00000,59.4166985,0.400000006,13.4642286,1.00000000,0.00000000,262.796204,1.00000000,0.00000000
2,2,usgs_seaice_snow,6,180.000000,2,F,F,0,0,T,16,24,0.199999996E-01,28,19,1,1004.50000,0.285714298,9.81000042,2500000.00,0.567051011E-07,0.600000024,24,16,1.00000000,0.449999988,271.000000,0.00000000,0.00000000,0.00000000,0.400000006,0.200000003,210.000000,65.0000000,0.400000019E-02,0.300000003E-02,3.00000000,0.550000012,60.0000000,98000.0000,259.000000,0.899999985E-03,0.00000000,1.17999995,35.3999252,0.153002560,0.425569504,0.00000000,0.750000000,0.739142060,0.980000019,0.999999978E-02,1.00000000,0.252907164E-02,0.109999999E-01,0.109999999E-01,258.014832,-2.97036910,0.406026061E-06,1.15108383,7.50014591,0.00000000,0.00000000,0.00000000,1.28181684,3.25000000,0.00000000,0.103534258E-02,0.00000000,0.00000000,0.103427179E-02,0.103534199E-02,1.00000000,258.754913,-14.7651062,3000.00000,3000.00000,59.4166985,0.400000006,6.73211432,1.00000000,0.00000000,263.999359,1.00000000,0.00000000,35.7998505,0.156026721,0.427372217,0.00000000,0.750000000,0.750000000,0.980000019,0.999999978E-02,1.00000000,0.252907164E-02,0.109999999E-01,0.109999999E-01,258.101440,-2.70923567,0.430956987E-06,1.22176301,7.50030136,0.00000000,0.00000000,0.00000000,1.44626176,3.25000000,0.00000000,0.104365079E-02,0.00000000,0.00000000,0.104256265E-02,0.104365230E-02,1.00000000,258.952972,-14.6227722,3000.00000,3000.00000,59.4166985,0.400000006,13.4642286,1.00000000,0.00000000,263.998749,1.00000000,0.00000000
2,2,usgs_seaice_snow,7,180.000000,2,F,F,0,0,T,16,24,0.199999996E-01,28,19,1,1004.50000,0.285714298,9.81000042,2500000.00,0.567051011E-07,1.00000000,24,16,1.00000000,0.449999988,271.000000,0.00000000,0.00000000,0.00000000,0.400000006,0.200000003,210.000000,65.0000000,0.400000019E-02,0.300000003E-02,3.00000000,0.550000012,60.0000000,98000.0000,259.000000,0.899999985E-03,0.00000000,1.17999995,35.3999252,0.153002560,0.425569504,0.00000000,0.750000000,0.739142060,0.980000019,0.999999978E-02,1.00000000,0.252907164E-02,0.109999999E-01,0.109999999E-01,258.014832,-2.97036910,0.406026061E-06,1.15108383,7.50014591,0.00000000,0.00000000,0.00000000,1.28181684,3.25000000,0.00000000,0.103534258E-02,0.00000000,0.00000000,0.103427179E-02,0.103534199E-02,1.00000000,258.754913,-14.7651062,3000.00000,3000.00000,59.4166985,0.400000006,6.73211432,1.00000000,0.00000000,265.199585,1.00000000,0.00000000,35.7998505,0.156026721,0.427372217,0.00000000,0.750000000,0.750000000,0.980000019,0.999999978E-02,1.00000000,0.252907164E-02,0.109999999E-01,0.109999999E-01,258.101440,-2.70923567,0.430956987E-06,1.22176301,7.50030136,0.00000000,0.00000000,0.00000000,1.44626176,3.25000000,0.00000000,0.104365079E-02,0.00000000,0.00000000,0.104256265E-02,0.104365230E-02,1.00000000,258.952972,-14.6227722,3000.00000,3000.00000,59.4166985,0.400000006,13.4642286,1.00000000,0.00000000,265.199158,1.00000000,0.00000000
2,2,usgs_seaice_snow,8,180.000000,2,F,F,0,0,T,16,24,0.199999996E-01,28,19,1,1004.50000,0.285714298,9.81000042,2500000.00,0.567051011E-07,1.60000002,24,16,1.00000000,0.449999988,271.000000,0.00000000,0.00000000,0.00000000,0.400000006,0.200000003,210.000000,65.0000000,0.400000019E-02,0.300000003E-02,3.00000000,0.550000012,60.0000000,98000.0000,259.000000,0.899999985E-03,0.00000000,1.17999995,35.3999252,0.153002560,0.425569504,0.00000000,0.750000000,0.739142060,0.980000019,0.999999978E-02,1.00000000,0.252907164E-02,0.109999999E-01,0.109999999E-01,258.014832,-2.97036910,0.406026061E-06,1.15108383,7.50014591,0.00000000,0.00000000,0.00000000,1.28181684,3.25000000,0.00000000,0.103534258E-02,0.00000000,0.00000000,0.103427179E-02,0.103534199E-02,1.00000000,258.754913,-14.7651062,3000.00000,3000.00000,59.4166985,0.400000006,6.73211432,1.00000000,0.00000000,266.399750,1.00000000,0.00000000,35.7998505,0.156026721,0.427372217,0.00000000,0.750000000,0.750000000,0.980000019,0.999999978E-02,1.00000000,0.252907164E-02,0.109999999E-01,0.109999999E-01,258.101440,-2.70923567,0.430956987E-06,1.22176301,7.50030136,0.00000000,0.00000000,0.00000000,1.44626176,3.25000000,0.00000000,0.104365079E-02,0.00000000,0.00000000,0.104256265E-02,0.104365230E-02,1.00000000,258.952972,-14.6227722,3000.00000,3000.00000,59.4166985,0.400000006,13.4642286,1.00000000,0.00000000,266.400024,1.00000000,0.00000000
2,2,usgs_seaice_snow,9,180.000000,2,F,F,0,0,T,16,24,0.199999996E-01,28,19,1,1004.50000,0.285714298,9.81000042,2500000.00,0.567051011E-07,3.00000000,24,16,1.00000000,0.449999988,271.000000,0.00000000,0.00000000,0.00000000,0.400000006,0.200000003,210.000000,65.0000000,0.400000019E-02,0.300000003E-02,3.00000000,0.550000012,60.0000000,98000.0000,259.000000,0.899999985E-03,0.00000000,1.17999995,35.3999252,0.153002560,0.425569504,0.00000000,0.750000000,0.739142060,0.980000019,0.999999978E-02,1.00000000,0.252907164E-02,0.109999999E-01,0.109999999E-01,258.014832,-2.97036910,0.406026061E-06,1.15108383,7.50014591,0.00000000,0.00000000,0.00000000,1.28181684,3.25000000,0.00000000,0.103534258E-02,0.00000000,0.00000000,0.103427179E-02,0.103534199E-02,1.00000000,258.754913,-14.7651062,3000.00000,3000.00000,59.4166985,0.400000006,6.73211432,1.00000000,0.00000000,271.000000,1.00000000,0.00000000,35.7998505,0.156026721,0.427372217,0.00000000,0.750000000,0.750000000,0.980000019,0.999999978E-02,1.00000000,0.252907164E-02,0.109999999E-01,0.109999999E-01,258.101440,-2.70923567,0.430956987E-06,1.22176301,7.50030136,0.00000000,0.00000000,0.00000000,1.44626176,3.25000000,0.00000000,0.104365079E-02,0.00000000,0.00000000,0.104256265E-02,0.104365230E-02,1.00000000,258.952972,-14.6227722,3000.00000,3000.00000,59.4166985,0.400000006,13.4642286,1.00000000,0.00000000,271.000000,1.00000000,0.00000000
2,2,usgs_seaice_bare,1,180.000000,2,F,F,0,0,T,16,24,0.199999996E-01,28,19,1,1004.50000,0.285714298,9.81000042,2500000.00,0.567051011E-07,0.00000000,24,16,1.00000000,0.119999997,271.000000,0.00000000,0.00000000,0.00000000,0.200000003,0.200000003,222.000000,90.0000000,0.800000038E-02,0.700000022E-02,7.00000000,0.550000012,60.0000000,98000.0000,263.500000,0.139999995E-02,0.00000000,1.17999995,0.199695528,0.326593011E-02,0.892829150E-02,0.00000000,0.750000000,0.564903021,0.980000019,0.999999978E-02,1.00000000,0.589869171E-02,0.109999999E-01,0.109999999E-01,263.046051,-3.19221497,0.163204857E-05,4.64944744,7.50058746,0.00000000,0.00000000,0.00000000,-28.5400391,3.25000000,0.00000000,0.163314957E-02,0.00000000,0.00000000,0.163048669E-02,0.163314969E-02,1.00000000,263.139343,-10.0280457,3000.00000,3000.00000,61.1450729,0.200000003,3.27090955,1.00000000,0.00000000,263.048645,1.00000000,0.00000000,0.399389625,0.653183647E-02,0.147375781E-01,0.00000000,0.750000000,0.574580789,0.980000019,0.999999978E-02,1.00000000,0.589869171E-02,0.109999999E-01,0.109999999E-01,263.249817,-1.75942767,0.184085093E-05,5.24329233,7.50125027,0.00000000,0.00000000,0.00000000,2.97164059,3.25000000,0.00000000,0.166297844E-02,0.00000000,0.00000000,0.166021753E-02,0.166297867E-02,1.00000000,263.157349,-10.0151672,3000.00000,3000.00000,61.1450729,0.200000003,6.54181910,1.00000000,0.00000000,263.255341,1.00000000,0.00000000
2,2,usgs_seaice_bare,2,180.000000,2,F,F,0,0,T,16,24,0.199999996E-01,28,19,1,1004.50000,0.285714298,9.81000042,2500000.00,0.567051011E-07,0.999999978E-02,24,16,1.00000000,0.119999997,271.000000,0.00000000,0.00000000,0.00000000,0.200000003,0.200000003,222.000000,90.0000000,0.800000038E-02,0.700000022E-02,7.00000000,0.550000012,60.0000000,98000.0000,263.500000,0.139999995E-02,0.00000000,1.17999995,0.199695528,0.326593011E-02,0.892829150E-02,0.00000000,0.750000000,0.564903021,0.980000019,0.999999978E-02,1.00000000,0.589869171E-02,0.109999999E-01,0.109999999E-01,263.046051,-3.19221497,0.163204857E-05,4.64944744,7.50058746,0.00000000,0.00000000,0.00000000,-28.5400391,3.25000000,0.00000000,0.163314957E-02,0.00000000,0.00000000,0.163048669E-02,0.163314969E-02,1.00000000,263.139343,-10.0280457,3000.00000,3000.00000,61.1450729,0.200000003,3.27090955,1.00000000,0.00000000,262.924133,1.00000000,0.00000000,0.399389625,0.653183647E-02,0.147375781E-01,0.00000000,0.750000000,0.574580789,0.980000019,0.999999978E-02,1.00000000,0.589869171E-02,0.109999999E-01,0.109999999E-01,263.249817,-1.75942767,0.184085093E-05,5.24329233,7.50125027,0.00000000,0.00000000,0.00000000,2.97164059,3.25000000,0.00000000,0.166297844E-02,0.00000000,0.00000000,0.166021753E-02,0.166297867E-02,1.00000000,263.157349,-10.0151672,3000.00000,3000.00000,61.1450729,0.200000003,6.54181910,1.00000000,0.00000000,263.271454,1.00000000,0.00000000
2,2,usgs_seaice_bare,3,180.000000,2,F,F,0,0,T,16,24,0.199999996E-01,28,19,1,1004.50000,0.285714298,9.81000042,2500000.00,0.567051011E-07,0.399999991E-01,24,16,1.00000000,0.119999997,271.000000,0.00000000,0.00000000,0.00000000,0.200000003,0.200000003,222.000000,90.0000000,0.800000038E-02,0.700000022E-02,7.00000000,0.550000012,60.0000000,98000.0000,263.500000,0.139999995E-02,0.00000000,1.17999995,0.199695528,0.326593011E-02,0.892829150E-02,0.00000000,0.750000000,0.564903021,0.980000019,0.999999978E-02,1.00000000,0.589869171E-02,0.109999999E-01,0.109999999E-01,263.046051,-3.19221497,0.163204857E-05,4.64944744,7.50058746,0.00000000,0.00000000,0.00000000,-28.5400391,3.25000000,0.00000000,0.163314957E-02,0.00000000,0.00000000,0.163048669E-02,0.163314969E-02,1.00000000,263.139343,-10.0280457,3000.00000,3000.00000,61.1450729,0.200000003,3.27090955,1.00000000,0.00000000,263.921448,1.00000000,0.00000000,0.399389625,0.653183647E-02,0.147375781E-01,0.00000000,0.750000000,0.574580789,0.980000019,0.999999978E-02,1.00000000,0.589869171E-02,0.109999999E-01,0.109999999E-01,263.249817,-1.75942767,0.184085093E-05,5.24329233,7.50125027,0.00000000,0.00000000,0.00000000,2.97164059,3.25000000,0.00000000,0.166297844E-02,0.00000000,0.00000000,0.166021753E-02,0.166297867E-02,1.00000000,263.157349,-10.0151672,3000.00000,3000.00000,61.1450729,0.200000003,6.54181910,1.00000000,0.00000000,263.877930,1.00000000,0.00000000
2,2,usgs_seaice_bare,4,180.000000,2,F,F,0,0,T,16,24,0.199999996E-01,28,19,1,1004.50000,0.285714298,9.81000042,2500000.00,0.567051011E-07,0.100000001,24,16,1.00000000,0.119999997,271.000000,0.00000000,0.00000000,0.00000000,0.200000003,0.200000003,222.000000,90.0000000,0.800000038E-02,0.700000022E-02,7.00000000,0.550000012,60.0000000,98000.0000,263.500000,0.139999995E-02,0.00000000,1.17999995,0.199695528,0.326593011E-02,0.892829150E-02,0.00000000,0.750000000,0.564903021,0.980000019,0.999999978E-02,1.00000000,0.589869171E-02,0.109999999E-01,0.109999999E-01,263.046051,-3.19221497,0.163204857E-05,4.64944744,7.50058746,0.00000000,0.00000000,0.00000000,-28.5400391,3.25000000,0.00000000,0.163314957E-02,0.00000000,0.00000000,0.163048669E-02,0.163314969E-02,1.00000000,263.139343,-10.0280457,3000.00000,3000.00000,61.1450729,0.200000003,3.27090955,1.00000000,0.00000000,264.979736,1.00000000,0.00000000,0.399389625,0.653183647E-02,0.147375781E-01,0.00000000,0.750000000,0.574580789,0.980000019,0.999999978E-02,1.00000000,0.589869171E-02,0.109999999E-01,0.109999999E-01,263.249817,-1.75942767,0.184085093E-05,5.24329233,7.50125027,0.00000000,0.00000000,0.00000000,2.97164059,3.25000000,0.00000000,0.166297844E-02,0.00000000,0.00000000,0.166021753E-02,0.166297867E-02,1.00000000,263.157349,-10.0151672,3000.00000,3000.00000,61.1450729,0.200000003,6.54181910,1.00000000,0.00000000,264.958527,1.00000000,0.00000000
2,2,usgs_seaice_bare,5,180.000000,2,F,F,0,0,T,16,24,0.199999996E-01,28,19,1,1004.50000,0.285714298,9.81000042,2500000.00,0.567051011E-07,0.300000012,24,16,1.00000000,0.119999997,271.000000,0.00000000,0.00000000,0.00000000,0.200000003,0.200000003,222.000000,90.0000000,0.800000038E-02,0.700000022E-02,7.00000000,0.550000012,60.0000000,98000.0000,263.500000,0.139999995E-02,0.00000000,1.17999995,0.199695528,0.326593011E-02,0.892829150E-02,0.00000000,0.750000000,0.564903021,0.980000019,0.999999978E-02,1.00000000,0.589869171E-02,0.109999999E-01,0.109999999E-01,263.046051,-3.19221497,0.163204857E-05,4.64944744,7.50058746,0.00000000,0.00000000,0.00000000,-28.5400391,3.25000000,0.00000000,0.163314957E-02,0.00000000,0.00000000,0.163048669E-02,0.163314969E-02,1.00000000,263.139343,-10.0280457,3000.00000,3000.00000,61.1450729,0.200000003,3.27090955,1.00000000,0.00000000,265.998474,1.00000000,0.00000000,0.399389625,0.653183647E-02,0.147375781E-01,0.00000000,0.750000000,0.574580789,0.980000019,0.999999978E-02,1.00000000,0.589869171E-02,0.109999999E-01,0.109999999E-01,263.249817,-1.75942767,0.184085093E-05,5.24329233,7.50125027,0.00000000,0.00000000,0.00000000,2.97164059,3.25000000,0.00000000,0.166297844E-02,0.00000000,0.00000000,0.166021753E-02,0.166297867E-02,1.00000000,263.157349,-10.0151672,3000.00000,3000.00000,61.1450729,0.200000003,6.54181910,1.00000000,0.00000000,265.996887,1.00000000,0.00000000
2,2,usgs_seaice_bare,6,180.000000,2,F,F,0,0,T,16,24,0.199999996E-01,28,19,1,1004.50000,0.285714298,9.81000042,2500000.00,0.567051011E-07,0.600000024,24,16,1.00000000,0.119999997,271.000000,0.00000000,0.00000000,0.00000000,0.200000003,0.200000003,222.000000,90.0000000,0.800000038E-02,0.700000022E-02,7.00000000,0.550000012,60.0000000,98000.0000,263.500000,0.139999995E-02,0.00000000,1.17999995,0.199695528,0.326593011E-02,0.892829150E-02,0.00000000,0.750000000,0.564903021,0.980000019,0.999999978E-02,1.00000000,0.589869171E-02,0.109999999E-01,0.109999999E-01,263.046051,-3.19221497,0.163204857E-05,4.64944744,7.50058746,0.00000000,0.00000000,0.00000000,-28.5400391,3.25000000,0.00000000,0.163314957E-02,0.00000000,0.00000000,0.163048669E-02,0.163314969E-02,1.00000000,263.139343,-10.0280457,3000.00000,3000.00000,61.1450729,0.200000003,3.27090955,1.00000000,0.00000000,266.999451,1.00000000,0.00000000,0.399389625,0.653183647E-02,0.147375781E-01,0.00000000,0.750000000,0.574580789,0.980000019,0.999999978E-02,1.00000000,0.589869171E-02,0.109999999E-01,0.109999999E-01,263.249817,-1.75942767,0.184085093E-05,5.24329233,7.50125027,0.00000000,0.00000000,0.00000000,2.97164059,3.25000000,0.00000000,0.166297844E-02,0.00000000,0.00000000,0.166021753E-02,0.166297867E-02,1.00000000,263.157349,-10.0151672,3000.00000,3000.00000,61.1450729,0.200000003,6.54181910,1.00000000,0.00000000,266.998901,1.00000000,0.00000000
2,2,usgs_seaice_bare,7,180.000000,2,F,F,0,0,T,16,24,0.199999996E-01,28,19,1,1004.50000,0.285714298,9.81000042,2500000.00,0.567051011E-07,1.00000000,24,16,1.00000000,0.119999997,271.000000,0.00000000,0.00000000,0.00000000,0.200000003,0.200000003,222.000000,90.0000000,0.800000038E-02,0.700000022E-02,7.00000000,0.550000012,60.0000000,98000.0000,263.500000,0.139999995E-02,0.00000000,1.17999995,0.199695528,0.326593011E-02,0.892829150E-02,0.00000000,0.750000000,0.564903021,0.980000019,0.999999978E-02,1.00000000,0.589869171E-02,0.109999999E-01,0.109999999E-01,263.046051,-3.19221497,0.163204857E-05,4.64944744,7.50058746,0.00000000,0.00000000,0.00000000,-28.5400391,3.25000000,0.00000000,0.163314957E-02,0.00000000,0.00000000,0.163048669E-02,0.163314969E-02,1.00000000,263.139343,-10.0280457,3000.00000,3000.00000,61.1450729,0.200000003,3.27090955,1.00000000,0.00000000,267.999664,1.00000000,0.00000000,0.399389625,0.653183647E-02,0.147375781E-01,0.00000000,0.750000000,0.574580789,0.980000019,0.999999978E-02,1.00000000,0.589869171E-02,0.109999999E-01,0.109999999E-01,263.249817,-1.75942767,0.184085093E-05,5.24329233,7.50125027,0.00000000,0.00000000,0.00000000,2.97164059,3.25000000,0.00000000,0.166297844E-02,0.00000000,0.00000000,0.166021753E-02,0.166297867E-02,1.00000000,263.157349,-10.0151672,3000.00000,3000.00000,61.1450729,0.200000003,6.54181910,1.00000000,0.00000000,267.999329,1.00000000,0.00000000
2,2,usgs_seaice_bare,8,180.000000,2,F,F,0,0,T,16,24,0.199999996E-01,28,19,1,1004.50000,0.285714298,9.81000042,2500000.00,0.567051011E-07,1.60000002,24,16,1.00000000,0.119999997,271.000000,0.00000000,0.00000000,0.00000000,0.200000003,0.200000003,222.000000,90.0000000,0.800000038E-02,0.700000022E-02,7.00000000,0.550000012,60.0000000,98000.0000,263.500000,0.139999995E-02,0.00000000,1.17999995,0.199695528,0.326593011E-02,0.892829150E-02,0.00000000,0.750000000,0.564903021,0.980000019,0.999999978E-02,1.00000000,0.589869171E-02,0.109999999E-01,0.109999999E-01,263.046051,-3.19221497,0.163204857E-05,4.64944744,7.50058746,0.00000000,0.00000000,0.00000000,-28.5400391,3.25000000,0.00000000,0.163314957E-02,0.00000000,0.00000000,0.163048669E-02,0.163314969E-02,1.00000000,263.139343,-10.0280457,3000.00000,3000.00000,61.1450729,0.200000003,3.27090955,1.00000000,0.00000000,268.999786,1.00000000,0.00000000,0.399389625,0.653183647E-02,0.147375781E-01,0.00000000,0.750000000,0.574580789,0.980000019,0.999999978E-02,1.00000000,0.589869171E-02,0.109999999E-01,0.109999999E-01,263.249817,-1.75942767,0.184085093E-05,5.24329233,7.50125027,0.00000000,0.00000000,0.00000000,2.97164059,3.25000000,0.00000000,0.166297844E-02,0.00000000,0.00000000,0.166021753E-02,0.166297867E-02,1.00000000,263.157349,-10.0151672,3000.00000,3000.00000,61.1450729,0.200000003,6.54181910,1.00000000,0.00000000,268.999756,1.00000000,0.00000000
2,2,usgs_seaice_bare,9,180.000000,2,F,F,0,0,T,16,24,0.199999996E-01,28,19,1,1004.50000,0.285714298,9.81000042,2500000.00,0.567051011E-07,3.00000000,24,16,1.00000000,0.119999997,271.000000,0.00000000,0.00000000,0.00000000,0.200000003,0.200000003,222.000000,90.0000000,0.800000038E-02,0.700000022E-02,7.00000000,0.550000012,60.0000000,98000.0000,263.500000,0.139999995E-02,0.00000000,1.17999995,0.199695528,0.326593011E-02,0.892829150E-02,0.00000000,0.750000000,0.564903021,0.980000019,0.999999978E-02,1.00000000,0.589869171E-02,0.109999999E-01,0.109999999E-01,263.046051,-3.19221497,0.163204857E-05,4.64944744,7.50058746,0.00000000,0.00000000,0.00000000,-28.5400391,3.25000000,0.00000000,0.163314957E-02,0.00000000,0.00000000,0.163048669E-02,0.163314969E-02,1.00000000,263.139343,-10.0280457,3000.00000,3000.00000,61.1450729,0.200000003,3.27090955,1.00000000,0.00000000,271.000000,1.00000000,0.00000000,0.399389625,0.653183647E-02,0.147375781E-01,0.00000000,0.750000000,0.574580789,0.980000019,0.999999978E-02,1.00000000,0.589869171E-02,0.109999999E-01,0.109999999E-01,263.249817,-1.75942767,0.184085093E-05,5.24329233,7.50125027,0.00000000,0.00000000,0.00000000,2.97164059,3.25000000,0.00000000,0.166297844E-02,0.00000000,0.00000000,0.166021753E-02,0.166297867E-02,1.00000000,263.157349,-10.0151672,3000.00000,3000.00000,61.1450729,0.200000003,6.54181910,1.00000000,0.00000000,271.000000,1.00000000,0.00000000
2,2,usgs_desert,1,180.000000,2,F,F,0,0,T,16,24,0.199999996E-01,28,19,1,1004.50000,0.285714298,9.81000042,2500000.00,0.567051011E-07,0.00000000,19,1,1.00000000,0.00000000,293.000000,0.00000000,6.00000000,3.00000000,0.00000000,0.200000003,358.000000,600.000000,0.189999994E-01,0.179999992E-01,18.0000000,0.250000000,60.0000000,98000.0000,302.000000,0.300000003E-02,0.00000000,1.17999995,0.00000000,0.00000000,0.00000000,0.00000000,0.750000000,0.250000000,0.850000024,0.750000000,0.130436644,0.151477298E-01,0.500000007E-01,0.500000007E-01,304.070435,37.3893471,0.162165743E-04,40.5414352,7.50583839,0.00000000,0.00000000,0.00000000,-63.5177879,3.25000000,0.00000000,0.639785640E-02,0.00000000,0.00000000,0.635718415E-02,0.284100566E-01,1.00000000,303.000000,29.3500061,93.8471527,1185.00000,-1000.00000,0.00000000,0.00000000,0.244351029E-01,0.244351029E-01,304.070435,0.255555548E-01,0.00000000,0.00000000,0.00000000,0.00000000,0.00000000,0.750000000,0.250000000,0.850000024,0.750000000,0.127079457,0.151477298E-01,0.500000007E-01,0.500000007E-01,305.785767,68.3659973,0.166122136E-04,41.5305328,7.51181889,0.00000000,0.00000000,0.00000000,-92.0952530,3.25000000,0.00000000,0.669339718E-02,0.00000000,0.00000000,0.664889393E-02,0.313156433E-01,1.00000000,303.000000,29.3500061,93.8442535,1185.00000,-1000.00000,0.00000000,0.00000000,0.238576662E-01,0.238576662E-01,305.785767,0.249278899E-01,0.00000000
2,2,usgs_desert,2,180.000000,2,F,F,0,0,T,16,24,0.199999996E-01,28,19,1,1004.50000,0.285714298,9.81000042,2500000.00,0.567051011E-07,0.999999978E-02,19,1,1.00000000,0.00000000,293.000000,0.00000000,6.00000000,3.00000000,0.00000000,0.200000003,358.000000,600.000000,0.189999994E-01,0.179999992E-01,18.0000000,0.250000000,60.0000000,98000.0000,302.000000,0.300000003E-02,0.00000000,1.17999995,0.00000000,0.00000000,0.00000000,0.00000000,0.750000000,0.250000000,0.850000024,0.750000000,0.130436644,0.151477298E-01,0.500000007E-01,0.500000007E-01,304.070435,37.3893471,0.162165743E-04,40.5414352,7.50583839,0.00000000,0.00000000,0.00000000,-63.5177879,3.25000000,0.00000000,0.639785640E-02,0.00000000,0.00000000,0.635718415E-02,0.284100566E-01,1.00000000,303.000000,29.3500061,93.8471527,1185.00000,-1000.00000,0.00000000,0.00000000,0.259997547E-01,0.259997547E-01,301.603119,0.266666654E-01,0.00000000,0.00000000,0.00000000,0.00000000,0.00000000,0.750000000,0.250000000,0.850000024,0.750000000,0.127079457,0.151477298E-01,0.500000007E-01,0.500000007E-01,305.785767,68.3659973,0.166122136E-04,41.5305328,7.51181889,0.00000000,0.00000000,0.00000000,-92.0952530,3.25000000,0.00000000,0.669339718E-02,0.00000000,0.00000000,0.664889393E-02,0.313156433E-01,1.00000000,303.000000,29.3500061,93.8442535,1185.00000,-1000.00000,0.00000000,0.00000000,0.259994697E-01,0.259994697E-01,302.208374,0.266663935E-01,0.00000000
2,2,usgs_desert,3,180.000000,2,F,F,0,0,T,16,24,0.199999996E-01,28,19,1,1004.50000,0.285714298,9.81000042,2500000.00,0.567051011E-07,0.399999991E-01,19,1,1.00000000,0.00000000,293.000000,0.00000000,6.00000000,3.00000000,0.00000000,0.200000003,358.000000,600.000000,0.189999994E-01,0.179999992E-01,18.0000000,0.250000000,60.0000000,98000.0000,302.000000,0.300000003E-02,0.00000000,1.17999995,0.00000000,0.00000000,0.00000000,0.00000000,0.750000000,0.250000000,0.850000024,0.750000000,0.130436644,0.151477298E-01,0.500000007E-01,0.500000007E-01,304.070435,37.3893471,0.162165743E-04,40.5414352,7.50583839,0.00000000,0.00000000,0.00000000,-63.5177879,3.25000000,0.00000000,0.639785640E-02,0.00000000,0.00000000,0.635718415E-02,0.284100566E-01,1.00000000,303.000000,29.3500061,93.8471527,1185.00000,-1000.00000,0.00000000,0.00000000,0.269998983E-01,0.269998983E-01,300.616882,0.277777780E-01,0.00000000,0.00000000,0.00000000,0.00000000,0.00000000,0.750000000,0.250000000,0.850000024,0.750000000,0.127079457,0.151477298E-01,0.500000007E-01,0.500000007E-01,305.785767,68.3659973,0.166122136E-04,41.5305328,7.51181889,0.00000000,0.00000000,0.00000000,-92.0952530,3.25000000,0.00000000,0.669339718E-02,0.00000000,0.00000000,0.664889393E-02,0.313156433E-01,1.00000000,303.000000,29.3500061,93.8442535,1185.00000,-1000.00000,0.00000000,0.00000000,0.269997809E-01,0.269997809E-01,300.648102,0.277776625E-01,0.00000000
2,2,usgs_desert,4,180.000000,2,F,F,0,0,T,16,24,0.199999996E-01,28,19,1,1004.50000,0.285714298,9.81000042,2500000.00,0.567051011E-07,0.100000001,19,1,1.00000000,0.00000000,293.000000,0.00000000,6.00000000,3.00000000,0.00000000,0.200000003,358.000000,600.000000,0.189999994E-01,0.179999992E-01,18.0000000,0.250000000,60.0000000,98000.0000,302.000000,0.300000003E-02,0.00000000,1.17999995,0.00000000,0.00000000,0.00000000,0.00000000,0.750000000,0.250000000,0.850000024,0.750000000,0.130436644,0.151477298E-01,0.500000007E-01,0.500000007E-01,304.070435,37.3893471,0.162165743E-04,40.5414352,7.50583839,0.00000000,0.00000000,0.00000000,-63.5177879,3.25000000,0.00000000,0.639785640E-02,0.00000000,0.00000000,0.635718415E-02,0.284100566E-01,1.00000000,303.000000,29.3500061,93.8471527,1185.00000,-1000.00000,0.00000000,0.00000000,0.279999655E-01,0.279999655E-01,299.902954,0.288888887E-01,0.00000000,0.00000000,0.00000000,0.00000000,0.00000000,0.750000000,0.250000000,0.850000024,0.750000000,0.127079457,0.151477298E-01,0.500000007E-01,0.500000007E-01,305.785767,68.3659973,0.166122136E-04,41.5305328,7.51181889,0.00000000,0.00000000,0.00000000,-92.0952530,3.25000000,0.00000000,0.669339718E-02,0.00000000,0.00000000,0.664889393E-02,0.313156433E-01,1.00000000,303.000000,29.3500061,93.8442535,1185.00000,-1000.00000,0.00000000,0.00000000,0.279999245E-01,0.279999245E-01,299.906006,0.288888495E-01,0.00000000
2,2,usgs_desert,5,180.000000,2,F,F,0,0,T,16,24,0.199999996E-01,28,19,1,1004.50000,0.285714298,9.81000042,2500000.00,0.567051011E-07,0.300000012,19,1,1.00000000,0.00000000,293.000000,0.00000000,6.00000000,3.00000000,0.00000000,0.200000003,358.000000,600.000000,0.189999994E-01,0.179999992E-01,18.0000000,0.250000000,60.0000000,98000.0000,302.000000,0.300000003E-02,0.00000000,1.17999995,0.00000000,0.00000000,0.00000000,0.00000000,0.750000000,0.250000000,0.850000024,0.750000000,0.130436644,0.151477298E-01,0.500000007E-01,0.500000007E-01,304.070435,37.3893471,0.162165743E-04,40.5414352,7.50583839,0.00000000,0.00000000,0.00000000,-63.5177879,3.25000000,0.00000000,0.639785640E-02,0.00000000,0.00000000,0.635718415E-02,0.284100566E-01,1.00000000,303.000000,29.3500061,93.8471527,1185.00000,-1000.00000,0.00000000,0.00000000,0.289999805E-01,0.289999805E-01,299.200287,0.299999993E-01,0.00000000,0.00000000,0.00000000,0.00000000,0.00000000,0.750000000,0.250000000,0.850000024,0.750000000,0.127079457,0.151477298E-01,0.500000007E-01,0.500000007E-01,305.785767,68.3659973,0.166122136E-04,41.5305328,7.51181889,0.00000000,0.00000000,0.00000000,-92.0952530,3.25000000,0.00000000,0.669339718E-02,0.00000000,0.00000000,0.664889393E-02,0.313156433E-01,1.00000000,303.000000,29.3500061,93.8442535,1185.00000,-1000.00000,0.00000000,0.00000000,0.289999582E-01,0.289999582E-01,299.200562,0.299999770E-01,0.00000000
2,2,usgs_desert,6,180.000000,2,F,F,0,0,T,16,24,0.199999996E-01,28,19,1,1004.50000,0.285714298,9.81000042,2500000.00,0.567051011E-07,0.600000024,19,1,1.00000000,0.00000000,293.000000,0.00000000,6.00000000,3.00000000,0.00000000,0.200000003,358.000000,600.000000,0.189999994E-01,0.179999992E-01,18.0000000,0.250000000,60.0000000,98000.0000,302.000000,0.300000003E-02,0.00000000,1.17999995,0.00000000,0.00000000,0.00000000,0.00000000,0.750000000,0.250000000,0.850000024,0.750000000,0.130436644,0.151477298E-01,0.500000007E-01,0.500000007E-01,304.070435,37.3893471,0.162165743E-04,40.5414352,7.50583839,0.00000000,0.00000000,0.00000000,-63.5177879,3.25000000,0.00000000,0.639785640E-02,0.00000000,0.00000000,0.635718415E-02,0.284100566E-01,1.00000000,303.000000,29.3500061,93.8471527,1185.00000,-1000.00000,0.00000000,0.00000000,0.299999919E-01,0.299999919E-01,298.500031,0.311111100E-01,0.00000000,0.00000000,0.00000000,0.00000000,0.00000000,0.750000000,0.250000000,0.850000024,0.750000000,0.127079457,0.151477298E-01,0.500000007E-01,0.500000007E-01,305.785767,68.3659973,0.166122136E-04,41.5305328,7.51181889,0.00000000,0.00000000,0.00000000,-92.0952530,3.25000000,0.00000000,0.669339718E-02,0.00000000,0.00000000,0.664889393E-02,0.313156433E-01,1.00000000,303.000000,29.3500061,93.8442535,1185.00000,-1000.00000,0.00000000,0.00000000,0.299999807E-01,0.299999807E-01,298.500061,0.311111007E-01,0.00000000
2,2,usgs_desert,7,180.000000,2,F,F,0,0,T,16,24,0.199999996E-01,28,19,1,1004.50000,0.285714298,9.81000042,2500000.00,0.567051011E-07,1.00000000,19,1,1.00000000,0.00000000,293.000000,0.00000000,6.00000000,3.00000000,0.00000000,0.200000003,358.000000,600.000000,0.189999994E-01,0.179999992E-01,18.0000000,0.250000000,60.0000000,98000.0000,302.000000,0.300000003E-02,0.00000000,1.17999995,0.00000000,0.00000000,0.00000000,0.00000000,0.750000000,0.250000000,0.850000024,0.750000000,0.130436644,0.151477298E-01,0.500000007E-01,0.500000007E-01,304.070435,37.3893471,0.162165743E-04,40.5414352,7.50583839,0.00000000,0.00000000,0.00000000,-63.5177879,3.25000000,0.00000000,0.639785640E-02,0.00000000,0.00000000,0.635718415E-02,0.284100566E-01,1.00000000,303.000000,29.3500061,93.8471527,1185.00000,-1000.00000,0.00000000,0.00000000,0.310000014E-01,0.309999995E-01,297.800079,0.322222188E-01,0.00000000,0.00000000,0.00000000,0.00000000,0.00000000,0.750000000,0.250000000,0.850000024,0.750000000,0.127079457,0.151477298E-01,0.500000007E-01,0.500000007E-01,305.785767,68.3659973,0.166122136E-04,41.5305328,7.51181889,0.00000000,0.00000000,0.00000000,-92.0952530,3.25000000,0.00000000,0.669339718E-02,0.00000000,0.00000000,0.664889393E-02,0.313156433E-01,1.00000000,303.000000,29.3500061,93.8442535,1185.00000,-1000.00000,0.00000000,0.00000000,0.310000032E-01,0.310000014E-01,297.800171,0.322222225E-01,0.00000000
2,2,usgs_desert,8,180.000000,2,F,F,0,0,T,16,24,0.199999996E-01,28,19,1,1004.50000,0.285714298,9.81000042,2500000.00,0.567051011E-07,1.60000002,19,1,1.00000000,0.00000000,293.000000,0.00000000,6.00000000,3.00000000,0.00000000,0.200000003,358.000000,600.000000,0.189999994E-01,0.179999992E-01,18.0000000,0.250000000,60.0000000,98000.0000,302.000000,0.300000003E-02,0.00000000,1.17999995,0.00000000,0.00000000,0.00000000,0.00000000,0.750000000,0.250000000,0.850000024,0.750000000,0.130436644,0.151477298E-01,0.500000007E-01,0.500000007E-01,304.070435,37.3893471,0.162165743E-04,40.5414352,7.50583839,0.00000000,0.00000000,0.00000000,-63.5177879,3.25000000,0.00000000,0.639785640E-02,0.00000000,0.00000000,0.635718415E-02,0.284100566E-01,1.00000000,303.000000,29.3500061,93.8471527,1185.00000,-1000.00000,0.00000000,0.00000000,0.320000015E-01,0.320000015E-01,297.100067,0.333333351E-01,0.00000000,0.00000000,0.00000000,0.00000000,0.00000000,0.750000000,0.250000000,0.850000024,0.750000000,0.127079457,0.151477298E-01,0.500000007E-01,0.500000007E-01,305.785767,68.3659973,0.166122136E-04,41.5305328,7.51181889,0.00000000,0.00000000,0.00000000,-92.0952530,3.25000000,0.00000000,0.669339718E-02,0.00000000,0.00000000,0.664889393E-02,0.313156433E-01,1.00000000,303.000000,29.3500061,93.8442535,1185.00000,-1000.00000,0.00000000,0.00000000,0.320000015E-01,0.320000015E-01,297.100006,0.333333351E-01,0.00000000
2,2,usgs_desert,9,180.000000,2,F,F,0,0,T,16,24,0.199999996E-01,28,19,1,1004.50000,0.285714298,9.81000042,2500000.00,0.567051011E-07,3.00000000,19,1,1.00000000,0.00000000,293.000000,0.00000000,6.00000000,3.00000000,0.00000000,0.200000003,358.000000,600.000000,0.189999994E-01,0.179999992E-01,18.0000000,0.250000000,60.0000000,98000.0000,302.000000,0.300000003E-02,0.00000000,1.17999995,0.00000000,0.00000000,0.00000000,0.00000000,0.750000000,0.250000000,0.850000024,0.750000000,0.130436644,0.151477298E-01,0.500000007E-01,0.500000007E-01,304.070435,37.3893471,0.162165743E-04,40.5414352,7.50583839,0.00000000,0.00000000,0.00000000,-63.5177879,3.25000000,0.00000000,0.639785640E-02,0.00000000,0.00000000,0.635718415E-02,0.284100566E-01,1.00000000,303.000000,29.3500061,93.8471527,1185.00000,-1000.00000,0.00000000,0.00000000,0.329999998E-01,0.329999998E-01,293.000000,0.344444439E-01,0.00000000,0.00000000,0.00000000,0.00000000,0.00000000,0.750000000,0.250000000,0.850000024,0.750000000,0.127079457,0.151477298E-01,0.500000007E-01,0.500000007E-01,305.785767,68.3659973,0.166122136E-04,41.5305328,7.51181889,0.00000000,0.00000000,0.00000000,-92.0952530,3.25000000,0.00000000,0.669339718E-02,0.00000000,0.00000000,0.664889393E-02,0.313156433E-01,1.00000000,303.000000,29.3500061,93.8442535,1185.00000,-1000.00000,0.00000000,0.00000000,0.329999998E-01,0.329999998E-01,293.000000,0.344444439E-01,0.00000000
2,2,usgs_urban_thin_snow,1,180.000000,2,F,F,0,0,T,16,24,0.199999996E-01,28,19,1,1004.50000,0.285714298,9.81000042,2500000.00,0.567051011E-07,0.00000000,1,6,1.00000000,0.00000000,282.000000,5.00000000,45.0000000,15.0000000,0.250000000,0.200000003,268.000000,175.000000,0.999999978E-02,0.899999961E-02,9.00000000,0.180000007,60.0000000,98000.0000,271.000000,0.219999999E-02,0.199999995E-04,1.17999995,4.24387598,0.165778380E-01,0.745535865E-01,0.335854627E-01,0.400000006,0.193919688,0.887459636,1.00000000,0.743363082,0.757894479E-02,0.500000000,0.500000000,271.648865,5.86268330,0.102384402E-04,25.9011459,7.50368595,0.00000000,0.00000000,0.00000000,158.682434,3.25000000,0.00000000,0.310349604E-02,0.00000000,0.00000000,0.309389411E-02,0.342394947E-02,1.00000000,272.315247,-1.42126465,776.548706,1353.00000,85.2810745,0.250000000,2.93148279,0.240803793,0.150749058,271.736359,0.929630250E-01,0.00000000,4.48754263,0.182050560E-01,0.790719092E-01,0.371750481E-01,0.400000006,0.400000006,0.980000019,1.00000000,0.746612549,0.757894479E-02,0.500000000,0.500000000,271.613922,5.54703379,0.132592431E-04,37.5899544,7.50845909,0.00000000,0.00000000,0.00000000,27.0107765,3.25000000,0.00000000,0.341377687E-02,0.00000000,0.00000000,0.340216258E-02,0.341377687E-02,1.00000000,272.576721,-1.05465698,776.547424,1353.00000,85.2810745,0.250000000,5.86296558,0.241358414,0.177956462,272.576721,0.100412361,1.00000000
2,2,usgs_urban_thin_snow,2,180.000000,2,F,F,0,0,T,16,24,0.199999996E-01,28,19,1,1004.50000,0.285714298,9.81000042,2500000.00,0.567051011E-07,0.999999978E-02,1,6,1.00000000,0.00000000,282.000000,5.00000000,45.0000000,15.0000000,0.250000000,0.200000003,268.000000,175.000000,0.999999978E-02,0.899999961E-02,9.00000000,0.180000007,60.0000000,98000.0000,271.000000,0.219999999E-02,0.199999995E-04,1.17999995,4.24387598,0.165778380E-01,0.745535865E-01,0.335854627E-01,0.400000006,0.193919688,0.887459636,1.00000000,0.743363082,0.757894479E-02,0.500000000,0.500000000,271.648865,5.86268330,0.102384402E-04,25.9011459,7.50368595,0.00000000,0.00000000,0.00000000,158.682434,3.25000000,0.00000000,0.310349604E-02,0.00000000,0.00000000,0.309389411E-02,0.342394947E-02,1.00000000,272.315247,-1.42126465,776.548706,1353.00000,85.2810745,0.250000000,2.93148279,0.243088171,0.228278413,272.999817,0.393065512E-01,1.00000000,4.48754263,0.182050560E-01,0.790719092E-01,0.371750481E-01,0.400000006,0.400000006,0.980000019,1.00000000,0.746612549,0.757894479E-02,0.500000000,0.500000000,271.613922,5.54703379,0.132592431E-04,37.5899544,7.50845909,0.00000000,0.00000000,0.00000000,27.0107765,3.25000000,0.00000000,0.341377687E-02,0.00000000,0.00000000,0.340216258E-02,0.341377687E-02,1.00000000,272.576721,-1.05465698,776.547424,1353.00000,85.2810745,0.250000000,5.86296558,0.243218452,0.243088171,273.105255,0.165097583E-01,1.00000000
2,2,usgs_urban_thin_snow,3,180.000000,2,F,F,0,0,T,16,24,0.199999996E-01,28,19,1,1004.50000,0.285714298,9.81000042,2500000.00,0.567051011E-07,0.399999991E-01,1,6,1.00000000,0.00000000,282.000000,5.00000000,45.0000000,15.0000000,0.250000000,0.200000003,268.000000,175.000000,0.999999978E-02,0.899999961E-02,9.00000000,0.180000007,60.0000000,98000.0000,271.000000,0.219999999E-02,0.199999995E-04,1.17999995,4.24387598,0.165778380E-01,0.745535865E-01,0.335854627E-01,0.400000006,0.193919688,0.887459636,1.00000000,0.743363082,0.757894479E-02,0.500000000,0.500000000,271.648865,5.86268330,0.102384402E-04,25.9011459,7.50368595,0.00000000,0.00000000,0.00000000,158.682434,3.25000000,0.00000000,0.310349604E-02,0.00000000,0.00000000,0.309389411E-02,0.342394947E-02,1.00000000,272.315247,-1.42126465,776.548706,1353.00000,85.2810745,0.250000000,2.93148279,0.245932236,0.245932236,273.764984,0.217777759,0.00000000,4.48754263,0.182050560E-01,0.790719092E-01,0.371750481E-01,0.400000006,0.400000006,0.980000019,1.00000000,0.746612549,0.757894479E-02,0.500000000,0.500000000,271.613922,5.54703379,0.132592431E-04,37.5899544,7.50845909,0.00000000,0.00000000,0.00000000,27.0107765,3.25000000,0.00000000,0.341377687E-02,0.00000000,0.00000000,0.340216258E-02,0.341377687E-02,1.00000000,272.576721,-1.05465698,776.547424,1353.00000,85.2810745,0.250000000,5.86296558,0.245876074,0.245876074,273.743011,0.217702478,0.00000000
2,2,usgs_urban_thin_snow,4,180.000000,2,F,F,0,0,T,16,24,0.199999996E-01,28,19,1,1004.50000,0.285714298,9.81000042,2500000.00,0.567051011E-07,0.100000001,1,6,1.00000000,0.00000000,282.000000,5.00000000,45.0000000,15.0000000,0.250000000,0.200000003,268.000000,175.000000,0.999999978E-02,0.899999961E-02,9.00000000,0.180000007,60.0000000,98000.0000,271.000000,0.219999999E-02,0.199999995E-04,1.17999995,4.24387598,0.165778380E-01,0.745535865E-01,0.335854627E-01,0.400000006,0.193919688,0.887459636,1.00000000,0.743363082,0.757894479E-02,0.500000000,0.500000000,271.648865,5.86268330,0.102384402E-04,25.9011459,7.50368595,0.00000000,0.00000000,0.00000000,158.682434,3.25000000,0.00000000,0.310349604E-02,0.00000000,0.00000000,0.309389411E-02,0.342394947E-02,1.00000000,272.315247,-1.42126465,776.548706,1353.00000,85.2810745,0.250000000,2.93148279,0.248977616,0.248977616,274.689728,0.221111104,0.00000000,4.48754263,0.182050560E-01,0.790719092E-01,0.371750481E-01,0.400000006,0.400000006,0.980000019,1.00000000,0.746612549,0.757894479E-02,0.500000000,0.500000000,271.613922,5.54703379,0.132592431E-04,37.5899544,7.50845909,0.00000000,0.00000000,0.00000000,27.0107765,3.25000000,0.00000000,0.341377687E-02,0.00000000,0.00000000,0.340216258E-02,0.341377687E-02,1.00000000,272.576721,-1.05465698,776.547424,1353.00000,85.2810745,0.250000000,5.86296558,0.248954967,0.248954967,274.679199,0.221086234,0.00000000
2,2,usgs_urban_thin_snow,5,180.000000,2,F,F,0,0,T,16,24,0.199999996E-01,28,19,1,1004.50000,0.285714298,9.81000042,2500000.00,0.567051011E-07,0.300000012,1,6,1.00000000,0.00000000,282.000000,5.00000000,45.0000000,15.0000000,0.250000000,0.200000003,268.000000,175.000000,0.999999978E-02,0.899999961E-02,9.00000000,0.180000007,60.0000000,98000.0000,271.000000,0.219999999E-02,0.199999995E-04,1.17999995,4.24387598,0.165778380E-01,0.745535865E-01,0.335854627E-01,0.400000006,0.193919688,0.887459636,1.00000000,0.743363082,0.757894479E-02,0.500000000,0.500000000,271.648865,5.86268330,0.102384402E-04,25.9011459,7.50368595,0.00000000,0.00000000,0.00000000,158.682434,3.25000000,0.00000000,0.310349604E-02,0.00000000,0.00000000,0.309389411E-02,0.342394947E-02,1.00000000,272.315247,-1.42126465,776.548706,1353.00000,85.2810745,0.250000000,2.93148279,0.251998425,0.251998425,275.599274,0.224444449,0.00000000,4.48754263,0.182050560E-01,0.790719092E-01,0.371750481E-01,0.400000006,0.400000006,0.980000019,1.00000000,0.746612549,0.757894479E-02,0.500000000,0.500000000,271.613922,5.54703379,0.132592431E-04,37.5899544,7.50845909,0.00000000,0.00000000,0.00000000,27.0107765,3.25000000,0.00000000,0.341377687E-02,0.00000000,0.00000000,0.340216258E-02,0.341377687E-02,1.00000000,272.576721,-1.05465698,776.547424,1353.00000,85.2810745,0.250000000,5.86296558,0.251996815,0.251996815,275.598541,0.224442691,0.00000000
2,2,usgs_urban_thin_snow,6,180.000000,2,F,F,0,0,T,16,24,0.199999996E-01,28,19,1,1004.50000,0.285714298,9.81000042,2500000.00,0.567051011E-07,0.600000024,1,6,1.00000000,0.00000000,282.000000,5.00000000,45.0000000,15.0000000,0.250000000,0.200000003,268.000000,175.000000,0.999999978E-02,0.899999961E-02,9.00000000,0.180000007,60.0000000,98000.0000,271.000000,0.219999999E-02,0.199999995E-04,1.17999995,4.24387598,0.165778380E-01,0.745535865E-01,0.335854627E-01,0.400000006,0.193919688,0.887459636,1.00000000,0.743363082,0.757894479E-02,0.500000000,0.500000000,271.648865,5.86268330,0.102384402E-04,25.9011459,7.50368595,0.00000000,0.00000000,0.00000000,158.682434,3.25000000,0.00000000,0.310349604E-02,0.00000000,0.00000000,0.309389411E-02,0.342394947E-02,1.00000000,272.315247,-1.42126465,776.548706,1353.00000,85.2810745,0.250000000,2.93148279,0.254999459,0.254999459,276.499725,0.227777764,0.00000000,4.48754263,0.182050560E-01,0.790719092E-01,0.371750481E-01,0.400000006,0.400000006,0.980000019,1.00000000,0.746612549,0.757894479E-02,0.500000000,0.500000000,271.613922,5.54703379,0.132592431E-04,37.5899544,7.50845909,0.00000000,0.00000000,0.00000000,27.0107765,3.25000000,0.00000000,0.341377687E-02,0.00000000,0.00000000,0.340216258E-02,0.341377687E-02,1.00000000,272.576721,-1.05465698,776.547424,1353.00000,85.2810745,0.250000000,5.86296558,0.254998863,0.254998863,276.499451,0.227777168,0.00000000
2,2,usgs_urban_thin_snow,7,180.000000,2,F,F,0,0,T,16,24,0.199999996E-01,28,19,1,1004.50000,0.285714298,9.81000042,2500000.00,0.567051011E-07,1.00000000,1,6,1.00000000,0.00000000,282.000000,5.00000000,45.0000000,15.0000000,0.250000000,0.200000003,268.000000,175.000000,0.999999978E-02,0.899999961E-02,9.00000000,0.180000007,60.0000000,98000.0000,271.000000,0.219999999E-02,0.199999995E-04,1.17999995,4.24387598,0.165778380E-01,0.745535865E-01,0.335854627E-01,0.400000006,0.193919688,0.887459636,1.00000000,0.743363082,0.757894479E-02,0.500000000,0.500000000,271.648865,5.86268330,0.102384402E-04,25.9011459,7.50368595,0.00000000,0.00000000,0.00000000,158.682434,3.25000000,0.00000000,0.310349604E-02,0.00000000,0.00000000,0.309389411E-02,0.342394947E-02,1.00000000,272.315247,-1.42126465,776.548706,1353.00000,85.2810745,0.250000000,2.93148279,0.257999539,0.257999539,277.399780,0.231111094,0.00000000,4.48754263,0.182050560E-01,0.790719092E-01,0.371750481E-01,0.400000006,0.400000006,0.980000019,1.00000000,0.746612549,0.757894479E-02,0.500000000,0.500000000,271.613922,5.54703379,0.132592431E-04,37.5899544,7.50845909,0.00000000,0.00000000,0.00000000,27.0107765,3.25000000,0.00000000,0.341377687E-02,0.00000000,0.00000000,0.340216258E-02,0.341377687E-02,1.00000000,272.576721,-1.05465698,776.547424,1353.00000,85.2810745,0.250000000,5.86296558,0.257999092,0.257999092,277.399567,0.231110588,0.00000000
2,2,usgs_urban_thin_snow,8,180.000000,2,F,F,0,0,T,16,24,0.199999996E-01,28,19,1,1004.50000,0.285714298,9.81000042,2500000.00,0.567051011E-07,1.60000002,1,6,1.00000000,0.00000000,282.000000,5.00000000,45.0000000,15.0000000,0.250000000,0.200000003,268.000000,175.000000,0.999999978E-02,0.899999961E-02,9.00000000,0.180000007,60.0000000,98000.0000,271.000000,0.219999999E-02,0.199999995E-04,1.17999995,4.24387598,0.165778380E-01,0.745535865E-01,0.335854627E-01,0.400000006,0.193919688,0.887459636,1.00000000,0.743363082,0.757894479E-02,0.500000000,0.500000000,271.648865,5.86268330,0.102384402E-04,25.9011459,7.50368595,0.00000000,0.00000000,0.00000000,158.682434,3.25000000,0.00000000,0.310349604E-02,0.00000000,0.00000000,0.309389411E-02,0.342394947E-02,1.00000000,272.315247,-1.42126465,776.548706,1353.00000,85.2810745,0.250000000,2.93148279,0.260999680,0.260999680,278.299896,0.234444439,0.00000000,4.48754263,0.182050560E-01,0.790719092E-01,0.371750481E-01,0.400000006,0.400000006,0.980000019,1.00000000,0.746612549,0.757894479E-02,0.500000000,0.500000000,271.613922,5.54703379,0.132592431E-04,37.5899544,7.50845909,0.00000000,0.00000000,0.00000000,27.0107765,3.25000000,0.00000000,0.341377687E-02,0.00000000,0.00000000,0.340216258E-02,0.341377687E-02,1.00000000,272.576721,-1.05465698,776.547424,1353.00000,85.2810745,0.250000000,5.86296558,0.260999352,0.260999352,278.300049,0.234444082,0.00000000
2,2,usgs_urban_thin_snow,9,180.000000,2,F,F,0,0,T,16,24,0.199999996E-01,28,19,1,1004.50000,0.285714298,9.81000042,2500000.00,0.567051011E-07,3.00000000,1,6,1.00000000,0.00000000,282.000000,5.00000000,45.0000000,15.0000000,0.250000000,0.200000003,268.000000,175.000000,0.999999978E-02,0.899999961E-02,9.00000000,0.180000007,60.0000000,98000.0000,271.000000,0.219999999E-02,0.199999995E-04,1.17999995,4.24387598,0.165778380E-01,0.745535865E-01,0.335854627E-01,0.400000006,0.193919688,0.887459636,1.00000000,0.743363082,0.757894479E-02,0.500000000,0.500000000,271.648865,5.86268330,0.102384402E-04,25.9011459,7.50368595,0.00000000,0.00000000,0.00000000,158.682434,3.25000000,0.00000000,0.310349604E-02,0.00000000,0.00000000,0.309389411E-02,0.342394947E-02,1.00000000,272.315247,-1.42126465,776.548706,1353.00000,85.2810745,0.250000000,2.93148279,0.264000028,0.264000028,282.000000,0.237777770,0.00000000,4.48754263,0.182050560E-01,0.790719092E-01,0.371750481E-01,0.400000006,0.400000006,0.980000019,1.00000000,0.746612549,0.757894479E-02,0.500000000,0.500000000,271.613922,5.54703379,0.132592431E-04,37.5899544,7.50845909,0.00000000,0.00000000,0.00000000,27.0107765,3.25000000,0.00000000,0.341377687E-02,0.00000000,0.00000000,0.340216258E-02,0.341377687E-02,1.00000000,272.576721,-1.05465698,776.547424,1353.00000,85.2810745,0.250000000,5.86296558,0.264000028,0.264000028,282.000000,0.237777799,0.00000000
2,2,usgs_mixed_melt,1,180.000000,2,F,F,0,0,T,16,24,0.199999996E-01,28,19,1,1004.50000,0.285714298,9.81000042,2500000.00,0.567051011E-07,0.00000000,15,7,1.00000000,0.00000000,282.000000,18.0000000,92.0000000,70.0000000,0.800000012,0.200000003,308.000000,320.000000,0.140000004E-01,0.130000003E-01,13.0000000,0.140000001,60.0000000,98000.0000,276.500000,0.439999998E-02,0.00000000,1.17999995,27.9262543,0.109635234,0.478712380,0.240822122,0.550000012,0.312920153,0.959213376,5.50000000,1.00000000,0.109272087E-01,0.800000012,0.800000012,275.088806,-18.3836632,0.364931839E-05,9.53732109,7.50131416,0.132026166,0.00000000,0.132026166,-21.8766270,3.25000000,0.750681087E-01,0.488242414E-02,0.00000000,0.00000000,0.485870196E-02,0.491094496E-02,1.00000000,273.149994,0.00000000,915.973633,1260.00000,-1000.00000,0.00000000,0.00000000,0.322760463,0.280000001,275.088806,0.235555559,0.00000000,27.8588562,0.109302148,0.477529347,0.371691555,0.550000012,0.312443852,0.959160447,5.50000000,1.00000000,0.109272087E-01,0.800000012,0.800000012,275.004913,-19.4765549,0.298439136E-05,7.75023937,7.50238895,0.263159573,0.00000000,0.263159573,-45.2947769,3.25000000,0.143679440,0.484110415E-02,0.00000000,0.00000000,0.481778104E-02,0.484110415E-02,1.00000000,273.149994,0.00000000,916.544983,1260.00000,-1000.00000,0.00000000,0.00000000,0.331062078,0.322760463,275.004913,0.283067137,0.00000000
2,2,usgs_mixed_melt,2,180.000000,2,F,F,0,0,T,16,24,0.199999996E-01,28,19,1,1004.50000,0.285714298,9.81000042,2500000.00,0.567051011E-07,0.999999978E-02,15,7,1.00000000,0.00000000,282.000000,18.0000000,92.0000000,70.0000000,0.800000012,0.200000003,308.000000,320.000000,0.140000004E-01,0.130000003E-01,13.0000000,0.140000001,60.0000000,98000.0000,276.500000,0.439999998E-02,0.00000000,1.17999995,27.9262543,0.109635234,0.478712380,0.240822122,0.550000012,0.312920153,0.959213376,5.50000000,1.00000000,0.109272087E-01,0.800000012,0.800000012,275.088806,-18.3836632,0.364931839E-05,9.53732109,7.50131416,0.132026166,0.00000000,0.132026166,-21.8766270,3.25000000,0.750681087E-01,0.488242414E-02,0.00000000,0.00000000,0.485870196E-02,0.491094496E-02,1.00000000,273.149994,0.00000000,915.973633,1260.00000,-1000.00000,0.00000000,0.00000000,0.299145222,0.284000039,276.158752,0.240000010,0.00000000,27.8588562,0.109302148,0.477529347,0.371691555,0.550000012,0.312443852,0.959160447,5.50000000,1.00000000,0.109272087E-01,0.800000012,0.800000012,275.004913,-19.4765549,0.298439136E-05,7.75023937,7.50238895,0.263159573,0.00000000,0.263159573,-45.2947769,3.25000000,0.143679440,0.484110415E-02,0.00000000,0.00000000,0.481778104E-02,0.484110415E-02,1.00000000,273.149994,0.00000000,916.544983,1260.00000,-1000.00000,0.00000000,0.00000000,0.316791773,0.299145222,275.759308,0.256828010,0.00000000
2,2,usgs_mixed_melt,3,180.000000,2,F,F,0,0,T,16,24,0.199999996E-01,28,19,1,1004.50000,0.285714298,9.81000042,2500000.00,0.567051011E-07,0.399999991E-01,15,7,1.00000000,0.00000000,282.000000,18.0000000,92.0000000,70.0000000,0.800000012,0.200000003,308.000000,320.000000,0.140000004E-01,0.130000003E-01,13.0000000,0.140000001,60.0000000,98000.0000,276.500000,0.439999998E-02,0.00000000,1.17999995,27.9262543,0.109635234,0.478712380,0.240822122,0.550000012,0.312920153,0.959213376,5.50000000,1.00000000,0.109272087E-01,0.800000012,0.800000012,275.088806,-18.3836632,0.364931839E-05,9.53732109,7.50131416,0.132026166,0.00000000,0.132026166,-21.8766270,3.25000000,0.750681087E-01,0.488242414E-02,0.00000000,0.00000000,0.485870196E-02,0.491094496E-02,1.00000000,273.149994,0.00000000,915.973633,1260.00000,-1000.00000,0.00000000,0.00000000,0.289428294,0.287999988,277.144958,0.244444415,0.00000000,27.8588562,0.109302148,0.477529347,0.371691555,0.550000012,0.312443852,0.959160447,5.50000000,1.00000000,0.109272087E-01,0.800000012,0.800000012,275.004913,-19.4765549,0.298439136E-05,7.75023937,7.50238895,0.263159573,0.00000000,0.263159573,-45.2947769,3.25000000,0.143679440,0.484110415E-02,0.00000000,0.00000000,0.481778104E-02,0.484110415E-02,1.00000000,273.149994,0.00000000,916.544983,1260.00000,-1000.00000,0.00000000,0.00000000,0.293248594,0.289428294,277.054565,0.246031404,0.00000000
2,2,usgs_mixed_melt,4,180.000000,2,F,F,0,0,T,16,24,0.199999996E-01,28,19,1,1004.50000,0.285714298,9.81000042,2500000.00,0.567051011E-07,0.100000001,15,7,1.00000000,0.00000000,282.000000,18.0000000,92.0000000,70.0000000,0.800000012,0.200000003,308.000000,320.000000,0.140000004E-01,0.130000003E-01,13.0000000,0.140000001,60.0000000,98000.0000,276.500000,0.439999998E-02,0.00000000,1.17999995,27.9262543,0.109635234,0.478712380,0.240822122,0.550000012,0.312920153,0.959213376,5.50000000,1.00000000,0.109272087E-01,0.800000012,0.800000012,275.088806,-18.3836632,0.364931839E-05,9.53732109,7.50131416,0.132026166,0.00000000,0.132026166,-21.8766270,3.25000000,0.750681087E-01,0.488242414E-02,0.00000000,0.00000000,0.485870196E-02,0.491094496E-02,1.00000000,273.149994,0.00000000,915.973633,1260.00000,-1000.00000,0.00000000,0.00000000,0.291970372,0.291970372,277.791260,0.248888880,0.00000000,27.8588562,0.109302148,0.477529347,0.371691555,0.550000012,0.312443852,0.959160447,5.50000000,1.00000000,0.109272087E-01,0.800000012,0.800000012,275.004913,-19.4765549,0.298439136E-05,7.75023937,7.50238895,0.263159573,0.00000000,0.263159573,-45.2947769,3.25000000,0.143679440,0.484110415E-02,0.00000000,0.00000000,0.481778104E-02,0.484110415E-02,1.00000000,273.149994,0.00000000,916.544983,1260.00000,-1000.00000,0.00000000,0.00000000,0.292035282,0.291970372,277.781342,0.248855948,0.00000000
2,2,usgs_mixed_melt,5,180.000000,2,F,F,0,0,T,16,24,0.199999996E-01,28,19,1,1004.50000,0.285714298,9.81000042,2500000.00,0.567051011E-07,0.300000012,15,7,1.00000000,0.00000000,282.000000,18.0000000,92.0000000,70.0000000,0.800000012,0.200000003,308.000000,320.000000,0.140000004E-01,0.130000003E-01,13.0000000,0.140000001,60.0000000,98000.0000,276.500000,0.439999998E-02,0.00000000,1.17999995,27.9262543,0.109635234,0.478712380,0.240822122,0.550000012,0.312920153,0.959213376,5.50000000,1.00000000,0.109272087E-01,0.800000012,0.800000012,275.088806,-18.3836632,0.364931839E-05,9.53732109,7.50131416,0.132026166,0.00000000,0.132026166,-21.8766270,3.25000000,0.750681087E-01,0.488242414E-02,0.00000000,0.00000000,0.485870196E-02,0.491094496E-02,1.00000000,273.149994,0.00000000,915.973633,1260.00000,-1000.00000,0.00000000,0.00000000,0.295995444,0.295995444,278.399384,0.253333330,0.00000000,27.8588562,0.109302148,0.477529347,0.371691555,0.550000012,0.312443852,0.959160447,5.50000000,1.00000000,0.109272087E-01,0.800000012,0.800000012,275.004913,-19.4765549,0.298439136E-05,7.75023937,7.50238895,0.263159573,0.00000000,0.263159573,-45.2947769,3.25000000,0.143679440,0.484110415E-02,0.00000000,0.00000000,0.481778104E-02,0.484110415E-02,1.00000000,273.149994,0.00000000,916.544983,1260.00000,-1000.00000,0.00000000,0.00000000,0.295991242,0.295991242,278.398712,0.253328264,0.00000000
2,2,usgs_mixed_melt,6,180.000000,2,F,F,0,0,T,16,24,0.199999996E-01,28,19,1,1004.50000,0.285714298,9.81000042,2500000.00,0.567051011E-07,0.600000024,15,7,1.00000000,0.00000000,282.000000,18.0000000,92.0000000,70.0000000,0.800000012,0.200000003,308.000000,320.000000,0.140000004E-01,0.130000003E-01,13.0000000,0.140000001,60.0000000,98000.0000,276.500000,0.439999998E-02,0.00000000,1.17999995,27.9262543,0.109635234,0.478712380,0.240822122,0.550000012,0.312920153,0.959213376,5.50000000,1.00000000,0.109272087E-01,0.800000012,0.800000012,275.088806,-18.3836632,0.364931839E-05,9.53732109,7.50131416,0.132026166,0.00000000,0.132026166,-21.8766270,3.25000000,0.750681087E-01,0.488242414E-02,0.00000000,0.00000000,0.485870196E-02,0.491094496E-02,1.00000000,273.149994,0.00000000,915.973633,1260.00000,-1000.00000,0.00000000,0.00000000,0.299998522,0.299998522,278.999817,0.257777780,0.00000000,27.8588562,0.109302148,0.477529347,0.371691555,0.550000012,0.312443852,0.959160447,5.50000000,1.00000000,0.109272087E-01,0.800000012,0.800000012,275.004913,-19.4765549,0.298439136E-05,7.75023937,7.50238895,0.263159573,0.00000000,0.263159573,-45.2947769,3.25000000,0.143679440,0.484110415E-02,0.00000000,0.00000000,0.481778104E-02,0.484110415E-02,1.00000000,273.149994,0.00000000,916.544983,1260.00000,-1000.00000,0.00000000,0.00000000,0.299997032,0.299997032,278.999634,0.257776111,0.00000000
2,2,usgs_mixed_melt,7,180.000000,2,F,F,0,0,T,16,24,0.199999996E-01,28,19,1,1004.50000,0.285714298,9.81000042,2500000.00,0.567051011E-07,1.00000000,15,7,1.00000000,0.00000000,282.000000,18.0000000,92.0000000,70.0000000,0.800000012,0.200000003,308.000000,320.000000,0.140000004E-01,0.130000003E-01,13.0000000,0.140000001,60.0000000,98000.0000,276.500000,0.439999998E-02,0.00000000,1.17999995,27.9262543,0.109635234,0.478712380,0.240822122,0.550000012,0.312920153,0.959213376,5.50000000,1.00000000,0.109272087E-01,0.800000012,0.800000012,275.088806,-18.3836632,0.364931839E-05,9.53732109,7.50131416,0.132026166,0.00000000,0.132026166,-21.8766270,3.25000000,0.750681087E-01,0.488242414E-02,0.00000000,0.00000000,0.485870196E-02,0.491094496E-02,1.00000000,273.149994,0.00000000,915.973633,1260.00000,-1000.00000,0.00000000,0.00000000,0.303998530,0.303998530,279.599915,0.262222230,0.00000000,27.8588562,0.109302148,0.477529347,0.371691555,0.550000012,0.312443852,0.959160447,5.50000000,1.00000000,0.109272087E-01,0.800000012,0.800000012,275.004913,-19.4765549,0.298439136E-05,7.75023937,7.50238895,0.263159573,0.00000000,0.263159573,-45.2947769,3.25000000,0.143679440,0.484110415E-02,0.00000000,0.00000000,0.481778104E-02,0.484110415E-02,1.00000000,273.149994,0.00000000,916.544983,1260.00000,-1000.00000,0.00000000,0.00000000,0.303997040,0.303997040,279.599792,0.262220562,0.00000000
2,2,usgs_mixed_melt,8,180.000000,2,F,F,0,0,T,16,24,0.199999996E-01,28,19,1,1004.50000,0.285714298,9.81000042,2500000.00,0.567051011E-07,1.60000002,15,7,1.00000000,0.00000000,282.000000,18.0000000,92.0000000,70.0000000,0.800000012,0.200000003,308.000000,320.000000,0.140000004E-01,0.130000003E-01,13.0000000,0.140000001,60.0000000,98000.0000,276.500000,0.439999998E-02,0.00000000,1.17999995,27.9262543,0.109635234,0.478712380,0.240822122,0.550000012,0.312920153,0.959213376,5.50000000,1.00000000,0.109272087E-01,0.800000012,0.800000012,275.088806,-18.3836632,0.364931839E-05,9.53732109,7.50131416,0.132026166,0.00000000,0.132026166,-21.8766270,3.25000000,0.750681087E-01,0.488242414E-02,0.00000000,0.00000000,0.485870196E-02,0.491094496E-02,1.00000000,273.149994,0.00000000,915.973633,1260.00000,-1000.00000,0.00000000,0.00000000,0.307998836,0.307998836,280.199951,0.266666651,0.00000000,27.8588562,0.109302148,0.477529347,0.371691555,0.550000012,0.312443852,0.959160447,5.50000000,1.00000000,0.109272087E-01,0.800000012,0.800000012,275.004913,-19.4765549,0.298439136E-05,7.75023937,7.50238895,0.263159573,0.00000000,0.263159573,-45.2947769,3.25000000,0.143679440,0.484110415E-02,0.00000000,0.00000000,0.481778104E-02,0.484110415E-02,1.00000000,273.149994,0.00000000,916.544983,1260.00000,-1000.00000,0.00000000,0.00000000,0.307997704,0.307997704,280.200012,0.266665369,0.00000000
2,2,usgs_mixed_melt,9,180.000000,2,F,F,0,0,T,16,24,0.199999996E-01,28,19,1,1004.50000,0.285714298,9.81000042,2500000.00,0.567051011E-07,3.00000000,15,7,1.00000000,0.00000000,282.000000,18.0000000,92.0000000,70.0000000,0.800000012,0.200000003,308.000000,320.000000,0.140000004E-01,0.130000003E-01,13.0000000,0.140000001,60.0000000,98000.0000,276.500000,0.439999998E-02,0.00000000,1.17999995,27.9262543,0.109635234,0.478712380,0.240822122,0.550000012,0.312920153,0.959213376,5.50000000,1.00000000,0.109272087E-01,0.800000012,0.800000012,275.088806,-18.3836632,0.364931839E-05,9.53732109,7.50131416,0.132026166,0.00000000,0.132026166,-21.8766270,3.25000000,0.750681087E-01,0.488242414E-02,0.00000000,0.00000000,0.485870196E-02,0.491094496E-02,1.00000000,273.149994,0.00000000,915.973633,1260.00000,-1000.00000,0.00000000,0.00000000,0.312000036,0.312000036,282.000000,0.271111101,0.00000000,27.8588562,0.109302148,0.477529347,0.371691555,0.550000012,0.312443852,0.959160447,5.50000000,1.00000000,0.109272087E-01,0.800000012,0.800000012,275.004913,-19.4765549,0.298439136E-05,7.75023937,7.50238895,0.263159573,0.00000000,0.263159573,-45.2947769,3.25000000,0.143679440,0.484110415E-02,0.00000000,0.00000000,0.481778104E-02,0.484110415E-02,1.00000000,273.149994,0.00000000,916.544983,1260.00000,-1000.00000,0.00000000,0.00000000,0.312000036,0.312000036,282.000000,0.271111131,0.00000000
2,2,usgs_wetland,1,180.000000,2,F,F,0,0,T,16,24,0.199999996E-01,28,19,1,1004.50000,0.285714298,9.81000042,2500000.00,0.567051011E-07,0.00000000,17,9,1.00000000,0.00000000,288.000000,12.0000000,75.0000000,55.0000000,4.00000000,0.200000003,362.000000,460.000000,0.170000009E-01,0.160000008E-01,16.0000000,0.140000001,60.0000000,98000.0000,290.000000,0.125000002E-01,0.399999990E-04,1.17999995,0.00000000,0.00000000,0.00000000,0.499676496,0.589999974,0.140000001,0.949999988,5.71999979,1.00000000,0.133583173E-01,0.200000003,0.200000003,291.417664,22.5768681,0.118349162E-04,29.5872898,7.50426102,2.94763947,0.00000000,2.94763947,-80.2102356,3.25000000,0.00000000,0.133169433E-01,0.00000000,0.00000000,0.131419320E-01,0.133169433E-01,0.00000000,291.000000,17.8500061,1257.23999,1353.00000,-1000.00000,0.00000000,0.00000000,0.417712480,0.400000006,291.417664,0.388888866,0.00000000,0.00000000,0.00000000,0.00000000,0.499584317,0.589999974,0.140000001,0.949999988,5.71999979,1.00000000,0.133583173E-01,0.200000003,0.200000003,291.694092,26.9790993,0.152084885E-04,38.0212212,7.50973606,6.16919327,0.00000000,6.16919327,-89.8273087,3.25000000,0.00000000,0.135498149E-01,0.00000000,0.00000000,0.133686718E-01,0.135498149E-01,0.00000000,291.000000,17.8500061,1257.93506,1353.00000,-1000.00000,0.00000000,0.00000000,0.423647046,0.417712480,291.694092,0.408569396,0.00000000
2,2,usgs_wetland,2,180.000000,2,F,F,0,0,T,16,24,0.199999996E-01,28,19,1,1004.50000,0.285714298,9.81000042,2500000.00,0.567051011E-07,0.999999978E-02,17,9,1.00000000,0.00000000,288.000000,12.0000000,75.0000000,55.0000000,4.00000000,0.200000003,362.000000,460.000000,0.170000009E-01,0.160000008E-01,16.0000000,0.140000001,60.0000000,98000.0000,290.000000,0.125000002E-01,0.399999990E-04,1.17999995,0.00000000,0.00000000,0.00000000,0.499676496,0.589999974,0.140000001,0.949999988,5.71999979,1.00000000,0.133583173E-01,0.200000003,0.200000003,291.417664,22.5768681,0.118349162E-04,29.5872898,7.50426102,2.94763947,0.00000000,2.94763947,-80.2102356,3.25000000,0.00000000,0.133169433E-01,0.00000000,0.00000000,0.131419320E-01,0.133169433E-01,0.00000000,291.000000,17.8500061,1257.23999,1353.00000,-1000.00000,0.00000000,0.00000000,0.415597022,0.402999997,290.868225,0.392222196,0.00000000,0.00000000,0.00000000,0.00000000,0.499584317,0.589999974,0.140000001,0.949999988,5.71999979,1.00000000,0.133583173E-01,0.200000003,0.200000003,291.694092,26.9790993,0.152084885E-04,38.0212212,7.50973606,6.16919327,0.00000000,6.16919327,-89.8273087,3.25000000,0.00000000,0.135498149E-01,0.00000000,0.00000000,0.133686718E-01,0.135498149E-01,0.00000000,291.000000,17.8500061,1257.93506,1353.00000,-1000.00000,0.00000000,0.00000000,0.421955585,0.415597022,291.087616,0.406218886,0.00000000
2,2,usgs_wetland,3,180.000000,2,F,F,0,0,T,16,24,0.199999996E-01,28,19,1,1004.50000,0.285714298,9.81000042,2500000.00,0.567051011E-07,0.399999991E-01,17,9,1.00000000,0.00000000,288.000000,12.0000000,75.0000000,55.0000000,4.00000000,0.200000003,362.000000,460.000000,0.170000009E-01,0.160000008E-01,16.0000000,0.140000001,60.0000000,98000.0000,290.000000,0.125000002E-01,0.399999990E-04,1.17999995,0.00000000,0.00000000,0.00000000,0.499676496,0.589999974,0.140000001,0.949999988,5.71999979,1.00000000,0.133583173E-01,0.200000003,0.200000003,291.417664,22.5768681,0.118349162E-04,29.5872898,7.50426102,2.94763947,0.00000000,2.94763947,-80.2102356,3.25000000,0.00000000,0.133169433E-01,0.00000000,0.00000000,0.131419320E-01,0.133169433E-01,0.00000000,291.000000,17.8500061,1257.23999,1353.00000,-1000.00000,0.00000000,0.00000000,0.411995918,0.406000018,290.418335,0.395555556,0.00000000,0.00000000,0.00000000,0.00000000,0.499584317,0.589999974,0.140000001,0.949999988,5.71999979,1.00000000,0.133583173E-01,0.200000003,0.200000003,291.694092,26.9790993,0.152084885E-04,38.0212212,7.50973606,6.16919327,0.00000000,6.16919327,-89.8273087,3.25000000,0.00000000,0.135498149E-01,0.00000000,0.00000000,0.133686718E-01,0.135498149E-01,0.00000000,291.000000,17.8500061,1257.93506,1353.00000,-1000.00000,0.00000000,0.00000000,0.417566210,0.411995918,290.449493,0.402217656,0.00000000
2,2,usgs_wetland,4,180.000000,2,F,F,0,0,T,16,24,0.199999996E-01,28,19,1,1004.50000,0.285714298,9.81000042,2500000.00,0.567051011E-07,0.100000001,17,9,1.00000000,0.00000000,288.000000,12.0000000,75.0000000,55.0000000,4.00000000,0.200000003,362.000000,460.000000,0.170000009E-01,0.160000008E-01,16.0000000,0.140000001,60.0000000,98000.0000,290.000000,0.125000002E-01,0.399999990E-04,1.17999995,0.00000000,0.00000000,0.00000000,0.499676496,0.589999974,0.140000001,0.949999988,5.71999979,1.00000000,0.133583173E-01,0.200000003,0.200000003,291.417664,22.5768681,0.118349162E-04,29.5872898,7.50426102,2.94763947,0.00000000,2.94763947,-80.2102356,3.25000000,0.00000000,0.133169433E-01,0.00000000,0.00000000,0.131419320E-01,0.133169433E-01,0.00000000,291.000000,17.8500061,1257.23999,1353.00000,-1000.00000,0.00000000,0.00000000,0.410057664,0.409000009,290.103119,0.398888856,0.00000000,0.00000000,0.00000000,0.00000000,0.499584317,0.589999974,0.140000001,0.949999988,5.71999979,1.00000000,0.133583173E-01,0.200000003,0.200000003,291.694092,26.9790993,0.152084885E-04,38.0212212,7.50973606,6.16919327,0.00000000,6.16919327,-89.8273087,3.25000000,0.00000000,0.135498149E-01,0.00000000,0.00000000,0.133686718E-01,0.135498149E-01,0.00000000,291.000000,17.8500061,1257.93506,1353.00000,-1000.00000,0.00000000,0.00000000,0.412403405,0.410057664,290.106537,0.400064051,0.00000000
2,2,usgs_wetland,5,180.000000,2,F,F,0,0,T,16,24,0.199999996E-01,28,19,1,1004.50000,0.285714298,9.81000042,2500000.00,0.567051011E-07,0.300000012,17,9,1.00000000,0.00000000,288.000000,12.0000000,75.0000000,55.0000000,4.00000000,0.200000003,362.000000,460.000000,0.170000009E-01,0.160000008E-01,16.0000000,0.140000001,60.0000000,98000.0000,290.000000,0.125000002E-01,0.399999990E-04,1.17999995,0.00000000,0.00000000,0.00000000,0.499676496,0.589999974,0.140000001,0.949999988,5.71999979,1.00000000,0.133583173E-01,0.200000003,0.200000003,291.417664,22.5768681,0.118349162E-04,29.5872898,7.50426102,2.94763947,0.00000000,2.94763947,-80.2102356,3.25000000,0.00000000,0.133169433E-01,0.00000000,0.00000000,0.131419320E-01,0.133169433E-01,0.00000000,291.000000,17.8500061,1257.23999,1353.00000,-1000.00000,0.00000000,0.00000000,0.411983490,0.411983490,289.800171,0.402222186,0.00000000,0.00000000,0.00000000,0.00000000,0.499584317,0.589999974,0.140000001,0.949999988,5.71999979,1.00000000,0.133583173E-01,0.200000003,0.200000003,291.694092,26.9790993,0.152084885E-04,38.0212212,7.50973606,6.16919327,0.00000000,6.16919327,-89.8273087,3.25000000,0.00000000,0.135498149E-01,0.00000000,0.00000000,0.133686718E-01,0.135498149E-01,0.00000000,291.000000,17.8500061,1257.93506,1353.00000,-1000.00000,0.00000000,0.00000000,0.412120640,0.411983490,289.800415,0.402203858,0.00000000
2,2,usgs_wetland,6,180.000000,2,F,F,0,0,T,16,24,0.199999996E-01,28,19,1,1004.50000,0.285714298,9.81000042,2500000.00,0.567051011E-07,0.600000024,17,9,1.00000000,0.00000000,288.000000,12.0000000,75.0000000,55.0000000,4.00000000,0.200000003,362.000000,460.000000,0.170000009E-01,0.160000008E-01,16.0000000,0.140000001,60.0000000,98000.0000,290.000000,0.125000002E-01,0.399999990E-04,1.17999995,0.00000000,0.00000000,0.00000000,0.499676496,0.589999974,0.140000001,0.949999988,5.71999979,1.00000000,0.133583173E-01,0.200000003,0.200000003,291.417664,22.5768681,0.118349162E-04,29.5872898,7.50426102,2.94763947,0.00000000,2.94763947,-80.2102356,3.25000000,0.00000000,0.133169433E-01,0.00000000,0.00000000,0.131419320E-01,0.133169433E-01,0.00000000,291.000000,17.8500061,1257.23999,1353.00000,-1000.00000,0.00000000,0.00000000,0.414955944,0.414955944,289.500092,0.405555546,0.00000000,0.00000000,0.00000000,0.00000000,0.499584317,0.589999974,0.140000001,0.949999988,5.71999979,1.00000000,0.133583173E-01,0.200000003,0.200000003,291.694092,26.9790993,0.152084885E-04,38.0212212,7.50973606,6.16919327,0.00000000,6.16919327,-89.8273087,3.25000000,0.00000000,0.135498149E-01,0.00000000,0.00000000,0.133686718E-01,0.135498149E-01,0.00000000,291.000000,17.8500061,1257.93506,1353.00000,-1000.00000,0.00000000,0.00000000,0.414918035,0.414918035,289.500153,0.405506581,0.00000000
2,2,usgs_wetland,7,180.000000,2,F,F,0,0,T,16,24,0.199999996E-01,28,19,1,1004.50000,0.285714298,9.81000042,2500000.00,0.567051011E-07,1.00000000,17,9,1.00000000,0.00000000,288.000000,12.0000000,75.0000000,55.0000000,4.00000000,0.200000003,362.000000,460.000000,0.170000009E-01,0.160000008E-01,16.0000000,0.140000001,60.0000000,98000.0000,290.000000,0.125000002E-01,0.399999990E-04,1.17999995,0.00000000,0.00000000,0.00000000,0.499676496,0.589999974,0.140000001,0.949999988,5.71999979,1.00000000,0.133583173E-01,0.200000003,0.200000003,291.417664,22.5768681,0.118349162E-04,29.5872898,7.50426102,2.94763947,0.00000000,2.94763947,-80.2102356,3.25000000,0.00000000,0.133169433E-01,0.00000000,0.00000000,0.131419320E-01,0.133169433E-01,0.00000000,291.000000,17.8500061,1257.23999,1353.00000,-1000.00000,0.00000000,0.00000000,0.417965293,0.417965293,289.200073,0.408888876,0.00000000,0.00000000,0.00000000,0.00000000,0.499584317,0.589999974,0.140000001,0.949999988,5.71999979,1.00000000,0.133583173E-01,0.200000003,0.200000003,291.694092,26.9790993,0.152084885E-04,38.0212212,7.50973606,6.16919327,0.00000000,6.16919327,-89.8273087,3.25000000,0.00000000,0.135498149E-01,0.00000000,0.00000000,0.133686718E-01,0.135498149E-01,0.00000000,291.000000,17.8500061,1257.93506,1353.00000,-1000.00000,0.00000000,0.00000000,0.417930633,0.417930633,289.200134,0.408850282,0.00000000
2,2,usgs_wetland,8,180.000000,2,F,F,0,0,T,16,24,0.199999996E-01,28,19,1,1004.50000,0.285714298,9.81000042,2500000.00,0.567051011E-07,1.60000002,17,9,1.00000000,0.00000000,288.000000,12.0000000,75.0000000,55.0000000,4.00000000,0.200000003,362.000000,460.000000,0.170000009E-01,0.160000008E-01,16.0000000,0.140000001,60.0000000,98000.0000,290.000000,0.125000002E-01,0.399999990E-04,1.17999995,0.00000000,0.00000000,0.00000000,0.499676496,0.589999974,0.140000001,0.949999988,5.71999979,1.00000000,0.133583173E-01,0.200000003,0.200000003,291.417664,22.5768681,0.118349162E-04,29.5872898,7.50426102,2.94763947,0.00000000,2.94763947,-80.2102356,3.25000000,0.00000000,0.133169433E-01,0.00000000,0.00000000,0.131419320E-01,0.133169433E-01,0.00000000,291.000000,17.8500061,1257.23999,1353.00000,-1000.00000,0.00000000,0.00000000,0.420979053,0.420979053,288.900055,0.412222207,0.00000000,0.00000000,0.00000000,0.00000000,0.499584317,0.589999974,0.140000001,0.949999988,5.71999979,1.00000000,0.133583173E-01,0.200000003,0.200000003,291.694092,26.9790993,0.152084885E-04,38.0212212,7.50973606,6.16919327,0.00000000,6.16919327,-89.8273087,3.25000000,0.00000000,0.135498149E-01,0.00000000,0.00000000,0.133686718E-01,0.135498149E-01,0.00000000,291.000000,17.8500061,1257.93506,1353.00000,-1000.00000,0.00000000,0.00000000,0.420957983,0.420957983,288.900085,0.412198931,0.00000000
2,2,usgs_wetland,9,180.000000,2,F,F,0,0,T,16,24,0.199999996E-01,28,19,1,1004.50000,0.285714298,9.81000042,2500000.00,0.567051011E-07,3.00000000,17,9,1.00000000,0.00000000,288.000000,12.0000000,75.0000000,55.0000000,4.00000000,0.200000003,362.000000,460.000000,0.170000009E-01,0.160000008E-01,16.0000000,0.140000001,60.0000000,98000.0000,290.000000,0.125000002E-01,0.399999990E-04,1.17999995,0.00000000,0.00000000,0.00000000,0.499676496,0.589999974,0.140000001,0.949999988,5.71999979,1.00000000,0.133583173E-01,0.200000003,0.200000003,291.417664,22.5768681,0.118349162E-04,29.5872898,7.50426102,2.94763947,0.00000000,2.94763947,-80.2102356,3.25000000,0.00000000,0.133169433E-01,0.00000000,0.00000000,0.131419320E-01,0.133169433E-01,0.00000000,291.000000,17.8500061,1257.23999,1353.00000,-1000.00000,0.00000000,0.00000000,0.423999995,0.423999995,288.000000,0.415555507,0.00000000,0.00000000,0.00000000,0.00000000,0.499584317,0.589999974,0.140000001,0.949999988,5.71999979,1.00000000,0.133583173E-01,0.200000003,0.200000003,291.694092,26.9790993,0.152084885E-04,38.0212212,7.50973606,6.16919327,0.00000000,6.16919327,-89.8273087,3.25000000,0.00000000,0.135498149E-01,0.00000000,0.00000000,0.133686718E-01,0.135498149E-01,0.00000000,291.000000,17.8500061,1257.93506,1353.00000,-1000.00000,0.00000000,0.00000000,0.423999995,0.423999995,288.000000,0.415555507,0.00000000
2,2,usgs_tundra_subthresh,1,180.000000,2,F,F,0,0,T,16,24,0.199999996E-01,28,19,1,1004.50000,0.285714298,9.81000042,2500000.00,0.567051011E-07,0.00000000,22,2,1.00000000,0.149999997E-01,276.000000,6.00000000,65.0000000,35.0000000,0.349999994,0.200000003,238.000000,195.000000,0.600000005E-02,0.499999989E-02,5.00000000,0.150000006,60.0000000,98000.0000,264.500000,0.159999996E-02,0.00000000,1.17999995,6.32491589,0.328750573E-01,0.123839058,0.348591469E-01,0.649999976,0.211237207,0.927430570,3.34999990,1.00000000,0.421264442E-02,0.100000001,0.100000001,265.198242,3.50662851,0.138410246E-05,3.49355149,7.50049782,0.00000000,0.00000000,0.00000000,90.0308228,3.25000000,0.00000000,0.197511306E-02,0.00000000,0.00000000,0.197121990E-02,0.197511306E-02,1.00000000,265.926422,-8.05969238,754.233337,1230.00000,61.9790688,0.349999994,5.64706755,0.220028877,0.489199013E-01,265.405334,0.190742210,1.00000000,6.64966726,0.358367711E-01,0.131585032,0.597163215E-01,0.649999976,0.649999976,0.980000019,3.34999990,1.00000000,0.421264442E-02,0.100000001,0.100000001,265.347534,4.25648212,0.147774927E-05,4.18941927,7.50102997,0.00000000,0.00000000,0.00000000,9.90096855,3.25000000,0.00000000,0.200018077E-02,0.00000000,0.00000000,0.199618796E-02,0.200018077E-02,1.00000000,266.033051,-7.45968628,754.216675,1230.00000,61.9790688,0.349999994,11.2941351,0.220057994,0.498953201E-01,266.033051,0.190126210,1.00000000
2,2,usgs_tundra_subthresh,2,180.000000,2,F,F,0,0,T,16,24,0.199999996E-01,28,19,1,1004.50000,0.285714298,9.81000042,2500000.00,0.567051011E-07,0.999999978E-02,22,2,1.00000000,0.149999997E-01,276.000000,6.00000000,65.0000000,35.0000000,0.349999994,0.200000003,238.000000,195.000000,0.600000005E-02,0.499999989E-02,5.00000000,0.150000006,60.0000000,98000.0000,264.500000,0.159999996E-02,0.00000000,1.17999995,6.32491589,0.328750573E-01,0.123839058,0.348591469E-01,0.649999976,0.211237207,0.927430570,3.34999990,1.00000000,0.421264442E-02,0.100000001,0.100000001,265.198242,3.50662851,0.138410246E-05,3.49355149,7.50049782,0.00000000,0.00000000,0.00000000,90.0308228,3.25000000,0.00000000,0.197511306E-02,0.00000000,0.00000000,0.197121990E-02,0.197511306E-02,1.00000000,265.926422,-8.05969238,754.233337,1230.00000,61.9790688,0.349999994,5.64706755,0.224990919,0.496433452E-01,265.873810,0.194251463,0.00000000,6.64966726,0.358367711E-01,0.131585032,0.597163215E-01,0.649999976,0.649999976,0.980000019,3.34999990,1.00000000,0.421264442E-02,0.100000001,0.100000001,265.347534,4.25648212,0.147774927E-05,4.18941927,7.50102997,0.00000000,0.00000000,0.00000000,9.90096855,3.25000000,0.00000000,0.200018077E-02,0.00000000,0.00000000,0.199618796E-02,0.200018077E-02,1.00000000,266.033051,-7.45968628,754.216675,1230.00000,61.9790688,0.349999994,11.2941351,0.224981219,0.502149016E-01,266.224335,0.194837570,0.00000000
2,2,usgs_tundra_subthresh,3,180.000000,2,F,F,0,0,T,16,24,0.199999996E-01,28,19,1,1004.50000,0.285714298,9.81000042,2500000.00,0.567051011E-07,0.399999991E-01,22,2,1.00000000,0.149999997E-01,276.000000,6.00000000,65.0000000,35.0000000,0.349999994,0.200000003,238.000000,195.000000,0.600000005E-02,0.499999989E-02,5.00000000,0.150000006,60.0000000,98000.0000,264.500000,0.159999996E-02,0.00000000,1.17999995,6.32491589,0.328750573E-01,0.123839058,0.348591469E-01,0.649999976,0.211237207,0.927430570,3.34999990,1.00000000,0.421264442E-02,0.100000001,0.100000001,265.198242,3.50662851,0.138410246E-05,3.49355149,7.50049782,0.00000000,0.00000000,0.00000000,90.0308228,3.25000000,0.00000000,0.197511306E-02,0.00000000,0.00000000,0.197121990E-02,0.197511306E-02,1.00000000,265.926422,-8.05969238,754.233337,1230.00000,61.9790688,0.349999994,5.64706755,0.229999274,0.522275344E-01,267.295959,0.197281808,0.00000000,6.64966726,0.358367711E-01,0.131585032,0.597163215E-01,0.649999976,0.649999976,0.980000019,3.34999990,1.00000000,0.421264442E-02,0.100000001,0.100000001,265.347534,4.25648212,0.147774927E-05,4.18941927,7.50102997,0.00000000,0.00000000,0.00000000,9.90096855,3.25000000,0.00000000,0.200018077E-02,0.00000000,0.00000000,0.199618796E-02,0.200018077E-02,1.00000000,266.033051,-7.45968628,754.216675,1230.00000,61.9790688,0.349999994,11.2941351,0.229998738,0.520502813E-01,267.210083,0.197524235,0.00000000
2,2,usgs_tundra_subthresh,4,180.000000,2,F,F,0,0,T,16,24,0.199999996E-01,28,19,1,1004.50000,0.285714298,9.81000042,2500000.00,0.567051011E-07,0.100000001,22,2,1.00000000,0.149999997E-01,276.000000,6.00000000,65.0000000,35.0000000,0.349999994,0.200000003,238.000000,195.000000,0.600000005E-02,0.499999989E-02,5.00000000,0.150000006,60.0000000,98000.0000,264.500000,0.159999996E-02,0.00000000,1.17999995,6.32491589,0.328750573E-01,0.123839058,0.348591469E-01,0.649999976,0.211237207,0.927430570,3.34999990,1.00000000,0.421264442E-02,0.100000001,0.100000001,265.198242,3.50662851,0.138410246E-05,3.49355149,7.50049782,0.00000000,0.00000000,0.00000000,90.0308228,3.25000000,0.00000000,0.197511306E-02,0.00000000,0.00000000,0.197121990E-02,0.197511306E-02,1.00000000,265.926422,-8.05969238,754.233337,1230.00000,61.9790688,0.349999994,5.64706755,0.234999329,0.553231984E-01,268.579132,0.199575514,0.00000000,6.64966726,0.358367711E-01,0.131585032,0.597163215E-01,0.649999976,0.649999976,0.980000019,3.34999990,1.00000000,0.421264442E-02,0.100000001,0.100000001,265.347534,4.25648212,0.147774927E-05,4.18941927,7.50102997,0.00000000,0.00000000,0.00000000,9.90096855,3.25000000,0.00000000,0.200018077E-02,0.00000000,0.00000000,0.199618796E-02,0.200018077E-02,1.00000000,266.033051,-7.45968628,754.216675,1230.00000,61.9790688,0.349999994,11.2941351,0.234998673,0.552600212E-01,268.556580,0.199640125,0.00000000
2,2,usgs_tundra_subthresh,5,180.000000,2,F,F,0,0,T,16,24,0.199999996E-01,28,19,1,1004.50000,0.285714298,9.81000042,2500000.00,0.567051011E-07,0.300000012,22,2,1.00000000,0.149999997E-01,276.000000,6.00000000,65.0000000,35.0000000,0.349999994,0.200000003,238.000000,195.000000,0.600000005E-02,0.499999989E-02,5.00000000,0.150000006,60.0000000,98000.0000,264.500000,0.159999996E-02,0.00000000,1.17999995,6.32491589,0.328750573E-01,0.123839058,0.348591469E-01,0.649999976,0.211237207,0.927430570,3.34999990,1.00000000,0.421264442E-02,0.100000001,0.100000001,265.198242,3.50662851,0.138410246E-05,3.49355149,7.50049782,0.00000000,0.00000000,0.00000000,90.0308228,3.25000000,0.00000000,0.197511306E-02,0.00000000,0.00000000,0.197121990E-02,0.197511306E-02,1.00000000,265.926422,-8.05969238,754.233337,1230.00000,61.9790688,0.349999994,5.64706755,0.240000144,0.594448484E-01,269.798187,0.200608626,0.00000000,6.64966726,0.358367711E-01,0.131585032,0.597163215E-01,0.649999976,0.649999976,0.980000019,3.34999990,1.00000000,0.421264442E-02,0.100000001,0.100000001,265.347534,4.25648212,0.147774927E-05,4.18941927,7.50102997,0.00000000,0.00000000,0.00000000,9.90096855,3.25000000,0.00000000,0.200018077E-02,0.00000000,0.00000000,0.199618796E-02,0.200018077E-02,1.00000000,266.033051,-7.45968628,754.216675,1230.00000,61.9790688,0.349999994,11.2941351,0.240000278,0.594372153E-01,269.796326,0.200616986,0.00000000
2,2,usgs_tundra_subthresh,6,180.000000,2,F,F,0,0,T,16,24,0.199999996E-01,28,19,1,1004.50000,0.285714298,9.81000042,2500000.00,0.567051011E-07,0.600000024,22,2,1.00000000,0.149999997E-01,276.000000,6.00000000,65.0000000,35.0000000,0.349999994,0.200000003,238.000000,195.000000,0.600000005E-02,0.499999989E-02,5.00000000,0.150000006,60.0000000,98000.0000,264.500000,0.159999996E-02,0.00000000,1.17999995,6.32491589,0.328750573E-01,0.123839058,0.348591469E-01,0.649999976,0.211237207,0.927430570,3.34999990,1.00000000,0.421264442E-02,0.100000001,0.100000001,265.198242,3.50662851,0.138410246E-05,3.49355149,7.50049782,0.00000000,0.00000000,0.00000000,90.0308228,3.25000000,0.00000000,0.197511306E-02,0.00000000,0.00000000,0.197121990E-02,0.197511306E-02,1.00000000,265.926422,-8.05969238,754.233337,1230.00000,61.9790688,0.349999994,5.64706755,0.245000362,0.658487007E-01,270.999237,0.199051023,0.00000000,6.64966726,0.358367711E-01,0.131585032,0.597163215E-01,0.649999976,0.649999976,0.980000019,3.34999990,1.00000000,0.421264442E-02,0.100000001,0.100000001,265.347534,4.25648212,0.147774927E-05,4.18941927,7.50102997,0.00000000,0.00000000,0.00000000,9.90096855,3.25000000,0.00000000,0.200018077E-02,0.00000000,0.00000000,0.199618796E-02,0.200018077E-02,1.00000000,266.033051,-7.45968628,754.216675,1230.00000,61.9790688,0.349999994,11.2941351,0.245000705,0.658431128E-01,270.998444,0.199057400,0.00000000
2,2,usgs_tundra_subthresh,7,180.000000,2,F,F,0,0,T,16,24,0.199999996E-01,28,19,1,1004.50000,0.285714298,9.81000042,2500000.00,0.567051011E-07,1.00000000,22,2,1.00000000,0.149999997E-01,276.000000,6.00000000,65.0000000,35.0000000,0.349999994,0.200000003,238.000000,195.000000,0.600000005E-02,0.499999989E-02,5.00000000,0.150000006,60.0000000,98000.0000,264.500000,0.159999996E-02,0.00000000,1.17999995,6.32491589,0.328750573E-01,0.123839058,0.348591469E-01,0.649999976,0.211237207,0.927430570,3.34999990,1.00000000,0.421264442E-02,0.100000001,0.100000001,265.198242,3.50662851,0.138410246E-05,3.49355149,7.50049782,0.00000000,0.00000000,0.00000000,90.0308228,3.25000000,0.00000000,0.197511306E-02,0.00000000,0.00000000,0.197121990E-02,0.197511306E-02,1.00000000,265.926422,-8.05969238,754.233337,1230.00000,61.9790688,0.349999994,5.64706755,0.249982953,0.794260204E-01,272.199585,0.189517543,0.00000000,6.64966726,0.358367711E-01,0.131585032,0.597163215E-01,0.649999976,0.649999976,0.980000019,3.34999990,1.00000000,0.421264442E-02,0.100000001,0.100000001,265.347534,4.25648212,0.147774927E-05,4.18941927,7.50102997,0.00000000,0.00000000,0.00000000,9.90096855,3.25000000,0.00000000,0.200018077E-02,0.00000000,0.00000000,0.199618796E-02,0.200018077E-02,1.00000000,266.033051,-7.45968628,754.216675,1230.00000,61.9790688,0.349999994,11.2941351,0.249965906,0.794178396E-01,272.199158,0.189507693,0.00000000
2,2,usgs_tundra_subthresh,8,180.000000,2,F,F,0,0,T,16,24,0.199999996E-01,28,19,1,1004.50000,0.285714298,9.81000042,2500000.00,0.567051011E-07,1.60000002,22,2,1.00000000,0.149999997E-01,276.000000,6.00000000,65.0000000,35.0000000,0.349999994,0.200000003,238.000000,195.000000,0.600000005E-02,0.499999989E-02,5.00000000,0.150000006,60.0000000,98000.0000,264.500000,0.159999996E-02,0.00000000,1.17999995,6.32491589,0.328750573E-01,0.123839058,0.348591469E-01,0.649999976,0.211237207,0.927430570,3.34999990,1.00000000,0.421264442E-02,0.100000001,0.100000001,265.198242,3.50662851,0.138410246E-05,3.49355149,7.50049782,0.00000000,0.00000000,0.00000000,90.0308228,3.25000000,0.00000000,0.197511306E-02,0.00000000,0.00000000,0.197121990E-02,0.197511306E-02,1.00000000,265.926422,-8.05969238,754.233337,1230.00000,61.9790688,0.349999994,5.64706755,0.254991859,0.254991859,273.400085,0.244444430,0.00000000,6.64966726,0.358367711E-01,0.131585032,0.597163215E-01,0.649999976,0.649999976,0.980000019,3.34999990,1.00000000,0.421264442E-02,0.100000001,0.100000001,265.347534,4.25648212,0.147774927E-05,4.18941927,7.50102997,0.00000000,0.00000000,0.00000000,9.90096855,3.25000000,0.00000000,0.200018077E-02,0.00000000,0.00000000,0.199618796E-02,0.200018077E-02,1.00000000,266.033051,-7.45968628,754.216675,1230.00000,61.9790688,0.349999994,11.2941351,0.254983693,0.254983693,273.400360,0.244435400,0.00000000
2,2,usgs_tundra_subthresh,9,180.000000,2,F,F,0,0,T,16,24,0.199999996E-01,28,19,1,1004.50000,0.285714298,9.81000042,2500000.00,0.567051011E-07,3.00000000,22,2,1.00000000,0.149999997E-01,276.000000,6.00000000,65.0000000,35.0000000,0.349999994,0.200000003,238.000000,195.000000,0.600000005E-02,0.499999989E-02,5.00000000,0.150000006,60.0000000,98000.0000,264.500000,0.159999996E-02,0.00000000,1.17999995,6.32491589,0.328750573E-01,0.123839058,0.348591469E-01,0.649999976,0.211237207,0.927430570,3.34999990,1.00000000,0.421264442E-02,0.100000001,0.100000001,265.198242,3.50662851,0.138410246E-05,3.49355149,7.50049782,0.00000000,0.00000000,0.00000000,90.0308228,3.25000000,0.00000000,0.197511306E-02,0.00000000,0.00000000,0.197121990E-02,0.197511306E-02,1.00000000,265.926422,-8.05969238,754.233337,1230.00000,61.9790688,0.349999994,5.64706755,0.259999990,0.259999990,276.000000,0.249999985,0.00000000,6.64966726,0.358367711E-01,0.131585032,0.597163215E-01,0.649999976,0.649999976,0.980000019,3.34999990,1.00000000,0.421264442E-02,0.100000001,0.100000001,265.347534,4.25648212,0.147774927E-05,4.18941927,7.50102997,0.00000000,0.00000000,0.00000000,9.90096855,3.25000000,0.00000000,0.200018077E-02,0.00000000,0.00000000,0.199618796E-02,0.200018077E-02,1.00000000,266.033051,-7.45968628,754.216675,1230.00000,61.9790688,0.349999994,11.2941351,0.259999990,0.259999990,276.000000,0.249999985,0.00000000
