# zs_m=0.000000000E+000;9.999999776E-003;3.999999911E-002;1.000000015E-001;3.000000119E-001;6.000000238E-001;1.000000000E+000;1.600000024E+000;3.000000000E+000; dzs_m=4.999999888E-003;2.499999851E-002;4.500000179E-002;1.299999952E-001;2.500000000E-001;3.499999940E-001;4.999999404E-001;1.000000000E+000;7.000000477E-001;
experiment,flag_soil_layers,flag_soil_levels,flag_sm_adj,flag_sst,nlev,col,landmask,tsk_in,tmn,sst,lev_cm_1,lev_cm_2,lev_cm_3,lev_cm_4,lev_cm_5,lev_cm_6,lev_cm_7,lev_cm_8,lev_cm_9,st_src_1,st_src_2,st_src_3,st_src_4,st_src_5,st_src_6,st_src_7,st_src_8,st_src_9,sm_src_1,sm_src_2,sm_src_3,sm_src_4,sm_src_5,sm_src_6,sm_src_7,sm_src_8,sm_src_9,tsk_out,tslb_1,tslb_2,tslb_3,tslb_4,tslb_5,tslb_6,tslb_7,tslb_8,tslb_9,smois_1,smois_2,smois_3,smois_4,smois_5,smois_6,smois_7,smois_8,smois_9
era5_layers_noadj_nosst,1,0,0,0,4,1,1.000000000E+000,3.010000000E+002,2.870000000E+002,3.010000000E+002,3,17,64,194,-1,-1,-1,-1,-1,3.000000000E+002,2.950000000E+002,2.900000000E+002,2.880000000E+002,-1.000000015E+030,-1.000000015E+030,-1.000000015E+030,-1.000000015E+030,-1.000000015E+030,5.000000075E-002,1.000000015E-001,1.800000072E-001,2.500000000E-001,-1.000000015E+030,-1.000000015E+030,-1.000000015E+030,-1.000000015E+030,-1.000000015E+030,3.010000000E+002,3.010000000E+002,3.006666870E+002,2.996428528E+002,2.975000000E+002,2.936170349E+002,2.904255371E+002,2.894461670E+002,2.885230713E+002,2.870000000E+002,3.928571567E-002,4.285714403E-002,5.357142538E-002,7.500000298E-002,1.221276745E-001,1.731915027E-001,1.993846297E-001,2.316923141E-001,2.500000000E-001
era5_layers_noadj_nosst,1,0,0,0,4,2,1.000000000E+000,2.630000000E+002,2.790000000E+002,2.630000000E+002,3,17,64,194,-1,-1,-1,-1,-1,2.650000000E+002,2.700000000E+002,2.750000000E+002,2.800000000E+002,-1.000000015E+030,-1.000000015E+030,-1.000000015E+030,-1.000000015E+030,-1.000000015E+030,3.000000119E-001,2.800000012E-001,2.500000000E-001,2.000000030E-001,-1.000000015E+030,-1.000000015E+030,-1.000000015E+030,-1.000000015E+030,-1.000000015E+030,2.630000000E+002,2.630000000E+002,2.636666565E+002,2.653571167E+002,2.674999695E+002,2.713829956E+002,2.745744629E+002,2.763846436E+002,2.786922913E+002,2.790000000E+002,3.042857349E-001,3.028571606E-001,2.985714376E-001,2.900000215E-001,2.717021406E-001,2.525531948E-001,2.361538410E-001,2.130769193E-001,2.000000030E-001
era5_layers_noadj_nosst,1,0,0,0,4,3,1.000000000E+000,2.855000000E+002,2.885000000E+002,2.855000000E+002,3,17,64,194,-1,-1,-1,-1,-1,2.850000000E+002,2.860000000E+002,2.870000000E+002,2.880000000E+002,-1.000000015E+030,-1.000000015E+030,-1.000000015E+030,-1.000000015E+030,-1.000000015E+030,4.499999881E-001,4.600000083E-001,4.699999988E-001,4.799999893E-001,-1.000000015E+030,-1.000000015E+030,-1.000000015E+030,-1.000000015E+030,-1.000000015E+030,2.855000000E+002,2.855000000E+002,2.853333130E+002,2.850714111E+002,2.855000000E+002,2.862765808E+002,2.869148865E+002,2.872769165E+002,2.877384644E+002,2.885000000E+002,4.478571415E-001,4.485714436E-001,4.507142603E-001,4.550000429E-001,4.627659917E-001,4.691489637E-001,4.727692604E-001,4.773846269E-001,4.799999893E-001
era5_layers_noadj_nosst,1,0,0,0,4,4,1.000000000E+000,3.120000000E+002,2.930000000E+002,3.120000000E+002,3,17,64,194,-1,-1,-1,-1,-1,3.100000000E+002,3.050000000E+002,3.000000000E+002,2.950000000E+002,-1.000000015E+030,-1.000000015E+030,-1.000000015E+030,-1.000000015E+030,-1.000000015E+030,4.999999888E-003,4.000000190E-003,3.000000026E-003,2.000000095E-003,-1.000000015E+030,-1.000000015E+030,-1.000000015E+030,-1.000000015E+030,-1.000000015E+030,3.120000000E+002,3.120000000E+002,3.113333435E+002,3.096428528E+002,3.075000305E+002,3.036170349E+002,3.004255066E+002,2.986153870E+002,2.963076782E+002,2.930000000E+002,5.214285571E-003,5.142856855E-003,4.928571172E-003,4.500000272E-003,3.723404603E-003,3.085106378E-003,2.723077079E-003,2.261538524E-003,2.000000095E-003
era5_layers_noadj_nosst,1,0,0,0,4,5,1.000000000E+000,3.020000000E+002,2.920000000E+002,3.020000000E+002,3,17,64,194,-1,-1,-1,-1,-1,3.015000000E+002,2.995000000E+002,2.975000000E+002,2.935000000E+002,-1.000000015E+030,-1.000000015E+030,-1.000000015E+030,-1.000000015E+030,-1.000000015E+030,1.000000047E-003,2.000000095E-003,3.000000026E-003,4.000000190E-003,-1.000000015E+030,-1.000000015E+030,-1.000000015E+030,-1.000000015E+030,-1.000000015E+030,3.020000000E+002,3.020000000E+002,3.018333435E+002,3.013571167E+002,3.005000000E+002,2.989468384E+002,2.976702271E+002,2.963923035E+002,2.945461731E+002,2.920000000E+002,7.857143064E-004,8.571428480E-004,1.071428647E-003,1.500000013E-003,2.276595915E-003,2.914893674E-003,3.276923206E-003,3.738461761E-003,4.000000190E-003
era5_layers_noadj_nosst,1,0,0,0,4,6,1.000000000E+000,2.480000000E+002,2.680000000E+002,2.480000000E+002,3,17,64,194,-1,-1,-1,-1,-1,2.500000000E+002,2.550000000E+002,2.600000000E+002,2.650000000E+002,-1.000000015E+030,-1.000000015E+030,-1.000000015E+030,-1.000000015E+030,-1.000000015E+030,1.500000060E-001,1.599999964E-001,1.400000006E-001,1.299999952E-001,-1.000000015E+030,-1.000000015E+030,-1.000000015E+030,-1.000000015E+030,-1.000000015E+030,2.480000000E+002,2.480000000E+002,2.486666718E+002,2.503571320E+002,2.524999847E+002,2.563829956E+002,2.595744629E+002,2.613846130E+002,2.636923218E+002,2.680000000E+002,1.478571445E-001,1.485714465E-001,1.507142782E-001,1.550000012E-001,1.544680744E-001,1.417021304E-001,1.372307688E-001,1.326153874E-001,1.299999952E-001
era5_layers_noadj_nosst,1,0,0,0,4,7,1.000000000E+000,2.900000000E+002,2.900000000E+002,2.900000000E+002,3,17,64,194,-1,-1,-1,-1,-1,2.900000000E+002,2.900000000E+002,2.900000000E+002,2.900000000E+002,-1.000000015E+030,-1.000000015E+030,-1.000000015E+030,-1.000000015E+030,-1.000000015E+030,2.000000030E-001,2.000000030E-001,2.000000030E-001,2.000000030E-001,-1.000000015E+030,-1.000000015E+030,-1.000000015E+030,-1.000000015E+030,-1.000000015E+030,2.900000000E+002,2.900000000E+002,2.900000000E+002,2.900000000E+002,2.900000000E+002,2.900000000E+002,2.900000000E+002,2.899999695E+002,2.900000000E+002,2.900000000E+002,2.000000030E-001,2.000000030E-001,1.999999881E-001,2.000000030E-001,2.000000030E-001,2.000000030E-001,2.000000030E-001,2.000000030E-001,2.000000030E-001
era5_layers_noadj_nosst,1,0,0,0,4,8,1.000000000E+000,3.250000000E+002,2.780000000E+002,3.250000000E+002,3,17,64,194,-1,-1,-1,-1,-1,3.200000000E+002,3.000000000E+002,2.850000000E+002,2.800000000E+002,-1.000000015E+030,-1.000000015E+030,-1.000000015E+030,-1.000000015E+030,-1.000000015E+030,1.999999955E-002,3.000000119E-001,4.000000060E-001,4.499999881E-001,-1.000000015E+030,-1.000000015E+030,-1.000000015E+030,-1.000000015E+030,-1.000000015E+030,3.250000000E+002,3.250000000E+002,3.233333435E+002,3.185714111E+002,3.100000000E+002,2.958510437E+002,2.862765808E+002,2.836153870E+002,2.813076782E+002,2.780000000E+002,-3.999999911E-002,-1.999999955E-002,3.999999911E-002,1.600000113E-001,3.276596069E-001,3.914893866E-001,4.138461351E-001,4.369230568E-001,4.499999881E-001
era5_layers_noadj_nosst,1,0,0,0,4,9,1.000000000E+000,2.680000000E+002,3.020000000E+002,2.680000000E+002,3,17,64,194,-1,-1,-1,-1,-1,2.700000000E+002,2.800000000E+002,2.900000000E+002,3.000000000E+002,-1.000000015E+030,-1.000000015E+030,-1.000000015E+030,-1.000000015E+030,-1.000000015E+030,4.000000060E-001,3.000000119E-001,2.000000030E-001,1.000000015E-001,-1.000000015E+030,-1.000000015E+030,-1.000000015E+030,-1.000000015E+030,-1.000000015E+030,2.680000000E+002,2.680000000E+002,2.686666565E+002,2.707142639E+002,2.750000000E+002,2.827659607E+002,2.891489563E+002,2.927692261E+002,2.973846130E+002,3.020000000E+002,4.214285612E-001,4.142856896E-001,3.928571045E-001,3.500000238E-001,2.723404467E-001,2.085106373E-001,1.723076850E-001,1.261538565E-001,1.000000015E-001
era5_layers_noadj_nosst,1,0,0,0,4,10,1.000000000E+000,2.875000000E+002,2.900000000E+002,2.875000000E+002,3,17,64,194,-1,-1,-1,-1,-1,2.880000000E+002,2.885000000E+002,2.890000000E+002,2.895000000E+002,-1.000000015E+030,-1.000000015E+030,-1.000000015E+030,-1.000000015E+030,-1.000000015E+030,0.000000000E+000,0.000000000E+000,0.000000000E+000,0.000000000E+000,-1.000000015E+030,-1.000000015E+030,-1.000000015E+030,-1.000000015E+030,-1.000000015E+030,2.875000000E+002,2.875000000E+002,2.876666870E+002,2.880357056E+002,2.882500000E+002,2.886383057E+002,2.889574585E+002,2.891384583E+002,2.893692322E+002,2.900000000E+002,0.000000000E+000,0.000000000E+000,0.000000000E+000,0.000000000E+000,0.000000000E+000,0.000000000E+000,0.000000000E+000,0.000000000E+000,0.000000000E+000
era5_layers_noadj_nosst,1,0,0,0,4,11,1.000000000E+000,3.100000000E+002,2.810000000E+002,3.100000000E+002,3,17,64,194,-1,-1,-1,-1,-1,2.752999878E+002,2.767000122E+002,2.781000061E+002,2.798999939E+002,-1.000000015E+030,-1.000000015E+030,-1.000000015E+030,-1.000000015E+030,-1.000000015E+030,1.199999973E-001,1.400000006E-001,1.599999964E-001,1.800000072E-001,-1.000000015E+030,-1.000000015E+030,-1.000000015E+030,-1.000000015E+030,-1.000000015E+030,3.100000000E+002,3.100000000E+002,2.984333191E+002,2.753999634E+002,2.760000000E+002,2.770872498E+002,2.779808655E+002,2.785984802E+002,2.794292297E+002,2.810000000E+002,1.157142818E-001,1.171428561E-001,1.214285642E-001,1.299999952E-001,1.455319077E-001,1.582978815E-001,1.655384600E-001,1.747692525E-001,1.800000072E-001
era5_layers_noadj_nosst,1,0,0,0,4,12,1.000000000E+000,2.600000000E+002,2.945000000E+002,2.600000000E+002,3,17,64,194,-1,-1,-1,-1,-1,2.983999939E+002,2.972000122E+002,2.961000061E+002,2.952999878E+002,-1.000000015E+030,-1.000000015E+030,-1.000000015E+030,-1.000000015E+030,-1.000000015E+030,3.300000131E-001,3.100000024E-001,2.899999917E-001,2.700000107E-001,-1.000000015E+030,-1.000000015E+030,-1.000000015E+030,-1.000000015E+030,-1.000000015E+030,2.600000000E+002,2.600000000E+002,2.728000183E+002,2.983142700E+002,2.978000183E+002,2.968957520E+002,2.961936340E+002,2.958784790E+002,2.955092163E+002,2.945000000E+002,3.342857361E-001,3.328571916E-001,3.285714388E-001,3.200000226E-001,3.044680953E-001,2.917021215E-001,2.844615281E-001,2.752307653E-001,2.700000107E-001
era5_layers_noadj_nosst,1,0,0,0,4,13,1.000000000E+000,2.820000000E+002,2.000000000E+002,2.820000000E+002,3,17,64,194,-1,-1,-1,-1,-1,2.830000000E+002,2.840000000E+002,2.850000000E+002,2.860000000E+002,-1.000000015E+030,-1.000000015E+030,-1.000000015E+030,-1.000000015E+030,-1.000000015E+030,2.199999988E-001,2.399999946E-001,2.599999905E-001,2.800000012E-001,-1.000000015E+030,-1.000000015E+030,-1.000000015E+030,-1.000000015E+030,-1.000000015E+030,2.820000000E+002,2.820000000E+002,2.823333130E+002,2.830714111E+002,2.835000000E+002,2.842765808E+002,2.849148865E+002,2.852769470E+002,2.857384644E+002,2.000000000E+002,2.157142907E-001,2.171428651E-001,2.214285582E-001,2.300000042E-001,2.455319315E-001,2.582978606E-001,2.655384541E-001,2.747692466E-001,2.800000012E-001
era5_layers_noadj_nosst,1,0,0,0,4,14,1.000000000E+000,2.820000000E+002,3.800000000E+002,2.820000000E+002,3,17,64,194,-1,-1,-1,-1,-1,2.830000000E+002,2.840000000E+002,2.850000000E+002,2.860000000E+002,-1.000000015E+030,-1.000000015E+030,-1.000000015E+030,-1.000000015E+030,-1.000000015E+030,2.800000012E-001,2.599999905E-001,2.399999946E-001,2.199999988E-001,-1.000000015E+030,-1.000000015E+030,-1.000000015E+030,-1.000000015E+030,-1.000000015E+030,2.820000000E+002,2.820000000E+002,2.823333130E+002,2.830714111E+002,2.835000000E+002,2.842765808E+002,2.849148865E+002,2.852769470E+002,2.857384644E+002,3.800000000E+002,2.842857242E-001,2.828571498E-001,2.785713971E-001,2.699999809E-001,2.544680834E-001,2.417021096E-001,2.344615310E-001,2.252307683E-001,2.199999988E-001
era5_layers_noadj_nosst,1,0,0,0,4,15,1.000000000E+000,2.925000000E+002,2.902500000E+002,2.925000000E+002,3,17,64,194,-1,-1,-1,-1,-1,2.922500000E+002,2.917500000E+002,2.912500000E+002,2.907500000E+002,-1.000000015E+030,-1.000000015E+030,-1.000000015E+030,-1.000000015E+030,-1.000000015E+030,5.000000000E-001,5.000000000E-001,5.000000000E-001,5.000000000E-001,-1.000000015E+030,-1.000000015E+030,-1.000000015E+030,-1.000000015E+030,-1.000000015E+030,2.925000000E+002,2.925000000E+002,2.924166870E+002,2.922142944E+002,2.920000000E+002,2.916117249E+002,2.912925415E+002,2.911115417E+002,2.908807678E+002,2.902500000E+002,5.000000000E-001,5.000000000E-001,5.000000000E-001,5.000000000E-001,5.000000000E-001,5.000000000E-001,5.000000000E-001,5.000000000E-001,5.000000000E-001
era5_layers_noadj_nosst,1,0,0,0,4,16,1.000000000E+000,2.925000000E+002,2.902500000E+002,2.925000000E+002,3,17,64,194,-1,-1,-1,-1,-1,2.922500000E+002,2.917500000E+002,2.912500000E+002,2.907500000E+002,-1.000000015E+030,-1.000000015E+030,-1.000000015E+030,-1.000000015E+030,-1.000000015E+030,4.699999988E-001,4.799999893E-001,4.900000095E-001,5.000000000E-001,-1.000000015E+030,-1.000000015E+030,-1.000000015E+030,-1.000000015E+030,-1.000000015E+030,2.925000000E+002,2.925000000E+002,2.924166870E+002,2.922142944E+002,2.920000000E+002,2.916117249E+002,2.912925415E+002,2.911115417E+002,2.908807678E+002,2.902500000E+002,4.678571522E-001,4.685714245E-001,4.707142711E-001,4.749999940E-001,4.827659726E-001,4.891489446E-001,4.927692711E-001,4.973846078E-001,5.000000000E-001
era5_layers_noadj_nosst,1,0,0,0,4,17,1.000000000E+000,3.060000000E+002,2.955000000E+002,3.060000000E+002,3,17,64,194,-1,-1,-1,-1,-1,3.051250000E+002,3.023750000E+002,2.996250000E+002,2.968750000E+002,-1.000000015E+030,-1.000000015E+030,-1.000000015E+030,-1.000000015E+030,-1.000000015E+030,1.718750000E-001,2.031250000E-001,2.343750000E-001,2.656250000E-001,-1.000000015E+030,-1.000000015E+030,-1.000000015E+030,-1.000000015E+030,-1.000000015E+030,3.060000000E+002,3.060000000E+002,3.057083130E+002,3.049285583E+002,3.037500000E+002,3.016143799E+002,2.998590088E+002,2.988634644E+002,2.975942078E+002,2.955000000E+002,1.651785672E-001,1.674107164E-001,1.741071343E-001,1.875000000E-001,2.117686272E-001,2.317154408E-001,2.430288494E-001,2.574519217E-001,2.656250000E-001
era5_layers_noadj_nosst,1,0,0,0,4,18,1.000000000E+000,2.700000000E+002,2.755000000E+002,2.700000000E+002,3,17,64,194,-1,-1,-1,-1,-1,2.710625000E+002,2.721875000E+002,2.733125000E+002,2.744375000E+002,-1.000000015E+030,-1.000000015E+030,-1.000000015E+030,-1.000000015E+030,-1.000000015E+030,2.656250000E-001,2.343750000E-001,2.031250000E-001,1.718750000E-001,-1.000000015E+030,-1.000000015E+030,-1.000000015E+030,-1.000000015E+030,-1.000000015E+030,2.700000000E+002,2.700000000E+002,2.703541870E+002,2.711428528E+002,2.716250000E+002,2.724986877E+002,2.732167664E+002,2.736240234E+002,2.741432800E+002,2.755000000E+002,2.723214328E-001,2.700892985E-001,2.633928657E-001,2.500000000E-001,2.257313877E-001,2.057845742E-001,1.944711506E-001,1.800480783E-001,1.718750000E-001
era5_layers_noadj_nosst,1,0,0,0,4,19,0.000000000E+000,2.950000000E+002,2.930000000E+002,2.910000000E+002,3,17,64,194,-1,-1,-1,-1,-1,2.950000000E+002,2.940000000E+002,2.930000000E+002,2.920000000E+002,-1.000000015E+030,-1.000000015E+030,-1.000000015E+030,-1.000000015E+030,-1.000000015E+030,3.499999940E-001,3.499999940E-001,3.499999940E-001,3.499999940E-001,-1.000000015E+030,-1.000000015E+030,-1.000000015E+030,-1.000000015E+030,-1.000000015E+030,2.950000000E+002,2.950000000E+002,2.950000000E+002,2.950000000E+002,2.950000000E+002,2.950000000E+002,2.950000000E+002,2.950000000E+002,2.950000000E+002,2.950000000E+002,1.000000000E+000,1.000000000E+000,1.000000000E+000,1.000000000E+000,1.000000000E+000,1.000000000E+000,1.000000000E+000,1.000000000E+000,1.000000000E+000
era5_layers_noadj_nosst,1,0,0,0,4,20,0.000000000E+000,2.900000000E+002,2.850000000E+002,2.795000000E+002,3,17,64,194,-1,-1,-1,-1,-1,2.890000000E+002,2.880000000E+002,2.870000000E+002,2.860000000E+002,-1.000000015E+030,-1.000000015E+030,-1.000000015E+030,-1.000000015E+030,-1.000000015E+030,1.000000015E-001,2.000000030E-001,3.000000119E-001,4.000000060E-001,-1.000000015E+030,-1.000000015E+030,-1.000000015E+030,-1.000000015E+030,-1.000000015E+030,2.900000000E+002,2.900000000E+002,2.900000000E+002,2.900000000E+002,2.900000000E+002,2.900000000E+002,2.900000000E+002,2.900000000E+002,2.900000000E+002,2.900000000E+002,1.000000000E+000,1.000000000E+000,1.000000000E+000,1.000000000E+000,1.000000000E+000,1.000000000E+000,1.000000000E+000,1.000000000E+000,1.000000000E+000
era5_layers_adj_nosst,1,0,1,0,4,1,1.000000000E+000,3.010000000E+002,2.870000000E+002,3.010000000E+002,3,17,64,194,-1,-1,-1,-1,-1,3.000000000E+002,2.950000000E+002,2.900000000E+002,2.880000000E+002,-1.000000015E+030,-1.000000015E+030,-1.000000015E+030,-1.000000015E+030,-1.000000015E+030,5.000000075E-002,1.000000015E-001,1.800000072E-001,2.500000000E-001,-1.000000015E+030,-1.000000015E+030,-1.000000015E+030,-1.000000015E+030,-1.000000015E+030,3.010000000E+002,3.010000000E+002,3.006666870E+002,2.996428528E+002,2.975000000E+002,2.936170349E+002,2.904255371E+002,2.894461670E+002,2.885230713E+002,2.870000000E+002,3.011265770E-002,3.504018113E-002,4.653774202E-002,6.898535788E-002,1.185743660E-001,1.770026386E-001,2.037721425E-001,2.367907614E-001,2.500000000E-001
era5_layers_adj_nosst,1,0,1,0,4,2,1.000000000E+000,2.630000000E+002,2.790000000E+002,2.630000000E+002,3,17,64,194,-1,-1,-1,-1,-1,2.650000000E+002,2.700000000E+002,2.750000000E+002,2.800000000E+002,-1.000000015E+030,-1.000000015E+030,-1.000000015E+030,-1.000000015E+030,-1.000000015E+030,3.000000119E-001,2.800000012E-001,2.500000000E-001,2.000000030E-001,-1.000000015E+030,-1.000000015E+030,-1.000000015E+030,-1.000000015E+030,-1.000000015E+030,2.630000000E+002,2.630000000E+002,2.636666565E+002,2.653571167E+002,2.674999695E+002,2.713829956E+002,2.745744629E+002,2.763846436E+002,2.786922913E+002,2.790000000E+002,2.845745683E-001,2.832385302E-001,2.792304456E-001,2.712142467E-001,2.541016936E-001,2.361931801E-001,2.208561599E-001,1.992741227E-001,2.000000030E-001
era5_layers_adj_nosst,1,0,1,0,4,3,1.000000000E+000,2.855000000E+002,2.885000000E+002,2.855000000E+002,3,17,64,194,-1,-1,-1,-1,-1,2.850000000E+002,2.860000000E+002,2.870000000E+002,2.880000000E+002,-1.000000015E+030,-1.000000015E+030,-1.000000015E+030,-1.000000015E+030,-1.000000015E+030,4.499999881E-001,4.600000083E-001,4.699999988E-001,4.799999893E-001,-1.000000015E+030,-1.000000015E+030,-1.000000015E+030,-1.000000015E+030,-1.000000015E+030,2.855000000E+002,2.855000000E+002,2.853333130E+002,2.850714111E+002,2.855000000E+002,2.862765808E+002,2.869148865E+002,2.872769165E+002,2.877384644E+002,2.885000000E+002,3.249378204E-001,3.471531272E-001,3.706122041E-001,3.961443007E-001,4.252893627E-001,4.538477957E-001,4.573500156E-001,4.618148804E-001,4.799999893E-001
era5_layers_adj_nosst,1,0,1,0,4,4,1.000000000E+000,3.120000000E+002,2.930000000E+002,3.120000000E+002,3,17,64,194,-1,-1,-1,-1,-1,3.100000000E+002,3.050000000E+002,3.000000000E+002,2.950000000E+002,-1.000000015E+030,-1.000000015E+030,-1.000000015E+030,-1.000000015E+030,-1.000000015E+030,4.999999888E-003,4.000000190E-003,3.000000026E-003,2.000000095E-003,-1.000000015E+030,-1.000000015E+030,-1.000000015E+030,-1.000000015E+030,-1.000000015E+030,3.120000000E+002,3.120000000E+002,3.113333435E+002,3.096428528E+002,3.075000305E+002,3.036170349E+002,3.004255066E+002,2.986153870E+002,2.963076782E+002,2.930000000E+002,1.999999955E-002,1.999999955E-002,1.999999955E-002,1.999999955E-002,1.999999955E-002,1.999999955E-002,1.999999955E-002,1.999999955E-002,2.000000095E-003
era5_layers_adj_nosst,1,0,1,0,4,5,1.000000000E+000,3.020000000E+002,2.920000000E+002,3.020000000E+002,3,17,64,194,-1,-1,-1,-1,-1,3.015000000E+002,2.995000000E+002,2.975000000E+002,2.935000000E+002,-1.000000015E+030,-1.000000015E+030,-1.000000015E+030,-1.000000015E+030,-1.000000015E+030,1.000000047E-003,2.000000095E-003,3.000000026E-003,4.000000190E-003,-1.000000015E+030,-1.000000015E+030,-1.000000015E+030,-1.000000015E+030,-1.000000015E+030,3.020000000E+002,3.020000000E+002,3.018333435E+002,3.013571167E+002,3.005000000E+002,2.989468384E+002,2.976702271E+002,2.963923035E+002,2.945461731E+002,2.920000000E+002,1.999999955E-002,1.999999955E-002,1.999999955E-002,1.999999955E-002,1.999999955E-002,1.999999955E-002,1.999999955E-002,1.999999955E-002,4.000000190E-003
era5_layers_adj_nosst,1,0,1,0,4,6,1.000000000E+000,2.480000000E+002,2.680000000E+002,2.480000000E+002,3,17,64,194,-1,-1,-1,-1,-1,2.500000000E+002,2.550000000E+002,2.600000000E+002,2.650000000E+002,-1.000000015E+030,-1.000000015E+030,-1.000000015E+030,-1.000000015E+030,-1.000000015E+030,1.500000060E-001,1.599999964E-001,1.400000006E-001,1.299999952E-001,-1.000000015E+030,-1.000000015E+030,-1.000000015E+030,-1.000000015E+030,-1.000000015E+030,2.480000000E+002,2.480000000E+002,2.486666718E+002,2.503571320E+002,2.524999847E+002,2.563829956E+002,2.595744629E+002,2.613846130E+002,2.636923218E+002,2.680000000E+002,1.056136042E-001,1.131987348E-001,1.220083535E-001,1.328588277E-001,1.397586167E-001,1.349561214E-001,1.306976378E-001,1.263019741E-001,1.299999952E-001
era5_layers_adj_nosst,1,0,1,0,4,7,1.000000000E+000,2.900000000E+002,2.900000000E+002,2.900000000E+002,3,17,64,194,-1,-1,-1,-1,-1,2.900000000E+002,2.900000000E+002,2.900000000E+002,2.900000000E+002,-1.000000015E+030,-1.000000015E+030,-1.000000015E+030,-1.000000015E+030,-1.000000015E+030,2.000000030E-001,2.000000030E-001,2.000000030E-001,2.000000030E-001,-1.000000015E+030,-1.000000015E+030,-1.000000015E+030,-1.000000015E+030,-1.000000015E+030,2.900000000E+002,2.900000000E+002,2.900000000E+002,2.900000000E+002,2.900000000E+002,2.900000000E+002,2.900000000E+002,2.899999695E+002,2.900000000E+002,2.900000000E+002,1.928175837E-001,1.928175837E-001,1.928175688E-001,1.928175837E-001,1.928175837E-001,1.928175837E-001,1.928175837E-001,1.928175837E-001,2.000000030E-001
era5_layers_adj_nosst,1,0,1,0,4,8,1.000000000E+000,3.250000000E+002,2.780000000E+002,3.250000000E+002,3,17,64,194,-1,-1,-1,-1,-1,3.200000000E+002,3.000000000E+002,2.850000000E+002,2.800000000E+002,-1.000000015E+030,-1.000000015E+030,-1.000000015E+030,-1.000000015E+030,-1.000000015E+030,1.999999955E-002,3.000000119E-001,4.000000060E-001,4.499999881E-001,-1.000000015E+030,-1.000000015E+030,-1.000000015E+030,-1.000000015E+030,-1.000000015E+030,3.250000000E+002,3.250000000E+002,3.233333435E+002,3.185714111E+002,3.100000000E+002,2.958510437E+002,2.862765808E+002,2.836153870E+002,2.813076782E+002,2.780000000E+002,1.999999955E-002,1.999999955E-002,3.978829458E-002,1.591531932E-001,3.259254396E-001,3.894174099E-001,4.116558135E-001,4.346105754E-001,4.499999881E-001
era5_layers_adj_nosst,1,0,1,0,4,9,1.000000000E+000,2.680000000E+002,3.020000000E+002,2.680000000E+002,3,17,64,194,-1,-1,-1,-1,-1,2.700000000E+002,2.800000000E+002,2.900000000E+002,3.000000000E+002,-1.000000015E+030,-1.000000015E+030,-1.000000015E+030,-1.000000015E+030,-1.000000015E+030,4.000000060E-001,3.000000119E-001,2.000000030E-001,1.000000015E-001,-1.000000015E+030,-1.000000015E+030,-1.000000015E+030,-1.000000015E+030,-1.000000015E+030,2.680000000E+002,2.680000000E+002,2.686666565E+002,2.707142639E+002,2.750000000E+002,2.827659607E+002,2.891489563E+002,2.927692261E+002,2.973846130E+002,3.020000000E+002,3.710979521E-001,3.648081422E-001,3.459387422E-001,3.082000315E-001,2.398152351E-001,1.836085171E-001,1.517292261E-001,1.110874861E-001,1.000000015E-001
era5_layers_adj_nosst,1,0,1,0,4,10,1.000000000E+000,2.875000000E+002,2.900000000E+002,2.875000000E+002,3,17,64,194,-1,-1,-1,-1,-1,2.880000000E+002,2.885000000E+002,2.890000000E+002,2.895000000E+002,-1.000000015E+030,-1.000000015E+030,-1.000000015E+030,-1.000000015E+030,-1.000000015E+030,0.000000000E+000,0.000000000E+000,0.000000000E+000,0.000000000E+000,-1.000000015E+030,-1.000000015E+030,-1.000000015E+030,-1.000000015E+030,-1.000000015E+030,2.875000000E+002,2.875000000E+002,2.876666870E+002,2.880357056E+002,2.882500000E+002,2.886383057E+002,2.889574585E+002,2.891384583E+002,2.893692322E+002,2.900000000E+002,1.999999955E-002,1.999999955E-002,1.999999955E-002,1.999999955E-002,1.999999955E-002,1.999999955E-002,1.999999955E-002,1.999999955E-002,0.000000000E+000
era5_layers_adj_nosst,1,0,1,0,4,11,1.000000000E+000,3.100000000E+002,2.810000000E+002,3.100000000E+002,3,17,64,194,-1,-1,-1,-1,-1,2.752999878E+002,2.767000122E+002,2.781000061E+002,2.798999939E+002,-1.000000015E+030,-1.000000015E+030,-1.000000015E+030,-1.000000015E+030,-1.000000015E+030,1.199999973E-001,1.400000006E-001,1.599999964E-001,1.800000072E-001,-1.000000015E+030,-1.000000015E+030,-1.000000015E+030,-1.000000015E+030,-1.000000015E+030,3.100000000E+002,3.100000000E+002,2.984333191E+002,2.753999634E+002,2.760000000E+002,2.770872498E+002,2.779808655E+002,2.785984802E+002,2.794292297E+002,2.810000000E+002,8.532657474E-002,9.213866293E-002,1.014789343E-001,1.150328591E-001,1.359308064E-001,1.556364000E-001,1.627552509E-001,1.718308330E-001,1.800000072E-001
era5_layers_adj_nosst,1,0,1,0,4,12,1.000000000E+000,2.600000000E+002,2.945000000E+002,2.600000000E+002,3,17,64,194,-1,-1,-1,-1,-1,2.983999939E+002,2.972000122E+002,2.961000061E+002,2.952999878E+002,-1.000000015E+030,-1.000000015E+030,-1.000000015E+030,-1.000000015E+030,-1.000000015E+030,3.300000131E-001,3.100000024E-001,2.899999917E-001,2.700000107E-001,-1.000000015E+030,-1.000000015E+030,-1.000000015E+030,-1.000000015E+030,-1.000000015E+030,2.600000000E+002,2.600000000E+002,2.728000183E+002,2.983142700E+002,2.978000183E+002,2.968957520E+002,2.961936340E+002,2.958784790E+002,2.955092163E+002,2.945000000E+002,3.186625540E-001,3.173007965E-001,3.132153153E-001,3.050445020E-001,2.902384698E-001,2.780691385E-001,2.711669505E-001,2.623675764E-001,2.700000107E-001
era5_layers_adj_nosst,1,0,1,0,4,13,1.000000000E+000,2.820000000E+002,2.000000000E+002,2.820000000E+002,3,17,64,194,-1,-1,-1,-1,-1,2.830000000E+002,2.840000000E+002,2.850000000E+002,2.860000000E+002,-1.000000015E+030,-1.000000015E+030,-1.000000015E+030,-1.000000015E+030,-1.000000015E+030,2.199999988E-001,2.399999946E-001,2.599999905E-001,2.800000012E-001,-1.000000015E+030,-1.000000015E+030,-1.000000015E+030,-1.000000015E+030,-1.000000015E+030,2.820000000E+002,2.820000000E+002,2.823333130E+002,2.830714111E+002,2.835000000E+002,2.842765808E+002,2.849148865E+002,2.852769470E+002,2.857384644E+002,2.000000000E+002,1.578897089E-001,1.695310324E-001,1.836818308E-001,2.020151615E-001,2.276382148E-001,2.520777285E-001,2.591439486E-001,2.681524456E-001,2.800000012E-001
era5_layers_adj_nosst,1,0,1,0,4,14,1.000000000E+000,2.820000000E+002,3.800000000E+002,2.820000000E+002,3,17,64,194,-1,-1,-1,-1,-1,2.830000000E+002,2.840000000E+002,2.850000000E+002,2.860000000E+002,-1.000000015E+030,-1.000000015E+030,-1.000000015E+030,-1.000000015E+030,-1.000000015E+030,2.800000012E-001,2.599999905E-001,2.399999946E-001,2.199999988E-001,-1.000000015E+030,-1.000000015E+030,-1.000000015E+030,-1.000000015E+030,-1.000000015E+030,2.820000000E+002,2.820000000E+002,2.823333130E+002,2.830714111E+002,2.835000000E+002,2.842765808E+002,2.849148865E+002,2.852769470E+002,2.857384644E+002,3.800000000E+002,2.703507841E-001,2.689922452E-001,2.649165690E-001,2.567652762E-001,2.419947386E-001,2.298545092E-001,2.229688466E-001,2.141905576E-001,2.199999988E-001
era5_layers_adj_nosst,1,0,1,0,4,15,1.000000000E+000,2.925000000E+002,2.902500000E+002,2.925000000E+002,3,17,64,194,-1,-1,-1,-1,-1,2.922500000E+002,2.917500000E+002,2.912500000E+002,2.907500000E+002,-1.000000015E+030,-1.000000015E+030,-1.000000015E+030,-1.000000015E+030,-1.000000015E+030,5.000000000E-001,5.000000000E-001,5.000000000E-001,5.000000000E-001,-1.000000015E+030,-1.000000015E+030,-1.000000015E+030,-1.000000015E+030,-1.000000015E+030,2.925000000E+002,2.925000000E+002,2.924166870E+002,2.922142944E+002,2.920000000E+002,2.916117249E+002,2.912925415E+002,2.911115417E+002,2.908807678E+002,2.902500000E+002,4.820438921E-001,4.820438921E-001,4.820438921E-001,4.820438921E-001,4.820438921E-001,4.820438921E-001,4.820438921E-001,4.820438921E-001,5.000000000E-001
era5_layers_adj_nosst,1,0,1,0,4,16,1.000000000E+000,2.925000000E+002,2.902500000E+002,2.925000000E+002,3,17,64,194,-1,-1,-1,-1,-1,2.922500000E+002,2.917500000E+002,2.912500000E+002,2.907500000E+002,-1.000000015E+030,-1.000000015E+030,-1.000000015E+030,-1.000000015E+030,-1.000000015E+030,4.699999988E-001,4.799999893E-001,4.900000095E-001,5.000000000E-001,-1.000000015E+030,-1.000000015E+030,-1.000000015E+030,-1.000000015E+030,-1.000000015E+030,2.925000000E+002,2.925000000E+002,2.924166870E+002,2.922142944E+002,2.920000000E+002,2.916117249E+002,2.912925415E+002,2.911115417E+002,2.908807678E+002,2.902500000E+002,3.394015431E-001,3.625810444E-001,3.870041370E-001,4.134998918E-001,4.436081946E-001,4.731298983E-001,4.766317010E-001,4.810958803E-001,5.000000000E-001
era5_layers_adj_nosst,1,0,1,0,4,17,1.000000000E+000,3.060000000E+002,2.955000000E+002,3.060000000E+002,3,17,64,194,-1,-1,-1,-1,-1,3.051250000E+002,3.023750000E+002,2.996250000E+002,2.968750000E+002,-1.000000015E+030,-1.000000015E+030,-1.000000015E+030,-1.000000015E+030,-1.000000015E+030,1.718750000E-001,2.031250000E-001,2.343750000E-001,2.656250000E-001,-1.000000015E+030,-1.000000015E+030,-1.000000015E+030,-1.000000015E+030,-1.000000015E+030,3.060000000E+002,3.060000000E+002,3.057083130E+002,3.049285583E+002,3.037500000E+002,3.016143799E+002,2.998590088E+002,2.988634644E+002,2.975942078E+002,2.955000000E+002,1.219559312E-001,1.318442672E-001,1.456878781E-001,1.661237478E-001,1.980492473E-001,2.281092554E-001,2.392466068E-001,2.534452081E-001,2.656250000E-001
era5_layers_adj_nosst,1,0,1,0,4,18,1.000000000E+000,2.700000000E+002,2.755000000E+002,2.700000000E+002,3,17,64,194,-1,-1,-1,-1,-1,2.710625000E+002,2.721875000E+002,2.733125000E+002,2.744375000E+002,-1.000000015E+030,-1.000000015E+030,-1.000000015E+030,-1.000000015E+030,-1.000000015E+030,2.656250000E-001,2.343750000E-001,2.031250000E-001,1.718750000E-001,-1.000000015E+030,-1.000000015E+030,-1.000000015E+030,-1.000000015E+030,-1.000000015E+030,2.700000000E+002,2.700000000E+002,2.703541870E+002,2.711428528E+002,2.716250000E+002,2.724986877E+002,2.732167664E+002,2.736240234E+002,2.741432800E+002,2.755000000E+002,2.558872998E-001,2.537898719E-001,2.474975437E-001,2.349129170E-001,2.121088803E-001,1.933658272E-001,1.827351600E-001,1.691824794E-001,1.718750000E-001
era5_layers_adj_nosst,1,0,1,0,4,19,0.000000000E+000,2.950000000E+002,2.930000000E+002,2.910000000E+002,3,17,64,194,-1,-1,-1,-1,-1,2.950000000E+002,2.940000000E+002,2.930000000E+002,2.920000000E+002,-1.000000015E+030,-1.000000015E+030,-1.000000015E+030,-1.000000015E+030,-1.000000015E+030,3.499999940E-001,3.499999940E-001,3.499999940E-001,3.499999940E-001,-1.000000015E+030,-1.000000015E+030,-1.000000015E+030,-1.000000015E+030,-1.000000015E+030,2.950000000E+002,2.950000000E+002,2.950000000E+002,2.950000000E+002,2.950000000E+002,2.950000000E+002,2.950000000E+002,2.950000000E+002,2.950000000E+002,2.950000000E+002,1.000000000E+000,1.000000000E+000,1.000000000E+000,1.000000000E+000,1.000000000E+000,1.000000000E+000,1.000000000E+000,1.000000000E+000,1.000000000E+000
era5_layers_adj_nosst,1,0,1,0,4,20,0.000000000E+000,2.900000000E+002,2.850000000E+002,2.795000000E+002,3,17,64,194,-1,-1,-1,-1,-1,2.890000000E+002,2.880000000E+002,2.870000000E+002,2.860000000E+002,-1.000000015E+030,-1.000000015E+030,-1.000000015E+030,-1.000000015E+030,-1.000000015E+030,1.000000015E-001,2.000000030E-001,3.000000119E-001,4.000000060E-001,-1.000000015E+030,-1.000000015E+030,-1.000000015E+030,-1.000000015E+030,-1.000000015E+030,2.900000000E+002,2.900000000E+002,2.900000000E+002,2.900000000E+002,2.900000000E+002,2.900000000E+002,2.900000000E+002,2.900000000E+002,2.900000000E+002,2.900000000E+002,1.000000000E+000,1.000000000E+000,1.000000000E+000,1.000000000E+000,1.000000000E+000,1.000000000E+000,1.000000000E+000,1.000000000E+000,1.000000000E+000
era5_layers_noadj_sst,1,0,0,1,4,1,1.000000000E+000,3.010000000E+002,2.870000000E+002,3.010000000E+002,3,17,64,194,-1,-1,-1,-1,-1,3.000000000E+002,2.950000000E+002,2.900000000E+002,2.880000000E+002,-1.000000015E+030,-1.000000015E+030,-1.000000015E+030,-1.000000015E+030,-1.000000015E+030,5.000000075E-002,1.000000015E-001,1.800000072E-001,2.500000000E-001,-1.000000015E+030,-1.000000015E+030,-1.000000015E+030,-1.000000015E+030,-1.000000015E+030,3.010000000E+002,3.010000000E+002,3.006666870E+002,2.996428528E+002,2.975000000E+002,2.936170349E+002,2.904255371E+002,2.894461670E+002,2.885230713E+002,2.870000000E+002,3.928571567E-002,4.285714403E-002,5.357142538E-002,7.500000298E-002,1.221276745E-001,1.731915027E-001,1.993846297E-001,2.316923141E-001,2.500000000E-001
era5_layers_noadj_sst,1,0,0,1,4,2,1.000000000E+000,2.630000000E+002,2.790000000E+002,2.630000000E+002,3,17,64,194,-1,-1,-1,-1,-1,2.650000000E+002,2.700000000E+002,2.750000000E+002,2.800000000E+002,-1.000000015E+030,-1.000000015E+030,-1.000000015E+030,-1.000000015E+030,-1.000000015E+030,3.000000119E-001,2.800000012E-001,2.500000000E-001,2.000000030E-001,-1.000000015E+030,-1.000000015E+030,-1.000000015E+030,-1.000000015E+030,-1.000000015E+030,2.630000000E+002,2.630000000E+002,2.636666565E+002,2.653571167E+002,2.674999695E+002,2.713829956E+002,2.745744629E+002,2.763846436E+002,2.786922913E+002,2.790000000E+002,3.042857349E-001,3.028571606E-001,2.985714376E-001,2.900000215E-001,2.717021406E-001,2.525531948E-001,2.361538410E-001,2.130769193E-001,2.000000030E-001
era5_layers_noadj_sst,1,0,0,1,4,3,1.000000000E+000,2.855000000E+002,2.885000000E+002,2.855000000E+002,3,17,64,194,-1,-1,-1,-1,-1,2.850000000E+002,2.860000000E+002,2.870000000E+002,2.880000000E+002,-1.000000015E+030,-1.000000015E+030,-1.000000015E+030,-1.000000015E+030,-1.000000015E+030,4.499999881E-001,4.600000083E-001,4.699999988E-001,4.799999893E-001,-1.000000015E+030,-1.000000015E+030,-1.000000015E+030,-1.000000015E+030,-1.000000015E+030,2.855000000E+002,2.855000000E+002,2.853333130E+002,2.850714111E+002,2.855000000E+002,2.862765808E+002,2.869148865E+002,2.872769165E+002,2.877384644E+002,2.885000000E+002,4.478571415E-001,4.485714436E-001,4.507142603E-001,4.550000429E-001,4.627659917E-001,4.691489637E-001,4.727692604E-001,4.773846269E-001,4.799999893E-001
era5_layers_noadj_sst,1,0,0,1,4,4,1.000000000E+000,3.120000000E+002,2.930000000E+002,3.120000000E+002,3,17,64,194,-1,-1,-1,-1,-1,3.100000000E+002,3.050000000E+002,3.000000000E+002,2.950000000E+002,-1.000000015E+030,-1.000000015E+030,-1.000000015E+030,-1.000000015E+030,-1.000000015E+030,4.999999888E-003,4.000000190E-003,3.000000026E-003,2.000000095E-003,-1.000000015E+030,-1.000000015E+030,-1.000000015E+030,-1.000000015E+030,-1.000000015E+030,3.120000000E+002,3.120000000E+002,3.113333435E+002,3.096428528E+002,3.075000305E+002,3.036170349E+002,3.004255066E+002,2.986153870E+002,2.963076782E+002,2.930000000E+002,5.214285571E-003,5.142856855E-003,4.928571172E-003,4.500000272E-003,3.723404603E-003,3.085106378E-003,2.723077079E-003,2.261538524E-003,2.000000095E-003
era5_layers_noadj_sst,1,0,0,1,4,5,1.000000000E+000,3.020000000E+002,2.920000000E+002,3.020000000E+002,3,17,64,194,-1,-1,-1,-1,-1,3.015000000E+002,2.995000000E+002,2.975000000E+002,2.935000000E+002,-1.000000015E+030,-1.000000015E+030,-1.000000015E+030,-1.000000015E+030,-1.000000015E+030,1.000000047E-003,2.000000095E-003,3.000000026E-003,4.000000190E-003,-1.000000015E+030,-1.000000015E+030,-1.000000015E+030,-1.000000015E+030,-1.000000015E+030,3.020000000E+002,3.020000000E+002,3.018333435E+002,3.013571167E+002,3.005000000E+002,2.989468384E+002,2.976702271E+002,2.963923035E+002,2.945461731E+002,2.920000000E+002,7.857143064E-004,8.571428480E-004,1.071428647E-003,1.500000013E-003,2.276595915E-003,2.914893674E-003,3.276923206E-003,3.738461761E-003,4.000000190E-003
era5_layers_noadj_sst,1,0,0,1,4,6,1.000000000E+000,2.480000000E+002,2.680000000E+002,2.480000000E+002,3,17,64,194,-1,-1,-1,-1,-1,2.500000000E+002,2.550000000E+002,2.600000000E+002,2.650000000E+002,-1.000000015E+030,-1.000000015E+030,-1.000000015E+030,-1.000000015E+030,-1.000000015E+030,1.500000060E-001,1.599999964E-001,1.400000006E-001,1.299999952E-001,-1.000000015E+030,-1.000000015E+030,-1.000000015E+030,-1.000000015E+030,-1.000000015E+030,2.480000000E+002,2.480000000E+002,2.486666718E+002,2.503571320E+002,2.524999847E+002,2.563829956E+002,2.595744629E+002,2.613846130E+002,2.636923218E+002,2.680000000E+002,1.478571445E-001,1.485714465E-001,1.507142782E-001,1.550000012E-001,1.544680744E-001,1.417021304E-001,1.372307688E-001,1.326153874E-001,1.299999952E-001
era5_layers_noadj_sst,1,0,0,1,4,7,1.000000000E+000,2.900000000E+002,2.900000000E+002,2.900000000E+002,3,17,64,194,-1,-1,-1,-1,-1,2.900000000E+002,2.900000000E+002,2.900000000E+002,2.900000000E+002,-1.000000015E+030,-1.000000015E+030,-1.000000015E+030,-1.000000015E+030,-1.000000015E+030,2.000000030E-001,2.000000030E-001,2.000000030E-001,2.000000030E-001,-1.000000015E+030,-1.000000015E+030,-1.000000015E+030,-1.000000015E+030,-1.000000015E+030,2.900000000E+002,2.900000000E+002,2.900000000E+002,2.900000000E+002,2.900000000E+002,2.900000000E+002,2.900000000E+002,2.899999695E+002,2.900000000E+002,2.900000000E+002,2.000000030E-001,2.000000030E-001,1.999999881E-001,2.000000030E-001,2.000000030E-001,2.000000030E-001,2.000000030E-001,2.000000030E-001,2.000000030E-001
era5_layers_noadj_sst,1,0,0,1,4,8,1.000000000E+000,3.250000000E+002,2.780000000E+002,3.250000000E+002,3,17,64,194,-1,-1,-1,-1,-1,3.200000000E+002,3.000000000E+002,2.850000000E+002,2.800000000E+002,-1.000000015E+030,-1.000000015E+030,-1.000000015E+030,-1.000000015E+030,-1.000000015E+030,1.999999955E-002,3.000000119E-001,4.000000060E-001,4.499999881E-001,-1.000000015E+030,-1.000000015E+030,-1.000000015E+030,-1.000000015E+030,-1.000000015E+030,3.250000000E+002,3.250000000E+002,3.233333435E+002,3.185714111E+002,3.100000000E+002,2.958510437E+002,2.862765808E+002,2.836153870E+002,2.813076782E+002,2.780000000E+002,-3.999999911E-002,-1.999999955E-002,3.999999911E-002,1.600000113E-001,3.276596069E-001,3.914893866E-001,4.138461351E-001,4.369230568E-001,4.499999881E-001
era5_layers_noadj_sst,1,0,0,1,4,9,1.000000000E+000,2.680000000E+002,3.020000000E+002,2.680000000E+002,3,17,64,194,-1,-1,-1,-1,-1,2.700000000E+002,2.800000000E+002,2.900000000E+002,3.000000000E+002,-1.000000015E+030,-1.000000015E+030,-1.000000015E+030,-1.000000015E+030,-1.000000015E+030,4.000000060E-001,3.000000119E-001,2.000000030E-001,1.000000015E-001,-1.000000015E+030,-1.000000015E+030,-1.000000015E+030,-1.000000015E+030,-1.000000015E+030,2.680000000E+002,2.680000000E+002,2.686666565E+002,2.707142639E+002,2.750000000E+002,2.827659607E+002,2.891489563E+002,2.927692261E+002,2.973846130E+002,3.020000000E+002,4.214285612E-001,4.142856896E-001,3.928571045E-001,3.500000238E-001,2.723404467E-001,2.085106373E-001,1.723076850E-001,1.261538565E-001,1.000000015E-001
era5_layers_noadj_sst,1,0,0,1,4,10,1.000000000E+000,2.875000000E+002,2.900000000E+002,2.875000000E+002,3,17,64,194,-1,-1,-1,-1,-1,2.880000000E+002,2.885000000E+002,2.890000000E+002,2.895000000E+002,-1.000000015E+030,-1.000000015E+030,-1.000000015E+030,-1.000000015E+030,-1.000000015E+030,0.000000000E+000,0.000000000E+000,0.000000000E+000,0.000000000E+000,-1.000000015E+030,-1.000000015E+030,-1.000000015E+030,-1.000000015E+030,-1.000000015E+030,2.875000000E+002,2.875000000E+002,2.876666870E+002,2.880357056E+002,2.882500000E+002,2.886383057E+002,2.889574585E+002,2.891384583E+002,2.893692322E+002,2.900000000E+002,0.000000000E+000,0.000000000E+000,0.000000000E+000,0.000000000E+000,0.000000000E+000,0.000000000E+000,0.000000000E+000,0.000000000E+000,0.000000000E+000
era5_layers_noadj_sst,1,0,0,1,4,11,1.000000000E+000,3.100000000E+002,2.810000000E+002,3.100000000E+002,3,17,64,194,-1,-1,-1,-1,-1,2.752999878E+002,2.767000122E+002,2.781000061E+002,2.798999939E+002,-1.000000015E+030,-1.000000015E+030,-1.000000015E+030,-1.000000015E+030,-1.000000015E+030,1.199999973E-001,1.400000006E-001,1.599999964E-001,1.800000072E-001,-1.000000015E+030,-1.000000015E+030,-1.000000015E+030,-1.000000015E+030,-1.000000015E+030,3.100000000E+002,3.100000000E+002,2.984333191E+002,2.753999634E+002,2.760000000E+002,2.770872498E+002,2.779808655E+002,2.785984802E+002,2.794292297E+002,2.810000000E+002,1.157142818E-001,1.171428561E-001,1.214285642E-001,1.299999952E-001,1.455319077E-001,1.582978815E-001,1.655384600E-001,1.747692525E-001,1.800000072E-001
era5_layers_noadj_sst,1,0,0,1,4,12,1.000000000E+000,2.600000000E+002,2.945000000E+002,2.600000000E+002,3,17,64,194,-1,-1,-1,-1,-1,2.983999939E+002,2.972000122E+002,2.961000061E+002,2.952999878E+002,-1.000000015E+030,-1.000000015E+030,-1.000000015E+030,-1.000000015E+030,-1.000000015E+030,3.300000131E-001,3.100000024E-001,2.899999917E-001,2.700000107E-001,-1.000000015E+030,-1.000000015E+030,-1.000000015E+030,-1.000000015E+030,-1.000000015E+030,2.600000000E+002,2.600000000E+002,2.728000183E+002,2.983142700E+002,2.978000183E+002,2.968957520E+002,2.961936340E+002,2.958784790E+002,2.955092163E+002,2.945000000E+002,3.342857361E-001,3.328571916E-001,3.285714388E-001,3.200000226E-001,3.044680953E-001,2.917021215E-001,2.844615281E-001,2.752307653E-001,2.700000107E-001
era5_layers_noadj_sst,1,0,0,1,4,13,1.000000000E+000,2.820000000E+002,2.000000000E+002,2.820000000E+002,3,17,64,194,-1,-1,-1,-1,-1,2.830000000E+002,2.840000000E+002,2.850000000E+002,2.860000000E+002,-1.000000015E+030,-1.000000015E+030,-1.000000015E+030,-1.000000015E+030,-1.000000015E+030,2.199999988E-001,2.399999946E-001,2.599999905E-001,2.800000012E-001,-1.000000015E+030,-1.000000015E+030,-1.000000015E+030,-1.000000015E+030,-1.000000015E+030,2.820000000E+002,2.820000000E+002,2.823333130E+002,2.830714111E+002,2.835000000E+002,2.842765808E+002,2.849148865E+002,2.852769470E+002,2.857384644E+002,2.000000000E+002,2.157142907E-001,2.171428651E-001,2.214285582E-001,2.300000042E-001,2.455319315E-001,2.582978606E-001,2.655384541E-001,2.747692466E-001,2.800000012E-001
era5_layers_noadj_sst,1,0,0,1,4,14,1.000000000E+000,2.820000000E+002,3.800000000E+002,2.820000000E+002,3,17,64,194,-1,-1,-1,-1,-1,2.830000000E+002,2.840000000E+002,2.850000000E+002,2.860000000E+002,-1.000000015E+030,-1.000000015E+030,-1.000000015E+030,-1.000000015E+030,-1.000000015E+030,2.800000012E-001,2.599999905E-001,2.399999946E-001,2.199999988E-001,-1.000000015E+030,-1.000000015E+030,-1.000000015E+030,-1.000000015E+030,-1.000000015E+030,2.820000000E+002,2.820000000E+002,2.823333130E+002,2.830714111E+002,2.835000000E+002,2.842765808E+002,2.849148865E+002,2.852769470E+002,2.857384644E+002,3.800000000E+002,2.842857242E-001,2.828571498E-001,2.785713971E-001,2.699999809E-001,2.544680834E-001,2.417021096E-001,2.344615310E-001,2.252307683E-001,2.199999988E-001
era5_layers_noadj_sst,1,0,0,1,4,15,1.000000000E+000,2.925000000E+002,2.902500000E+002,2.925000000E+002,3,17,64,194,-1,-1,-1,-1,-1,2.922500000E+002,2.917500000E+002,2.912500000E+002,2.907500000E+002,-1.000000015E+030,-1.000000015E+030,-1.000000015E+030,-1.000000015E+030,-1.000000015E+030,5.000000000E-001,5.000000000E-001,5.000000000E-001,5.000000000E-001,-1.000000015E+030,-1.000000015E+030,-1.000000015E+030,-1.000000015E+030,-1.000000015E+030,2.925000000E+002,2.925000000E+002,2.924166870E+002,2.922142944E+002,2.920000000E+002,2.916117249E+002,2.912925415E+002,2.911115417E+002,2.908807678E+002,2.902500000E+002,5.000000000E-001,5.000000000E-001,5.000000000E-001,5.000000000E-001,5.000000000E-001,5.000000000E-001,5.000000000E-001,5.000000000E-001,5.000000000E-001
era5_layers_noadj_sst,1,0,0,1,4,16,1.000000000E+000,2.925000000E+002,2.902500000E+002,2.925000000E+002,3,17,64,194,-1,-1,-1,-1,-1,2.922500000E+002,2.917500000E+002,2.912500000E+002,2.907500000E+002,-1.000000015E+030,-1.000000015E+030,-1.000000015E+030,-1.000000015E+030,-1.000000015E+030,4.699999988E-001,4.799999893E-001,4.900000095E-001,5.000000000E-001,-1.000000015E+030,-1.000000015E+030,-1.000000015E+030,-1.000000015E+030,-1.000000015E+030,2.925000000E+002,2.925000000E+002,2.924166870E+002,2.922142944E+002,2.920000000E+002,2.916117249E+002,2.912925415E+002,2.911115417E+002,2.908807678E+002,2.902500000E+002,4.678571522E-001,4.685714245E-001,4.707142711E-001,4.749999940E-001,4.827659726E-001,4.891489446E-001,4.927692711E-001,4.973846078E-001,5.000000000E-001
era5_layers_noadj_sst,1,0,0,1,4,17,1.000000000E+000,3.060000000E+002,2.955000000E+002,3.060000000E+002,3,17,64,194,-1,-1,-1,-1,-1,3.051250000E+002,3.023750000E+002,2.996250000E+002,2.968750000E+002,-1.000000015E+030,-1.000000015E+030,-1.000000015E+030,-1.000000015E+030,-1.000000015E+030,1.718750000E-001,2.031250000E-001,2.343750000E-001,2.656250000E-001,-1.000000015E+030,-1.000000015E+030,-1.000000015E+030,-1.000000015E+030,-1.000000015E+030,3.060000000E+002,3.060000000E+002,3.057083130E+002,3.049285583E+002,3.037500000E+002,3.016143799E+002,2.998590088E+002,2.988634644E+002,2.975942078E+002,2.955000000E+002,1.651785672E-001,1.674107164E-001,1.741071343E-001,1.875000000E-001,2.117686272E-001,2.317154408E-001,2.430288494E-001,2.574519217E-001,2.656250000E-001
era5_layers_noadj_sst,1,0,0,1,4,18,1.000000000E+000,2.700000000E+002,2.755000000E+002,2.700000000E+002,3,17,64,194,-1,-1,-1,-1,-1,2.710625000E+002,2.721875000E+002,2.733125000E+002,2.744375000E+002,-1.000000015E+030,-1.000000015E+030,-1.000000015E+030,-1.000000015E+030,-1.000000015E+030,2.656250000E-001,2.343750000E-001,2.031250000E-001,1.718750000E-001,-1.000000015E+030,-1.000000015E+030,-1.000000015E+030,-1.000000015E+030,-1.000000015E+030,2.700000000E+002,2.700000000E+002,2.703541870E+002,2.711428528E+002,2.716250000E+002,2.724986877E+002,2.732167664E+002,2.736240234E+002,2.741432800E+002,2.755000000E+002,2.723214328E-001,2.700892985E-001,2.633928657E-001,2.500000000E-001,2.257313877E-001,2.057845742E-001,1.944711506E-001,1.800480783E-001,1.718750000E-001
era5_layers_noadj_sst,1,0,0,1,4,19,0.000000000E+000,2.950000000E+002,2.930000000E+002,2.910000000E+002,3,17,64,194,-1,-1,-1,-1,-1,2.950000000E+002,2.940000000E+002,2.930000000E+002,2.920000000E+002,-1.000000015E+030,-1.000000015E+030,-1.000000015E+030,-1.000000015E+030,-1.000000015E+030,3.499999940E-001,3.499999940E-001,3.499999940E-001,3.499999940E-001,-1.000000015E+030,-1.000000015E+030,-1.000000015E+030,-1.000000015E+030,-1.000000015E+030,2.910000000E+002,2.910000000E+002,2.910000000E+002,2.910000000E+002,2.910000000E+002,2.910000000E+002,2.910000000E+002,2.910000000E+002,2.910000000E+002,2.910000000E+002,1.000000000E+000,1.000000000E+000,1.000000000E+000,1.000000000E+000,1.000000000E+000,1.000000000E+000,1.000000000E+000,1.000000000E+000,1.000000000E+000
era5_layers_noadj_sst,1,0,0,1,4,20,0.000000000E+000,2.900000000E+002,2.850000000E+002,2.795000000E+002,3,17,64,194,-1,-1,-1,-1,-1,2.890000000E+002,2.880000000E+002,2.870000000E+002,2.860000000E+002,-1.000000015E+030,-1.000000015E+030,-1.000000015E+030,-1.000000015E+030,-1.000000015E+030,1.000000015E-001,2.000000030E-001,3.000000119E-001,4.000000060E-001,-1.000000015E+030,-1.000000015E+030,-1.000000015E+030,-1.000000015E+030,-1.000000015E+030,2.795000000E+002,2.795000000E+002,2.795000000E+002,2.795000000E+002,2.795000000E+002,2.795000000E+002,2.795000000E+002,2.795000000E+002,2.795000000E+002,2.795000000E+002,1.000000000E+000,1.000000000E+000,1.000000000E+000,1.000000000E+000,1.000000000E+000,1.000000000E+000,1.000000000E+000,1.000000000E+000,1.000000000E+000
noah_layers_adj_nosst,1,0,1,0,4,1,1.000000000E+000,3.010000000E+002,2.870000000E+002,3.010000000E+002,5,25,70,150,-1,-1,-1,-1,-1,3.000000000E+002,2.950000000E+002,2.900000000E+002,2.880000000E+002,-1.000000015E+030,-1.000000015E+030,-1.000000015E+030,-1.000000015E+030,-1.000000015E+030,5.000000075E-002,1.000000015E-001,1.800000072E-001,2.500000000E-001,-1.000000015E+030,-1.000000015E+030,-1.000000015E+030,-1.000000015E+030,-1.000000015E+030,3.010000000E+002,3.010000000E+002,3.007999878E+002,3.002000122E+002,2.987500000E+002,2.944444580E+002,2.911111145E+002,2.892500000E+002,2.879333191E+002,2.870000000E+002,2.793568745E-002,3.178460896E-002,4.010323435E-002,5.587138236E-002,1.027481556E-001,1.611303091E-001,2.048617154E-001,2.483172268E-001,2.500000000E-001
noah_layers_adj_nosst,1,0,1,0,4,2,1.000000000E+000,2.630000000E+002,2.790000000E+002,2.630000000E+002,5,25,70,150,-1,-1,-1,-1,-1,2.650000000E+002,2.700000000E+002,2.750000000E+002,2.800000000E+002,-1.000000015E+030,-1.000000015E+030,-1.000000015E+030,-1.000000015E+030,-1.000000015E+030,3.000000119E-001,2.800000012E-001,2.500000000E-001,2.000000030E-001,-1.000000015E+030,-1.000000015E+030,-1.000000015E+030,-1.000000015E+030,-1.000000015E+030,2.630000000E+002,2.630000000E+002,2.633999634E+002,2.645999756E+002,2.662500000E+002,2.705555420E+002,2.738888855E+002,2.768750000E+002,2.799333191E+002,2.790000000E+002,2.916629612E-001,2.907066643E-001,2.878378630E-001,2.821002007E-001,2.645685673E-001,2.454431057E-001,2.211378813E-001,1.912543774E-001,2.000000030E-001
noah_layers_adj_nosst,1,0,1,0,4,3,1.000000000E+000,2.855000000E+002,2.885000000E+002,2.855000000E+002,5,25,70,150,-1,-1,-1,-1,-1,2.850000000E+002,2.860000000E+002,2.870000000E+002,2.880000000E+002,-1.000000015E+030,-1.000000015E+030,-1.000000015E+030,-1.000000015E+030,-1.000000015E+030,4.499999881E-001,4.600000083E-001,4.699999988E-001,4.799999893E-001,-1.000000015E+030,-1.000000015E+030,-1.000000015E+030,-1.000000015E+030,-1.000000015E+030,2.855000000E+002,2.855000000E+002,2.853999939E+002,2.851000061E+002,2.852500000E+002,2.861111145E+002,2.867777710E+002,2.873750000E+002,2.880333252E+002,2.885000000E+002,3.241368532E-001,3.461322486E-001,3.689968884E-001,3.933101594E-001,4.230612814E-001,4.517661631E-001,4.575339258E-001,4.635700285E-001,4.799999893E-001
noah_layers_adj_nosst,1,0,1,0,4,4,1.000000000E+000,3.120000000E+002,2.930000000E+002,3.120000000E+002,5,25,70,150,-1,-1,-1,-1,-1,3.100000000E+002,3.050000000E+002,3.000000000E+002,2.950000000E+002,-1.000000015E+030,-1.000000015E+030,-1.000000015E+030,-1.000000015E+030,-1.000000015E+030,4.999999888E-003,4.000000190E-003,3.000000026E-003,2.000000095E-003,-1.000000015E+030,-1.000000015E+030,-1.000000015E+030,-1.000000015E+030,-1.000000015E+030,3.120000000E+002,3.120000000E+002,3.116000061E+002,3.103999939E+002,3.087500000E+002,3.044444580E+002,3.011111145E+002,2.981250000E+002,2.948666687E+002,2.930000000E+002,1.999999955E-002,1.999999955E-002,1.999999955E-002,1.999999955E-002,1.999999955E-002,1.999999955E-002,1.999999955E-002,1.999999955E-002,2.000000095E-003
noah_layers_adj_nosst,1,0,1,0,4,5,1.000000000E+000,3.020000000E+002,2.920000000E+002,3.020000000E+002,5,25,70,150,-1,-1,-1,-1,-1,3.015000000E+002,2.995000000E+002,2.975000000E+002,2.935000000E+002,-1.000000015E+030,-1.000000015E+030,-1.000000015E+030,-1.000000015E+030,-1.000000015E+030,1.000000047E-003,2.000000095E-003,3.000000026E-003,4.000000190E-003,-1.000000015E+030,-1.000000015E+030,-1.000000015E+030,-1.000000015E+030,-1.000000015E+030,3.020000000E+002,3.020000000E+002,3.018999939E+002,3.016000061E+002,3.010000305E+002,2.992778015E+002,2.979444580E+002,2.960000000E+002,2.933999939E+002,2.920000000E+002,1.999999955E-002,1.999999955E-002,1.999999955E-002,1.999999955E-002,1.999999955E-002,1.999999955E-002,1.999999955E-002,1.999999955E-002,4.000000190E-003
noah_layers_adj_nosst,1,0,1,0,4,6,1.000000000E+000,2.480000000E+002,2.680000000E+002,2.480000000E+002,5,25,70,150,-1,-1,-1,-1,-1,2.500000000E+002,2.550000000E+002,2.600000000E+002,2.650000000E+002,-1.000000015E+030,-1.000000015E+030,-1.000000015E+030,-1.000000015E+030,-1.000000015E+030,1.500000060E-001,1.599999964E-001,1.400000006E-001,1.299999952E-001,-1.000000015E+030,-1.000000015E+030,-1.000000015E+030,-1.000000015E+030,-1.000000015E+030,2.480000000E+002,2.480000153E+002,2.483999939E+002,2.496000061E+002,2.512500000E+002,2.555555420E+002,2.588888855E+002,2.618750000E+002,2.652000122E+002,2.680000000E+002,1.059244573E-001,1.133690849E-001,1.216754764E-001,1.314181238E-001,1.435199827E-001,1.383068711E-001,1.304606050E-001,1.244761795E-001,1.299999952E-001
noah_layers_adj_nosst,1,0,1,0,4,7,1.000000000E+000,2.900000000E+002,2.900000000E+002,2.900000000E+002,5,25,70,150,-1,-1,-1,-1,-1,2.900000000E+002,2.900000000E+002,2.900000000E+002,2.900000000E+002,-1.000000015E+030,-1.000000015E+030,-1.000000015E+030,-1.000000015E+030,-1.000000015E+030,2.000000030E-001,2.000000030E-001,2.000000030E-001,2.000000030E-001,-1.000000015E+030,-1.000000015E+030,-1.000000015E+030,-1.000000015E+030,-1.000000015E+030,2.900000000E+002,2.900000000E+002,2.899999695E+002,2.900000000E+002,2.900000000E+002,2.900000000E+002,2.900000000E+002,2.900000000E+002,2.900000000E+002,2.900000000E+002,1.928175837E-001,1.928175837E-001,1.928175837E-001,1.928175837E-001,1.928175837E-001,1.928175837E-001,1.928175688E-001,1.928175837E-001,2.000000030E-001
noah_layers_adj_nosst,1,0,1,0,4,8,1.000000000E+000,3.250000000E+002,2.780000000E+002,3.250000000E+002,5,25,70,150,-1,-1,-1,-1,-1,3.200000000E+002,3.000000000E+002,2.850000000E+002,2.800000000E+002,-1.000000015E+030,-1.000000015E+030,-1.000000015E+030,-1.000000015E+030,-1.000000015E+030,1.999999955E-002,3.000000119E-001,4.000000060E-001,4.499999881E-001,-1.000000015E+030,-1.000000015E+030,-1.000000015E+030,-1.000000015E+030,-1.000000015E+030,3.250000000E+002,3.250000000E+002,3.240000000E+002,3.209999695E+002,3.150000000E+002,2.983333435E+002,2.883333435E+002,2.831250000E+002,2.798666687E+002,2.780000000E+002,1.999999955E-002,1.999999955E-002,1.999999955E-002,8.998006582E-002,3.110422194E-001,3.776941001E-001,4.186572731E-001,4.499003291E-001,4.499999583E-001
noah_layers_adj_nosst,1,0,1,0,4,9,1.000000000E+000,2.680000000E+002,3.020000000E+002,2.680000000E+002,5,25,70,150,-1,-1,-1,-1,-1,2.700000000E+002,2.800000000E+002,2.900000000E+002,3.000000000E+002,-1.000000015E+030,-1.000000015E+030,-1.000000015E+030,-1.000000015E+030,-1.000000015E+030,4.000000060E-001,3.000000119E-001,2.000000030E-001,1.000000015E-001,-1.000000015E+030,-1.000000015E+030,-1.000000015E+030,-1.000000015E+030,-1.000000015E+030,2.680000000E+002,2.680000000E+002,2.683999634E+002,2.696000061E+002,2.725000000E+002,2.811111145E+002,2.877777710E+002,2.937500000E+002,3.001333313E+002,3.020000000E+002,3.907887936E-001,3.861912787E-001,3.723987639E-001,3.448136449E-001,2.656342089E-001,2.043340057E-001,1.494192481E-001,9.195031226E-002,1.000000015E-001
noah_layers_adj_nosst,1,0,1,0,4,10,1.000000000E+000,2.875000000E+002,2.900000000E+002,2.875000000E+002,5,25,70,150,-1,-1,-1,-1,-1,2.880000000E+002,2.885000000E+002,2.890000000E+002,2.895000000E+002,-1.000000015E+030,-1.000000015E+030,-1.000000015E+030,-1.000000015E+030,-1.000000015E+030,0.000000000E+000,0.000000000E+000,0.000000000E+000,0.000000000E+000,-1.000000015E+030,-1.000000015E+030,-1.000000015E+030,-1.000000015E+030,-1.000000015E+030,2.875000000E+002,2.875000000E+002,2.876000061E+002,2.878999939E+002,2.881250000E+002,2.885555420E+002,2.888888855E+002,2.891875000E+002,2.895333252E+002,2.900000000E+002,1.999999955E-002,1.999999955E-002,1.999999955E-002,1.999999955E-002,1.999999955E-002,1.999999955E-002,1.999999955E-002,1.999999955E-002,0.000000000E+000
noah_layers_adj_nosst,1,0,1,0,4,11,1.000000000E+000,3.100000000E+002,2.810000000E+002,3.100000000E+002,5,25,70,150,-1,-1,-1,-1,-1,2.752999878E+002,2.767000122E+002,2.781000061E+002,2.798999939E+002,-1.000000015E+030,-1.000000015E+030,-1.000000015E+030,-1.000000015E+030,-1.000000015E+030,1.199999973E-001,1.400000006E-001,1.599999964E-001,1.800000072E-001,-1.000000015E+030,-1.000000015E+030,-1.000000015E+030,-1.000000015E+030,-1.000000015E+030,3.100000000E+002,3.100000000E+002,3.030599976E+002,2.822399902E+002,2.756499939E+002,2.768555908E+002,2.777888794E+002,2.787749939E+002,2.799733276E+002,2.810000000E+002,8.398666978E-002,9.036478400E-002,9.849568456E-002,1.095478386E-001,1.315655708E-001,1.514735371E-001,1.631045640E-001,1.752765328E-001,1.800000072E-001
noah_layers_adj_nosst,1,0,1,0,4,12,1.000000000E+000,2.600000000E+002,2.945000000E+002,2.600000000E+002,5,25,70,150,-1,-1,-1,-1,-1,2.983999939E+002,2.972000122E+002,2.961000061E+002,2.952999878E+002,-1.000000015E+030,-1.000000015E+030,-1.000000015E+030,-1.000000015E+030,-1.000000015E+030,3.300000131E-001,3.100000024E-001,2.899999917E-001,2.700000107E-001,-1.000000015E+030,-1.000000015E+030,-1.000000015E+030,-1.000000015E+030,-1.000000015E+030,2.600000000E+002,2.600000000E+002,2.676799927E+002,2.907200012E+002,2.981000061E+002,2.970777893E+002,2.963444519E+002,2.957999878E+002,2.952466736E+002,2.945000000E+002,3.211054504E-001,3.201469183E-001,3.172713518E-001,3.115202188E-001,2.950122952E-001,2.822319865E-001,2.707829773E-001,2.588014305E-001,2.700000107E-001
noah_layers_adj_nosst,1,0,1,0,4,13,1.000000000E+000,2.820000000E+002,2.000000000E+002,2.820000000E+002,5,25,70,150,-1,-1,-1,-1,-1,2.830000000E+002,2.840000000E+002,2.850000000E+002,2.860000000E+002,-1.000000015E+030,-1.000000015E+030,-1.000000015E+030,-1.000000015E+030,-1.000000015E+030,2.199999988E-001,2.399999946E-001,2.599999905E-001,2.800000012E-001,-1.000000015E+030,-1.000000015E+030,-1.000000015E+030,-1.000000015E+030,-1.000000015E+030,2.820000000E+002,2.820000000E+002,2.821999817E+002,2.827999878E+002,2.832500000E+002,2.841110840E+002,2.847777710E+002,2.853750000E+002,2.802666626E+002,2.000000000E+002,1.564286649E-001,1.676333249E-001,1.805841625E-001,1.964453012E-001,2.232308239E-001,2.479144782E-001,2.595017850E-001,2.716280818E-001,2.800000012E-001
noah_layers_adj_nosst,1,0,1,0,4,14,1.000000000E+000,2.820000000E+002,3.800000000E+002,2.820000000E+002,5,25,70,150,-1,-1,-1,-1,-1,2.830000000E+002,2.840000000E+002,2.850000000E+002,2.860000000E+002,-1.000000015E+030,-1.000000015E+030,-1.000000015E+030,-1.000000015E+030,-1.000000015E+030,2.800000012E-001,2.599999905E-001,2.399999946E-001,2.199999988E-001,-1.000000015E+030,-1.000000015E+030,-1.000000015E+030,-1.000000015E+030,-1.000000015E+030,2.820000000E+002,2.820000000E+002,2.821999817E+002,2.827999878E+002,2.832500000E+002,2.841110840E+002,2.847777710E+002,2.853750000E+002,2.922666626E+002,3.800000000E+002,2.728427649E-001,2.718854249E-001,2.690133750E-001,2.632693350E-001,2.467817366E-001,2.340171933E-001,2.225822508E-001,2.106154859E-001,2.199999839E-001
noah_layers_adj_nosst,1,0,1,0,4,15,1.000000000E+000,2.925000000E+002,2.902500000E+002,2.925000000E+002,5,25,70,150,-1,-1,-1,-1,-1,2.922500000E+002,2.917500000E+002,2.912500000E+002,2.907500000E+002,-1.000000015E+030,-1.000000015E+030,-1.000000015E+030,-1.000000015E+030,-1.000000015E+030,5.000000000E-001,5.000000000E-001,5.000000000E-001,5.000000000E-001,-1.000000015E+030,-1.000000015E+030,-1.000000015E+030,-1.000000015E+030,-1.000000015E+030,2.925000000E+002,2.925000000E+002,2.924499817E+002,2.922999878E+002,2.921250000E+002,2.916944580E+002,2.913611145E+002,2.910625000E+002,2.907166443E+002,2.902500000E+002,4.820438921E-001,4.820438623E-001,4.820438921E-001,4.820438921E-001,4.820438921E-001,4.820438921E-001,4.820438921E-001,4.820438921E-001,5.000000000E-001
noah_layers_adj_nosst,1,0,1,0,4,16,1.000000000E+000,2.925000000E+002,2.902500000E+002,2.925000000E+002,5,25,70,150,-1,-1,-1,-1,-1,2.922500000E+002,2.917500000E+002,2.912500000E+002,2.907500000E+002,-1.000000015E+030,-1.000000015E+030,-1.000000015E+030,-1.000000015E+030,-1.000000015E+030,4.699999988E-001,4.799999893E-001,4.900000095E-001,5.000000000E-001,-1.000000015E+030,-1.000000015E+030,-1.000000015E+030,-1.000000015E+030,-1.000000015E+030,2.925000000E+002,2.925000000E+002,2.924499817E+002,2.922999878E+002,2.921250000E+002,2.916944580E+002,2.913611145E+002,2.910625000E+002,2.907166443E+002,2.902500000E+002,3.385993838E-001,3.615589738E-001,3.853876889E-001,4.106649458E-001,4.413796067E-001,4.710481763E-001,4.768155515E-001,4.828511775E-001,5.000000000E-001
noah_layers_adj_nosst,1,0,1,0,4,17,1.000000000E+000,3.060000000E+002,2.955000000E+002,3.060000000E+002,5,25,70,150,-1,-1,-1,-1,-1,3.051250000E+002,3.023750000E+002,2.996250000E+002,2.968750000E+002,-1.000000015E+030,-1.000000015E+030,-1.000000015E+030,-1.000000015E+030,-1.000000015E+030,1.718750000E-001,2.031250000E-001,2.343750000E-001,2.656250000E-001,-1.000000015E+030,-1.000000015E+030,-1.000000015E+030,-1.000000015E+030,-1.000000015E+030,3.060000000E+002,3.060000000E+002,3.058250122E+002,3.052999878E+002,3.044375305E+002,3.020694275E+002,3.002361145E+002,2.985937500E+002,2.967833557E+002,2.955000000E+002,1.198950335E-001,1.291060150E-001,1.410574466E-001,1.575763226E-001,1.912399828E-001,2.216049284E-001,2.397900522E-001,2.588210106E-001,2.656250000E-001
noah_layers_adj_nosst,1,0,1,0,4,18,1.000000000E+000,2.700000000E+002,2.755000000E+002,2.700000000E+002,5,25,70,150,-1,-1,-1,-1,-1,2.710625000E+002,2.721875000E+002,2.733125000E+002,2.744375000E+002,-1.000000015E+030,-1.000000015E+030,-1.000000015E+030,-1.000000015E+030,-1.000000015E+030,2.656250000E-001,2.343750000E-001,2.031250000E-001,1.718750000E-001,-1.000000015E+030,-1.000000015E+030,-1.000000015E+030,-1.000000015E+030,-1.000000015E+030,2.700000000E+002,2.700000000E+002,2.702124939E+002,2.708500061E+002,2.713437500E+002,2.723125000E+002,2.730625000E+002,2.737343750E+002,2.745083313E+002,2.755000000E+002,2.601589262E-001,2.586722970E-001,2.542124391E-001,2.452926934E-001,2.196897417E-001,1.998680979E-001,1.821112484E-001,1.635284573E-001,1.718750000E-001
noah_layers_adj_nosst,1,0,1,0,4,19,0.000000000E+000,2.950000000E+002,2.930000000E+002,2.910000000E+002,5,25,70,150,-1,-1,-1,-1,-1,2.950000000E+002,2.940000000E+002,2.930000000E+002,2.920000000E+002,-1.000000015E+030,-1.000000015E+030,-1.000000015E+030,-1.000000015E+030,-1.000000015E+030,3.499999940E-001,3.499999940E-001,3.499999940E-001,3.499999940E-001,-1.000000015E+030,-1.000000015E+030,-1.000000015E+030,-1.000000015E+030,-1.000000015E+030,2.950000000E+002,2.950000000E+002,2.950000000E+002,2.950000000E+002,2.950000000E+002,2.950000000E+002,2.950000000E+002,2.950000000E+002,2.950000000E+002,2.950000000E+002,1.000000000E+000,1.000000000E+000,1.000000000E+000,1.000000000E+000,1.000000000E+000,1.000000000E+000,1.000000000E+000,1.000000000E+000,1.000000000E+000
noah_layers_adj_nosst,1,0,1,0,4,20,0.000000000E+000,2.900000000E+002,2.850000000E+002,2.795000000E+002,5,25,70,150,-1,-1,-1,-1,-1,2.890000000E+002,2.880000000E+002,2.870000000E+002,2.860000000E+002,-1.000000015E+030,-1.000000015E+030,-1.000000015E+030,-1.000000015E+030,-1.000000015E+030,1.000000015E-001,2.000000030E-001,3.000000119E-001,4.000000060E-001,-1.000000015E+030,-1.000000015E+030,-1.000000015E+030,-1.000000015E+030,-1.000000015E+030,2.900000000E+002,2.900000000E+002,2.900000000E+002,2.900000000E+002,2.900000000E+002,2.900000000E+002,2.900000000E+002,2.900000000E+002,2.900000000E+002,2.900000000E+002,1.000000000E+000,1.000000000E+000,1.000000000E+000,1.000000000E+000,1.000000000E+000,1.000000000E+000,1.000000000E+000,1.000000000E+000,1.000000000E+000
ruc_levels_noadj_nosst,0,1,0,0,9,1,1.000000000E+000,3.010000000E+002,2.870000000E+002,3.010000000E+002,0,1,4,10,30,60,100,160,300,3.000000000E+002,2.985656128E+002,2.971124878E+002,2.956406250E+002,2.941499939E+002,2.926406250E+002,2.911124878E+002,2.895656128E+002,2.880000000E+002,5.000000075E-002,7.390625030E-002,9.812500328E-002,1.226562485E-001,1.475000083E-001,1.726562530E-001,1.981250048E-001,2.239062488E-001,2.500000000E-001,3.010000000E+002,3.000000000E+002,2.985656128E+002,2.971125183E+002,2.956406250E+002,2.941499939E+002,2.926406250E+002,2.911124878E+002,2.895656128E+002,2.880000000E+002,5.000000447E-002,7.390625030E-002,9.812500328E-002,1.226562485E-001,1.475000083E-001,1.726562530E-001,1.981250197E-001,2.239062488E-001,2.500000000E-001
ruc_levels_noadj_nosst,0,1,0,0,9,2,1.000000000E+000,2.630000000E+002,2.790000000E+002,2.630000000E+002,0,1,4,10,30,60,100,160,300,2.650000000E+002,2.668750000E+002,2.687500000E+002,2.706250000E+002,2.725000000E+002,2.743750000E+002,2.762500000E+002,2.781250000E+002,2.800000000E+002,3.000000119E-001,2.875000238E-001,2.750000060E-001,2.625000179E-001,2.500000000E-001,2.375000119E-001,2.250000089E-001,2.125000060E-001,2.000000030E-001,2.630000000E+002,2.650000000E+002,2.668750000E+002,2.687500000E+002,2.706250000E+002,2.725000000E+002,2.743750000E+002,2.762500000E+002,2.781250000E+002,2.800000000E+002,3.000000119E-001,2.875000238E-001,2.750000060E-001,2.625000179E-001,2.500000000E-001,2.375000119E-001,2.250000089E-001,2.125000060E-001,2.000000030E-001
ruc_levels_noadj_nosst,0,1,0,0,9,3,1.000000000E+000,2.855000000E+002,2.885000000E+002,2.855000000E+002,0,1,4,10,30,60,100,160,300,2.850000000E+002,2.853914185E+002,2.857781372E+002,2.861601562E+002,2.865375061E+002,2.869101562E+002,2.872781372E+002,2.876414185E+002,2.880000000E+002,4.499999881E-001,4.539140463E-001,4.577812254E-001,4.616015255E-001,4.653749764E-001,4.691015482E-001,4.727812409E-001,4.764140546E-001,4.799999893E-001,2.855000000E+002,2.850000000E+002,2.853914185E+002,2.857781372E+002,2.861601868E+002,2.865375061E+002,2.869101562E+002,2.872781372E+002,2.876414185E+002,2.880000000E+002,4.499999881E-001,4.539140463E-001,4.577812254E-001,4.616015553E-001,4.653750062E-001,4.691015482E-001,4.727812409E-001,4.764140546E-001,4.799999893E-001
ruc_levels_noadj_nosst,0,1,0,0,9,4,1.000000000E+000,3.120000000E+002,2.930000000E+002,3.120000000E+002,0,1,4,10,30,60,100,160,300,3.100000000E+002,3.079609375E+002,3.059687500E+002,3.040234375E+002,3.021250000E+002,3.002734375E+002,2.984687500E+002,2.967109375E+002,2.950000000E+002,4.999999888E-003,4.592187703E-003,4.193749744E-003,3.804687411E-003,3.425000003E-003,3.054687520E-003,2.693749964E-003,2.342187567E-003,2.000000095E-003,3.120000000E+002,3.100000000E+002,3.079609375E+002,3.059687500E+002,3.040234375E+002,3.021250000E+002,3.002734375E+002,2.984687500E+002,2.967109375E+002,2.950000000E+002,4.999999888E-003,4.592187703E-003,4.193749744E-003,3.804687411E-003,3.424999770E-003,3.054687520E-003,2.693749964E-003,2.342187567E-003,2.000000095E-003
ruc_levels_noadj_nosst,0,1,0,0,9,5,1.000000000E+000,3.020000000E+002,2.920000000E+002,3.020000000E+002,0,1,4,10,30,60,100,160,300,3.015000000E+002,3.005874939E+002,2.996499939E+002,2.986875000E+002,2.977000122E+002,2.966875000E+002,2.956499939E+002,2.945874939E+002,2.935000000E+002,1.000000047E-003,1.342187519E-003,1.693750033E-003,2.054687589E-003,2.424999839E-003,2.804687712E-003,3.193750046E-003,3.592187306E-003,4.000000190E-003,3.020000000E+002,3.015000000E+002,3.005874939E+002,2.996499939E+002,2.986875000E+002,2.977000122E+002,2.966875000E+002,2.956499939E+002,2.945874939E+002,2.935000000E+002,1.000000047E-003,1.342187519E-003,1.693750033E-003,2.054687589E-003,2.424999839E-003,2.804687712E-003,3.193750046E-003,3.592187539E-003,4.000000190E-003
ruc_levels_noadj_nosst,0,1,0,0,9,6,1.000000000E+000,2.480000000E+002,2.680000000E+002,2.480000000E+002,0,1,4,10,30,60,100,160,300,2.500000000E+002,2.517929688E+002,2.536093750E+002,2.554492188E+002,2.573125000E+002,2.591992188E+002,2.611093750E+002,2.630429688E+002,2.650000000E+002,1.500000060E-001,1.476093829E-001,1.451875120E-001,1.427343786E-001,1.402499974E-001,1.377343833E-001,1.351874918E-001,1.326093674E-001,1.299999952E-001,2.480000000E+002,2.500000000E+002,2.517929535E+002,2.536093750E+002,2.554492188E+002,2.573125000E+002,2.591992188E+002,2.611093750E+002,2.630429688E+002,2.650000000E+002,1.500000060E-001,1.476093829E-001,1.451875120E-001,1.427343786E-001,1.402499974E-001,1.377343833E-001,1.351874918E-001,1.326093674E-001,1.299999952E-001
ruc_levels_noadj_nosst,0,1,0,0,9,7,1.000000000E+000,2.900000000E+002,2.900000000E+002,2.900000000E+002,0,1,4,10,30,60,100,160,300,2.900000000E+002,2.900000000E+002,2.900000000E+002,2.900000000E+002,2.900000000E+002,2.900000000E+002,2.900000000E+002,2.900000000E+002,2.900000000E+002,2.000000030E-001,2.000000030E-001,2.000000030E-001,2.000000030E-001,2.000000030E-001,2.000000030E-001,2.000000030E-001,2.000000030E-001,2.000000030E-001,2.900000000E+002,2.900000000E+002,2.900000000E+002,2.900000000E+002,2.900000000E+002,2.900000000E+002,2.900000000E+002,2.900000000E+002,2.900000000E+002,2.900000000E+002,2.000000179E-001,2.000000179E-001,2.000000030E-001,2.000000030E-001,2.000000030E-001,2.000000030E-001,2.000000030E-001,2.000000030E-001,2.000000030E-001
ruc_levels_noadj_nosst,0,1,0,0,9,8,1.000000000E+000,3.250000000E+002,2.780000000E+002,3.250000000E+002,0,1,4,10,30,60,100,160,300,3.200000000E+002,3.147812500E+002,3.096250000E+002,3.045312500E+002,2.995000000E+002,2.945312500E+002,2.896250000E+002,2.847812500E+002,2.800000000E+002,1.999999955E-002,7.610155642E-002,1.315312535E-001,1.862890571E-001,2.403749824E-001,2.937890589E-001,3.465312421E-001,3.986015320E-001,4.499999881E-001,3.250000000E+002,3.200000000E+002,3.147812500E+002,3.096250000E+002,3.045312500E+002,2.995000000E+002,2.945312500E+002,2.896250000E+002,2.847812500E+002,2.800000000E+002,1.999999955E-002,7.610155642E-002,1.315312535E-001,1.862890571E-001,2.403749824E-001,2.937890589E-001,3.465312421E-001,3.986015320E-001,4.500000179E-001
ruc_levels_noadj_nosst,0,1,0,0,9,9,1.000000000E+000,2.680000000E+002,3.020000000E+002,2.680000000E+002,0,1,4,10,30,60,100,160,300,2.700000000E+002,2.740781250E+002,2.780625000E+002,2.819531250E+002,2.857500000E+002,2.894531250E+002,2.930625000E+002,2.965781250E+002,3.000000000E+002,4.000000060E-001,3.592187762E-001,3.193749785E-001,2.804687321E-001,2.425000072E-001,2.054687589E-001,1.693750024E-001,1.342187375E-001,9.999999404E-002,2.680000000E+002,2.700000000E+002,2.740781250E+002,2.780625000E+002,2.819531250E+002,2.857500000E+002,2.894531250E+002,2.930625000E+002,2.965781250E+002,3.000000000E+002,4.000000358E-001,3.592187762E-001,3.193749785E-001,2.804687321E-001,2.425000072E-001,2.054687589E-001,1.693750024E-001,1.342187375E-001,9.999999404E-002
ruc_levels_noadj_nosst,0,1,0,0,9,10,1.000000000E+000,2.875000000E+002,2.900000000E+002,2.875000000E+002,0,1,4,10,30,60,100,160,300,2.880000000E+002,2.881710815E+002,2.883468628E+002,2.885273438E+002,2.887124939E+002,2.889023438E+002,2.890968628E+002,2.892960815E+002,2.895000000E+002,0.000000000E+000,0.000000000E+000,0.000000000E+000,0.000000000E+000,0.000000000E+000,0.000000000E+000,0.000000000E+000,0.000000000E+000,0.000000000E+000,2.875000000E+002,2.880000000E+002,2.881710815E+002,2.883468628E+002,2.885273438E+002,2.887124939E+002,2.889023438E+002,2.890968628E+002,2.892960815E+002,2.895000000E+002,0.000000000E+000,0.000000000E+000,0.000000000E+000,0.000000000E+000,0.000000000E+000,0.000000000E+000,0.000000000E+000,0.000000000E+000,0.000000000E+000
ruc_levels_noadj_nosst,0,1,0,0,9,11,1.000000000E+000,3.100000000E+002,2.810000000E+002,3.100000000E+002,0,1,4,10,30,60,100,160,300,2.752999878E+002,2.758498535E+002,2.764068604E+002,2.769710999E+002,2.775424805E+002,2.781210938E+002,2.787068787E+002,2.792998352E+002,2.798999939E+002,1.199999973E-001,1.271718740E-001,1.344375014E-001,1.417968720E-001,1.492500007E-001,1.567968726E-001,1.644375026E-001,1.721718907E-001,1.800000072E-001,3.100000000E+002,2.752999878E+002,2.758498535E+002,2.764068604E+002,2.769710999E+002,2.775424805E+002,2.781210938E+002,2.787068787E+002,2.792998352E+002,2.798999939E+002,1.199999973E-001,1.271718740E-001,1.344375014E-001,1.417968720E-001,1.492500007E-001,1.567968726E-001,1.644375026E-001,1.721718907E-001,1.800000072E-001
ruc_levels_noadj_nosst,0,1,0,0,9,12,1.000000000E+000,2.600000000E+002,2.945000000E+002,2.600000000E+002,0,1,4,10,30,60,100,160,300,2.983999939E+002,2.980124817E+002,2.976250000E+002,2.972374878E+002,2.968499756E+002,2.964624939E+002,2.960749817E+002,2.956875000E+002,2.952999878E+002,3.300000131E-001,3.225000203E-001,3.149999976E-001,3.075000048E-001,3.000000119E-001,2.925000191E-001,2.850000262E-001,2.775000036E-001,2.700000107E-001,2.600000000E+002,2.983999939E+002,2.980124817E+002,2.976250000E+002,2.972374878E+002,2.968499756E+002,2.964624939E+002,2.960749817E+002,2.956875000E+002,2.952999878E+002,3.300000131E-001,3.225000203E-001,3.149999976E-001,3.075000048E-001,3.000000119E-001,2.925000191E-001,2.850000262E-001,2.775000036E-001,2.700000107E-001
ruc_levels_noadj_nosst,0,1,0,0,9,13,1.000000000E+000,2.820000000E+002,2.000000000E+002,2.820000000E+002,0,1,4,10,30,60,100,160,300,2.830000000E+002,2.833914185E+002,2.837781372E+002,2.841601562E+002,2.845375061E+002,2.849101562E+002,2.852781372E+002,2.856414185E+002,2.860000000E+002,2.199999988E-001,2.278281152E-001,2.355625033E-001,2.432031333E-001,2.507500052E-001,2.582031190E-001,2.655624747E-001,2.728281319E-001,2.800000012E-001,2.820000000E+002,2.830000000E+002,2.833914185E+002,2.837781372E+002,2.841601562E+002,2.845375061E+002,2.849101562E+002,2.852781372E+002,2.856414185E+002,2.860000000E+002,2.199999988E-001,2.278281152E-001,2.355625033E-001,2.432031333E-001,2.507500052E-001,2.582031190E-001,2.655624747E-001,2.728281319E-001,2.800000012E-001
ruc_levels_noadj_nosst,0,1,0,0,9,14,1.000000000E+000,2.820000000E+002,3.800000000E+002,2.820000000E+002,0,1,4,10,30,60,100,160,300,2.830000000E+002,2.834078064E+002,2.838062439E+002,2.841953125E+002,2.845750122E+002,2.849453125E+002,2.853062439E+002,2.856578064E+002,2.860000000E+002,2.800000012E-001,2.718437612E-001,2.638749778E-001,2.560937405E-001,2.485000044E-001,2.410937548E-001,2.338750064E-001,2.268437445E-001,2.199999988E-001,2.820000000E+002,2.830000000E+002,2.834078064E+002,2.838062439E+002,2.841953125E+002,2.845750122E+002,2.849453125E+002,2.853062439E+002,2.856578064E+002,2.860000000E+002,2.800000012E-001,2.718437612E-001,2.638749778E-001,2.560937405E-001,2.485000193E-001,2.410937548E-001,2.338750064E-001,2.268437445E-001,2.199999988E-001
ruc_levels_noadj_nosst,0,1,0,0,9,15,1.000000000E+000,2.925000000E+002,2.902500000E+002,2.925000000E+002,0,1,4,10,30,60,100,160,300,2.922500000E+002,2.920789185E+002,2.919031372E+002,2.917226562E+002,2.915375061E+002,2.913476562E+002,2.911531372E+002,2.909539185E+002,2.907500000E+002,5.000000000E-001,5.000000000E-001,5.000000000E-001,5.000000000E-001,5.000000000E-001,5.000000000E-001,5.000000000E-001,5.000000000E-001,5.000000000E-001,2.925000000E+002,2.922500000E+002,2.920789185E+002,2.919031677E+002,2.917226562E+002,2.915375061E+002,2.913476562E+002,2.911531372E+002,2.909539185E+002,2.907500000E+002,5.000000000E-001,5.000000000E-001,5.000000000E-001,5.000000000E-001,5.000000000E-001,5.000000000E-001,5.000000000E-001,5.000000000E-001,5.000000000E-001
ruc_levels_noadj_nosst,0,1,0,0,9,16,1.000000000E+000,2.925000000E+002,2.902500000E+002,2.925000000E+002,0,1,4,10,30,60,100,160,300,2.922500000E+002,2.920707092E+002,2.918890686E+002,2.917050781E+002,2.915187378E+002,2.913300781E+002,2.911390686E+002,2.909457092E+002,2.907500000E+002,4.699999988E-001,4.735859334E-001,4.772187471E-001,4.808984399E-001,4.846250117E-001,4.883984625E-001,4.922187626E-001,4.960859418E-001,5.000000000E-001,2.925000000E+002,2.922500000E+002,2.920707092E+002,2.918890686E+002,2.917050781E+002,2.915187378E+002,2.913300781E+002,2.911390686E+002,2.909457092E+002,2.907500000E+002,4.699999988E-001,4.735859334E-001,4.772187173E-001,4.808984399E-001,4.846250117E-001,4.883984625E-001,4.922187626E-001,4.960859716E-001,5.000000000E-001
ruc_levels_noadj_nosst,0,1,0,0,9,17,1.000000000E+000,3.060000000E+002,2.955000000E+002,3.060000000E+002,0,1,4,10,30,60,100,160,300,3.051250000E+002,3.040937500E+002,3.030625000E+002,3.020312500E+002,3.010000000E+002,2.999687500E+002,2.989375000E+002,2.979062500E+002,2.968750000E+002,1.718750000E-001,1.835937500E-001,1.953125000E-001,2.070312500E-001,2.187500000E-001,2.304687500E-001,2.421875000E-001,2.539062500E-001,2.656250000E-001,3.060000000E+002,3.051250000E+002,3.040937500E+002,3.030625000E+002,3.020312500E+002,3.010000000E+002,2.999687500E+002,2.989375000E+002,2.979062500E+002,2.968750000E+002,1.718750000E-001,1.835937500E-001,1.953125000E-001,2.070312500E-001,2.187500000E-001,2.304687500E-001,2.421875000E-001,2.539062500E-001,2.656250000E-001
ruc_levels_noadj_nosst,0,1,0,0,9,18,1.000000000E+000,2.700000000E+002,2.755000000E+002,2.700000000E+002,0,1,4,10,30,60,100,160,300,2.710625000E+002,2.715028381E+002,2.719378967E+002,2.723676758E+002,2.727921753E+002,2.732114258E+002,2.736253967E+002,2.740340881E+002,2.744375000E+002,2.656250000E-001,2.533935606E-001,2.413085997E-001,2.293701172E-001,2.175781280E-001,2.059326172E-001,1.944335997E-001,1.830810606E-001,1.718750000E-001,2.700000000E+002,2.710625000E+002,2.715028381E+002,2.719378967E+002,2.723676758E+002,2.727921753E+002,2.732114258E+002,2.736253967E+002,2.740340881E+002,2.744375000E+002,2.656250000E-001,2.533935606E-001,2.413085997E-001,2.293701172E-001,2.175781280E-001,2.059326172E-001,1.944335997E-001,1.830810606E-001,1.718750000E-001
ruc_levels_noadj_nosst,0,1,0,0,9,19,0.000000000E+000,2.950000000E+002,2.930000000E+002,2.910000000E+002,0,1,4,10,30,60,100,160,300,2.950000000E+002,2.945921936E+002,2.941937561E+002,2.938046875E+002,2.934249878E+002,2.930546875E+002,2.926937561E+002,2.923421936E+002,2.920000000E+002,3.499999940E-001,3.499999940E-001,3.499999940E-001,3.499999940E-001,3.499999940E-001,3.499999940E-001,3.499999940E-001,3.499999940E-001,3.499999940E-001,2.950000000E+002,2.950000000E+002,2.950000000E+002,2.950000000E+002,2.950000000E+002,2.950000000E+002,2.950000000E+002,2.950000000E+002,2.950000000E+002,2.950000000E+002,1.000000000E+000,1.000000000E+000,1.000000000E+000,1.000000000E+000,1.000000000E+000,1.000000000E+000,1.000000000E+000,1.000000000E+000,1.000000000E+000
ruc_levels_noadj_nosst,0,1,0,0,9,20,0.000000000E+000,2.900000000E+002,2.850000000E+002,2.795000000E+002,0,1,4,10,30,60,100,160,300,2.890000000E+002,2.886578064E+002,2.883062439E+002,2.879453125E+002,2.875750122E+002,2.871953125E+002,2.868062439E+002,2.864078064E+002,2.860000000E+002,1.000000015E-001,1.342187524E-001,1.693750173E-001,2.054687589E-001,2.425000072E-001,2.804687321E-001,3.193750083E-001,3.592187762E-001,4.000000060E-001,2.900000000E+002,2.900000000E+002,2.900000000E+002,2.900000000E+002,2.900000000E+002,2.900000000E+002,2.900000000E+002,2.900000000E+002,2.900000000E+002,2.900000000E+002,1.000000000E+000,1.000000000E+000,1.000000000E+000,1.000000000E+000,1.000000000E+000,1.000000000E+000,1.000000000E+000,1.000000000E+000,1.000000000E+000
ruc_levels_adj_sst,0,1,1,1,9,1,1.000000000E+000,3.010000000E+002,2.870000000E+002,3.010000000E+002,0,1,4,10,30,60,100,160,300,3.000000000E+002,2.985656128E+002,2.971124878E+002,2.956406250E+002,2.941499939E+002,2.926406250E+002,2.911124878E+002,2.895656128E+002,2.880000000E+002,5.000000075E-002,7.390625030E-002,9.812500328E-002,1.226562485E-001,1.475000083E-001,1.726562530E-001,1.981250048E-001,2.239062488E-001,2.500000000E-001,3.010000000E+002,3.000000000E+002,2.985656128E+002,2.971125183E+002,2.956406250E+002,2.941499939E+002,2.926406250E+002,2.911124878E+002,2.895656128E+002,2.880000000E+002,5.000000447E-002,7.390625030E-002,9.812500328E-002,1.226562485E-001,1.475000083E-001,1.726562530E-001,1.981250197E-001,2.239062488E-001,2.500000000E-001
ruc_levels_adj_sst,0,1,1,1,9,2,1.000000000E+000,2.630000000E+002,2.790000000E+002,2.630000000E+002,0,1,4,10,30,60,100,160,300,2.650000000E+002,2.668750000E+002,2.687500000E+002,2.706250000E+002,2.725000000E+002,2.743750000E+002,2.762500000E+002,2.781250000E+002,2.800000000E+002,3.000000119E-001,2.875000238E-001,2.750000060E-001,2.625000179E-001,2.500000000E-001,2.375000119E-001,2.250000089E-001,2.125000060E-001,2.000000030E-001,2.630000000E+002,2.650000000E+002,2.668750000E+002,2.687500000E+002,2.706250000E+002,2.725000000E+002,2.743750000E+002,2.762500000E+002,2.781250000E+002,2.800000000E+002,3.000000119E-001,2.875000238E-001,2.750000060E-001,2.625000179E-001,2.500000000E-001,2.375000119E-001,2.250000089E-001,2.125000060E-001,2.000000030E-001
ruc_levels_adj_sst,0,1,1,1,9,3,1.000000000E+000,2.855000000E+002,2.885000000E+002,2.855000000E+002,0,1,4,10,30,60,100,160,300,2.850000000E+002,2.853914185E+002,2.857781372E+002,2.861601562E+002,2.865375061E+002,2.869101562E+002,2.872781372E+002,2.876414185E+002,2.880000000E+002,4.499999881E-001,4.539140463E-001,4.577812254E-001,4.616015255E-001,4.653749764E-001,4.691015482E-001,4.727812409E-001,4.764140546E-001,4.799999893E-001,2.855000000E+002,2.850000000E+002,2.853914185E+002,2.857781372E+002,2.861601868E+002,2.865375061E+002,2.869101562E+002,2.872781372E+002,2.876414185E+002,2.880000000E+002,4.499999881E-001,4.539140463E-001,4.577812254E-001,4.616015553E-001,4.653750062E-001,4.691015482E-001,4.727812409E-001,4.764140546E-001,4.799999893E-001
ruc_levels_adj_sst,0,1,1,1,9,4,1.000000000E+000,3.120000000E+002,2.930000000E+002,3.120000000E+002,0,1,4,10,30,60,100,160,300,3.100000000E+002,3.079609375E+002,3.059687500E+002,3.040234375E+002,3.021250000E+002,3.002734375E+002,2.984687500E+002,2.967109375E+002,2.950000000E+002,4.999999888E-003,4.592187703E-003,4.193749744E-003,3.804687411E-003,3.425000003E-003,3.054687520E-003,2.693749964E-003,2.342187567E-003,2.000000095E-003,3.120000000E+002,3.100000000E+002,3.079609375E+002,3.059687500E+002,3.040234375E+002,3.021250000E+002,3.002734375E+002,2.984687500E+002,2.967109375E+002,2.950000000E+002,4.999999888E-003,4.592187703E-003,4.193749744E-003,3.804687411E-003,3.424999770E-003,3.054687520E-003,2.693749964E-003,2.342187567E-003,2.000000095E-003
ruc_levels_adj_sst,0,1,1,1,9,5,1.000000000E+000,3.020000000E+002,2.920000000E+002,3.020000000E+002,0,1,4,10,30,60,100,160,300,3.015000000E+002,3.005874939E+002,2.996499939E+002,2.986875000E+002,2.977000122E+002,2.966875000E+002,2.956499939E+002,2.945874939E+002,2.935000000E+002,1.000000047E-003,1.342187519E-003,1.693750033E-003,2.054687589E-003,2.424999839E-003,2.804687712E-003,3.193750046E-003,3.592187306E-003,4.000000190E-003,3.020000000E+002,3.015000000E+002,3.005874939E+002,2.996499939E+002,2.986875000E+002,2.977000122E+002,2.966875000E+002,2.956499939E+002,2.945874939E+002,2.935000000E+002,1.000000047E-003,1.342187519E-003,1.693750033E-003,2.054687589E-003,2.424999839E-003,2.804687712E-003,3.193750046E-003,3.592187539E-003,4.000000190E-003
ruc_levels_adj_sst,0,1,1,1,9,6,1.000000000E+000,2.480000000E+002,2.680000000E+002,2.480000000E+002,0,1,4,10,30,60,100,160,300,2.500000000E+002,2.517929688E+002,2.536093750E+002,2.554492188E+002,2.573125000E+002,2.591992188E+002,2.611093750E+002,2.630429688E+002,2.650000000E+002,1.500000060E-001,1.476093829E-001,1.451875120E-001,1.427343786E-001,1.402499974E-001,1.377343833E-001,1.351874918E-001,1.326093674E-001,1.299999952E-001,2.480000000E+002,2.500000000E+002,2.517929535E+002,2.536093750E+002,2.554492188E+002,2.573125000E+002,2.591992188E+002,2.611093750E+002,2.630429688E+002,2.650000000E+002,1.500000060E-001,1.476093829E-001,1.451875120E-001,1.427343786E-001,1.402499974E-001,1.377343833E-001,1.351874918E-001,1.326093674E-001,1.299999952E-001
ruc_levels_adj_sst,0,1,1,1,9,7,1.000000000E+000,2.900000000E+002,2.900000000E+002,2.900000000E+002,0,1,4,10,30,60,100,160,300,2.900000000E+002,2.900000000E+002,2.900000000E+002,2.900000000E+002,2.900000000E+002,2.900000000E+002,2.900000000E+002,2.900000000E+002,2.900000000E+002,2.000000030E-001,2.000000030E-001,2.000000030E-001,2.000000030E-001,2.000000030E-001,2.000000030E-001,2.000000030E-001,2.000000030E-001,2.000000030E-001,2.900000000E+002,2.900000000E+002,2.900000000E+002,2.900000000E+002,2.900000000E+002,2.900000000E+002,2.900000000E+002,2.900000000E+002,2.900000000E+002,2.900000000E+002,2.000000179E-001,2.000000179E-001,2.000000030E-001,2.000000030E-001,2.000000030E-001,2.000000030E-001,2.000000030E-001,2.000000030E-001,2.000000030E-001
ruc_levels_adj_sst,0,1,1,1,9,8,1.000000000E+000,3.250000000E+002,2.780000000E+002,3.250000000E+002,0,1,4,10,30,60,100,160,300,3.200000000E+002,3.147812500E+002,3.096250000E+002,3.045312500E+002,2.995000000E+002,2.945312500E+002,2.896250000E+002,2.847812500E+002,2.800000000E+002,1.999999955E-002,7.610155642E-002,1.315312535E-001,1.862890571E-001,2.403749824E-001,2.937890589E-001,3.465312421E-001,3.986015320E-001,4.499999881E-001,3.250000000E+002,3.200000000E+002,3.147812500E+002,3.096250000E+002,3.045312500E+002,2.995000000E+002,2.945312500E+002,2.896250000E+002,2.847812500E+002,2.800000000E+002,1.999999955E-002,7.610155642E-002,1.315312535E-001,1.862890571E-001,2.403749824E-001,2.937890589E-001,3.465312421E-001,3.986015320E-001,4.500000179E-001
ruc_levels_adj_sst,0,1,1,1,9,9,1.000000000E+000,2.680000000E+002,3.020000000E+002,2.680000000E+002,0,1,4,10,30,60,100,160,300,2.700000000E+002,2.740781250E+002,2.780625000E+002,2.819531250E+002,2.857500000E+002,2.894531250E+002,2.930625000E+002,2.965781250E+002,3.000000000E+002,4.000000060E-001,3.592187762E-001,3.193749785E-001,2.804687321E-001,2.425000072E-001,2.054687589E-001,1.693750024E-001,1.342187375E-001,9.999999404E-002,2.680000000E+002,2.700000000E+002,2.740781250E+002,2.780625000E+002,2.819531250E+002,2.857500000E+002,2.894531250E+002,2.930625000E+002,2.965781250E+002,3.000000000E+002,4.000000358E-001,3.592187762E-001,3.193749785E-001,2.804687321E-001,2.425000072E-001,2.054687589E-001,1.693750024E-001,1.342187375E-001,9.999999404E-002
ruc_levels_adj_sst,0,1,1,1,9,10,1.000000000E+000,2.875000000E+002,2.900000000E+002,2.875000000E+002,0,1,4,10,30,60,100,160,300,2.880000000E+002,2.881710815E+002,2.883468628E+002,2.885273438E+002,2.887124939E+002,2.889023438E+002,2.890968628E+002,2.892960815E+002,2.895000000E+002,0.000000000E+000,0.000000000E+000,0.000000000E+000,0.000000000E+000,0.000000000E+000,0.000000000E+000,0.000000000E+000,0.000000000E+000,0.000000000E+000,2.875000000E+002,2.880000000E+002,2.881710815E+002,2.883468628E+002,2.885273438E+002,2.887124939E+002,2.889023438E+002,2.890968628E+002,2.892960815E+002,2.895000000E+002,0.000000000E+000,0.000000000E+000,0.000000000E+000,0.000000000E+000,0.000000000E+000,0.000000000E+000,0.000000000E+000,0.000000000E+000,0.000000000E+000
ruc_levels_adj_sst,0,1,1,1,9,11,1.000000000E+000,3.100000000E+002,2.810000000E+002,3.100000000E+002,0,1,4,10,30,60,100,160,300,2.752999878E+002,2.758498535E+002,2.764068604E+002,2.769710999E+002,2.775424805E+002,2.781210938E+002,2.787068787E+002,2.792998352E+002,2.798999939E+002,1.199999973E-001,1.271718740E-001,1.344375014E-001,1.417968720E-001,1.492500007E-001,1.567968726E-001,1.644375026E-001,1.721718907E-001,1.800000072E-001,3.100000000E+002,2.752999878E+002,2.758498535E+002,2.764068604E+002,2.769710999E+002,2.775424805E+002,2.781210938E+002,2.787068787E+002,2.792998352E+002,2.798999939E+002,1.199999973E-001,1.271718740E-001,1.344375014E-001,1.417968720E-001,1.492500007E-001,1.567968726E-001,1.644375026E-001,1.721718907E-001,1.800000072E-001
ruc_levels_adj_sst,0,1,1,1,9,12,1.000000000E+000,2.600000000E+002,2.945000000E+002,2.600000000E+002,0,1,4,10,30,60,100,160,300,2.983999939E+002,2.980124817E+002,2.976250000E+002,2.972374878E+002,2.968499756E+002,2.964624939E+002,2.960749817E+002,2.956875000E+002,2.952999878E+002,3.300000131E-001,3.225000203E-001,3.149999976E-001,3.075000048E-001,3.000000119E-001,2.925000191E-001,2.850000262E-001,2.775000036E-001,2.700000107E-001,2.600000000E+002,2.983999939E+002,2.980124817E+002,2.976250000E+002,2.972374878E+002,2.968499756E+002,2.964624939E+002,2.960749817E+002,2.956875000E+002,2.952999878E+002,3.300000131E-001,3.225000203E-001,3.149999976E-001,3.075000048E-001,3.000000119E-001,2.925000191E-001,2.850000262E-001,2.775000036E-001,2.700000107E-001
ruc_levels_adj_sst,0,1,1,1,9,13,1.000000000E+000,2.820000000E+002,2.000000000E+002,2.820000000E+002,0,1,4,10,30,60,100,160,300,2.830000000E+002,2.833914185E+002,2.837781372E+002,2.841601562E+002,2.845375061E+002,2.849101562E+002,2.852781372E+002,2.856414185E+002,2.860000000E+002,2.199999988E-001,2.278281152E-001,2.355625033E-001,2.432031333E-001,2.507500052E-001,2.582031190E-001,2.655624747E-001,2.728281319E-001,2.800000012E-001,2.820000000E+002,2.830000000E+002,2.833914185E+002,2.837781372E+002,2.841601562E+002,2.845375061E+002,2.849101562E+002,2.852781372E+002,2.856414185E+002,2.860000000E+002,2.199999988E-001,2.278281152E-001,2.355625033E-001,2.432031333E-001,2.507500052E-001,2.582031190E-001,2.655624747E-001,2.728281319E-001,2.800000012E-001
ruc_levels_adj_sst,0,1,1,1,9,14,1.000000000E+000,2.820000000E+002,3.800000000E+002,2.820000000E+002,0,1,4,10,30,60,100,160,300,2.830000000E+002,2.834078064E+002,2.838062439E+002,2.841953125E+002,2.845750122E+002,2.849453125E+002,2.853062439E+002,2.856578064E+002,2.860000000E+002,2.800000012E-001,2.718437612E-001,2.638749778E-001,2.560937405E-001,2.485000044E-001,2.410937548E-001,2.338750064E-001,2.268437445E-001,2.199999988E-001,2.820000000E+002,2.830000000E+002,2.834078064E+002,2.838062439E+002,2.841953125E+002,2.845750122E+002,2.849453125E+002,2.853062439E+002,2.856578064E+002,2.860000000E+002,2.800000012E-001,2.718437612E-001,2.638749778E-001,2.560937405E-001,2.485000193E-001,2.410937548E-001,2.338750064E-001,2.268437445E-001,2.199999988E-001
ruc_levels_adj_sst,0,1,1,1,9,15,1.000000000E+000,2.925000000E+002,2.902500000E+002,2.925000000E+002,0,1,4,10,30,60,100,160,300,2.922500000E+002,2.920789185E+002,2.919031372E+002,2.917226562E+002,2.915375061E+002,2.913476562E+002,2.911531372E+002,2.909539185E+002,2.907500000E+002,5.000000000E-001,5.000000000E-001,5.000000000E-001,5.000000000E-001,5.000000000E-001,5.000000000E-001,5.000000000E-001,5.000000000E-001,5.000000000E-001,2.925000000E+002,2.922500000E+002,2.920789185E+002,2.919031677E+002,2.917226562E+002,2.915375061E+002,2.913476562E+002,2.911531372E+002,2.909539185E+002,2.907500000E+002,5.000000000E-001,5.000000000E-001,5.000000000E-001,5.000000000E-001,5.000000000E-001,5.000000000E-001,5.000000000E-001,5.000000000E-001,5.000000000E-001
ruc_levels_adj_sst,0,1,1,1,9,16,1.000000000E+000,2.925000000E+002,2.902500000E+002,2.925000000E+002,0,1,4,10,30,60,100,160,300,2.922500000E+002,2.920707092E+002,2.918890686E+002,2.917050781E+002,2.915187378E+002,2.913300781E+002,2.911390686E+002,2.909457092E+002,2.907500000E+002,4.699999988E-001,4.735859334E-001,4.772187471E-001,4.808984399E-001,4.846250117E-001,4.883984625E-001,4.922187626E-001,4.960859418E-001,5.000000000E-001,2.925000000E+002,2.922500000E+002,2.920707092E+002,2.918890686E+002,2.917050781E+002,2.915187378E+002,2.913300781E+002,2.911390686E+002,2.909457092E+002,2.907500000E+002,4.699999988E-001,4.735859334E-001,4.772187173E-001,4.808984399E-001,4.846250117E-001,4.883984625E-001,4.922187626E-001,4.960859716E-001,5.000000000E-001
ruc_levels_adj_sst,0,1,1,1,9,17,1.000000000E+000,3.060000000E+002,2.955000000E+002,3.060000000E+002,0,1,4,10,30,60,100,160,300,3.051250000E+002,3.040937500E+002,3.030625000E+002,3.020312500E+002,3.010000000E+002,2.999687500E+002,2.989375000E+002,2.979062500E+002,2.968750000E+002,1.718750000E-001,1.835937500E-001,1.953125000E-001,2.070312500E-001,2.187500000E-001,2.304687500E-001,2.421875000E-001,2.539062500E-001,2.656250000E-001,3.060000000E+002,3.051250000E+002,3.040937500E+002,3.030625000E+002,3.020312500E+002,3.010000000E+002,2.999687500E+002,2.989375000E+002,2.979062500E+002,2.968750000E+002,1.718750000E-001,1.835937500E-001,1.953125000E-001,2.070312500E-001,2.187500000E-001,2.304687500E-001,2.421875000E-001,2.539062500E-001,2.656250000E-001
ruc_levels_adj_sst,0,1,1,1,9,18,1.000000000E+000,2.700000000E+002,2.755000000E+002,2.700000000E+002,0,1,4,10,30,60,100,160,300,2.710625000E+002,2.715028381E+002,2.719378967E+002,2.723676758E+002,2.727921753E+002,2.732114258E+002,2.736253967E+002,2.740340881E+002,2.744375000E+002,2.656250000E-001,2.533935606E-001,2.413085997E-001,2.293701172E-001,2.175781280E-001,2.059326172E-001,1.944335997E-001,1.830810606E-001,1.718750000E-001,2.700000000E+002,2.710625000E+002,2.715028381E+002,2.719378967E+002,2.723676758E+002,2.727921753E+002,2.732114258E+002,2.736253967E+002,2.740340881E+002,2.744375000E+002,2.656250000E-001,2.533935606E-001,2.413085997E-001,2.293701172E-001,2.175781280E-001,2.059326172E-001,1.944335997E-001,1.830810606E-001,1.718750000E-001
ruc_levels_adj_sst,0,1,1,1,9,19,0.000000000E+000,2.950000000E+002,2.930000000E+002,2.910000000E+002,0,1,4,10,30,60,100,160,300,2.950000000E+002,2.945921936E+002,2.941937561E+002,2.938046875E+002,2.934249878E+002,2.930546875E+002,2.926937561E+002,2.923421936E+002,2.920000000E+002,3.499999940E-001,3.499999940E-001,3.499999940E-001,3.499999940E-001,3.499999940E-001,3.499999940E-001,3.499999940E-001,3.499999940E-001,3.499999940E-001,2.910000000E+002,2.910000000E+002,2.910000000E+002,2.910000000E+002,2.910000000E+002,2.910000000E+002,2.910000000E+002,2.910000000E+002,2.910000000E+002,2.910000000E+002,1.000000000E+000,1.000000000E+000,1.000000000E+000,1.000000000E+000,1.000000000E+000,1.000000000E+000,1.000000000E+000,1.000000000E+000,1.000000000E+000
ruc_levels_adj_sst,0,1,1,1,9,20,0.000000000E+000,2.900000000E+002,2.850000000E+002,2.795000000E+002,0,1,4,10,30,60,100,160,300,2.890000000E+002,2.886578064E+002,2.883062439E+002,2.879453125E+002,2.875750122E+002,2.871953125E+002,2.868062439E+002,2.864078064E+002,2.860000000E+002,1.000000015E-001,1.342187524E-001,1.693750173E-001,2.054687589E-001,2.425000072E-001,2.804687321E-001,3.193750083E-001,3.592187762E-001,4.000000060E-001,2.795000000E+002,2.795000000E+002,2.795000000E+002,2.795000000E+002,2.795000000E+002,2.795000000E+002,2.795000000E+002,2.795000000E+002,2.795000000E+002,2.795000000E+002,1.000000000E+000,1.000000000E+000,1.000000000E+000,1.000000000E+000,1.000000000E+000,1.000000000E+000,1.000000000E+000,1.000000000E+000,1.000000000E+000
era5_layers_reversed_adj,1,0,1,0,4,1,1.000000000E+000,3.010000000E+002,2.870000000E+002,3.010000000E+002,194,64,17,3,-1,-1,-1,-1,-1,2.880000000E+002,2.900000000E+002,2.950000000E+002,3.000000000E+002,-1.000000015E+030,-1.000000015E+030,-1.000000015E+030,-1.000000015E+030,-1.000000015E+030,2.500000000E-001,1.800000072E-001,1.000000015E-001,5.000000075E-002,-1.000000015E+030,-1.000000015E+030,-1.000000015E+030,-1.000000015E+030,-1.000000015E+030,3.010000000E+002,3.010000000E+002,2.973333435E+002,2.898571167E+002,2.890000000E+002,-2.765957862E+029,-9.148937530E+029,-7.230768933E+029,-2.615384829E+029,2.870000000E+002,9.506751597E-002,1.044782400E-001,1.208029464E-001,1.486510038E-001,1.899999939E-002,1.999999955E-002,1.999999955E-002,1.999999955E-002,5.000000075E-002
era5_layers_reversed_adj,1,0,1,0,4,2,1.000000000E+000,2.630000000E+002,2.790000000E+002,2.630000000E+002,194,64,17,3,-1,-1,-1,-1,-1,2.800000000E+002,2.750000000E+002,2.700000000E+002,2.650000000E+002,-1.000000015E+030,-1.000000015E+030,-1.000000015E+030,-1.000000015E+030,-1.000000015E+030,2.000000030E-001,2.500000000E-001,2.800000012E-001,3.000000119E-001,-1.000000015E+030,-1.000000015E+030,-1.000000015E+030,-1.000000015E+030,-1.000000015E+030,2.630000000E+002,2.630000000E+002,2.670000000E+002,2.753571472E+002,2.775000000E+002,-2.765957862E+029,-9.148937530E+029,-7.230768933E+029,-2.615384829E+029,2.790000000E+002,2.002865225E-001,1.975428462E-001,1.893119067E-001,1.728500128E-001,1.999999955E-002,1.999999955E-002,1.999999955E-002,1.999999955E-002,3.000000119E-001
era5_layers_reversed_adj,1,0,1,0,4,3,1.000000000E+000,2.855000000E+002,2.885000000E+002,2.855000000E+002,194,64,17,3,-1,-1,-1,-1,-1,2.880000000E+002,2.870000000E+002,2.860000000E+002,2.850000000E+002,-1.000000015E+030,-1.000000015E+030,-1.000000015E+030,-1.000000015E+030,-1.000000015E+030,4.799999893E-001,4.699999988E-001,4.600000083E-001,4.499999881E-001,-1.000000015E+030,-1.000000015E+030,-1.000000015E+030,-1.000000015E+030,-1.000000015E+030,2.855000000E+002,2.855000000E+002,2.860000000E+002,2.870714111E+002,2.875000000E+002,-2.765957862E+029,-9.148937530E+029,-7.230768933E+029,-2.615384829E+029,2.885000000E+002,2.695637047E-001,2.879736125E-001,3.073711991E-001,3.284150064E-001,1.899999939E-002,1.999999955E-002,1.999999955E-002,1.999999955E-002,4.499999881E-001
era5_layers_reversed_adj,1,0,1,0,4,4,1.000000000E+000,3.120000000E+002,2.930000000E+002,3.120000000E+002,194,64,17,3,-1,-1,-1,-1,-1,2.950000000E+002,3.000000000E+002,3.050000000E+002,3.100000000E+002,-1.000000015E+030,-1.000000015E+030,-1.000000015E+030,-1.000000015E+030,-1.000000015E+030,2.000000095E-003,3.000000026E-003,4.000000190E-003,4.999999888E-003,-1.000000015E+030,-1.000000015E+030,-1.000000015E+030,-1.000000015E+030,-1.000000015E+030,3.120000000E+002,3.120000000E+002,3.080000000E+002,2.996428528E+002,2.975000000E+002,-2.765957862E+029,-9.148937530E+029,-7.230768933E+029,-2.615384829E+029,2.930000000E+002,1.999999955E-002,1.999999955E-002,1.999999955E-002,1.999999955E-002,1.999999955E-002,1.999999955E-002,1.999999955E-002,1.999999955E-002,4.999999888E-003
era5_layers_reversed_adj,1,0,1,0,4,5,1.000000000E+000,3.020000000E+002,2.920000000E+002,3.020000000E+002,194,64,17,3,-1,-1,-1,-1,-1,2.935000000E+002,2.975000000E+002,2.995000000E+002,3.015000000E+002,-1.000000015E+030,-1.000000015E+030,-1.000000015E+030,-1.000000015E+030,-1.000000015E+030,4.000000190E-003,3.000000026E-003,2.000000095E-003,1.000000047E-003,-1.000000015E+030,-1.000000015E+030,-1.000000015E+030,-1.000000015E+030,-1.000000015E+030,3.020000000E+002,3.020000000E+002,3.005000000E+002,2.972142944E+002,2.955000305E+002,-2.765957862E+029,-9.148937530E+029,-7.230768933E+029,-2.615384829E+029,2.920000000E+002,1.999999955E-002,1.999999955E-002,1.999999955E-002,1.999999955E-002,1.999999955E-002,1.999999955E-002,1.999999955E-002,1.999999955E-002,1.000000047E-003
era5_layers_reversed_adj,1,0,1,0,4,6,1.000000000E+000,2.480000000E+002,2.680000000E+002,2.480000000E+002,194,64,17,3,-1,-1,-1,-1,-1,2.650000000E+002,2.600000000E+002,2.550000000E+002,2.500000000E+002,-1.000000015E+030,-1.000000015E+030,-1.000000015E+030,-1.000000015E+030,-1.000000015E+030,1.299999952E-001,1.400000006E-001,1.599999964E-001,1.500000060E-001,-1.000000015E+030,-1.000000015E+030,-1.000000015E+030,-1.000000015E+030,-1.000000015E+030,2.480000000E+002,2.480000000E+002,2.520000000E+002,2.603571472E+002,2.625000000E+002,-2.765957862E+029,-9.148937530E+029,-7.230768933E+029,-2.615384829E+029,2.680000000E+002,1.091973111E-001,1.086485758E-001,1.070023701E-001,1.037099957E-001,1.999999955E-002,1.999999955E-002,1.999999955E-002,1.999999955E-002,1.500000060E-001
era5_layers_reversed_adj,1,0,1,0,4,7,1.000000000E+000,2.900000000E+002,2.900000000E+002,2.900000000E+002,194,64,17,3,-1,-1,-1,-1,-1,2.900000000E+002,2.900000000E+002,2.900000000E+002,2.900000000E+002,-1.000000015E+030,-1.000000015E+030,-1.000000015E+030,-1.000000015E+030,-1.000000015E+030,2.000000030E-001,2.000000030E-001,2.000000030E-001,2.000000030E-001,-1.000000015E+030,-1.000000015E+030,-1.000000015E+030,-1.000000015E+030,-1.000000015E+030,2.900000000E+002,2.900000000E+002,2.900000000E+002,2.900000000E+002,2.900000000E+002,-2.765957862E+029,-9.148937530E+029,-7.230768933E+029,-2.615384829E+029,2.900000000E+002,1.536444575E-001,1.536444575E-001,1.536444426E-001,1.536444575E-001,1.999999955E-002,1.999999955E-002,1.999999955E-002,1.999999955E-002,2.000000030E-001
era5_layers_reversed_adj,1,0,1,0,4,8,1.000000000E+000,3.250000000E+002,2.780000000E+002,3.250000000E+002,194,64,17,3,-1,-1,-1,-1,-1,2.800000000E+002,2.850000000E+002,3.000000000E+002,3.200000000E+002,-1.000000015E+030,-1.000000015E+030,-1.000000015E+030,-1.000000015E+030,-1.000000015E+030,4.499999881E-001,4.000000060E-001,3.000000119E-001,1.999999955E-002,-1.000000015E+030,-1.000000015E+030,-1.000000015E+030,-1.000000015E+030,-1.000000015E+030,3.250000000E+002,3.250000000E+002,3.116666870E+002,2.846428528E+002,2.825000305E+002,-2.765957862E+029,-9.148937530E+029,-7.230768933E+029,-2.615384829E+029,2.780000000E+002,2.242934406E-001,2.414412796E-001,2.635276616E-001,2.938450277E-001,1.899999939E-002,1.999999955E-002,1.999999955E-002,1.999999955E-002,1.999999955E-002
era5_layers_reversed_adj,1,0,1,0,4,9,1.000000000E+000,2.680000000E+002,3.020000000E+002,2.680000000E+002,194,64,17,3,-1,-1,-1,-1,-1,3.000000000E+002,2.900000000E+002,2.800000000E+002,2.700000000E+002,-1.000000015E+030,-1.000000015E+030,-1.000000015E+030,-1.000000015E+030,-1.000000015E+030,1.000000015E-001,2.000000030E-001,3.000000119E-001,4.000000060E-001,-1.000000015E+030,-1.000000015E+030,-1.000000015E+030,-1.000000015E+030,-1.000000015E+030,2.680000000E+002,2.680000000E+002,2.753333130E+002,2.907142639E+002,2.950000000E+002,-2.765957862E+029,-9.148937530E+029,-7.230768933E+029,-2.615384829E+029,3.020000000E+002,1.701063514E-001,1.646190584E-001,1.481571347E-001,1.152333394E-001,1.999999955E-002,1.999999955E-002,1.999999955E-002,1.999999955E-002,4.000000060E-001
era5_layers_reversed_adj,1,0,1,0,4,10,1.000000000E+000,2.875000000E+002,2.900000000E+002,2.875000000E+002,194,64,17,3,-1,-1,-1,-1,-1,2.895000000E+002,2.890000000E+002,2.885000000E+002,2.880000000E+002,-1.000000015E+030,-1.000000015E+030,-1.000000015E+030,-1.000000015E+030,-1.000000015E+030,0.000000000E+000,0.000000000E+000,0.000000000E+000,0.000000000E+000,-1.000000015E+030,-1.000000015E+030,-1.000000015E+030,-1.000000015E+030,-1.000000015E+030,2.875000000E+002,2.875000000E+002,2.880000000E+002,2.890357056E+002,2.892500000E+002,-2.765957862E+029,-9.148937530E+029,-7.230768933E+029,-2.615384829E+029,2.900000000E+002,1.999999955E-002,1.999999955E-002,1.999999955E-002,1.999999955E-002,1.999999955E-002,1.999999955E-002,1.999999955E-002,1.999999955E-002,0.000000000E+000
era5_layers_reversed_adj,1,0,1,0,4,11,1.000000000E+000,3.100000000E+002,2.810000000E+002,3.100000000E+002,194,64,17,3,-1,-1,-1,-1,-1,2.798999939E+002,2.781000061E+002,2.767000122E+002,2.752999878E+002,-1.000000015E+030,-1.000000015E+030,-1.000000015E+030,-1.000000015E+030,-1.000000015E+030,1.800000072E-001,1.599999964E-001,1.400000006E-001,1.199999973E-001,-1.000000015E+030,-1.000000015E+030,-1.000000015E+030,-1.000000015E+030,-1.000000015E+030,3.100000000E+002,3.100000000E+002,2.993666687E+002,2.782285767E+002,2.790000000E+002,-2.765957862E+029,-9.148937530E+029,-7.230768933E+029,-2.615384829E+029,2.810000000E+002,8.971737325E-002,9.657650441E-002,1.054110602E-001,1.175380051E-001,1.899999939E-002,1.999999955E-002,1.999999955E-002,1.999999955E-002,1.199999973E-001
era5_layers_reversed_adj,1,0,1,0,4,12,1.000000000E+000,2.600000000E+002,2.945000000E+002,2.600000000E+002,194,64,17,3,-1,-1,-1,-1,-1,2.952999878E+002,2.961000061E+002,2.972000122E+002,2.983999939E+002,-1.000000015E+030,-1.000000015E+030,-1.000000015E+030,-1.000000015E+030,-1.000000015E+030,2.700000107E-001,2.899999917E-001,3.100000024E-001,3.300000131E-001,-1.000000015E+030,-1.000000015E+030,-1.000000015E+030,-1.000000015E+030,-1.000000015E+030,2.600000000E+002,2.600000000E+002,2.720333252E+002,2.960428467E+002,2.957000122E+002,-2.765957862E+029,-9.148937530E+029,-7.230768933E+029,-2.615384829E+029,2.945000000E+002,2.260768265E-001,2.249793708E-001,2.216869891E-001,2.151022255E-001,1.999999955E-002,1.999999955E-002,1.999999955E-002,1.999999955E-002,3.300000131E-001
era5_layers_reversed_adj,1,0,1,0,4,13,1.000000000E+000,2.820000000E+002,2.000000000E+002,2.820000000E+002,194,64,17,3,-1,-1,-1,-1,-1,2.860000000E+002,2.850000000E+002,2.840000000E+002,2.830000000E+002,-1.000000015E+030,-1.000000015E+030,-1.000000015E+030,-1.000000015E+030,-1.000000015E+030,2.800000012E-001,2.599999905E-001,2.399999946E-001,2.199999988E-001,-1.000000015E+030,-1.000000015E+030,-1.000000015E+030,-1.000000015E+030,-1.000000015E+030,2.820000000E+002,2.820000000E+002,2.830000000E+002,2.850714111E+002,2.855000000E+002,-2.765957862E+029,-9.148937530E+029,-7.230768933E+029,-2.615384829E+029,2.000000000E+002,1.473340392E-001,1.580342799E-001,1.707099527E-001,1.866779923E-001,1.899999939E-002,1.999999955E-002,1.999999955E-002,1.999999955E-002,2.199999988E-001
era5_layers_reversed_adj,1,0,1,0,4,14,1.000000000E+000,2.820000000E+002,3.800000000E+002,2.820000000E+002,194,64,17,3,-1,-1,-1,-1,-1,2.860000000E+002,2.850000000E+002,2.840000000E+002,2.830000000E+002,-1.000000015E+030,-1.000000015E+030,-1.000000015E+030,-1.000000015E+030,-1.000000015E+030,2.199999988E-001,2.399999946E-001,2.599999905E-001,2.800000012E-001,-1.000000015E+030,-1.000000015E+030,-1.000000015E+030,-1.000000015E+030,-1.000000015E+030,2.820000000E+002,2.820000000E+002,2.830000000E+002,2.850714111E+002,2.855000000E+002,-2.765957862E+029,-9.148937530E+029,-7.230768933E+029,-2.615384829E+029,3.800000000E+002,1.876657009E-001,1.865682602E-001,1.832758635E-001,1.766911149E-001,1.999999955E-002,1.999999955E-002,1.999999955E-002,1.999999955E-002,2.800000012E-001
era5_layers_reversed_adj,1,0,1,0,4,15,1.000000000E+000,2.925000000E+002,2.902500000E+002,2.925000000E+002,194,64,17,3,-1,-1,-1,-1,-1,2.907500000E+002,2.912500000E+002,2.917500000E+002,2.922500000E+002,-1.000000015E+030,-1.000000015E+030,-1.000000015E+030,-1.000000015E+030,-1.000000015E+030,5.000000000E-001,5.000000000E-001,5.000000000E-001,5.000000000E-001,-1.000000015E+030,-1.000000015E+030,-1.000000015E+030,-1.000000015E+030,-1.000000015E+030,2.925000000E+002,2.925000000E+002,2.920833435E+002,2.912142944E+002,2.910000000E+002,-2.765957862E+029,-9.148937530E+029,-7.230768933E+029,-2.615384829E+029,2.902500000E+002,3.841111362E-001,3.841111362E-001,3.841111362E-001,3.841111362E-001,1.999999955E-002,1.999999955E-002,1.999999955E-002,1.999999955E-002,5.000000000E-001
era5_layers_reversed_adj,1,0,1,0,4,16,1.000000000E+000,2.925000000E+002,2.902500000E+002,2.925000000E+002,194,64,17,3,-1,-1,-1,-1,-1,2.907500000E+002,2.912500000E+002,2.917500000E+002,2.922500000E+002,-1.000000015E+030,-1.000000015E+030,-1.000000015E+030,-1.000000015E+030,-1.000000015E+030,5.000000000E-001,4.900000095E-001,4.799999893E-001,4.699999988E-001,-1.000000015E+030,-1.000000015E+030,-1.000000015E+030,-1.000000015E+030,-1.000000015E+030,2.925000000E+002,2.925000000E+002,2.920833435E+002,2.912142944E+002,2.910000000E+002,-2.765957862E+029,-9.148937530E+029,-7.230768933E+029,-2.615384829E+029,2.902500000E+002,2.810870409E-001,3.002651632E-001,3.204309940E-001,3.422429562E-001,1.899999939E-002,1.999999955E-002,1.999999955E-002,1.999999955E-002,4.699999988E-001
era5_layers_reversed_adj,1,0,1,0,4,17,1.000000000E+000,3.060000000E+002,2.955000000E+002,3.060000000E+002,194,64,17,3,-1,-1,-1,-1,-1,2.968750000E+002,2.996250000E+002,3.023750000E+002,3.051250000E+002,-1.000000015E+030,-1.000000015E+030,-1.000000015E+030,-1.000000015E+030,-1.000000015E+030,2.656250000E-001,2.343750000E-001,2.031250000E-001,1.718750000E-001,-1.000000015E+030,-1.000000015E+030,-1.000000015E+030,-1.000000015E+030,-1.000000015E+030,3.060000000E+002,3.060000000E+002,3.038750000E+002,2.994285583E+002,2.982499695E+002,-2.765957862E+029,-9.148937530E+029,-7.230768933E+029,-2.615384829E+029,2.955000000E+002,1.311807930E-001,1.412980109E-001,1.545018256E-001,1.728500128E-001,1.899999939E-002,1.999999955E-002,1.999999955E-002,1.999999955E-002,1.718750000E-001
era5_layers_reversed_adj,1,0,1,0,4,18,1.000000000E+000,2.700000000E+002,2.755000000E+002,2.700000000E+002,194,64,17,3,-1,-1,-1,-1,-1,2.744375000E+002,2.733125000E+002,2.721875000E+002,2.710625000E+002,-1.000000015E+030,-1.000000015E+030,-1.000000015E+030,-1.000000015E+030,-1.000000015E+030,1.718750000E-001,2.031250000E-001,2.343750000E-001,2.656250000E-001,-1.000000015E+030,-1.000000015E+030,-1.000000015E+030,-1.000000015E+030,-1.000000015E+030,2.700000000E+002,2.700000000E+002,2.711041870E+002,2.733928528E+002,2.738750000E+002,-2.765957862E+029,-9.148937530E+029,-7.230768933E+029,-2.615384829E+029,2.755000000E+002,1.611894965E-001,1.594747156E-001,1.543303579E-001,1.440416723E-001,1.999999955E-002,1.999999955E-002,1.999999955E-002,1.999999955E-002,2.656250000E-001
era5_layers_reversed_adj,1,0,1,0,4,19,0.000000000E+000,2.950000000E+002,2.930000000E+002,2.910000000E+002,194,64,17,3,-1,-1,-1,-1,-1,2.920000000E+002,2.930000000E+002,2.940000000E+002,2.950000000E+002,-1.000000015E+030,-1.000000015E+030,-1.000000015E+030,-1.000000015E+030,-1.000000015E+030,3.499999940E-001,3.499999940E-001,3.499999940E-001,3.499999940E-001,-1.000000015E+030,-1.000000015E+030,-1.000000015E+030,-1.000000015E+030,-1.000000015E+030,2.950000000E+002,2.950000000E+002,2.950000000E+002,2.950000000E+002,2.950000000E+002,2.950000000E+002,2.950000000E+002,2.950000000E+002,2.950000000E+002,2.950000000E+002,1.000000000E+000,1.000000000E+000,1.000000000E+000,1.000000000E+000,1.000000000E+000,1.000000000E+000,1.000000000E+000,1.000000000E+000,1.000000000E+000
era5_layers_reversed_adj,1,0,1,0,4,20,0.000000000E+000,2.900000000E+002,2.850000000E+002,2.795000000E+002,194,64,17,3,-1,-1,-1,-1,-1,2.860000000E+002,2.870000000E+002,2.880000000E+002,2.890000000E+002,-1.000000015E+030,-1.000000015E+030,-1.000000015E+030,-1.000000015E+030,-1.000000015E+030,4.000000060E-001,3.000000119E-001,2.000000030E-001,1.000000015E-001,-1.000000015E+030,-1.000000015E+030,-1.000000015E+030,-1.000000015E+030,-1.000000015E+030,2.900000000E+002,2.900000000E+002,2.900000000E+002,2.900000000E+002,2.900000000E+002,2.900000000E+002,2.900000000E+002,2.900000000E+002,2.900000000E+002,2.900000000E+002,1.000000000E+000,1.000000000E+000,1.000000000E+000,1.000000000E+000,1.000000000E+000,1.000000000E+000,1.000000000E+000,1.000000000E+000,1.000000000E+000
