21 49
1 1974 93 8 1 2 0 2 1 1 1 2 1
9.275000000e+01 1.200000000e+01 3.600000000e+02 1.000000000e+00 8.692636341e-02 1.369704102e+03 8.112577200e-01 4.069631958e+01 -8.651892090e+01 2.232259512e-01 2.915782776e+02 1.000000000e+00 0.000000000e+00 0.000000000e+00 0.000000000e+00
9.718289844e+04 2.925991211e+02 1.711029625e+01 9.918688536e-01 1.148667812e+00 1.231805794e-02 0.000000000e+00 2.089239890e-03 0.000000000e+00 0.000000000e+00 4.871254714e-05 0.000000000e+00 0.000000000e+00 0.000000000e+00 0.000000000e+00 4.403730003e-08
9.696803906e+04 2.926044922e+02 2.033270645e+01 9.912418127e-01 1.146159291e+00 1.224278565e-02 0.000000000e+00 2.124316292e-03 0.000000000e+00 0.000000000e+00 5.783486631e-05 0.000000000e+00 0.000000000e+00 0.000000000e+00 0.000000000e+00 4.408170540e-08
9.671947656e+04 2.924981689e+02 2.395638847e+01 9.905151725e-01 1.143675208e+00 1.218724716e-02 0.000000000e+00 2.163264668e-03 0.000000000e+00 0.000000000e+00 6.969975220e-05 0.000000000e+00 0.000000000e+00 0.000000000e+00 0.000000000e+00 4.413308119e-08
9.643000000e+04 2.923075256e+02 2.837533379e+01 9.896672368e-01 1.141029835e+00 1.213782374e-02 0.000000000e+00 2.206027042e-03 0.000000000e+00 0.000000000e+00 8.533070650e-05 0.000000000e+00 0.000000000e+00 0.000000000e+00 0.000000000e+00 4.419291244e-08
9.607961719e+04 2.920358582e+02 3.344325638e+01 9.886384606e-01 1.137969613e+00 1.209698152e-02 0.000000000e+00 2.253156621e-03 0.000000000e+00 0.000000000e+00 1.058118069e-04 0.000000000e+00 0.000000000e+00 0.000000000e+00 0.000000000e+00 4.426533096e-08
9.567131250e+04 2.917045898e+02 3.956682587e+01 9.874362350e-01 1.134441733e+00 1.206598617e-02 0.000000000e+00 2.304970287e-03 0.000000000e+00 0.000000000e+00 1.321575837e-04 0.000000000e+00 0.000000000e+00 0.000000000e+00 0.000000000e+00 4.435516843e-08
9.519321875e+04 2.913140259e+02 4.668115234e+01 9.860239029e-01 1.130301952e+00 1.204252057e-02 0.000000000e+00 2.362176543e-03 0.000000000e+00 0.000000000e+00 1.660701382e-04 0.000000000e+00 0.000000000e+00 0.000000000e+00 0.000000000e+00 4.446546242e-08
9.462714844e+04 2.908543701e+02 5.512987137e+01 9.843450189e-01 1.125374556e+00 1.201544795e-02 0.000000000e+00 2.421562094e-03 0.000000000e+00 0.000000000e+00 2.119904966e-04 0.000000000e+00 0.000000000e+00 0.000000000e+00 0.000000000e+00 4.459605307e-08
9.396132031e+04 2.903565979e+02 6.495184326e+01 9.823611379e-01 1.119413495e+00 1.195363235e-02 0.000000000e+00 2.479656599e-03 0.000000000e+00 0.000000000e+00 2.736614842e-04 0.000000000e+00 0.000000000e+00 0.000000000e+00 0.000000000e+00 4.474966175e-08
9.318685938e+04 2.898644714e+02 7.667631531e+01 9.800409079e-01 1.112171054e+00 1.180573646e-02 0.000000000e+00 2.529480495e-03 0.000000000e+00 0.000000000e+00 3.562220372e-04 0.000000000e+00 0.000000000e+00 0.000000000e+00 0.000000000e+00 4.492832772e-08
9.227351562e+04 2.893697815e+02 9.038719940e+01 9.772867560e-01 1.103336930e+00 1.152976789e-02 0.000000000e+00 2.554205246e-03 0.000000000e+00 0.000000000e+00 4.733107635e-04 0.000000000e+00 0.000000000e+00 0.000000000e+00 0.000000000e+00 4.513903562e-08
9.120925000e+04 2.887914124e+02 1.063940582e+02 9.740529060e-01 1.093066931e+00 1.111851539e-02 0.000000000e+00 2.533168765e-03 0.000000000e+00 0.000000000e+00 6.303433911e-04 0.000000000e+00 0.000000000e+00 0.000000000e+00 0.000000000e+00 4.538456011e-08
8.997091406e+04 2.880328979e+02 1.251201859e+02 9.702559710e-01 1.081430554e+00 1.056007482e-02 0.000000000e+00 2.448753454e-03 0.000000000e+00 0.000000000e+00 8.310869453e-04 0.000000000e+00 0.000000000e+00 0.000000000e+00 0.000000000e+00 4.567024092e-08
8.853302344e+04 2.870983582e+02 1.469834290e+02 9.658000469e-01 1.068076253e+00 9.839601815e-03 0.000000000e+00 2.291341778e-03 0.000000000e+00 0.000000000e+00 1.079709735e-03 0.000000000e+00 0.000000000e+00 0.000000000e+00 0.000000000e+00 4.600196135e-08
8.686980469e+04 2.860538940e+02 1.725445862e+02 9.605809450e-01 1.052350163e+00 9.033509530e-03 0.000000000e+00 2.079458907e-03 0.000000000e+00 0.000000000e+00 1.376561471e-03 0.000000000e+00 0.000000000e+00 0.000000000e+00 0.000000000e+00 4.638566509e-08
8.494679688e+04 2.848887329e+02 2.022397308e+02 9.544568062e-01 1.033744693e+00 8.263546042e-03 0.000000000e+00 1.861508819e-03 0.000000000e+00 0.000000000e+00 1.718865824e-03 0.000000000e+00 0.000000000e+00 0.000000000e+00 0.000000000e+00 4.682950561e-08
8.273762500e+04 2.836407776e+02 2.370570679e+02 9.472979307e-01 1.011798501e+00 7.433694787e-03 0.000000000e+00 1.675070147e-03 0.000000000e+00 0.000000000e+00 2.099360805e-03 0.000000000e+00 0.000000000e+00 0.000000000e+00 0.000000000e+00 4.742466331e-08
8.020889062e+04 2.823501282e+02 2.773441772e+02 9.389338493e-01 9.860006571e-01 6.357285194e-03 0.000000000e+00 1.412051381e-03 0.000000000e+00 3.716961738e-10 2.565189498e-03 0.000000000e+00 0.000000000e+00 0.000000000e+00 0.000000000e+00 4.810591037e-08
7.733807812e+04 2.808482666e+02 3.241535645e+02 9.292068481e-01 9.563565254e-01 5.386319011e-03 0.000000000e+00 1.026237733e-03 0.000000000e+00 1.995134724e-08 3.097379580e-03 0.000000000e+00 0.000000000e+00 0.000000000e+00 4.034317681e-05 4.887931837e-08
7.409446875e+04 2.787977295e+02 3.785071716e+02 9.179012179e-01 9.231765866e-01 5.044059362e-03 0.000000000e+00 5.935872323e-04 0.000000000e+00 3.946022389e-07 3.647261765e-03 0.000000000e+00 0.000000000e+00 0.000000000e+00 4.577801519e-05 4.976148205e-08
7.044440625e+04 2.758950195e+02 4.406362000e+02 9.047479033e-01 8.868674636e-01 5.166212097e-03 6.264208041e-10 1.748741197e-04 0.000000000e+00 3.435094641e-06 4.135932773e-03 2.625056170e-02 0.000000000e+00 0.000000000e+00 6.587611279e-05 5.077698262e-08
6.638387500e+04 2.726041870e+02 5.119998169e+02 8.895303011e-01 8.457949758e-01 5.246276036e-03 0.000000000e+00 1.143019745e-06 1.917768486e-07 1.432896624e-05 4.447009414e-03 9.837148339e-02 0.000000000e+00 3.162627036e-05 8.742051432e-05 5.190668162e-08
6.190471094e+04 2.697885132e+02 5.954720459e+02 8.719518185e-01 7.971614599e-01 4.824485164e-03 4.061960499e-04 1.275934392e-05 4.423181508e-06 1.833699389e-05 4.481123295e-03 1.000000000e+00 1.965882075e-05 6.138609751e-05 9.145555669e-05 5.315116880e-08
5.718279297e+04 2.668480225e+02 6.475053711e+02 8.524074554e-01 7.447660565e-01 4.169562366e-03 9.796490194e-04 3.775711775e-06 1.052353946e-05 2.314360790e-05 4.473403096e-03 1.000000000e+00 2.194908120e-05 7.065672980e-05 9.531208343e-05 5.449960483e-08
5.263065625e+04 2.631770630e+02 6.335691528e+02 8.324419260e-01 6.953653097e-01 3.396186279e-03 1.483815140e-03 7.768428986e-06 1.489183705e-05 2.626440073e-05 4.302879330e-03 1.000000000e+00 2.303003384e-05 7.439636829e-05 9.742383554e-05 5.596501751e-08
4.846723828e+04 2.589283142e+02 6.186595459e+02 8.130702376e-01 6.511737108e-01 2.615231788e-03 1.745762769e-03 3.035071495e-05 1.496329332e-05 5.351758955e-05 4.046546761e-03 1.000000000e+00 2.345340363e-05 7.444799849e-05 1.094614636e-04 5.965590333e-08
4.465450000e+04 2.544036102e+02 6.035004883e+02 7.942578197e-01 6.108679175e-01 1.943061128e-03 1.816301607e-03 5.569909627e-05 2.417142423e-05 7.860395272e-05 3.646938363e-03 1.000000000e+00 2.355656216e-05 7.962738164e-05 1.160373868e-04 6.479206149e-08
4.116409375e+04 2.497455444e+02 5.880895386e+02 7.760012746e-01 5.738098621e-01 1.405268093e-03 1.743279863e-03 3.268621367e-05 3.372918854e-06 1.768232469e-04 3.019520780e-03 1.000000000e+00 2.344969653e-05 5.851736569e-05 1.279999997e-04 7.107684041e-08
3.797307031e+04 2.448861084e+02 5.722737427e+02 7.583159804e-01 5.399715304e-01 9.804663714e-04 1.681802678e-03 7.021330930e-07 5.601338671e-06 2.863601258e-04 2.208877588e-03 1.000000000e+00 2.335619865e-05 6.389942428e-05 1.279999997e-04 7.728574047e-08
3.505973047e+04 2.399298706e+02 5.556583862e+02 7.412168980e-01 5.089405775e-01 6.639466737e-04 8.834574837e-04 4.695557720e-08 4.351985117e-04 5.459063686e-04 1.342061209e-03 1.000000000e+00 2.168006176e-05 1.109696823e-04 1.279999997e-04 8.437980625e-08
3.239600391e+04 2.347992401e+02 5.389031982e+02 7.246702313e-01 4.806167185e-01 4.317893181e-04 0.000000000e+00 0.000000000e+00 6.111402181e-04 9.434549138e-04 6.594011211e-04 1.000000000e+00 0.000000000e+00 1.146552968e-04 1.279999997e-04 9.386727839e-08
2.996493359e+04 2.296633148e+02 5.214716797e+02 7.086975574e-01 4.545412362e-01 2.517927787e-04 0.000000000e+00 0.000000000e+00 4.175925278e-04 9.144932847e-04 2.464943391e-04 1.000000000e+00 0.000000000e+00 1.105214178e-04 1.279999997e-04 1.078974989e-07
2.774115234e+04 2.249898987e+02 5.043334656e+02 6.932545304e-01 4.295785129e-01 1.402440394e-04 0.000000000e+00 0.000000000e+00 2.095769305e-04 8.089896291e-04 6.007868433e-05 1.000000000e+00 0.000000000e+00 1.030387648e-04 1.279999997e-04 1.327183270e-07
2.571276758e+04 2.210500031e+02 4.862856140e+02 6.783769727e-01 4.052796662e-01 8.172050730e-05 0.000000000e+00 0.000000000e+00 1.005332451e-04 1.146165654e-03 1.430583325e-05 1.000000000e+00 0.000000000e+00 9.506853530e-05 1.279999997e-04 1.690801810e-07
2.386555078e+04 2.168020935e+02 4.671499634e+02 6.640800238e-01 3.835425675e-01 4.744402031e-05 0.000000000e+00 0.000000000e+00 8.789358253e-05 2.034931676e-03 8.675751815e-06 1.000000000e+00 0.000000000e+00 9.361127741e-05 1.279999997e-04 2.152196714e-07
2.218280078e+04 2.133690338e+02 4.500116882e+02 6.503505707e-01 3.622385561e-01 3.181875945e-05 0.000000000e+00 0.000000000e+00 7.593117334e-05 1.860870514e-03 2.918299515e-06 1.000000000e+00 0.000000000e+00 9.202479123e-05 1.279999997e-04 2.714060656e-07
2.065308594e+04 2.131667023e+02 4.391005554e+02 6.372082829e-01 3.375786245e-01 3.306135113e-05 0.000000000e+00 0.000000000e+00 2.561696056e-05 5.903443671e-04 2.923512170e-07 1.000000000e+00 0.000000000e+00 8.025549323e-05 1.279999997e-04 3.243206379e-07
1.926328906e+04 2.131700287e+02 4.282133484e+02 6.246507764e-01 3.148589730e-01 2.394610055e-05 0.000000000e+00 0.000000000e+00 4.077789072e-06 7.930771972e-05 3.400103116e-11 9.566724300e-01 0.000000000e+00 6.052366371e-05 1.161902910e-04 3.754416866e-07
1.799886914e+04 2.135830383e+02 4.172778931e+02 6.126506925e-01 2.936257124e-01 9.444017451e-06 0.000000000e+00 0.000000000e+00 1.347437717e-09 4.877273341e-08 2.662869925e-11 0.000000000e+00 0.000000000e+00 2.014531856e-05 4.082725718e-05 4.223420831e-07
1.685030859e+04 2.179276428e+02 4.138957520e+02 6.012163758e-01 2.694093585e-01 3.655492719e-06 0.000000000e+00 0.000000000e+00 0.000000000e+00 8.088930914e-11 0.000000000e+00 0.000000000e+00 0.000000000e+00 0.000000000e+00 0.000000000e+00 4.676741980e-07
1.580722656e+04 2.199740753e+02 4.050203857e+02 5.903391838e-01 2.503812909e-01 1.633876082e-06 0.000000000e+00 0.000000000e+00 0.000000000e+00 9.037054091e-12 0.000000000e+00 0.000000000e+00 0.000000000e+00 0.000000000e+00 0.000000000e+00 5.088432431e-07
1.485917285e+04 2.193035126e+02 3.902792358e+02 5.799987316e-01 2.360840589e-01 1.853273375e-06 0.000000000e+00 0.000000000e+00 0.000000000e+00 2.906710463e-11 0.000000000e+00 0.000000000e+00 0.000000000e+00 0.000000000e+00 0.000000000e+00 5.586081215e-07
1.399674707e+04 2.188358002e+02 3.763739929e+02 5.701744556e-01 2.228569835e-01 2.296715365e-06 0.000000000e+00 0.000000000e+00 0.000000000e+00 0.000000000e+00 0.000000000e+00 0.000000000e+00 0.000000000e+00 0.000000000e+00 0.000000000e+00 6.089524618e-07
1.321220410e+04 2.176813202e+02 3.605946960e+02 5.608543158e-01 2.114811093e-01 2.358725169e-06 0.000000000e+00 0.000000000e+00 0.000000000e+00 0.000000000e+00 0.000000000e+00 0.000000000e+00 0.000000000e+00 0.000000000e+00 0.000000000e+00 6.557446000e-07
1.249890137e+04 2.161666718e+02 3.438961792e+02 5.520309210e-01 2.014654428e-01 2.407313787e-06 0.000000000e+00 0.000000000e+00 0.000000000e+00 0.000000000e+00 0.000000000e+00 0.000000000e+00 0.000000000e+00 0.000000000e+00 0.000000000e+00 7.154786204e-07
1.184961426e+04 2.150578613e+02 3.288484497e+02 5.436809063e-01 1.919845790e-01 2.520000180e-06 0.000000000e+00 0.000000000e+00 0.000000000e+00 0.000000000e+00 0.000000000e+00 0.000000000e+00 0.000000000e+00 0.000000000e+00 0.000000000e+00 7.698517379e-07
1.125858887e+04 2.140945129e+02 3.130035095e+02 5.357909799e-01 1.832296997e-01 2.589815722e-06 0.000000000e+00 0.000000000e+00 0.000000000e+00 0.000000000e+00 0.000000000e+00 0.000000000e+00 0.000000000e+00 0.000000000e+00 0.000000000e+00 8.215507705e-07
1.072139258e+04 2.130384674e+02 2.972322083e+02 5.283587575e-01 1.753519326e-01 2.646407211e-06 0.000000000e+00 0.000000000e+00 0.000000000e+00 0.000000000e+00 0.000000000e+00 0.000000000e+00 0.000000000e+00 0.000000000e+00 0.000000000e+00 8.873493016e-07
1.023270801e+04 2.124005737e+02 2.826101685e+02 5.213629603e-01 1.678619534e-01 2.668671641e-06 0.000000000e+00 0.000000000e+00 0.000000000e+00 0.000000000e+00 0.000000000e+00 0.000000000e+00 0.000000000e+00 0.000000000e+00 0.000000000e+00 9.472059332e-07
9.728108594e+04 2.925966797e+02
9.708462500e+04 2.926015625e+02
9.685382812e+04 2.925556335e+02
9.658683594e+04 2.924108276e+02
9.626900000e+04 2.921827087e+02
9.589235156e+04 2.918839111e+02
9.545165625e+04 2.915251465e+02
9.493320312e+04 2.911028748e+02
9.432079688e+04 2.906253662e+02
9.360517969e+04 2.901302795e+02
9.276625781e+04 2.896366577e+02
9.178275000e+04 2.891030579e+02
9.063760938e+04 2.884412842e+02
8.930627344e+04 2.876009216e+02
8.776303125e+04 2.866148376e+02
8.597739844e+04 2.855131836e+02
8.391965625e+04 2.843085022e+02
8.155803125e+04 2.830387268e+02
7.886536719e+04 2.816472778e+02
7.581452344e+04 2.798851013e+02
7.237167969e+04 2.774276733e+02
6.851743750e+04 2.743333435e+02
6.424485547e+04 2.712595520e+02
5.955830859e+04 2.683273315e+02
5.479864453e+04 2.649253845e+02
5.045018750e+04 2.609519043e+02
4.647056641e+04 2.565588074e+02
4.282650391e+04 2.519640961e+02
3.949306641e+04 2.472008362e+02
3.644699219e+04 2.422899017e+02
3.366497656e+04 2.372434235e+02
3.112271289e+04 2.321092529e+02
2.880033008e+04 2.272158203e+02
2.667881445e+04 2.229264374e+02
2.474522070e+04 2.188250122e+02
2.298445508e+04 2.150045319e+02
2.138162891e+04 2.132630615e+02
1.992528906e+04 2.131684418e+02
1.860086719e+04 2.133863983e+02
1.739756445e+04 2.158575592e+02
1.630403906e+04 2.189993591e+02
1.531049805e+04 2.196227264e+02
1.440772559e+04 2.190586853e+02
1.358581738e+04 2.182311096e+02
1.283846191e+04 2.168877106e+02
1.215918359e+04 2.155865173e+02
1.153992188e+04 2.145530701e+02
1.097715723e+04 2.135412598e+02
1.046556543e+04 2.127045441e+02
1.000266504e+04 2.120896759e+02
2 1974 93 6 1 2 0 2 0 0 0 2 1
9.275000000e+01 1.200000000e+01 3.600000000e+02 1.000000000e+00 8.692636341e-02 1.369704102e+03 8.112577200e-01 4.069631958e+01 -8.651892090e+01 2.232259512e-01 2.915782776e+02 1.000000000e+00 0.000000000e+00 0.000000000e+00 0.000000000e+00
9.718289844e+04 2.925991211e+02 1.711029625e+01 9.918688536e-01 1.148667812e+00 1.231805794e-02 0.000000000e+00 2.089239890e-03 0.000000000e+00 0.000000000e+00 4.871254714e-05 0.000000000e+00 0.000000000e+00 0.000000000e+00 0.000000000e+00 4.403730003e-08
9.696803906e+04 2.926044922e+02 2.033270645e+01 9.912418127e-01 1.146159291e+00 1.224278565e-02 0.000000000e+00 2.124316292e-03 0.000000000e+00 0.000000000e+00 5.783486631e-05 0.000000000e+00 0.000000000e+00 0.000000000e+00 0.000000000e+00 4.408170540e-08
9.671947656e+04 2.924981689e+02 2.395638847e+01 9.905151725e-01 1.143675208e+00 1.218724716e-02 0.000000000e+00 2.163264668e-03 0.000000000e+00 0.000000000e+00 6.969975220e-05 0.000000000e+00 0.000000000e+00 0.000000000e+00 0.000000000e+00 4.413308119e-08
9.643000000e+04 2.923075256e+02 2.837533379e+01 9.896672368e-01 1.141029835e+00 1.213782374e-02 0.000000000e+00 2.206027042e-03 0.000000000e+00 0.000000000e+00 8.533070650e-05 0.000000000e+00 0.000000000e+00 0.000000000e+00 0.000000000e+00 4.419291244e-08
9.607961719e+04 2.920358582e+02 3.344325638e+01 9.886384606e-01 1.137969613e+00 1.209698152e-02 0.000000000e+00 2.253156621e-03 0.000000000e+00 0.000000000e+00 1.058118069e-04 0.000000000e+00 0.000000000e+00 0.000000000e+00 0.000000000e+00 4.426533096e-08
9.567131250e+04 2.917045898e+02 3.956682587e+01 9.874362350e-01 1.134441733e+00 1.206598617e-02 0.000000000e+00 2.304970287e-03 0.000000000e+00 0.000000000e+00 1.321575837e-04 0.000000000e+00 0.000000000e+00 0.000000000e+00 0.000000000e+00 4.435516843e-08
9.519321875e+04 2.913140259e+02 4.668115234e+01 9.860239029e-01 1.130301952e+00 1.204252057e-02 0.000000000e+00 2.362176543e-03 0.000000000e+00 0.000000000e+00 1.660701382e-04 0.000000000e+00 0.000000000e+00 0.000000000e+00 0.000000000e+00 4.446546242e-08
9.462714844e+04 2.908543701e+02 5.512987137e+01 9.843450189e-01 1.125374556e+00 1.201544795e-02 0.000000000e+00 2.421562094e-03 0.000000000e+00 0.000000000e+00 2.119904966e-04 0.000000000e+00 0.000000000e+00 0.000000000e+00 0.000000000e+00 4.459605307e-08
9.396132031e+04 2.903565979e+02 6.495184326e+01 9.823611379e-01 1.119413495e+00 1.195363235e-02 0.000000000e+00 2.479656599e-03 0.000000000e+00 0.000000000e+00 2.736614842e-04 0.000000000e+00 0.000000000e+00 0.000000000e+00 0.000000000e+00 4.474966175e-08
9.318685938e+04 2.898644714e+02 7.667631531e+01 9.800409079e-01 1.112171054e+00 1.180573646e-02 0.000000000e+00 2.529480495e-03 0.000000000e+00 0.000000000e+00 3.562220372e-04 0.000000000e+00 0.000000000e+00 0.000000000e+00 0.000000000e+00 4.492832772e-08
9.227351562e+04 2.893697815e+02 9.038719940e+01 9.772867560e-01 1.103336930e+00 1.152976789e-02 0.000000000e+00 2.554205246e-03 0.000000000e+00 0.000000000e+00 4.733107635e-04 0.000000000e+00 0.000000000e+00 0.000000000e+00 0.000000000e+00 4.513903562e-08
9.120925000e+04 2.887914124e+02 1.063940582e+02 9.740529060e-01 1.093066931e+00 1.111851539e-02 0.000000000e+00 2.533168765e-03 0.000000000e+00 0.000000000e+00 6.303433911e-04 0.000000000e+00 0.000000000e+00 0.000000000e+00 0.000000000e+00 4.538456011e-08
8.997091406e+04 2.880328979e+02 1.251201859e+02 9.702559710e-01 1.081430554e+00 1.056007482e-02 0.000000000e+00 2.448753454e-03 0.000000000e+00 0.000000000e+00 8.310869453e-04 0.000000000e+00 0.000000000e+00 0.000000000e+00 0.000000000e+00 4.567024092e-08
8.853302344e+04 2.870983582e+02 1.469834290e+02 9.658000469e-01 1.068076253e+00 9.839601815e-03 0.000000000e+00 2.291341778e-03 0.000000000e+00 0.000000000e+00 1.079709735e-03 0.000000000e+00 0.000000000e+00 0.000000000e+00 0.000000000e+00 4.600196135e-08
8.686980469e+04 2.860538940e+02 1.725445862e+02 9.605809450e-01 1.052350163e+00 9.033509530e-03 0.000000000e+00 2.079458907e-03 0.000000000e+00 0.000000000e+00 1.376561471e-03 0.000000000e+00 0.000000000e+00 0.000000000e+00 0.000000000e+00 4.638566509e-08
8.494679688e+04 2.848887329e+02 2.022397308e+02 9.544568062e-01 1.033744693e+00 8.263546042e-03 0.000000000e+00 1.861508819e-03 0.000000000e+00 0.000000000e+00 1.718865824e-03 0.000000000e+00 0.000000000e+00 0.000000000e+00 0.000000000e+00 4.682950561e-08
8.273762500e+04 2.836407776e+02 2.370570679e+02 9.472979307e-01 1.011798501e+00 7.433694787e-03 0.000000000e+00 1.675070147e-03 0.000000000e+00 0.000000000e+00 2.099360805e-03 0.000000000e+00 0.000000000e+00 0.000000000e+00 0.000000000e+00 4.742466331e-08
8.020889062e+04 2.823501282e+02 2.773441772e+02 9.389338493e-01 9.860006571e-01 6.357285194e-03 0.000000000e+00 1.412051381e-03 0.000000000e+00 3.716961738e-10 2.565189498e-03 0.000000000e+00 0.000000000e+00 0.000000000e+00 0.000000000e+00 4.810591037e-08
7.733807812e+04 2.808482666e+02 3.241535645e+02 9.292068481e-01 9.563565254e-01 5.386319011e-03 0.000000000e+00 1.026237733e-03 0.000000000e+00 1.995134724e-08 3.097379580e-03 0.000000000e+00 0.000000000e+00 0.000000000e+00 4.034317681e-05 4.887931837e-08
7.409446875e+04 2.787977295e+02 3.785071716e+02 9.179012179e-01 9.231765866e-01 5.044059362e-03 0.000000000e+00 5.935872323e-04 0.000000000e+00 3.946022389e-07 3.647261765e-03 0.000000000e+00 0.000000000e+00 0.000000000e+00 4.577801519e-05 4.976148205e-08
7.044440625e+04 2.758950195e+02 4.406362000e+02 9.047479033e-01 8.868674636e-01 5.166212097e-03 6.264208041e-10 1.748741197e-04 0.000000000e+00 3.435094641e-06 4.135932773e-03 2.625056170e-02 0.000000000e+00 0.000000000e+00 6.587611279e-05 5.077698262e-08
6.638387500e+04 2.726041870e+02 5.119998169e+02 8.895303011e-01 8.457949758e-01 5.246276036e-03 0.000000000e+00 1.143019745e-06 1.917768486e-07 1.432896624e-05 4.447009414e-03 9.837148339e-02 0.000000000e+00 3.162627036e-05 8.742051432e-05 5.190668162e-08
6.190471094e+04 2.697885132e+02 5.954720459e+02 8.719518185e-01 7.971614599e-01 4.824485164e-03 4.061960499e-04 1.275934392e-05 4.423181508e-06 1.833699389e-05 4.481123295e-03 1.000000000e+00 1.965882075e-05 6.138609751e-05 9.145555669e-05 5.315116880e-08
5.718279297e+04 2.668480225e+02 6.475053711e+02 8.524074554e-01 7.447660565e-01 4.169562366e-03 9.796490194e-04 3.775711775e-06 1.052353946e-05 2.314360790e-05 4.473403096e-03 1.000000000e+00 2.194908120e-05 7.065672980e-05 9.531208343e-05 5.449960483e-08
5.263065625e+04 2.631770630e+02 6.335691528e+02 8.324419260e-01 6.953653097e-01 3.396186279e-03 1.483815140e-03 7.768428986e-06 1.489183705e-05 2.626440073e-05 4.302879330e-03 1.000000000e+00 2.303003384e-05 7.439636829e-05 9.742383554e-05 5.596501751e-08
4.846723828e+04 2.589283142e+02 6.186595459e+02 8.130702376e-01 6.511737108e-01 2.615231788e-03 1.745762769e-03 3.035071495e-05 1.496329332e-05 5.351758955e-05 4.046546761e-03 1.000000000e+00 2.345340363e-05 7.444799849e-05 1.094614636e-04 5.965590333e-08
4.465450000e+04 2.544036102e+02 6.035004883e+02 7.942578197e-01 6.108679175e-01 1.943061128e-03 1.816301607e-03 5.569909627e-05 2.417142423e-05 7.860395272e-05 3.646938363e-03 1.000000000e+00 2.355656216e-05 7.962738164e-05 1.160373868e-04 6.479206149e-08
4.116409375e+04 2.497455444e+02 5.880895386e+02 7.760012746e-01 5.738098621e-01 1.405268093e-03 1.743279863e-03 3.268621367e-05 3.372918854e-06 1.768232469e-04 3.019520780e-03 1.000000000e+00 2.344969653e-05 5.851736569e-05 1.279999997e-04 7.107684041e-08
3.797307031e+04 2.448861084e+02 5.722737427e+02 7.583159804e-01 5.399715304e-01 9.804663714e-04 1.681802678e-03 7.021330930e-07 5.601338671e-06 2.863601258e-04 2.208877588e-03 1.000000000e+00 2.335619865e-05 6.389942428e-05 1.279999997e-04 7.728574047e-08
3.505973047e+04 2.399298706e+02 5.556583862e+02 7.412168980e-01 5.089405775e-01 6.639466737e-04 8.834574837e-04 4.695557720e-08 4.351985117e-04 5.459063686e-04 1.342061209e-03 1.000000000e+00 2.168006176e-05 1.109696823e-04 1.279999997e-04 8.437980625e-08
3.239600391e+04 2.347992401e+02 5.389031982e+02 7.246702313e-01 4.806167185e-01 4.317893181e-04 0.000000000e+00 0.000000000e+00 6.111402181e-04 9.434549138e-04 6.594011211e-04 1.000000000e+00 0.000000000e+00 1.146552968e-04 1.279999997e-04 9.386727839e-08
2.996493359e+04 2.296633148e+02 5.214716797e+02 7.086975574e-01 4.545412362e-01 2.517927787e-04 0.000000000e+00 0.000000000e+00 4.175925278e-04 9.144932847e-04 2.464943391e-04 1.000000000e+00 0.000000000e+00 1.105214178e-04 1.279999997e-04 1.078974989e-07
2.774115234e+04 2.249898987e+02 5.043334656e+02 6.932545304e-01 4.295785129e-01 1.402440394e-04 0.000000000e+00 0.000000000e+00 2.095769305e-04 8.089896291e-04 6.007868433e-05 1.000000000e+00 0.000000000e+00 1.030387648e-04 1.279999997e-04 1.327183270e-07
2.571276758e+04 2.210500031e+02 4.862856140e+02 6.783769727e-01 4.052796662e-01 8.172050730e-05 0.000000000e+00 0.000000000e+00 1.005332451e-04 1.146165654e-03 1.430583325e-05 1.000000000e+00 0.000000000e+00 9.506853530e-05 1.279999997e-04 1.690801810e-07
2.386555078e+04 2.168020935e+02 4.671499634e+02 6.640800238e-01 3.835425675e-01 4.744402031e-05 0.000000000e+00 0.000000000e+00 8.789358253e-05 2.034931676e-03 8.675751815e-06 1.000000000e+00 0.000000000e+00 9.361127741e-05 1.279999997e-04 2.152196714e-07
2.218280078e+04 2.133690338e+02 4.500116882e+02 6.503505707e-01 3.622385561e-01 3.181875945e-05 0.000000000e+00 0.000000000e+00 7.593117334e-05 1.860870514e-03 2.918299515e-06 1.000000000e+00 0.000000000e+00 9.202479123e-05 1.279999997e-04 2.714060656e-07
2.065308594e+04 2.131667023e+02 4.391005554e+02 6.372082829e-01 3.375786245e-01 3.306135113e-05 0.000000000e+00 0.000000000e+00 2.561696056e-05 5.903443671e-04 2.923512170e-07 1.000000000e+00 0.000000000e+00 8.025549323e-05 1.279999997e-04 3.243206379e-07
1.926328906e+04 2.131700287e+02 4.282133484e+02 6.246507764e-01 3.148589730e-01 2.394610055e-05 0.000000000e+00 0.000000000e+00 4.077789072e-06 7.930771972e-05 3.400103116e-11 9.566724300e-01 0.000000000e+00 6.052366371e-05 1.161902910e-04 3.754416866e-07
1.799886914e+04 2.135830383e+02 4.172778931e+02 6.126506925e-01 2.936257124e-01 9.444017451e-06 0.000000000e+00 0.000000000e+00 1.347437717e-09 4.877273341e-08 2.662869925e-11 0.000000000e+00 0.000000000e+00 2.014531856e-05 4.082725718e-05 4.223420831e-07
1.685030859e+04 2.179276428e+02 4.138957520e+02 6.012163758e-01 2.694093585e-01 3.655492719e-06 0.000000000e+00 0.000000000e+00 0.000000000e+00 8.088930914e-11 0.000000000e+00 0.000000000e+00 0.000000000e+00 0.000000000e+00 0.000000000e+00 4.676741980e-07
1.580722656e+04 2.199740753e+02 4.050203857e+02 5.903391838e-01 2.503812909e-01 1.633876082e-06 0.000000000e+00 0.000000000e+00 0.000000000e+00 9.037054091e-12 0.000000000e+00 0.000000000e+00 0.000000000e+00 0.000000000e+00 0.000000000e+00 5.088432431e-07
1.485917285e+04 2.193035126e+02 3.902792358e+02 5.799987316e-01 2.360840589e-01 1.853273375e-06 0.000000000e+00 0.000000000e+00 0.000000000e+00 2.906710463e-11 0.000000000e+00 0.000000000e+00 0.000000000e+00 0.000000000e+00 0.000000000e+00 5.586081215e-07
1.399674707e+04 2.188358002e+02 3.763739929e+02 5.701744556e-01 2.228569835e-01 2.296715365e-06 0.000000000e+00 0.000000000e+00 0.000000000e+00 0.000000000e+00 0.000000000e+00 0.000000000e+00 0.000000000e+00 0.000000000e+00 0.000000000e+00 6.089524618e-07
1.321220410e+04 2.176813202e+02 3.605946960e+02 5.608543158e-01 2.114811093e-01 2.358725169e-06 0.000000000e+00 0.000000000e+00 0.000000000e+00 0.000000000e+00 0.000000000e+00 0.000000000e+00 0.000000000e+00 0.000000000e+00 0.000000000e+00 6.557446000e-07
1.249890137e+04 2.161666718e+02 3.438961792e+02 5.520309210e-01 2.014654428e-01 2.407313787e-06 0.000000000e+00 0.000000000e+00 0.000000000e+00 0.000000000e+00 0.000000000e+00 0.000000000e+00 0.000000000e+00 0.000000000e+00 0.000000000e+00 7.154786204e-07
1.184961426e+04 2.150578613e+02 3.288484497e+02 5.436809063e-01 1.919845790e-01 2.520000180e-06 0.000000000e+00 0.000000000e+00 0.000000000e+00 0.000000000e+00 0.000000000e+00 0.000000000e+00 0.000000000e+00 0.000000000e+00 0.000000000e+00 7.698517379e-07
1.125858887e+04 2.140945129e+02 3.130035095e+02 5.357909799e-01 1.832296997e-01 2.589815722e-06 0.000000000e+00 0.000000000e+00 0.000000000e+00 0.000000000e+00 0.000000000e+00 0.000000000e+00 0.000000000e+00 0.000000000e+00 0.000000000e+00 8.215507705e-07
1.072139258e+04 2.130384674e+02 2.972322083e+02 5.283587575e-01 1.753519326e-01 2.646407211e-06 0.000000000e+00 0.000000000e+00 0.000000000e+00 0.000000000e+00 0.000000000e+00 0.000000000e+00 0.000000000e+00 0.000000000e+00 0.000000000e+00 8.873493016e-07
1.023270801e+04 2.124005737e+02 2.826101685e+02 5.213629603e-01 1.678619534e-01 2.668671641e-06 0.000000000e+00 0.000000000e+00 0.000000000e+00 0.000000000e+00 0.000000000e+00 0.000000000e+00 0.000000000e+00 0.000000000e+00 0.000000000e+00 9.472059332e-07
9.728108594e+04 2.925966797e+02
9.708462500e+04 2.926015625e+02
9.685382812e+04 2.925556335e+02
9.658683594e+04 2.924108276e+02
9.626900000e+04 2.921827087e+02
9.589235156e+04 2.918839111e+02
9.545165625e+04 2.915251465e+02
9.493320312e+04 2.911028748e+02
9.432079688e+04 2.906253662e+02
9.360517969e+04 2.901302795e+02
9.276625781e+04 2.896366577e+02
9.178275000e+04 2.891030579e+02
9.063760938e+04 2.884412842e+02
8.930627344e+04 2.876009216e+02
8.776303125e+04 2.866148376e+02
8.597739844e+04 2.855131836e+02
8.391965625e+04 2.843085022e+02
8.155803125e+04 2.830387268e+02
7.886536719e+04 2.816472778e+02
7.581452344e+04 2.798851013e+02
7.237167969e+04 2.774276733e+02
6.851743750e+04 2.743333435e+02
6.424485547e+04 2.712595520e+02
5.955830859e+04 2.683273315e+02
5.479864453e+04 2.649253845e+02
5.045018750e+04 2.609519043e+02
4.647056641e+04 2.565588074e+02
4.282650391e+04 2.519640961e+02
3.949306641e+04 2.472008362e+02
3.644699219e+04 2.422899017e+02
3.366497656e+04 2.372434235e+02
3.112271289e+04 2.321092529e+02
2.880033008e+04 2.272158203e+02
2.667881445e+04 2.229264374e+02
2.474522070e+04 2.188250122e+02
2.298445508e+04 2.150045319e+02
2.138162891e+04 2.132630615e+02
1.992528906e+04 2.131684418e+02
1.860086719e+04 2.133863983e+02
1.739756445e+04 2.158575592e+02
1.630403906e+04 2.189993591e+02
1.531049805e+04 2.196227264e+02
1.440772559e+04 2.190586853e+02
1.358581738e+04 2.182311096e+02
1.283846191e+04 2.168877106e+02
1.215918359e+04 2.155865173e+02
1.153992188e+04 2.145530701e+02
1.097715723e+04 2.135412598e+02
1.046556543e+04 2.127045441e+02
1.000266504e+04 2.120896759e+02
3 1974 93 8 1 2 0 2 1 1 1 2 0
9.275000000e+01 1.200000000e+01 3.600000000e+02 1.000000000e+00 8.692636341e-02 1.369704102e+03 8.112577200e-01 4.069631958e+01 -8.651892090e+01 2.232259512e-01 2.915782776e+02 1.000000000e+00 0.000000000e+00 0.000000000e+00 0.000000000e+00
9.718289844e+04 2.925991211e+02 1.711029625e+01 9.918688536e-01 1.148667812e+00 1.231805794e-02 0.000000000e+00 2.089239890e-03 0.000000000e+00 0.000000000e+00 4.871254714e-05 0.000000000e+00 0.000000000e+00 0.000000000e+00 0.000000000e+00 4.403730003e-08
9.696803906e+04 2.926044922e+02 2.033270645e+01 9.912418127e-01 1.146159291e+00 1.224278565e-02 0.000000000e+00 2.124316292e-03 0.000000000e+00 0.000000000e+00 5.783486631e-05 0.000000000e+00 0.000000000e+00 0.000000000e+00 0.000000000e+00 4.408170540e-08
9.671947656e+04 2.924981689e+02 2.395638847e+01 9.905151725e-01 1.143675208e+00 1.218724716e-02 0.000000000e+00 2.163264668e-03 0.000000000e+00 0.000000000e+00 6.969975220e-05 0.000000000e+00 0.000000000e+00 0.000000000e+00 0.000000000e+00 4.413308119e-08
9.643000000e+04 2.923075256e+02 2.837533379e+01 9.896672368e-01 1.141029835e+00 1.213782374e-02 0.000000000e+00 2.206027042e-03 0.000000000e+00 0.000000000e+00 8.533070650e-05 0.000000000e+00 0.000000000e+00 0.000000000e+00 0.000000000e+00 4.419291244e-08
9.607961719e+04 2.920358582e+02 3.344325638e+01 9.886384606e-01 1.137969613e+00 1.209698152e-02 0.000000000e+00 2.253156621e-03 0.000000000e+00 0.000000000e+00 1.058118069e-04 0.000000000e+00 0.000000000e+00 0.000000000e+00 0.000000000e+00 4.426533096e-08
9.567131250e+04 2.917045898e+02 3.956682587e+01 9.874362350e-01 1.134441733e+00 1.206598617e-02 0.000000000e+00 2.304970287e-03 0.000000000e+00 0.000000000e+00 1.321575837e-04 0.000000000e+00 0.000000000e+00 0.000000000e+00 0.000000000e+00 4.435516843e-08
9.519321875e+04 2.913140259e+02 4.668115234e+01 9.860239029e-01 1.130301952e+00 1.204252057e-02 0.000000000e+00 2.362176543e-03 0.000000000e+00 0.000000000e+00 1.660701382e-04 0.000000000e+00 0.000000000e+00 0.000000000e+00 0.000000000e+00 4.446546242e-08
9.462714844e+04 2.908543701e+02 5.512987137e+01 9.843450189e-01 1.125374556e+00 1.201544795e-02 0.000000000e+00 2.421562094e-03 0.000000000e+00 0.000000000e+00 2.119904966e-04 0.000000000e+00 0.000000000e+00 0.000000000e+00 0.000000000e+00 4.459605307e-08
9.396132031e+04 2.903565979e+02 6.495184326e+01 9.823611379e-01 1.119413495e+00 1.195363235e-02 0.000000000e+00 2.479656599e-03 0.000000000e+00 0.000000000e+00 2.736614842e-04 0.000000000e+00 0.000000000e+00 0.000000000e+00 0.000000000e+00 4.474966175e-08
9.318685938e+04 2.898644714e+02 7.667631531e+01 9.800409079e-01 1.112171054e+00 1.180573646e-02 0.000000000e+00 2.529480495e-03 0.000000000e+00 0.000000000e+00 3.562220372e-04 0.000000000e+00 0.000000000e+00 0.000000000e+00 0.000000000e+00 4.492832772e-08
9.227351562e+04 2.893697815e+02 9.038719940e+01 9.772867560e-01 1.103336930e+00 1.152976789e-02 0.000000000e+00 2.554205246e-03 0.000000000e+00 0.000000000e+00 4.733107635e-04 0.000000000e+00 0.000000000e+00 0.000000000e+00 0.000000000e+00 4.513903562e-08
9.120925000e+04 2.887914124e+02 1.063940582e+02 9.740529060e-01 1.093066931e+00 1.111851539e-02 0.000000000e+00 2.533168765e-03 0.000000000e+00 0.000000000e+00 6.303433911e-04 0.000000000e+00 0.000000000e+00 0.000000000e+00 0.000000000e+00 4.538456011e-08
8.997091406e+04 2.880328979e+02 1.251201859e+02 9.702559710e-01 1.081430554e+00 1.056007482e-02 0.000000000e+00 2.448753454e-03 0.000000000e+00 0.000000000e+00 8.310869453e-04 0.000000000e+00 0.000000000e+00 0.000000000e+00 0.000000000e+00 4.567024092e-08
8.853302344e+04 2.870983582e+02 1.469834290e+02 9.658000469e-01 1.068076253e+00 9.839601815e-03 0.000000000e+00 2.291341778e-03 0.000000000e+00 0.000000000e+00 1.079709735e-03 0.000000000e+00 0.000000000e+00 0.000000000e+00 0.000000000e+00 4.600196135e-08
8.686980469e+04 2.860538940e+02 1.725445862e+02 9.605809450e-01 1.052350163e+00 9.033509530e-03 0.000000000e+00 2.079458907e-03 0.000000000e+00 0.000000000e+00 1.376561471e-03 0.000000000e+00 0.000000000e+00 0.000000000e+00 0.000000000e+00 4.638566509e-08
8.494679688e+04 2.848887329e+02 2.022397308e+02 9.544568062e-01 1.033744693e+00 8.263546042e-03 0.000000000e+00 1.861508819e-03 0.000000000e+00 0.000000000e+00 1.718865824e-03 0.000000000e+00 0.000000000e+00 0.000000000e+00 0.000000000e+00 4.682950561e-08
8.273762500e+04 2.836407776e+02 2.370570679e+02 9.472979307e-01 1.011798501e+00 7.433694787e-03 0.000000000e+00 1.675070147e-03 0.000000000e+00 0.000000000e+00 2.099360805e-03 0.000000000e+00 0.000000000e+00 0.000000000e+00 0.000000000e+00 4.742466331e-08
8.020889062e+04 2.823501282e+02 2.773441772e+02 9.389338493e-01 9.860006571e-01 6.357285194e-03 0.000000000e+00 1.412051381e-03 0.000000000e+00 3.716961738e-10 2.565189498e-03 0.000000000e+00 0.000000000e+00 0.000000000e+00 0.000000000e+00 4.810591037e-08
7.733807812e+04 2.808482666e+02 3.241535645e+02 9.292068481e-01 9.563565254e-01 5.386319011e-03 0.000000000e+00 1.026237733e-03 0.000000000e+00 1.995134724e-08 3.097379580e-03 0.000000000e+00 0.000000000e+00 0.000000000e+00 2.500000119e-04 4.887931837e-08
7.409446875e+04 2.787977295e+02 3.785071716e+02 9.179012179e-01 9.231765866e-01 5.044059362e-03 0.000000000e+00 5.935872323e-04 0.000000000e+00 3.946022389e-07 3.647261765e-03 0.000000000e+00 0.000000000e+00 0.000000000e+00 2.500000119e-04 4.976148205e-08
7.044440625e+04 2.758950195e+02 4.406362000e+02 9.047479033e-01 8.868674636e-01 5.166212097e-03 6.264208041e-10 1.748741197e-04 0.000000000e+00 3.435094641e-06 4.135932773e-03 2.625056170e-02 0.000000000e+00 0.000000000e+00 2.500000119e-04 5.077698262e-08
6.638387500e+04 2.726041870e+02 5.119998169e+02 8.895303011e-01 8.457949758e-01 5.246276036e-03 0.000000000e+00 1.143019745e-06 1.917768486e-07 1.432896624e-05 4.447009414e-03 9.837148339e-02 0.000000000e+00 3.999999990e-06 2.500000119e-04 5.190668162e-08
6.190471094e+04 2.697885132e+02 5.954720459e+02 8.719518185e-01 7.971614599e-01 4.824485164e-03 4.061960499e-04 1.275934392e-05 4.423181508e-06 1.833699389e-05 4.481123295e-03 1.000000000e+00 9.999999975e-07 3.999999990e-06 2.500000119e-04 5.315116880e-08
5.718279297e+04 2.668480225e+02 6.475053711e+02 8.524074554e-01 7.447660565e-01 4.169562366e-03 9.796490194e-04 3.775711775e-06 1.052353946e-05 2.314360790e-05 4.473403096e-03 1.000000000e+00 9.999999975e-07 3.999999990e-06 2.500000119e-04 5.449960483e-08
5.263065625e+04 2.631770630e+02 6.335691528e+02 8.324419260e-01 6.953653097e-01 3.396186279e-03 1.483815140e-03 7.768428986e-06 1.489183705e-05 2.626440073e-05 4.302879330e-03 1.000000000e+00 9.999999975e-07 3.999999990e-06 2.500000119e-04 5.596501751e-08
4.846723828e+04 2.589283142e+02 6.186595459e+02 8.130702376e-01 6.511737108e-01 2.615231788e-03 1.745762769e-03 3.035071495e-05 1.496329332e-05 5.351758955e-05 4.046546761e-03 1.000000000e+00 9.999999975e-07 3.999999990e-06 2.500000119e-04 5.965590333e-08
4.465450000e+04 2.544036102e+02 6.035004883e+02 7.942578197e-01 6.108679175e-01 1.943061128e-03 1.816301607e-03 5.569909627e-05 2.417142423e-05 7.860395272e-05 3.646938363e-03 1.000000000e+00 9.999999975e-07 3.999999990e-06 2.500000119e-04 6.479206149e-08
4.116409375e+04 2.497455444e+02 5.880895386e+02 7.760012746e-01 5.738098621e-01 1.405268093e-03 1.743279863e-03 3.268621367e-05 3.372918854e-06 1.768232469e-04 3.019520780e-03 1.000000000e+00 9.999999975e-07 3.999999990e-06 2.500000119e-04 7.107684041e-08
3.797307031e+04 2.448861084e+02 5.722737427e+02 7.583159804e-01 5.399715304e-01 9.804663714e-04 1.681802678e-03 7.021330930e-07 5.601338671e-06 2.863601258e-04 2.208877588e-03 1.000000000e+00 9.999999975e-07 3.999999990e-06 2.500000119e-04 7.728574047e-08
3.505973047e+04 2.399298706e+02 5.556583862e+02 7.412168980e-01 5.089405775e-01 6.639466737e-04 8.834574837e-04 4.695557720e-08 4.351985117e-04 5.459063686e-04 1.342061209e-03 1.000000000e+00 9.999999975e-07 3.999999990e-06 2.500000119e-04 8.437980625e-08
3.239600391e+04 2.347992401e+02 5.389031982e+02 7.246702313e-01 4.806167185e-01 4.317893181e-04 0.000000000e+00 0.000000000e+00 6.111402181e-04 9.434549138e-04 6.594011211e-04 1.000000000e+00 0.000000000e+00 3.999999990e-06 2.500000119e-04 9.386727839e-08
2.996493359e+04 2.296633148e+02 5.214716797e+02 7.086975574e-01 4.545412362e-01 2.517927787e-04 0.000000000e+00 0.000000000e+00 4.175925278e-04 9.144932847e-04 2.464943391e-04 1.000000000e+00 0.000000000e+00 3.999999990e-06 2.500000119e-04 1.078974989e-07
2.774115234e+04 2.249898987e+02 5.043334656e+02 6.932545304e-01 4.295785129e-01 1.402440394e-04 0.000000000e+00 0.000000000e+00 2.095769305e-04 8.089896291e-04 6.007868433e-05 1.000000000e+00 0.000000000e+00 3.999999990e-06 2.500000119e-04 1.327183270e-07
2.571276758e+04 2.210500031e+02 4.862856140e+02 6.783769727e-01 4.052796662e-01 8.172050730e-05 0.000000000e+00 0.000000000e+00 1.005332451e-04 1.146165654e-03 1.430583325e-05 1.000000000e+00 0.000000000e+00 3.999999990e-06 2.500000119e-04 1.690801810e-07
2.386555078e+04 2.168020935e+02 4.671499634e+02 6.640800238e-01 3.835425675e-01 4.744402031e-05 0.000000000e+00 0.000000000e+00 8.789358253e-05 2.034931676e-03 8.675751815e-06 1.000000000e+00 0.000000000e+00 3.999999990e-06 2.500000119e-04 2.152196714e-07
2.218280078e+04 2.133690338e+02 4.500116882e+02 6.503505707e-01 3.622385561e-01 3.181875945e-05 0.000000000e+00 0.000000000e+00 7.593117334e-05 1.860870514e-03 2.918299515e-06 1.000000000e+00 0.000000000e+00 3.999999990e-06 2.500000119e-04 2.714060656e-07
2.065308594e+04 2.131667023e+02 4.391005554e+02 6.372082829e-01 3.375786245e-01 3.306135113e-05 0.000000000e+00 0.000000000e+00 2.561696056e-05 5.903443671e-04 2.923512170e-07 1.000000000e+00 0.000000000e+00 3.999999990e-06 2.500000119e-04 3.243206379e-07
1.926328906e+04 2.131700287e+02 4.282133484e+02 6.246507764e-01 3.148589730e-01 2.394610055e-05 0.000000000e+00 0.000000000e+00 4.077789072e-06 7.930771972e-05 3.400103116e-11 9.566724300e-01 0.000000000e+00 3.999999990e-06 2.500000119e-04 3.754416866e-07
1.799886914e+04 2.135830383e+02 4.172778931e+02 6.126506925e-01 2.936257124e-01 9.444017451e-06 0.000000000e+00 0.000000000e+00 1.347437717e-09 4.877273341e-08 2.662869925e-11 0.000000000e+00 0.000000000e+00 3.999999990e-06 2.500000119e-04 4.223420831e-07
1.685030859e+04 2.179276428e+02 4.138957520e+02 6.012163758e-01 2.694093585e-01 3.655492719e-06 0.000000000e+00 0.000000000e+00 0.000000000e+00 8.088930914e-11 0.000000000e+00 0.000000000e+00 0.000000000e+00 0.000000000e+00 0.000000000e+00 4.676741980e-07
1.580722656e+04 2.199740753e+02 4.050203857e+02 5.903391838e-01 2.503812909e-01 1.633876082e-06 0.000000000e+00 0.000000000e+00 0.000000000e+00 9.037054091e-12 0.000000000e+00 0.000000000e+00 0.000000000e+00 0.000000000e+00 0.000000000e+00 5.088432431e-07
1.485917285e+04 2.193035126e+02 3.902792358e+02 5.799987316e-01 2.360840589e-01 1.853273375e-06 0.000000000e+00 0.000000000e+00 0.000000000e+00 2.906710463e-11 0.000000000e+00 0.000000000e+00 0.000000000e+00 0.000000000e+00 0.000000000e+00 5.586081215e-07
1.399674707e+04 2.188358002e+02 3.763739929e+02 5.701744556e-01 2.228569835e-01 2.296715365e-06 0.000000000e+00 0.000000000e+00 0.000000000e+00 0.000000000e+00 0.000000000e+00 0.000000000e+00 0.000000000e+00 0.000000000e+00 0.000000000e+00 6.089524618e-07
1.321220410e+04 2.176813202e+02 3.605946960e+02 5.608543158e-01 2.114811093e-01 2.358725169e-06 0.000000000e+00 0.000000000e+00 0.000000000e+00 0.000000000e+00 0.000000000e+00 0.000000000e+00 0.000000000e+00 0.000000000e+00 0.000000000e+00 6.557446000e-07
1.249890137e+04 2.161666718e+02 3.438961792e+02 5.520309210e-01 2.014654428e-01 2.407313787e-06 0.000000000e+00 0.000000000e+00 0.000000000e+00 0.000000000e+00 0.000000000e+00 0.000000000e+00 0.000000000e+00 0.000000000e+00 0.000000000e+00 7.154786204e-07
1.184961426e+04 2.150578613e+02 3.288484497e+02 5.436809063e-01 1.919845790e-01 2.520000180e-06 0.000000000e+00 0.000000000e+00 0.000000000e+00 0.000000000e+00 0.000000000e+00 0.000000000e+00 0.000000000e+00 0.000000000e+00 0.000000000e+00 7.698517379e-07
1.125858887e+04 2.140945129e+02 3.130035095e+02 5.357909799e-01 1.832296997e-01 2.589815722e-06 0.000000000e+00 0.000000000e+00 0.000000000e+00 0.000000000e+00 0.000000000e+00 0.000000000e+00 0.000000000e+00 0.000000000e+00 0.000000000e+00 8.215507705e-07
1.072139258e+04 2.130384674e+02 2.972322083e+02 5.283587575e-01 1.753519326e-01 2.646407211e-06 0.000000000e+00 0.000000000e+00 0.000000000e+00 0.000000000e+00 0.000000000e+00 0.000000000e+00 0.000000000e+00 0.000000000e+00 0.000000000e+00 8.873493016e-07
1.023270801e+04 2.124005737e+02 2.826101685e+02 5.213629603e-01 1.678619534e-01 2.668671641e-06 0.000000000e+00 0.000000000e+00 0.000000000e+00 0.000000000e+00 0.000000000e+00 0.000000000e+00 0.000000000e+00 0.000000000e+00 0.000000000e+00 9.472059332e-07
9.728108594e+04 2.925966797e+02
9.708462500e+04 2.926015625e+02
9.685382812e+04 2.925556335e+02
9.658683594e+04 2.924108276e+02
9.626900000e+04 2.921827087e+02
9.589235156e+04 2.918839111e+02
9.545165625e+04 2.915251465e+02
9.493320312e+04 2.911028748e+02
9.432079688e+04 2.906253662e+02
9.360517969e+04 2.901302795e+02
9.276625781e+04 2.896366577e+02
9.178275000e+04 2.891030579e+02
9.063760938e+04 2.884412842e+02
8.930627344e+04 2.876009216e+02
8.776303125e+04 2.866148376e+02
8.597739844e+04 2.855131836e+02
8.391965625e+04 2.843085022e+02
8.155803125e+04 2.830387268e+02
7.886536719e+04 2.816472778e+02
7.581452344e+04 2.798851013e+02
7.237167969e+04 2.774276733e+02
6.851743750e+04 2.743333435e+02
6.424485547e+04 2.712595520e+02
5.955830859e+04 2.683273315e+02
5.479864453e+04 2.649253845e+02
5.045018750e+04 2.609519043e+02
4.647056641e+04 2.565588074e+02
4.282650391e+04 2.519640961e+02
3.949306641e+04 2.472008362e+02
3.644699219e+04 2.422899017e+02
3.366497656e+04 2.372434235e+02
3.112271289e+04 2.321092529e+02
2.880033008e+04 2.272158203e+02
2.667881445e+04 2.229264374e+02
2.474522070e+04 2.188250122e+02
2.298445508e+04 2.150045319e+02
2.138162891e+04 2.132630615e+02
1.992528906e+04 2.131684418e+02
1.860086719e+04 2.133863983e+02
1.739756445e+04 2.158575592e+02
1.630403906e+04 2.189993591e+02
1.531049805e+04 2.196227264e+02
1.440772559e+04 2.190586853e+02
1.358581738e+04 2.182311096e+02
1.283846191e+04 2.168877106e+02
1.215918359e+04 2.155865173e+02
1.153992188e+04 2.145530701e+02
1.097715723e+04 2.135412598e+02
1.046556543e+04 2.127045441e+02
1.000266504e+04 2.120896759e+02
4 1974 93 28 1 2 0 2 1 1 0 2 0
9.275000000e+01 1.200000000e+01 3.600000000e+02 1.000000000e+00 8.692636341e-02 1.369704102e+03 8.112577200e-01 4.069631958e+01 -8.651892090e+01 2.232259512e-01 2.915782776e+02 1.000000000e+00 0.000000000e+00 0.000000000e+00 0.000000000e+00
9.718289844e+04 2.925991211e+02 1.711029625e+01 9.918688536e-01 1.148667812e+00 1.231805794e-02 0.000000000e+00 2.089239890e-03 0.000000000e+00 0.000000000e+00 4.871254714e-05 0.000000000e+00 0.000000000e+00 0.000000000e+00 0.000000000e+00 4.403730003e-08
9.696803906e+04 2.926044922e+02 2.033270645e+01 9.912418127e-01 1.146159291e+00 1.224278565e-02 0.000000000e+00 2.124316292e-03 0.000000000e+00 0.000000000e+00 5.783486631e-05 0.000000000e+00 0.000000000e+00 0.000000000e+00 0.000000000e+00 4.408170540e-08
9.671947656e+04 2.924981689e+02 2.395638847e+01 9.905151725e-01 1.143675208e+00 1.218724716e-02 0.000000000e+00 2.163264668e-03 0.000000000e+00 0.000000000e+00 6.969975220e-05 0.000000000e+00 0.000000000e+00 0.000000000e+00 0.000000000e+00 4.413308119e-08
9.643000000e+04 2.923075256e+02 2.837533379e+01 9.896672368e-01 1.141029835e+00 1.213782374e-02 0.000000000e+00 2.206027042e-03 0.000000000e+00 0.000000000e+00 8.533070650e-05 0.000000000e+00 0.000000000e+00 0.000000000e+00 0.000000000e+00 4.419291244e-08
9.607961719e+04 2.920358582e+02 3.344325638e+01 9.886384606e-01 1.137969613e+00 1.209698152e-02 0.000000000e+00 2.253156621e-03 0.000000000e+00 0.000000000e+00 1.058118069e-04 0.000000000e+00 0.000000000e+00 0.000000000e+00 0.000000000e+00 4.426533096e-08
9.567131250e+04 2.917045898e+02 3.956682587e+01 9.874362350e-01 1.134441733e+00 1.206598617e-02 0.000000000e+00 2.304970287e-03 0.000000000e+00 0.000000000e+00 1.321575837e-04 0.000000000e+00 0.000000000e+00 0.000000000e+00 0.000000000e+00 4.435516843e-08
9.519321875e+04 2.913140259e+02 4.668115234e+01 9.860239029e-01 1.130301952e+00 1.204252057e-02 0.000000000e+00 2.362176543e-03 0.000000000e+00 0.000000000e+00 1.660701382e-04 0.000000000e+00 0.000000000e+00 0.000000000e+00 0.000000000e+00 4.446546242e-08
9.462714844e+04 2.908543701e+02 5.512987137e+01 9.843450189e-01 1.125374556e+00 1.201544795e-02 0.000000000e+00 2.421562094e-03 0.000000000e+00 0.000000000e+00 2.119904966e-04 0.000000000e+00 0.000000000e+00 0.000000000e+00 0.000000000e+00 4.459605307e-08
9.396132031e+04 2.903565979e+02 6.495184326e+01 9.823611379e-01 1.119413495e+00 1.195363235e-02 0.000000000e+00 2.479656599e-03 0.000000000e+00 0.000000000e+00 2.736614842e-04 0.000000000e+00 0.000000000e+00 0.000000000e+00 0.000000000e+00 4.474966175e-08
9.318685938e+04 2.898644714e+02 7.667631531e+01 9.800409079e-01 1.112171054e+00 1.180573646e-02 0.000000000e+00 2.529480495e-03 0.000000000e+00 0.000000000e+00 3.562220372e-04 0.000000000e+00 0.000000000e+00 0.000000000e+00 0.000000000e+00 4.492832772e-08
9.227351562e+04 2.893697815e+02 9.038719940e+01 9.772867560e-01 1.103336930e+00 1.152976789e-02 0.000000000e+00 2.554205246e-03 0.000000000e+00 0.000000000e+00 4.733107635e-04 0.000000000e+00 0.000000000e+00 0.000000000e+00 0.000000000e+00 4.513903562e-08
9.120925000e+04 2.887914124e+02 1.063940582e+02 9.740529060e-01 1.093066931e+00 1.111851539e-02 0.000000000e+00 2.533168765e-03 0.000000000e+00 0.000000000e+00 6.303433911e-04 0.000000000e+00 0.000000000e+00 0.000000000e+00 0.000000000e+00 4.538456011e-08
8.997091406e+04 2.880328979e+02 1.251201859e+02 9.702559710e-01 1.081430554e+00 1.056007482e-02 0.000000000e+00 2.448753454e-03 0.000000000e+00 0.000000000e+00 8.310869453e-04 0.000000000e+00 0.000000000e+00 0.000000000e+00 0.000000000e+00 4.567024092e-08
8.853302344e+04 2.870983582e+02 1.469834290e+02 9.658000469e-01 1.068076253e+00 9.839601815e-03 0.000000000e+00 2.291341778e-03 0.000000000e+00 0.000000000e+00 1.079709735e-03 0.000000000e+00 0.000000000e+00 0.000000000e+00 0.000000000e+00 4.600196135e-08
8.686980469e+04 2.860538940e+02 1.725445862e+02 9.605809450e-01 1.052350163e+00 9.033509530e-03 0.000000000e+00 2.079458907e-03 0.000000000e+00 0.000000000e+00 1.376561471e-03 0.000000000e+00 0.000000000e+00 0.000000000e+00 0.000000000e+00 4.638566509e-08
8.494679688e+04 2.848887329e+02 2.022397308e+02 9.544568062e-01 1.033744693e+00 8.263546042e-03 0.000000000e+00 1.861508819e-03 0.000000000e+00 0.000000000e+00 1.718865824e-03 0.000000000e+00 0.000000000e+00 0.000000000e+00 0.000000000e+00 4.682950561e-08
8.273762500e+04 2.836407776e+02 2.370570679e+02 9.472979307e-01 1.011798501e+00 7.433694787e-03 0.000000000e+00 1.675070147e-03 0.000000000e+00 0.000000000e+00 2.099360805e-03 0.000000000e+00 0.000000000e+00 0.000000000e+00 0.000000000e+00 4.742466331e-08
8.020889062e+04 2.823501282e+02 2.773441772e+02 9.389338493e-01 9.860006571e-01 6.357285194e-03 0.000000000e+00 1.412051381e-03 0.000000000e+00 3.716961738e-10 2.565189498e-03 0.000000000e+00 0.000000000e+00 0.000000000e+00 0.000000000e+00 4.810591037e-08
7.733807812e+04 2.808482666e+02 3.241535645e+02 9.292068481e-01 9.563565254e-01 5.386319011e-03 0.000000000e+00 1.026237733e-03 0.000000000e+00 1.995134724e-08 3.097379580e-03 0.000000000e+00 0.000000000e+00 0.000000000e+00 4.034317681e-05 4.887931837e-08
7.409446875e+04 2.787977295e+02 3.785071716e+02 9.179012179e-01 9.231765866e-01 5.044059362e-03 0.000000000e+00 5.935872323e-04 0.000000000e+00 3.946022389e-07 3.647261765e-03 0.000000000e+00 0.000000000e+00 0.000000000e+00 4.577801519e-05 4.976148205e-08
7.044440625e+04 2.758950195e+02 4.406362000e+02 9.047479033e-01 8.868674636e-01 5.166212097e-03 6.264208041e-10 1.748741197e-04 0.000000000e+00 3.435094641e-06 4.135932773e-03 2.625056170e-02 0.000000000e+00 0.000000000e+00 6.587611279e-05 5.077698262e-08
6.638387500e+04 2.726041870e+02 5.119998169e+02 8.895303011e-01 8.457949758e-01 5.246276036e-03 0.000000000e+00 1.143019745e-06 1.917768486e-07 1.432896624e-05 4.447009414e-03 9.837148339e-02 0.000000000e+00 3.162627036e-05 8.742051432e-05 5.190668162e-08
6.190471094e+04 2.697885132e+02 5.954720459e+02 8.719518185e-01 7.971614599e-01 4.824485164e-03 4.061960499e-04 1.275934392e-05 4.423181508e-06 1.833699389e-05 4.481123295e-03 1.000000000e+00 1.965882075e-05 6.138609751e-05 9.145555669e-05 5.315116880e-08
5.718279297e+04 2.668480225e+02 6.475053711e+02 8.524074554e-01 7.447660565e-01 4.169562366e-03 9.796490194e-04 3.775711775e-06 1.052353946e-05 2.314360790e-05 4.473403096e-03 1.000000000e+00 2.194908120e-05 7.065672980e-05 9.531208343e-05 5.449960483e-08
5.263065625e+04 2.631770630e+02 6.335691528e+02 8.324419260e-01 6.953653097e-01 3.396186279e-03 1.483815140e-03 7.768428986e-06 1.489183705e-05 2.626440073e-05 4.302879330e-03 1.000000000e+00 2.303003384e-05 7.439636829e-05 9.742383554e-05 5.596501751e-08
4.846723828e+04 2.589283142e+02 6.186595459e+02 8.130702376e-01 6.511737108e-01 2.615231788e-03 1.745762769e-03 3.035071495e-05 1.496329332e-05 5.351758955e-05 4.046546761e-03 1.000000000e+00 2.345340363e-05 7.444799849e-05 1.094614636e-04 5.965590333e-08
4.465450000e+04 2.544036102e+02 6.035004883e+02 7.942578197e-01 6.108679175e-01 1.943061128e-03 1.816301607e-03 5.569909627e-05 2.417142423e-05 7.860395272e-05 3.646938363e-03 1.000000000e+00 2.355656216e-05 7.962738164e-05 1.160373868e-04 6.479206149e-08
4.116409375e+04 2.497455444e+02 5.880895386e+02 7.760012746e-01 5.738098621e-01 1.405268093e-03 1.743279863e-03 3.268621367e-05 3.372918854e-06 1.768232469e-04 3.019520780e-03 1.000000000e+00 2.344969653e-05 5.851736569e-05 1.279999997e-04 7.107684041e-08
3.797307031e+04 2.448861084e+02 5.722737427e+02 7.583159804e-01 5.399715304e-01 9.804663714e-04 1.681802678e-03 7.021330930e-07 5.601338671e-06 2.863601258e-04 2.208877588e-03 1.000000000e+00 2.335619865e-05 6.389942428e-05 1.279999997e-04 7.728574047e-08
3.505973047e+04 2.399298706e+02 5.556583862e+02 7.412168980e-01 5.089405775e-01 6.639466737e-04 8.834574837e-04 4.695557720e-08 4.351985117e-04 5.459063686e-04 1.342061209e-03 1.000000000e+00 2.168006176e-05 1.109696823e-04 1.279999997e-04 8.437980625e-08
3.239600391e+04 2.347992401e+02 5.389031982e+02 7.246702313e-01 4.806167185e-01 4.317893181e-04 0.000000000e+00 0.000000000e+00 6.111402181e-04 9.434549138e-04 6.594011211e-04 1.000000000e+00 0.000000000e+00 1.146552968e-04 1.279999997e-04 9.386727839e-08
2.996493359e+04 2.296633148e+02 5.214716797e+02 7.086975574e-01 4.545412362e-01 2.517927787e-04 0.000000000e+00 0.000000000e+00 4.175925278e-04 9.144932847e-04 2.464943391e-04 1.000000000e+00 0.000000000e+00 1.105214178e-04 1.279999997e-04 1.078974989e-07
2.774115234e+04 2.249898987e+02 5.043334656e+02 6.932545304e-01 4.295785129e-01 1.402440394e-04 0.000000000e+00 0.000000000e+00 2.095769305e-04 8.089896291e-04 6.007868433e-05 1.000000000e+00 0.000000000e+00 1.030387648e-04 1.279999997e-04 1.327183270e-07
2.571276758e+04 2.210500031e+02 4.862856140e+02 6.783769727e-01 4.052796662e-01 8.172050730e-05 0.000000000e+00 0.000000000e+00 1.005332451e-04 1.146165654e-03 1.430583325e-05 1.000000000e+00 0.000000000e+00 9.506853530e-05 1.279999997e-04 1.690801810e-07
2.386555078e+04 2.168020935e+02 4.671499634e+02 6.640800238e-01 3.835425675e-01 4.744402031e-05 0.000000000e+00 0.000000000e+00 8.789358253e-05 2.034931676e-03 8.675751815e-06 1.000000000e+00 0.000000000e+00 9.361127741e-05 1.279999997e-04 2.152196714e-07
2.218280078e+04 2.133690338e+02 4.500116882e+02 6.503505707e-01 3.622385561e-01 3.181875945e-05 0.000000000e+00 0.000000000e+00 7.593117334e-05 1.860870514e-03 2.918299515e-06 1.000000000e+00 0.000000000e+00 9.202479123e-05 1.279999997e-04 2.714060656e-07
2.065308594e+04 2.131667023e+02 4.391005554e+02 6.372082829e-01 3.375786245e-01 3.306135113e-05 0.000000000e+00 0.000000000e+00 2.561696056e-05 5.903443671e-04 2.923512170e-07 1.000000000e+00 0.000000000e+00 8.025549323e-05 1.279999997e-04 3.243206379e-07
1.926328906e+04 2.131700287e+02 4.282133484e+02 6.246507764e-01 3.148589730e-01 2.394610055e-05 0.000000000e+00 0.000000000e+00 4.077789072e-06 7.930771972e-05 3.400103116e-11 9.566724300e-01 0.000000000e+00 6.052366371e-05 1.161902910e-04 3.754416866e-07
1.799886914e+04 2.135830383e+02 4.172778931e+02 6.126506925e-01 2.936257124e-01 9.444017451e-06 0.000000000e+00 0.000000000e+00 1.347437717e-09 4.877273341e-08 2.662869925e-11 0.000000000e+00 0.000000000e+00 2.014531856e-05 4.082725718e-05 4.223420831e-07
1.685030859e+04 2.179276428e+02 4.138957520e+02 6.012163758e-01 2.694093585e-01 3.655492719e-06 0.000000000e+00 0.000000000e+00 0.000000000e+00 8.088930914e-11 0.000000000e+00 0.000000000e+00 0.000000000e+00 0.000000000e+00 0.000000000e+00 4.676741980e-07
1.580722656e+04 2.199740753e+02 4.050203857e+02 5.903391838e-01 2.503812909e-01 1.633876082e-06 0.000000000e+00 0.000000000e+00 0.000000000e+00 9.037054091e-12 0.000000000e+00 0.000000000e+00 0.000000000e+00 0.000000000e+00 0.000000000e+00 5.088432431e-07
1.485917285e+04 2.193035126e+02 3.902792358e+02 5.799987316e-01 2.360840589e-01 1.853273375e-06 0.000000000e+00 0.000000000e+00 0.000000000e+00 2.906710463e-11 0.000000000e+00 0.000000000e+00 0.000000000e+00 0.000000000e+00 0.000000000e+00 5.586081215e-07
1.399674707e+04 2.188358002e+02 3.763739929e+02 5.701744556e-01 2.228569835e-01 2.296715365e-06 0.000000000e+00 0.000000000e+00 0.000000000e+00 0.000000000e+00 0.000000000e+00 0.000000000e+00 0.000000000e+00 0.000000000e+00 0.000000000e+00 6.089524618e-07
1.321220410e+04 2.176813202e+02 3.605946960e+02 5.608543158e-01 2.114811093e-01 2.358725169e-06 0.000000000e+00 0.000000000e+00 0.000000000e+00 0.000000000e+00 0.000000000e+00 0.000000000e+00 0.000000000e+00 0.000000000e+00 0.000000000e+00 6.557446000e-07
1.249890137e+04 2.161666718e+02 3.438961792e+02 5.520309210e-01 2.014654428e-01 2.407313787e-06 0.000000000e+00 0.000000000e+00 0.000000000e+00 0.000000000e+00 0.000000000e+00 0.000000000e+00 0.000000000e+00 0.000000000e+00 0.000000000e+00 7.154786204e-07
1.184961426e+04 2.150578613e+02 3.288484497e+02 5.436809063e-01 1.919845790e-01 2.520000180e-06 0.000000000e+00 0.000000000e+00 0.000000000e+00 0.000000000e+00 0.000000000e+00 0.000000000e+00 0.000000000e+00 0.000000000e+00 0.000000000e+00 7.698517379e-07
1.125858887e+04 2.140945129e+02 3.130035095e+02 5.357909799e-01 1.832296997e-01 2.589815722e-06 0.000000000e+00 0.000000000e+00 0.000000000e+00 0.000000000e+00 0.000000000e+00 0.000000000e+00 0.000000000e+00 0.000000000e+00 0.000000000e+00 8.215507705e-07
1.072139258e+04 2.130384674e+02 2.972322083e+02 5.283587575e-01 1.753519326e-01 2.646407211e-06 0.000000000e+00 0.000000000e+00 0.000000000e+00 0.000000000e+00 0.000000000e+00 0.000000000e+00 0.000000000e+00 0.000000000e+00 0.000000000e+00 8.873493016e-07
1.023270801e+04 2.124005737e+02 2.826101685e+02 5.213629603e-01 1.678619534e-01 2.668671641e-06 0.000000000e+00 0.000000000e+00 0.000000000e+00 0.000000000e+00 0.000000000e+00 0.000000000e+00 0.000000000e+00 0.000000000e+00 0.000000000e+00 9.472059332e-07
9.728108594e+04 2.925966797e+02
9.708462500e+04 2.926015625e+02
9.685382812e+04 2.925556335e+02
9.658683594e+04 2.924108276e+02
9.626900000e+04 2.921827087e+02
9.589235156e+04 2.918839111e+02
9.545165625e+04 2.915251465e+02
9.493320312e+04 2.911028748e+02
9.432079688e+04 2.906253662e+02
9.360517969e+04 2.901302795e+02
9.276625781e+04 2.896366577e+02
9.178275000e+04 2.891030579e+02
9.063760938e+04 2.884412842e+02
8.930627344e+04 2.876009216e+02
8.776303125e+04 2.866148376e+02
8.597739844e+04 2.855131836e+02
8.391965625e+04 2.843085022e+02
8.155803125e+04 2.830387268e+02
7.886536719e+04 2.816472778e+02
7.581452344e+04 2.798851013e+02
7.237167969e+04 2.774276733e+02
6.851743750e+04 2.743333435e+02
6.424485547e+04 2.712595520e+02
5.955830859e+04 2.683273315e+02
5.479864453e+04 2.649253845e+02
5.045018750e+04 2.609519043e+02
4.647056641e+04 2.565588074e+02
4.282650391e+04 2.519640961e+02
3.949306641e+04 2.472008362e+02
3.644699219e+04 2.422899017e+02
3.366497656e+04 2.372434235e+02
3.112271289e+04 2.321092529e+02
2.880033008e+04 2.272158203e+02
2.667881445e+04 2.229264374e+02
2.474522070e+04 2.188250122e+02
2.298445508e+04 2.150045319e+02
2.138162891e+04 2.132630615e+02
1.992528906e+04 2.131684418e+02
1.860086719e+04 2.133863983e+02
1.739756445e+04 2.158575592e+02
1.630403906e+04 2.189993591e+02
1.531049805e+04 2.196227264e+02
1.440772559e+04 2.190586853e+02
1.358581738e+04 2.182311096e+02
1.283846191e+04 2.168877106e+02
1.215918359e+04 2.155865173e+02
1.153992188e+04 2.145530701e+02
1.097715723e+04 2.135412598e+02
1.046556543e+04 2.127045441e+02
1.000266504e+04 2.120896759e+02
5 1974 93 8 1 2 0 2 1 1 1 2 1
9.275000000e+01 1.200000000e+01 3.600000000e+02 1.000000000e+00 8.692636341e-02 1.369704102e+03 8.256856799e-01 3.914591599e+01 -8.508145142e+01 1.682088077e-01 3.002366638e+02 1.000000000e+00 0.000000000e+00 0.000000000e+00 0.000000000e+00
9.664203125e+04 2.957296448e+02 1.740439796e+01 9.902884960e-01 1.128934383e+00 1.415102836e-02 0.000000000e+00 0.000000000e+00 0.000000000e+00 0.000000000e+00 0.000000000e+00 0.000000000e+00 0.000000000e+00 0.000000000e+00 0.000000000e+00 4.336628834e-08
9.643204688e+04 2.952951660e+02 2.064642906e+01 9.896732569e-01 1.128295064e+00 1.392119471e-02 0.000000000e+00 0.000000000e+00 0.000000000e+00 0.000000000e+00 0.000000000e+00 0.000000000e+00 0.000000000e+00 0.000000000e+00 0.000000000e+00 4.341394799e-08
9.618382812e+04 2.949637451e+02 2.430389023e+01 9.889447093e-01 1.126739502e+00 1.379726455e-02 0.000000000e+00 0.000000000e+00 0.000000000e+00 0.000000000e+00 0.000000000e+00 0.000000000e+00 0.000000000e+00 0.000000000e+00 0.000000000e+00 4.347028693e-08
9.588478125e+04 2.946366272e+02 2.877336693e+01 9.880652428e-01 1.124543786e+00 1.370828412e-02 0.000000000e+00 0.000000000e+00 0.000000000e+00 0.000000000e+00 0.000000000e+00 0.000000000e+00 0.000000000e+00 0.000000000e+00 0.000000000e+00 4.353852745e-08
9.554423438e+04 2.943005066e+02 3.390040588e+01 9.870613217e-01 1.121878505e+00 1.363603212e-02 0.000000000e+00 0.000000000e+00 0.000000000e+00 0.000000000e+00 0.000000000e+00 0.000000000e+00 0.000000000e+00 0.000000000e+00 0.000000000e+00 4.362521011e-08
9.513656250e+04 2.939242554e+02 4.009857559e+01 9.858561754e-01 1.118564487e+00 1.357254758e-02 0.000000000e+00 0.000000000e+00 0.000000000e+00 0.000000000e+00 0.000000000e+00 0.000000000e+00 0.000000000e+00 0.000000000e+00 0.000000000e+00 4.372898132e-08
9.465860938e+04 2.935011292e+02 4.730008698e+01 9.844385386e-01 1.114589334e+00 1.351313666e-02 0.000000000e+00 0.000000000e+00 0.000000000e+00 0.000000000e+00 0.000000000e+00 0.000000000e+00 0.000000000e+00 0.000000000e+00 0.000000000e+00 4.385064045e-08
9.409406250e+04 2.930151062e+02 5.585131454e+01 9.827574492e-01 1.109819174e+00 1.345401350e-02 0.000000000e+00 0.000000000e+00 0.000000000e+00 0.000000000e+00 0.000000000e+00 0.000000000e+00 0.000000000e+00 0.000000000e+00 0.000000000e+00 4.399434061e-08
9.343604688e+04 2.924606323e+02 6.578402710e+01 9.807889462e-01 1.104189277e+00 1.339119487e-02 0.000000000e+00 0.000000000e+00 0.000000000e+00 0.000000000e+00 0.000000000e+00 0.000000000e+00 0.000000000e+00 0.000000000e+00 0.000000000e+00 4.416182975e-08
9.265960156e+04 2.918198547e+02 7.762726593e+01 9.784533381e-01 1.097466111e+00 1.331840176e-02 0.000000000e+00 0.000000000e+00 0.000000000e+00 0.000000000e+00 0.000000000e+00 0.000000000e+00 0.000000000e+00 0.000000000e+00 0.000000000e+00 4.435946721e-08
9.175452344e+04 2.911004028e+02 9.145472717e+01 9.757131338e-01 1.089496255e+00 1.322087366e-02 0.000000000e+00 1.511905046e-10 0.000000000e+00 0.000000000e+00 0.000000000e+00 0.000000000e+00 0.000000000e+00 0.000000000e+00 0.000000000e+00 4.458984648e-08
9.069347656e+04 2.903295593e+02 1.076159668e+02 9.724759459e-01 1.079865813e+00 1.305317320e-02 0.000000000e+00 1.901822699e-09 0.000000000e+00 0.000000000e+00 0.000000000e+00 0.000000000e+00 0.000000000e+00 0.000000000e+00 0.000000000e+00 4.485992733e-08
8.945921875e+04 2.895373840e+02 1.265867844e+02 9.686761498e-01 1.068279862e+00 1.274933666e-02 0.000000000e+00 7.035329208e-09 0.000000000e+00 0.000000000e+00 0.000000000e+00 0.000000000e+00 0.000000000e+00 0.000000000e+00 0.000000000e+00 4.517409735e-08
8.802707812e+04 2.884731445e+02 1.487304535e+02 9.642198682e-01 1.055242658e+00 1.245612279e-02 0.000000000e+00 5.685516502e-09 0.000000000e+00 0.000000000e+00 0.000000000e+00 0.000000000e+00 0.000000000e+00 0.000000000e+00 0.000000000e+00 4.553863420e-08
8.636686719e+04 2.874533386e+02 1.746486053e+02 9.589886665e-01 1.039422512e+00 1.180434320e-02 0.000000000e+00 2.285894363e-09 0.000000000e+00 0.000000000e+00 0.000000000e+00 0.000000000e+00 0.000000000e+00 0.000000000e+00 0.000000000e+00 4.596122594e-08
8.445082812e+04 2.867176208e+02 2.048232727e+02 9.528613091e-01 1.019786358e+00 1.047993451e-02 0.000000000e+00 0.000000000e+00 0.000000000e+00 0.000000000e+00 0.000000000e+00 0.000000000e+00 0.000000000e+00 0.000000000e+00 0.000000000e+00 4.647140983e-08
8.225170312e+04 2.859861755e+02 2.402371674e+02 9.457049966e-01 9.966948032e-01 8.945950307e-03 0.000000000e+00 0.000000000e+00 0.000000000e+00 0.000000000e+00 0.000000000e+00 0.000000000e+00 0.000000000e+00 0.000000000e+00 0.000000000e+00 4.712977741e-08
7.973815625e+04 2.846323853e+02 2.809908752e+02 9.373561144e-01 9.714499116e-01 7.894466631e-03 0.000000000e+00 0.000000000e+00 0.000000000e+00 0.000000000e+00 0.000000000e+00 0.000000000e+00 0.000000000e+00 0.000000000e+00 0.000000000e+00 4.788227415e-08
7.688085938e+04 2.828447876e+02 3.280169067e+02 9.276339412e-01 9.431825876e-01 6.801959127e-03 0.000000000e+00 0.000000000e+00 0.000000000e+00 0.000000000e+00 0.000000000e+00 0.000000000e+00 0.000000000e+00 0.000000000e+00 0.000000000e+00 4.873768233e-08
7.365310156e+04 2.805352783e+02 3.822321777e+02 9.163356423e-01 9.116136432e-01 5.731753539e-03 0.000000000e+00 0.000000000e+00 0.000000000e+00 0.000000000e+00 0.000000000e+00 0.000000000e+00 0.000000000e+00 0.000000000e+00 0.000000000e+00 4.969838940e-08
7.003782031e+04 2.780809631e+02 4.443652344e+02 9.032527804e-01 8.753924966e-01 4.082509317e-03 0.000000000e+00 0.000000000e+00 0.000000000e+00 0.000000000e+00 0.000000000e+00 0.000000000e+00 0.000000000e+00 0.000000000e+00 0.000000000e+00 5.076608645e-08
6.601831250e+04 2.746866760e+02 5.148185425e+02 8.881279826e-01 8.360800743e-01 2.642030129e-03 0.000000000e+00 0.000000000e+00 0.000000000e+00 0.000000000e+00 0.000000000e+00 0.000000000e+00 0.000000000e+00 0.000000000e+00 0.000000000e+00 5.195175490e-08
6.159409375e+04 2.703093262e+02 5.953779907e+02 8.706995249e-01 7.927626371e-01 2.474815352e-03 0.000000000e+00 0.000000000e+00 0.000000000e+00 0.000000000e+00 0.000000000e+00 0.000000000e+00 0.000000000e+00 0.000000000e+00 0.000000000e+00 5.316277552e-08
5.692728125e+04 2.653403931e+02 6.429608765e+02 8.513174653e-01 7.464199066e-01 2.470863517e-03 0.000000000e+00 0.000000000e+00 0.000000000e+00 0.000000000e+00 0.000000000e+00 0.000000000e+00 0.000000000e+00 0.000000000e+00 0.000000000e+00 5.448701401e-08
5.242464453e+04 2.604902344e+02 6.263632202e+02 8.315096498e-01 7.003865242e-01 1.987001393e-03 0.000000000e+00 0.000000000e+00 0.000000000e+00 0.000000000e+00 0.000000000e+00 0.000000000e+00 0.000000000e+00 0.000000000e+00 0.000000000e+00 5.591362040e-08
4.830745703e+04 2.557796326e+02 6.104363403e+02 8.123035431e-01 6.575022340e-01 1.398405875e-03 0.000000000e+00 0.000000000e+00 0.000000000e+00 0.000000000e+00 0.000000000e+00 0.000000000e+00 0.000000000e+00 0.000000000e+00 0.000000000e+00 5.941035042e-08
4.453906250e+04 2.511297760e+02 5.950358276e+02 7.936705947e-01 6.176130176e-01 9.263391839e-04 0.000000000e+00 0.000000000e+00 0.000000000e+00 0.000000000e+00 0.000000000e+00 0.000000000e+00 0.000000000e+00 0.000000000e+00 0.000000000e+00 6.397262808e-08
4.108776172e+04 2.463175049e+02 5.793822021e+02 7.755898833e-01 5.809808373e-01 6.572033162e-04 0.000000000e+00 0.000000000e+00 0.000000000e+00 0.000000000e+00 0.000000000e+00 0.000000000e+00 0.000000000e+00 0.000000000e+00 0.000000000e+00 6.952822673e-08
3.792643359e+04 2.415306702e+02 5.639187622e+02 7.580497861e-01 5.469598770e-01 5.012589972e-04 0.000000000e+00 0.000000000e+00 0.000000000e+00 0.000000000e+00 0.000000000e+00 0.000000000e+00 0.000000000e+00 0.000000000e+00 0.000000000e+00 7.498403676e-08
3.503057812e+04 2.370757751e+02 5.486716919e+02 7.410407662e-01 5.147411227e-01 3.386072640e-04 0.000000000e+00 0.000000000e+00 0.000000000e+00 0.000000000e+00 0.000000000e+00 0.000000000e+00 0.000000000e+00 0.000000000e+00 0.000000000e+00 8.114569283e-08
3.237837305e+04 2.328466339e+02 5.341738892e+02 7.245575190e-01 4.844518900e-01 1.988588774e-04 0.000000000e+00 0.000000000e+00 0.000000000e+00 0.000000000e+00 0.000000000e+00 0.000000000e+00 0.000000000e+00 0.000000000e+00 0.000000000e+00 8.944620333e-08
2.994905078e+04 2.287359619e+02 5.193740845e+02 7.085902095e-01 4.561814368e-01 1.102155511e-04 0.000000000e+00 0.000000000e+00 0.000000000e+00 0.000000000e+00 0.000000000e+00 0.000000000e+00 0.000000000e+00 0.000000000e+00 0.000000000e+00 1.016531428e-07
2.772616211e+04 2.247386169e+02 5.039715576e+02 6.931474805e-01 4.298458099e-01 6.614570884e-05 0.000000000e+00 0.000000000e+00 0.000000000e+00 0.000000000e+00 0.000000000e+00 0.000000000e+00 0.000000000e+00 0.000000000e+00 0.000000000e+00 1.231324234e-07
2.569862891e+04 2.209786377e+02 4.863675537e+02 6.782703400e-01 4.051966071e-01 4.526480188e-05 0.000000000e+00 0.000000000e+00 0.000000000e+00 0.000000000e+00 0.000000000e+00 0.000000000e+00 0.000000000e+00 0.000000000e+00 0.000000000e+00 1.541998103e-07
2.385477344e+04 2.174652557e+02 4.687805786e+02 6.639943123e-01 3.822035193e-01 3.341939009e-05 0.000000000e+00 0.000000000e+00 0.000000000e+00 0.000000000e+00 0.000000000e+00 0.000000000e+00 0.000000000e+00 0.000000000e+00 0.000000000e+00 1.929800675e-07
2.217774609e+04 2.142116394e+02 4.518881836e+02 6.503082514e-01 3.607326448e-01 2.645452332e-05 0.000000000e+00 0.000000000e+00 0.000000000e+00 0.000000000e+00 0.000000000e+00 0.000000000e+00 0.000000000e+00 0.000000000e+00 0.000000000e+00 2.393707348e-07
2.065241602e+04 2.114863434e+02 4.356455383e+02 6.372023821e-01 3.402522802e-01 2.130147368e-05 0.000000000e+00 0.000000000e+00 0.000000000e+00 0.000000000e+00 0.000000000e+00 0.000000000e+00 0.000000000e+00 0.000000000e+00 0.000000000e+00 2.836233364e-07
1.926507812e+04 2.111804352e+02 4.241714172e+02 6.246673465e-01 3.178564608e-01 1.574640191e-05 0.000000000e+00 0.000000000e+00 0.000000000e+00 0.000000000e+00 0.000000000e+00 0.000000000e+00 0.000000000e+00 0.000000000e+00 0.000000000e+00 3.272661502e-07
1.800354297e+04 2.139214783e+02 4.178312073e+02 6.126961112e-01 2.932373285e-01 9.314427189e-06 0.000000000e+00 0.000000000e+00 0.000000000e+00 0.000000000e+00 0.000000000e+00 0.000000000e+00 0.000000000e+00 0.000000000e+00 0.000000000e+00 3.675383198e-07
1.685579492e+04 2.173223267e+02 4.126123962e+02 6.012723446e-01 2.702476680e-01 3.963615654e-06 0.000000000e+00 0.000000000e+00 0.000000000e+00 0.000000000e+00 0.000000000e+00 0.000000000e+00 0.000000000e+00 0.000000000e+00 0.000000000e+00 4.084229204e-07
1.581114551e+04 2.180643005e+02 4.014060669e+02 5.903810263e-01 2.526366413e-01 1.976250815e-06 0.000000000e+00 0.000000000e+00 0.000000000e+00 0.000000000e+00 0.000000000e+00 0.000000000e+00 0.000000000e+00 0.000000000e+00 0.000000000e+00 4.456350098e-07
1.486103418e+04 2.174101715e+02 3.868619080e+02 5.800194740e-01 2.381699085e-01 1.469526524e-06 0.000000000e+00 0.000000000e+00 0.000000000e+00 0.000000000e+00 0.000000000e+00 0.000000000e+00 0.000000000e+00 0.000000000e+00 0.000000000e+00 4.911358928e-07
1.399708789e+04 2.162854309e+02 3.719788513e+02 5.701783895e-01 2.254904509e-01 1.362017429e-06 0.000000000e+00 0.000000000e+00 0.000000000e+00 0.000000000e+00 0.000000000e+00 0.000000000e+00 0.000000000e+00 0.000000000e+00 0.000000000e+00 5.373764225e-07
1.321148145e+04 2.154536285e+02 3.569232483e+02 5.608455539e-01 2.136562020e-01 1.246115517e-06 0.000000000e+00 0.000000000e+00 0.000000000e+00 0.000000000e+00 0.000000000e+00 0.000000000e+00 0.000000000e+00 0.000000000e+00 0.000000000e+00 5.805910064e-07
1.249782227e+04 2.146535492e+02 3.415192566e+02 5.520172715e-01 2.028681487e-01 1.920151590e-06 0.000000000e+00 0.000000000e+00 0.000000000e+00 0.000000000e+00 0.000000000e+00 0.000000000e+00 0.000000000e+00 0.000000000e+00 0.000000000e+00 6.396525123e-07
1.184849512e+04 2.135419312e+02 3.265615234e+02 5.436661839e-01 1.933292150e-01 2.455446293e-06 0.000000000e+00 0.000000000e+00 0.000000000e+00 0.000000000e+00 0.000000000e+00 0.000000000e+00 0.000000000e+00 0.000000000e+00 0.000000000e+00 6.933899499e-07
1.125764746e+04 2.125014191e+02 3.107003174e+02 5.357782245e-01 1.845879108e-01 2.514437256e-06 0.000000000e+00 0.000000000e+00 0.000000000e+00 0.000000000e+00 0.000000000e+00 0.000000000e+00 0.000000000e+00 0.000000000e+00 0.000000000e+00 7.446870995e-07
1.072085547e+04 2.116191559e+02 2.952664490e+02 5.283511877e-01 1.765191853e-01 2.521583610e-06 0.000000000e+00 0.000000000e+00 0.000000000e+00 0.000000000e+00 0.000000000e+00 0.000000000e+00 0.000000000e+00 0.000000000e+00 0.000000000e+00 8.113739227e-07
1.023266113e+04 2.107632446e+02 2.804332581e+02 5.213622451e-01 1.691652536e-01 2.562877171e-06 0.000000000e+00 0.000000000e+00 0.000000000e+00 0.000000000e+00 0.000000000e+00 0.000000000e+00 0.000000000e+00 0.000000000e+00 0.000000000e+00 8.720233495e-07
9.673807812e+04 2.959283752e+02
9.654598438e+04 2.955309143e+02
9.631799219e+04 2.951428833e+02
9.604680469e+04 2.948138733e+02
9.572830469e+04 2.944821777e+02
9.535725781e+04 2.941279297e+02
9.491696875e+04 2.937298279e+02
9.439928906e+04 2.932778625e+02
9.379130469e+04 2.927599792e+02
9.307899219e+04 2.921659546e+02
9.224280469e+04 2.914885559e+02
9.126524219e+04 2.907449341e+02
9.012371875e+04 2.899638977e+02
8.879723438e+04 2.890454712e+02
8.725847656e+04 2.880010071e+02
8.547769531e+04 2.871119080e+02
8.342835938e+04 2.863775330e+02
8.107919531e+04 2.853546753e+02
7.840096094e+04 2.837958069e+02
7.536475000e+04 2.817599792e+02
7.194672656e+04 2.793768616e+02
6.813032031e+04 2.764701538e+02
6.390553516e+04 2.725962830e+02
5.927507422e+04 2.678401794e+02
5.456905859e+04 2.628001709e+02
5.026838672e+04 2.580231934e+02
4.633400781e+04 2.533445892e+02
4.273154688e+04 2.486094971e+02
3.943228516e+04 2.438108063e+02
3.640951562e+04 2.391970825e+02
3.364185547e+04 2.348613586e+02
3.110599805e+04 2.306936340e+02
2.878491406e+04 2.266425323e+02
2.666426953e+04 2.227693787e+02
2.473284180e+04 2.191383820e+02
2.297667383e+04 2.157616577e+02
2.137887109e+04 2.127842865e+02
1.992590820e+04 2.113261414e+02
1.860416602e+04 2.126164551e+02
1.740266406e+04 2.157019196e+02
1.630870410e+04 2.177108917e+02
1.531333887e+04 2.177215729e+02
1.440879102e+04 2.168214264e+02
1.358560156e+04 2.158497467e+02
1.283755273e+04 2.150344238e+02
1.215808398e+04 2.140719299e+02
1.153889648e+04 2.129967041e+02
1.097642773e+04 2.120391998e+02
1.046528516e+04 2.111710815e+02
1.000296875e+04 2.103463135e+02
6 1974 93 6 1 2 0 2 0 0 0 2 0
9.275000000e+01 1.200000000e+01 3.600000000e+02 1.000000000e+00 8.692636341e-02 1.369704102e+03 8.256856799e-01 3.914591599e+01 -8.508145142e+01 1.682088077e-01 3.002366638e+02 1.000000000e+00 0.000000000e+00 0.000000000e+00 0.000000000e+00
9.664203125e+04 2.957296448e+02 1.740439796e+01 9.902884960e-01 1.128934383e+00 1.415102836e-02 0.000000000e+00 0.000000000e+00 0.000000000e+00 0.000000000e+00 0.000000000e+00 0.000000000e+00 0.000000000e+00 0.000000000e+00 0.000000000e+00 4.336628834e-08
9.643204688e+04 2.952951660e+02 2.064642906e+01 9.896732569e-01 1.128295064e+00 1.392119471e-02 0.000000000e+00 0.000000000e+00 0.000000000e+00 0.000000000e+00 0.000000000e+00 0.000000000e+00 0.000000000e+00 0.000000000e+00 0.000000000e+00 4.341394799e-08
9.618382812e+04 2.949637451e+02 2.430389023e+01 9.889447093e-01 1.126739502e+00 1.379726455e-02 0.000000000e+00 0.000000000e+00 0.000000000e+00 0.000000000e+00 0.000000000e+00 0.000000000e+00 0.000000000e+00 0.000000000e+00 0.000000000e+00 4.347028693e-08
9.588478125e+04 2.946366272e+02 2.877336693e+01 9.880652428e-01 1.124543786e+00 1.370828412e-02 0.000000000e+00 0.000000000e+00 0.000000000e+00 0.000000000e+00 0.000000000e+00 0.000000000e+00 0.000000000e+00 0.000000000e+00 0.000000000e+00 4.353852745e-08
9.554423438e+04 2.943005066e+02 3.390040588e+01 9.870613217e-01 1.121878505e+00 1.363603212e-02 0.000000000e+00 0.000000000e+00 0.000000000e+00 0.000000000e+00 0.000000000e+00 0.000000000e+00 0.000000000e+00 0.000000000e+00 0.000000000e+00 4.362521011e-08
9.513656250e+04 2.939242554e+02 4.009857559e+01 9.858561754e-01 1.118564487e+00 1.357254758e-02 0.000000000e+00 0.000000000e+00 0.000000000e+00 0.000000000e+00 0.000000000e+00 0.000000000e+00 0.000000000e+00 0.000000000e+00 0.000000000e+00 4.372898132e-08
9.465860938e+04 2.935011292e+02 4.730008698e+01 9.844385386e-01 1.114589334e+00 1.351313666e-02 0.000000000e+00 0.000000000e+00 0.000000000e+00 0.000000000e+00 0.000000000e+00 0.000000000e+00 0.000000000e+00 0.000000000e+00 0.000000000e+00 4.385064045e-08
9.409406250e+04 2.930151062e+02 5.585131454e+01 9.827574492e-01 1.109819174e+00 1.345401350e-02 0.000000000e+00 0.000000000e+00 0.000000000e+00 0.000000000e+00 0.000000000e+00 0.000000000e+00 0.000000000e+00 0.000000000e+00 0.000000000e+00 4.399434061e-08
9.343604688e+04 2.924606323e+02 6.578402710e+01 9.807889462e-01 1.104189277e+00 1.339119487e-02 0.000000000e+00 0.000000000e+00 0.000000000e+00 0.000000000e+00 0.000000000e+00 0.000000000e+00 0.000000000e+00 0.000000000e+00 0.000000000e+00 4.416182975e-08
9.265960156e+04 2.918198547e+02 7.762726593e+01 9.784533381e-01 1.097466111e+00 1.331840176e-02 0.000000000e+00 0.000000000e+00 0.000000000e+00 0.000000000e+00 0.000000000e+00 0.000000000e+00 0.000000000e+00 0.000000000e+00 0.000000000e+00 4.435946721e-08
9.175452344e+04 2.911004028e+02 9.145472717e+01 9.757131338e-01 1.089496255e+00 1.322087366e-02 0.000000000e+00 1.511905046e-10 0.000000000e+00 0.000000000e+00 0.000000000e+00 0.000000000e+00 0.000000000e+00 0.000000000e+00 0.000000000e+00 4.458984648e-08
9.069347656e+04 2.903295593e+02 1.076159668e+02 9.724759459e-01 1.079865813e+00 1.305317320e-02 0.000000000e+00 1.901822699e-09 0.000000000e+00 0.000000000e+00 0.000000000e+00 0.000000000e+00 0.000000000e+00 0.000000000e+00 0.000000000e+00 4.485992733e-08
8.945921875e+04 2.895373840e+02 1.265867844e+02 9.686761498e-01 1.068279862e+00 1.274933666e-02 0.000000000e+00 7.035329208e-09 0.000000000e+00 0.000000000e+00 0.000000000e+00 0.000000000e+00 0.000000000e+00 0.000000000e+00 0.000000000e+00 4.517409735e-08
8.802707812e+04 2.884731445e+02 1.487304535e+02 9.642198682e-01 1.055242658e+00 1.245612279e-02 0.000000000e+00 5.685516502e-09 0.000000000e+00 0.000000000e+00 0.000000000e+00 0.000000000e+00 0.000000000e+00 0.000000000e+00 0.000000000e+00 4.553863420e-08
8.636686719e+04 2.874533386e+02 1.746486053e+02 9.589886665e-01 1.039422512e+00 1.180434320e-02 0.000000000e+00 2.285894363e-09 0.000000000e+00 0.000000000e+00 0.000000000e+00 0.000000000e+00 0.000000000e+00 0.000000000e+00 0.000000000e+00 4.596122594e-08
8.445082812e+04 2.867176208e+02 2.048232727e+02 9.528613091e-01 1.019786358e+00 1.047993451e-02 0.000000000e+00 0.000000000e+00 0.000000000e+00 0.000000000e+00 0.000000000e+00 0.000000000e+00 0.000000000e+00 0.000000000e+00 0.000000000e+00 4.647140983e-08
8.225170312e+04 2.859861755e+02 2.402371674e+02 9.457049966e-01 9.966948032e-01 8.945950307e-03 0.000000000e+00 0.000000000e+00 0.000000000e+00 0.000000000e+00 0.000000000e+00 0.000000000e+00 0.000000000e+00 0.000000000e+00 0.000000000e+00 4.712977741e-08
7.973815625e+04 2.846323853e+02 2.809908752e+02 9.373561144e-01 9.714499116e-01 7.894466631e-03 0.000000000e+00 0.000000000e+00 0.000000000e+00 0.000000000e+00 0.000000000e+00 0.000000000e+00 0.000000000e+00 0.000000000e+00 0.000000000e+00 4.788227415e-08
7.688085938e+04 2.828447876e+02 3.280169067e+02 9.276339412e-01 9.431825876e-01 6.801959127e-03 0.000000000e+00 0.000000000e+00 0.000000000e+00 0.000000000e+00 0.000000000e+00 0.000000000e+00 0.000000000e+00 0.000000000e+00 0.000000000e+00 4.873768233e-08
7.365310156e+04 2.805352783e+02 3.822321777e+02 9.163356423e-01 9.116136432e-01 5.731753539e-03 0.000000000e+00 0.000000000e+00 0.000000000e+00 0.000000000e+00 0.000000000e+00 0.000000000e+00 0.000000000e+00 0.000000000e+00 0.000000000e+00 4.969838940e-08
7.003782031e+04 2.780809631e+02 4.443652344e+02 9.032527804e-01 8.753924966e-01 4.082509317e-03 0.000000000e+00 0.000000000e+00 0.000000000e+00 0.000000000e+00 0.000000000e+00 0.000000000e+00 0.000000000e+00 0.000000000e+00 0.000000000e+00 5.076608645e-08
6.601831250e+04 2.746866760e+02 5.148185425e+02 8.881279826e-01 8.360800743e-01 2.642030129e-03 0.000000000e+00 0.000000000e+00 0.000000000e+00 0.000000000e+00 0.000000000e+00 0.000000000e+00 0.000000000e+00 0.000000000e+00 0.000000000e+00 5.195175490e-08
6.159409375e+04 2.703093262e+02 5.953779907e+02 8.706995249e-01 7.927626371e-01 2.474815352e-03 0.000000000e+00 0.000000000e+00 0.000000000e+00 0.000000000e+00 0.000000000e+00 0.000000000e+00 0.000000000e+00 0.000000000e+00 0.000000000e+00 5.316277552e-08
5.692728125e+04 2.653403931e+02 6.429608765e+02 8.513174653e-01 7.464199066e-01 2.470863517e-03 0.000000000e+00 0.000000000e+00 0.000000000e+00 0.000000000e+00 0.000000000e+00 0.000000000e+00 0.000000000e+00 0.000000000e+00 0.000000000e+00 5.448701401e-08
5.242464453e+04 2.604902344e+02 6.263632202e+02 8.315096498e-01 7.003865242e-01 1.987001393e-03 0.000000000e+00 0.000000000e+00 0.000000000e+00 0.000000000e+00 0.000000000e+00 0.000000000e+00 0.000000000e+00 0.000000000e+00 0.000000000e+00 5.591362040e-08
4.830745703e+04 2.557796326e+02 6.104363403e+02 8.123035431e-01 6.575022340e-01 1.398405875e-03 0.000000000e+00 0.000000000e+00 0.000000000e+00 0.000000000e+00 0.000000000e+00 0.000000000e+00 0.000000000e+00 0.000000000e+00 0.000000000e+00 5.941035042e-08
4.453906250e+04 2.511297760e+02 5.950358276e+02 7.936705947e-01 6.176130176e-01 9.263391839e-04 0.000000000e+00 0.000000000e+00 0.000000000e+00 0.000000000e+00 0.000000000e+00 0.000000000e+00 0.000000000e+00 0.000000000e+00 0.000000000e+00 6.397262808e-08
4.108776172e+04 2.463175049e+02 5.793822021e+02 7.755898833e-01 5.809808373e-01 6.572033162e-04 0.000000000e+00 0.000000000e+00 0.000000000e+00 0.000000000e+00 0.000000000e+00 0.000000000e+00 0.000000000e+00 0.000000000e+00 0.000000000e+00 6.952822673e-08
3.792643359e+04 2.415306702e+02 5.639187622e+02 7.580497861e-01 5.469598770e-01 5.012589972e-04 0.000000000e+00 0.000000000e+00 0.000000000e+00 0.000000000e+00 0.000000000e+00 0.000000000e+00 0.000000000e+00 0.000000000e+00 0.000000000e+00 7.498403676e-08
3.503057812e+04 2.370757751e+02 5.486716919e+02 7.410407662e-01 5.147411227e-01 3.386072640e-04 0.000000000e+00 0.000000000e+00 0.000000000e+00 0.000000000e+00 0.000000000e+00 0.000000000e+00 0.000000000e+00 0.000000000e+00 0.000000000e+00 8.114569283e-08
3.237837305e+04 2.328466339e+02 5.341738892e+02 7.245575190e-01 4.844518900e-01 1.988588774e-04 0.000000000e+00 0.000000000e+00 0.000000000e+00 0.000000000e+00 0.000000000e+00 0.000000000e+00 0.000000000e+00 0.000000000e+00 0.000000000e+00 8.944620333e-08
2.994905078e+04 2.287359619e+02 5.193740845e+02 7.085902095e-01 4.561814368e-01 1.102155511e-04 0.000000000e+00 0.000000000e+00 0.000000000e+00 0.000000000e+00 0.000000000e+00 0.000000000e+00 0.000000000e+00 0.000000000e+00 0.000000000e+00 1.016531428e-07
2.772616211e+04 2.247386169e+02 5.039715576e+02 6.931474805e-01 4.298458099e-01 6.614570884e-05 0.000000000e+00 0.000000000e+00 0.000000000e+00 0.000000000e+00 0.000000000e+00 0.000000000e+00 0.000000000e+00 0.000000000e+00 0.000000000e+00 1.231324234e-07
2.569862891e+04 2.209786377e+02 4.863675537e+02 6.782703400e-01 4.051966071e-01 4.526480188e-05 0.000000000e+00 0.000000000e+00 0.000000000e+00 0.000000000e+00 0.000000000e+00 0.000000000e+00 0.000000000e+00 0.000000000e+00 0.000000000e+00 1.541998103e-07
2.385477344e+04 2.174652557e+02 4.687805786e+02 6.639943123e-01 3.822035193e-01 3.341939009e-05 0.000000000e+00 0.000000000e+00 0.000000000e+00 0.000000000e+00 0.000000000e+00 0.000000000e+00 0.000000000e+00 0.000000000e+00 0.000000000e+00 1.929800675e-07
2.217774609e+04 2.142116394e+02 4.518881836e+02 6.503082514e-01 3.607326448e-01 2.645452332e-05 0.000000000e+00 0.000000000e+00 0.000000000e+00 0.000000000e+00 0.000000000e+00 0.000000000e+00 0.000000000e+00 0.000000000e+00 0.000000000e+00 2.393707348e-07
2.065241602e+04 2.114863434e+02 4.356455383e+02 6.372023821e-01 3.402522802e-01 2.130147368e-05 0.000000000e+00 0.000000000e+00 0.000000000e+00 0.000000000e+00 0.000000000e+00 0.000000000e+00 0.000000000e+00 0.000000000e+00 0.000000000e+00 2.836233364e-07
1.926507812e+04 2.111804352e+02 4.241714172e+02 6.246673465e-01 3.178564608e-01 1.574640191e-05 0.000000000e+00 0.000000000e+00 0.000000000e+00 0.000000000e+00 0.000000000e+00 0.000000000e+00 0.000000000e+00 0.000000000e+00 0.000000000e+00 3.272661502e-07
1.800354297e+04 2.139214783e+02 4.178312073e+02 6.126961112e-01 2.932373285e-01 9.314427189e-06 0.000000000e+00 0.000000000e+00 0.000000000e+00 0.000000000e+00 0.000000000e+00 0.000000000e+00 0.000000000e+00 0.000000000e+00 0.000000000e+00 3.675383198e-07
1.685579492e+04 2.173223267e+02 4.126123962e+02 6.012723446e-01 2.702476680e-01 3.963615654e-06 0.000000000e+00 0.000000000e+00 0.000000000e+00 0.000000000e+00 0.000000000e+00 0.000000000e+00 0.000000000e+00 0.000000000e+00 0.000000000e+00 4.084229204e-07
1.581114551e+04 2.180643005e+02 4.014060669e+02 5.903810263e-01 2.526366413e-01 1.976250815e-06 0.000000000e+00 0.000000000e+00 0.000000000e+00 0.000000000e+00 0.000000000e+00 0.000000000e+00 0.000000000e+00 0.000000000e+00 0.000000000e+00 4.456350098e-07
1.486103418e+04 2.174101715e+02 3.868619080e+02 5.800194740e-01 2.381699085e-01 1.469526524e-06 0.000000000e+00 0.000000000e+00 0.000000000e+00 0.000000000e+00 0.000000000e+00 0.000000000e+00 0.000000000e+00 0.000000000e+00 0.000000000e+00 4.911358928e-07
1.399708789e+04 2.162854309e+02 3.719788513e+02 5.701783895e-01 2.254904509e-01 1.362017429e-06 0.000000000e+00 0.000000000e+00 0.000000000e+00 0.000000000e+00 0.000000000e+00 0.000000000e+00 0.000000000e+00 0.000000000e+00 0.000000000e+00 5.373764225e-07
1.321148145e+04 2.154536285e+02 3.569232483e+02 5.608455539e-01 2.136562020e-01 1.246115517e-06 0.000000000e+00 0.000000000e+00 0.000000000e+00 0.000000000e+00 0.000000000e+00 0.000000000e+00 0.000000000e+00 0.000000000e+00 0.000000000e+00 5.805910064e-07
1.249782227e+04 2.146535492e+02 3.415192566e+02 5.520172715e-01 2.028681487e-01 1.920151590e-06 0.000000000e+00 0.000000000e+00 0.000000000e+00 0.000000000e+00 0.000000000e+00 0.000000000e+00 0.000000000e+00 0.000000000e+00 0.000000000e+00 6.396525123e-07
1.184849512e+04 2.135419312e+02 3.265615234e+02 5.436661839e-01 1.933292150e-01 2.455446293e-06 0.000000000e+00 0.000000000e+00 0.000000000e+00 0.000000000e+00 0.000000000e+00 0.000000000e+00 0.000000000e+00 0.000000000e+00 0.000000000e+00 6.933899499e-07
1.125764746e+04 2.125014191e+02 3.107003174e+02 5.357782245e-01 1.845879108e-01 2.514437256e-06 0.000000000e+00 0.000000000e+00 0.000000000e+00 0.000000000e+00 0.000000000e+00 0.000000000e+00 0.000000000e+00 0.000000000e+00 0.000000000e+00 7.446870995e-07
1.072085547e+04 2.116191559e+02 2.952664490e+02 5.283511877e-01 1.765191853e-01 2.521583610e-06 0.000000000e+00 0.000000000e+00 0.000000000e+00 0.000000000e+00 0.000000000e+00 0.000000000e+00 0.000000000e+00 0.000000000e+00 0.000000000e+00 8.113739227e-07
1.023266113e+04 2.107632446e+02 2.804332581e+02 5.213622451e-01 1.691652536e-01 2.562877171e-06 0.000000000e+00 0.000000000e+00 0.000000000e+00 0.000000000e+00 0.000000000e+00 0.000000000e+00 0.000000000e+00 0.000000000e+00 0.000000000e+00 8.720233495e-07
9.673807812e+04 2.959283752e+02
9.654598438e+04 2.955309143e+02
9.631799219e+04 2.951428833e+02
9.604680469e+04 2.948138733e+02
9.572830469e+04 2.944821777e+02
9.535725781e+04 2.941279297e+02
9.491696875e+04 2.937298279e+02
9.439928906e+04 2.932778625e+02
9.379130469e+04 2.927599792e+02
9.307899219e+04 2.921659546e+02
9.224280469e+04 2.914885559e+02
9.126524219e+04 2.907449341e+02
9.012371875e+04 2.899638977e+02
8.879723438e+04 2.890454712e+02
8.725847656e+04 2.880010071e+02
8.547769531e+04 2.871119080e+02
8.342835938e+04 2.863775330e+02
8.107919531e+04 2.853546753e+02
7.840096094e+04 2.837958069e+02
7.536475000e+04 2.817599792e+02
7.194672656e+04 2.793768616e+02
6.813032031e+04 2.764701538e+02
6.390553516e+04 2.725962830e+02
5.927507422e+04 2.678401794e+02
5.456905859e+04 2.628001709e+02
5.026838672e+04 2.580231934e+02
4.633400781e+04 2.533445892e+02
4.273154688e+04 2.486094971e+02
3.943228516e+04 2.438108063e+02
3.640951562e+04 2.391970825e+02
3.364185547e+04 2.348613586e+02
3.110599805e+04 2.306936340e+02
2.878491406e+04 2.266425323e+02
2.666426953e+04 2.227693787e+02
2.473284180e+04 2.191383820e+02
2.297667383e+04 2.157616577e+02
2.137887109e+04 2.127842865e+02
1.992590820e+04 2.113261414e+02
1.860416602e+04 2.126164551e+02
1.740266406e+04 2.157019196e+02
1.630870410e+04 2.177108917e+02
1.531333887e+04 2.177215729e+02
1.440879102e+04 2.168214264e+02
1.358560156e+04 2.158497467e+02
1.283755273e+04 2.150344238e+02
1.215808398e+04 2.140719299e+02
1.153889648e+04 2.129967041e+02
1.097642773e+04 2.120391998e+02
1.046528516e+04 2.111710815e+02
1.000296875e+04 2.103463135e+02
7 1974 93 8 1 2 0 2 1 1 1 2 1
9.275000000e+01 1.200000000e+01 3.600000000e+02 1.000000000e+00 8.692636341e-02 1.369704102e+03 8.444473147e-01 3.731567383e+01 -8.691546631e+01 1.679837853e-01 3.004287720e+02 1.000000000e+00 0.000000000e+00 0.000000000e+00 0.000000000e+00
9.786407031e+04 2.982414246e+02 1.761848068e+01 9.938502312e-01 1.132635474e+00 1.553680282e-02 0.000000000e+00 2.351072453e-06 0.000000000e+00 0.000000000e+00 0.000000000e+00 0.000000000e+00 0.000000000e+00 0.000000000e+00 0.000000000e+00 4.185197966e-08
9.765623438e+04 2.978788757e+02 2.090565109e+01 9.932467341e-01 1.131812930e+00 1.523268688e-02 0.000000000e+00 2.315684924e-06 0.000000000e+00 0.000000000e+00 0.000000000e+00 0.000000000e+00 0.000000000e+00 0.000000000e+00 0.000000000e+00 4.190547287e-08
9.740886719e+04 2.975786438e+02 2.461321831e+01 9.925272465e-01 1.130202055e+00 1.506095659e-02 0.000000000e+00 2.275973202e-06 0.000000000e+00 0.000000000e+00 0.000000000e+00 0.000000000e+00 0.000000000e+00 0.000000000e+00 0.000000000e+00 4.196914460e-08
9.710147656e+04 2.972602844e+02 2.914748001e+01 9.916313291e-01 1.127929807e+00 1.493179332e-02 0.000000000e+00 2.234229896e-06 0.000000000e+00 0.000000000e+00 0.000000000e+00 0.000000000e+00 0.000000000e+00 0.000000000e+00 0.000000000e+00 4.204825998e-08
9.675385938e+04 2.969256592e+02 3.434830856e+01 9.906157255e-01 1.125232935e+00 1.482184324e-02 0.000000000e+00 2.188624194e-06 0.000000000e+00 0.000000000e+00 0.000000000e+00 0.000000000e+00 0.000000000e+00 0.000000000e+00 0.000000000e+00 4.213773153e-08
9.633766406e+04 2.965441284e+02 4.063822556e+01 9.893963933e-01 1.121901989e+00 1.472160779e-02 0.000000000e+00 2.130158919e-06 0.000000000e+00 0.000000000e+00 0.000000000e+00 0.000000000e+00 0.000000000e+00 0.000000000e+00 0.000000000e+00 4.224485650e-08
9.585839062e+04 2.961178589e+02 4.794843674e+01 9.879875183e-01 1.117991209e+00 1.462710463e-02 0.000000000e+00 2.054022161e-06 0.000000000e+00 0.000000000e+00 0.000000000e+00 0.000000000e+00 0.000000000e+00 0.000000000e+00 0.000000000e+00 4.236953188e-08
9.528274219e+04 2.956163025e+02 5.663440704e+01 9.862887263e-01 1.113229632e+00 1.452764682e-02 0.000000000e+00 1.967918706e-06 0.000000000e+00 0.000000000e+00 0.000000000e+00 0.000000000e+00 0.000000000e+00 0.000000000e+00 0.000000000e+00 4.253680430e-08
9.461390625e+04 2.950418091e+02 6.672971344e+01 9.843056798e-01 1.107638836e+00 1.442129072e-02 0.000000000e+00 1.866825073e-06 0.000000000e+00 0.000000000e+00 0.000000000e+00 0.000000000e+00 0.000000000e+00 0.000000000e+00 0.000000000e+00 4.273115195e-08
9.382419531e+04 2.943702087e+02 7.877344513e+01 9.819512963e-01 1.100978494e+00 1.430259179e-02 0.000000000e+00 1.751207378e-06 0.000000000e+00 0.000000000e+00 0.000000000e+00 0.000000000e+00 0.000000000e+00 0.000000000e+00 0.000000000e+00 4.296062528e-08
9.290110156e+04 2.935941467e+02 9.283863831e+01 9.791812897e-01 1.093129158e+00 1.414911170e-02 0.000000000e+00 1.635351396e-06 0.000000000e+00 0.000000000e+00 0.000000000e+00 0.000000000e+00 0.000000000e+00 0.000000000e+00 0.000000000e+00 4.322885516e-08
9.181979688e+04 2.926987915e+02 1.092743530e+02 9.759113789e-01 1.083834648e+00 1.395955868e-02 0.000000000e+00 1.520439241e-06 0.000000000e+00 0.000000000e+00 0.000000000e+00 0.000000000e+00 0.000000000e+00 0.000000000e+00 0.000000000e+00 4.354305716e-08
9.056322656e+04 2.916843872e+02 1.285483551e+02 9.720767140e-01 1.072894454e+00 1.368974149e-02 0.000000000e+00 1.360588726e-06 0.000000000e+00 0.000000000e+00 0.000000000e+00 0.000000000e+00 0.000000000e+00 0.000000000e+00 0.000000000e+00 4.390819086e-08
8.910007031e+04 2.905618286e+02 1.511168060e+02 9.675634503e-01 1.059908271e+00 1.326769032e-02 0.000000000e+00 1.165171398e-06 0.000000000e+00 0.000000000e+00 0.000000000e+00 0.000000000e+00 0.000000000e+00 0.000000000e+00 0.000000000e+00 4.433335121e-08
8.740536719e+04 2.895643311e+02 1.775989685e+02 9.622692466e-01 1.043838382e+00 1.246063318e-02 0.000000000e+00 1.024845346e-06 0.000000000e+00 0.000000000e+00 0.000000000e+00 0.000000000e+00 0.000000000e+00 0.000000000e+00 0.000000000e+00 4.482579286e-08
8.543703906e+04 2.887342529e+02 2.084458771e+02 9.560273886e-01 1.024128199e+00 1.106387656e-02 0.000000000e+00 9.024305427e-07 0.000000000e+00 0.000000000e+00 0.000000000e+00 0.000000000e+00 0.000000000e+00 0.000000000e+00 0.000000000e+00 4.539774778e-08
8.319060156e+04 2.875227661e+02 2.445478210e+02 9.487768412e-01 1.002030730e+00 1.002504956e-02 0.000000000e+00 7.829038964e-07 0.000000000e+00 0.000000000e+00 0.000000000e+00 0.000000000e+00 0.000000000e+00 0.000000000e+00 0.000000000e+00 4.614594928e-08
8.063621094e+04 2.855878601e+02 2.862700195e+02 9.403603673e-01 9.777645469e-01 1.015876140e-02 0.000000000e+00 7.630787309e-07 0.000000000e+00 0.000000000e+00 0.000000000e+00 0.000000000e+00 0.000000000e+00 0.000000000e+00 0.000000000e+00 4.702659595e-08
7.769615625e+04 2.839716797e+02 3.347584229e+02 9.304340482e-01 9.481925964e-01 8.908748627e-03 0.000000000e+00 5.648763590e-07 0.000000000e+00 0.000000000e+00 0.000000000e+00 0.000000000e+00 0.000000000e+00 0.000000000e+00 0.000000000e+00 4.804020293e-08
7.439013281e+04 2.825853882e+02 3.905310059e+02 9.189462066e-01 9.140267372e-01 5.784871057e-03 0.000000000e+00 2.491987345e-07 0.000000000e+00 0.000000000e+00 4.209882096e-11 0.000000000e+00 0.000000000e+00 0.000000000e+00 0.000000000e+00 4.916526919e-08
7.068688281e+04 2.807984314e+02 4.544902954e+02 9.056365490e-01 8.756951094e-01 2.688478213e-03 0.000000000e+00 -2.705764376e-15 0.000000000e+00 0.000000000e+00 1.898482704e-09 0.000000000e+00 0.000000000e+00 0.000000000e+00 0.000000000e+00 5.035807504e-08
6.657072656e+04 2.770629578e+02 5.270187378e+02 8.902449608e-01 8.361193538e-01 2.101972932e-03 0.000000000e+00 0.000000000e+00 0.000000000e+00 0.000000000e+00 1.225457069e-08 0.000000000e+00 0.000000000e+00 0.000000000e+00 0.000000000e+00 5.168387673e-08
6.204564062e+04 2.723249817e+02 6.089923706e+02 8.725185394e-01 7.928692698e-01 2.047364833e-03 0.000000000e+00 0.000000000e+00 0.000000000e+00 3.422495967e-11 6.880899406e-08 0.000000000e+00 0.000000000e+00 0.000000000e+00 0.000000000e+00 5.292727323e-08
5.727469141e+04 2.667774353e+02 6.559963989e+02 8.527986407e-01 7.471864820e-01 1.905214624e-03 0.000000000e+00 0.000000000e+00 0.000000000e+00 2.828264023e-08 2.176508929e-07 0.000000000e+00 0.000000000e+00 0.000000000e+00 4.048450137e-05 5.424196914e-08
5.267968750e+04 2.611234436e+02 6.369782104e+02 8.326634169e-01 7.021916509e-01 1.742154942e-03 0.000000000e+00 0.000000000e+00 1.450077124e-11 1.943693633e-06 3.771945956e-07 0.000000000e+00 0.000000000e+00 0.000000000e+00 5.875570423e-05 5.567103400e-08
4.848844531e+04 2.561146851e+02 6.196119385e+02 8.131719232e-01 6.590831280e-01 1.446141745e-03 0.000000000e+00 0.000000000e+00 5.933003422e-09 1.999496271e-05 3.858282014e-07 1.996152103e-02 0.000000000e+00 2.062578278e-05 9.288460569e-05 5.863854824e-08
4.466544922e+04 2.514721375e+02 6.032797241e+02 7.943134308e-01 6.184090972e-01 1.227750210e-03 0.000000000e+00 0.000000000e+00 1.650074296e-06 7.370285311e-05 2.707536453e-07 1.749573946e-01 0.000000000e+00 5.107641118e-05 1.149334857e-04 6.262791175e-08
4.116034375e+04 2.475257263e+02 5.885476074e+02 7.759810686e-01 5.790714622e-01 9.265393601e-04 0.000000000e+00 0.000000000e+00 8.987156434e-06 1.142934707e-04 1.513369199e-07 2.778531015e-01 0.000000000e+00 6.896069681e-05 1.224721927e-04 6.734957481e-08
3.796384766e+04 2.435507660e+02 5.735540161e+02 7.582633495e-01 5.429394245e-01 5.585540785e-04 0.000000000e+00 0.000000000e+00 2.220739361e-06 6.133502757e-05 5.905494760e-08 1.062600985e-01 0.000000000e+00 5.414065890e-05 1.117892898e-04 7.196683782e-08
3.504446484e+04 2.393068390e+02 5.574017944e+02 7.411246896e-01 5.101647973e-01 2.725065569e-04 0.000000000e+00 0.000000000e+00 4.348896709e-08 2.129095810e-05 1.862194488e-08 2.056446485e-02 0.000000000e+00 2.392046190e-05 9.392514767e-05 7.710817584e-08
3.237794922e+04 2.349508667e+02 5.413434448e+02 7.245547771e-01 4.801223576e-01 1.456183672e-04 0.000000000e+00 0.000000000e+00 1.324950283e-08 9.674407920e-06 6.752912451e-09 0.000000000e+00 0.000000000e+00 2.135090836e-05 8.113375225e-05 8.397077522e-08
2.994222266e+04 2.305797272e+02 5.247237549e+02 7.085440755e-01 4.524321556e-01 1.043721641e-04 0.000000000e+00 0.000000000e+00 2.805900046e-08 7.905272469e-06 3.241245938e-09 0.000000000e+00 0.000000000e+00 2.268525350e-05 7.798588922e-05 9.401113488e-08
2.771827344e+04 2.262756195e+02 5.076527710e+02 6.930910945e-01 4.268006980e-01 8.111345232e-05 0.000000000e+00 0.000000000e+00 5.052880780e-08 6.329412827e-06 1.544140593e-09 0.000000000e+00 0.000000000e+00 2.444049096e-05 7.460276538e-05 1.113038266e-07
2.569119336e+04 2.220947723e+02 4.889718018e+02 6.782143116e-01 4.030417502e-01 5.303636863e-05 0.000000000e+00 0.000000000e+00 1.840235520e-08 1.341715006e-06 7.463389351e-10 0.000000000e+00 0.000000000e+00 2.183400829e-05 5.478136154e-05 1.359830009e-07
2.384725977e+04 2.181280060e+02 4.703584900e+02 6.639345884e-01 3.809217215e-01 3.575084338e-05 0.000000000e+00 0.000000000e+00 3.366131540e-10 6.215357118e-09 2.699778734e-10 0.000000000e+00 0.000000000e+00 0.000000000e+00 4.010763587e-05 1.658921605e-07
2.216991211e+04 2.144374695e+02 4.525250549e+02 6.502426267e-01 3.602252007e-01 2.771293657e-05 0.000000000e+00 0.000000000e+00 5.515628579e-11 1.421359883e-07 1.044573456e-10 0.000000000e+00 0.000000000e+00 0.000000000e+00 4.230871127e-05 2.008521278e-07
2.064478711e+04 2.115054321e+02 4.358462524e+02 6.371351480e-01 3.400957584e-01 2.178773138e-05 0.000000000e+00 0.000000000e+00 5.080142973e-09 3.170062257e-08 2.361827227e-11 0.000000000e+00 0.000000000e+00 2.053801654e-05 4.054214878e-05 2.349731574e-07
1.925925586e+04 2.104412079e+02 4.228151855e+02 6.246134043e-01 3.188763857e-01 1.687789518e-05 0.000000000e+00 0.000000000e+00 7.094329030e-12 1.931657091e-11 0.000000000e+00 0.000000000e+00 0.000000000e+00 0.000000000e+00 0.000000000e+00 2.697309753e-07
1.799383789e+04 2.105870972e+02 4.115424805e+02 6.126017570e-01 2.977190614e-01 1.333902583e-05 0.000000000e+00 0.000000000e+00 0.000000000e+00 4.252485863e-11 0.000000000e+00 0.000000000e+00 0.000000000e+00 0.000000000e+00 0.000000000e+00 3.023497186e-07
1.684832227e+04 2.128834076e+02 4.043673706e+02 6.011961699e-01 2.757594585e-01 9.566346307e-06 0.000000000e+00 0.000000000e+00 0.000000000e+00 2.165850485e-11 0.000000000e+00 0.000000000e+00 0.000000000e+00 0.000000000e+00 0.000000000e+00 3.377325299e-07
1.580462012e+04 2.151399994e+02 3.961881104e+02 5.903114080e-01 2.559645474e-01 4.502532192e-06 0.000000000e+00 0.000000000e+00 0.000000000e+00 0.000000000e+00 0.000000000e+00 0.000000000e+00 0.000000000e+00 0.000000000e+00 0.000000000e+00 3.699705076e-07
1.485632910e+04 2.161796112e+02 3.847935181e+02 5.799670219e-01 2.394497097e-01 2.222235707e-06 0.000000000e+00 0.000000000e+00 0.000000000e+00 0.000000000e+00 0.000000000e+00 0.000000000e+00 0.000000000e+00 0.000000000e+00 0.000000000e+00 4.102059279e-07
1.399453027e+04 2.161170349e+02 3.717577209e+02 5.701486468e-01 2.256248742e-01 1.805129614e-06 0.000000000e+00 0.000000000e+00 0.000000000e+00 0.000000000e+00 0.000000000e+00 0.000000000e+00 0.000000000e+00 0.000000000e+00 0.000000000e+00 4.512060627e-07
1.321010254e+04 2.148166351e+02 3.559066467e+02 5.608288646e-01 2.142672837e-01 1.945299800e-06 0.000000000e+00 0.000000000e+00 0.000000000e+00 0.000000000e+00 0.000000000e+00 0.000000000e+00 0.000000000e+00 0.000000000e+00 0.000000000e+00 4.898948305e-07
1.249680078e+04 2.132444916e+02 3.393043213e+02 5.520043969e-01 2.041919082e-01 2.304739382e-06 0.000000000e+00 0.000000000e+00 0.000000000e+00 0.000000000e+00 0.000000000e+00 0.000000000e+00 0.000000000e+00 0.000000000e+00 0.000000000e+00 5.474857403e-07
1.184811133e+04 2.121498566e+02 3.244420166e+02 5.436611772e-01 1.945914775e-01 2.468175126e-06 0.000000000e+00 0.000000000e+00 0.000000000e+00 0.000000000e+00 0.000000000e+00 0.000000000e+00 0.000000000e+00 0.000000000e+00 0.000000000e+00 5.998599590e-07
1.125780078e+04 2.114498444e+02 3.091580505e+02 5.357803106e-01 1.855084300e-01 2.451190767e-06 0.000000000e+00 0.000000000e+00 0.000000000e+00 0.000000000e+00 0.000000000e+00 0.000000000e+00 0.000000000e+00 0.000000000e+00 0.000000000e+00 6.500695804e-07
1.072076562e+04 2.107806549e+02 2.940982666e+02 5.283499360e-01 1.772198975e-01 2.452652780e-06 0.000000000e+00 0.000000000e+00 0.000000000e+00 0.000000000e+00 0.000000000e+00 0.000000000e+00 0.000000000e+00 0.000000000e+00 0.000000000e+00 7.171522611e-07
1.023256445e+04 2.101807251e+02 2.796610413e+02 5.213608742e-01 1.696324944e-01 2.482965328e-06 0.000000000e+00 0.000000000e+00 0.000000000e+00 0.000000000e+00 0.000000000e+00 0.000000000e+00 0.000000000e+00 0.000000000e+00 0.000000000e+00 7.781349609e-07
9.795912500e+04 2.984072571e+02
9.776900781e+04 2.980755920e+02
9.754257031e+04 2.977409363e+02
9.726801562e+04 2.974327698e+02
9.694175000e+04 2.971065369e+02
9.656297656e+04 2.967507019e+02
9.611746875e+04 2.963482971e+02
9.559397656e+04 2.958874817e+02
9.497500000e+04 2.953519897e+02
9.425075000e+04 2.947329712e+02
9.339910156e+04 2.940128174e+02
9.240247656e+04 2.931812744e+02
9.123974219e+04 2.922305298e+02
8.988690625e+04 2.911654968e+02
8.831550000e+04 2.901000366e+02
8.649192969e+04 2.891791382e+02
8.439257031e+04 2.881709900e+02
8.199904688e+04 2.866201782e+02
7.926028125e+04 2.848315125e+02
7.614328906e+04 2.833205261e+02
7.264223438e+04 2.817419739e+02
6.873351562e+04 2.790257263e+02
6.440977734e+04 2.748003235e+02
5.967487500e+04 2.695682983e+02
5.486809375e+04 2.638161926e+02
5.048464844e+04 2.585002441e+02
4.648640234e+04 2.536834564e+02
4.282975781e+04 2.494053192e+02
3.948644922e+04 2.454441833e+02
3.643460547e+04 2.413276825e+02
3.364825000e+04 2.370260162e+02
3.110221875e+04 2.326614532e+02
2.877753125e+04 2.283256378e+02
2.665661914e+04 2.240859680e+02
2.472536719e+04 2.200170288e+02
2.296899219e+04 2.161956329e+02
2.137114453e+04 2.129018555e+02
1.991922461e+04 2.109481354e+02
1.859631055e+04 2.105176392e+02
1.739412695e+04 2.117892761e+02
1.630172754e+04 2.140652008e+02
1.530776758e+04 2.156846924e+02
1.440520996e+04 2.161468506e+02
1.358366113e+04 2.154358978e+02
1.283636133e+04 2.139928894e+02
1.215739551e+04 2.126717529e+02
1.153879395e+04 2.117830505e+02
1.097645410e+04 2.110992737e+02
1.046519141e+04 2.104665985e+02
1.000272852e+04 2.098883057e+02
8 1974 93 8 1 2 0 2 1 0 0 2 0
9.275000000e+01 1.200000000e+01 3.600000000e+02 1.000000000e+00 8.692636341e-02 1.369704102e+03 8.444473147e-01 3.731567383e+01 -8.691546631e+01 1.679837853e-01 3.004287720e+02 1.000000000e+00 0.000000000e+00 0.000000000e+00 0.000000000e+00
9.786407031e+04 2.982414246e+02 1.761848068e+01 9.938502312e-01 1.132635474e+00 1.553680282e-02 0.000000000e+00 2.351072453e-06 0.000000000e+00 0.000000000e+00 0.000000000e+00 0.000000000e+00 0.000000000e+00 0.000000000e+00 0.000000000e+00 4.185197966e-08
9.765623438e+04 2.978788757e+02 2.090565109e+01 9.932467341e-01 1.131812930e+00 1.523268688e-02 0.000000000e+00 2.315684924e-06 0.000000000e+00 0.000000000e+00 0.000000000e+00 0.000000000e+00 0.000000000e+00 0.000000000e+00 0.000000000e+00 4.190547287e-08
9.740886719e+04 2.975786438e+02 2.461321831e+01 9.925272465e-01 1.130202055e+00 1.506095659e-02 0.000000000e+00 2.275973202e-06 0.000000000e+00 0.000000000e+00 0.000000000e+00 0.000000000e+00 0.000000000e+00 0.000000000e+00 0.000000000e+00 4.196914460e-08
9.710147656e+04 2.972602844e+02 2.914748001e+01 9.916313291e-01 1.127929807e+00 1.493179332e-02 0.000000000e+00 2.234229896e-06 0.000000000e+00 0.000000000e+00 0.000000000e+00 0.000000000e+00 0.000000000e+00 0.000000000e+00 0.000000000e+00 4.204825998e-08
9.675385938e+04 2.969256592e+02 3.434830856e+01 9.906157255e-01 1.125232935e+00 1.482184324e-02 0.000000000e+00 2.188624194e-06 0.000000000e+00 0.000000000e+00 0.000000000e+00 0.000000000e+00 0.000000000e+00 0.000000000e+00 0.000000000e+00 4.213773153e-08
9.633766406e+04 2.965441284e+02 4.063822556e+01 9.893963933e-01 1.121901989e+00 1.472160779e-02 0.000000000e+00 2.130158919e-06 0.000000000e+00 0.000000000e+00 0.000000000e+00 0.000000000e+00 0.000000000e+00 0.000000000e+00 0.000000000e+00 4.224485650e-08
9.585839062e+04 2.961178589e+02 4.794843674e+01 9.879875183e-01 1.117991209e+00 1.462710463e-02 0.000000000e+00 2.054022161e-06 0.000000000e+00 0.000000000e+00 0.000000000e+00 0.000000000e+00 0.000000000e+00 0.000000000e+00 0.000000000e+00 4.236953188e-08
9.528274219e+04 2.956163025e+02 5.663440704e+01 9.862887263e-01 1.113229632e+00 1.452764682e-02 0.000000000e+00 1.967918706e-06 0.000000000e+00 0.000000000e+00 0.000000000e+00 0.000000000e+00 0.000000000e+00 0.000000000e+00 0.000000000e+00 4.253680430e-08
9.461390625e+04 2.950418091e+02 6.672971344e+01 9.843056798e-01 1.107638836e+00 1.442129072e-02 0.000000000e+00 1.866825073e-06 0.000000000e+00 0.000000000e+00 0.000000000e+00 0.000000000e+00 0.000000000e+00 0.000000000e+00 0.000000000e+00 4.273115195e-08
9.382419531e+04 2.943702087e+02 7.877344513e+01 9.819512963e-01 1.100978494e+00 1.430259179e-02 0.000000000e+00 1.751207378e-06 0.000000000e+00 0.000000000e+00 0.000000000e+00 0.000000000e+00 0.000000000e+00 0.000000000e+00 0.000000000e+00 4.296062528e-08
9.290110156e+04 2.935941467e+02 9.283863831e+01 9.791812897e-01 1.093129158e+00 1.414911170e-02 0.000000000e+00 1.635351396e-06 0.000000000e+00 0.000000000e+00 0.000000000e+00 0.000000000e+00 0.000000000e+00 0.000000000e+00 0.000000000e+00 4.322885516e-08
9.181979688e+04 2.926987915e+02 1.092743530e+02 9.759113789e-01 1.083834648e+00 1.395955868e-02 0.000000000e+00 1.520439241e-06 0.000000000e+00 0.000000000e+00 0.000000000e+00 0.000000000e+00 0.000000000e+00 0.000000000e+00 0.000000000e+00 4.354305716e-08
9.056322656e+04 2.916843872e+02 1.285483551e+02 9.720767140e-01 1.072894454e+00 1.368974149e-02 0.000000000e+00 1.360588726e-06 0.000000000e+00 0.000000000e+00 0.000000000e+00 0.000000000e+00 0.000000000e+00 0.000000000e+00 0.000000000e+00 4.390819086e-08
8.910007031e+04 2.905618286e+02 1.511168060e+02 9.675634503e-01 1.059908271e+00 1.326769032e-02 0.000000000e+00 1.165171398e-06 0.000000000e+00 0.000000000e+00 0.000000000e+00 0.000000000e+00 0.000000000e+00 0.000000000e+00 0.000000000e+00 4.433335121e-08
8.740536719e+04 2.895643311e+02 1.775989685e+02 9.622692466e-01 1.043838382e+00 1.246063318e-02 0.000000000e+00 1.024845346e-06 0.000000000e+00 0.000000000e+00 0.000000000e+00 0.000000000e+00 0.000000000e+00 0.000000000e+00 0.000000000e+00 4.482579286e-08
8.543703906e+04 2.887342529e+02 2.084458771e+02 9.560273886e-01 1.024128199e+00 1.106387656e-02 0.000000000e+00 9.024305427e-07 0.000000000e+00 0.000000000e+00 0.000000000e+00 0.000000000e+00 0.000000000e+00 0.000000000e+00 0.000000000e+00 4.539774778e-08
8.319060156e+04 2.875227661e+02 2.445478210e+02 9.487768412e-01 1.002030730e+00 1.002504956e-02 0.000000000e+00 7.829038964e-07 0.000000000e+00 0.000000000e+00 0.000000000e+00 0.000000000e+00 0.000000000e+00 0.000000000e+00 0.000000000e+00 4.614594928e-08
8.063621094e+04 2.855878601e+02 2.862700195e+02 9.403603673e-01 9.777645469e-01 1.015876140e-02 0.000000000e+00 7.630787309e-07 0.000000000e+00 0.000000000e+00 0.000000000e+00 0.000000000e+00 0.000000000e+00 0.000000000e+00 0.000000000e+00 4.702659595e-08
7.769615625e+04 2.839716797e+02 3.347584229e+02 9.304340482e-01 9.481925964e-01 8.908748627e-03 0.000000000e+00 5.648763590e-07 0.000000000e+00 0.000000000e+00 0.000000000e+00 0.000000000e+00 0.000000000e+00 0.000000000e+00 0.000000000e+00 4.804020293e-08
7.439013281e+04 2.825853882e+02 3.905310059e+02 9.189462066e-01 9.140267372e-01 5.784871057e-03 0.000000000e+00 2.491987345e-07 0.000000000e+00 0.000000000e+00 4.209882096e-11 0.000000000e+00 0.000000000e+00 0.000000000e+00 0.000000000e+00 4.916526919e-08
7.068688281e+04 2.807984314e+02 4.544902954e+02 9.056365490e-01 8.756951094e-01 2.688478213e-03 0.000000000e+00 -2.705764376e-15 0.000000000e+00 0.000000000e+00 1.898482704e-09 0.000000000e+00 0.000000000e+00 0.000000000e+00 0.000000000e+00 5.035807504e-08
6.657072656e+04 2.770629578e+02 5.270187378e+02 8.902449608e-01 8.361193538e-01 2.101972932e-03 0.000000000e+00 0.000000000e+00 0.000000000e+00 0.000000000e+00 1.225457069e-08 0.000000000e+00 0.000000000e+00 0.000000000e+00 0.000000000e+00 5.168387673e-08
6.204564062e+04 2.723249817e+02 6.089923706e+02 8.725185394e-01 7.928692698e-01 2.047364833e-03 0.000000000e+00 0.000000000e+00 0.000000000e+00 3.422495967e-11 6.880899406e-08 0.000000000e+00 0.000000000e+00 0.000000000e+00 0.000000000e+00 5.292727323e-08
5.727469141e+04 2.667774353e+02 6.559963989e+02 8.527986407e-01 7.471864820e-01 1.905214624e-03 0.000000000e+00 0.000000000e+00 0.000000000e+00 2.828264023e-08 2.176508929e-07 0.000000000e+00 0.000000000e+00 0.000000000e+00 4.048450137e-05 5.424196914e-08
5.267968750e+04 2.611234436e+02 6.369782104e+02 8.326634169e-01 7.021916509e-01 1.742154942e-03 0.000000000e+00 0.000000000e+00 1.450077124e-11 1.943693633e-06 3.771945956e-07 0.000000000e+00 0.000000000e+00 0.000000000e+00 5.875570423e-05 5.567103400e-08
4.848844531e+04 2.561146851e+02 6.196119385e+02 8.131719232e-01 6.590831280e-01 1.446141745e-03 0.000000000e+00 0.000000000e+00 5.933003422e-09 1.999496271e-05 3.858282014e-07 1.996152103e-02 0.000000000e+00 2.062578278e-05 9.288460569e-05 5.863854824e-08
4.466544922e+04 2.514721375e+02 6.032797241e+02 7.943134308e-01 6.184090972e-01 1.227750210e-03 0.000000000e+00 0.000000000e+00 1.650074296e-06 7.370285311e-05 2.707536453e-07 1.749573946e-01 0.000000000e+00 5.107641118e-05 1.149334857e-04 6.262791175e-08
4.116034375e+04 2.475257263e+02 5.885476074e+02 7.759810686e-01 5.790714622e-01 9.265393601e-04 0.000000000e+00 0.000000000e+00 8.987156434e-06 1.142934707e-04 1.513369199e-07 2.778531015e-01 0.000000000e+00 6.896069681e-05 1.224721927e-04 6.734957481e-08
3.796384766e+04 2.435507660e+02 5.735540161e+02 7.582633495e-01 5.429394245e-01 5.585540785e-04 0.000000000e+00 0.000000000e+00 2.220739361e-06 6.133502757e-05 5.905494760e-08 1.062600985e-01 0.000000000e+00 5.414065890e-05 1.117892898e-04 7.196683782e-08
3.504446484e+04 2.393068390e+02 5.574017944e+02 7.411246896e-01 5.101647973e-01 2.725065569e-04 0.000000000e+00 0.000000000e+00 4.348896709e-08 2.129095810e-05 1.862194488e-08 2.056446485e-02 0.000000000e+00 2.392046190e-05 9.392514767e-05 7.710817584e-08
3.237794922e+04 2.349508667e+02 5.413434448e+02 7.245547771e-01 4.801223576e-01 1.456183672e-04 0.000000000e+00 0.000000000e+00 1.324950283e-08 9.674407920e-06 6.752912451e-09 0.000000000e+00 0.000000000e+00 2.135090836e-05 8.113375225e-05 8.397077522e-08
2.994222266e+04 2.305797272e+02 5.247237549e+02 7.085440755e-01 4.524321556e-01 1.043721641e-04 0.000000000e+00 0.000000000e+00 2.805900046e-08 7.905272469e-06 3.241245938e-09 0.000000000e+00 0.000000000e+00 2.268525350e-05 7.798588922e-05 9.401113488e-08
2.771827344e+04 2.262756195e+02 5.076527710e+02 6.930910945e-01 4.268006980e-01 8.111345232e-05 0.000000000e+00 0.000000000e+00 5.052880780e-08 6.329412827e-06 1.544140593e-09 0.000000000e+00 0.000000000e+00 2.444049096e-05 7.460276538e-05 1.113038266e-07
2.569119336e+04 2.220947723e+02 4.889718018e+02 6.782143116e-01 4.030417502e-01 5.303636863e-05 0.000000000e+00 0.000000000e+00 1.840235520e-08 1.341715006e-06 7.463389351e-10 0.000000000e+00 0.000000000e+00 2.183400829e-05 5.478136154e-05 1.359830009e-07
2.384725977e+04 2.181280060e+02 4.703584900e+02 6.639345884e-01 3.809217215e-01 3.575084338e-05 0.000000000e+00 0.000000000e+00 3.366131540e-10 6.215357118e-09 2.699778734e-10 0.000000000e+00 0.000000000e+00 0.000000000e+00 4.010763587e-05 1.658921605e-07
2.216991211e+04 2.144374695e+02 4.525250549e+02 6.502426267e-01 3.602252007e-01 2.771293657e-05 0.000000000e+00 0.000000000e+00 5.515628579e-11 1.421359883e-07 1.044573456e-10 0.000000000e+00 0.000000000e+00 0.000000000e+00 4.230871127e-05 2.008521278e-07
2.064478711e+04 2.115054321e+02 4.358462524e+02 6.371351480e-01 3.400957584e-01 2.178773138e-05 0.000000000e+00 0.000000000e+00 5.080142973e-09 3.170062257e-08 2.361827227e-11 0.000000000e+00 0.000000000e+00 2.053801654e-05 4.054214878e-05 2.349731574e-07
1.925925586e+04 2.104412079e+02 4.228151855e+02 6.246134043e-01 3.188763857e-01 1.687789518e-05 0.000000000e+00 0.000000000e+00 7.094329030e-12 1.931657091e-11 0.000000000e+00 0.000000000e+00 0.000000000e+00 0.000000000e+00 0.000000000e+00 2.697309753e-07
1.799383789e+04 2.105870972e+02 4.115424805e+02 6.126017570e-01 2.977190614e-01 1.333902583e-05 0.000000000e+00 0.000000000e+00 0.000000000e+00 4.252485863e-11 0.000000000e+00 0.000000000e+00 0.000000000e+00 0.000000000e+00 0.000000000e+00 3.023497186e-07
1.684832227e+04 2.128834076e+02 4.043673706e+02 6.011961699e-01 2.757594585e-01 9.566346307e-06 0.000000000e+00 0.000000000e+00 0.000000000e+00 2.165850485e-11 0.000000000e+00 0.000000000e+00 0.000000000e+00 0.000000000e+00 0.000000000e+00 3.377325299e-07
1.580462012e+04 2.151399994e+02 3.961881104e+02 5.903114080e-01 2.559645474e-01 4.502532192e-06 0.000000000e+00 0.000000000e+00 0.000000000e+00 0.000000000e+00 0.000000000e+00 0.000000000e+00 0.000000000e+00 0.000000000e+00 0.000000000e+00 3.699705076e-07
1.485632910e+04 2.161796112e+02 3.847935181e+02 5.799670219e-01 2.394497097e-01 2.222235707e-06 0.000000000e+00 0.000000000e+00 0.000000000e+00 0.000000000e+00 0.000000000e+00 0.000000000e+00 0.000000000e+00 0.000000000e+00 0.000000000e+00 4.102059279e-07
1.399453027e+04 2.161170349e+02 3.717577209e+02 5.701486468e-01 2.256248742e-01 1.805129614e-06 0.000000000e+00 0.000000000e+00 0.000000000e+00 0.000000000e+00 0.000000000e+00 0.000000000e+00 0.000000000e+00 0.000000000e+00 0.000000000e+00 4.512060627e-07
1.321010254e+04 2.148166351e+02 3.559066467e+02 5.608288646e-01 2.142672837e-01 1.945299800e-06 0.000000000e+00 0.000000000e+00 0.000000000e+00 0.000000000e+00 0.000000000e+00 0.000000000e+00 0.000000000e+00 0.000000000e+00 0.000000000e+00 4.898948305e-07
1.249680078e+04 2.132444916e+02 3.393043213e+02 5.520043969e-01 2.041919082e-01 2.304739382e-06 0.000000000e+00 0.000000000e+00 0.000000000e+00 0.000000000e+00 0.000000000e+00 0.000000000e+00 0.000000000e+00 0.000000000e+00 0.000000000e+00 5.474857403e-07
1.184811133e+04 2.121498566e+02 3.244420166e+02 5.436611772e-01 1.945914775e-01 2.468175126e-06 0.000000000e+00 0.000000000e+00 0.000000000e+00 0.000000000e+00 0.000000000e+00 0.000000000e+00 0.000000000e+00 0.000000000e+00 0.000000000e+00 5.998599590e-07
1.125780078e+04 2.114498444e+02 3.091580505e+02 5.357803106e-01 1.855084300e-01 2.451190767e-06 0.000000000e+00 0.000000000e+00 0.000000000e+00 0.000000000e+00 0.000000000e+00 0.000000000e+00 0.000000000e+00 0.000000000e+00 0.000000000e+00 6.500695804e-07
1.072076562e+04 2.107806549e+02 2.940982666e+02 5.283499360e-01 1.772198975e-01 2.452652780e-06 0.000000000e+00 0.000000000e+00 0.000000000e+00 0.000000000e+00 0.000000000e+00 0.000000000e+00 0.000000000e+00 0.000000000e+00 0.000000000e+00 7.171522611e-07
1.023256445e+04 2.101807251e+02 2.796610413e+02 5.213608742e-01 1.696324944e-01 2.482965328e-06 0.000000000e+00 0.000000000e+00 0.000000000e+00 0.000000000e+00 0.000000000e+00 0.000000000e+00 0.000000000e+00 0.000000000e+00 0.000000000e+00 7.781349609e-07
9.795912500e+04 2.984072571e+02
9.776900781e+04 2.980755920e+02
9.754257031e+04 2.977409363e+02
9.726801562e+04 2.974327698e+02
9.694175000e+04 2.971065369e+02
9.656297656e+04 2.967507019e+02
9.611746875e+04 2.963482971e+02
9.559397656e+04 2.958874817e+02
9.497500000e+04 2.953519897e+02
9.425075000e+04 2.947329712e+02
9.339910156e+04 2.940128174e+02
9.240247656e+04 2.931812744e+02
9.123974219e+04 2.922305298e+02
8.988690625e+04 2.911654968e+02
8.831550000e+04 2.901000366e+02
8.649192969e+04 2.891791382e+02
8.439257031e+04 2.881709900e+02
8.199904688e+04 2.866201782e+02
7.926028125e+04 2.848315125e+02
7.614328906e+04 2.833205261e+02
7.264223438e+04 2.817419739e+02
6.873351562e+04 2.790257263e+02
6.440977734e+04 2.748003235e+02
5.967487500e+04 2.695682983e+02
5.486809375e+04 2.638161926e+02
5.048464844e+04 2.585002441e+02
4.648640234e+04 2.536834564e+02
4.282975781e+04 2.494053192e+02
3.948644922e+04 2.454441833e+02
3.643460547e+04 2.413276825e+02
3.364825000e+04 2.370260162e+02
3.110221875e+04 2.326614532e+02
2.877753125e+04 2.283256378e+02
2.665661914e+04 2.240859680e+02
2.472536719e+04 2.200170288e+02
2.296899219e+04 2.161956329e+02
2.137114453e+04 2.129018555e+02
1.991922461e+04 2.109481354e+02
1.859631055e+04 2.105176392e+02
1.739412695e+04 2.117892761e+02
1.630172754e+04 2.140652008e+02
1.530776758e+04 2.156846924e+02
1.440520996e+04 2.161468506e+02
1.358366113e+04 2.154358978e+02
1.283636133e+04 2.139928894e+02
1.215739551e+04 2.126717529e+02
1.153879395e+04 2.117830505e+02
1.097645410e+04 2.110992737e+02
1.046519141e+04 2.104665985e+02
1.000272852e+04 2.098883057e+02
9 1974 93 8 1 2 0 2 1 1 1 2 1
9.283333588e+01 1.200000000e+01 4.800000000e+02 1.000000000e+00 8.748669177e-02 1.369636719e+03 7.382983565e-01 3.815534592e+01 -8.955545044e+01 2.123226523e-01 2.903374939e+02 1.000000000e+00 0.000000000e+00 0.000000000e+00 0.000000000e+00
9.732189062e+04 2.907303772e+02 1.693985176e+01 9.922739267e-01 1.158298731e+00 1.146797370e-02 0.000000000e+00 5.395862274e-03 0.000000000e+00 0.000000000e+00 0.000000000e+00 0.000000000e+00 0.000000000e+00 0.000000000e+00 0.000000000e+00 4.254957275e-08
9.710457031e+04 2.905828552e+02 2.011816978e+01 9.916403294e-01 1.156374335e+00 1.136012468e-02 0.000000000e+00 5.457681138e-03 0.000000000e+00 0.000000000e+00 0.000000000e+00 0.000000000e+00 0.000000000e+00 0.000000000e+00 0.000000000e+00 4.260254016e-08
9.685595312e+04 2.904304810e+02 2.369857788e+01 9.909142852e-01 1.154066682e+00 1.129131205e-02 0.000000000e+00 5.528487731e-03 0.000000000e+00 0.000000000e+00 0.000000000e+00 0.000000000e+00 0.000000000e+00 0.000000000e+00 0.000000000e+00 4.266313525e-08
9.656343750e+04 2.902683716e+02 2.807240486e+01 9.900583029e-01 1.151266217e+00 1.123041194e-02 0.000000000e+00 5.609131884e-03 0.000000000e+00 0.000000000e+00 0.000000000e+00 0.000000000e+00 0.000000000e+00 0.000000000e+00 0.000000000e+00 4.273443110e-08
9.621945312e+04 2.900973206e+02 3.309468842e+01 9.890493751e-01 1.147885561e+00 1.116693579e-02 0.000000000e+00 5.699465517e-03 0.000000000e+00 0.000000000e+00 0.000000000e+00 0.000000000e+00 0.000000000e+00 0.000000000e+00 0.000000000e+00 4.281827160e-08
9.581095312e+04 2.899188538e+02 3.917053223e+01 9.878478050e-01 1.143768907e+00 1.109007001e-02 0.000000000e+00 5.800250918e-03 0.000000000e+00 0.000000000e+00 0.000000000e+00 0.000000000e+00 0.000000000e+00 0.000000000e+00 0.000000000e+00 4.292050093e-08
9.532385938e+04 2.897395020e+02 4.624282455e+01 9.864103198e-01 1.138733387e+00 1.098122541e-02 0.000000000e+00 5.912347697e-03 0.000000000e+00 0.000000000e+00 0.000000000e+00 0.000000000e+00 0.000000000e+00 0.000000000e+00 0.000000000e+00 4.305410073e-08
9.475775781e+04 2.895238953e+02 5.464786530e+01 9.847330451e-01 1.132905245e+00 1.084739994e-02 0.000000000e+00 6.038426887e-03 0.000000000e+00 0.000000000e+00 0.000000000e+00 0.000000000e+00 0.000000000e+00 0.000000000e+00 0.000000000e+00 4.320936853e-08
9.409019531e+04 2.892872925e+02 6.443021393e+01 9.827459455e-01 1.125959992e+00 1.067705359e-02 0.000000000e+00 6.180940196e-03 0.000000000e+00 0.000000000e+00 0.000000000e+00 0.000000000e+00 0.000000000e+00 0.000000000e+00 0.000000000e+00 4.339246829e-08
9.330620312e+04 2.890112915e+02 7.611299133e+01 9.803993106e-01 1.117781162e+00 1.047446299e-02 0.000000000e+00 6.342760753e-03 0.000000000e+00 0.000000000e+00 0.000000000e+00 0.000000000e+00 0.000000000e+00 0.000000000e+00 0.000000000e+00 4.360749983e-08
9.238991406e+04 2.886847839e+02 8.977909851e+01 9.776388407e-01 1.108215451e+00 1.023656409e-02 0.000000000e+00 6.528293248e-03 0.000000000e+00 0.000000000e+00 0.000000000e+00 0.000000000e+00 0.000000000e+00 0.000000000e+00 0.000000000e+00 4.385881880e-08
9.131876562e+04 2.882632446e+02 1.057654724e+02 9.743869305e-01 1.097133040e+00 9.988842532e-03 0.000000000e+00 6.741672754e-03 0.000000000e+00 0.000000000e+00 0.000000000e+00 0.000000000e+00 0.000000000e+00 0.000000000e+00 0.000000000e+00 4.415261401e-08
9.007315625e+04 2.876789551e+02 1.245211487e+02 9.705708623e-01 1.084524989e+00 9.746078402e-03 0.000000000e+00 6.985567044e-03 0.000000000e+00 0.000000000e+00 2.396319587e-09 0.000000000e+00 0.000000000e+00 0.000000000e+00 0.000000000e+00 4.449425717e-08
8.862411719e+04 2.868515625e+02 1.464515076e+02 9.660838842e-01 1.070314407e+00 9.500603192e-03 0.000000000e+00 7.259397767e-03 0.000000000e+00 0.000000000e+00 1.543842245e-07 5.508520603e-01 0.000000000e+00 0.000000000e+00 0.000000000e+00 4.489169925e-08
8.694457812e+04 2.858815002e+02 1.721194153e+02 9.608170986e-01 1.053791404e+00 9.190033190e-03 0.000000000e+00 7.556451019e-03 0.000000000e+00 0.000000000e+00 3.570901981e-06 9.611392617e-01 0.000000000e+00 0.000000000e+00 0.000000000e+00 4.535236187e-08
8.500714062e+04 2.848302307e+02 2.019597931e+02 9.546505213e-01 1.034363866e+00 8.787273429e-03 0.000000000e+00 7.854103111e-03 0.000000000e+00 0.000000000e+00 4.297294799e-05 9.935618043e-01 0.000000000e+00 0.000000000e+00 0.000000000e+00 4.588375901e-08
8.278933594e+04 2.836481934e+02 2.369279175e+02 9.474670291e-01 1.011862874e+00 8.317936212e-03 0.000000000e+00 8.121871389e-03 0.000000000e+00 0.000000000e+00 1.659971895e-04 9.965949059e-01 0.000000000e+00 0.000000000e+00 0.000000000e+00 4.659983688e-08
8.025521875e+04 2.822341003e+02 2.773198242e+02 9.390887618e-01 9.861105084e-01 7.805892266e-03 0.000000000e+00 8.323411457e-03 0.000000000e+00 3.120341442e-12 4.421452177e-04 9.962612987e-01 0.000000000e+00 0.000000000e+00 0.000000000e+00 4.742118165e-08
7.738724219e+04 2.806354065e+02 3.242009583e+02 9.293755889e-01 9.566032290e-01 7.261458319e-03 0.000000000e+00 8.282612078e-03 0.000000000e+00 7.027469578e-11 1.113296137e-03 9.959040880e-01 0.000000000e+00 0.000000000e+00 0.000000000e+00 4.835073497e-08
7.413171875e+04 2.788049011e+02 3.787713318e+02 9.180330038e-01 9.226862192e-01 6.708361208e-03 0.000000000e+00 7.816692814e-03 0.000000000e+00 1.059265897e-09 2.349750837e-03 9.956001043e-01 0.000000000e+00 0.000000000e+00 4.001839261e-05 4.939294840e-08
7.051932031e+04 2.766617737e+02 4.414353027e+02 9.050226808e-01 8.848155737e-01 6.163053215e-03 0.000000000e+00 6.492281798e-03 0.000000000e+00 1.021073270e-08 4.389429931e-03 9.953078628e-01 0.000000000e+00 0.000000000e+00 4.017647734e-05 5.051225216e-08
6.654203906e+04 2.741099854e+02 5.131605835e+02 8.901352882e-01 8.429580927e-01 5.627310835e-03 3.296918511e-12 3.809569404e-03 0.000000000e+00 5.120454105e-08 6.960696075e-03 9.949322343e-01 0.000000000e+00 0.000000000e+00 4.086748959e-05 5.174461748e-08
6.206053516e+04 2.721118164e+02 5.988174438e+02 8.725783229e-01 7.920550704e-01 5.427724216e-03 0.000000000e+00 1.994244667e-04 2.163240254e-08 7.531101573e-07 8.964067325e-03 9.943633080e-01 0.000000000e+00 2.212623258e-05 4.975236880e-05 5.297829020e-08
5.725244922e+04 2.686549988e+02 6.508767090e+02 8.527039886e-01 7.403794527e-01 4.789664876e-03 3.159121552e-04 8.467874295e-07 5.241696272e-06 1.344873567e-06 9.063253179e-03 9.950929880e-01 1.900563257e-05 6.319198292e-05 5.480477557e-05 5.431525452e-08
5.271081250e+04 2.653530579e+02 6.376940918e+02 8.328039646e-01 6.904570460e-01 4.008063115e-03 6.555931177e-04 8.837876067e-07 2.328260780e-05 2.707796284e-06 9.197764099e-03 9.965329170e-01 2.090377711e-05 7.922232180e-05 6.276463682e-05 5.574057482e-08
4.854478516e+04 2.618019104e+02 6.245242310e+02 8.134417534e-01 6.447991133e-01 3.273278475e-03 9.132907726e-04 1.155622840e-06 4.269116471e-05 1.201228133e-05 9.242780507e-03 1.000000000e+00 2.176650560e-05 8.578385314e-05 8.457413787e-05 5.883408249e-08
4.471371094e+04 2.579632874e+02 6.112193604e+02 7.945585847e-01 6.029998064e-01 2.591458848e-03 1.089280820e-03 2.028363951e-06 5.351497748e-05 2.431790745e-05 9.150838479e-03 1.000000000e+00 2.222523108e-05 8.823215467e-05 9.613711154e-05 6.312515666e-08
4.120810547e+04 2.538506165e+02 5.972313232e+02 7.762382627e-01 5.649352074e-01 1.985113136e-03 1.195304678e-03 4.676125627e-06 7.381511386e-05 3.897536590e-05 8.908115327e-03 1.000000000e+00 2.246705117e-05 9.171832789e-05 1.040716961e-04 6.822170917e-08
3.800755859e+04 2.494936371e+02 5.826318970e+02 7.585126758e-01 5.303230286e-01 1.470502582e-03 1.250536996e-03 4.779349183e-06 4.206375888e-05 8.774883463e-05 8.494185284e-03 1.000000000e+00 2.258466156e-05 8.562348376e-05 1.179265091e-04 7.322303475e-08
3.508292188e+04 2.449206238e+02 5.669567871e+02 7.413569689e-01 4.987819493e-01 1.052260981e-03 1.308730454e-03 8.799911484e-07 1.290095861e-05 1.169602619e-04 7.845749147e-03 1.000000000e+00 2.270309233e-05 7.284938329e-05 1.228694309e-04 7.885444120e-08
3.241508398e+04 2.402692108e+02 5.512520752e+02 7.247921228e-01 4.698655605e-01 7.329986547e-04 9.454156971e-04 2.431423582e-06 4.433337599e-04 4.886177339e-05 6.866437849e-03 1.000000000e+00 2.185649100e-05 1.111707170e-04 1.079107096e-04 8.627714010e-08
2.995940430e+04 2.355709229e+02 5.351326294e+02 7.086601853e-01 4.429938495e-01 4.996007192e-04 1.667267643e-04 2.563166390e-08 1.210851129e-03 2.323374938e-04 5.628406536e-03 1.000000000e+00 1.734761463e-05 1.220781705e-04 1.279999997e-04 9.738035089e-08
2.772464844e+04 2.307675934e+02 5.177456665e+02 6.931366920e-01 4.185256958e-01 3.302957921e-04 0.000000000e+00 4.826183897e-11 1.063179341e-03 6.636145990e-04 4.369494040e-03 1.000000000e+00 0.000000000e+00 1.206661836e-04 1.279999997e-04 1.165274597e-07
2.569550586e+04 2.259901581e+02 4.975886841e+02 6.782467961e-01 3.961236477e-01 2.081958228e-04 0.000000000e+00 0.000000000e+00 8.576744003e-04 1.042634249e-03 3.177498467e-03 1.000000000e+00 0.000000000e+00 1.183343265e-04 1.279999997e-04 1.440027120e-07
2.385869336e+04 2.213744202e+02 4.771925049e+02 6.640254855e-01 3.754970431e-01 1.166773800e-04 0.000000000e+00 0.000000000e+00 7.229204639e-04 1.321800286e-03 2.094665542e-03 1.000000000e+00 0.000000000e+00 1.164787682e-04 1.279999997e-04 1.775406417e-07
2.219644141e+04 2.169650269e+02 4.573368225e+02 6.504648328e-01 3.564473689e-01 6.185827078e-05 0.000000000e+00 0.000000000e+00 6.086736685e-04 1.528296620e-03 1.192090451e-03 1.000000000e+00 0.000000000e+00 1.146113937e-04 1.279999997e-04 2.170127829e-07
2.069130469e+04 2.127382965e+02 4.374093933e+02 6.375449896e-01 3.388842940e-01 3.353428110e-05 0.000000000e+00 0.000000000e+00 5.695593427e-04 1.660023001e-03 5.405524280e-04 1.000000000e+00 0.000000000e+00 1.138903826e-04 1.279999997e-04 2.547981808e-07
1.929058984e+04 2.086009674e+02 4.184384766e+02 6.249035597e-01 3.222124577e-01 1.878948387e-05 0.000000000e+00 0.000000000e+00 4.860644985e-04 2.007480478e-03 1.666235039e-04 1.000000000e+00 0.000000000e+00 1.121695823e-04 1.279999997e-04 2.937476893e-07
1.799788867e+04 2.037011566e+02 3.979942627e+02 6.126411557e-01 3.078531325e-01 9.817955288e-06 0.000000000e+00 0.000000000e+00 3.126410884e-04 2.152838744e-03 2.154122558e-05 1.000000000e+00 0.000000000e+00 1.073796229e-04 1.279999997e-04 3.304492964e-07
1.683493750e+04 2.084128571e+02 3.961959839e+02 6.010596752e-01 2.814494669e-01 1.769793380e-05 0.000000000e+00 0.000000000e+00 5.257293014e-05 4.382267070e-04 3.947365812e-08 0.000000000e+00 0.000000000e+00 8.803968376e-05 1.279999997e-04 3.687810022e-07
1.579874316e+04 2.205956879e+02 4.063832397e+02 5.902486444e-01 2.495417446e-01 1.658005317e-06 0.000000000e+00 0.000000000e+00 2.591040438e-10 4.646487917e-10 2.829835921e-09 0.000000000e+00 0.000000000e+00 0.000000000e+00 0.000000000e+00 4.029346883e-07
1.485702734e+04 2.204954224e+02 3.924567566e+02 5.799747705e-01 2.347739190e-01 2.198351467e-06 0.000000000e+00 0.000000000e+00 0.000000000e+00 7.076024662e-12 0.000000000e+00 0.000000000e+00 0.000000000e+00 0.000000000e+00 0.000000000e+00 4.452686255e-07
1.399475000e+04 2.192656860e+02 3.771677246e+02 5.701512098e-01 2.223883122e-01 2.372860536e-06 0.000000000e+00 0.000000000e+00 0.000000000e+00 2.415156443e-11 0.000000000e+00 0.000000000e+00 0.000000000e+00 0.000000000e+00 0.000000000e+00 4.885544627e-07
1.321048926e+04 2.178232269e+02 3.608773193e+02 5.608335137e-01 2.113159001e-01 2.465137868e-06 0.000000000e+00 0.000000000e+00 0.000000000e+00 0.000000000e+00 0.000000000e+00 0.000000000e+00 0.000000000e+00 0.000000000e+00 0.000000000e+00 5.292480978e-07
1.249731348e+04 2.161552582e+02 3.439224548e+02 5.520108342e-01 2.014504820e-01 2.405016858e-06 0.000000000e+00 0.000000000e+00 0.000000000e+00 0.000000000e+00 0.000000000e+00 0.000000000e+00 0.000000000e+00 0.000000000e+00 0.000000000e+00 5.881332754e-07
1.184829980e+04 2.145507507e+02 3.281087646e+02 5.436636209e-01 1.924170107e-01 2.427206027e-06 0.000000000e+00 0.000000000e+00 0.000000000e+00 0.000000000e+00 0.000000000e+00 0.000000000e+00 0.000000000e+00 0.000000000e+00 0.000000000e+00 6.417207601e-07
1.125773730e+04 2.134966125e+02 3.121533203e+02 5.357794166e-01 1.837289333e-01 2.602299901e-06 0.000000000e+00 0.000000000e+00 0.000000000e+00 0.000000000e+00 0.000000000e+00 0.000000000e+00 0.000000000e+00 0.000000000e+00 0.000000000e+00 6.930098380e-07
1.072088477e+04 2.124621582e+02 2.964418335e+02 5.283516049e-01 1.758192629e-01 2.697179298e-06 0.000000000e+00 0.000000000e+00 0.000000000e+00 0.000000000e+00 0.000000000e+00 0.000000000e+00 0.000000000e+00 0.000000000e+00 0.000000000e+00 7.608300052e-07
1.023257422e+04 2.114725037e+02 2.813786316e+02 5.213609934e-01 1.685964465e-01 2.569678827e-06 0.000000000e+00 0.000000000e+00 0.000000000e+00 0.000000000e+00 0.000000000e+00 0.000000000e+00 0.000000000e+00 0.000000000e+00 0.000000000e+00 8.225179045e-07
9.742123438e+04 2.907978210e+02
9.722249219e+04 2.906629028e+02
9.699033594e+04 2.905128479e+02
9.672192188e+04 2.903562012e+02
9.640538281e+04 2.901897888e+02
9.603210156e+04 2.900154724e+02
9.558716406e+04 2.898364258e+02
9.506382812e+04 2.896404724e+02
9.445060156e+04 2.894150391e+02
9.372967188e+04 2.891603394e+02
9.288424219e+04 2.888609314e+02
9.189597656e+04 2.884903870e+02
9.074377344e+04 2.879935303e+02
8.940335938e+04 2.872965088e+02
8.784657031e+04 2.864024658e+02
8.604547656e+04 2.853936462e+02
8.397598438e+04 2.842806396e+02
8.160723438e+04 2.829885559e+02
7.891302344e+04 2.814859314e+02
7.585809375e+04 2.797756042e+02
7.242670312e+04 2.777933350e+02
6.863185938e+04 2.754508057e+02
6.440190234e+04 2.731557617e+02
5.967131641e+04 2.703940735e+02
5.487380078e+04 2.669256287e+02
5.052897656e+04 2.634932556e+02
4.653851172e+04 2.597916870e+02
4.287775781e+04 2.558094025e+02
3.953208984e+04 2.515690308e+02
3.647556250e+04 2.470981750e+02
3.368601562e+04 2.424851074e+02
3.112890430e+04 2.378084412e+02
2.878905273e+04 2.330553894e+02
2.666191406e+04 2.282654877e+02
2.473340820e+04 2.235724945e+02
2.298833008e+04 2.190656433e+02
2.140814258e+04 2.147513123e+02
1.995779102e+04 2.105717010e+02
1.861335156e+04 2.060339813e+02
1.738904883e+04 2.061678772e+02
1.629227441e+04 2.147930908e+02
1.530533594e+04 2.205431519e+02
1.440565820e+04 2.198516998e+02
1.358396777e+04 2.185101471e+02
1.283681348e+04 2.169492798e+02
1.215773926e+04 2.153157501e+02
1.153885059e+04 2.139983826e+02
1.097648633e+04 2.129546661e+02
1.046525293e+04 2.119440765e+02
1.000290039e+04 2.109905853e+02
10 1974 93 6 1 2 0 2 0 0 0 2 1
9.283333588e+01 1.200000000e+01 4.800000000e+02 1.000000000e+00 8.748669177e-02 1.369636719e+03 7.715971470e-01 3.399951935e+01 -8.973492432e+01 2.134623379e-01 3.034902039e+02 1.000000000e+00 0.000000000e+00 0.000000000e+00 0.000000000e+00
9.861591406e+04 2.985520935e+02 1.765438652e+01 9.960257411e-01 1.140106320e+00 1.559939608e-02 0.000000000e+00 6.530234486e-07 0.000000000e+00 0.000000000e+00 0.000000000e+00 0.000000000e+00 0.000000000e+00 0.000000000e+00 0.000000000e+00 3.947338101e-08
9.840171875e+04 2.982685852e+02 2.095061684e+01 9.954071641e-01 1.139007092e+00 1.516820397e-02 0.000000000e+00 6.820914678e-07 0.000000000e+00 0.000000000e+00 0.000000000e+00 0.000000000e+00 0.000000000e+00 0.000000000e+00 0.000000000e+00 3.953892858e-08
9.817061719e+04 2.980344543e+02 2.466872215e+01 9.947386980e-01 1.137379527e+00 1.494242717e-02 0.000000000e+00 7.219306326e-07 0.000000000e+00 0.000000000e+00 0.000000000e+00 0.000000000e+00 0.000000000e+00 0.000000000e+00 0.000000000e+00 3.960965245e-08
9.787242188e+04 2.977550964e+02 2.921539307e+01 9.938744307e-01 1.135098696e+00 1.478151511e-02 0.000000000e+00 7.758724223e-07 0.000000000e+00 0.000000000e+00 0.000000000e+00 0.000000000e+00 0.000000000e+00 0.000000000e+00 0.000000000e+00 3.970090745e-08
9.751418750e+04 2.974344788e+02 3.443659592e+01 9.928337336e-01 1.132252693e+00 1.465001516e-02 0.000000000e+00 8.488372600e-07 0.000000000e+00 0.000000000e+00 0.000000000e+00 0.000000000e+00 0.000000000e+00 0.000000000e+00 0.000000000e+00 3.981053709e-08
9.709468750e+04 2.970717773e+02 4.075207138e+01 9.916115403e-01 1.128837943e+00 1.453294884e-02 0.000000000e+00 9.457160104e-07 0.000000000e+00 0.000000000e+00 0.000000000e+00 0.000000000e+00 0.000000000e+00 0.000000000e+00 0.000000000e+00 3.993891440e-08
9.660339062e+04 2.966566467e+02 4.809537125e+01 9.901753664e-01 1.124773264e+00 1.442141458e-02 0.000000000e+00 1.071314273e-06 0.000000000e+00 0.000000000e+00 0.000000000e+00 0.000000000e+00 0.000000000e+00 0.000000000e+00 0.000000000e+00 4.008926524e-08
9.602373438e+04 2.961752930e+02 5.682370758e+01 9.884741306e-01 1.119917750e+00 1.430810336e-02 0.000000000e+00 1.226240101e-06 0.000000000e+00 0.000000000e+00 0.000000000e+00 0.000000000e+00 0.000000000e+00 0.000000000e+00 0.000000000e+00 4.026665579e-08
9.534760938e+04 2.956249084e+02 6.697537994e+01 9.864805341e-01 1.114184618e+00 1.418583747e-02 0.000000000e+00 1.402754151e-06 0.000000000e+00 0.000000000e+00 0.000000000e+00 0.000000000e+00 0.000000000e+00 0.000000000e+00 0.000000000e+00 4.049782731e-08
9.454742188e+04 2.949906921e+02 7.909709167e+01 9.841080308e-01 1.107304096e+00 1.404398121e-02 0.000000000e+00 1.573625241e-06 0.000000000e+00 0.000000000e+00 0.000000000e+00 0.000000000e+00 0.000000000e+00 0.000000000e+00 0.000000000e+00 4.077796589e-08
9.362005469e+04 2.942936707e+02 9.327214050e+01 9.813404083e-01 1.099148035e+00 1.388091873e-02 0.000000000e+00 1.648725743e-06 0.000000000e+00 0.000000000e+00 0.000000000e+00 0.000000000e+00 0.000000000e+00 0.000000000e+00 0.000000000e+00 4.110262708e-08
9.252684375e+04 2.935278320e+02 1.098848419e+02 9.780526161e-01 1.089254618e+00 1.371784508e-02 8.019546398e-13 1.658918222e-06 0.000000000e+00 0.000000000e+00 0.000000000e+00 0.000000000e+00 0.000000000e+00 0.000000000e+00 0.000000000e+00 4.148535382e-08
9.124461719e+04 2.927539978e+02 1.294384460e+02 9.741607904e-01 1.077212811e+00 1.338878181e-02 7.608141547e-12 1.453278628e-06 0.000000000e+00 0.000000000e+00 0.000000000e+00 0.000000000e+00 0.000000000e+00 0.000000000e+00 0.000000000e+00 4.193424985e-08
8.976687500e+04 2.917756348e+02 1.523234100e+02 9.696267843e-01 1.063565254e+00 1.300706901e-02 2.773555170e-11 1.117272404e-06 0.000000000e+00 0.000000000e+00 0.000000000e+00 0.000000000e+00 0.000000000e+00 0.000000000e+00 0.000000000e+00 4.245159602e-08
8.806664062e+04 2.908419800e+02 1.791617432e+02 9.643436670e-01 1.047213435e+00 1.230574492e-02 4.997188774e-11 7.810991747e-07 0.000000000e+00 0.000000000e+00 0.000000000e+00 0.000000000e+00 0.000000000e+00 0.000000000e+00 0.000000000e+00 4.304683188e-08
8.605568750e+04 2.896272583e+02 2.103296204e+02 9.580001831e-01 1.028171182e+00 1.137345936e-02 6.811766997e-18 6.033733371e-07 0.000000000e+00 0.000000000e+00 0.000000000e+00 0.000000000e+00 0.000000000e+00 0.000000000e+00 0.000000000e+00 4.375085183e-08
8.381489844e+04 2.882223206e+02 2.466067047e+02 9.508057237e-01 1.006985903e+00 1.021259371e-02 3.419007698e-12 4.840625820e-07 0.000000000e+00 0.000000000e+00 0.000000000e+00 0.000000000e+00 0.000000000e+00 0.000000000e+00 0.000000000e+00 4.461804792e-08
8.118392969e+04 2.864984131e+02 2.884192810e+02 9.421809316e-01 9.822285771e-01 8.556148969e-03 1.032861210e-11 2.369858834e-07 0.000000000e+00 0.000000000e+00 0.000000000e+00 0.000000000e+00 0.000000000e+00 0.000000000e+00 0.000000000e+00 4.573049850e-08
7.822186719e+04 2.847099304e+02 3.372186584e+02 9.322283864e-01 9.530579448e-01 7.304123137e-03 1.306054607e-15 3.010919736e-09 0.000000000e+00 0.000000000e+00 0.000000000e+00 0.000000000e+00 0.000000000e+00 0.000000000e+00 0.000000000e+00 4.698294020e-08
7.486961719e+04 2.830088501e+02 3.947109070e+02 9.206346273e-01 9.180995226e-01 6.579757668e-03 0.000000000e+00 0.000000000e+00 0.000000000e+00 0.000000000e+00 0.000000000e+00 0.000000000e+00 0.000000000e+00 0.000000000e+00 0.000000000e+00 4.839134959e-08
7.110823438e+04 2.808968811e+02 4.609822693e+02 9.071756601e-01 8.788159490e-01 6.044559646e-03 8.342669861e-18 0.000000000e+00 0.000000000e+00 0.000000000e+00 0.000000000e+00 0.000000000e+00 0.000000000e+00 0.000000000e+00 0.000000000e+00 4.978185686e-08
6.692859375e+04 2.786767578e+02 5.371687622e+02 8.916096687e-01 8.343642354e-01 4.829429090e-03 3.159412836e-13 0.000000000e+00 0.000000000e+00 0.000000000e+00 0.000000000e+00 0.000000000e+00 0.000000000e+00 0.000000000e+00 0.000000000e+00 5.132698533e-08
6.232660938e+04 2.751017761e+02 6.219070435e+02 8.736456037e-01 7.879486680e-01 3.033575136e-03 2.389386703e-13 0.000000000e+00 0.000000000e+00 0.000000000e+00 0.000000000e+00 0.000000000e+00 0.000000000e+00 0.000000000e+00 0.000000000e+00 5.261686198e-08
5.749074219e+04 2.699051208e+02 6.698048096e+02 8.537165523e-01 7.413023114e-01 1.930844272e-03 0.000000000e+00 0.000000000e+00 7.359690982e-12 2.189036374e-14 0.000000000e+00 0.000000000e+00 0.000000000e+00 0.000000000e+00 0.000000000e+00 5.389599522e-08
5.284172266e+04 2.641967468e+02 6.496399536e+02 8.333943486e-01 6.963287592e-01 1.338347094e-03 0.000000000e+00 0.000000000e+00 2.139540455e-11 3.777189065e-12 0.000000000e+00 0.000000000e+00 0.000000000e+00 0.000000000e+00 0.000000000e+00 5.529169655e-08
4.860458984e+04 2.588654175e+02 6.308971558e+02 8.137279153e-01 6.537814736e-01 1.093930914e-03 0.000000000e+00 0.000000000e+00 0.000000000e+00 3.015689098e-13 0.000000000e+00 0.000000000e+00 0.000000000e+00 0.000000000e+00 0.000000000e+00 5.753682686e-08
4.474017188e+04 2.542188416e+02 6.138593140e+02 7.946928740e-01 6.128985286e-01 8.313079015e-04 0.000000000e+00 0.000000000e+00 1.773989043e-14 5.470365914e-13 0.000000000e+00 0.000000000e+00 0.000000000e+00 0.000000000e+00 0.000000000e+00 6.044153622e-08
4.121464062e+04 2.497091370e+02 5.968164673e+02 7.762734294e-01 5.749376416e-01 4.334526311e-04 0.000000000e+00 0.000000000e+00 8.230726864e-12 2.169961849e-10 0.000000000e+00 0.000000000e+00 0.000000000e+00 0.000000000e+00 0.000000000e+00 6.372878403e-08
3.799560547e+04 2.450708008e+02 5.796938477e+02 7.584445477e-01 5.401152968e-01 2.782010415e-04 0.000000000e+00 0.000000000e+00 1.733994726e-09 5.485320642e-09 0.000000000e+00 0.000000000e+00 0.000000000e+00 2.018665327e-05 4.009503027e-05 6.692364707e-08
3.506569141e+04 2.405161285e+02 5.621314697e+02 7.412528992e-01 5.079371333e-01 1.755633857e-04 0.000000000e+00 0.000000000e+00 4.183946523e-09 3.391052417e-08 0.000000000e+00 0.000000000e+00 0.000000000e+00 2.044502071e-05 4.057931801e-05 7.038529759e-08
3.238813672e+04 2.360157471e+02 5.450381470e+02 7.246199250e-01 4.781186581e-01 1.037851544e-04 0.000000000e+00 0.000000000e+00 1.175606723e-08 1.165086516e-07 0.000000000e+00 0.000000000e+00 0.000000000e+00 2.120677709e-05 4.191448534e-05 7.498834265e-08
2.994752148e+04 2.316115417e+02 5.275845947e+02 7.085798979e-01 4.505065382e-01 6.692040915e-05 0.000000000e+00 0.000000000e+00 4.241950791e-08 5.397715199e-07 0.000000000e+00 0.000000000e+00 0.000000000e+00 2.383923675e-05 4.749825166e-05 8.174353638e-08
2.772095508e+04 2.273701324e+02 5.100809326e+02 6.931102872e-01 4.247950315e-01 5.091848652e-05 0.000000000e+00 0.000000000e+00 1.398893801e-07 1.872799089e-06 0.000000000e+00 1.965207048e-02 0.000000000e+00 2.950027556e-05 5.833221076e-05 9.300764958e-08
2.569326758e+04 2.232493286e+02 4.914660645e+02 6.782299280e-01 4.009921849e-01 4.307303607e-05 0.000000000e+00 0.000000000e+00 2.556393213e-07 3.565499583e-06 0.000000000e+00 5.403693393e-02 0.000000000e+00 3.377524263e-05 6.637952902e-05 1.088986821e-07
2.384945508e+04 2.192708435e+02 4.727809143e+02 6.639520526e-01 3.789707422e-01 3.793878204e-05 0.000000000e+00 0.000000000e+00 3.732368725e-07 4.273359536e-06 0.000000000e+00 1.061970368e-01 0.000000000e+00 3.687696517e-05 6.888349890e-05 1.271970689e-07
2.217629688e+04 2.157357330e+02 4.551365662e+02 6.502960920e-01 3.581597209e-01 3.136386658e-05 0.000000000e+00 0.000000000e+00 2.796342926e-07 3.612245564e-06 0.000000000e+00 1.543863416e-01 0.000000000e+00 3.448413554e-05 6.655649486e-05 1.478103684e-07
2.065799023e+04 2.128973389e+02 4.384358826e+02 6.372514963e-01 3.380877972e-01 2.442692676e-05 0.000000000e+00 0.000000000e+00 8.878633651e-08 2.313087407e-06 0.000000000e+00 1.349063814e-01 0.000000000e+00 2.689926441e-05 6.080931416e-05 1.689948448e-07
1.926969727e+04 2.114240417e+02 4.245616455e+02 6.247101426e-01 3.175655603e-01 1.970138328e-05 0.000000000e+00 0.000000000e+00 8.297097054e-08 1.161121304e-06 0.000000000e+00 6.775662303e-02 0.000000000e+00 2.655955541e-05 5.338716437e-05 1.925108393e-07
1.800185547e+04 2.122838898e+02 4.146746521e+02 6.126797199e-01 2.954706848e-01 1.481526215e-05 0.000000000e+00 0.000000000e+00 5.451393115e-09 4.452594453e-07 0.000000000e+00 1.660005935e-02 0.000000000e+00 2.057630809e-05 4.639783219e-05 2.149865423e-07
1.685214258e+04 2.141432953e+02 4.066683350e+02 6.012350917e-01 2.741992772e-01 9.252757081e-06 0.000000000e+00 0.000000000e+00 1.293503590e-15 2.362544160e-09 0.000000000e+00 0.000000000e+00 0.000000000e+00 0.000000000e+00 4.004099173e-05 2.425212813e-07
1.581116895e+04 2.144811249e+02 3.948112488e+02 5.903812647e-01 2.568570673e-01 5.722887181e-06 0.000000000e+00 0.000000000e+00 5.861187945e-16 1.207526006e-11 0.000000000e+00 0.000000000e+00 0.000000000e+00 0.000000000e+00 0.000000000e+00 2.674517816e-07
1.486190527e+04 2.137305298e+02 3.802929688e+02 5.800291896e-01 2.422841638e-01 3.812405112e-06 0.000000000e+00 0.000000000e+00 5.962869521e-12 1.340962064e-11 0.000000000e+00 0.000000000e+00 0.000000000e+00 0.000000000e+00 0.000000000e+00 2.994626129e-07
1.399264453e+04 2.125871429e+02 3.657351990e+02 5.701267123e-01 2.293402106e-01 2.755260539e-06 0.000000000e+00 0.000000000e+00 0.000000000e+00 1.643025553e-14 0.000000000e+00 0.000000000e+00 0.000000000e+00 0.000000000e+00 0.000000000e+00 3.326811111e-07
1.320291895e+04 2.117557526e+02 3.510252380e+02 5.607416630e-01 2.172462493e-01 2.131017027e-06 0.000000000e+00 0.000000000e+00 0.000000000e+00 0.000000000e+00 0.000000000e+00 0.000000000e+00 0.000000000e+00 0.000000000e+00 0.000000000e+00 3.641499120e-07
1.248804199e+04 2.104832611e+02 3.351453247e+02 5.518938303e-01 2.067256272e-01 2.178657724e-06 0.000000000e+00 0.000000000e+00 0.000000000e+00 0.000000000e+00 0.000000000e+00 0.000000000e+00 0.000000000e+00 0.000000000e+00 0.000000000e+00 4.104863649e-07
1.184069336e+04 2.088206329e+02 3.195513000e+02 5.435639024e-01 1.975700855e-01 2.390501550e-06 0.000000000e+00 0.000000000e+00 0.000000000e+00 0.000000000e+00 0.000000000e+00 0.000000000e+00 0.000000000e+00 0.000000000e+00 0.000000000e+00 4.524458177e-07
1.125305762e+04 2.079905548e+02 3.042293701e+02 5.357157588e-01 1.885143369e-01 2.363166914e-06 0.000000000e+00 0.000000000e+00 0.000000000e+00 0.000000000e+00 0.000000000e+00 0.000000000e+00 0.000000000e+00 0.000000000e+00 0.000000000e+00 4.928748467e-07
1.071842578e+04 2.075425415e+02 2.896441040e+02 5.283169746e-01 1.799456477e-01 2.302367420e-06 0.000000000e+00 0.000000000e+00 0.000000000e+00 0.000000000e+00 0.000000000e+00 0.000000000e+00 0.000000000e+00 0.000000000e+00 0.000000000e+00 5.475636158e-07
1.023153906e+04 2.069794159e+02 2.754284668e+02 5.213459134e-01 1.722389162e-01 2.383019591e-06 0.000000000e+00 0.000000000e+00 0.000000000e+00 0.000000000e+00 0.000000000e+00 0.000000000e+00 0.000000000e+00 0.000000000e+00 0.000000000e+00 5.973684551e-07
9.871386719e+04 2.986817322e+02
9.851794531e+04 2.984224243e+02
9.829553125e+04 2.981610107e+02
9.803398438e+04 2.979064636e+02
9.770782031e+04 2.976077881e+02
9.732178906e+04 2.972681274e+02
9.686896094e+04 2.968810425e+02
9.633713281e+04 2.964355469e+02
9.571264062e+04 2.959220581e+02
9.497963281e+04 2.953332520e+02
9.412035938e+04 2.946697083e+02
9.311593750e+04 2.939404907e+02
9.193494531e+04 2.931706238e+02
9.056155469e+04 2.923017578e+02
8.897974219e+04 2.913433838e+02
8.713342188e+04 2.902782593e+02
8.501384375e+04 2.889740295e+02
8.258761719e+04 2.874181519e+02
7.979770312e+04 2.856614075e+02
7.664728906e+04 2.839109192e+02
7.309428125e+04 2.820120239e+02
6.912474219e+04 2.798433228e+02
6.473092188e+04 2.769695435e+02
5.992358203e+04 2.725194702e+02
5.505585547e+04 2.669154053e+02
5.062264844e+04 2.614046326e+02
4.658085547e+04 2.564320679e+02
4.289378125e+04 2.518570251e+02
3.952894531e+04 2.472801971e+02
3.646084375e+04 2.426849518e+02
3.366369531e+04 2.381596832e+02
3.110984570e+04 2.337090149e+02
2.878145898e+04 2.293903046e+02
2.665898242e+04 2.252119141e+02
2.472750391e+04 2.211654510e+02
2.297338086e+04 2.174198456e+02
2.138109961e+04 2.142491455e+02
1.993098242e+04 2.121258087e+02
1.860548242e+04 2.118745117e+02
1.739994727e+04 2.132573395e+02
1.630697656e+04 2.143202057e+02
1.531380664e+04 2.140878448e+02
1.440687988e+04 2.131320038e+02
1.357900000e+04 2.121516724e+02
1.282835254e+04 2.110890198e+02
1.214933887e+04 2.096133423e+02
1.153277734e+04 2.083856812e+02
1.097296973e+04 2.077558441e+02
1.046354004e+04 2.072477570e+02
1.000230078e+04 2.067049255e+02
11 1974 94 8 1 2 0 2 1 1 1 2 0
9.300000000e+01 1.200000000e+01 7.200000000e+02 1.000000000e+00 8.860689402e-02 1.369501831e+03 -6.186030805e-04 2.878297806e+01 -8.472579956e+01 7.999999821e-02 2.950736694e+02 2.000000000e+00 0.000000000e+00 0.000000000e+00 0.000000000e+00
1.011064062e+05 2.967274475e+02 1.761932564e+01 1.003148794e+00 1.175762653e+00 1.605735347e-02 0.000000000e+00 0.000000000e+00 0.000000000e+00 0.000000000e+00 0.000000000e+00 0.000000000e+00 0.000000000e+00 0.000000000e+00 0.000000000e+00 3.527675574e-08
1.008841719e+05 2.967748413e+02 2.095640564e+01 1.002518296e+00 1.172937155e+00 1.613351516e-02 0.000000000e+00 0.000000000e+00 0.000000000e+00 0.000000000e+00 0.000000000e+00 0.000000000e+00 0.000000000e+00 0.000000000e+00 0.000000000e+00 3.527675574e-08
1.006217109e+05 2.968310242e+02 2.472671700e+01 1.001772404e+00 1.169600368e+00 1.622417383e-02 0.000000000e+00 0.000000000e+00 0.000000000e+00 0.000000000e+00 0.000000000e+00 0.000000000e+00 0.000000000e+00 0.000000000e+00 0.000000000e+00 3.527675574e-08
1.003120312e+05 2.968974304e+02 2.934312057e+01 1.000890493e+00 1.165664315e+00 1.633199491e-02 0.000000000e+00 0.000000000e+00 0.000000000e+00 0.000000000e+00 0.000000000e+00 0.000000000e+00 0.000000000e+00 0.000000000e+00 0.000000000e+00 3.529743964e-08
9.994681250e+04 2.969541016e+02 3.466050339e+01 9.998480082e-01 1.161123514e+00 1.643951423e-02 0.000000000e+00 0.000000000e+00 0.000000000e+00 0.000000000e+00 0.000000000e+00 0.000000000e+00 0.000000000e+00 0.000000000e+00 0.000000000e+00 3.543004112e-08
9.951632812e+04 2.968463440e+02 4.107831573e+01 9.986156821e-01 1.156577945e+00 1.638800837e-02 0.000000000e+00 0.000000000e+00 0.000000000e+00 0.000000000e+00 0.000000000e+00 0.000000000e+00 0.000000000e+00 0.000000000e+00 0.000000000e+00 3.558633921e-08
9.900901562e+04 2.966737976e+02 4.855153275e+01 9.971585274e-01 1.151441574e+00 1.625752263e-02 0.000000000e+00 0.000000000e+00 0.000000000e+00 0.000000000e+00 0.000000000e+00 0.000000000e+00 0.000000000e+00 0.000000000e+00 0.000000000e+00 3.577053320e-08
9.841196875e+04 2.964067993e+02 5.743678284e+01 9.954367876e-01 1.145701408e+00 1.600770652e-02 0.000000000e+00 0.000000000e+00 0.000000000e+00 0.000000000e+00 0.000000000e+00 0.000000000e+00 0.000000000e+00 0.000000000e+00 0.000000000e+00 3.598730558e-08
9.771032031e+04 2.960027771e+02 6.776184082e+01 9.934038520e-01 1.139376283e+00 1.558393985e-02 0.000000000e+00 0.000000000e+00 0.000000000e+00 0.000000000e+00 0.000000000e+00 0.000000000e+00 0.000000000e+00 0.000000000e+00 0.000000000e+00 3.624205647e-08
9.688679688e+04 2.955259094e+02 8.009873199e+01 9.910044670e-01 1.131960750e+00 1.504958700e-02 0.000000000e+00 0.000000000e+00 0.000000000e+00 0.000000000e+00 0.000000000e+00 0.000000000e+00 0.000000000e+00 0.000000000e+00 0.000000000e+00 3.654105996e-08
9.592115625e+04 2.950216980e+02 9.454548645e+01 9.881723523e-01 1.123105049e+00 1.429456659e-02 0.000000000e+00 0.000000000e+00 0.000000000e+00 0.000000000e+00 0.000000000e+00 0.000000000e+00 0.000000000e+00 0.000000000e+00 0.000000000e+00 3.689165951e-08
9.479192969e+04 2.945039673e+02 1.114447479e+02 9.848344922e-01 1.112628102e+00 1.311106980e-02 0.000000000e+00 0.000000000e+00 0.000000000e+00 0.000000000e+00 0.000000000e+00 0.000000000e+00 0.000000000e+00 0.000000000e+00 0.000000000e+00 3.735159737e-08
9.347411719e+04 2.941367493e+02 1.313168488e+02 9.809030890e-01 1.099784613e+00 1.121972781e-02 0.000000000e+00 0.000000000e+00 0.000000000e+00 0.000000000e+00 0.000000000e+00 0.000000000e+00 0.000000000e+00 0.000000000e+00 0.000000000e+00 3.788956349e-08
9.194382812e+04 2.938132324e+02 1.546960602e+02 9.762878418e-01 1.084393382e+00 9.047434665e-03 0.000000000e+00 0.000000000e+00 0.000000000e+00 0.000000000e+00 0.000000000e+00 0.000000000e+00 0.000000000e+00 0.000000000e+00 0.000000000e+00 3.851426555e-08
9.016758594e+04 2.933751831e+02 1.822819061e+02 9.708614945e-01 1.066226125e+00 7.195601705e-03 0.000000000e+00 0.000000000e+00 0.000000000e+00 0.000000000e+00 0.000000000e+00 0.000000000e+00 0.000000000e+00 0.000000000e+00 0.000000000e+00 3.923937442e-08
8.811403125e+04 2.925923157e+02 2.145418243e+02 9.644919038e-01 1.045517087e+00 5.953331012e-03 0.000000000e+00 0.000000000e+00 0.000000000e+00 0.000000000e+00 0.000000000e+00 0.000000000e+00 0.000000000e+00 0.000000000e+00 0.000000000e+00 4.007768695e-08
8.574739062e+04 2.912005920e+02 2.525119781e+02 9.570183158e-01 1.022510886e+00 5.610009655e-03 0.000000000e+00 0.000000000e+00 0.000000000e+00 0.000000000e+00 0.000000000e+00 0.000000000e+00 0.000000000e+00 0.000000000e+00 0.000000000e+00 4.104380835e-08
8.303218750e+04 2.894106140e+02 2.963332825e+02 9.482603073e-01 9.965810180e-01 5.073211156e-03 0.000000000e+00 0.000000000e+00 0.000000000e+00 0.000000000e+00 0.000000000e+00 0.000000000e+00 0.000000000e+00 0.000000000e+00 0.000000000e+00 4.243771201e-08
7.993892188e+04 2.875659790e+02 3.472038879e+02 9.380298257e-01 9.662881494e-01 3.913901746e-03 0.000000000e+00 0.000000000e+00 0.000000000e+00 0.000000000e+00 0.000000000e+00 0.000000000e+00 0.000000000e+00 0.000000000e+00 0.000000000e+00 4.416042643e-08
7.643729688e+04 2.859877319e+02 4.069934082e+02 9.261016846e-01 9.298008084e-01 2.600427251e-03 0.000000000e+00 0.000000000e+00 0.000000000e+00 0.000000000e+00 0.000000000e+00 0.000000000e+00 0.000000000e+00 0.000000000e+00 0.000000000e+00 4.611056426e-08
7.250564062e+04 2.845493469e+02 4.774042664e+02 9.122339487e-01 8.866213560e-01 2.251564758e-03 0.000000000e+00 0.000000000e+00 0.000000000e+00 0.000000000e+00 0.000000000e+00 0.000000000e+00 0.000000000e+00 0.000000000e+00 0.000000000e+00 4.810149790e-08
6.813195312e+04 2.817694092e+02 5.571984863e+02 8.961608410e-01 8.412364721e-01 2.490013838e-03 0.000000000e+00 0.000000000e+00 0.000000000e+00 0.000000000e+00 0.000000000e+00 0.000000000e+00 0.000000000e+00 0.000000000e+00 0.000000000e+00 5.019430915e-08
6.332137500e+04 2.768280029e+02 6.438292236e+02 8.776070476e-01 7.959383130e-01 2.194215544e-03 0.000000000e+00 0.000000000e+00 0.000000000e+00 0.000000000e+00 0.000000000e+00 0.000000000e+00 0.000000000e+00 0.000000000e+00 0.000000000e+00 5.187322927e-08
5.826941016e+04 2.710587769e+02 6.924562988e+02 8.570043445e-01 7.482257485e-01 1.752804732e-03 0.000000000e+00 0.000000000e+00 0.000000000e+00 0.000000000e+00 0.000000000e+00 0.000000000e+00 0.000000000e+00 0.000000000e+00 0.000000000e+00 5.315130025e-08
5.342316016e+04 2.658330078e+02 6.726972656e+02 8.360041976e-01 6.994524002e-01 1.821201760e-03 0.000000000e+00 0.000000000e+00 0.000000000e+00 0.000000000e+00 0.000000000e+00 0.000000000e+00 0.000000000e+00 0.000000000e+00 0.000000000e+00 5.456073993e-08
4.902344531e+04 2.616074524e+02 6.545684204e+02 8.157253265e-01 6.523823738e-01 1.400226727e-03 0.000000000e+00 0.000000000e+00 0.000000000e+00 0.000000000e+00 0.000000000e+00 0.000000000e+00 0.000000000e+00 0.000000000e+00 0.000000000e+00 5.595688890e-08
4.503013672e+04 2.570182800e+02 6.353398438e+02 7.961610556e-01 6.100603342e-01 1.078090630e-03 0.000000000e+00 0.000000000e+00 0.000000000e+00 0.000000000e+00 0.000000000e+00 0.000000000e+00 0.000000000e+00 0.000000000e+00 0.000000000e+00 5.737338782e-08
4.140564844e+04 2.523267670e+02 6.155453491e+02 7.772996426e-01 5.714621544e-01 8.595757536e-04 0.000000000e+00 0.000000000e+00 0.000000000e+00 0.000000000e+00 0.000000000e+00 0.000000000e+00 0.000000000e+00 0.000000000e+00 0.000000000e+00 5.883579846e-08
3.811585938e+04 2.479189606e+02 5.963979492e+02 7.591295838e-01 5.354418755e-01 7.641642587e-04 0.000000000e+00 0.000000000e+00 0.000000000e+00 0.000000000e+00 0.000000000e+00 0.000000000e+00 0.000000000e+00 0.000000000e+00 0.000000000e+00 6.023080346e-08
3.513015234e+04 2.436831665e+02 5.769924927e+02 7.416419387e-01 5.021098256e-01 6.586319068e-04 0.000000000e+00 0.000000000e+00 0.000000000e+00 0.000000000e+00 0.000000000e+00 0.000000000e+00 0.000000000e+00 0.000000000e+00 0.000000000e+00 6.168831845e-08
3.242039453e+04 2.390864105e+02 5.568720093e+02 7.248260379e-01 4.723530412e-01 4.348426301e-04 0.000000000e+00 0.000000000e+00 0.000000000e+00 0.000000000e+00 0.000000000e+00 0.000000000e+00 0.000000000e+00 0.000000000e+00 0.000000000e+00 6.365499416e-08
2.996056445e+04 2.345061035e+02 5.363101807e+02 7.086680532e-01 4.450877607e-01 2.586168703e-04 0.000000000e+00 0.000000000e+00 0.000000000e+00 0.000000000e+00 0.000000000e+00 0.000000000e+00 0.000000000e+00 0.000000000e+00 0.000000000e+00 6.666544294e-08
2.772758984e+04 2.302747498e+02 5.167279663e+02 6.931576729e-01 4.195085764e-01 1.630917832e-04 0.000000000e+00 0.000000000e+00 0.000000000e+00 0.000000000e+00 0.000000000e+00 0.000000000e+00 0.000000000e+00 0.000000000e+00 0.000000000e+00 7.151083992e-08
2.569862305e+04 2.262742767e+02 4.980679932e+02 6.782703400e-01 3.956999779e-01 1.012789871e-04 0.000000000e+00 0.000000000e+00 0.000000000e+00 0.000000000e+00 0.000000000e+00 0.000000000e+00 0.000000000e+00 0.000000000e+00 0.000000000e+00 7.828157322e-08
2.385390234e+04 2.224318542e+02 4.795242310e+02 6.639873981e-01 3.736498356e-01 5.970851271e-05 0.000000000e+00 0.000000000e+00 0.000000000e+00 0.000000000e+00 0.000000000e+00 0.000000000e+00 0.000000000e+00 0.000000000e+00 0.000000000e+00 8.549987029e-08
2.217620508e+04 2.190264435e+02 4.620827026e+02 6.502953172e-01 3.527767062e-01 3.368082253e-05 0.000000000e+00 0.000000000e+00 0.000000000e+00 0.000000000e+00 0.000000000e+00 0.000000000e+00 0.000000000e+00 0.000000000e+00 0.000000000e+00 9.318551264e-08
2.065025000e+04 2.163464966e+02 4.457019348e+02 6.371833086e-01 3.325741887e-01 1.898491428e-05 0.000000000e+00 0.000000000e+00 0.000000000e+00 0.000000000e+00 0.000000000e+00 0.000000000e+00 0.000000000e+00 0.000000000e+00 0.000000000e+00 1.024979639e-07
1.926238477e+04 2.140132141e+02 4.299192505e+02 6.246423721e-01 3.136059940e-01 1.210729988e-05 0.000000000e+00 0.000000000e+00 0.000000000e+00 0.000000000e+00 0.000000000e+00 0.000000000e+00 0.000000000e+00 0.000000000e+00 0.000000000e+00 1.147747710e-07
1.800060352e+04 2.120019073e+02 4.141492920e+02 6.126675606e-01 2.958441079e-01 9.346498700e-06 0.000000000e+00 0.000000000e+00 0.000000000e+00 0.000000000e+00 0.000000000e+00 0.000000000e+00 0.000000000e+00 0.000000000e+00 0.000000000e+00 1.268374064e-07
1.685308594e+04 2.106245422e+02 3.999625549e+02 6.012446880e-01 2.787959576e-01 7.887502761e-06 0.000000000e+00 0.000000000e+00 0.000000000e+00 0.000000000e+00 0.000000000e+00 0.000000000e+00 0.000000000e+00 0.000000000e+00 0.000000000e+00 1.441744359e-07
1.580916895e+04 2.096286926e+02 3.859295349e+02 5.903599262e-01 2.627693415e-01 6.650250725e-06 0.000000000e+00 0.000000000e+00 0.000000000e+00 0.000000000e+00 0.000000000e+00 0.000000000e+00 0.000000000e+00 0.000000000e+00 0.000000000e+00 1.599462252e-07
1.485999805e+04 2.087126160e+02 3.714130859e+02 5.800079107e-01 2.480770946e-01 5.580949619e-06 0.000000000e+00 0.000000000e+00 0.000000000e+00 0.000000000e+00 0.000000000e+00 0.000000000e+00 0.000000000e+00 0.000000000e+00 0.000000000e+00 1.807816403e-07
1.399687207e+04 2.074480286e+02 3.567867737e+02 5.701758862e-01 2.350924164e-01 4.407556844e-06 0.000000000e+00 0.000000000e+00 0.000000000e+00 0.000000000e+00 0.000000000e+00 0.000000000e+00 0.000000000e+00 0.000000000e+00 0.000000000e+00 2.024176098e-07
1.321162695e+04 2.061597900e+02 3.415249023e+02 5.608473420e-01 2.232901156e-01 3.534564030e-06 0.000000000e+00 0.000000000e+00 0.000000000e+00 0.000000000e+00 0.000000000e+00 0.000000000e+00 0.000000000e+00 0.000000000e+00 0.000000000e+00 2.229771496e-07
1.249799609e+04 2.048573914e+02 3.259285889e+02 5.520194769e-01 2.125720084e-01 2.897921831e-06 0.000000000e+00 0.000000000e+00 0.000000000e+00 0.000000000e+00 0.000000000e+00 0.000000000e+00 0.000000000e+00 0.000000000e+00 0.000000000e+00 2.565801935e-07
1.184857324e+04 2.035018158e+02 3.112050781e+02 5.436672568e-01 2.028687447e-01 2.722220415e-06 0.000000000e+00 0.000000000e+00 0.000000000e+00 0.000000000e+00 0.000000000e+00 0.000000000e+00 0.000000000e+00 0.000000000e+00 0.000000000e+00 2.871598497e-07
1.125775488e+04 2.023069000e+02 2.957919312e+02 5.357796550e-01 1.938913763e-01 2.607486749e-06 0.000000000e+00 0.000000000e+00 0.000000000e+00 0.000000000e+00 0.000000000e+00 0.000000000e+00 0.000000000e+00 0.000000000e+00 0.000000000e+00 3.167543525e-07
1.072090332e+04 2.012605591e+02 2.808119812e+02 5.283518434e-01 1.856051981e-01 2.539299885e-06 0.000000000e+00 0.000000000e+00 0.000000000e+00 0.000000000e+00 0.000000000e+00 0.000000000e+00 0.000000000e+00 0.000000000e+00 0.000000000e+00 3.585296326e-07
1.023268652e+04 2.003493042e+02 2.665758667e+02 5.213626623e-01 1.779587269e-01 2.508002126e-06 0.000000000e+00 0.000000000e+00 0.000000000e+00 0.000000000e+00 0.000000000e+00 0.000000000e+00 0.000000000e+00 0.000000000e+00 0.000000000e+00 3.965203632e-07
1.012079141e+05 2.967057800e+02
1.010047578e+05 2.967491150e+02
1.007635703e+05 2.968006592e+02
1.004798125e+05 2.968614502e+02
1.001442188e+05 2.969234619e+02
9.974937500e+04 2.969046631e+02
9.928325000e+04 2.967670593e+02
9.873477344e+04 2.965511475e+02
9.808913281e+04 2.962209167e+02
9.733161719e+04 2.957834778e+02
9.644210938e+04 2.952937317e+02
9.540043750e+04 2.947829590e+02
9.418360156e+04 2.943344727e+02
9.276676562e+04 2.939872131e+02
9.112150781e+04 2.936104431e+02
8.921459375e+04 2.930118713e+02
8.701367188e+04 2.919452515e+02
8.448082031e+04 2.903656311e+02
8.158456250e+04 2.885473328e+02
7.829417969e+04 2.868246460e+02
7.458159375e+04 2.853088074e+02
7.043005469e+04 2.832301025e+02
6.583467188e+04 2.794096375e+02
6.081096875e+04 2.739611816e+02
5.573122266e+04 2.683218079e+02
5.111893750e+04 2.636199951e+02
4.693221094e+04 2.592041931e+02
4.313192188e+04 2.545612335e+02
3.968290234e+04 2.500185547e+02
3.655187500e+04 2.457001495e+02
3.371129297e+04 2.412762604e+02
3.113204102e+04 2.366874390e+02
2.879114648e+04 2.322901154e+02
2.666494727e+04 2.281795502e+02
2.473238281e+04 2.242616577e+02
2.297545312e+04 2.206487732e+02
2.137700195e+04 2.176228485e+02
1.992346484e+04 2.151246185e+02
1.860134375e+04 2.129595032e+02
1.739984375e+04 2.112808228e+02
1.630637891e+04 2.101029968e+02
1.531185547e+04 2.091487122e+02
1.440818457e+04 2.080506592e+02
1.358557422e+04 2.067732697e+02
1.283771289e+04 2.054773865e+02
1.215820801e+04 2.041481323e+02
1.153898926e+04 2.028756866e+02
1.097650391e+04 2.017587433e+02
1.046532129e+04 2.007835236e+02
1.000304102e+04 1.999055176e+02
12 1974 94 8 1 2 0 2 1 1 1 2 1
9.300000000e+01 1.200000000e+01 7.200000000e+02 1.000000000e+00 8.860689402e-02 1.369501831e+03 8.412264287e-04 3.951683044e+01 -8.342541504e+01 2.223957032e-01 2.921038208e+02 1.000000000e+00 0.000000000e+00 0.000000000e+00 0.000000000e+00
9.611789062e+04 2.948803101e+02 1.732669640e+01 9.887509942e-01 1.126289606e+00 1.379146520e-02 0.000000000e+00 0.000000000e+00 0.000000000e+00 0.000000000e+00 0.000000000e+00 0.000000000e+00 0.000000000e+00 0.000000000e+00 0.000000000e+00 4.376843066e-08
9.590901562e+04 2.955638123e+02 2.063081551e+01 9.881365895e-01 1.121365070e+00 1.361111738e-02 0.000000000e+00 0.000000000e+00 0.000000000e+00 0.000000000e+00 0.000000000e+00 0.000000000e+00 0.000000000e+00 0.000000000e+00 0.000000000e+00 4.381449514e-08
9.566826562e+04 2.958333130e+02 2.433042145e+01 9.874272346e-01 1.117647052e+00 1.343942247e-02 0.000000000e+00 0.000000000e+00 0.000000000e+00 0.000000000e+00 0.000000000e+00 0.000000000e+00 0.000000000e+00 0.000000000e+00 0.000000000e+00 4.387366914e-08
9.537182031e+04 2.958039246e+02 2.883039856e+01 9.865520597e-01 1.114367485e+00 1.333066076e-02 0.000000000e+00 0.000000000e+00 0.000000000e+00 0.000000000e+00 0.000000000e+00 0.000000000e+00 0.000000000e+00 0.000000000e+00 0.000000000e+00 4.394688347e-08
9.502911719e+04 2.956070251e+02 3.398213577e+01 9.855379462e-01 1.111134410e+00 1.328372955e-02 0.000000000e+00 0.000000000e+00 0.000000000e+00 0.000000000e+00 0.000000000e+00 0.000000000e+00 0.000000000e+00 0.000000000e+00 0.000000000e+00 4.403152332e-08
9.462549219e+04 2.953389587e+02 4.020639801e+01 9.843401313e-01 1.107434511e+00 1.326062065e-02 0.000000000e+00 0.000000000e+00 0.000000000e+00 0.000000000e+00 0.000000000e+00 0.000000000e+00 0.000000000e+00 0.000000000e+00 0.000000000e+00 4.413120891e-08
9.415033594e+04 2.950297852e+02 4.744180298e+01 9.829253554e-01 1.103046417e+00 1.323340088e-02 0.000000000e+00 0.000000000e+00 0.000000000e+00 0.000000000e+00 0.000000000e+00 0.000000000e+00 0.000000000e+00 0.000000000e+00 0.000000000e+00 4.424856215e-08
9.359197656e+04 2.946718140e+02 5.603232956e+01 9.812563062e-01 1.097866893e+00 1.318804920e-02 0.000000000e+00 0.000000000e+00 0.000000000e+00 0.000000000e+00 0.000000000e+00 0.000000000e+00 0.000000000e+00 0.000000000e+00 0.000000000e+00 4.438646428e-08
9.293667188e+04 2.942524414e+02 6.601487732e+01 9.792883992e-01 1.091777921e+00 1.312091015e-02 0.000000000e+00 0.000000000e+00 0.000000000e+00 0.000000000e+00 0.000000000e+00 0.000000000e+00 0.000000000e+00 0.000000000e+00 0.000000000e+00 4.454831171e-08
9.216860938e+04 2.937567749e+02 7.791552734e+01 9.769691825e-01 1.084643364e+00 1.302714553e-02 0.000000000e+00 0.000000000e+00 0.000000000e+00 0.000000000e+00 0.000000000e+00 0.000000000e+00 0.000000000e+00 0.000000000e+00 0.000000000e+00 4.473800530e-08
9.127064844e+04 2.931779480e+02 9.180601501e+01 9.742401838e-01 1.076289058e+00 1.288488787e-02 0.000000000e+00 0.000000000e+00 0.000000000e+00 0.000000000e+00 0.000000000e+00 0.000000000e+00 0.000000000e+00 0.000000000e+00 0.000000000e+00 4.495978345e-08
9.021938281e+04 2.925965576e+02 1.080563736e+02 9.710208178e-01 1.066147208e+00 1.266556978e-02 0.000000000e+00 0.000000000e+00 0.000000000e+00 0.000000000e+00 0.000000000e+00 0.000000000e+00 0.000000000e+00 0.000000000e+00 0.000000000e+00 4.521942287e-08
8.899682031e+04 2.918938599e+02 1.271056290e+02 9.672429562e-01 1.054395676e+00 1.240790449e-02 0.000000000e+00 0.000000000e+00 0.000000000e+00 0.000000000e+00 0.000000000e+00 0.000000000e+00 0.000000000e+00 0.000000000e+00 0.000000000e+00 4.552136801e-08
8.757660156e+04 2.910132141e+02 1.493769684e+02 9.628074765e-01 1.040894389e+00 1.211331598e-02 0.000000000e+00 0.000000000e+00 0.000000000e+00 0.000000000e+00 0.000000000e+00 0.000000000e+00 0.000000000e+00 0.000000000e+00 0.000000000e+00 4.587213098e-08
8.593228906e+04 2.898878479e+02 1.753600769e+02 9.576075077e-01 1.025512815e+00 1.179494895e-02 0.000000000e+00 0.000000000e+00 0.000000000e+00 0.000000000e+00 0.000000000e+00 0.000000000e+00 0.000000000e+00 0.000000000e+00 0.000000000e+00 4.627823813e-08
8.403445312e+04 2.885162354e+02 2.054286957e+02 9.515166283e-01 1.007835269e+00 1.146049239e-02 0.000000000e+00 0.000000000e+00 0.000000000e+00 0.000000000e+00 0.000000000e+00 0.000000000e+00 0.000000000e+00 0.000000000e+00 0.000000000e+00 4.678632592e-08
8.185404688e+04 2.868833618e+02 2.404928131e+02 9.443964362e-01 9.875358939e-01 1.101949625e-02 0.000000000e+00 0.000000000e+00 0.000000000e+00 0.000000000e+00 0.000000000e+00 0.000000000e+00 0.000000000e+00 0.000000000e+00 0.000000000e+00 4.741837145e-08
7.936226562e+04 2.850459290e+02 2.808548889e+02 9.360914826e-01 9.640268087e-01 1.036463864e-02 0.000000000e+00 0.000000000e+00 0.000000000e+00 0.000000000e+00 0.000000000e+00 0.000000000e+00 0.000000000e+00 0.000000000e+00 0.000000000e+00 4.814067367e-08
7.653007812e+04 2.830957642e+02 3.275710449e+02 9.264227152e-01 9.365876317e-01 9.375087917e-03 0.000000000e+00 0.000000000e+00 0.000000000e+00 0.000000000e+00 0.000000000e+00 0.000000000e+00 0.000000000e+00 0.000000000e+00 0.000000000e+00 4.896165606e-08
7.333188281e+04 2.809019165e+02 3.816376953e+02 9.151920676e-01 9.051051736e-01 8.189917542e-03 0.000000000e+00 0.000000000e+00 0.000000000e+00 0.000000000e+00 0.000000000e+00 0.000000000e+00 0.000000000e+00 0.000000000e+00 0.000000000e+00 4.988885038e-08
6.974693750e+04 2.782919312e+02 4.436045227e+02 9.021793604e-01 8.695750237e-01 6.966226734e-03 0.000000000e+00 0.000000000e+00 0.000000000e+00 0.000000000e+00 0.000000000e+00 0.000000000e+00 0.000000000e+00 0.000000000e+00 0.000000000e+00 5.092828559e-08
6.576239844e+04 2.751689453e+02 5.145548096e+02 8.871429563e-01 8.298146725e-01 5.748488475e-03 0.000000000e+00 0.000000000e+00 0.000000000e+00 0.000000000e+00 0.000000000e+00 0.000000000e+00 0.000000000e+00 0.000000000e+00 0.000000000e+00 5.207881415e-08
6.137576172e+04 2.715424805e+02 5.957183228e+02 8.698166013e-01 7.854157090e-01 4.465941805e-03 0.000000000e+00 0.000000000e+00 0.000000000e+00 0.000000000e+00 0.000000000e+00 0.000000000e+00 0.000000000e+00 0.000000000e+00 0.000000000e+00 5.328558927e-08
5.675216406e+04 2.672436523e+02 6.438701782e+02 8.505684137e-01 7.384897470e-01 3.217102028e-03 0.000000000e+00 0.000000000e+00 0.000000000e+00 0.000000000e+00 0.000000000e+00 0.000000000e+00 0.000000000e+00 0.000000000e+00 0.000000000e+00 5.461232533e-08
5.229104688e+04 2.623721619e+02 6.270909424e+02 8.309036493e-01 6.934690475e-01 2.276125364e-03 0.000000000e+00 0.000000000e+00 0.000000000e+00 0.000000000e+00 0.000000000e+00 0.000000000e+00 0.000000000e+00 0.000000000e+00 0.000000000e+00 5.603336461e-08
4.820849219e+04 2.574268494e+02 6.109512939e+02 8.118277192e-01 6.518750191e-01 1.604394871e-03 0.000000000e+00 0.000000000e+00 0.000000000e+00 0.000000000e+00 0.000000000e+00 0.000000000e+00 0.000000000e+00 0.000000000e+00 0.000000000e+00 5.970240124e-08
4.446794531e+04 2.527488251e+02 5.958936768e+02 7.933083177e-01 6.126313806e-01 1.048436970e-03 0.000000000e+00 0.000000000e+00 0.000000000e+00 0.000000000e+00 0.000000000e+00 0.000000000e+00 0.000000000e+00 0.000000000e+00 0.000000000e+00 6.436616218e-08
4.103941016e+04 2.484407043e+02 5.817680664e+02 7.753289938e-01 5.753562450e-01 6.046206690e-04 0.000000000e+00 0.000000000e+00 0.000000000e+00 1.334581404e-11 0.000000000e+00 0.000000000e+00 0.000000000e+00 0.000000000e+00 0.000000000e+00 7.010357450e-08
3.789491797e+04 2.443879089e+02 5.684113159e+02 7.578697205e-01 5.401771665e-01 3.147679381e-04 0.000000000e+00 0.000000000e+00 1.175853685e-11 5.565242156e-10 0.000000000e+00 0.000000000e+00 0.000000000e+00 0.000000000e+00 0.000000000e+00 7.573702732e-08
3.501173047e+04 2.404385223e+02 5.548436279e+02 7.409268022e-01 5.073217154e-01 1.674110390e-04 0.000000000e+00 0.000000000e+00 1.618330137e-09 3.413882155e-08 0.000000000e+00 0.000000000e+00 0.000000000e+00 2.017430052e-05 4.058315244e-05 8.210297864e-08
3.236715430e+04 2.365139160e+02 5.416043701e+02 7.244857550e-01 4.768012464e-01 1.080996153e-04 0.000000000e+00 0.000000000e+00 6.227174509e-08 6.590198041e-07 0.000000000e+00 0.000000000e+00 0.000000000e+00 2.525607306e-05 4.879406333e-05 9.073778529e-08
2.994202148e+04 2.326021271e+02 5.277808838e+02 7.085427046e-01 4.484984875e-01 9.306669381e-05 0.000000000e+00 0.000000000e+00 3.898015564e-07 4.501484455e-06 0.000000000e+00 2.991683595e-02 0.000000000e+00 3.725050556e-05 6.961919280e-05 1.033948465e-07
2.772070508e+04 2.286657257e+02 5.128724365e+02 6.931084991e-01 4.223712087e-01 1.022119541e-04 0.000000000e+00 0.000000000e+00 8.832341791e-07 1.865181002e-05 0.000000000e+00 1.796925813e-01 0.000000000e+00 4.481642463e-05 9.173610306e-05 1.258344611e-07
2.569337500e+04 2.247883148e+02 4.949004822e+02 6.782307625e-01 3.982336521e-01 1.044936434e-04 0.000000000e+00 0.000000000e+00 1.400032033e-06 4.674003867e-05 0.000000000e+00 7.538848519e-01 0.000000000e+00 4.940251165e-05 1.071553124e-04 1.582603062e-07
2.384948438e+04 2.209602661e+02 4.764591064e+02 6.639522910e-01 3.760630190e-01 8.439697558e-05 0.000000000e+00 0.000000000e+00 3.863446636e-06 6.662253872e-05 0.000000000e+00 1.000000000e+00 0.000000000e+00 5.995182437e-05 1.132036559e-04 1.990250098e-07
2.217343945e+04 2.172043915e+02 4.583139648e+02 6.502721310e-01 3.556862772e-01 5.853948096e-05 0.000000000e+00 0.000000000e+00 7.426960110e-06 5.789102579e-05 0.000000000e+00 1.000000000e+00 0.000000000e+00 6.691549061e-05 1.108019642e-04 2.478423653e-07
2.064572656e+04 2.136349640e+02 4.402272034e+02 6.371434331e-01 3.367173374e-01 3.951853796e-05 0.000000000e+00 0.000000000e+00 4.260575224e-06 3.814974843e-05 0.000000000e+00 1.000000000e+00 0.000000000e+00 6.098859376e-05 1.037091570e-04 2.943624793e-07
1.925216797e+04 2.103342438e+02 4.227622681e+02 6.245477200e-01 3.189194202e-01 2.562886948e-05 0.000000000e+00 0.000000000e+00 1.227182565e-06 2.303766087e-05 0.000000000e+00 1.000000000e+00 0.000000000e+00 4.807326695e-05 9.523568588e-05 3.400876949e-07
1.799313672e+04 2.072677612e+02 4.050736694e+02 6.125949025e-01 3.024745882e-01 1.650701233e-05 0.000000000e+00 0.000000000e+00 4.432097569e-07 1.390854140e-05 0.000000000e+00 1.000000000e+00 0.000000000e+00 3.837418990e-05 8.693740529e-05 3.819712902e-07
1.684802930e+04 2.049962616e+02 3.893934937e+02 6.011931896e-01 2.863638997e-01 1.133354544e-05 0.000000000e+00 0.000000000e+00 2.330948377e-07 6.750281500e-06 0.000000000e+00 1.000000000e+00 0.000000000e+00 3.306419603e-05 7.557270146e-05 4.238754059e-07
1.580905273e+04 2.060840302e+02 3.794061890e+02 5.903586745e-01 2.672868371e-01 7.651119631e-06 0.000000000e+00 0.000000000e+00 8.300373366e-08 1.678761009e-06 0.000000000e+00 5.240717903e-02 0.000000000e+00 2.656149809e-05 5.711735866e-05 4.618957803e-07
1.486928906e+04 2.135627747e+02 3.798049316e+02 5.801115036e-01 2.425950170e-01 3.315228241e-06 0.000000000e+00 0.000000000e+00 5.052585017e-10 2.987995984e-08 0.000000000e+00 0.000000000e+00 0.000000000e+00 0.000000000e+00 4.051146607e-05 5.079305083e-07
1.400541992e+04 2.163694611e+02 3.719023132e+02 5.702753663e-01 2.255369723e-01 1.984658411e-06 0.000000000e+00 0.000000000e+00 0.000000000e+00 0.000000000e+00 0.000000000e+00 0.000000000e+00 0.000000000e+00 0.000000000e+00 0.000000000e+00 5.551900699e-07
1.321452441e+04 2.153144836e+02 3.566120300e+02 5.608824492e-01 2.138433903e-01 2.057732900e-06 0.000000000e+00 0.000000000e+00 0.000000000e+00 0.000000000e+00 0.000000000e+00 0.000000000e+00 0.000000000e+00 0.000000000e+00 0.000000000e+00 5.994903631e-07
1.249845117e+04 2.141766510e+02 3.407436218e+02 5.520251989e-01 2.033300400e-01 2.370437414e-06 0.000000000e+00 0.000000000e+00 0.000000000e+00 0.000000000e+00 0.000000000e+00 0.000000000e+00 0.000000000e+00 0.000000000e+00 0.000000000e+00 6.587218309e-07
1.184789648e+04 2.135915680e+02 3.266535034e+02 5.436583757e-01 1.932745129e-01 2.445532573e-06 0.000000000e+00 0.000000000e+00 0.000000000e+00 0.000000000e+00 0.000000000e+00 0.000000000e+00 0.000000000e+00 0.000000000e+00 0.000000000e+00 7.125337902e-07
1.125678613e+04 2.128860474e+02 3.112868347e+02 5.357664824e-01 1.842403263e-01 2.425871571e-06 0.000000000e+00 0.000000000e+00 0.000000000e+00 0.000000000e+00 0.000000000e+00 0.000000000e+00 0.000000000e+00 0.000000000e+00 0.000000000e+00 7.638083162e-07
1.071981543e+04 2.120860443e+02 2.959459839e+02 5.283365250e-01 1.761135012e-01 2.486293170e-06 0.000000000e+00 0.000000000e+00 0.000000000e+00 0.000000000e+00 0.000000000e+00 0.000000000e+00 0.000000000e+00 0.000000000e+00 0.000000000e+00 8.299879255e-07
1.023145703e+04 2.113393097e+02 2.812320862e+02 5.213447213e-01 1.686842889e-01 2.554834282e-06 0.000000000e+00 0.000000000e+00 0.000000000e+00 0.000000000e+00 0.000000000e+00 0.000000000e+00 0.000000000e+00 0.000000000e+00 0.000000000e+00 8.901762385e-07
9.621323438e+04 2.945683289e+02
9.602235156e+04 2.951929321e+02
9.579839062e+04 2.956876526e+02
9.553242969e+04 2.958198547e+02
9.521435156e+04 2.957134705e+02
9.484400000e+04 2.954840698e+02
9.440718750e+04 2.951968994e+02
9.389385938e+04 2.948653564e+02
9.329046094e+04 2.944788513e+02
9.258346875e+04 2.940245056e+02
9.175509375e+04 2.934902039e+02
9.078587500e+04 2.929098511e+02
8.965502344e+04 2.922721863e+02
8.834035156e+04 2.914867859e+02
8.681535938e+04 2.904922180e+02
8.505156250e+04 2.892513428e+02
8.302068750e+04 2.877570496e+02
8.069169531e+04 2.860262451e+02
7.803682031e+04 2.841332703e+02
7.502785938e+04 2.820653076e+02
7.163982812e+04 2.796700439e+02
6.785603125e+04 2.768099060e+02
6.366756641e+04 2.734371338e+02
5.907821484e+04 2.694063110e+02
5.441568750e+04 2.646922302e+02
5.015292969e+04 2.597821960e+02
4.624962891e+04 2.549770508e+02
4.267235547e+04 2.504925842e+02
3.939275000e+04 2.463184052e+02
3.638463281e+04 2.423191223e+02
3.362700391e+04 2.383835602e+02
3.109697266e+04 2.344650879e+02
2.877870898e+04 2.305406189e+02
2.665891992e+04 2.266349792e+02
2.472757031e+04 2.227832336e+02
2.297190039e+04 2.189936676e+02
2.137331641e+04 2.153349457e+02
1.991596094e+04 2.119064789e+02
1.859256836e+04 2.087277374e+02
1.739363867e+04 2.060785675e+02
1.630390918e+04 2.055659332e+02
1.531666797e+04 2.100024719e+02
1.441708691e+04 2.150319672e+02
1.359116309e+04 2.158168945e+02
1.283933105e+04 2.147183075e+02
1.215807031e+04 2.138705292e+02
1.153816016e+04 2.132218781e+02
1.097547266e+04 2.124669342e+02
1.046415918e+04 2.116951294e+02
1.000162793e+04 2.109754486e+02
13 1974 94 8 1 2 0 2 1 1 1 2 1
9.300000000e+01 1.200000000e+01 7.200000000e+02 1.000000000e+00 8.860689402e-02 1.369501831e+03 9.012752771e-02 3.169054794e+01 -9.051553345e+01 2.769997418e-01 2.969904175e+02 1.000000000e+00 0.000000000e+00 0.000000000e+00 0.000000000e+00
9.850271094e+04 2.980288086e+02 1.761844063e+01 9.956989288e-01 1.140737772e+00 1.568579115e-02 0.000000000e+00 7.970605111e-06 0.000000000e+00 0.000000000e+00 0.000000000e+00 0.000000000e+00 0.000000000e+00 0.000000000e+00 0.000000000e+00 3.785255842e-08
9.828714062e+04 2.979961243e+02 2.093706703e+01 9.950758815e-01 1.138441086e+00 1.557654236e-02 0.000000000e+00 8.017668733e-06 0.000000000e+00 0.000000000e+00 0.000000000e+00 0.000000000e+00 0.000000000e+00 0.000000000e+00 0.000000000e+00 3.792472114e-08
9.803242188e+04 2.978714905e+02 2.467200851e+01 9.943383932e-01 1.136019111e+00 1.549860835e-02 0.000000000e+00 8.077934581e-06 0.000000000e+00 0.000000000e+00 0.000000000e+00 0.000000000e+00 0.000000000e+00 0.000000000e+00 0.000000000e+00 3.800999337e-08
9.773224219e+04 2.976901550e+02 2.923363876e+01 9.934675097e-01 1.133279681e+00 1.542634889e-02 0.000000000e+00 8.156368494e-06 0.000000000e+00 0.000000000e+00 0.000000000e+00 0.000000000e+00 0.000000000e+00 0.000000000e+00 0.000000000e+00 3.811048188e-08
9.737855469e+04 2.974557800e+02 3.446879959e+01 9.924389720e-01 1.130119085e+00 1.535149012e-02 0.000000000e+00 8.259539754e-06 0.000000000e+00 0.000000000e+00 0.000000000e+00 0.000000000e+00 0.000000000e+00 0.000000000e+00 0.000000000e+00 3.822888317e-08
9.696175781e+04 2.971668091e+02 4.079996872e+01 9.912234545e-01 1.126433492e+00 1.526724640e-02 0.000000000e+00 8.394095858e-06 0.000000000e+00 0.000000000e+00 0.000000000e+00 0.000000000e+00 0.000000000e+00 0.000000000e+00 0.000000000e+00 3.836841245e-08
9.647108594e+04 2.968203125e+02 4.816269684e+01 9.897876978e-01 1.122102618e+00 1.517693605e-02 0.000000000e+00 8.566763427e-06 0.000000000e+00 0.000000000e+00 0.000000000e+00 0.000000000e+00 0.000000000e+00 0.000000000e+00 0.000000000e+00 3.853267216e-08
9.589648438e+04 2.964169922e+02 5.691603088e+01 9.880996943e-01 1.117002368e+00 1.507946011e-02 0.000000000e+00 8.778635674e-06 0.000000000e+00 0.000000000e+00 0.000000000e+00 0.000000000e+00 0.000000000e+00 0.000000000e+00 0.000000000e+00 3.872510845e-08
9.521629688e+04 2.959508057e+02 6.710444641e+01 9.860921502e-01 1.110894799e+00 1.497750916e-02 0.000000000e+00 9.018901437e-06 0.000000000e+00 0.000000000e+00 0.000000000e+00 0.000000000e+00 0.000000000e+00 0.000000000e+00 0.000000000e+00 3.898669476e-08
9.442473438e+04 2.954254761e+02 7.927496338e+01 9.837430120e-01 1.103685260e+00 1.487727650e-02 0.000000000e+00 9.250578842e-06 0.000000000e+00 0.000000000e+00 0.000000000e+00 0.000000000e+00 0.000000000e+00 0.000000000e+00 0.000000000e+00 3.929110903e-08
9.349101562e+04 2.948144226e+02 9.352063751e+01 9.809537530e-01 1.095099568e+00 1.478148531e-02 0.000000000e+00 9.397504982e-06 0.000000000e+00 0.000000000e+00 0.000000000e+00 0.000000000e+00 0.000000000e+00 0.000000000e+00 0.000000000e+00 3.965019957e-08
9.240292969e+04 2.940911255e+02 1.101928101e+02 9.776781797e-01 1.085082293e+00 1.468074508e-02 0.000000000e+00 9.357201634e-06 0.000000000e+00 0.000000000e+00 0.000000000e+00 0.000000000e+00 0.000000000e+00 0.000000000e+00 0.000000000e+00 4.006865240e-08
9.113374219e+04 2.932091370e+02 1.297656403e+02 9.738224149e-01 1.073493838e+00 1.453165524e-02 2.030375867e-12 8.895804967e-06 0.000000000e+00 0.000000000e+00 0.000000000e+00 0.000000000e+00 0.000000000e+00 0.000000000e+00 0.000000000e+00 4.055675262e-08
8.965677344e+04 2.921261292e+02 1.526781464e+02 9.692868590e-01 1.060164571e+00 1.429201569e-02 6.423305898e-12 7.997310604e-06 0.000000000e+00 0.000000000e+00 0.000000000e+00 0.000000000e+00 0.000000000e+00 0.000000000e+00 0.000000000e+00 4.112476049e-08
8.794274219e+04 2.908625183e+02 1.794863281e+02 9.639558792e-01 1.044646144e+00 1.392384898e-02 1.091393555e-11 6.662210126e-06 0.000000000e+00 0.000000000e+00 0.000000000e+00 0.000000000e+00 0.000000000e+00 0.000000000e+00 0.000000000e+00 4.178393809e-08
8.596390625e+04 2.896385803e+02 2.107116241e+02 9.577081800e-01 1.025850654e+00 1.328462455e-02 1.034550223e-11 5.107110610e-06 0.000000000e+00 0.000000000e+00 0.000000000e+00 0.000000000e+00 0.000000000e+00 0.000000000e+00 0.000000000e+00 4.254495423e-08
8.368696875e+04 2.886574402e+02 2.474957123e+02 9.503908157e-01 1.002798200e+00 1.208599564e-02 1.068656275e-11 3.595873977e-06 0.000000000e+00 0.000000000e+00 0.000000000e+00 0.000000000e+00 0.000000000e+00 0.000000000e+00 0.000000000e+00 4.353583094e-08
8.108172656e+04 2.878210754e+02 2.901845398e+02 9.418419003e-01 9.754722714e-01 1.027073152e-02 1.023181539e-11 2.255958861e-06 0.000000000e+00 0.000000000e+00 0.000000000e+00 0.000000000e+00 0.000000000e+00 0.000000000e+00 0.000000000e+00 4.477501037e-08
7.811941406e+04 2.868690491e+02 3.398760681e+02 9.318794012e-01 9.440912008e-01 8.274636231e-03 8.924416761e-12 1.153311928e-06 0.000000000e+00 0.000000000e+00 0.000000000e+00 0.000000000e+00 0.000000000e+00 0.000000000e+00 0.000000000e+00 4.618402727e-08
7.477309375e+04 2.853621826e+02 3.973471375e+02 9.202953577e-01 9.094592333e-01 6.389120128e-03 7.219114195e-12 3.666912107e-07 0.000000000e+00 0.000000000e+00 0.000000000e+00 0.000000000e+00 0.000000000e+00 0.000000000e+00 0.000000000e+00 4.775653650e-08
7.102188281e+04 2.831283264e+02 4.628579712e+02 9.068607688e-01 8.716378808e-01 4.516202025e-03 0.000000000e+00 0.000000000e+00 0.000000000e+00 0.000000000e+00 0.000000000e+00 0.000000000e+00 0.000000000e+00 0.000000000e+00 0.000000000e+00 4.927075636e-08
6.685650781e+04 2.800722656e+02 5.374325562e+02 8.913351893e-01 8.302511573e-01 2.964987420e-03 0.000000000e+00 0.000000000e+00 0.000000000e+00 0.000000000e+00 0.000000000e+00 0.000000000e+00 0.000000000e+00 0.000000000e+00 0.000000000e+00 5.095215627e-08
6.227561719e+04 2.759162292e+02 6.217262573e+02 8.734412789e-01 7.854417562e-01 2.064865083e-03 1.122159223e-12 0.000000000e+00 0.000000000e+00 0.000000000e+00 0.000000000e+00 0.000000000e+00 0.000000000e+00 0.000000000e+00 0.000000000e+00 5.222934263e-08
5.745571094e+04 2.704992371e+02 6.697887573e+02 8.535678387e-01 7.393571138e-01 1.633036882e-03 0.000000000e+00 0.000000000e+00 0.000000000e+00 0.000000000e+00 0.000000000e+00 0.000000000e+00 0.000000000e+00 0.000000000e+00 0.000000000e+00 5.347283150e-08
5.281696875e+04 2.646210938e+02 6.495629883e+02 8.332828283e-01 6.949010491e-01 1.303873607e-03 0.000000000e+00 0.000000000e+00 0.000000000e+00 0.000000000e+00 0.000000000e+00 0.000000000e+00 0.000000000e+00 0.000000000e+00 0.000000000e+00 5.482988286e-08
4.858786719e+04 2.591755371e+02 6.306235962e+02 8.136479259e-01 6.527963877e-01 1.038625254e-03 0.000000000e+00 0.000000000e+00 0.000000000e+00 0.000000000e+00 0.000000000e+00 0.000000000e+00 0.000000000e+00 0.000000000e+00 0.000000000e+00 5.663923019e-08
4.472949219e+04 2.542871704e+02 6.132335205e+02 7.946386933e-01 6.125673056e-01 8.856066270e-04 0.000000000e+00 0.000000000e+00 0.000000000e+00 6.613206077e-12 0.000000000e+00 0.000000000e+00 0.000000000e+00 0.000000000e+00 0.000000000e+00 5.878422726e-08
4.120911719e+04 2.498352051e+02 5.966694946e+02 7.762436867e-01 5.744731426e-01 7.123162504e-04 0.000000000e+00 0.000000000e+00 0.000000000e+00 1.045421971e-09 0.000000000e+00 0.000000000e+00 0.000000000e+00 0.000000000e+00 4.001815250e-05 6.113979367e-08
3.799649219e+04 2.455585785e+02 5.804313354e+02 7.584495544e-01 5.389835238e-01 4.961902741e-04 0.000000000e+00 0.000000000e+00 2.149450756e-12 3.356804612e-08 0.000000000e+00 0.000000000e+00 0.000000000e+00 0.000000000e+00 4.057356273e-05 6.340889769e-08
3.506507812e+04 2.413488617e+02 5.637982788e+02 7.412492037e-01 5.061276555e-01 3.318386734e-04 0.000000000e+00 0.000000000e+00 4.010934918e-10 3.828461956e-07 0.000000000e+00 0.000000000e+00 0.000000000e+00 0.000000000e+00 4.563095354e-05 6.582619960e-08
3.238996484e+04 2.371214600e+02 5.474143677e+02 7.246316075e-01 4.758763611e-01 2.408871223e-04 0.000000000e+00 0.000000000e+00 2.116387066e-08 2.355593324e-06 0.000000000e+00 2.200509049e-02 0.000000000e+00 2.208432852e-05 6.103077249e-05 6.906841321e-08
2.994894336e+04 2.327987518e+02 5.302568359e+02 7.085894942e-01 4.481951892e-01 1.960022200e-04 0.000000000e+00 0.000000000e+00 1.892146457e-07 8.710710063e-06 0.000000000e+00 1.238396019e-01 0.000000000e+00 3.153050784e-05 7.949004066e-05 7.387444612e-08
2.772218945e+04 2.284481506e+02 5.125566406e+02 6.931191087e-01 4.227813482e-01 1.596579386e-04 0.000000000e+00 0.000000000e+00 6.739690548e-07 2.004785347e-05 0.000000000e+00 9.136607647e-01 0.000000000e+00 4.221808922e-05 9.292831237e-05 8.175586430e-08
2.569427539e+04 2.242650146e+02 4.937458191e+02 6.782375574e-01 3.991723657e-01 1.229348854e-04 0.000000000e+00 0.000000000e+00 2.574854761e-06 2.916562880e-05 0.000000000e+00 1.000000000e+00 0.000000000e+00 5.568250344e-05 9.918049182e-05 9.280459778e-08
2.385033203e+04 2.204369507e+02 4.753144836e+02 6.639590263e-01 3.769688904e-01 8.572415391e-05 0.000000000e+00 0.000000000e+00 6.973069503e-06 2.679088175e-05 0.000000000e+00 1.000000000e+00 0.000000000e+00 6.624020170e-05 9.775609215e-05 1.050812557e-07
2.217440625e+04 2.168742065e+02 4.575956421e+02 6.502802372e-01 3.562438488e-01 5.623198740e-05 0.000000000e+00 0.000000000e+00 5.730587418e-06 1.575195893e-05 0.000000000e+00 1.000000000e+00 0.000000000e+00 6.414280506e-05 8.896262443e-05 1.185707816e-07
2.064702734e+04 2.141420746e+02 4.412408142e+02 6.371548772e-01 3.359420896e-01 3.486501373e-05 0.000000000e+00 0.000000000e+00 4.475039077e-07 5.573764611e-06 0.000000000e+00 1.000000000e+00 0.000000000e+00 3.845967876e-05 7.271256618e-05 1.333995812e-07
1.925932227e+04 2.130974884e+02 4.281541748e+02 6.246140003e-01 3.149016798e-01 2.195942398e-05 0.000000000e+00 0.000000000e+00 7.635737376e-09 1.670474944e-06 0.000000000e+00 6.035266444e-02 0.000000000e+00 2.079891237e-05 5.706354204e-05 1.509922498e-07
1.800533594e+04 2.122259827e+02 4.144831543e+02 6.127135754e-01 2.956081331e-01 1.672330654e-05 0.000000000e+00 0.000000000e+00 2.176166580e-09 5.142857162e-07 0.000000000e+00 1.287983824e-02 0.000000000e+00 2.023373963e-05 4.720831203e-05 1.678803159e-07
1.686449219e+04 2.120690308e+02 4.024358521e+02 6.013609171e-01 2.770836353e-01 1.238614823e-05 0.000000000e+00 0.000000000e+00 2.529749077e-09 7.776459654e-08 0.000000000e+00 0.000000000e+00 0.000000000e+00 2.027124719e-05 4.130095476e-05 1.904643767e-07
1.582026465e+04 2.127270813e+02 3.913589172e+02 5.904783010e-01 2.591235340e-01 8.333870028e-06 0.000000000e+00 0.000000000e+00 2.272282015e-11 1.898380758e-11 0.000000000e+00 0.000000000e+00 0.000000000e+00 0.000000000e+00 0.000000000e+00 2.111358413e-07
1.486547461e+04 2.130171661e+02 3.789328308e+02 5.800690055e-01 2.431537211e-01 5.169739325e-06 0.000000000e+00 0.000000000e+00 0.000000000e+00 2.810283473e-12 0.000000000e+00 0.000000000e+00 0.000000000e+00 0.000000000e+00 0.000000000e+00 2.380859030e-07
1.399626562e+04 2.119410248e+02 3.645291748e+02 5.701688528e-01 2.300988436e-01 3.070452522e-06 0.000000000e+00 0.000000000e+00 0.000000000e+00 0.000000000e+00 0.000000000e+00 0.000000000e+00 0.000000000e+00 0.000000000e+00 0.000000000e+00 2.661108454e-07
1.320619141e+04 2.103310699e+02 3.485778198e+02 5.607814193e-01 2.187719792e-01 2.099586709e-06 0.000000000e+00 0.000000000e+00 0.000000000e+00 0.000000000e+00 0.000000000e+00 0.000000000e+00 0.000000000e+00 0.000000000e+00 0.000000000e+00 2.926313982e-07
1.249056641e+04 2.083706665e+02 3.317156982e+02 5.519257188e-01 2.088637501e-01 2.239819878e-06 0.000000000e+00 0.000000000e+00 0.000000000e+00 0.000000000e+00 0.000000000e+00 0.000000000e+00 0.000000000e+00 0.000000000e+00 0.000000000e+00 3.322791429e-07
1.184162402e+04 2.067749023e+02 3.163964539e+02 5.435761213e-01 1.995404214e-01 2.507738600e-06 0.000000000e+00 0.000000000e+00 0.000000000e+00 0.000000000e+00 0.000000000e+00 0.000000000e+00 0.000000000e+00 0.000000000e+00 0.000000000e+00 3.682324632e-07
1.125261914e+04 2.057132721e+02 3.009087219e+02 5.357097983e-01 1.905937940e-01 2.482812988e-06 0.000000000e+00 0.000000000e+00 0.000000000e+00 0.000000000e+00 0.000000000e+00 0.000000000e+00 0.000000000e+00 0.000000000e+00 0.000000000e+00 4.029704428e-07
1.071742188e+04 2.049873505e+02 2.861046753e+02 5.283028483e-01 1.821716130e-01 2.412377398e-06 0.000000000e+00 0.000000000e+00 0.000000000e+00 0.000000000e+00 0.000000000e+00 0.000000000e+00 0.000000000e+00 0.000000000e+00 0.000000000e+00 4.505412221e-07
1.022953809e+04 2.046688080e+02 2.724065857e+02 5.213168263e-01 1.741493493e-01 2.409125955e-06 0.000000000e+00 0.000000000e+00 0.000000000e+00 0.000000000e+00 0.000000000e+00 0.000000000e+00 0.000000000e+00 0.000000000e+00 0.000000000e+00 4.939065548e-07
9.860121875e+04 2.980437622e+02
9.840410938e+04 2.980138550e+02
9.817010156e+04 2.979388733e+02
9.789487500e+04 2.977884216e+02
9.756972656e+04 2.975824890e+02
9.718739062e+04 2.973232422e+02
9.673632031e+04 2.970075989e+02
9.620714844e+04 2.966350403e+02
9.558352344e+04 2.962025146e+02
9.485228906e+04 2.957092285e+02
9.399475000e+04 2.951440735e+02
9.298926562e+04 2.944808960e+02
9.181705469e+04 2.936839905e+02
9.045103906e+04 2.927085266e+02
8.886325781e+04 2.915411377e+02
8.702442188e+04 2.902945251e+02
8.490525781e+04 2.891824036e+02
8.247168750e+04 2.882672729e+02
7.969538281e+04 2.873755188e+02
7.654761719e+04 2.861612549e+02
7.300256250e+04 2.843078003e+02
6.904515625e+04 2.816780396e+02
6.466891016e+04 2.780875549e+02
5.988052344e+04 2.732244263e+02
5.502620703e+04 2.674205933e+02
5.060210156e+04 2.617691345e+02
4.656729688e+04 2.566156006e+02
4.288580078e+04 2.519555817e+02
3.952677734e+04 2.475956879e+02
3.646094531e+04 2.433534241e+02
3.366435938e+04 2.391353455e+02
3.111146094e+04 2.348574066e+02
2.878278320e+04 2.305203247e+02
2.666009766e+04 2.262572937e+02
2.472844336e+04 2.222599335e+02
2.297280859e+04 2.185714874e+02
2.137445703e+04 2.154432831e+02
1.992032617e+04 2.135950470e+02
1.860236523e+04 2.126408997e+02
1.740807031e+04 2.121438141e+02
1.631762207e+04 2.124136505e+02
1.532000684e+04 2.128790588e+02
1.441047656e+04 2.124538422e+02
1.358243848e+04 2.110977631e+02
1.283123242e+04 2.093038940e+02
1.215102930e+04 2.075357361e+02
1.153299023e+04 2.062186127e+02
1.097223535e+04 2.053329620e+02
1.046201367e+04 2.048206024e+02
9.999701172e+03 2.045134277e+02
14 1974 94 8 1 2 0 2 1 1 1 2 0
9.300000000e+01 1.200000000e+01 7.200000000e+02 1.000000000e+00 8.860689402e-02 1.369501831e+03 2.246971130e-01 3.935411072e+01 -1.002080688e+02 4.957916737e-01 2.742756348e+02 1.000000000e+00 0.000000000e+00 1.061887836e+01 0.000000000e+00
9.135094531e+04 2.741350403e+02 1.580016994e+01 9.744849801e-01 1.158270955e+00 4.005676135e-03 2.512999791e-12 1.332438337e-08 0.000000000e+00 1.276200492e-04 1.743943301e-07 3.670397699e-01 0.000000000e+00 0.000000000e+00 1.243723527e-04 4.484711980e-08
9.115456250e+04 2.739764709e+02 1.875100327e+01 9.738860130e-01 1.156485200e+00 3.955452703e-03 4.238643724e-12 1.194107213e-08 0.000000000e+00 1.569317828e-04 1.660574043e-07 4.326038063e-01 0.000000000e+00 0.000000000e+00 1.279387798e-04 4.489626448e-08
9.092898438e+04 2.737536621e+02 2.206456375e+01 9.731968045e-01 1.154577851e+00 3.933061846e-03 7.638791509e-12 4.968731648e-09 0.000000000e+00 1.884756493e-04 1.559366041e-07 5.270628333e-01 0.000000000e+00 0.000000000e+00 1.279999997e-04 4.495271355e-08
9.064633594e+04 2.735216980e+02 2.610597610e+01 9.723315239e-01 1.151987076e+00 3.901428077e-03 1.285615798e-11 4.416360166e-09 0.000000000e+00 1.906744437e-04 1.447821489e-07 5.504156351e-01 0.000000000e+00 0.000000000e+00 1.279999997e-04 4.502344098e-08
9.033016406e+04 2.732677002e+02 3.073118210e+01 9.713612795e-01 1.149055123e+00 3.874081653e-03 2.539926776e-11 3.779464741e-09 0.000000000e+00 1.930000435e-04 1.315314933e-07 5.753827691e-01 0.000000000e+00 0.000000000e+00 1.279999997e-04 4.510255991e-08
8.995307031e+04 2.729724121e+02 3.630886841e+01 9.702010155e-01 1.145519376e+00 3.840354737e-03 0.000000000e+00 3.077055499e-09 8.015225983e-11 1.956471388e-04 1.162111829e-07 6.020958424e-01 0.000000000e+00 0.000000000e+00 1.279999997e-04 4.519692354e-08
8.950855469e+04 2.726040039e+02 4.276997757e+01 9.688287377e-01 1.141412497e+00 3.821016988e-03 0.000000000e+00 2.338265803e-09 3.588280229e-10 1.991463796e-04 9.868237072e-08 6.366348267e-01 0.000000000e+00 0.000000000e+00 1.279999997e-04 4.530815900e-08
8.898614844e+04 2.721477966e+02 5.041219711e+01 9.672098160e-01 1.136653900e+00 3.819752717e-03 0.000000000e+00 1.617488365e-09 1.297703944e-09 2.025819267e-04 7.872539243e-08 7.344993353e-01 0.000000000e+00 2.013999074e-05 1.279999997e-04 4.543888821e-08
8.837917188e+04 2.716722107e+02 5.926126099e+01 9.653202295e-01 1.130906463e+00 3.776920959e-03 0.000000000e+00 9.446097238e-10 2.563542933e-09 2.057929523e-04 5.680352899e-08 8.616899252e-01 0.000000000e+00 2.027482515e-05 1.279999997e-04 4.559077738e-08
8.766431250e+04 2.711890259e+02 6.978038025e+01 9.630829096e-01 1.123841882e+00 3.653418506e-03 0.000000000e+00 4.728555325e-10 4.146949895e-09 2.090906928e-04 3.480981903e-08 1.000000000e+00 0.000000000e+00 2.044116445e-05 1.279999997e-04 4.576966361e-08
8.683208594e+04 2.706151123e+02 8.199990845e+01 9.604617357e-01 1.115627408e+00 3.514810000e-03 0.000000000e+00 1.905213765e-10 7.941814317e-09 2.129903150e-04 1.554182560e-08 1.000000000e+00 0.000000000e+00 2.082974243e-05 1.279999997e-04 4.597792014e-08
8.586021875e+04 2.699438171e+02 9.619392395e+01 9.573779702e-01 1.105988979e+00 3.358461428e-03 0.000000000e+00 5.030376463e-11 1.632488988e-08 2.175450209e-04 3.151357841e-09 1.000000000e+00 0.000000000e+00 2.164181569e-05 1.279999997e-04 4.622112115e-08
8.473390625e+04 2.691833801e+02 1.127459564e+02 9.537727833e-01 1.094675183e+00 3.191177500e-03 0.000000000e+00 0.000000000e+00 3.467534881e-08 2.227306832e-04 3.301890705e-10 9.964084029e-01 0.000000000e+00 2.323220360e-05 1.279999997e-04 4.651250762e-08
8.342896875e+04 2.682984314e+02 1.319991913e+02 9.495527744e-01 1.081479907e+00 3.026427468e-03 0.000000000e+00 0.000000000e+00 7.645108013e-08 2.284120274e-04 2.157926615e-10 9.927385449e-01 0.000000000e+00 2.616560778e-05 1.279999997e-04 4.689611188e-08
8.191957812e+04 2.672829285e+02 1.543706665e+02 9.446123838e-01 1.066064954e+00 2.846387448e-03 0.000000000e+00 0.000000000e+00 1.471387066e-07 2.339030325e-04 9.707089299e-11 1.000000000e+00 0.000000000e+00 2.982351907e-05 1.279999997e-04 4.733981740e-08
8.018698438e+04 2.662089233e+02 1.801999054e+02 9.388605952e-01 1.047840834e+00 2.668634290e-03 0.000000000e+00 0.000000000e+00 2.143722355e-07 2.384374675e-04 1.802425431e-10 1.000000000e+00 0.000000000e+00 3.243610627e-05 1.279999997e-04 4.784913443e-08
7.820144531e+04 2.653892822e+02 2.105992126e+02 9.321588874e-01 1.025125146e+00 2.549375407e-03 0.000000000e+00 0.000000000e+00 3.090575831e-07 2.404662227e-04 5.933584735e-10 1.000000000e+00 0.000000000e+00 3.529461173e-05 1.279999997e-04 4.843280976e-08
7.593846094e+04 2.654409485e+02 2.466396942e+02 9.243708253e-01 9.952144623e-01 2.635396551e-03 0.000000000e+00 0.000000000e+00 3.451565647e-07 2.384940744e-04 3.252018793e-11 1.000000000e+00 0.000000000e+00 3.621281940e-05 1.279999997e-04 4.909804119e-08
7.337174219e+04 2.650581055e+02 2.882861328e+02 9.153341651e-01 9.629364610e-01 2.684280509e-03 0.000000000e+00 0.000000000e+00 3.137118370e-07 2.376503398e-04 0.000000000e+00 1.000000000e+00 0.000000000e+00 3.541744809e-05 1.279999997e-04 4.984985225e-08
7.047813281e+04 2.637474365e+02 3.358481750e+02 9.048716426e-01 9.296231270e-01 2.567195334e-03 0.000000000e+00 0.000000000e+00 3.247058942e-07 2.326576068e-04 0.000000000e+00 1.000000000e+00 0.000000000e+00 3.570220724e-05 1.279999997e-04 5.069576048e-08
6.723582031e+04 2.620331726e+02 3.906163635e+02 8.927771449e-01 8.927680254e-01 2.364448272e-03 0.000000000e+00 0.000000000e+00 2.131125427e-07 2.119878482e-04 2.228494082e-12 1.000000000e+00 0.000000000e+00 3.239251237e-05 1.279999997e-04 5.164360672e-08
6.362789844e+04 2.605216980e+02 4.551690063e+02 8.788187504e-01 8.498492241e-01 2.197541529e-03 0.000000000e+00 0.000000000e+00 2.341761700e-07 1.714422106e-04 1.728783783e-12 1.000000000e+00 0.000000000e+00 3.309938620e-05 1.279999997e-04 5.265499325e-08
5.964249219e+04 2.588996277e+02 5.312002563e+02 8.627263904e-01 8.016939759e-01 2.022924135e-03 0.000000000e+00 0.000000000e+00 3.526536716e-07 1.217209428e-04 0.000000000e+00 1.000000000e+00 0.000000000e+00 3.639415081e-05 1.235567470e-04 5.374973711e-08
5.541711328e+04 2.565436707e+02 5.798408813e+02 8.448029160e-01 7.518658042e-01 1.744490000e-03 0.000000000e+00 0.000000000e+00 5.449045943e-07 7.252140495e-05 0.000000000e+00 1.000000000e+00 0.000000000e+00 4.023738802e-05 1.146565555e-04 5.502288758e-08
5.130729688e+04 2.536309814e+02 5.713421631e+02 8.264070749e-01 7.042446136e-01 1.407125965e-03 0.000000000e+00 0.000000000e+00 4.109517988e-07 3.609044870e-05 0.000000000e+00 1.000000000e+00 0.000000000e+00 3.770949843e-05 1.027704857e-04 5.632988831e-08
4.750987109e+04 2.501522217e+02 5.628043823e+02 8.084487915e-01 6.613259912e-01 1.068360056e-03 0.000000000e+00 0.000000000e+00 1.880518994e-07 2.056985250e-05 0.000000000e+00 1.000000000e+00 0.000000000e+00 3.148676842e-05 9.335389041e-05 6.050752432e-08
4.399508984e+04 2.460976257e+02 5.537971802e+02 7.908889055e-01 6.225896478e-01 8.067555027e-04 0.000000000e+00 0.000000000e+00 2.299579762e-07 1.369735492e-05 0.000000000e+00 1.000000000e+00 0.000000000e+00 3.296146679e-05 8.668956434e-05 6.495550764e-08
4.073826562e+04 2.414420471e+02 5.436566162e+02 7.736992240e-01 5.877083540e-01 5.524970475e-04 0.000000000e+00 0.000000000e+00 5.187432635e-07 4.948138212e-06 0.000000000e+00 1.000000000e+00 0.000000000e+00 3.978776294e-05 7.097524212e-05 7.041854388e-08
3.772011328e+04 2.370538025e+02 5.342440796e+02 7.568692565e-01 5.543249846e-01 3.018554708e-04 0.000000000e+00 0.000000000e+00 8.072665310e-07 3.550960628e-06 0.000000000e+00 3.818553686e-02 0.000000000e+00 4.394337157e-05 6.632412260e-05 7.584764461e-08
3.492367969e+04 2.325754089e+02 5.242293091e+02 7.403939366e-01 5.231399536e-01 2.135588147e-04 0.000000000e+00 0.000000000e+00 3.918951279e-06 7.425247986e-06 0.000000000e+00 3.970968723e-01 0.000000000e+00 6.010281868e-05 7.702330913e-05 8.192835566e-08
3.233371680e+04 2.278869781e+02 5.138708496e+02 7.242718339e-01 4.943268895e-01 1.514570467e-04 0.000000000e+00 0.000000000e+00 8.500666809e-06 1.003222951e-05 0.000000000e+00 1.000000000e+00 0.000000000e+00 6.836330431e-05 8.170653018e-05 9.040883242e-08
2.993624414e+04 2.233509979e+02 5.031331177e+02 7.085036635e-01 4.669840932e-01 9.632216097e-05 0.000000000e+00 0.000000000e+00 1.003892066e-05 4.908589744e-06 0.000000000e+00 1.000000000e+00 0.000000000e+00 7.014979201e-05 7.085935067e-05 1.027224243e-07
2.772298242e+04 2.190403900e+02 4.909364929e+02 6.931247711e-01 4.409784377e-01 6.247286365e-05 0.000000000e+00 0.000000000e+00 5.712071925e-06 1.081663072e-06 0.000000000e+00 1.000000000e+00 0.000000000e+00 6.410827336e-05 5.273641727e-05 1.247008043e-07
2.569545898e+04 2.180542908e+02 4.799871826e+02 6.782464385e-01 4.105811715e-01 4.088975038e-05 0.000000000e+00 0.000000000e+00 9.268303103e-08 7.277244141e-09 0.000000000e+00 0.000000000e+00 0.000000000e+00 2.712108653e-05 4.012596037e-05 1.565356627e-07
2.385102539e+04 2.208303070e+02 4.760913086e+02 6.639645100e-01 3.763256371e-01 1.009117113e-05 0.000000000e+00 0.000000000e+00 0.000000000e+00 3.754183596e-12 0.000000000e+00 0.000000000e+00 0.000000000e+00 0.000000000e+00 0.000000000e+00 1.964485392e-07
2.217362695e+04 2.240436554e+02 4.727002869e+02 6.502737403e-01 3.448427618e-01 4.062029802e-06 0.000000000e+00 0.000000000e+00 0.000000000e+00 0.000000000e+00 0.000000000e+00 0.000000000e+00 0.000000000e+00 0.000000000e+00 0.000000000e+00 2.442268396e-07
2.064772070e+04 2.251204071e+02 4.638222046e+02 6.371610165e-01 3.195763528e-01 2.765091494e-06 0.000000000e+00 0.000000000e+00 0.000000000e+00 0.000000000e+00 0.000000000e+00 0.000000000e+00 0.000000000e+00 0.000000000e+00 0.000000000e+00 2.897302238e-07
1.926034766e+04 2.251076050e+02 4.522471924e+02 6.246234775e-01 2.981200814e-01 3.044549430e-06 0.000000000e+00 0.000000000e+00 0.000000000e+00 0.000000000e+00 0.000000000e+00 0.000000000e+00 0.000000000e+00 0.000000000e+00 0.000000000e+00 3.344222250e-07
1.799987695e+04 2.245370789e+02 4.386502686e+02 6.126604676e-01 2.793179750e-01 2.714616130e-06 0.000000000e+00 0.000000000e+00 0.000000000e+00 0.000000000e+00 0.000000000e+00 0.000000000e+00 0.000000000e+00 0.000000000e+00 0.000000000e+00 3.755968976e-07
1.685348047e+04 2.237302551e+02 4.248361816e+02 6.012487411e-01 2.624715865e-01 2.584129561e-06 0.000000000e+00 0.000000000e+00 0.000000000e+00 0.000000000e+00 0.000000000e+00 0.000000000e+00 0.000000000e+00 0.000000000e+00 0.000000000e+00 4.170497050e-07
1.580949414e+04 2.229412842e+02 4.104261169e+02 5.903633833e-01 2.470841557e-01 2.527947345e-06 0.000000000e+00 0.000000000e+00 0.000000000e+00 0.000000000e+00 0.000000000e+00 0.000000000e+00 0.000000000e+00 0.000000000e+00 0.000000000e+00 4.547994195e-07
1.485983887e+04 2.221651001e+02 3.953547974e+02 5.800061226e-01 2.330535352e-01 2.535995463e-06 0.000000000e+00 0.000000000e+00 0.000000000e+00 0.000000000e+00 0.000000000e+00 0.000000000e+00 0.000000000e+00 0.000000000e+00 0.000000000e+00 5.008834592e-07
1.399561621e+04 2.214293976e+02 3.808669128e+02 5.701612830e-01 2.202288359e-01 2.546882570e-06 0.000000000e+00 0.000000000e+00 0.000000000e+00 0.000000000e+00 0.000000000e+00 0.000000000e+00 0.000000000e+00 0.000000000e+00 0.000000000e+00 5.476927072e-07
1.320917871e+04 2.207815552e+02 3.658144531e+02 5.608176589e-01 2.084637135e-01 2.564066563e-06 0.000000000e+00 0.000000000e+00 0.000000000e+00 0.000000000e+00 0.000000000e+00 0.000000000e+00 0.000000000e+00 0.000000000e+00 0.000000000e+00 5.914934036e-07
1.249520508e+04 2.201783142e+02 3.503819275e+02 5.519842505e-01 1.977362335e-01 2.589590849e-06 0.000000000e+00 0.000000000e+00 0.000000000e+00 0.000000000e+00 0.000000000e+00 0.000000000e+00 0.000000000e+00 0.000000000e+00 0.000000000e+00 6.505339911e-07
1.184662695e+04 2.194293976e+02 3.356174316e+02 5.436417460e-01 1.881123483e-01 2.600560265e-06 0.000000000e+00 0.000000000e+00 0.000000000e+00 0.000000000e+00 0.000000000e+00 0.000000000e+00 0.000000000e+00 0.000000000e+00 0.000000000e+00 7.041667800e-07
1.125691602e+04 2.186540375e+02 3.197162170e+02 5.357682705e-01 1.793821901e-01 2.604588417e-06 0.000000000e+00 0.000000000e+00 0.000000000e+00 0.000000000e+00 0.000000000e+00 0.000000000e+00 0.000000000e+00 0.000000000e+00 0.000000000e+00 7.553284149e-07
1.072115918e+04 2.178981018e+02 3.040184631e+02 5.283554792e-01 1.714374572e-01 2.604691417e-06 0.000000000e+00 0.000000000e+00 0.000000000e+00 0.000000000e+00 0.000000000e+00 0.000000000e+00 0.000000000e+00 0.000000000e+00 0.000000000e+00 8.215496337e-07
1.023369922e+04 2.171572418e+02 2.889118042e+02 5.213773847e-01 1.642009765e-01 2.600979769e-06 0.000000000e+00 0.000000000e+00 0.000000000e+00 0.000000000e+00 0.000000000e+00 0.000000000e+00 0.000000000e+00 0.000000000e+00 0.000000000e+00 8.818012134e-07
9.144075000e+04 2.742075806e+02
9.126111719e+04 2.740625000e+02
9.105091406e+04 2.738740845e+02
9.079947656e+04 2.736473694e+02
9.050105469e+04 2.734049988e+02
9.015721094e+04 2.731322632e+02
8.974884375e+04 2.728031616e+02
8.926859375e+04 2.723944397e+02
8.870687500e+04 2.719289856e+02
8.805043750e+04 2.714500122e+02
8.728106250e+04 2.709247131e+02
8.638392969e+04 2.703055420e+02
8.534029688e+04 2.695927734e+02
8.413071875e+04 2.687743225e+02
8.273018750e+04 2.678283081e+02
8.111553125e+04 2.667845154e+02
7.926382031e+04 2.658278198e+02
7.714582031e+04 2.654133606e+02
7.473725000e+04 2.652617798e+02
7.201258594e+04 2.644424744e+02
6.894779688e+04 2.629383240e+02
6.552364062e+04 2.613159180e+02
6.172467188e+04 2.597471008e+02
5.754282812e+04 2.577289124e+02
5.326462891e+04 2.550181580e+02
4.931850781e+04 2.518090820e+02
4.566923438e+04 2.480289001e+02
4.228942578e+04 2.436594086e+02
3.915776562e+04 2.391440735e+02
3.625527344e+04 2.347079163e+02
3.356754688e+04 2.301205139e+02
3.107802344e+04 2.255112152e+02
2.877715039e+04 2.210935059e+02
2.666109570e+04 2.185239410e+02
2.472936914e+04 2.195083313e+02
2.297273242e+04 2.225128479e+02
2.137444922e+04 2.246075897e+02
1.992119336e+04 2.251136932e+02
1.859999414e+04 2.248087158e+02
1.739970508e+04 2.241146851e+02
1.630673730e+04 2.233170624e+02
1.531192676e+04 2.225346069e+02
1.440745117e+04 2.217799835e+02
1.358369434e+04 2.210900726e+02
1.283508496e+04 2.204654846e+02
1.215585840e+04 2.197864685e+02
1.153762305e+04 2.190231171e+02
1.097623828e+04 2.182580109e+02
1.046597266e+04 2.175102692e+02
1.000427344e+04 2.167962494e+02
15 1974 94 6 1 2 0 2 0 0 0 2 0
9.300000000e+01 1.200000000e+01 7.200000000e+02 1.000000000e+00 8.860689402e-02 1.369501831e+03 2.246971130e-01 3.935411072e+01 -1.002080688e+02 4.957916737e-01 2.742756348e+02 1.000000000e+00 0.000000000e+00 1.061887836e+01 0.000000000e+00
9.135094531e+04 2.741350403e+02 1.580016994e+01 9.744849801e-01 1.158270955e+00 4.005676135e-03 2.512999791e-12 1.332438337e-08 0.000000000e+00 1.276200492e-04 1.743943301e-07 3.670397699e-01 0.000000000e+00 0.000000000e+00 1.243723527e-04 4.484711980e-08
9.115456250e+04 2.739764709e+02 1.875100327e+01 9.738860130e-01 1.156485200e+00 3.955452703e-03 4.238643724e-12 1.194107213e-08 0.000000000e+00 1.569317828e-04 1.660574043e-07 4.326038063e-01 0.000000000e+00 0.000000000e+00 1.279387798e-04 4.489626448e-08
9.092898438e+04 2.737536621e+02 2.206456375e+01 9.731968045e-01 1.154577851e+00 3.933061846e-03 7.638791509e-12 4.968731648e-09 0.000000000e+00 1.884756493e-04 1.559366041e-07 5.270628333e-01 0.000000000e+00 0.000000000e+00 1.279999997e-04 4.495271355e-08
9.064633594e+04 2.735216980e+02 2.610597610e+01 9.723315239e-01 1.151987076e+00 3.901428077e-03 1.285615798e-11 4.416360166e-09 0.000000000e+00 1.906744437e-04 1.447821489e-07 5.504156351e-01 0.000000000e+00 0.000000000e+00 1.279999997e-04 4.502344098e-08
9.033016406e+04 2.732677002e+02 3.073118210e+01 9.713612795e-01 1.149055123e+00 3.874081653e-03 2.539926776e-11 3.779464741e-09 0.000000000e+00 1.930000435e-04 1.315314933e-07 5.753827691e-01 0.000000000e+00 0.000000000e+00 1.279999997e-04 4.510255991e-08
8.995307031e+04 2.729724121e+02 3.630886841e+01 9.702010155e-01 1.145519376e+00 3.840354737e-03 0.000000000e+00 3.077055499e-09 8.015225983e-11 1.956471388e-04 1.162111829e-07 6.020958424e-01 0.000000000e+00 0.000000000e+00 1.279999997e-04 4.519692354e-08
8.950855469e+04 2.726040039e+02 4.276997757e+01 9.688287377e-01 1.141412497e+00 3.821016988e-03 0.000000000e+00 2.338265803e-09 3.588280229e-10 1.991463796e-04 9.868237072e-08 6.366348267e-01 0.000000000e+00 0.000000000e+00 1.279999997e-04 4.530815900e-08
8.898614844e+04 2.721477966e+02 5.041219711e+01 9.672098160e-01 1.136653900e+00 3.819752717e-03 0.000000000e+00 1.617488365e-09 1.297703944e-09 2.025819267e-04 7.872539243e-08 7.344993353e-01 0.000000000e+00 2.013999074e-05 1.279999997e-04 4.543888821e-08
8.837917188e+04 2.716722107e+02 5.926126099e+01 9.653202295e-01 1.130906463e+00 3.776920959e-03 0.000000000e+00 9.446097238e-10 2.563542933e-09 2.057929523e-04 5.680352899e-08 8.616899252e-01 0.000000000e+00 2.027482515e-05 1.279999997e-04 4.559077738e-08
8.766431250e+04 2.711890259e+02 6.978038025e+01 9.630829096e-01 1.123841882e+00 3.653418506e-03 0.000000000e+00 4.728555325e-10 4.146949895e-09 2.090906928e-04 3.480981903e-08 1.000000000e+00 0.000000000e+00 2.044116445e-05 1.279999997e-04 4.576966361e-08
8.683208594e+04 2.706151123e+02 8.199990845e+01 9.604617357e-01 1.115627408e+00 3.514810000e-03 0.000000000e+00 1.905213765e-10 7.941814317e-09 2.129903150e-04 1.554182560e-08 1.000000000e+00 0.000000000e+00 2.082974243e-05 1.279999997e-04 4.597792014e-08
8.586021875e+04 2.699438171e+02 9.619392395e+01 9.573779702e-01 1.105988979e+00 3.358461428e-03 0.000000000e+00 5.030376463e-11 1.632488988e-08 2.175450209e-04 3.151357841e-09 1.000000000e+00 0.000000000e+00 2.164181569e-05 1.279999997e-04 4.622112115e-08
8.473390625e+04 2.691833801e+02 1.127459564e+02 9.537727833e-01 1.094675183e+00 3.191177500e-03 0.000000000e+00 0.000000000e+00 3.467534881e-08 2.227306832e-04 3.301890705e-10 9.964084029e-01 0.000000000e+00 2.323220360e-05 1.279999997e-04 4.651250762e-08
8.342896875e+04 2.682984314e+02 1.319991913e+02 9.495527744e-01 1.081479907e+00 3.026427468e-03 0.000000000e+00 0.000000000e+00 7.645108013e-08 2.284120274e-04 2.157926615e-10 9.927385449e-01 0.000000000e+00 2.616560778e-05 1.279999997e-04 4.689611188e-08
8.191957812e+04 2.672829285e+02 1.543706665e+02 9.446123838e-01 1.066064954e+00 2.846387448e-03 0.000000000e+00 0.000000000e+00 1.471387066e-07 2.339030325e-04 9.707089299e-11 1.000000000e+00 0.000000000e+00 2.982351907e-05 1.279999997e-04 4.733981740e-08
8.018698438e+04 2.662089233e+02 1.801999054e+02 9.388605952e-01 1.047840834e+00 2.668634290e-03 0.000000000e+00 0.000000000e+00 2.143722355e-07 2.384374675e-04 1.802425431e-10 1.000000000e+00 0.000000000e+00 3.243610627e-05 1.279999997e-04 4.784913443e-08
7.820144531e+04 2.653892822e+02 2.105992126e+02 9.321588874e-01 1.025125146e+00 2.549375407e-03 0.000000000e+00 0.000000000e+00 3.090575831e-07 2.404662227e-04 5.933584735e-10 1.000000000e+00 0.000000000e+00 3.529461173e-05 1.279999997e-04 4.843280976e-08
7.593846094e+04 2.654409485e+02 2.466396942e+02 9.243708253e-01 9.952144623e-01 2.635396551e-03 0.000000000e+00 0.000000000e+00 3.451565647e-07 2.384940744e-04 3.252018793e-11 1.000000000e+00 0.000000000e+00 3.621281940e-05 1.279999997e-04 4.909804119e-08
7.337174219e+04 2.650581055e+02 2.882861328e+02 9.153341651e-01 9.629364610e-01 2.684280509e-03 0.000000000e+00 0.000000000e+00 3.137118370e-07 2.376503398e-04 0.000000000e+00 1.000000000e+00 0.000000000e+00 3.541744809e-05 1.279999997e-04 4.984985225e-08
7.047813281e+04 2.637474365e+02 3.358481750e+02 9.048716426e-01 9.296231270e-01 2.567195334e-03 0.000000000e+00 0.000000000e+00 3.247058942e-07 2.326576068e-04 0.000000000e+00 1.000000000e+00 0.000000000e+00 3.570220724e-05 1.279999997e-04 5.069576048e-08
6.723582031e+04 2.620331726e+02 3.906163635e+02 8.927771449e-01 8.927680254e-01 2.364448272e-03 0.000000000e+00 0.000000000e+00 2.131125427e-07 2.119878482e-04 2.228494082e-12 1.000000000e+00 0.000000000e+00 3.239251237e-05 1.279999997e-04 5.164360672e-08
6.362789844e+04 2.605216980e+02 4.551690063e+02 8.788187504e-01 8.498492241e-01 2.197541529e-03 0.000000000e+00 0.000000000e+00 2.341761700e-07 1.714422106e-04 1.728783783e-12 1.000000000e+00 0.000000000e+00 3.309938620e-05 1.279999997e-04 5.265499325e-08
5.964249219e+04 2.588996277e+02 5.312002563e+02 8.627263904e-01 8.016939759e-01 2.022924135e-03 0.000000000e+00 0.000000000e+00 3.526536716e-07 1.217209428e-04 0.000000000e+00 1.000000000e+00 0.000000000e+00 3.639415081e-05 1.235567470e-04 5.374973711e-08
5.541711328e+04 2.565436707e+02 5.798408813e+02 8.448029160e-01 7.518658042e-01 1.744490000e-03 0.000000000e+00 0.000000000e+00 5.449045943e-07 7.252140495e-05 0.000000000e+00 1.000000000e+00 0.000000000e+00 4.023738802e-05 1.146565555e-04 5.502288758e-08
5.130729688e+04 2.536309814e+02 5.713421631e+02 8.264070749e-01 7.042446136e-01 1.407125965e-03 0.000000000e+00 0.000000000e+00 4.109517988e-07 3.609044870e-05 0.000000000e+00 1.000000000e+00 0.000000000e+00 3.770949843e-05 1.027704857e-04 5.632988831e-08
4.750987109e+04 2.501522217e+02 5.628043823e+02 8.084487915e-01 6.613259912e-01 1.068360056e-03 0.000000000e+00 0.000000000e+00 1.880518994e-07 2.056985250e-05 0.000000000e+00 1.000000000e+00 0.000000000e+00 3.148676842e-05 9.335389041e-05 6.050752432e-08
4.399508984e+04 2.460976257e+02 5.537971802e+02 7.908889055e-01 6.225896478e-01 8.067555027e-04 0.000000000e+00 0.000000000e+00 2.299579762e-07 1.369735492e-05 0.000000000e+00 1.000000000e+00 0.000000000e+00 3.296146679e-05 8.668956434e-05 6.495550764e-08
4.073826562e+04 2.414420471e+02 5.436566162e+02 7.736992240e-01 5.877083540e-01 5.524970475e-04 0.000000000e+00 0.000000000e+00 5.187432635e-07 4.948138212e-06 0.000000000e+00 1.000000000e+00 0.000000000e+00 3.978776294e-05 7.097524212e-05 7.041854388e-08
3.772011328e+04 2.370538025e+02 5.342440796e+02 7.568692565e-01 5.543249846e-01 3.018554708e-04 0.000000000e+00 0.000000000e+00 8.072665310e-07 3.550960628e-06 0.000000000e+00 3.818553686e-02 0.000000000e+00 4.394337157e-05 6.632412260e-05 7.584764461e-08
3.492367969e+04 2.325754089e+02 5.242293091e+02 7.403939366e-01 5.231399536e-01 2.135588147e-04 0.000000000e+00 0.000000000e+00 3.918951279e-06 7.425247986e-06 0.000000000e+00 3.970968723e-01 0.000000000e+00 6.010281868e-05 7.702330913e-05 8.192835566e-08
3.233371680e+04 2.278869781e+02 5.138708496e+02 7.242718339e-01 4.943268895e-01 1.514570467e-04 0.000000000e+00 0.000000000e+00 8.500666809e-06 1.003222951e-05 0.000000000e+00 1.000000000e+00 0.000000000e+00 6.836330431e-05 8.170653018e-05 9.040883242e-08
2.993624414e+04 2.233509979e+02 5.031331177e+02 7.085036635e-01 4.669840932e-01 9.632216097e-05 0.000000000e+00 0.000000000e+00 1.003892066e-05 4.908589744e-06 0.000000000e+00 1.000000000e+00 0.000000000e+00 7.014979201e-05 7.085935067e-05 1.027224243e-07
2.772298242e+04 2.190403900e+02 4.909364929e+02 6.931247711e-01 4.409784377e-01 6.247286365e-05 0.000000000e+00 0.000000000e+00 5.712071925e-06 1.081663072e-06 0.000000000e+00 1.000000000e+00 0.000000000e+00 6.410827336e-05 5.273641727e-05 1.247008043e-07
2.569545898e+04 2.180542908e+02 4.799871826e+02 6.782464385e-01 4.105811715e-01 4.088975038e-05 0.000000000e+00 0.000000000e+00 9.268303103e-08 7.277244141e-09 0.000000000e+00 0.000000000e+00 0.000000000e+00 2.712108653e-05 4.012596037e-05 1.565356627e-07
2.385102539e+04 2.208303070e+02 4.760913086e+02 6.639645100e-01 3.763256371e-01 1.009117113e-05 0.000000000e+00 0.000000000e+00 0.000000000e+00 3.754183596e-12 0.000000000e+00 0.000000000e+00 0.000000000e+00 0.000000000e+00 0.000000000e+00 1.964485392e-07
2.217362695e+04 2.240436554e+02 4.727002869e+02 6.502737403e-01 3.448427618e-01 4.062029802e-06 0.000000000e+00 0.000000000e+00 0.000000000e+00 0.000000000e+00 0.000000000e+00 0.000000000e+00 0.000000000e+00 0.000000000e+00 0.000000000e+00 2.442268396e-07
2.064772070e+04 2.251204071e+02 4.638222046e+02 6.371610165e-01 3.195763528e-01 2.765091494e-06 0.000000000e+00 0.000000000e+00 0.000000000e+00 0.000000000e+00 0.000000000e+00 0.000000000e+00 0.000000000e+00 0.000000000e+00 0.000000000e+00 2.897302238e-07
1.926034766e+04 2.251076050e+02 4.522471924e+02 6.246234775e-01 2.981200814e-01 3.044549430e-06 0.000000000e+00 0.000000000e+00 0.000000000e+00 0.000000000e+00 0.000000000e+00 0.000000000e+00 0.000000000e+00 0.000000000e+00 0.000000000e+00 3.344222250e-07
1.799987695e+04 2.245370789e+02 4.386502686e+02 6.126604676e-01 2.793179750e-01 2.714616130e-06 0.000000000e+00 0.000000000e+00 0.000000000e+00 0.000000000e+00 0.000000000e+00 0.000000000e+00 0.000000000e+00 0.000000000e+00 0.000000000e+00 3.755968976e-07
1.685348047e+04 2.237302551e+02 4.248361816e+02 6.012487411e-01 2.624715865e-01 2.584129561e-06 0.000000000e+00 0.000000000e+00 0.000000000e+00 0.000000000e+00 0.000000000e+00 0.000000000e+00 0.000000000e+00 0.000000000e+00 0.000000000e+00 4.170497050e-07
1.580949414e+04 2.229412842e+02 4.104261169e+02 5.903633833e-01 2.470841557e-01 2.527947345e-06 0.000000000e+00 0.000000000e+00 0.000000000e+00 0.000000000e+00 0.000000000e+00 0.000000000e+00 0.000000000e+00 0.000000000e+00 0.000000000e+00 4.547994195e-07
1.485983887e+04 2.221651001e+02 3.953547974e+02 5.800061226e-01 2.330535352e-01 2.535995463e-06 0.000000000e+00 0.000000000e+00 0.000000000e+00 0.000000000e+00 0.000000000e+00 0.000000000e+00 0.000000000e+00 0.000000000e+00 0.000000000e+00 5.008834592e-07
1.399561621e+04 2.214293976e+02 3.808669128e+02 5.701612830e-01 2.202288359e-01 2.546882570e-06 0.000000000e+00 0.000000000e+00 0.000000000e+00 0.000000000e+00 0.000000000e+00 0.000000000e+00 0.000000000e+00 0.000000000e+00 0.000000000e+00 5.476927072e-07
1.320917871e+04 2.207815552e+02 3.658144531e+02 5.608176589e-01 2.084637135e-01 2.564066563e-06 0.000000000e+00 0.000000000e+00 0.000000000e+00 0.000000000e+00 0.000000000e+00 0.000000000e+00 0.000000000e+00 0.000000000e+00 0.000000000e+00 5.914934036e-07
1.249520508e+04 2.201783142e+02 3.503819275e+02 5.519842505e-01 1.977362335e-01 2.589590849e-06 0.000000000e+00 0.000000000e+00 0.000000000e+00 0.000000000e+00 0.000000000e+00 0.000000000e+00 0.000000000e+00 0.000000000e+00 0.000000000e+00 6.505339911e-07
1.184662695e+04 2.194293976e+02 3.356174316e+02 5.436417460e-01 1.881123483e-01 2.600560265e-06 0.000000000e+00 0.000000000e+00 0.000000000e+00 0.000000000e+00 0.000000000e+00 0.000000000e+00 0.000000000e+00 0.000000000e+00 0.000000000e+00 7.041667800e-07
1.125691602e+04 2.186540375e+02 3.197162170e+02 5.357682705e-01 1.793821901e-01 2.604588417e-06 0.000000000e+00 0.000000000e+00 0.000000000e+00 0.000000000e+00 0.000000000e+00 0.000000000e+00 0.000000000e+00 0.000000000e+00 0.000000000e+00 7.553284149e-07
1.072115918e+04 2.178981018e+02 3.040184631e+02 5.283554792e-01 1.714374572e-01 2.604691417e-06 0.000000000e+00 0.000000000e+00 0.000000000e+00 0.000000000e+00 0.000000000e+00 0.000000000e+00 0.000000000e+00 0.000000000e+00 0.000000000e+00 8.215496337e-07
1.023369922e+04 2.171572418e+02 2.889118042e+02 5.213773847e-01 1.642009765e-01 2.600979769e-06 0.000000000e+00 0.000000000e+00 0.000000000e+00 0.000000000e+00 0.000000000e+00 0.000000000e+00 0.000000000e+00 0.000000000e+00 0.000000000e+00 8.818012134e-07
9.144075000e+04 2.742075806e+02
9.126111719e+04 2.740625000e+02
9.105091406e+04 2.738740845e+02
9.079947656e+04 2.736473694e+02
9.050105469e+04 2.734049988e+02
9.015721094e+04 2.731322632e+02
8.974884375e+04 2.728031616e+02
8.926859375e+04 2.723944397e+02
8.870687500e+04 2.719289856e+02
8.805043750e+04 2.714500122e+02
8.728106250e+04 2.709247131e+02
8.638392969e+04 2.703055420e+02
8.534029688e+04 2.695927734e+02
8.413071875e+04 2.687743225e+02
8.273018750e+04 2.678283081e+02
8.111553125e+04 2.667845154e+02
7.926382031e+04 2.658278198e+02
7.714582031e+04 2.654133606e+02
7.473725000e+04 2.652617798e+02
7.201258594e+04 2.644424744e+02
6.894779688e+04 2.629383240e+02
6.552364062e+04 2.613159180e+02
6.172467188e+04 2.597471008e+02
5.754282812e+04 2.577289124e+02
5.326462891e+04 2.550181580e+02
4.931850781e+04 2.518090820e+02
4.566923438e+04 2.480289001e+02
4.228942578e+04 2.436594086e+02
3.915776562e+04 2.391440735e+02
3.625527344e+04 2.347079163e+02
3.356754688e+04 2.301205139e+02
3.107802344e+04 2.255112152e+02
2.877715039e+04 2.210935059e+02
2.666109570e+04 2.185239410e+02
2.472936914e+04 2.195083313e+02
2.297273242e+04 2.225128479e+02
2.137444922e+04 2.246075897e+02
1.992119336e+04 2.251136932e+02
1.859999414e+04 2.248087158e+02
1.739970508e+04 2.241146851e+02
1.630673730e+04 2.233170624e+02
1.531192676e+04 2.225346069e+02
1.440745117e+04 2.217799835e+02
1.358369434e+04 2.210900726e+02
1.283508496e+04 2.204654846e+02
1.215585840e+04 2.197864685e+02
1.153762305e+04 2.190231171e+02
1.097623828e+04 2.182580109e+02
1.046597266e+04 2.175102692e+02
1.000427344e+04 2.167962494e+02
16 1974 94 8 1 2 0 2 1 1 1 2 0
9.300000000e+01 1.200000000e+01 7.200000000e+02 1.000000000e+00 8.860689402e-02 1.369501831e+03 -1.891768575e-01 3.451205063e+01 -7.061248779e+01 7.999999821e-02 2.929160156e+02 2.000000000e+00 0.000000000e+00 0.000000000e+00 0.000000000e+00
1.019718281e+05 2.930882874e+02 1.737433434e+01 1.005594611e+00 1.202133536e+00 1.387027558e-02 0.000000000e+00 0.000000000e+00 0.000000000e+00 0.000000000e+00 0.000000000e+00 0.000000000e+00 0.000000000e+00 0.000000000e+00 0.000000000e+00 3.932354886e-08
1.017477734e+05 2.929371643e+02 2.065049934e+01 1.004962802e+00 1.200127125e+00 1.384806726e-02 0.000000000e+00 0.000000000e+00 0.000000000e+00 0.000000000e+00 0.000000000e+00 0.000000000e+00 0.000000000e+00 0.000000000e+00 0.000000000e+00 3.932354886e-08
1.014832109e+05 2.927411499e+02 2.434234428e+01 1.004215479e+00 1.197821140e+00 1.382996514e-02 0.000000000e+00 0.000000000e+00 0.000000000e+00 0.000000000e+00 0.000000000e+00 0.000000000e+00 0.000000000e+00 0.000000000e+00 0.000000000e+00 3.932354886e-08
1.011760703e+05 2.925074768e+02 2.885564995e+01 1.003346205e+00 1.195164800e+00 1.380938292e-02 0.000000000e+00 0.000000000e+00 0.000000000e+00 0.000000000e+00 0.000000000e+00 0.000000000e+00 0.000000000e+00 0.000000000e+00 0.000000000e+00 3.932354886e-08
1.008029141e+05 2.922161255e+02 3.404314423e+01 1.002287507e+00 1.191964388e+00 1.378106419e-02 1.613079803e-07 0.000000000e+00 0.000000000e+00 0.000000000e+00 0.000000000e+00 0.000000000e+00 4.389684364e-06 0.000000000e+00 0.000000000e+00 3.932354886e-08
1.003637188e+05 2.919033508e+02 4.032562256e+01 1.001037836e+00 1.188096881e+00 1.370534766e-02 2.906306509e-05 0.000000000e+00 0.000000000e+00 0.000000000e+00 0.000000000e+00 1.000000000e+00 1.286819952e-05 0.000000000e+00 0.000000000e+00 3.932512982e-08
9.985850781e+04 2.916208191e+02 4.764853668e+01 9.995955229e-01 1.183391452e+00 1.352307480e-02 9.487510397e-05 0.000000000e+00 0.000000000e+00 0.000000000e+00 0.000000000e+00 1.000000000e+00 1.589023486e-05 0.000000000e+00 0.000000000e+00 3.947653582e-08
9.925519531e+04 2.917114258e+02 5.645182800e+01 9.978662729e-01 1.176050663e+00 1.327751856e-02 0.000000000e+00 0.000000000e+00 0.000000000e+00 0.000000000e+00 0.000000000e+00 0.000000000e+00 0.000000000e+00 0.000000000e+00 0.000000000e+00 3.965734052e-08
9.854876562e+04 2.917128906e+02 6.670518494e+01 9.958319664e-01 1.167999506e+00 1.281624660e-02 0.000000000e+00 0.000000000e+00 0.000000000e+00 0.000000000e+00 0.000000000e+00 0.000000000e+00 0.000000000e+00 0.000000000e+00 0.000000000e+00 3.986904673e-08
9.771353125e+04 2.913926697e+02 7.893305206e+01 9.934131503e-01 1.159678221e+00 1.237979904e-02 0.000000000e+00 0.000000000e+00 0.000000000e+00 0.000000000e+00 0.000000000e+00 0.000000000e+00 0.000000000e+00 0.000000000e+00 0.000000000e+00 4.011935317e-08
9.673992188e+04 2.911118774e+02 9.325501251e+01 9.905749559e-01 1.149840593e+00 1.150103286e-02 0.000000000e+00 0.000000000e+00 0.000000000e+00 0.000000000e+00 0.000000000e+00 0.000000000e+00 0.000000000e+00 0.000000000e+00 0.000000000e+00 4.041113044e-08
9.559957031e+04 2.910550232e+02 1.100058975e+02 9.872246385e-01 1.137865901e+00 9.525218979e-03 0.000000000e+00 0.000000000e+00 0.000000000e+00 0.000000000e+00 0.000000000e+00 0.000000000e+00 0.000000000e+00 0.000000000e+00 0.000000000e+00 4.076558824e-08
9.427205469e+04 2.912773132e+02 1.296590271e+02 9.832882285e-01 1.123415828e+00 6.275391206e-03 0.000000000e+00 0.000000000e+00 0.000000000e+00 0.000000000e+00 0.000000000e+00 0.000000000e+00 0.000000000e+00 0.000000000e+00 0.000000000e+00 4.121994479e-08
9.272826562e+04 2.912506104e+02 1.528513947e+02 9.786604643e-01 1.106904507e+00 3.613987938e-03 0.000000000e+00 0.000000000e+00 0.000000000e+00 0.000000000e+00 0.000000000e+00 0.000000000e+00 0.000000000e+00 0.000000000e+00 0.000000000e+00 4.174832569e-08
9.093485156e+04 2.906234131e+02 1.803611755e+02 9.732147455e-01 1.088433981e+00 2.712900518e-03 0.000000000e+00 0.000000000e+00 0.000000000e+00 0.000000000e+00 0.000000000e+00 0.000000000e+00 0.000000000e+00 0.000000000e+00 0.000000000e+00 4.236214579e-08
8.885938281e+04 2.895375366e+02 2.125739441e+02 9.668159485e-01 1.067635298e+00 2.628786257e-03 0.000000000e+00 0.000000000e+00 0.000000000e+00 0.000000000e+00 0.000000000e+00 0.000000000e+00 0.000000000e+00 0.000000000e+00 0.000000000e+00 4.307250023e-08
8.646396094e+04 2.880871582e+02 2.504452667e+02 9.592965841e-01 1.044069171e+00 2.653419739e-03 0.000000000e+00 0.000000000e+00 0.000000000e+00 0.000000000e+00 0.000000000e+00 0.000000000e+00 0.000000000e+00 0.000000000e+00 0.000000000e+00 4.389236352e-08
8.371233594e+04 2.860918884e+02 2.944686890e+02 9.504731297e-01 1.017452598e+00 3.365774872e-03 0.000000000e+00 0.000000000e+00 0.000000000e+00 0.000000000e+00 0.000000000e+00 0.000000000e+00 0.000000000e+00 0.000000000e+00 0.000000000e+00 4.492033767e-08
8.056771875e+04 2.832131958e+02 3.457622375e+02 9.401320815e-01 9.879668951e-01 5.399041343e-03 0.000000000e+00 0.000000000e+00 0.000000000e+00 0.000000000e+00 0.000000000e+00 0.000000000e+00 0.000000000e+00 0.000000000e+00 0.000000000e+00 4.621525562e-08
7.700032031e+04 2.802377319e+02 4.045171204e+02 9.280455709e-01 9.541772008e-01 5.519398488e-03 0.000000000e+00 0.000000000e+00 0.000000000e+00 0.000000000e+00 0.000000000e+00 0.000000000e+00 0.000000000e+00 0.000000000e+00 0.000000000e+00 4.768426720e-08
7.299079688e+04 2.775676270e+02 4.724956970e+02 9.139738083e-01 9.135573506e-01 4.860686604e-03 0.000000000e+00 0.000000000e+00 0.000000000e+00 0.000000000e+00 0.000000000e+00 0.000000000e+00 0.000000000e+00 0.000000000e+00 0.000000000e+00 4.923594688e-08
6.853279688e+04 2.746835327e+02 5.504767456e+02 8.976640701e-01 8.672392368e-01 3.962461837e-03 0.000000000e+00 0.000000000e+00 0.000000000e+00 0.000000000e+00 0.000000000e+00 0.000000000e+00 0.000000000e+00 0.000000000e+00 0.000000000e+00 5.085538746e-08
6.363967578e+04 2.716492615e+02 6.387192993e+02 8.788651824e-01 8.153029084e-01 1.965004019e-03 0.000000000e+00 0.000000000e+00 0.000000000e+00 0.000000000e+00 0.000000000e+00 0.000000000e+00 0.000000000e+00 0.000000000e+00 0.000000000e+00 5.238604928e-08
5.851151953e+04 2.677827759e+02 6.907300415e+02 8.580202460e-01 7.609595060e-01 8.156854310e-04 0.000000000e+00 0.000000000e+00 0.000000000e+00 0.000000000e+00 0.000000000e+00 0.000000000e+00 0.000000000e+00 0.000000000e+00 0.000000000e+00 5.373099299e-08
5.359994922e+04 2.632557068e+02 6.718472900e+02 8.367936611e-01 7.092237473e-01 4.597648222e-04 0.000000000e+00 0.000000000e+00 0.000000000e+00 0.000000000e+00 0.000000000e+00 0.000000000e+00 0.000000000e+00 0.000000000e+00 0.000000000e+00 5.519734714e-08
4.914773047e+04 2.581436157e+02 6.511099854e+02 8.163156509e-01 6.632710695e-01 2.618374710e-04 0.000000000e+00 0.000000000e+00 0.000000000e+00 0.000000000e+00 0.000000000e+00 0.000000000e+00 0.000000000e+00 0.000000000e+00 0.000000000e+00 5.734164432e-08
4.511222266e+04 2.529760284e+02 6.301833496e+02 7.965754867e-01 6.212072372e-01 3.652850573e-04 0.000000000e+00 0.000000000e+00 0.000000000e+00 0.000000000e+00 0.000000000e+00 0.000000000e+00 0.000000000e+00 0.000000000e+00 0.000000000e+00 6.055735469e-08
4.145483203e+04 2.479038086e+02 6.088917847e+02 7.775633335e-01 5.825367570e-01 3.285279381e-04 0.000000000e+00 0.000000000e+00 0.000000000e+00 0.000000000e+00 0.000000000e+00 0.000000000e+00 0.000000000e+00 0.000000000e+00 0.000000000e+00 6.411083575e-08
3.814093359e+04 2.430445404e+02 5.879276733e+02 7.592722178e-01 5.467033386e-01 2.720660414e-04 0.000000000e+00 0.000000000e+00 0.000000000e+00 0.000000000e+00 0.000000000e+00 0.000000000e+00 0.000000000e+00 0.000000000e+00 0.000000000e+00 6.758225624e-08
3.513898828e+04 2.384180756e+02 5.668399048e+02 7.416952848e-01 5.134823322e-01 1.615983638e-04 0.000000000e+00 0.000000000e+00 0.000000000e+00 1.739715663e-11 0.000000000e+00 0.000000000e+00 0.000000000e+00 0.000000000e+00 0.000000000e+00 7.137941083e-08
3.241926367e+04 2.338722992e+02 5.463437500e+02 7.248188257e-01 4.829360247e-01 2.002141555e-04 0.000000000e+00 0.000000000e+00 1.830257994e-11 3.713622465e-10 0.000000000e+00 0.000000000e+00 0.000000000e+00 0.000000000e+00 0.000000000e+00 7.630058718e-08
2.995447461e+04 2.292491455e+02 5.251213989e+02 7.086268663e-01 4.552237689e-01 1.785175846e-04 0.000000000e+00 0.000000000e+00 3.082752942e-10 1.169868757e-09 0.000000000e+00 1.000000000e+00 0.000000000e+00 0.000000000e+00 4.002030983e-05 8.358375680e-08
2.772035938e+04 2.253661346e+02 5.058472290e+02 6.931059957e-01 4.285520315e-01 9.366962331e-05 0.000000000e+00 0.000000000e+00 0.000000000e+00 0.000000000e+00 0.000000000e+00 0.000000000e+00 0.000000000e+00 0.000000000e+00 0.000000000e+00 9.566814896e-08
2.569193750e+04 2.219127808e+02 4.885537720e+02 6.782199144e-01 4.033849537e-01 4.899068517e-05 0.000000000e+00 0.000000000e+00 0.000000000e+00 0.000000000e+00 0.000000000e+00 0.000000000e+00 0.000000000e+00 0.000000000e+00 0.000000000e+00 1.127067506e-07
2.384785547e+04 2.192998657e+02 4.728704834e+02 6.639392972e-01 3.788967133e-01 3.120996553e-05 0.000000000e+00 0.000000000e+00 0.000000000e+00 0.000000000e+00 0.000000000e+00 0.000000000e+00 0.000000000e+00 0.000000000e+00 0.000000000e+00 1.324422243e-07
2.217111523e+04 2.163749237e+02 4.565893860e+02 6.502526999e-01 3.570190072e-01 2.787498852e-05 0.000000000e+00 0.000000000e+00 0.000000000e+00 0.000000000e+00 0.000000000e+00 0.000000000e+00 0.000000000e+00 0.000000000e+00 0.000000000e+00 1.548033879e-07
2.064568750e+04 2.131427155e+02 4.392020264e+02 6.371430755e-01 3.374976516e-01 2.349830538e-05 0.000000000e+00 0.000000000e+00 0.000000000e+00 0.000000000e+00 0.000000000e+00 0.000000000e+00 0.000000000e+00 0.000000000e+00 0.000000000e+00 1.776777907e-07
1.925594336e+04 2.104626770e+02 4.229329529e+02 6.245827079e-01 3.187886775e-01 1.860245357e-05 0.000000000e+00 0.000000000e+00 0.000000000e+00 0.000000000e+00 0.000000000e+00 0.000000000e+00 0.000000000e+00 0.000000000e+00 0.000000000e+00 2.026188071e-07
1.799386523e+04 2.093316498e+02 4.090892639e+02 6.126019955e-01 2.995049059e-01 1.402809357e-05 0.000000000e+00 0.000000000e+00 0.000000000e+00 0.000000000e+00 0.000000000e+00 0.000000000e+00 0.000000000e+00 0.000000000e+00 0.000000000e+00 2.263174252e-07
1.684786328e+04 2.098288879e+02 3.985770569e+02 6.011914611e-01 2.797659636e-01 1.051321669e-05 0.000000000e+00 0.000000000e+00 0.000000000e+00 0.000000000e+00 0.000000000e+00 0.000000000e+00 0.000000000e+00 0.000000000e+00 0.000000000e+00 2.548628686e-07
1.580479883e+04 2.106514893e+02 3.879201660e+02 5.903133154e-01 2.614209950e-01 7.800132153e-06 0.000000000e+00 0.000000000e+00 0.000000000e+00 0.000000000e+00 0.000000000e+00 0.000000000e+00 0.000000000e+00 0.000000000e+00 0.000000000e+00 2.808442616e-07
1.485657422e+04 2.110126190e+02 3.755918274e+02 5.799697638e-01 2.453165948e-01 5.386502380e-06 0.000000000e+00 0.000000000e+00 0.000000000e+00 0.000000000e+00 0.000000000e+00 0.000000000e+00 0.000000000e+00 0.000000000e+00 0.000000000e+00 3.140317517e-07
1.399499219e+04 2.105974121e+02 3.622520447e+02 5.701540112e-01 2.315457463e-01 3.559087418e-06 0.000000000e+00 0.000000000e+00 0.000000000e+00 0.000000000e+00 0.000000000e+00 0.000000000e+00 0.000000000e+00 0.000000000e+00 0.000000000e+00 3.480668340e-07
1.321146484e+04 2.098313293e+02 3.476106567e+02 5.608453751e-01 2.193805277e-01 2.538177796e-06 0.000000000e+00 0.000000000e+00 0.000000000e+00 0.000000000e+00 0.000000000e+00 0.000000000e+00 0.000000000e+00 0.000000000e+00 0.000000000e+00 3.801175694e-07
1.249908789e+04 2.086950531e+02 3.320050049e+02 5.520332456e-01 2.086813599e-01 2.274539838e-06 0.000000000e+00 0.000000000e+00 0.000000000e+00 0.000000000e+00 0.000000000e+00 0.000000000e+00 0.000000000e+00 0.000000000e+00 0.000000000e+00 4.278637391e-07
1.185058691e+04 2.078804932e+02 3.178467407e+02 5.436936021e-01 1.986294389e-01 2.293953685e-06 0.000000000e+00 0.000000000e+00 0.000000000e+00 0.000000000e+00 0.000000000e+00 0.000000000e+00 0.000000000e+00 0.000000000e+00 0.000000000e+00 4.713286899e-07
1.125993164e+04 2.074475098e+02 3.032485962e+02 5.358092785e-01 1.891232878e-01 2.287664984e-06 0.000000000e+00 0.000000000e+00 0.000000000e+00 0.000000000e+00 0.000000000e+00 0.000000000e+00 0.000000000e+00 0.000000000e+00 0.000000000e+00 5.130523846e-07
1.072279395e+04 2.073086090e+02 2.892002869e+02 5.283784866e-01 1.802221388e-01 2.230642849e-06 0.000000000e+00 0.000000000e+00 0.000000000e+00 0.000000000e+00 0.000000000e+00 0.000000000e+00 0.000000000e+00 0.000000000e+00 0.000000000e+00 5.696984999e-07
1.023412012e+04 2.068604279e+02 2.752013245e+02 5.213835239e-01 1.723814607e-01 2.405434998e-06 0.000000000e+00 0.000000000e+00 0.000000000e+00 0.000000000e+00 0.000000000e+00 0.000000000e+00 0.000000000e+00 0.000000000e+00 0.000000000e+00 6.212335961e-07
1.020742031e+05 2.931573486e+02
1.018693438e+05 2.930191650e+02
1.016262109e+05 2.928471069e+02
1.013424766e+05 2.926340637e+02
1.010046094e+05 2.923735962e+02
1.006014844e+05 2.920726624e+02
1.001316016e+05 2.917735291e+02
9.958138281e+04 2.916624451e+02
9.893015625e+04 2.917120972e+02
9.816467969e+04 2.915656128e+02
9.726517969e+04 2.912633667e+02
9.621407031e+04 2.910856323e+02
9.498676562e+04 2.911576538e+02
9.355846094e+04 2.912649841e+02
9.189800000e+04 2.909602356e+02
8.997168750e+04 2.901195068e+02
8.774564062e+04 2.888631897e+02
8.518039844e+04 2.871564026e+02
8.224067969e+04 2.847446899e+02
7.889207812e+04 2.818156128e+02
7.510786719e+04 2.789774780e+02
7.087520312e+04 2.761989441e+02
6.619609375e+04 2.732344971e+02
6.109140625e+04 2.697279358e+02
5.593912109e+04 2.654117432e+02
5.126823047e+04 2.605783997e+02
4.703439844e+04 2.554374237e+02
4.319677344e+04 2.503196106e+02
3.971946094e+04 2.453591766e+02
3.656844141e+04 2.406210785e+02
3.371491016e+04 2.360378571e+02
3.112831250e+04 2.314508820e+02
2.878445898e+04 2.272155914e+02
2.665800195e+04 2.235574951e+02
2.472603320e+04 2.205441742e+02
2.296990625e+04 2.177683563e+02
2.137218750e+04 2.146820831e+02
1.991791992e+04 2.117392578e+02
1.859474805e+04 2.098701477e+02
1.739390039e+04 2.095919647e+02
1.630160254e+04 2.102596893e+02
1.530798047e+04 2.108406982e+02
1.440556836e+04 2.107952728e+02
1.358459473e+04 2.101961517e+02
1.283820801e+04 2.092359619e+02
1.215978125e+04 2.082688599e+02
1.154108887e+04 2.076536102e+02
1.097853125e+04 2.073747406e+02
1.046697266e+04 2.070739899e+02
1.000398438e+04 2.066419067e+02
17 1974 93 8 1 2 0 2 1 1 1 2 1
9.254166412e+01 1.200000000e+01 6.000000000e+01 1.000000000e+00 8.552487940e-02 1.369872803e+03 5.984813720e-02 3.993783188e+01 -1.021475525e+02 3.562033474e-01 2.721316833e+02 1.000000000e+00 0.000000000e+00 4.287260056e+00 0.000000000e+00
8.723522656e+04 2.721532898e+02 1.556935310e+01 9.617336988e-01 1.114739537e+00 3.119803965e-03 0.000000000e+00 0.000000000e+00 0.000000000e+00 0.000000000e+00 0.000000000e+00 0.000000000e+00 0.000000000e+00 0.000000000e+00 0.000000000e+00 4.608828874e-08
8.703888281e+04 2.719803162e+02 1.846827507e+01 9.611147046e-01 1.112932444e+00 3.127904376e-03 0.000000000e+00 0.000000000e+00 0.000000000e+00 0.000000000e+00 0.000000000e+00 0.000000000e+00 0.000000000e+00 0.000000000e+00 0.000000000e+00 4.613520233e-08
8.682533594e+04 2.717919006e+02 2.171782684e+01 9.604403973e-01 1.110965490e+00 3.136896063e-03 0.000000000e+00 0.000000000e+00 0.000000000e+00 0.000000000e+00 0.000000000e+00 0.000000000e+00 0.000000000e+00 0.000000000e+00 0.000000000e+00 4.618622995e-08
8.656790625e+04 2.715641785e+02 2.567468071e+01 9.596259594e-01 1.108593941e+00 3.146506147e-03 0.000000000e+00 0.000000000e+00 0.000000000e+00 0.000000000e+00 0.000000000e+00 0.000000000e+00 0.000000000e+00 0.000000000e+00 0.000000000e+00 4.624773808e-08
8.626475000e+04 2.713457336e+02 3.019732475e+01 9.586645961e-01 1.105599523e+00 3.148823977e-03 0.000000000e+00 0.000000000e+00 0.000000000e+00 0.000000000e+00 0.000000000e+00 0.000000000e+00 0.000000000e+00 0.000000000e+00 0.000000000e+00 4.632017436e-08
8.590488281e+04 2.710247498e+02 3.563618851e+01 9.575202465e-01 1.102283835e+00 3.159739310e-03 0.000000000e+00 0.000000000e+00 0.000000000e+00 0.000000000e+00 0.000000000e+00 0.000000000e+00 0.000000000e+00 0.000000000e+00 0.000000000e+00 4.640616424e-08
8.548844531e+04 2.706388245e+02 4.191579056e+01 9.561917186e-01 1.098496437e+00 3.172134981e-03 0.000000000e+00 0.000000000e+00 0.000000000e+00 0.000000000e+00 0.000000000e+00 0.000000000e+00 0.000000000e+00 0.000000000e+00 0.000000000e+00 4.650566865e-08
8.499859375e+04 2.701700439e+02 4.932113647e+01 9.546230435e-01 1.094092488e+00 3.179153893e-03 0.000000000e+00 0.000000000e+00 0.000000000e+00 0.000000000e+00 0.000000000e+00 0.000000000e+00 0.000000000e+00 0.000000000e+00 0.000000000e+00 4.662271280e-08
8.442402344e+04 2.696507263e+02 5.786045837e+01 9.527748823e-01 1.088813066e+00 3.143270267e-03 0.000000000e+00 0.000000000e+00 0.000000000e+00 0.000000000e+00 0.000000000e+00 0.000000000e+00 0.000000000e+00 0.000000000e+00 0.000000000e+00 4.678159371e-08
8.375216406e+04 2.690729065e+02 6.796303558e+01 9.506022930e-01 1.082501650e+00 3.091768362e-03 2.842967290e-13 8.820468906e-07 6.268280117e-09 6.603722227e-07 2.798936748e-06 0.000000000e+00 0.000000000e+00 2.066009074e-05 4.880821871e-05 4.696959977e-08
8.297217188e+04 2.684122925e+02 7.964089966e+01 9.480643868e-01 1.075107217e+00 3.018825082e-03 2.877990291e-09 8.627854982e-07 1.889267409e-08 1.183621066e-06 2.832966175e-06 0.000000000e+00 0.000000000e+00 2.187887731e-05 5.356709153e-05 4.718786428e-08
8.206476562e+04 2.676375122e+02 9.312453461e+01 9.450904131e-01 1.066484928e+00 2.930585993e-03 6.539359276e-08 1.203401212e-06 4.619264260e-08 1.826191237e-06 2.736152510e-06 7.034477592e-02 4.165060545e-06 2.412313734e-05 5.804806278e-05 4.744178028e-08
8.101578125e+04 2.667733459e+02 1.087520905e+02 9.416229725e-01 1.056323647e+00 2.836345462e-03 2.932056020e-07 2.066311026e-06 9.225600905e-08 2.317595090e-06 2.384519803e-06 1.000000000e+00 4.670005637e-06 2.709699766e-05 6.083293556e-05 4.773531970e-08
7.980158594e+04 2.659063416e+02 1.268633270e+02 9.375691414e-01 1.043958902e+00 2.719757613e-03 6.571991094e-07 2.580653018e-06 1.545071200e-07 2.343944516e-06 1.688063548e-06 1.000000000e+00 5.316248007e-06 3.014249887e-05 6.097036385e-05 4.807508347e-08
7.840656250e+04 2.652433777e+02 1.479429016e+02 9.328567982e-01 1.028357148e+00 2.584807109e-03 4.810117389e-07 2.139593789e-06 1.657132600e-07 1.750489105e-06 8.754756209e-07 1.000000000e+00 5.023351150e-06 3.061033203e-05 5.757639883e-05 4.846545210e-08
7.680669531e+04 2.650002441e+02 1.724827423e+02 9.273781776e-01 1.008332014e+00 2.529360820e-03 1.036303274e-07 1.208541562e-06 9.611209606e-08 7.753465070e-07 2.289962993e-07 1.000000000e+00 4.256941793e-06 2.731260975e-05 4.997132419e-05 4.891314376e-08
7.498181250e+04 2.652633972e+02 2.014851990e+02 9.210286140e-01 9.833467603e-01 2.615236212e-03 5.138019432e-08 2.332929849e-09 8.152437614e-10 2.666799404e-08 2.141993471e-09 0.000000000e+00 4.130558864e-06 0.000000000e+00 4.045720198e-05 4.942402398e-08
7.290968750e+04 2.657036133e+02 2.351712189e+02 9.136834741e-01 9.544695020e-01 2.819319256e-03 1.563666410e-05 4.835101416e-11 3.067550033e-11 9.249330191e-10 2.107468200e-09 1.960080713e-01 1.132639773e-05 0.000000000e+00 0.000000000e+00 5.001202652e-08
7.056814844e+04 2.660116272e+02 2.743163452e+02 9.052016735e-01 9.226151705e-01 3.053861437e-03 1.465096429e-04 2.712236213e-09 2.956064560e-11 3.257653258e-09 1.818348805e-09 6.719132662e-01 1.701292240e-05 0.000000000e+00 4.005650044e-05 5.067648345e-08
6.793381250e+04 2.656278687e+02 3.193406067e+02 8.954154253e-01 8.894295096e-01 3.104368923e-03 2.503811556e-04 3.882714594e-09 2.056499242e-11 5.744228204e-09 1.300764496e-09 8.519027233e-01 1.840199548e-05 0.000000000e+00 4.009950135e-05 5.142402770e-08
6.498607422e+04 2.643787537e+02 3.707494202e+02 8.841380477e-01 8.549560308e-01 2.911415882e-03 2.531252103e-04 2.107821695e-09 9.340709629e-12 5.892262234e-09 7.579636363e-10 8.003795147e-01 1.843028622e-05 0.000000000e+00 4.010205885e-05 5.225130906e-08
6.170545703e+04 2.621283264e+02 4.297362976e+02 8.711490035e-01 8.189618587e-01 2.516706241e-03 1.116895364e-04 3.397628750e-12 1.420187232e-11 4.312135093e-09 3.488878075e-10 2.076862007e-01 1.631130181e-05 0.000000000e+00 4.007474854e-05 5.315476059e-08
5.807305078e+04 2.591855774e+02 4.986928711e+02 8.561782241e-01 7.797299027e-01 2.037810395e-03 2.605402187e-06 2.713262948e-11 2.102277380e-11 1.994189924e-09 8.431046139e-11 0.000000000e+00 7.341722267e-06 0.000000000e+00 4.003460708e-05 5.415509108e-08
5.420178906e+04 2.559908905e+02 5.437316284e+02 8.394675255e-01 7.370318174e-01 1.595093985e-03 1.449882103e-09 1.466319947e-11 1.064602920e-11 2.672004007e-10 8.582332761e-12 0.000000000e+00 0.000000000e+00 0.000000000e+00 0.000000000e+00 5.538727166e-08
5.040718750e+04 2.527092133e+02 5.373916626e+02 8.222385645e-01 6.944895983e-01 1.226638095e-03 6.886822709e-12 -4.326976226e-16 3.163570751e-13 1.223589719e-11 2.488660048e-13 0.000000000e+00 0.000000000e+00 0.000000000e+00 0.000000000e+00 5.693738814e-08
4.686771484e+04 2.489057770e+02 5.318303223e+02 8.053115606e-01 6.557223201e-01 8.976231911e-04 9.980252945e-15 2.477599030e-19 9.744204006e-14 6.408535269e-13 6.099856948e-13 0.000000000e+00 0.000000000e+00 0.000000000e+00 0.000000000e+00 6.147416087e-08
4.355731641e+04 2.447214355e+02 5.266007690e+02 7.886323929e-01 6.199273467e-01 6.304122508e-04 1.641435164e-14 5.763595985e-19 1.063313188e-13 5.577568572e-13 1.400539756e-14 0.000000000e+00 0.000000000e+00 0.000000000e+00 0.000000000e+00 6.605080927e-08
4.045806641e+04 2.403688965e+02 5.214237061e+02 7.721750140e-01 5.863153934e-01 4.304929171e-04 5.017677394e-22 4.261522136e-26 4.667021435e-14 2.179904477e-13 5.531172708e-19 0.000000000e+00 0.000000000e+00 0.000000000e+00 0.000000000e+00 7.149216685e-08
3.755575000e+04 2.360390167e+02 5.164833374e+02 7.559254766e-01 5.542863607e-01 2.900512482e-04 1.719434203e-23 1.299879068e-27 1.439221103e-15 2.180370251e-12 1.034052279e-26 0.000000000e+00 0.000000000e+00 0.000000000e+00 0.000000000e+00 7.706645277e-08
3.483999609e+04 2.316497803e+02 5.108486328e+02 7.398866415e-01 5.239787102e-01 1.918544003e-04 5.169171615e-24 1.142608871e-29 1.849436354e-16 7.099300345e-15 1.600401956e-24 0.000000000e+00 0.000000000e+00 0.000000000e+00 0.000000000e+00 8.327643997e-08
3.230101758e+04 2.268906403e+02 5.043979797e+02 7.240625024e-01 4.960041940e-01 1.226634922e-04 1.429769766e-29 5.381818592e-34 -7.010879949e-21 4.888305721e-18 1.286390450e-29 0.000000000e+00 0.000000000e+00 0.000000000e+00 0.000000000e+00 9.220227781e-08
2.993044531e+04 2.227769165e+02 4.985278015e+02 7.084644437e-01 4.681021869e-01 7.732689846e-05 5.559363881e-33 1.247533704e-38 8.553774719e-26 3.208920524e-20 2.927582456e-33 0.000000000e+00 0.000000000e+00 0.000000000e+00 0.000000000e+00 1.050595984e-07
2.772540234e+04 2.202850952e+02 4.934158936e+02 6.931420565e-01 4.385300875e-01 4.336682468e-05 0.000000000e+00 0.000000000e+00 0.000000000e+00 0.000000000e+00 0.000000000e+00 0.000000000e+00 0.000000000e+00 0.000000000e+00 0.000000000e+00 1.283625011e-07
2.569836133e+04 2.193544617e+02 4.827801819e+02 6.782683730e-01 4.081982970e-01 2.226895049e-05 0.000000000e+00 0.000000000e+00 0.000000000e+00 0.000000000e+00 0.000000000e+00 0.000000000e+00 0.000000000e+00 0.000000000e+00 0.000000000e+00 1.623065202e-07
2.385372852e+04 2.203711395e+02 4.750475159e+02 6.639860272e-01 3.771523535e-01 1.079773392e-05 0.000000000e+00 0.000000000e+00 0.000000000e+00 0.000000000e+00 0.000000000e+00 0.000000000e+00 0.000000000e+00 0.000000000e+00 0.000000000e+00 2.051979777e-07
2.217611133e+04 2.221181488e+02 4.685856628e+02 6.502945423e-01 3.478708565e-01 5.318607691e-06 0.000000000e+00 0.000000000e+00 0.000000000e+00 0.000000000e+00 0.000000000e+00 0.000000000e+00 0.000000000e+00 0.000000000e+00 0.000000000e+00 2.568629043e-07
2.065016797e+04 2.229815521e+02 4.593613586e+02 6.371825337e-01 3.226797879e-01 3.639499710e-06 0.000000000e+00 0.000000000e+00 0.000000000e+00 0.000000000e+00 0.000000000e+00 0.000000000e+00 0.000000000e+00 0.000000000e+00 0.000000000e+00 3.058129607e-07
1.926236523e+04 2.230853882e+02 4.481379089e+02 6.246421933e-01 3.008539081e-01 3.535121095e-06 0.000000000e+00 0.000000000e+00 0.000000000e+00 0.000000000e+00 0.000000000e+00 0.000000000e+00 0.000000000e+00 0.000000000e+00 0.000000000e+00 3.535381268e-07
1.800056836e+04 2.227559662e+02 4.351539917e+02 6.126672029e-01 2.815621197e-01 2.915152891e-06 0.000000000e+00 0.000000000e+00 0.000000000e+00 0.000000000e+00 0.000000000e+00 0.000000000e+00 0.000000000e+00 0.000000000e+00 0.000000000e+00 3.974166987e-07
1.685305078e+04 2.225054016e+02 4.225205994e+02 6.012443304e-01 2.639097273e-01 2.665048441e-06 0.000000000e+00 0.000000000e+00 0.000000000e+00 0.000000000e+00 0.000000000e+00 0.000000000e+00 0.000000000e+00 0.000000000e+00 0.000000000e+00 4.407582708e-07
1.580904297e+04 2.224755249e+02 4.095799255e+02 5.903585553e-01 2.475943565e-01 2.560748271e-06 0.000000000e+00 0.000000000e+00 0.000000000e+00 0.000000000e+00 0.000000000e+00 0.000000000e+00 0.000000000e+00 0.000000000e+00 0.000000000e+00 4.801902946e-07
1.486002539e+04 2.225402222e+02 3.960174255e+02 5.800082088e-01 2.326636165e-01 2.584232107e-06 0.000000000e+00 0.000000000e+00 0.000000000e+00 0.000000000e+00 0.000000000e+00 0.000000000e+00 0.000000000e+00 0.000000000e+00 0.000000000e+00 5.280575124e-07
1.399690820e+04 2.226925812e+02 3.830033569e+02 5.701763034e-01 2.189998329e-01 2.581446779e-06 0.000000000e+00 0.000000000e+00 0.000000000e+00 0.000000000e+00 0.000000000e+00 0.000000000e+00 0.000000000e+00 0.000000000e+00 0.000000000e+00 5.765690503e-07
1.321169141e+04 2.226830139e+02 3.688957520e+02 5.608481169e-01 2.067229748e-01 2.588043344e-06 0.000000000e+00 0.000000000e+00 0.000000000e+00 0.000000000e+00 0.000000000e+00 0.000000000e+00 0.000000000e+00 0.000000000e+00 0.000000000e+00 6.217655937e-07
1.249795508e+04 2.225263062e+02 3.540411072e+02 5.520189404e-01 1.956928819e-01 2.612276148e-06 0.000000000e+00 0.000000000e+00 0.000000000e+00 0.000000000e+00 0.000000000e+00 0.000000000e+00 0.000000000e+00 0.000000000e+00 0.000000000e+00 6.809937645e-07
1.184861133e+04 2.216512909e+02 3.389587097e+02 5.436677337e-01 1.862578541e-01 2.623356522e-06 0.000000000e+00 0.000000000e+00 0.000000000e+00 0.000000000e+00 0.000000000e+00 0.000000000e+00 0.000000000e+00 0.000000000e+00 0.000000000e+00 7.348784266e-07
1.125773828e+04 2.207245636e+02 3.227199707e+02 5.357794166e-01 1.777124703e-01 2.628277343e-06 0.000000000e+00 0.000000000e+00 0.000000000e+00 0.000000000e+00 0.000000000e+00 0.000000000e+00 0.000000000e+00 0.000000000e+00 0.000000000e+00 7.862039411e-07
1.072090820e+04 2.197593994e+02 3.066224365e+02 5.283519626e-01 1.699814498e-01 2.623275350e-06 0.000000000e+00 0.000000000e+00 0.000000000e+00 0.000000000e+00 0.000000000e+00 0.000000000e+00 0.000000000e+00 0.000000000e+00 0.000000000e+00 8.520615324e-07
1.023266504e+04 2.187656860e+02 2.910805054e+02 5.213623047e-01 1.629772484e-01 2.605742793e-06 0.000000000e+00 0.000000000e+00 0.000000000e+00 0.000000000e+00 0.000000000e+00 0.000000000e+00 0.000000000e+00 0.000000000e+00 0.000000000e+00 9.119585229e-07
8.732503906e+04 2.722324219e+02
8.714542188e+04 2.720741577e+02
8.694075781e+04 2.718937378e+02
8.670738281e+04 2.716875610e+02
8.642860938e+04 2.714638062e+02
8.609970312e+04 2.711985168e+02
8.571355469e+04 2.708474426e+02
8.526343750e+04 2.704234924e+02
8.473422656e+04 2.699310913e+02
8.411506250e+04 2.693850098e+02
8.339296875e+04 2.687686768e+02
8.255373438e+04 2.680549927e+02
8.158053906e+04 2.672385864e+02
8.045453906e+04 2.663725891e+02
7.915575781e+04 2.655993958e+02
7.766411719e+04 2.651305542e+02
7.595822656e+04 2.651225891e+02
7.401521875e+04 2.654687500e+02
7.181385938e+04 2.658477478e+02
6.933078125e+04 2.658313599e+02
6.654250781e+04 2.650382690e+02
6.342921875e+04 2.633107910e+02
5.997080469e+04 2.607230225e+02
5.614935547e+04 2.575980530e+02
5.221439453e+04 2.542721252e+02
4.855349219e+04 2.507172699e+02
4.513411328e+04 2.467145081e+02
4.193417969e+04 2.424419250e+02
3.893822656e+04 2.381014862e+02
3.613317188e+04 2.337398224e+02
3.351055859e+04 2.291578369e+02
3.105941211e+04 2.247360382e+02
2.877565430e+04 2.214719391e+02
2.666376758e+04 2.197976837e+02
2.473216797e+04 2.198869781e+02
2.297532031e+04 2.212858887e+02
2.137691406e+04 2.225703583e+02
1.992341602e+04 2.230359192e+02
1.860131641e+04 2.229127960e+02
1.739980859e+04 2.226247864e+02
1.630629590e+04 2.224897461e+02
1.531180957e+04 2.225094147e+02
1.440821680e+04 2.226199799e+02
1.358562598e+04 2.226875763e+02
1.283772266e+04 2.226009064e+02
1.215820801e+04 2.220684814e+02
1.153899902e+04 2.211656799e+02
1.097649902e+04 2.202189178e+02
1.046531250e+04 2.192391968e+02
1.000300586e+04 2.182817535e+02
18 1974 93 8 1 2 0 2 1 1 1 2 0
9.254166412e+01 1.200000000e+01 6.000000000e+01 1.000000000e+00 8.552487940e-02 1.369872803e+03 4.988768101e-01 2.788042450e+01 -7.111810303e+01 7.999999821e-02 2.963537598e+02 2.000000000e+00 0.000000000e+00 0.000000000e+00 0.000000000e+00
1.020150938e+05 2.951508789e+02 1.743678856e+01 1.005716443e+00 1.196004868e+00 1.142178662e-02 0.000000000e+00 0.000000000e+00 0.000000000e+00 0.000000000e+00 0.000000000e+00 0.000000000e+00 0.000000000e+00 0.000000000e+00 0.000000000e+00 3.487011568e-08
1.017833203e+05 2.949460449e+02 2.071983528e+01 1.005063057e+00 1.194161177e+00 1.135958359e-02 0.000000000e+00 0.000000000e+00 0.000000000e+00 0.000000000e+00 0.000000000e+00 0.000000000e+00 0.000000000e+00 0.000000000e+00 0.000000000e+00 3.487011568e-08
1.015185000e+05 2.947109985e+02 2.441968727e+01 1.004315257e+00 1.192057133e+00 1.128586009e-02 0.000000000e+00 0.000000000e+00 0.000000000e+00 0.000000000e+00 0.000000000e+00 0.000000000e+00 0.000000000e+00 0.000000000e+00 0.000000000e+00 3.487011568e-08
1.012073281e+05 2.944339600e+02 2.894089127e+01 1.003434777e+00 1.189584255e+00 1.119848993e-02 0.000000000e+00 0.000000000e+00 0.000000000e+00 0.000000000e+00 0.000000000e+00 0.000000000e+00 0.000000000e+00 0.000000000e+00 0.000000000e+00 3.487011568e-08
1.008437031e+05 2.940949097e+02 3.412998199e+01 1.002403378e+00 1.186801434e+00 1.102443691e-02 0.000000000e+00 0.000000000e+00 0.000000000e+00 0.000000000e+00 0.000000000e+00 0.000000000e+00 0.000000000e+00 0.000000000e+00 0.000000000e+00 3.487011568e-08
1.004083906e+05 2.937095947e+02 4.041577530e+01 1.001165152e+00 1.183298469e+00 1.092685107e-02 0.000000000e+00 0.000000000e+00 0.000000000e+00 0.000000000e+00 0.000000000e+00 0.000000000e+00 0.000000000e+00 0.000000000e+00 0.000000000e+00 3.487011568e-08
9.989728125e+04 2.932626648e+02 4.773888397e+01 9.997063875e-01 1.179125547e+00 1.084775757e-02 0.000000000e+00 0.000000000e+00 0.000000000e+00 0.000000000e+00 0.000000000e+00 0.000000000e+00 0.000000000e+00 0.000000000e+00 0.000000000e+00 3.504493407e-08
9.929700781e+04 2.927467651e+02 5.646055222e+01 9.979863763e-01 1.174129128e+00 1.081468910e-02 0.000000000e+00 0.000000000e+00 0.000000000e+00 0.000000000e+00 0.000000000e+00 0.000000000e+00 0.000000000e+00 0.000000000e+00 0.000000000e+00 3.526739079e-08
9.859108594e+04 2.921443787e+02 6.662612915e+01 9.959540963e-01 1.168197393e+00 1.079822611e-02 0.000000000e+00 0.000000000e+00 0.000000000e+00 0.000000000e+00 0.000000000e+00 0.000000000e+00 0.000000000e+00 0.000000000e+00 0.000000000e+00 3.552900196e-08
9.775857812e+04 2.914401855e+02 7.879005432e+01 9.935439825e-01 1.161125064e+00 1.080796681e-02 0.000000000e+00 0.000000000e+00 0.000000000e+00 0.000000000e+00 0.000000000e+00 0.000000000e+00 0.000000000e+00 0.000000000e+00 0.000000000e+00 3.583752317e-08
9.678496875e+04 2.905755005e+02 9.305053711e+01 9.907067418e-01 1.152891278e+00 1.093818154e-02 0.000000000e+00 0.000000000e+00 0.000000000e+00 0.000000000e+00 0.000000000e+00 0.000000000e+00 0.000000000e+00 0.000000000e+00 0.000000000e+00 3.619834033e-08
9.564385156e+04 2.896086731e+02 1.097560654e+02 9.873552322e-01 1.143147826e+00 1.087157987e-02 0.000000000e+00 0.000000000e+00 0.000000000e+00 0.000000000e+00 0.000000000e+00 0.000000000e+00 0.000000000e+00 0.000000000e+00 0.000000000e+00 3.663070558e-08
9.430786719e+04 2.885536194e+02 1.293316040e+02 9.833949804e-01 1.131781101e+00 1.016975846e-02 0.000000000e+00 0.000000000e+00 0.000000000e+00 0.000000000e+00 0.000000000e+00 0.000000000e+00 0.000000000e+00 0.000000000e+00 0.000000000e+00 3.717560304e-08
9.275674219e+04 2.878281250e+02 1.523430328e+02 9.787462950e-01 1.117142439e+00 8.435912430e-03 0.000000000e+00 0.000000000e+00 0.000000000e+00 0.000000000e+00 0.000000000e+00 0.000000000e+00 0.000000000e+00 0.000000000e+00 0.000000000e+00 3.780824542e-08
9.095571094e+04 2.886530151e+02 1.799213409e+02 9.732785225e-01 1.094686985e+00 4.862355068e-03 0.000000000e+00 0.000000000e+00 0.000000000e+00 0.000000000e+00 0.000000000e+00 0.000000000e+00 0.000000000e+00 0.000000000e+00 0.000000000e+00 3.854281516e-08
8.887610156e+04 2.894583740e+02 2.124784088e+02 9.668679237e-01 1.068610311e+00 1.885563950e-03 0.000000000e+00 0.000000000e+00 0.000000000e+00 0.000000000e+00 0.000000000e+00 0.000000000e+00 0.000000000e+00 0.000000000e+00 0.000000000e+00 3.939100779e-08
8.647878125e+04 2.887243347e+02 2.508900299e+02 9.593435526e-01 1.042539001e+00 1.712681726e-03 0.000000000e+00 0.000000000e+00 0.000000000e+00 0.000000000e+00 0.000000000e+00 0.000000000e+00 0.000000000e+00 0.000000000e+00 0.000000000e+00 4.036878209e-08
8.372685938e+04 2.869299011e+02 2.950126343e+02 9.505202174e-01 1.015501976e+00 1.994500402e-03 0.000000000e+00 0.000000000e+00 0.000000000e+00 0.000000000e+00 0.000000000e+00 0.000000000e+00 0.000000000e+00 0.000000000e+00 0.000000000e+00 4.171914725e-08
8.058528125e+04 2.848613892e+02 3.463147888e+02 9.401906133e-01 9.844464064e-01 2.077217912e-03 0.000000000e+00 0.000000000e+00 0.000000000e+00 0.000000000e+00 0.000000000e+00 0.000000000e+00 0.000000000e+00 0.000000000e+00 0.000000000e+00 4.358498984e-08
7.702456250e+04 2.827987671e+02 4.062599182e+02 9.281290174e-01 9.479285479e-01 1.872695051e-03 0.000000000e+00 0.000000000e+00 0.000000000e+00 0.000000000e+00 0.000000000e+00 0.000000000e+00 0.000000000e+00 0.000000000e+00 0.000000000e+00 4.569976753e-08
7.302380469e+04 2.809612122e+02 4.760887451e+02 9.140918851e-01 9.048104286e-01 1.434511505e-03 0.000000000e+00 0.000000000e+00 0.000000000e+00 0.000000000e+00 0.000000000e+00 0.000000000e+00 0.000000000e+00 0.000000000e+00 0.000000000e+00 4.792806507e-08
6.857452344e+04 2.784099426e+02 5.556636963e+02 8.978201747e-01 8.577219248e-01 9.456760599e-04 0.000000000e+00 0.000000000e+00 0.000000000e+00 0.000000000e+00 0.000000000e+00 0.000000000e+00 0.000000000e+00 0.000000000e+00 0.000000000e+00 5.024423189e-08
6.368538281e+04 2.750125122e+02 6.453570557e+02 8.790454865e-01 8.066893220e-01 3.753495403e-04 0.000000000e+00 0.000000000e+00 0.000000000e+00 0.000000000e+00 0.000000000e+00 0.000000000e+00 0.000000000e+00 0.000000000e+00 0.000000000e+00 5.215952825e-08
5.855536328e+04 2.711998901e+02 6.991008301e+02 8.582038879e-01 7.522502542e-01 1.246234751e-04 0.000000000e+00 0.000000000e+00 0.000000000e+00 0.000000000e+00 0.000000000e+00 0.000000000e+00 0.000000000e+00 0.000000000e+00 0.000000000e+00 5.348281107e-08
5.363957422e+04 2.666586304e+02 6.806290283e+02 8.369703889e-01 7.007531524e-01 3.132140264e-04 0.000000000e+00 0.000000000e+00 2.143540351e-34 3.139093746e-33 0.000000000e+00 0.000000000e+00 0.000000000e+00 0.000000000e+00 0.000000000e+00 5.492910304e-08
4.918125000e+04 2.620236816e+02 6.616613159e+02 8.164746761e-01 6.536859274e-01 7.878385950e-04 0.000000000e+00 0.000000000e+00 6.529443313e-27 1.190783688e-25 0.000000000e+00 0.000000000e+00 0.000000000e+00 0.000000000e+00 0.000000000e+00 5.628390909e-08
4.513916406e+04 2.574191895e+02 6.421329956e+02 7.967113256e-01 6.105921268e-01 1.058858237e-03 0.000000000e+00 0.000000000e+00 4.523420254e-23 2.142891266e-23 0.000000000e+00 0.000000000e+00 0.000000000e+00 0.000000000e+00 0.000000000e+00 5.755036270e-08
4.147612891e+04 2.525883331e+02 6.210670166e+02 7.776774168e-01 5.718359947e-01 8.771395660e-04 0.000000000e+00 0.000000000e+00 3.734105735e-21 1.386012590e-19 0.000000000e+00 0.000000000e+00 0.000000000e+00 0.000000000e+00 0.000000000e+00 5.883321919e-08
3.815771875e+04 2.482561493e+02 6.011447144e+02 7.593677044e-01 5.352814794e-01 8.267795783e-04 0.000000000e+00 0.000000000e+00 7.977908027e-18 8.562944055e-15 0.000000000e+00 0.000000000e+00 0.000000000e+00 0.000000000e+00 0.000000000e+00 6.005224407e-08
3.515210156e+04 2.442848053e+02 5.813873901e+02 7.417743206e-01 5.011501908e-01 7.767076022e-04 0.000000000e+00 0.000000000e+00 5.902170977e-14 6.056437470e-12 0.000000000e+00 1.000000000e+00 0.000000000e+00 0.000000000e+00 0.000000000e+00 6.132300712e-08
3.242940820e+04 2.398513489e+02 5.605336914e+02 7.248836160e-01 4.709655643e-01 4.764750774e-04 0.000000000e+00 0.000000000e+00 1.737223748e-14 1.139729587e-13 0.000000000e+00 0.000000000e+00 0.000000000e+00 0.000000000e+00 0.000000000e+00 6.303248767e-08
2.996304102e+04 2.353101654e+02 5.389819946e+02 7.086848021e-01 4.436044097e-01 2.554426901e-04 0.000000000e+00 0.000000000e+00 5.657370663e-14 4.719189449e-13 0.000000000e+00 0.000000000e+00 0.000000000e+00 0.000000000e+00 0.000000000e+00 6.566504851e-08
2.772802148e+04 2.309464874e+02 5.183129883e+02 6.931607723e-01 4.182886779e-01 1.875740854e-04 0.000000000e+00 0.000000000e+00 2.330017689e-13 1.214188906e-12 0.000000000e+00 0.000000000e+00 0.000000000e+00 0.000000000e+00 0.000000000e+00 6.987093570e-08
2.569886719e+04 2.266884155e+02 4.990078125e+02 6.782721877e-01 3.949709833e-01 1.422471541e-04 0.000000000e+00 0.000000000e+00 2.351519500e-11 4.644817170e-11 0.000000000e+00 1.000000000e+00 0.000000000e+00 0.000000000e+00 0.000000000e+00 7.573309802e-08
2.385403320e+04 2.225206451e+02 4.797452393e+02 6.639884710e-01 3.734931946e-01 1.020016352e-04 0.000000000e+00 0.000000000e+00 2.934892607e-10 2.668927024e-10 0.000000000e+00 1.000000000e+00 0.000000000e+00 0.000000000e+00 0.000000000e+00 8.192685641e-08
2.217629102e+04 2.185131836e+02 4.610234070e+02 6.502960324e-01 3.535993099e-01 6.806514284e-05 0.000000000e+00 0.000000000e+00 4.406069398e-10 1.965095864e-09 0.000000000e+00 1.000000000e+00 0.000000000e+00 0.000000000e+00 4.003410504e-05 8.847163713e-08
2.065027148e+04 2.148110657e+02 4.425559387e+02 6.371834874e-01 3.349466026e-01 4.417575110e-05 0.000000000e+00 0.000000000e+00 7.988698245e-12 2.800701449e-09 0.000000000e+00 1.000000000e+00 0.000000000e+00 0.000000000e+00 4.004858420e-05 9.661696510e-08
1.926244141e+04 2.116492767e+02 4.251792297e+02 6.246429086e-01 3.171068132e-01 2.671385118e-05 0.000000000e+00 0.000000000e+00 8.088313548e-13 2.609720773e-10 0.000000000e+00 1.000000000e+00 0.000000000e+00 0.000000000e+00 0.000000000e+00 1.076196128e-07
1.800064062e+04 2.091885834e+02 4.086570129e+02 6.126679182e-01 2.998223305e-01 1.550788329e-05 0.000000000e+00 0.000000000e+00 5.881952640e-14 4.245878348e-14 0.000000000e+00 0.000000000e+00 0.000000000e+00 0.000000000e+00 0.000000000e+00 1.184527818e-07
1.685309375e+04 2.075528107e+02 3.941305847e+02 6.012448072e-01 2.829218507e-01 9.948090337e-06 0.000000000e+00 0.000000000e+00 1.373161620e-21 2.508200214e-18 0.000000000e+00 0.000000000e+00 0.000000000e+00 0.000000000e+00 0.000000000e+00 1.341686726e-07
1.580910547e+04 2.065173950e+02 3.802032471e+02 5.903592706e-01 2.667268813e-01 7.424656815e-06 0.000000000e+00 0.000000000e+00 4.308232405e-31 1.081052933e-23 0.000000000e+00 0.000000000e+00 0.000000000e+00 0.000000000e+00 0.000000000e+00 1.484663130e-07
1.485998047e+04 2.058776703e+02 3.663682861e+02 5.800077319e-01 2.514927983e-01 5.959932878e-06 0.000000000e+00 0.000000000e+00 1.496575926e-34 -1.194338296e-29 0.000000000e+00 0.000000000e+00 0.000000000e+00 0.000000000e+00 0.000000000e+00 1.674880252e-07
1.399697363e+04 2.053722839e+02 3.532150269e+02 5.701770782e-01 2.374702543e-01 4.528343197e-06 0.000000000e+00 0.000000000e+00 8.081540164e-36 -4.710405606e-35 0.000000000e+00 0.000000000e+00 0.000000000e+00 0.000000000e+00 0.000000000e+00 1.872769531e-07
1.321160938e+04 2.048452454e+02 3.393468018e+02 5.608471036e-01 2.247227430e-01 3.425175237e-06 0.000000000e+00 0.000000000e+00 1.430067122e-40 9.505890302e-40 0.000000000e+00 0.000000000e+00 0.000000000e+00 0.000000000e+00 0.000000000e+00 2.061396174e-07
1.249798828e+04 2.043017273e+02 3.250445862e+02 5.520193577e-01 2.131500840e-01 2.634972361e-06 0.000000000e+00 0.000000000e+00 5.605193857e-45 0.000000000e+00 0.000000000e+00 0.000000000e+00 0.000000000e+00 0.000000000e+00 0.000000000e+00 2.378206574e-07
1.184861133e+04 2.032025909e+02 3.107463074e+02 5.436677337e-01 2.031681687e-01 2.412873755e-06 0.000000000e+00 0.000000000e+00 0.000000000e+00 0.000000000e+00 0.000000000e+00 0.000000000e+00 0.000000000e+00 0.000000000e+00 0.000000000e+00 2.666496073e-07
1.125773828e+04 2.021226196e+02 2.955222473e+02 5.357794166e-01 1.940679103e-01 2.315873189e-06 0.000000000e+00 0.000000000e+00 0.000000000e+00 0.000000000e+00 0.000000000e+00 0.000000000e+00 0.000000000e+00 0.000000000e+00 0.000000000e+00 2.945798485e-07
1.072087500e+04 2.010671387e+02 2.805422668e+02 5.283514857e-01 1.857832819e-01 2.297108949e-06 0.000000000e+00 0.000000000e+00 0.000000000e+00 0.000000000e+00 0.000000000e+00 0.000000000e+00 0.000000000e+00 0.000000000e+00 0.000000000e+00 3.342012178e-07
1.023265332e+04 2.000386963e+02 2.661636658e+02 5.213621259e-01 1.782344878e-01 2.322278306e-06 0.000000000e+00 0.000000000e+00 0.000000000e+00 0.000000000e+00 0.000000000e+00 0.000000000e+00 0.000000000e+00 0.000000000e+00 0.000000000e+00 3.702327547e-07
1.021210078e+05 2.952444763e+02
1.019090781e+05 2.950571899e+02
1.016616406e+05 2.948380432e+02
1.013759219e+05 2.945840759e+02
1.010402422e+05 2.942781982e+02
1.006440469e+05 2.939181824e+02
1.001735625e+05 2.935042419e+02
9.962155469e+04 2.930256958e+02
9.897220312e+04 2.924696045e+02
9.820825000e+04 2.918205566e+02
9.731022656e+04 2.910419922e+02
9.625876562e+04 2.901296692e+02
9.502714062e+04 2.891216431e+02
9.359088281e+04 2.882182617e+02
9.192294531e+04 2.882100220e+02
8.999062500e+04 2.890267639e+02
8.776147656e+04 2.891170959e+02
8.519507812e+04 2.878872681e+02
8.225662500e+04 2.859618530e+02
7.891278125e+04 2.838925781e+02
7.513625000e+04 2.819314575e+02
7.091234375e+04 2.797504883e+02
6.623971875e+04 2.767875061e+02
6.113618750e+04 2.731179504e+02
5.598075781e+04 2.688214417e+02
5.130465625e+04 2.642312012e+02
4.706447266e+04 2.596123962e+02
4.322076172e+04 2.548891754e+02
3.973839453e+04 2.503197174e+02
3.658330469e+04 2.461758575e+02
3.372647266e+04 2.419634094e+02
3.113763086e+04 2.374728699e+02
2.879255273e+04 2.330248718e+02
2.666528125e+04 2.287163849e+02
2.473256836e+04 2.245054016e+02
2.297556055e+04 2.204223175e+02
2.137705469e+04 2.165742340e+02
1.992350586e+04 2.131553192e+02
1.860139062e+04 2.103601379e+02
1.739986719e+04 2.083322144e+02
1.630634961e+04 2.070105591e+02
1.531181543e+04 2.061822052e+02
1.440822949e+04 2.056131134e+02
1.358561426e+04 2.050962372e+02
1.283770117e+04 2.045604553e+02
1.215822363e+04 2.037266388e+02
1.153899902e+04 2.026366882e+02
1.097648145e+04 2.015696716e+02
1.046529004e+04 2.005287476e+02
1.000307324e+04 1.995379944e+02
19 1974 93 6 1 2 0 2 0 0 0 2 1
9.254166412e+01 1.200000000e+01 6.000000000e+01 1.000000000e+00 8.552487940e-02 1.369872803e+03 4.988768101e-01 2.788042450e+01 -7.111810303e+01 7.999999821e-02 2.963537598e+02 2.000000000e+00 0.000000000e+00 0.000000000e+00 0.000000000e+00
1.020150938e+05 2.951508789e+02 1.743678856e+01 1.005716443e+00 1.196004868e+00 1.142178662e-02 0.000000000e+00 0.000000000e+00 0.000000000e+00 0.000000000e+00 0.000000000e+00 0.000000000e+00 0.000000000e+00 0.000000000e+00 0.000000000e+00 3.487011568e-08
1.017833203e+05 2.949460449e+02 2.071983528e+01 1.005063057e+00 1.194161177e+00 1.135958359e-02 0.000000000e+00 0.000000000e+00 0.000000000e+00 0.000000000e+00 0.000000000e+00 0.000000000e+00 0.000000000e+00 0.000000000e+00 0.000000000e+00 3.487011568e-08
1.015185000e+05 2.947109985e+02 2.441968727e+01 1.004315257e+00 1.192057133e+00 1.128586009e-02 0.000000000e+00 0.000000000e+00 0.000000000e+00 0.000000000e+00 0.000000000e+00 0.000000000e+00 0.000000000e+00 0.000000000e+00 0.000000000e+00 3.487011568e-08
1.012073281e+05 2.944339600e+02 2.894089127e+01 1.003434777e+00 1.189584255e+00 1.119848993e-02 0.000000000e+00 0.000000000e+00 0.000000000e+00 0.000000000e+00 0.000000000e+00 0.000000000e+00 0.000000000e+00 0.000000000e+00 0.000000000e+00 3.487011568e-08
1.008437031e+05 2.940949097e+02 3.412998199e+01 1.002403378e+00 1.186801434e+00 1.102443691e-02 0.000000000e+00 0.000000000e+00 0.000000000e+00 0.000000000e+00 0.000000000e+00 0.000000000e+00 0.000000000e+00 0.000000000e+00 0.000000000e+00 3.487011568e-08
1.004083906e+05 2.937095947e+02 4.041577530e+01 1.001165152e+00 1.183298469e+00 1.092685107e-02 0.000000000e+00 0.000000000e+00 0.000000000e+00 0.000000000e+00 0.000000000e+00 0.000000000e+00 0.000000000e+00 0.000000000e+00 0.000000000e+00 3.487011568e-08
9.989728125e+04 2.932626648e+02 4.773888397e+01 9.997063875e-01 1.179125547e+00 1.084775757e-02 0.000000000e+00 0.000000000e+00 0.000000000e+00 0.000000000e+00 0.000000000e+00 0.000000000e+00 0.000000000e+00 0.000000000e+00 0.000000000e+00 3.504493407e-08
9.929700781e+04 2.927467651e+02 5.646055222e+01 9.979863763e-01 1.174129128e+00 1.081468910e-02 0.000000000e+00 0.000000000e+00 0.000000000e+00 0.000000000e+00 0.000000000e+00 0.000000000e+00 0.000000000e+00 0.000000000e+00 0.000000000e+00 3.526739079e-08
9.859108594e+04 2.921443787e+02 6.662612915e+01 9.959540963e-01 1.168197393e+00 1.079822611e-02 0.000000000e+00 0.000000000e+00 0.000000000e+00 0.000000000e+00 0.000000000e+00 0.000000000e+00 0.000000000e+00 0.000000000e+00 0.000000000e+00 3.552900196e-08
9.775857812e+04 2.914401855e+02 7.879005432e+01 9.935439825e-01 1.161125064e+00 1.080796681e-02 0.000000000e+00 0.000000000e+00 0.000000000e+00 0.000000000e+00 0.000000000e+00 0.000000000e+00 0.000000000e+00 0.000000000e+00 0.000000000e+00 3.583752317e-08
9.678496875e+04 2.905755005e+02 9.305053711e+01 9.907067418e-01 1.152891278e+00 1.093818154e-02 0.000000000e+00 0.000000000e+00 0.000000000e+00 0.000000000e+00 0.000000000e+00 0.000000000e+00 0.000000000e+00 0.000000000e+00 0.000000000e+00 3.619834033e-08
9.564385156e+04 2.896086731e+02 1.097560654e+02 9.873552322e-01 1.143147826e+00 1.087157987e-02 0.000000000e+00 0.000000000e+00 0.000000000e+00 0.000000000e+00 0.000000000e+00 0.000000000e+00 0.000000000e+00 0.000000000e+00 0.000000000e+00 3.663070558e-08
9.430786719e+04 2.885536194e+02 1.293316040e+02 9.833949804e-01 1.131781101e+00 1.016975846e-02 0.000000000e+00 0.000000000e+00 0.000000000e+00 0.000000000e+00 0.000000000e+00 0.000000000e+00 0.000000000e+00 0.000000000e+00 0.000000000e+00 3.717560304e-08
9.275674219e+04 2.878281250e+02 1.523430328e+02 9.787462950e-01 1.117142439e+00 8.435912430e-03 0.000000000e+00 0.000000000e+00 0.000000000e+00 0.000000000e+00 0.000000000e+00 0.000000000e+00 0.000000000e+00 0.000000000e+00 0.000000000e+00 3.780824542e-08
9.095571094e+04 2.886530151e+02 1.799213409e+02 9.732785225e-01 1.094686985e+00 4.862355068e-03 0.000000000e+00 0.000000000e+00 0.000000000e+00 0.000000000e+00 0.000000000e+00 0.000000000e+00 0.000000000e+00 0.000000000e+00 0.000000000e+00 3.854281516e-08
8.887610156e+04 2.894583740e+02 2.124784088e+02 9.668679237e-01 1.068610311e+00 1.885563950e-03 0.000000000e+00 0.000000000e+00 0.000000000e+00 0.000000000e+00 0.000000000e+00 0.000000000e+00 0.000000000e+00 0.000000000e+00 0.000000000e+00 3.939100779e-08
8.647878125e+04 2.887243347e+02 2.508900299e+02 9.593435526e-01 1.042539001e+00 1.712681726e-03 0.000000000e+00 0.000000000e+00 0.000000000e+00 0.000000000e+00 0.000000000e+00 0.000000000e+00 0.000000000e+00 0.000000000e+00 0.000000000e+00 4.036878209e-08
8.372685938e+04 2.869299011e+02 2.950126343e+02 9.505202174e-01 1.015501976e+00 1.994500402e-03 0.000000000e+00 0.000000000e+00 0.000000000e+00 0.000000000e+00 0.000000000e+00 0.000000000e+00 0.000000000e+00 0.000000000e+00 0.000000000e+00 4.171914725e-08
8.058528125e+04 2.848613892e+02 3.463147888e+02 9.401906133e-01 9.844464064e-01 2.077217912e-03 0.000000000e+00 0.000000000e+00 0.000000000e+00 0.000000000e+00 0.000000000e+00 0.000000000e+00 0.000000000e+00 0.000000000e+00 0.000000000e+00 4.358498984e-08
7.702456250e+04 2.827987671e+02 4.062599182e+02 9.281290174e-01 9.479285479e-01 1.872695051e-03 0.000000000e+00 0.000000000e+00 0.000000000e+00 0.000000000e+00 0.000000000e+00 0.000000000e+00 0.000000000e+00 0.000000000e+00 0.000000000e+00 4.569976753e-08
7.302380469e+04 2.809612122e+02 4.760887451e+02 9.140918851e-01 9.048104286e-01 1.434511505e-03 0.000000000e+00 0.000000000e+00 0.000000000e+00 0.000000000e+00 0.000000000e+00 0.000000000e+00 0.000000000e+00 0.000000000e+00 0.000000000e+00 4.792806507e-08
6.857452344e+04 2.784099426e+02 5.556636963e+02 8.978201747e-01 8.577219248e-01 9.456760599e-04 0.000000000e+00 0.000000000e+00 0.000000000e+00 0.000000000e+00 0.000000000e+00 0.000000000e+00 0.000000000e+00 0.000000000e+00 0.000000000e+00 5.024423189e-08
6.368538281e+04 2.750125122e+02 6.453570557e+02 8.790454865e-01 8.066893220e-01 3.753495403e-04 0.000000000e+00 0.000000000e+00 0.000000000e+00 0.000000000e+00 0.000000000e+00 0.000000000e+00 0.000000000e+00 0.000000000e+00 0.000000000e+00 5.215952825e-08
5.855536328e+04 2.711998901e+02 6.991008301e+02 8.582038879e-01 7.522502542e-01 1.246234751e-04 0.000000000e+00 0.000000000e+00 0.000000000e+00 0.000000000e+00 0.000000000e+00 0.000000000e+00 0.000000000e+00 0.000000000e+00 0.000000000e+00 5.348281107e-08
5.363957422e+04 2.666586304e+02 6.806290283e+02 8.369703889e-01 7.007531524e-01 3.132140264e-04 0.000000000e+00 0.000000000e+00 2.143540351e-34 3.139093746e-33 0.000000000e+00 0.000000000e+00 0.000000000e+00 0.000000000e+00 0.000000000e+00 5.492910304e-08
4.918125000e+04 2.620236816e+02 6.616613159e+02 8.164746761e-01 6.536859274e-01 7.878385950e-04 0.000000000e+00 0.000000000e+00 6.529443313e-27 1.190783688e-25 0.000000000e+00 0.000000000e+00 0.000000000e+00 0.000000000e+00 0.000000000e+00 5.628390909e-08
4.513916406e+04 2.574191895e+02 6.421329956e+02 7.967113256e-01 6.105921268e-01 1.058858237e-03 0.000000000e+00 0.000000000e+00 4.523420254e-23 2.142891266e-23 0.000000000e+00 0.000000000e+00 0.000000000e+00 0.000000000e+00 0.000000000e+00 5.755036270e-08
4.147612891e+04 2.525883331e+02 6.210670166e+02 7.776774168e-01 5.718359947e-01 8.771395660e-04 0.000000000e+00 0.000000000e+00 3.734105735e-21 1.386012590e-19 0.000000000e+00 0.000000000e+00 0.000000000e+00 0.000000000e+00 0.000000000e+00 5.883321919e-08
3.815771875e+04 2.482561493e+02 6.011447144e+02 7.593677044e-01 5.352814794e-01 8.267795783e-04 0.000000000e+00 0.000000000e+00 7.977908027e-18 8.562944055e-15 0.000000000e+00 0.000000000e+00 0.000000000e+00 0.000000000e+00 0.000000000e+00 6.005224407e-08
3.515210156e+04 2.442848053e+02 5.813873901e+02 7.417743206e-01 5.011501908e-01 7.767076022e-04 0.000000000e+00 0.000000000e+00 5.902170977e-14 6.056437470e-12 0.000000000e+00 1.000000000e+00 0.000000000e+00 0.000000000e+00 0.000000000e+00 6.132300712e-08
3.242940820e+04 2.398513489e+02 5.605336914e+02 7.248836160e-01 4.709655643e-01 4.764750774e-04 0.000000000e+00 0.000000000e+00 1.737223748e-14 1.139729587e-13 0.000000000e+00 0.000000000e+00 0.000000000e+00 0.000000000e+00 0.000000000e+00 6.303248767e-08
2.996304102e+04 2.353101654e+02 5.389819946e+02 7.086848021e-01 4.436044097e-01 2.554426901e-04 0.000000000e+00 0.000000000e+00 5.657370663e-14 4.719189449e-13 0.000000000e+00 0.000000000e+00 0.000000000e+00 0.000000000e+00 0.000000000e+00 6.566504851e-08
2.772802148e+04 2.309464874e+02 5.183129883e+02 6.931607723e-01 4.182886779e-01 1.875740854e-04 0.000000000e+00 0.000000000e+00 2.330017689e-13 1.214188906e-12 0.000000000e+00 0.000000000e+00 0.000000000e+00 0.000000000e+00 0.000000000e+00 6.987093570e-08
2.569886719e+04 2.266884155e+02 4.990078125e+02 6.782721877e-01 3.949709833e-01 1.422471541e-04 0.000000000e+00 0.000000000e+00 2.351519500e-11 4.644817170e-11 0.000000000e+00 1.000000000e+00 0.000000000e+00 0.000000000e+00 0.000000000e+00 7.573309802e-08
2.385403320e+04 2.225206451e+02 4.797452393e+02 6.639884710e-01 3.734931946e-01 1.020016352e-04 0.000000000e+00 0.000000000e+00 2.934892607e-10 2.668927024e-10 0.000000000e+00 1.000000000e+00 0.000000000e+00 0.000000000e+00 0.000000000e+00 8.192685641e-08
2.217629102e+04 2.185131836e+02 4.610234070e+02 6.502960324e-01 3.535993099e-01 6.806514284e-05 0.000000000e+00 0.000000000e+00 4.406069398e-10 1.965095864e-09 0.000000000e+00 1.000000000e+00 0.000000000e+00 0.000000000e+00 4.003410504e-05 8.847163713e-08
2.065027148e+04 2.148110657e+02 4.425559387e+02 6.371834874e-01 3.349466026e-01 4.417575110e-05 0.000000000e+00 0.000000000e+00 7.988698245e-12 2.800701449e-09 0.000000000e+00 1.000000000e+00 0.000000000e+00 0.000000000e+00 4.004858420e-05 9.661696510e-08
1.926244141e+04 2.116492767e+02 4.251792297e+02 6.246429086e-01 3.171068132e-01 2.671385118e-05 0.000000000e+00 0.000000000e+00 8.088313548e-13 2.609720773e-10 0.000000000e+00 1.000000000e+00 0.000000000e+00 0.000000000e+00 0.000000000e+00 1.076196128e-07
1.800064062e+04 2.091885834e+02 4.086570129e+02 6.126679182e-01 2.998223305e-01 1.550788329e-05 0.000000000e+00 0.000000000e+00 5.881952640e-14 4.245878348e-14 0.000000000e+00 0.000000000e+00 0.000000000e+00 0.000000000e+00 0.000000000e+00 1.184527818e-07
1.685309375e+04 2.075528107e+02 3.941305847e+02 6.012448072e-01 2.829218507e-01 9.948090337e-06 0.000000000e+00 0.000000000e+00 1.373161620e-21 2.508200214e-18 0.000000000e+00 0.000000000e+00 0.000000000e+00 0.000000000e+00 0.000000000e+00 1.341686726e-07
1.580910547e+04 2.065173950e+02 3.802032471e+02 5.903592706e-01 2.667268813e-01 7.424656815e-06 0.000000000e+00 0.000000000e+00 4.308232405e-31 1.081052933e-23 0.000000000e+00 0.000000000e+00 0.000000000e+00 0.000000000e+00 0.000000000e+00 1.484663130e-07
1.485998047e+04 2.058776703e+02 3.663682861e+02 5.800077319e-01 2.514927983e-01 5.959932878e-06 0.000000000e+00 0.000000000e+00 1.496575926e-34 -1.194338296e-29 0.000000000e+00 0.000000000e+00 0.000000000e+00 0.000000000e+00 0.000000000e+00 1.674880252e-07
1.399697363e+04 2.053722839e+02 3.532150269e+02 5.701770782e-01 2.374702543e-01 4.528343197e-06 0.000000000e+00 0.000000000e+00 8.081540164e-36 -4.710405606e-35 0.000000000e+00 0.000000000e+00 0.000000000e+00 0.000000000e+00 0.000000000e+00 1.872769531e-07
1.321160938e+04 2.048452454e+02 3.393468018e+02 5.608471036e-01 2.247227430e-01 3.425175237e-06 0.000000000e+00 0.000000000e+00 1.430067122e-40 9.505890302e-40 0.000000000e+00 0.000000000e+00 0.000000000e+00 0.000000000e+00 0.000000000e+00 2.061396174e-07
1.249798828e+04 2.043017273e+02 3.250445862e+02 5.520193577e-01 2.131500840e-01 2.634972361e-06 0.000000000e+00 0.000000000e+00 5.605193857e-45 0.000000000e+00 0.000000000e+00 0.000000000e+00 0.000000000e+00 0.000000000e+00 0.000000000e+00 2.378206574e-07
1.184861133e+04 2.032025909e+02 3.107463074e+02 5.436677337e-01 2.031681687e-01 2.412873755e-06 0.000000000e+00 0.000000000e+00 0.000000000e+00 0.000000000e+00 0.000000000e+00 0.000000000e+00 0.000000000e+00 0.000000000e+00 0.000000000e+00 2.666496073e-07
1.125773828e+04 2.021226196e+02 2.955222473e+02 5.357794166e-01 1.940679103e-01 2.315873189e-06 0.000000000e+00 0.000000000e+00 0.000000000e+00 0.000000000e+00 0.000000000e+00 0.000000000e+00 0.000000000e+00 0.000000000e+00 0.000000000e+00 2.945798485e-07
1.072087500e+04 2.010671387e+02 2.805422668e+02 5.283514857e-01 1.857832819e-01 2.297108949e-06 0.000000000e+00 0.000000000e+00 0.000000000e+00 0.000000000e+00 0.000000000e+00 0.000000000e+00 0.000000000e+00 0.000000000e+00 0.000000000e+00 3.342012178e-07
1.023265332e+04 2.000386963e+02 2.661636658e+02 5.213621259e-01 1.782344878e-01 2.322278306e-06 0.000000000e+00 0.000000000e+00 0.000000000e+00 0.000000000e+00 0.000000000e+00 0.000000000e+00 0.000000000e+00 0.000000000e+00 0.000000000e+00 3.702327547e-07
1.021210078e+05 2.952444763e+02
1.019090781e+05 2.950571899e+02
1.016616406e+05 2.948380432e+02
1.013759219e+05 2.945840759e+02
1.010402422e+05 2.942781982e+02
1.006440469e+05 2.939181824e+02
1.001735625e+05 2.935042419e+02
9.962155469e+04 2.930256958e+02
9.897220312e+04 2.924696045e+02
9.820825000e+04 2.918205566e+02
9.731022656e+04 2.910419922e+02
9.625876562e+04 2.901296692e+02
9.502714062e+04 2.891216431e+02
9.359088281e+04 2.882182617e+02
9.192294531e+04 2.882100220e+02
8.999062500e+04 2.890267639e+02
8.776147656e+04 2.891170959e+02
8.519507812e+04 2.878872681e+02
8.225662500e+04 2.859618530e+02
7.891278125e+04 2.838925781e+02
7.513625000e+04 2.819314575e+02
7.091234375e+04 2.797504883e+02
6.623971875e+04 2.767875061e+02
6.113618750e+04 2.731179504e+02
5.598075781e+04 2.688214417e+02
5.130465625e+04 2.642312012e+02
4.706447266e+04 2.596123962e+02
4.322076172e+04 2.548891754e+02
3.973839453e+04 2.503197174e+02
3.658330469e+04 2.461758575e+02
3.372647266e+04 2.419634094e+02
3.113763086e+04 2.374728699e+02
2.879255273e+04 2.330248718e+02
2.666528125e+04 2.287163849e+02
2.473256836e+04 2.245054016e+02
2.297556055e+04 2.204223175e+02
2.137705469e+04 2.165742340e+02
1.992350586e+04 2.131553192e+02
1.860139062e+04 2.103601379e+02
1.739986719e+04 2.083322144e+02
1.630634961e+04 2.070105591e+02
1.531181543e+04 2.061822052e+02
1.440822949e+04 2.056131134e+02
1.358561426e+04 2.050962372e+02
1.283770117e+04 2.045604553e+02
1.215822363e+04 2.037266388e+02
1.153899902e+04 2.026366882e+02
1.097648145e+04 2.015696716e+02
1.046529004e+04 2.005287476e+02
1.000307324e+04 1.995379944e+02
20 1974 93 8 1 2 0 2 1 1 1 2 0
9.275000000e+01 1.200000000e+01 3.600000000e+02 1.000000000e+00 8.692636341e-02 1.369704102e+03 7.831190825e-01 4.339556122e+01 -8.939047241e+01 2.259385139e-01 2.814288025e+02 1.000000000e+00 0.000000000e+00 0.000000000e+00 0.000000000e+00
9.590864844e+04 2.807409058e+02 1.628100204e+01 9.881355166e-01 1.185945749e+00 6.090973504e-03 0.000000000e+00 5.299068289e-04 0.000000000e+00 1.157163948e-11 0.000000000e+00 0.000000000e+00 0.000000000e+00 0.000000000e+00 0.000000000e+00 4.314025404e-08
9.570130469e+04 2.805375671e+02 1.932974625e+01 9.875246882e-01 1.184298635e+00 6.008826196e-03 0.000000000e+00 5.330519634e-04 0.000000000e+00 2.834840696e-11 0.000000000e+00 0.000000000e+00 0.000000000e+00 0.000000000e+00 0.000000000e+00 4.319388580e-08
9.545682812e+04 2.803333435e+02 2.276202774e+01 9.868032336e-01 1.182176352e+00 5.949255079e-03 0.000000000e+00 5.365837133e-04 0.000000000e+00 6.945048703e-11 0.000000000e+00 0.000000000e+00 0.000000000e+00 0.000000000e+00 0.000000000e+00 4.325747582e-08
9.516724219e+04 2.801584167e+02 2.695644760e+01 9.859470129e-01 1.179377079e+00 5.877708085e-03 0.000000000e+00 5.406188429e-04 0.000000000e+00 1.702219199e-10 0.000000000e+00 0.000000000e+00 0.000000000e+00 0.000000000e+00 0.000000000e+00 4.333280401e-08
9.482772656e+04 2.799092102e+02 3.176345444e+01 9.849407077e-01 1.176254153e+00 5.823800340e-03 0.000000000e+00 5.452608457e-04 0.000000000e+00 4.200085835e-10 0.000000000e+00 0.000000000e+00 0.000000000e+00 0.000000000e+00 0.000000000e+00 4.342112092e-08
9.442771875e+04 2.796174011e+02 3.757149887e+01 9.837518930e-01 1.172553658e+00 5.769162439e-03 0.000000000e+00 5.506981979e-04 0.000000000e+00 1.042044451e-09 1.108058090e-12 0.000000000e+00 0.000000000e+00 0.000000000e+00 4.001809430e-05 4.352516925e-08
9.395977344e+04 2.792894592e+02 4.431793594e+01 9.823565483e-01 1.168157935e+00 5.705634132e-03 0.000000000e+00 5.570757785e-04 0.000000000e+00 2.607137839e-09 3.064903886e-11 0.000000000e+00 0.000000000e+00 0.000000000e+00 4.004522998e-05 4.364689232e-08
9.340648438e+04 2.788520508e+02 5.231916428e+01 9.807002544e-01 1.163121819e+00 5.675620865e-03 0.000000000e+00 5.645009805e-04 0.000000000e+00 6.563148247e-09 4.296394351e-10 0.000000000e+00 0.000000000e+00 0.000000000e+00 4.011364217e-05 4.379081275e-08
9.275469531e+04 2.783193054e+02 6.160743713e+01 9.787401557e-01 1.157227159e+00 5.660420749e-03 0.000000000e+00 5.731724668e-04 0.000000000e+00 1.661383386e-08 4.150635391e-09 0.000000000e+00 0.000000000e+00 0.000000000e+00 4.028623880e-05 4.396035891e-08
9.199699219e+04 2.778234253e+02 7.269487000e+01 9.764490724e-01 1.149871111e+00 5.590649322e-03 0.000000000e+00 5.834584008e-04 0.000000000e+00 4.216460425e-08 3.098897849e-08 0.000000000e+00 0.000000000e+00 0.000000000e+00 4.071745207e-05 4.415745281e-08
9.110668750e+04 2.775127258e+02 8.572326660e+01 9.737398028e-01 1.140051603e+00 5.542190280e-03 0.000000000e+00 5.955331144e-04 0.000000000e+00 1.073007212e-07 1.893662329e-07 0.000000000e+00 0.000000000e+00 0.000000000e+00 4.177062510e-05 4.438903645e-08
9.006662500e+04 2.776172791e+02 1.011546936e+02 9.705507755e-01 1.126574636e+00 5.597440526e-03 0.000000000e+00 6.090472452e-04 0.000000000e+00 2.734408326e-07 9.729493513e-07 0.000000000e+00 0.000000000e+00 0.000000000e+00 4.419915058e-05 4.465957915e-08
8.885432031e+04 2.781997375e+02 1.195925140e+02 9.668002129e-01 1.108911514e+00 5.854282063e-03 0.000000000e+00 6.236147019e-04 0.000000000e+00 6.974132702e-07 4.259092748e-06 0.000000000e+00 0.000000000e+00 0.000000000e+00 4.919150524e-05 4.497492512e-08
8.744725781e+04 2.791078491e+02 1.415793610e+02 9.624009728e-01 1.087444544e+00 6.394220050e-03 0.000000000e+00 6.369368639e-04 0.000000000e+00 1.780291313e-06 1.601717486e-05 0.000000000e+00 0.000000000e+00 0.000000000e+00 5.776361286e-05 4.534092923e-08
8.581679688e+04 2.794812012e+02 1.672658691e+02 9.572396278e-01 1.065352082e+00 7.000803016e-03 0.000000000e+00 6.453684764e-04 0.000000000e+00 4.533055744e-06 3.108228702e-05 0.000000000e+00 0.000000000e+00 0.000000000e+00 6.971860421e-05 4.576504509e-08
8.393026562e+04 2.796102295e+02 1.970848389e+02 9.511794448e-01 1.041310787e+00 7.223793305e-03 1.358486334e-04 6.372062489e-04 0.000000000e+00 1.146540126e-05 5.638062430e-05 1.570010744e-02 1.681744288e-05 0.000000000e+00 8.382825035e-05 4.630224382e-08
8.176530469e+04 2.792501831e+02 2.318236084e+02 9.441037774e-01 1.015754461e+00 7.230123971e-03 2.336658508e-04 6.050881930e-04 0.000000000e+00 2.841055721e-05 9.113107808e-05 5.705147982e-01 1.822269951e-05 0.000000000e+00 9.874012903e-05 4.696385858e-08
7.928721875e+04 2.783497925e+02 2.716914673e+02 9.358385205e-01 9.882942438e-01 6.998809986e-03 3.153379657e-04 5.331556895e-04 0.000000000e+00 6.814618246e-05 1.360076858e-04 6.763997078e-01 1.900090865e-05 0.000000000e+00 1.135907296e-04 4.772116213e-08
7.647142188e+04 2.769456787e+02 3.176305847e+02 9.262197614e-01 9.582774639e-01 6.570152007e-03 3.871765221e-04 4.010615812e-04 0.000000000e+00 1.548550499e-04 1.826804364e-04 9.399001598e-01 1.953417632e-05 0.000000000e+00 1.277088304e-04 4.858166847e-08
7.329332812e+04 2.749561157e+02 3.704580688e+02 9.150545597e-01 9.254555106e-01 5.932315253e-03 4.889773554e-04 2.059142571e-04 0.000000000e+00 4.070069699e-04 2.097558463e-04 9.967581034e-01 2.014105667e-05 0.000000000e+00 1.279999997e-04 4.955037625e-08
6.973494531e+04 2.729929810e+02 4.318363037e+02 9.021350741e-01 8.871498108e-01 5.387009587e-03 1.323336910e-04 1.658669021e-06 5.276913351e-10 1.514100702e-03 1.486672845e-04 1.000000000e+00 1.674964005e-05 0.000000000e+00 1.279999997e-04 5.063268915e-08
6.576271094e+04 2.704390564e+02 5.022329407e+02 8.871441483e-01 8.448555470e-01 4.725411534e-03 1.058560301e-04 1.678802022e-07 1.432673979e-08 2.408334753e-03 4.301119043e-05 1.000000000e+00 1.617279486e-05 2.145369581e-05 1.279999997e-04 5.183508378e-08
6.138734375e+04 2.673007812e+02 5.828875122e+02 8.698634505e-01 7.982623577e-01 3.985390533e-03 5.930822590e-05 5.703638095e-08 6.044714240e-08 3.198770108e-03 1.130164765e-05 1.000000000e+00 1.468225946e-05 2.513330037e-05 1.279999997e-04 5.308691087e-08
5.676578906e+04 2.635241699e+02 6.317226562e+02 8.506267667e-01 7.491087317e-01 3.182248212e-03 0.000000000e+00 6.071718417e-08 1.037333419e-07 3.705850570e-03 3.169629736e-06 1.000000000e+00 0.000000000e+00 2.772655353e-05 1.279999997e-04 5.446610274e-08
5.230738672e+04 2.596676636e+02 6.178135986e+02 8.309777975e-01 7.008975148e-01 2.307034098e-03 0.000000000e+00 3.618476896e-08 1.042057107e-07 3.963832278e-03 7.288065262e-07 1.000000000e+00 0.000000000e+00 2.775169742e-05 1.279999997e-04 5.594515073e-08
4.822507812e+04 2.554531403e+02 6.038093872e+02 8.119075298e-01 6.571275592e-01 1.629693201e-03 0.000000000e+00 0.000000000e+00 8.960028453e-08 3.921598662e-03 1.767503193e-07 1.000000000e+00 0.000000000e+00 2.694597424e-05 1.279999997e-04 6.031516619e-08
4.448296875e+04 2.509096527e+02 5.895310059e+02 7.933849096e-01 6.173059344e-01 1.113967155e-03 0.000000000e+00 0.000000000e+00 7.018012127e-08 3.700335044e-03 7.325130724e-08 9.972006083e-01 0.000000000e+00 2.577272062e-05 1.279999997e-04 6.600831171e-08
4.105167188e+04 2.461145172e+02 5.747747803e+02 7.753952146e-01 5.809153318e-01 7.534409524e-04 0.000000000e+00 0.000000000e+00 5.767390121e-08 3.326369915e-03 2.882986294e-08 9.961217642e-01 0.000000000e+00 2.494399450e-05 1.279999997e-04 7.321218476e-08
3.790382031e+04 2.412162323e+02 5.599181519e+02 7.579206228e-01 5.473479033e-01 4.965671687e-04 0.000000000e+00 0.000000000e+00 6.316755474e-08 2.794020576e-03 3.380403957e-09 9.977429509e-01 0.000000000e+00 2.531584505e-05 1.279999997e-04 8.034494670e-08
3.501809375e+04 2.362920532e+02 5.444967651e+02 7.409653068e-01 5.162703991e-01 3.190842108e-04 0.000000000e+00 0.000000000e+00 1.213419409e-07 2.040210413e-03 7.485512210e-12 1.000000000e+00 0.000000000e+00 2.862659312e-05 1.279999997e-04 8.859448286e-08
3.237205078e+04 2.312225647e+02 5.289858398e+02 7.245171070e-01 4.877586961e-01 2.010653843e-04 0.000000000e+00 0.000000000e+00 1.656493964e-06 1.105658361e-03 6.164683781e-12 1.000000000e+00 0.000000000e+00 5.111616701e-05 1.279999997e-04 9.964075787e-08
2.994599414e+04 2.259932709e+02 5.125264282e+02 7.085695863e-01 4.616655707e-01 1.280848082e-04 0.000000000e+00 0.000000000e+00 2.490823863e-05 3.188098781e-04 0.000000000e+00 1.000000000e+00 0.000000000e+00 7.995207852e-05 1.279999997e-04 1.157228411e-07
2.772336914e+04 2.213775635e+02 4.964477844e+02 6.931275129e-01 4.363232553e-01 8.389537106e-05 0.000000000e+00 0.000000000e+00 4.085930777e-05 1.106723266e-05 0.000000000e+00 1.000000000e+00 0.000000000e+00 8.530881314e-05 8.326430543e-05 1.444276450e-07
2.569473047e+04 2.179137421e+02 4.797053833e+02 6.782409549e-01 4.108298719e-01 5.889127715e-05 0.000000000e+00 0.000000000e+00 1.907338810e-05 8.338323028e-07 0.000000000e+00 1.000000000e+00 0.000000000e+00 7.706747419e-05 5.053438508e-05 1.861069450e-07
2.385069141e+04 2.168828888e+02 4.676067200e+02 6.639618874e-01 3.831637502e-01 3.547919914e-05 0.000000000e+00 0.000000000e+00 4.349871574e-07 4.392750920e-12 0.000000000e+00 1.000000000e+00 0.000000000e+00 3.820858547e-05 0.000000000e+00 2.400218193e-07
2.217318750e+04 2.163562469e+02 4.564974670e+02 6.502700448e-01 3.570860326e-01 1.490529030e-05 0.000000000e+00 0.000000000e+00 2.702061838e-11 8.778218430e-11 0.000000000e+00 0.000000000e+00 0.000000000e+00 0.000000000e+00 0.000000000e+00 3.058532343e-07
2.063959961e+04 2.165508728e+02 4.463463135e+02 6.370893717e-01 3.320908844e-01 9.343427337e-06 0.000000000e+00 0.000000000e+00 0.000000000e+00 3.062605031e-11 0.000000000e+00 0.000000000e+00 0.000000000e+00 0.000000000e+00 0.000000000e+00 3.676204585e-07
1.925175391e+04 2.191843872e+02 4.405451355e+02 6.245438457e-01 3.060394824e-01 4.991623882e-06 0.000000000e+00 0.000000000e+00 0.000000000e+00 0.000000000e+00 0.000000000e+00 0.000000000e+00 0.000000000e+00 0.000000000e+00 0.000000000e+00 4.260439255e-07
1.800331250e+04 2.221432343e+02 4.338911133e+02 6.126939058e-01 2.823817432e-01 3.042989647e-06 0.000000000e+00 0.000000000e+00 0.000000000e+00 0.000000000e+00 0.000000000e+00 0.000000000e+00 0.000000000e+00 0.000000000e+00 0.000000000e+00 4.787231092e-07
1.685995508e+04 2.230219421e+02 4.233287354e+02 6.013147235e-01 2.634063363e-01 2.735052249e-06 0.000000000e+00 0.000000000e+00 0.000000000e+00 0.000000000e+00 0.000000000e+00 0.000000000e+00 0.000000000e+00 0.000000000e+00 0.000000000e+00 5.278599815e-07
1.581445312e+04 2.230895081e+02 4.105703735e+02 5.904163122e-01 2.469974458e-01 2.582881507e-06 0.000000000e+00 0.000000000e+00 0.000000000e+00 0.000000000e+00 0.000000000e+00 0.000000000e+00 0.000000000e+00 0.000000000e+00 0.000000000e+00 5.727914072e-07
1.486424219e+04 2.225250549e+02 3.958783569e+02 5.800552368e-01 2.327454984e-01 2.532989583e-06 0.000000000e+00 0.000000000e+00 0.000000000e+00 0.000000000e+00 0.000000000e+00 0.000000000e+00 0.000000000e+00 0.000000000e+00 0.000000000e+00 6.269946766e-07
1.399828906e+04 2.215717621e+02 3.810383911e+02 5.701923966e-01 2.201293707e-01 2.476750751e-06 0.000000000e+00 0.000000000e+00 0.000000000e+00 0.000000000e+00 0.000000000e+00 0.000000000e+00 0.000000000e+00 0.000000000e+00 0.000000000e+00 6.820740737e-07
1.321152441e+04 2.205602264e+02 3.653828430e+02 5.608460903e-01 2.087099552e-01 2.468210141e-06 0.000000000e+00 0.000000000e+00 0.000000000e+00 0.000000000e+00 0.000000000e+00 0.000000000e+00 0.000000000e+00 0.000000000e+00 0.000000000e+00 7.332879477e-07
1.249673633e+04 2.196166840e+02 3.494464417e+02 5.520035625e-01 1.982662082e-01 2.534058467e-06 0.000000000e+00 0.000000000e+00 0.000000000e+00 0.000000000e+00 0.000000000e+00 0.000000000e+00 0.000000000e+00 0.000000000e+00 0.000000000e+00 7.997495572e-07
1.184700781e+04 2.186574860e+02 3.344266663e+02 5.436466932e-01 1.887825131e-01 2.578295380e-06 0.000000000e+00 0.000000000e+00 0.000000000e+00 0.000000000e+00 0.000000000e+00 0.000000000e+00 0.000000000e+00 0.000000000e+00 0.000000000e+00 8.601618333e-07
1.125617578e+04 2.178107758e+02 3.185041809e+02 5.357581973e-01 1.800648421e-01 2.605338295e-06 0.000000000e+00 0.000000000e+00 0.000000000e+00 0.000000000e+00 0.000000000e+00 0.000000000e+00 0.000000000e+00 0.000000000e+00 0.000000000e+00 9.176511071e-07
1.071962305e+04 2.170096741e+02 3.028219910e+02 5.283338428e-01 1.721146554e-01 2.623392220e-06 0.000000000e+00 0.000000000e+00 0.000000000e+00 0.000000000e+00 0.000000000e+00 0.000000000e+00 0.000000000e+00 0.000000000e+00 0.000000000e+00 9.906326568e-07
1.023160742e+04 2.162234955e+02 2.877276306e+02 5.213469267e-01 1.648763567e-01 2.633133136e-06 0.000000000e+00 0.000000000e+00 0.000000000e+00 0.000000000e+00 0.000000000e+00 0.000000000e+00 0.000000000e+00 0.000000000e+00 0.000000000e+00 1.057012241e-06
9.600344531e+04 2.808338623e+02
9.581381250e+04 2.806478882e+02
9.558896875e+04 2.804437256e+02
9.532414062e+04 2.802532043e+02
9.501123438e+04 2.800439148e+02
9.464426562e+04 2.797753906e+02
9.421272656e+04 2.794667358e+02
9.370562500e+04 2.790885315e+02
9.310658594e+04 2.786069336e+02
9.240625781e+04 2.780912476e+02
9.158700000e+04 2.776803284e+02
9.062707812e+04 2.775609436e+02
8.950700781e+04 2.778861694e+02
8.820392969e+04 2.786194763e+02
8.669242969e+04 2.792807007e+02
8.494131250e+04 2.795410767e+02
8.292367969e+04 2.794428406e+02
8.060934375e+04 2.788301697e+02
7.796944531e+04 2.776926575e+02
7.497864062e+04 2.760111694e+02
7.161380469e+04 2.740295410e+02
6.784987500e+04 2.717810059e+02
6.367326172e+04 2.689403687e+02
5.909081250e+04 2.654241028e+02
5.443073438e+04 2.615043335e+02
5.016939844e+04 2.574604187e+02
4.626539453e+04 2.530737915e+02
4.268592969e+04 2.483983459e+02
3.940325391e+04 2.435494537e+02
3.639220703e+04 2.386368256e+02
3.363259766e+04 2.336376190e+02
3.110138477e+04 2.284836731e+02
2.878199609e+04 2.235760040e+02
2.666089844e+04 2.195634308e+02
2.472884766e+04 2.173737946e+02
2.297234180e+04 2.166071472e+02
2.136998633e+04 2.164581757e+02
1.991282617e+04 2.179299622e+02
1.859770312e+04 2.207345123e+02
1.740473242e+04 2.226032562e+02
1.631241797e+04 2.230573120e+02
1.531659473e+04 2.227937622e+02
1.441094824e+04 2.220260468e+02
1.358619531e+04 2.210419464e+02
1.283700391e+04 2.200658569e+02
1.215678809e+04 2.191148071e+02
1.153741699e+04 2.182138062e+02
1.097508105e+04 2.173910828e+02
1.046414648e+04 2.165981140e+02
1.000194922e+04 2.158404694e+02
21 1974 93 8 1 2 0 2 1 1 1 2 1
9.275000000e+01 1.200000000e+01 3.600000000e+02 1.000000000e+00 8.692636341e-02 1.369704102e+03 8.630325794e-01 3.375216675e+01 -9.789541626e+01 2.082624733e-01 3.026228943e+02 1.000000000e+00 0.000000000e+00 0.000000000e+00 0.000000000e+00
9.641913281e+04 2.962341309e+02 1.716479111e+01 9.896353483e-01 1.132413745e+00 2.429637825e-03 0.000000000e+00 0.000000000e+00 0.000000000e+00 0.000000000e+00 0.000000000e+00 0.000000000e+00 0.000000000e+00 0.000000000e+00 0.000000000e+00 3.997207543e-08
9.621078125e+04 2.957558289e+02 2.036181641e+01 9.890238643e-01 1.131907344e+00 2.264827024e-03 0.000000000e+00 0.000000000e+00 0.000000000e+00 0.000000000e+00 0.000000000e+00 0.000000000e+00 0.000000000e+00 0.000000000e+00 0.000000000e+00 4.003647192e-08
9.596490625e+04 2.954053040e+02 2.396809578e+01 9.883010983e-01 1.130410194e+00 2.183574950e-03 0.000000000e+00 0.000000000e+00 0.000000000e+00 0.000000000e+00 0.000000000e+00 0.000000000e+00 0.000000000e+00 0.000000000e+00 0.000000000e+00 4.011246446e-08
9.567014844e+04 2.950607605e+02 2.837533379e+01 9.874328375e-01 1.128290176e+00 2.130819019e-03 0.000000000e+00 0.000000000e+00 0.000000000e+00 0.000000000e+00 0.000000000e+00 0.000000000e+00 0.000000000e+00 0.000000000e+00 0.000000000e+00 4.021377009e-08
9.533762500e+04 2.947062073e+02 3.343005371e+01 9.864510298e-01 1.125748158e+00 2.091580536e-03 0.000000000e+00 0.000000000e+00 0.000000000e+00 0.000000000e+00 0.000000000e+00 0.000000000e+00 0.000000000e+00 0.000000000e+00 0.000000000e+00 4.033143242e-08
9.492765625e+04 2.942964172e+02 3.954006195e+01 9.852371812e-01 1.122489452e+00 2.060113940e-03 0.000000000e+00 0.000000000e+00 0.000000000e+00 0.000000000e+00 0.000000000e+00 0.000000000e+00 0.000000000e+00 0.000000000e+00 0.000000000e+00 4.047649682e-08
9.446057031e+04 2.938444824e+02 4.663641739e+01 9.838496447e-01 1.118702173e+00 2.033682540e-03 0.000000000e+00 0.000000000e+00 0.000000000e+00 0.000000000e+00 0.000000000e+00 0.000000000e+00 0.000000000e+00 0.000000000e+00 0.000000000e+00 4.064177261e-08
9.390094531e+04 2.933157043e+02 5.506113434e+01 9.821807742e-01 1.114094734e+00 2.010720549e-03 0.000000000e+00 0.000000000e+00 0.000000000e+00 0.000000000e+00 0.000000000e+00 0.000000000e+00 0.000000000e+00 0.000000000e+00 0.000000000e+00 4.083979022e-08
9.324767188e+04 2.927067566e+02 6.484443665e+01 9.802235961e-01 1.108659387e+00 1.990263350e-03 0.000000000e+00 0.000000000e+00 0.000000000e+00 0.000000000e+00 0.000000000e+00 0.000000000e+00 0.000000000e+00 0.000000000e+00 0.000000000e+00 4.107094753e-08
9.248159375e+04 2.919981689e+02 7.650363159e+01 9.779159427e-01 1.102231979e+00 1.971625490e-03 0.000000000e+00 0.000000000e+00 0.000000000e+00 0.000000000e+00 0.000000000e+00 0.000000000e+00 0.000000000e+00 0.000000000e+00 0.000000000e+00 4.134201959e-08
9.158445312e+04 2.911709595e+02 9.010329437e+01 9.751960635e-01 1.094651937e+00 1.954289619e-03 0.000000000e+00 0.000000000e+00 0.000000000e+00 0.000000000e+00 0.000000000e+00 0.000000000e+00 0.000000000e+00 0.000000000e+00 0.000000000e+00 4.165946876e-08
9.053778125e+04 2.902053528e+02 1.059708557e+02 9.719986916e-01 1.085753322e+00 1.937835012e-03 0.000000000e+00 0.000000000e+00 0.000000000e+00 0.000000000e+00 0.000000000e+00 0.000000000e+00 0.000000000e+00 0.000000000e+00 0.000000000e+00 4.202982495e-08
8.931449219e+04 2.890725403e+02 1.245512619e+02 9.682281017e-01 1.075291038e+00 1.921863761e-03 0.000000000e+00 0.000000000e+00 0.000000000e+00 0.000000000e+00 0.000000000e+00 0.000000000e+00 0.000000000e+00 0.000000000e+00 0.000000000e+00 4.246268048e-08
8.789542188e+04 2.877495422e+02 1.462588806e+02 9.638076425e-01 1.063081861e+00 1.905950718e-03 0.000000000e+00 0.000000000e+00 0.000000000e+00 0.000000000e+00 0.000000000e+00 0.000000000e+00 0.000000000e+00 0.000000000e+00 0.000000000e+00 4.296480682e-08
8.625124219e+04 2.862018433e+02 1.715814972e+02 9.586216807e-01 1.048847556e+00 1.889585401e-03 0.000000000e+00 0.000000000e+00 0.000000000e+00 0.000000000e+00 0.000000000e+00 0.000000000e+00 0.000000000e+00 0.000000000e+00 0.000000000e+00 4.354659211e-08
8.435207812e+04 2.843913574e+02 2.008571320e+02 9.525428414e-01 1.032294154e+00 1.872110181e-03 0.000000000e+00 0.000000000e+00 0.000000000e+00 0.000000000e+00 0.000000000e+00 0.000000000e+00 0.000000000e+00 0.000000000e+00 0.000000000e+00 4.426316380e-08
8.216802344e+04 2.822764587e+02 2.349684601e+02 9.454299808e-01 1.013111830e+00 1.852540416e-03 0.000000000e+00 0.000000000e+00 0.000000000e+00 0.000000000e+00 0.000000000e+00 0.000000000e+00 0.000000000e+00 0.000000000e+00 0.000000000e+00 4.519819541e-08
7.966785938e+04 2.798089294e+02 2.741422424e+02 9.371199608e-01 9.909618497e-01 1.829274930e-03 0.000000000e+00 0.000000000e+00 0.000000000e+00 0.000000000e+00 0.000000000e+00 0.000000000e+00 0.000000000e+00 0.000000000e+00 0.000000000e+00 4.626855699e-08
7.682511719e+04 2.769394836e+02 3.192438965e+02 9.274417162e-01 9.655207396e-01 1.799258869e-03 0.000000000e+00 0.000000000e+00 0.000000000e+00 0.000000000e+00 0.000000000e+00 0.000000000e+00 0.000000000e+00 0.000000000e+00 0.000000000e+00 4.748558169e-08
7.360967188e+04 2.736096802e+02 3.711272583e+02 9.161812663e-01 9.363933206e-01 1.755219186e-03 0.000000000e+00 0.000000000e+00 0.000000000e+00 0.000000000e+00 0.000000000e+00 0.000000000e+00 0.000000000e+00 0.000000000e+00 0.000000000e+00 4.878300786e-08
7.000106250e+04 2.697781982e+02 4.302190857e+02 9.031173587e-01 9.031804800e-01 1.672274433e-03 0.000000000e+00 0.000000000e+00 0.000000000e+00 0.000000000e+00 0.000000000e+00 0.000000000e+00 0.000000000e+00 0.000000000e+00 0.000000000e+00 5.012810078e-08
6.598720312e+04 2.660864868e+02 4.983796387e+02 8.880083561e-01 8.634771705e-01 1.152243232e-03 0.000000000e+00 0.000000000e+00 0.000000000e+00 0.000000000e+00 0.000000000e+00 0.000000000e+00 0.000000000e+00 0.000000000e+00 0.000000000e+00 5.161329142e-08
6.156616406e+04 2.649318542e+02 5.825942993e+02 8.705866933e-01 8.094968200e-01 4.199935647e-04 0.000000000e+00 0.000000000e+00 0.000000000e+00 0.000000000e+00 0.000000000e+00 0.000000000e+00 0.000000000e+00 0.000000000e+00 0.000000000e+00 5.275908066e-08
5.690548438e+04 2.625988770e+02 6.353739014e+02 8.512243629e-01 7.547857761e-01 5.896697403e-04 0.000000000e+00 0.000000000e+00 0.000000000e+00 0.000000000e+00 0.000000000e+00 0.000000000e+00 0.000000000e+00 0.000000000e+00 0.000000000e+00 5.401112801e-08
5.240709375e+04 2.594942017e+02 6.235170898e+02 8.314300776e-01 7.033987045e-01 6.778683746e-04 0.000000000e+00 0.000000000e+00 0.000000000e+00 0.000000000e+00 0.000000000e+00 0.000000000e+00 0.000000000e+00 0.000000000e+00 0.000000000e+00 5.535625291e-08
4.829189453e+04 2.561665344e+02 6.112249756e+02 8.122287393e-01 6.566599607e-01 4.901729990e-04 0.000000000e+00 0.000000000e+00 0.000000000e+00 0.000000000e+00 0.000000000e+00 0.000000000e+00 0.000000000e+00 0.000000000e+00 0.000000000e+00 5.765022593e-08
4.452468359e+04 2.522954407e+02 5.978482666e+02 7.935974002e-01 6.147977114e-01 2.928116301e-04 0.000000000e+00 0.000000000e+00 0.000000000e+00 0.000000000e+00 0.000000000e+00 0.000000000e+00 0.000000000e+00 0.000000000e+00 0.000000000e+00 6.039982026e-08
4.107483203e+04 2.480020294e+02 5.834631958e+02 7.755201459e-01 5.770176649e-01 1.877684554e-04 0.000000000e+00 0.000000000e+00 0.000000000e+00 0.000000000e+00 0.000000000e+00 0.000000000e+00 0.000000000e+00 0.000000000e+00 0.000000000e+00 6.355583082e-08
3.791422266e+04 2.438612518e+02 5.694786377e+02 7.579800487e-01 5.416839719e-01 1.193167554e-04 0.000000000e+00 0.000000000e+00 0.000000000e+00 0.000000000e+00 0.000000000e+00 0.000000000e+00 0.000000000e+00 0.000000000e+00 0.000000000e+00 6.661029772e-08
3.501940234e+04 2.398119812e+02 5.551510010e+02 7.409731746e-01 5.087865591e-01 7.698241825e-05 0.000000000e+00 0.000000000e+00 0.000000000e+00 0.000000000e+00 0.000000000e+00 0.000000000e+00 0.000000000e+00 0.000000000e+00 0.000000000e+00 6.991416512e-08
3.236779883e+04 2.355910492e+02 5.406458740e+02 7.244898677e-01 4.786945283e-01 5.318190233e-05 0.000000000e+00 0.000000000e+00 0.000000000e+00 0.000000000e+00 0.000000000e+00 0.000000000e+00 0.000000000e+00 0.000000000e+00 0.000000000e+00 7.436580063e-08
2.993914844e+04 2.317141571e+02 5.263047485e+02 7.085232735e-01 4.501890838e-01 3.791886047e-05 0.000000000e+00 0.000000000e+00 0.000000000e+00 0.000000000e+00 0.000000000e+00 0.000000000e+00 0.000000000e+00 0.000000000e+00 0.000000000e+00 8.086869485e-08
2.771700000e+04 2.282044983e+02 5.118862305e+02 6.930820346e-01 4.231871963e-01 2.876790495e-05 0.000000000e+00 0.000000000e+00 0.000000000e+00 0.000000000e+00 0.000000000e+00 0.000000000e+00 0.000000000e+00 0.000000000e+00 0.000000000e+00 9.175661120e-08
2.569003711e+04 2.249149780e+02 4.951789551e+02 6.782055497e-01 3.979774714e-01 2.259667781e-05 0.000000000e+00 0.000000000e+00 0.000000000e+00 0.000000000e+00 0.000000000e+00 0.000000000e+00 0.000000000e+00 0.000000000e+00 0.000000000e+00 1.070909335e-07
2.384650781e+04 2.216839142e+02 4.780277710e+02 6.639285684e-01 3.748038113e-01 1.793662705e-05 0.000000000e+00 0.000000000e+00 0.000000000e+00 0.000000000e+00 0.000000000e+00 0.000000000e+00 0.000000000e+00 0.000000000e+00 0.000000000e+00 1.247105530e-07
2.217015625e+04 2.191988220e+02 4.625583191e+02 6.502446532e-01 3.524072468e-01 1.439470361e-05 0.000000000e+00 0.000000000e+00 0.000000000e+00 0.000000000e+00 0.000000000e+00 0.000000000e+00 0.000000000e+00 0.000000000e+00 0.000000000e+00 1.445404791e-07
2.064637695e+04 2.181474609e+02 4.494913025e+02 6.371491551e-01 3.297681510e-01 1.163641718e-05 0.000000000e+00 0.000000000e+00 0.000000000e+00 0.000000000e+00 0.000000000e+00 0.000000000e+00 0.000000000e+00 0.000000000e+00 0.000000000e+00 1.651002464e-07
1.925626953e+04 2.177960358e+02 4.376549683e+02 6.245856881e-01 3.080617785e-01 9.315805073e-06 0.000000000e+00 0.000000000e+00 0.000000000e+00 0.000000000e+00 0.000000000e+00 0.000000000e+00 0.000000000e+00 0.000000000e+00 0.000000000e+00 1.879699880e-07
1.798934180e+04 2.180044861e+02 4.261403198e+02 6.125580072e-01 2.875186801e-01 6.991246210e-06 0.000000000e+00 0.000000000e+00 0.000000000e+00 0.000000000e+00 0.000000000e+00 0.000000000e+00 0.000000000e+00 0.000000000e+00 0.000000000e+00 2.099044423e-07
1.684339648e+04 2.185198059e+02 4.151913757e+02 6.011459231e-01 2.685689032e-01 4.686684861e-06 0.000000000e+00 0.000000000e+00 0.000000000e+00 0.000000000e+00 0.000000000e+00 0.000000000e+00 0.000000000e+00 0.000000000e+00 0.000000000e+00 2.368167173e-07
1.580694336e+04 2.186871490e+02 4.026595154e+02 5.903362036e-01 2.518499792e-01 3.165662747e-06 0.000000000e+00 0.000000000e+00 0.000000000e+00 0.000000000e+00 0.000000000e+00 0.000000000e+00 0.000000000e+00 0.000000000e+00 0.000000000e+00 2.611575951e-07
1.486225293e+04 2.185175629e+02 3.888001404e+02 5.800330639e-01 2.369821966e-01 2.536787861e-06 0.000000000e+00 0.000000000e+00 0.000000000e+00 0.000000000e+00 0.000000000e+00 0.000000000e+00 0.000000000e+00 0.000000000e+00 0.000000000e+00 2.925129650e-07
1.400070605e+04 2.182918396e+02 3.753322754e+02 5.702205300e-01 2.234754860e-01 2.372088602e-06 0.000000000e+00 0.000000000e+00 0.000000000e+00 0.000000000e+00 0.000000000e+00 0.000000000e+00 0.000000000e+00 0.000000000e+00 0.000000000e+00 3.249009524e-07
1.321603516e+04 2.177540588e+02 3.606107788e+02 5.609008074e-01 2.114717662e-01 2.374539918e-06 0.000000000e+00 0.000000000e+00 0.000000000e+00 0.000000000e+00 0.000000000e+00 0.000000000e+00 0.000000000e+00 0.000000000e+00 0.000000000e+00 3.553240333e-07
1.250047363e+04 2.166454620e+02 3.446146240e+02 5.520507097e-01 2.010454983e-01 2.462619022e-06 0.000000000e+00 0.000000000e+00 0.000000000e+00 0.000000000e+00 0.000000000e+00 0.000000000e+00 0.000000000e+00 0.000000000e+00 0.000000000e+00 4.009412464e-07
1.184825488e+04 2.143978729e+02 3.278757324e+02 5.436630845e-01 1.925534755e-01 2.507240879e-06 0.000000000e+00 0.000000000e+00 0.000000000e+00 0.000000000e+00 0.000000000e+00 0.000000000e+00 0.000000000e+00 0.000000000e+00 0.000000000e+00 4.425203315e-07
1.125592188e+04 2.120800018e+02 3.101312256e+02 5.357547402e-01 1.849263459e-01 2.511408866e-06 0.000000000e+00 0.000000000e+00 0.000000000e+00 0.000000000e+00 0.000000000e+00 0.000000000e+00 0.000000000e+00 0.000000000e+00 0.000000000e+00 4.824867119e-07
1.071926172e+04 2.097786255e+02 2.927415466e+02 5.283287764e-01 1.780414283e-01 2.511893626e-06 0.000000000e+00 0.000000000e+00 0.000000000e+00 0.000000000e+00 0.000000000e+00 0.000000000e+00 0.000000000e+00 0.000000000e+00 0.000000000e+00 5.365606057e-07
1.023187695e+04 2.076362000e+02 2.762926025e+02 5.213508606e-01 1.716997474e-01 2.494345381e-06 0.000000000e+00 0.000000000e+00 0.000000000e+00 0.000000000e+00 0.000000000e+00 0.000000000e+00 0.000000000e+00 0.000000000e+00 0.000000000e+00 5.856695680e-07
9.651442969e+04 2.964529114e+02
9.632383594e+04 2.960153503e+02
9.609780469e+04 2.955947876e+02
9.582984375e+04 2.952474365e+02
9.551735938e+04 2.948978577e+02
9.514959375e+04 2.945182495e+02
9.471305469e+04 2.940887756e+02
9.420351562e+04 2.936015930e+02
9.360036719e+04 2.930355225e+02
9.289538281e+04 2.923808899e+02
9.206845312e+04 2.916172180e+02
9.110179688e+04 2.907256775e+02
8.997309375e+04 2.896824341e+02
8.865855469e+04 2.884610291e+02
8.713424219e+04 2.870330505e+02
8.536989844e+04 2.853616638e+02
8.333660938e+04 2.834080200e+02
8.100175781e+04 2.811253967e+02
7.833747656e+04 2.784660339e+02
7.531479688e+04 2.753754578e+02
7.190644531e+04 2.718012695e+02
6.809624219e+04 2.680262451e+02
6.387594141e+04 2.655350647e+02
5.925019141e+04 2.637725525e+02
5.454948828e+04 2.609728088e+02
5.025187891e+04 2.577514343e+02
4.631906641e+04 2.541393127e+02
4.271792969e+04 2.500468903e+02
3.941973047e+04 2.458336487e+02
3.639784375e+04 2.417401428e+02
3.363099609e+04 2.376018677e+02
3.109577539e+04 2.335604858e+02
2.877540039e+04 2.298761292e+02
2.665540625e+04 2.264816589e+02
2.472442188e+04 2.232225952e+02
2.296876172e+04 2.203827057e+02
2.137209180e+04 2.186481781e+02
1.991841797e+04 2.179634247e+02
1.859253320e+04 2.179052429e+02
1.738940625e+04 2.182742767e+02
1.630059863e+04 2.186074371e+02
1.531197754e+04 2.185982819e+02
1.441126562e+04 2.183994141e+02
1.358970898e+04 2.180101624e+02
1.284110938e+04 2.171732025e+02
1.215922266e+04 2.154694824e+02
1.153787793e+04 2.131833191e+02
1.097477148e+04 2.108743439e+02
1.046411523e+04 2.086570740e+02
1.000328418e+04 2.065959625e+02
