8 49
101 1974 93 8 1 2 0 2 1 1 1 2 1
9.275000000e+01 1.200000000e+01 3.600000000e+02 1.000000000e+00 9.749999642e-02 1.368000000e+03 8.999999762e-01 3.900000000e+01 -9.800000000e+01 1.800000072e-01 2.895000000e+02 1.000000000e+00 0.000000000e+00 0.000000000e+00 0.000000000e+00
9.257603125e+04 2.856919861e+02 7.101560669e+02 9.782011509e-01 1.129064083e+00 6.759165321e-03 0.000000000e+00 0.000000000e+00 0.000000000e+00 0.000000000e+00 0.000000000e+00 0.000000000e+00 0.000000000e+00 0.000000000e+00 0.000000000e+00 6.000000212e-06
8.432419531e+04 2.810759888e+02 7.101560669e+02 9.524528384e-01 1.045313478e+00 5.202395376e-03 0.000000000e+00 0.000000000e+00 0.000000000e+00 0.000000000e+00 0.000000000e+00 0.000000000e+00 0.000000000e+00 0.000000000e+00 0.000000000e+00 6.000000212e-06
7.680789062e+04 2.764599609e+02 7.101560669e+02 9.273822904e-01 9.680364132e-01 3.952084109e-03 0.000000000e+00 0.000000000e+00 0.000000000e+00 0.000000000e+00 0.000000000e+00 0.000000000e+00 0.000000000e+00 0.000000000e+00 0.000000000e+00 6.000000212e-06
6.996155469e+04 2.718439636e+02 7.101560669e+02 9.029716849e-01 8.967221379e-01 2.960447455e-03 0.000000000e+00 0.000000000e+00 0.000000000e+00 0.000000000e+00 0.000000000e+00 0.000000000e+00 0.000000000e+00 0.000000000e+00 0.000000000e+00 6.000000212e-06
6.372548047e+04 2.672279358e+02 7.101560669e+02 8.792036176e-01 8.309011459e-01 2.184540033e-03 0.000000000e+00 0.000000000e+00 0.000000000e+00 0.000000000e+00 0.000000000e+00 0.000000000e+00 0.000000000e+00 0.000000000e+00 0.000000000e+00 6.000000212e-06
5.804525781e+04 2.626119080e+02 7.101560669e+02 8.560611606e-01 7.701413035e-01 1.586207771e-03 4.000000190e-03 0.000000000e+00 0.000000000e+00 0.000000000e+00 0.000000000e+00 1.000000000e+00 9.000000318e-06 0.000000000e+00 0.000000000e+00 6.000000212e-06
5.287134766e+04 2.579959106e+02 7.101560669e+02 8.335278630e-01 7.140451670e-01 1.131983125e-03 4.000000190e-03 0.000000000e+00 0.000000000e+00 0.000000000e+00 0.000000000e+00 1.000000000e+00 9.000000318e-06 0.000000000e+00 0.000000000e+00 6.000000212e-06
4.815861719e+04 2.533798828e+02 7.101560669e+02 8.115876317e-01 6.622469425e-01 7.929231506e-04 4.000000190e-03 0.000000000e+00 0.000000000e+00 0.000000000e+00 0.000000000e+00 1.000000000e+00 9.000000318e-06 0.000000000e+00 0.000000000e+00 6.000000212e-06
4.386596094e+04 2.487638702e+02 7.101560669e+02 7.902249694e-01 6.144102216e-01 5.443831906e-04 4.000000190e-03 0.000000000e+00 0.000000000e+00 0.000000000e+00 0.000000000e+00 1.000000000e+00 9.000000318e-06 0.000000000e+00 0.000000000e+00 6.000000212e-06
3.995593359e+04 2.441478577e+02 7.101560669e+02 7.694246173e-01 5.702252984e-01 3.657289781e-04 4.000000190e-03 0.000000000e+00 0.000000000e+00 0.000000000e+00 0.000000000e+00 1.000000000e+00 9.000000318e-06 0.000000000e+00 0.000000000e+00 6.000000212e-06
3.639442969e+04 2.395318451e+02 7.101560669e+02 7.491717935e-01 5.294071436e-01 2.399970399e-04 4.000000190e-03 0.000000000e+00 0.000000000e+00 0.000000000e+00 0.000000000e+00 1.000000000e+00 9.000000318e-06 0.000000000e+00 0.000000000e+00 6.000000212e-06
3.315038281e+04 2.349158325e+02 7.101560669e+02 7.294520140e-01 4.916934073e-01 1.535134215e-04 4.000000190e-03 0.000000000e+00 0.000000000e+00 0.000000000e+00 0.000000000e+00 1.000000000e+00 9.000000318e-06 0.000000000e+00 0.000000000e+00 6.000000212e-06
3.019549805e+04 2.302998199e+02 7.101560669e+02 7.102513313e-01 4.568427205e-01 9.548739035e-05 4.000000190e-03 0.000000000e+00 0.000000000e+00 0.000000000e+00 0.000000000e+00 1.000000000e+00 9.000000318e-06 0.000000000e+00 0.000000000e+00 6.000000212e-06
2.750400000e+04 2.256838074e+02 7.101560669e+02 6.915560365e-01 4.246328175e-01 5.759620399e-05 4.000000190e-03 0.000000000e+00 0.000000000e+00 0.000000000e+00 0.000000000e+00 1.000000000e+00 9.000000318e-06 0.000000000e+00 0.000000000e+00 6.000000212e-06
2.505240820e+04 2.210677948e+02 7.101560669e+02 6.733528376e-01 3.948590755e-01 3.357721289e-05 4.000000190e-03 0.000000000e+00 0.000000000e+00 0.000000000e+00 0.000000000e+00 1.000000000e+00 9.000000318e-06 0.000000000e+00 0.000000000e+00 6.000000212e-06
2.281934180e+04 2.164517670e+02 7.101560669e+02 6.556288004e-01 3.673331141e-01 1.884216726e-05 4.000000190e-03 0.000000000e+00 0.000000000e+00 0.000000000e+00 0.000000000e+00 1.000000000e+00 9.000000318e-06 0.000000000e+00 0.000000000e+00 6.000000212e-06
2.078532227e+04 2.118357544e+02 7.101560669e+02 6.383712888e-01 3.418814838e-01 1.012559187e-05 4.000000190e-03 0.000000000e+00 0.000000000e+00 0.000000000e+00 0.000000000e+00 1.000000000e+00 9.000000318e-06 0.000000000e+00 0.000000000e+00 6.000000212e-06
1.893260547e+04 2.072197418e+02 7.101560669e+02 6.215680838e-01 3.183445036e-01 5.175740625e-06 4.000000190e-03 0.000000000e+00 0.000000000e+00 0.000000000e+00 0.000000000e+00 1.000000000e+00 9.000000318e-06 0.000000000e+00 0.000000000e+00 6.000000212e-06
1.724503320e+04 2.026037292e+02 7.101560669e+02 6.052070856e-01 2.965750992e-01 2.492774684e-06 4.000000190e-03 0.000000000e+00 0.000000000e+00 0.000000000e+00 0.000000000e+00 1.000000000e+00 9.000000318e-06 0.000000000e+00 0.000000000e+00 6.000000212e-06
1.570788379e+04 1.979877167e+02 7.101560669e+02 5.892767906e-01 2.764378786e-01 1.115179771e-06 4.000000190e-03 0.000000000e+00 0.000000000e+00 0.000000000e+00 0.000000000e+00 1.000000000e+00 9.000000318e-06 0.000000000e+00 0.000000000e+00 6.000000212e-06
1.430774902e+04 1.950000000e+02 7.101560669e+02 5.737658143e-01 2.556553185e-01 5.858742611e-07 4.000000190e-03 0.000000000e+00 0.000000000e+00 0.000000000e+00 0.000000000e+00 1.000000000e+00 9.000000318e-06 0.000000000e+00 0.000000000e+00 6.000000212e-06
1.303241699e+04 1.950000000e+02 7.101560669e+02 5.586630702e-01 2.328672707e-01 4.394521795e-07 4.000000190e-03 0.000000000e+00 0.000000000e+00 0.000000000e+00 0.000000000e+00 1.000000000e+00 9.000000318e-06 0.000000000e+00 0.000000000e+00 6.000000212e-06
1.187076172e+04 1.950000000e+02 7.101560669e+02 5.439579487e-01 2.121104598e-01 3.779909150e-07 4.000000190e-03 0.000000000e+00 0.000000000e+00 0.000000000e+00 0.000000000e+00 1.000000000e+00 9.000000318e-06 0.000000000e+00 0.000000000e+00 6.000000212e-06
1.081265234e+04 1.950000000e+02 7.101560669e+02 5.296398401e-01 1.932038218e-01 4.149805761e-07 4.000000190e-03 0.000000000e+00 0.000000000e+00 0.000000000e+00 0.000000000e+00 1.000000000e+00 9.000000318e-06 0.000000000e+00 0.000000000e+00 6.000000212e-06
9.848857422e+03 1.950000000e+02 7.101560669e+02 5.156986117e-01 1.759824455e-01 4.555899693e-07 4.000000190e-03 0.000000000e+00 0.000000000e+00 0.000000000e+00 0.000000000e+00 1.000000000e+00 9.000000318e-06 0.000000000e+00 0.000000000e+00 6.000000212e-06
8.970971680e+03 1.950000000e+02 7.101560669e+02 5.021243691e-01 1.602961123e-01 5.001733712e-07 0.000000000e+00 0.000000000e+00 0.000000000e+00 0.000000000e+00 0.000000000e+00 0.000000000e+00 0.000000000e+00 0.000000000e+00 0.000000000e+00 6.000000212e-06
8.171337402e+03 1.950000000e+02 7.101560669e+02 4.889073968e-01 1.460079998e-01 5.491195907e-07 0.000000000e+00 0.000000000e+00 0.000000000e+00 0.000000000e+00 0.000000000e+00 0.000000000e+00 0.000000000e+00 0.000000000e+00 0.000000000e+00 6.000000212e-06
7.442979004e+03 1.950000000e+02 7.101560669e+02 4.760383368e-01 1.329934597e-01 6.028556641e-07 0.000000000e+00 0.000000000e+00 0.000000000e+00 0.000000000e+00 0.000000000e+00 0.000000000e+00 0.000000000e+00 0.000000000e+00 0.000000000e+00 6.000000212e-06
6.779542969e+03 1.950000000e+02 7.101560669e+02 4.635080397e-01 1.211389825e-01 6.618502653e-07 0.000000000e+00 0.000000000e+00 0.000000000e+00 0.000000000e+00 0.000000000e+00 0.000000000e+00 0.000000000e+00 0.000000000e+00 0.000000000e+00 6.000000212e-06
6.175243164e+03 1.950000000e+02 7.101560669e+02 4.513075352e-01 1.103411615e-01 7.266179978e-07 0.000000000e+00 0.000000000e+00 0.000000000e+00 0.000000000e+00 0.000000000e+00 0.000000000e+00 0.000000000e+00 0.000000000e+00 0.000000000e+00 6.000000212e-06
5.624808105e+03 1.950000000e+02 7.101560669e+02 4.394281805e-01 1.005058140e-01 7.977238283e-07 0.000000000e+00 0.000000000e+00 0.000000000e+00 0.000000000e+00 0.000000000e+00 0.000000000e+00 0.000000000e+00 0.000000000e+00 0.000000000e+00 6.000000212e-06
5.123436035e+03 1.950000000e+02 7.101560669e+02 4.278615415e-01 9.154714644e-02 8.757879755e-07 0.000000000e+00 0.000000000e+00 0.000000000e+00 0.000000000e+00 0.000000000e+00 0.000000000e+00 0.000000000e+00 0.000000000e+00 0.000000000e+00 6.000000212e-06
4.666754883e+03 1.950000000e+02 7.101560669e+02 4.165993333e-01 8.338702470e-02 9.614914234e-07 0.000000000e+00 0.000000000e+00 0.000000000e+00 0.000000000e+00 0.000000000e+00 0.000000000e+00 0.000000000e+00 0.000000000e+00 0.000000000e+00 6.000000212e-06
4.250779785e+03 1.950000000e+02 7.101560669e+02 4.056335688e-01 7.595425099e-02 1.055581606e-06 0.000000000e+00 0.000000000e+00 0.000000000e+00 0.000000000e+00 0.000000000e+00 0.000000000e+00 0.000000000e+00 0.000000000e+00 0.000000000e+00 6.000000212e-06
3.871883301e+03 1.950000000e+02 7.101560669e+02 3.949564397e-01 6.918401271e-02 1.158879400e-06 0.000000000e+00 0.000000000e+00 0.000000000e+00 0.000000000e+00 0.000000000e+00 0.000000000e+00 0.000000000e+00 0.000000000e+00 0.000000000e+00 6.000000212e-06
3.526759766e+03 1.950000000e+02 7.101560669e+02 3.845603764e-01 6.301724166e-02 1.272285886e-06 0.000000000e+00 0.000000000e+00 0.000000000e+00 0.000000000e+00 0.000000000e+00 0.000000000e+00 0.000000000e+00 0.000000000e+00 0.000000000e+00 6.000000212e-06
3.212399414e+03 1.950000000e+02 7.101560669e+02 3.744379580e-01 5.740014836e-02 1.396790140e-06 0.000000000e+00 0.000000000e+00 0.000000000e+00 0.000000000e+00 0.000000000e+00 0.000000000e+00 0.000000000e+00 0.000000000e+00 0.000000000e+00 6.000000212e-06
2.926059570e+03 1.950000000e+02 7.101560669e+02 3.645819724e-01 5.228374153e-02 1.533478212e-06 0.000000000e+00 0.000000000e+00 0.000000000e+00 0.000000000e+00 0.000000000e+00 0.000000000e+00 0.000000000e+00 0.000000000e+00 0.000000000e+00 6.000000212e-06
2.665242920e+03 1.950000000e+02 7.101560669e+02 3.549854159e-01 4.762338847e-02 1.683542450e-06 0.000000000e+00 0.000000000e+00 0.000000000e+00 0.000000000e+00 0.000000000e+00 0.000000000e+00 0.000000000e+00 0.000000000e+00 0.000000000e+00 6.000000212e-06
2.427674316e+03 1.950000000e+02 7.101560669e+02 3.456414640e-01 4.337843880e-02 1.848291845e-06 0.000000000e+00 0.000000000e+00 0.000000000e+00 0.000000000e+00 0.000000000e+00 0.000000000e+00 0.000000000e+00 0.000000000e+00 0.000000000e+00 6.000000212e-06
2.211281738e+03 1.950000000e+02 7.101560669e+02 3.365434706e-01 3.951186687e-02 2.029163397e-06 0.000000000e+00 0.000000000e+00 0.000000000e+00 0.000000000e+00 0.000000000e+00 0.000000000e+00 0.000000000e+00 0.000000000e+00 0.000000000e+00 6.000000212e-06
2.014177368e+03 1.950000000e+02 7.101560669e+02 3.276849389e-01 3.598994762e-02 2.227734967e-06 0.000000000e+00 0.000000000e+00 0.000000000e+00 0.000000000e+00 0.000000000e+00 0.000000000e+00 0.000000000e+00 0.000000000e+00 0.000000000e+00 6.000000212e-06
1.834642090e+03 1.950000000e+02 7.101560669e+02 3.190596104e-01 3.278195485e-02 2.445738801e-06 0.000000000e+00 0.000000000e+00 0.000000000e+00 0.000000000e+00 0.000000000e+00 0.000000000e+00 0.000000000e+00 0.000000000e+00 0.000000000e+00 6.000000212e-06
1.671109863e+03 1.950000000e+02 7.101560669e+02 3.106612861e-01 2.985990979e-02 2.685075970e-06 0.000000000e+00 0.000000000e+00 0.000000000e+00 0.000000000e+00 0.000000000e+00 0.000000000e+00 0.000000000e+00 0.000000000e+00 0.000000000e+00 6.000000212e-06
1.522154175e+03 1.950000000e+02 7.101560669e+02 3.024840355e-01 2.719832212e-02 2.947834673e-06 0.000000000e+00 0.000000000e+00 0.000000000e+00 0.000000000e+00 0.000000000e+00 0.000000000e+00 0.000000000e+00 0.000000000e+00 0.000000000e+00 6.000000212e-06
1.386475708e+03 1.950000000e+02 7.101560669e+02 2.945220470e-01 2.477397956e-02 3.236306839e-06 0.000000000e+00 0.000000000e+00 0.000000000e+00 0.000000000e+00 0.000000000e+00 0.000000000e+00 0.000000000e+00 0.000000000e+00 0.000000000e+00 6.000000212e-06
1.262891113e+03 1.950000000e+02 7.101560669e+02 2.867695987e-01 2.256572992e-02 3.553008810e-06 0.000000000e+00 0.000000000e+00 0.000000000e+00 0.000000000e+00 0.000000000e+00 0.000000000e+00 0.000000000e+00 0.000000000e+00 0.000000000e+00 6.000000212e-06
1.150322266e+03 1.950000000e+02 7.101560669e+02 2.792212367e-01 2.055431716e-02 3.900703177e-06 0.000000000e+00 0.000000000e+00 0.000000000e+00 0.000000000e+00 0.000000000e+00 0.000000000e+00 0.000000000e+00 0.000000000e+00 0.000000000e+00 6.000000212e-06
1.047787476e+03 1.950000000e+02 7.101560669e+02 2.718715370e-01 1.872219145e-02 4.282422651e-06 0.000000000e+00 0.000000000e+00 0.000000000e+00 0.000000000e+00 0.000000000e+00 0.000000000e+00 0.000000000e+00 0.000000000e+00 0.000000000e+00 6.000000212e-06
9.700000000e+04 2.880000000e+02
8.835382812e+04 2.833839722e+02
8.047834375e+04 2.787679749e+02
7.330483594e+04 2.741519470e+02
6.677075781e+04 2.695359497e+02
6.081908984e+04 2.649199219e+02
5.539793359e+04 2.603039246e+02
5.045999609e+04 2.556878967e+02
4.596220312e+04 2.510718842e+02
4.186532422e+04 2.464558716e+02
3.813362891e+04 2.418398590e+02
3.473455469e+04 2.372238464e+02
3.163846484e+04 2.326078186e+02
2.881834375e+04 2.279918060e+02
2.624959961e+04 2.233757935e+02
2.390982031e+04 2.187597809e+02
2.177859961e+04 2.141437683e+02
1.983734570e+04 2.095277557e+02
1.806912891e+04 2.049117432e+02
1.645852344e+04 2.002957153e+02
1.499147949e+04 1.956797028e+02
1.365520215e+04 1.950000000e+02
1.243803516e+04 1.950000000e+02
1.132936133e+04 1.950000000e+02
1.031950977e+04 1.950000000e+02
9.399671875e+03 1.950000000e+02
8.561824219e+03 1.950000000e+02
7.798659668e+03 1.950000000e+02
7.103520020e+03 1.950000000e+02
6.470341797e+03 1.950000000e+02
5.893603027e+03 1.950000000e+02
5.368271973e+03 1.950000000e+02
4.889767090e+03 1.950000000e+02
4.453913574e+03 1.950000000e+02
4.056910400e+03 1.950000000e+02
3.695294678e+03 1.950000000e+02
3.365911621e+03 1.950000000e+02
3.065888428e+03 1.950000000e+02
2.792607910e+03 1.950000000e+02
2.543686768e+03 1.950000000e+02
2.316953125e+03 1.950000000e+02
2.110429688e+03 1.950000000e+02
1.922314941e+03 1.950000000e+02
1.750967896e+03 1.950000000e+02
1.594893921e+03 1.950000000e+02
1.452731812e+03 1.950000000e+02
1.323241455e+03 1.950000000e+02
1.205293213e+03 1.950000000e+02
1.097858521e+03 1.950000000e+02
1.000000000e+03 1.950000000e+02
102 1974 93 8 1 2 0 2 1 1 1 2 1
9.275000000e+01 1.200000000e+01 3.600000000e+02 1.000000000e+00 9.749999642e-02 1.368000000e+03 9.999999960e-12 3.900000000e+01 -9.800000000e+01 1.800000072e-01 2.895000000e+02 1.000000000e+00 0.000000000e+00 0.000000000e+00 0.000000000e+00
9.257603125e+04 2.856919861e+02 7.101560669e+02 9.782011509e-01 1.129064083e+00 6.759165321e-03 0.000000000e+00 0.000000000e+00 0.000000000e+00 0.000000000e+00 0.000000000e+00 0.000000000e+00 0.000000000e+00 0.000000000e+00 0.000000000e+00 6.000000212e-06
8.432419531e+04 2.810759888e+02 7.101560669e+02 9.524528384e-01 1.045313478e+00 5.202395376e-03 0.000000000e+00 0.000000000e+00 0.000000000e+00 0.000000000e+00 0.000000000e+00 0.000000000e+00 0.000000000e+00 0.000000000e+00 0.000000000e+00 6.000000212e-06
7.680789062e+04 2.764599609e+02 7.101560669e+02 9.273822904e-01 9.680364132e-01 3.952084109e-03 0.000000000e+00 0.000000000e+00 0.000000000e+00 0.000000000e+00 0.000000000e+00 0.000000000e+00 0.000000000e+00 0.000000000e+00 0.000000000e+00 6.000000212e-06
6.996155469e+04 2.718439636e+02 7.101560669e+02 9.029716849e-01 8.967221379e-01 2.960447455e-03 0.000000000e+00 0.000000000e+00 0.000000000e+00 0.000000000e+00 0.000000000e+00 0.000000000e+00 0.000000000e+00 0.000000000e+00 0.000000000e+00 6.000000212e-06
6.372548047e+04 2.672279358e+02 7.101560669e+02 8.792036176e-01 8.309011459e-01 2.184540033e-03 0.000000000e+00 0.000000000e+00 0.000000000e+00 0.000000000e+00 0.000000000e+00 0.000000000e+00 0.000000000e+00 0.000000000e+00 0.000000000e+00 6.000000212e-06
5.804525781e+04 2.626119080e+02 7.101560669e+02 8.560611606e-01 7.701413035e-01 1.586207771e-03 4.000000190e-03 0.000000000e+00 0.000000000e+00 0.000000000e+00 0.000000000e+00 1.000000000e+00 9.000000318e-06 0.000000000e+00 0.000000000e+00 6.000000212e-06
5.287134766e+04 2.579959106e+02 7.101560669e+02 8.335278630e-01 7.140451670e-01 1.131983125e-03 4.000000190e-03 0.000000000e+00 0.000000000e+00 0.000000000e+00 0.000000000e+00 1.000000000e+00 9.000000318e-06 0.000000000e+00 0.000000000e+00 6.000000212e-06
4.815861719e+04 2.533798828e+02 7.101560669e+02 8.115876317e-01 6.622469425e-01 7.929231506e-04 4.000000190e-03 0.000000000e+00 0.000000000e+00 0.000000000e+00 0.000000000e+00 1.000000000e+00 9.000000318e-06 0.000000000e+00 0.000000000e+00 6.000000212e-06
4.386596094e+04 2.487638702e+02 7.101560669e+02 7.902249694e-01 6.144102216e-01 5.443831906e-04 4.000000190e-03 0.000000000e+00 0.000000000e+00 0.000000000e+00 0.000000000e+00 1.000000000e+00 9.000000318e-06 0.000000000e+00 0.000000000e+00 6.000000212e-06
3.995593359e+04 2.441478577e+02 7.101560669e+02 7.694246173e-01 5.702252984e-01 3.657289781e-04 4.000000190e-03 0.000000000e+00 0.000000000e+00 0.000000000e+00 0.000000000e+00 1.000000000e+00 9.000000318e-06 0.000000000e+00 0.000000000e+00 6.000000212e-06
3.639442969e+04 2.395318451e+02 7.101560669e+02 7.491717935e-01 5.294071436e-01 2.399970399e-04 4.000000190e-03 0.000000000e+00 0.000000000e+00 0.000000000e+00 0.000000000e+00 1.000000000e+00 9.000000318e-06 0.000000000e+00 0.000000000e+00 6.000000212e-06
3.315038281e+04 2.349158325e+02 7.101560669e+02 7.294520140e-01 4.916934073e-01 1.535134215e-04 4.000000190e-03 0.000000000e+00 0.000000000e+00 0.000000000e+00 0.000000000e+00 1.000000000e+00 9.000000318e-06 0.000000000e+00 0.000000000e+00 6.000000212e-06
3.019549805e+04 2.302998199e+02 7.101560669e+02 7.102513313e-01 4.568427205e-01 9.548739035e-05 4.000000190e-03 0.000000000e+00 0.000000000e+00 0.000000000e+00 0.000000000e+00 1.000000000e+00 9.000000318e-06 0.000000000e+00 0.000000000e+00 6.000000212e-06
2.750400000e+04 2.256838074e+02 7.101560669e+02 6.915560365e-01 4.246328175e-01 5.759620399e-05 4.000000190e-03 0.000000000e+00 0.000000000e+00 0.000000000e+00 0.000000000e+00 1.000000000e+00 9.000000318e-06 0.000000000e+00 0.000000000e+00 6.000000212e-06
2.505240820e+04 2.210677948e+02 7.101560669e+02 6.733528376e-01 3.948590755e-01 3.357721289e-05 4.000000190e-03 0.000000000e+00 0.000000000e+00 0.000000000e+00 0.000000000e+00 1.000000000e+00 9.000000318e-06 0.000000000e+00 0.000000000e+00 6.000000212e-06
2.281934180e+04 2.164517670e+02 7.101560669e+02 6.556288004e-01 3.673331141e-01 1.884216726e-05 4.000000190e-03 0.000000000e+00 0.000000000e+00 0.000000000e+00 0.000000000e+00 1.000000000e+00 9.000000318e-06 0.000000000e+00 0.000000000e+00 6.000000212e-06
2.078532227e+04 2.118357544e+02 7.101560669e+02 6.383712888e-01 3.418814838e-01 1.012559187e-05 4.000000190e-03 0.000000000e+00 0.000000000e+00 0.000000000e+00 0.000000000e+00 1.000000000e+00 9.000000318e-06 0.000000000e+00 0.000000000e+00 6.000000212e-06
1.893260547e+04 2.072197418e+02 7.101560669e+02 6.215680838e-01 3.183445036e-01 5.175740625e-06 4.000000190e-03 0.000000000e+00 0.000000000e+00 0.000000000e+00 0.000000000e+00 1.000000000e+00 9.000000318e-06 0.000000000e+00 0.000000000e+00 6.000000212e-06
1.724503320e+04 2.026037292e+02 7.101560669e+02 6.052070856e-01 2.965750992e-01 2.492774684e-06 4.000000190e-03 0.000000000e+00 0.000000000e+00 0.000000000e+00 0.000000000e+00 1.000000000e+00 9.000000318e-06 0.000000000e+00 0.000000000e+00 6.000000212e-06
1.570788379e+04 1.979877167e+02 7.101560669e+02 5.892767906e-01 2.764378786e-01 1.115179771e-06 4.000000190e-03 0.000000000e+00 0.000000000e+00 0.000000000e+00 0.000000000e+00 1.000000000e+00 9.000000318e-06 0.000000000e+00 0.000000000e+00 6.000000212e-06
1.430774902e+04 1.950000000e+02 7.101560669e+02 5.737658143e-01 2.556553185e-01 5.858742611e-07 4.000000190e-03 0.000000000e+00 0.000000000e+00 0.000000000e+00 0.000000000e+00 1.000000000e+00 9.000000318e-06 0.000000000e+00 0.000000000e+00 6.000000212e-06
1.303241699e+04 1.950000000e+02 7.101560669e+02 5.586630702e-01 2.328672707e-01 4.394521795e-07 4.000000190e-03 0.000000000e+00 0.000000000e+00 0.000000000e+00 0.000000000e+00 1.000000000e+00 9.000000318e-06 0.000000000e+00 0.000000000e+00 6.000000212e-06
1.187076172e+04 1.950000000e+02 7.101560669e+02 5.439579487e-01 2.121104598e-01 3.779909150e-07 4.000000190e-03 0.000000000e+00 0.000000000e+00 0.000000000e+00 0.000000000e+00 1.000000000e+00 9.000000318e-06 0.000000000e+00 0.000000000e+00 6.000000212e-06
1.081265234e+04 1.950000000e+02 7.101560669e+02 5.296398401e-01 1.932038218e-01 4.149805761e-07 4.000000190e-03 0.000000000e+00 0.000000000e+00 0.000000000e+00 0.000000000e+00 1.000000000e+00 9.000000318e-06 0.000000000e+00 0.000000000e+00 6.000000212e-06
9.848857422e+03 1.950000000e+02 7.101560669e+02 5.156986117e-01 1.759824455e-01 4.555899693e-07 4.000000190e-03 0.000000000e+00 0.000000000e+00 0.000000000e+00 0.000000000e+00 1.000000000e+00 9.000000318e-06 0.000000000e+00 0.000000000e+00 6.000000212e-06
8.970971680e+03 1.950000000e+02 7.101560669e+02 5.021243691e-01 1.602961123e-01 5.001733712e-07 0.000000000e+00 0.000000000e+00 0.000000000e+00 0.000000000e+00 0.000000000e+00 0.000000000e+00 0.000000000e+00 0.000000000e+00 0.000000000e+00 6.000000212e-06
8.171337402e+03 1.950000000e+02 7.101560669e+02 4.889073968e-01 1.460079998e-01 5.491195907e-07 0.000000000e+00 0.000000000e+00 0.000000000e+00 0.000000000e+00 0.000000000e+00 0.000000000e+00 0.000000000e+00 0.000000000e+00 0.000000000e+00 6.000000212e-06
7.442979004e+03 1.950000000e+02 7.101560669e+02 4.760383368e-01 1.329934597e-01 6.028556641e-07 0.000000000e+00 0.000000000e+00 0.000000000e+00 0.000000000e+00 0.000000000e+00 0.000000000e+00 0.000000000e+00 0.000000000e+00 0.000000000e+00 6.000000212e-06
6.779542969e+03 1.950000000e+02 7.101560669e+02 4.635080397e-01 1.211389825e-01 6.618502653e-07 0.000000000e+00 0.000000000e+00 0.000000000e+00 0.000000000e+00 0.000000000e+00 0.000000000e+00 0.000000000e+00 0.000000000e+00 0.000000000e+00 6.000000212e-06
6.175243164e+03 1.950000000e+02 7.101560669e+02 4.513075352e-01 1.103411615e-01 7.266179978e-07 0.000000000e+00 0.000000000e+00 0.000000000e+00 0.000000000e+00 0.000000000e+00 0.000000000e+00 0.000000000e+00 0.000000000e+00 0.000000000e+00 6.000000212e-06
5.624808105e+03 1.950000000e+02 7.101560669e+02 4.394281805e-01 1.005058140e-01 7.977238283e-07 0.000000000e+00 0.000000000e+00 0.000000000e+00 0.000000000e+00 0.000000000e+00 0.000000000e+00 0.000000000e+00 0.000000000e+00 0.000000000e+00 6.000000212e-06
5.123436035e+03 1.950000000e+02 7.101560669e+02 4.278615415e-01 9.154714644e-02 8.757879755e-07 0.000000000e+00 0.000000000e+00 0.000000000e+00 0.000000000e+00 0.000000000e+00 0.000000000e+00 0.000000000e+00 0.000000000e+00 0.000000000e+00 6.000000212e-06
4.666754883e+03 1.950000000e+02 7.101560669e+02 4.165993333e-01 8.338702470e-02 9.614914234e-07 0.000000000e+00 0.000000000e+00 0.000000000e+00 0.000000000e+00 0.000000000e+00 0.000000000e+00 0.000000000e+00 0.000000000e+00 0.000000000e+00 6.000000212e-06
4.250779785e+03 1.950000000e+02 7.101560669e+02 4.056335688e-01 7.595425099e-02 1.055581606e-06 0.000000000e+00 0.000000000e+00 0.000000000e+00 0.000000000e+00 0.000000000e+00 0.000000000e+00 0.000000000e+00 0.000000000e+00 0.000000000e+00 6.000000212e-06
3.871883301e+03 1.950000000e+02 7.101560669e+02 3.949564397e-01 6.918401271e-02 1.158879400e-06 0.000000000e+00 0.000000000e+00 0.000000000e+00 0.000000000e+00 0.000000000e+00 0.000000000e+00 0.000000000e+00 0.000000000e+00 0.000000000e+00 6.000000212e-06
3.526759766e+03 1.950000000e+02 7.101560669e+02 3.845603764e-01 6.301724166e-02 1.272285886e-06 0.000000000e+00 0.000000000e+00 0.000000000e+00 0.000000000e+00 0.000000000e+00 0.000000000e+00 0.000000000e+00 0.000000000e+00 0.000000000e+00 6.000000212e-06
3.212399414e+03 1.950000000e+02 7.101560669e+02 3.744379580e-01 5.740014836e-02 1.396790140e-06 0.000000000e+00 0.000000000e+00 0.000000000e+00 0.000000000e+00 0.000000000e+00 0.000000000e+00 0.000000000e+00 0.000000000e+00 0.000000000e+00 6.000000212e-06
2.926059570e+03 1.950000000e+02 7.101560669e+02 3.645819724e-01 5.228374153e-02 1.533478212e-06 0.000000000e+00 0.000000000e+00 0.000000000e+00 0.000000000e+00 0.000000000e+00 0.000000000e+00 0.000000000e+00 0.000000000e+00 0.000000000e+00 6.000000212e-06
2.665242920e+03 1.950000000e+02 7.101560669e+02 3.549854159e-01 4.762338847e-02 1.683542450e-06 0.000000000e+00 0.000000000e+00 0.000000000e+00 0.000000000e+00 0.000000000e+00 0.000000000e+00 0.000000000e+00 0.000000000e+00 0.000000000e+00 6.000000212e-06
2.427674316e+03 1.950000000e+02 7.101560669e+02 3.456414640e-01 4.337843880e-02 1.848291845e-06 0.000000000e+00 0.000000000e+00 0.000000000e+00 0.000000000e+00 0.000000000e+00 0.000000000e+00 0.000000000e+00 0.000000000e+00 0.000000000e+00 6.000000212e-06
2.211281738e+03 1.950000000e+02 7.101560669e+02 3.365434706e-01 3.951186687e-02 2.029163397e-06 0.000000000e+00 0.000000000e+00 0.000000000e+00 0.000000000e+00 0.000000000e+00 0.000000000e+00 0.000000000e+00 0.000000000e+00 0.000000000e+00 6.000000212e-06
2.014177368e+03 1.950000000e+02 7.101560669e+02 3.276849389e-01 3.598994762e-02 2.227734967e-06 0.000000000e+00 0.000000000e+00 0.000000000e+00 0.000000000e+00 0.000000000e+00 0.000000000e+00 0.000000000e+00 0.000000000e+00 0.000000000e+00 6.000000212e-06
1.834642090e+03 1.950000000e+02 7.101560669e+02 3.190596104e-01 3.278195485e-02 2.445738801e-06 0.000000000e+00 0.000000000e+00 0.000000000e+00 0.000000000e+00 0.000000000e+00 0.000000000e+00 0.000000000e+00 0.000000000e+00 0.000000000e+00 6.000000212e-06
1.671109863e+03 1.950000000e+02 7.101560669e+02 3.106612861e-01 2.985990979e-02 2.685075970e-06 0.000000000e+00 0.000000000e+00 0.000000000e+00 0.000000000e+00 0.000000000e+00 0.000000000e+00 0.000000000e+00 0.000000000e+00 0.000000000e+00 6.000000212e-06
1.522154175e+03 1.950000000e+02 7.101560669e+02 3.024840355e-01 2.719832212e-02 2.947834673e-06 0.000000000e+00 0.000000000e+00 0.000000000e+00 0.000000000e+00 0.000000000e+00 0.000000000e+00 0.000000000e+00 0.000000000e+00 0.000000000e+00 6.000000212e-06
1.386475708e+03 1.950000000e+02 7.101560669e+02 2.945220470e-01 2.477397956e-02 3.236306839e-06 0.000000000e+00 0.000000000e+00 0.000000000e+00 0.000000000e+00 0.000000000e+00 0.000000000e+00 0.000000000e+00 0.000000000e+00 0.000000000e+00 6.000000212e-06
1.262891113e+03 1.950000000e+02 7.101560669e+02 2.867695987e-01 2.256572992e-02 3.553008810e-06 0.000000000e+00 0.000000000e+00 0.000000000e+00 0.000000000e+00 0.000000000e+00 0.000000000e+00 0.000000000e+00 0.000000000e+00 0.000000000e+00 6.000000212e-06
1.150322266e+03 1.950000000e+02 7.101560669e+02 2.792212367e-01 2.055431716e-02 3.900703177e-06 0.000000000e+00 0.000000000e+00 0.000000000e+00 0.000000000e+00 0.000000000e+00 0.000000000e+00 0.000000000e+00 0.000000000e+00 0.000000000e+00 6.000000212e-06
1.047787476e+03 1.950000000e+02 7.101560669e+02 2.718715370e-01 1.872219145e-02 4.282422651e-06 0.000000000e+00 0.000000000e+00 0.000000000e+00 0.000000000e+00 0.000000000e+00 0.000000000e+00 0.000000000e+00 0.000000000e+00 0.000000000e+00 6.000000212e-06
9.700000000e+04 2.880000000e+02
8.835382812e+04 2.833839722e+02
8.047834375e+04 2.787679749e+02
7.330483594e+04 2.741519470e+02
6.677075781e+04 2.695359497e+02
6.081908984e+04 2.649199219e+02
5.539793359e+04 2.603039246e+02
5.045999609e+04 2.556878967e+02
4.596220312e+04 2.510718842e+02
4.186532422e+04 2.464558716e+02
3.813362891e+04 2.418398590e+02
3.473455469e+04 2.372238464e+02
3.163846484e+04 2.326078186e+02
2.881834375e+04 2.279918060e+02
2.624959961e+04 2.233757935e+02
2.390982031e+04 2.187597809e+02
2.177859961e+04 2.141437683e+02
1.983734570e+04 2.095277557e+02
1.806912891e+04 2.049117432e+02
1.645852344e+04 2.002957153e+02
1.499147949e+04 1.956797028e+02
1.365520215e+04 1.950000000e+02
1.243803516e+04 1.950000000e+02
1.132936133e+04 1.950000000e+02
1.031950977e+04 1.950000000e+02
9.399671875e+03 1.950000000e+02
8.561824219e+03 1.950000000e+02
7.798659668e+03 1.950000000e+02
7.103520020e+03 1.950000000e+02
6.470341797e+03 1.950000000e+02
5.893603027e+03 1.950000000e+02
5.368271973e+03 1.950000000e+02
4.889767090e+03 1.950000000e+02
4.453913574e+03 1.950000000e+02
4.056910400e+03 1.950000000e+02
3.695294678e+03 1.950000000e+02
3.365911621e+03 1.950000000e+02
3.065888428e+03 1.950000000e+02
2.792607910e+03 1.950000000e+02
2.543686768e+03 1.950000000e+02
2.316953125e+03 1.950000000e+02
2.110429688e+03 1.950000000e+02
1.922314941e+03 1.950000000e+02
1.750967896e+03 1.950000000e+02
1.594893921e+03 1.950000000e+02
1.452731812e+03 1.950000000e+02
1.323241455e+03 1.950000000e+02
1.205293213e+03 1.950000000e+02
1.097858521e+03 1.950000000e+02
1.000000000e+03 1.950000000e+02
103 1974 93 50 1 2 0 2 0 1 0 2 1
9.275000000e+01 1.200000000e+01 3.600000000e+02 1.000000000e+00 9.749999642e-02 1.368000000e+03 8.999999762e-01 3.900000000e+01 -9.800000000e+01 1.800000072e-01 2.895000000e+02 1.000000000e+00 0.000000000e+00 0.000000000e+00 0.000000000e+00
9.257603125e+04 2.856919861e+02 7.101560669e+02 9.782011509e-01 1.129064083e+00 6.759165321e-03 0.000000000e+00 0.000000000e+00 0.000000000e+00 0.000000000e+00 0.000000000e+00 0.000000000e+00 0.000000000e+00 0.000000000e+00 0.000000000e+00 6.000000212e-06
8.432419531e+04 2.810759888e+02 7.101560669e+02 9.524528384e-01 1.045313478e+00 5.202395376e-03 0.000000000e+00 0.000000000e+00 0.000000000e+00 0.000000000e+00 0.000000000e+00 0.000000000e+00 0.000000000e+00 0.000000000e+00 0.000000000e+00 6.000000212e-06
7.680789062e+04 2.764599609e+02 7.101560669e+02 9.273822904e-01 9.680364132e-01 3.952084109e-03 0.000000000e+00 0.000000000e+00 0.000000000e+00 0.000000000e+00 0.000000000e+00 0.000000000e+00 0.000000000e+00 0.000000000e+00 0.000000000e+00 6.000000212e-06
6.996155469e+04 2.718439636e+02 7.101560669e+02 9.029716849e-01 8.967221379e-01 2.960447455e-03 0.000000000e+00 0.000000000e+00 0.000000000e+00 0.000000000e+00 0.000000000e+00 0.000000000e+00 0.000000000e+00 0.000000000e+00 0.000000000e+00 6.000000212e-06
6.372548047e+04 2.672279358e+02 7.101560669e+02 8.792036176e-01 8.309011459e-01 2.184540033e-03 0.000000000e+00 0.000000000e+00 0.000000000e+00 0.000000000e+00 0.000000000e+00 0.000000000e+00 0.000000000e+00 0.000000000e+00 0.000000000e+00 6.000000212e-06
5.804525781e+04 2.626119080e+02 7.101560669e+02 8.560611606e-01 7.701413035e-01 1.586207771e-03 0.000000000e+00 0.000000000e+00 0.000000000e+00 0.000000000e+00 0.000000000e+00 0.000000000e+00 0.000000000e+00 0.000000000e+00 0.000000000e+00 6.000000212e-06
5.287134766e+04 2.579959106e+02 7.101560669e+02 8.335278630e-01 7.140451670e-01 1.131983125e-03 0.000000000e+00 0.000000000e+00 0.000000000e+00 0.000000000e+00 0.000000000e+00 0.000000000e+00 0.000000000e+00 0.000000000e+00 0.000000000e+00 6.000000212e-06
4.815861719e+04 2.533798828e+02 7.101560669e+02 8.115876317e-01 6.622469425e-01 7.929231506e-04 0.000000000e+00 0.000000000e+00 0.000000000e+00 0.000000000e+00 0.000000000e+00 0.000000000e+00 0.000000000e+00 0.000000000e+00 0.000000000e+00 6.000000212e-06
4.386596094e+04 2.487638702e+02 7.101560669e+02 7.902249694e-01 6.144102216e-01 5.443831906e-04 0.000000000e+00 0.000000000e+00 0.000000000e+00 0.000000000e+00 0.000000000e+00 0.000000000e+00 0.000000000e+00 0.000000000e+00 0.000000000e+00 6.000000212e-06
3.995593359e+04 2.441478577e+02 7.101560669e+02 7.694246173e-01 5.702252984e-01 3.657289781e-04 0.000000000e+00 0.000000000e+00 0.000000000e+00 0.000000000e+00 0.000000000e+00 0.000000000e+00 0.000000000e+00 0.000000000e+00 0.000000000e+00 6.000000212e-06
3.639442969e+04 2.395318451e+02 7.101560669e+02 7.491717935e-01 5.294071436e-01 2.399970399e-04 0.000000000e+00 0.000000000e+00 0.000000000e+00 0.000000000e+00 0.000000000e+00 0.000000000e+00 0.000000000e+00 0.000000000e+00 0.000000000e+00 6.000000212e-06
3.315038281e+04 2.349158325e+02 7.101560669e+02 7.294520140e-01 4.916934073e-01 1.535134215e-04 0.000000000e+00 0.000000000e+00 0.000000000e+00 0.000000000e+00 0.000000000e+00 0.000000000e+00 0.000000000e+00 0.000000000e+00 0.000000000e+00 6.000000212e-06
3.019549805e+04 2.302998199e+02 7.101560669e+02 7.102513313e-01 4.568427205e-01 9.548739035e-05 0.000000000e+00 0.000000000e+00 0.000000000e+00 0.000000000e+00 0.000000000e+00 0.000000000e+00 0.000000000e+00 0.000000000e+00 0.000000000e+00 6.000000212e-06
2.750400000e+04 2.256838074e+02 7.101560669e+02 6.915560365e-01 4.246328175e-01 5.759620399e-05 0.000000000e+00 0.000000000e+00 0.000000000e+00 0.000000000e+00 0.000000000e+00 0.000000000e+00 0.000000000e+00 0.000000000e+00 0.000000000e+00 6.000000212e-06
2.505240820e+04 2.210677948e+02 7.101560669e+02 6.733528376e-01 3.948590755e-01 3.357721289e-05 0.000000000e+00 0.000000000e+00 0.000000000e+00 0.000000000e+00 0.000000000e+00 0.000000000e+00 0.000000000e+00 0.000000000e+00 0.000000000e+00 6.000000212e-06
2.281934180e+04 2.164517670e+02 7.101560669e+02 6.556288004e-01 3.673331141e-01 1.884216726e-05 0.000000000e+00 0.000000000e+00 0.000000000e+00 0.000000000e+00 0.000000000e+00 0.000000000e+00 0.000000000e+00 0.000000000e+00 0.000000000e+00 6.000000212e-06
2.078532227e+04 2.118357544e+02 7.101560669e+02 6.383712888e-01 3.418814838e-01 1.012559187e-05 0.000000000e+00 0.000000000e+00 0.000000000e+00 0.000000000e+00 0.000000000e+00 0.000000000e+00 0.000000000e+00 0.000000000e+00 0.000000000e+00 6.000000212e-06
1.893260547e+04 2.072197418e+02 7.101560669e+02 6.215680838e-01 3.183445036e-01 5.175740625e-06 0.000000000e+00 0.000000000e+00 0.000000000e+00 0.000000000e+00 0.000000000e+00 0.000000000e+00 0.000000000e+00 0.000000000e+00 0.000000000e+00 6.000000212e-06
1.724503320e+04 2.026037292e+02 7.101560669e+02 6.052070856e-01 2.965750992e-01 2.492774684e-06 0.000000000e+00 0.000000000e+00 0.000000000e+00 0.000000000e+00 0.000000000e+00 0.000000000e+00 0.000000000e+00 0.000000000e+00 0.000000000e+00 6.000000212e-06
1.570788379e+04 1.979877167e+02 7.101560669e+02 5.892767906e-01 2.764378786e-01 1.115179771e-06 0.000000000e+00 0.000000000e+00 0.000000000e+00 0.000000000e+00 0.000000000e+00 0.000000000e+00 0.000000000e+00 0.000000000e+00 0.000000000e+00 6.000000212e-06
1.430774902e+04 1.950000000e+02 7.101560669e+02 5.737658143e-01 2.556553185e-01 5.858742611e-07 0.000000000e+00 0.000000000e+00 0.000000000e+00 0.000000000e+00 0.000000000e+00 0.000000000e+00 0.000000000e+00 0.000000000e+00 0.000000000e+00 6.000000212e-06
1.303241699e+04 1.950000000e+02 7.101560669e+02 5.586630702e-01 2.328672707e-01 4.394521795e-07 0.000000000e+00 0.000000000e+00 0.000000000e+00 0.000000000e+00 0.000000000e+00 0.000000000e+00 0.000000000e+00 0.000000000e+00 0.000000000e+00 6.000000212e-06
1.187076172e+04 1.950000000e+02 7.101560669e+02 5.439579487e-01 2.121104598e-01 3.779909150e-07 0.000000000e+00 0.000000000e+00 0.000000000e+00 0.000000000e+00 0.000000000e+00 0.000000000e+00 0.000000000e+00 0.000000000e+00 0.000000000e+00 6.000000212e-06
1.081265234e+04 1.950000000e+02 7.101560669e+02 5.296398401e-01 1.932038218e-01 4.149805761e-07 0.000000000e+00 0.000000000e+00 0.000000000e+00 0.000000000e+00 0.000000000e+00 0.000000000e+00 0.000000000e+00 0.000000000e+00 0.000000000e+00 6.000000212e-06
9.848857422e+03 1.950000000e+02 7.101560669e+02 5.156986117e-01 1.759824455e-01 4.555899693e-07 0.000000000e+00 0.000000000e+00 0.000000000e+00 0.000000000e+00 0.000000000e+00 0.000000000e+00 0.000000000e+00 0.000000000e+00 0.000000000e+00 6.000000212e-06
8.970971680e+03 1.950000000e+02 7.101560669e+02 5.021243691e-01 1.602961123e-01 5.001733712e-07 0.000000000e+00 0.000000000e+00 0.000000000e+00 0.000000000e+00 0.000000000e+00 0.000000000e+00 0.000000000e+00 0.000000000e+00 0.000000000e+00 6.000000212e-06
8.171337402e+03 1.950000000e+02 7.101560669e+02 4.889073968e-01 1.460079998e-01 5.491195907e-07 0.000000000e+00 0.000000000e+00 0.000000000e+00 0.000000000e+00 0.000000000e+00 0.000000000e+00 0.000000000e+00 0.000000000e+00 0.000000000e+00 6.000000212e-06
7.442979004e+03 1.950000000e+02 7.101560669e+02 4.760383368e-01 1.329934597e-01 6.028556641e-07 0.000000000e+00 0.000000000e+00 0.000000000e+00 0.000000000e+00 0.000000000e+00 0.000000000e+00 0.000000000e+00 0.000000000e+00 0.000000000e+00 6.000000212e-06
6.779542969e+03 1.950000000e+02 7.101560669e+02 4.635080397e-01 1.211389825e-01 6.618502653e-07 0.000000000e+00 0.000000000e+00 3.999999899e-04 0.000000000e+00 0.000000000e+00 1.000000000e+00 0.000000000e+00 5.999999848e-05 0.000000000e+00 6.000000212e-06
6.175243164e+03 1.950000000e+02 7.101560669e+02 4.513075352e-01 1.103411615e-01 7.266179978e-07 0.000000000e+00 0.000000000e+00 3.999999899e-04 0.000000000e+00 0.000000000e+00 1.000000000e+00 0.000000000e+00 5.999999848e-05 0.000000000e+00 6.000000212e-06
5.624808105e+03 1.950000000e+02 7.101560669e+02 4.394281805e-01 1.005058140e-01 7.977238283e-07 0.000000000e+00 0.000000000e+00 3.999999899e-04 0.000000000e+00 0.000000000e+00 1.000000000e+00 0.000000000e+00 5.999999848e-05 0.000000000e+00 6.000000212e-06
5.123436035e+03 1.950000000e+02 7.101560669e+02 4.278615415e-01 9.154714644e-02 8.757879755e-07 0.000000000e+00 0.000000000e+00 3.999999899e-04 0.000000000e+00 0.000000000e+00 1.000000000e+00 0.000000000e+00 5.999999848e-05 0.000000000e+00 6.000000212e-06
4.666754883e+03 1.950000000e+02 7.101560669e+02 4.165993333e-01 8.338702470e-02 9.614914234e-07 0.000000000e+00 0.000000000e+00 3.999999899e-04 0.000000000e+00 0.000000000e+00 1.000000000e+00 0.000000000e+00 5.999999848e-05 0.000000000e+00 6.000000212e-06
4.250779785e+03 1.950000000e+02 7.101560669e+02 4.056335688e-01 7.595425099e-02 1.055581606e-06 0.000000000e+00 0.000000000e+00 3.999999899e-04 0.000000000e+00 0.000000000e+00 1.000000000e+00 0.000000000e+00 5.999999848e-05 0.000000000e+00 6.000000212e-06
3.871883301e+03 1.950000000e+02 7.101560669e+02 3.949564397e-01 6.918401271e-02 1.158879400e-06 0.000000000e+00 0.000000000e+00 3.999999899e-04 0.000000000e+00 0.000000000e+00 1.000000000e+00 0.000000000e+00 5.999999848e-05 0.000000000e+00 6.000000212e-06
3.526759766e+03 1.950000000e+02 7.101560669e+02 3.845603764e-01 6.301724166e-02 1.272285886e-06 0.000000000e+00 0.000000000e+00 3.999999899e-04 0.000000000e+00 0.000000000e+00 1.000000000e+00 0.000000000e+00 5.999999848e-05 0.000000000e+00 6.000000212e-06
3.212399414e+03 1.950000000e+02 7.101560669e+02 3.744379580e-01 5.740014836e-02 1.396790140e-06 0.000000000e+00 0.000000000e+00 3.999999899e-04 0.000000000e+00 0.000000000e+00 1.000000000e+00 0.000000000e+00 5.999999848e-05 0.000000000e+00 6.000000212e-06
2.926059570e+03 1.950000000e+02 7.101560669e+02 3.645819724e-01 5.228374153e-02 1.533478212e-06 0.000000000e+00 0.000000000e+00 3.999999899e-04 0.000000000e+00 0.000000000e+00 1.000000000e+00 0.000000000e+00 5.999999848e-05 0.000000000e+00 6.000000212e-06
2.665242920e+03 1.950000000e+02 7.101560669e+02 3.549854159e-01 4.762338847e-02 1.683542450e-06 0.000000000e+00 0.000000000e+00 3.999999899e-04 0.000000000e+00 0.000000000e+00 1.000000000e+00 0.000000000e+00 5.999999848e-05 0.000000000e+00 6.000000212e-06
2.427674316e+03 1.950000000e+02 7.101560669e+02 3.456414640e-01 4.337843880e-02 1.848291845e-06 0.000000000e+00 0.000000000e+00 3.999999899e-04 0.000000000e+00 0.000000000e+00 1.000000000e+00 0.000000000e+00 5.999999848e-05 0.000000000e+00 6.000000212e-06
2.211281738e+03 1.950000000e+02 7.101560669e+02 3.365434706e-01 3.951186687e-02 2.029163397e-06 0.000000000e+00 0.000000000e+00 0.000000000e+00 0.000000000e+00 0.000000000e+00 0.000000000e+00 0.000000000e+00 0.000000000e+00 0.000000000e+00 6.000000212e-06
2.014177368e+03 1.950000000e+02 7.101560669e+02 3.276849389e-01 3.598994762e-02 2.227734967e-06 0.000000000e+00 0.000000000e+00 0.000000000e+00 0.000000000e+00 0.000000000e+00 0.000000000e+00 0.000000000e+00 0.000000000e+00 0.000000000e+00 6.000000212e-06
1.834642090e+03 1.950000000e+02 7.101560669e+02 3.190596104e-01 3.278195485e-02 2.445738801e-06 0.000000000e+00 0.000000000e+00 0.000000000e+00 0.000000000e+00 0.000000000e+00 0.000000000e+00 0.000000000e+00 0.000000000e+00 0.000000000e+00 6.000000212e-06
1.671109863e+03 1.950000000e+02 7.101560669e+02 3.106612861e-01 2.985990979e-02 2.685075970e-06 0.000000000e+00 0.000000000e+00 0.000000000e+00 0.000000000e+00 0.000000000e+00 0.000000000e+00 0.000000000e+00 0.000000000e+00 0.000000000e+00 6.000000212e-06
1.522154175e+03 1.950000000e+02 7.101560669e+02 3.024840355e-01 2.719832212e-02 2.947834673e-06 0.000000000e+00 0.000000000e+00 0.000000000e+00 0.000000000e+00 0.000000000e+00 0.000000000e+00 0.000000000e+00 0.000000000e+00 0.000000000e+00 6.000000212e-06
1.386475708e+03 1.950000000e+02 7.101560669e+02 2.945220470e-01 2.477397956e-02 3.236306839e-06 0.000000000e+00 0.000000000e+00 0.000000000e+00 0.000000000e+00 0.000000000e+00 0.000000000e+00 0.000000000e+00 0.000000000e+00 0.000000000e+00 6.000000212e-06
1.262891113e+03 1.950000000e+02 7.101560669e+02 2.867695987e-01 2.256572992e-02 3.553008810e-06 0.000000000e+00 0.000000000e+00 0.000000000e+00 0.000000000e+00 0.000000000e+00 0.000000000e+00 0.000000000e+00 0.000000000e+00 0.000000000e+00 6.000000212e-06
1.150322266e+03 1.950000000e+02 7.101560669e+02 2.792212367e-01 2.055431716e-02 3.900703177e-06 0.000000000e+00 0.000000000e+00 0.000000000e+00 0.000000000e+00 0.000000000e+00 0.000000000e+00 0.000000000e+00 0.000000000e+00 0.000000000e+00 6.000000212e-06
1.047787476e+03 1.950000000e+02 7.101560669e+02 2.718715370e-01 1.872219145e-02 4.282422651e-06 0.000000000e+00 0.000000000e+00 0.000000000e+00 0.000000000e+00 0.000000000e+00 0.000000000e+00 0.000000000e+00 0.000000000e+00 0.000000000e+00 6.000000212e-06
9.700000000e+04 2.880000000e+02
8.835382812e+04 2.833839722e+02
8.047834375e+04 2.787679749e+02
7.330483594e+04 2.741519470e+02
6.677075781e+04 2.695359497e+02
6.081908984e+04 2.649199219e+02
5.539793359e+04 2.603039246e+02
5.045999609e+04 2.556878967e+02
4.596220312e+04 2.510718842e+02
4.186532422e+04 2.464558716e+02
3.813362891e+04 2.418398590e+02
3.473455469e+04 2.372238464e+02
3.163846484e+04 2.326078186e+02
2.881834375e+04 2.279918060e+02
2.624959961e+04 2.233757935e+02
2.390982031e+04 2.187597809e+02
2.177859961e+04 2.141437683e+02
1.983734570e+04 2.095277557e+02
1.806912891e+04 2.049117432e+02
1.645852344e+04 2.002957153e+02
1.499147949e+04 1.956797028e+02
1.365520215e+04 1.950000000e+02
1.243803516e+04 1.950000000e+02
1.132936133e+04 1.950000000e+02
1.031950977e+04 1.950000000e+02
9.399671875e+03 1.950000000e+02
8.561824219e+03 1.950000000e+02
7.798659668e+03 1.950000000e+02
7.103520020e+03 1.950000000e+02
6.470341797e+03 1.950000000e+02
5.893603027e+03 1.950000000e+02
5.368271973e+03 1.950000000e+02
4.889767090e+03 1.950000000e+02
4.453913574e+03 1.950000000e+02
4.056910400e+03 1.950000000e+02
3.695294678e+03 1.950000000e+02
3.365911621e+03 1.950000000e+02
3.065888428e+03 1.950000000e+02
2.792607910e+03 1.950000000e+02
2.543686768e+03 1.950000000e+02
2.316953125e+03 1.950000000e+02
2.110429688e+03 1.950000000e+02
1.922314941e+03 1.950000000e+02
1.750967896e+03 1.950000000e+02
1.594893921e+03 1.950000000e+02
1.452731812e+03 1.950000000e+02
1.323241455e+03 1.950000000e+02
1.205293213e+03 1.950000000e+02
1.097858521e+03 1.950000000e+02
1.000000000e+03 1.950000000e+02
104 1974 93 8 1 2 0 2 1 1 1 2 1
9.275000000e+01 1.200000000e+01 3.600000000e+02 1.000000000e+00 9.749999642e-02 1.368000000e+03 8.999999762e-01 3.900000000e+01 -9.800000000e+01 1.800000072e-01 2.895000000e+02 1.000000000e+00 0.000000000e+00 0.000000000e+00 0.000000000e+00
9.257603125e+04 2.856919861e+02 7.101560669e+02 9.782011509e-01 1.129064083e+00 6.759165321e-03 0.000000000e+00 0.000000000e+00 0.000000000e+00 0.000000000e+00 0.000000000e+00 0.000000000e+00 0.000000000e+00 0.000000000e+00 0.000000000e+00 6.000000212e-06
8.432419531e+04 2.810759888e+02 7.101560669e+02 9.524528384e-01 1.045313478e+00 5.202395376e-03 0.000000000e+00 0.000000000e+00 0.000000000e+00 0.000000000e+00 0.000000000e+00 0.000000000e+00 0.000000000e+00 0.000000000e+00 0.000000000e+00 6.000000212e-06
7.680789062e+04 2.764599609e+02 7.101560669e+02 9.273822904e-01 9.680364132e-01 3.952084109e-03 0.000000000e+00 0.000000000e+00 0.000000000e+00 0.000000000e+00 0.000000000e+00 0.000000000e+00 0.000000000e+00 0.000000000e+00 0.000000000e+00 6.000000212e-06
6.996155469e+04 2.718439636e+02 7.101560669e+02 9.029716849e-01 8.967221379e-01 2.960447455e-03 0.000000000e+00 0.000000000e+00 0.000000000e+00 0.000000000e+00 0.000000000e+00 0.000000000e+00 0.000000000e+00 0.000000000e+00 0.000000000e+00 6.000000212e-06
6.372548047e+04 2.672279358e+02 7.101560669e+02 8.792036176e-01 8.309011459e-01 2.184540033e-03 0.000000000e+00 0.000000000e+00 0.000000000e+00 0.000000000e+00 0.000000000e+00 0.000000000e+00 0.000000000e+00 0.000000000e+00 0.000000000e+00 6.000000212e-06
5.804525781e+04 2.626119080e+02 7.101560669e+02 8.560611606e-01 7.701413035e-01 1.586207771e-03 0.000000000e+00 0.000000000e+00 0.000000000e+00 0.000000000e+00 0.000000000e+00 0.000000000e+00 0.000000000e+00 0.000000000e+00 0.000000000e+00 6.000000212e-06
5.287134766e+04 2.579959106e+02 7.101560669e+02 8.335278630e-01 7.140451670e-01 1.131983125e-03 0.000000000e+00 0.000000000e+00 0.000000000e+00 0.000000000e+00 0.000000000e+00 0.000000000e+00 0.000000000e+00 0.000000000e+00 0.000000000e+00 6.000000212e-06
4.815861719e+04 2.533798828e+02 7.101560669e+02 8.115876317e-01 6.622469425e-01 7.929231506e-04 0.000000000e+00 0.000000000e+00 0.000000000e+00 0.000000000e+00 0.000000000e+00 0.000000000e+00 0.000000000e+00 0.000000000e+00 0.000000000e+00 6.000000212e-06
4.386596094e+04 2.487638702e+02 7.101560669e+02 7.902249694e-01 6.144102216e-01 5.443831906e-04 1.000000047e-03 0.000000000e+00 1.999999949e-04 7.999999798e-04 0.000000000e+00 1.000000000e+00 5.949999832e-05 1.345000055e-04 1.999999949e-04 6.000000212e-06
3.995593359e+04 2.441478577e+02 7.101560669e+02 7.694246173e-01 5.702252984e-01 3.657289781e-04 1.000000047e-03 0.000000000e+00 1.999999949e-04 7.999999798e-04 0.000000000e+00 1.000000000e+00 5.949999832e-05 1.345000055e-04 1.999999949e-04 6.000000212e-06
3.639442969e+04 2.395318451e+02 7.101560669e+02 7.491717935e-01 5.294071436e-01 2.399970399e-04 1.000000047e-03 0.000000000e+00 1.999999949e-04 7.999999798e-04 0.000000000e+00 1.000000000e+00 5.949999832e-05 1.345000055e-04 1.999999949e-04 6.000000212e-06
3.315038281e+04 2.349158325e+02 7.101560669e+02 7.294520140e-01 4.916934073e-01 1.535134215e-04 1.000000047e-03 0.000000000e+00 1.999999949e-04 7.999999798e-04 0.000000000e+00 1.000000000e+00 5.949999832e-05 1.345000055e-04 1.999999949e-04 6.000000212e-06
3.019549805e+04 2.302998199e+02 7.101560669e+02 7.102513313e-01 4.568427205e-01 9.548739035e-05 1.000000047e-03 0.000000000e+00 1.999999949e-04 7.999999798e-04 0.000000000e+00 1.000000000e+00 5.949999832e-05 1.345000055e-04 1.999999949e-04 6.000000212e-06
2.750400000e+04 2.256838074e+02 7.101560669e+02 6.915560365e-01 4.246328175e-01 5.759620399e-05 1.000000047e-03 0.000000000e+00 1.999999949e-04 7.999999798e-04 0.000000000e+00 1.000000000e+00 5.949999832e-05 1.345000055e-04 1.999999949e-04 6.000000212e-06
2.505240820e+04 2.210677948e+02 7.101560669e+02 6.733528376e-01 3.948590755e-01 3.357721289e-05 1.000000047e-03 0.000000000e+00 1.999999949e-04 7.999999798e-04 0.000000000e+00 1.000000000e+00 5.949999832e-05 1.345000055e-04 1.999999949e-04 6.000000212e-06
2.281934180e+04 2.164517670e+02 7.101560669e+02 6.556288004e-01 3.673331141e-01 1.884216726e-05 1.000000047e-03 0.000000000e+00 1.999999949e-04 7.999999798e-04 0.000000000e+00 1.000000000e+00 5.949999832e-05 1.345000055e-04 1.999999949e-04 6.000000212e-06
2.078532227e+04 2.118357544e+02 7.101560669e+02 6.383712888e-01 3.418814838e-01 1.012559187e-05 1.000000047e-03 0.000000000e+00 1.999999949e-04 7.999999798e-04 0.000000000e+00 1.000000000e+00 5.949999832e-05 1.345000055e-04 1.999999949e-04 6.000000212e-06
1.893260547e+04 2.072197418e+02 7.101560669e+02 6.215680838e-01 3.183445036e-01 5.175740625e-06 1.000000047e-03 0.000000000e+00 1.999999949e-04 7.999999798e-04 0.000000000e+00 1.000000000e+00 5.949999832e-05 1.345000055e-04 1.999999949e-04 6.000000212e-06
1.724503320e+04 2.026037292e+02 7.101560669e+02 6.052070856e-01 2.965750992e-01 2.492774684e-06 1.000000047e-03 0.000000000e+00 1.999999949e-04 7.999999798e-04 0.000000000e+00 1.000000000e+00 5.949999832e-05 1.345000055e-04 1.999999949e-04 6.000000212e-06
1.570788379e+04 1.979877167e+02 7.101560669e+02 5.892767906e-01 2.764378786e-01 1.115179771e-06 1.000000047e-03 0.000000000e+00 1.999999949e-04 7.999999798e-04 0.000000000e+00 1.000000000e+00 5.949999832e-05 1.345000055e-04 1.999999949e-04 6.000000212e-06
1.430774902e+04 1.950000000e+02 7.101560669e+02 5.737658143e-01 2.556553185e-01 5.858742611e-07 0.000000000e+00 0.000000000e+00 0.000000000e+00 0.000000000e+00 0.000000000e+00 0.000000000e+00 0.000000000e+00 0.000000000e+00 0.000000000e+00 6.000000212e-06
1.303241699e+04 1.950000000e+02 7.101560669e+02 5.586630702e-01 2.328672707e-01 4.394521795e-07 0.000000000e+00 0.000000000e+00 0.000000000e+00 0.000000000e+00 0.000000000e+00 0.000000000e+00 0.000000000e+00 0.000000000e+00 0.000000000e+00 6.000000212e-06
1.187076172e+04 1.950000000e+02 7.101560669e+02 5.439579487e-01 2.121104598e-01 3.779909150e-07 0.000000000e+00 0.000000000e+00 0.000000000e+00 0.000000000e+00 0.000000000e+00 0.000000000e+00 0.000000000e+00 0.000000000e+00 0.000000000e+00 6.000000212e-06
1.081265234e+04 1.950000000e+02 7.101560669e+02 5.296398401e-01 1.932038218e-01 4.149805761e-07 0.000000000e+00 0.000000000e+00 0.000000000e+00 0.000000000e+00 0.000000000e+00 0.000000000e+00 0.000000000e+00 0.000000000e+00 0.000000000e+00 6.000000212e-06
9.848857422e+03 1.950000000e+02 7.101560669e+02 5.156986117e-01 1.759824455e-01 4.555899693e-07 0.000000000e+00 0.000000000e+00 0.000000000e+00 0.000000000e+00 0.000000000e+00 0.000000000e+00 0.000000000e+00 0.000000000e+00 0.000000000e+00 6.000000212e-06
8.970971680e+03 1.950000000e+02 7.101560669e+02 5.021243691e-01 1.602961123e-01 5.001733712e-07 0.000000000e+00 0.000000000e+00 0.000000000e+00 0.000000000e+00 0.000000000e+00 0.000000000e+00 0.000000000e+00 0.000000000e+00 0.000000000e+00 6.000000212e-06
8.171337402e+03 1.950000000e+02 7.101560669e+02 4.889073968e-01 1.460079998e-01 5.491195907e-07 0.000000000e+00 0.000000000e+00 0.000000000e+00 0.000000000e+00 0.000000000e+00 0.000000000e+00 0.000000000e+00 0.000000000e+00 0.000000000e+00 6.000000212e-06
7.442979004e+03 1.950000000e+02 7.101560669e+02 4.760383368e-01 1.329934597e-01 6.028556641e-07 0.000000000e+00 0.000000000e+00 0.000000000e+00 0.000000000e+00 0.000000000e+00 0.000000000e+00 0.000000000e+00 0.000000000e+00 0.000000000e+00 6.000000212e-06
6.779542969e+03 1.950000000e+02 7.101560669e+02 4.635080397e-01 1.211389825e-01 6.618502653e-07 0.000000000e+00 0.000000000e+00 0.000000000e+00 0.000000000e+00 0.000000000e+00 0.000000000e+00 0.000000000e+00 0.000000000e+00 0.000000000e+00 6.000000212e-06
6.175243164e+03 1.950000000e+02 7.101560669e+02 4.513075352e-01 1.103411615e-01 7.266179978e-07 0.000000000e+00 0.000000000e+00 0.000000000e+00 0.000000000e+00 0.000000000e+00 0.000000000e+00 0.000000000e+00 0.000000000e+00 0.000000000e+00 6.000000212e-06
5.624808105e+03 1.950000000e+02 7.101560669e+02 4.394281805e-01 1.005058140e-01 7.977238283e-07 0.000000000e+00 0.000000000e+00 0.000000000e+00 0.000000000e+00 0.000000000e+00 0.000000000e+00 0.000000000e+00 0.000000000e+00 0.000000000e+00 6.000000212e-06
5.123436035e+03 1.950000000e+02 7.101560669e+02 4.278615415e-01 9.154714644e-02 8.757879755e-07 0.000000000e+00 0.000000000e+00 0.000000000e+00 0.000000000e+00 0.000000000e+00 0.000000000e+00 0.000000000e+00 0.000000000e+00 0.000000000e+00 6.000000212e-06
4.666754883e+03 1.950000000e+02 7.101560669e+02 4.165993333e-01 8.338702470e-02 9.614914234e-07 0.000000000e+00 0.000000000e+00 0.000000000e+00 0.000000000e+00 0.000000000e+00 0.000000000e+00 0.000000000e+00 0.000000000e+00 0.000000000e+00 6.000000212e-06
4.250779785e+03 1.950000000e+02 7.101560669e+02 4.056335688e-01 7.595425099e-02 1.055581606e-06 0.000000000e+00 0.000000000e+00 0.000000000e+00 0.000000000e+00 0.000000000e+00 0.000000000e+00 0.000000000e+00 0.000000000e+00 0.000000000e+00 6.000000212e-06
3.871883301e+03 1.950000000e+02 7.101560669e+02 3.949564397e-01 6.918401271e-02 1.158879400e-06 0.000000000e+00 0.000000000e+00 0.000000000e+00 0.000000000e+00 0.000000000e+00 0.000000000e+00 0.000000000e+00 0.000000000e+00 0.000000000e+00 6.000000212e-06
3.526759766e+03 1.950000000e+02 7.101560669e+02 3.845603764e-01 6.301724166e-02 1.272285886e-06 0.000000000e+00 0.000000000e+00 0.000000000e+00 0.000000000e+00 0.000000000e+00 0.000000000e+00 0.000000000e+00 0.000000000e+00 0.000000000e+00 6.000000212e-06
3.212399414e+03 1.950000000e+02 7.101560669e+02 3.744379580e-01 5.740014836e-02 1.396790140e-06 0.000000000e+00 0.000000000e+00 0.000000000e+00 0.000000000e+00 0.000000000e+00 0.000000000e+00 0.000000000e+00 0.000000000e+00 0.000000000e+00 6.000000212e-06
2.926059570e+03 1.950000000e+02 7.101560669e+02 3.645819724e-01 5.228374153e-02 1.533478212e-06 0.000000000e+00 0.000000000e+00 0.000000000e+00 0.000000000e+00 0.000000000e+00 0.000000000e+00 0.000000000e+00 0.000000000e+00 0.000000000e+00 6.000000212e-06
2.665242920e+03 1.950000000e+02 7.101560669e+02 3.549854159e-01 4.762338847e-02 1.683542450e-06 0.000000000e+00 0.000000000e+00 0.000000000e+00 0.000000000e+00 0.000000000e+00 0.000000000e+00 0.000000000e+00 0.000000000e+00 0.000000000e+00 6.000000212e-06
2.427674316e+03 1.950000000e+02 7.101560669e+02 3.456414640e-01 4.337843880e-02 1.848291845e-06 0.000000000e+00 0.000000000e+00 0.000000000e+00 0.000000000e+00 0.000000000e+00 0.000000000e+00 0.000000000e+00 0.000000000e+00 0.000000000e+00 6.000000212e-06
2.211281738e+03 1.950000000e+02 7.101560669e+02 3.365434706e-01 3.951186687e-02 2.029163397e-06 0.000000000e+00 0.000000000e+00 0.000000000e+00 0.000000000e+00 0.000000000e+00 0.000000000e+00 0.000000000e+00 0.000000000e+00 0.000000000e+00 6.000000212e-06
2.014177368e+03 1.950000000e+02 7.101560669e+02 3.276849389e-01 3.598994762e-02 2.227734967e-06 0.000000000e+00 0.000000000e+00 0.000000000e+00 0.000000000e+00 0.000000000e+00 0.000000000e+00 0.000000000e+00 0.000000000e+00 0.000000000e+00 6.000000212e-06
1.834642090e+03 1.950000000e+02 7.101560669e+02 3.190596104e-01 3.278195485e-02 2.445738801e-06 0.000000000e+00 0.000000000e+00 0.000000000e+00 0.000000000e+00 0.000000000e+00 0.000000000e+00 0.000000000e+00 0.000000000e+00 0.000000000e+00 6.000000212e-06
1.671109863e+03 1.950000000e+02 7.101560669e+02 3.106612861e-01 2.985990979e-02 2.685075970e-06 0.000000000e+00 0.000000000e+00 0.000000000e+00 0.000000000e+00 0.000000000e+00 0.000000000e+00 0.000000000e+00 0.000000000e+00 0.000000000e+00 6.000000212e-06
1.522154175e+03 1.950000000e+02 7.101560669e+02 3.024840355e-01 2.719832212e-02 2.947834673e-06 0.000000000e+00 0.000000000e+00 0.000000000e+00 0.000000000e+00 0.000000000e+00 0.000000000e+00 0.000000000e+00 0.000000000e+00 0.000000000e+00 6.000000212e-06
1.386475708e+03 1.950000000e+02 7.101560669e+02 2.945220470e-01 2.477397956e-02 3.236306839e-06 0.000000000e+00 0.000000000e+00 0.000000000e+00 0.000000000e+00 0.000000000e+00 0.000000000e+00 0.000000000e+00 0.000000000e+00 0.000000000e+00 6.000000212e-06
1.262891113e+03 1.950000000e+02 7.101560669e+02 2.867695987e-01 2.256572992e-02 3.553008810e-06 0.000000000e+00 0.000000000e+00 0.000000000e+00 0.000000000e+00 0.000000000e+00 0.000000000e+00 0.000000000e+00 0.000000000e+00 0.000000000e+00 6.000000212e-06
1.150322266e+03 1.950000000e+02 7.101560669e+02 2.792212367e-01 2.055431716e-02 3.900703177e-06 0.000000000e+00 0.000000000e+00 0.000000000e+00 0.000000000e+00 0.000000000e+00 0.000000000e+00 0.000000000e+00 0.000000000e+00 0.000000000e+00 6.000000212e-06
1.047787476e+03 1.950000000e+02 7.101560669e+02 2.718715370e-01 1.872219145e-02 4.282422651e-06 0.000000000e+00 0.000000000e+00 0.000000000e+00 0.000000000e+00 0.000000000e+00 0.000000000e+00 0.000000000e+00 0.000000000e+00 0.000000000e+00 6.000000212e-06
9.700000000e+04 2.880000000e+02
8.835382812e+04 2.833839722e+02
8.047834375e+04 2.787679749e+02
7.330483594e+04 2.741519470e+02
6.677075781e+04 2.695359497e+02
6.081908984e+04 2.649199219e+02
5.539793359e+04 2.603039246e+02
5.045999609e+04 2.556878967e+02
4.596220312e+04 2.510718842e+02
4.186532422e+04 2.464558716e+02
3.813362891e+04 2.418398590e+02
3.473455469e+04 2.372238464e+02
3.163846484e+04 2.326078186e+02
2.881834375e+04 2.279918060e+02
2.624959961e+04 2.233757935e+02
2.390982031e+04 2.187597809e+02
2.177859961e+04 2.141437683e+02
1.983734570e+04 2.095277557e+02
1.806912891e+04 2.049117432e+02
1.645852344e+04 2.002957153e+02
1.499147949e+04 1.956797028e+02
1.365520215e+04 1.950000000e+02
1.243803516e+04 1.950000000e+02
1.132936133e+04 1.950000000e+02
1.031950977e+04 1.950000000e+02
9.399671875e+03 1.950000000e+02
8.561824219e+03 1.950000000e+02
7.798659668e+03 1.950000000e+02
7.103520020e+03 1.950000000e+02
6.470341797e+03 1.950000000e+02
5.893603027e+03 1.950000000e+02
5.368271973e+03 1.950000000e+02
4.889767090e+03 1.950000000e+02
4.453913574e+03 1.950000000e+02
4.056910400e+03 1.950000000e+02
3.695294678e+03 1.950000000e+02
3.365911621e+03 1.950000000e+02
3.065888428e+03 1.950000000e+02
2.792607910e+03 1.950000000e+02
2.543686768e+03 1.950000000e+02
2.316953125e+03 1.950000000e+02
2.110429688e+03 1.950000000e+02
1.922314941e+03 1.950000000e+02
1.750967896e+03 1.950000000e+02
1.594893921e+03 1.950000000e+02
1.452731812e+03 1.950000000e+02
1.323241455e+03 1.950000000e+02
1.205293213e+03 1.950000000e+02
1.097858521e+03 1.950000000e+02
1.000000000e+03 1.950000000e+02
105 1974 93 8 1 2 0 2 1 1 1 2 1
9.275000000e+01 1.200000000e+01 3.600000000e+02 1.000000000e+00 9.749999642e-02 1.368000000e+03 8.999999762e-01 3.900000000e+01 -9.800000000e+01 1.800000072e-01 3.330000000e+02 1.000000000e+00 0.000000000e+00 0.000000000e+00 0.000000000e+00
9.257603125e+04 3.271593628e+02 7.101560669e+02 9.782011509e-01 9.859554172e-01 9.999999825e-14 0.000000000e+00 0.000000000e+00 0.000000000e+00 0.000000000e+00 0.000000000e+00 0.000000000e+00 0.000000000e+00 0.000000000e+00 0.000000000e+00 6.000000212e-06
8.432419531e+04 3.214781189e+02 7.101560669e+02 9.524528384e-01 9.139424562e-01 9.999999825e-14 0.000000000e+00 0.000000000e+00 0.000000000e+00 0.000000000e+00 0.000000000e+00 0.000000000e+00 0.000000000e+00 0.000000000e+00 0.000000000e+00 6.000000212e-06
7.680789062e+04 3.157968750e+02 7.101560669e+02 9.273822904e-01 8.474539518e-01 9.999999825e-14 0.000000000e+00 0.000000000e+00 0.000000000e+00 0.000000000e+00 0.000000000e+00 0.000000000e+00 0.000000000e+00 0.000000000e+00 0.000000000e+00 6.000000212e-06
6.996155469e+04 3.101156311e+02 7.101560669e+02 9.029716849e-01 7.860567570e-01 9.999999825e-14 0.000000000e+00 0.000000000e+00 0.000000000e+00 0.000000000e+00 0.000000000e+00 0.000000000e+00 0.000000000e+00 0.000000000e+00 0.000000000e+00 6.000000212e-06
6.372548047e+04 3.044343872e+02 7.101560669e+02 8.792036176e-01 7.293525338e-01 9.999999825e-14 0.000000000e+00 0.000000000e+00 0.000000000e+00 0.000000000e+00 0.000000000e+00 0.000000000e+00 0.000000000e+00 0.000000000e+00 0.000000000e+00 6.000000212e-06
5.804525781e+04 2.987531433e+02 7.101560669e+02 8.560611606e-01 6.769745946e-01 9.999999825e-14 0.000000000e+00 0.000000000e+00 0.000000000e+00 0.000000000e+00 0.000000000e+00 0.000000000e+00 0.000000000e+00 0.000000000e+00 0.000000000e+00 6.000000212e-06
5.287134766e+04 2.930718689e+02 7.101560669e+02 8.335278630e-01 6.285854578e-01 9.999999825e-14 0.000000000e+00 0.000000000e+00 0.000000000e+00 0.000000000e+00 0.000000000e+00 0.000000000e+00 0.000000000e+00 0.000000000e+00 0.000000000e+00 6.000000212e-06
4.815861719e+04 2.873906250e+02 7.101560669e+02 8.115876317e-01 5.838745236e-01 9.999999825e-14 0.000000000e+00 0.000000000e+00 0.000000000e+00 0.000000000e+00 0.000000000e+00 0.000000000e+00 0.000000000e+00 0.000000000e+00 0.000000000e+00 6.000000212e-06
4.386596094e+04 2.817093811e+02 7.101560669e+02 7.902249694e-01 5.425558686e-01 9.999999825e-14 0.000000000e+00 0.000000000e+00 0.000000000e+00 0.000000000e+00 0.000000000e+00 0.000000000e+00 0.000000000e+00 0.000000000e+00 0.000000000e+00 6.000000212e-06
3.995593359e+04 2.760281372e+02 7.101560669e+02 7.694246173e-01 5.043662786e-01 9.999999825e-14 0.000000000e+00 0.000000000e+00 0.000000000e+00 0.000000000e+00 0.000000000e+00 0.000000000e+00 0.000000000e+00 0.000000000e+00 0.000000000e+00 6.000000212e-06
3.639442969e+04 2.703468933e+02 7.101560669e+02 7.491717935e-01 4.690635204e-01 9.999999825e-14 0.000000000e+00 0.000000000e+00 0.000000000e+00 0.000000000e+00 0.000000000e+00 0.000000000e+00 0.000000000e+00 0.000000000e+00 0.000000000e+00 6.000000212e-06
3.315038281e+04 2.646656494e+02 7.101560669e+02 7.294520140e-01 4.364244938e-01 9.999999825e-14 0.000000000e+00 0.000000000e+00 0.000000000e+00 0.000000000e+00 0.000000000e+00 0.000000000e+00 0.000000000e+00 0.000000000e+00 0.000000000e+00 6.000000212e-06
3.019549805e+04 2.589844055e+02 7.101560669e+02 7.102513313e-01 4.062437713e-01 9.999999825e-14 0.000000000e+00 0.000000000e+00 0.000000000e+00 0.000000000e+00 0.000000000e+00 0.000000000e+00 0.000000000e+00 0.000000000e+00 0.000000000e+00 6.000000212e-06
2.750400000e+04 2.533031464e+02 7.101560669e+02 6.915560365e-01 3.783322573e-01 9.999999825e-14 0.000000000e+00 0.000000000e+00 0.000000000e+00 0.000000000e+00 0.000000000e+00 0.000000000e+00 0.000000000e+00 0.000000000e+00 0.000000000e+00 6.000000212e-06
2.505240820e+04 2.476218872e+02 7.101560669e+02 6.733528376e-01 3.525157571e-01 9.999999825e-14 0.000000000e+00 0.000000000e+00 0.000000000e+00 0.000000000e+00 0.000000000e+00 0.000000000e+00 0.000000000e+00 0.000000000e+00 0.000000000e+00 6.000000212e-06
2.281934180e+04 2.419406433e+02 7.101560669e+02 6.556288004e-01 3.286339343e-01 9.999999825e-14 0.000000000e+00 0.000000000e+00 0.000000000e+00 0.000000000e+00 0.000000000e+00 0.000000000e+00 0.000000000e+00 0.000000000e+00 0.000000000e+00 6.000000212e-06
2.078532227e+04 2.362593994e+02 7.101560669e+02 6.383712888e-01 3.065390289e-01 9.999999825e-14 0.000000000e+00 0.000000000e+00 0.000000000e+00 0.000000000e+00 0.000000000e+00 0.000000000e+00 0.000000000e+00 0.000000000e+00 0.000000000e+00 6.000000212e-06
1.893260547e+04 2.305781403e+02 7.101560669e+02 6.215680838e-01 2.860950530e-01 9.999999825e-14 0.000000000e+00 0.000000000e+00 0.000000000e+00 0.000000000e+00 0.000000000e+00 0.000000000e+00 0.000000000e+00 0.000000000e+00 0.000000000e+00 6.000000212e-06
1.724503320e+04 2.248968964e+02 7.101560669e+02 6.052070856e-01 2.671767473e-01 9.999999825e-14 0.000000000e+00 0.000000000e+00 0.000000000e+00 0.000000000e+00 0.000000000e+00 0.000000000e+00 0.000000000e+00 0.000000000e+00 0.000000000e+00 6.000000212e-06
1.570788379e+04 2.192156525e+02 7.101560669e+02 5.892767906e-01 2.496687770e-01 9.999999825e-14 0.000000000e+00 0.000000000e+00 0.000000000e+00 0.000000000e+00 0.000000000e+00 0.000000000e+00 0.000000000e+00 0.000000000e+00 0.000000000e+00 6.000000212e-06
1.430774902e+04 2.135343933e+02 7.101560669e+02 5.737658143e-01 2.334648818e-01 9.999999825e-14 0.000000000e+00 0.000000000e+00 0.000000000e+00 0.000000000e+00 0.000000000e+00 0.000000000e+00 0.000000000e+00 0.000000000e+00 0.000000000e+00 6.000000212e-06
1.303241699e+04 2.100000000e+02 7.101560669e+02 5.586630702e-01 2.162338942e-01 9.999999825e-14 0.000000000e+00 0.000000000e+00 0.000000000e+00 0.000000000e+00 0.000000000e+00 0.000000000e+00 0.000000000e+00 0.000000000e+00 0.000000000e+00 6.000000212e-06
1.187076172e+04 2.100000000e+02 7.101560669e+02 5.439579487e-01 1.969597042e-01 9.999999825e-14 0.000000000e+00 0.000000000e+00 0.000000000e+00 0.000000000e+00 0.000000000e+00 0.000000000e+00 0.000000000e+00 0.000000000e+00 0.000000000e+00 6.000000212e-06
1.081265234e+04 2.100000000e+02 7.101560669e+02 5.296398401e-01 1.794035584e-01 9.999999825e-14 0.000000000e+00 0.000000000e+00 0.000000000e+00 0.000000000e+00 0.000000000e+00 0.000000000e+00 0.000000000e+00 0.000000000e+00 0.000000000e+00 6.000000212e-06
9.848857422e+03 2.100000000e+02 7.101560669e+02 5.156986117e-01 1.634122729e-01 9.999999825e-14 0.000000000e+00 0.000000000e+00 0.000000000e+00 0.000000000e+00 0.000000000e+00 0.000000000e+00 0.000000000e+00 0.000000000e+00 0.000000000e+00 6.000000212e-06
8.970971680e+03 2.100000000e+02 7.101560669e+02 5.021243691e-01 1.488463879e-01 9.999999825e-14 0.000000000e+00 0.000000000e+00 0.000000000e+00 0.000000000e+00 0.000000000e+00 0.000000000e+00 0.000000000e+00 0.000000000e+00 0.000000000e+00 6.000000212e-06
8.171337402e+03 2.100000000e+02 7.101560669e+02 4.889073968e-01 1.355788559e-01 9.999999825e-14 0.000000000e+00 0.000000000e+00 0.000000000e+00 0.000000000e+00 0.000000000e+00 0.000000000e+00 0.000000000e+00 0.000000000e+00 0.000000000e+00 6.000000212e-06
7.442979004e+03 2.100000000e+02 7.101560669e+02 4.760383368e-01 1.234939247e-01 9.999999825e-14 0.000000000e+00 0.000000000e+00 0.000000000e+00 0.000000000e+00 0.000000000e+00 0.000000000e+00 0.000000000e+00 0.000000000e+00 0.000000000e+00 6.000000212e-06
6.779542969e+03 2.100000000e+02 7.101560669e+02 4.635080397e-01 1.124861985e-01 9.999999825e-14 0.000000000e+00 0.000000000e+00 0.000000000e+00 0.000000000e+00 0.000000000e+00 0.000000000e+00 0.000000000e+00 0.000000000e+00 0.000000000e+00 6.000000212e-06
6.175243164e+03 2.100000000e+02 7.101560669e+02 4.513075352e-01 1.024596468e-01 9.999999825e-14 0.000000000e+00 0.000000000e+00 0.000000000e+00 0.000000000e+00 0.000000000e+00 0.000000000e+00 0.000000000e+00 0.000000000e+00 0.000000000e+00 6.000000212e-06
5.624808105e+03 2.100000000e+02 7.101560669e+02 4.394281805e-01 9.332682937e-02 9.999999825e-14 0.000000000e+00 0.000000000e+00 0.000000000e+00 0.000000000e+00 0.000000000e+00 0.000000000e+00 0.000000000e+00 0.000000000e+00 0.000000000e+00 6.000000212e-06
5.123436035e+03 2.100000000e+02 7.101560669e+02 4.278615415e-01 8.500806987e-02 9.999999825e-14 0.000000000e+00 0.000000000e+00 0.000000000e+00 0.000000000e+00 0.000000000e+00 0.000000000e+00 0.000000000e+00 0.000000000e+00 0.000000000e+00 6.000000212e-06
4.666754883e+03 2.100000000e+02 7.101560669e+02 4.165993333e-01 7.743080705e-02 9.999999825e-14 0.000000000e+00 0.000000000e+00 0.000000000e+00 0.000000000e+00 0.000000000e+00 0.000000000e+00 0.000000000e+00 0.000000000e+00 0.000000000e+00 6.000000212e-06
4.250779785e+03 2.100000000e+02 7.101560669e+02 4.056335688e-01 7.052894682e-02 9.999999825e-14 0.000000000e+00 0.000000000e+00 0.000000000e+00 0.000000000e+00 0.000000000e+00 0.000000000e+00 0.000000000e+00 0.000000000e+00 0.000000000e+00 6.000000212e-06
3.871883301e+03 2.100000000e+02 7.101560669e+02 3.949564397e-01 6.424229592e-02 9.999999825e-14 0.000000000e+00 0.000000000e+00 0.000000000e+00 0.000000000e+00 0.000000000e+00 0.000000000e+00 0.000000000e+00 0.000000000e+00 0.000000000e+00 6.000000212e-06
3.526759766e+03 2.100000000e+02 7.101560669e+02 3.845603764e-01 5.851600692e-02 9.999999825e-14 0.000000000e+00 0.000000000e+00 0.000000000e+00 0.000000000e+00 0.000000000e+00 0.000000000e+00 0.000000000e+00 0.000000000e+00 0.000000000e+00 6.000000212e-06
3.212399414e+03 2.100000000e+02 7.101560669e+02 3.744379580e-01 5.330013856e-02 9.999999825e-14 0.000000000e+00 0.000000000e+00 0.000000000e+00 0.000000000e+00 0.000000000e+00 0.000000000e+00 0.000000000e+00 0.000000000e+00 0.000000000e+00 6.000000212e-06
2.926059570e+03 2.100000000e+02 7.101560669e+02 3.645819724e-01 4.854918644e-02 9.999999825e-14 0.000000000e+00 0.000000000e+00 0.000000000e+00 0.000000000e+00 0.000000000e+00 0.000000000e+00 0.000000000e+00 0.000000000e+00 0.000000000e+00 6.000000212e-06
2.665242920e+03 2.100000000e+02 7.101560669e+02 3.549854159e-01 4.422171786e-02 9.999999825e-14 0.000000000e+00 0.000000000e+00 0.000000000e+00 0.000000000e+00 0.000000000e+00 0.000000000e+00 0.000000000e+00 0.000000000e+00 0.000000000e+00 6.000000212e-06
2.427674316e+03 2.100000000e+02 7.101560669e+02 3.456414640e-01 4.027998075e-02 9.999999825e-14 0.000000000e+00 0.000000000e+00 0.000000000e+00 0.000000000e+00 0.000000000e+00 0.000000000e+00 0.000000000e+00 0.000000000e+00 0.000000000e+00 6.000000212e-06
2.211281738e+03 2.100000000e+02 7.101560669e+02 3.365434706e-01 3.668959066e-02 9.999999825e-14 0.000000000e+00 0.000000000e+00 0.000000000e+00 0.000000000e+00 0.000000000e+00 0.000000000e+00 0.000000000e+00 0.000000000e+00 0.000000000e+00 6.000000212e-06
2.014177368e+03 2.100000000e+02 7.101560669e+02 3.276849389e-01 3.341923654e-02 9.999999825e-14 0.000000000e+00 0.000000000e+00 0.000000000e+00 0.000000000e+00 0.000000000e+00 0.000000000e+00 0.000000000e+00 0.000000000e+00 0.000000000e+00 6.000000212e-06
1.834642090e+03 2.100000000e+02 7.101560669e+02 3.190596104e-01 3.044038638e-02 9.999999825e-14 0.000000000e+00 0.000000000e+00 0.000000000e+00 0.000000000e+00 0.000000000e+00 0.000000000e+00 0.000000000e+00 0.000000000e+00 0.000000000e+00 6.000000212e-06
1.671109863e+03 2.100000000e+02 7.101560669e+02 3.106612861e-01 2.772705816e-02 9.999999825e-14 0.000000000e+00 0.000000000e+00 0.000000000e+00 0.000000000e+00 0.000000000e+00 0.000000000e+00 0.000000000e+00 0.000000000e+00 0.000000000e+00 6.000000212e-06
1.522154175e+03 2.100000000e+02 7.101560669e+02 3.024840355e-01 2.525558509e-02 9.999999825e-14 0.000000000e+00 0.000000000e+00 0.000000000e+00 0.000000000e+00 0.000000000e+00 0.000000000e+00 0.000000000e+00 0.000000000e+00 0.000000000e+00 6.000000212e-06
1.386475708e+03 2.100000000e+02 7.101560669e+02 2.945220470e-01 2.300440893e-02 9.999999825e-14 0.000000000e+00 0.000000000e+00 0.000000000e+00 0.000000000e+00 0.000000000e+00 0.000000000e+00 0.000000000e+00 0.000000000e+00 0.000000000e+00 6.000000212e-06
1.262891113e+03 2.100000000e+02 7.101560669e+02 2.867695987e-01 2.095389180e-02 9.999999825e-14 0.000000000e+00 0.000000000e+00 0.000000000e+00 0.000000000e+00 0.000000000e+00 0.000000000e+00 0.000000000e+00 0.000000000e+00 0.000000000e+00 6.000000212e-06
1.150322266e+03 2.100000000e+02 7.101560669e+02 2.792212367e-01 1.908615045e-02 9.999999825e-14 0.000000000e+00 0.000000000e+00 0.000000000e+00 0.000000000e+00 0.000000000e+00 0.000000000e+00 0.000000000e+00 0.000000000e+00 0.000000000e+00 6.000000212e-06
1.047787476e+03 2.100000000e+02 7.101560669e+02 2.718715370e-01 1.738489233e-02 9.999999825e-14 0.000000000e+00 0.000000000e+00 0.000000000e+00 0.000000000e+00 0.000000000e+00 0.000000000e+00 0.000000000e+00 0.000000000e+00 0.000000000e+00 6.000000212e-06
9.700000000e+04 3.300000000e+02
8.835382812e+04 3.243187561e+02
8.047834375e+04 3.186375122e+02
7.330483594e+04 3.129562683e+02
6.677075781e+04 3.072749939e+02
6.081908984e+04 3.015937500e+02
5.539793359e+04 2.959125061e+02
5.045999609e+04 2.902312622e+02
4.596220312e+04 2.845500183e+02
4.186532422e+04 2.788687744e+02
3.813362891e+04 2.731875000e+02
3.473455469e+04 2.675062561e+02
3.163846484e+04 2.618250122e+02
2.881834375e+04 2.561437683e+02
2.624959961e+04 2.504625244e+02
2.390982031e+04 2.447812653e+02
2.177859961e+04 2.391000214e+02
1.983734570e+04 2.334187775e+02
1.806912891e+04 2.277375183e+02
1.645852344e+04 2.220562744e+02
1.499147949e+04 2.163750305e+02
1.365520215e+04 2.106937714e+02
1.243803516e+04 2.100000000e+02
1.132936133e+04 2.100000000e+02
1.031950977e+04 2.100000000e+02
9.399671875e+03 2.100000000e+02
8.561824219e+03 2.100000000e+02
7.798659668e+03 2.100000000e+02
7.103520020e+03 2.100000000e+02
6.470341797e+03 2.100000000e+02
5.893603027e+03 2.100000000e+02
5.368271973e+03 2.100000000e+02
4.889767090e+03 2.100000000e+02
4.453913574e+03 2.100000000e+02
4.056910400e+03 2.100000000e+02
3.695294678e+03 2.100000000e+02
3.365911621e+03 2.100000000e+02
3.065888428e+03 2.100000000e+02
2.792607910e+03 2.100000000e+02
2.543686768e+03 2.100000000e+02
2.316953125e+03 2.100000000e+02
2.110429688e+03 2.100000000e+02
1.922314941e+03 2.100000000e+02
1.750967896e+03 2.100000000e+02
1.594893921e+03 2.100000000e+02
1.452731812e+03 2.100000000e+02
1.323241455e+03 2.100000000e+02
1.205293213e+03 2.100000000e+02
1.097858521e+03 2.100000000e+02
1.000000000e+03 2.100000000e+02
106 1974 93 6 1 2 0 2 0 0 0 2 1
9.275000000e+01 1.200000000e+01 3.600000000e+02 1.000000000e+00 9.749999642e-02 1.368000000e+03 2.500000000e-01 3.900000000e+01 -9.800000000e+01 6.000000238e-01 2.480000000e+02 1.000000000e+00 0.000000000e+00 4.000000000e+01 0.000000000e+00
1.029614219e+05 2.485463409e+02 7.268314819e+02 1.008373260e+00 1.443395257e+00 3.472131211e-04 0.000000000e+00 0.000000000e+00 0.000000000e+00 0.000000000e+00 0.000000000e+00 0.000000000e+00 0.000000000e+00 0.000000000e+00 0.000000000e+00 6.000000212e-06
9.357850000e+04 2.456390076e+02 7.268314819e+02 9.812159538e-01 1.327384830e+00 2.802202071e-04 0.000000000e+00 0.000000000e+00 0.000000000e+00 0.000000000e+00 0.000000000e+00 0.000000000e+00 0.000000000e+00 0.000000000e+00 0.000000000e+00 6.000000212e-06
8.505064844e+04 2.427316895e+02 7.268314819e+02 9.547900558e-01 1.220869541e+00 2.240495232e-04 0.000000000e+00 0.000000000e+00 0.000000000e+00 0.000000000e+00 0.000000000e+00 0.000000000e+00 0.000000000e+00 0.000000000e+00 0.000000000e+00 6.000000212e-06
7.729994531e+04 2.398243561e+02 7.268314819e+02 9.290758967e-01 1.123062730e+00 1.773806725e-04 0.000000000e+00 0.000000000e+00 0.000000000e+00 0.000000000e+00 0.000000000e+00 0.000000000e+00 0.000000000e+00 0.000000000e+00 0.000000000e+00 6.000000212e-06
7.025557031e+04 2.369170380e+02 7.268314819e+02 9.040542841e-01 1.033243299e+00 1.389763347e-04 0.000000000e+00 0.000000000e+00 0.000000000e+00 0.000000000e+00 0.000000000e+00 0.000000000e+00 0.000000000e+00 0.000000000e+00 0.000000000e+00 6.000000212e-06
6.385314844e+04 2.340097046e+02 7.268314819e+02 8.797065020e-01 9.507504702e-01 1.076903282e-04 0.000000000e+00 0.000000000e+00 0.000000000e+00 0.000000000e+00 0.000000000e+00 0.000000000e+00 0.000000000e+00 0.000000000e+00 0.000000000e+00 6.000000212e-06
5.803418359e+04 2.311023865e+02 7.268314819e+02 8.560144901e-01 8.749788404e-01 8.247317601e-05 0.000000000e+00 0.000000000e+00 0.000000000e+00 0.000000000e+00 0.000000000e+00 0.000000000e+00 0.000000000e+00 0.000000000e+00 0.000000000e+00 6.000000212e-06
5.274550000e+04 2.281950531e+02 7.268314819e+02 8.329604864e-01 8.053734303e-01 6.237511843e-05 0.000000000e+00 0.000000000e+00 0.000000000e+00 0.000000000e+00 0.000000000e+00 0.000000000e+00 0.000000000e+00 0.000000000e+00 0.000000000e+00 6.000000212e-06
4.793878125e+04 2.252877350e+02 7.268314819e+02 8.105274439e-01 7.414255738e-01 4.654693112e-05 0.000000000e+00 0.000000000e+00 0.000000000e+00 0.000000000e+00 0.000000000e+00 0.000000000e+00 0.000000000e+00 0.000000000e+00 0.000000000e+00 6.000000212e-06
4.357009766e+04 2.223804016e+02 7.268314819e+02 7.886984944e-01 6.826689243e-01 3.423854287e-05 0.000000000e+00 0.000000000e+00 0.000000000e+00 0.000000000e+00 0.000000000e+00 0.000000000e+00 0.000000000e+00 0.000000000e+00 0.000000000e+00 6.000000212e-06
3.959953516e+04 2.194730835e+02 7.268314819e+02 7.674574852e-01 6.286761165e-01 2.479581781e-05 0.000000000e+00 0.000000000e+00 9.999999747e-05 1.999999949e-04 0.000000000e+00 8.000000119e-01 0.000000000e+00 0.000000000e+00 0.000000000e+00 6.000000212e-06
3.599081250e+04 2.165657501e+02 7.268314819e+02 7.467885017e-01 5.790551901e-01 1.765572779e-05 0.000000000e+00 0.000000000e+00 9.999999747e-05 1.999999949e-04 0.000000000e+00 8.000000119e-01 0.000000000e+00 0.000000000e+00 0.000000000e+00 6.000000212e-06
3.271095312e+04 2.136584320e+02 7.268314819e+02 7.266761661e-01 5.334470272e-01 1.234024967e-05 0.000000000e+00 0.000000000e+00 9.999999747e-05 1.999999949e-04 0.000000000e+00 8.000000119e-01 0.000000000e+00 0.000000000e+00 0.000000000e+00 6.000000212e-06
2.972999023e+04 2.107510986e+02 7.268314819e+02 7.071055174e-01 4.915220737e-01 8.449277630e-06 0.000000000e+00 0.000000000e+00 9.999999747e-05 1.999999949e-04 0.000000000e+00 8.000000119e-01 0.000000000e+00 0.000000000e+00 0.000000000e+00 6.000000212e-06
2.702068359e+04 2.078437805e+02 7.268314819e+02 6.880618930e-01 4.529783130e-01 5.652910204e-06 0.000000000e+00 0.000000000e+00 9.999999747e-05 1.999999949e-04 0.000000000e+00 8.000000119e-01 0.000000000e+00 0.000000000e+00 0.000000000e+00 6.000000212e-06
2.455827539e+04 2.049364471e+02 7.268314819e+02 6.695312262e-01 4.175387323e-01 3.683392606e-06 0.000000000e+00 0.000000000e+00 9.999999747e-05 1.999999949e-04 0.000000000e+00 8.000000119e-01 0.000000000e+00 0.000000000e+00 0.000000000e+00 6.000000212e-06
2.232026953e+04 2.020291138e+02 7.268314819e+02 6.514995694e-01 3.849493265e-01 2.327023822e-06 0.000000000e+00 0.000000000e+00 9.999999747e-05 1.999999949e-04 0.000000000e+00 8.000000119e-01 0.000000000e+00 0.000000000e+00 0.000000000e+00 6.000000212e-06
2.028621289e+04 1.991217957e+02 7.268314819e+02 6.339535117e-01 3.549770713e-01 1.416256737e-06 0.000000000e+00 0.000000000e+00 9.999999747e-05 1.999999949e-04 0.000000000e+00 8.000000119e-01 0.000000000e+00 0.000000000e+00 0.000000000e+00 6.000000212e-06
1.843752148e+04 1.962144623e+02 7.268314819e+02 6.168800592e-01 3.274082541e-01 8.222210113e-07 0.000000000e+00 0.000000000e+00 9.999999747e-05 1.999999949e-04 0.000000000e+00 8.000000119e-01 0.000000000e+00 0.000000000e+00 0.000000000e+00 6.000000212e-06
1.675730273e+04 1.933071442e+02 7.268314819e+02 6.002663970e-01 3.020468354e-01 4.478195024e-07 0.000000000e+00 0.000000000e+00 9.999999747e-05 1.999999949e-04 0.000000000e+00 8.000000119e-01 0.000000000e+00 0.000000000e+00 0.000000000e+00 6.000000212e-06
1.523020117e+04 1.903998108e+02 7.268314819e+02 5.841001868e-01 2.787129879e-01 2.215215318e-07 0.000000000e+00 0.000000000e+00 9.999999747e-05 1.999999949e-04 0.000000000e+00 8.000000119e-01 0.000000000e+00 0.000000000e+00 0.000000000e+00 6.000000212e-06
1.384226660e+04 1.874924927e+02 7.268314819e+02 5.683693290e-01 2.572417259e-01 2.000000023e-07 0.000000000e+00 0.000000000e+00 9.999999747e-05 1.999999949e-04 0.000000000e+00 8.000000119e-01 0.000000000e+00 0.000000000e+00 0.000000000e+00 6.000000212e-06
1.258081445e+04 1.845851593e+02 7.268314819e+02 5.530621409e-01 2.374816537e-01 2.000000023e-07 0.000000000e+00 0.000000000e+00 9.999999747e-05 1.999999949e-04 0.000000000e+00 8.000000119e-01 0.000000000e+00 0.000000000e+00 0.000000000e+00 6.000000212e-06
1.143431934e+04 1.816778412e+02 7.268314819e+02 5.381672382e-01 2.192938626e-01 2.000000023e-07 0.000000000e+00 0.000000000e+00 9.999999747e-05 1.999999949e-04 0.000000000e+00 8.000000119e-01 0.000000000e+00 0.000000000e+00 0.000000000e+00 6.000000212e-06
1.039230469e+04 1.787705078e+02 7.268314819e+02 5.236734152e-01 2.025508583e-01 2.000000023e-07 0.000000000e+00 0.000000000e+00 9.999999747e-05 1.999999949e-04 0.000000000e+00 8.000000119e-01 0.000000000e+00 0.000000000e+00 0.000000000e+00 6.000000212e-06
9.445249023e+03 1.758631897e+02 7.268314819e+02 5.095700026e-01 1.871356815e-01 2.000000023e-07 0.000000000e+00 0.000000000e+00 9.999999747e-05 1.999999949e-04 0.000000000e+00 8.000000119e-01 0.000000000e+00 0.000000000e+00 0.000000000e+00 6.000000212e-06
8.584500000e+03 1.729558563e+02 7.268314819e+02 4.958463609e-01 1.729409397e-01 2.000000023e-07 0.000000000e+00 0.000000000e+00 9.999999747e-05 1.999999949e-04 0.000000000e+00 8.000000119e-01 0.000000000e+00 0.000000000e+00 0.000000000e+00 6.000000212e-06
7.802190430e+03 1.700485382e+02 7.268314819e+02 4.824923575e-01 1.598680764e-01 2.000000023e-07 0.000000000e+00 0.000000000e+00 9.999999747e-05 1.999999949e-04 0.000000000e+00 8.000000119e-01 0.000000000e+00 0.000000000e+00 0.000000000e+00 6.000000212e-06
7.091173340e+03 1.671412048e+02 7.268314819e+02 4.694980085e-01 1.478266269e-01 2.000000023e-07 0.000000000e+00 0.000000000e+00 9.999999747e-05 1.999999949e-04 0.000000000e+00 8.000000119e-01 0.000000000e+00 0.000000000e+00 0.000000000e+00 6.000000212e-06
6.444951660e+03 1.650000000e+02 7.268314819e+02 4.568535984e-01 1.360986531e-01 2.000000023e-07 0.000000000e+00 0.000000000e+00 9.999999747e-05 1.999999949e-04 0.000000000e+00 8.000000119e-01 0.000000000e+00 0.000000000e+00 0.000000000e+00 6.000000212e-06
5.857620117e+03 1.650000000e+02 7.268314819e+02 4.445497394e-01 1.236959174e-01 2.000000023e-07 0.000000000e+00 0.000000000e+00 0.000000000e+00 0.000000000e+00 0.000000000e+00 0.000000000e+00 0.000000000e+00 0.000000000e+00 0.000000000e+00 6.000000212e-06
5.323812500e+03 1.650000000e+02 7.268314819e+02 4.325772226e-01 1.124234572e-01 2.000000023e-07 0.000000000e+00 0.000000000e+00 0.000000000e+00 0.000000000e+00 0.000000000e+00 0.000000000e+00 0.000000000e+00 0.000000000e+00 0.000000000e+00 6.000000212e-06
4.838651367e+03 1.650000000e+02 7.268314819e+02 4.209271669e-01 1.021782532e-01 2.000000023e-07 0.000000000e+00 0.000000000e+00 0.000000000e+00 0.000000000e+00 0.000000000e+00 0.000000000e+00 0.000000000e+00 0.000000000e+00 0.000000000e+00 6.000000212e-06
4.397702637e+03 1.650000000e+02 7.268314819e+02 4.095908701e-01 9.286670387e-02 2.000000023e-07 0.000000000e+00 0.000000000e+00 0.000000000e+00 0.000000000e+00 0.000000000e+00 0.000000000e+00 0.000000000e+00 0.000000000e+00 0.000000000e+00 6.000000212e-06
3.996938232e+03 1.650000000e+02 7.268314819e+02 3.985598683e-01 8.440372348e-02 2.000000023e-07 0.000000000e+00 0.000000000e+00 0.000000000e+00 0.000000000e+00 0.000000000e+00 0.000000000e+00 0.000000000e+00 0.000000000e+00 0.000000000e+00 6.000000212e-06
3.632695557e+03 1.650000000e+02 7.268314819e+02 3.878259361e-01 7.671197504e-02 2.000000023e-07 0.000000000e+00 0.000000000e+00 0.000000000e+00 0.000000000e+00 0.000000000e+00 0.000000000e+00 0.000000000e+00 0.000000000e+00 0.000000000e+00 6.000000212e-06
3.301646240e+03 1.650000000e+02 7.268314819e+02 3.773811162e-01 6.972117722e-02 2.000000023e-07 0.000000000e+00 0.000000000e+00 0.000000000e+00 0.000000000e+00 0.000000000e+00 0.000000000e+00 0.000000000e+00 0.000000000e+00 0.000000000e+00 6.000000212e-06
3.000765869e+03 1.650000000e+02 7.268314819e+02 3.672175705e-01 6.336745620e-02 2.000000023e-07 0.000000000e+00 0.000000000e+00 0.000000000e+00 0.000000000e+00 0.000000000e+00 0.000000000e+00 0.000000000e+00 0.000000000e+00 0.000000000e+00 6.000000212e-06
2.727304688e+03 1.650000000e+02 7.268314819e+02 3.573277593e-01 5.759274960e-02 2.000000023e-07 0.000000000e+00 0.000000000e+00 0.000000000e+00 0.000000000e+00 0.000000000e+00 0.000000000e+00 0.000000000e+00 0.000000000e+00 0.000000000e+00 6.000000212e-06
2.478764160e+03 1.650000000e+02 7.268314819e+02 3.477042913e-01 5.234429613e-02 2.000000023e-07 0.000000000e+00 0.000000000e+00 0.000000000e+00 0.000000000e+00 0.000000000e+00 0.000000000e+00 0.000000000e+00 0.000000000e+00 0.000000000e+00 6.000000212e-06
2.252873291e+03 1.650000000e+02 7.268314819e+02 3.383400142e-01 4.757414013e-02 2.000000023e-07 0.000000000e+00 0.000000000e+00 0.000000000e+00 0.000000000e+00 0.000000000e+00 0.000000000e+00 0.000000000e+00 0.000000000e+00 0.000000000e+00 6.000000212e-06
2.047567993e+03 1.650000000e+02 7.268314819e+02 3.292279243e-01 4.323868454e-02 2.000000023e-07 0.000000000e+00 0.000000000e+00 0.000000000e+00 0.000000000e+00 0.000000000e+00 0.000000000e+00 0.000000000e+00 0.000000000e+00 0.000000000e+00 6.000000212e-06
1.860972168e+03 1.650000000e+02 7.268314819e+02 3.203612268e-01 3.929832578e-02 2.000000023e-07 0.000000000e+00 0.000000000e+00 0.000000000e+00 0.000000000e+00 0.000000000e+00 0.000000000e+00 0.000000000e+00 0.000000000e+00 0.000000000e+00 6.000000212e-06
1.691380981e+03 1.650000000e+02 7.268314819e+02 3.117333651e-01 3.571705148e-02 2.000000023e-07 0.000000000e+00 0.000000000e+00 0.000000000e+00 0.000000000e+00 0.000000000e+00 0.000000000e+00 0.000000000e+00 0.000000000e+00 0.000000000e+00 6.000000212e-06
1.537244629e+03 1.650000000e+02 7.268314819e+02 3.033378124e-01 3.246214241e-02 2.000000023e-07 0.000000000e+00 0.000000000e+00 0.000000000e+00 0.000000000e+00 0.000000000e+00 0.000000000e+00 0.000000000e+00 0.000000000e+00 0.000000000e+00 6.000000212e-06
1.397154907e+03 1.650000000e+02 7.268314819e+02 2.951683998e-01 2.950385213e-02 2.000000023e-07 0.000000000e+00 0.000000000e+00 0.000000000e+00 0.000000000e+00 0.000000000e+00 0.000000000e+00 0.000000000e+00 0.000000000e+00 0.000000000e+00 6.000000212e-06
1.269831543e+03 1.650000000e+02 7.268314819e+02 2.872190177e-01 2.681515180e-02 2.000000023e-07 0.000000000e+00 0.000000000e+00 0.000000000e+00 0.000000000e+00 0.000000000e+00 0.000000000e+00 0.000000000e+00 0.000000000e+00 0.000000000e+00 6.000000212e-06
1.154111206e+03 1.650000000e+02 7.268314819e+02 2.794837058e-01 2.437147498e-02 2.000000023e-07 0.000000000e+00 0.000000000e+00 0.000000000e+00 0.000000000e+00 0.000000000e+00 0.000000000e+00 0.000000000e+00 0.000000000e+00 0.000000000e+00 6.000000212e-06
1.048936523e+03 1.650000000e+02 7.268314819e+02 2.719567120e-01 2.215049230e-02 2.000000023e-07 0.000000000e+00 0.000000000e+00 0.000000000e+00 0.000000000e+00 0.000000000e+00 0.000000000e+00 0.000000000e+00 0.000000000e+00 0.000000000e+00 6.000000212e-06
1.080000000e+05 2.500000000e+02
9.815791406e+04 2.470926666e+02
8.921273438e+04 2.441853485e+02
8.108274219e+04 2.412780151e+02
7.369363281e+04 2.383706970e+02
6.697789844e+04 2.354633636e+02
6.087417578e+04 2.325560455e+02
5.532668359e+04 2.296487122e+02
5.028473828e+04 2.267413940e+02
4.570226953e+04 2.238340607e+02
4.153740234e+04 2.209267426e+02
3.775207812e+04 2.180194092e+02
3.431171484e+04 2.151120911e+02
3.118487305e+04 2.122047577e+02
2.834298242e+04 2.092974396e+02
2.576007422e+04 2.063901062e+02
2.341254688e+04 2.034827881e+02
2.127895117e+04 2.005754547e+02
1.933979102e+04 1.976681366e+02
1.757734766e+04 1.947608032e+02
1.597551562e+04 1.918534851e+02
1.451965918e+04 1.889461517e+02
1.319647656e+04 1.860388336e+02
1.199387598e+04 1.831315002e+02
1.090086816e+04 1.802241821e+02
9.907467773e+03 1.773168488e+02
9.004595703e+03 1.744095306e+02
8.184002930e+03 1.715021973e+02
7.438190918e+03 1.685948792e+02
6.760345215e+03 1.656875458e+02
6.144271973e+03 1.650000000e+02
5.584341797e+03 1.650000000e+02
5.075438477e+03 1.650000000e+02
4.612911133e+03 1.650000000e+02
4.192534668e+03 1.650000000e+02
3.810467041e+03 1.650000000e+02
3.463217529e+03 1.650000000e+02
3.147613037e+03 1.650000000e+02
2.860769531e+03 1.650000000e+02
2.600066406e+03 1.650000000e+02
2.363121094e+03 1.650000000e+02
2.147768799e+03 1.650000000e+02
1.952041748e+03 1.650000000e+02
1.774151367e+03 1.650000000e+02
1.612472168e+03 1.650000000e+02
1.465526855e+03 1.650000000e+02
1.331972778e+03 1.650000000e+02
1.210589478e+03 1.650000000e+02
1.100267944e+03 1.650000000e+02
1.000000000e+03 1.650000000e+02
107 1974 93 8 1 2 0 2 1 1 1 2 0
9.275000000e+01 1.200000000e+01 3.600000000e+02 1.000000000e+00 9.749999642e-02 1.368000000e+03 8.999999762e-01 3.900000000e+01 -9.800000000e+01 1.800000072e-01 2.895000000e+02 1.000000000e+00 0.000000000e+00 0.000000000e+00 0.000000000e+00
9.257603125e+04 2.856919861e+02 7.101560669e+02 9.782011509e-01 1.129064083e+00 6.759165321e-03 0.000000000e+00 0.000000000e+00 0.000000000e+00 0.000000000e+00 0.000000000e+00 0.000000000e+00 0.000000000e+00 0.000000000e+00 0.000000000e+00 6.000000212e-06
8.432419531e+04 2.810759888e+02 7.101560669e+02 9.524528384e-01 1.045313478e+00 5.202395376e-03 0.000000000e+00 0.000000000e+00 0.000000000e+00 0.000000000e+00 0.000000000e+00 0.000000000e+00 0.000000000e+00 0.000000000e+00 0.000000000e+00 6.000000212e-06
7.680789062e+04 2.764599609e+02 7.101560669e+02 9.273822904e-01 9.680364132e-01 3.952084109e-03 0.000000000e+00 0.000000000e+00 0.000000000e+00 0.000000000e+00 0.000000000e+00 0.000000000e+00 0.000000000e+00 0.000000000e+00 0.000000000e+00 6.000000212e-06
6.996155469e+04 2.718439636e+02 7.101560669e+02 9.029716849e-01 8.967221379e-01 2.960447455e-03 0.000000000e+00 0.000000000e+00 0.000000000e+00 0.000000000e+00 0.000000000e+00 0.000000000e+00 0.000000000e+00 0.000000000e+00 0.000000000e+00 6.000000212e-06
6.372548047e+04 2.672279358e+02 7.101560669e+02 8.792036176e-01 8.309011459e-01 2.184540033e-03 0.000000000e+00 0.000000000e+00 0.000000000e+00 0.000000000e+00 0.000000000e+00 0.000000000e+00 0.000000000e+00 0.000000000e+00 0.000000000e+00 6.000000212e-06
5.804525781e+04 2.626119080e+02 7.101560669e+02 8.560611606e-01 7.701413035e-01 1.586207771e-03 0.000000000e+00 0.000000000e+00 0.000000000e+00 0.000000000e+00 0.000000000e+00 0.000000000e+00 0.000000000e+00 0.000000000e+00 0.000000000e+00 6.000000212e-06
5.287134766e+04 2.579959106e+02 7.101560669e+02 8.335278630e-01 7.140451670e-01 1.131983125e-03 0.000000000e+00 0.000000000e+00 0.000000000e+00 0.000000000e+00 0.000000000e+00 0.000000000e+00 0.000000000e+00 0.000000000e+00 0.000000000e+00 6.000000212e-06
4.815861719e+04 2.533798828e+02 7.101560669e+02 8.115876317e-01 6.622469425e-01 7.929231506e-04 0.000000000e+00 0.000000000e+00 0.000000000e+00 0.000000000e+00 0.000000000e+00 0.000000000e+00 0.000000000e+00 0.000000000e+00 0.000000000e+00 6.000000212e-06
4.386596094e+04 2.487638702e+02 7.101560669e+02 7.902249694e-01 6.144102216e-01 5.443831906e-04 0.000000000e+00 0.000000000e+00 0.000000000e+00 0.000000000e+00 0.000000000e+00 0.000000000e+00 0.000000000e+00 0.000000000e+00 0.000000000e+00 6.000000212e-06
3.995593359e+04 2.441478577e+02 7.101560669e+02 7.694246173e-01 5.702252984e-01 3.657289781e-04 0.000000000e+00 0.000000000e+00 0.000000000e+00 0.000000000e+00 0.000000000e+00 0.000000000e+00 0.000000000e+00 0.000000000e+00 0.000000000e+00 6.000000212e-06
3.639442969e+04 2.395318451e+02 7.101560669e+02 7.491717935e-01 5.294071436e-01 2.399970399e-04 0.000000000e+00 0.000000000e+00 0.000000000e+00 0.000000000e+00 0.000000000e+00 0.000000000e+00 0.000000000e+00 0.000000000e+00 0.000000000e+00 6.000000212e-06
3.315038281e+04 2.349158325e+02 7.101560669e+02 7.294520140e-01 4.916934073e-01 1.535134215e-04 0.000000000e+00 0.000000000e+00 0.000000000e+00 0.000000000e+00 0.000000000e+00 0.000000000e+00 0.000000000e+00 0.000000000e+00 0.000000000e+00 6.000000212e-06
3.019549805e+04 2.302998199e+02 7.101560669e+02 7.102513313e-01 4.568427205e-01 9.548739035e-05 0.000000000e+00 0.000000000e+00 0.000000000e+00 0.000000000e+00 0.000000000e+00 1.000000000e+00 0.000000000e+00 0.000000000e+00 0.000000000e+00 6.000000212e-06
2.750400000e+04 2.256838074e+02 7.101560669e+02 6.915560365e-01 4.246328175e-01 5.759620399e-05 0.000000000e+00 0.000000000e+00 0.000000000e+00 0.000000000e+00 0.000000000e+00 1.000000000e+00 0.000000000e+00 0.000000000e+00 0.000000000e+00 6.000000212e-06
2.505240820e+04 2.210677948e+02 7.101560669e+02 6.733528376e-01 3.948590755e-01 3.357721289e-05 0.000000000e+00 0.000000000e+00 0.000000000e+00 0.000000000e+00 0.000000000e+00 1.000000000e+00 0.000000000e+00 0.000000000e+00 0.000000000e+00 6.000000212e-06
2.281934180e+04 2.164517670e+02 7.101560669e+02 6.556288004e-01 3.673331141e-01 1.884216726e-05 0.000000000e+00 0.000000000e+00 0.000000000e+00 0.000000000e+00 0.000000000e+00 1.000000000e+00 0.000000000e+00 0.000000000e+00 0.000000000e+00 6.000000212e-06
2.078532227e+04 2.118357544e+02 7.101560669e+02 6.383712888e-01 3.418814838e-01 1.012559187e-05 0.000000000e+00 0.000000000e+00 0.000000000e+00 0.000000000e+00 0.000000000e+00 1.000000000e+00 0.000000000e+00 0.000000000e+00 0.000000000e+00 6.000000212e-06
1.893260547e+04 2.072197418e+02 7.101560669e+02 6.215680838e-01 3.183445036e-01 5.175740625e-06 0.000000000e+00 0.000000000e+00 0.000000000e+00 0.000000000e+00 0.000000000e+00 1.000000000e+00 0.000000000e+00 0.000000000e+00 0.000000000e+00 6.000000212e-06
1.724503320e+04 2.026037292e+02 7.101560669e+02 6.052070856e-01 2.965750992e-01 2.492774684e-06 0.000000000e+00 0.000000000e+00 0.000000000e+00 0.000000000e+00 0.000000000e+00 1.000000000e+00 0.000000000e+00 0.000000000e+00 0.000000000e+00 6.000000212e-06
1.570788379e+04 1.979877167e+02 7.101560669e+02 5.892767906e-01 2.764378786e-01 1.115179771e-06 0.000000000e+00 0.000000000e+00 0.000000000e+00 0.000000000e+00 0.000000000e+00 1.000000000e+00 0.000000000e+00 0.000000000e+00 0.000000000e+00 6.000000212e-06
1.430774902e+04 1.950000000e+02 7.101560669e+02 5.737658143e-01 2.556553185e-01 5.858742611e-07 0.000000000e+00 0.000000000e+00 0.000000000e+00 0.000000000e+00 0.000000000e+00 0.000000000e+00 0.000000000e+00 0.000000000e+00 0.000000000e+00 6.000000212e-06
1.303241699e+04 1.950000000e+02 7.101560669e+02 5.586630702e-01 2.328672707e-01 4.394521795e-07 0.000000000e+00 0.000000000e+00 0.000000000e+00 0.000000000e+00 0.000000000e+00 0.000000000e+00 0.000000000e+00 0.000000000e+00 0.000000000e+00 6.000000212e-06
1.187076172e+04 1.950000000e+02 7.101560669e+02 5.439579487e-01 2.121104598e-01 3.779909150e-07 0.000000000e+00 0.000000000e+00 0.000000000e+00 0.000000000e+00 0.000000000e+00 0.000000000e+00 0.000000000e+00 0.000000000e+00 0.000000000e+00 6.000000212e-06
1.081265234e+04 1.950000000e+02 7.101560669e+02 5.296398401e-01 1.932038218e-01 4.149805761e-07 0.000000000e+00 0.000000000e+00 0.000000000e+00 0.000000000e+00 0.000000000e+00 0.000000000e+00 0.000000000e+00 0.000000000e+00 0.000000000e+00 6.000000212e-06
9.848857422e+03 1.950000000e+02 7.101560669e+02 5.156986117e-01 1.759824455e-01 4.555899693e-07 0.000000000e+00 0.000000000e+00 0.000000000e+00 0.000000000e+00 0.000000000e+00 0.000000000e+00 0.000000000e+00 0.000000000e+00 0.000000000e+00 6.000000212e-06
8.970971680e+03 1.950000000e+02 7.101560669e+02 5.021243691e-01 1.602961123e-01 5.001733712e-07 0.000000000e+00 0.000000000e+00 0.000000000e+00 0.000000000e+00 0.000000000e+00 0.000000000e+00 0.000000000e+00 0.000000000e+00 0.000000000e+00 6.000000212e-06
8.171337402e+03 1.950000000e+02 7.101560669e+02 4.889073968e-01 1.460079998e-01 5.491195907e-07 0.000000000e+00 0.000000000e+00 0.000000000e+00 0.000000000e+00 0.000000000e+00 0.000000000e+00 0.000000000e+00 0.000000000e+00 0.000000000e+00 6.000000212e-06
7.442979004e+03 1.950000000e+02 7.101560669e+02 4.760383368e-01 1.329934597e-01 6.028556641e-07 0.000000000e+00 0.000000000e+00 0.000000000e+00 0.000000000e+00 0.000000000e+00 0.000000000e+00 0.000000000e+00 0.000000000e+00 0.000000000e+00 6.000000212e-06
6.779542969e+03 1.950000000e+02 7.101560669e+02 4.635080397e-01 1.211389825e-01 6.618502653e-07 0.000000000e+00 0.000000000e+00 0.000000000e+00 0.000000000e+00 0.000000000e+00 0.000000000e+00 0.000000000e+00 0.000000000e+00 0.000000000e+00 6.000000212e-06
6.175243164e+03 1.950000000e+02 7.101560669e+02 4.513075352e-01 1.103411615e-01 7.266179978e-07 0.000000000e+00 0.000000000e+00 0.000000000e+00 0.000000000e+00 0.000000000e+00 0.000000000e+00 0.000000000e+00 0.000000000e+00 0.000000000e+00 6.000000212e-06
5.624808105e+03 1.950000000e+02 7.101560669e+02 4.394281805e-01 1.005058140e-01 7.977238283e-07 0.000000000e+00 0.000000000e+00 0.000000000e+00 0.000000000e+00 0.000000000e+00 0.000000000e+00 0.000000000e+00 0.000000000e+00 0.000000000e+00 6.000000212e-06
5.123436035e+03 1.950000000e+02 7.101560669e+02 4.278615415e-01 9.154714644e-02 8.757879755e-07 0.000000000e+00 0.000000000e+00 0.000000000e+00 0.000000000e+00 0.000000000e+00 0.000000000e+00 0.000000000e+00 0.000000000e+00 0.000000000e+00 6.000000212e-06
4.666754883e+03 1.950000000e+02 7.101560669e+02 4.165993333e-01 8.338702470e-02 9.614914234e-07 0.000000000e+00 0.000000000e+00 0.000000000e+00 0.000000000e+00 0.000000000e+00 0.000000000e+00 0.000000000e+00 0.000000000e+00 0.000000000e+00 6.000000212e-06
4.250779785e+03 1.950000000e+02 7.101560669e+02 4.056335688e-01 7.595425099e-02 1.055581606e-06 0.000000000e+00 0.000000000e+00 0.000000000e+00 0.000000000e+00 0.000000000e+00 0.000000000e+00 0.000000000e+00 0.000000000e+00 0.000000000e+00 6.000000212e-06
3.871883301e+03 1.950000000e+02 7.101560669e+02 3.949564397e-01 6.918401271e-02 1.158879400e-06 0.000000000e+00 0.000000000e+00 0.000000000e+00 0.000000000e+00 0.000000000e+00 0.000000000e+00 0.000000000e+00 0.000000000e+00 0.000000000e+00 6.000000212e-06
3.526759766e+03 1.950000000e+02 7.101560669e+02 3.845603764e-01 6.301724166e-02 1.272285886e-06 0.000000000e+00 0.000000000e+00 0.000000000e+00 0.000000000e+00 0.000000000e+00 0.000000000e+00 0.000000000e+00 0.000000000e+00 0.000000000e+00 6.000000212e-06
3.212399414e+03 1.950000000e+02 7.101560669e+02 3.744379580e-01 5.740014836e-02 1.396790140e-06 0.000000000e+00 0.000000000e+00 0.000000000e+00 0.000000000e+00 0.000000000e+00 0.000000000e+00 0.000000000e+00 0.000000000e+00 0.000000000e+00 6.000000212e-06
2.926059570e+03 1.950000000e+02 7.101560669e+02 3.645819724e-01 5.228374153e-02 1.533478212e-06 0.000000000e+00 0.000000000e+00 0.000000000e+00 0.000000000e+00 0.000000000e+00 0.000000000e+00 0.000000000e+00 0.000000000e+00 0.000000000e+00 6.000000212e-06
2.665242920e+03 1.950000000e+02 7.101560669e+02 3.549854159e-01 4.762338847e-02 1.683542450e-06 0.000000000e+00 0.000000000e+00 0.000000000e+00 0.000000000e+00 0.000000000e+00 0.000000000e+00 0.000000000e+00 0.000000000e+00 0.000000000e+00 6.000000212e-06
2.427674316e+03 1.950000000e+02 7.101560669e+02 3.456414640e-01 4.337843880e-02 1.848291845e-06 0.000000000e+00 0.000000000e+00 0.000000000e+00 0.000000000e+00 0.000000000e+00 0.000000000e+00 0.000000000e+00 0.000000000e+00 0.000000000e+00 6.000000212e-06
2.211281738e+03 1.950000000e+02 7.101560669e+02 3.365434706e-01 3.951186687e-02 2.029163397e-06 0.000000000e+00 0.000000000e+00 0.000000000e+00 0.000000000e+00 0.000000000e+00 0.000000000e+00 0.000000000e+00 0.000000000e+00 0.000000000e+00 6.000000212e-06
2.014177368e+03 1.950000000e+02 7.101560669e+02 3.276849389e-01 3.598994762e-02 2.227734967e-06 0.000000000e+00 0.000000000e+00 0.000000000e+00 0.000000000e+00 0.000000000e+00 0.000000000e+00 0.000000000e+00 0.000000000e+00 0.000000000e+00 6.000000212e-06
1.834642090e+03 1.950000000e+02 7.101560669e+02 3.190596104e-01 3.278195485e-02 2.445738801e-06 0.000000000e+00 0.000000000e+00 0.000000000e+00 0.000000000e+00 0.000000000e+00 0.000000000e+00 0.000000000e+00 0.000000000e+00 0.000000000e+00 6.000000212e-06
1.671109863e+03 1.950000000e+02 7.101560669e+02 3.106612861e-01 2.985990979e-02 2.685075970e-06 0.000000000e+00 0.000000000e+00 0.000000000e+00 0.000000000e+00 0.000000000e+00 0.000000000e+00 0.000000000e+00 0.000000000e+00 0.000000000e+00 6.000000212e-06
1.522154175e+03 1.950000000e+02 7.101560669e+02 3.024840355e-01 2.719832212e-02 2.947834673e-06 0.000000000e+00 0.000000000e+00 0.000000000e+00 0.000000000e+00 0.000000000e+00 0.000000000e+00 0.000000000e+00 0.000000000e+00 0.000000000e+00 6.000000212e-06
1.386475708e+03 1.950000000e+02 7.101560669e+02 2.945220470e-01 2.477397956e-02 3.236306839e-06 0.000000000e+00 0.000000000e+00 0.000000000e+00 0.000000000e+00 0.000000000e+00 0.000000000e+00 0.000000000e+00 0.000000000e+00 0.000000000e+00 6.000000212e-06
1.262891113e+03 1.950000000e+02 7.101560669e+02 2.867695987e-01 2.256572992e-02 3.553008810e-06 0.000000000e+00 0.000000000e+00 0.000000000e+00 0.000000000e+00 0.000000000e+00 0.000000000e+00 0.000000000e+00 0.000000000e+00 0.000000000e+00 6.000000212e-06
1.150322266e+03 1.950000000e+02 7.101560669e+02 2.792212367e-01 2.055431716e-02 3.900703177e-06 0.000000000e+00 0.000000000e+00 0.000000000e+00 0.000000000e+00 0.000000000e+00 0.000000000e+00 0.000000000e+00 0.000000000e+00 0.000000000e+00 6.000000212e-06
1.047787476e+03 1.950000000e+02 7.101560669e+02 2.718715370e-01 1.872219145e-02 4.282422651e-06 0.000000000e+00 0.000000000e+00 0.000000000e+00 0.000000000e+00 0.000000000e+00 0.000000000e+00 0.000000000e+00 0.000000000e+00 0.000000000e+00 6.000000212e-06
9.700000000e+04 2.880000000e+02
8.835382812e+04 2.833839722e+02
8.047834375e+04 2.787679749e+02
7.330483594e+04 2.741519470e+02
6.677075781e+04 2.695359497e+02
6.081908984e+04 2.649199219e+02
5.539793359e+04 2.603039246e+02
5.045999609e+04 2.556878967e+02
4.596220312e+04 2.510718842e+02
4.186532422e+04 2.464558716e+02
3.813362891e+04 2.418398590e+02
3.473455469e+04 2.372238464e+02
3.163846484e+04 2.326078186e+02
2.881834375e+04 2.279918060e+02
2.624959961e+04 2.233757935e+02
2.390982031e+04 2.187597809e+02
2.177859961e+04 2.141437683e+02
1.983734570e+04 2.095277557e+02
1.806912891e+04 2.049117432e+02
1.645852344e+04 2.002957153e+02
1.499147949e+04 1.956797028e+02
1.365520215e+04 1.950000000e+02
1.243803516e+04 1.950000000e+02
1.132936133e+04 1.950000000e+02
1.031950977e+04 1.950000000e+02
9.399671875e+03 1.950000000e+02
8.561824219e+03 1.950000000e+02
7.798659668e+03 1.950000000e+02
7.103520020e+03 1.950000000e+02
6.470341797e+03 1.950000000e+02
5.893603027e+03 1.950000000e+02
5.368271973e+03 1.950000000e+02
4.889767090e+03 1.950000000e+02
4.453913574e+03 1.950000000e+02
4.056910400e+03 1.950000000e+02
3.695294678e+03 1.950000000e+02
3.365911621e+03 1.950000000e+02
3.065888428e+03 1.950000000e+02
2.792607910e+03 1.950000000e+02
2.543686768e+03 1.950000000e+02
2.316953125e+03 1.950000000e+02
2.110429688e+03 1.950000000e+02
1.922314941e+03 1.950000000e+02
1.750967896e+03 1.950000000e+02
1.594893921e+03 1.950000000e+02
1.452731812e+03 1.950000000e+02
1.323241455e+03 1.950000000e+02
1.205293213e+03 1.950000000e+02
1.097858521e+03 1.950000000e+02
1.000000000e+03 1.950000000e+02
108 1974 93 8 1 2 0 2 1 1 1 2 1
9.275000000e+01 1.200000000e+01 3.600000000e+02 1.000000000e+00 9.749999642e-02 1.368000000e+03 8.999999762e-01 3.900000000e+01 -9.800000000e+01 1.800000072e-01 2.715000000e+02 1.000000000e+00 0.000000000e+00 0.000000000e+00 0.000000000e+00
9.257603125e+04 2.676919861e+02 7.101560669e+02 9.782011509e-01 1.204983950e+00 1.882144716e-03 0.000000000e+00 0.000000000e+00 0.000000000e+00 0.000000000e+00 0.000000000e+00 0.000000000e+00 0.000000000e+00 0.000000000e+00 0.000000000e+00 6.000000212e-06
8.432419531e+04 2.630759888e+02 7.101560669e+02 9.524528384e-01 1.116835237e+00 1.381803653e-03 0.000000000e+00 0.000000000e+00 0.000000000e+00 0.000000000e+00 0.000000000e+00 0.000000000e+00 0.000000000e+00 0.000000000e+00 0.000000000e+00 6.000000212e-06
7.680789062e+04 2.584599609e+02 7.101560669e+02 9.273822904e-01 1.035453677e+00 9.980947943e-04 0.000000000e+00 0.000000000e+00 0.000000000e+00 0.000000000e+00 0.000000000e+00 0.000000000e+00 0.000000000e+00 0.000000000e+00 0.000000000e+00 6.000000212e-06
6.996155469e+04 2.538439484e+02 7.101560669e+02 9.029716849e-01 9.603084326e-01 7.085021352e-04 0.000000000e+00 0.000000000e+00 0.000000000e+00 0.000000000e+00 0.000000000e+00 0.000000000e+00 0.000000000e+00 0.000000000e+00 0.000000000e+00 6.000000212e-06
6.372548047e+04 2.492279358e+02 7.101560669e+02 8.792036176e-01 8.909113407e-01 4.936541081e-04 0.000000000e+00 0.000000000e+00 0.000000000e+00 0.000000000e+00 0.000000000e+00 0.000000000e+00 0.000000000e+00 0.000000000e+00 0.000000000e+00 6.000000212e-06
5.804525781e+04 2.446119232e+02 7.101560669e+02 8.560611606e-01 8.268128633e-01 3.371591156e-04 0.000000000e+00 0.000000000e+00 0.000000000e+00 0.000000000e+00 0.000000000e+00 0.000000000e+00 0.000000000e+00 0.000000000e+00 0.000000000e+00 6.000000212e-06
5.287134766e+04 2.399959106e+02 7.101560669e+02 8.335278630e-01 7.675994635e-01 2.253919520e-04 0.000000000e+00 0.000000000e+00 0.000000000e+00 1.200000057e-03 0.000000000e+00 1.000000000e+00 7.999999980e-06 3.999999899e-05 7.999999798e-05 6.000000212e-06
4.815861719e+04 2.353798828e+02 7.101560669e+02 8.115876317e-01 7.128903866e-01 1.472404256e-04 0.000000000e+00 0.000000000e+00 0.000000000e+00 1.200000057e-03 0.000000000e+00 1.000000000e+00 7.999999980e-06 3.999999899e-05 7.999999798e-05 6.000000212e-06
4.386596094e+04 2.307638702e+02 7.101560669e+02 7.902249694e-01 6.623353362e-01 9.382452117e-05 0.000000000e+00 0.000000000e+00 0.000000000e+00 1.200000057e-03 0.000000000e+00 1.000000000e+00 7.999999980e-06 3.999999899e-05 7.999999798e-05 6.000000212e-06
3.995593359e+04 2.261478577e+02 7.101560669e+02 7.694246173e-01 6.156117916e-01 5.820078513e-05 0.000000000e+00 0.000000000e+00 0.000000000e+00 1.200000057e-03 0.000000000e+00 1.000000000e+00 7.999999980e-06 3.999999899e-05 7.999999798e-05 6.000000212e-06
3.639442969e+04 2.215318451e+02 7.101560669e+02 7.491717935e-01 5.724227428e-01 3.506518624e-05 0.000000000e+00 0.000000000e+00 0.000000000e+00 1.200000057e-03 0.000000000e+00 1.000000000e+00 7.999999980e-06 3.999999899e-05 7.999999798e-05 6.000000212e-06
3.315038281e+04 2.169158325e+02 7.101560669e+02 7.294520140e-01 5.324948430e-01 2.046610462e-05 0.000000000e+00 0.000000000e+00 0.000000000e+00 1.200000057e-03 0.000000000e+00 1.000000000e+00 7.999999980e-06 3.999999899e-05 7.999999798e-05 6.000000212e-06
3.019549805e+04 2.122998199e+02 7.101560669e+02 7.102513313e-01 4.955765009e-01 1.153762514e-05 0.000000000e+00 0.000000000e+00 0.000000000e+00 1.200000057e-03 0.000000000e+00 1.000000000e+00 7.999999980e-06 3.999999899e-05 7.999999798e-05 6.000000212e-06
2.750400000e+04 2.076838074e+02 7.101560669e+02 6.915560365e-01 4.614358544e-01 6.260660939e-06 0.000000000e+00 0.000000000e+00 0.000000000e+00 1.200000057e-03 0.000000000e+00 1.000000000e+00 7.999999980e-06 3.999999899e-05 7.999999798e-05 6.000000212e-06
2.505240820e+04 2.030677948e+02 7.101560669e+02 6.733528376e-01 4.298595190e-01 3.256671789e-06 0.000000000e+00 0.000000000e+00 0.000000000e+00 1.200000057e-03 0.000000000e+00 1.000000000e+00 7.999999980e-06 3.999999899e-05 7.999999798e-05 6.000000212e-06
2.281934180e+04 1.984517670e+02 7.101560669e+02 6.556288004e-01 4.006510079e-01 1.615989049e-06 0.000000000e+00 0.000000000e+00 0.000000000e+00 1.200000057e-03 0.000000000e+00 1.000000000e+00 7.999999980e-06 3.999999899e-05 7.999999798e-05 6.000000212e-06
2.078532227e+04 1.950000000e+02 7.101560669e+02 6.383712888e-01 3.713985980e-01 9.143095667e-07 0.000000000e+00 0.000000000e+00 0.000000000e+00 1.200000057e-03 0.000000000e+00 1.000000000e+00 7.999999980e-06 3.999999899e-05 7.999999798e-05 6.000000212e-06
1.893260547e+04 1.950000000e+02 7.101560669e+02 6.215680838e-01 3.382936716e-01 8.635261111e-07 0.000000000e+00 0.000000000e+00 0.000000000e+00 1.200000057e-03 0.000000000e+00 1.000000000e+00 7.999999980e-06 3.999999899e-05 7.999999798e-05 6.000000212e-06
1.724503320e+04 1.950000000e+02 7.101560669e+02 6.052070856e-01 3.081396222e-01 7.940477644e-07 0.000000000e+00 0.000000000e+00 0.000000000e+00 0.000000000e+00 0.000000000e+00 0.000000000e+00 0.000000000e+00 0.000000000e+00 0.000000000e+00 6.000000212e-06
1.570788379e+04 1.950000000e+02 7.101560669e+02 5.892767906e-01 2.806733549e-01 7.027019819e-07 0.000000000e+00 0.000000000e+00 0.000000000e+00 0.000000000e+00 0.000000000e+00 0.000000000e+00 0.000000000e+00 0.000000000e+00 0.000000000e+00 6.000000212e-06
1.430774902e+04 1.950000000e+02 7.101560669e+02 5.737658143e-01 2.556553185e-01 5.858742611e-07 0.000000000e+00 0.000000000e+00 0.000000000e+00 0.000000000e+00 0.000000000e+00 0.000000000e+00 0.000000000e+00 0.000000000e+00 0.000000000e+00 6.000000212e-06
1.303241699e+04 1.950000000e+02 7.101560669e+02 5.586630702e-01 2.328672707e-01 4.394521795e-07 0.000000000e+00 0.000000000e+00 0.000000000e+00 0.000000000e+00 0.000000000e+00 0.000000000e+00 0.000000000e+00 0.000000000e+00 0.000000000e+00 6.000000212e-06
1.187076172e+04 1.950000000e+02 7.101560669e+02 5.439579487e-01 2.121104598e-01 3.779909150e-07 0.000000000e+00 0.000000000e+00 0.000000000e+00 0.000000000e+00 0.000000000e+00 0.000000000e+00 0.000000000e+00 0.000000000e+00 0.000000000e+00 6.000000212e-06
1.081265234e+04 1.950000000e+02 7.101560669e+02 5.296398401e-01 1.932038218e-01 4.149805761e-07 0.000000000e+00 0.000000000e+00 0.000000000e+00 0.000000000e+00 0.000000000e+00 0.000000000e+00 0.000000000e+00 0.000000000e+00 0.000000000e+00 6.000000212e-06
9.848857422e+03 1.950000000e+02 7.101560669e+02 5.156986117e-01 1.759824455e-01 4.555899693e-07 0.000000000e+00 0.000000000e+00 0.000000000e+00 0.000000000e+00 0.000000000e+00 0.000000000e+00 0.000000000e+00 0.000000000e+00 0.000000000e+00 6.000000212e-06
8.970971680e+03 1.950000000e+02 7.101560669e+02 5.021243691e-01 1.602961123e-01 5.001733712e-07 0.000000000e+00 0.000000000e+00 0.000000000e+00 0.000000000e+00 0.000000000e+00 0.000000000e+00 0.000000000e+00 0.000000000e+00 0.000000000e+00 6.000000212e-06
8.171337402e+03 1.950000000e+02 7.101560669e+02 4.889073968e-01 1.460079998e-01 5.491195907e-07 0.000000000e+00 0.000000000e+00 0.000000000e+00 0.000000000e+00 0.000000000e+00 0.000000000e+00 0.000000000e+00 0.000000000e+00 0.000000000e+00 6.000000212e-06
7.442979004e+03 1.950000000e+02 7.101560669e+02 4.760383368e-01 1.329934597e-01 6.028556641e-07 0.000000000e+00 0.000000000e+00 0.000000000e+00 0.000000000e+00 0.000000000e+00 0.000000000e+00 0.000000000e+00 0.000000000e+00 0.000000000e+00 6.000000212e-06
6.779542969e+03 1.950000000e+02 7.101560669e+02 4.635080397e-01 1.211389825e-01 6.618502653e-07 0.000000000e+00 0.000000000e+00 0.000000000e+00 0.000000000e+00 0.000000000e+00 0.000000000e+00 0.000000000e+00 0.000000000e+00 0.000000000e+00 6.000000212e-06
6.175243164e+03 1.950000000e+02 7.101560669e+02 4.513075352e-01 1.103411615e-01 7.266179978e-07 0.000000000e+00 0.000000000e+00 0.000000000e+00 0.000000000e+00 0.000000000e+00 0.000000000e+00 0.000000000e+00 0.000000000e+00 0.000000000e+00 6.000000212e-06
5.624808105e+03 1.950000000e+02 7.101560669e+02 4.394281805e-01 1.005058140e-01 7.977238283e-07 0.000000000e+00 0.000000000e+00 0.000000000e+00 0.000000000e+00 0.000000000e+00 0.000000000e+00 0.000000000e+00 0.000000000e+00 0.000000000e+00 6.000000212e-06
5.123436035e+03 1.950000000e+02 7.101560669e+02 4.278615415e-01 9.154714644e-02 8.757879755e-07 0.000000000e+00 0.000000000e+00 0.000000000e+00 0.000000000e+00 0.000000000e+00 0.000000000e+00 0.000000000e+00 0.000000000e+00 0.000000000e+00 6.000000212e-06
4.666754883e+03 1.950000000e+02 7.101560669e+02 4.165993333e-01 8.338702470e-02 9.614914234e-07 0.000000000e+00 0.000000000e+00 0.000000000e+00 0.000000000e+00 0.000000000e+00 0.000000000e+00 0.000000000e+00 0.000000000e+00 0.000000000e+00 6.000000212e-06
4.250779785e+03 1.950000000e+02 7.101560669e+02 4.056335688e-01 7.595425099e-02 1.055581606e-06 0.000000000e+00 0.000000000e+00 0.000000000e+00 0.000000000e+00 0.000000000e+00 0.000000000e+00 0.000000000e+00 0.000000000e+00 0.000000000e+00 6.000000212e-06
3.871883301e+03 1.950000000e+02 7.101560669e+02 3.949564397e-01 6.918401271e-02 1.158879400e-06 0.000000000e+00 0.000000000e+00 0.000000000e+00 0.000000000e+00 0.000000000e+00 0.000000000e+00 0.000000000e+00 0.000000000e+00 0.000000000e+00 6.000000212e-06
3.526759766e+03 1.950000000e+02 7.101560669e+02 3.845603764e-01 6.301724166e-02 1.272285886e-06 0.000000000e+00 0.000000000e+00 0.000000000e+00 0.000000000e+00 0.000000000e+00 0.000000000e+00 0.000000000e+00 0.000000000e+00 0.000000000e+00 6.000000212e-06
3.212399414e+03 1.950000000e+02 7.101560669e+02 3.744379580e-01 5.740014836e-02 1.396790140e-06 0.000000000e+00 0.000000000e+00 0.000000000e+00 0.000000000e+00 0.000000000e+00 0.000000000e+00 0.000000000e+00 0.000000000e+00 0.000000000e+00 6.000000212e-06
2.926059570e+03 1.950000000e+02 7.101560669e+02 3.645819724e-01 5.228374153e-02 1.533478212e-06 0.000000000e+00 0.000000000e+00 0.000000000e+00 0.000000000e+00 0.000000000e+00 0.000000000e+00 0.000000000e+00 0.000000000e+00 0.000000000e+00 6.000000212e-06
2.665242920e+03 1.950000000e+02 7.101560669e+02 3.549854159e-01 4.762338847e-02 1.683542450e-06 0.000000000e+00 0.000000000e+00 0.000000000e+00 0.000000000e+00 0.000000000e+00 0.000000000e+00 0.000000000e+00 0.000000000e+00 0.000000000e+00 6.000000212e-06
2.427674316e+03 1.950000000e+02 7.101560669e+02 3.456414640e-01 4.337843880e-02 1.848291845e-06 0.000000000e+00 0.000000000e+00 0.000000000e+00 0.000000000e+00 0.000000000e+00 0.000000000e+00 0.000000000e+00 0.000000000e+00 0.000000000e+00 6.000000212e-06
2.211281738e+03 1.950000000e+02 7.101560669e+02 3.365434706e-01 3.951186687e-02 2.029163397e-06 0.000000000e+00 0.000000000e+00 0.000000000e+00 0.000000000e+00 0.000000000e+00 0.000000000e+00 0.000000000e+00 0.000000000e+00 0.000000000e+00 6.000000212e-06
2.014177368e+03 1.950000000e+02 7.101560669e+02 3.276849389e-01 3.598994762e-02 2.227734967e-06 0.000000000e+00 0.000000000e+00 0.000000000e+00 0.000000000e+00 0.000000000e+00 0.000000000e+00 0.000000000e+00 0.000000000e+00 0.000000000e+00 6.000000212e-06
1.834642090e+03 1.950000000e+02 7.101560669e+02 3.190596104e-01 3.278195485e-02 2.445738801e-06 0.000000000e+00 0.000000000e+00 0.000000000e+00 0.000000000e+00 0.000000000e+00 0.000000000e+00 0.000000000e+00 0.000000000e+00 0.000000000e+00 6.000000212e-06
1.671109863e+03 1.950000000e+02 7.101560669e+02 3.106612861e-01 2.985990979e-02 2.685075970e-06 0.000000000e+00 0.000000000e+00 0.000000000e+00 0.000000000e+00 0.000000000e+00 0.000000000e+00 0.000000000e+00 0.000000000e+00 0.000000000e+00 6.000000212e-06
1.522154175e+03 1.950000000e+02 7.101560669e+02 3.024840355e-01 2.719832212e-02 2.947834673e-06 0.000000000e+00 0.000000000e+00 0.000000000e+00 0.000000000e+00 0.000000000e+00 0.000000000e+00 0.000000000e+00 0.000000000e+00 0.000000000e+00 6.000000212e-06
1.386475708e+03 1.950000000e+02 7.101560669e+02 2.945220470e-01 2.477397956e-02 3.236306839e-06 0.000000000e+00 0.000000000e+00 0.000000000e+00 0.000000000e+00 0.000000000e+00 0.000000000e+00 0.000000000e+00 0.000000000e+00 0.000000000e+00 6.000000212e-06
1.262891113e+03 1.950000000e+02 7.101560669e+02 2.867695987e-01 2.256572992e-02 3.553008810e-06 0.000000000e+00 0.000000000e+00 0.000000000e+00 0.000000000e+00 0.000000000e+00 0.000000000e+00 0.000000000e+00 0.000000000e+00 0.000000000e+00 6.000000212e-06
1.150322266e+03 1.950000000e+02 7.101560669e+02 2.792212367e-01 2.055431716e-02 3.900703177e-06 0.000000000e+00 0.000000000e+00 0.000000000e+00 0.000000000e+00 0.000000000e+00 0.000000000e+00 0.000000000e+00 0.000000000e+00 0.000000000e+00 6.000000212e-06
1.047787476e+03 1.950000000e+02 7.101560669e+02 2.718715370e-01 1.872219145e-02 4.282422651e-06 0.000000000e+00 0.000000000e+00 0.000000000e+00 0.000000000e+00 0.000000000e+00 0.000000000e+00 0.000000000e+00 0.000000000e+00 0.000000000e+00 6.000000212e-06
9.700000000e+04 2.700000000e+02
8.835382812e+04 2.653839722e+02
8.047834375e+04 2.607679749e+02
7.330483594e+04 2.561519470e+02
6.677075781e+04 2.515359344e+02
6.081908984e+04 2.469199219e+02
5.539793359e+04 2.423039093e+02
5.045999609e+04 2.376878967e+02
4.596220312e+04 2.330718842e+02
4.186532422e+04 2.284558716e+02
3.813362891e+04 2.238398590e+02
3.473455469e+04 2.192238464e+02
3.163846484e+04 2.146078186e+02
2.881834375e+04 2.099918060e+02
2.624959961e+04 2.053757935e+02
2.390982031e+04 2.007597809e+02
2.177859961e+04 1.961437683e+02
1.983734570e+04 1.950000000e+02
1.806912891e+04 1.950000000e+02
1.645852344e+04 1.950000000e+02
1.499147949e+04 1.950000000e+02
1.365520215e+04 1.950000000e+02
1.243803516e+04 1.950000000e+02
1.132936133e+04 1.950000000e+02
1.031950977e+04 1.950000000e+02
9.399671875e+03 1.950000000e+02
8.561824219e+03 1.950000000e+02
7.798659668e+03 1.950000000e+02
7.103520020e+03 1.950000000e+02
6.470341797e+03 1.950000000e+02
5.893603027e+03 1.950000000e+02
5.368271973e+03 1.950000000e+02
4.889767090e+03 1.950000000e+02
4.453913574e+03 1.950000000e+02
4.056910400e+03 1.950000000e+02
3.695294678e+03 1.950000000e+02
3.365911621e+03 1.950000000e+02
3.065888428e+03 1.950000000e+02
2.792607910e+03 1.950000000e+02
2.543686768e+03 1.950000000e+02
2.316953125e+03 1.950000000e+02
2.110429688e+03 1.950000000e+02
1.922314941e+03 1.950000000e+02
1.750967896e+03 1.950000000e+02
1.594893921e+03 1.950000000e+02
1.452731812e+03 1.950000000e+02
1.323241455e+03 1.950000000e+02
1.205293213e+03 1.950000000e+02
1.097858521e+03 1.950000000e+02
1.000000000e+03 1.950000000e+02
