run,step,case,k,dt,ktau,myj,frpcpn,mosaic_lu,mosaic_soil,rdlai2d,iswater,isice,xice_threshold,nlcat,nscat,lutype,cp,rovcp,g0,lv,stbolt,zs,ivgtyp,isltyp,xland,xice,tbot,shdmin,shdmax,vegfra,rainbl,frzfrac,glw,gsw,chs,flqc,flhc,albbck,z3d,p8w,t3d,qv3d,qc3d,rho3d,snow_i,snowh_i,snowc_i,canwat_i,snoalb_i,alb_i,emiss_i,lai_i,mavail_i,sfcexc_i,z0_i,znt_i,soilt_i,hfx_i,qfx_i,lh_i,sfcevp_i,sfcrunoff_i,udrunoff_i,acrunoff_i,grdflx_i,acsnow_i,snom_i,qvg_i,qcg_i,dew_i,qsfc_i,qsg_i,chklowq_i,soilt1_i,tsnav_i,smavail_i,smmax_i,rhosnf_i,precipfr_i,snowfallac_i,soilmois_i,sh2o_i,tso_i,smfr3d_i,keepfr_i,snow,snowh,snowc,canwat,snoalb,alb,emiss,lai,mavail,sfcexc,z0,znt,soilt,hfx,qfx,lh,sfcevp,sfcrunoff,udrunoff,acrunoff,grdflx,acsnow,snom,qvg,qcg,dew,qsfc,qsg,chklowq,soilt1,tsnav,smavail,smmax,rhosnf,precipfr,snowfallac,soilmois,sh2o,tso,smfr3d,keepfr
1,1,warm_forest_rain,1,60.0000000,1,F,T,0,0,F,17,15,0.500000000,28,19,0,1004.50000,0.285714298,9.81000042,2500000.00,0.567051011E-07,0.00000000,1,4,1.00000000,0.00000000,288.000000,20.0000000,90.0000000,72.0000000,0.899999976,0.00000000,340.000000,520.000000,0.120000001E-01,0.109999999E-01,11.0000000,0.119999997,80.0000000,95000.0000,298.000000,0.120000001E-01,0.00000000,1.10000002,0.00000000,0.00000000,0.00000000,0.150000006,0.519999981,0.119999997,0.949999988,6.40000010,0.614925385,0.00000000,0.00000000,0.800000012,297.000000,0.00000000,0.00000000,0.00000000,7.50000000,2.00000000,1.00000000,4.00000000,0.00000000,3.25000000,0.250000000,0.00000000,-1.00000000,0.00000000,0.00000000,0.00000000,1.00000000,-999.000000,0.00000000,0.00000000,0.00000000,0.00000000,0.00000000,0.500000000,0.239999995,0.239999995,296.000000,0.00000000,0.00000000,0.00000000,0.00000000,0.00000000,0.304442495,0.519999981,0.119999997,0.949999988,6.34857130,0.878789425,0.985585432E-02,0.800000012,0.800000012,293.917511,-45.1155853,0.429060383E-04,107.265099,7.50514889,0.190484643,0.00000000,0.190484643,98.3508530,3.25000000,0.00000000,0.144891366E-01,0.00000000,0.00000000,0.142821996E-01,0.160478670E-01,1.00000000,296.000000,23.3500061,814.802185,1455.00000,-1000.00000,0.00000000,0.00000000,0.328394443,0.240000010,293.917511,0.228888884,0.00000000
1,1,warm_forest_rain,2,60.0000000,1,F,T,0,0,F,17,15,0.500000000,28,19,0,1004.50000,0.285714298,9.81000042,2500000.00,0.567051011E-07,0.999999978E-02,1,4,1.00000000,0.00000000,288.000000,20.0000000,90.0000000,72.0000000,0.899999976,0.00000000,340.000000,520.000000,0.120000001E-01,0.109999999E-01,11.0000000,0.119999997,80.0000000,95000.0000,298.000000,0.120000001E-01,0.00000000,1.10000002,0.00000000,0.00000000,0.00000000,0.150000006,0.519999981,0.119999997,0.949999988,6.40000010,0.614925385,0.00000000,0.00000000,0.800000012,297.000000,0.00000000,0.00000000,0.00000000,7.50000000,2.00000000,1.00000000,4.00000000,0.00000000,3.25000000,0.250000000,0.00000000,-1.00000000,0.00000000,0.00000000,0.00000000,1.00000000,-999.000000,0.00000000,0.00000000,0.00000000,0.00000000,0.00000000,0.500000000,0.244999990,0.244999990,295.000000,0.00000000,0.00000000,0.00000000,0.00000000,0.00000000,0.304442495,0.519999981,0.119999997,0.949999988,6.34857130,0.878789425,0.985585432E-02,0.800000012,0.800000012,293.917511,-45.1155853,0.429060383E-04,107.265099,7.50514889,0.190484643,0.00000000,0.190484643,98.3508530,3.25000000,0.00000000,0.144891366E-01,0.00000000,0.00000000,0.142821996E-01,0.160478670E-01,1.00000000,296.000000,23.3500061,814.802185,1455.00000,-1000.00000,0.00000000,0.00000000,0.250546902,0.245000005,294.942474,0.234444425,0.00000000
1,1,warm_forest_rain,3,60.0000000,1,F,T,0,0,F,17,15,0.500000000,28,19,0,1004.50000,0.285714298,9.81000042,2500000.00,0.567051011E-07,0.399999991E-01,1,4,1.00000000,0.00000000,288.000000,20.0000000,90.0000000,72.0000000,0.899999976,0.00000000,340.000000,520.000000,0.120000001E-01,0.109999999E-01,11.0000000,0.119999997,80.0000000,95000.0000,298.000000,0.120000001E-01,0.00000000,1.10000002,0.00000000,0.00000000,0.00000000,0.150000006,0.519999981,0.119999997,0.949999988,6.40000010,0.614925385,0.00000000,0.00000000,0.800000012,297.000000,0.00000000,0.00000000,0.00000000,7.50000000,2.00000000,1.00000000,4.00000000,0.00000000,3.25000000,0.250000000,0.00000000,-1.00000000,0.00000000,0.00000000,0.00000000,1.00000000,-999.000000,0.00000000,0.00000000,0.00000000,0.00000000,0.00000000,0.500000000,0.250000000,0.250000000,294.000000,0.00000000,0.00000000,0.00000000,0.00000000,0.00000000,0.304442495,0.519999981,0.119999997,0.949999988,6.34857130,0.878789425,0.985585432E-02,0.800000012,0.800000012,293.917511,-45.1155853,0.429060383E-04,107.265099,7.50514889,0.190484643,0.00000000,0.190484643,98.3508530,3.25000000,0.00000000,0.144891366E-01,0.00000000,0.00000000,0.142821996E-01,0.160478670E-01,1.00000000,296.000000,23.3500061,814.802185,1455.00000,-1000.00000,0.00000000,0.00000000,0.250042677,0.250000000,294.011871,0.239999980,0.00000000
1,1,warm_forest_rain,4,60.0000000,1,F,T,0,0,F,17,15,0.500000000,28,19,0,1004.50000,0.285714298,9.81000042,2500000.00,0.567051011E-07,0.100000001,1,4,1.00000000,0.00000000,288.000000,20.0000000,90.0000000,72.0000000,0.899999976,0.00000000,340.000000,520.000000,0.120000001E-01,0.109999999E-01,11.0000000,0.119999997,80.0000000,95000.0000,298.000000,0.120000001E-01,0.00000000,1.10000002,0.00000000,0.00000000,0.00000000,0.150000006,0.519999981,0.119999997,0.949999988,6.40000010,0.614925385,0.00000000,0.00000000,0.800000012,297.000000,0.00000000,0.00000000,0.00000000,7.50000000,2.00000000,1.00000000,4.00000000,0.00000000,3.25000000,0.250000000,0.00000000,-1.00000000,0.00000000,0.00000000,0.00000000,1.00000000,-999.000000,0.00000000,0.00000000,0.00000000,0.00000000,0.00000000,0.500000000,0.254999995,0.254999995,293.000000,0.00000000,0.00000000,0.00000000,0.00000000,0.00000000,0.304442495,0.519999981,0.119999997,0.949999988,6.34857130,0.878789425,0.985585432E-02,0.800000012,0.800000012,293.917511,-45.1155853,0.429060383E-04,107.265099,7.50514889,0.190484643,0.00000000,0.190484643,98.3508530,3.25000000,0.00000000,0.144891366E-01,0.00000000,0.00000000,0.142821996E-01,0.160478670E-01,1.00000000,296.000000,23.3500061,814.802185,1455.00000,-1000.00000,0.00000000,0.00000000,0.254991323,0.254991323,293.003113,0.245555535,0.00000000
1,1,warm_forest_rain,5,60.0000000,1,F,T,0,0,F,17,15,0.500000000,28,19,0,1004.50000,0.285714298,9.81000042,2500000.00,0.567051011E-07,0.300000012,1,4,1.00000000,0.00000000,288.000000,20.0000000,90.0000000,72.0000000,0.899999976,0.00000000,340.000000,520.000000,0.120000001E-01,0.109999999E-01,11.0000000,0.119999997,80.0000000,95000.0000,298.000000,0.120000001E-01,0.00000000,1.10000002,0.00000000,0.00000000,0.00000000,0.150000006,0.519999981,0.119999997,0.949999988,6.40000010,0.614925385,0.00000000,0.00000000,0.800000012,297.000000,0.00000000,0.00000000,0.00000000,7.50000000,2.00000000,1.00000000,4.00000000,0.00000000,3.25000000,0.250000000,0.00000000,-1.00000000,0.00000000,0.00000000,0.00000000,1.00000000,-999.000000,0.00000000,0.00000000,0.00000000,0.00000000,0.00000000,0.500000000,0.259999990,0.259999990,292.000000,0.00000000,0.00000000,0.00000000,0.00000000,0.00000000,0.304442495,0.519999981,0.119999997,0.949999988,6.34857130,0.878789425,0.985585432E-02,0.800000012,0.800000012,293.917511,-45.1155853,0.429060383E-04,107.265099,7.50514889,0.190484643,0.00000000,0.190484643,98.3508530,3.25000000,0.00000000,0.144891366E-01,0.00000000,0.00000000,0.142821996E-01,0.160478670E-01,1.00000000,296.000000,23.3500061,814.802185,1455.00000,-1000.00000,0.00000000,0.00000000,0.259999007,0.259999007,292.000214,0.251111090,0.00000000
1,1,warm_forest_rain,6,60.0000000,1,F,T,0,0,F,17,15,0.500000000,28,19,0,1004.50000,0.285714298,9.81000042,2500000.00,0.567051011E-07,0.600000024,1,4,1.00000000,0.00000000,288.000000,20.0000000,90.0000000,72.0000000,0.899999976,0.00000000,340.000000,520.000000,0.120000001E-01,0.109999999E-01,11.0000000,0.119999997,80.0000000,95000.0000,298.000000,0.120000001E-01,0.00000000,1.10000002,0.00000000,0.00000000,0.00000000,0.150000006,0.519999981,0.119999997,0.949999988,6.40000010,0.614925385,0.00000000,0.00000000,0.800000012,297.000000,0.00000000,0.00000000,0.00000000,7.50000000,2.00000000,1.00000000,4.00000000,0.00000000,3.25000000,0.250000000,0.00000000,-1.00000000,0.00000000,0.00000000,0.00000000,1.00000000,-999.000000,0.00000000,0.00000000,0.00000000,0.00000000,0.00000000,0.500000000,0.264999986,0.264999986,291.000000,0.00000000,0.00000000,0.00000000,0.00000000,0.00000000,0.304442495,0.519999981,0.119999997,0.949999988,6.34857130,0.878789425,0.985585432E-02,0.800000012,0.800000012,293.917511,-45.1155853,0.429060383E-04,107.265099,7.50514889,0.190484643,0.00000000,0.190484643,98.3508530,3.25000000,0.00000000,0.144891366E-01,0.00000000,0.00000000,0.142821996E-01,0.160478670E-01,1.00000000,296.000000,23.3500061,814.802185,1455.00000,-1000.00000,0.00000000,0.00000000,0.264999300,0.264999300,291.000031,0.256666631,0.00000000
1,1,warm_forest_rain,7,60.0000000,1,F,T,0,0,F,17,15,0.500000000,28,19,0,1004.50000,0.285714298,9.81000042,2500000.00,0.567051011E-07,1.00000000,1,4,1.00000000,0.00000000,288.000000,20.0000000,90.0000000,72.0000000,0.899999976,0.00000000,340.000000,520.000000,0.120000001E-01,0.109999999E-01,11.0000000,0.119999997,80.0000000,95000.0000,298.000000,0.120000001E-01,0.00000000,1.10000002,0.00000000,0.00000000,0.00000000,0.150000006,0.519999981,0.119999997,0.949999988,6.40000010,0.614925385,0.00000000,0.00000000,0.800000012,297.000000,0.00000000,0.00000000,0.00000000,7.50000000,2.00000000,1.00000000,4.00000000,0.00000000,3.25000000,0.250000000,0.00000000,-1.00000000,0.00000000,0.00000000,0.00000000,1.00000000,-999.000000,0.00000000,0.00000000,0.00000000,0.00000000,0.00000000,0.500000000,0.269999981,0.269999981,290.000000,0.00000000,0.00000000,0.00000000,0.00000000,0.00000000,0.304442495,0.519999981,0.119999997,0.949999988,6.34857130,0.878789425,0.985585432E-02,0.800000012,0.800000012,293.917511,-45.1155853,0.429060383E-04,107.265099,7.50514889,0.190484643,0.00000000,0.190484643,98.3508530,3.25000000,0.00000000,0.144891366E-01,0.00000000,0.00000000,0.142821996E-01,0.160478670E-01,1.00000000,296.000000,23.3500061,814.802185,1455.00000,-1000.00000,0.00000000,0.00000000,0.269999295,0.269999295,290.000031,0.262222171,0.00000000
1,1,warm_forest_rain,8,60.0000000,1,F,T,0,0,F,17,15,0.500000000,28,19,0,1004.50000,0.285714298,9.81000042,2500000.00,0.567051011E-07,1.60000002,1,4,1.00000000,0.00000000,288.000000,20.0000000,90.0000000,72.0000000,0.899999976,0.00000000,340.000000,520.000000,0.120000001E-01,0.109999999E-01,11.0000000,0.119999997,80.0000000,95000.0000,298.000000,0.120000001E-01,0.00000000,1.10000002,0.00000000,0.00000000,0.00000000,0.150000006,0.519999981,0.119999997,0.949999988,6.40000010,0.614925385,0.00000000,0.00000000,0.800000012,297.000000,0.00000000,0.00000000,0.00000000,7.50000000,2.00000000,1.00000000,4.00000000,0.00000000,3.25000000,0.250000000,0.00000000,-1.00000000,0.00000000,0.00000000,0.00000000,1.00000000,-999.000000,0.00000000,0.00000000,0.00000000,0.00000000,0.00000000,0.500000000,0.275000006,0.275000006,289.000000,0.00000000,0.00000000,0.00000000,0.00000000,0.00000000,0.304442495,0.519999981,0.119999997,0.949999988,6.34857130,0.878789425,0.985585432E-02,0.800000012,0.800000012,293.917511,-45.1155853,0.429060383E-04,107.265099,7.50514889,0.190484643,0.00000000,0.190484643,98.3508530,3.25000000,0.00000000,0.144891366E-01,0.00000000,0.00000000,0.142821996E-01,0.160478670E-01,1.00000000,296.000000,23.3500061,814.802185,1455.00000,-1000.00000,0.00000000,0.00000000,0.274999321,0.274999321,289.000061,0.267777771,0.00000000
1,1,warm_forest_rain,9,60.0000000,1,F,T,0,0,F,17,15,0.500000000,28,19,0,1004.50000,0.285714298,9.81000042,2500000.00,0.567051011E-07,3.00000000,1,4,1.00000000,0.00000000,288.000000,20.0000000,90.0000000,72.0000000,0.899999976,0.00000000,340.000000,520.000000,0.120000001E-01,0.109999999E-01,11.0000000,0.119999997,80.0000000,95000.0000,298.000000,0.120000001E-01,0.00000000,1.10000002,0.00000000,0.00000000,0.00000000,0.150000006,0.519999981,0.119999997,0.949999988,6.40000010,0.614925385,0.00000000,0.00000000,0.800000012,297.000000,0.00000000,0.00000000,0.00000000,7.50000000,2.00000000,1.00000000,4.00000000,0.00000000,3.25000000,0.250000000,0.00000000,-1.00000000,0.00000000,0.00000000,0.00000000,1.00000000,-999.000000,0.00000000,0.00000000,0.00000000,0.00000000,0.00000000,0.500000000,0.280000001,0.280000001,288.000000,0.00000000,0.00000000,0.00000000,0.00000000,0.00000000,0.304442495,0.519999981,0.119999997,0.949999988,6.34857130,0.878789425,0.985585432E-02,0.800000012,0.800000012,293.917511,-45.1155853,0.429060383E-04,107.265099,7.50514889,0.190484643,0.00000000,0.190484643,98.3508530,3.25000000,0.00000000,0.144891366E-01,0.00000000,0.00000000,0.142821996E-01,0.160478670E-01,1.00000000,296.000000,23.3500061,814.802185,1455.00000,-1000.00000,0.00000000,0.00000000,0.280000001,0.280000001,288.000000,0.273333311,0.00000000
1,1,warm_grass_mixed,1,60.0000000,1,F,T,0,0,F,17,15,0.500000000,28,19,0,1004.50000,0.285714298,9.81000042,2500000.00,0.567051011E-07,0.00000000,10,6,1.00000000,0.00000000,284.000000,15.0000000,85.0000000,55.0000000,1.20000005,0.349999994,300.000000,430.000000,0.140000004E-01,0.130000003E-01,13.0000000,0.189999998,80.0000000,95000.0000,274.500000,0.400000019E-02,0.999999975E-05,1.10000002,0.00000000,0.00000000,0.00000000,0.799999982E-01,0.699999988,0.189999998,0.920000017,2.90000010,0.946969688,0.00000000,0.00000000,0.750000030E-01,275.500000,0.00000000,0.00000000,0.00000000,7.50000000,2.00000000,1.00000000,4.00000000,0.00000000,3.25000000,0.250000000,-0.500000000,-1.00000000,0.00000000,0.00000000,0.00000000,1.00000000,-999.000000,0.00000000,0.00000000,0.00000000,0.00000000,0.00000000,0.500000000,0.300000012,0.300000012,275.000000,0.00000000,0.00000000,0.367521524,0.625036610E-02,0.118219154E-01,0.198391736,0.699999988,0.195438072,0.920000017,2.53142881,1.00000000,0.117258392E-01,0.750000030E-01,0.750000030E-01,275.187531,9.03969288,0.500068973E-05,12.5176945,7.50059986,0.254657507,0.00000000,0.254657507,45.6571579,3.25000000,0.126079351E-03,0.460278708E-02,0.00000000,0.00000000,0.458169868E-02,0.463623228E-02,1.00000000,275.015259,104.576904,975.845825,1353.00000,58.7999992,0.420000046,0.714071374E-02,0.342164516,0.300000012,275.169525,0.277777761,0.00000000
1,1,warm_grass_mixed,2,60.0000000,1,F,T,0,0,F,17,15,0.500000000,28,19,0,1004.50000,0.285714298,9.81000042,2500000.00,0.567051011E-07,0.999999978E-02,10,6,1.00000000,0.00000000,284.000000,15.0000000,85.0000000,55.0000000,1.20000005,0.349999994,300.000000,430.000000,0.140000004E-01,0.130000003E-01,13.0000000,0.189999998,80.0000000,95000.0000,274.500000,0.400000019E-02,0.999999975E-05,1.10000002,0.00000000,0.00000000,0.00000000,0.799999982E-01,0.699999988,0.189999998,0.920000017,2.90000010,0.946969688,0.00000000,0.00000000,0.750000030E-01,275.500000,0.00000000,0.00000000,0.00000000,7.50000000,2.00000000,1.00000000,4.00000000,0.00000000,3.25000000,0.250000000,-0.500000000,-1.00000000,0.00000000,0.00000000,0.00000000,1.00000000,-999.000000,0.00000000,0.00000000,0.00000000,0.00000000,0.00000000,0.500000000,0.304000020,0.304000020,275.600006,0.00000000,0.00000000,0.367521524,0.625036610E-02,0.118219154E-01,0.198391736,0.699999988,0.195438072,0.920000017,2.53142881,1.00000000,0.117258392E-01,0.750000030E-01,0.750000030E-01,275.187531,9.03969288,0.500068973E-05,12.5176945,7.50059986,0.254657507,0.00000000,0.254657507,45.6571579,3.25000000,0.126079351E-03,0.460278708E-02,0.00000000,0.00000000,0.458169868E-02,0.463623228E-02,1.00000000,275.015259,104.576904,975.845825,1353.00000,58.7999992,0.420000046,0.714071374E-02,0.314815581,0.304000020,275.545746,0.282222211,0.00000000
1,1,warm_grass_mixed,3,60.0000000,1,F,T,0,0,F,17,15,0.500000000,28,19,0,1004.50000,0.285714298,9.81000042,2500000.00,0.567051011E-07,0.399999991E-01,10,6,1.00000000,0.00000000,284.000000,15.0000000,85.0000000,55.0000000,1.20000005,0.349999994,300.000000,430.000000,0.140000004E-01,0.130000003E-01,13.0000000,0.189999998,80.0000000,95000.0000,274.500000,0.400000019E-02,0.999999975E-05,1.10000002,0.00000000,0.00000000,0.00000000,0.799999982E-01,0.699999988,0.189999998,0.920000017,2.90000010,0.946969688,0.00000000,0.00000000,0.750000030E-01,275.500000,0.00000000,0.00000000,0.00000000,7.50000000,2.00000000,1.00000000,4.00000000,0.00000000,3.25000000,0.250000000,-0.500000000,-1.00000000,0.00000000,0.00000000,0.00000000,1.00000000,-999.000000,0.00000000,0.00000000,0.00000000,0.00000000,0.00000000,0.500000000,0.307999998,0.307999998,276.200012,0.00000000,0.00000000,0.367521524,0.625036610E-02,0.118219154E-01,0.198391736,0.699999988,0.195438072,0.920000017,2.53142881,1.00000000,0.117258392E-01,0.750000030E-01,0.750000030E-01,275.187531,9.03969288,0.500068973E-05,12.5176945,7.50059986,0.254657507,0.00000000,0.254657507,45.6571579,3.25000000,0.126079351E-03,0.460278708E-02,0.00000000,0.00000000,0.458169868E-02,0.463623228E-02,1.00000000,275.015259,104.576904,975.845825,1353.00000,58.7999992,0.420000046,0.714071374E-02,0.308581412,0.307999998,276.190399,0.286666632,0.00000000
1,1,warm_grass_mixed,4,60.0000000,1,F,T,0,0,F,17,15,0.500000000,28,19,0,1004.50000,0.285714298,9.81000042,2500000.00,0.567051011E-07,0.100000001,10,6,1.00000000,0.00000000,284.000000,15.0000000,85.0000000,55.0000000,1.20000005,0.349999994,300.000000,430.000000,0.140000004E-01,0.130000003E-01,13.0000000,0.189999998,80.0000000,95000.0000,274.500000,0.400000019E-02,0.999999975E-05,1.10000002,0.00000000,0.00000000,0.00000000,0.799999982E-01,0.699999988,0.189999998,0.920000017,2.90000010,0.946969688,0.00000000,0.00000000,0.750000030E-01,275.500000,0.00000000,0.00000000,0.00000000,7.50000000,2.00000000,1.00000000,4.00000000,0.00000000,3.25000000,0.250000000,-0.500000000,-1.00000000,0.00000000,0.00000000,0.00000000,1.00000000,-999.000000,0.00000000,0.00000000,0.00000000,0.00000000,0.00000000,0.500000000,0.312000006,0.312000006,276.799988,0.00000000,0.00000000,0.367521524,0.625036610E-02,0.118219154E-01,0.198391736,0.699999988,0.195438072,0.920000017,2.53142881,1.00000000,0.117258392E-01,0.750000030E-01,0.750000030E-01,275.187531,9.03969288,0.500068973E-05,12.5176945,7.50059986,0.254657507,0.00000000,0.254657507,45.6571579,3.25000000,0.126079351E-03,0.460278708E-02,0.00000000,0.00000000,0.458169868E-02,0.463623228E-02,1.00000000,275.015259,104.576904,975.845825,1353.00000,58.7999992,0.420000046,0.714071374E-02,0.311969638,0.311969638,276.797821,0.291111082,0.00000000
1,1,warm_grass_mixed,5,60.0000000,1,F,T,0,0,F,17,15,0.500000000,28,19,0,1004.50000,0.285714298,9.81000042,2500000.00,0.567051011E-07,0.300000012,10,6,1.00000000,0.00000000,284.000000,15.0000000,85.0000000,55.0000000,1.20000005,0.349999994,300.000000,430.000000,0.140000004E-01,0.130000003E-01,13.0000000,0.189999998,80.0000000,95000.0000,274.500000,0.400000019E-02,0.999999975E-05,1.10000002,0.00000000,0.00000000,0.00000000,0.799999982E-01,0.699999988,0.189999998,0.920000017,2.90000010,0.946969688,0.00000000,0.00000000,0.750000030E-01,275.500000,0.00000000,0.00000000,0.00000000,7.50000000,2.00000000,1.00000000,4.00000000,0.00000000,3.25000000,0.250000000,-0.500000000,-1.00000000,0.00000000,0.00000000,0.00000000,1.00000000,-999.000000,0.00000000,0.00000000,0.00000000,0.00000000,0.00000000,0.500000000,0.316000015,0.316000015,277.399994,0.00000000,0.00000000,0.367521524,0.625036610E-02,0.118219154E-01,0.198391736,0.699999988,0.195438072,0.920000017,2.53142881,1.00000000,0.117258392E-01,0.750000030E-01,0.750000030E-01,275.187531,9.03969288,0.500068973E-05,12.5176945,7.50059986,0.254657507,0.00000000,0.254657507,45.6571579,3.25000000,0.126079351E-03,0.460278708E-02,0.00000000,0.00000000,0.458169868E-02,0.463623228E-02,1.00000000,275.015259,104.576904,975.845825,1353.00000,58.7999992,0.420000046,0.714071374E-02,0.315996259,0.315996259,277.399780,0.295555532,0.00000000
1,1,warm_grass_mixed,6,60.0000000,1,F,T,0,0,F,17,15,0.500000000,28,19,0,1004.50000,0.285714298,9.81000042,2500000.00,0.567051011E-07,0.600000024,10,6,1.00000000,0.00000000,284.000000,15.0000000,85.0000000,55.0000000,1.20000005,0.349999994,300.000000,430.000000,0.140000004E-01,0.130000003E-01,13.0000000,0.189999998,80.0000000,95000.0000,274.500000,0.400000019E-02,0.999999975E-05,1.10000002,0.00000000,0.00000000,0.00000000,0.799999982E-01,0.699999988,0.189999998,0.920000017,2.90000010,0.946969688,0.00000000,0.00000000,0.750000030E-01,275.500000,0.00000000,0.00000000,0.00000000,7.50000000,2.00000000,1.00000000,4.00000000,0.00000000,3.25000000,0.250000000,-0.500000000,-1.00000000,0.00000000,0.00000000,0.00000000,1.00000000,-999.000000,0.00000000,0.00000000,0.00000000,0.00000000,0.00000000,0.500000000,0.320000023,0.320000023,278.000000,0.00000000,0.00000000,0.367521524,0.625036610E-02,0.118219154E-01,0.198391736,0.699999988,0.195438072,0.920000017,2.53142881,1.00000000,0.117258392E-01,0.750000030E-01,0.750000030E-01,275.187531,9.03969288,0.500068973E-05,12.5176945,7.50059986,0.254657507,0.00000000,0.254657507,45.6571579,3.25000000,0.126079351E-03,0.460278708E-02,0.00000000,0.00000000,0.458169868E-02,0.463623228E-02,1.00000000,275.015259,104.576904,975.845825,1353.00000,58.7999992,0.420000046,0.714071374E-02,0.319998115,0.319998115,277.999939,0.300000012,0.00000000
1,1,warm_grass_mixed,7,60.0000000,1,F,T,0,0,F,17,15,0.500000000,28,19,0,1004.50000,0.285714298,9.81000042,2500000.00,0.567051011E-07,1.00000000,10,6,1.00000000,0.00000000,284.000000,15.0000000,85.0000000,55.0000000,1.20000005,0.349999994,300.000000,430.000000,0.140000004E-01,0.130000003E-01,13.0000000,0.189999998,80.0000000,95000.0000,274.500000,0.400000019E-02,0.999999975E-05,1.10000002,0.00000000,0.00000000,0.00000000,0.799999982E-01,0.699999988,0.189999998,0.920000017,2.90000010,0.946969688,0.00000000,0.00000000,0.750000030E-01,275.500000,0.00000000,0.00000000,0.00000000,7.50000000,2.00000000,1.00000000,4.00000000,0.00000000,3.25000000,0.250000000,-0.500000000,-1.00000000,0.00000000,0.00000000,0.00000000,1.00000000,-999.000000,0.00000000,0.00000000,0.00000000,0.00000000,0.00000000,0.500000000,0.324000001,0.324000001,278.600006,0.00000000,0.00000000,0.367521524,0.625036610E-02,0.118219154E-01,0.198391736,0.699999988,0.195438072,0.920000017,2.53142881,1.00000000,0.117258392E-01,0.750000030E-01,0.750000030E-01,275.187531,9.03969288,0.500068973E-05,12.5176945,7.50059986,0.254657507,0.00000000,0.254657507,45.6571579,3.25000000,0.126079351E-03,0.460278708E-02,0.00000000,0.00000000,0.458169868E-02,0.463623228E-02,1.00000000,275.015259,104.576904,975.845825,1353.00000,58.7999992,0.420000046,0.714071374E-02,0.323998302,0.323998302,278.600006,0.304444432,0.00000000
1,1,warm_grass_mixed,8,60.0000000,1,F,T,0,0,F,17,15,0.500000000,28,19,0,1004.50000,0.285714298,9.81000042,2500000.00,0.567051011E-07,1.60000002,10,6,1.00000000,0.00000000,284.000000,15.0000000,85.0000000,55.0000000,1.20000005,0.349999994,300.000000,430.000000,0.140000004E-01,0.130000003E-01,13.0000000,0.189999998,80.0000000,95000.0000,274.500000,0.400000019E-02,0.999999975E-05,1.10000002,0.00000000,0.00000000,0.00000000,0.799999982E-01,0.699999988,0.189999998,0.920000017,2.90000010,0.946969688,0.00000000,0.00000000,0.750000030E-01,275.500000,0.00000000,0.00000000,0.00000000,7.50000000,2.00000000,1.00000000,4.00000000,0.00000000,3.25000000,0.250000000,-0.500000000,-1.00000000,0.00000000,0.00000000,0.00000000,1.00000000,-999.000000,0.00000000,0.00000000,0.00000000,0.00000000,0.00000000,0.500000000,0.328000009,0.328000009,279.200012,0.00000000,0.00000000,0.367521524,0.625036610E-02,0.118219154E-01,0.198391736,0.699999988,0.195438072,0.920000017,2.53142881,1.00000000,0.117258392E-01,0.750000030E-01,0.750000030E-01,275.187531,9.03969288,0.500068973E-05,12.5176945,7.50059986,0.254657507,0.00000000,0.254657507,45.6571579,3.25000000,0.126079351E-03,0.460278708E-02,0.00000000,0.00000000,0.458169868E-02,0.463623228E-02,1.00000000,275.015259,104.576904,975.845825,1353.00000,58.7999992,0.420000046,0.714071374E-02,0.327998877,0.327998877,279.199982,0.308888882,0.00000000
1,1,warm_grass_mixed,9,60.0000000,1,F,T,0,0,F,17,15,0.500000000,28,19,0,1004.50000,0.285714298,9.81000042,2500000.00,0.567051011E-07,3.00000000,10,6,1.00000000,0.00000000,284.000000,15.0000000,85.0000000,55.0000000,1.20000005,0.349999994,300.000000,430.000000,0.140000004E-01,0.130000003E-01,13.0000000,0.189999998,80.0000000,95000.0000,274.500000,0.400000019E-02,0.999999975E-05,1.10000002,0.00000000,0.00000000,0.00000000,0.799999982E-01,0.699999988,0.189999998,0.920000017,2.90000010,0.946969688,0.00000000,0.00000000,0.750000030E-01,275.500000,0.00000000,0.00000000,0.00000000,7.50000000,2.00000000,1.00000000,4.00000000,0.00000000,3.25000000,0.250000000,-0.500000000,-1.00000000,0.00000000,0.00000000,0.00000000,1.00000000,-999.000000,0.00000000,0.00000000,0.00000000,0.00000000,0.00000000,0.500000000,0.332000017,0.332000017,279.799988,0.00000000,0.00000000,0.367521524,0.625036610E-02,0.118219154E-01,0.198391736,0.699999988,0.195438072,0.920000017,2.53142881,1.00000000,0.117258392E-01,0.750000030E-01,0.750000030E-01,275.187531,9.03969288,0.500068973E-05,12.5176945,7.50059986,0.254657507,0.00000000,0.254657507,45.6571579,3.25000000,0.126079351E-03,0.460278708E-02,0.00000000,0.00000000,0.458169868E-02,0.463623228E-02,1.00000000,275.015259,104.576904,975.845825,1353.00000,58.7999992,0.420000046,0.714071374E-02,0.332000017,0.332000017,284.000000,0.313333333,0.00000000
1,1,cold_crop_snowfall,1,60.0000000,1,F,T,0,0,F,17,15,0.500000000,28,19,0,1004.50000,0.285714298,9.81000042,2500000.00,0.567051011E-07,0.00000000,12,3,1.00000000,0.00000000,278.000000,10.0000000,95.0000000,88.0000000,0.800000012,1.00000000,250.000000,150.000000,0.800000038E-02,0.700000022E-02,7.00000000,0.180000007,80.0000000,95000.0000,268.000000,0.219999999E-02,0.199999995E-04,1.10000002,12.0000000,0.599999987E-01,0.699999988,0.119999997,0.660000026,0.180000007,0.935000002,5.67999983,0.668269217,0.00000000,0.00000000,0.200000003,267.000000,0.00000000,0.00000000,0.00000000,7.50000000,2.00000000,1.00000000,4.00000000,0.00000000,3.25000000,0.250000000,0.00000000,0.500000000,0.00000000,0.00000000,0.00000000,1.00000000,-999.000000,0.00000000,0.00000000,0.00000000,0.00000000,0.00000000,0.500000000,0.180000007,0.848345384E-01,268.000000,0.105739407,0.00000000,12.6344023,0.658832341E-01,0.394581407,0.285482317,0.660000026,0.660000026,0.980000019,5.63882351,0.799166203,0.632344233E-02,0.189705878,0.189705878,266.849854,-8.15481377,0.543287399E-06,1.54021978,7.50006485,0.00000000,0.00000000,0.00000000,5.06069326,3.25000000,0.00000000,0.235084863E-02,0.00000000,0.00000000,0.234533520E-02,0.235084863E-02,1.00000000,268.108032,-5.67105103,653.100037,1305.00000,68.3138199,0.800000012,0.117106615E-01,0.180000752,0.852093846E-01,268.108032,0.105739400,1.00000000
1,1,cold_crop_snowfall,2,60.0000000,1,F,T,0,0,F,17,15,0.500000000,28,19,0,1004.50000,0.285714298,9.81000042,2500000.00,0.567051011E-07,0.999999978E-02,12,3,1.00000000,0.00000000,278.000000,10.0000000,95.0000000,88.0000000,0.800000012,1.00000000,250.000000,150.000000,0.800000038E-02,0.700000022E-02,7.00000000,0.180000007,80.0000000,95000.0000,268.000000,0.219999999E-02,0.199999995E-04,1.10000002,12.0000000,0.599999987E-01,0.699999988,0.119999997,0.660000026,0.180000007,0.935000002,5.67999983,0.668269217,0.00000000,0.00000000,0.200000003,267.000000,0.00000000,0.00000000,0.00000000,7.50000000,2.00000000,1.00000000,4.00000000,0.00000000,3.25000000,0.250000000,0.00000000,0.500000000,0.00000000,0.00000000,0.00000000,1.00000000,-999.000000,0.00000000,0.00000000,0.00000000,0.00000000,0.00000000,0.500000000,0.186000004,0.882864222E-01,268.899994,0.108570643,0.00000000,12.6344023,0.658832341E-01,0.394581407,0.285482317,0.660000026,0.660000026,0.980000019,5.63882351,0.799166203,0.632344233E-02,0.189705878,0.189705878,266.849854,-8.15481377,0.543287399E-06,1.54021978,7.50006485,0.00000000,0.00000000,0.00000000,5.06069326,3.25000000,0.00000000,0.235084863E-02,0.00000000,0.00000000,0.234533520E-02,0.235084863E-02,1.00000000,268.108032,-5.67105103,653.100037,1305.00000,68.3138199,0.800000012,0.117106615E-01,0.185999870,0.879349709E-01,268.817444,0.108570650,0.00000000
1,1,cold_crop_snowfall,3,60.0000000,1,F,T,0,0,F,17,15,0.500000000,28,19,0,1004.50000,0.285714298,9.81000042,2500000.00,0.567051011E-07,0.399999991E-01,12,3,1.00000000,0.00000000,278.000000,10.0000000,95.0000000,88.0000000,0.800000012,1.00000000,250.000000,150.000000,0.800000038E-02,0.700000022E-02,7.00000000,0.180000007,80.0000000,95000.0000,268.000000,0.219999999E-02,0.199999995E-04,1.10000002,12.0000000,0.599999987E-01,0.699999988,0.119999997,0.660000026,0.180000007,0.935000002,5.67999983,0.668269217,0.00000000,0.00000000,0.200000003,267.000000,0.00000000,0.00000000,0.00000000,7.50000000,2.00000000,1.00000000,4.00000000,0.00000000,3.25000000,0.250000000,0.00000000,0.500000000,0.00000000,0.00000000,0.00000000,1.00000000,-999.000000,0.00000000,0.00000000,0.00000000,0.00000000,0.00000000,0.500000000,0.192000002,0.927428678E-01,269.799988,0.110285699,0.00000000,12.6344023,0.658832341E-01,0.394581407,0.285482317,0.660000026,0.660000026,0.980000019,5.63882351,0.799166203,0.632344233E-02,0.189705878,0.189705878,266.849854,-8.15481377,0.543287399E-06,1.54021978,7.50006485,0.00000000,0.00000000,0.00000000,5.06069326,3.25000000,0.00000000,0.235084863E-02,0.00000000,0.00000000,0.234533520E-02,0.235084863E-02,1.00000000,268.108032,-5.67105103,653.100037,1305.00000,68.3138199,0.800000012,0.117106615E-01,0.192000002,0.926771984E-01,269.788483,0.110285692,0.00000000
1,1,cold_crop_snowfall,4,60.0000000,1,F,T,0,0,F,17,15,0.500000000,28,19,0,1004.50000,0.285714298,9.81000042,2500000.00,0.567051011E-07,0.100000001,12,3,1.00000000,0.00000000,278.000000,10.0000000,95.0000000,88.0000000,0.800000012,1.00000000,250.000000,150.000000,0.800000038E-02,0.700000022E-02,7.00000000,0.180000007,80.0000000,95000.0000,268.000000,0.219999999E-02,0.199999995E-04,1.10000002,12.0000000,0.599999987E-01,0.699999988,0.119999997,0.660000026,0.180000007,0.935000002,5.67999983,0.668269217,0.00000000,0.00000000,0.200000003,267.000000,0.00000000,0.00000000,0.00000000,7.50000000,2.00000000,1.00000000,4.00000000,0.00000000,3.25000000,0.250000000,0.00000000,0.500000000,0.00000000,0.00000000,0.00000000,1.00000000,-999.000000,0.00000000,0.00000000,0.00000000,0.00000000,0.00000000,0.500000000,0.198000014,0.989251882E-01,270.700012,0.110083133,0.00000000,12.6344023,0.658832341E-01,0.394581407,0.285482317,0.660000026,0.660000026,0.980000019,5.63882351,0.799166203,0.632344233E-02,0.189705878,0.189705878,266.849854,-8.15481377,0.543287399E-06,1.54021978,7.50006485,0.00000000,0.00000000,0.00000000,5.06069326,3.25000000,0.00000000,0.235084863E-02,0.00000000,0.00000000,0.234533520E-02,0.235084863E-02,1.00000000,268.108032,-5.67105103,653.100037,1305.00000,68.3138199,0.800000012,0.117106615E-01,0.198000014,0.989076868E-01,270.697906,0.110083126,0.00000000
1,1,cold_crop_snowfall,5,60.0000000,1,F,T,0,0,F,17,15,0.500000000,28,19,0,1004.50000,0.285714298,9.81000042,2500000.00,0.567051011E-07,0.300000012,12,3,1.00000000,0.00000000,278.000000,10.0000000,95.0000000,88.0000000,0.800000012,1.00000000,250.000000,150.000000,0.800000038E-02,0.700000022E-02,7.00000000,0.180000007,80.0000000,95000.0000,268.000000,0.219999999E-02,0.199999995E-04,1.10000002,12.0000000,0.599999987E-01,0.699999988,0.119999997,0.660000026,0.180000007,0.935000002,5.67999983,0.668269217,0.00000000,0.00000000,0.200000003,267.000000,0.00000000,0.00000000,0.00000000,7.50000000,2.00000000,1.00000000,4.00000000,0.00000000,3.25000000,0.250000000,0.00000000,0.500000000,0.00000000,0.00000000,0.00000000,1.00000000,-999.000000,0.00000000,0.00000000,0.00000000,0.00000000,0.00000000,0.500000000,0.204000011,0.108687483,271.600006,0.105902806,0.00000000,12.6344023,0.658832341E-01,0.394581407,0.285482317,0.660000026,0.660000026,0.980000019,5.63882351,0.799166203,0.632344233E-02,0.189705878,0.189705878,266.849854,-8.15481377,0.543287399E-06,1.54021978,7.50006485,0.00000000,0.00000000,0.00000000,5.06069326,3.25000000,0.00000000,0.235084863E-02,0.00000000,0.00000000,0.234533520E-02,0.235084863E-02,1.00000000,268.108032,-5.67105103,653.100037,1305.00000,68.3138199,0.800000012,0.117106615E-01,0.204000026,0.108684406,271.599792,0.105902813,0.00000000
1,1,cold_crop_snowfall,6,60.0000000,1,F,T,0,0,F,17,15,0.500000000,28,19,0,1004.50000,0.285714298,9.81000042,2500000.00,0.567051011E-07,0.600000024,12,3,1.00000000,0.00000000,278.000000,10.0000000,95.0000000,88.0000000,0.800000012,1.00000000,250.000000,150.000000,0.800000038E-02,0.700000022E-02,7.00000000,0.180000007,80.0000000,95000.0000,268.000000,0.219999999E-02,0.199999995E-04,1.10000002,12.0000000,0.599999987E-01,0.699999988,0.119999997,0.660000026,0.180000007,0.935000002,5.67999983,0.668269217,0.00000000,0.00000000,0.200000003,267.000000,0.00000000,0.00000000,0.00000000,7.50000000,2.00000000,1.00000000,4.00000000,0.00000000,3.25000000,0.250000000,0.00000000,0.500000000,0.00000000,0.00000000,0.00000000,1.00000000,-999.000000,0.00000000,0.00000000,0.00000000,0.00000000,0.00000000,0.500000000,0.210000008,0.129866466,272.500000,0.890372694E-01,0.00000000,12.6344023,0.658832341E-01,0.394581407,0.285482317,0.660000026,0.660000026,0.980000019,5.63882351,0.799166203,0.632344233E-02,0.189705878,0.189705878,266.849854,-8.15481377,0.543287399E-06,1.54021978,7.50006485,0.00000000,0.00000000,0.00000000,5.06069326,3.25000000,0.00000000,0.235084863E-02,0.00000000,0.00000000,0.234533520E-02,0.235084863E-02,1.00000000,268.108032,-5.67105103,653.100037,1305.00000,68.3138199,0.800000012,0.117106615E-01,0.210000128,0.129865229,272.499969,0.890372545E-01,0.00000000
1,1,cold_crop_snowfall,7,60.0000000,1,F,T,0,0,F,17,15,0.500000000,28,19,0,1004.50000,0.285714298,9.81000042,2500000.00,0.567051011E-07,1.00000000,12,3,1.00000000,0.00000000,278.000000,10.0000000,95.0000000,88.0000000,0.800000012,1.00000000,250.000000,150.000000,0.800000038E-02,0.700000022E-02,7.00000000,0.180000007,80.0000000,95000.0000,268.000000,0.219999999E-02,0.199999995E-04,1.10000002,12.0000000,0.599999987E-01,0.699999988,0.119999997,0.660000026,0.180000007,0.935000002,5.67999983,0.668269217,0.00000000,0.00000000,0.200000003,267.000000,0.00000000,0.00000000,0.00000000,7.50000000,2.00000000,1.00000000,4.00000000,0.00000000,3.25000000,0.250000000,0.00000000,0.500000000,0.00000000,0.00000000,0.00000000,1.00000000,-999.000000,0.00000000,0.00000000,0.00000000,0.00000000,0.00000000,0.500000000,0.216000006,0.216000006,273.399994,0.00000000,0.00000000,12.6344023,0.658832341E-01,0.394581407,0.285482317,0.660000026,0.660000026,0.980000019,5.63882351,0.799166203,0.632344233E-02,0.189705878,0.189705878,266.849854,-8.15481377,0.543287399E-06,1.54021978,7.50006485,0.00000000,0.00000000,0.00000000,5.06069326,3.25000000,0.00000000,0.235084863E-02,0.00000000,0.00000000,0.234533520E-02,0.235084863E-02,1.00000000,268.108032,-5.67105103,653.100037,1305.00000,68.3138199,0.800000012,0.117106615E-01,0.216000229,0.216000021,273.400116,0.194444448,0.00000000
1,1,cold_crop_snowfall,8,60.0000000,1,F,T,0,0,F,17,15,0.500000000,28,19,0,1004.50000,0.285714298,9.81000042,2500000.00,0.567051011E-07,1.60000002,12,3,1.00000000,0.00000000,278.000000,10.0000000,95.0000000,88.0000000,0.800000012,1.00000000,250.000000,150.000000,0.800000038E-02,0.700000022E-02,7.00000000,0.180000007,80.0000000,95000.0000,268.000000,0.219999999E-02,0.199999995E-04,1.10000002,12.0000000,0.599999987E-01,0.699999988,0.119999997,0.660000026,0.180000007,0.935000002,5.67999983,0.668269217,0.00000000,0.00000000,0.200000003,267.000000,0.00000000,0.00000000,0.00000000,7.50000000,2.00000000,1.00000000,4.00000000,0.00000000,3.25000000,0.250000000,0.00000000,0.500000000,0.00000000,0.00000000,0.00000000,1.00000000,-999.000000,0.00000000,0.00000000,0.00000000,0.00000000,0.00000000,0.500000000,0.222000003,0.222000003,274.299988,0.00000000,0.00000000,12.6344023,0.658832341E-01,0.394581407,0.285482317,0.660000026,0.660000026,0.980000019,5.63882351,0.799166203,0.632344233E-02,0.189705878,0.189705878,266.849854,-8.15481377,0.543287399E-06,1.54021978,7.50006485,0.00000000,0.00000000,0.00000000,5.06069326,3.25000000,0.00000000,0.235084863E-02,0.00000000,0.00000000,0.234533520E-02,0.235084863E-02,1.00000000,268.108032,-5.67105103,653.100037,1305.00000,68.3138199,0.800000012,0.117106615E-01,0.221999854,0.221999854,274.299957,0.201111093,0.00000000
1,1,cold_crop_snowfall,9,60.0000000,1,F,T,0,0,F,17,15,0.500000000,28,19,0,1004.50000,0.285714298,9.81000042,2500000.00,0.567051011E-07,3.00000000,12,3,1.00000000,0.00000000,278.000000,10.0000000,95.0000000,88.0000000,0.800000012,1.00000000,250.000000,150.000000,0.800000038E-02,0.700000022E-02,7.00000000,0.180000007,80.0000000,95000.0000,268.000000,0.219999999E-02,0.199999995E-04,1.10000002,12.0000000,0.599999987E-01,0.699999988,0.119999997,0.660000026,0.180000007,0.935000002,5.67999983,0.668269217,0.00000000,0.00000000,0.200000003,267.000000,0.00000000,0.00000000,0.00000000,7.50000000,2.00000000,1.00000000,4.00000000,0.00000000,3.25000000,0.250000000,0.00000000,0.500000000,0.00000000,0.00000000,0.00000000,1.00000000,-999.000000,0.00000000,0.00000000,0.00000000,0.00000000,0.00000000,0.500000000,0.228000015,0.228000015,275.200012,0.00000000,0.00000000,12.6344023,0.658832341E-01,0.394581407,0.285482317,0.660000026,0.660000026,0.980000019,5.63882351,0.799166203,0.632344233E-02,0.189705878,0.189705878,266.849854,-8.15481377,0.543287399E-06,1.54021978,7.50006485,0.00000000,0.00000000,0.00000000,5.06069326,3.25000000,0.00000000,0.235084863E-02,0.00000000,0.00000000,0.234533520E-02,0.235084863E-02,1.00000000,268.108032,-5.67105103,653.100037,1305.00000,68.3138199,0.800000012,0.117106615E-01,0.228000015,0.228000015,278.000000,0.207777783,0.00000000
1,1,deep_pack_forest,1,60.0000000,1,F,T,0,0,F,17,15,0.500000000,28,19,0,1004.50000,0.285714298,9.81000042,2500000.00,0.567051011E-07,0.00000000,2,8,1.00000000,0.00000000,276.000000,30.0000000,95.0000000,92.0000000,0.00000000,0.00000000,235.000000,110.000000,0.600000005E-02,0.499999989E-02,5.00000000,0.119999997,80.0000000,95000.0000,263.000000,0.139999995E-02,0.00000000,1.10000002,140.000000,0.449999988,1.00000000,0.500000007E-01,0.349999994,0.119999997,0.949999988,6.48000002,0.909090996,0.00000000,0.00000000,0.800000012,262.000000,0.00000000,0.00000000,0.00000000,7.50000000,2.00000000,1.00000000,4.00000000,0.00000000,3.25000000,0.250000000,0.200000003,-1.00000000,0.00000000,0.00000000,0.00000000,1.00000000,-999.000000,0.00000000,0.00000000,0.00000000,0.00000000,0.00000000,0.500000000,0.330000013,0.165224731,263.000000,0.183083639,0.00000000,139.999954,0.449999839,1.00000000,0.499904230E-01,0.349999994,0.349999994,0.980000019,6.45692301,1.00000000,0.451977644E-02,0.800000012,0.800000012,261.938721,-5.37841034,0.217385562E-06,0.616288066,7.50002575,0.00000000,0.00000000,0.00000000,0.924380124,3.25000000,0.00000000,0.152620848E-02,0.00000000,0.00000000,0.152388262E-02,0.152620848E-02,1.00000000,262.499329,-10.5367126,1046.55005,1431.00000,-1000.00000,0.00000000,0.00000000,0.330026656,0.165588543,263.165283,0.183083639,1.00000000
1,1,deep_pack_forest,2,60.0000000,1,F,T,0,0,F,17,15,0.500000000,28,19,0,1004.50000,0.285714298,9.81000042,2500000.00,0.567051011E-07,0.999999978E-02,2,8,1.00000000,0.00000000,276.000000,30.0000000,95.0000000,92.0000000,0.00000000,0.00000000,235.000000,110.000000,0.600000005E-02,0.499999989E-02,5.00000000,0.119999997,80.0000000,95000.0000,263.000000,0.139999995E-02,0.00000000,1.10000002,140.000000,0.449999988,1.00000000,0.500000007E-01,0.349999994,0.119999997,0.949999988,6.48000002,0.909090996,0.00000000,0.00000000,0.800000012,262.000000,0.00000000,0.00000000,0.00000000,7.50000000,2.00000000,1.00000000,4.00000000,0.00000000,3.25000000,0.250000000,0.200000003,-1.00000000,0.00000000,0.00000000,0.00000000,1.00000000,-999.000000,0.00000000,0.00000000,0.00000000,0.00000000,0.00000000,0.500000000,0.333000004,0.168027729,264.200012,0.183302522,0.00000000,139.999954,0.449999839,1.00000000,0.499904230E-01,0.349999994,0.349999994,0.980000019,6.45692301,1.00000000,0.451977644E-02,0.800000012,0.800000012,261.938721,-5.37841034,0.217385562E-06,0.616288066,7.50002575,0.00000000,0.00000000,0.00000000,0.924380124,3.25000000,0.00000000,0.152620848E-02,0.00000000,0.00000000,0.152388262E-02,0.152620848E-02,1.00000000,262.499329,-10.5367126,1046.55005,1431.00000,-1000.00000,0.00000000,0.00000000,0.332996339,0.167768359,264.095795,0.183302522,0.00000000
1,1,deep_pack_forest,3,60.0000000,1,F,T,0,0,F,17,15,0.500000000,28,19,0,1004.50000,0.285714298,9.81000042,2500000.00,0.567051011E-07,0.399999991E-01,2,8,1.00000000,0.00000000,276.000000,30.0000000,95.0000000,92.0000000,0.00000000,0.00000000,235.000000,110.000000,0.600000005E-02,0.499999989E-02,5.00000000,0.119999997,80.0000000,95000.0000,263.000000,0.139999995E-02,0.00000000,1.10000002,140.000000,0.449999988,1.00000000,0.500000007E-01,0.349999994,0.119999997,0.949999988,6.48000002,0.909090996,0.00000000,0.00000000,0.800000012,262.000000,0.00000000,0.00000000,0.00000000,7.50000000,2.00000000,1.00000000,4.00000000,0.00000000,3.25000000,0.250000000,0.200000003,-1.00000000,0.00000000,0.00000000,0.00000000,1.00000000,-999.000000,0.00000000,0.00000000,0.00000000,0.00000000,0.00000000,0.500000000,0.336000025,0.171278179,265.399994,0.183024272,0.00000000,139.999954,0.449999839,1.00000000,0.499904230E-01,0.349999994,0.349999994,0.980000019,6.45692301,1.00000000,0.451977644E-02,0.800000012,0.800000012,261.938721,-5.37841034,0.217385562E-06,0.616288066,7.50002575,0.00000000,0.00000000,0.00000000,0.924380124,3.25000000,0.00000000,0.152620848E-02,0.00000000,0.00000000,0.152388262E-02,0.152620848E-02,1.00000000,262.499329,-10.5367126,1046.55005,1431.00000,-1000.00000,0.00000000,0.00000000,0.335999638,0.171234518,265.385101,0.183024272,0.00000000
1,1,deep_pack_forest,4,60.0000000,1,F,T,0,0,F,17,15,0.500000000,28,19,0,1004.50000,0.285714298,9.81000042,2500000.00,0.567051011E-07,0.100000001,2,8,1.00000000,0.00000000,276.000000,30.0000000,95.0000000,92.0000000,0.00000000,0.00000000,235.000000,110.000000,0.600000005E-02,0.499999989E-02,5.00000000,0.119999997,80.0000000,95000.0000,263.000000,0.139999995E-02,0.00000000,1.10000002,140.000000,0.449999988,1.00000000,0.500000007E-01,0.349999994,0.119999997,0.949999988,6.48000002,0.909090996,0.00000000,0.00000000,0.800000012,262.000000,0.00000000,0.00000000,0.00000000,7.50000000,2.00000000,1.00000000,4.00000000,0.00000000,3.25000000,0.250000000,0.200000003,-1.00000000,0.00000000,0.00000000,0.00000000,1.00000000,-999.000000,0.00000000,0.00000000,0.00000000,0.00000000,0.00000000,0.500000000,0.339000016,0.175138697,266.600006,0.182068124,0.00000000,139.999954,0.449999839,1.00000000,0.499904230E-01,0.349999994,0.349999994,0.980000019,6.45692301,1.00000000,0.451977644E-02,0.800000012,0.800000012,261.938721,-5.37841034,0.217385562E-06,0.616288066,7.50002575,0.00000000,0.00000000,0.00000000,0.924380124,3.25000000,0.00000000,0.152620848E-02,0.00000000,0.00000000,0.152388262E-02,0.152620848E-02,1.00000000,262.499329,-10.5367126,1046.55005,1431.00000,-1000.00000,0.00000000,0.00000000,0.338999867,0.175127700,266.596893,0.182068124,0.00000000
1,1,deep_pack_forest,5,60.0000000,1,F,T,0,0,F,17,15,0.500000000,28,19,0,1004.50000,0.285714298,9.81000042,2500000.00,0.567051011E-07,0.300000012,2,8,1.00000000,0.00000000,276.000000,30.0000000,95.0000000,92.0000000,0.00000000,0.00000000,235.000000,110.000000,0.600000005E-02,0.499999989E-02,5.00000000,0.119999997,80.0000000,95000.0000,263.000000,0.139999995E-02,0.00000000,1.10000002,140.000000,0.449999988,1.00000000,0.500000007E-01,0.349999994,0.119999997,0.949999988,6.48000002,0.909090996,0.00000000,0.00000000,0.800000012,262.000000,0.00000000,0.00000000,0.00000000,7.50000000,2.00000000,1.00000000,4.00000000,0.00000000,3.25000000,0.250000000,0.200000003,-1.00000000,0.00000000,0.00000000,0.00000000,1.00000000,-999.000000,0.00000000,0.00000000,0.00000000,0.00000000,0.00000000,0.500000000,0.342000008,0.179876298,267.799988,0.180137455,0.00000000,139.999954,0.449999839,1.00000000,0.499904230E-01,0.349999994,0.349999994,0.980000019,6.45692301,1.00000000,0.451977644E-02,0.800000012,0.800000012,261.938721,-5.37841034,0.217385562E-06,0.616288066,7.50002575,0.00000000,0.00000000,0.00000000,0.924380124,3.25000000,0.00000000,0.152620848E-02,0.00000000,0.00000000,0.152388262E-02,0.152620848E-02,1.00000000,262.499329,-10.5367126,1046.55005,1431.00000,-1000.00000,0.00000000,0.00000000,0.342000008,0.179875344,267.799774,0.180137455,0.00000000
1,1,deep_pack_forest,6,60.0000000,1,F,T,0,0,F,17,15,0.500000000,28,19,0,1004.50000,0.285714298,9.81000042,2500000.00,0.567051011E-07,0.600000024,2,8,1.00000000,0.00000000,276.000000,30.0000000,95.0000000,92.0000000,0.00000000,0.00000000,235.000000,110.000000,0.600000005E-02,0.499999989E-02,5.00000000,0.119999997,80.0000000,95000.0000,263.000000,0.139999995E-02,0.00000000,1.10000002,140.000000,0.449999988,1.00000000,0.500000007E-01,0.349999994,0.119999997,0.949999988,6.48000002,0.909090996,0.00000000,0.00000000,0.800000012,262.000000,0.00000000,0.00000000,0.00000000,7.50000000,2.00000000,1.00000000,4.00000000,0.00000000,3.25000000,0.250000000,0.200000003,-1.00000000,0.00000000,0.00000000,0.00000000,1.00000000,-999.000000,0.00000000,0.00000000,0.00000000,0.00000000,0.00000000,0.500000000,0.345000029,0.185976312,269.000000,0.176693007,0.00000000,139.999954,0.449999839,1.00000000,0.499904230E-01,0.349999994,0.349999994,0.980000019,6.45692301,1.00000000,0.451977644E-02,0.800000012,0.800000012,261.938721,-5.37841034,0.217385562E-06,0.616288066,7.50002575,0.00000000,0.00000000,0.00000000,0.924380124,3.25000000,0.00000000,0.152620848E-02,0.00000000,0.00000000,0.152388262E-02,0.152620848E-02,1.00000000,262.499329,-10.5367126,1046.55005,1431.00000,-1000.00000,0.00000000,0.00000000,0.344999999,0.185975939,268.999939,0.176693007,0.00000000
1,1,deep_pack_forest,7,60.0000000,1,F,T,0,0,F,17,15,0.500000000,28,19,0,1004.50000,0.285714298,9.81000042,2500000.00,0.567051011E-07,1.00000000,2,8,1.00000000,0.00000000,276.000000,30.0000000,95.0000000,92.0000000,0.00000000,0.00000000,235.000000,110.000000,0.600000005E-02,0.499999989E-02,5.00000000,0.119999997,80.0000000,95000.0000,263.000000,0.139999995E-02,0.00000000,1.10000002,140.000000,0.449999988,1.00000000,0.500000007E-01,0.349999994,0.119999997,0.949999988,6.48000002,0.909090996,0.00000000,0.00000000,0.800000012,262.000000,0.00000000,0.00000000,0.00000000,7.50000000,2.00000000,1.00000000,4.00000000,0.00000000,3.25000000,0.250000000,0.200000003,-1.00000000,0.00000000,0.00000000,0.00000000,1.00000000,-999.000000,0.00000000,0.00000000,0.00000000,0.00000000,0.00000000,0.500000000,0.348000020,0.194461331,270.200012,0.170598537,0.00000000,139.999954,0.449999839,1.00000000,0.499904230E-01,0.349999994,0.349999994,0.980000019,6.45692301,1.00000000,0.451977644E-02,0.800000012,0.800000012,261.938721,-5.37841034,0.217385562E-06,0.616288066,7.50002575,0.00000000,0.00000000,0.00000000,0.924380124,3.25000000,0.00000000,0.152620848E-02,0.00000000,0.00000000,0.152388262E-02,0.152620848E-02,1.00000000,262.499329,-10.5367126,1046.55005,1431.00000,-1000.00000,0.00000000,0.00000000,0.348000050,0.194460809,270.199951,0.170598537,0.00000000
1,1,deep_pack_forest,8,60.0000000,1,F,T,0,0,F,17,15,0.500000000,28,19,0,1004.50000,0.285714298,9.81000042,2500000.00,0.567051011E-07,1.60000002,2,8,1.00000000,0.00000000,276.000000,30.0000000,95.0000000,92.0000000,0.00000000,0.00000000,235.000000,110.000000,0.600000005E-02,0.499999989E-02,5.00000000,0.119999997,80.0000000,95000.0000,263.000000,0.139999995E-02,0.00000000,1.10000002,140.000000,0.449999988,1.00000000,0.500000007E-01,0.349999994,0.119999997,0.949999988,6.48000002,0.909090996,0.00000000,0.00000000,0.800000012,262.000000,0.00000000,0.00000000,0.00000000,7.50000000,2.00000000,1.00000000,4.00000000,0.00000000,3.25000000,0.250000000,0.200000003,-1.00000000,0.00000000,0.00000000,0.00000000,1.00000000,-999.000000,0.00000000,0.00000000,0.00000000,0.00000000,0.00000000,0.500000000,0.351000011,0.208134308,271.399994,0.158739656,0.00000000,139.999954,0.449999839,1.00000000,0.499904230E-01,0.349999994,0.349999994,0.980000019,6.45692301,1.00000000,0.451977644E-02,0.800000012,0.800000012,261.938721,-5.37841034,0.217385562E-06,0.616288066,7.50002575,0.00000000,0.00000000,0.00000000,0.924380124,3.25000000,0.00000000,0.152620848E-02,0.00000000,0.00000000,0.152388262E-02,0.152620848E-02,1.00000000,262.499329,-10.5367126,1046.55005,1431.00000,-1000.00000,0.00000000,0.00000000,0.351000041,0.208133847,271.399963,0.158739656,0.00000000
1,1,deep_pack_forest,9,60.0000000,1,F,T,0,0,F,17,15,0.500000000,28,19,0,1004.50000,0.285714298,9.81000042,2500000.00,0.567051011E-07,3.00000000,2,8,1.00000000,0.00000000,276.000000,30.0000000,95.0000000,92.0000000,0.00000000,0.00000000,235.000000,110.000000,0.600000005E-02,0.499999989E-02,5.00000000,0.119999997,80.0000000,95000.0000,263.000000,0.139999995E-02,0.00000000,1.10000002,140.000000,0.449999988,1.00000000,0.500000007E-01,0.349999994,0.119999997,0.949999988,6.48000002,0.909090996,0.00000000,0.00000000,0.800000012,262.000000,0.00000000,0.00000000,0.00000000,7.50000000,2.00000000,1.00000000,4.00000000,0.00000000,3.25000000,0.250000000,0.200000003,-1.00000000,0.00000000,0.00000000,0.00000000,1.00000000,-999.000000,0.00000000,0.00000000,0.00000000,0.00000000,0.00000000,0.500000000,0.354000002,0.241798446,272.600006,0.124668390,0.00000000,139.999954,0.449999839,1.00000000,0.499904230E-01,0.349999994,0.349999994,0.980000019,6.45692301,1.00000000,0.451977644E-02,0.800000012,0.800000012,261.938721,-5.37841034,0.217385562E-06,0.616288066,7.50002575,0.00000000,0.00000000,0.00000000,0.924380124,3.25000000,0.00000000,0.152620848E-02,0.00000000,0.00000000,0.152388262E-02,0.152620848E-02,1.00000000,262.499329,-10.5367126,1046.55005,1431.00000,-1000.00000,0.00000000,0.00000000,0.354000002,0.241798446,276.000000,0.124668390,0.00000000
1,1,open_water,1,60.0000000,1,F,T,0,0,F,17,15,0.500000000,28,19,0,1004.50000,0.285714298,9.81000042,2500000.00,0.567051011E-07,0.00000000,17,14,2.00000000,0.00000000,286.000000,0.00000000,0.00000000,0.00000000,0.400000006,0.00000000,350.000000,400.000000,0.199999996E-01,0.189999994E-01,19.0000000,0.799999982E-01,80.0000000,95000.0000,286.000000,0.954999961E-02,0.00000000,1.10000002,0.00000000,0.00000000,0.00000000,0.00000000,0.699999988,0.799999982E-01,0.980000019,0.999999978E-02,1.00000000,0.00000000,0.00000000,0.999999975E-04,286.000000,0.00000000,0.00000000,0.00000000,7.50000000,2.00000000,1.00000000,4.00000000,0.00000000,3.25000000,0.250000000,0.00000000,0.500000024E-03,0.00000000,0.00000000,0.00000000,1.00000000,999.000000,0.00000000,0.00000000,0.00000000,0.00000000,0.00000000,0.500000000,1.00000000,1.00000000,286.000000,0.00000000,0.00000000,0.00000000,0.00000000,0.00000000,0.00000000,0.699999988,0.799999982E-01,0.980000019,0.999999978E-02,1.00000000,0.00000000,0.00000000,0.999999975E-04,286.000000,0.00000000,0.00000000,0.00000000,7.50000000,0.00000000,0.00000000,0.00000000,0.00000000,3.25000000,0.00000000,0.970683713E-02,0.00000000,0.00000000,0.961352047E-02,0.970683713E-02,1.00000000,286.000000,12.8500061,1.00000000,1.00000000,-1000.00000,0.00000000,0.00000000,1.00000000,1.00000000,286.000000,0.00000000,0.00000000
1,1,open_water,2,60.0000000,1,F,T,0,0,F,17,15,0.500000000,28,19,0,1004.50000,0.285714298,9.81000042,2500000.00,0.567051011E-07,0.999999978E-02,17,14,2.00000000,0.00000000,286.000000,0.00000000,0.00000000,0.00000000,0.400000006,0.00000000,350.000000,400.000000,0.199999996E-01,0.189999994E-01,19.0000000,0.799999982E-01,80.0000000,95000.0000,286.000000,0.954999961E-02,0.00000000,1.10000002,0.00000000,0.00000000,0.00000000,0.00000000,0.699999988,0.799999982E-01,0.980000019,0.999999978E-02,1.00000000,0.00000000,0.00000000,0.999999975E-04,286.000000,0.00000000,0.00000000,0.00000000,7.50000000,2.00000000,1.00000000,4.00000000,0.00000000,3.25000000,0.250000000,0.00000000,0.500000024E-03,0.00000000,0.00000000,0.00000000,1.00000000,999.000000,0.00000000,0.00000000,0.00000000,0.00000000,0.00000000,0.500000000,1.00000000,1.00000000,286.000000,0.00000000,0.00000000,0.00000000,0.00000000,0.00000000,0.00000000,0.699999988,0.799999982E-01,0.980000019,0.999999978E-02,1.00000000,0.00000000,0.00000000,0.999999975E-04,286.000000,0.00000000,0.00000000,0.00000000,7.50000000,0.00000000,0.00000000,0.00000000,0.00000000,3.25000000,0.00000000,0.970683713E-02,0.00000000,0.00000000,0.961352047E-02,0.970683713E-02,1.00000000,286.000000,12.8500061,1.00000000,1.00000000,-1000.00000,0.00000000,0.00000000,1.00000000,1.00000000,286.000000,0.00000000,0.00000000
1,1,open_water,3,60.0000000,1,F,T,0,0,F,17,15,0.500000000,28,19,0,1004.50000,0.285714298,9.81000042,2500000.00,0.567051011E-07,0.399999991E-01,17,14,2.00000000,0.00000000,286.000000,0.00000000,0.00000000,0.00000000,0.400000006,0.00000000,350.000000,400.000000,0.199999996E-01,0.189999994E-01,19.0000000,0.799999982E-01,80.0000000,95000.0000,286.000000,0.954999961E-02,0.00000000,1.10000002,0.00000000,0.00000000,0.00000000,0.00000000,0.699999988,0.799999982E-01,0.980000019,0.999999978E-02,1.00000000,0.00000000,0.00000000,0.999999975E-04,286.000000,0.00000000,0.00000000,0.00000000,7.50000000,2.00000000,1.00000000,4.00000000,0.00000000,3.25000000,0.250000000,0.00000000,0.500000024E-03,0.00000000,0.00000000,0.00000000,1.00000000,999.000000,0.00000000,0.00000000,0.00000000,0.00000000,0.00000000,0.500000000,1.00000000,1.00000000,286.000000,0.00000000,0.00000000,0.00000000,0.00000000,0.00000000,0.00000000,0.699999988,0.799999982E-01,0.980000019,0.999999978E-02,1.00000000,0.00000000,0.00000000,0.999999975E-04,286.000000,0.00000000,0.00000000,0.00000000,7.50000000,0.00000000,0.00000000,0.00000000,0.00000000,3.25000000,0.00000000,0.970683713E-02,0.00000000,0.00000000,0.961352047E-02,0.970683713E-02,1.00000000,286.000000,12.8500061,1.00000000,1.00000000,-1000.00000,0.00000000,0.00000000,1.00000000,1.00000000,286.000000,0.00000000,0.00000000
1,1,open_water,4,60.0000000,1,F,T,0,0,F,17,15,0.500000000,28,19,0,1004.50000,0.285714298,9.81000042,2500000.00,0.567051011E-07,0.100000001,17,14,2.00000000,0.00000000,286.000000,0.00000000,0.00000000,0.00000000,0.400000006,0.00000000,350.000000,400.000000,0.199999996E-01,0.189999994E-01,19.0000000,0.799999982E-01,80.0000000,95000.0000,286.000000,0.954999961E-02,0.00000000,1.10000002,0.00000000,0.00000000,0.00000000,0.00000000,0.699999988,0.799999982E-01,0.980000019,0.999999978E-02,1.00000000,0.00000000,0.00000000,0.999999975E-04,286.000000,0.00000000,0.00000000,0.00000000,7.50000000,2.00000000,1.00000000,4.00000000,0.00000000,3.25000000,0.250000000,0.00000000,0.500000024E-03,0.00000000,0.00000000,0.00000000,1.00000000,999.000000,0.00000000,0.00000000,0.00000000,0.00000000,0.00000000,0.500000000,1.00000000,1.00000000,286.000000,0.00000000,0.00000000,0.00000000,0.00000000,0.00000000,0.00000000,0.699999988,0.799999982E-01,0.980000019,0.999999978E-02,1.00000000,0.00000000,0.00000000,0.999999975E-04,286.000000,0.00000000,0.00000000,0.00000000,7.50000000,0.00000000,0.00000000,0.00000000,0.00000000,3.25000000,0.00000000,0.970683713E-02,0.00000000,0.00000000,0.961352047E-02,0.970683713E-02,1.00000000,286.000000,12.8500061,1.00000000,1.00000000,-1000.00000,0.00000000,0.00000000,1.00000000,1.00000000,286.000000,0.00000000,0.00000000
1,1,open_water,5,60.0000000,1,F,T,0,0,F,17,15,0.500000000,28,19,0,1004.50000,0.285714298,9.81000042,2500000.00,0.567051011E-07,0.300000012,17,14,2.00000000,0.00000000,286.000000,0.00000000,0.00000000,0.00000000,0.400000006,0.00000000,350.000000,400.000000,0.199999996E-01,0.189999994E-01,19.0000000,0.799999982E-01,80.0000000,95000.0000,286.000000,0.954999961E-02,0.00000000,1.10000002,0.00000000,0.00000000,0.00000000,0.00000000,0.699999988,0.799999982E-01,0.980000019,0.999999978E-02,1.00000000,0.00000000,0.00000000,0.999999975E-04,286.000000,0.00000000,0.00000000,0.00000000,7.50000000,2.00000000,1.00000000,4.00000000,0.00000000,3.25000000,0.250000000,0.00000000,0.500000024E-03,0.00000000,0.00000000,0.00000000,1.00000000,999.000000,0.00000000,0.00000000,0.00000000,0.00000000,0.00000000,0.500000000,1.00000000,1.00000000,286.000000,0.00000000,0.00000000,0.00000000,0.00000000,0.00000000,0.00000000,0.699999988,0.799999982E-01,0.980000019,0.999999978E-02,1.00000000,0.00000000,0.00000000,0.999999975E-04,286.000000,0.00000000,0.00000000,0.00000000,7.50000000,0.00000000,0.00000000,0.00000000,0.00000000,3.25000000,0.00000000,0.970683713E-02,0.00000000,0.00000000,0.961352047E-02,0.970683713E-02,1.00000000,286.000000,12.8500061,1.00000000,1.00000000,-1000.00000,0.00000000,0.00000000,1.00000000,1.00000000,286.000000,0.00000000,0.00000000
1,1,open_water,6,60.0000000,1,F,T,0,0,F,17,15,0.500000000,28,19,0,1004.50000,0.285714298,9.81000042,2500000.00,0.567051011E-07,0.600000024,17,14,2.00000000,0.00000000,286.000000,0.00000000,0.00000000,0.00000000,0.400000006,0.00000000,350.000000,400.000000,0.199999996E-01,0.189999994E-01,19.0000000,0.799999982E-01,80.0000000,95000.0000,286.000000,0.954999961E-02,0.00000000,1.10000002,0.00000000,0.00000000,0.00000000,0.00000000,0.699999988,0.799999982E-01,0.980000019,0.999999978E-02,1.00000000,0.00000000,0.00000000,0.999999975E-04,286.000000,0.00000000,0.00000000,0.00000000,7.50000000,2.00000000,1.00000000,4.00000000,0.00000000,3.25000000,0.250000000,0.00000000,0.500000024E-03,0.00000000,0.00000000,0.00000000,1.00000000,999.000000,0.00000000,0.00000000,0.00000000,0.00000000,0.00000000,0.500000000,1.00000000,1.00000000,286.000000,0.00000000,0.00000000,0.00000000,0.00000000,0.00000000,0.00000000,0.699999988,0.799999982E-01,0.980000019,0.999999978E-02,1.00000000,0.00000000,0.00000000,0.999999975E-04,286.000000,0.00000000,0.00000000,0.00000000,7.50000000,0.00000000,0.00000000,0.00000000,0.00000000,3.25000000,0.00000000,0.970683713E-02,0.00000000,0.00000000,0.961352047E-02,0.970683713E-02,1.00000000,286.000000,12.8500061,1.00000000,1.00000000,-1000.00000,0.00000000,0.00000000,1.00000000,1.00000000,286.000000,0.00000000,0.00000000
1,1,open_water,7,60.0000000,1,F,T,0,0,F,17,15,0.500000000,28,19,0,1004.50000,0.285714298,9.81000042,2500000.00,0.567051011E-07,1.00000000,17,14,2.00000000,0.00000000,286.000000,0.00000000,0.00000000,0.00000000,0.400000006,0.00000000,350.000000,400.000000,0.199999996E-01,0.189999994E-01,19.0000000,0.799999982E-01,80.0000000,95000.0000,286.000000,0.954999961E-02,0.00000000,1.10000002,0.00000000,0.00000000,0.00000000,0.00000000,0.699999988,0.799999982E-01,0.980000019,0.999999978E-02,1.00000000,0.00000000,0.00000000,0.999999975E-04,286.000000,0.00000000,0.00000000,0.00000000,7.50000000,2.00000000,1.00000000,4.00000000,0.00000000,3.25000000,0.250000000,0.00000000,0.500000024E-03,0.00000000,0.00000000,0.00000000,1.00000000,999.000000,0.00000000,0.00000000,0.00000000,0.00000000,0.00000000,0.500000000,1.00000000,1.00000000,286.000000,0.00000000,0.00000000,0.00000000,0.00000000,0.00000000,0.00000000,0.699999988,0.799999982E-01,0.980000019,0.999999978E-02,1.00000000,0.00000000,0.00000000,0.999999975E-04,286.000000,0.00000000,0.00000000,0.00000000,7.50000000,0.00000000,0.00000000,0.00000000,0.00000000,3.25000000,0.00000000,0.970683713E-02,0.00000000,0.00000000,0.961352047E-02,0.970683713E-02,1.00000000,286.000000,12.8500061,1.00000000,1.00000000,-1000.00000,0.00000000,0.00000000,1.00000000,1.00000000,286.000000,0.00000000,0.00000000
1,1,open_water,8,60.0000000,1,F,T,0,0,F,17,15,0.500000000,28,19,0,1004.50000,0.285714298,9.81000042,2500000.00,0.567051011E-07,1.60000002,17,14,2.00000000,0.00000000,286.000000,0.00000000,0.00000000,0.00000000,0.400000006,0.00000000,350.000000,400.000000,0.199999996E-01,0.189999994E-01,19.0000000,0.799999982E-01,80.0000000,95000.0000,286.000000,0.954999961E-02,0.00000000,1.10000002,0.00000000,0.00000000,0.00000000,0.00000000,0.699999988,0.799999982E-01,0.980000019,0.999999978E-02,1.00000000,0.00000000,0.00000000,0.999999975E-04,286.000000,0.00000000,0.00000000,0.00000000,7.50000000,2.00000000,1.00000000,4.00000000,0.00000000,3.25000000,0.250000000,0.00000000,0.500000024E-03,0.00000000,0.00000000,0.00000000,1.00000000,999.000000,0.00000000,0.00000000,0.00000000,0.00000000,0.00000000,0.500000000,1.00000000,1.00000000,286.000000,0.00000000,0.00000000,0.00000000,0.00000000,0.00000000,0.00000000,0.699999988,0.799999982E-01,0.980000019,0.999999978E-02,1.00000000,0.00000000,0.00000000,0.999999975E-04,286.000000,0.00000000,0.00000000,0.00000000,7.50000000,0.00000000,0.00000000,0.00000000,0.00000000,3.25000000,0.00000000,0.970683713E-02,0.00000000,0.00000000,0.961352047E-02,0.970683713E-02,1.00000000,286.000000,12.8500061,1.00000000,1.00000000,-1000.00000,0.00000000,0.00000000,1.00000000,1.00000000,286.000000,0.00000000,0.00000000
1,1,open_water,9,60.0000000,1,F,T,0,0,F,17,15,0.500000000,28,19,0,1004.50000,0.285714298,9.81000042,2500000.00,0.567051011E-07,3.00000000,17,14,2.00000000,0.00000000,286.000000,0.00000000,0.00000000,0.00000000,0.400000006,0.00000000,350.000000,400.000000,0.199999996E-01,0.189999994E-01,19.0000000,0.799999982E-01,80.0000000,95000.0000,286.000000,0.954999961E-02,0.00000000,1.10000002,0.00000000,0.00000000,0.00000000,0.00000000,0.699999988,0.799999982E-01,0.980000019,0.999999978E-02,1.00000000,0.00000000,0.00000000,0.999999975E-04,286.000000,0.00000000,0.00000000,0.00000000,7.50000000,2.00000000,1.00000000,4.00000000,0.00000000,3.25000000,0.250000000,0.00000000,0.500000024E-03,0.00000000,0.00000000,0.00000000,1.00000000,999.000000,0.00000000,0.00000000,0.00000000,0.00000000,0.00000000,0.500000000,1.00000000,1.00000000,286.000000,0.00000000,0.00000000,0.00000000,0.00000000,0.00000000,0.00000000,0.699999988,0.799999982E-01,0.980000019,0.999999978E-02,1.00000000,0.00000000,0.00000000,0.999999975E-04,286.000000,0.00000000,0.00000000,0.00000000,7.50000000,0.00000000,0.00000000,0.00000000,0.00000000,3.25000000,0.00000000,0.970683713E-02,0.00000000,0.00000000,0.961352047E-02,0.970683713E-02,1.00000000,286.000000,12.8500061,1.00000000,1.00000000,-1000.00000,0.00000000,0.00000000,1.00000000,1.00000000,286.000000,0.00000000,0.00000000
1,1,snow_on_sea_ice,1,60.0000000,1,F,T,0,0,F,17,15,0.500000000,28,19,0,1004.50000,0.285714298,9.81000042,2500000.00,0.567051011E-07,0.00000000,15,16,1.00000000,0.850000024,271.000000,0.00000000,0.00000000,0.00000000,0.200000003,1.00000000,215.000000,70.0000000,0.499999989E-02,0.400000019E-02,4.00000000,0.550000012,80.0000000,95000.0000,261.000000,0.109999999E-02,0.00000000,1.10000002,40.0000000,0.180000007,1.00000000,0.00000000,0.819999993,0.550000012,0.980000019,0.999999978E-02,1.00000000,0.00000000,0.00000000,0.109999999E-01,260.000000,0.00000000,0.00000000,0.00000000,7.50000000,2.00000000,1.00000000,4.00000000,0.00000000,3.25000000,0.250000000,0.00000000,0.300000014E-03,0.00000000,0.00000000,0.00000000,1.00000000,-999.000000,0.00000000,0.00000000,0.00000000,0.00000000,0.00000000,0.500000000,1.00000000,0.00000000,259.000000,1.00000000,0.00000000,40.1999588,0.181559578,0.850000024,0.00000000,0.750000000,0.750000000,0.980000019,0.999999978E-02,1.00000000,0.361673138E-02,0.109999999E-01,0.109999999E-01,260.002991,-4.04317713,0.726025633E-06,2.05828261,7.50008678,0.00000000,0.00000000,0.00000000,-1.00047302,3.25000000,0.00000000,0.128150522E-02,0.00000000,0.00000000,0.127986504E-02,0.128150638E-02,1.00000000,259.317535,-13.4897156,3000.00000,3000.00000,59.9088516,0.200000003,0.333840493E-02,1.00000000,0.00000000,259.317535,1.00000000,0.00000000
1,1,snow_on_sea_ice,2,60.0000000,1,F,T,0,0,F,17,15,0.500000000,28,19,0,1004.50000,0.285714298,9.81000042,2500000.00,0.567051011E-07,0.999999978E-02,15,16,1.00000000,0.850000024,271.000000,0.00000000,0.00000000,0.00000000,0.200000003,1.00000000,215.000000,70.0000000,0.499999989E-02,0.400000019E-02,4.00000000,0.550000012,80.0000000,95000.0000,261.000000,0.109999999E-02,0.00000000,1.10000002,40.0000000,0.180000007,1.00000000,0.00000000,0.819999993,0.550000012,0.980000019,0.999999978E-02,1.00000000,0.00000000,0.00000000,0.109999999E-01,260.000000,0.00000000,0.00000000,0.00000000,7.50000000,2.00000000,1.00000000,4.00000000,0.00000000,3.25000000,0.250000000,0.00000000,0.300000014E-03,0.00000000,0.00000000,0.00000000,1.00000000,-999.000000,0.00000000,0.00000000,0.00000000,0.00000000,0.00000000,0.500000000,1.00000000,0.00000000,260.100006,1.00000000,0.00000000,40.1999588,0.181559578,0.850000024,0.00000000,0.750000000,0.750000000,0.980000019,0.999999978E-02,1.00000000,0.361673138E-02,0.109999999E-01,0.109999999E-01,260.002991,-4.04317713,0.726025633E-06,2.05828261,7.50008678,0.00000000,0.00000000,0.00000000,-1.00047302,3.25000000,0.00000000,0.128150522E-02,0.00000000,0.00000000,0.127986504E-02,0.128150638E-02,1.00000000,259.317535,-13.4897156,3000.00000,3000.00000,59.9088516,0.200000003,0.333840493E-02,1.00000000,0.00000000,259.927521,1.00000000,0.00000000
1,1,snow_on_sea_ice,3,60.0000000,1,F,T,0,0,F,17,15,0.500000000,28,19,0,1004.50000,0.285714298,9.81000042,2500000.00,0.567051011E-07,0.399999991E-01,15,16,1.00000000,0.850000024,271.000000,0.00000000,0.00000000,0.00000000,0.200000003,1.00000000,215.000000,70.0000000,0.499999989E-02,0.400000019E-02,4.00000000,0.550000012,80.0000000,95000.0000,261.000000,0.109999999E-02,0.00000000,1.10000002,40.0000000,0.180000007,1.00000000,0.00000000,0.819999993,0.550000012,0.980000019,0.999999978E-02,1.00000000,0.00000000,0.00000000,0.109999999E-01,260.000000,0.00000000,0.00000000,0.00000000,7.50000000,2.00000000,1.00000000,4.00000000,0.00000000,3.25000000,0.250000000,0.00000000,0.300000014E-03,0.00000000,0.00000000,0.00000000,1.00000000,-999.000000,0.00000000,0.00000000,0.00000000,0.00000000,0.00000000,0.500000000,1.00000000,0.00000000,261.200012,1.00000000,0.00000000,40.1999588,0.181559578,0.850000024,0.00000000,0.750000000,0.750000000,0.980000019,0.999999978E-02,1.00000000,0.361673138E-02,0.109999999E-01,0.109999999E-01,260.002991,-4.04317713,0.726025633E-06,2.05828261,7.50008678,0.00000000,0.00000000,0.00000000,-1.00047302,3.25000000,0.00000000,0.128150522E-02,0.00000000,0.00000000,0.127986504E-02,0.128150638E-02,1.00000000,259.317535,-13.4897156,3000.00000,3000.00000,59.9088516,0.200000003,0.333840493E-02,1.00000000,0.00000000,261.166504,1.00000000,0.00000000
1,1,snow_on_sea_ice,4,60.0000000,1,F,T,0,0,F,17,15,0.500000000,28,19,0,1004.50000,0.285714298,9.81000042,2500000.00,0.567051011E-07,0.100000001,15,16,1.00000000,0.850000024,271.000000,0.00000000,0.00000000,0.00000000,0.200000003,1.00000000,215.000000,70.0000000,0.499999989E-02,0.400000019E-02,4.00000000,0.550000012,80.0000000,95000.0000,261.000000,0.109999999E-02,0.00000000,1.10000002,40.0000000,0.180000007,1.00000000,0.00000000,0.819999993,0.550000012,0.980000019,0.999999978E-02,1.00000000,0.00000000,0.00000000,0.109999999E-01,260.000000,0.00000000,0.00000000,0.00000000,7.50000000,2.00000000,1.00000000,4.00000000,0.00000000,3.25000000,0.250000000,0.00000000,0.300000014E-03,0.00000000,0.00000000,0.00000000,1.00000000,-999.000000,0.00000000,0.00000000,0.00000000,0.00000000,0.00000000,0.500000000,1.00000000,0.00000000,262.299988,1.00000000,0.00000000,40.1999588,0.181559578,0.850000024,0.00000000,0.750000000,0.750000000,0.980000019,0.999999978E-02,1.00000000,0.361673138E-02,0.109999999E-01,0.109999999E-01,260.002991,-4.04317713,0.726025633E-06,2.05828261,7.50008678,0.00000000,0.00000000,0.00000000,-1.00047302,3.25000000,0.00000000,0.128150522E-02,0.00000000,0.00000000,0.127986504E-02,0.128150638E-02,1.00000000,259.317535,-13.4897156,3000.00000,3000.00000,59.9088516,0.200000003,0.333840493E-02,1.00000000,0.00000000,262.292664,1.00000000,0.00000000
1,1,snow_on_sea_ice,5,60.0000000,1,F,T,0,0,F,17,15,0.500000000,28,19,0,1004.50000,0.285714298,9.81000042,2500000.00,0.567051011E-07,0.300000012,15,16,1.00000000,0.850000024,271.000000,0.00000000,0.00000000,0.00000000,0.200000003,1.00000000,215.000000,70.0000000,0.499999989E-02,0.400000019E-02,4.00000000,0.550000012,80.0000000,95000.0000,261.000000,0.109999999E-02,0.00000000,1.10000002,40.0000000,0.180000007,1.00000000,0.00000000,0.819999993,0.550000012,0.980000019,0.999999978E-02,1.00000000,0.00000000,0.00000000,0.109999999E-01,260.000000,0.00000000,0.00000000,0.00000000,7.50000000,2.00000000,1.00000000,4.00000000,0.00000000,3.25000000,0.250000000,0.00000000,0.300000014E-03,0.00000000,0.00000000,0.00000000,1.00000000,-999.000000,0.00000000,0.00000000,0.00000000,0.00000000,0.00000000,0.500000000,1.00000000,0.00000000,263.399994,1.00000000,0.00000000,40.1999588,0.181559578,0.850000024,0.00000000,0.750000000,0.750000000,0.980000019,0.999999978E-02,1.00000000,0.361673138E-02,0.109999999E-01,0.109999999E-01,260.002991,-4.04317713,0.726025633E-06,2.05828261,7.50008678,0.00000000,0.00000000,0.00000000,-1.00047302,3.25000000,0.00000000,0.128150522E-02,0.00000000,0.00000000,0.127986504E-02,0.128150638E-02,1.00000000,259.317535,-13.4897156,3000.00000,3000.00000,59.9088516,0.200000003,0.333840493E-02,1.00000000,0.00000000,263.399475,1.00000000,0.00000000
1,1,snow_on_sea_ice,6,60.0000000,1,F,T,0,0,F,17,15,0.500000000,28,19,0,1004.50000,0.285714298,9.81000042,2500000.00,0.567051011E-07,0.600000024,15,16,1.00000000,0.850000024,271.000000,0.00000000,0.00000000,0.00000000,0.200000003,1.00000000,215.000000,70.0000000,0.499999989E-02,0.400000019E-02,4.00000000,0.550000012,80.0000000,95000.0000,261.000000,0.109999999E-02,0.00000000,1.10000002,40.0000000,0.180000007,1.00000000,0.00000000,0.819999993,0.550000012,0.980000019,0.999999978E-02,1.00000000,0.00000000,0.00000000,0.109999999E-01,260.000000,0.00000000,0.00000000,0.00000000,7.50000000,2.00000000,1.00000000,4.00000000,0.00000000,3.25000000,0.250000000,0.00000000,0.300000014E-03,0.00000000,0.00000000,0.00000000,1.00000000,-999.000000,0.00000000,0.00000000,0.00000000,0.00000000,0.00000000,0.500000000,1.00000000,0.00000000,264.500000,1.00000000,0.00000000,40.1999588,0.181559578,0.850000024,0.00000000,0.750000000,0.750000000,0.980000019,0.999999978E-02,1.00000000,0.361673138E-02,0.109999999E-01,0.109999999E-01,260.002991,-4.04317713,0.726025633E-06,2.05828261,7.50008678,0.00000000,0.00000000,0.00000000,-1.00047302,3.25000000,0.00000000,0.128150522E-02,0.00000000,0.00000000,0.127986504E-02,0.128150638E-02,1.00000000,259.317535,-13.4897156,3000.00000,3000.00000,59.9088516,0.200000003,0.333840493E-02,1.00000000,0.00000000,264.499817,1.00000000,0.00000000
1,1,snow_on_sea_ice,7,60.0000000,1,F,T,0,0,F,17,15,0.500000000,28,19,0,1004.50000,0.285714298,9.81000042,2500000.00,0.567051011E-07,1.00000000,15,16,1.00000000,0.850000024,271.000000,0.00000000,0.00000000,0.00000000,0.200000003,1.00000000,215.000000,70.0000000,0.499999989E-02,0.400000019E-02,4.00000000,0.550000012,80.0000000,95000.0000,261.000000,0.109999999E-02,0.00000000,1.10000002,40.0000000,0.180000007,1.00000000,0.00000000,0.819999993,0.550000012,0.980000019,0.999999978E-02,1.00000000,0.00000000,0.00000000,0.109999999E-01,260.000000,0.00000000,0.00000000,0.00000000,7.50000000,2.00000000,1.00000000,4.00000000,0.00000000,3.25000000,0.250000000,0.00000000,0.300000014E-03,0.00000000,0.00000000,0.00000000,1.00000000,-999.000000,0.00000000,0.00000000,0.00000000,0.00000000,0.00000000,0.500000000,1.00000000,0.00000000,265.600006,1.00000000,0.00000000,40.1999588,0.181559578,0.850000024,0.00000000,0.750000000,0.750000000,0.980000019,0.999999978E-02,1.00000000,0.361673138E-02,0.109999999E-01,0.109999999E-01,260.002991,-4.04317713,0.726025633E-06,2.05828261,7.50008678,0.00000000,0.00000000,0.00000000,-1.00047302,3.25000000,0.00000000,0.128150522E-02,0.00000000,0.00000000,0.127986504E-02,0.128150638E-02,1.00000000,259.317535,-13.4897156,3000.00000,3000.00000,59.9088516,0.200000003,0.333840493E-02,1.00000000,0.00000000,265.599854,1.00000000,0.00000000
1,1,snow_on_sea_ice,8,60.0000000,1,F,T,0,0,F,17,15,0.500000000,28,19,0,1004.50000,0.285714298,9.81000042,2500000.00,0.567051011E-07,1.60000002,15,16,1.00000000,0.850000024,271.000000,0.00000000,0.00000000,0.00000000,0.200000003,1.00000000,215.000000,70.0000000,0.499999989E-02,0.400000019E-02,4.00000000,0.550000012,80.0000000,95000.0000,261.000000,0.109999999E-02,0.00000000,1.10000002,40.0000000,0.180000007,1.00000000,0.00000000,0.819999993,0.550000012,0.980000019,0.999999978E-02,1.00000000,0.00000000,0.00000000,0.109999999E-01,260.000000,0.00000000,0.00000000,0.00000000,7.50000000,2.00000000,1.00000000,4.00000000,0.00000000,3.25000000,0.250000000,0.00000000,0.300000014E-03,0.00000000,0.00000000,0.00000000,1.00000000,-999.000000,0.00000000,0.00000000,0.00000000,0.00000000,0.00000000,0.500000000,1.00000000,0.00000000,266.700012,1.00000000,0.00000000,40.1999588,0.181559578,0.850000024,0.00000000,0.750000000,0.750000000,0.980000019,0.999999978E-02,1.00000000,0.361673138E-02,0.109999999E-01,0.109999999E-01,260.002991,-4.04317713,0.726025633E-06,2.05828261,7.50008678,0.00000000,0.00000000,0.00000000,-1.00047302,3.25000000,0.00000000,0.128150522E-02,0.00000000,0.00000000,0.127986504E-02,0.128150638E-02,1.00000000,259.317535,-13.4897156,3000.00000,3000.00000,59.9088516,0.200000003,0.333840493E-02,1.00000000,0.00000000,266.699951,1.00000000,0.00000000
1,1,snow_on_sea_ice,9,60.0000000,1,F,T,0,0,F,17,15,0.500000000,28,19,0,1004.50000,0.285714298,9.81000042,2500000.00,0.567051011E-07,3.00000000,15,16,1.00000000,0.850000024,271.000000,0.00000000,0.00000000,0.00000000,0.200000003,1.00000000,215.000000,70.0000000,0.499999989E-02,0.400000019E-02,4.00000000,0.550000012,80.0000000,95000.0000,261.000000,0.109999999E-02,0.00000000,1.10000002,40.0000000,0.180000007,1.00000000,0.00000000,0.819999993,0.550000012,0.980000019,0.999999978E-02,1.00000000,0.00000000,0.00000000,0.109999999E-01,260.000000,0.00000000,0.00000000,0.00000000,7.50000000,2.00000000,1.00000000,4.00000000,0.00000000,3.25000000,0.250000000,0.00000000,0.300000014E-03,0.00000000,0.00000000,0.00000000,1.00000000,-999.000000,0.00000000,0.00000000,0.00000000,0.00000000,0.00000000,0.500000000,1.00000000,0.00000000,267.799988,1.00000000,0.00000000,40.1999588,0.181559578,0.850000024,0.00000000,0.750000000,0.750000000,0.980000019,0.999999978E-02,1.00000000,0.361673138E-02,0.109999999E-01,0.109999999E-01,260.002991,-4.04317713,0.726025633E-06,2.05828261,7.50008678,0.00000000,0.00000000,0.00000000,-1.00047302,3.25000000,0.00000000,0.128150522E-02,0.00000000,0.00000000,0.127986504E-02,0.128150638E-02,1.00000000,259.317535,-13.4897156,3000.00000,3000.00000,59.9088516,0.200000003,0.333840493E-02,1.00000000,0.00000000,271.000000,1.00000000,0.00000000
1,1,bare_sea_ice,1,60.0000000,1,F,T,0,0,F,17,15,0.500000000,28,19,0,1004.50000,0.285714298,9.81000042,2500000.00,0.567051011E-07,0.00000000,15,16,1.00000000,0.620000005,271.000000,0.00000000,0.00000000,0.00000000,0.00000000,0.00000000,225.000000,95.0000000,0.700000022E-02,0.600000005E-02,6.00000000,0.550000012,80.0000000,95000.0000,265.000000,0.159999996E-02,0.00000000,1.10000002,0.00000000,0.00000000,0.00000000,0.00000000,0.819999993,0.550000012,0.980000019,0.999999978E-02,1.00000000,0.00000000,0.00000000,0.109999999E-01,264.000000,0.00000000,0.00000000,0.00000000,7.50000000,2.00000000,1.00000000,4.00000000,0.00000000,3.25000000,0.250000000,0.159999996E-02,0.199999995E-03,0.00000000,0.00000000,0.00000000,1.00000000,264.000000,0.00000000,0.00000000,0.00000000,0.00000000,0.00000000,0.500000000,1.00000000,0.00000000,263.000000,1.00000000,0.00000000,0.00000000,0.00000000,0.00000000,0.00000000,0.750000000,0.550000012,0.980000019,0.999999978E-02,1.00000000,0.542282173E-02,0.109999999E-01,0.109999999E-01,264.020081,-5.95830870,0.141866246E-05,4.04318810,7.50017071,0.00000000,0.00000000,0.00000000,-33.4356232,3.25000000,0.00000000,0.183644367E-02,0.00000000,0.00000000,0.183307740E-02,0.183644367E-02,1.00000000,264.000000,-9.64999390,3000.00000,3000.00000,-1000.00000,0.00000000,0.00000000,1.00000000,0.00000000,264.020081,1.00000000,0.00000000
1,1,bare_sea_ice,2,60.0000000,1,F,T,0,0,F,17,15,0.500000000,28,19,0,1004.50000,0.285714298,9.81000042,2500000.00,0.567051011E-07,0.999999978E-02,15,16,1.00000000,0.620000005,271.000000,0.00000000,0.00000000,0.00000000,0.00000000,0.00000000,225.000000,95.0000000,0.700000022E-02,0.600000005E-02,6.00000000,0.550000012,80.0000000,95000.0000,265.000000,0.159999996E-02,0.00000000,1.10000002,0.00000000,0.00000000,0.00000000,0.00000000,0.819999993,0.550000012,0.980000019,0.999999978E-02,1.00000000,0.00000000,0.00000000,0.109999999E-01,264.000000,0.00000000,0.00000000,0.00000000,7.50000000,2.00000000,1.00000000,4.00000000,0.00000000,3.25000000,0.250000000,0.159999996E-02,0.199999995E-03,0.00000000,0.00000000,0.00000000,1.00000000,264.000000,0.00000000,0.00000000,0.00000000,0.00000000,0.00000000,0.500000000,1.00000000,0.00000000,263.899994,1.00000000,0.00000000,0.00000000,0.00000000,0.00000000,0.00000000,0.750000000,0.550000012,0.980000019,0.999999978E-02,1.00000000,0.542282173E-02,0.109999999E-01,0.109999999E-01,264.020081,-5.95830870,0.141866246E-05,4.04318810,7.50017071,0.00000000,0.00000000,0.00000000,-33.4356232,3.25000000,0.00000000,0.183644367E-02,0.00000000,0.00000000,0.183307740E-02,0.183644367E-02,1.00000000,264.000000,-9.64999390,3000.00000,3000.00000,-1000.00000,0.00000000,0.00000000,1.00000000,0.00000000,263.872192,1.00000000,0.00000000
1,1,bare_sea_ice,3,60.0000000,1,F,T,0,0,F,17,15,0.500000000,28,19,0,1004.50000,0.285714298,9.81000042,2500000.00,0.567051011E-07,0.399999991E-01,15,16,1.00000000,0.620000005,271.000000,0.00000000,0.00000000,0.00000000,0.00000000,0.00000000,225.000000,95.0000000,0.700000022E-02,0.600000005E-02,6.00000000,0.550000012,80.0000000,95000.0000,265.000000,0.159999996E-02,0.00000000,1.10000002,0.00000000,0.00000000,0.00000000,0.00000000,0.819999993,0.550000012,0.980000019,0.999999978E-02,1.00000000,0.00000000,0.00000000,0.109999999E-01,264.000000,0.00000000,0.00000000,0.00000000,7.50000000,2.00000000,1.00000000,4.00000000,0.00000000,3.25000000,0.250000000,0.159999996E-02,0.199999995E-03,0.00000000,0.00000000,0.00000000,1.00000000,264.000000,0.00000000,0.00000000,0.00000000,0.00000000,0.00000000,0.500000000,1.00000000,0.00000000,264.799988,1.00000000,0.00000000,0.00000000,0.00000000,0.00000000,0.00000000,0.750000000,0.550000012,0.980000019,0.999999978E-02,1.00000000,0.542282173E-02,0.109999999E-01,0.109999999E-01,264.020081,-5.95830870,0.141866246E-05,4.04318810,7.50017071,0.00000000,0.00000000,0.00000000,-33.4356232,3.25000000,0.00000000,0.183644367E-02,0.00000000,0.00000000,0.183307740E-02,0.183644367E-02,1.00000000,264.000000,-9.64999390,3000.00000,3000.00000,-1000.00000,0.00000000,0.00000000,1.00000000,0.00000000,264.775909,1.00000000,0.00000000
1,1,bare_sea_ice,4,60.0000000,1,F,T,0,0,F,17,15,0.500000000,28,19,0,1004.50000,0.285714298,9.81000042,2500000.00,0.567051011E-07,0.100000001,15,16,1.00000000,0.620000005,271.000000,0.00000000,0.00000000,0.00000000,0.00000000,0.00000000,225.000000,95.0000000,0.700000022E-02,0.600000005E-02,6.00000000,0.550000012,80.0000000,95000.0000,265.000000,0.159999996E-02,0.00000000,1.10000002,0.00000000,0.00000000,0.00000000,0.00000000,0.819999993,0.550000012,0.980000019,0.999999978E-02,1.00000000,0.00000000,0.00000000,0.109999999E-01,264.000000,0.00000000,0.00000000,0.00000000,7.50000000,2.00000000,1.00000000,4.00000000,0.00000000,3.25000000,0.250000000,0.159999996E-02,0.199999995E-03,0.00000000,0.00000000,0.00000000,1.00000000,264.000000,0.00000000,0.00000000,0.00000000,0.00000000,0.00000000,0.500000000,1.00000000,0.00000000,265.700012,1.00000000,0.00000000,0.00000000,0.00000000,0.00000000,0.00000000,0.750000000,0.550000012,0.980000019,0.999999978E-02,1.00000000,0.542282173E-02,0.109999999E-01,0.109999999E-01,264.020081,-5.95830870,0.141866246E-05,4.04318810,7.50017071,0.00000000,0.00000000,0.00000000,-33.4356232,3.25000000,0.00000000,0.183644367E-02,0.00000000,0.00000000,0.183307740E-02,0.183644367E-02,1.00000000,264.000000,-9.64999390,3000.00000,3000.00000,-1000.00000,0.00000000,0.00000000,1.00000000,0.00000000,265.694092,1.00000000,0.00000000
1,1,bare_sea_ice,5,60.0000000,1,F,T,0,0,F,17,15,0.500000000,28,19,0,1004.50000,0.285714298,9.81000042,2500000.00,0.567051011E-07,0.300000012,15,16,1.00000000,0.620000005,271.000000,0.00000000,0.00000000,0.00000000,0.00000000,0.00000000,225.000000,95.0000000,0.700000022E-02,0.600000005E-02,6.00000000,0.550000012,80.0000000,95000.0000,265.000000,0.159999996E-02,0.00000000,1.10000002,0.00000000,0.00000000,0.00000000,0.00000000,0.819999993,0.550000012,0.980000019,0.999999978E-02,1.00000000,0.00000000,0.00000000,0.109999999E-01,264.000000,0.00000000,0.00000000,0.00000000,7.50000000,2.00000000,1.00000000,4.00000000,0.00000000,3.25000000,0.250000000,0.159999996E-02,0.199999995E-03,0.00000000,0.00000000,0.00000000,1.00000000,264.000000,0.00000000,0.00000000,0.00000000,0.00000000,0.00000000,0.500000000,1.00000000,0.00000000,266.600006,1.00000000,0.00000000,0.00000000,0.00000000,0.00000000,0.00000000,0.750000000,0.550000012,0.980000019,0.999999978E-02,1.00000000,0.542282173E-02,0.109999999E-01,0.109999999E-01,264.020081,-5.95830870,0.141866246E-05,4.04318810,7.50017071,0.00000000,0.00000000,0.00000000,-33.4356232,3.25000000,0.00000000,0.183644367E-02,0.00000000,0.00000000,0.183307740E-02,0.183644367E-02,1.00000000,264.000000,-9.64999390,3000.00000,3000.00000,-1000.00000,0.00000000,0.00000000,1.00000000,0.00000000,266.599579,1.00000000,0.00000000
1,1,bare_sea_ice,6,60.0000000,1,F,T,0,0,F,17,15,0.500000000,28,19,0,1004.50000,0.285714298,9.81000042,2500000.00,0.567051011E-07,0.600000024,15,16,1.00000000,0.620000005,271.000000,0.00000000,0.00000000,0.00000000,0.00000000,0.00000000,225.000000,95.0000000,0.700000022E-02,0.600000005E-02,6.00000000,0.550000012,80.0000000,95000.0000,265.000000,0.159999996E-02,0.00000000,1.10000002,0.00000000,0.00000000,0.00000000,0.00000000,0.819999993,0.550000012,0.980000019,0.999999978E-02,1.00000000,0.00000000,0.00000000,0.109999999E-01,264.000000,0.00000000,0.00000000,0.00000000,7.50000000,2.00000000,1.00000000,4.00000000,0.00000000,3.25000000,0.250000000,0.159999996E-02,0.199999995E-03,0.00000000,0.00000000,0.00000000,1.00000000,264.000000,0.00000000,0.00000000,0.00000000,0.00000000,0.00000000,0.500000000,1.00000000,0.00000000,267.500000,1.00000000,0.00000000,0.00000000,0.00000000,0.00000000,0.00000000,0.750000000,0.550000012,0.980000019,0.999999978E-02,1.00000000,0.542282173E-02,0.109999999E-01,0.109999999E-01,264.020081,-5.95830870,0.141866246E-05,4.04318810,7.50017071,0.00000000,0.00000000,0.00000000,-33.4356232,3.25000000,0.00000000,0.183644367E-02,0.00000000,0.00000000,0.183307740E-02,0.183644367E-02,1.00000000,264.000000,-9.64999390,3000.00000,3000.00000,-1000.00000,0.00000000,0.00000000,1.00000000,0.00000000,267.499847,1.00000000,0.00000000
1,1,bare_sea_ice,7,60.0000000,1,F,T,0,0,F,17,15,0.500000000,28,19,0,1004.50000,0.285714298,9.81000042,2500000.00,0.567051011E-07,1.00000000,15,16,1.00000000,0.620000005,271.000000,0.00000000,0.00000000,0.00000000,0.00000000,0.00000000,225.000000,95.0000000,0.700000022E-02,0.600000005E-02,6.00000000,0.550000012,80.0000000,95000.0000,265.000000,0.159999996E-02,0.00000000,1.10000002,0.00000000,0.00000000,0.00000000,0.00000000,0.819999993,0.550000012,0.980000019,0.999999978E-02,1.00000000,0.00000000,0.00000000,0.109999999E-01,264.000000,0.00000000,0.00000000,0.00000000,7.50000000,2.00000000,1.00000000,4.00000000,0.00000000,3.25000000,0.250000000,0.159999996E-02,0.199999995E-03,0.00000000,0.00000000,0.00000000,1.00000000,264.000000,0.00000000,0.00000000,0.00000000,0.00000000,0.00000000,0.500000000,1.00000000,0.00000000,268.399994,1.00000000,0.00000000,0.00000000,0.00000000,0.00000000,0.00000000,0.750000000,0.550000012,0.980000019,0.999999978E-02,1.00000000,0.542282173E-02,0.109999999E-01,0.109999999E-01,264.020081,-5.95830870,0.141866246E-05,4.04318810,7.50017071,0.00000000,0.00000000,0.00000000,-33.4356232,3.25000000,0.00000000,0.183644367E-02,0.00000000,0.00000000,0.183307740E-02,0.183644367E-02,1.00000000,264.000000,-9.64999390,3000.00000,3000.00000,-1000.00000,0.00000000,0.00000000,1.00000000,0.00000000,268.399902,1.00000000,0.00000000
1,1,bare_sea_ice,8,60.0000000,1,F,T,0,0,F,17,15,0.500000000,28,19,0,1004.50000,0.285714298,9.81000042,2500000.00,0.567051011E-07,1.60000002,15,16,1.00000000,0.620000005,271.000000,0.00000000,0.00000000,0.00000000,0.00000000,0.00000000,225.000000,95.0000000,0.700000022E-02,0.600000005E-02,6.00000000,0.550000012,80.0000000,95000.0000,265.000000,0.159999996E-02,0.00000000,1.10000002,0.00000000,0.00000000,0.00000000,0.00000000,0.819999993,0.550000012,0.980000019,0.999999978E-02,1.00000000,0.00000000,0.00000000,0.109999999E-01,264.000000,0.00000000,0.00000000,0.00000000,7.50000000,2.00000000,1.00000000,4.00000000,0.00000000,3.25000000,0.250000000,0.159999996E-02,0.199999995E-03,0.00000000,0.00000000,0.00000000,1.00000000,264.000000,0.00000000,0.00000000,0.00000000,0.00000000,0.00000000,0.500000000,1.00000000,0.00000000,269.299988,1.00000000,0.00000000,0.00000000,0.00000000,0.00000000,0.00000000,0.750000000,0.550000012,0.980000019,0.999999978E-02,1.00000000,0.542282173E-02,0.109999999E-01,0.109999999E-01,264.020081,-5.95830870,0.141866246E-05,4.04318810,7.50017071,0.00000000,0.00000000,0.00000000,-33.4356232,3.25000000,0.00000000,0.183644367E-02,0.00000000,0.00000000,0.183307740E-02,0.183644367E-02,1.00000000,264.000000,-9.64999390,3000.00000,3000.00000,-1000.00000,0.00000000,0.00000000,1.00000000,0.00000000,269.299927,1.00000000,0.00000000
1,1,bare_sea_ice,9,60.0000000,1,F,T,0,0,F,17,15,0.500000000,28,19,0,1004.50000,0.285714298,9.81000042,2500000.00,0.567051011E-07,3.00000000,15,16,1.00000000,0.620000005,271.000000,0.00000000,0.00000000,0.00000000,0.00000000,0.00000000,225.000000,95.0000000,0.700000022E-02,0.600000005E-02,6.00000000,0.550000012,80.0000000,95000.0000,265.000000,0.159999996E-02,0.00000000,1.10000002,0.00000000,0.00000000,0.00000000,0.00000000,0.819999993,0.550000012,0.980000019,0.999999978E-02,1.00000000,0.00000000,0.00000000,0.109999999E-01,264.000000,0.00000000,0.00000000,0.00000000,7.50000000,2.00000000,1.00000000,4.00000000,0.00000000,3.25000000,0.250000000,0.159999996E-02,0.199999995E-03,0.00000000,0.00000000,0.00000000,1.00000000,264.000000,0.00000000,0.00000000,0.00000000,0.00000000,0.00000000,0.500000000,1.00000000,0.00000000,270.200012,1.00000000,0.00000000,0.00000000,0.00000000,0.00000000,0.00000000,0.750000000,0.550000012,0.980000019,0.999999978E-02,1.00000000,0.542282173E-02,0.109999999E-01,0.109999999E-01,264.020081,-5.95830870,0.141866246E-05,4.04318810,7.50017071,0.00000000,0.00000000,0.00000000,-33.4356232,3.25000000,0.00000000,0.183644367E-02,0.00000000,0.00000000,0.183307740E-02,0.183644367E-02,1.00000000,264.000000,-9.64999390,3000.00000,3000.00000,-1000.00000,0.00000000,0.00000000,1.00000000,0.00000000,271.000000,1.00000000,0.00000000
1,1,dry_barren,1,60.0000000,1,F,T,0,0,F,17,15,0.500000000,28,19,0,1004.50000,0.285714298,9.81000042,2500000.00,0.567051011E-07,0.00000000,16,1,1.00000000,0.00000000,292.000000,0.00000000,5.00000000,2.00000000,0.00000000,0.00000000,355.000000,610.000000,0.179999992E-01,0.170000009E-01,17.0000000,0.250000000,80.0000000,95000.0000,300.000000,0.350000011E-02,0.00000000,1.10000002,0.00000000,0.00000000,0.00000000,0.00000000,0.750000000,0.250000000,0.850000024,0.750000000,0.162790701,0.00000000,0.00000000,0.649999976E-01,301.000000,0.00000000,0.00000000,0.00000000,7.50000000,2.00000000,1.00000000,4.00000000,0.00000000,3.25000000,0.250000000,0.600000005E-02,0.999999975E-04,0.00000000,0.00000000,0.00000000,1.00000000,300.000000,0.00000000,0.00000000,0.00000000,0.00000000,0.00000000,0.500000000,0.299999993E-01,0.299999993E-01,300.000000,0.00000000,0.00000000,0.00000000,0.00000000,0.00000000,0.00000000,0.750000000,0.250000000,0.850000024,0.389999986,0.161153689,0.153402099E-01,0.649999976E-01,0.649999976E-01,300.355927,6.12207890,0.244007788E-04,61.0019455,7.50292778,0.00000000,0.00000000,0.00000000,-28.4321232,3.25000000,0.00000000,0.677781180E-02,0.00000000,0.00000000,0.673218258E-02,0.236351285E-01,1.00000000,300.000000,27.3500061,127.698540,1185.00000,-1000.00000,0.00000000,0.00000000,0.297184344E-01,0.297184344E-01,300.355927,0.311111081E-01,0.00000000
1,1,dry_barren,2,60.0000000,1,F,T,0,0,F,17,15,0.500000000,28,19,0,1004.50000,0.285714298,9.81000042,2500000.00,0.567051011E-07,0.999999978E-02,16,1,1.00000000,0.00000000,292.000000,0.00000000,5.00000000,2.00000000,0.00000000,0.00000000,355.000000,610.000000,0.179999992E-01,0.170000009E-01,17.0000000,0.250000000,80.0000000,95000.0000,300.000000,0.350000011E-02,0.00000000,1.10000002,0.00000000,0.00000000,0.00000000,0.00000000,0.750000000,0.250000000,0.850000024,0.750000000,0.162790701,0.00000000,0.00000000,0.649999976E-01,301.000000,0.00000000,0.00000000,0.00000000,7.50000000,2.00000000,1.00000000,4.00000000,0.00000000,3.25000000,0.250000000,0.600000005E-02,0.999999975E-04,0.00000000,0.00000000,0.00000000,1.00000000,300.000000,0.00000000,0.00000000,0.00000000,0.00000000,0.00000000,0.500000000,0.319999978E-01,0.319999978E-01,299.200012,0.00000000,0.00000000,0.00000000,0.00000000,0.00000000,0.00000000,0.750000000,0.250000000,0.850000024,0.389999986,0.161153689,0.153402099E-01,0.649999976E-01,0.649999976E-01,300.355927,6.12207890,0.244007788E-04,61.0019455,7.50292778,0.00000000,0.00000000,0.00000000,-28.4321232,3.25000000,0.00000000,0.677781180E-02,0.00000000,0.00000000,0.673218258E-02,0.236351285E-01,1.00000000,300.000000,27.3500061,127.698540,1185.00000,-1000.00000,0.00000000,0.00000000,0.319999531E-01,0.319999531E-01,299.251495,0.333333276E-01,0.00000000
1,1,dry_barren,3,60.0000000,1,F,T,0,0,F,17,15,0.500000000,28,19,0,1004.50000,0.285714298,9.81000042,2500000.00,0.567051011E-07,0.399999991E-01,16,1,1.00000000,0.00000000,292.000000,0.00000000,5.00000000,2.00000000,0.00000000,0.00000000,355.000000,610.000000,0.179999992E-01,0.170000009E-01,17.0000000,0.250000000,80.0000000,95000.0000,300.000000,0.350000011E-02,0.00000000,1.10000002,0.00000000,0.00000000,0.00000000,0.00000000,0.750000000,0.250000000,0.850000024,0.750000000,0.162790701,0.00000000,0.00000000,0.649999976E-01,301.000000,0.00000000,0.00000000,0.00000000,7.50000000,2.00000000,1.00000000,4.00000000,0.00000000,3.25000000,0.250000000,0.600000005E-02,0.999999975E-04,0.00000000,0.00000000,0.00000000,1.00000000,300.000000,0.00000000,0.00000000,0.00000000,0.00000000,0.00000000,0.500000000,0.339999981E-01,0.339999981E-01,298.399994,0.00000000,0.00000000,0.00000000,0.00000000,0.00000000,0.00000000,0.750000000,0.250000000,0.850000024,0.389999986,0.161153689,0.153402099E-01,0.649999976E-01,0.649999976E-01,300.355927,6.12207890,0.244007788E-04,61.0019455,7.50292778,0.00000000,0.00000000,0.00000000,-28.4321232,3.25000000,0.00000000,0.677781180E-02,0.00000000,0.00000000,0.673218258E-02,0.236351285E-01,1.00000000,300.000000,27.3500061,127.698540,1185.00000,-1000.00000,0.00000000,0.00000000,0.339999832E-01,0.339999832E-01,298.404694,0.355555527E-01,0.00000000
1,1,dry_barren,4,60.0000000,1,F,T,0,0,F,17,15,0.500000000,28,19,0,1004.50000,0.285714298,9.81000042,2500000.00,0.567051011E-07,0.100000001,16,1,1.00000000,0.00000000,292.000000,0.00000000,5.00000000,2.00000000,0.00000000,0.00000000,355.000000,610.000000,0.179999992E-01,0.170000009E-01,17.0000000,0.250000000,80.0000000,95000.0000,300.000000,0.350000011E-02,0.00000000,1.10000002,0.00000000,0.00000000,0.00000000,0.00000000,0.750000000,0.250000000,0.850000024,0.750000000,0.162790701,0.00000000,0.00000000,0.649999976E-01,301.000000,0.00000000,0.00000000,0.00000000,7.50000000,2.00000000,1.00000000,4.00000000,0.00000000,3.25000000,0.250000000,0.600000005E-02,0.999999975E-04,0.00000000,0.00000000,0.00000000,1.00000000,300.000000,0.00000000,0.00000000,0.00000000,0.00000000,0.00000000,0.500000000,0.359999985E-01,0.359999985E-01,297.600006,0.00000000,0.00000000,0.00000000,0.00000000,0.00000000,0.00000000,0.750000000,0.250000000,0.850000024,0.389999986,0.161153689,0.153402099E-01,0.649999976E-01,0.649999976E-01,300.355927,6.12207890,0.244007788E-04,61.0019455,7.50292778,0.00000000,0.00000000,0.00000000,-28.4321232,3.25000000,0.00000000,0.677781180E-02,0.00000000,0.00000000,0.673218258E-02,0.236351285E-01,1.00000000,300.000000,27.3500061,127.698540,1185.00000,-1000.00000,0.00000000,0.00000000,0.359999649E-01,0.359999649E-01,297.601074,0.377777740E-01,0.00000000
1,1,dry_barren,5,60.0000000,1,F,T,0,0,F,17,15,0.500000000,28,19,0,1004.50000,0.285714298,9.81000042,2500000.00,0.567051011E-07,0.300000012,16,1,1.00000000,0.00000000,292.000000,0.00000000,5.00000000,2.00000000,0.00000000,0.00000000,355.000000,610.000000,0.179999992E-01,0.170000009E-01,17.0000000,0.250000000,80.0000000,95000.0000,300.000000,0.350000011E-02,0.00000000,1.10000002,0.00000000,0.00000000,0.00000000,0.00000000,0.750000000,0.250000000,0.850000024,0.750000000,0.162790701,0.00000000,0.00000000,0.649999976E-01,301.000000,0.00000000,0.00000000,0.00000000,7.50000000,2.00000000,1.00000000,4.00000000,0.00000000,3.25000000,0.250000000,0.600000005E-02,0.999999975E-04,0.00000000,0.00000000,0.00000000,1.00000000,300.000000,0.00000000,0.00000000,0.00000000,0.00000000,0.00000000,0.500000000,0.379999988E-01,0.379999988E-01,296.799988,0.00000000,0.00000000,0.00000000,0.00000000,0.00000000,0.00000000,0.750000000,0.250000000,0.850000024,0.389999986,0.161153689,0.153402099E-01,0.649999976E-01,0.649999976E-01,300.355927,6.12207890,0.244007788E-04,61.0019455,7.50292778,0.00000000,0.00000000,0.00000000,-28.4321232,3.25000000,0.00000000,0.677781180E-02,0.00000000,0.00000000,0.673218258E-02,0.236351285E-01,1.00000000,300.000000,27.3500061,127.698540,1185.00000,-1000.00000,0.00000000,0.00000000,0.379999503E-01,0.379999503E-01,296.800110,0.399999954E-01,0.00000000
1,1,dry_barren,6,60.0000000,1,F,T,0,0,F,17,15,0.500000000,28,19,0,1004.50000,0.285714298,9.81000042,2500000.00,0.567051011E-07,0.600000024,16,1,1.00000000,0.00000000,292.000000,0.00000000,5.00000000,2.00000000,0.00000000,0.00000000,355.000000,610.000000,0.179999992E-01,0.170000009E-01,17.0000000,0.250000000,80.0000000,95000.0000,300.000000,0.350000011E-02,0.00000000,1.10000002,0.00000000,0.00000000,0.00000000,0.00000000,0.750000000,0.250000000,0.850000024,0.750000000,0.162790701,0.00000000,0.00000000,0.649999976E-01,301.000000,0.00000000,0.00000000,0.00000000,7.50000000,2.00000000,1.00000000,4.00000000,0.00000000,3.25000000,0.250000000,0.600000005E-02,0.999999975E-04,0.00000000,0.00000000,0.00000000,1.00000000,300.000000,0.00000000,0.00000000,0.00000000,0.00000000,0.00000000,0.500000000,0.399999991E-01,0.399999991E-01,296.000000,0.00000000,0.00000000,0.00000000,0.00000000,0.00000000,0.00000000,0.750000000,0.250000000,0.850000024,0.389999986,0.161153689,0.153402099E-01,0.649999976E-01,0.649999976E-01,300.355927,6.12207890,0.244007788E-04,61.0019455,7.50292778,0.00000000,0.00000000,0.00000000,-28.4321232,3.25000000,0.00000000,0.677781180E-02,0.00000000,0.00000000,0.673218258E-02,0.236351285E-01,1.00000000,300.000000,27.3500061,127.698540,1185.00000,-1000.00000,0.00000000,0.00000000,0.399999321E-01,0.399999321E-01,296.000000,0.422222205E-01,0.00000000
1,1,dry_barren,7,60.0000000,1,F,T,0,0,F,17,15,0.500000000,28,19,0,1004.50000,0.285714298,9.81000042,2500000.00,0.567051011E-07,1.00000000,16,1,1.00000000,0.00000000,292.000000,0.00000000,5.00000000,2.00000000,0.00000000,0.00000000,355.000000,610.000000,0.179999992E-01,0.170000009E-01,17.0000000,0.250000000,80.0000000,95000.0000,300.000000,0.350000011E-02,0.00000000,1.10000002,0.00000000,0.00000000,0.00000000,0.00000000,0.750000000,0.250000000,0.850000024,0.750000000,0.162790701,0.00000000,0.00000000,0.649999976E-01,301.000000,0.00000000,0.00000000,0.00000000,7.50000000,2.00000000,1.00000000,4.00000000,0.00000000,3.25000000,0.250000000,0.600000005E-02,0.999999975E-04,0.00000000,0.00000000,0.00000000,1.00000000,300.000000,0.00000000,0.00000000,0.00000000,0.00000000,0.00000000,0.500000000,0.419999994E-01,0.419999994E-01,295.200012,0.00000000,0.00000000,0.00000000,0.00000000,0.00000000,0.00000000,0.750000000,0.250000000,0.850000024,0.389999986,0.161153689,0.153402099E-01,0.649999976E-01,0.649999976E-01,300.355927,6.12207890,0.244007788E-04,61.0019455,7.50292778,0.00000000,0.00000000,0.00000000,-28.4321232,3.25000000,0.00000000,0.677781180E-02,0.00000000,0.00000000,0.673218258E-02,0.236351285E-01,1.00000000,300.000000,27.3500061,127.698540,1185.00000,-1000.00000,0.00000000,0.00000000,0.420000069E-01,0.419999994E-01,295.200043,0.444444418E-01,0.00000000
1,1,dry_barren,8,60.0000000,1,F,T,0,0,F,17,15,0.500000000,28,19,0,1004.50000,0.285714298,9.81000042,2500000.00,0.567051011E-07,1.60000002,16,1,1.00000000,0.00000000,292.000000,0.00000000,5.00000000,2.00000000,0.00000000,0.00000000,355.000000,610.000000,0.179999992E-01,0.170000009E-01,17.0000000,0.250000000,80.0000000,95000.0000,300.000000,0.350000011E-02,0.00000000,1.10000002,0.00000000,0.00000000,0.00000000,0.00000000,0.750000000,0.250000000,0.850000024,0.750000000,0.162790701,0.00000000,0.00000000,0.649999976E-01,301.000000,0.00000000,0.00000000,0.00000000,7.50000000,2.00000000,1.00000000,4.00000000,0.00000000,3.25000000,0.250000000,0.600000005E-02,0.999999975E-04,0.00000000,0.00000000,0.00000000,1.00000000,300.000000,0.00000000,0.00000000,0.00000000,0.00000000,0.00000000,0.500000000,0.439999998E-01,0.439999998E-01,294.399994,0.00000000,0.00000000,0.00000000,0.00000000,0.00000000,0.00000000,0.750000000,0.250000000,0.850000024,0.389999986,0.161153689,0.153402099E-01,0.649999976E-01,0.649999976E-01,300.355927,6.12207890,0.244007788E-04,61.0019455,7.50292778,0.00000000,0.00000000,0.00000000,-28.4321232,3.25000000,0.00000000,0.677781180E-02,0.00000000,0.00000000,0.673218258E-02,0.236351285E-01,1.00000000,300.000000,27.3500061,127.698540,1185.00000,-1000.00000,0.00000000,0.00000000,0.439999998E-01,0.439999998E-01,294.400024,0.466666631E-01,0.00000000
1,1,dry_barren,9,60.0000000,1,F,T,0,0,F,17,15,0.500000000,28,19,0,1004.50000,0.285714298,9.81000042,2500000.00,0.567051011E-07,3.00000000,16,1,1.00000000,0.00000000,292.000000,0.00000000,5.00000000,2.00000000,0.00000000,0.00000000,355.000000,610.000000,0.179999992E-01,0.170000009E-01,17.0000000,0.250000000,80.0000000,95000.0000,300.000000,0.350000011E-02,0.00000000,1.10000002,0.00000000,0.00000000,0.00000000,0.00000000,0.750000000,0.250000000,0.850000024,0.750000000,0.162790701,0.00000000,0.00000000,0.649999976E-01,301.000000,0.00000000,0.00000000,0.00000000,7.50000000,2.00000000,1.00000000,4.00000000,0.00000000,3.25000000,0.250000000,0.600000005E-02,0.999999975E-04,0.00000000,0.00000000,0.00000000,1.00000000,300.000000,0.00000000,0.00000000,0.00000000,0.00000000,0.00000000,0.500000000,0.460000001E-01,0.460000001E-01,293.600006,0.00000000,0.00000000,0.00000000,0.00000000,0.00000000,0.00000000,0.750000000,0.250000000,0.850000024,0.389999986,0.161153689,0.153402099E-01,0.649999976E-01,0.649999976E-01,300.355927,6.12207890,0.244007788E-04,61.0019455,7.50292778,0.00000000,0.00000000,0.00000000,-28.4321232,3.25000000,0.00000000,0.677781180E-02,0.00000000,0.00000000,0.673218258E-02,0.236351285E-01,1.00000000,300.000000,27.3500061,127.698540,1185.00000,-1000.00000,0.00000000,0.00000000,0.460000001E-01,0.460000001E-01,292.000000,0.488888882E-01,0.00000000
1,1,urban_thin_snow,1,60.0000000,1,F,T,0,0,F,17,15,0.500000000,28,19,0,1004.50000,0.285714298,9.81000042,2500000.00,0.567051011E-07,0.00000000,13,6,1.00000000,0.00000000,281.000000,5.00000000,40.0000000,12.0000000,0.100000001,1.00000000,265.000000,180.000000,0.899999961E-02,0.800000038E-02,8.00000000,0.180000007,80.0000000,95000.0000,270.000000,0.240000011E-02,0.999999975E-05,1.10000002,3.00000000,0.120000001E-01,0.300000012,0.199999996E-01,0.460000008,0.180000007,0.879999995,1.00000000,0.643939376,0.00000000,0.00000000,0.500000000,270.500000,0.00000000,0.00000000,0.00000000,7.50000000,2.00000000,1.00000000,4.00000000,0.00000000,3.25000000,0.250000000,0.260000001E-02,0.499999987E-04,0.00000000,0.00000000,0.00000000,1.00000000,270.000000,0.00000000,0.00000000,0.00000000,0.00000000,0.00000000,0.500000000,0.219999999,0.139103711,271.000000,0.898847580E-01,0.00000000,3.09831834,0.126756644E-01,0.967776179E-01,0.211680289E-01,0.460000008,0.460000008,0.980000019,1.00000000,0.678342283,0.722558005E-02,0.500000000,0.500000000,269.986816,-0.106810473,0.764681954E-05,21.6787338,7.50091743,0.00000000,0.00000000,0.00000000,59.8689384,3.25000000,0.00000000,0.307248393E-02,0.00000000,0.00000000,0.306307268E-02,0.307248393E-02,1.00000000,271.080383,-2.61639404,735.399719,1353.00000,77.3442383,0.100000001,0.129292114E-02,0.219983697,0.140098289,271.080383,0.898847580E-01,0.00000000
1,1,urban_thin_snow,2,60.0000000,1,F,T,0,0,F,17,15,0.500000000,28,19,0,1004.50000,0.285714298,9.81000042,2500000.00,0.567051011E-07,0.999999978E-02,13,6,1.00000000,0.00000000,281.000000,5.00000000,40.0000000,12.0000000,0.100000001,1.00000000,265.000000,180.000000,0.899999961E-02,0.800000038E-02,8.00000000,0.180000007,80.0000000,95000.0000,270.000000,0.240000011E-02,0.999999975E-05,1.10000002,3.00000000,0.120000001E-01,0.300000012,0.199999996E-01,0.460000008,0.180000007,0.879999995,1.00000000,0.643939376,0.00000000,0.00000000,0.500000000,270.500000,0.00000000,0.00000000,0.00000000,7.50000000,2.00000000,1.00000000,4.00000000,0.00000000,3.25000000,0.250000000,0.260000001E-02,0.499999987E-04,0.00000000,0.00000000,0.00000000,1.00000000,270.000000,0.00000000,0.00000000,0.00000000,0.00000000,0.00000000,0.500000000,0.223999992,0.156333268,272.000000,0.751852468E-01,0.00000000,3.09831834,0.126756644E-01,0.967776179E-01,0.211680289E-01,0.460000008,0.460000008,0.980000019,1.00000000,0.678342283,0.722558005E-02,0.500000000,0.500000000,269.986816,-0.106810473,0.764681954E-05,21.6787338,7.50091743,0.00000000,0.00000000,0.00000000,59.8689384,3.25000000,0.00000000,0.307248393E-02,0.00000000,0.00000000,0.306307268E-02,0.307248393E-02,1.00000000,271.080383,-2.61639404,735.399719,1353.00000,77.3442383,0.100000001,0.129292114E-02,0.224001706,0.154930249,271.942993,0.751852468E-01,0.00000000
1,1,urban_thin_snow,3,60.0000000,1,F,T,0,0,F,17,15,0.500000000,28,19,0,1004.50000,0.285714298,9.81000042,2500000.00,0.567051011E-07,0.399999991E-01,13,6,1.00000000,0.00000000,281.000000,5.00000000,40.0000000,12.0000000,0.100000001,1.00000000,265.000000,180.000000,0.899999961E-02,0.800000038E-02,8.00000000,0.180000007,80.0000000,95000.0000,270.000000,0.240000011E-02,0.999999975E-05,1.10000002,3.00000000,0.120000001E-01,0.300000012,0.199999996E-01,0.460000008,0.180000007,0.879999995,1.00000000,0.643939376,0.00000000,0.00000000,0.500000000,270.500000,0.00000000,0.00000000,0.00000000,7.50000000,2.00000000,1.00000000,4.00000000,0.00000000,3.25000000,0.250000000,0.260000001E-02,0.499999987E-04,0.00000000,0.00000000,0.00000000,1.00000000,270.000000,0.00000000,0.00000000,0.00000000,0.00000000,0.00000000,0.500000000,0.228000000,0.228000000,273.000000,0.00000000,0.00000000,3.09831834,0.126756644E-01,0.967776179E-01,0.211680289E-01,0.460000008,0.460000008,0.980000019,1.00000000,0.678342283,0.722558005E-02,0.500000000,0.500000000,269.986816,-0.106810473,0.764681954E-05,21.6787338,7.50091743,0.00000000,0.00000000,0.00000000,59.8689384,3.25000000,0.00000000,0.307248393E-02,0.00000000,0.00000000,0.306307268E-02,0.307248393E-02,1.00000000,271.080383,-2.61639404,735.399719,1353.00000,77.3442383,0.100000001,0.129292114E-02,0.228005931,0.228000000,273.012329,0.197777778,0.00000000
1,1,urban_thin_snow,4,60.0000000,1,F,T,0,0,F,17,15,0.500000000,28,19,0,1004.50000,0.285714298,9.81000042,2500000.00,0.567051011E-07,0.100000001,13,6,1.00000000,0.00000000,281.000000,5.00000000,40.0000000,12.0000000,0.100000001,1.00000000,265.000000,180.000000,0.899999961E-02,0.800000038E-02,8.00000000,0.180000007,80.0000000,95000.0000,270.000000,0.240000011E-02,0.999999975E-05,1.10000002,3.00000000,0.120000001E-01,0.300000012,0.199999996E-01,0.460000008,0.180000007,0.879999995,1.00000000,0.643939376,0.00000000,0.00000000,0.500000000,270.500000,0.00000000,0.00000000,0.00000000,7.50000000,2.00000000,1.00000000,4.00000000,0.00000000,3.25000000,0.250000000,0.260000001E-02,0.499999987E-04,0.00000000,0.00000000,0.00000000,1.00000000,270.000000,0.00000000,0.00000000,0.00000000,0.00000000,0.00000000,0.500000000,0.231999993,0.231999993,274.000000,0.00000000,0.00000000,3.09831834,0.126756644E-01,0.967776179E-01,0.211680289E-01,0.460000008,0.460000008,0.980000019,1.00000000,0.678342283,0.722558005E-02,0.500000000,0.500000000,269.986816,-0.106810473,0.764681954E-05,21.6787338,7.50091743,0.00000000,0.00000000,0.00000000,59.8689384,3.25000000,0.00000000,0.307248393E-02,0.00000000,0.00000000,0.306307268E-02,0.307248393E-02,1.00000000,271.080383,-2.61639404,735.399719,1353.00000,77.3442383,0.100000001,0.129292114E-02,0.231997579,0.231997579,273.996277,0.202222213,0.00000000
1,1,urban_thin_snow,5,60.0000000,1,F,T,0,0,F,17,15,0.500000000,28,19,0,1004.50000,0.285714298,9.81000042,2500000.00,0.567051011E-07,0.300000012,13,6,1.00000000,0.00000000,281.000000,5.00000000,40.0000000,12.0000000,0.100000001,1.00000000,265.000000,180.000000,0.899999961E-02,0.800000038E-02,8.00000000,0.180000007,80.0000000,95000.0000,270.000000,0.240000011E-02,0.999999975E-05,1.10000002,3.00000000,0.120000001E-01,0.300000012,0.199999996E-01,0.460000008,0.180000007,0.879999995,1.00000000,0.643939376,0.00000000,0.00000000,0.500000000,270.500000,0.00000000,0.00000000,0.00000000,7.50000000,2.00000000,1.00000000,4.00000000,0.00000000,3.25000000,0.250000000,0.260000001E-02,0.499999987E-04,0.00000000,0.00000000,0.00000000,1.00000000,270.000000,0.00000000,0.00000000,0.00000000,0.00000000,0.00000000,0.500000000,0.236000001,0.236000001,275.000000,0.00000000,0.00000000,3.09831834,0.126756644E-01,0.967776179E-01,0.211680289E-01,0.460000008,0.460000008,0.980000019,1.00000000,0.678342283,0.722558005E-02,0.500000000,0.500000000,269.986816,-0.106810473,0.764681954E-05,21.6787338,7.50091743,0.00000000,0.00000000,0.00000000,59.8689384,3.25000000,0.00000000,0.307248393E-02,0.00000000,0.00000000,0.306307268E-02,0.307248393E-02,1.00000000,271.080383,-2.61639404,735.399719,1353.00000,77.3442383,0.100000001,0.129292114E-02,0.235999838,0.235999838,274.999634,0.206666663,0.00000000
1,1,urban_thin_snow,6,60.0000000,1,F,T,0,0,F,17,15,0.500000000,28,19,0,1004.50000,0.285714298,9.81000042,2500000.00,0.567051011E-07,0.600000024,13,6,1.00000000,0.00000000,281.000000,5.00000000,40.0000000,12.0000000,0.100000001,1.00000000,265.000000,180.000000,0.899999961E-02,0.800000038E-02,8.00000000,0.180000007,80.0000000,95000.0000,270.000000,0.240000011E-02,0.999999975E-05,1.10000002,3.00000000,0.120000001E-01,0.300000012,0.199999996E-01,0.460000008,0.180000007,0.879999995,1.00000000,0.643939376,0.00000000,0.00000000,0.500000000,270.500000,0.00000000,0.00000000,0.00000000,7.50000000,2.00000000,1.00000000,4.00000000,0.00000000,3.25000000,0.250000000,0.260000001E-02,0.499999987E-04,0.00000000,0.00000000,0.00000000,1.00000000,270.000000,0.00000000,0.00000000,0.00000000,0.00000000,0.00000000,0.500000000,0.239999995,0.239999995,276.000000,0.00000000,0.00000000,3.09831834,0.126756644E-01,0.967776179E-01,0.211680289E-01,0.460000008,0.460000008,0.980000019,1.00000000,0.678342283,0.722558005E-02,0.500000000,0.500000000,269.986816,-0.106810473,0.764681954E-05,21.6787338,7.50091743,0.00000000,0.00000000,0.00000000,59.8689384,3.25000000,0.00000000,0.307248393E-02,0.00000000,0.00000000,0.306307268E-02,0.307248393E-02,1.00000000,271.080383,-2.61639404,735.399719,1353.00000,77.3442383,0.100000001,0.129292114E-02,0.239999935,0.239999935,275.999908,0.211111099,0.00000000
1,1,urban_thin_snow,7,60.0000000,1,F,T,0,0,F,17,15,0.500000000,28,19,0,1004.50000,0.285714298,9.81000042,2500000.00,0.567051011E-07,1.00000000,13,6,1.00000000,0.00000000,281.000000,5.00000000,40.0000000,12.0000000,0.100000001,1.00000000,265.000000,180.000000,0.899999961E-02,0.800000038E-02,8.00000000,0.180000007,80.0000000,95000.0000,270.000000,0.240000011E-02,0.999999975E-05,1.10000002,3.00000000,0.120000001E-01,0.300000012,0.199999996E-01,0.460000008,0.180000007,0.879999995,1.00000000,0.643939376,0.00000000,0.00000000,0.500000000,270.500000,0.00000000,0.00000000,0.00000000,7.50000000,2.00000000,1.00000000,4.00000000,0.00000000,3.25000000,0.250000000,0.260000001E-02,0.499999987E-04,0.00000000,0.00000000,0.00000000,1.00000000,270.000000,0.00000000,0.00000000,0.00000000,0.00000000,0.00000000,0.500000000,0.244000003,0.244000003,277.000000,0.00000000,0.00000000,3.09831834,0.126756644E-01,0.967776179E-01,0.211680289E-01,0.460000008,0.460000008,0.980000019,1.00000000,0.678342283,0.722558005E-02,0.500000000,0.500000000,269.986816,-0.106810473,0.764681954E-05,21.6787338,7.50091743,0.00000000,0.00000000,0.00000000,59.8689384,3.25000000,0.00000000,0.307248393E-02,0.00000000,0.00000000,0.306307268E-02,0.307248393E-02,1.00000000,271.080383,-2.61639404,735.399719,1353.00000,77.3442383,0.100000001,0.129292114E-02,0.243999943,0.243999943,276.999939,0.215555549,0.00000000
1,1,urban_thin_snow,8,60.0000000,1,F,T,0,0,F,17,15,0.500000000,28,19,0,1004.50000,0.285714298,9.81000042,2500000.00,0.567051011E-07,1.60000002,13,6,1.00000000,0.00000000,281.000000,5.00000000,40.0000000,12.0000000,0.100000001,1.00000000,265.000000,180.000000,0.899999961E-02,0.800000038E-02,8.00000000,0.180000007,80.0000000,95000.0000,270.000000,0.240000011E-02,0.999999975E-05,1.10000002,3.00000000,0.120000001E-01,0.300000012,0.199999996E-01,0.460000008,0.180000007,0.879999995,1.00000000,0.643939376,0.00000000,0.00000000,0.500000000,270.500000,0.00000000,0.00000000,0.00000000,7.50000000,2.00000000,1.00000000,4.00000000,0.00000000,3.25000000,0.250000000,0.260000001E-02,0.499999987E-04,0.00000000,0.00000000,0.00000000,1.00000000,270.000000,0.00000000,0.00000000,0.00000000,0.00000000,0.00000000,0.500000000,0.247999996,0.247999996,278.000000,0.00000000,0.00000000,3.09831834,0.126756644E-01,0.967776179E-01,0.211680289E-01,0.460000008,0.460000008,0.980000019,1.00000000,0.678342283,0.722558005E-02,0.500000000,0.500000000,269.986816,-0.106810473,0.764681954E-05,21.6787338,7.50091743,0.00000000,0.00000000,0.00000000,59.8689384,3.25000000,0.00000000,0.307248393E-02,0.00000000,0.00000000,0.306307268E-02,0.307248393E-02,1.00000000,271.080383,-2.61639404,735.399719,1353.00000,77.3442383,0.100000001,0.129292114E-02,0.247999951,0.247999951,277.999939,0.219999984,0.00000000
1,1,urban_thin_snow,9,60.0000000,1,F,T,0,0,F,17,15,0.500000000,28,19,0,1004.50000,0.285714298,9.81000042,2500000.00,0.567051011E-07,3.00000000,13,6,1.00000000,0.00000000,281.000000,5.00000000,40.0000000,12.0000000,0.100000001,1.00000000,265.000000,180.000000,0.899999961E-02,0.800000038E-02,8.00000000,0.180000007,80.0000000,95000.0000,270.000000,0.240000011E-02,0.999999975E-05,1.10000002,3.00000000,0.120000001E-01,0.300000012,0.199999996E-01,0.460000008,0.180000007,0.879999995,1.00000000,0.643939376,0.00000000,0.00000000,0.500000000,270.500000,0.00000000,0.00000000,0.00000000,7.50000000,2.00000000,1.00000000,4.00000000,0.00000000,3.25000000,0.250000000,0.260000001E-02,0.499999987E-04,0.00000000,0.00000000,0.00000000,1.00000000,270.000000,0.00000000,0.00000000,0.00000000,0.00000000,0.00000000,0.500000000,0.252000004,0.252000004,279.000000,0.00000000,0.00000000,3.09831834,0.126756644E-01,0.967776179E-01,0.211680289E-01,0.460000008,0.460000008,0.980000019,1.00000000,0.678342283,0.722558005E-02,0.500000000,0.500000000,269.986816,-0.106810473,0.764681954E-05,21.6787338,7.50091743,0.00000000,0.00000000,0.00000000,59.8689384,3.25000000,0.00000000,0.307248393E-02,0.00000000,0.00000000,0.306307268E-02,0.307248393E-02,1.00000000,271.080383,-2.61639404,735.399719,1353.00000,77.3442383,0.100000001,0.129292114E-02,0.252000004,0.252000004,281.000000,0.224444449,0.00000000
1,1,mixed_forest_melt,1,60.0000000,1,F,T,0,0,F,17,15,0.500000000,28,19,0,1004.50000,0.285714298,9.81000042,2500000.00,0.567051011E-07,0.00000000,5,7,1.00000000,0.00000000,283.000000,20.0000000,90.0000000,64.0000000,0.500000000,0.00000000,305.000000,330.000000,0.130000003E-01,0.120000001E-01,12.0000000,0.129999995,80.0000000,95000.0000,277.500000,0.480000023E-02,0.00000000,1.10000002,25.0000000,0.100000001,0.800000012,0.100000001,0.529999971,0.129999995,0.939999998,5.50000000,0.831168830,0.00000000,0.00000000,0.800000012,277.000000,0.00000000,0.00000000,0.00000000,7.50000000,2.00000000,1.00000000,4.00000000,0.00000000,3.25000000,0.250000000,0.499999989E-02,0.599999985E-04,0.00000000,0.00000000,0.00000000,1.00000000,276.000000,0.00000000,0.00000000,0.00000000,0.00000000,0.00000000,0.500000000,0.259999990,0.259999990,277.000000,0.00000000,0.00000000,24.9901505,0.999501944E-01,0.780762076,0.174328059,0.529999971,0.392304808,0.971230507,5.31428576,1.00000000,0.108166067E-01,0.800000012,0.800000012,276.897766,-7.30404663,0.364879975E-05,10.3443470,7.50043774,0.119581133,0.00000000,0.119581133,0.670182765,3.25000000,0.997500308E-02,0.523348013E-02,0.00000000,0.00000000,0.520623336E-02,0.523348013E-02,1.00000000,277.150665,2.31243896,874.565857,1260.00000,-1000.00000,0.00000000,0.00000000,0.313724667,0.259999990,274.027100,0.213333309,0.00000000
1,1,mixed_forest_melt,2,60.0000000,1,F,T,0,0,F,17,15,0.500000000,28,19,0,1004.50000,0.285714298,9.81000042,2500000.00,0.567051011E-07,0.999999978E-02,5,7,1.00000000,0.00000000,283.000000,20.0000000,90.0000000,64.0000000,0.500000000,0.00000000,305.000000,330.000000,0.130000003E-01,0.120000001E-01,12.0000000,0.129999995,80.0000000,95000.0000,277.500000,0.480000023E-02,0.00000000,1.10000002,25.0000000,0.100000001,0.800000012,0.100000001,0.529999971,0.129999995,0.939999998,5.50000000,0.831168830,0.00000000,0.00000000,0.800000012,277.000000,0.00000000,0.00000000,0.00000000,7.50000000,2.00000000,1.00000000,4.00000000,0.00000000,3.25000000,0.250000000,0.499999989E-02,0.599999985E-04,0.00000000,0.00000000,0.00000000,1.00000000,276.000000,0.00000000,0.00000000,0.00000000,0.00000000,0.00000000,0.500000000,0.264999986,0.264999986,277.700012,0.00000000,0.00000000,24.9901505,0.999501944E-01,0.780762076,0.174328059,0.529999971,0.392304808,0.971230507,5.31428576,1.00000000,0.108166067E-01,0.800000012,0.800000012,276.897766,-7.30404663,0.364879975E-05,10.3443470,7.50043774,0.119581133,0.00000000,0.119581133,0.670182765,3.25000000,0.997500308E-02,0.523348013E-02,0.00000000,0.00000000,0.520623336E-02,0.523348013E-02,1.00000000,277.150665,2.31243896,874.565857,1260.00000,-1000.00000,0.00000000,0.00000000,0.267421901,0.264999986,277.612457,0.218888864,0.00000000
1,1,mixed_forest_melt,3,60.0000000,1,F,T,0,0,F,17,15,0.500000000,28,19,0,1004.50000,0.285714298,9.81000042,2500000.00,0.567051011E-07,0.399999991E-01,5,7,1.00000000,0.00000000,283.000000,20.0000000,90.0000000,64.0000000,0.500000000,0.00000000,305.000000,330.000000,0.130000003E-01,0.120000001E-01,12.0000000,0.129999995,80.0000000,95000.0000,277.500000,0.480000023E-02,0.00000000,1.10000002,25.0000000,0.100000001,0.800000012,0.100000001,0.529999971,0.129999995,0.939999998,5.50000000,0.831168830,0.00000000,0.00000000,0.800000012,277.000000,0.00000000,0.00000000,0.00000000,7.50000000,2.00000000,1.00000000,4.00000000,0.00000000,3.25000000,0.250000000,0.499999989E-02,0.599999985E-04,0.00000000,0.00000000,0.00000000,1.00000000,276.000000,0.00000000,0.00000000,0.00000000,0.00000000,0.00000000,0.500000000,0.269999981,0.269999981,278.399994,0.00000000,0.00000000,24.9901505,0.999501944E-01,0.780762076,0.174328059,0.529999971,0.392304808,0.971230507,5.31428576,1.00000000,0.108166067E-01,0.800000012,0.800000012,276.897766,-7.30404663,0.364879975E-05,10.3443470,7.50043774,0.119581133,0.00000000,0.119581133,0.670182765,3.25000000,0.997500308E-02,0.523348013E-02,0.00000000,0.00000000,0.520623336E-02,0.523348013E-02,1.00000000,277.150665,2.31243896,874.565857,1260.00000,-1000.00000,0.00000000,0.00000000,0.270004928,0.269999981,278.385223,0.224444404,0.00000000
1,1,mixed_forest_melt,4,60.0000000,1,F,T,0,0,F,17,15,0.500000000,28,19,0,1004.50000,0.285714298,9.81000042,2500000.00,0.567051011E-07,0.100000001,5,7,1.00000000,0.00000000,283.000000,20.0000000,90.0000000,64.0000000,0.500000000,0.00000000,305.000000,330.000000,0.130000003E-01,0.120000001E-01,12.0000000,0.129999995,80.0000000,95000.0000,277.500000,0.480000023E-02,0.00000000,1.10000002,25.0000000,0.100000001,0.800000012,0.100000001,0.529999971,0.129999995,0.939999998,5.50000000,0.831168830,0.00000000,0.00000000,0.800000012,277.000000,0.00000000,0.00000000,0.00000000,7.50000000,2.00000000,1.00000000,4.00000000,0.00000000,3.25000000,0.250000000,0.499999989E-02,0.599999985E-04,0.00000000,0.00000000,0.00000000,1.00000000,276.000000,0.00000000,0.00000000,0.00000000,0.00000000,0.00000000,0.500000000,0.274999976,0.274999976,279.100006,0.00000000,0.00000000,24.9901505,0.999501944E-01,0.780762076,0.174328059,0.529999971,0.392304808,0.971230507,5.31428576,1.00000000,0.108166067E-01,0.800000012,0.800000012,276.897766,-7.30404663,0.364879975E-05,10.3443470,7.50043774,0.119581133,0.00000000,0.119581133,0.670182765,3.25000000,0.997500308E-02,0.523348013E-02,0.00000000,0.00000000,0.520623336E-02,0.523348013E-02,1.00000000,277.150665,2.31243896,874.565857,1260.00000,-1000.00000,0.00000000,0.00000000,0.274993360,0.274993360,279.096741,0.229999959,0.00000000
1,1,mixed_forest_melt,5,60.0000000,1,F,T,0,0,F,17,15,0.500000000,28,19,0,1004.50000,0.285714298,9.81000042,2500000.00,0.567051011E-07,0.300000012,5,7,1.00000000,0.00000000,283.000000,20.0000000,90.0000000,64.0000000,0.500000000,0.00000000,305.000000,330.000000,0.130000003E-01,0.120000001E-01,12.0000000,0.129999995,80.0000000,95000.0000,277.500000,0.480000023E-02,0.00000000,1.10000002,25.0000000,0.100000001,0.800000012,0.100000001,0.529999971,0.129999995,0.939999998,5.50000000,0.831168830,0.00000000,0.00000000,0.800000012,277.000000,0.00000000,0.00000000,0.00000000,7.50000000,2.00000000,1.00000000,4.00000000,0.00000000,3.25000000,0.250000000,0.499999989E-02,0.599999985E-04,0.00000000,0.00000000,0.00000000,1.00000000,276.000000,0.00000000,0.00000000,0.00000000,0.00000000,0.00000000,0.500000000,0.280000001,0.280000001,279.799988,0.00000000,0.00000000,24.9901505,0.999501944E-01,0.780762076,0.174328059,0.529999971,0.392304808,0.971230507,5.31428576,1.00000000,0.108166067E-01,0.800000012,0.800000012,276.897766,-7.30404663,0.364879975E-05,10.3443470,7.50043774,0.119581133,0.00000000,0.119581133,0.670182765,3.25000000,0.997500308E-02,0.523348013E-02,0.00000000,0.00000000,0.520623336E-02,0.523348013E-02,1.00000000,277.150665,2.31243896,874.565857,1260.00000,-1000.00000,0.00000000,0.00000000,0.279999554,0.279999554,279.799774,0.235555544,0.00000000
1,1,mixed_forest_melt,6,60.0000000,1,F,T,0,0,F,17,15,0.500000000,28,19,0,1004.50000,0.285714298,9.81000042,2500000.00,0.567051011E-07,0.600000024,5,7,1.00000000,0.00000000,283.000000,20.0000000,90.0000000,64.0000000,0.500000000,0.00000000,305.000000,330.000000,0.130000003E-01,0.120000001E-01,12.0000000,0.129999995,80.0000000,95000.0000,277.500000,0.480000023E-02,0.00000000,1.10000002,25.0000000,0.100000001,0.800000012,0.100000001,0.529999971,0.129999995,0.939999998,5.50000000,0.831168830,0.00000000,0.00000000,0.800000012,277.000000,0.00000000,0.00000000,0.00000000,7.50000000,2.00000000,1.00000000,4.00000000,0.00000000,3.25000000,0.250000000,0.499999989E-02,0.599999985E-04,0.00000000,0.00000000,0.00000000,1.00000000,276.000000,0.00000000,0.00000000,0.00000000,0.00000000,0.00000000,0.500000000,0.284999996,0.284999996,280.500000,0.00000000,0.00000000,24.9901505,0.999501944E-01,0.780762076,0.174328059,0.529999971,0.392304808,0.971230507,5.31428576,1.00000000,0.108166067E-01,0.800000012,0.800000012,276.897766,-7.30404663,0.364879975E-05,10.3443470,7.50043774,0.119581133,0.00000000,0.119581133,0.670182765,3.25000000,0.997500308E-02,0.523348013E-02,0.00000000,0.00000000,0.520623336E-02,0.523348013E-02,1.00000000,277.150665,2.31243896,874.565857,1260.00000,-1000.00000,0.00000000,0.00000000,0.284999788,0.284999788,280.499908,0.241111100,0.00000000
1,1,mixed_forest_melt,7,60.0000000,1,F,T,0,0,F,17,15,0.500000000,28,19,0,1004.50000,0.285714298,9.81000042,2500000.00,0.567051011E-07,1.00000000,5,7,1.00000000,0.00000000,283.000000,20.0000000,90.0000000,64.0000000,0.500000000,0.00000000,305.000000,330.000000,0.130000003E-01,0.120000001E-01,12.0000000,0.129999995,80.0000000,95000.0000,277.500000,0.480000023E-02,0.00000000,1.10000002,25.0000000,0.100000001,0.800000012,0.100000001,0.529999971,0.129999995,0.939999998,5.50000000,0.831168830,0.00000000,0.00000000,0.800000012,277.000000,0.00000000,0.00000000,0.00000000,7.50000000,2.00000000,1.00000000,4.00000000,0.00000000,3.25000000,0.250000000,0.499999989E-02,0.599999985E-04,0.00000000,0.00000000,0.00000000,1.00000000,276.000000,0.00000000,0.00000000,0.00000000,0.00000000,0.00000000,0.500000000,0.289999992,0.289999992,281.200012,0.00000000,0.00000000,24.9901505,0.999501944E-01,0.780762076,0.174328059,0.529999971,0.392304808,0.971230507,5.31428576,1.00000000,0.108166067E-01,0.800000012,0.800000012,276.897766,-7.30404663,0.364879975E-05,10.3443470,7.50043774,0.119581133,0.00000000,0.119581133,0.670182765,3.25000000,0.997500308E-02,0.523348013E-02,0.00000000,0.00000000,0.520623336E-02,0.523348013E-02,1.00000000,277.150665,2.31243896,874.565857,1260.00000,-1000.00000,0.00000000,0.00000000,0.289999723,0.289999723,281.199951,0.246666640,0.00000000
1,1,mixed_forest_melt,8,60.0000000,1,F,T,0,0,F,17,15,0.500000000,28,19,0,1004.50000,0.285714298,9.81000042,2500000.00,0.567051011E-07,1.60000002,5,7,1.00000000,0.00000000,283.000000,20.0000000,90.0000000,64.0000000,0.500000000,0.00000000,305.000000,330.000000,0.130000003E-01,0.120000001E-01,12.0000000,0.129999995,80.0000000,95000.0000,277.500000,0.480000023E-02,0.00000000,1.10000002,25.0000000,0.100000001,0.800000012,0.100000001,0.529999971,0.129999995,0.939999998,5.50000000,0.831168830,0.00000000,0.00000000,0.800000012,277.000000,0.00000000,0.00000000,0.00000000,7.50000000,2.00000000,1.00000000,4.00000000,0.00000000,3.25000000,0.250000000,0.499999989E-02,0.599999985E-04,0.00000000,0.00000000,0.00000000,1.00000000,276.000000,0.00000000,0.00000000,0.00000000,0.00000000,0.00000000,0.500000000,0.294999987,0.294999987,281.899994,0.00000000,0.00000000,24.9901505,0.999501944E-01,0.780762076,0.174328059,0.529999971,0.392304808,0.971230507,5.31428576,1.00000000,0.108166067E-01,0.800000012,0.800000012,276.897766,-7.30404663,0.364879975E-05,10.3443470,7.50043774,0.119581133,0.00000000,0.119581133,0.670182765,3.25000000,0.997500308E-02,0.523348013E-02,0.00000000,0.00000000,0.520623336E-02,0.523348013E-02,1.00000000,277.150665,2.31243896,874.565857,1260.00000,-1000.00000,0.00000000,0.00000000,0.294999719,0.294999719,281.899963,0.252222180,0.00000000
1,1,mixed_forest_melt,9,60.0000000,1,F,T,0,0,F,17,15,0.500000000,28,19,0,1004.50000,0.285714298,9.81000042,2500000.00,0.567051011E-07,3.00000000,5,7,1.00000000,0.00000000,283.000000,20.0000000,90.0000000,64.0000000,0.500000000,0.00000000,305.000000,330.000000,0.130000003E-01,0.120000001E-01,12.0000000,0.129999995,80.0000000,95000.0000,277.500000,0.480000023E-02,0.00000000,1.10000002,25.0000000,0.100000001,0.800000012,0.100000001,0.529999971,0.129999995,0.939999998,5.50000000,0.831168830,0.00000000,0.00000000,0.800000012,277.000000,0.00000000,0.00000000,0.00000000,7.50000000,2.00000000,1.00000000,4.00000000,0.00000000,3.25000000,0.250000000,0.499999989E-02,0.599999985E-04,0.00000000,0.00000000,0.00000000,1.00000000,276.000000,0.00000000,0.00000000,0.00000000,0.00000000,0.00000000,0.500000000,0.299999982,0.299999982,282.600006,0.00000000,0.00000000,24.9901505,0.999501944E-01,0.780762076,0.174328059,0.529999971,0.392304808,0.971230507,5.31428576,1.00000000,0.108166067E-01,0.800000012,0.800000012,276.897766,-7.30404663,0.364879975E-05,10.3443470,7.50043774,0.119581133,0.00000000,0.119581133,0.670182765,3.25000000,0.997500308E-02,0.523348013E-02,0.00000000,0.00000000,0.520623336E-02,0.523348013E-02,1.00000000,277.150665,2.31243896,874.565857,1260.00000,-1000.00000,0.00000000,0.00000000,0.299999982,0.299999982,283.000000,0.257777750,0.00000000
1,1,savanna_wet,1,60.0000000,1,F,T,0,0,F,17,15,0.500000000,28,19,0,1004.50000,0.285714298,9.81000042,2500000.00,0.567051011E-07,0.00000000,9,9,1.00000000,0.200000003,289.000000,10.0000000,70.0000000,48.0000000,3.00000000,0.00000000,360.000000,470.000000,0.160000008E-01,0.149999997E-01,15.0000000,0.200000003,80.0000000,95000.0000,292.000000,0.138999997E-01,0.299999992E-04,1.10000002,0.00000000,0.00000000,0.00000000,0.180000007,0.500000000,0.200000003,0.920000017,3.66000009,1.00000000,0.00000000,0.00000000,0.150000006,294.000000,0.00000000,0.00000000,0.00000000,7.50000000,2.00000000,1.00000000,4.00000000,0.00000000,3.25000000,0.250000000,0.149999997E-01,0.999999975E-04,0.00000000,0.00000000,0.00000000,1.00000000,293.000000,0.00000000,0.00000000,0.00000000,0.00000000,0.00000000,0.500000000,0.379999995,0.00000000,293.000000,1.00000000,0.00000000,0.00000000,0.00000000,0.00000000,0.472223848,0.500000000,0.200000003,0.920000017,3.34466672,1.00000000,0.134185990E-01,0.150000006,0.150000006,293.280548,19.2668343,0.179476683E-04,44.8691711,7.50215340,2.31143498,0.00000000,2.31143498,-87.5584946,3.25000000,0.00000000,0.154290507E-01,0.00000000,0.00000000,0.151946126E-01,0.154290507E-01,1.00000000,293.000000,20.3500061,1215.70386,1353.00000,-1000.00000,0.00000000,0.00000000,0.397624493,0.379999995,293.280548,0.366666645,0.00000000
1,1,savanna_wet,2,60.0000000,1,F,T,0,0,F,17,15,0.500000000,28,19,0,1004.50000,0.285714298,9.81000042,2500000.00,0.567051011E-07,0.999999978E-02,9,9,1.00000000,0.200000003,289.000000,10.0000000,70.0000000,48.0000000,3.00000000,0.00000000,360.000000,470.000000,0.160000008E-01,0.149999997E-01,15.0000000,0.200000003,80.0000000,95000.0000,292.000000,0.138999997E-01,0.299999992E-04,1.10000002,0.00000000,0.00000000,0.00000000,0.180000007,0.500000000,0.200000003,0.920000017,3.66000009,1.00000000,0.00000000,0.00000000,0.150000006,294.000000,0.00000000,0.00000000,0.00000000,7.50000000,2.00000000,1.00000000,4.00000000,0.00000000,3.25000000,0.250000000,0.149999997E-01,0.999999975E-04,0.00000000,0.00000000,0.00000000,1.00000000,293.000000,0.00000000,0.00000000,0.00000000,0.00000000,0.00000000,0.500000000,0.384000003,0.00000000,292.600006,1.00000000,0.00000000,0.00000000,0.00000000,0.00000000,0.472223848,0.500000000,0.200000003,0.920000017,3.34466672,1.00000000,0.134185990E-01,0.150000006,0.150000006,293.280548,19.2668343,0.179476683E-04,44.8691711,7.50215340,2.31143498,0.00000000,2.31143498,-87.5584946,3.25000000,0.00000000,0.154290507E-01,0.00000000,0.00000000,0.151946126E-01,0.154290507E-01,1.00000000,293.000000,20.3500061,1215.70386,1353.00000,-1000.00000,0.00000000,0.00000000,0.393482864,0.384000003,292.668793,0.371111095,0.00000000
1,1,savanna_wet,3,60.0000000,1,F,T,0,0,F,17,15,0.500000000,28,19,0,1004.50000,0.285714298,9.81000042,2500000.00,0.567051011E-07,0.399999991E-01,9,9,1.00000000,0.200000003,289.000000,10.0000000,70.0000000,48.0000000,3.00000000,0.00000000,360.000000,470.000000,0.160000008E-01,0.149999997E-01,15.0000000,0.200000003,80.0000000,95000.0000,292.000000,0.138999997E-01,0.299999992E-04,1.10000002,0.00000000,0.00000000,0.00000000,0.180000007,0.500000000,0.200000003,0.920000017,3.66000009,1.00000000,0.00000000,0.00000000,0.150000006,294.000000,0.00000000,0.00000000,0.00000000,7.50000000,2.00000000,1.00000000,4.00000000,0.00000000,3.25000000,0.250000000,0.149999997E-01,0.999999975E-04,0.00000000,0.00000000,0.00000000,1.00000000,293.000000,0.00000000,0.00000000,0.00000000,0.00000000,0.00000000,0.500000000,0.387999982,0.00000000,292.200012,1.00000000,0.00000000,0.00000000,0.00000000,0.00000000,0.472223848,0.500000000,0.200000003,0.920000017,3.34466672,1.00000000,0.134185990E-01,0.150000006,0.150000006,293.280548,19.2668343,0.179476683E-04,44.8691711,7.50215340,2.31143498,0.00000000,2.31143498,-87.5584946,3.25000000,0.00000000,0.154290507E-01,0.00000000,0.00000000,0.151946126E-01,0.154290507E-01,1.00000000,293.000000,20.3500061,1215.70386,1353.00000,-1000.00000,0.00000000,0.00000000,0.390160918,0.387999982,292.206451,0.375555515,0.00000000
1,1,savanna_wet,4,60.0000000,1,F,T,0,0,F,17,15,0.500000000,28,19,0,1004.50000,0.285714298,9.81000042,2500000.00,0.567051011E-07,0.100000001,9,9,1.00000000,0.200000003,289.000000,10.0000000,70.0000000,48.0000000,3.00000000,0.00000000,360.000000,470.000000,0.160000008E-01,0.149999997E-01,15.0000000,0.200000003,80.0000000,95000.0000,292.000000,0.138999997E-01,0.299999992E-04,1.10000002,0.00000000,0.00000000,0.00000000,0.180000007,0.500000000,0.200000003,0.920000017,3.66000009,1.00000000,0.00000000,0.00000000,0.150000006,294.000000,0.00000000,0.00000000,0.00000000,7.50000000,2.00000000,1.00000000,4.00000000,0.00000000,3.25000000,0.250000000,0.149999997E-01,0.999999975E-04,0.00000000,0.00000000,0.00000000,1.00000000,293.000000,0.00000000,0.00000000,0.00000000,0.00000000,0.00000000,0.500000000,0.391999990,0.00000000,291.799988,1.00000000,0.00000000,0.00000000,0.00000000,0.00000000,0.472223848,0.500000000,0.200000003,0.920000017,3.34466672,1.00000000,0.134185990E-01,0.150000006,0.150000006,293.280548,19.2668343,0.179476683E-04,44.8691711,7.50215340,2.31143498,0.00000000,2.31143498,-87.5584946,3.25000000,0.00000000,0.154290507E-01,0.00000000,0.00000000,0.151946126E-01,0.154290507E-01,1.00000000,293.000000,20.3500061,1215.70386,1353.00000,-1000.00000,0.00000000,0.00000000,0.391900599,0.391900599,291.801361,0.379999965,0.00000000
1,1,savanna_wet,5,60.0000000,1,F,T,0,0,F,17,15,0.500000000,28,19,0,1004.50000,0.285714298,9.81000042,2500000.00,0.567051011E-07,0.300000012,9,9,1.00000000,0.200000003,289.000000,10.0000000,70.0000000,48.0000000,3.00000000,0.00000000,360.000000,470.000000,0.160000008E-01,0.149999997E-01,15.0000000,0.200000003,80.0000000,95000.0000,292.000000,0.138999997E-01,0.299999992E-04,1.10000002,0.00000000,0.00000000,0.00000000,0.180000007,0.500000000,0.200000003,0.920000017,3.66000009,1.00000000,0.00000000,0.00000000,0.150000006,294.000000,0.00000000,0.00000000,0.00000000,7.50000000,2.00000000,1.00000000,4.00000000,0.00000000,3.25000000,0.250000000,0.149999997E-01,0.999999975E-04,0.00000000,0.00000000,0.00000000,1.00000000,293.000000,0.00000000,0.00000000,0.00000000,0.00000000,0.00000000,0.500000000,0.395999998,0.00000000,291.399994,1.00000000,0.00000000,0.00000000,0.00000000,0.00000000,0.472223848,0.500000000,0.200000003,0.920000017,3.34466672,1.00000000,0.134185990E-01,0.150000006,0.150000006,293.280548,19.2668343,0.179476683E-04,44.8691711,7.50215340,2.31143498,0.00000000,2.31143498,-87.5584946,3.25000000,0.00000000,0.154290507E-01,0.00000000,0.00000000,0.151946126E-01,0.154290507E-01,1.00000000,293.000000,20.3500061,1215.70386,1353.00000,-1000.00000,0.00000000,0.00000000,0.395945400,0.395945400,291.400085,0.384444416,0.00000000
1,1,savanna_wet,6,60.0000000,1,F,T,0,0,F,17,15,0.500000000,28,19,0,1004.50000,0.285714298,9.81000042,2500000.00,0.567051011E-07,0.600000024,9,9,1.00000000,0.200000003,289.000000,10.0000000,70.0000000,48.0000000,3.00000000,0.00000000,360.000000,470.000000,0.160000008E-01,0.149999997E-01,15.0000000,0.200000003,80.0000000,95000.0000,292.000000,0.138999997E-01,0.299999992E-04,1.10000002,0.00000000,0.00000000,0.00000000,0.180000007,0.500000000,0.200000003,0.920000017,3.66000009,1.00000000,0.00000000,0.00000000,0.150000006,294.000000,0.00000000,0.00000000,0.00000000,7.50000000,2.00000000,1.00000000,4.00000000,0.00000000,3.25000000,0.250000000,0.149999997E-01,0.999999975E-04,0.00000000,0.00000000,0.00000000,1.00000000,293.000000,0.00000000,0.00000000,0.00000000,0.00000000,0.00000000,0.500000000,0.400000006,0.00000000,291.000000,1.00000000,0.00000000,0.00000000,0.00000000,0.00000000,0.472223848,0.500000000,0.200000003,0.920000017,3.34466672,1.00000000,0.134185990E-01,0.150000006,0.150000006,293.280548,19.2668343,0.179476683E-04,44.8691711,7.50215340,2.31143498,0.00000000,2.31143498,-87.5584946,3.25000000,0.00000000,0.154290507E-01,0.00000000,0.00000000,0.151946126E-01,0.154290507E-01,1.00000000,293.000000,20.3500061,1215.70386,1353.00000,-1000.00000,0.00000000,0.00000000,0.399964154,0.399964154,291.000031,0.388888866,0.00000000
1,1,savanna_wet,7,60.0000000,1,F,T,0,0,F,17,15,0.500000000,28,19,0,1004.50000,0.285714298,9.81000042,2500000.00,0.567051011E-07,1.00000000,9,9,1.00000000,0.200000003,289.000000,10.0000000,70.0000000,48.0000000,3.00000000,0.00000000,360.000000,470.000000,0.160000008E-01,0.149999997E-01,15.0000000,0.200000003,80.0000000,95000.0000,292.000000,0.138999997E-01,0.299999992E-04,1.10000002,0.00000000,0.00000000,0.00000000,0.180000007,0.500000000,0.200000003,0.920000017,3.66000009,1.00000000,0.00000000,0.00000000,0.150000006,294.000000,0.00000000,0.00000000,0.00000000,7.50000000,2.00000000,1.00000000,4.00000000,0.00000000,3.25000000,0.250000000,0.149999997E-01,0.999999975E-04,0.00000000,0.00000000,0.00000000,1.00000000,293.000000,0.00000000,0.00000000,0.00000000,0.00000000,0.00000000,0.500000000,0.403999984,0.00000000,290.600006,1.00000000,0.00000000,0.00000000,0.00000000,0.00000000,0.472223848,0.500000000,0.200000003,0.920000017,3.34466672,1.00000000,0.134185990E-01,0.150000006,0.150000006,293.280548,19.2668343,0.179476683E-04,44.8691711,7.50215340,2.31143498,0.00000000,2.31143498,-87.5584946,3.25000000,0.00000000,0.154290507E-01,0.00000000,0.00000000,0.151946126E-01,0.154290507E-01,1.00000000,293.000000,20.3500061,1215.70386,1353.00000,-1000.00000,0.00000000,0.00000000,0.403971016,0.403971016,290.600006,0.393333286,0.00000000
1,1,savanna_wet,8,60.0000000,1,F,T,0,0,F,17,15,0.500000000,28,19,0,1004.50000,0.285714298,9.81000042,2500000.00,0.567051011E-07,1.60000002,9,9,1.00000000,0.200000003,289.000000,10.0000000,70.0000000,48.0000000,3.00000000,0.00000000,360.000000,470.000000,0.160000008E-01,0.149999997E-01,15.0000000,0.200000003,80.0000000,95000.0000,292.000000,0.138999997E-01,0.299999992E-04,1.10000002,0.00000000,0.00000000,0.00000000,0.180000007,0.500000000,0.200000003,0.920000017,3.66000009,1.00000000,0.00000000,0.00000000,0.150000006,294.000000,0.00000000,0.00000000,0.00000000,7.50000000,2.00000000,1.00000000,4.00000000,0.00000000,3.25000000,0.250000000,0.149999997E-01,0.999999975E-04,0.00000000,0.00000000,0.00000000,1.00000000,293.000000,0.00000000,0.00000000,0.00000000,0.00000000,0.00000000,0.500000000,0.407999992,0.00000000,290.200012,1.00000000,0.00000000,0.00000000,0.00000000,0.00000000,0.472223848,0.500000000,0.200000003,0.920000017,3.34466672,1.00000000,0.134185990E-01,0.150000006,0.150000006,293.280548,19.2668343,0.179476683E-04,44.8691711,7.50215340,2.31143498,0.00000000,2.31143498,-87.5584946,3.25000000,0.00000000,0.154290507E-01,0.00000000,0.00000000,0.151946126E-01,0.154290507E-01,1.00000000,293.000000,20.3500061,1215.70386,1353.00000,-1000.00000,0.00000000,0.00000000,0.407982469,0.407982469,290.200012,0.397777736,0.00000000
1,1,savanna_wet,9,60.0000000,1,F,T,0,0,F,17,15,0.500000000,28,19,0,1004.50000,0.285714298,9.81000042,2500000.00,0.567051011E-07,3.00000000,9,9,1.00000000,0.200000003,289.000000,10.0000000,70.0000000,48.0000000,3.00000000,0.00000000,360.000000,470.000000,0.160000008E-01,0.149999997E-01,15.0000000,0.200000003,80.0000000,95000.0000,292.000000,0.138999997E-01,0.299999992E-04,1.10000002,0.00000000,0.00000000,0.00000000,0.180000007,0.500000000,0.200000003,0.920000017,3.66000009,1.00000000,0.00000000,0.00000000,0.150000006,294.000000,0.00000000,0.00000000,0.00000000,7.50000000,2.00000000,1.00000000,4.00000000,0.00000000,3.25000000,0.250000000,0.149999997E-01,0.999999975E-04,0.00000000,0.00000000,0.00000000,1.00000000,293.000000,0.00000000,0.00000000,0.00000000,0.00000000,0.00000000,0.500000000,0.412000000,0.00000000,289.799988,1.00000000,0.00000000,0.00000000,0.00000000,0.00000000,0.472223848,0.500000000,0.200000003,0.920000017,3.34466672,1.00000000,0.134185990E-01,0.150000006,0.150000006,293.280548,19.2668343,0.179476683E-04,44.8691711,7.50215340,2.31143498,0.00000000,2.31143498,-87.5584946,3.25000000,0.00000000,0.154290507E-01,0.00000000,0.00000000,0.151946126E-01,0.154290507E-01,1.00000000,293.000000,20.3500061,1215.70386,1353.00000,-1000.00000,0.00000000,0.00000000,0.412000000,0.412000000,289.000000,0.402222186,0.00000000
1,1,tundra_snow_free,1,60.0000000,1,F,T,0,0,F,17,15,0.500000000,28,19,0,1004.50000,0.285714298,9.81000042,2500000.00,0.567051011E-07,0.00000000,20,2,1.00000000,0.00000000,277.000000,5.00000000,60.0000000,30.0000000,0.00000000,0.00000000,240.000000,200.000000,0.999999978E-02,0.899999961E-02,9.00000000,0.150000006,80.0000000,95000.0000,265.500000,0.179999997E-02,0.00000000,1.10000002,0.00000000,0.00000000,0.00000000,0.00000000,0.750000000,0.150000006,0.899999976,3.34999990,1.00000000,0.00000000,0.00000000,0.599999987E-01,265.000000,0.00000000,0.00000000,0.00000000,7.50000000,2.00000000,1.00000000,4.00000000,0.00000000,3.25000000,0.250000000,0.200000009E-02,0.00000000,0.00000000,0.00000000,0.00000000,1.00000000,265.000000,0.00000000,0.00000000,0.00000000,0.00000000,0.00000000,0.500000000,0.200000003,0.498411618E-01,266.000000,0.166843146,0.00000000,0.00000000,0.00000000,0.00000000,0.00000000,0.750000000,0.150000006,0.899999976,2.88090897,1.00000000,0.813286752E-02,0.599999987E-01,0.599999987E-01,265.620239,1.09647143,0.197459212E-05,4.93648052,7.50023651,0.00000000,0.00000000,0.00000000,276.320923,3.25000000,0.00000000,0.211302075E-02,0.00000000,0.00000000,0.210856530E-02,0.211302075E-02,1.00000000,265.000000,-7.64999390,713.090515,1230.00000,-1000.00000,0.00000000,0.00000000,0.199972928,0.492396764E-01,265.620239,0.166843161,0.00000000
1,1,tundra_snow_free,2,60.0000000,1,F,T,0,0,F,17,15,0.500000000,28,19,0,1004.50000,0.285714298,9.81000042,2500000.00,0.567051011E-07,0.999999978E-02,20,2,1.00000000,0.00000000,277.000000,5.00000000,60.0000000,30.0000000,0.00000000,0.00000000,240.000000,200.000000,0.999999978E-02,0.899999961E-02,9.00000000,0.150000006,80.0000000,95000.0000,265.500000,0.179999997E-02,0.00000000,1.10000002,0.00000000,0.00000000,0.00000000,0.00000000,0.750000000,0.150000006,0.899999976,3.34999990,1.00000000,0.00000000,0.00000000,0.599999987E-01,265.000000,0.00000000,0.00000000,0.00000000,7.50000000,2.00000000,1.00000000,4.00000000,0.00000000,3.25000000,0.250000000,0.200000009E-02,0.00000000,0.00000000,0.00000000,0.00000000,1.00000000,265.000000,0.00000000,0.00000000,0.00000000,0.00000000,0.00000000,0.500000000,0.206000000,0.522358492E-01,267.299988,0.170849055,0.00000000,0.00000000,0.00000000,0.00000000,0.00000000,0.750000000,0.150000006,0.899999976,2.88090897,1.00000000,0.813286752E-02,0.599999987E-01,0.599999987E-01,265.620239,1.09647143,0.197459212E-05,4.93648052,7.50023651,0.00000000,0.00000000,0.00000000,276.320923,3.25000000,0.00000000,0.211302075E-02,0.00000000,0.00000000,0.210856530E-02,0.211302075E-02,1.00000000,265.000000,-7.64999390,713.090515,1230.00000,-1000.00000,0.00000000,0.00000000,0.205999985,0.516832471E-01,267.027283,0.170849055,0.00000000
1,1,tundra_snow_free,3,60.0000000,1,F,T,0,0,F,17,15,0.500000000,28,19,0,1004.50000,0.285714298,9.81000042,2500000.00,0.567051011E-07,0.399999991E-01,20,2,1.00000000,0.00000000,277.000000,5.00000000,60.0000000,30.0000000,0.00000000,0.00000000,240.000000,200.000000,0.999999978E-02,0.899999961E-02,9.00000000,0.150000006,80.0000000,95000.0000,265.500000,0.179999997E-02,0.00000000,1.10000002,0.00000000,0.00000000,0.00000000,0.00000000,0.750000000,0.150000006,0.899999976,3.34999990,1.00000000,0.00000000,0.00000000,0.599999987E-01,265.000000,0.00000000,0.00000000,0.00000000,7.50000000,2.00000000,1.00000000,4.00000000,0.00000000,3.25000000,0.250000000,0.200000009E-02,0.00000000,0.00000000,0.00000000,0.00000000,1.00000000,265.000000,0.00000000,0.00000000,0.00000000,0.00000000,0.00000000,0.500000000,0.211999997,0.553820394E-01,268.600006,0.174019948,0.00000000,0.00000000,0.00000000,0.00000000,0.00000000,0.750000000,0.150000006,0.899999976,2.88090897,1.00000000,0.813286752E-02,0.599999987E-01,0.599999987E-01,265.620239,1.09647143,0.197459212E-05,4.93648052,7.50023651,0.00000000,0.00000000,0.00000000,276.320923,3.25000000,0.00000000,0.211302075E-02,0.00000000,0.00000000,0.210856530E-02,0.211302075E-02,1.00000000,265.000000,-7.64999390,713.090515,1230.00000,-1000.00000,0.00000000,0.00000000,0.212000012,0.552851968E-01,268.565582,0.174019963,0.00000000
1,1,tundra_snow_free,4,60.0000000,1,F,T,0,0,F,17,15,0.500000000,28,19,0,1004.50000,0.285714298,9.81000042,2500000.00,0.567051011E-07,0.100000001,20,2,1.00000000,0.00000000,277.000000,5.00000000,60.0000000,30.0000000,0.00000000,0.00000000,240.000000,200.000000,0.999999978E-02,0.899999961E-02,9.00000000,0.150000006,80.0000000,95000.0000,265.500000,0.179999997E-02,0.00000000,1.10000002,0.00000000,0.00000000,0.00000000,0.00000000,0.750000000,0.150000006,0.899999976,3.34999990,1.00000000,0.00000000,0.00000000,0.599999987E-01,265.000000,0.00000000,0.00000000,0.00000000,7.50000000,2.00000000,1.00000000,4.00000000,0.00000000,3.25000000,0.250000000,0.200000009E-02,0.00000000,0.00000000,0.00000000,0.00000000,1.00000000,265.000000,0.00000000,0.00000000,0.00000000,0.00000000,0.00000000,0.500000000,0.217999995,0.598700978E-01,269.899994,0.175699890,0.00000000,0.00000000,0.00000000,0.00000000,0.00000000,0.750000000,0.150000006,0.899999976,2.88090897,1.00000000,0.813286752E-02,0.599999987E-01,0.599999987E-01,265.620239,1.09647143,0.197459212E-05,4.93648052,7.50023651,0.00000000,0.00000000,0.00000000,276.320923,3.25000000,0.00000000,0.211302075E-02,0.00000000,0.00000000,0.210856530E-02,0.211302075E-02,1.00000000,265.000000,-7.64999390,713.090515,1230.00000,-1000.00000,0.00000000,0.00000000,0.217999995,0.598436296E-01,269.893768,0.175699890,0.00000000
1,1,tundra_snow_free,5,60.0000000,1,F,T,0,0,F,17,15,0.500000000,28,19,0,1004.50000,0.285714298,9.81000042,2500000.00,0.567051011E-07,0.300000012,20,2,1.00000000,0.00000000,277.000000,5.00000000,60.0000000,30.0000000,0.00000000,0.00000000,240.000000,200.000000,0.999999978E-02,0.899999961E-02,9.00000000,0.150000006,80.0000000,95000.0000,265.500000,0.179999997E-02,0.00000000,1.10000002,0.00000000,0.00000000,0.00000000,0.00000000,0.750000000,0.150000006,0.899999976,3.34999990,1.00000000,0.00000000,0.00000000,0.599999987E-01,265.000000,0.00000000,0.00000000,0.00000000,7.50000000,2.00000000,1.00000000,4.00000000,0.00000000,3.25000000,0.250000000,0.200000009E-02,0.00000000,0.00000000,0.00000000,0.00000000,1.00000000,265.000000,0.00000000,0.00000000,0.00000000,0.00000000,0.00000000,0.500000000,0.224000007,0.673500225E-01,271.200012,0.174055517,0.00000000,0.00000000,0.00000000,0.00000000,0.00000000,0.750000000,0.150000006,0.899999976,2.88090897,1.00000000,0.813286752E-02,0.599999987E-01,0.599999987E-01,265.620239,1.09647143,0.197459212E-05,4.93648052,7.50023651,0.00000000,0.00000000,0.00000000,276.320923,3.25000000,0.00000000,0.211302075E-02,0.00000000,0.00000000,0.210856530E-02,0.211302075E-02,1.00000000,265.000000,-7.64999390,713.090515,1230.00000,-1000.00000,0.00000000,0.00000000,0.224000037,0.673451796E-01,271.199402,0.174055547,0.00000000
1,1,tundra_snow_free,6,60.0000000,1,F,T,0,0,F,17,15,0.500000000,28,19,0,1004.50000,0.285714298,9.81000042,2500000.00,0.567051011E-07,0.600000024,20,2,1.00000000,0.00000000,277.000000,5.00000000,60.0000000,30.0000000,0.00000000,0.00000000,240.000000,200.000000,0.999999978E-02,0.899999961E-02,9.00000000,0.150000006,80.0000000,95000.0000,265.500000,0.179999997E-02,0.00000000,1.10000002,0.00000000,0.00000000,0.00000000,0.00000000,0.750000000,0.150000006,0.899999976,3.34999990,1.00000000,0.00000000,0.00000000,0.599999987E-01,265.000000,0.00000000,0.00000000,0.00000000,7.50000000,2.00000000,1.00000000,4.00000000,0.00000000,3.25000000,0.250000000,0.200000009E-02,0.00000000,0.00000000,0.00000000,0.00000000,1.00000000,265.000000,0.00000000,0.00000000,0.00000000,0.00000000,0.00000000,0.500000000,0.230000004,0.866450369E-01,272.500000,0.159283295,0.00000000,0.00000000,0.00000000,0.00000000,0.00000000,0.750000000,0.150000006,0.899999976,2.88090897,1.00000000,0.813286752E-02,0.599999987E-01,0.599999987E-01,265.620239,1.09647143,0.197459212E-05,4.93648052,7.50023651,0.00000000,0.00000000,0.00000000,276.320923,3.25000000,0.00000000,0.211302075E-02,0.00000000,0.00000000,0.210856530E-02,0.211302075E-02,1.00000000,265.000000,-7.64999390,713.090515,1230.00000,-1000.00000,0.00000000,0.00000000,0.229998410,0.866543427E-01,272.500305,0.159283295,0.00000000
1,1,tundra_snow_free,7,60.0000000,1,F,T,0,0,F,17,15,0.500000000,28,19,0,1004.50000,0.285714298,9.81000042,2500000.00,0.567051011E-07,1.00000000,20,2,1.00000000,0.00000000,277.000000,5.00000000,60.0000000,30.0000000,0.00000000,0.00000000,240.000000,200.000000,0.999999978E-02,0.899999961E-02,9.00000000,0.150000006,80.0000000,95000.0000,265.500000,0.179999997E-02,0.00000000,1.10000002,0.00000000,0.00000000,0.00000000,0.00000000,0.750000000,0.150000006,0.899999976,3.34999990,1.00000000,0.00000000,0.00000000,0.599999987E-01,265.000000,0.00000000,0.00000000,0.00000000,7.50000000,2.00000000,1.00000000,4.00000000,0.00000000,3.25000000,0.250000000,0.200000009E-02,0.00000000,0.00000000,0.00000000,0.00000000,1.00000000,265.000000,0.00000000,0.00000000,0.00000000,0.00000000,0.00000000,0.500000000,0.236000001,0.236000001,273.799988,0.00000000,0.00000000,0.00000000,0.00000000,0.00000000,0.00000000,0.750000000,0.150000006,0.899999976,2.88090897,1.00000000,0.813286752E-02,0.599999987E-01,0.599999987E-01,265.620239,1.09647143,0.197459212E-05,4.93648052,7.50023651,0.00000000,0.00000000,0.00000000,276.320923,3.25000000,0.00000000,0.211302075E-02,0.00000000,0.00000000,0.210856530E-02,0.211302075E-02,1.00000000,265.000000,-7.64999390,713.090515,1230.00000,-1000.00000,0.00000000,0.00000000,0.235990405,0.235990405,273.799866,0.223333329,0.00000000
1,1,tundra_snow_free,8,60.0000000,1,F,T,0,0,F,17,15,0.500000000,28,19,0,1004.50000,0.285714298,9.81000042,2500000.00,0.567051011E-07,1.60000002,20,2,1.00000000,0.00000000,277.000000,5.00000000,60.0000000,30.0000000,0.00000000,0.00000000,240.000000,200.000000,0.999999978E-02,0.899999961E-02,9.00000000,0.150000006,80.0000000,95000.0000,265.500000,0.179999997E-02,0.00000000,1.10000002,0.00000000,0.00000000,0.00000000,0.00000000,0.750000000,0.150000006,0.899999976,3.34999990,1.00000000,0.00000000,0.00000000,0.599999987E-01,265.000000,0.00000000,0.00000000,0.00000000,7.50000000,2.00000000,1.00000000,4.00000000,0.00000000,3.25000000,0.250000000,0.200000009E-02,0.00000000,0.00000000,0.00000000,0.00000000,1.00000000,265.000000,0.00000000,0.00000000,0.00000000,0.00000000,0.00000000,0.500000000,0.241999999,0.241999999,275.100006,0.00000000,0.00000000,0.00000000,0.00000000,0.00000000,0.00000000,0.750000000,0.150000006,0.899999976,2.88090897,1.00000000,0.813286752E-02,0.599999987E-01,0.599999987E-01,265.620239,1.09647143,0.197459212E-05,4.93648052,7.50023651,0.00000000,0.00000000,0.00000000,276.320923,3.25000000,0.00000000,0.211302075E-02,0.00000000,0.00000000,0.210856530E-02,0.211302075E-02,1.00000000,265.000000,-7.64999390,713.090515,1230.00000,-1000.00000,0.00000000,0.00000000,0.241996020,0.241996020,275.099945,0.229999989,0.00000000
1,1,tundra_snow_free,9,60.0000000,1,F,T,0,0,F,17,15,0.500000000,28,19,0,1004.50000,0.285714298,9.81000042,2500000.00,0.567051011E-07,3.00000000,20,2,1.00000000,0.00000000,277.000000,5.00000000,60.0000000,30.0000000,0.00000000,0.00000000,240.000000,200.000000,0.999999978E-02,0.899999961E-02,9.00000000,0.150000006,80.0000000,95000.0000,265.500000,0.179999997E-02,0.00000000,1.10000002,0.00000000,0.00000000,0.00000000,0.00000000,0.750000000,0.150000006,0.899999976,3.34999990,1.00000000,0.00000000,0.00000000,0.599999987E-01,265.000000,0.00000000,0.00000000,0.00000000,7.50000000,2.00000000,1.00000000,4.00000000,0.00000000,3.25000000,0.250000000,0.200000009E-02,0.00000000,0.00000000,0.00000000,0.00000000,1.00000000,265.000000,0.00000000,0.00000000,0.00000000,0.00000000,0.00000000,0.500000000,0.247999996,0.247999996,276.399994,0.00000000,0.00000000,0.00000000,0.00000000,0.00000000,0.00000000,0.750000000,0.150000006,0.899999976,2.88090897,1.00000000,0.813286752E-02,0.599999987E-01,0.599999987E-01,265.620239,1.09647143,0.197459212E-05,4.93648052,7.50023651,0.00000000,0.00000000,0.00000000,276.320923,3.25000000,0.00000000,0.211302075E-02,0.00000000,0.00000000,0.210856530E-02,0.211302075E-02,1.00000000,265.000000,-7.64999390,713.090515,1230.00000,-1000.00000,0.00000000,0.00000000,0.247999996,0.247999996,277.000000,0.236666650,0.00000000
1,2,warm_forest_rain,1,60.0000000,2,F,T,0,0,F,17,15,0.500000000,28,19,0,1004.50000,0.285714298,9.81000042,2500000.00,0.567051011E-07,0.00000000,1,4,1.00000000,0.00000000,288.000000,20.0000000,90.0000000,72.0000000,0.899999976,0.00000000,340.000000,520.000000,0.120000001E-01,0.109999999E-01,11.0000000,0.119999997,80.0000000,95000.0000,298.000000,0.120000001E-01,0.00000000,1.10000002,0.00000000,0.00000000,0.00000000,0.304442495,0.519999981,0.119999997,0.949999988,6.34857130,0.878789425,0.985585432E-02,0.800000012,0.800000012,293.917511,-45.1155853,0.429060383E-04,107.265099,7.50514889,0.190484643,0.00000000,0.190484643,98.3508530,3.25000000,0.00000000,0.144891366E-01,0.00000000,0.00000000,0.142821996E-01,0.160478670E-01,1.00000000,296.000000,23.3500061,814.802185,1455.00000,-1000.00000,0.00000000,0.00000000,0.328394443,0.240000010,293.917511,0.228888884,0.00000000,0.00000000,0.00000000,0.00000000,0.459140599,0.519999981,0.119999997,0.949999988,6.34857130,0.932657719,0.985585432E-02,0.800000012,0.800000012,293.760986,-46.8453407,0.325043657E-04,81.2609177,7.50904942,0.381126940,0.00000000,0.381126940,101.062737,3.25000000,0.00000000,0.154218953E-01,0.00000000,0.00000000,0.151876733E-01,0.158938747E-01,1.00000000,296.000000,23.3500061,815.354797,1455.00000,-1000.00000,0.00000000,0.00000000,0.346440315,0.328394443,293.760986,0.327104926,0.00000000
1,2,warm_forest_rain,2,60.0000000,2,F,T,0,0,F,17,15,0.500000000,28,19,0,1004.50000,0.285714298,9.81000042,2500000.00,0.567051011E-07,0.999999978E-02,1,4,1.00000000,0.00000000,288.000000,20.0000000,90.0000000,72.0000000,0.899999976,0.00000000,340.000000,520.000000,0.120000001E-01,0.109999999E-01,11.0000000,0.119999997,80.0000000,95000.0000,298.000000,0.120000001E-01,0.00000000,1.10000002,0.00000000,0.00000000,0.00000000,0.304442495,0.519999981,0.119999997,0.949999988,6.34857130,0.878789425,0.985585432E-02,0.800000012,0.800000012,293.917511,-45.1155853,0.429060383E-04,107.265099,7.50514889,0.190484643,0.00000000,0.190484643,98.3508530,3.25000000,0.00000000,0.144891366E-01,0.00000000,0.00000000,0.142821996E-01,0.160478670E-01,1.00000000,296.000000,23.3500061,814.802185,1455.00000,-1000.00000,0.00000000,0.00000000,0.250546902,0.245000005,294.942474,0.234444425,0.00000000,0.00000000,0.00000000,0.00000000,0.459140599,0.519999981,0.119999997,0.949999988,6.34857130,0.932657719,0.985585432E-02,0.800000012,0.800000012,293.760986,-46.8453407,0.325043657E-04,81.2609177,7.50904942,0.381126940,0.00000000,0.381126940,101.062737,3.25000000,0.00000000,0.154218953E-01,0.00000000,0.00000000,0.151876733E-01,0.158938747E-01,1.00000000,296.000000,23.3500061,815.354797,1455.00000,-1000.00000,0.00000000,0.00000000,0.272998601,0.250546902,294.728058,0.240607649,0.00000000
1,2,warm_forest_rain,3,60.0000000,2,F,T,0,0,F,17,15,0.500000000,28,19,0,1004.50000,0.285714298,9.81000042,2500000.00,0.567051011E-07,0.399999991E-01,1,4,1.00000000,0.00000000,288.000000,20.0000000,90.0000000,72.0000000,0.899999976,0.00000000,340.000000,520.000000,0.120000001E-01,0.109999999E-01,11.0000000,0.119999997,80.0000000,95000.0000,298.000000,0.120000001E-01,0.00000000,1.10000002,0.00000000,0.00000000,0.00000000,0.304442495,0.519999981,0.119999997,0.949999988,6.34857130,0.878789425,0.985585432E-02,0.800000012,0.800000012,293.917511,-45.1155853,0.429060383E-04,107.265099,7.50514889,0.190484643,0.00000000,0.190484643,98.3508530,3.25000000,0.00000000,0.144891366E-01,0.00000000,0.00000000,0.142821996E-01,0.160478670E-01,1.00000000,296.000000,23.3500061,814.802185,1455.00000,-1000.00000,0.00000000,0.00000000,0.250042677,0.250000000,294.011871,0.239999980,0.00000000,0.00000000,0.00000000,0.00000000,0.459140599,0.519999981,0.119999997,0.949999988,6.34857130,0.932657719,0.985585432E-02,0.800000012,0.800000012,293.760986,-46.8453407,0.325043657E-04,81.2609177,7.50904942,0.381126940,0.00000000,0.381126940,101.062737,3.25000000,0.00000000,0.154218953E-01,0.00000000,0.00000000,0.151876733E-01,0.158938747E-01,1.00000000,296.000000,23.3500061,815.354797,1455.00000,-1000.00000,0.00000000,0.00000000,0.250389457,0.250042677,294.019867,0.240047395,0.00000000
1,2,warm_forest_rain,4,60.0000000,2,F,T,0,0,F,17,15,0.500000000,28,19,0,1004.50000,0.285714298,9.81000042,2500000.00,0.567051011E-07,0.100000001,1,4,1.00000000,0.00000000,288.000000,20.0000000,90.0000000,72.0000000,0.899999976,0.00000000,340.000000,520.000000,0.120000001E-01,0.109999999E-01,11.0000000,0.119999997,80.0000000,95000.0000,298.000000,0.120000001E-01,0.00000000,1.10000002,0.00000000,0.00000000,0.00000000,0.304442495,0.519999981,0.119999997,0.949999988,6.34857130,0.878789425,0.985585432E-02,0.800000012,0.800000012,293.917511,-45.1155853,0.429060383E-04,107.265099,7.50514889,0.190484643,0.00000000,0.190484643,98.3508530,3.25000000,0.00000000,0.144891366E-01,0.00000000,0.00000000,0.142821996E-01,0.160478670E-01,1.00000000,296.000000,23.3500061,814.802185,1455.00000,-1000.00000,0.00000000,0.00000000,0.254991323,0.254991323,293.003113,0.245555535,0.00000000,0.00000000,0.00000000,0.00000000,0.459140599,0.519999981,0.119999997,0.949999988,6.34857130,0.932657719,0.985585432E-02,0.800000012,0.800000012,293.760986,-46.8453407,0.325043657E-04,81.2609177,7.50904942,0.381126940,0.00000000,0.381126940,101.062737,3.25000000,0.00000000,0.154218953E-01,0.00000000,0.00000000,0.151876733E-01,0.158938747E-01,1.00000000,296.000000,23.3500061,815.354797,1455.00000,-1000.00000,0.00000000,0.00000000,0.254983723,0.254983723,293.006226,0.245545894,0.00000000
1,2,warm_forest_rain,5,60.0000000,2,F,T,0,0,F,17,15,0.500000000,28,19,0,1004.50000,0.285714298,9.81000042,2500000.00,0.567051011E-07,0.300000012,1,4,1.00000000,0.00000000,288.000000,20.0000000,90.0000000,72.0000000,0.899999976,0.00000000,340.000000,520.000000,0.120000001E-01,0.109999999E-01,11.0000000,0.119999997,80.0000000,95000.0000,298.000000,0.120000001E-01,0.00000000,1.10000002,0.00000000,0.00000000,0.00000000,0.304442495,0.519999981,0.119999997,0.949999988,6.34857130,0.878789425,0.985585432E-02,0.800000012,0.800000012,293.917511,-45.1155853,0.429060383E-04,107.265099,7.50514889,0.190484643,0.00000000,0.190484643,98.3508530,3.25000000,0.00000000,0.144891366E-01,0.00000000,0.00000000,0.142821996E-01,0.160478670E-01,1.00000000,296.000000,23.3500061,814.802185,1455.00000,-1000.00000,0.00000000,0.00000000,0.259999007,0.259999007,292.000214,0.251111090,0.00000000,0.00000000,0.00000000,0.00000000,0.459140599,0.519999981,0.119999997,0.949999988,6.34857130,0.932657719,0.985585432E-02,0.800000012,0.800000012,293.760986,-46.8453407,0.325043657E-04,81.2609177,7.50904942,0.381126940,0.00000000,0.381126940,101.062737,3.25000000,0.00000000,0.154218953E-01,0.00000000,0.00000000,0.151876733E-01,0.158938747E-01,1.00000000,296.000000,23.3500061,815.354797,1455.00000,-1000.00000,0.00000000,0.00000000,0.259998173,0.259998173,292.000427,0.251109987,0.00000000
1,2,warm_forest_rain,6,60.0000000,2,F,T,0,0,F,17,15,0.500000000,28,19,0,1004.50000,0.285714298,9.81000042,2500000.00,0.567051011E-07,0.600000024,1,4,1.00000000,0.00000000,288.000000,20.0000000,90.0000000,72.0000000,0.899999976,0.00000000,340.000000,520.000000,0.120000001E-01,0.109999999E-01,11.0000000,0.119999997,80.0000000,95000.0000,298.000000,0.120000001E-01,0.00000000,1.10000002,0.00000000,0.00000000,0.00000000,0.304442495,0.519999981,0.119999997,0.949999988,6.34857130,0.878789425,0.985585432E-02,0.800000012,0.800000012,293.917511,-45.1155853,0.429060383E-04,107.265099,7.50514889,0.190484643,0.00000000,0.190484643,98.3508530,3.25000000,0.00000000,0.144891366E-01,0.00000000,0.00000000,0.142821996E-01,0.160478670E-01,1.00000000,296.000000,23.3500061,814.802185,1455.00000,-1000.00000,0.00000000,0.00000000,0.264999300,0.264999300,291.000031,0.256666631,0.00000000,0.00000000,0.00000000,0.00000000,0.459140599,0.519999981,0.119999997,0.949999988,6.34857130,0.932657719,0.985585432E-02,0.800000012,0.800000012,293.760986,-46.8453407,0.325043657E-04,81.2609177,7.50904942,0.381126940,0.00000000,0.381126940,101.062737,3.25000000,0.00000000,0.154218953E-01,0.00000000,0.00000000,0.151876733E-01,0.158938747E-01,1.00000000,296.000000,23.3500061,815.354797,1455.00000,-1000.00000,0.00000000,0.00000000,0.264998764,0.264998764,291.000061,0.256665856,0.00000000
1,2,warm_forest_rain,7,60.0000000,2,F,T,0,0,F,17,15,0.500000000,28,19,0,1004.50000,0.285714298,9.81000042,2500000.00,0.567051011E-07,1.00000000,1,4,1.00000000,0.00000000,288.000000,20.0000000,90.0000000,72.0000000,0.899999976,0.00000000,340.000000,520.000000,0.120000001E-01,0.109999999E-01,11.0000000,0.119999997,80.0000000,95000.0000,298.000000,0.120000001E-01,0.00000000,1.10000002,0.00000000,0.00000000,0.00000000,0.304442495,0.519999981,0.119999997,0.949999988,6.34857130,0.878789425,0.985585432E-02,0.800000012,0.800000012,293.917511,-45.1155853,0.429060383E-04,107.265099,7.50514889,0.190484643,0.00000000,0.190484643,98.3508530,3.25000000,0.00000000,0.144891366E-01,0.00000000,0.00000000,0.142821996E-01,0.160478670E-01,1.00000000,296.000000,23.3500061,814.802185,1455.00000,-1000.00000,0.00000000,0.00000000,0.269999295,0.269999295,290.000031,0.262222171,0.00000000,0.00000000,0.00000000,0.00000000,0.459140599,0.519999981,0.119999997,0.949999988,6.34857130,0.932657719,0.985585432E-02,0.800000012,0.800000012,293.760986,-46.8453407,0.325043657E-04,81.2609177,7.50904942,0.381126940,0.00000000,0.381126940,101.062737,3.25000000,0.00000000,0.154218953E-01,0.00000000,0.00000000,0.151876733E-01,0.158938747E-01,1.00000000,296.000000,23.3500061,815.354797,1455.00000,-1000.00000,0.00000000,0.00000000,0.269998759,0.269998759,290.000061,0.262221426,0.00000000
1,2,warm_forest_rain,8,60.0000000,2,F,T,0,0,F,17,15,0.500000000,28,19,0,1004.50000,0.285714298,9.81000042,2500000.00,0.567051011E-07,1.60000002,1,4,1.00000000,0.00000000,288.000000,20.0000000,90.0000000,72.0000000,0.899999976,0.00000000,340.000000,520.000000,0.120000001E-01,0.109999999E-01,11.0000000,0.119999997,80.0000000,95000.0000,298.000000,0.120000001E-01,0.00000000,1.10000002,0.00000000,0.00000000,0.00000000,0.304442495,0.519999981,0.119999997,0.949999988,6.34857130,0.878789425,0.985585432E-02,0.800000012,0.800000012,293.917511,-45.1155853,0.429060383E-04,107.265099,7.50514889,0.190484643,0.00000000,0.190484643,98.3508530,3.25000000,0.00000000,0.144891366E-01,0.00000000,0.00000000,0.142821996E-01,0.160478670E-01,1.00000000,296.000000,23.3500061,814.802185,1455.00000,-1000.00000,0.00000000,0.00000000,0.274999321,0.274999321,289.000061,0.267777771,0.00000000,0.00000000,0.00000000,0.00000000,0.459140599,0.519999981,0.119999997,0.949999988,6.34857130,0.932657719,0.985585432E-02,0.800000012,0.800000012,293.760986,-46.8453407,0.325043657E-04,81.2609177,7.50904942,0.381126940,0.00000000,0.381126940,101.062737,3.25000000,0.00000000,0.154218953E-01,0.00000000,0.00000000,0.151876733E-01,0.158938747E-01,1.00000000,296.000000,23.3500061,815.354797,1455.00000,-1000.00000,0.00000000,0.00000000,0.274998784,0.274998784,289.000122,0.267776996,0.00000000
1,2,warm_forest_rain,9,60.0000000,2,F,T,0,0,F,17,15,0.500000000,28,19,0,1004.50000,0.285714298,9.81000042,2500000.00,0.567051011E-07,3.00000000,1,4,1.00000000,0.00000000,288.000000,20.0000000,90.0000000,72.0000000,0.899999976,0.00000000,340.000000,520.000000,0.120000001E-01,0.109999999E-01,11.0000000,0.119999997,80.0000000,95000.0000,298.000000,0.120000001E-01,0.00000000,1.10000002,0.00000000,0.00000000,0.00000000,0.304442495,0.519999981,0.119999997,0.949999988,6.34857130,0.878789425,0.985585432E-02,0.800000012,0.800000012,293.917511,-45.1155853,0.429060383E-04,107.265099,7.50514889,0.190484643,0.00000000,0.190484643,98.3508530,3.25000000,0.00000000,0.144891366E-01,0.00000000,0.00000000,0.142821996E-01,0.160478670E-01,1.00000000,296.000000,23.3500061,814.802185,1455.00000,-1000.00000,0.00000000,0.00000000,0.280000001,0.280000001,288.000000,0.273333311,0.00000000,0.00000000,0.00000000,0.00000000,0.459140599,0.519999981,0.119999997,0.949999988,6.34857130,0.932657719,0.985585432E-02,0.800000012,0.800000012,293.760986,-46.8453407,0.325043657E-04,81.2609177,7.50904942,0.381126940,0.00000000,0.381126940,101.062737,3.25000000,0.00000000,0.154218953E-01,0.00000000,0.00000000,0.151876733E-01,0.158938747E-01,1.00000000,296.000000,23.3500061,815.354797,1455.00000,-1000.00000,0.00000000,0.00000000,0.280000001,0.280000001,288.000000,0.273333311,0.00000000
1,2,warm_grass_mixed,1,60.0000000,2,F,T,0,0,F,17,15,0.500000000,28,19,0,1004.50000,0.285714298,9.81000042,2500000.00,0.567051011E-07,0.00000000,10,6,1.00000000,0.00000000,284.000000,15.0000000,85.0000000,55.0000000,1.20000005,0.349999994,300.000000,430.000000,0.140000004E-01,0.130000003E-01,13.0000000,0.189999998,80.0000000,95000.0000,274.500000,0.400000019E-02,0.999999975E-05,1.10000002,0.367521524,0.625036610E-02,0.118219154E-01,0.198391736,0.699999988,0.195438072,0.920000017,2.53142881,1.00000000,0.117258392E-01,0.750000030E-01,0.750000030E-01,275.187531,9.03969288,0.500068973E-05,12.5176945,7.50059986,0.254657507,0.00000000,0.254657507,45.6571579,3.25000000,0.126079351E-03,0.460278708E-02,0.00000000,0.00000000,0.458169868E-02,0.463623228E-02,1.00000000,275.015259,104.576904,975.845825,1353.00000,58.7999992,0.420000046,0.714071374E-02,0.342164516,0.300000012,275.169525,0.277777761,0.00000000,0.737875581,0.123774735E-01,0.232997909E-01,0.316788197,0.699999988,0.699999988,0.980000019,2.53142881,1.00000000,0.117258392E-01,0.750000030E-01,0.750000030E-01,275.162598,8.71166515,0.511433200E-05,14.4991312,7.50121403,0.513857722,0.00000000,0.513857722,12.1274557,3.25000000,0.747192651E-02,0.462795235E-02,0.00000000,0.00000000,0.460663298E-02,0.462795235E-02,1.00000000,275.370300,-3.16101074,976.294250,1353.00000,58.7999992,0.420000046,0.142169446E-01,0.352615505,0.342164516,275.318573,0.324627221,0.00000000
1,2,warm_grass_mixed,2,60.0000000,2,F,T,0,0,F,17,15,0.500000000,28,19,0,1004.50000,0.285714298,9.81000042,2500000.00,0.567051011E-07,0.999999978E-02,10,6,1.00000000,0.00000000,284.000000,15.0000000,85.0000000,55.0000000,1.20000005,0.349999994,300.000000,430.000000,0.140000004E-01,0.130000003E-01,13.0000000,0.189999998,80.0000000,95000.0000,274.500000,0.400000019E-02,0.999999975E-05,1.10000002,0.367521524,0.625036610E-02,0.118219154E-01,0.198391736,0.699999988,0.195438072,0.920000017,2.53142881,1.00000000,0.117258392E-01,0.750000030E-01,0.750000030E-01,275.187531,9.03969288,0.500068973E-05,12.5176945,7.50059986,0.254657507,0.00000000,0.254657507,45.6571579,3.25000000,0.126079351E-03,0.460278708E-02,0.00000000,0.00000000,0.458169868E-02,0.463623228E-02,1.00000000,275.015259,104.576904,975.845825,1353.00000,58.7999992,0.420000046,0.714071374E-02,0.314815581,0.304000020,275.545746,0.282222211,0.00000000,0.737875581,0.123774735E-01,0.232997909E-01,0.316788197,0.699999988,0.699999988,0.980000019,2.53142881,1.00000000,0.117258392E-01,0.750000030E-01,0.750000030E-01,275.162598,8.71166515,0.511433200E-05,14.4991312,7.50121403,0.513857722,0.00000000,0.513857722,12.1274557,3.25000000,0.747192651E-02,0.462795235E-02,0.00000000,0.00000000,0.460663298E-02,0.462795235E-02,1.00000000,275.370300,-3.16101074,976.294250,1353.00000,58.7999992,0.420000046,0.142169446E-01,0.330794871,0.314815581,275.533997,0.294239521,0.00000000
1,2,warm_grass_mixed,3,60.0000000,2,F,T,0,0,F,17,15,0.500000000,28,19,0,1004.50000,0.285714298,9.81000042,2500000.00,0.567051011E-07,0.399999991E-01,10,6,1.00000000,0.00000000,284.000000,15.0000000,85.0000000,55.0000000,1.20000005,0.349999994,300.000000,430.000000,0.140000004E-01,0.130000003E-01,13.0000000,0.189999998,80.0000000,95000.0000,274.500000,0.400000019E-02,0.999999975E-05,1.10000002,0.367521524,0.625036610E-02,0.118219154E-01,0.198391736,0.699999988,0.195438072,0.920000017,2.53142881,1.00000000,0.117258392E-01,0.750000030E-01,0.750000030E-01,275.187531,9.03969288,0.500068973E-05,12.5176945,7.50059986,0.254657507,0.00000000,0.254657507,45.6571579,3.25000000,0.126079351E-03,0.460278708E-02,0.00000000,0.00000000,0.458169868E-02,0.463623228E-02,1.00000000,275.015259,104.576904,975.845825,1353.00000,58.7999992,0.420000046,0.714071374E-02,0.308581412,0.307999998,276.190399,0.286666632,0.00000000,0.737875581,0.123774735E-01,0.232997909E-01,0.316788197,0.699999988,0.699999988,0.980000019,2.53142881,1.00000000,0.117258392E-01,0.750000030E-01,0.750000030E-01,275.162598,8.71166515,0.511433200E-05,14.4991312,7.50121403,0.513857722,0.00000000,0.513857722,12.1274557,3.25000000,0.747192651E-02,0.462795235E-02,0.00000000,0.00000000,0.460663298E-02,0.462795235E-02,1.00000000,275.370300,-3.16101074,976.294250,1353.00000,58.7999992,0.420000046,0.142169446E-01,0.310378611,0.308581412,276.180389,0.287312657,0.00000000
1,2,warm_grass_mixed,4,60.0000000,2,F,T,0,0,F,17,15,0.500000000,28,19,0,1004.50000,0.285714298,9.81000042,2500000.00,0.567051011E-07,0.100000001,10,6,1.00000000,0.00000000,284.000000,15.0000000,85.0000000,55.0000000,1.20000005,0.349999994,300.000000,430.000000,0.140000004E-01,0.130000003E-01,13.0000000,0.189999998,80.0000000,95000.0000,274.500000,0.400000019E-02,0.999999975E-05,1.10000002,0.367521524,0.625036610E-02,0.118219154E-01,0.198391736,0.699999988,0.195438072,0.920000017,2.53142881,1.00000000,0.117258392E-01,0.750000030E-01,0.750000030E-01,275.187531,9.03969288,0.500068973E-05,12.5176945,7.50059986,0.254657507,0.00000000,0.254657507,45.6571579,3.25000000,0.126079351E-03,0.460278708E-02,0.00000000,0.00000000,0.458169868E-02,0.463623228E-02,1.00000000,275.015259,104.576904,975.845825,1353.00000,58.7999992,0.420000046,0.714071374E-02,0.311969638,0.311969638,276.797821,0.291111082,0.00000000,0.737875581,0.123774735E-01,0.232997909E-01,0.316788197,0.699999988,0.699999988,0.980000019,2.53142881,1.00000000,0.117258392E-01,0.750000030E-01,0.750000030E-01,275.162598,8.71166515,0.511433200E-05,14.4991312,7.50121403,0.513857722,0.00000000,0.513857722,12.1274557,3.25000000,0.747192651E-02,0.462795235E-02,0.00000000,0.00000000,0.460663298E-02,0.462795235E-02,1.00000000,275.370300,-3.16101074,976.294250,1353.00000,58.7999992,0.420000046,0.142169446E-01,0.311964363,0.311964363,276.795593,0.291077346,0.00000000
1,2,warm_grass_mixed,5,60.0000000,2,F,T,0,0,F,17,15,0.500000000,28,19,0,1004.50000,0.285714298,9.81000042,2500000.00,0.567051011E-07,0.300000012,10,6,1.00000000,0.00000000,284.000000,15.0000000,85.0000000,55.0000000,1.20000005,0.349999994,300.000000,430.000000,0.140000004E-01,0.130000003E-01,13.0000000,0.189999998,80.0000000,95000.0000,274.500000,0.400000019E-02,0.999999975E-05,1.10000002,0.367521524,0.625036610E-02,0.118219154E-01,0.198391736,0.699999988,0.195438072,0.920000017,2.53142881,1.00000000,0.117258392E-01,0.750000030E-01,0.750000030E-01,275.187531,9.03969288,0.500068973E-05,12.5176945,7.50059986,0.254657507,0.00000000,0.254657507,45.6571579,3.25000000,0.126079351E-03,0.460278708E-02,0.00000000,0.00000000,0.458169868E-02,0.463623228E-02,1.00000000,275.015259,104.576904,975.845825,1353.00000,58.7999992,0.420000046,0.714071374E-02,0.315996259,0.315996259,277.399780,0.295555532,0.00000000,0.737875581,0.123774735E-01,0.232997909E-01,0.316788197,0.699999988,0.699999988,0.980000019,2.53142881,1.00000000,0.117258392E-01,0.750000030E-01,0.750000030E-01,275.162598,8.71166515,0.511433200E-05,14.4991312,7.50121403,0.513857722,0.00000000,0.513857722,12.1274557,3.25000000,0.747192651E-02,0.462795235E-02,0.00000000,0.00000000,0.460663298E-02,0.462795235E-02,1.00000000,275.370300,-3.16101074,976.294250,1353.00000,58.7999992,0.420000046,0.142169446E-01,0.315992504,0.315992504,277.399567,0.295551360,0.00000000
1,2,warm_grass_mixed,6,60.0000000,2,F,T,0,0,F,17,15,0.500000000,28,19,0,1004.50000,0.285714298,9.81000042,2500000.00,0.567051011E-07,0.600000024,10,6,1.00000000,0.00000000,284.000000,15.0000000,85.0000000,55.0000000,1.20000005,0.349999994,300.000000,430.000000,0.140000004E-01,0.130000003E-01,13.0000000,0.189999998,80.0000000,95000.0000,274.500000,0.400000019E-02,0.999999975E-05,1.10000002,0.367521524,0.625036610E-02,0.118219154E-01,0.198391736,0.699999988,0.195438072,0.920000017,2.53142881,1.00000000,0.117258392E-01,0.750000030E-01,0.750000030E-01,275.187531,9.03969288,0.500068973E-05,12.5176945,7.50059986,0.254657507,0.00000000,0.254657507,45.6571579,3.25000000,0.126079351E-03,0.460278708E-02,0.00000000,0.00000000,0.458169868E-02,0.463623228E-02,1.00000000,275.015259,104.576904,975.845825,1353.00000,58.7999992,0.420000046,0.714071374E-02,0.319998115,0.319998115,277.999939,0.300000012,0.00000000,0.737875581,0.123774735E-01,0.232997909E-01,0.316788197,0.699999988,0.699999988,0.980000019,2.53142881,1.00000000,0.117258392E-01,0.750000030E-01,0.750000030E-01,275.162598,8.71166515,0.511433200E-05,14.4991312,7.50121403,0.513857722,0.00000000,0.513857722,12.1274557,3.25000000,0.747192651E-02,0.462795235E-02,0.00000000,0.00000000,0.460663298E-02,0.462795235E-02,1.00000000,275.370300,-3.16101074,976.294250,1353.00000,58.7999992,0.420000046,0.142169446E-01,0.319996208,0.319996208,277.999878,0.299997866,0.00000000
1,2,warm_grass_mixed,7,60.0000000,2,F,T,0,0,F,17,15,0.500000000,28,19,0,1004.50000,0.285714298,9.81000042,2500000.00,0.567051011E-07,1.00000000,10,6,1.00000000,0.00000000,284.000000,15.0000000,85.0000000,55.0000000,1.20000005,0.349999994,300.000000,430.000000,0.140000004E-01,0.130000003E-01,13.0000000,0.189999998,80.0000000,95000.0000,274.500000,0.400000019E-02,0.999999975E-05,1.10000002,0.367521524,0.625036610E-02,0.118219154E-01,0.198391736,0.699999988,0.195438072,0.920000017,2.53142881,1.00000000,0.117258392E-01,0.750000030E-01,0.750000030E-01,275.187531,9.03969288,0.500068973E-05,12.5176945,7.50059986,0.254657507,0.00000000,0.254657507,45.6571579,3.25000000,0.126079351E-03,0.460278708E-02,0.00000000,0.00000000,0.458169868E-02,0.463623228E-02,1.00000000,275.015259,104.576904,975.845825,1353.00000,58.7999992,0.420000046,0.714071374E-02,0.323998302,0.323998302,278.600006,0.304444432,0.00000000,0.737875581,0.123774735E-01,0.232997909E-01,0.316788197,0.699999988,0.699999988,0.980000019,2.53142881,1.00000000,0.117258392E-01,0.750000030E-01,0.750000030E-01,275.162598,8.71166515,0.511433200E-05,14.4991312,7.50121403,0.513857722,0.00000000,0.513857722,12.1274557,3.25000000,0.747192651E-02,0.462795235E-02,0.00000000,0.00000000,0.460663298E-02,0.462795235E-02,1.00000000,275.370300,-3.16101074,976.294250,1353.00000,58.7999992,0.420000046,0.142169446E-01,0.323996603,0.323996603,278.600006,0.304442525,0.00000000
1,2,warm_grass_mixed,8,60.0000000,2,F,T,0,0,F,17,15,0.500000000,28,19,0,1004.50000,0.285714298,9.81000042,2500000.00,0.567051011E-07,1.60000002,10,6,1.00000000,0.00000000,284.000000,15.0000000,85.0000000,55.0000000,1.20000005,0.349999994,300.000000,430.000000,0.140000004E-01,0.130000003E-01,13.0000000,0.189999998,80.0000000,95000.0000,274.500000,0.400000019E-02,0.999999975E-05,1.10000002,0.367521524,0.625036610E-02,0.118219154E-01,0.198391736,0.699999988,0.195438072,0.920000017,2.53142881,1.00000000,0.117258392E-01,0.750000030E-01,0.750000030E-01,275.187531,9.03969288,0.500068973E-05,12.5176945,7.50059986,0.254657507,0.00000000,0.254657507,45.6571579,3.25000000,0.126079351E-03,0.460278708E-02,0.00000000,0.00000000,0.458169868E-02,0.463623228E-02,1.00000000,275.015259,104.576904,975.845825,1353.00000,58.7999992,0.420000046,0.714071374E-02,0.327998877,0.327998877,279.199982,0.308888882,0.00000000,0.737875581,0.123774735E-01,0.232997909E-01,0.316788197,0.699999988,0.699999988,0.980000019,2.53142881,1.00000000,0.117258392E-01,0.750000030E-01,0.750000030E-01,275.162598,8.71166515,0.511433200E-05,14.4991312,7.50121403,0.513857722,0.00000000,0.513857722,12.1274557,3.25000000,0.747192651E-02,0.462795235E-02,0.00000000,0.00000000,0.460663298E-02,0.462795235E-02,1.00000000,275.370300,-3.16101074,976.294250,1353.00000,58.7999992,0.420000046,0.142169446E-01,0.327997744,0.327997744,279.200073,0.308887601,0.00000000
1,2,warm_grass_mixed,9,60.0000000,2,F,T,0,0,F,17,15,0.500000000,28,19,0,1004.50000,0.285714298,9.81000042,2500000.00,0.567051011E-07,3.00000000,10,6,1.00000000,0.00000000,284.000000,15.0000000,85.0000000,55.0000000,1.20000005,0.349999994,300.000000,430.000000,0.140000004E-01,0.130000003E-01,13.0000000,0.189999998,80.0000000,95000.0000,274.500000,0.400000019E-02,0.999999975E-05,1.10000002,0.367521524,0.625036610E-02,0.118219154E-01,0.198391736,0.699999988,0.195438072,0.920000017,2.53142881,1.00000000,0.117258392E-01,0.750000030E-01,0.750000030E-01,275.187531,9.03969288,0.500068973E-05,12.5176945,7.50059986,0.254657507,0.00000000,0.254657507,45.6571579,3.25000000,0.126079351E-03,0.460278708E-02,0.00000000,0.00000000,0.458169868E-02,0.463623228E-02,1.00000000,275.015259,104.576904,975.845825,1353.00000,58.7999992,0.420000046,0.714071374E-02,0.332000017,0.332000017,284.000000,0.313333333,0.00000000,0.737875581,0.123774735E-01,0.232997909E-01,0.316788197,0.699999988,0.699999988,0.980000019,2.53142881,1.00000000,0.117258392E-01,0.750000030E-01,0.750000030E-01,275.162598,8.71166515,0.511433200E-05,14.4991312,7.50121403,0.513857722,0.00000000,0.513857722,12.1274557,3.25000000,0.747192651E-02,0.462795235E-02,0.00000000,0.00000000,0.460663298E-02,0.462795235E-02,1.00000000,275.370300,-3.16101074,976.294250,1353.00000,58.7999992,0.420000046,0.142169446E-01,0.332000017,0.332000017,284.000000,0.313333333,0.00000000
1,2,cold_crop_snowfall,1,60.0000000,2,F,T,0,0,F,17,15,0.500000000,28,19,0,1004.50000,0.285714298,9.81000042,2500000.00,0.567051011E-07,0.00000000,12,3,1.00000000,0.00000000,278.000000,10.0000000,95.0000000,88.0000000,0.800000012,1.00000000,250.000000,150.000000,0.800000038E-02,0.700000022E-02,7.00000000,0.180000007,80.0000000,95000.0000,268.000000,0.219999999E-02,0.199999995E-04,1.10000002,12.6344023,0.658832341E-01,0.394581407,0.285482317,0.660000026,0.660000026,0.980000019,5.63882351,0.799166203,0.632344233E-02,0.189705878,0.189705878,266.849854,-8.15481377,0.543287399E-06,1.54021978,7.50006485,0.00000000,0.00000000,0.00000000,5.06069326,3.25000000,0.00000000,0.235084863E-02,0.00000000,0.00000000,0.234533520E-02,0.235084863E-02,1.00000000,268.108032,-5.67105103,653.100037,1305.00000,68.3138199,0.800000012,0.117106615E-01,0.180000752,0.852093846E-01,268.108032,0.105739400,1.00000000,13.2688007,0.719496012E-01,0.414394110,0.450963706,0.660000026,0.660000026,0.980000019,5.63882351,0.805740714,0.632344233E-02,0.189705878,0.189705878,267.034241,-6.84746408,0.567865470E-06,1.60989857,7.50013256,0.00000000,0.00000000,0.00000000,4.53442001,3.25000000,0.00000000,0.238855695E-02,0.00000000,0.00000000,0.238286518E-02,0.238855695E-02,1.00000000,268.265381,-5.50018311,653.100037,1305.00000,68.3138199,0.800000012,0.234213229E-01,0.180001497,0.857727900E-01,268.265381,0.105323732,1.00000000
1,2,cold_crop_snowfall,2,60.0000000,2,F,T,0,0,F,17,15,0.500000000,28,19,0,1004.50000,0.285714298,9.81000042,2500000.00,0.567051011E-07,0.999999978E-02,12,3,1.00000000,0.00000000,278.000000,10.0000000,95.0000000,88.0000000,0.800000012,1.00000000,250.000000,150.000000,0.800000038E-02,0.700000022E-02,7.00000000,0.180000007,80.0000000,95000.0000,268.000000,0.219999999E-02,0.199999995E-04,1.10000002,12.6344023,0.658832341E-01,0.394581407,0.285482317,0.660000026,0.660000026,0.980000019,5.63882351,0.799166203,0.632344233E-02,0.189705878,0.189705878,266.849854,-8.15481377,0.543287399E-06,1.54021978,7.50006485,0.00000000,0.00000000,0.00000000,5.06069326,3.25000000,0.00000000,0.235084863E-02,0.00000000,0.00000000,0.234533520E-02,0.235084863E-02,1.00000000,268.108032,-5.67105103,653.100037,1305.00000,68.3138199,0.800000012,0.117106615E-01,0.185999870,0.879349709E-01,268.817444,0.108570650,0.00000000,13.2688007,0.719496012E-01,0.414394110,0.450963706,0.660000026,0.660000026,0.980000019,5.63882351,0.805740714,0.632344233E-02,0.189705878,0.189705878,267.034241,-6.84746408,0.567865470E-06,1.60989857,7.50013256,0.00000000,0.00000000,0.00000000,4.53442001,3.25000000,0.00000000,0.238855695E-02,0.00000000,0.00000000,0.238286518E-02,0.238855695E-02,1.00000000,268.265381,-5.50018311,653.100037,1305.00000,68.3138199,0.800000012,0.234213229E-01,0.185999721,0.874110162E-01,268.690796,0.108960986,0.00000000
1,2,cold_crop_snowfall,3,60.0000000,2,F,T,0,0,F,17,15,0.500000000,28,19,0,1004.50000,0.285714298,9.81000042,2500000.00,0.567051011E-07,0.399999991E-01,12,3,1.00000000,0.00000000,278.000000,10.0000000,95.0000000,88.0000000,0.800000012,1.00000000,250.000000,150.000000,0.800000038E-02,0.700000022E-02,7.00000000,0.180000007,80.0000000,95000.0000,268.000000,0.219999999E-02,0.199999995E-04,1.10000002,12.6344023,0.658832341E-01,0.394581407,0.285482317,0.660000026,0.660000026,0.980000019,5.63882351,0.799166203,0.632344233E-02,0.189705878,0.189705878,266.849854,-8.15481377,0.543287399E-06,1.54021978,7.50006485,0.00000000,0.00000000,0.00000000,5.06069326,3.25000000,0.00000000,0.235084863E-02,0.00000000,0.00000000,0.234533520E-02,0.235084863E-02,1.00000000,268.108032,-5.67105103,653.100037,1305.00000,68.3138199,0.800000012,0.117106615E-01,0.192000002,0.926771984E-01,269.788483,0.110285692,0.00000000,13.2688007,0.719496012E-01,0.414394110,0.450963706,0.660000026,0.660000026,0.980000019,5.63882351,0.805740714,0.632344233E-02,0.189705878,0.189705878,267.034241,-6.84746408,0.567865470E-06,1.60989857,7.50013256,0.00000000,0.00000000,0.00000000,4.53442001,3.25000000,0.00000000,0.238855695E-02,0.00000000,0.00000000,0.238286518E-02,0.238855695E-02,1.00000000,268.265381,-5.50018311,653.100037,1305.00000,68.3138199,0.800000012,0.234213229E-01,0.192000002,0.926007107E-01,269.775024,0.110358655,0.00000000
1,2,cold_crop_snowfall,4,60.0000000,2,F,T,0,0,F,17,15,0.500000000,28,19,0,1004.50000,0.285714298,9.81000042,2500000.00,0.567051011E-07,0.100000001,12,3,1.00000000,0.00000000,278.000000,10.0000000,95.0000000,88.0000000,0.800000012,1.00000000,250.000000,150.000000,0.800000038E-02,0.700000022E-02,7.00000000,0.180000007,80.0000000,95000.0000,268.000000,0.219999999E-02,0.199999995E-04,1.10000002,12.6344023,0.658832341E-01,0.394581407,0.285482317,0.660000026,0.660000026,0.980000019,5.63882351,0.799166203,0.632344233E-02,0.189705878,0.189705878,266.849854,-8.15481377,0.543287399E-06,1.54021978,7.50006485,0.00000000,0.00000000,0.00000000,5.06069326,3.25000000,0.00000000,0.235084863E-02,0.00000000,0.00000000,0.234533520E-02,0.235084863E-02,1.00000000,268.108032,-5.67105103,653.100037,1305.00000,68.3138199,0.800000012,0.117106615E-01,0.198000014,0.989076868E-01,270.697906,0.110083126,0.00000000,13.2688007,0.719496012E-01,0.414394110,0.450963706,0.660000026,0.660000026,0.980000019,5.63882351,0.805740714,0.632344233E-02,0.189705878,0.189705878,267.034241,-6.84746408,0.567865470E-06,1.60989857,7.50013256,0.00000000,0.00000000,0.00000000,4.53442001,3.25000000,0.00000000,0.238855695E-02,0.00000000,0.00000000,0.238286518E-02,0.238855695E-02,1.00000000,268.265381,-5.50018311,653.100037,1305.00000,68.3138199,0.800000012,0.234213229E-01,0.197999984,0.988897011E-01,270.695740,0.110102572,0.00000000
1,2,cold_crop_snowfall,5,60.0000000,2,F,T,0,0,F,17,15,0.500000000,28,19,0,1004.50000,0.285714298,9.81000042,2500000.00,0.567051011E-07,0.300000012,12,3,1.00000000,0.00000000,278.000000,10.0000000,95.0000000,88.0000000,0.800000012,1.00000000,250.000000,150.000000,0.800000038E-02,0.700000022E-02,7.00000000,0.180000007,80.0000000,95000.0000,268.000000,0.219999999E-02,0.199999995E-04,1.10000002,12.6344023,0.658832341E-01,0.394581407,0.285482317,0.660000026,0.660000026,0.980000019,5.63882351,0.799166203,0.632344233E-02,0.189705878,0.189705878,266.849854,-8.15481377,0.543287399E-06,1.54021978,7.50006485,0.00000000,0.00000000,0.00000000,5.06069326,3.25000000,0.00000000,0.235084863E-02,0.00000000,0.00000000,0.234533520E-02,0.235084863E-02,1.00000000,268.108032,-5.67105103,653.100037,1305.00000,68.3138199,0.800000012,0.117106615E-01,0.204000026,0.108684406,271.599792,0.105902813,0.00000000,13.2688007,0.719496012E-01,0.414394110,0.450963706,0.660000026,0.660000026,0.980000019,5.63882351,0.805740714,0.632344233E-02,0.189705878,0.189705878,267.034241,-6.84746408,0.567865470E-06,1.60989857,7.50013256,0.00000000,0.00000000,0.00000000,4.53442001,3.25000000,0.00000000,0.238855695E-02,0.00000000,0.00000000,0.238286518E-02,0.238855695E-02,1.00000000,268.265381,-5.50018311,653.100037,1305.00000,68.3138199,0.800000012,0.234213229E-01,0.204000026,0.108681329,271.599579,0.105906233,0.00000000
1,2,cold_crop_snowfall,6,60.0000000,2,F,T,0,0,F,17,15,0.500000000,28,19,0,1004.50000,0.285714298,9.81000042,2500000.00,0.567051011E-07,0.600000024,12,3,1.00000000,0.00000000,278.000000,10.0000000,95.0000000,88.0000000,0.800000012,1.00000000,250.000000,150.000000,0.800000038E-02,0.700000022E-02,7.00000000,0.180000007,80.0000000,95000.0000,268.000000,0.219999999E-02,0.199999995E-04,1.10000002,12.6344023,0.658832341E-01,0.394581407,0.285482317,0.660000026,0.660000026,0.980000019,5.63882351,0.799166203,0.632344233E-02,0.189705878,0.189705878,266.849854,-8.15481377,0.543287399E-06,1.54021978,7.50006485,0.00000000,0.00000000,0.00000000,5.06069326,3.25000000,0.00000000,0.235084863E-02,0.00000000,0.00000000,0.234533520E-02,0.235084863E-02,1.00000000,268.108032,-5.67105103,653.100037,1305.00000,68.3138199,0.800000012,0.117106615E-01,0.210000128,0.129865229,272.499969,0.890372545E-01,0.00000000,13.2688007,0.719496012E-01,0.414394110,0.450963706,0.660000026,0.660000026,0.980000019,5.63882351,0.805740714,0.632344233E-02,0.189705878,0.189705878,267.034241,-6.84746408,0.567865470E-06,1.60989857,7.50013256,0.00000000,0.00000000,0.00000000,4.53442001,3.25000000,0.00000000,0.238855695E-02,0.00000000,0.00000000,0.238286518E-02,0.238855695E-02,1.00000000,268.265381,-5.50018311,653.100037,1305.00000,68.3138199,0.800000012,0.234213229E-01,0.210000247,0.129863963,272.499939,0.890387669E-01,0.00000000
1,2,cold_crop_snowfall,7,60.0000000,2,F,T,0,0,F,17,15,0.500000000,28,19,0,1004.50000,0.285714298,9.81000042,2500000.00,0.567051011E-07,1.00000000,12,3,1.00000000,0.00000000,278.000000,10.0000000,95.0000000,88.0000000,0.800000012,1.00000000,250.000000,150.000000,0.800000038E-02,0.700000022E-02,7.00000000,0.180000007,80.0000000,95000.0000,268.000000,0.219999999E-02,0.199999995E-04,1.10000002,12.6344023,0.658832341E-01,0.394581407,0.285482317,0.660000026,0.660000026,0.980000019,5.63882351,0.799166203,0.632344233E-02,0.189705878,0.189705878,266.849854,-8.15481377,0.543287399E-06,1.54021978,7.50006485,0.00000000,0.00000000,0.00000000,5.06069326,3.25000000,0.00000000,0.235084863E-02,0.00000000,0.00000000,0.234533520E-02,0.235084863E-02,1.00000000,268.108032,-5.67105103,653.100037,1305.00000,68.3138199,0.800000012,0.117106615E-01,0.216000229,0.216000021,273.400116,0.194444448,0.00000000,13.2688007,0.719496012E-01,0.414394110,0.450963706,0.660000026,0.660000026,0.980000019,5.63882351,0.805740714,0.632344233E-02,0.189705878,0.189705878,267.034241,-6.84746408,0.567865470E-06,1.60989857,7.50013256,0.00000000,0.00000000,0.00000000,4.53442001,3.25000000,0.00000000,0.238855695E-02,0.00000000,0.00000000,0.238286518E-02,0.238855695E-02,1.00000000,268.265381,-5.50018311,653.100037,1305.00000,68.3138199,0.800000012,0.234213229E-01,0.216000438,0.216000229,273.400238,0.194444686,0.00000000
1,2,cold_crop_snowfall,8,60.0000000,2,F,T,0,0,F,17,15,0.500000000,28,19,0,1004.50000,0.285714298,9.81000042,2500000.00,0.567051011E-07,1.60000002,12,3,1.00000000,0.00000000,278.000000,10.0000000,95.0000000,88.0000000,0.800000012,1.00000000,250.000000,150.000000,0.800000038E-02,0.700000022E-02,7.00000000,0.180000007,80.0000000,95000.0000,268.000000,0.219999999E-02,0.199999995E-04,1.10000002,12.6344023,0.658832341E-01,0.394581407,0.285482317,0.660000026,0.660000026,0.980000019,5.63882351,0.799166203,0.632344233E-02,0.189705878,0.189705878,266.849854,-8.15481377,0.543287399E-06,1.54021978,7.50006485,0.00000000,0.00000000,0.00000000,5.06069326,3.25000000,0.00000000,0.235084863E-02,0.00000000,0.00000000,0.234533520E-02,0.235084863E-02,1.00000000,268.108032,-5.67105103,653.100037,1305.00000,68.3138199,0.800000012,0.117106615E-01,0.221999854,0.221999854,274.299957,0.201111093,0.00000000,13.2688007,0.719496012E-01,0.414394110,0.450963706,0.660000026,0.660000026,0.980000019,5.63882351,0.805740714,0.632344233E-02,0.189705878,0.189705878,267.034241,-6.84746408,0.567865470E-06,1.60989857,7.50013256,0.00000000,0.00000000,0.00000000,4.53442001,3.25000000,0.00000000,0.238855695E-02,0.00000000,0.00000000,0.238286518E-02,0.238855695E-02,1.00000000,268.265381,-5.50018311,653.100037,1305.00000,68.3138199,0.800000012,0.234213229E-01,0.221999705,0.221999705,274.299988,0.201110929,0.00000000
1,2,cold_crop_snowfall,9,60.0000000,2,F,T,0,0,F,17,15,0.500000000,28,19,0,1004.50000,0.285714298,9.81000042,2500000.00,0.567051011E-07,3.00000000,12,3,1.00000000,0.00000000,278.000000,10.0000000,95.0000000,88.0000000,0.800000012,1.00000000,250.000000,150.000000,0.800000038E-02,0.700000022E-02,7.00000000,0.180000007,80.0000000,95000.0000,268.000000,0.219999999E-02,0.199999995E-04,1.10000002,12.6344023,0.658832341E-01,0.394581407,0.285482317,0.660000026,0.660000026,0.980000019,5.63882351,0.799166203,0.632344233E-02,0.189705878,0.189705878,266.849854,-8.15481377,0.543287399E-06,1.54021978,7.50006485,0.00000000,0.00000000,0.00000000,5.06069326,3.25000000,0.00000000,0.235084863E-02,0.00000000,0.00000000,0.234533520E-02,0.235084863E-02,1.00000000,268.108032,-5.67105103,653.100037,1305.00000,68.3138199,0.800000012,0.117106615E-01,0.228000015,0.228000015,278.000000,0.207777783,0.00000000,13.2688007,0.719496012E-01,0.414394110,0.450963706,0.660000026,0.660000026,0.980000019,5.63882351,0.805740714,0.632344233E-02,0.189705878,0.189705878,267.034241,-6.84746408,0.567865470E-06,1.60989857,7.50013256,0.00000000,0.00000000,0.00000000,4.53442001,3.25000000,0.00000000,0.238855695E-02,0.00000000,0.00000000,0.238286518E-02,0.238855695E-02,1.00000000,268.265381,-5.50018311,653.100037,1305.00000,68.3138199,0.800000012,0.234213229E-01,0.228000015,0.228000015,278.000000,0.207777783,0.00000000
1,2,deep_pack_forest,1,60.0000000,2,F,T,0,0,F,17,15,0.500000000,28,19,0,1004.50000,0.285714298,9.81000042,2500000.00,0.567051011E-07,0.00000000,2,8,1.00000000,0.00000000,276.000000,30.0000000,95.0000000,92.0000000,0.00000000,0.00000000,235.000000,110.000000,0.600000005E-02,0.499999989E-02,5.00000000,0.119999997,80.0000000,95000.0000,263.000000,0.139999995E-02,0.00000000,1.10000002,139.999954,0.449999839,1.00000000,0.499904230E-01,0.349999994,0.349999994,0.980000019,6.45692301,1.00000000,0.451977644E-02,0.800000012,0.800000012,261.938721,-5.37841034,0.217385562E-06,0.616288066,7.50002575,0.00000000,0.00000000,0.00000000,0.924380124,3.25000000,0.00000000,0.152620848E-02,0.00000000,0.00000000,0.152388262E-02,0.152620848E-02,1.00000000,262.499329,-10.5367126,1046.55005,1431.00000,-1000.00000,0.00000000,0.00000000,0.330026656,0.165588543,263.165283,0.183083639,1.00000000,139.999908,0.449999690,1.00000000,0.499811433E-01,0.349999994,0.349999994,0.980000019,6.45692301,1.00000000,0.451977644E-02,0.800000012,0.800000012,261.999420,-5.07079411,0.210652345E-06,0.597199380,7.50005150,0.00000000,0.00000000,0.00000000,0.823387682,3.25000000,0.00000000,0.153452915E-02,0.00000000,0.00000000,0.153217791E-02,0.153452915E-02,1.00000000,262.498779,-10.4692688,1046.55005,1431.00000,-1000.00000,0.00000000,0.00000000,0.330053180,0.165985420,263.342224,0.182709008,1.00000000
1,2,deep_pack_forest,2,60.0000000,2,F,T,0,0,F,17,15,0.500000000,28,19,0,1004.50000,0.285714298,9.81000042,2500000.00,0.567051011E-07,0.999999978E-02,2,8,1.00000000,0.00000000,276.000000,30.0000000,95.0000000,92.0000000,0.00000000,0.00000000,235.000000,110.000000,0.600000005E-02,0.499999989E-02,5.00000000,0.119999997,80.0000000,95000.0000,263.000000,0.139999995E-02,0.00000000,1.10000002,139.999954,0.449999839,1.00000000,0.499904230E-01,0.349999994,0.349999994,0.980000019,6.45692301,1.00000000,0.451977644E-02,0.800000012,0.800000012,261.938721,-5.37841034,0.217385562E-06,0.616288066,7.50002575,0.00000000,0.00000000,0.00000000,0.924380124,3.25000000,0.00000000,0.152620848E-02,0.00000000,0.00000000,0.152388262E-02,0.152620848E-02,1.00000000,262.499329,-10.5367126,1046.55005,1431.00000,-1000.00000,0.00000000,0.00000000,0.332996339,0.167768359,264.095795,0.183302522,0.00000000,139.999908,0.449999690,1.00000000,0.499811433E-01,0.349999994,0.349999994,0.980000019,6.45692301,1.00000000,0.451977644E-02,0.800000012,0.800000012,261.999420,-5.07079411,0.210652345E-06,0.597199380,7.50005150,0.00000000,0.00000000,0.00000000,0.823387682,3.25000000,0.00000000,0.153452915E-02,0.00000000,0.00000000,0.153217791E-02,0.153452915E-02,1.00000000,262.498779,-10.4692688,1046.55005,1431.00000,-1000.00000,0.00000000,0.00000000,0.332992673,0.167495206,263.984589,0.183586642,0.00000000
1,2,deep_pack_forest,3,60.0000000,2,F,T,0,0,F,17,15,0.500000000,28,19,0,1004.50000,0.285714298,9.81000042,2500000.00,0.567051011E-07,0.399999991E-01,2,8,1.00000000,0.00000000,276.000000,30.0000000,95.0000000,92.0000000,0.00000000,0.00000000,235.000000,110.000000,0.600000005E-02,0.499999989E-02,5.00000000,0.119999997,80.0000000,95000.0000,263.000000,0.139999995E-02,0.00000000,1.10000002,139.999954,0.449999839,1.00000000,0.499904230E-01,0.349999994,0.349999994,0.980000019,6.45692301,1.00000000,0.451977644E-02,0.800000012,0.800000012,261.938721,-5.37841034,0.217385562E-06,0.616288066,7.50002575,0.00000000,0.00000000,0.00000000,0.924380124,3.25000000,0.00000000,0.152620848E-02,0.00000000,0.00000000,0.152388262E-02,0.152620848E-02,1.00000000,262.499329,-10.5367126,1046.55005,1431.00000,-1000.00000,0.00000000,0.00000000,0.335999638,0.171234518,265.385101,0.183024272,0.00000000,139.999908,0.449999690,1.00000000,0.499811433E-01,0.349999994,0.349999994,0.980000019,6.45692301,1.00000000,0.451977644E-02,0.800000012,0.800000012,261.999420,-5.07079411,0.210652345E-06,0.597199380,7.50005150,0.00000000,0.00000000,0.00000000,0.823387682,3.25000000,0.00000000,0.153452915E-02,0.00000000,0.00000000,0.153217791E-02,0.153452915E-02,1.00000000,262.498779,-10.4692688,1046.55005,1431.00000,-1000.00000,0.00000000,0.00000000,0.335999221,0.171185240,265.368256,0.183072343,0.00000000
1,2,deep_pack_forest,4,60.0000000,2,F,T,0,0,F,17,15,0.500000000,28,19,0,1004.50000,0.285714298,9.81000042,2500000.00,0.567051011E-07,0.100000001,2,8,1.00000000,0.00000000,276.000000,30.0000000,95.0000000,92.0000000,0.00000000,0.00000000,235.000000,110.000000,0.600000005E-02,0.499999989E-02,5.00000000,0.119999997,80.0000000,95000.0000,263.000000,0.139999995E-02,0.00000000,1.10000002,139.999954,0.449999839,1.00000000,0.499904230E-01,0.349999994,0.349999994,0.980000019,6.45692301,1.00000000,0.451977644E-02,0.800000012,0.800000012,261.938721,-5.37841034,0.217385562E-06,0.616288066,7.50002575,0.00000000,0.00000000,0.00000000,0.924380124,3.25000000,0.00000000,0.152620848E-02,0.00000000,0.00000000,0.152388262E-02,0.152620848E-02,1.00000000,262.499329,-10.5367126,1046.55005,1431.00000,-1000.00000,0.00000000,0.00000000,0.338999867,0.175127700,266.596893,0.182068124,0.00000000,139.999908,0.449999690,1.00000000,0.499811433E-01,0.349999994,0.349999994,0.980000019,6.45692301,1.00000000,0.451977644E-02,0.800000012,0.800000012,261.999420,-5.07079411,0.210652345E-06,0.597199380,7.50005150,0.00000000,0.00000000,0.00000000,0.823387682,3.25000000,0.00000000,0.153452915E-02,0.00000000,0.00000000,0.153217791E-02,0.153452915E-02,1.00000000,262.498779,-10.4692688,1046.55005,1431.00000,-1000.00000,0.00000000,0.00000000,0.338999718,0.175116375,266.593689,0.182080179,0.00000000
1,2,deep_pack_forest,5,60.0000000,2,F,T,0,0,F,17,15,0.500000000,28,19,0,1004.50000,0.285714298,9.81000042,2500000.00,0.567051011E-07,0.300000012,2,8,1.00000000,0.00000000,276.000000,30.0000000,95.0000000,92.0000000,0.00000000,0.00000000,235.000000,110.000000,0.600000005E-02,0.499999989E-02,5.00000000,0.119999997,80.0000000,95000.0000,263.000000,0.139999995E-02,0.00000000,1.10000002,139.999954,0.449999839,1.00000000,0.499904230E-01,0.349999994,0.349999994,0.980000019,6.45692301,1.00000000,0.451977644E-02,0.800000012,0.800000012,261.938721,-5.37841034,0.217385562E-06,0.616288066,7.50002575,0.00000000,0.00000000,0.00000000,0.924380124,3.25000000,0.00000000,0.152620848E-02,0.00000000,0.00000000,0.152388262E-02,0.152620848E-02,1.00000000,262.499329,-10.5367126,1046.55005,1431.00000,-1000.00000,0.00000000,0.00000000,0.342000008,0.179875344,267.799774,0.180137455,0.00000000,139.999908,0.449999690,1.00000000,0.499811433E-01,0.349999994,0.349999994,0.980000019,6.45692301,1.00000000,0.451977644E-02,0.800000012,0.800000012,261.999420,-5.07079411,0.210652345E-06,0.597199380,7.50005150,0.00000000,0.00000000,0.00000000,0.823387682,3.25000000,0.00000000,0.153452915E-02,0.00000000,0.00000000,0.153217791E-02,0.153452915E-02,1.00000000,262.498779,-10.4692688,1046.55005,1431.00000,-1000.00000,0.00000000,0.00000000,0.342000008,0.179874405,267.799561,0.180138513,0.00000000
1,2,deep_pack_forest,6,60.0000000,2,F,T,0,0,F,17,15,0.500000000,28,19,0,1004.50000,0.285714298,9.81000042,2500000.00,0.567051011E-07,0.600000024,2,8,1.00000000,0.00000000,276.000000,30.0000000,95.0000000,92.0000000,0.00000000,0.00000000,235.000000,110.000000,0.600000005E-02,0.499999989E-02,5.00000000,0.119999997,80.0000000,95000.0000,263.000000,0.139999995E-02,0.00000000,1.10000002,139.999954,0.449999839,1.00000000,0.499904230E-01,0.349999994,0.349999994,0.980000019,6.45692301,1.00000000,0.451977644E-02,0.800000012,0.800000012,261.938721,-5.37841034,0.217385562E-06,0.616288066,7.50002575,0.00000000,0.00000000,0.00000000,0.924380124,3.25000000,0.00000000,0.152620848E-02,0.00000000,0.00000000,0.152388262E-02,0.152620848E-02,1.00000000,262.499329,-10.5367126,1046.55005,1431.00000,-1000.00000,0.00000000,0.00000000,0.344999999,0.185975939,268.999939,0.176693007,0.00000000,139.999908,0.449999690,1.00000000,0.499811433E-01,0.349999994,0.349999994,0.980000019,6.45692301,1.00000000,0.451977644E-02,0.800000012,0.800000012,261.999420,-5.07079411,0.210652345E-06,0.597199380,7.50005150,0.00000000,0.00000000,0.00000000,0.823387682,3.25000000,0.00000000,0.153452915E-02,0.00000000,0.00000000,0.153217791E-02,0.153452915E-02,1.00000000,262.498779,-10.4692688,1046.55005,1431.00000,-1000.00000,0.00000000,0.00000000,0.344999969,0.185975596,268.999878,0.176693395,0.00000000
1,2,deep_pack_forest,7,60.0000000,2,F,T,0,0,F,17,15,0.500000000,28,19,0,1004.50000,0.285714298,9.81000042,2500000.00,0.567051011E-07,1.00000000,2,8,1.00000000,0.00000000,276.000000,30.0000000,95.0000000,92.0000000,0.00000000,0.00000000,235.000000,110.000000,0.600000005E-02,0.499999989E-02,5.00000000,0.119999997,80.0000000,95000.0000,263.000000,0.139999995E-02,0.00000000,1.10000002,139.999954,0.449999839,1.00000000,0.499904230E-01,0.349999994,0.349999994,0.980000019,6.45692301,1.00000000,0.451977644E-02,0.800000012,0.800000012,261.938721,-5.37841034,0.217385562E-06,0.616288066,7.50002575,0.00000000,0.00000000,0.00000000,0.924380124,3.25000000,0.00000000,0.152620848E-02,0.00000000,0.00000000,0.152388262E-02,0.152620848E-02,1.00000000,262.499329,-10.5367126,1046.55005,1431.00000,-1000.00000,0.00000000,0.00000000,0.348000050,0.194460809,270.199951,0.170598537,0.00000000,139.999908,0.449999690,1.00000000,0.499811433E-01,0.349999994,0.349999994,0.980000019,6.45692301,1.00000000,0.451977644E-02,0.800000012,0.800000012,261.999420,-5.07079411,0.210652345E-06,0.597199380,7.50005150,0.00000000,0.00000000,0.00000000,0.823387682,3.25000000,0.00000000,0.153452915E-02,0.00000000,0.00000000,0.153217791E-02,0.153452915E-02,1.00000000,262.498779,-10.4692688,1046.55005,1431.00000,-1000.00000,0.00000000,0.00000000,0.348000079,0.194460288,270.199890,0.170599148,0.00000000
1,2,deep_pack_forest,8,60.0000000,2,F,T,0,0,F,17,15,0.500000000,28,19,0,1004.50000,0.285714298,9.81000042,2500000.00,0.567051011E-07,1.60000002,2,8,1.00000000,0.00000000,276.000000,30.0000000,95.0000000,92.0000000,0.00000000,0.00000000,235.000000,110.000000,0.600000005E-02,0.499999989E-02,5.00000000,0.119999997,80.0000000,95000.0000,263.000000,0.139999995E-02,0.00000000,1.10000002,139.999954,0.449999839,1.00000000,0.499904230E-01,0.349999994,0.349999994,0.980000019,6.45692301,1.00000000,0.451977644E-02,0.800000012,0.800000012,261.938721,-5.37841034,0.217385562E-06,0.616288066,7.50002575,0.00000000,0.00000000,0.00000000,0.924380124,3.25000000,0.00000000,0.152620848E-02,0.00000000,0.00000000,0.152388262E-02,0.152620848E-02,1.00000000,262.499329,-10.5367126,1046.55005,1431.00000,-1000.00000,0.00000000,0.00000000,0.351000041,0.208133847,271.399963,0.158739656,0.00000000,139.999908,0.449999690,1.00000000,0.499811433E-01,0.349999994,0.349999994,0.980000019,6.45692301,1.00000000,0.451977644E-02,0.800000012,0.800000012,261.999420,-5.07079411,0.210652345E-06,0.597199380,7.50005150,0.00000000,0.00000000,0.00000000,0.823387682,3.25000000,0.00000000,0.153452915E-02,0.00000000,0.00000000,0.153217791E-02,0.153452915E-02,1.00000000,262.498779,-10.4692688,1046.55005,1431.00000,-1000.00000,0.00000000,0.00000000,0.351000011,0.208135247,271.400055,0.158740208,0.00000000
1,2,deep_pack_forest,9,60.0000000,2,F,T,0,0,F,17,15,0.500000000,28,19,0,1004.50000,0.285714298,9.81000042,2500000.00,0.567051011E-07,3.00000000,2,8,1.00000000,0.00000000,276.000000,30.0000000,95.0000000,92.0000000,0.00000000,0.00000000,235.000000,110.000000,0.600000005E-02,0.499999989E-02,5.00000000,0.119999997,80.0000000,95000.0000,263.000000,0.139999995E-02,0.00000000,1.10000002,139.999954,0.449999839,1.00000000,0.499904230E-01,0.349999994,0.349999994,0.980000019,6.45692301,1.00000000,0.451977644E-02,0.800000012,0.800000012,261.938721,-5.37841034,0.217385562E-06,0.616288066,7.50002575,0.00000000,0.00000000,0.00000000,0.924380124,3.25000000,0.00000000,0.152620848E-02,0.00000000,0.00000000,0.152388262E-02,0.152620848E-02,1.00000000,262.499329,-10.5367126,1046.55005,1431.00000,-1000.00000,0.00000000,0.00000000,0.354000002,0.241798446,276.000000,0.124668390,0.00000000,139.999908,0.449999690,1.00000000,0.499811433E-01,0.349999994,0.349999994,0.980000019,6.45692301,1.00000000,0.451977644E-02,0.800000012,0.800000012,261.999420,-5.07079411,0.210652345E-06,0.597199380,7.50005150,0.00000000,0.00000000,0.00000000,0.823387682,3.25000000,0.00000000,0.153452915E-02,0.00000000,0.00000000,0.153217791E-02,0.153452915E-02,1.00000000,262.498779,-10.4692688,1046.55005,1431.00000,-1000.00000,0.00000000,0.00000000,0.354000002,0.354000002,276.000000,0.326666653,0.00000000
1,2,open_water,1,60.0000000,2,F,T,0,0,F,17,15,0.500000000,28,19,0,1004.50000,0.285714298,9.81000042,2500000.00,0.567051011E-07,0.00000000,17,14,2.00000000,0.00000000,286.000000,0.00000000,0.00000000,0.00000000,0.400000006,0.00000000,350.000000,400.000000,0.199999996E-01,0.189999994E-01,19.0000000,0.799999982E-01,80.0000000,95000.0000,286.000000,0.954999961E-02,0.00000000,1.10000002,0.00000000,0.00000000,0.00000000,0.00000000,0.699999988,0.799999982E-01,0.980000019,0.999999978E-02,1.00000000,0.00000000,0.00000000,0.999999975E-04,286.000000,0.00000000,0.00000000,0.00000000,7.50000000,0.00000000,0.00000000,0.00000000,0.00000000,3.25000000,0.00000000,0.970683713E-02,0.00000000,0.00000000,0.961352047E-02,0.970683713E-02,1.00000000,286.000000,12.8500061,1.00000000,1.00000000,-1000.00000,0.00000000,0.00000000,1.00000000,1.00000000,286.000000,0.00000000,0.00000000,0.00000000,0.00000000,0.00000000,0.00000000,0.699999988,0.799999982E-01,0.980000019,0.999999978E-02,1.00000000,0.00000000,0.00000000,0.999999975E-04,286.000000,0.00000000,0.00000000,0.00000000,7.50000000,0.00000000,0.00000000,0.00000000,0.00000000,3.25000000,0.00000000,0.970683713E-02,0.00000000,0.00000000,0.961352047E-02,0.970683713E-02,1.00000000,286.000000,12.8500061,1.00000000,1.00000000,-1000.00000,0.00000000,0.00000000,1.00000000,1.00000000,286.000000,0.00000000,0.00000000
1,2,open_water,2,60.0000000,2,F,T,0,0,F,17,15,0.500000000,28,19,0,1004.50000,0.285714298,9.81000042,2500000.00,0.567051011E-07,0.999999978E-02,17,14,2.00000000,0.00000000,286.000000,0.00000000,0.00000000,0.00000000,0.400000006,0.00000000,350.000000,400.000000,0.199999996E-01,0.189999994E-01,19.0000000,0.799999982E-01,80.0000000,95000.0000,286.000000,0.954999961E-02,0.00000000,1.10000002,0.00000000,0.00000000,0.00000000,0.00000000,0.699999988,0.799999982E-01,0.980000019,0.999999978E-02,1.00000000,0.00000000,0.00000000,0.999999975E-04,286.000000,0.00000000,0.00000000,0.00000000,7.50000000,0.00000000,0.00000000,0.00000000,0.00000000,3.25000000,0.00000000,0.970683713E-02,0.00000000,0.00000000,0.961352047E-02,0.970683713E-02,1.00000000,286.000000,12.8500061,1.00000000,1.00000000,-1000.00000,0.00000000,0.00000000,1.00000000,1.00000000,286.000000,0.00000000,0.00000000,0.00000000,0.00000000,0.00000000,0.00000000,0.699999988,0.799999982E-01,0.980000019,0.999999978E-02,1.00000000,0.00000000,0.00000000,0.999999975E-04,286.000000,0.00000000,0.00000000,0.00000000,7.50000000,0.00000000,0.00000000,0.00000000,0.00000000,3.25000000,0.00000000,0.970683713E-02,0.00000000,0.00000000,0.961352047E-02,0.970683713E-02,1.00000000,286.000000,12.8500061,1.00000000,1.00000000,-1000.00000,0.00000000,0.00000000,1.00000000,1.00000000,286.000000,0.00000000,0.00000000
1,2,open_water,3,60.0000000,2,F,T,0,0,F,17,15,0.500000000,28,19,0,1004.50000,0.285714298,9.81000042,2500000.00,0.567051011E-07,0.399999991E-01,17,14,2.00000000,0.00000000,286.000000,0.00000000,0.00000000,0.00000000,0.400000006,0.00000000,350.000000,400.000000,0.199999996E-01,0.189999994E-01,19.0000000,0.799999982E-01,80.0000000,95000.0000,286.000000,0.954999961E-02,0.00000000,1.10000002,0.00000000,0.00000000,0.00000000,0.00000000,0.699999988,0.799999982E-01,0.980000019,0.999999978E-02,1.00000000,0.00000000,0.00000000,0.999999975E-04,286.000000,0.00000000,0.00000000,0.00000000,7.50000000,0.00000000,0.00000000,0.00000000,0.00000000,3.25000000,0.00000000,0.970683713E-02,0.00000000,0.00000000,0.961352047E-02,0.970683713E-02,1.00000000,286.000000,12.8500061,1.00000000,1.00000000,-1000.00000,0.00000000,0.00000000,1.00000000,1.00000000,286.000000,0.00000000,0.00000000,0.00000000,0.00000000,0.00000000,0.00000000,0.699999988,0.799999982E-01,0.980000019,0.999999978E-02,1.00000000,0.00000000,0.00000000,0.999999975E-04,286.000000,0.00000000,0.00000000,0.00000000,7.50000000,0.00000000,0.00000000,0.00000000,0.00000000,3.25000000,0.00000000,0.970683713E-02,0.00000000,0.00000000,0.961352047E-02,0.970683713E-02,1.00000000,286.000000,12.8500061,1.00000000,1.00000000,-1000.00000,0.00000000,0.00000000,1.00000000,1.00000000,286.000000,0.00000000,0.00000000
1,2,open_water,4,60.0000000,2,F,T,0,0,F,17,15,0.500000000,28,19,0,1004.50000,0.285714298,9.81000042,2500000.00,0.567051011E-07,0.100000001,17,14,2.00000000,0.00000000,286.000000,0.00000000,0.00000000,0.00000000,0.400000006,0.00000000,350.000000,400.000000,0.199999996E-01,0.189999994E-01,19.0000000,0.799999982E-01,80.0000000,95000.0000,286.000000,0.954999961E-02,0.00000000,1.10000002,0.00000000,0.00000000,0.00000000,0.00000000,0.699999988,0.799999982E-01,0.980000019,0.999999978E-02,1.00000000,0.00000000,0.00000000,0.999999975E-04,286.000000,0.00000000,0.00000000,0.00000000,7.50000000,0.00000000,0.00000000,0.00000000,0.00000000,3.25000000,0.00000000,0.970683713E-02,0.00000000,0.00000000,0.961352047E-02,0.970683713E-02,1.00000000,286.000000,12.8500061,1.00000000,1.00000000,-1000.00000,0.00000000,0.00000000,1.00000000,1.00000000,286.000000,0.00000000,0.00000000,0.00000000,0.00000000,0.00000000,0.00000000,0.699999988,0.799999982E-01,0.980000019,0.999999978E-02,1.00000000,0.00000000,0.00000000,0.999999975E-04,286.000000,0.00000000,0.00000000,0.00000000,7.50000000,0.00000000,0.00000000,0.00000000,0.00000000,3.25000000,0.00000000,0.970683713E-02,0.00000000,0.00000000,0.961352047E-02,0.970683713E-02,1.00000000,286.000000,12.8500061,1.00000000,1.00000000,-1000.00000,0.00000000,0.00000000,1.00000000,1.00000000,286.000000,0.00000000,0.00000000
1,2,open_water,5,60.0000000,2,F,T,0,0,F,17,15,0.500000000,28,19,0,1004.50000,0.285714298,9.81000042,2500000.00,0.567051011E-07,0.300000012,17,14,2.00000000,0.00000000,286.000000,0.00000000,0.00000000,0.00000000,0.400000006,0.00000000,350.000000,400.000000,0.199999996E-01,0.189999994E-01,19.0000000,0.799999982E-01,80.0000000,95000.0000,286.000000,0.954999961E-02,0.00000000,1.10000002,0.00000000,0.00000000,0.00000000,0.00000000,0.699999988,0.799999982E-01,0.980000019,0.999999978E-02,1.00000000,0.00000000,0.00000000,0.999999975E-04,286.000000,0.00000000,0.00000000,0.00000000,7.50000000,0.00000000,0.00000000,0.00000000,0.00000000,3.25000000,0.00000000,0.970683713E-02,0.00000000,0.00000000,0.961352047E-02,0.970683713E-02,1.00000000,286.000000,12.8500061,1.00000000,1.00000000,-1000.00000,0.00000000,0.00000000,1.00000000,1.00000000,286.000000,0.00000000,0.00000000,0.00000000,0.00000000,0.00000000,0.00000000,0.699999988,0.799999982E-01,0.980000019,0.999999978E-02,1.00000000,0.00000000,0.00000000,0.999999975E-04,286.000000,0.00000000,0.00000000,0.00000000,7.50000000,0.00000000,0.00000000,0.00000000,0.00000000,3.25000000,0.00000000,0.970683713E-02,0.00000000,0.00000000,0.961352047E-02,0.970683713E-02,1.00000000,286.000000,12.8500061,1.00000000,1.00000000,-1000.00000,0.00000000,0.00000000,1.00000000,1.00000000,286.000000,0.00000000,0.00000000
1,2,open_water,6,60.0000000,2,F,T,0,0,F,17,15,0.500000000,28,19,0,1004.50000,0.285714298,9.81000042,2500000.00,0.567051011E-07,0.600000024,17,14,2.00000000,0.00000000,286.000000,0.00000000,0.00000000,0.00000000,0.400000006,0.00000000,350.000000,400.000000,0.199999996E-01,0.189999994E-01,19.0000000,0.799999982E-01,80.0000000,95000.0000,286.000000,0.954999961E-02,0.00000000,1.10000002,0.00000000,0.00000000,0.00000000,0.00000000,0.699999988,0.799999982E-01,0.980000019,0.999999978E-02,1.00000000,0.00000000,0.00000000,0.999999975E-04,286.000000,0.00000000,0.00000000,0.00000000,7.50000000,0.00000000,0.00000000,0.00000000,0.00000000,3.25000000,0.00000000,0.970683713E-02,0.00000000,0.00000000,0.961352047E-02,0.970683713E-02,1.00000000,286.000000,12.8500061,1.00000000,1.00000000,-1000.00000,0.00000000,0.00000000,1.00000000,1.00000000,286.000000,0.00000000,0.00000000,0.00000000,0.00000000,0.00000000,0.00000000,0.699999988,0.799999982E-01,0.980000019,0.999999978E-02,1.00000000,0.00000000,0.00000000,0.999999975E-04,286.000000,0.00000000,0.00000000,0.00000000,7.50000000,0.00000000,0.00000000,0.00000000,0.00000000,3.25000000,0.00000000,0.970683713E-02,0.00000000,0.00000000,0.961352047E-02,0.970683713E-02,1.00000000,286.000000,12.8500061,1.00000000,1.00000000,-1000.00000,0.00000000,0.00000000,1.00000000,1.00000000,286.000000,0.00000000,0.00000000
1,2,open_water,7,60.0000000,2,F,T,0,0,F,17,15,0.500000000,28,19,0,1004.50000,0.285714298,9.81000042,2500000.00,0.567051011E-07,1.00000000,17,14,2.00000000,0.00000000,286.000000,0.00000000,0.00000000,0.00000000,0.400000006,0.00000000,350.000000,400.000000,0.199999996E-01,0.189999994E-01,19.0000000,0.799999982E-01,80.0000000,95000.0000,286.000000,0.954999961E-02,0.00000000,1.10000002,0.00000000,0.00000000,0.00000000,0.00000000,0.699999988,0.799999982E-01,0.980000019,0.999999978E-02,1.00000000,0.00000000,0.00000000,0.999999975E-04,286.000000,0.00000000,0.00000000,0.00000000,7.50000000,0.00000000,0.00000000,0.00000000,0.00000000,3.25000000,0.00000000,0.970683713E-02,0.00000000,0.00000000,0.961352047E-02,0.970683713E-02,1.00000000,286.000000,12.8500061,1.00000000,1.00000000,-1000.00000,0.00000000,0.00000000,1.00000000,1.00000000,286.000000,0.00000000,0.00000000,0.00000000,0.00000000,0.00000000,0.00000000,0.699999988,0.799999982E-01,0.980000019,0.999999978E-02,1.00000000,0.00000000,0.00000000,0.999999975E-04,286.000000,0.00000000,0.00000000,0.00000000,7.50000000,0.00000000,0.00000000,0.00000000,0.00000000,3.25000000,0.00000000,0.970683713E-02,0.00000000,0.00000000,0.961352047E-02,0.970683713E-02,1.00000000,286.000000,12.8500061,1.00000000,1.00000000,-1000.00000,0.00000000,0.00000000,1.00000000,1.00000000,286.000000,0.00000000,0.00000000
1,2,open_water,8,60.0000000,2,F,T,0,0,F,17,15,0.500000000,28,19,0,1004.50000,0.285714298,9.81000042,2500000.00,0.567051011E-07,1.60000002,17,14,2.00000000,0.00000000,286.000000,0.00000000,0.00000000,0.00000000,0.400000006,0.00000000,350.000000,400.000000,0.199999996E-01,0.189999994E-01,19.0000000,0.799999982E-01,80.0000000,95000.0000,286.000000,0.954999961E-02,0.00000000,1.10000002,0.00000000,0.00000000,0.00000000,0.00000000,0.699999988,0.799999982E-01,0.980000019,0.999999978E-02,1.00000000,0.00000000,0.00000000,0.999999975E-04,286.000000,0.00000000,0.00000000,0.00000000,7.50000000,0.00000000,0.00000000,0.00000000,0.00000000,3.25000000,0.00000000,0.970683713E-02,0.00000000,0.00000000,0.961352047E-02,0.970683713E-02,1.00000000,286.000000,12.8500061,1.00000000,1.00000000,-1000.00000,0.00000000,0.00000000,1.00000000,1.00000000,286.000000,0.00000000,0.00000000,0.00000000,0.00000000,0.00000000,0.00000000,0.699999988,0.799999982E-01,0.980000019,0.999999978E-02,1.00000000,0.00000000,0.00000000,0.999999975E-04,286.000000,0.00000000,0.00000000,0.00000000,7.50000000,0.00000000,0.00000000,0.00000000,0.00000000,3.25000000,0.00000000,0.970683713E-02,0.00000000,0.00000000,0.961352047E-02,0.970683713E-02,1.00000000,286.000000,12.8500061,1.00000000,1.00000000,-1000.00000,0.00000000,0.00000000,1.00000000,1.00000000,286.000000,0.00000000,0.00000000
1,2,open_water,9,60.0000000,2,F,T,0,0,F,17,15,0.500000000,28,19,0,1004.50000,0.285714298,9.81000042,2500000.00,0.567051011E-07,3.00000000,17,14,2.00000000,0.00000000,286.000000,0.00000000,0.00000000,0.00000000,0.400000006,0.00000000,350.000000,400.000000,0.199999996E-01,0.189999994E-01,19.0000000,0.799999982E-01,80.0000000,95000.0000,286.000000,0.954999961E-02,0.00000000,1.10000002,0.00000000,0.00000000,0.00000000,0.00000000,0.699999988,0.799999982E-01,0.980000019,0.999999978E-02,1.00000000,0.00000000,0.00000000,0.999999975E-04,286.000000,0.00000000,0.00000000,0.00000000,7.50000000,0.00000000,0.00000000,0.00000000,0.00000000,3.25000000,0.00000000,0.970683713E-02,0.00000000,0.00000000,0.961352047E-02,0.970683713E-02,1.00000000,286.000000,12.8500061,1.00000000,1.00000000,-1000.00000,0.00000000,0.00000000,1.00000000,1.00000000,286.000000,0.00000000,0.00000000,0.00000000,0.00000000,0.00000000,0.00000000,0.699999988,0.799999982E-01,0.980000019,0.999999978E-02,1.00000000,0.00000000,0.00000000,0.999999975E-04,286.000000,0.00000000,0.00000000,0.00000000,7.50000000,0.00000000,0.00000000,0.00000000,0.00000000,3.25000000,0.00000000,0.970683713E-02,0.00000000,0.00000000,0.961352047E-02,0.970683713E-02,1.00000000,286.000000,12.8500061,1.00000000,1.00000000,-1000.00000,0.00000000,0.00000000,1.00000000,1.00000000,286.000000,0.00000000,0.00000000
1,2,snow_on_sea_ice,1,60.0000000,2,F,T,0,0,F,17,15,0.500000000,28,19,0,1004.50000,0.285714298,9.81000042,2500000.00,0.567051011E-07,0.00000000,15,16,1.00000000,0.850000024,271.000000,0.00000000,0.00000000,0.00000000,0.200000003,1.00000000,215.000000,70.0000000,0.499999989E-02,0.400000019E-02,4.00000000,0.550000012,80.0000000,95000.0000,261.000000,0.109999999E-02,0.00000000,1.10000002,40.1999588,0.181559578,0.850000024,0.00000000,0.750000000,0.750000000,0.980000019,0.999999978E-02,1.00000000,0.361673138E-02,0.109999999E-01,0.109999999E-01,260.002991,-4.04317713,0.726025633E-06,2.05828261,7.50008678,0.00000000,0.00000000,0.00000000,-1.00047302,3.25000000,0.00000000,0.128150522E-02,0.00000000,0.00000000,0.127986504E-02,0.128150638E-02,1.00000000,259.317535,-13.4897156,3000.00000,3000.00000,59.9088516,0.200000003,0.333840493E-02,1.00000000,0.00000000,259.317535,1.00000000,0.00000000,40.3999176,0.183123931,0.850000024,0.00000000,0.750000000,0.750000000,0.980000019,0.999999978E-02,1.00000000,0.361673138E-02,0.109999999E-01,0.109999999E-01,260.031891,-3.92597818,0.739524637E-06,2.09655237,7.50017548,0.00000000,0.00000000,0.00000000,-0.764756203,3.25000000,0.00000000,0.128487975E-02,0.00000000,0.00000000,0.128323096E-02,0.128488115E-02,1.00000000,259.503418,-13.3823547,3000.00000,3000.00000,59.9088516,0.200000003,0.667680986E-02,1.00000000,0.00000000,259.503418,1.00000000,0.00000000
1,2,snow_on_sea_ice,2,60.0000000,2,F,T,0,0,F,17,15,0.500000000,28,19,0,1004.50000,0.285714298,9.81000042,2500000.00,0.567051011E-07,0.999999978E-02,15,16,1.00000000,0.850000024,271.000000,0.00000000,0.00000000,0.00000000,0.200000003,1.00000000,215.000000,70.0000000,0.499999989E-02,0.400000019E-02,4.00000000,0.550000012,80.0000000,95000.0000,261.000000,0.109999999E-02,0.00000000,1.10000002,40.1999588,0.181559578,0.850000024,0.00000000,0.750000000,0.750000000,0.980000019,0.999999978E-02,1.00000000,0.361673138E-02,0.109999999E-01,0.109999999E-01,260.002991,-4.04317713,0.726025633E-06,2.05828261,7.50008678,0.00000000,0.00000000,0.00000000,-1.00047302,3.25000000,0.00000000,0.128150522E-02,0.00000000,0.00000000,0.127986504E-02,0.128150638E-02,1.00000000,259.317535,-13.4897156,3000.00000,3000.00000,59.9088516,0.200000003,0.333840493E-02,1.00000000,0.00000000,259.927521,1.00000000,0.00000000,40.3999176,0.183123931,0.850000024,0.00000000,0.750000000,0.750000000,0.980000019,0.999999978E-02,1.00000000,0.361673138E-02,0.109999999E-01,0.109999999E-01,260.031891,-3.92597818,0.739524637E-06,2.09655237,7.50017548,0.00000000,0.00000000,0.00000000,-0.764756203,3.25000000,0.00000000,0.128487975E-02,0.00000000,0.00000000,0.128323096E-02,0.128488115E-02,1.00000000,259.503418,-13.3823547,3000.00000,3000.00000,59.9088516,0.200000003,0.667680986E-02,1.00000000,0.00000000,259.894592,1.00000000,0.00000000
1,2,snow_on_sea_ice,3,60.0000000,2,F,T,0,0,F,17,15,0.500000000,28,19,0,1004.50000,0.285714298,9.81000042,2500000.00,0.567051011E-07,0.399999991E-01,15,16,1.00000000,0.850000024,271.000000,0.00000000,0.00000000,0.00000000,0.200000003,1.00000000,215.000000,70.0000000,0.499999989E-02,0.400000019E-02,4.00000000,0.550000012,80.0000000,95000.0000,261.000000,0.109999999E-02,0.00000000,1.10000002,40.1999588,0.181559578,0.850000024,0.00000000,0.750000000,0.750000000,0.980000019,0.999999978E-02,1.00000000,0.361673138E-02,0.109999999E-01,0.109999999E-01,260.002991,-4.04317713,0.726025633E-06,2.05828261,7.50008678,0.00000000,0.00000000,0.00000000,-1.00047302,3.25000000,0.00000000,0.128150522E-02,0.00000000,0.00000000,0.127986504E-02,0.128150638E-02,1.00000000,259.317535,-13.4897156,3000.00000,3000.00000,59.9088516,0.200000003,0.333840493E-02,1.00000000,0.00000000,261.166504,1.00000000,0.00000000,40.3999176,0.183123931,0.850000024,0.00000000,0.750000000,0.750000000,0.980000019,0.999999978E-02,1.00000000,0.361673138E-02,0.109999999E-01,0.109999999E-01,260.031891,-3.92597818,0.739524637E-06,2.09655237,7.50017548,0.00000000,0.00000000,0.00000000,-0.764756203,3.25000000,0.00000000,0.128487975E-02,0.00000000,0.00000000,0.128323096E-02,0.128488115E-02,1.00000000,259.503418,-13.3823547,3000.00000,3000.00000,59.9088516,0.200000003,0.667680986E-02,1.00000000,0.00000000,261.130005,1.00000000,0.00000000
1,2,snow_on_sea_ice,4,60.0000000,2,F,T,0,0,F,17,15,0.500000000,28,19,0,1004.50000,0.285714298,9.81000042,2500000.00,0.567051011E-07,0.100000001,15,16,1.00000000,0.850000024,271.000000,0.00000000,0.00000000,0.00000000,0.200000003,1.00000000,215.000000,70.0000000,0.499999989E-02,0.400000019E-02,4.00000000,0.550000012,80.0000000,95000.0000,261.000000,0.109999999E-02,0.00000000,1.10000002,40.1999588,0.181559578,0.850000024,0.00000000,0.750000000,0.750000000,0.980000019,0.999999978E-02,1.00000000,0.361673138E-02,0.109999999E-01,0.109999999E-01,260.002991,-4.04317713,0.726025633E-06,2.05828261,7.50008678,0.00000000,0.00000000,0.00000000,-1.00047302,3.25000000,0.00000000,0.128150522E-02,0.00000000,0.00000000,0.127986504E-02,0.128150638E-02,1.00000000,259.317535,-13.4897156,3000.00000,3000.00000,59.9088516,0.200000003,0.333840493E-02,1.00000000,0.00000000,262.292664,1.00000000,0.00000000,40.3999176,0.183123931,0.850000024,0.00000000,0.750000000,0.750000000,0.980000019,0.999999978E-02,1.00000000,0.361673138E-02,0.109999999E-01,0.109999999E-01,260.031891,-3.92597818,0.739524637E-06,2.09655237,7.50017548,0.00000000,0.00000000,0.00000000,-0.764756203,3.25000000,0.00000000,0.128487975E-02,0.00000000,0.00000000,0.128323096E-02,0.128488115E-02,1.00000000,259.503418,-13.3823547,3000.00000,3000.00000,59.9088516,0.200000003,0.667680986E-02,1.00000000,0.00000000,262.285095,1.00000000,0.00000000
1,2,snow_on_sea_ice,5,60.0000000,2,F,T,0,0,F,17,15,0.500000000,28,19,0,1004.50000,0.285714298,9.81000042,2500000.00,0.567051011E-07,0.300000012,15,16,1.00000000,0.850000024,271.000000,0.00000000,0.00000000,0.00000000,0.200000003,1.00000000,215.000000,70.0000000,0.499999989E-02,0.400000019E-02,4.00000000,0.550000012,80.0000000,95000.0000,261.000000,0.109999999E-02,0.00000000,1.10000002,40.1999588,0.181559578,0.850000024,0.00000000,0.750000000,0.750000000,0.980000019,0.999999978E-02,1.00000000,0.361673138E-02,0.109999999E-01,0.109999999E-01,260.002991,-4.04317713,0.726025633E-06,2.05828261,7.50008678,0.00000000,0.00000000,0.00000000,-1.00047302,3.25000000,0.00000000,0.128150522E-02,0.00000000,0.00000000,0.127986504E-02,0.128150638E-02,1.00000000,259.317535,-13.4897156,3000.00000,3000.00000,59.9088516,0.200000003,0.333840493E-02,1.00000000,0.00000000,263.399475,1.00000000,0.00000000,40.3999176,0.183123931,0.850000024,0.00000000,0.750000000,0.750000000,0.980000019,0.999999978E-02,1.00000000,0.361673138E-02,0.109999999E-01,0.109999999E-01,260.031891,-3.92597818,0.739524637E-06,2.09655237,7.50017548,0.00000000,0.00000000,0.00000000,-0.764756203,3.25000000,0.00000000,0.128487975E-02,0.00000000,0.00000000,0.128323096E-02,0.128488115E-02,1.00000000,259.503418,-13.3823547,3000.00000,3000.00000,59.9088516,0.200000003,0.667680986E-02,1.00000000,0.00000000,263.398926,1.00000000,0.00000000
1,2,snow_on_sea_ice,6,60.0000000,2,F,T,0,0,F,17,15,0.500000000,28,19,0,1004.50000,0.285714298,9.81000042,2500000.00,0.567051011E-07,0.600000024,15,16,1.00000000,0.850000024,271.000000,0.00000000,0.00000000,0.00000000,0.200000003,1.00000000,215.000000,70.0000000,0.499999989E-02,0.400000019E-02,4.00000000,0.550000012,80.0000000,95000.0000,261.000000,0.109999999E-02,0.00000000,1.10000002,40.1999588,0.181559578,0.850000024,0.00000000,0.750000000,0.750000000,0.980000019,0.999999978E-02,1.00000000,0.361673138E-02,0.109999999E-01,0.109999999E-01,260.002991,-4.04317713,0.726025633E-06,2.05828261,7.50008678,0.00000000,0.00000000,0.00000000,-1.00047302,3.25000000,0.00000000,0.128150522E-02,0.00000000,0.00000000,0.127986504E-02,0.128150638E-02,1.00000000,259.317535,-13.4897156,3000.00000,3000.00000,59.9088516,0.200000003,0.333840493E-02,1.00000000,0.00000000,264.499817,1.00000000,0.00000000,40.3999176,0.183123931,0.850000024,0.00000000,0.750000000,0.750000000,0.980000019,0.999999978E-02,1.00000000,0.361673138E-02,0.109999999E-01,0.109999999E-01,260.031891,-3.92597818,0.739524637E-06,2.09655237,7.50017548,0.00000000,0.00000000,0.00000000,-0.764756203,3.25000000,0.00000000,0.128487975E-02,0.00000000,0.00000000,0.128323096E-02,0.128488115E-02,1.00000000,259.503418,-13.3823547,3000.00000,3000.00000,59.9088516,0.200000003,0.667680986E-02,1.00000000,0.00000000,264.499634,1.00000000,0.00000000
1,2,snow_on_sea_ice,7,60.0000000,2,F,T,0,0,F,17,15,0.500000000,28,19,0,1004.50000,0.285714298,9.81000042,2500000.00,0.567051011E-07,1.00000000,15,16,1.00000000,0.850000024,271.000000,0.00000000,0.00000000,0.00000000,0.200000003,1.00000000,215.000000,70.0000000,0.499999989E-02,0.400000019E-02,4.00000000,0.550000012,80.0000000,95000.0000,261.000000,0.109999999E-02,0.00000000,1.10000002,40.1999588,0.181559578,0.850000024,0.00000000,0.750000000,0.750000000,0.980000019,0.999999978E-02,1.00000000,0.361673138E-02,0.109999999E-01,0.109999999E-01,260.002991,-4.04317713,0.726025633E-06,2.05828261,7.50008678,0.00000000,0.00000000,0.00000000,-1.00047302,3.25000000,0.00000000,0.128150522E-02,0.00000000,0.00000000,0.127986504E-02,0.128150638E-02,1.00000000,259.317535,-13.4897156,3000.00000,3000.00000,59.9088516,0.200000003,0.333840493E-02,1.00000000,0.00000000,265.599854,1.00000000,0.00000000,40.3999176,0.183123931,0.850000024,0.00000000,0.750000000,0.750000000,0.980000019,0.999999978E-02,1.00000000,0.361673138E-02,0.109999999E-01,0.109999999E-01,260.031891,-3.92597818,0.739524637E-06,2.09655237,7.50017548,0.00000000,0.00000000,0.00000000,-0.764756203,3.25000000,0.00000000,0.128487975E-02,0.00000000,0.00000000,0.128323096E-02,0.128488115E-02,1.00000000,259.503418,-13.3823547,3000.00000,3000.00000,59.9088516,0.200000003,0.667680986E-02,1.00000000,0.00000000,265.599701,1.00000000,0.00000000
1,2,snow_on_sea_ice,8,60.0000000,2,F,T,0,0,F,17,15,0.500000000,28,19,0,1004.50000,0.285714298,9.81000042,2500000.00,0.567051011E-07,1.60000002,15,16,1.00000000,0.850000024,271.000000,0.00000000,0.00000000,0.00000000,0.200000003,1.00000000,215.000000,70.0000000,0.499999989E-02,0.400000019E-02,4.00000000,0.550000012,80.0000000,95000.0000,261.000000,0.109999999E-02,0.00000000,1.10000002,40.1999588,0.181559578,0.850000024,0.00000000,0.750000000,0.750000000,0.980000019,0.999999978E-02,1.00000000,0.361673138E-02,0.109999999E-01,0.109999999E-01,260.002991,-4.04317713,0.726025633E-06,2.05828261,7.50008678,0.00000000,0.00000000,0.00000000,-1.00047302,3.25000000,0.00000000,0.128150522E-02,0.00000000,0.00000000,0.127986504E-02,0.128150638E-02,1.00000000,259.317535,-13.4897156,3000.00000,3000.00000,59.9088516,0.200000003,0.333840493E-02,1.00000000,0.00000000,266.699951,1.00000000,0.00000000,40.3999176,0.183123931,0.850000024,0.00000000,0.750000000,0.750000000,0.980000019,0.999999978E-02,1.00000000,0.361673138E-02,0.109999999E-01,0.109999999E-01,260.031891,-3.92597818,0.739524637E-06,2.09655237,7.50017548,0.00000000,0.00000000,0.00000000,-0.764756203,3.25000000,0.00000000,0.128487975E-02,0.00000000,0.00000000,0.128323096E-02,0.128488115E-02,1.00000000,259.503418,-13.3823547,3000.00000,3000.00000,59.9088516,0.200000003,0.667680986E-02,1.00000000,0.00000000,266.700043,1.00000000,0.00000000
1,2,snow_on_sea_ice,9,60.0000000,2,F,T,0,0,F,17,15,0.500000000,28,19,0,1004.50000,0.285714298,9.81000042,2500000.00,0.567051011E-07,3.00000000,15,16,1.00000000,0.850000024,271.000000,0.00000000,0.00000000,0.00000000,0.200000003,1.00000000,215.000000,70.0000000,0.499999989E-02,0.400000019E-02,4.00000000,0.550000012,80.0000000,95000.0000,261.000000,0.109999999E-02,0.00000000,1.10000002,40.1999588,0.181559578,0.850000024,0.00000000,0.750000000,0.750000000,0.980000019,0.999999978E-02,1.00000000,0.361673138E-02,0.109999999E-01,0.109999999E-01,260.002991,-4.04317713,0.726025633E-06,2.05828261,7.50008678,0.00000000,0.00000000,0.00000000,-1.00047302,3.25000000,0.00000000,0.128150522E-02,0.00000000,0.00000000,0.127986504E-02,0.128150638E-02,1.00000000,259.317535,-13.4897156,3000.00000,3000.00000,59.9088516,0.200000003,0.333840493E-02,1.00000000,0.00000000,271.000000,1.00000000,0.00000000,40.3999176,0.183123931,0.850000024,0.00000000,0.750000000,0.750000000,0.980000019,0.999999978E-02,1.00000000,0.361673138E-02,0.109999999E-01,0.109999999E-01,260.031891,-3.92597818,0.739524637E-06,2.09655237,7.50017548,0.00000000,0.00000000,0.00000000,-0.764756203,3.25000000,0.00000000,0.128487975E-02,0.00000000,0.00000000,0.128323096E-02,0.128488115E-02,1.00000000,259.503418,-13.3823547,3000.00000,3000.00000,59.9088516,0.200000003,0.667680986E-02,1.00000000,0.00000000,271.000000,1.00000000,0.00000000
1,2,bare_sea_ice,1,60.0000000,2,F,T,0,0,F,17,15,0.500000000,28,19,0,1004.50000,0.285714298,9.81000042,2500000.00,0.567051011E-07,0.00000000,15,16,1.00000000,0.620000005,271.000000,0.00000000,0.00000000,0.00000000,0.00000000,0.00000000,225.000000,95.0000000,0.700000022E-02,0.600000005E-02,6.00000000,0.550000012,80.0000000,95000.0000,265.000000,0.159999996E-02,0.00000000,1.10000002,0.00000000,0.00000000,0.00000000,0.00000000,0.750000000,0.550000012,0.980000019,0.999999978E-02,1.00000000,0.542282173E-02,0.109999999E-01,0.109999999E-01,264.020081,-5.95830870,0.141866246E-05,4.04318810,7.50017071,0.00000000,0.00000000,0.00000000,-33.4356232,3.25000000,0.00000000,0.183644367E-02,0.00000000,0.00000000,0.183307740E-02,0.183644367E-02,1.00000000,264.000000,-9.64999390,3000.00000,3000.00000,-1000.00000,0.00000000,0.00000000,1.00000000,0.00000000,264.020081,1.00000000,0.00000000,0.00000000,0.00000000,0.00000000,0.00000000,0.750000000,0.541299164,0.980000019,0.999999978E-02,1.00000000,0.542282173E-02,0.109999999E-01,0.109999999E-01,264.070404,-5.65232182,0.146766024E-05,4.18283176,7.50034714,0.00000000,0.00000000,0.00000000,-13.7509699,3.25000000,0.00000000,0.184460997E-02,0.00000000,0.00000000,0.184121355E-02,0.184460997E-02,1.00000000,264.000000,-9.64999390,3000.00000,3000.00000,-1000.00000,0.00000000,0.00000000,1.00000000,0.00000000,264.070404,1.00000000,0.00000000
1,2,bare_sea_ice,2,60.0000000,2,F,T,0,0,F,17,15,0.500000000,28,19,0,1004.50000,0.285714298,9.81000042,2500000.00,0.567051011E-07,0.999999978E-02,15,16,1.00000000,0.620000005,271.000000,0.00000000,0.00000000,0.00000000,0.00000000,0.00000000,225.000000,95.0000000,0.700000022E-02,0.600000005E-02,6.00000000,0.550000012,80.0000000,95000.0000,265.000000,0.159999996E-02,0.00000000,1.10000002,0.00000000,0.00000000,0.00000000,0.00000000,0.750000000,0.550000012,0.980000019,0.999999978E-02,1.00000000,0.542282173E-02,0.109999999E-01,0.109999999E-01,264.020081,-5.95830870,0.141866246E-05,4.04318810,7.50017071,0.00000000,0.00000000,0.00000000,-33.4356232,3.25000000,0.00000000,0.183644367E-02,0.00000000,0.00000000,0.183307740E-02,0.183644367E-02,1.00000000,264.000000,-9.64999390,3000.00000,3000.00000,-1000.00000,0.00000000,0.00000000,1.00000000,0.00000000,263.872192,1.00000000,0.00000000,0.00000000,0.00000000,0.00000000,0.00000000,0.750000000,0.541299164,0.980000019,0.999999978E-02,1.00000000,0.542282173E-02,0.109999999E-01,0.109999999E-01,264.070404,-5.65232182,0.146766024E-05,4.18283176,7.50034714,0.00000000,0.00000000,0.00000000,-13.7509699,3.25000000,0.00000000,0.184460997E-02,0.00000000,0.00000000,0.184121355E-02,0.184460997E-02,1.00000000,264.000000,-9.64999390,3000.00000,3000.00000,-1000.00000,0.00000000,0.00000000,1.00000000,0.00000000,264.009583,1.00000000,0.00000000
1,2,bare_sea_ice,3,60.0000000,2,F,T,0,0,F,17,15,0.500000000,28,19,0,1004.50000,0.285714298,9.81000042,2500000.00,0.567051011E-07,0.399999991E-01,15,16,1.00000000,0.620000005,271.000000,0.00000000,0.00000000,0.00000000,0.00000000,0.00000000,225.000000,95.0000000,0.700000022E-02,0.600000005E-02,6.00000000,0.550000012,80.0000000,95000.0000,265.000000,0.159999996E-02,0.00000000,1.10000002,0.00000000,0.00000000,0.00000000,0.00000000,0.750000000,0.550000012,0.980000019,0.999999978E-02,1.00000000,0.542282173E-02,0.109999999E-01,0.109999999E-01,264.020081,-5.95830870,0.141866246E-05,4.04318810,7.50017071,0.00000000,0.00000000,0.00000000,-33.4356232,3.25000000,0.00000000,0.183644367E-02,0.00000000,0.00000000,0.183307740E-02,0.183644367E-02,1.00000000,264.000000,-9.64999390,3000.00000,3000.00000,-1000.00000,0.00000000,0.00000000,1.00000000,0.00000000,264.775909,1.00000000,0.00000000,0.00000000,0.00000000,0.00000000,0.00000000,0.750000000,0.541299164,0.980000019,0.999999978E-02,1.00000000,0.542282173E-02,0.109999999E-01,0.109999999E-01,264.070404,-5.65232182,0.146766024E-05,4.18283176,7.50034714,0.00000000,0.00000000,0.00000000,-13.7509699,3.25000000,0.00000000,0.184460997E-02,0.00000000,0.00000000,0.184121355E-02,0.184460997E-02,1.00000000,264.000000,-9.64999390,3000.00000,3000.00000,-1000.00000,0.00000000,0.00000000,1.00000000,0.00000000,264.756317,1.00000000,0.00000000
1,2,bare_sea_ice,4,60.0000000,2,F,T,0,0,F,17,15,0.500000000,28,19,0,1004.50000,0.285714298,9.81000042,2500000.00,0.567051011E-07,0.100000001,15,16,1.00000000,0.620000005,271.000000,0.00000000,0.00000000,0.00000000,0.00000000,0.00000000,225.000000,95.0000000,0.700000022E-02,0.600000005E-02,6.00000000,0.550000012,80.0000000,95000.0000,265.000000,0.159999996E-02,0.00000000,1.10000002,0.00000000,0.00000000,0.00000000,0.00000000,0.750000000,0.550000012,0.980000019,0.999999978E-02,1.00000000,0.542282173E-02,0.109999999E-01,0.109999999E-01,264.020081,-5.95830870,0.141866246E-05,4.04318810,7.50017071,0.00000000,0.00000000,0.00000000,-33.4356232,3.25000000,0.00000000,0.183644367E-02,0.00000000,0.00000000,0.183307740E-02,0.183644367E-02,1.00000000,264.000000,-9.64999390,3000.00000,3000.00000,-1000.00000,0.00000000,0.00000000,1.00000000,0.00000000,265.694092,1.00000000,0.00000000,0.00000000,0.00000000,0.00000000,0.00000000,0.750000000,0.541299164,0.980000019,0.999999978E-02,1.00000000,0.542282173E-02,0.109999999E-01,0.109999999E-01,264.070404,-5.65232182,0.146766024E-05,4.18283176,7.50034714,0.00000000,0.00000000,0.00000000,-13.7509699,3.25000000,0.00000000,0.184460997E-02,0.00000000,0.00000000,0.184121355E-02,0.184460997E-02,1.00000000,264.000000,-9.64999390,3000.00000,3000.00000,-1000.00000,0.00000000,0.00000000,1.00000000,0.00000000,265.688049,1.00000000,0.00000000
1,2,bare_sea_ice,5,60.0000000,2,F,T,0,0,F,17,15,0.500000000,28,19,0,1004.50000,0.285714298,9.81000042,2500000.00,0.567051011E-07,0.300000012,15,16,1.00000000,0.620000005,271.000000,0.00000000,0.00000000,0.00000000,0.00000000,0.00000000,225.000000,95.0000000,0.700000022E-02,0.600000005E-02,6.00000000,0.550000012,80.0000000,95000.0000,265.000000,0.159999996E-02,0.00000000,1.10000002,0.00000000,0.00000000,0.00000000,0.00000000,0.750000000,0.550000012,0.980000019,0.999999978E-02,1.00000000,0.542282173E-02,0.109999999E-01,0.109999999E-01,264.020081,-5.95830870,0.141866246E-05,4.04318810,7.50017071,0.00000000,0.00000000,0.00000000,-33.4356232,3.25000000,0.00000000,0.183644367E-02,0.00000000,0.00000000,0.183307740E-02,0.183644367E-02,1.00000000,264.000000,-9.64999390,3000.00000,3000.00000,-1000.00000,0.00000000,0.00000000,1.00000000,0.00000000,266.599579,1.00000000,0.00000000,0.00000000,0.00000000,0.00000000,0.00000000,0.750000000,0.541299164,0.980000019,0.999999978E-02,1.00000000,0.542282173E-02,0.109999999E-01,0.109999999E-01,264.070404,-5.65232182,0.146766024E-05,4.18283176,7.50034714,0.00000000,0.00000000,0.00000000,-13.7509699,3.25000000,0.00000000,0.184460997E-02,0.00000000,0.00000000,0.184121355E-02,0.184460997E-02,1.00000000,264.000000,-9.64999390,3000.00000,3000.00000,-1000.00000,0.00000000,0.00000000,1.00000000,0.00000000,266.599152,1.00000000,0.00000000
1,2,bare_sea_ice,6,60.0000000,2,F,T,0,0,F,17,15,0.500000000,28,19,0,1004.50000,0.285714298,9.81000042,2500000.00,0.567051011E-07,0.600000024,15,16,1.00000000,0.620000005,271.000000,0.00000000,0.00000000,0.00000000,0.00000000,0.00000000,225.000000,95.0000000,0.700000022E-02,0.600000005E-02,6.00000000,0.550000012,80.0000000,95000.0000,265.000000,0.159999996E-02,0.00000000,1.10000002,0.00000000,0.00000000,0.00000000,0.00000000,0.750000000,0.550000012,0.980000019,0.999999978E-02,1.00000000,0.542282173E-02,0.109999999E-01,0.109999999E-01,264.020081,-5.95830870,0.141866246E-05,4.04318810,7.50017071,0.00000000,0.00000000,0.00000000,-33.4356232,3.25000000,0.00000000,0.183644367E-02,0.00000000,0.00000000,0.183307740E-02,0.183644367E-02,1.00000000,264.000000,-9.64999390,3000.00000,3000.00000,-1000.00000,0.00000000,0.00000000,1.00000000,0.00000000,267.499847,1.00000000,0.00000000,0.00000000,0.00000000,0.00000000,0.00000000,0.750000000,0.541299164,0.980000019,0.999999978E-02,1.00000000,0.542282173E-02,0.109999999E-01,0.109999999E-01,264.070404,-5.65232182,0.146766024E-05,4.18283176,7.50034714,0.00000000,0.00000000,0.00000000,-13.7509699,3.25000000,0.00000000,0.184460997E-02,0.00000000,0.00000000,0.184121355E-02,0.184460997E-02,1.00000000,264.000000,-9.64999390,3000.00000,3000.00000,-1000.00000,0.00000000,0.00000000,1.00000000,0.00000000,267.499695,1.00000000,0.00000000
1,2,bare_sea_ice,7,60.0000000,2,F,T,0,0,F,17,15,0.500000000,28,19,0,1004.50000,0.285714298,9.81000042,2500000.00,0.567051011E-07,1.00000000,15,16,1.00000000,0.620000005,271.000000,0.00000000,0.00000000,0.00000000,0.00000000,0.00000000,225.000000,95.0000000,0.700000022E-02,0.600000005E-02,6.00000000,0.550000012,80.0000000,95000.0000,265.000000,0.159999996E-02,0.00000000,1.10000002,0.00000000,0.00000000,0.00000000,0.00000000,0.750000000,0.550000012,0.980000019,0.999999978E-02,1.00000000,0.542282173E-02,0.109999999E-01,0.109999999E-01,264.020081,-5.95830870,0.141866246E-05,4.04318810,7.50017071,0.00000000,0.00000000,0.00000000,-33.4356232,3.25000000,0.00000000,0.183644367E-02,0.00000000,0.00000000,0.183307740E-02,0.183644367E-02,1.00000000,264.000000,-9.64999390,3000.00000,3000.00000,-1000.00000,0.00000000,0.00000000,1.00000000,0.00000000,268.399902,1.00000000,0.00000000,0.00000000,0.00000000,0.00000000,0.00000000,0.750000000,0.541299164,0.980000019,0.999999978E-02,1.00000000,0.542282173E-02,0.109999999E-01,0.109999999E-01,264.070404,-5.65232182,0.146766024E-05,4.18283176,7.50034714,0.00000000,0.00000000,0.00000000,-13.7509699,3.25000000,0.00000000,0.184460997E-02,0.00000000,0.00000000,0.184121355E-02,0.184460997E-02,1.00000000,264.000000,-9.64999390,3000.00000,3000.00000,-1000.00000,0.00000000,0.00000000,1.00000000,0.00000000,268.399811,1.00000000,0.00000000
1,2,bare_sea_ice,8,60.0000000,2,F,T,0,0,F,17,15,0.500000000,28,19,0,1004.50000,0.285714298,9.81000042,2500000.00,0.567051011E-07,1.60000002,15,16,1.00000000,0.620000005,271.000000,0.00000000,0.00000000,0.00000000,0.00000000,0.00000000,225.000000,95.0000000,0.700000022E-02,0.600000005E-02,6.00000000,0.550000012,80.0000000,95000.0000,265.000000,0.159999996E-02,0.00000000,1.10000002,0.00000000,0.00000000,0.00000000,0.00000000,0.750000000,0.550000012,0.980000019,0.999999978E-02,1.00000000,0.542282173E-02,0.109999999E-01,0.109999999E-01,264.020081,-5.95830870,0.141866246E-05,4.04318810,7.50017071,0.00000000,0.00000000,0.00000000,-33.4356232,3.25000000,0.00000000,0.183644367E-02,0.00000000,0.00000000,0.183307740E-02,0.183644367E-02,1.00000000,264.000000,-9.64999390,3000.00000,3000.00000,-1000.00000,0.00000000,0.00000000,1.00000000,0.00000000,269.299927,1.00000000,0.00000000,0.00000000,0.00000000,0.00000000,0.00000000,0.750000000,0.541299164,0.980000019,0.999999978E-02,1.00000000,0.542282173E-02,0.109999999E-01,0.109999999E-01,264.070404,-5.65232182,0.146766024E-05,4.18283176,7.50034714,0.00000000,0.00000000,0.00000000,-13.7509699,3.25000000,0.00000000,0.184460997E-02,0.00000000,0.00000000,0.184121355E-02,0.184460997E-02,1.00000000,264.000000,-9.64999390,3000.00000,3000.00000,-1000.00000,0.00000000,0.00000000,1.00000000,0.00000000,269.299896,1.00000000,0.00000000
1,2,bare_sea_ice,9,60.0000000,2,F,T,0,0,F,17,15,0.500000000,28,19,0,1004.50000,0.285714298,9.81000042,2500000.00,0.567051011E-07,3.00000000,15,16,1.00000000,0.620000005,271.000000,0.00000000,0.00000000,0.00000000,0.00000000,0.00000000,225.000000,95.0000000,0.700000022E-02,0.600000005E-02,6.00000000,0.550000012,80.0000000,95000.0000,265.000000,0.159999996E-02,0.00000000,1.10000002,0.00000000,0.00000000,0.00000000,0.00000000,0.750000000,0.550000012,0.980000019,0.999999978E-02,1.00000000,0.542282173E-02,0.109999999E-01,0.109999999E-01,264.020081,-5.95830870,0.141866246E-05,4.04318810,7.50017071,0.00000000,0.00000000,0.00000000,-33.4356232,3.25000000,0.00000000,0.183644367E-02,0.00000000,0.00000000,0.183307740E-02,0.183644367E-02,1.00000000,264.000000,-9.64999390,3000.00000,3000.00000,-1000.00000,0.00000000,0.00000000,1.00000000,0.00000000,271.000000,1.00000000,0.00000000,0.00000000,0.00000000,0.00000000,0.00000000,0.750000000,0.541299164,0.980000019,0.999999978E-02,1.00000000,0.542282173E-02,0.109999999E-01,0.109999999E-01,264.070404,-5.65232182,0.146766024E-05,4.18283176,7.50034714,0.00000000,0.00000000,0.00000000,-13.7509699,3.25000000,0.00000000,0.184460997E-02,0.00000000,0.00000000,0.184121355E-02,0.184460997E-02,1.00000000,264.000000,-9.64999390,3000.00000,3000.00000,-1000.00000,0.00000000,0.00000000,1.00000000,0.00000000,271.000000,1.00000000,0.00000000
1,2,dry_barren,1,60.0000000,2,F,T,0,0,F,17,15,0.500000000,28,19,0,1004.50000,0.285714298,9.81000042,2500000.00,0.567051011E-07,0.00000000,16,1,1.00000000,0.00000000,292.000000,0.00000000,5.00000000,2.00000000,0.00000000,0.00000000,355.000000,610.000000,0.179999992E-01,0.170000009E-01,17.0000000,0.250000000,80.0000000,95000.0000,300.000000,0.350000011E-02,0.00000000,1.10000002,0.00000000,0.00000000,0.00000000,0.00000000,0.750000000,0.250000000,0.850000024,0.389999986,0.161153689,0.153402099E-01,0.649999976E-01,0.649999976E-01,300.355927,6.12207890,0.244007788E-04,61.0019455,7.50292778,0.00000000,0.00000000,0.00000000,-28.4321232,3.25000000,0.00000000,0.677781180E-02,0.00000000,0.00000000,0.673218258E-02,0.236351285E-01,1.00000000,300.000000,27.3500061,127.698540,1185.00000,-1000.00000,0.00000000,0.00000000,0.297184344E-01,0.297184344E-01,300.355927,0.311111081E-01,0.00000000,0.00000000,0.00000000,0.00000000,0.00000000,0.750000000,0.250000000,0.850000024,0.389999986,0.159500077,0.153402099E-01,0.649999976E-01,0.649999976E-01,301.002258,17.2392464,0.246852560E-04,61.7131386,7.50588989,0.00000000,0.00000000,0.00000000,-42.9365120,3.25000000,0.00000000,0.689178566E-02,0.00000000,0.00000000,0.684461463E-02,0.245468989E-01,1.00000000,300.000000,27.3500061,127.697083,1185.00000,-1000.00000,0.00000000,0.00000000,0.294340122E-01,0.294340122E-01,301.002258,0.307982583E-01,0.00000000
1,2,dry_barren,2,60.0000000,2,F,T,0,0,F,17,15,0.500000000,28,19,0,1004.50000,0.285714298,9.81000042,2500000.00,0.567051011E-07,0.999999978E-02,16,1,1.00000000,0.00000000,292.000000,0.00000000,5.00000000,2.00000000,0.00000000,0.00000000,355.000000,610.000000,0.179999992E-01,0.170000009E-01,17.0000000,0.250000000,80.0000000,95000.0000,300.000000,0.350000011E-02,0.00000000,1.10000002,0.00000000,0.00000000,0.00000000,0.00000000,0.750000000,0.250000000,0.850000024,0.389999986,0.161153689,0.153402099E-01,0.649999976E-01,0.649999976E-01,300.355927,6.12207890,0.244007788E-04,61.0019455,7.50292778,0.00000000,0.00000000,0.00000000,-28.4321232,3.25000000,0.00000000,0.677781180E-02,0.00000000,0.00000000,0.673218258E-02,0.236351285E-01,1.00000000,300.000000,27.3500061,127.698540,1185.00000,-1000.00000,0.00000000,0.00000000,0.319999531E-01,0.319999531E-01,299.251495,0.333333276E-01,0.00000000,0.00000000,0.00000000,0.00000000,0.00000000,0.750000000,0.250000000,0.850000024,0.389999986,0.159500077,0.153402099E-01,0.649999976E-01,0.649999976E-01,301.002258,17.2392464,0.246852560E-04,61.7131386,7.50588989,0.00000000,0.00000000,0.00000000,-42.9365120,3.25000000,0.00000000,0.689178566E-02,0.00000000,0.00000000,0.684461463E-02,0.245468989E-01,1.00000000,300.000000,27.3500061,127.697083,1185.00000,-1000.00000,0.00000000,0.00000000,0.319999047E-01,0.319999047E-01,299.334412,0.333332792E-01,0.00000000
1,2,dry_barren,3,60.0000000,2,F,T,0,0,F,17,15,0.500000000,28,19,0,1004.50000,0.285714298,9.81000042,2500000.00,0.567051011E-07,0.399999991E-01,16,1,1.00000000,0.00000000,292.000000,0.00000000,5.00000000,2.00000000,0.00000000,0.00000000,355.000000,610.000000,0.179999992E-01,0.170000009E-01,17.0000000,0.250000000,80.0000000,95000.0000,300.000000,0.350000011E-02,0.00000000,1.10000002,0.00000000,0.00000000,0.00000000,0.00000000,0.750000000,0.250000000,0.850000024,0.389999986,0.161153689,0.153402099E-01,0.649999976E-01,0.649999976E-01,300.355927,6.12207890,0.244007788E-04,61.0019455,7.50292778,0.00000000,0.00000000,0.00000000,-28.4321232,3.25000000,0.00000000,0.677781180E-02,0.00000000,0.00000000,0.673218258E-02,0.236351285E-01,1.00000000,300.000000,27.3500061,127.698540,1185.00000,-1000.00000,0.00000000,0.00000000,0.339999832E-01,0.339999832E-01,298.404694,0.355555527E-01,0.00000000,0.00000000,0.00000000,0.00000000,0.00000000,0.750000000,0.250000000,0.850000024,0.389999986,0.159500077,0.153402099E-01,0.649999976E-01,0.649999976E-01,301.002258,17.2392464,0.246852560E-04,61.7131386,7.50588989,0.00000000,0.00000000,0.00000000,-42.9365120,3.25000000,0.00000000,0.689178566E-02,0.00000000,0.00000000,0.684461463E-02,0.245468989E-01,1.00000000,300.000000,27.3500061,127.697083,1185.00000,-1000.00000,0.00000000,0.00000000,0.339999683E-01,0.339999683E-01,298.410034,0.355555341E-01,0.00000000
1,2,dry_barren,4,60.0000000,2,F,T,0,0,F,17,15,0.500000000,28,19,0,1004.50000,0.285714298,9.81000042,2500000.00,0.567051011E-07,0.100000001,16,1,1.00000000,0.00000000,292.000000,0.00000000,5.00000000,2.00000000,0.00000000,0.00000000,355.000000,610.000000,0.179999992E-01,0.170000009E-01,17.0000000,0.250000000,80.0000000,95000.0000,300.000000,0.350000011E-02,0.00000000,1.10000002,0.00000000,0.00000000,0.00000000,0.00000000,0.750000000,0.250000000,0.850000024,0.389999986,0.161153689,0.153402099E-01,0.649999976E-01,0.649999976E-01,300.355927,6.12207890,0.244007788E-04,61.0019455,7.50292778,0.00000000,0.00000000,0.00000000,-28.4321232,3.25000000,0.00000000,0.677781180E-02,0.00000000,0.00000000,0.673218258E-02,0.236351285E-01,1.00000000,300.000000,27.3500061,127.698540,1185.00000,-1000.00000,0.00000000,0.00000000,0.359999649E-01,0.359999649E-01,297.601074,0.377777740E-01,0.00000000,0.00000000,0.00000000,0.00000000,0.00000000,0.750000000,0.250000000,0.850000024,0.389999986,0.159500077,0.153402099E-01,0.649999976E-01,0.649999976E-01,301.002258,17.2392464,0.246852560E-04,61.7131386,7.50588989,0.00000000,0.00000000,0.00000000,-42.9365120,3.25000000,0.00000000,0.689178566E-02,0.00000000,0.00000000,0.684461463E-02,0.245468989E-01,1.00000000,300.000000,27.3500061,127.697083,1185.00000,-1000.00000,0.00000000,0.00000000,0.359999314E-01,0.359999314E-01,297.602142,0.377777368E-01,0.00000000
1,2,dry_barren,5,60.0000000,2,F,T,0,0,F,17,15,0.500000000,28,19,0,1004.50000,0.285714298,9.81000042,2500000.00,0.567051011E-07,0.300000012,16,1,1.00000000,0.00000000,292.000000,0.00000000,5.00000000,2.00000000,0.00000000,0.00000000,355.000000,610.000000,0.179999992E-01,0.170000009E-01,17.0000000,0.250000000,80.0000000,95000.0000,300.000000,0.350000011E-02,0.00000000,1.10000002,0.00000000,0.00000000,0.00000000,0.00000000,0.750000000,0.250000000,0.850000024,0.389999986,0.161153689,0.153402099E-01,0.649999976E-01,0.649999976E-01,300.355927,6.12207890,0.244007788E-04,61.0019455,7.50292778,0.00000000,0.00000000,0.00000000,-28.4321232,3.25000000,0.00000000,0.677781180E-02,0.00000000,0.00000000,0.673218258E-02,0.236351285E-01,1.00000000,300.000000,27.3500061,127.698540,1185.00000,-1000.00000,0.00000000,0.00000000,0.379999503E-01,0.379999503E-01,296.800110,0.399999954E-01,0.00000000,0.00000000,0.00000000,0.00000000,0.00000000,0.750000000,0.250000000,0.850000024,0.389999986,0.159500077,0.153402099E-01,0.649999976E-01,0.649999976E-01,301.002258,17.2392464,0.246852560E-04,61.7131386,7.50588989,0.00000000,0.00000000,0.00000000,-42.9365120,3.25000000,0.00000000,0.689178566E-02,0.00000000,0.00000000,0.684461463E-02,0.245468989E-01,1.00000000,300.000000,27.3500061,127.697083,1185.00000,-1000.00000,0.00000000,0.00000000,0.379998982E-01,0.379998982E-01,296.800232,0.399999432E-01,0.00000000
1,2,dry_barren,6,60.0000000,2,F,T,0,0,F,17,15,0.500000000,28,19,0,1004.50000,0.285714298,9.81000042,2500000.00,0.567051011E-07,0.600000024,16,1,1.00000000,0.00000000,292.000000,0.00000000,5.00000000,2.00000000,0.00000000,0.00000000,355.000000,610.000000,0.179999992E-01,0.170000009E-01,17.0000000,0.250000000,80.0000000,95000.0000,300.000000,0.350000011E-02,0.00000000,1.10000002,0.00000000,0.00000000,0.00000000,0.00000000,0.750000000,0.250000000,0.850000024,0.389999986,0.161153689,0.153402099E-01,0.649999976E-01,0.649999976E-01,300.355927,6.12207890,0.244007788E-04,61.0019455,7.50292778,0.00000000,0.00000000,0.00000000,-28.4321232,3.25000000,0.00000000,0.677781180E-02,0.00000000,0.00000000,0.673218258E-02,0.236351285E-01,1.00000000,300.000000,27.3500061,127.698540,1185.00000,-1000.00000,0.00000000,0.00000000,0.399999321E-01,0.399999321E-01,296.000000,0.422222205E-01,0.00000000,0.00000000,0.00000000,0.00000000,0.00000000,0.750000000,0.250000000,0.850000024,0.389999986,0.159500077,0.153402099E-01,0.649999976E-01,0.649999976E-01,301.002258,17.2392464,0.246852560E-04,61.7131386,7.50588989,0.00000000,0.00000000,0.00000000,-42.9365120,3.25000000,0.00000000,0.689178566E-02,0.00000000,0.00000000,0.684461463E-02,0.245468989E-01,1.00000000,300.000000,27.3500061,127.697083,1185.00000,-1000.00000,0.00000000,0.00000000,0.399998575E-01,0.399998575E-01,296.000000,0.422221459E-01,0.00000000
1,2,dry_barren,7,60.0000000,2,F,T,0,0,F,17,15,0.500000000,28,19,0,1004.50000,0.285714298,9.81000042,2500000.00,0.567051011E-07,1.00000000,16,1,1.00000000,0.00000000,292.000000,0.00000000,5.00000000,2.00000000,0.00000000,0.00000000,355.000000,610.000000,0.179999992E-01,0.170000009E-01,17.0000000,0.250000000,80.0000000,95000.0000,300.000000,0.350000011E-02,0.00000000,1.10000002,0.00000000,0.00000000,0.00000000,0.00000000,0.750000000,0.250000000,0.850000024,0.389999986,0.161153689,0.153402099E-01,0.649999976E-01,0.649999976E-01,300.355927,6.12207890,0.244007788E-04,61.0019455,7.50292778,0.00000000,0.00000000,0.00000000,-28.4321232,3.25000000,0.00000000,0.677781180E-02,0.00000000,0.00000000,0.673218258E-02,0.236351285E-01,1.00000000,300.000000,27.3500061,127.698540,1185.00000,-1000.00000,0.00000000,0.00000000,0.420000069E-01,0.419999994E-01,295.200043,0.444444418E-01,0.00000000,0.00000000,0.00000000,0.00000000,0.00000000,0.750000000,0.250000000,0.850000024,0.389999986,0.159500077,0.153402099E-01,0.649999976E-01,0.649999976E-01,301.002258,17.2392464,0.246852560E-04,61.7131386,7.50588989,0.00000000,0.00000000,0.00000000,-42.9365120,3.25000000,0.00000000,0.689178566E-02,0.00000000,0.00000000,0.684461463E-02,0.245468989E-01,1.00000000,300.000000,27.3500061,127.697083,1185.00000,-1000.00000,0.00000000,0.00000000,0.420000143E-01,0.420000069E-01,295.200073,0.444444492E-01,0.00000000
1,2,dry_barren,8,60.0000000,2,F,T,0,0,F,17,15,0.500000000,28,19,0,1004.50000,0.285714298,9.81000042,2500000.00,0.567051011E-07,1.60000002,16,1,1.00000000,0.00000000,292.000000,0.00000000,5.00000000,2.00000000,0.00000000,0.00000000,355.000000,610.000000,0.179999992E-01,0.170000009E-01,17.0000000,0.250000000,80.0000000,95000.0000,300.000000,0.350000011E-02,0.00000000,1.10000002,0.00000000,0.00000000,0.00000000,0.00000000,0.750000000,0.250000000,0.850000024,0.389999986,0.161153689,0.153402099E-01,0.649999976E-01,0.649999976E-01,300.355927,6.12207890,0.244007788E-04,61.0019455,7.50292778,0.00000000,0.00000000,0.00000000,-28.4321232,3.25000000,0.00000000,0.677781180E-02,0.00000000,0.00000000,0.673218258E-02,0.236351285E-01,1.00000000,300.000000,27.3500061,127.698540,1185.00000,-1000.00000,0.00000000,0.00000000,0.439999998E-01,0.439999998E-01,294.400024,0.466666631E-01,0.00000000,0.00000000,0.00000000,0.00000000,0.00000000,0.750000000,0.250000000,0.850000024,0.389999986,0.159500077,0.153402099E-01,0.649999976E-01,0.649999976E-01,301.002258,17.2392464,0.246852560E-04,61.7131386,7.50588989,0.00000000,0.00000000,0.00000000,-42.9365120,3.25000000,0.00000000,0.689178566E-02,0.00000000,0.00000000,0.684461463E-02,0.245468989E-01,1.00000000,300.000000,27.3500061,127.697083,1185.00000,-1000.00000,0.00000000,0.00000000,0.439999998E-01,0.439999998E-01,294.399994,0.466666631E-01,0.00000000
1,2,dry_barren,9,60.0000000,2,F,T,0,0,F,17,15,0.500000000,28,19,0,1004.50000,0.285714298,9.81000042,2500000.00,0.567051011E-07,3.00000000,16,1,1.00000000,0.00000000,292.000000,0.00000000,5.00000000,2.00000000,0.00000000,0.00000000,355.000000,610.000000,0.179999992E-01,0.170000009E-01,17.0000000,0.250000000,80.0000000,95000.0000,300.000000,0.350000011E-02,0.00000000,1.10000002,0.00000000,0.00000000,0.00000000,0.00000000,0.750000000,0.250000000,0.850000024,0.389999986,0.161153689,0.153402099E-01,0.649999976E-01,0.649999976E-01,300.355927,6.12207890,0.244007788E-04,61.0019455,7.50292778,0.00000000,0.00000000,0.00000000,-28.4321232,3.25000000,0.00000000,0.677781180E-02,0.00000000,0.00000000,0.673218258E-02,0.236351285E-01,1.00000000,300.000000,27.3500061,127.698540,1185.00000,-1000.00000,0.00000000,0.00000000,0.460000001E-01,0.460000001E-01,292.000000,0.488888882E-01,0.00000000,0.00000000,0.00000000,0.00000000,0.00000000,0.750000000,0.250000000,0.850000024,0.389999986,0.159500077,0.153402099E-01,0.649999976E-01,0.649999976E-01,301.002258,17.2392464,0.246852560E-04,61.7131386,7.50588989,0.00000000,0.00000000,0.00000000,-42.9365120,3.25000000,0.00000000,0.689178566E-02,0.00000000,0.00000000,0.684461463E-02,0.245468989E-01,1.00000000,300.000000,27.3500061,127.697083,1185.00000,-1000.00000,0.00000000,0.00000000,0.460000001E-01,0.460000001E-01,292.000000,0.488888882E-01,0.00000000
1,2,urban_thin_snow,1,60.0000000,2,F,T,0,0,F,17,15,0.500000000,28,19,0,1004.50000,0.285714298,9.81000042,2500000.00,0.567051011E-07,0.00000000,13,6,1.00000000,0.00000000,281.000000,5.00000000,40.0000000,12.0000000,0.100000001,1.00000000,265.000000,180.000000,0.899999961E-02,0.800000038E-02,8.00000000,0.180000007,80.0000000,95000.0000,270.000000,0.240000011E-02,0.999999975E-05,1.10000002,3.09831834,0.126756644E-01,0.967776179E-01,0.211680289E-01,0.460000008,0.460000008,0.980000019,1.00000000,0.678342283,0.722558005E-02,0.500000000,0.500000000,269.986816,-0.106810473,0.764681954E-05,21.6787338,7.50091743,0.00000000,0.00000000,0.00000000,59.8689384,3.25000000,0.00000000,0.307248393E-02,0.00000000,0.00000000,0.306307268E-02,0.307248393E-02,1.00000000,271.080383,-2.61639404,735.399719,1353.00000,77.3442383,0.100000001,0.129292114E-02,0.219983697,0.140098289,271.080383,0.898847580E-01,0.00000000,3.19663048,0.133634908E-01,0.998481661E-01,0.223355591E-01,0.460000008,0.460000008,0.980000019,1.00000000,0.679380119,0.722558005E-02,0.500000000,0.500000000,270.159363,1.29112101,0.774993987E-05,21.9710789,7.50184727,0.00000000,0.00000000,0.00000000,50.2752800,3.25000000,0.00000000,0.311749987E-02,0.00000000,0.00000000,0.310781156E-02,0.311749987E-02,1.00000000,271.145691,-2.49746704,735.399536,1353.00000,77.3442383,0.100000001,0.258584227E-02,0.219967365,0.140940502,271.145691,0.887615606E-01,0.00000000
1,2,urban_thin_snow,2,60.0000000,2,F,T,0,0,F,17,15,0.500000000,28,19,0,1004.50000,0.285714298,9.81000042,2500000.00,0.567051011E-07,0.999999978E-02,13,6,1.00000000,0.00000000,281.000000,5.00000000,40.0000000,12.0000000,0.100000001,1.00000000,265.000000,180.000000,0.899999961E-02,0.800000038E-02,8.00000000,0.180000007,80.0000000,95000.0000,270.000000,0.240000011E-02,0.999999975E-05,1.10000002,3.09831834,0.126756644E-01,0.967776179E-01,0.211680289E-01,0.460000008,0.460000008,0.980000019,1.00000000,0.678342283,0.722558005E-02,0.500000000,0.500000000,269.986816,-0.106810473,0.764681954E-05,21.6787338,7.50091743,0.00000000,0.00000000,0.00000000,59.8689384,3.25000000,0.00000000,0.307248393E-02,0.00000000,0.00000000,0.306307268E-02,0.307248393E-02,1.00000000,271.080383,-2.61639404,735.399719,1353.00000,77.3442383,0.100000001,0.129292114E-02,0.224001706,0.154930249,271.942993,0.751852468E-01,0.00000000,3.19663048,0.133634908E-01,0.998481661E-01,0.223355591E-01,0.460000008,0.460000008,0.980000019,1.00000000,0.679380119,0.722558005E-02,0.500000000,0.500000000,270.159363,1.29112101,0.774993987E-05,21.9710789,7.50184727,0.00000000,0.00000000,0.00000000,50.2752800,3.25000000,0.00000000,0.311749987E-02,0.00000000,0.00000000,0.310781156E-02,0.311749987E-02,1.00000000,271.145691,-2.49746704,735.399536,1353.00000,77.3442383,0.100000001,0.258584227E-02,0.224002913,0.153550252,271.883636,0.767460614E-01,0.00000000
1,2,urban_thin_snow,3,60.0000000,2,F,T,0,0,F,17,15,0.500000000,28,19,0,1004.50000,0.285714298,9.81000042,2500000.00,0.567051011E-07,0.399999991E-01,13,6,1.00000000,0.00000000,281.000000,5.00000000,40.0000000,12.0000000,0.100000001,1.00000000,265.000000,180.000000,0.899999961E-02,0.800000038E-02,8.00000000,0.180000007,80.0000000,95000.0000,270.000000,0.240000011E-02,0.999999975E-05,1.10000002,3.09831834,0.126756644E-01,0.967776179E-01,0.211680289E-01,0.460000008,0.460000008,0.980000019,1.00000000,0.678342283,0.722558005E-02,0.500000000,0.500000000,269.986816,-0.106810473,0.764681954E-05,21.6787338,7.50091743,0.00000000,0.00000000,0.00000000,59.8689384,3.25000000,0.00000000,0.307248393E-02,0.00000000,0.00000000,0.306307268E-02,0.307248393E-02,1.00000000,271.080383,-2.61639404,735.399719,1353.00000,77.3442383,0.100000001,0.129292114E-02,0.228005931,0.228000000,273.012329,0.197777778,0.00000000,3.19663048,0.133634908E-01,0.998481661E-01,0.223355591E-01,0.460000008,0.460000008,0.980000019,1.00000000,0.679380119,0.722558005E-02,0.500000000,0.500000000,270.159363,1.29112101,0.774993987E-05,21.9710789,7.50184727,0.00000000,0.00000000,0.00000000,50.2752800,3.25000000,0.00000000,0.311749987E-02,0.00000000,0.00000000,0.310781156E-02,0.311749987E-02,1.00000000,271.145691,-2.49746704,735.399536,1353.00000,77.3442383,0.100000001,0.258584227E-02,0.228011996,0.228005931,273.024109,0.197784364,0.00000000
1,2,urban_thin_snow,4,60.0000000,2,F,T,0,0,F,17,15,0.500000000,28,19,0,1004.50000,0.285714298,9.81000042,2500000.00,0.567051011E-07,0.100000001,13,6,1.00000000,0.00000000,281.000000,5.00000000,40.0000000,12.0000000,0.100000001,1.00000000,265.000000,180.000000,0.899999961E-02,0.800000038E-02,8.00000000,0.180000007,80.0000000,95000.0000,270.000000,0.240000011E-02,0.999999975E-05,1.10000002,3.09831834,0.126756644E-01,0.967776179E-01,0.211680289E-01,0.460000008,0.460000008,0.980000019,1.00000000,0.678342283,0.722558005E-02,0.500000000,0.500000000,269.986816,-0.106810473,0.764681954E-05,21.6787338,7.50091743,0.00000000,0.00000000,0.00000000,59.8689384,3.25000000,0.00000000,0.307248393E-02,0.00000000,0.00000000,0.306307268E-02,0.307248393E-02,1.00000000,271.080383,-2.61639404,735.399719,1353.00000,77.3442383,0.100000001,0.129292114E-02,0.231997579,0.231997579,273.996277,0.202222213,0.00000000,3.19663048,0.133634908E-01,0.998481661E-01,0.223355591E-01,0.460000008,0.460000008,0.980000019,1.00000000,0.679380119,0.722558005E-02,0.500000000,0.500000000,270.159363,1.29112101,0.774993987E-05,21.9710789,7.50184727,0.00000000,0.00000000,0.00000000,50.2752800,3.25000000,0.00000000,0.311749987E-02,0.00000000,0.00000000,0.310781156E-02,0.311749987E-02,1.00000000,271.145691,-2.49746704,735.399536,1353.00000,77.3442383,0.100000001,0.258584227E-02,0.231995180,0.231995180,273.992645,0.202219531,0.00000000
1,2,urban_thin_snow,5,60.0000000,2,F,T,0,0,F,17,15,0.500000000,28,19,0,1004.50000,0.285714298,9.81000042,2500000.00,0.567051011E-07,0.300000012,13,6,1.00000000,0.00000000,281.000000,5.00000000,40.0000000,12.0000000,0.100000001,1.00000000,265.000000,180.000000,0.899999961E-02,0.800000038E-02,8.00000000,0.180000007,80.0000000,95000.0000,270.000000,0.240000011E-02,0.999999975E-05,1.10000002,3.09831834,0.126756644E-01,0.967776179E-01,0.211680289E-01,0.460000008,0.460000008,0.980000019,1.00000000,0.678342283,0.722558005E-02,0.500000000,0.500000000,269.986816,-0.106810473,0.764681954E-05,21.6787338,7.50091743,0.00000000,0.00000000,0.00000000,59.8689384,3.25000000,0.00000000,0.307248393E-02,0.00000000,0.00000000,0.306307268E-02,0.307248393E-02,1.00000000,271.080383,-2.61639404,735.399719,1353.00000,77.3442383,0.100000001,0.129292114E-02,0.235999838,0.235999838,274.999634,0.206666663,0.00000000,3.19663048,0.133634908E-01,0.998481661E-01,0.223355591E-01,0.460000008,0.460000008,0.980000019,1.00000000,0.679380119,0.722558005E-02,0.500000000,0.500000000,270.159363,1.29112101,0.774993987E-05,21.9710789,7.50184727,0.00000000,0.00000000,0.00000000,50.2752800,3.25000000,0.00000000,0.311749987E-02,0.00000000,0.00000000,0.310781156E-02,0.311749987E-02,1.00000000,271.145691,-2.49746704,735.399536,1353.00000,77.3442383,0.100000001,0.258584227E-02,0.235999689,0.235999689,274.999268,0.206666484,0.00000000
1,2,urban_thin_snow,6,60.0000000,2,F,T,0,0,F,17,15,0.500000000,28,19,0,1004.50000,0.285714298,9.81000042,2500000.00,0.567051011E-07,0.600000024,13,6,1.00000000,0.00000000,281.000000,5.00000000,40.0000000,12.0000000,0.100000001,1.00000000,265.000000,180.000000,0.899999961E-02,0.800000038E-02,8.00000000,0.180000007,80.0000000,95000.0000,270.000000,0.240000011E-02,0.999999975E-05,1.10000002,3.09831834,0.126756644E-01,0.967776179E-01,0.211680289E-01,0.460000008,0.460000008,0.980000019,1.00000000,0.678342283,0.722558005E-02,0.500000000,0.500000000,269.986816,-0.106810473,0.764681954E-05,21.6787338,7.50091743,0.00000000,0.00000000,0.00000000,59.8689384,3.25000000,0.00000000,0.307248393E-02,0.00000000,0.00000000,0.306307268E-02,0.307248393E-02,1.00000000,271.080383,-2.61639404,735.399719,1353.00000,77.3442383,0.100000001,0.129292114E-02,0.239999935,0.239999935,275.999908,0.211111099,0.00000000,3.19663048,0.133634908E-01,0.998481661E-01,0.223355591E-01,0.460000008,0.460000008,0.980000019,1.00000000,0.679380119,0.722558005E-02,0.500000000,0.500000000,270.159363,1.29112101,0.774993987E-05,21.9710789,7.50184727,0.00000000,0.00000000,0.00000000,50.2752800,3.25000000,0.00000000,0.311749987E-02,0.00000000,0.00000000,0.310781156E-02,0.311749987E-02,1.00000000,271.145691,-2.49746704,735.399536,1353.00000,77.3442383,0.100000001,0.258584227E-02,0.239999875,0.239999875,275.999817,0.211111039,0.00000000
1,2,urban_thin_snow,7,60.0000000,2,F,T,0,0,F,17,15,0.500000000,28,19,0,1004.50000,0.285714298,9.81000042,2500000.00,0.567051011E-07,1.00000000,13,6,1.00000000,0.00000000,281.000000,5.00000000,40.0000000,12.0000000,0.100000001,1.00000000,265.000000,180.000000,0.899999961E-02,0.800000038E-02,8.00000000,0.180000007,80.0000000,95000.0000,270.000000,0.240000011E-02,0.999999975E-05,1.10000002,3.09831834,0.126756644E-01,0.967776179E-01,0.211680289E-01,0.460000008,0.460000008,0.980000019,1.00000000,0.678342283,0.722558005E-02,0.500000000,0.500000000,269.986816,-0.106810473,0.764681954E-05,21.6787338,7.50091743,0.00000000,0.00000000,0.00000000,59.8689384,3.25000000,0.00000000,0.307248393E-02,0.00000000,0.00000000,0.306307268E-02,0.307248393E-02,1.00000000,271.080383,-2.61639404,735.399719,1353.00000,77.3442383,0.100000001,0.129292114E-02,0.243999943,0.243999943,276.999939,0.215555549,0.00000000,3.19663048,0.133634908E-01,0.998481661E-01,0.223355591E-01,0.460000008,0.460000008,0.980000019,1.00000000,0.679380119,0.722558005E-02,0.500000000,0.500000000,270.159363,1.29112101,0.774993987E-05,21.9710789,7.50184727,0.00000000,0.00000000,0.00000000,50.2752800,3.25000000,0.00000000,0.311749987E-02,0.00000000,0.00000000,0.310781156E-02,0.311749987E-02,1.00000000,271.145691,-2.49746704,735.399536,1353.00000,77.3442383,0.100000001,0.258584227E-02,0.243999884,0.243999884,276.999878,0.215555489,0.00000000
1,2,urban_thin_snow,8,60.0000000,2,F,T,0,0,F,17,15,0.500000000,28,19,0,1004.50000,0.285714298,9.81000042,2500000.00,0.567051011E-07,1.60000002,13,6,1.00000000,0.00000000,281.000000,5.00000000,40.0000000,12.0000000,0.100000001,1.00000000,265.000000,180.000000,0.899999961E-02,0.800000038E-02,8.00000000,0.180000007,80.0000000,95000.0000,270.000000,0.240000011E-02,0.999999975E-05,1.10000002,3.09831834,0.126756644E-01,0.967776179E-01,0.211680289E-01,0.460000008,0.460000008,0.980000019,1.00000000,0.678342283,0.722558005E-02,0.500000000,0.500000000,269.986816,-0.106810473,0.764681954E-05,21.6787338,7.50091743,0.00000000,0.00000000,0.00000000,59.8689384,3.25000000,0.00000000,0.307248393E-02,0.00000000,0.00000000,0.306307268E-02,0.307248393E-02,1.00000000,271.080383,-2.61639404,735.399719,1353.00000,77.3442383,0.100000001,0.129292114E-02,0.247999951,0.247999951,277.999939,0.219999984,0.00000000,3.19663048,0.133634908E-01,0.998481661E-01,0.223355591E-01,0.460000008,0.460000008,0.980000019,1.00000000,0.679380119,0.722558005E-02,0.500000000,0.500000000,270.159363,1.29112101,0.774993987E-05,21.9710789,7.50184727,0.00000000,0.00000000,0.00000000,50.2752800,3.25000000,0.00000000,0.311749987E-02,0.00000000,0.00000000,0.310781156E-02,0.311749987E-02,1.00000000,271.145691,-2.49746704,735.399536,1353.00000,77.3442383,0.100000001,0.258584227E-02,0.247999907,0.247999907,277.999939,0.219999939,0.00000000
1,2,urban_thin_snow,9,60.0000000,2,F,T,0,0,F,17,15,0.500000000,28,19,0,1004.50000,0.285714298,9.81000042,2500000.00,0.567051011E-07,3.00000000,13,6,1.00000000,0.00000000,281.000000,5.00000000,40.0000000,12.0000000,0.100000001,1.00000000,265.000000,180.000000,0.899999961E-02,0.800000038E-02,8.00000000,0.180000007,80.0000000,95000.0000,270.000000,0.240000011E-02,0.999999975E-05,1.10000002,3.09831834,0.126756644E-01,0.967776179E-01,0.211680289E-01,0.460000008,0.460000008,0.980000019,1.00000000,0.678342283,0.722558005E-02,0.500000000,0.500000000,269.986816,-0.106810473,0.764681954E-05,21.6787338,7.50091743,0.00000000,0.00000000,0.00000000,59.8689384,3.25000000,0.00000000,0.307248393E-02,0.00000000,0.00000000,0.306307268E-02,0.307248393E-02,1.00000000,271.080383,-2.61639404,735.399719,1353.00000,77.3442383,0.100000001,0.129292114E-02,0.252000004,0.252000004,281.000000,0.224444449,0.00000000,3.19663048,0.133634908E-01,0.998481661E-01,0.223355591E-01,0.460000008,0.460000008,0.980000019,1.00000000,0.679380119,0.722558005E-02,0.500000000,0.500000000,270.159363,1.29112101,0.774993987E-05,21.9710789,7.50184727,0.00000000,0.00000000,0.00000000,50.2752800,3.25000000,0.00000000,0.311749987E-02,0.00000000,0.00000000,0.310781156E-02,0.311749987E-02,1.00000000,271.145691,-2.49746704,735.399536,1353.00000,77.3442383,0.100000001,0.258584227E-02,0.252000004,0.252000004,281.000000,0.224444449,0.00000000
1,2,mixed_forest_melt,1,60.0000000,2,F,T,0,0,F,17,15,0.500000000,28,19,0,1004.50000,0.285714298,9.81000042,2500000.00,0.567051011E-07,0.00000000,5,7,1.00000000,0.00000000,283.000000,20.0000000,90.0000000,64.0000000,0.500000000,0.00000000,305.000000,330.000000,0.130000003E-01,0.120000001E-01,12.0000000,0.129999995,80.0000000,95000.0000,277.500000,0.480000023E-02,0.00000000,1.10000002,24.9901505,0.999501944E-01,0.780762076,0.174328059,0.529999971,0.392304808,0.971230507,5.31428576,1.00000000,0.108166067E-01,0.800000012,0.800000012,276.897766,-7.30404663,0.364879975E-05,10.3443470,7.50043774,0.119581133,0.00000000,0.119581133,0.670182765,3.25000000,0.997500308E-02,0.523348013E-02,0.00000000,0.00000000,0.520623336E-02,0.523348013E-02,1.00000000,277.150665,2.31243896,874.565857,1260.00000,-1000.00000,0.00000000,0.00000000,0.313724667,0.259999990,274.027100,0.213333309,0.00000000,24.9796734,0.998973250E-01,0.780454338,0.248657629,0.529999971,0.392181695,0.971218169,5.31428576,1.00000000,0.108166067E-01,0.800000012,0.800000012,277.100525,-4.84493589,0.355875841E-05,10.0890799,7.50086498,0.239508867,0.00000000,0.239508867,-6.15140629,3.25000000,0.204894152E-01,0.530861970E-02,0.00000000,0.00000000,0.528058689E-02,0.530861970E-02,1.00000000,274.780396,2.15423584,874.881836,1260.00000,-1000.00000,0.00000000,0.00000000,0.335979521,0.313724667,273.507935,0.273027390,0.00000000
1,2,mixed_forest_melt,2,60.0000000,2,F,T,0,0,F,17,15,0.500000000,28,19,0,1004.50000,0.285714298,9.81000042,2500000.00,0.567051011E-07,0.999999978E-02,5,7,1.00000000,0.00000000,283.000000,20.0000000,90.0000000,64.0000000,0.500000000,0.00000000,305.000000,330.000000,0.130000003E-01,0.120000001E-01,12.0000000,0.129999995,80.0000000,95000.0000,277.500000,0.480000023E-02,0.00000000,1.10000002,24.9901505,0.999501944E-01,0.780762076,0.174328059,0.529999971,0.392304808,0.971230507,5.31428576,1.00000000,0.108166067E-01,0.800000012,0.800000012,276.897766,-7.30404663,0.364879975E-05,10.3443470,7.50043774,0.119581133,0.00000000,0.119581133,0.670182765,3.25000000,0.997500308E-02,0.523348013E-02,0.00000000,0.00000000,0.520623336E-02,0.523348013E-02,1.00000000,277.150665,2.31243896,874.565857,1260.00000,-1000.00000,0.00000000,0.00000000,0.267421901,0.264999986,277.612457,0.218888864,0.00000000,24.9796734,0.998973250E-01,0.780454338,0.248657629,0.529999971,0.392181695,0.971218169,5.31428576,1.00000000,0.108166067E-01,0.800000012,0.800000012,277.100525,-4.84493589,0.355875841E-05,10.0890799,7.50086498,0.239508867,0.00000000,0.239508867,-6.15140629,3.25000000,0.204894152E-01,0.530861970E-02,0.00000000,0.00000000,0.528058689E-02,0.530861970E-02,1.00000000,274.780396,2.15423584,874.881836,1260.00000,-1000.00000,0.00000000,0.00000000,0.277497470,0.267421901,276.967163,0.221579880,0.00000000
1,2,mixed_forest_melt,3,60.0000000,2,F,T,0,0,F,17,15,0.500000000,28,19,0,1004.50000,0.285714298,9.81000042,2500000.00,0.567051011E-07,0.399999991E-01,5,7,1.00000000,0.00000000,283.000000,20.0000000,90.0000000,64.0000000,0.500000000,0.00000000,305.000000,330.000000,0.130000003E-01,0.120000001E-01,12.0000000,0.129999995,80.0000000,95000.0000,277.500000,0.480000023E-02,0.00000000,1.10000002,24.9901505,0.999501944E-01,0.780762076,0.174328059,0.529999971,0.392304808,0.971230507,5.31428576,1.00000000,0.108166067E-01,0.800000012,0.800000012,276.897766,-7.30404663,0.364879975E-05,10.3443470,7.50043774,0.119581133,0.00000000,0.119581133,0.670182765,3.25000000,0.997500308E-02,0.523348013E-02,0.00000000,0.00000000,0.520623336E-02,0.523348013E-02,1.00000000,277.150665,2.31243896,874.565857,1260.00000,-1000.00000,0.00000000,0.00000000,0.270004928,0.269999981,278.385223,0.224444404,0.00000000,24.9796734,0.998973250E-01,0.780454338,0.248657629,0.529999971,0.392181695,0.971218169,5.31428576,1.00000000,0.108166067E-01,0.800000012,0.800000012,277.100525,-4.84493589,0.355875841E-05,10.0890799,7.50086498,0.239508867,0.00000000,0.239508867,-6.15140629,3.25000000,0.204894152E-01,0.530861970E-02,0.00000000,0.00000000,0.528058689E-02,0.530861970E-02,1.00000000,274.780396,2.15423584,874.881836,1260.00000,-1000.00000,0.00000000,0.00000000,0.270108461,0.270004928,278.357513,0.224449903,0.00000000
1,2,mixed_forest_melt,4,60.0000000,2,F,T,0,0,F,17,15,0.500000000,28,19,0,1004.50000,0.285714298,9.81000042,2500000.00,0.567051011E-07,0.100000001,5,7,1.00000000,0.00000000,283.000000,20.0000000,90.0000000,64.0000000,0.500000000,0.00000000,305.000000,330.000000,0.130000003E-01,0.120000001E-01,12.0000000,0.129999995,80.0000000,95000.0000,277.500000,0.480000023E-02,0.00000000,1.10000002,24.9901505,0.999501944E-01,0.780762076,0.174328059,0.529999971,0.392304808,0.971230507,5.31428576,1.00000000,0.108166067E-01,0.800000012,0.800000012,276.897766,-7.30404663,0.364879975E-05,10.3443470,7.50043774,0.119581133,0.00000000,0.119581133,0.670182765,3.25000000,0.997500308E-02,0.523348013E-02,0.00000000,0.00000000,0.520623336E-02,0.523348013E-02,1.00000000,277.150665,2.31243896,874.565857,1260.00000,-1000.00000,0.00000000,0.00000000,0.274993360,0.274993360,279.096741,0.229999959,0.00000000,24.9796734,0.998973250E-01,0.780454338,0.248657629,0.529999971,0.392181695,0.971218169,5.31428576,1.00000000,0.108166067E-01,0.800000012,0.800000012,277.100525,-4.84493589,0.355875841E-05,10.0890799,7.50086498,0.239508867,0.00000000,0.239508867,-6.15140629,3.25000000,0.204894152E-01,0.530861970E-02,0.00000000,0.00000000,0.528058689E-02,0.530861970E-02,1.00000000,274.780396,2.15423584,874.881836,1260.00000,-1000.00000,0.00000000,0.00000000,0.274986982,0.274986982,279.093353,0.229992613,0.00000000
1,2,mixed_forest_melt,5,60.0000000,2,F,T,0,0,F,17,15,0.500000000,28,19,0,1004.50000,0.285714298,9.81000042,2500000.00,0.567051011E-07,0.300000012,5,7,1.00000000,0.00000000,283.000000,20.0000000,90.0000000,64.0000000,0.500000000,0.00000000,305.000000,330.000000,0.130000003E-01,0.120000001E-01,12.0000000,0.129999995,80.0000000,95000.0000,277.500000,0.480000023E-02,0.00000000,1.10000002,24.9901505,0.999501944E-01,0.780762076,0.174328059,0.529999971,0.392304808,0.971230507,5.31428576,1.00000000,0.108166067E-01,0.800000012,0.800000012,276.897766,-7.30404663,0.364879975E-05,10.3443470,7.50043774,0.119581133,0.00000000,0.119581133,0.670182765,3.25000000,0.997500308E-02,0.523348013E-02,0.00000000,0.00000000,0.520623336E-02,0.523348013E-02,1.00000000,277.150665,2.31243896,874.565857,1260.00000,-1000.00000,0.00000000,0.00000000,0.279999554,0.279999554,279.799774,0.235555544,0.00000000,24.9796734,0.998973250E-01,0.780454338,0.248657629,0.529999971,0.392181695,0.971218169,5.31428576,1.00000000,0.108166067E-01,0.800000012,0.800000012,277.100525,-4.84493589,0.355875841E-05,10.0890799,7.50086498,0.239508867,0.00000000,0.239508867,-6.15140629,3.25000000,0.204894152E-01,0.530861970E-02,0.00000000,0.00000000,0.528058689E-02,0.530861970E-02,1.00000000,274.780396,2.15423584,874.881836,1260.00000,-1000.00000,0.00000000,0.00000000,0.279999077,0.279999077,279.799561,0.235555053,0.00000000
1,2,mixed_forest_melt,6,60.0000000,2,F,T,0,0,F,17,15,0.500000000,28,19,0,1004.50000,0.285714298,9.81000042,2500000.00,0.567051011E-07,0.600000024,5,7,1.00000000,0.00000000,283.000000,20.0000000,90.0000000,64.0000000,0.500000000,0.00000000,305.000000,330.000000,0.130000003E-01,0.120000001E-01,12.0000000,0.129999995,80.0000000,95000.0000,277.500000,0.480000023E-02,0.00000000,1.10000002,24.9901505,0.999501944E-01,0.780762076,0.174328059,0.529999971,0.392304808,0.971230507,5.31428576,1.00000000,0.108166067E-01,0.800000012,0.800000012,276.897766,-7.30404663,0.364879975E-05,10.3443470,7.50043774,0.119581133,0.00000000,0.119581133,0.670182765,3.25000000,0.997500308E-02,0.523348013E-02,0.00000000,0.00000000,0.520623336E-02,0.523348013E-02,1.00000000,277.150665,2.31243896,874.565857,1260.00000,-1000.00000,0.00000000,0.00000000,0.284999788,0.284999788,280.499908,0.241111100,0.00000000,24.9796734,0.998973250E-01,0.780454338,0.248657629,0.529999971,0.392181695,0.971218169,5.31428576,1.00000000,0.108166067E-01,0.800000012,0.800000012,277.100525,-4.84493589,0.355875841E-05,10.0890799,7.50086498,0.239508867,0.00000000,0.239508867,-6.15140629,3.25000000,0.204894152E-01,0.530861970E-02,0.00000000,0.00000000,0.528058689E-02,0.530861970E-02,1.00000000,274.780396,2.15423584,874.881836,1260.00000,-1000.00000,0.00000000,0.00000000,0.284999579,0.284999579,280.499817,0.241110861,0.00000000
1,2,mixed_forest_melt,7,60.0000000,2,F,T,0,0,F,17,15,0.500000000,28,19,0,1004.50000,0.285714298,9.81000042,2500000.00,0.567051011E-07,1.00000000,5,7,1.00000000,0.00000000,283.000000,20.0000000,90.0000000,64.0000000,0.500000000,0.00000000,305.000000,330.000000,0.130000003E-01,0.120000001E-01,12.0000000,0.129999995,80.0000000,95000.0000,277.500000,0.480000023E-02,0.00000000,1.10000002,24.9901505,0.999501944E-01,0.780762076,0.174328059,0.529999971,0.392304808,0.971230507,5.31428576,1.00000000,0.108166067E-01,0.800000012,0.800000012,276.897766,-7.30404663,0.364879975E-05,10.3443470,7.50043774,0.119581133,0.00000000,0.119581133,0.670182765,3.25000000,0.997500308E-02,0.523348013E-02,0.00000000,0.00000000,0.520623336E-02,0.523348013E-02,1.00000000,277.150665,2.31243896,874.565857,1260.00000,-1000.00000,0.00000000,0.00000000,0.289999723,0.289999723,281.199951,0.246666640,0.00000000,24.9796734,0.998973250E-01,0.780454338,0.248657629,0.529999971,0.392181695,0.971218169,5.31428576,1.00000000,0.108166067E-01,0.800000012,0.800000012,277.100525,-4.84493589,0.355875841E-05,10.0890799,7.50086498,0.239508867,0.00000000,0.239508867,-6.15140629,3.25000000,0.204894152E-01,0.530861970E-02,0.00000000,0.00000000,0.528058689E-02,0.530861970E-02,1.00000000,274.780396,2.15423584,874.881836,1260.00000,-1000.00000,0.00000000,0.00000000,0.289999425,0.289999425,281.199890,0.246666342,0.00000000
1,2,mixed_forest_melt,8,60.0000000,2,F,T,0,0,F,17,15,0.500000000,28,19,0,1004.50000,0.285714298,9.81000042,2500000.00,0.567051011E-07,1.60000002,5,7,1.00000000,0.00000000,283.000000,20.0000000,90.0000000,64.0000000,0.500000000,0.00000000,305.000000,330.000000,0.130000003E-01,0.120000001E-01,12.0000000,0.129999995,80.0000000,95000.0000,277.500000,0.480000023E-02,0.00000000,1.10000002,24.9901505,0.999501944E-01,0.780762076,0.174328059,0.529999971,0.392304808,0.971230507,5.31428576,1.00000000,0.108166067E-01,0.800000012,0.800000012,276.897766,-7.30404663,0.364879975E-05,10.3443470,7.50043774,0.119581133,0.00000000,0.119581133,0.670182765,3.25000000,0.997500308E-02,0.523348013E-02,0.00000000,0.00000000,0.520623336E-02,0.523348013E-02,1.00000000,277.150665,2.31243896,874.565857,1260.00000,-1000.00000,0.00000000,0.00000000,0.294999719,0.294999719,281.899963,0.252222180,0.00000000,24.9796734,0.998973250E-01,0.780454338,0.248657629,0.529999971,0.392181695,0.971218169,5.31428576,1.00000000,0.108166067E-01,0.800000012,0.800000012,277.100525,-4.84493589,0.355875841E-05,10.0890799,7.50086498,0.239508867,0.00000000,0.239508867,-6.15140629,3.25000000,0.204894152E-01,0.530861970E-02,0.00000000,0.00000000,0.528058689E-02,0.530861970E-02,1.00000000,274.780396,2.15423584,874.881836,1260.00000,-1000.00000,0.00000000,0.00000000,0.294999480,0.294999480,281.899963,0.252221882,0.00000000
1,2,mixed_forest_melt,9,60.0000000,2,F,T,0,0,F,17,15,0.500000000,28,19,0,1004.50000,0.285714298,9.81000042,2500000.00,0.567051011E-07,3.00000000,5,7,1.00000000,0.00000000,283.000000,20.0000000,90.0000000,64.0000000,0.500000000,0.00000000,305.000000,330.000000,0.130000003E-01,0.120000001E-01,12.0000000,0.129999995,80.0000000,95000.0000,277.500000,0.480000023E-02,0.00000000,1.10000002,24.9901505,0.999501944E-01,0.780762076,0.174328059,0.529999971,0.392304808,0.971230507,5.31428576,1.00000000,0.108166067E-01,0.800000012,0.800000012,276.897766,-7.30404663,0.364879975E-05,10.3443470,7.50043774,0.119581133,0.00000000,0.119581133,0.670182765,3.25000000,0.997500308E-02,0.523348013E-02,0.00000000,0.00000000,0.520623336E-02,0.523348013E-02,1.00000000,277.150665,2.31243896,874.565857,1260.00000,-1000.00000,0.00000000,0.00000000,0.299999982,0.299999982,283.000000,0.257777750,0.00000000,24.9796734,0.998973250E-01,0.780454338,0.248657629,0.529999971,0.392181695,0.971218169,5.31428576,1.00000000,0.108166067E-01,0.800000012,0.800000012,277.100525,-4.84493589,0.355875841E-05,10.0890799,7.50086498,0.239508867,0.00000000,0.239508867,-6.15140629,3.25000000,0.204894152E-01,0.530861970E-02,0.00000000,0.00000000,0.528058689E-02,0.530861970E-02,1.00000000,274.780396,2.15423584,874.881836,1260.00000,-1000.00000,0.00000000,0.00000000,0.299999982,0.299999982,283.000000,0.257777750,0.00000000
1,2,savanna_wet,1,60.0000000,2,F,T,0,0,F,17,15,0.500000000,28,19,0,1004.50000,0.285714298,9.81000042,2500000.00,0.567051011E-07,0.00000000,9,9,1.00000000,0.200000003,289.000000,10.0000000,70.0000000,48.0000000,3.00000000,0.00000000,360.000000,470.000000,0.160000008E-01,0.149999997E-01,15.0000000,0.200000003,80.0000000,95000.0000,292.000000,0.138999997E-01,0.299999992E-04,1.10000002,0.00000000,0.00000000,0.00000000,0.472223848,0.500000000,0.200000003,0.920000017,3.34466672,1.00000000,0.134185990E-01,0.150000006,0.150000006,293.280548,19.2668343,0.179476683E-04,44.8691711,7.50215340,2.31143498,0.00000000,2.31143498,-87.5584946,3.25000000,0.00000000,0.154290507E-01,0.00000000,0.00000000,0.151946126E-01,0.154290507E-01,1.00000000,293.000000,20.3500061,1215.70386,1353.00000,-1000.00000,0.00000000,0.00000000,0.397624493,0.379999995,293.280548,0.366666645,0.00000000,0.00000000,0.00000000,0.00000000,0.499834538,0.500000000,0.200000003,0.920000017,3.34466672,1.00000000,0.134185990E-01,0.150000006,0.150000006,293.283783,19.3155060,0.179837534E-04,44.9593849,7.50431156,4.88321114,0.00000000,4.88321114,-78.1095581,3.25000000,0.00000000,0.154321250E-01,0.00000000,0.00000000,0.151975937E-01,0.154321250E-01,1.00000000,293.000000,20.3500061,1216.01208,1353.00000,-1000.00000,0.00000000,0.00000000,0.403925717,0.397624493,293.283783,0.386249393,0.00000000
1,2,savanna_wet,2,60.0000000,2,F,T,0,0,F,17,15,0.500000000,28,19,0,1004.50000,0.285714298,9.81000042,2500000.00,0.567051011E-07,0.999999978E-02,9,9,1.00000000,0.200000003,289.000000,10.0000000,70.0000000,48.0000000,3.00000000,0.00000000,360.000000,470.000000,0.160000008E-01,0.149999997E-01,15.0000000,0.200000003,80.0000000,95000.0000,292.000000,0.138999997E-01,0.299999992E-04,1.10000002,0.00000000,0.00000000,0.00000000,0.472223848,0.500000000,0.200000003,0.920000017,3.34466672,1.00000000,0.134185990E-01,0.150000006,0.150000006,293.280548,19.2668343,0.179476683E-04,44.8691711,7.50215340,2.31143498,0.00000000,2.31143498,-87.5584946,3.25000000,0.00000000,0.154290507E-01,0.00000000,0.00000000,0.151946126E-01,0.154290507E-01,1.00000000,293.000000,20.3500061,1215.70386,1353.00000,-1000.00000,0.00000000,0.00000000,0.393482864,0.384000003,292.668793,0.371111095,0.00000000,0.00000000,0.00000000,0.00000000,0.499834538,0.500000000,0.200000003,0.920000017,3.34466672,1.00000000,0.134185990E-01,0.150000006,0.150000006,293.283783,19.3155060,0.179837534E-04,44.9593849,7.50431156,4.88321114,0.00000000,4.88321114,-78.1095581,3.25000000,0.00000000,0.154321250E-01,0.00000000,0.00000000,0.151975937E-01,0.154321250E-01,1.00000000,293.000000,20.3500061,1216.01208,1353.00000,-1000.00000,0.00000000,0.00000000,0.400415301,0.393482864,292.745575,0.381647587,0.00000000
1,2,savanna_wet,3,60.0000000,2,F,T,0,0,F,17,15,0.500000000,28,19,0,1004.50000,0.285714298,9.81000042,2500000.00,0.567051011E-07,0.399999991E-01,9,9,1.00000000,0.200000003,289.000000,10.0000000,70.0000000,48.0000000,3.00000000,0.00000000,360.000000,470.000000,0.160000008E-01,0.149999997E-01,15.0000000,0.200000003,80.0000000,95000.0000,292.000000,0.138999997E-01,0.299999992E-04,1.10000002,0.00000000,0.00000000,0.00000000,0.472223848,0.500000000,0.200000003,0.920000017,3.34466672,1.00000000,0.134185990E-01,0.150000006,0.150000006,293.280548,19.2668343,0.179476683E-04,44.8691711,7.50215340,2.31143498,0.00000000,2.31143498,-87.5584946,3.25000000,0.00000000,0.154290507E-01,0.00000000,0.00000000,0.151946126E-01,0.154290507E-01,1.00000000,293.000000,20.3500061,1215.70386,1353.00000,-1000.00000,0.00000000,0.00000000,0.390160918,0.387999982,292.206451,0.375555515,0.00000000,0.00000000,0.00000000,0.00000000,0.499834538,0.500000000,0.200000003,0.920000017,3.34466672,1.00000000,0.134185990E-01,0.150000006,0.150000006,293.283783,19.3155060,0.179837534E-04,44.9593849,7.50431156,4.88321114,0.00000000,4.88321114,-78.1095581,3.25000000,0.00000000,0.154321250E-01,0.00000000,0.00000000,0.151975937E-01,0.154321250E-01,1.00000000,293.000000,20.3500061,1216.01208,1353.00000,-1000.00000,0.00000000,0.00000000,0.393771291,0.390160918,292.214600,0.377956539,0.00000000
1,2,savanna_wet,4,60.0000000,2,F,T,0,0,F,17,15,0.500000000,28,19,0,1004.50000,0.285714298,9.81000042,2500000.00,0.567051011E-07,0.100000001,9,9,1.00000000,0.200000003,289.000000,10.0000000,70.0000000,48.0000000,3.00000000,0.00000000,360.000000,470.000000,0.160000008E-01,0.149999997E-01,15.0000000,0.200000003,80.0000000,95000.0000,292.000000,0.138999997E-01,0.299999992E-04,1.10000002,0.00000000,0.00000000,0.00000000,0.472223848,0.500000000,0.200000003,0.920000017,3.34466672,1.00000000,0.134185990E-01,0.150000006,0.150000006,293.280548,19.2668343,0.179476683E-04,44.8691711,7.50215340,2.31143498,0.00000000,2.31143498,-87.5584946,3.25000000,0.00000000,0.154290507E-01,0.00000000,0.00000000,0.151946126E-01,0.154290507E-01,1.00000000,293.000000,20.3500061,1215.70386,1353.00000,-1000.00000,0.00000000,0.00000000,0.391900599,0.391900599,291.801361,0.379999965,0.00000000,0.00000000,0.00000000,0.00000000,0.499834538,0.500000000,0.200000003,0.920000017,3.34466672,1.00000000,0.134185990E-01,0.150000006,0.150000006,293.283783,19.3155060,0.179837534E-04,44.9593849,7.50431156,4.88321114,0.00000000,4.88321114,-78.1095581,3.25000000,0.00000000,0.154321250E-01,0.00000000,0.00000000,0.151975937E-01,0.154321250E-01,1.00000000,293.000000,20.3500061,1216.01208,1353.00000,-1000.00000,0.00000000,0.00000000,0.392150939,0.391900599,291.802734,0.379889518,0.00000000
1,2,savanna_wet,5,60.0000000,2,F,T,0,0,F,17,15,0.500000000,28,19,0,1004.50000,0.285714298,9.81000042,2500000.00,0.567051011E-07,0.300000012,9,9,1.00000000,0.200000003,289.000000,10.0000000,70.0000000,48.0000000,3.00000000,0.00000000,360.000000,470.000000,0.160000008E-01,0.149999997E-01,15.0000000,0.200000003,80.0000000,95000.0000,292.000000,0.138999997E-01,0.299999992E-04,1.10000002,0.00000000,0.00000000,0.00000000,0.472223848,0.500000000,0.200000003,0.920000017,3.34466672,1.00000000,0.134185990E-01,0.150000006,0.150000006,293.280548,19.2668343,0.179476683E-04,44.8691711,7.50215340,2.31143498,0.00000000,2.31143498,-87.5584946,3.25000000,0.00000000,0.154290507E-01,0.00000000,0.00000000,0.151946126E-01,0.154290507E-01,1.00000000,293.000000,20.3500061,1215.70386,1353.00000,-1000.00000,0.00000000,0.00000000,0.395945400,0.395945400,291.400085,0.384444416,0.00000000,0.00000000,0.00000000,0.00000000,0.499834538,0.500000000,0.200000003,0.920000017,3.34466672,1.00000000,0.134185990E-01,0.150000006,0.150000006,293.283783,19.3155060,0.179837534E-04,44.9593849,7.50431156,4.88321114,0.00000000,4.88321114,-78.1095581,3.25000000,0.00000000,0.154321250E-01,0.00000000,0.00000000,0.151975937E-01,0.154321250E-01,1.00000000,293.000000,20.3500061,1216.01208,1353.00000,-1000.00000,0.00000000,0.00000000,0.395896077,0.395896077,291.400177,0.384383738,0.00000000
1,2,savanna_wet,6,60.0000000,2,F,T,0,0,F,17,15,0.500000000,28,19,0,1004.50000,0.285714298,9.81000042,2500000.00,0.567051011E-07,0.600000024,9,9,1.00000000,0.200000003,289.000000,10.0000000,70.0000000,48.0000000,3.00000000,0.00000000,360.000000,470.000000,0.160000008E-01,0.149999997E-01,15.0000000,0.200000003,80.0000000,95000.0000,292.000000,0.138999997E-01,0.299999992E-04,1.10000002,0.00000000,0.00000000,0.00000000,0.472223848,0.500000000,0.200000003,0.920000017,3.34466672,1.00000000,0.134185990E-01,0.150000006,0.150000006,293.280548,19.2668343,0.179476683E-04,44.8691711,7.50215340,2.31143498,0.00000000,2.31143498,-87.5584946,3.25000000,0.00000000,0.154290507E-01,0.00000000,0.00000000,0.151946126E-01,0.154290507E-01,1.00000000,293.000000,20.3500061,1215.70386,1353.00000,-1000.00000,0.00000000,0.00000000,0.399964154,0.399964154,291.000031,0.388888866,0.00000000,0.00000000,0.00000000,0.00000000,0.499834538,0.500000000,0.200000003,0.920000017,3.34466672,1.00000000,0.134185990E-01,0.150000006,0.150000006,293.283783,19.3155060,0.179837534E-04,44.9593849,7.50431156,4.88321114,0.00000000,4.88321114,-78.1095581,3.25000000,0.00000000,0.154321250E-01,0.00000000,0.00000000,0.151975937E-01,0.154321250E-01,1.00000000,293.000000,20.3500061,1216.01208,1353.00000,-1000.00000,0.00000000,0.00000000,0.399928242,0.399928242,291.000061,0.388849020,0.00000000
1,2,savanna_wet,7,60.0000000,2,F,T,0,0,F,17,15,0.500000000,28,19,0,1004.50000,0.285714298,9.81000042,2500000.00,0.567051011E-07,1.00000000,9,9,1.00000000,0.200000003,289.000000,10.0000000,70.0000000,48.0000000,3.00000000,0.00000000,360.000000,470.000000,0.160000008E-01,0.149999997E-01,15.0000000,0.200000003,80.0000000,95000.0000,292.000000,0.138999997E-01,0.299999992E-04,1.10000002,0.00000000,0.00000000,0.00000000,0.472223848,0.500000000,0.200000003,0.920000017,3.34466672,1.00000000,0.134185990E-01,0.150000006,0.150000006,293.280548,19.2668343,0.179476683E-04,44.8691711,7.50215340,2.31143498,0.00000000,2.31143498,-87.5584946,3.25000000,0.00000000,0.154290507E-01,0.00000000,0.00000000,0.151946126E-01,0.154290507E-01,1.00000000,293.000000,20.3500061,1215.70386,1353.00000,-1000.00000,0.00000000,0.00000000,0.403971016,0.403971016,290.600006,0.393333286,0.00000000,0.00000000,0.00000000,0.00000000,0.499834538,0.500000000,0.200000003,0.920000017,3.34466672,1.00000000,0.134185990E-01,0.150000006,0.150000006,293.283783,19.3155060,0.179837534E-04,44.9593849,7.50431156,4.88321114,0.00000000,4.88321114,-78.1095581,3.25000000,0.00000000,0.154321250E-01,0.00000000,0.00000000,0.151975937E-01,0.154321250E-01,1.00000000,293.000000,20.3500061,1216.01208,1353.00000,-1000.00000,0.00000000,0.00000000,0.403942049,0.403942049,290.600006,0.393301100,0.00000000
1,2,savanna_wet,8,60.0000000,2,F,T,0,0,F,17,15,0.500000000,28,19,0,1004.50000,0.285714298,9.81000042,2500000.00,0.567051011E-07,1.60000002,9,9,1.00000000,0.200000003,289.000000,10.0000000,70.0000000,48.0000000,3.00000000,0.00000000,360.000000,470.000000,0.160000008E-01,0.149999997E-01,15.0000000,0.200000003,80.0000000,95000.0000,292.000000,0.138999997E-01,0.299999992E-04,1.10000002,0.00000000,0.00000000,0.00000000,0.472223848,0.500000000,0.200000003,0.920000017,3.34466672,1.00000000,0.134185990E-01,0.150000006,0.150000006,293.280548,19.2668343,0.179476683E-04,44.8691711,7.50215340,2.31143498,0.00000000,2.31143498,-87.5584946,3.25000000,0.00000000,0.154290507E-01,0.00000000,0.00000000,0.151946126E-01,0.154290507E-01,1.00000000,293.000000,20.3500061,1215.70386,1353.00000,-1000.00000,0.00000000,0.00000000,0.407982469,0.407982469,290.200012,0.397777736,0.00000000,0.00000000,0.00000000,0.00000000,0.499834538,0.500000000,0.200000003,0.920000017,3.34466672,1.00000000,0.134185990E-01,0.150000006,0.150000006,293.283783,19.3155060,0.179837534E-04,44.9593849,7.50431156,4.88321114,0.00000000,4.88321114,-78.1095581,3.25000000,0.00000000,0.154321250E-01,0.00000000,0.00000000,0.151975937E-01,0.154321250E-01,1.00000000,293.000000,20.3500061,1216.01208,1353.00000,-1000.00000,0.00000000,0.00000000,0.407964975,0.407964975,290.199982,0.397758275,0.00000000
1,2,savanna_wet,9,60.0000000,2,F,T,0,0,F,17,15,0.500000000,28,19,0,1004.50000,0.285714298,9.81000042,2500000.00,0.567051011E-07,3.00000000,9,9,1.00000000,0.200000003,289.000000,10.0000000,70.0000000,48.0000000,3.00000000,0.00000000,360.000000,470.000000,0.160000008E-01,0.149999997E-01,15.0000000,0.200000003,80.0000000,95000.0000,292.000000,0.138999997E-01,0.299999992E-04,1.10000002,0.00000000,0.00000000,0.00000000,0.472223848,0.500000000,0.200000003,0.920000017,3.34466672,1.00000000,0.134185990E-01,0.150000006,0.150000006,293.280548,19.2668343,0.179476683E-04,44.8691711,7.50215340,2.31143498,0.00000000,2.31143498,-87.5584946,3.25000000,0.00000000,0.154290507E-01,0.00000000,0.00000000,0.151946126E-01,0.154290507E-01,1.00000000,293.000000,20.3500061,1215.70386,1353.00000,-1000.00000,0.00000000,0.00000000,0.412000000,0.412000000,289.000000,0.402222186,0.00000000,0.00000000,0.00000000,0.00000000,0.499834538,0.500000000,0.200000003,0.920000017,3.34466672,1.00000000,0.134185990E-01,0.150000006,0.150000006,293.283783,19.3155060,0.179837534E-04,44.9593849,7.50431156,4.88321114,0.00000000,4.88321114,-78.1095581,3.25000000,0.00000000,0.154321250E-01,0.00000000,0.00000000,0.151975937E-01,0.154321250E-01,1.00000000,293.000000,20.3500061,1216.01208,1353.00000,-1000.00000,0.00000000,0.00000000,0.412000000,0.412000000,289.000000,0.402222186,0.00000000
1,2,tundra_snow_free,1,60.0000000,2,F,T,0,0,F,17,15,0.500000000,28,19,0,1004.50000,0.285714298,9.81000042,2500000.00,0.567051011E-07,0.00000000,20,2,1.00000000,0.00000000,277.000000,5.00000000,60.0000000,30.0000000,0.00000000,0.00000000,240.000000,200.000000,0.999999978E-02,0.899999961E-02,9.00000000,0.150000006,80.0000000,95000.0000,265.500000,0.179999997E-02,0.00000000,1.10000002,0.00000000,0.00000000,0.00000000,0.00000000,0.750000000,0.150000006,0.899999976,2.88090897,1.00000000,0.813286752E-02,0.599999987E-01,0.599999987E-01,265.620239,1.09647143,0.197459212E-05,4.93648052,7.50023651,0.00000000,0.00000000,0.00000000,276.320923,3.25000000,0.00000000,0.211302075E-02,0.00000000,0.00000000,0.210856530E-02,0.211302075E-02,1.00000000,265.000000,-7.64999390,713.090515,1230.00000,-1000.00000,0.00000000,0.00000000,0.199972928,0.492396764E-01,265.620239,0.166843161,0.00000000,0.00000000,0.00000000,0.00000000,0.00000000,0.750000000,0.150000006,0.899999976,2.88090897,1.00000000,0.813286752E-02,0.599999987E-01,0.599999987E-01,266.055450,5.06519699,0.248892388E-05,6.22230959,7.50053501,0.00000000,0.00000000,0.00000000,154.926498,3.25000000,0.00000000,0.219455478E-02,0.00000000,0.00000000,0.218974939E-02,0.219455478E-02,1.00000000,265.000000,-7.64999390,713.081055,1230.00000,-1000.00000,0.00000000,0.00000000,0.199938819,0.499322116E-01,266.055450,0.167481393,0.00000000
1,2,tundra_snow_free,2,60.0000000,2,F,T,0,0,F,17,15,0.500000000,28,19,0,1004.50000,0.285714298,9.81000042,2500000.00,0.567051011E-07,0.999999978E-02,20,2,1.00000000,0.00000000,277.000000,5.00000000,60.0000000,30.0000000,0.00000000,0.00000000,240.000000,200.000000,0.999999978E-02,0.899999961E-02,9.00000000,0.150000006,80.0000000,95000.0000,265.500000,0.179999997E-02,0.00000000,1.10000002,0.00000000,0.00000000,0.00000000,0.00000000,0.750000000,0.150000006,0.899999976,2.88090897,1.00000000,0.813286752E-02,0.599999987E-01,0.599999987E-01,265.620239,1.09647143,0.197459212E-05,4.93648052,7.50023651,0.00000000,0.00000000,0.00000000,276.320923,3.25000000,0.00000000,0.211302075E-02,0.00000000,0.00000000,0.210856530E-02,0.211302075E-02,1.00000000,265.000000,-7.64999390,713.090515,1230.00000,-1000.00000,0.00000000,0.00000000,0.205999985,0.516832471E-01,267.027283,0.170849055,0.00000000,0.00000000,0.00000000,0.00000000,0.00000000,0.750000000,0.150000006,0.899999976,2.88090897,1.00000000,0.813286752E-02,0.599999987E-01,0.599999987E-01,266.055450,5.06519699,0.248892388E-05,6.22230959,7.50053501,0.00000000,0.00000000,0.00000000,154.926498,3.25000000,0.00000000,0.219455478E-02,0.00000000,0.00000000,0.218974939E-02,0.219455478E-02,1.00000000,265.000000,-7.64999390,713.081055,1230.00000,-1000.00000,0.00000000,0.00000000,0.206000000,0.513279624E-01,266.843811,0.171463042,0.00000000
1,2,tundra_snow_free,3,60.0000000,2,F,T,0,0,F,17,15,0.500000000,28,19,0,1004.50000,0.285714298,9.81000042,2500000.00,0.567051011E-07,0.399999991E-01,20,2,1.00000000,0.00000000,277.000000,5.00000000,60.0000000,30.0000000,0.00000000,0.00000000,240.000000,200.000000,0.999999978E-02,0.899999961E-02,9.00000000,0.150000006,80.0000000,95000.0000,265.500000,0.179999997E-02,0.00000000,1.10000002,0.00000000,0.00000000,0.00000000,0.00000000,0.750000000,0.150000006,0.899999976,2.88090897,1.00000000,0.813286752E-02,0.599999987E-01,0.599999987E-01,265.620239,1.09647143,0.197459212E-05,4.93648052,7.50023651,0.00000000,0.00000000,0.00000000,276.320923,3.25000000,0.00000000,0.211302075E-02,0.00000000,0.00000000,0.210856530E-02,0.211302075E-02,1.00000000,265.000000,-7.64999390,713.090515,1230.00000,-1000.00000,0.00000000,0.00000000,0.212000012,0.552851968E-01,268.565582,0.174019963,0.00000000,0.00000000,0.00000000,0.00000000,0.00000000,0.750000000,0.150000006,0.899999976,2.88090897,1.00000000,0.813286752E-02,0.599999987E-01,0.599999987E-01,266.055450,5.06519699,0.248892388E-05,6.22230959,7.50053501,0.00000000,0.00000000,0.00000000,154.926498,3.25000000,0.00000000,0.219455478E-02,0.00000000,0.00000000,0.218974939E-02,0.219455478E-02,1.00000000,265.000000,-7.64999390,713.081055,1230.00000,-1000.00000,0.00000000,0.00000000,0.212000012,0.551672429E-01,268.523224,0.174127579,0.00000000
1,2,tundra_snow_free,4,60.0000000,2,F,T,0,0,F,17,15,0.500000000,28,19,0,1004.50000,0.285714298,9.81000042,2500000.00,0.567051011E-07,0.100000001,20,2,1.00000000,0.00000000,277.000000,5.00000000,60.0000000,30.0000000,0.00000000,0.00000000,240.000000,200.000000,0.999999978E-02,0.899999961E-02,9.00000000,0.150000006,80.0000000,95000.0000,265.500000,0.179999997E-02,0.00000000,1.10000002,0.00000000,0.00000000,0.00000000,0.00000000,0.750000000,0.150000006,0.899999976,2.88090897,1.00000000,0.813286752E-02,0.599999987E-01,0.599999987E-01,265.620239,1.09647143,0.197459212E-05,4.93648052,7.50023651,0.00000000,0.00000000,0.00000000,276.320923,3.25000000,0.00000000,0.211302075E-02,0.00000000,0.00000000,0.210856530E-02,0.211302075E-02,1.00000000,265.000000,-7.64999390,713.090515,1230.00000,-1000.00000,0.00000000,0.00000000,0.217999995,0.598436296E-01,269.893768,0.175699890,0.00000000,0.00000000,0.00000000,0.00000000,0.00000000,0.750000000,0.150000006,0.899999976,2.88090897,1.00000000,0.813286752E-02,0.599999987E-01,0.599999987E-01,266.055450,5.06519699,0.248892388E-05,6.22230959,7.50053501,0.00000000,0.00000000,0.00000000,154.926498,3.25000000,0.00000000,0.219455478E-02,0.00000000,0.00000000,0.218974939E-02,0.219455478E-02,1.00000000,265.000000,-7.64999390,713.081055,1230.00000,-1000.00000,0.00000000,0.00000000,0.217999995,0.598161891E-01,269.887299,0.175729290,0.00000000
1,2,tundra_snow_free,5,60.0000000,2,F,T,0,0,F,17,15,0.500000000,28,19,0,1004.50000,0.285714298,9.81000042,2500000.00,0.567051011E-07,0.300000012,20,2,1.00000000,0.00000000,277.000000,5.00000000,60.0000000,30.0000000,0.00000000,0.00000000,240.000000,200.000000,0.999999978E-02,0.899999961E-02,9.00000000,0.150000006,80.0000000,95000.0000,265.500000,0.179999997E-02,0.00000000,1.10000002,0.00000000,0.00000000,0.00000000,0.00000000,0.750000000,0.150000006,0.899999976,2.88090897,1.00000000,0.813286752E-02,0.599999987E-01,0.599999987E-01,265.620239,1.09647143,0.197459212E-05,4.93648052,7.50023651,0.00000000,0.00000000,0.00000000,276.320923,3.25000000,0.00000000,0.211302075E-02,0.00000000,0.00000000,0.210856530E-02,0.211302075E-02,1.00000000,265.000000,-7.64999390,713.090515,1230.00000,-1000.00000,0.00000000,0.00000000,0.224000037,0.673451796E-01,271.199402,0.174055547,0.00000000,0.00000000,0.00000000,0.00000000,0.00000000,0.750000000,0.150000006,0.899999976,2.88090897,1.00000000,0.813286752E-02,0.599999987E-01,0.599999987E-01,266.055450,5.06519699,0.248892388E-05,6.22230959,7.50053501,0.00000000,0.00000000,0.00000000,154.926498,3.25000000,0.00000000,0.219455478E-02,0.00000000,0.00000000,0.218974939E-02,0.219455478E-02,1.00000000,265.000000,-7.64999390,713.081055,1230.00000,-1000.00000,0.00000000,0.00000000,0.224000067,0.673403293E-01,271.198792,0.174060956,0.00000000
1,2,tundra_snow_free,6,60.0000000,2,F,T,0,0,F,17,15,0.500000000,28,19,0,1004.50000,0.285714298,9.81000042,2500000.00,0.567051011E-07,0.600000024,20,2,1.00000000,0.00000000,277.000000,5.00000000,60.0000000,30.0000000,0.00000000,0.00000000,240.000000,200.000000,0.999999978E-02,0.899999961E-02,9.00000000,0.150000006,80.0000000,95000.0000,265.500000,0.179999997E-02,0.00000000,1.10000002,0.00000000,0.00000000,0.00000000,0.00000000,0.750000000,0.150000006,0.899999976,2.88090897,1.00000000,0.813286752E-02,0.599999987E-01,0.599999987E-01,265.620239,1.09647143,0.197459212E-05,4.93648052,7.50023651,0.00000000,0.00000000,0.00000000,276.320923,3.25000000,0.00000000,0.211302075E-02,0.00000000,0.00000000,0.210856530E-02,0.211302075E-02,1.00000000,265.000000,-7.64999390,713.090515,1230.00000,-1000.00000,0.00000000,0.00000000,0.229998410,0.866543427E-01,272.500305,0.159283295,0.00000000,0.00000000,0.00000000,0.00000000,0.00000000,0.750000000,0.150000006,0.899999976,2.88090897,1.00000000,0.813286752E-02,0.599999987E-01,0.599999987E-01,266.055450,5.06519699,0.248892388E-05,6.22230959,7.50053501,0.00000000,0.00000000,0.00000000,154.926498,3.25000000,0.00000000,0.219455478E-02,0.00000000,0.00000000,0.218974939E-02,0.219455478E-02,1.00000000,265.000000,-7.64999390,713.081055,1230.00000,-1000.00000,0.00000000,0.00000000,0.229996786,0.866636708E-01,272.500610,0.159271181,0.00000000
1,2,tundra_snow_free,7,60.0000000,2,F,T,0,0,F,17,15,0.500000000,28,19,0,1004.50000,0.285714298,9.81000042,2500000.00,0.567051011E-07,1.00000000,20,2,1.00000000,0.00000000,277.000000,5.00000000,60.0000000,30.0000000,0.00000000,0.00000000,240.000000,200.000000,0.999999978E-02,0.899999961E-02,9.00000000,0.150000006,80.0000000,95000.0000,265.500000,0.179999997E-02,0.00000000,1.10000002,0.00000000,0.00000000,0.00000000,0.00000000,0.750000000,0.150000006,0.899999976,2.88090897,1.00000000,0.813286752E-02,0.599999987E-01,0.599999987E-01,265.620239,1.09647143,0.197459212E-05,4.93648052,7.50023651,0.00000000,0.00000000,0.00000000,276.320923,3.25000000,0.00000000,0.211302075E-02,0.00000000,0.00000000,0.210856530E-02,0.211302075E-02,1.00000000,265.000000,-7.64999390,713.090515,1230.00000,-1000.00000,0.00000000,0.00000000,0.235990405,0.235990405,273.799866,0.223333329,0.00000000,0.00000000,0.00000000,0.00000000,0.00000000,0.750000000,0.150000006,0.899999976,2.88090897,1.00000000,0.813286752E-02,0.599999987E-01,0.599999987E-01,266.055450,5.06519699,0.248892388E-05,6.22230959,7.50053501,0.00000000,0.00000000,0.00000000,154.926498,3.25000000,0.00000000,0.219455478E-02,0.00000000,0.00000000,0.218974939E-02,0.219455478E-02,1.00000000,265.000000,-7.64999390,713.081055,1230.00000,-1000.00000,0.00000000,0.00000000,0.235980809,0.235980809,273.799744,0.223322675,0.00000000
1,2,tundra_snow_free,8,60.0000000,2,F,T,0,0,F,17,15,0.500000000,28,19,0,1004.50000,0.285714298,9.81000042,2500000.00,0.567051011E-07,1.60000002,20,2,1.00000000,0.00000000,277.000000,5.00000000,60.0000000,30.0000000,0.00000000,0.00000000,240.000000,200.000000,0.999999978E-02,0.899999961E-02,9.00000000,0.150000006,80.0000000,95000.0000,265.500000,0.179999997E-02,0.00000000,1.10000002,0.00000000,0.00000000,0.00000000,0.00000000,0.750000000,0.150000006,0.899999976,2.88090897,1.00000000,0.813286752E-02,0.599999987E-01,0.599999987E-01,265.620239,1.09647143,0.197459212E-05,4.93648052,7.50023651,0.00000000,0.00000000,0.00000000,276.320923,3.25000000,0.00000000,0.211302075E-02,0.00000000,0.00000000,0.210856530E-02,0.211302075E-02,1.00000000,265.000000,-7.64999390,713.090515,1230.00000,-1000.00000,0.00000000,0.00000000,0.241996020,0.241996020,275.099945,0.229999989,0.00000000,0.00000000,0.00000000,0.00000000,0.00000000,0.750000000,0.150000006,0.899999976,2.88090897,1.00000000,0.813286752E-02,0.599999987E-01,0.599999987E-01,266.055450,5.06519699,0.248892388E-05,6.22230959,7.50053501,0.00000000,0.00000000,0.00000000,154.926498,3.25000000,0.00000000,0.219455478E-02,0.00000000,0.00000000,0.218974939E-02,0.219455478E-02,1.00000000,265.000000,-7.64999390,713.081055,1230.00000,-1000.00000,0.00000000,0.00000000,0.241992041,0.241992041,275.099884,0.229995579,0.00000000
1,2,tundra_snow_free,9,60.0000000,2,F,T,0,0,F,17,15,0.500000000,28,19,0,1004.50000,0.285714298,9.81000042,2500000.00,0.567051011E-07,3.00000000,20,2,1.00000000,0.00000000,277.000000,5.00000000,60.0000000,30.0000000,0.00000000,0.00000000,240.000000,200.000000,0.999999978E-02,0.899999961E-02,9.00000000,0.150000006,80.0000000,95000.0000,265.500000,0.179999997E-02,0.00000000,1.10000002,0.00000000,0.00000000,0.00000000,0.00000000,0.750000000,0.150000006,0.899999976,2.88090897,1.00000000,0.813286752E-02,0.599999987E-01,0.599999987E-01,265.620239,1.09647143,0.197459212E-05,4.93648052,7.50023651,0.00000000,0.00000000,0.00000000,276.320923,3.25000000,0.00000000,0.211302075E-02,0.00000000,0.00000000,0.210856530E-02,0.211302075E-02,1.00000000,265.000000,-7.64999390,713.090515,1230.00000,-1000.00000,0.00000000,0.00000000,0.247999996,0.247999996,277.000000,0.236666650,0.00000000,0.00000000,0.00000000,0.00000000,0.00000000,0.750000000,0.150000006,0.899999976,2.88090897,1.00000000,0.813286752E-02,0.599999987E-01,0.599999987E-01,266.055450,5.06519699,0.248892388E-05,6.22230959,7.50053501,0.00000000,0.00000000,0.00000000,154.926498,3.25000000,0.00000000,0.219455478E-02,0.00000000,0.00000000,0.218974939E-02,0.219455478E-02,1.00000000,265.000000,-7.64999390,713.081055,1230.00000,-1000.00000,0.00000000,0.00000000,0.247999996,0.247999996,277.000000,0.236666650,0.00000000
2,1,usgs_crop_rain,1,180.000000,1,F,F,0,0,T,16,24,0.500000000,28,19,1,1004.50000,0.285714298,9.81000042,2500000.00,0.567051011E-07,0.00000000,3,4,1.00000000,0.00000000,287.000000,10.0000000,95.0000000,80.0000000,1.50000000,0.200000003,345.000000,505.000000,0.149999997E-01,0.140000004E-01,14.0000000,0.180000007,60.0000000,98000.0000,291.000000,0.104999999E-01,0.999999975E-05,1.17999995,0.00000000,0.00000000,0.00000000,0.200000003,0.639999986,0.180000007,0.920000017,5.67999983,0.674626827,0.00000000,0.00000000,0.200000003,292.000000,0.00000000,0.00000000,0.00000000,7.50000000,2.00000000,1.00000000,4.00000000,0.00000000,3.25000000,0.250000000,0.899999961E-02,0.199999995E-03,0.00000000,0.00000000,0.00000000,1.00000000,420.000000,0.00000000,0.00000000,0.00000000,0.00000000,0.00000000,0.500000000,0.259999990,0.259999990,291.000000,0.00000000,0.00000000,0.00000000,0.00000000,0.00000000,0.481081992,0.639999986,0.180000007,0.920000017,5.67999983,0.955228388,0.117079914E-01,0.177941173,0.177941173,290.236481,-10.6571531,0.235974221E-04,58.9935570,7.50849533,0.204055622,0.00000000,0.204055622,-5.04107332,3.25000000,0.00000000,0.117554972E-01,0.00000000,0.00000000,0.116189113E-01,0.123610245E-01,1.00000000,291.000000,18.3500061,856.410095,1455.00000,-1000.00000,0.00000000,0.00000000,0.354001492,0.259999990,290.236481,0.251111090,0.00000000
2,1,usgs_crop_rain,2,180.000000,1,F,F,0,0,T,16,24,0.500000000,28,19,1,1004.50000,0.285714298,9.81000042,2500000.00,0.567051011E-07,0.999999978E-02,3,4,1.00000000,0.00000000,287.000000,10.0000000,95.0000000,80.0000000,1.50000000,0.200000003,345.000000,505.000000,0.149999997E-01,0.140000004E-01,14.0000000,0.180000007,60.0000000,98000.0000,291.000000,0.104999999E-01,0.999999975E-05,1.17999995,0.00000000,0.00000000,0.00000000,0.200000003,0.639999986,0.180000007,0.920000017,5.67999983,0.674626827,0.00000000,0.00000000,0.200000003,292.000000,0.00000000,0.00000000,0.00000000,7.50000000,2.00000000,1.00000000,4.00000000,0.00000000,3.25000000,0.250000000,0.899999961E-02,0.199999995E-03,0.00000000,0.00000000,0.00000000,1.00000000,420.000000,0.00000000,0.00000000,0.00000000,0.00000000,0.00000000,0.500000000,0.263999999,0.263999999,290.100006,0.00000000,0.00000000,0.00000000,0.00000000,0.00000000,0.481081992,0.639999986,0.180000007,0.920000017,5.67999983,0.955228388,0.117079914E-01,0.177941173,0.177941173,290.236481,-10.6571531,0.235974221E-04,58.9935570,7.50849533,0.204055622,0.00000000,0.204055622,-5.04107332,3.25000000,0.00000000,0.117554972E-01,0.00000000,0.00000000,0.116189113E-01,0.123610245E-01,1.00000000,291.000000,18.3500061,856.410095,1455.00000,-1000.00000,0.00000000,0.00000000,0.288171619,0.263999999,290.185913,0.255555540,0.00000000
2,1,usgs_crop_rain,3,180.000000,1,F,F,0,0,T,16,24,0.500000000,28,19,1,1004.50000,0.285714298,9.81000042,2500000.00,0.567051011E-07,0.399999991E-01,3,4,1.00000000,0.00000000,287.000000,10.0000000,95.0000000,80.0000000,1.50000000,0.200000003,345.000000,505.000000,0.149999997E-01,0.140000004E-01,14.0000000,0.180000007,60.0000000,98000.0000,291.000000,0.104999999E-01,0.999999975E-05,1.17999995,0.00000000,0.00000000,0.00000000,0.200000003,0.639999986,0.180000007,0.920000017,5.67999983,0.674626827,0.00000000,0.00000000,0.200000003,292.000000,0.00000000,0.00000000,0.00000000,7.50000000,2.00000000,1.00000000,4.00000000,0.00000000,3.25000000,0.250000000,0.899999961E-02,0.199999995E-03,0.00000000,0.00000000,0.00000000,1.00000000,420.000000,0.00000000,0.00000000,0.00000000,0.00000000,0.00000000,0.500000000,0.267999977,0.267999977,289.200012,0.00000000,0.00000000,0.00000000,0.00000000,0.00000000,0.481081992,0.639999986,0.180000007,0.920000017,5.67999983,0.955228388,0.117079914E-01,0.177941173,0.177941173,290.236481,-10.6571531,0.235974221E-04,58.9935570,7.50849533,0.204055622,0.00000000,0.204055622,-5.04107332,3.25000000,0.00000000,0.117554972E-01,0.00000000,0.00000000,0.116189113E-01,0.123610245E-01,1.00000000,291.000000,18.3500061,856.410095,1455.00000,-1000.00000,0.00000000,0.00000000,0.269398183,0.267999977,289.235596,0.259999961,0.00000000
2,1,usgs_crop_rain,4,180.000000,1,F,F,0,0,T,16,24,0.500000000,28,19,1,1004.50000,0.285714298,9.81000042,2500000.00,0.567051011E-07,0.100000001,3,4,1.00000000,0.00000000,287.000000,10.0000000,95.0000000,80.0000000,1.50000000,0.200000003,345.000000,505.000000,0.149999997E-01,0.140000004E-01,14.0000000,0.180000007,60.0000000,98000.0000,291.000000,0.104999999E-01,0.999999975E-05,1.17999995,0.00000000,0.00000000,0.00000000,0.200000003,0.639999986,0.180000007,0.920000017,5.67999983,0.674626827,0.00000000,0.00000000,0.200000003,292.000000,0.00000000,0.00000000,0.00000000,7.50000000,2.00000000,1.00000000,4.00000000,0.00000000,3.25000000,0.250000000,0.899999961E-02,0.199999995E-03,0.00000000,0.00000000,0.00000000,1.00000000,420.000000,0.00000000,0.00000000,0.00000000,0.00000000,0.00000000,0.500000000,0.271999985,0.271999985,288.299988,0.00000000,0.00000000,0.00000000,0.00000000,0.00000000,0.481081992,0.639999986,0.180000007,0.920000017,5.67999983,0.955228388,0.117079914E-01,0.177941173,0.177941173,290.236481,-10.6571531,0.235974221E-04,58.9935570,7.50849533,0.204055622,0.00000000,0.204055622,-5.04107332,3.25000000,0.00000000,0.117554972E-01,0.00000000,0.00000000,0.116189113E-01,0.123610245E-01,1.00000000,291.000000,18.3500061,856.410095,1455.00000,-1000.00000,0.00000000,0.00000000,0.271980733,0.271980733,288.308380,0.264444411,0.00000000
2,1,usgs_crop_rain,5,180.000000,1,F,F,0,0,T,16,24,0.500000000,28,19,1,1004.50000,0.285714298,9.81000042,2500000.00,0.567051011E-07,0.300000012,3,4,1.00000000,0.00000000,287.000000,10.0000000,95.0000000,80.0000000,1.50000000,0.200000003,345.000000,505.000000,0.149999997E-01,0.140000004E-01,14.0000000,0.180000007,60.0000000,98000.0000,291.000000,0.104999999E-01,0.999999975E-05,1.17999995,0.00000000,0.00000000,0.00000000,0.200000003,0.639999986,0.180000007,0.920000017,5.67999983,0.674626827,0.00000000,0.00000000,0.200000003,292.000000,0.00000000,0.00000000,0.00000000,7.50000000,2.00000000,1.00000000,4.00000000,0.00000000,3.25000000,0.250000000,0.899999961E-02,0.199999995E-03,0.00000000,0.00000000,0.00000000,1.00000000,420.000000,0.00000000,0.00000000,0.00000000,0.00000000,0.00000000,0.500000000,0.275999993,0.275999993,287.399994,0.00000000,0.00000000,0.00000000,0.00000000,0.00000000,0.481081992,0.639999986,0.180000007,0.920000017,5.67999983,0.955228388,0.117079914E-01,0.177941173,0.177941173,290.236481,-10.6571531,0.235974221E-04,58.9935570,7.50849533,0.204055622,0.00000000,0.204055622,-5.04107332,3.25000000,0.00000000,0.117554972E-01,0.00000000,0.00000000,0.116189113E-01,0.123610245E-01,1.00000000,291.000000,18.3500061,856.410095,1455.00000,-1000.00000,0.00000000,0.00000000,0.275994927,0.275994927,287.400635,0.268888861,0.00000000
2,1,usgs_crop_rain,6,180.000000,1,F,F,0,0,T,16,24,0.500000000,28,19,1,1004.50000,0.285714298,9.81000042,2500000.00,0.567051011E-07,0.600000024,3,4,1.00000000,0.00000000,287.000000,10.0000000,95.0000000,80.0000000,1.50000000,0.200000003,345.000000,505.000000,0.149999997E-01,0.140000004E-01,14.0000000,0.180000007,60.0000000,98000.0000,291.000000,0.104999999E-01,0.999999975E-05,1.17999995,0.00000000,0.00000000,0.00000000,0.200000003,0.639999986,0.180000007,0.920000017,5.67999983,0.674626827,0.00000000,0.00000000,0.200000003,292.000000,0.00000000,0.00000000,0.00000000,7.50000000,2.00000000,1.00000000,4.00000000,0.00000000,3.25000000,0.250000000,0.899999961E-02,0.199999995E-03,0.00000000,0.00000000,0.00000000,1.00000000,420.000000,0.00000000,0.00000000,0.00000000,0.00000000,0.00000000,0.500000000,0.280000001,0.280000001,286.500000,0.00000000,0.00000000,0.00000000,0.00000000,0.00000000,0.481081992,0.639999986,0.180000007,0.920000017,5.67999983,0.955228388,0.117079914E-01,0.177941173,0.177941173,290.236481,-10.6571531,0.235974221E-04,58.9935570,7.50849533,0.204055622,0.00000000,0.204055622,-5.04107332,3.25000000,0.00000000,0.117554972E-01,0.00000000,0.00000000,0.116189113E-01,0.123610245E-01,1.00000000,291.000000,18.3500061,856.410095,1455.00000,-1000.00000,0.00000000,0.00000000,0.279996485,0.279996485,286.500214,0.273333311,0.00000000
2,1,usgs_crop_rain,7,180.000000,1,F,F,0,0,T,16,24,0.500000000,28,19,1,1004.50000,0.285714298,9.81000042,2500000.00,0.567051011E-07,1.00000000,3,4,1.00000000,0.00000000,287.000000,10.0000000,95.0000000,80.0000000,1.50000000,0.200000003,345.000000,505.000000,0.149999997E-01,0.140000004E-01,14.0000000,0.180000007,60.0000000,98000.0000,291.000000,0.104999999E-01,0.999999975E-05,1.17999995,0.00000000,0.00000000,0.00000000,0.200000003,0.639999986,0.180000007,0.920000017,5.67999983,0.674626827,0.00000000,0.00000000,0.200000003,292.000000,0.00000000,0.00000000,0.00000000,7.50000000,2.00000000,1.00000000,4.00000000,0.00000000,3.25000000,0.250000000,0.899999961E-02,0.199999995E-03,0.00000000,0.00000000,0.00000000,1.00000000,420.000000,0.00000000,0.00000000,0.00000000,0.00000000,0.00000000,0.500000000,0.283999979,0.283999979,285.600006,0.00000000,0.00000000,0.00000000,0.00000000,0.00000000,0.481081992,0.639999986,0.180000007,0.920000017,5.67999983,0.955228388,0.117079914E-01,0.177941173,0.177941173,290.236481,-10.6571531,0.235974221E-04,58.9935570,7.50849533,0.204055622,0.00000000,0.204055622,-5.04107332,3.25000000,0.00000000,0.117554972E-01,0.00000000,0.00000000,0.116189113E-01,0.123610245E-01,1.00000000,291.000000,18.3500061,856.410095,1455.00000,-1000.00000,0.00000000,0.00000000,0.283998996,0.283998996,285.600128,0.277777731,0.00000000
2,1,usgs_crop_rain,8,180.000000,1,F,F,0,0,T,16,24,0.500000000,28,19,1,1004.50000,0.285714298,9.81000042,2500000.00,0.567051011E-07,1.60000002,3,4,1.00000000,0.00000000,287.000000,10.0000000,95.0000000,80.0000000,1.50000000,0.200000003,345.000000,505.000000,0.149999997E-01,0.140000004E-01,14.0000000,0.180000007,60.0000000,98000.0000,291.000000,0.104999999E-01,0.999999975E-05,1.17999995,0.00000000,0.00000000,0.00000000,0.200000003,0.639999986,0.180000007,0.920000017,5.67999983,0.674626827,0.00000000,0.00000000,0.200000003,292.000000,0.00000000,0.00000000,0.00000000,7.50000000,2.00000000,1.00000000,4.00000000,0.00000000,3.25000000,0.250000000,0.899999961E-02,0.199999995E-03,0.00000000,0.00000000,0.00000000,1.00000000,420.000000,0.00000000,0.00000000,0.00000000,0.00000000,0.00000000,0.500000000,0.287999988,0.287999988,284.700012,0.00000000,0.00000000,0.00000000,0.00000000,0.00000000,0.481081992,0.639999986,0.180000007,0.920000017,5.67999983,0.955228388,0.117079914E-01,0.177941173,0.177941173,290.236481,-10.6571531,0.235974221E-04,58.9935570,7.50849533,0.204055622,0.00000000,0.204055622,-5.04107332,3.25000000,0.00000000,0.117554972E-01,0.00000000,0.00000000,0.116189113E-01,0.123610245E-01,1.00000000,291.000000,18.3500061,856.410095,1455.00000,-1000.00000,0.00000000,0.00000000,0.287999272,0.287999272,284.700073,0.282222182,0.00000000
2,1,usgs_crop_rain,9,180.000000,1,F,F,0,0,T,16,24,0.500000000,28,19,1,1004.50000,0.285714298,9.81000042,2500000.00,0.567051011E-07,3.00000000,3,4,1.00000000,0.00000000,287.000000,10.0000000,95.0000000,80.0000000,1.50000000,0.200000003,345.000000,505.000000,0.149999997E-01,0.140000004E-01,14.0000000,0.180000007,60.0000000,98000.0000,291.000000,0.104999999E-01,0.999999975E-05,1.17999995,0.00000000,0.00000000,0.00000000,0.200000003,0.639999986,0.180000007,0.920000017,5.67999983,0.674626827,0.00000000,0.00000000,0.200000003,292.000000,0.00000000,0.00000000,0.00000000,7.50000000,2.00000000,1.00000000,4.00000000,0.00000000,3.25000000,0.250000000,0.899999961E-02,0.199999995E-03,0.00000000,0.00000000,0.00000000,1.00000000,420.000000,0.00000000,0.00000000,0.00000000,0.00000000,0.00000000,0.500000000,0.291999996,0.291999996,283.799988,0.00000000,0.00000000,0.00000000,0.00000000,0.00000000,0.481081992,0.639999986,0.180000007,0.920000017,5.67999983,0.955228388,0.117079914E-01,0.177941173,0.177941173,290.236481,-10.6571531,0.235974221E-04,58.9935570,7.50849533,0.204055622,0.00000000,0.204055622,-5.04107332,3.25000000,0.00000000,0.117554972E-01,0.00000000,0.00000000,0.116189113E-01,0.123610245E-01,1.00000000,291.000000,18.3500061,856.410095,1455.00000,-1000.00000,0.00000000,0.00000000,0.291999996,0.291999996,287.000000,0.286666632,0.00000000
2,1,usgs_grass_allsnow,1,180.000000,1,F,F,0,0,T,16,24,0.500000000,28,19,1,1004.50000,0.285714298,9.81000042,2500000.00,0.567051011E-07,0.00000000,7,6,1.00000000,0.00000000,281.000000,12.0000000,88.0000000,60.0000000,0.699999988,0.200000003,295.000000,415.000000,0.109999999E-01,0.999999978E-02,10.0000000,0.189999998,60.0000000,98000.0000,270.000000,0.260000001E-02,0.00000000,1.17999995,0.00000000,0.00000000,0.00000000,0.599999987E-01,0.639999986,0.189999998,0.920000017,2.90000010,1.00000000,0.00000000,0.00000000,0.750000030E-01,270.000000,0.00000000,0.00000000,0.00000000,7.50000000,2.00000000,1.00000000,4.00000000,0.00000000,3.25000000,0.250000000,0.00000000,-2.00000000,0.00000000,0.00000000,0.00000000,1.00000000,292.000000,0.00000000,0.00000000,0.00000000,0.00000000,0.00000000,0.500000000,0.319999993,0.129499093,270.000000,0.211667657,0.00000000,0.618787825,0.800043810E-02,0.193513371E-01,0.140243813,0.639999986,0.639999986,0.920000017,2.90000010,1.00000000,0.841822661E-02,0.750000030E-01,0.750000030E-01,270.337769,3.38983560,0.269188149E-05,7.63148403,7.50096893,0.00000000,0.00000000,0.00000000,18.9730206,3.25000000,0.00000000,0.306779798E-02,0.00000000,0.00000000,0.305841514E-02,0.306779798E-02,1.00000000,270.478638,-8.36346436,1016.53503,1353.00000,77.3442383,0.699999988,0.905044749E-02,0.321064949,0.133563936,270.478638,0.211667642,1.00000000
2,1,usgs_grass_allsnow,2,180.000000,1,F,F,0,0,T,16,24,0.500000000,28,19,1,1004.50000,0.285714298,9.81000042,2500000.00,0.567051011E-07,0.999999978E-02,7,6,1.00000000,0.00000000,281.000000,12.0000000,88.0000000,60.0000000,0.699999988,0.200000003,295.000000,415.000000,0.109999999E-01,0.999999978E-02,10.0000000,0.189999998,60.0000000,98000.0000,270.000000,0.260000001E-02,0.00000000,1.17999995,0.00000000,0.00000000,0.00000000,0.599999987E-01,0.639999986,0.189999998,0.920000017,2.90000010,1.00000000,0.00000000,0.00000000,0.750000030E-01,270.000000,0.00000000,0.00000000,0.00000000,7.50000000,2.00000000,1.00000000,4.00000000,0.00000000,3.25000000,0.250000000,0.00000000,-2.00000000,0.00000000,0.00000000,0.00000000,1.00000000,292.000000,0.00000000,0.00000000,0.00000000,0.00000000,0.00000000,0.500000000,0.322999984,0.136808142,270.799988,0.206879809,0.00000000,0.618787825,0.800043810E-02,0.193513371E-01,0.140243813,0.639999986,0.639999986,0.920000017,2.90000010,1.00000000,0.841822661E-02,0.750000030E-01,0.750000030E-01,270.337769,3.38983560,0.269188149E-05,7.63148403,7.50096893,0.00000000,0.00000000,0.00000000,18.9730206,3.25000000,0.00000000,0.306779798E-02,0.00000000,0.00000000,0.305841514E-02,0.306779798E-02,1.00000000,270.478638,-8.36346436,1016.53503,1353.00000,77.3442383,0.699999988,0.905044749E-02,0.322970659,0.135278255,270.654480,0.206879795,0.00000000
2,1,usgs_grass_allsnow,3,180.000000,1,F,F,0,0,T,16,24,0.500000000,28,19,1,1004.50000,0.285714298,9.81000042,2500000.00,0.567051011E-07,0.399999991E-01,7,6,1.00000000,0.00000000,281.000000,12.0000000,88.0000000,60.0000000,0.699999988,0.200000003,295.000000,415.000000,0.109999999E-01,0.999999978E-02,10.0000000,0.189999998,60.0000000,98000.0000,270.000000,0.260000001E-02,0.00000000,1.17999995,0.00000000,0.00000000,0.00000000,0.599999987E-01,0.639999986,0.189999998,0.920000017,2.90000010,1.00000000,0.00000000,0.00000000,0.750000030E-01,270.000000,0.00000000,0.00000000,0.00000000,7.50000000,2.00000000,1.00000000,4.00000000,0.00000000,3.25000000,0.250000000,0.00000000,-2.00000000,0.00000000,0.00000000,0.00000000,1.00000000,292.000000,0.00000000,0.00000000,0.00000000,0.00000000,0.00000000,0.500000000,0.326000005,0.147870734,271.600006,0.197921410,0.00000000,0.618787825,0.800043810E-02,0.193513371E-01,0.140243813,0.639999986,0.639999986,0.920000017,2.90000010,1.00000000,0.841822661E-02,0.750000030E-01,0.750000030E-01,270.337769,3.38983560,0.269188149E-05,7.63148403,7.50096893,0.00000000,0.00000000,0.00000000,18.9730206,3.25000000,0.00000000,0.306779798E-02,0.00000000,0.00000000,0.305841514E-02,0.306779798E-02,1.00000000,270.478638,-8.36346436,1016.53503,1353.00000,77.3442383,0.699999988,0.905044749E-02,0.325991392,0.147465765,271.577057,0.197921380,0.00000000
2,1,usgs_grass_allsnow,4,180.000000,1,F,F,0,0,T,16,24,0.500000000,28,19,1,1004.50000,0.285714298,9.81000042,2500000.00,0.567051011E-07,0.100000001,7,6,1.00000000,0.00000000,281.000000,12.0000000,88.0000000,60.0000000,0.699999988,0.200000003,295.000000,415.000000,0.109999999E-01,0.999999978E-02,10.0000000,0.189999998,60.0000000,98000.0000,270.000000,0.260000001E-02,0.00000000,1.17999995,0.00000000,0.00000000,0.00000000,0.599999987E-01,0.639999986,0.189999998,0.920000017,2.90000010,1.00000000,0.00000000,0.00000000,0.750000030E-01,270.000000,0.00000000,0.00000000,0.00000000,7.50000000,2.00000000,1.00000000,4.00000000,0.00000000,3.25000000,0.250000000,0.00000000,-2.00000000,0.00000000,0.00000000,0.00000000,1.00000000,292.000000,0.00000000,0.00000000,0.00000000,0.00000000,0.00000000,0.500000000,0.328999996,0.169281811,272.399994,0.177464649,0.00000000,0.618787825,0.800043810E-02,0.193513371E-01,0.140243813,0.639999986,0.639999986,0.920000017,2.90000010,1.00000000,0.841822661E-02,0.750000030E-01,0.750000030E-01,270.337769,3.38983560,0.269188149E-05,7.63148403,7.50096893,0.00000000,0.00000000,0.00000000,18.9730206,3.25000000,0.00000000,0.306779798E-02,0.00000000,0.00000000,0.305841514E-02,0.306779798E-02,1.00000000,270.478638,-8.36346436,1016.53503,1353.00000,77.3442383,0.699999988,0.905044749E-02,0.328954875,0.169160351,272.397095,0.177464634,0.00000000
2,1,usgs_grass_allsnow,5,180.000000,1,F,F,0,0,T,16,24,0.500000000,28,19,1,1004.50000,0.285714298,9.81000042,2500000.00,0.567051011E-07,0.300000012,7,6,1.00000000,0.00000000,281.000000,12.0000000,88.0000000,60.0000000,0.699999988,0.200000003,295.000000,415.000000,0.109999999E-01,0.999999978E-02,10.0000000,0.189999998,60.0000000,98000.0000,270.000000,0.260000001E-02,0.00000000,1.17999995,0.00000000,0.00000000,0.00000000,0.599999987E-01,0.639999986,0.189999998,0.920000017,2.90000010,1.00000000,0.00000000,0.00000000,0.750000030E-01,270.000000,0.00000000,0.00000000,0.00000000,7.50000000,2.00000000,1.00000000,4.00000000,0.00000000,3.25000000,0.250000000,0.00000000,-2.00000000,0.00000000,0.00000000,0.00000000,1.00000000,292.000000,0.00000000,0.00000000,0.00000000,0.00000000,0.00000000,0.500000000,0.331999987,0.331999987,273.200012,0.00000000,0.00000000,0.618787825,0.800043810E-02,0.193513371E-01,0.140243813,0.639999986,0.639999986,0.920000017,2.90000010,1.00000000,0.841822661E-02,0.750000030E-01,0.750000030E-01,270.337769,3.38983560,0.269188149E-05,7.63148403,7.50096893,0.00000000,0.00000000,0.00000000,18.9730206,3.25000000,0.00000000,0.306779798E-02,0.00000000,0.00000000,0.305841514E-02,0.306779798E-02,1.00000000,270.478638,-8.36346436,1016.53503,1353.00000,77.3442383,0.699999988,0.905044749E-02,0.331987262,0.331987262,273.201141,0.313333303,0.00000000
2,1,usgs_grass_allsnow,6,180.000000,1,F,F,0,0,T,16,24,0.500000000,28,19,1,1004.50000,0.285714298,9.81000042,2500000.00,0.567051011E-07,0.600000024,7,6,1.00000000,0.00000000,281.000000,12.0000000,88.0000000,60.0000000,0.699999988,0.200000003,295.000000,415.000000,0.109999999E-01,0.999999978E-02,10.0000000,0.189999998,60.0000000,98000.0000,270.000000,0.260000001E-02,0.00000000,1.17999995,0.00000000,0.00000000,0.00000000,0.599999987E-01,0.639999986,0.189999998,0.920000017,2.90000010,1.00000000,0.00000000,0.00000000,0.750000030E-01,270.000000,0.00000000,0.00000000,0.00000000,7.50000000,2.00000000,1.00000000,4.00000000,0.00000000,3.25000000,0.250000000,0.00000000,-2.00000000,0.00000000,0.00000000,0.00000000,1.00000000,292.000000,0.00000000,0.00000000,0.00000000,0.00000000,0.00000000,0.500000000,0.334999979,0.334999979,274.000000,0.00000000,0.00000000,0.618787825,0.800043810E-02,0.193513371E-01,0.140243813,0.639999986,0.639999986,0.920000017,2.90000010,1.00000000,0.841822661E-02,0.750000030E-01,0.750000030E-01,270.337769,3.38983560,0.269188149E-05,7.63148403,7.50096893,0.00000000,0.00000000,0.00000000,18.9730206,3.25000000,0.00000000,0.306779798E-02,0.00000000,0.00000000,0.305841514E-02,0.306779798E-02,1.00000000,270.478638,-8.36346436,1016.53503,1353.00000,77.3442383,0.699999988,0.905044749E-02,0.334991813,0.334991813,273.999725,0.316666603,0.00000000
2,1,usgs_grass_allsnow,7,180.000000,1,F,F,0,0,T,16,24,0.500000000,28,19,1,1004.50000,0.285714298,9.81000042,2500000.00,0.567051011E-07,1.00000000,7,6,1.00000000,0.00000000,281.000000,12.0000000,88.0000000,60.0000000,0.699999988,0.200000003,295.000000,415.000000,0.109999999E-01,0.999999978E-02,10.0000000,0.189999998,60.0000000,98000.0000,270.000000,0.260000001E-02,0.00000000,1.17999995,0.00000000,0.00000000,0.00000000,0.599999987E-01,0.639999986,0.189999998,0.920000017,2.90000010,1.00000000,0.00000000,0.00000000,0.750000030E-01,270.000000,0.00000000,0.00000000,0.00000000,7.50000000,2.00000000,1.00000000,4.00000000,0.00000000,3.25000000,0.250000000,0.00000000,-2.00000000,0.00000000,0.00000000,0.00000000,1.00000000,292.000000,0.00000000,0.00000000,0.00000000,0.00000000,0.00000000,0.500000000,0.338000000,0.338000000,274.799988,0.00000000,0.00000000,0.618787825,0.800043810E-02,0.193513371E-01,0.140243813,0.639999986,0.639999986,0.920000017,2.90000010,1.00000000,0.841822661E-02,0.750000030E-01,0.750000030E-01,270.337769,3.38983560,0.269188149E-05,7.63148403,7.50096893,0.00000000,0.00000000,0.00000000,18.9730206,3.25000000,0.00000000,0.306779798E-02,0.00000000,0.00000000,0.305841514E-02,0.306779798E-02,1.00000000,270.478638,-8.36346436,1016.53503,1353.00000,77.3442383,0.699999988,0.905044749E-02,0.337993413,0.337993413,274.799835,0.319999963,0.00000000
2,1,usgs_grass_allsnow,8,180.000000,1,F,F,0,0,T,16,24,0.500000000,28,19,1,1004.50000,0.285714298,9.81000042,2500000.00,0.567051011E-07,1.60000002,7,6,1.00000000,0.00000000,281.000000,12.0000000,88.0000000,60.0000000,0.699999988,0.200000003,295.000000,415.000000,0.109999999E-01,0.999999978E-02,10.0000000,0.189999998,60.0000000,98000.0000,270.000000,0.260000001E-02,0.00000000,1.17999995,0.00000000,0.00000000,0.00000000,0.599999987E-01,0.639999986,0.189999998,0.920000017,2.90000010,1.00000000,0.00000000,0.00000000,0.750000030E-01,270.000000,0.00000000,0.00000000,0.00000000,7.50000000,2.00000000,1.00000000,4.00000000,0.00000000,3.25000000,0.250000000,0.00000000,-2.00000000,0.00000000,0.00000000,0.00000000,1.00000000,292.000000,0.00000000,0.00000000,0.00000000,0.00000000,0.00000000,0.500000000,0.340999991,0.340999991,275.600006,0.00000000,0.00000000,0.618787825,0.800043810E-02,0.193513371E-01,0.140243813,0.639999986,0.639999986,0.920000017,2.90000010,1.00000000,0.841822661E-02,0.750000030E-01,0.750000030E-01,270.337769,3.38983560,0.269188149E-05,7.63148403,7.50096893,0.00000000,0.00000000,0.00000000,18.9730206,3.25000000,0.00000000,0.306779798E-02,0.00000000,0.00000000,0.305841514E-02,0.306779798E-02,1.00000000,270.478638,-8.36346436,1016.53503,1353.00000,77.3442383,0.699999988,0.905044749E-02,0.340995908,0.340995908,275.599884,0.323333293,0.00000000
2,1,usgs_grass_allsnow,9,180.000000,1,F,F,0,0,T,16,24,0.500000000,28,19,1,1004.50000,0.285714298,9.81000042,2500000.00,0.567051011E-07,3.00000000,7,6,1.00000000,0.00000000,281.000000,12.0000000,88.0000000,60.0000000,0.699999988,0.200000003,295.000000,415.000000,0.109999999E-01,0.999999978E-02,10.0000000,0.189999998,60.0000000,98000.0000,270.000000,0.260000001E-02,0.00000000,1.17999995,0.00000000,0.00000000,0.00000000,0.599999987E-01,0.639999986,0.189999998,0.920000017,2.90000010,1.00000000,0.00000000,0.00000000,0.750000030E-01,270.000000,0.00000000,0.00000000,0.00000000,7.50000000,2.00000000,1.00000000,4.00000000,0.00000000,3.25000000,0.250000000,0.00000000,-2.00000000,0.00000000,0.00000000,0.00000000,1.00000000,292.000000,0.00000000,0.00000000,0.00000000,0.00000000,0.00000000,0.500000000,0.343999982,0.343999982,276.399994,0.00000000,0.00000000,0.618787825,0.800043810E-02,0.193513371E-01,0.140243813,0.639999986,0.639999986,0.920000017,2.90000010,1.00000000,0.841822661E-02,0.750000030E-01,0.750000030E-01,270.337769,3.38983560,0.269188149E-05,7.63148403,7.50096893,0.00000000,0.00000000,0.00000000,18.9730206,3.25000000,0.00000000,0.306779798E-02,0.00000000,0.00000000,0.305841514E-02,0.306779798E-02,1.00000000,270.478638,-8.36346436,1016.53503,1353.00000,77.3442383,0.699999988,0.905044749E-02,0.343999982,0.343999982,281.000000,0.326666623,0.00000000
2,1,usgs_crop_snowpack,1,180.000000,1,F,F,0,0,T,16,24,0.500000000,28,19,1,1004.50000,0.285714298,9.81000042,2500000.00,0.567051011E-07,0.00000000,2,3,1.00000000,0.00000000,277.000000,8.00000000,92.0000000,75.0000000,1.10000002,0.200000003,245.000000,140.000000,0.899999961E-02,0.800000038E-02,8.00000000,0.170000002,60.0000000,98000.0000,266.000000,0.190000003E-02,0.299999992E-04,1.17999995,15.0000000,0.700000003E-01,0.750000000,0.140000001,0.639999986,0.170000002,0.920000017,5.67999983,0.764423132,0.00000000,0.00000000,0.200000003,265.000000,0.00000000,0.00000000,0.00000000,7.50000000,2.00000000,1.00000000,4.00000000,0.00000000,3.25000000,0.250000000,0.179999997E-02,0.999999975E-04,0.00000000,0.00000000,0.00000000,1.00000000,-999.000000,0.00000000,0.00000000,0.00000000,0.00000000,0.00000000,0.500000000,0.200000003,0.770710334E-01,265.000000,0.136587739,0.00000000,15.9057140,0.779663473E-01,0.496745825,0.334183335,0.639999986,0.639999986,0.980000019,5.67999983,0.881448388,0.673853466E-02,0.174702376,0.174702376,265.035309,-7.74983644,0.212516312E-06,0.602483749,7.50007629,0.00000000,0.00000000,0.00000000,1.35341287,3.25000000,0.00000000,0.194632565E-02,0.00000000,0.00000000,0.194254483E-02,0.194632565E-02,1.00000000,265.433502,-7.91558838,694.250000,1305.00000,63.8490067,1.10000002,0.172281470E-01,0.200001448,0.779615417E-01,265.433502,0.136587754,1.00000000
2,1,usgs_crop_snowpack,2,180.000000,1,F,F,0,0,T,16,24,0.500000000,28,19,1,1004.50000,0.285714298,9.81000042,2500000.00,0.567051011E-07,0.999999978E-02,2,3,1.00000000,0.00000000,277.000000,8.00000000,92.0000000,75.0000000,1.10000002,0.200000003,245.000000,140.000000,0.899999961E-02,0.800000038E-02,8.00000000,0.170000002,60.0000000,98000.0000,266.000000,0.190000003E-02,0.299999992E-04,1.17999995,15.0000000,0.700000003E-01,0.750000000,0.140000001,0.639999986,0.170000002,0.920000017,5.67999983,0.764423132,0.00000000,0.00000000,0.200000003,265.000000,0.00000000,0.00000000,0.00000000,7.50000000,2.00000000,1.00000000,4.00000000,0.00000000,3.25000000,0.250000000,0.179999997E-02,0.999999975E-04,0.00000000,0.00000000,0.00000000,1.00000000,-999.000000,0.00000000,0.00000000,0.00000000,0.00000000,0.00000000,0.500000000,0.204999998,0.792186409E-01,266.000000,0.139757052,0.00000000,15.9057140,0.779663473E-01,0.496745825,0.334183335,0.639999986,0.639999986,0.980000019,5.67999983,0.881448388,0.673853466E-02,0.174702376,0.174702376,265.035309,-7.74983644,0.212516312E-06,0.602483749,7.50007629,0.00000000,0.00000000,0.00000000,1.35341287,3.25000000,0.00000000,0.194632565E-02,0.00000000,0.00000000,0.194254483E-02,0.194632565E-02,1.00000000,265.433502,-7.91558838,694.250000,1305.00000,63.8490067,1.10000002,0.172281470E-01,0.204999775,0.787245706E-01,265.783417,0.139757052,0.00000000
2,1,usgs_crop_snowpack,3,180.000000,1,F,F,0,0,T,16,24,0.500000000,28,19,1,1004.50000,0.285714298,9.81000042,2500000.00,0.567051011E-07,0.399999991E-01,2,3,1.00000000,0.00000000,277.000000,8.00000000,92.0000000,75.0000000,1.10000002,0.200000003,245.000000,140.000000,0.899999961E-02,0.800000038E-02,8.00000000,0.170000002,60.0000000,98000.0000,266.000000,0.190000003E-02,0.299999992E-04,1.17999995,15.0000000,0.700000003E-01,0.750000000,0.140000001,0.639999986,0.170000002,0.920000017,5.67999983,0.764423132,0.00000000,0.00000000,0.200000003,265.000000,0.00000000,0.00000000,0.00000000,7.50000000,2.00000000,1.00000000,4.00000000,0.00000000,3.25000000,0.250000000,0.179999997E-02,0.999999975E-04,0.00000000,0.00000000,0.00000000,1.00000000,-999.000000,0.00000000,0.00000000,0.00000000,0.00000000,0.00000000,0.500000000,0.210000008,0.817547962E-01,267.000000,0.142494664,0.00000000,15.9057140,0.779663473E-01,0.496745825,0.334183335,0.639999986,0.639999986,0.980000019,5.67999983,0.881448388,0.673853466E-02,0.174702376,0.174702376,265.035309,-7.74983644,0.212516312E-06,0.602483749,7.50007629,0.00000000,0.00000000,0.00000000,1.35341287,3.25000000,0.00000000,0.194632565E-02,0.00000000,0.00000000,0.194254483E-02,0.194632565E-02,1.00000000,265.433502,-7.91558838,694.250000,1305.00000,63.8490067,1.10000002,0.172281470E-01,0.209999979,0.816017911E-01,266.944580,0.142494664,0.00000000
2,1,usgs_crop_snowpack,4,180.000000,1,F,F,0,0,T,16,24,0.500000000,28,19,1,1004.50000,0.285714298,9.81000042,2500000.00,0.567051011E-07,0.100000001,2,3,1.00000000,0.00000000,277.000000,8.00000000,92.0000000,75.0000000,1.10000002,0.200000003,245.000000,140.000000,0.899999961E-02,0.800000038E-02,8.00000000,0.170000002,60.0000000,98000.0000,266.000000,0.190000003E-02,0.299999992E-04,1.17999995,15.0000000,0.700000003E-01,0.750000000,0.140000001,0.639999986,0.170000002,0.920000017,5.67999983,0.764423132,0.00000000,0.00000000,0.200000003,265.000000,0.00000000,0.00000000,0.00000000,7.50000000,2.00000000,1.00000000,4.00000000,0.00000000,3.25000000,0.250000000,0.179999997E-02,0.999999975E-04,0.00000000,0.00000000,0.00000000,1.00000000,-999.000000,0.00000000,0.00000000,0.00000000,0.00000000,0.00000000,0.500000000,0.215000004,0.848345384E-01,268.000000,0.144628286,0.00000000,15.9057140,0.779663473E-01,0.496745825,0.334183335,0.639999986,0.639999986,0.980000019,5.67999983,0.881448388,0.673853466E-02,0.174702376,0.174702376,265.035309,-7.74983644,0.212516312E-06,0.602483749,7.50007629,0.00000000,0.00000000,0.00000000,1.35341287,3.25000000,0.00000000,0.194632565E-02,0.00000000,0.00000000,0.194254483E-02,0.194632565E-02,1.00000000,265.433502,-7.91558838,694.250000,1305.00000,63.8490067,1.10000002,0.172281470E-01,0.214999974,0.847965255E-01,267.988892,0.144628286,0.00000000
2,1,usgs_crop_snowpack,5,180.000000,1,F,F,0,0,T,16,24,0.500000000,28,19,1,1004.50000,0.285714298,9.81000042,2500000.00,0.567051011E-07,0.300000012,2,3,1.00000000,0.00000000,277.000000,8.00000000,92.0000000,75.0000000,1.10000002,0.200000003,245.000000,140.000000,0.899999961E-02,0.800000038E-02,8.00000000,0.170000002,60.0000000,98000.0000,266.000000,0.190000003E-02,0.299999992E-04,1.17999995,15.0000000,0.700000003E-01,0.750000000,0.140000001,0.639999986,0.170000002,0.920000017,5.67999983,0.764423132,0.00000000,0.00000000,0.200000003,265.000000,0.00000000,0.00000000,0.00000000,7.50000000,2.00000000,1.00000000,4.00000000,0.00000000,3.25000000,0.250000000,0.179999997E-02,0.999999975E-04,0.00000000,0.00000000,0.00000000,1.00000000,-999.000000,0.00000000,0.00000000,0.00000000,0.00000000,0.00000000,0.500000000,0.219999999,0.887232274E-01,269.000000,0.145863071,0.00000000,15.9057140,0.779663473E-01,0.496745825,0.334183335,0.639999986,0.639999986,0.980000019,5.67999983,0.881448388,0.673853466E-02,0.174702376,0.174702376,265.035309,-7.74983644,0.212516312E-06,0.602483749,7.50007629,0.00000000,0.00000000,0.00000000,1.35341287,3.25000000,0.00000000,0.194632565E-02,0.00000000,0.00000000,0.194254483E-02,0.194632565E-02,1.00000000,265.433502,-7.91558838,694.250000,1305.00000,63.8490067,1.10000002,0.172281470E-01,0.219999969,0.887191817E-01,268.999084,0.145863056,0.00000000
2,1,usgs_crop_snowpack,6,180.000000,1,F,F,0,0,T,16,24,0.500000000,28,19,1,1004.50000,0.285714298,9.81000042,2500000.00,0.567051011E-07,0.600000024,2,3,1.00000000,0.00000000,277.000000,8.00000000,92.0000000,75.0000000,1.10000002,0.200000003,245.000000,140.000000,0.899999961E-02,0.800000038E-02,8.00000000,0.170000002,60.0000000,98000.0000,266.000000,0.190000003E-02,0.299999992E-04,1.17999995,15.0000000,0.700000003E-01,0.750000000,0.140000001,0.639999986,0.170000002,0.920000017,5.67999983,0.764423132,0.00000000,0.00000000,0.200000003,265.000000,0.00000000,0.00000000,0.00000000,7.50000000,2.00000000,1.00000000,4.00000000,0.00000000,3.25000000,0.250000000,0.179999997E-02,0.999999975E-04,0.00000000,0.00000000,0.00000000,1.00000000,-999.000000,0.00000000,0.00000000,0.00000000,0.00000000,0.00000000,0.500000000,0.224999994,0.939296037E-01,270.000000,0.145633757,0.00000000,15.9057140,0.779663473E-01,0.496745825,0.334183335,0.639999986,0.639999986,0.980000019,5.67999983,0.881448388,0.673853466E-02,0.174702376,0.174702376,265.035309,-7.74983644,0.212516312E-06,0.602483749,7.50007629,0.00000000,0.00000000,0.00000000,1.35341287,3.25000000,0.00000000,0.194632565E-02,0.00000000,0.00000000,0.194254483E-02,0.194632565E-02,1.00000000,265.433502,-7.91558838,694.250000,1305.00000,63.8490067,1.10000002,0.172281470E-01,0.224999964,0.939277261E-01,269.999695,0.145633742,0.00000000
2,1,usgs_crop_snowpack,7,180.000000,1,F,F,0,0,T,16,24,0.500000000,28,19,1,1004.50000,0.285714298,9.81000042,2500000.00,0.567051011E-07,1.00000000,2,3,1.00000000,0.00000000,277.000000,8.00000000,92.0000000,75.0000000,1.10000002,0.200000003,245.000000,140.000000,0.899999961E-02,0.800000038E-02,8.00000000,0.170000002,60.0000000,98000.0000,266.000000,0.190000003E-02,0.299999992E-04,1.17999995,15.0000000,0.700000003E-01,0.750000000,0.140000001,0.639999986,0.170000002,0.920000017,5.67999983,0.764423132,0.00000000,0.00000000,0.200000003,265.000000,0.00000000,0.00000000,0.00000000,7.50000000,2.00000000,1.00000000,4.00000000,0.00000000,3.25000000,0.250000000,0.179999997E-02,0.999999975E-04,0.00000000,0.00000000,0.00000000,1.00000000,-999.000000,0.00000000,0.00000000,0.00000000,0.00000000,0.00000000,0.500000000,0.230000004,0.101620585,271.000000,0.142643794,0.00000000,15.9057140,0.779663473E-01,0.496745825,0.334183335,0.639999986,0.639999986,0.980000019,5.67999983,0.881448388,0.673853466E-02,0.174702376,0.174702376,265.035309,-7.74983644,0.212516312E-06,0.602483749,7.50007629,0.00000000,0.00000000,0.00000000,1.35341287,3.25000000,0.00000000,0.194632565E-02,0.00000000,0.00000000,0.194254483E-02,0.194632565E-02,1.00000000,265.433502,-7.91558838,694.250000,1305.00000,63.8490067,1.10000002,0.172281470E-01,0.230000049,0.101618513,270.999786,0.142643809,0.00000000
2,1,usgs_crop_snowpack,8,180.000000,1,F,F,0,0,T,16,24,0.500000000,28,19,1,1004.50000,0.285714298,9.81000042,2500000.00,0.567051011E-07,1.60000002,2,3,1.00000000,0.00000000,277.000000,8.00000000,92.0000000,75.0000000,1.10000002,0.200000003,245.000000,140.000000,0.899999961E-02,0.800000038E-02,8.00000000,0.170000002,60.0000000,98000.0000,266.000000,0.190000003E-02,0.299999992E-04,1.17999995,15.0000000,0.700000003E-01,0.750000000,0.140000001,0.639999986,0.170000002,0.920000017,5.67999983,0.764423132,0.00000000,0.00000000,0.200000003,265.000000,0.00000000,0.00000000,0.00000000,7.50000000,2.00000000,1.00000000,4.00000000,0.00000000,3.25000000,0.250000000,0.179999997E-02,0.999999975E-04,0.00000000,0.00000000,0.00000000,1.00000000,-999.000000,0.00000000,0.00000000,0.00000000,0.00000000,0.00000000,0.500000000,0.234999999,0.115548849,272.000000,0.132723495,0.00000000,15.9057140,0.779663473E-01,0.496745825,0.334183335,0.639999986,0.639999986,0.980000019,5.67999983,0.881448388,0.673853466E-02,0.174702376,0.174702376,265.035309,-7.74983644,0.212516312E-06,0.602483749,7.50007629,0.00000000,0.00000000,0.00000000,1.35341287,3.25000000,0.00000000,0.194632565E-02,0.00000000,0.00000000,0.194254483E-02,0.194632565E-02,1.00000000,265.433502,-7.91558838,694.250000,1305.00000,63.8490067,1.10000002,0.172281470E-01,0.235000014,0.115547590,271.999939,0.132723510,0.00000000
2,1,usgs_crop_snowpack,9,180.000000,1,F,F,0,0,T,16,24,0.500000000,28,19,1,1004.50000,0.285714298,9.81000042,2500000.00,0.567051011E-07,3.00000000,2,3,1.00000000,0.00000000,277.000000,8.00000000,92.0000000,75.0000000,1.10000002,0.200000003,245.000000,140.000000,0.899999961E-02,0.800000038E-02,8.00000000,0.170000002,60.0000000,98000.0000,266.000000,0.190000003E-02,0.299999992E-04,1.17999995,15.0000000,0.700000003E-01,0.750000000,0.140000001,0.639999986,0.170000002,0.920000017,5.67999983,0.764423132,0.00000000,0.00000000,0.200000003,265.000000,0.00000000,0.00000000,0.00000000,7.50000000,2.00000000,1.00000000,4.00000000,0.00000000,3.25000000,0.250000000,0.179999997E-02,0.999999975E-04,0.00000000,0.00000000,0.00000000,1.00000000,-999.000000,0.00000000,0.00000000,0.00000000,0.00000000,0.00000000,0.500000000,0.240000010,0.175237060,273.000000,0.719588324E-01,0.00000000,15.9057140,0.779663473E-01,0.496745825,0.334183335,0.639999986,0.639999986,0.980000019,5.67999983,0.881448388,0.673853466E-02,0.174702376,0.174702376,265.035309,-7.74983644,0.212516312E-06,0.602483749,7.50007629,0.00000000,0.00000000,0.00000000,1.35341287,3.25000000,0.00000000,0.194632565E-02,0.00000000,0.00000000,0.194254483E-02,0.194632565E-02,1.00000000,265.433502,-7.91558838,694.250000,1305.00000,63.8490067,1.10000002,0.172281470E-01,0.240000010,0.175237060,277.000000,0.719588324E-01,0.00000000
2,1,usgs_forest_deep_pack,1,180.000000,1,F,F,0,0,T,16,24,0.500000000,28,19,1,1004.50000,0.285714298,9.81000042,2500000.00,0.567051011E-07,0.00000000,14,8,1.00000000,0.00000000,275.000000,25.0000000,96.0000000,90.0000000,0.300000012,0.200000003,230.000000,105.000000,0.700000022E-02,0.600000005E-02,6.00000000,0.119999997,60.0000000,98000.0000,262.000000,0.120000006E-02,0.00000000,1.17999995,160.000000,0.500000000,1.00000000,0.399999991E-01,0.349999994,0.119999997,0.920000017,6.40000010,0.976430953,0.00000000,0.00000000,0.800000012,261.000000,0.00000000,0.00000000,0.00000000,7.50000000,2.00000000,1.00000000,4.00000000,0.00000000,3.25000000,0.250000000,0.500000000,0.300000012,0.00000000,0.00000000,0.00000000,1.00000000,264.000000,0.00000000,0.00000000,0.00000000,0.00000000,0.00000000,0.500000000,0.349999994,0.161275551,261.000000,0.209693819,0.00000000,160.235092,0.501496375,1.00000000,0.104707815,0.349999994,0.349999994,0.980000019,6.40000010,1.00000000,0.505686970E-02,0.800000012,0.800000012,261.032532,-5.83253384,0.328933936E-06,0.932527721,7.50011826,0.00000000,0.00000000,0.00000000,4.99040174,3.25000000,0.00000000,0.136371492E-02,0.00000000,0.00000000,0.136185763E-02,0.136371492E-02,1.00000000,263.979462,-10.4886780,1087.69995,1431.00000,60.2933006,0.300000012,0.497567747E-02,0.350118786,0.162162602,261.484070,0.209693819,1.00000000
2,1,usgs_forest_deep_pack,2,180.000000,1,F,F,0,0,T,16,24,0.500000000,28,19,1,1004.50000,0.285714298,9.81000042,2500000.00,0.567051011E-07,0.999999978E-02,14,8,1.00000000,0.00000000,275.000000,25.0000000,96.0000000,90.0000000,0.300000012,0.200000003,230.000000,105.000000,0.700000022E-02,0.600000005E-02,6.00000000,0.119999997,60.0000000,98000.0000,262.000000,0.120000006E-02,0.00000000,1.17999995,160.000000,0.500000000,1.00000000,0.399999991E-01,0.349999994,0.119999997,0.920000017,6.40000010,0.976430953,0.00000000,0.00000000,0.800000012,261.000000,0.00000000,0.00000000,0.00000000,7.50000000,2.00000000,1.00000000,4.00000000,0.00000000,3.25000000,0.250000000,0.500000000,0.300000012,0.00000000,0.00000000,0.00000000,1.00000000,264.000000,0.00000000,0.00000000,0.00000000,0.00000000,0.00000000,0.500000000,0.351999998,0.163752675,262.299988,0.209163681,0.00000000,160.235092,0.501496375,1.00000000,0.104707815,0.349999994,0.349999994,0.980000019,6.40000010,1.00000000,0.505686970E-02,0.800000012,0.800000012,261.032532,-5.83253384,0.328933936E-06,0.932527721,7.50011826,0.00000000,0.00000000,0.00000000,4.99040174,3.25000000,0.00000000,0.136371492E-02,0.00000000,0.00000000,0.136185763E-02,0.136371492E-02,1.00000000,263.979462,-10.4886780,1087.69995,1431.00000,60.2933006,0.300000012,0.497567747E-02,0.351983726,0.163251907,262.049957,0.209163681,0.00000000
2,1,usgs_forest_deep_pack,3,180.000000,1,F,F,0,0,T,16,24,0.500000000,28,19,1,1004.50000,0.285714298,9.81000042,2500000.00,0.567051011E-07,0.399999991E-01,14,8,1.00000000,0.00000000,275.000000,25.0000000,96.0000000,90.0000000,0.300000012,0.200000003,230.000000,105.000000,0.700000022E-02,0.600000005E-02,6.00000000,0.119999997,60.0000000,98000.0000,262.000000,0.120000006E-02,0.00000000,1.17999995,160.000000,0.500000000,1.00000000,0.399999991E-01,0.349999994,0.119999997,0.920000017,6.40000010,0.976430953,0.00000000,0.00000000,0.800000012,261.000000,0.00000000,0.00000000,0.00000000,7.50000000,2.00000000,1.00000000,4.00000000,0.00000000,3.25000000,0.250000000,0.500000000,0.300000012,0.00000000,0.00000000,0.00000000,1.00000000,264.000000,0.00000000,0.00000000,0.00000000,0.00000000,0.00000000,0.500000000,0.354000002,0.166577891,263.600006,0.208246782,0.00000000,160.235092,0.501496375,1.00000000,0.104707815,0.349999994,0.349999994,0.980000019,6.40000010,1.00000000,0.505686970E-02,0.800000012,0.800000012,261.032532,-5.83253384,0.328933936E-06,0.932527721,7.50011826,0.00000000,0.00000000,0.00000000,4.99040174,3.25000000,0.00000000,0.136371492E-02,0.00000000,0.00000000,0.136185763E-02,0.136371492E-02,1.00000000,263.979462,-10.4886780,1087.69995,1431.00000,60.2933006,0.300000012,0.497567747E-02,0.353997767,0.166446924,263.543671,0.208246782,0.00000000
2,1,usgs_forest_deep_pack,4,180.000000,1,F,F,0,0,T,16,24,0.500000000,28,19,1,1004.50000,0.285714298,9.81000042,2500000.00,0.567051011E-07,0.100000001,14,8,1.00000000,0.00000000,275.000000,25.0000000,96.0000000,90.0000000,0.300000012,0.200000003,230.000000,105.000000,0.700000022E-02,0.600000005E-02,6.00000000,0.119999997,60.0000000,98000.0000,262.000000,0.120000006E-02,0.00000000,1.17999995,160.000000,0.500000000,1.00000000,0.399999991E-01,0.349999994,0.119999997,0.920000017,6.40000010,0.976430953,0.00000000,0.00000000,0.800000012,261.000000,0.00000000,0.00000000,0.00000000,7.50000000,2.00000000,1.00000000,4.00000000,0.00000000,3.25000000,0.250000000,0.500000000,0.300000012,0.00000000,0.00000000,0.00000000,1.00000000,264.000000,0.00000000,0.00000000,0.00000000,0.00000000,0.00000000,0.500000000,0.356000006,0.169860691,264.899994,0.206821457,0.00000000,160.235092,0.501496375,1.00000000,0.104707815,0.349999994,0.349999994,0.980000019,6.40000010,1.00000000,0.505686970E-02,0.800000012,0.800000012,261.032532,-5.83253384,0.328933936E-06,0.932527721,7.50011826,0.00000000,0.00000000,0.00000000,4.99040174,3.25000000,0.00000000,0.136371492E-02,0.00000000,0.00000000,0.136185763E-02,0.136371492E-02,1.00000000,263.979462,-10.4886780,1087.69995,1431.00000,60.2933006,0.300000012,0.497567747E-02,0.355999202,0.169829100,264.888458,0.206821457,0.00000000
2,1,usgs_forest_deep_pack,5,180.000000,1,F,F,0,0,T,16,24,0.500000000,28,19,1,1004.50000,0.285714298,9.81000042,2500000.00,0.567051011E-07,0.300000012,14,8,1.00000000,0.00000000,275.000000,25.0000000,96.0000000,90.0000000,0.300000012,0.200000003,230.000000,105.000000,0.700000022E-02,0.600000005E-02,6.00000000,0.119999997,60.0000000,98000.0000,262.000000,0.120000006E-02,0.00000000,1.17999995,160.000000,0.500000000,1.00000000,0.399999991E-01,0.349999994,0.119999997,0.920000017,6.40000010,0.976430953,0.00000000,0.00000000,0.800000012,261.000000,0.00000000,0.00000000,0.00000000,7.50000000,2.00000000,1.00000000,4.00000000,0.00000000,3.25000000,0.250000000,0.500000000,0.300000012,0.00000000,0.00000000,0.00000000,1.00000000,264.000000,0.00000000,0.00000000,0.00000000,0.00000000,0.00000000,0.500000000,0.357999980,0.173770592,266.200012,0.204699308,0.00000000,160.235092,0.501496375,1.00000000,0.104707815,0.349999994,0.349999994,0.980000019,6.40000010,1.00000000,0.505686970E-02,0.800000012,0.800000012,261.032532,-5.83253384,0.328933936E-06,0.932527721,7.50011826,0.00000000,0.00000000,0.00000000,4.99040174,3.25000000,0.00000000,0.136371492E-02,0.00000000,0.00000000,0.136185763E-02,0.136371492E-02,1.00000000,263.979462,-10.4886780,1087.69995,1431.00000,60.2933006,0.300000012,0.497567747E-02,0.357999921,0.173767567,266.199097,0.204699308,0.00000000
2,1,usgs_forest_deep_pack,6,180.000000,1,F,F,0,0,T,16,24,0.500000000,28,19,1,1004.50000,0.285714298,9.81000042,2500000.00,0.567051011E-07,0.600000024,14,8,1.00000000,0.00000000,275.000000,25.0000000,96.0000000,90.0000000,0.300000012,0.200000003,230.000000,105.000000,0.700000022E-02,0.600000005E-02,6.00000000,0.119999997,60.0000000,98000.0000,262.000000,0.120000006E-02,0.00000000,1.17999995,160.000000,0.500000000,1.00000000,0.399999991E-01,0.349999994,0.119999997,0.920000017,6.40000010,0.976430953,0.00000000,0.00000000,0.800000012,261.000000,0.00000000,0.00000000,0.00000000,7.50000000,2.00000000,1.00000000,4.00000000,0.00000000,3.25000000,0.250000000,0.500000000,0.300000012,0.00000000,0.00000000,0.00000000,1.00000000,264.000000,0.00000000,0.00000000,0.00000000,0.00000000,0.00000000,0.500000000,0.359999985,0.178588673,267.500000,0.201568112,0.00000000,160.235092,0.501496375,1.00000000,0.104707815,0.349999994,0.349999994,0.980000019,6.40000010,1.00000000,0.505686970E-02,0.800000012,0.800000012,261.032532,-5.83253384,0.328933936E-06,0.932527721,7.50011826,0.00000000,0.00000000,0.00000000,4.99040174,3.25000000,0.00000000,0.136371492E-02,0.00000000,0.00000000,0.136185763E-02,0.136371492E-02,1.00000000,263.979462,-10.4886780,1087.69995,1431.00000,60.2933006,0.300000012,0.497567747E-02,0.360000014,0.178587139,267.499634,0.201568112,0.00000000
2,1,usgs_forest_deep_pack,7,180.000000,1,F,F,0,0,T,16,24,0.500000000,28,19,1,1004.50000,0.285714298,9.81000042,2500000.00,0.567051011E-07,1.00000000,14,8,1.00000000,0.00000000,275.000000,25.0000000,96.0000000,90.0000000,0.300000012,0.200000003,230.000000,105.000000,0.700000022E-02,0.600000005E-02,6.00000000,0.119999997,60.0000000,98000.0000,262.000000,0.120000006E-02,0.00000000,1.17999995,160.000000,0.500000000,1.00000000,0.399999991E-01,0.349999994,0.119999997,0.920000017,6.40000010,0.976430953,0.00000000,0.00000000,0.800000012,261.000000,0.00000000,0.00000000,0.00000000,7.50000000,2.00000000,1.00000000,4.00000000,0.00000000,3.25000000,0.250000000,0.500000000,0.300000012,0.00000000,0.00000000,0.00000000,1.00000000,264.000000,0.00000000,0.00000000,0.00000000,0.00000000,0.00000000,0.500000000,0.361999989,0.184832454,268.799988,0.196852803,0.00000000,160.235092,0.501496375,1.00000000,0.104707815,0.349999994,0.349999994,0.980000019,6.40000010,1.00000000,0.505686970E-02,0.800000012,0.800000012,261.032532,-5.83253384,0.328933936E-06,0.932527721,7.50011826,0.00000000,0.00000000,0.00000000,4.99040174,3.25000000,0.00000000,0.136371492E-02,0.00000000,0.00000000,0.136185763E-02,0.136371492E-02,1.00000000,263.979462,-10.4886780,1087.69995,1431.00000,60.2933006,0.300000012,0.497567747E-02,0.361999959,0.184831247,268.799774,0.196852803,0.00000000
2,1,usgs_forest_deep_pack,8,180.000000,1,F,F,0,0,T,16,24,0.500000000,28,19,1,1004.50000,0.285714298,9.81000042,2500000.00,0.567051011E-07,1.60000002,14,8,1.00000000,0.00000000,275.000000,25.0000000,96.0000000,90.0000000,0.300000012,0.200000003,230.000000,105.000000,0.700000022E-02,0.600000005E-02,6.00000000,0.119999997,60.0000000,98000.0000,262.000000,0.120000006E-02,0.00000000,1.17999995,160.000000,0.500000000,1.00000000,0.399999991E-01,0.349999994,0.119999997,0.920000017,6.40000010,0.976430953,0.00000000,0.00000000,0.800000012,261.000000,0.00000000,0.00000000,0.00000000,7.50000000,2.00000000,1.00000000,4.00000000,0.00000000,3.25000000,0.250000000,0.500000000,0.300000012,0.00000000,0.00000000,0.00000000,1.00000000,264.000000,0.00000000,0.00000000,0.00000000,0.00000000,0.00000000,0.500000000,0.363999993,0.193617359,270.100006,0.189314023,0.00000000,160.235092,0.501496375,1.00000000,0.104707815,0.349999994,0.349999994,0.980000019,6.40000010,1.00000000,0.505686970E-02,0.800000012,0.800000012,261.032532,-5.83253384,0.328933936E-06,0.932527721,7.50011826,0.00000000,0.00000000,0.00000000,4.99040174,3.25000000,0.00000000,0.136371492E-02,0.00000000,0.00000000,0.136185763E-02,0.136371492E-02,1.00000000,263.979462,-10.4886780,1087.69995,1431.00000,60.2933006,0.300000012,0.497567747E-02,0.363999963,0.193616599,270.099915,0.189314023,0.00000000
2,1,usgs_forest_deep_pack,9,180.000000,1,F,F,0,0,T,16,24,0.500000000,28,19,1,1004.50000,0.285714298,9.81000042,2500000.00,0.567051011E-07,3.00000000,14,8,1.00000000,0.00000000,275.000000,25.0000000,96.0000000,90.0000000,0.300000012,0.200000003,230.000000,105.000000,0.700000022E-02,0.600000005E-02,6.00000000,0.119999997,60.0000000,98000.0000,262.000000,0.120000006E-02,0.00000000,1.17999995,160.000000,0.500000000,1.00000000,0.399999991E-01,0.349999994,0.119999997,0.920000017,6.40000010,0.976430953,0.00000000,0.00000000,0.800000012,261.000000,0.00000000,0.00000000,0.00000000,7.50000000,2.00000000,1.00000000,4.00000000,0.00000000,3.25000000,0.250000000,0.500000000,0.300000012,0.00000000,0.00000000,0.00000000,1.00000000,264.000000,0.00000000,0.00000000,0.00000000,0.00000000,0.00000000,0.500000000,0.365999997,0.208134308,271.399994,0.175406307,0.00000000,160.235092,0.501496375,1.00000000,0.104707815,0.349999994,0.349999994,0.980000019,6.40000010,1.00000000,0.505686970E-02,0.800000012,0.800000012,261.032532,-5.83253384,0.328933936E-06,0.932527721,7.50011826,0.00000000,0.00000000,0.00000000,4.99040174,3.25000000,0.00000000,0.136371492E-02,0.00000000,0.00000000,0.136185763E-02,0.136371492E-02,1.00000000,263.979462,-10.4886780,1087.69995,1431.00000,60.2933006,0.300000012,0.497567747E-02,0.365999997,0.208134308,275.000000,0.175406307,0.00000000
2,1,usgs_water,1,180.000000,1,F,F,0,0,T,16,24,0.500000000,28,19,1,1004.50000,0.285714298,9.81000042,2500000.00,0.567051011E-07,0.00000000,16,14,2.00000000,0.00000000,287.000000,0.00000000,0.00000000,0.00000000,0.600000024,0.200000003,352.000000,395.000000,0.209999997E-01,0.199999996E-01,20.0000000,0.799999982E-01,60.0000000,98000.0000,287.000000,0.985000003E-02,0.00000000,1.17999995,0.00000000,0.00000000,0.00000000,0.00000000,0.699999988,0.799999982E-01,0.980000019,0.999999978E-02,1.00000000,0.00000000,0.00000000,0.999999975E-04,287.000000,0.00000000,0.00000000,0.00000000,7.50000000,2.00000000,1.00000000,4.00000000,0.00000000,3.25000000,0.250000000,0.949999969E-02,0.399999990E-03,0.00000000,0.00000000,0.00000000,1.00000000,-999.000000,0.00000000,0.00000000,0.00000000,0.00000000,0.00000000,0.500000000,1.00000000,1.00000000,287.000000,0.00000000,0.00000000,0.00000000,0.00000000,0.00000000,0.00000000,0.699999988,0.799999982E-01,0.980000019,0.999999978E-02,1.00000000,0.00000000,0.00000000,0.999999975E-04,287.000000,0.00000000,0.00000000,0.00000000,7.50000000,0.00000000,0.00000000,0.00000000,0.00000000,3.25000000,0.00000000,0.100436928E-01,0.399999990E-03,0.00000000,0.994381960E-02,0.100436928E-01,1.00000000,287.000000,13.8500061,1.00000000,1.00000000,-1000.00000,0.00000000,0.00000000,1.00000000,1.00000000,287.000000,0.00000000,0.00000000
2,1,usgs_water,2,180.000000,1,F,F,0,0,T,16,24,0.500000000,28,19,1,1004.50000,0.285714298,9.81000042,2500000.00,0.567051011E-07,0.999999978E-02,16,14,2.00000000,0.00000000,287.000000,0.00000000,0.00000000,0.00000000,0.600000024,0.200000003,352.000000,395.000000,0.209999997E-01,0.199999996E-01,20.0000000,0.799999982E-01,60.0000000,98000.0000,287.000000,0.985000003E-02,0.00000000,1.17999995,0.00000000,0.00000000,0.00000000,0.00000000,0.699999988,0.799999982E-01,0.980000019,0.999999978E-02,1.00000000,0.00000000,0.00000000,0.999999975E-04,287.000000,0.00000000,0.00000000,0.00000000,7.50000000,2.00000000,1.00000000,4.00000000,0.00000000,3.25000000,0.250000000,0.949999969E-02,0.399999990E-03,0.00000000,0.00000000,0.00000000,1.00000000,-999.000000,0.00000000,0.00000000,0.00000000,0.00000000,0.00000000,0.500000000,1.00000000,1.00000000,287.000000,0.00000000,0.00000000,0.00000000,0.00000000,0.00000000,0.00000000,0.699999988,0.799999982E-01,0.980000019,0.999999978E-02,1.00000000,0.00000000,0.00000000,0.999999975E-04,287.000000,0.00000000,0.00000000,0.00000000,7.50000000,0.00000000,0.00000000,0.00000000,0.00000000,3.25000000,0.00000000,0.100436928E-01,0.399999990E-03,0.00000000,0.994381960E-02,0.100436928E-01,1.00000000,287.000000,13.8500061,1.00000000,1.00000000,-1000.00000,0.00000000,0.00000000,1.00000000,1.00000000,287.000000,0.00000000,0.00000000
2,1,usgs_water,3,180.000000,1,F,F,0,0,T,16,24,0.500000000,28,19,1,1004.50000,0.285714298,9.81000042,2500000.00,0.567051011E-07,0.399999991E-01,16,14,2.00000000,0.00000000,287.000000,0.00000000,0.00000000,0.00000000,0.600000024,0.200000003,352.000000,395.000000,0.209999997E-01,0.199999996E-01,20.0000000,0.799999982E-01,60.0000000,98000.0000,287.000000,0.985000003E-02,0.00000000,1.17999995,0.00000000,0.00000000,0.00000000,0.00000000,0.699999988,0.799999982E-01,0.980000019,0.999999978E-02,1.00000000,0.00000000,0.00000000,0.999999975E-04,287.000000,0.00000000,0.00000000,0.00000000,7.50000000,2.00000000,1.00000000,4.00000000,0.00000000,3.25000000,0.250000000,0.949999969E-02,0.399999990E-03,0.00000000,0.00000000,0.00000000,1.00000000,-999.000000,0.00000000,0.00000000,0.00000000,0.00000000,0.00000000,0.500000000,1.00000000,1.00000000,287.000000,0.00000000,0.00000000,0.00000000,0.00000000,0.00000000,0.00000000,0.699999988,0.799999982E-01,0.980000019,0.999999978E-02,1.00000000,0.00000000,0.00000000,0.999999975E-04,287.000000,0.00000000,0.00000000,0.00000000,7.50000000,0.00000000,0.00000000,0.00000000,0.00000000,3.25000000,0.00000000,0.100436928E-01,0.399999990E-03,0.00000000,0.994381960E-02,0.100436928E-01,1.00000000,287.000000,13.8500061,1.00000000,1.00000000,-1000.00000,0.00000000,0.00000000,1.00000000,1.00000000,287.000000,0.00000000,0.00000000
2,1,usgs_water,4,180.000000,1,F,F,0,0,T,16,24,0.500000000,28,19,1,1004.50000,0.285714298,9.81000042,2500000.00,0.567051011E-07,0.100000001,16,14,2.00000000,0.00000000,287.000000,0.00000000,0.00000000,0.00000000,0.600000024,0.200000003,352.000000,395.000000,0.209999997E-01,0.199999996E-01,20.0000000,0.799999982E-01,60.0000000,98000.0000,287.000000,0.985000003E-02,0.00000000,1.17999995,0.00000000,0.00000000,0.00000000,0.00000000,0.699999988,0.799999982E-01,0.980000019,0.999999978E-02,1.00000000,0.00000000,0.00000000,0.999999975E-04,287.000000,0.00000000,0.00000000,0.00000000,7.50000000,2.00000000,1.00000000,4.00000000,0.00000000,3.25000000,0.250000000,0.949999969E-02,0.399999990E-03,0.00000000,0.00000000,0.00000000,1.00000000,-999.000000,0.00000000,0.00000000,0.00000000,0.00000000,0.00000000,0.500000000,1.00000000,1.00000000,287.000000,0.00000000,0.00000000,0.00000000,0.00000000,0.00000000,0.00000000,0.699999988,0.799999982E-01,0.980000019,0.999999978E-02,1.00000000,0.00000000,0.00000000,0.999999975E-04,287.000000,0.00000000,0.00000000,0.00000000,7.50000000,0.00000000,0.00000000,0.00000000,0.00000000,3.25000000,0.00000000,0.100436928E-01,0.399999990E-03,0.00000000,0.994381960E-02,0.100436928E-01,1.00000000,287.000000,13.8500061,1.00000000,1.00000000,-1000.00000,0.00000000,0.00000000,1.00000000,1.00000000,287.000000,0.00000000,0.00000000
2,1,usgs_water,5,180.000000,1,F,F,0,0,T,16,24,0.500000000,28,19,1,1004.50000,0.285714298,9.81000042,2500000.00,0.567051011E-07,0.300000012,16,14,2.00000000,0.00000000,287.000000,0.00000000,0.00000000,0.00000000,0.600000024,0.200000003,352.000000,395.000000,0.209999997E-01,0.199999996E-01,20.0000000,0.799999982E-01,60.0000000,98000.0000,287.000000,0.985000003E-02,0.00000000,1.17999995,0.00000000,0.00000000,0.00000000,0.00000000,0.699999988,0.799999982E-01,0.980000019,0.999999978E-02,1.00000000,0.00000000,0.00000000,0.999999975E-04,287.000000,0.00000000,0.00000000,0.00000000,7.50000000,2.00000000,1.00000000,4.00000000,0.00000000,3.25000000,0.250000000,0.949999969E-02,0.399999990E-03,0.00000000,0.00000000,0.00000000,1.00000000,-999.000000,0.00000000,0.00000000,0.00000000,0.00000000,0.00000000,0.500000000,1.00000000,1.00000000,287.000000,0.00000000,0.00000000,0.00000000,0.00000000,0.00000000,0.00000000,0.699999988,0.799999982E-01,0.980000019,0.999999978E-02,1.00000000,0.00000000,0.00000000,0.999999975E-04,287.000000,0.00000000,0.00000000,0.00000000,7.50000000,0.00000000,0.00000000,0.00000000,0.00000000,3.25000000,0.00000000,0.100436928E-01,0.399999990E-03,0.00000000,0.994381960E-02,0.100436928E-01,1.00000000,287.000000,13.8500061,1.00000000,1.00000000,-1000.00000,0.00000000,0.00000000,1.00000000,1.00000000,287.000000,0.00000000,0.00000000
2,1,usgs_water,6,180.000000,1,F,F,0,0,T,16,24,0.500000000,28,19,1,1004.50000,0.285714298,9.81000042,2500000.00,0.567051011E-07,0.600000024,16,14,2.00000000,0.00000000,287.000000,0.00000000,0.00000000,0.00000000,0.600000024,0.200000003,352.000000,395.000000,0.209999997E-01,0.199999996E-01,20.0000000,0.799999982E-01,60.0000000,98000.0000,287.000000,0.985000003E-02,0.00000000,1.17999995,0.00000000,0.00000000,0.00000000,0.00000000,0.699999988,0.799999982E-01,0.980000019,0.999999978E-02,1.00000000,0.00000000,0.00000000,0.999999975E-04,287.000000,0.00000000,0.00000000,0.00000000,7.50000000,2.00000000,1.00000000,4.00000000,0.00000000,3.25000000,0.250000000,0.949999969E-02,0.399999990E-03,0.00000000,0.00000000,0.00000000,1.00000000,-999.000000,0.00000000,0.00000000,0.00000000,0.00000000,0.00000000,0.500000000,1.00000000,1.00000000,287.000000,0.00000000,0.00000000,0.00000000,0.00000000,0.00000000,0.00000000,0.699999988,0.799999982E-01,0.980000019,0.999999978E-02,1.00000000,0.00000000,0.00000000,0.999999975E-04,287.000000,0.00000000,0.00000000,0.00000000,7.50000000,0.00000000,0.00000000,0.00000000,0.00000000,3.25000000,0.00000000,0.100436928E-01,0.399999990E-03,0.00000000,0.994381960E-02,0.100436928E-01,1.00000000,287.000000,13.8500061,1.00000000,1.00000000,-1000.00000,0.00000000,0.00000000,1.00000000,1.00000000,287.000000,0.00000000,0.00000000
2,1,usgs_water,7,180.000000,1,F,F,0,0,T,16,24,0.500000000,28,19,1,1004.50000,0.285714298,9.81000042,2500000.00,0.567051011E-07,1.00000000,16,14,2.00000000,0.00000000,287.000000,0.00000000,0.00000000,0.00000000,0.600000024,0.200000003,352.000000,395.000000,0.209999997E-01,0.199999996E-01,20.0000000,0.799999982E-01,60.0000000,98000.0000,287.000000,0.985000003E-02,0.00000000,1.17999995,0.00000000,0.00000000,0.00000000,0.00000000,0.699999988,0.799999982E-01,0.980000019,0.999999978E-02,1.00000000,0.00000000,0.00000000,0.999999975E-04,287.000000,0.00000000,0.00000000,0.00000000,7.50000000,2.00000000,1.00000000,4.00000000,0.00000000,3.25000000,0.250000000,0.949999969E-02,0.399999990E-03,0.00000000,0.00000000,0.00000000,1.00000000,-999.000000,0.00000000,0.00000000,0.00000000,0.00000000,0.00000000,0.500000000,1.00000000,1.00000000,287.000000,0.00000000,0.00000000,0.00000000,0.00000000,0.00000000,0.00000000,0.699999988,0.799999982E-01,0.980000019,0.999999978E-02,1.00000000,0.00000000,0.00000000,0.999999975E-04,287.000000,0.00000000,0.00000000,0.00000000,7.50000000,0.00000000,0.00000000,0.00000000,0.00000000,3.25000000,0.00000000,0.100436928E-01,0.399999990E-03,0.00000000,0.994381960E-02,0.100436928E-01,1.00000000,287.000000,13.8500061,1.00000000,1.00000000,-1000.00000,0.00000000,0.00000000,1.00000000,1.00000000,287.000000,0.00000000,0.00000000
2,1,usgs_water,8,180.000000,1,F,F,0,0,T,16,24,0.500000000,28,19,1,1004.50000,0.285714298,9.81000042,2500000.00,0.567051011E-07,1.60000002,16,14,2.00000000,0.00000000,287.000000,0.00000000,0.00000000,0.00000000,0.600000024,0.200000003,352.000000,395.000000,0.209999997E-01,0.199999996E-01,20.0000000,0.799999982E-01,60.0000000,98000.0000,287.000000,0.985000003E-02,0.00000000,1.17999995,0.00000000,0.00000000,0.00000000,0.00000000,0.699999988,0.799999982E-01,0.980000019,0.999999978E-02,1.00000000,0.00000000,0.00000000,0.999999975E-04,287.000000,0.00000000,0.00000000,0.00000000,7.50000000,2.00000000,1.00000000,4.00000000,0.00000000,3.25000000,0.250000000,0.949999969E-02,0.399999990E-03,0.00000000,0.00000000,0.00000000,1.00000000,-999.000000,0.00000000,0.00000000,0.00000000,0.00000000,0.00000000,0.500000000,1.00000000,1.00000000,287.000000,0.00000000,0.00000000,0.00000000,0.00000000,0.00000000,0.00000000,0.699999988,0.799999982E-01,0.980000019,0.999999978E-02,1.00000000,0.00000000,0.00000000,0.999999975E-04,287.000000,0.00000000,0.00000000,0.00000000,7.50000000,0.00000000,0.00000000,0.00000000,0.00000000,3.25000000,0.00000000,0.100436928E-01,0.399999990E-03,0.00000000,0.994381960E-02,0.100436928E-01,1.00000000,287.000000,13.8500061,1.00000000,1.00000000,-1000.00000,0.00000000,0.00000000,1.00000000,1.00000000,287.000000,0.00000000,0.00000000
2,1,usgs_water,9,180.000000,1,F,F,0,0,T,16,24,0.500000000,28,19,1,1004.50000,0.285714298,9.81000042,2500000.00,0.567051011E-07,3.00000000,16,14,2.00000000,0.00000000,287.000000,0.00000000,0.00000000,0.00000000,0.600000024,0.200000003,352.000000,395.000000,0.209999997E-01,0.199999996E-01,20.0000000,0.799999982E-01,60.0000000,98000.0000,287.000000,0.985000003E-02,0.00000000,1.17999995,0.00000000,0.00000000,0.00000000,0.00000000,0.699999988,0.799999982E-01,0.980000019,0.999999978E-02,1.00000000,0.00000000,0.00000000,0.999999975E-04,287.000000,0.00000000,0.00000000,0.00000000,7.50000000,2.00000000,1.00000000,4.00000000,0.00000000,3.25000000,0.250000000,0.949999969E-02,0.399999990E-03,0.00000000,0.00000000,0.00000000,1.00000000,-999.000000,0.00000000,0.00000000,0.00000000,0.00000000,0.00000000,0.500000000,1.00000000,1.00000000,287.000000,0.00000000,0.00000000,0.00000000,0.00000000,0.00000000,0.00000000,0.699999988,0.799999982E-01,0.980000019,0.999999978E-02,1.00000000,0.00000000,0.00000000,0.999999975E-04,287.000000,0.00000000,0.00000000,0.00000000,7.50000000,0.00000000,0.00000000,0.00000000,0.00000000,3.25000000,0.00000000,0.100436928E-01,0.399999990E-03,0.00000000,0.994381960E-02,0.100436928E-01,1.00000000,287.000000,13.8500061,1.00000000,1.00000000,-1000.00000,0.00000000,0.00000000,1.00000000,1.00000000,287.000000,0.00000000,0.00000000
2,1,usgs_seaice_snow,1,180.000000,1,F,F,0,0,T,16,24,0.500000000,28,19,1,1004.50000,0.285714298,9.81000042,2500000.00,0.567051011E-07,0.00000000,24,16,1.00000000,0.899999976,271.000000,0.00000000,0.00000000,0.00000000,0.400000006,0.200000003,210.000000,65.0000000,0.400000019E-02,0.300000003E-02,3.00000000,0.550000012,60.0000000,98000.0000,259.000000,0.899999985E-03,0.00000000,1.17999995,35.0000000,0.150000006,1.00000000,0.00000000,0.750000000,0.550000012,0.980000019,0.999999978E-02,1.00000000,0.00000000,0.00000000,0.109999999E-01,258.000000,0.00000000,0.00000000,0.00000000,7.50000000,2.00000000,1.00000000,4.00000000,0.00000000,3.25000000,0.250000000,0.120000006E-02,0.999999975E-04,0.00000000,0.00000000,0.00000000,1.00000000,258.000000,0.00000000,0.00000000,0.00000000,0.00000000,0.00000000,0.500000000,1.00000000,0.00000000,258.000000,1.00000000,0.00000000,35.3999252,0.153002560,0.899999976,0.00000000,0.750000000,0.750000000,0.980000019,0.999999978E-02,1.00000000,0.252907164E-02,0.109999999E-01,0.109999999E-01,258.010254,-2.98417091,0.404711528E-06,1.14735723,7.50014591,0.00000000,0.00000000,0.00000000,1.28974533,3.25000000,0.00000000,0.103490229E-02,0.00000000,0.00000000,0.103383244E-02,0.103490381E-02,1.00000000,258.754913,-14.7674255,3000.00000,3000.00000,59.4166985,0.400000006,0.673211413E-02,1.00000000,0.00000000,258.754913,1.00000000,0.00000000
2,1,usgs_seaice_snow,2,180.000000,1,F,F,0,0,T,16,24,0.500000000,28,19,1,1004.50000,0.285714298,9.81000042,2500000.00,0.567051011E-07,0.999999978E-02,24,16,1.00000000,0.899999976,271.000000,0.00000000,0.00000000,0.00000000,0.400000006,0.200000003,210.000000,65.0000000,0.400000019E-02,0.300000003E-02,3.00000000,0.550000012,60.0000000,98000.0000,259.000000,0.899999985E-03,0.00000000,1.17999995,35.0000000,0.150000006,1.00000000,0.00000000,0.750000000,0.550000012,0.980000019,0.999999978E-02,1.00000000,0.00000000,0.00000000,0.109999999E-01,258.000000,0.00000000,0.00000000,0.00000000,7.50000000,2.00000000,1.00000000,4.00000000,0.00000000,3.25000000,0.250000000,0.120000006E-02,0.999999975E-04,0.00000000,0.00000000,0.00000000,1.00000000,258.000000,0.00000000,0.00000000,0.00000000,0.00000000,0.00000000,0.500000000,1.00000000,0.00000000,259.200012,1.00000000,0.00000000,35.3999252,0.153002560,0.899999976,0.00000000,0.750000000,0.750000000,0.980000019,0.999999978E-02,1.00000000,0.252907164E-02,0.109999999E-01,0.109999999E-01,258.010254,-2.98417091,0.404711528E-06,1.14735723,7.50014591,0.00000000,0.00000000,0.00000000,1.28974533,3.25000000,0.00000000,0.103490229E-02,0.00000000,0.00000000,0.103383244E-02,0.103490381E-02,1.00000000,258.754913,-14.7674255,3000.00000,3000.00000,59.4166985,0.400000006,0.673211413E-02,1.00000000,0.00000000,258.917053,1.00000000,0.00000000
2,1,usgs_seaice_snow,3,180.000000,1,F,F,0,0,T,16,24,0.500000000,28,19,1,1004.50000,0.285714298,9.81000042,2500000.00,0.567051011E-07,0.399999991E-01,24,16,1.00000000,0.899999976,271.000000,0.00000000,0.00000000,0.00000000,0.400000006,0.200000003,210.000000,65.0000000,0.400000019E-02,0.300000003E-02,3.00000000,0.550000012,60.0000000,98000.0000,259.000000,0.899999985E-03,0.00000000,1.17999995,35.0000000,0.150000006,1.00000000,0.00000000,0.750000000,0.550000012,0.980000019,0.999999978E-02,1.00000000,0.00000000,0.00000000,0.109999999E-01,258.000000,0.00000000,0.00000000,0.00000000,7.50000000,2.00000000,1.00000000,4.00000000,0.00000000,3.25000000,0.250000000,0.120000006E-02,0.999999975E-04,0.00000000,0.00000000,0.00000000,1.00000000,258.000000,0.00000000,0.00000000,0.00000000,0.00000000,0.00000000,0.500000000,1.00000000,0.00000000,260.399994,1.00000000,0.00000000,35.3999252,0.153002560,0.899999976,0.00000000,0.750000000,0.750000000,0.980000019,0.999999978E-02,1.00000000,0.252907164E-02,0.109999999E-01,0.109999999E-01,258.010254,-2.98417091,0.404711528E-06,1.14735723,7.50014591,0.00000000,0.00000000,0.00000000,1.28974533,3.25000000,0.00000000,0.103490229E-02,0.00000000,0.00000000,0.103383244E-02,0.103490381E-02,1.00000000,258.754913,-14.7674255,3000.00000,3000.00000,59.4166985,0.400000006,0.673211413E-02,1.00000000,0.00000000,260.290344,1.00000000,0.00000000
2,1,usgs_seaice_snow,4,180.000000,1,F,F,0,0,T,16,24,0.500000000,28,19,1,1004.50000,0.285714298,9.81000042,2500000.00,0.567051011E-07,0.100000001,24,16,1.00000000,0.899999976,271.000000,0.00000000,0.00000000,0.00000000,0.400000006,0.200000003,210.000000,65.0000000,0.400000019E-02,0.300000003E-02,3.00000000,0.550000012,60.0000000,98000.0000,259.000000,0.899999985E-03,0.00000000,1.17999995,35.0000000,0.150000006,1.00000000,0.00000000,0.750000000,0.550000012,0.980000019,0.999999978E-02,1.00000000,0.00000000,0.00000000,0.109999999E-01,258.000000,0.00000000,0.00000000,0.00000000,7.50000000,2.00000000,1.00000000,4.00000000,0.00000000,3.25000000,0.250000000,0.120000006E-02,0.999999975E-04,0.00000000,0.00000000,0.00000000,1.00000000,258.000000,0.00000000,0.00000000,0.00000000,0.00000000,0.00000000,0.500000000,1.00000000,0.00000000,261.600006,1.00000000,0.00000000,35.3999252,0.153002560,0.899999976,0.00000000,0.750000000,0.750000000,0.980000019,0.999999978E-02,1.00000000,0.252907164E-02,0.109999999E-01,0.109999999E-01,258.010254,-2.98417091,0.404711528E-06,1.14735723,7.50014591,0.00000000,0.00000000,0.00000000,1.28974533,3.25000000,0.00000000,0.103490229E-02,0.00000000,0.00000000,0.103383244E-02,0.103490381E-02,1.00000000,258.754913,-14.7674255,3000.00000,3000.00000,59.4166985,0.400000006,0.673211413E-02,1.00000000,0.00000000,261.575134,1.00000000,0.00000000
2,1,usgs_seaice_snow,5,180.000000,1,F,F,0,0,T,16,24,0.500000000,28,19,1,1004.50000,0.285714298,9.81000042,2500000.00,0.567051011E-07,0.300000012,24,16,1.00000000,0.899999976,271.000000,0.00000000,0.00000000,0.00000000,0.400000006,0.200000003,210.000000,65.0000000,0.400000019E-02,0.300000003E-02,3.00000000,0.550000012,60.0000000,98000.0000,259.000000,0.899999985E-03,0.00000000,1.17999995,35.0000000,0.150000006,1.00000000,0.00000000,0.750000000,0.550000012,0.980000019,0.999999978E-02,1.00000000,0.00000000,0.00000000,0.109999999E-01,258.000000,0.00000000,0.00000000,0.00000000,7.50000000,2.00000000,1.00000000,4.00000000,0.00000000,3.25000000,0.250000000,0.120000006E-02,0.999999975E-04,0.00000000,0.00000000,0.00000000,1.00000000,258.000000,0.00000000,0.00000000,0.00000000,0.00000000,0.00000000,0.500000000,1.00000000,0.00000000,262.799988,1.00000000,0.00000000,35.3999252,0.153002560,0.899999976,0.00000000,0.750000000,0.750000000,0.980000019,0.999999978E-02,1.00000000,0.252907164E-02,0.109999999E-01,0.109999999E-01,258.010254,-2.98417091,0.404711528E-06,1.14735723,7.50014591,0.00000000,0.00000000,0.00000000,1.28974533,3.25000000,0.00000000,0.103490229E-02,0.00000000,0.00000000,0.103383244E-02,0.103490381E-02,1.00000000,258.754913,-14.7674255,3000.00000,3000.00000,59.4166985,0.400000006,0.673211413E-02,1.00000000,0.00000000,262.798157,1.00000000,0.00000000
2,1,usgs_seaice_snow,6,180.000000,1,F,F,0,0,T,16,24,0.500000000,28,19,1,1004.50000,0.285714298,9.81000042,2500000.00,0.567051011E-07,0.600000024,24,16,1.00000000,0.899999976,271.000000,0.00000000,0.00000000,0.00000000,0.400000006,0.200000003,210.000000,65.0000000,0.400000019E-02,0.300000003E-02,3.00000000,0.550000012,60.0000000,98000.0000,259.000000,0.899999985E-03,0.00000000,1.17999995,35.0000000,0.150000006,1.00000000,0.00000000,0.750000000,0.550000012,0.980000019,0.999999978E-02,1.00000000,0.00000000,0.00000000,0.109999999E-01,258.000000,0.00000000,0.00000000,0.00000000,7.50000000,2.00000000,1.00000000,4.00000000,0.00000000,3.25000000,0.250000000,0.120000006E-02,0.999999975E-04,0.00000000,0.00000000,0.00000000,1.00000000,258.000000,0.00000000,0.00000000,0.00000000,0.00000000,0.00000000,0.500000000,1.00000000,0.00000000,264.000000,1.00000000,0.00000000,35.3999252,0.153002560,0.899999976,0.00000000,0.750000000,0.750000000,0.980000019,0.999999978E-02,1.00000000,0.252907164E-02,0.109999999E-01,0.109999999E-01,258.010254,-2.98417091,0.404711528E-06,1.14735723,7.50014591,0.00000000,0.00000000,0.00000000,1.28974533,3.25000000,0.00000000,0.103490229E-02,0.00000000,0.00000000,0.103383244E-02,0.103490381E-02,1.00000000,258.754913,-14.7674255,3000.00000,3000.00000,59.4166985,0.400000006,0.673211413E-02,1.00000000,0.00000000,263.999359,1.00000000,0.00000000
2,1,usgs_seaice_snow,7,180.000000,1,F,F,0,0,T,16,24,0.500000000,28,19,1,1004.50000,0.285714298,9.81000042,2500000.00,0.567051011E-07,1.00000000,24,16,1.00000000,0.899999976,271.000000,0.00000000,0.00000000,0.00000000,0.400000006,0.200000003,210.000000,65.0000000,0.400000019E-02,0.300000003E-02,3.00000000,0.550000012,60.0000000,98000.0000,259.000000,0.899999985E-03,0.00000000,1.17999995,35.0000000,0.150000006,1.00000000,0.00000000,0.750000000,0.550000012,0.980000019,0.999999978E-02,1.00000000,0.00000000,0.00000000,0.109999999E-01,258.000000,0.00000000,0.00000000,0.00000000,7.50000000,2.00000000,1.00000000,4.00000000,0.00000000,3.25000000,0.250000000,0.120000006E-02,0.999999975E-04,0.00000000,0.00000000,0.00000000,1.00000000,258.000000,0.00000000,0.00000000,0.00000000,0.00000000,0.00000000,0.500000000,1.00000000,0.00000000,265.200012,1.00000000,0.00000000,35.3999252,0.153002560,0.899999976,0.00000000,0.750000000,0.750000000,0.980000019,0.999999978E-02,1.00000000,0.252907164E-02,0.109999999E-01,0.109999999E-01,258.010254,-2.98417091,0.404711528E-06,1.14735723,7.50014591,0.00000000,0.00000000,0.00000000,1.28974533,3.25000000,0.00000000,0.103490229E-02,0.00000000,0.00000000,0.103383244E-02,0.103490381E-02,1.00000000,258.754913,-14.7674255,3000.00000,3000.00000,59.4166985,0.400000006,0.673211413E-02,1.00000000,0.00000000,265.199585,1.00000000,0.00000000
2,1,usgs_seaice_snow,8,180.000000,1,F,F,0,0,T,16,24,0.500000000,28,19,1,1004.50000,0.285714298,9.81000042,2500000.00,0.567051011E-07,1.60000002,24,16,1.00000000,0.899999976,271.000000,0.00000000,0.00000000,0.00000000,0.400000006,0.200000003,210.000000,65.0000000,0.400000019E-02,0.300000003E-02,3.00000000,0.550000012,60.0000000,98000.0000,259.000000,0.899999985E-03,0.00000000,1.17999995,35.0000000,0.150000006,1.00000000,0.00000000,0.750000000,0.550000012,0.980000019,0.999999978E-02,1.00000000,0.00000000,0.00000000,0.109999999E-01,258.000000,0.00000000,0.00000000,0.00000000,7.50000000,2.00000000,1.00000000,4.00000000,0.00000000,3.25000000,0.250000000,0.120000006E-02,0.999999975E-04,0.00000000,0.00000000,0.00000000,1.00000000,258.000000,0.00000000,0.00000000,0.00000000,0.00000000,0.00000000,0.500000000,1.00000000,0.00000000,266.399994,1.00000000,0.00000000,35.3999252,0.153002560,0.899999976,0.00000000,0.750000000,0.750000000,0.980000019,0.999999978E-02,1.00000000,0.252907164E-02,0.109999999E-01,0.109999999E-01,258.010254,-2.98417091,0.404711528E-06,1.14735723,7.50014591,0.00000000,0.00000000,0.00000000,1.28974533,3.25000000,0.00000000,0.103490229E-02,0.00000000,0.00000000,0.103383244E-02,0.103490381E-02,1.00000000,258.754913,-14.7674255,3000.00000,3000.00000,59.4166985,0.400000006,0.673211413E-02,1.00000000,0.00000000,266.399750,1.00000000,0.00000000
2,1,usgs_seaice_snow,9,180.000000,1,F,F,0,0,T,16,24,0.500000000,28,19,1,1004.50000,0.285714298,9.81000042,2500000.00,0.567051011E-07,3.00000000,24,16,1.00000000,0.899999976,271.000000,0.00000000,0.00000000,0.00000000,0.400000006,0.200000003,210.000000,65.0000000,0.400000019E-02,0.300000003E-02,3.00000000,0.550000012,60.0000000,98000.0000,259.000000,0.899999985E-03,0.00000000,1.17999995,35.0000000,0.150000006,1.00000000,0.00000000,0.750000000,0.550000012,0.980000019,0.999999978E-02,1.00000000,0.00000000,0.00000000,0.109999999E-01,258.000000,0.00000000,0.00000000,0.00000000,7.50000000,2.00000000,1.00000000,4.00000000,0.00000000,3.25000000,0.250000000,0.120000006E-02,0.999999975E-04,0.00000000,0.00000000,0.00000000,1.00000000,258.000000,0.00000000,0.00000000,0.00000000,0.00000000,0.00000000,0.500000000,1.00000000,0.00000000,267.600006,1.00000000,0.00000000,35.3999252,0.153002560,0.899999976,0.00000000,0.750000000,0.750000000,0.980000019,0.999999978E-02,1.00000000,0.252907164E-02,0.109999999E-01,0.109999999E-01,258.010254,-2.98417091,0.404711528E-06,1.14735723,7.50014591,0.00000000,0.00000000,0.00000000,1.28974533,3.25000000,0.00000000,0.103490229E-02,0.00000000,0.00000000,0.103383244E-02,0.103490381E-02,1.00000000,258.754913,-14.7674255,3000.00000,3000.00000,59.4166985,0.400000006,0.673211413E-02,1.00000000,0.00000000,271.000000,1.00000000,0.00000000
2,1,usgs_seaice_bare,1,180.000000,1,F,F,0,0,T,16,24,0.500000000,28,19,1,1004.50000,0.285714298,9.81000042,2500000.00,0.567051011E-07,0.00000000,24,16,1.00000000,0.550000012,271.000000,0.00000000,0.00000000,0.00000000,0.200000003,0.200000003,222.000000,90.0000000,0.800000038E-02,0.700000022E-02,7.00000000,0.550000012,60.0000000,98000.0000,263.500000,0.139999995E-02,0.00000000,1.17999995,0.00000000,0.00000000,0.00000000,0.00000000,0.750000000,0.550000012,0.980000019,0.999999978E-02,1.00000000,0.00000000,0.00000000,0.109999999E-01,263.000000,0.00000000,0.00000000,0.00000000,7.50000000,2.00000000,1.00000000,4.00000000,0.00000000,3.25000000,0.250000000,0.00000000,-1.00000000,0.00000000,0.00000000,0.00000000,1.00000000,-999.000000,0.00000000,0.00000000,0.00000000,0.00000000,0.00000000,0.500000000,1.00000000,0.00000000,262.000000,1.00000000,0.00000000,0.199695528,0.326593011E-02,0.343535282E-02,0.00000000,0.750000000,0.551249206,0.980000019,0.999999978E-02,1.00000000,0.589869171E-02,0.109999999E-01,0.109999999E-01,263.041748,-3.22255754,0.162765616E-05,4.63866186,7.50058556,0.00000000,0.00000000,0.00000000,-32.0328178,3.25000000,0.00000000,0.163252233E-02,0.00000000,0.00000000,0.162986142E-02,0.163252233E-02,1.00000000,263.139343,-10.0280457,3000.00000,3000.00000,61.1450729,0.200000003,0.327090966E-02,1.00000000,0.00000000,263.041962,1.00000000,0.00000000
2,1,usgs_seaice_bare,2,180.000000,1,F,F,0,0,T,16,24,0.500000000,28,19,1,1004.50000,0.285714298,9.81000042,2500000.00,0.567051011E-07,0.999999978E-02,24,16,1.00000000,0.550000012,271.000000,0.00000000,0.00000000,0.00000000,0.200000003,0.200000003,222.000000,90.0000000,0.800000038E-02,0.700000022E-02,7.00000000,0.550000012,60.0000000,98000.0000,263.500000,0.139999995E-02,0.00000000,1.17999995,0.00000000,0.00000000,0.00000000,0.00000000,0.750000000,0.550000012,0.980000019,0.999999978E-02,1.00000000,0.00000000,0.00000000,0.109999999E-01,263.000000,0.00000000,0.00000000,0.00000000,7.50000000,2.00000000,1.00000000,4.00000000,0.00000000,3.25000000,0.250000000,0.00000000,-1.00000000,0.00000000,0.00000000,0.00000000,1.00000000,-999.000000,0.00000000,0.00000000,0.00000000,0.00000000,0.00000000,0.500000000,1.00000000,0.00000000,263.000000,1.00000000,0.00000000,0.199695528,0.326593011E-02,0.343535282E-02,0.00000000,0.750000000,0.551249206,0.980000019,0.999999978E-02,1.00000000,0.589869171E-02,0.109999999E-01,0.109999999E-01,263.041748,-3.22255754,0.162765616E-05,4.63866186,7.50058556,0.00000000,0.00000000,0.00000000,-32.0328178,3.25000000,0.00000000,0.163252233E-02,0.00000000,0.00000000,0.162986142E-02,0.163252233E-02,1.00000000,263.139343,-10.0280457,3000.00000,3000.00000,61.1450729,0.200000003,0.327090966E-02,1.00000000,0.00000000,262.900421,1.00000000,0.00000000
2,1,usgs_seaice_bare,3,180.000000,1,F,F,0,0,T,16,24,0.500000000,28,19,1,1004.50000,0.285714298,9.81000042,2500000.00,0.567051011E-07,0.399999991E-01,24,16,1.00000000,0.550000012,271.000000,0.00000000,0.00000000,0.00000000,0.200000003,0.200000003,222.000000,90.0000000,0.800000038E-02,0.700000022E-02,7.00000000,0.550000012,60.0000000,98000.0000,263.500000,0.139999995E-02,0.00000000,1.17999995,0.00000000,0.00000000,0.00000000,0.00000000,0.750000000,0.550000012,0.980000019,0.999999978E-02,1.00000000,0.00000000,0.00000000,0.109999999E-01,263.000000,0.00000000,0.00000000,0.00000000,7.50000000,2.00000000,1.00000000,4.00000000,0.00000000,3.25000000,0.250000000,0.00000000,-1.00000000,0.00000000,0.00000000,0.00000000,1.00000000,-999.000000,0.00000000,0.00000000,0.00000000,0.00000000,0.00000000,0.500000000,1.00000000,0.00000000,264.000000,1.00000000,0.00000000,0.199695528,0.326593011E-02,0.343535282E-02,0.00000000,0.750000000,0.551249206,0.980000019,0.999999978E-02,1.00000000,0.589869171E-02,0.109999999E-01,0.109999999E-01,263.041748,-3.22255754,0.162765616E-05,4.63866186,7.50058556,0.00000000,0.00000000,0.00000000,-32.0328178,3.25000000,0.00000000,0.163252233E-02,0.00000000,0.00000000,0.162986142E-02,0.163252233E-02,1.00000000,263.139343,-10.0280457,3000.00000,3000.00000,61.1450729,0.200000003,0.327090966E-02,1.00000000,0.00000000,263.919739,1.00000000,0.00000000
2,1,usgs_seaice_bare,4,180.000000,1,F,F,0,0,T,16,24,0.500000000,28,19,1,1004.50000,0.285714298,9.81000042,2500000.00,0.567051011E-07,0.100000001,24,16,1.00000000,0.550000012,271.000000,0.00000000,0.00000000,0.00000000,0.200000003,0.200000003,222.000000,90.0000000,0.800000038E-02,0.700000022E-02,7.00000000,0.550000012,60.0000000,98000.0000,263.500000,0.139999995E-02,0.00000000,1.17999995,0.00000000,0.00000000,0.00000000,0.00000000,0.750000000,0.550000012,0.980000019,0.999999978E-02,1.00000000,0.00000000,0.00000000,0.109999999E-01,263.000000,0.00000000,0.00000000,0.00000000,7.50000000,2.00000000,1.00000000,4.00000000,0.00000000,3.25000000,0.250000000,0.00000000,-1.00000000,0.00000000,0.00000000,0.00000000,1.00000000,-999.000000,0.00000000,0.00000000,0.00000000,0.00000000,0.00000000,0.500000000,1.00000000,0.00000000,265.000000,1.00000000,0.00000000,0.199695528,0.326593011E-02,0.343535282E-02,0.00000000,0.750000000,0.551249206,0.980000019,0.999999978E-02,1.00000000,0.589869171E-02,0.109999999E-01,0.109999999E-01,263.041748,-3.22255754,0.162765616E-05,4.63866186,7.50058556,0.00000000,0.00000000,0.00000000,-32.0328178,3.25000000,0.00000000,0.163252233E-02,0.00000000,0.00000000,0.162986142E-02,0.163252233E-02,1.00000000,263.139343,-10.0280457,3000.00000,3000.00000,61.1450729,0.200000003,0.327090966E-02,1.00000000,0.00000000,264.979706,1.00000000,0.00000000
2,1,usgs_seaice_bare,5,180.000000,1,F,F,0,0,T,16,24,0.500000000,28,19,1,1004.50000,0.285714298,9.81000042,2500000.00,0.567051011E-07,0.300000012,24,16,1.00000000,0.550000012,271.000000,0.00000000,0.00000000,0.00000000,0.200000003,0.200000003,222.000000,90.0000000,0.800000038E-02,0.700000022E-02,7.00000000,0.550000012,60.0000000,98000.0000,263.500000,0.139999995E-02,0.00000000,1.17999995,0.00000000,0.00000000,0.00000000,0.00000000,0.750000000,0.550000012,0.980000019,0.999999978E-02,1.00000000,0.00000000,0.00000000,0.109999999E-01,263.000000,0.00000000,0.00000000,0.00000000,7.50000000,2.00000000,1.00000000,4.00000000,0.00000000,3.25000000,0.250000000,0.00000000,-1.00000000,0.00000000,0.00000000,0.00000000,1.00000000,-999.000000,0.00000000,0.00000000,0.00000000,0.00000000,0.00000000,0.500000000,1.00000000,0.00000000,266.000000,1.00000000,0.00000000,0.199695528,0.326593011E-02,0.343535282E-02,0.00000000,0.750000000,0.551249206,0.980000019,0.999999978E-02,1.00000000,0.589869171E-02,0.109999999E-01,0.109999999E-01,263.041748,-3.22255754,0.162765616E-05,4.63866186,7.50058556,0.00000000,0.00000000,0.00000000,-32.0328178,3.25000000,0.00000000,0.163252233E-02,0.00000000,0.00000000,0.162986142E-02,0.163252233E-02,1.00000000,263.139343,-10.0280457,3000.00000,3000.00000,61.1450729,0.200000003,0.327090966E-02,1.00000000,0.00000000,265.998474,1.00000000,0.00000000
2,1,usgs_seaice_bare,6,180.000000,1,F,F,0,0,T,16,24,0.500000000,28,19,1,1004.50000,0.285714298,9.81000042,2500000.00,0.567051011E-07,0.600000024,24,16,1.00000000,0.550000012,271.000000,0.00000000,0.00000000,0.00000000,0.200000003,0.200000003,222.000000,90.0000000,0.800000038E-02,0.700000022E-02,7.00000000,0.550000012,60.0000000,98000.0000,263.500000,0.139999995E-02,0.00000000,1.17999995,0.00000000,0.00000000,0.00000000,0.00000000,0.750000000,0.550000012,0.980000019,0.999999978E-02,1.00000000,0.00000000,0.00000000,0.109999999E-01,263.000000,0.00000000,0.00000000,0.00000000,7.50000000,2.00000000,1.00000000,4.00000000,0.00000000,3.25000000,0.250000000,0.00000000,-1.00000000,0.00000000,0.00000000,0.00000000,1.00000000,-999.000000,0.00000000,0.00000000,0.00000000,0.00000000,0.00000000,0.500000000,1.00000000,0.00000000,267.000000,1.00000000,0.00000000,0.199695528,0.326593011E-02,0.343535282E-02,0.00000000,0.750000000,0.551249206,0.980000019,0.999999978E-02,1.00000000,0.589869171E-02,0.109999999E-01,0.109999999E-01,263.041748,-3.22255754,0.162765616E-05,4.63866186,7.50058556,0.00000000,0.00000000,0.00000000,-32.0328178,3.25000000,0.00000000,0.163252233E-02,0.00000000,0.00000000,0.162986142E-02,0.163252233E-02,1.00000000,263.139343,-10.0280457,3000.00000,3000.00000,61.1450729,0.200000003,0.327090966E-02,1.00000000,0.00000000,266.999451,1.00000000,0.00000000
2,1,usgs_seaice_bare,7,180.000000,1,F,F,0,0,T,16,24,0.500000000,28,19,1,1004.50000,0.285714298,9.81000042,2500000.00,0.567051011E-07,1.00000000,24,16,1.00000000,0.550000012,271.000000,0.00000000,0.00000000,0.00000000,0.200000003,0.200000003,222.000000,90.0000000,0.800000038E-02,0.700000022E-02,7.00000000,0.550000012,60.0000000,98000.0000,263.500000,0.139999995E-02,0.00000000,1.17999995,0.00000000,0.00000000,0.00000000,0.00000000,0.750000000,0.550000012,0.980000019,0.999999978E-02,1.00000000,0.00000000,0.00000000,0.109999999E-01,263.000000,0.00000000,0.00000000,0.00000000,7.50000000,2.00000000,1.00000000,4.00000000,0.00000000,3.25000000,0.250000000,0.00000000,-1.00000000,0.00000000,0.00000000,0.00000000,1.00000000,-999.000000,0.00000000,0.00000000,0.00000000,0.00000000,0.00000000,0.500000000,1.00000000,0.00000000,268.000000,1.00000000,0.00000000,0.199695528,0.326593011E-02,0.343535282E-02,0.00000000,0.750000000,0.551249206,0.980000019,0.999999978E-02,1.00000000,0.589869171E-02,0.109999999E-01,0.109999999E-01,263.041748,-3.22255754,0.162765616E-05,4.63866186,7.50058556,0.00000000,0.00000000,0.00000000,-32.0328178,3.25000000,0.00000000,0.163252233E-02,0.00000000,0.00000000,0.162986142E-02,0.163252233E-02,1.00000000,263.139343,-10.0280457,3000.00000,3000.00000,61.1450729,0.200000003,0.327090966E-02,1.00000000,0.00000000,267.999664,1.00000000,0.00000000
2,1,usgs_seaice_bare,8,180.000000,1,F,F,0,0,T,16,24,0.500000000,28,19,1,1004.50000,0.285714298,9.81000042,2500000.00,0.567051011E-07,1.60000002,24,16,1.00000000,0.550000012,271.000000,0.00000000,0.00000000,0.00000000,0.200000003,0.200000003,222.000000,90.0000000,0.800000038E-02,0.700000022E-02,7.00000000,0.550000012,60.0000000,98000.0000,263.500000,0.139999995E-02,0.00000000,1.17999995,0.00000000,0.00000000,0.00000000,0.00000000,0.750000000,0.550000012,0.980000019,0.999999978E-02,1.00000000,0.00000000,0.00000000,0.109999999E-01,263.000000,0.00000000,0.00000000,0.00000000,7.50000000,2.00000000,1.00000000,4.00000000,0.00000000,3.25000000,0.250000000,0.00000000,-1.00000000,0.00000000,0.00000000,0.00000000,1.00000000,-999.000000,0.00000000,0.00000000,0.00000000,0.00000000,0.00000000,0.500000000,1.00000000,0.00000000,269.000000,1.00000000,0.00000000,0.199695528,0.326593011E-02,0.343535282E-02,0.00000000,0.750000000,0.551249206,0.980000019,0.999999978E-02,1.00000000,0.589869171E-02,0.109999999E-01,0.109999999E-01,263.041748,-3.22255754,0.162765616E-05,4.63866186,7.50058556,0.00000000,0.00000000,0.00000000,-32.0328178,3.25000000,0.00000000,0.163252233E-02,0.00000000,0.00000000,0.162986142E-02,0.163252233E-02,1.00000000,263.139343,-10.0280457,3000.00000,3000.00000,61.1450729,0.200000003,0.327090966E-02,1.00000000,0.00000000,268.999786,1.00000000,0.00000000
2,1,usgs_seaice_bare,9,180.000000,1,F,F,0,0,T,16,24,0.500000000,28,19,1,1004.50000,0.285714298,9.81000042,2500000.00,0.567051011E-07,3.00000000,24,16,1.00000000,0.550000012,271.000000,0.00000000,0.00000000,0.00000000,0.200000003,0.200000003,222.000000,90.0000000,0.800000038E-02,0.700000022E-02,7.00000000,0.550000012,60.0000000,98000.0000,263.500000,0.139999995E-02,0.00000000,1.17999995,0.00000000,0.00000000,0.00000000,0.00000000,0.750000000,0.550000012,0.980000019,0.999999978E-02,1.00000000,0.00000000,0.00000000,0.109999999E-01,263.000000,0.00000000,0.00000000,0.00000000,7.50000000,2.00000000,1.00000000,4.00000000,0.00000000,3.25000000,0.250000000,0.00000000,-1.00000000,0.00000000,0.00000000,0.00000000,1.00000000,-999.000000,0.00000000,0.00000000,0.00000000,0.00000000,0.00000000,0.500000000,1.00000000,0.00000000,270.000000,1.00000000,0.00000000,0.199695528,0.326593011E-02,0.343535282E-02,0.00000000,0.750000000,0.551249206,0.980000019,0.999999978E-02,1.00000000,0.589869171E-02,0.109999999E-01,0.109999999E-01,263.041748,-3.22255754,0.162765616E-05,4.63866186,7.50058556,0.00000000,0.00000000,0.00000000,-32.0328178,3.25000000,0.00000000,0.163252233E-02,0.00000000,0.00000000,0.162986142E-02,0.163252233E-02,1.00000000,263.139343,-10.0280457,3000.00000,3000.00000,61.1450729,0.200000003,0.327090966E-02,1.00000000,0.00000000,271.000000,1.00000000,0.00000000
2,1,usgs_desert,1,180.000000,1,F,F,0,0,T,16,24,0.500000000,28,19,1,1004.50000,0.285714298,9.81000042,2500000.00,0.567051011E-07,0.00000000,19,1,1.00000000,0.00000000,293.000000,0.00000000,6.00000000,3.00000000,0.00000000,0.200000003,358.000000,600.000000,0.189999994E-01,0.179999992E-01,18.0000000,0.250000000,60.0000000,98000.0000,302.000000,0.300000003E-02,0.00000000,1.17999995,0.00000000,0.00000000,0.00000000,0.00000000,0.750000000,0.250000000,0.879999995,0.750000000,0.133720934,0.00000000,0.00000000,0.500000007E-01,303.000000,0.00000000,0.00000000,0.00000000,7.50000000,2.00000000,1.00000000,4.00000000,0.00000000,3.25000000,0.250000000,0.549999997E-02,0.499999987E-04,0.00000000,0.00000000,0.00000000,1.00000000,303.000000,0.00000000,0.00000000,0.00000000,0.00000000,0.00000000,0.500000000,0.250000004E-01,0.250000004E-01,302.000000,0.00000000,0.00000000,0.00000000,0.00000000,0.00000000,0.00000000,0.750000000,0.250000000,0.850000024,0.750000000,0.130436495,0.151477298E-01,0.500000007E-01,0.500000007E-01,304.070435,37.3893471,0.162165743E-04,40.5414352,7.50583839,0.00000000,0.00000000,0.00000000,-63.5177879,3.25000000,0.00000000,0.639785640E-02,0.00000000,0.00000000,0.635718415E-02,0.284100566E-01,1.00000000,303.000000,29.3500061,93.8471527,1185.00000,-1000.00000,0.00000000,0.00000000,0.244350750E-01,0.244350750E-01,304.070435,0.255555548E-01,0.00000000
2,1,usgs_desert,2,180.000000,1,F,F,0,0,T,16,24,0.500000000,28,19,1,1004.50000,0.285714298,9.81000042,2500000.00,0.567051011E-07,0.999999978E-02,19,1,1.00000000,0.00000000,293.000000,0.00000000,6.00000000,3.00000000,0.00000000,0.200000003,358.000000,600.000000,0.189999994E-01,0.179999992E-01,18.0000000,0.250000000,60.0000000,98000.0000,302.000000,0.300000003E-02,0.00000000,1.17999995,0.00000000,0.00000000,0.00000000,0.00000000,0.750000000,0.250000000,0.879999995,0.750000000,0.133720934,0.00000000,0.00000000,0.500000007E-01,303.000000,0.00000000,0.00000000,0.00000000,7.50000000,2.00000000,1.00000000,4.00000000,0.00000000,3.25000000,0.250000000,0.549999997E-02,0.499999987E-04,0.00000000,0.00000000,0.00000000,1.00000000,303.000000,0.00000000,0.00000000,0.00000000,0.00000000,0.00000000,0.500000000,0.260000005E-01,0.260000005E-01,301.299988,0.00000000,0.00000000,0.00000000,0.00000000,0.00000000,0.00000000,0.750000000,0.250000000,0.850000024,0.750000000,0.130436495,0.151477298E-01,0.500000007E-01,0.500000007E-01,304.070435,37.3893471,0.162165743E-04,40.5414352,7.50583839,0.00000000,0.00000000,0.00000000,-63.5177879,3.25000000,0.00000000,0.639785640E-02,0.00000000,0.00000000,0.635718415E-02,0.284100566E-01,1.00000000,303.000000,29.3500061,93.8471527,1185.00000,-1000.00000,0.00000000,0.00000000,0.259997603E-01,0.259997603E-01,301.603119,0.266666654E-01,0.00000000
2,1,usgs_desert,3,180.000000,1,F,F,0,0,T,16,24,0.500000000,28,19,1,1004.50000,0.285714298,9.81000042,2500000.00,0.567051011E-07,0.399999991E-01,19,1,1.00000000,0.00000000,293.000000,0.00000000,6.00000000,3.00000000,0.00000000,0.200000003,358.000000,600.000000,0.189999994E-01,0.179999992E-01,18.0000000,0.250000000,60.0000000,98000.0000,302.000000,0.300000003E-02,0.00000000,1.17999995,0.00000000,0.00000000,0.00000000,0.00000000,0.750000000,0.250000000,0.879999995,0.750000000,0.133720934,0.00000000,0.00000000,0.500000007E-01,303.000000,0.00000000,0.00000000,0.00000000,7.50000000,2.00000000,1.00000000,4.00000000,0.00000000,3.25000000,0.250000000,0.549999997E-02,0.499999987E-04,0.00000000,0.00000000,0.00000000,1.00000000,303.000000,0.00000000,0.00000000,0.00000000,0.00000000,0.00000000,0.500000000,0.270000007E-01,0.270000007E-01,300.600006,0.00000000,0.00000000,0.00000000,0.00000000,0.00000000,0.00000000,0.750000000,0.250000000,0.850000024,0.750000000,0.130436495,0.151477298E-01,0.500000007E-01,0.500000007E-01,304.070435,37.3893471,0.162165743E-04,40.5414352,7.50583839,0.00000000,0.00000000,0.00000000,-63.5177879,3.25000000,0.00000000,0.639785640E-02,0.00000000,0.00000000,0.635718415E-02,0.284100566E-01,1.00000000,303.000000,29.3500061,93.8471527,1185.00000,-1000.00000,0.00000000,0.00000000,0.269998945E-01,0.269998945E-01,300.616882,0.277777780E-01,0.00000000
2,1,usgs_desert,4,180.000000,1,F,F,0,0,T,16,24,0.500000000,28,19,1,1004.50000,0.285714298,9.81000042,2500000.00,0.567051011E-07,0.100000001,19,1,1.00000000,0.00000000,293.000000,0.00000000,6.00000000,3.00000000,0.00000000,0.200000003,358.000000,600.000000,0.189999994E-01,0.179999992E-01,18.0000000,0.250000000,60.0000000,98000.0000,302.000000,0.300000003E-02,0.00000000,1.17999995,0.00000000,0.00000000,0.00000000,0.00000000,0.750000000,0.250000000,0.879999995,0.750000000,0.133720934,0.00000000,0.00000000,0.500000007E-01,303.000000,0.00000000,0.00000000,0.00000000,7.50000000,2.00000000,1.00000000,4.00000000,0.00000000,3.25000000,0.250000000,0.549999997E-02,0.499999987E-04,0.00000000,0.00000000,0.00000000,1.00000000,303.000000,0.00000000,0.00000000,0.00000000,0.00000000,0.00000000,0.500000000,0.280000009E-01,0.280000009E-01,299.899994,0.00000000,0.00000000,0.00000000,0.00000000,0.00000000,0.00000000,0.750000000,0.250000000,0.850000024,0.750000000,0.130436495,0.151477298E-01,0.500000007E-01,0.500000007E-01,304.070435,37.3893471,0.162165743E-04,40.5414352,7.50583839,0.00000000,0.00000000,0.00000000,-63.5177879,3.25000000,0.00000000,0.639785640E-02,0.00000000,0.00000000,0.635718415E-02,0.284100566E-01,1.00000000,303.000000,29.3500061,93.8471527,1185.00000,-1000.00000,0.00000000,0.00000000,0.279999636E-01,0.279999636E-01,299.902954,0.288888887E-01,0.00000000
2,1,usgs_desert,5,180.000000,1,F,F,0,0,T,16,24,0.500000000,28,19,1,1004.50000,0.285714298,9.81000042,2500000.00,0.567051011E-07,0.300000012,19,1,1.00000000,0.00000000,293.000000,0.00000000,6.00000000,3.00000000,0.00000000,0.200000003,358.000000,600.000000,0.189999994E-01,0.179999992E-01,18.0000000,0.250000000,60.0000000,98000.0000,302.000000,0.300000003E-02,0.00000000,1.17999995,0.00000000,0.00000000,0.00000000,0.00000000,0.750000000,0.250000000,0.879999995,0.750000000,0.133720934,0.00000000,0.00000000,0.500000007E-01,303.000000,0.00000000,0.00000000,0.00000000,7.50000000,2.00000000,1.00000000,4.00000000,0.00000000,3.25000000,0.250000000,0.549999997E-02,0.499999987E-04,0.00000000,0.00000000,0.00000000,1.00000000,303.000000,0.00000000,0.00000000,0.00000000,0.00000000,0.00000000,0.500000000,0.290000010E-01,0.290000010E-01,299.200012,0.00000000,0.00000000,0.00000000,0.00000000,0.00000000,0.00000000,0.750000000,0.250000000,0.850000024,0.750000000,0.130436495,0.151477298E-01,0.500000007E-01,0.500000007E-01,304.070435,37.3893471,0.162165743E-04,40.5414352,7.50583839,0.00000000,0.00000000,0.00000000,-63.5177879,3.25000000,0.00000000,0.639785640E-02,0.00000000,0.00000000,0.635718415E-02,0.284100566E-01,1.00000000,303.000000,29.3500061,93.8471527,1185.00000,-1000.00000,0.00000000,0.00000000,0.289999824E-01,0.289999824E-01,299.200287,0.299999993E-01,0.00000000
2,1,usgs_desert,6,180.000000,1,F,F,0,0,T,16,24,0.500000000,28,19,1,1004.50000,0.285714298,9.81000042,2500000.00,0.567051011E-07,0.600000024,19,1,1.00000000,0.00000000,293.000000,0.00000000,6.00000000,3.00000000,0.00000000,0.200000003,358.000000,600.000000,0.189999994E-01,0.179999992E-01,18.0000000,0.250000000,60.0000000,98000.0000,302.000000,0.300000003E-02,0.00000000,1.17999995,0.00000000,0.00000000,0.00000000,0.00000000,0.750000000,0.250000000,0.879999995,0.750000000,0.133720934,0.00000000,0.00000000,0.500000007E-01,303.000000,0.00000000,0.00000000,0.00000000,7.50000000,2.00000000,1.00000000,4.00000000,0.00000000,3.25000000,0.250000000,0.549999997E-02,0.499999987E-04,0.00000000,0.00000000,0.00000000,1.00000000,303.000000,0.00000000,0.00000000,0.00000000,0.00000000,0.00000000,0.500000000,0.300000012E-01,0.300000012E-01,298.500000,0.00000000,0.00000000,0.00000000,0.00000000,0.00000000,0.00000000,0.750000000,0.250000000,0.850000024,0.750000000,0.130436495,0.151477298E-01,0.500000007E-01,0.500000007E-01,304.070435,37.3893471,0.162165743E-04,40.5414352,7.50583839,0.00000000,0.00000000,0.00000000,-63.5177879,3.25000000,0.00000000,0.639785640E-02,0.00000000,0.00000000,0.635718415E-02,0.284100566E-01,1.00000000,303.000000,29.3500061,93.8471527,1185.00000,-1000.00000,0.00000000,0.00000000,0.299999919E-01,0.299999919E-01,298.500031,0.311111100E-01,0.00000000
2,1,usgs_desert,7,180.000000,1,F,F,0,0,T,16,24,0.500000000,28,19,1,1004.50000,0.285714298,9.81000042,2500000.00,0.567051011E-07,1.00000000,19,1,1.00000000,0.00000000,293.000000,0.00000000,6.00000000,3.00000000,0.00000000,0.200000003,358.000000,600.000000,0.189999994E-01,0.179999992E-01,18.0000000,0.250000000,60.0000000,98000.0000,302.000000,0.300000003E-02,0.00000000,1.17999995,0.00000000,0.00000000,0.00000000,0.00000000,0.750000000,0.250000000,0.879999995,0.750000000,0.133720934,0.00000000,0.00000000,0.500000007E-01,303.000000,0.00000000,0.00000000,0.00000000,7.50000000,2.00000000,1.00000000,4.00000000,0.00000000,3.25000000,0.250000000,0.549999997E-02,0.499999987E-04,0.00000000,0.00000000,0.00000000,1.00000000,303.000000,0.00000000,0.00000000,0.00000000,0.00000000,0.00000000,0.500000000,0.309999995E-01,0.309999995E-01,297.799988,0.00000000,0.00000000,0.00000000,0.00000000,0.00000000,0.00000000,0.750000000,0.250000000,0.850000024,0.750000000,0.130436495,0.151477298E-01,0.500000007E-01,0.500000007E-01,304.070435,37.3893471,0.162165743E-04,40.5414352,7.50583839,0.00000000,0.00000000,0.00000000,-63.5177879,3.25000000,0.00000000,0.639785640E-02,0.00000000,0.00000000,0.635718415E-02,0.284100566E-01,1.00000000,303.000000,29.3500061,93.8471527,1185.00000,-1000.00000,0.00000000,0.00000000,0.309999995E-01,0.309999995E-01,297.800079,0.322222188E-01,0.00000000
2,1,usgs_desert,8,180.000000,1,F,F,0,0,T,16,24,0.500000000,28,19,1,1004.50000,0.285714298,9.81000042,2500000.00,0.567051011E-07,1.60000002,19,1,1.00000000,0.00000000,293.000000,0.00000000,6.00000000,3.00000000,0.00000000,0.200000003,358.000000,600.000000,0.189999994E-01,0.179999992E-01,18.0000000,0.250000000,60.0000000,98000.0000,302.000000,0.300000003E-02,0.00000000,1.17999995,0.00000000,0.00000000,0.00000000,0.00000000,0.750000000,0.250000000,0.879999995,0.750000000,0.133720934,0.00000000,0.00000000,0.500000007E-01,303.000000,0.00000000,0.00000000,0.00000000,7.50000000,2.00000000,1.00000000,4.00000000,0.00000000,3.25000000,0.250000000,0.549999997E-02,0.499999987E-04,0.00000000,0.00000000,0.00000000,1.00000000,303.000000,0.00000000,0.00000000,0.00000000,0.00000000,0.00000000,0.500000000,0.320000015E-01,0.320000015E-01,297.100006,0.00000000,0.00000000,0.00000000,0.00000000,0.00000000,0.00000000,0.750000000,0.250000000,0.850000024,0.750000000,0.130436495,0.151477298E-01,0.500000007E-01,0.500000007E-01,304.070435,37.3893471,0.162165743E-04,40.5414352,7.50583839,0.00000000,0.00000000,0.00000000,-63.5177879,3.25000000,0.00000000,0.639785640E-02,0.00000000,0.00000000,0.635718415E-02,0.284100566E-01,1.00000000,303.000000,29.3500061,93.8471527,1185.00000,-1000.00000,0.00000000,0.00000000,0.320000015E-01,0.320000015E-01,297.100067,0.333333351E-01,0.00000000
2,1,usgs_desert,9,180.000000,1,F,F,0,0,T,16,24,0.500000000,28,19,1,1004.50000,0.285714298,9.81000042,2500000.00,0.567051011E-07,3.00000000,19,1,1.00000000,0.00000000,293.000000,0.00000000,6.00000000,3.00000000,0.00000000,0.200000003,358.000000,600.000000,0.189999994E-01,0.179999992E-01,18.0000000,0.250000000,60.0000000,98000.0000,302.000000,0.300000003E-02,0.00000000,1.17999995,0.00000000,0.00000000,0.00000000,0.00000000,0.750000000,0.250000000,0.879999995,0.750000000,0.133720934,0.00000000,0.00000000,0.500000007E-01,303.000000,0.00000000,0.00000000,0.00000000,7.50000000,2.00000000,1.00000000,4.00000000,0.00000000,3.25000000,0.250000000,0.549999997E-02,0.499999987E-04,0.00000000,0.00000000,0.00000000,1.00000000,303.000000,0.00000000,0.00000000,0.00000000,0.00000000,0.00000000,0.500000000,0.329999998E-01,0.329999998E-01,296.399994,0.00000000,0.00000000,0.00000000,0.00000000,0.00000000,0.00000000,0.750000000,0.250000000,0.850000024,0.750000000,0.130436495,0.151477298E-01,0.500000007E-01,0.500000007E-01,304.070435,37.3893471,0.162165743E-04,40.5414352,7.50583839,0.00000000,0.00000000,0.00000000,-63.5177879,3.25000000,0.00000000,0.639785640E-02,0.00000000,0.00000000,0.635718415E-02,0.284100566E-01,1.00000000,303.000000,29.3500061,93.8471527,1185.00000,-1000.00000,0.00000000,0.00000000,0.329999998E-01,0.329999998E-01,293.000000,0.344444439E-01,0.00000000
2,1,usgs_urban_thin_snow,1,180.000000,1,F,F,0,0,T,16,24,0.500000000,28,19,1,1004.50000,0.285714298,9.81000042,2500000.00,0.567051011E-07,0.00000000,1,6,1.00000000,0.00000000,282.000000,5.00000000,45.0000000,15.0000000,0.250000000,0.200000003,268.000000,175.000000,0.999999978E-02,0.899999961E-02,9.00000000,0.180000007,60.0000000,98000.0000,271.000000,0.219999999E-02,0.199999995E-04,1.17999995,4.00000000,0.149999997E-01,0.349999994,0.299999993E-01,0.400000006,0.180000007,0.879999995,1.00000000,0.719696939,0.00000000,0.00000000,0.500000000,271.500000,0.00000000,0.00000000,0.00000000,7.50000000,2.00000000,1.00000000,4.00000000,0.00000000,3.25000000,0.250000000,0.240000011E-02,0.199999995E-03,0.00000000,0.00000000,0.00000000,1.00000000,165.000000,0.00000000,0.00000000,0.00000000,0.00000000,0.00000000,0.500000000,0.239999995,0.156333268,272.000000,0.929630250E-01,0.00000000,4.24398232,0.165782534E-01,0.132614344,0.336014517E-01,0.400000006,0.400000006,0.980000019,1.00000000,0.757354617,0.757894479E-02,0.500000000,0.500000000,270.968140,-0.287871093,0.116715037E-04,33.0887146,7.50420189,0.00000000,0.00000000,0.00000000,48.2490425,3.25000000,0.00000000,0.323449192E-02,0.00000000,0.00000000,0.322406366E-02,0.323449192E-02,1.00000000,272.200317,-1.56576538,776.548767,1353.00000,85.2810745,0.250000000,0.293148286E-02,0.240147755,0.162006289,272.200317,0.929630250E-01,1.00000000
2,1,usgs_urban_thin_snow,2,180.000000,1,F,F,0,0,T,16,24,0.500000000,28,19,1,1004.50000,0.285714298,9.81000042,2500000.00,0.567051011E-07,0.999999978E-02,1,6,1.00000000,0.00000000,282.000000,5.00000000,45.0000000,15.0000000,0.250000000,0.200000003,268.000000,175.000000,0.999999978E-02,0.899999961E-02,9.00000000,0.180000007,60.0000000,98000.0000,271.000000,0.219999999E-02,0.199999995E-04,1.17999995,4.00000000,0.149999997E-01,0.349999994,0.299999993E-01,0.400000006,0.180000007,0.879999995,1.00000000,0.719696939,0.00000000,0.00000000,0.500000000,271.500000,0.00000000,0.00000000,0.00000000,7.50000000,2.00000000,1.00000000,4.00000000,0.00000000,3.25000000,0.250000000,0.240000011E-02,0.199999995E-03,0.00000000,0.00000000,0.00000000,1.00000000,165.000000,0.00000000,0.00000000,0.00000000,0.00000000,0.00000000,0.500000000,0.243000001,0.207624108,272.899994,0.393065475E-01,0.00000000,4.24398232,0.165782534E-01,0.132614344,0.336014517E-01,0.400000006,0.400000006,0.980000019,1.00000000,0.757354617,0.757894479E-02,0.500000000,0.500000000,270.968140,-0.287871093,0.116715037E-04,33.0887146,7.50420189,0.00000000,0.00000000,0.00000000,48.2490425,3.25000000,0.00000000,0.323449192E-02,0.00000000,0.00000000,0.322406366E-02,0.323449192E-02,1.00000000,272.200317,-1.56576538,776.548767,1353.00000,85.2810745,0.250000000,0.293148286E-02,0.243084326,0.215064764,272.943176,0.393065475E-01,1.00000000
2,1,usgs_urban_thin_snow,3,180.000000,1,F,F,0,0,T,16,24,0.500000000,28,19,1,1004.50000,0.285714298,9.81000042,2500000.00,0.567051011E-07,0.399999991E-01,1,6,1.00000000,0.00000000,282.000000,5.00000000,45.0000000,15.0000000,0.250000000,0.200000003,268.000000,175.000000,0.999999978E-02,0.899999961E-02,9.00000000,0.180000007,60.0000000,98000.0000,271.000000,0.219999999E-02,0.199999995E-04,1.17999995,4.00000000,0.149999997E-01,0.349999994,0.299999993E-01,0.400000006,0.180000007,0.879999995,1.00000000,0.719696939,0.00000000,0.00000000,0.500000000,271.500000,0.00000000,0.00000000,0.00000000,7.50000000,2.00000000,1.00000000,4.00000000,0.00000000,3.25000000,0.250000000,0.240000011E-02,0.199999995E-03,0.00000000,0.00000000,0.00000000,1.00000000,165.000000,0.00000000,0.00000000,0.00000000,0.00000000,0.00000000,0.500000000,0.245999992,0.245999992,273.799988,0.00000000,0.00000000,4.24398232,0.165782534E-01,0.132614344,0.336014517E-01,0.400000006,0.400000006,0.980000019,1.00000000,0.757354617,0.757894479E-02,0.500000000,0.500000000,270.968140,-0.287871093,0.116715037E-04,33.0887146,7.50420189,0.00000000,0.00000000,0.00000000,48.2490425,3.25000000,0.00000000,0.323449192E-02,0.00000000,0.00000000,0.322406366E-02,0.323449192E-02,1.00000000,272.200317,-1.56576538,776.548767,1353.00000,85.2810745,0.250000000,0.293148286E-02,0.245965496,0.245965496,273.762512,0.217777759,0.00000000
2,1,usgs_urban_thin_snow,4,180.000000,1,F,F,0,0,T,16,24,0.500000000,28,19,1,1004.50000,0.285714298,9.81000042,2500000.00,0.567051011E-07,0.100000001,1,6,1.00000000,0.00000000,282.000000,5.00000000,45.0000000,15.0000000,0.250000000,0.200000003,268.000000,175.000000,0.999999978E-02,0.899999961E-02,9.00000000,0.180000007,60.0000000,98000.0000,271.000000,0.219999999E-02,0.199999995E-04,1.17999995,4.00000000,0.149999997E-01,0.349999994,0.299999993E-01,0.400000006,0.180000007,0.879999995,1.00000000,0.719696939,0.00000000,0.00000000,0.500000000,271.500000,0.00000000,0.00000000,0.00000000,7.50000000,2.00000000,1.00000000,4.00000000,0.00000000,3.25000000,0.250000000,0.240000011E-02,0.199999995E-03,0.00000000,0.00000000,0.00000000,1.00000000,165.000000,0.00000000,0.00000000,0.00000000,0.00000000,0.00000000,0.500000000,0.248999998,0.248999998,274.700012,0.00000000,0.00000000,4.24398232,0.165782534E-01,0.132614344,0.336014517E-01,0.400000006,0.400000006,0.980000019,1.00000000,0.757354617,0.757894479E-02,0.500000000,0.500000000,270.968140,-0.287871093,0.116715037E-04,33.0887146,7.50420189,0.00000000,0.00000000,0.00000000,48.2490425,3.25000000,0.00000000,0.323449192E-02,0.00000000,0.00000000,0.322406366E-02,0.323449192E-02,1.00000000,272.200317,-1.56576538,776.548767,1353.00000,85.2810745,0.250000000,0.293148286E-02,0.248988762,0.248988762,274.689697,0.221111104,0.00000000
2,1,usgs_urban_thin_snow,5,180.000000,1,F,F,0,0,T,16,24,0.500000000,28,19,1,1004.50000,0.285714298,9.81000042,2500000.00,0.567051011E-07,0.300000012,1,6,1.00000000,0.00000000,282.000000,5.00000000,45.0000000,15.0000000,0.250000000,0.200000003,268.000000,175.000000,0.999999978E-02,0.899999961E-02,9.00000000,0.180000007,60.0000000,98000.0000,271.000000,0.219999999E-02,0.199999995E-04,1.17999995,4.00000000,0.149999997E-01,0.349999994,0.299999993E-01,0.400000006,0.180000007,0.879999995,1.00000000,0.719696939,0.00000000,0.00000000,0.500000000,271.500000,0.00000000,0.00000000,0.00000000,7.50000000,2.00000000,1.00000000,4.00000000,0.00000000,3.25000000,0.250000000,0.240000011E-02,0.199999995E-03,0.00000000,0.00000000,0.00000000,1.00000000,165.000000,0.00000000,0.00000000,0.00000000,0.00000000,0.00000000,0.500000000,0.252000004,0.252000004,275.600006,0.00000000,0.00000000,4.24398232,0.165782534E-01,0.132614344,0.336014517E-01,0.400000006,0.400000006,0.980000019,1.00000000,0.757354617,0.757894479E-02,0.500000000,0.500000000,270.968140,-0.287871093,0.116715037E-04,33.0887146,7.50420189,0.00000000,0.00000000,0.00000000,48.2490425,3.25000000,0.00000000,0.323449192E-02,0.00000000,0.00000000,0.322406366E-02,0.323449192E-02,1.00000000,272.200317,-1.56576538,776.548767,1353.00000,85.2810745,0.250000000,0.293148286E-02,0.251999140,0.251999140,275.599274,0.224444449,0.00000000
2,1,usgs_urban_thin_snow,6,180.000000,1,F,F,0,0,T,16,24,0.500000000,28,19,1,1004.50000,0.285714298,9.81000042,2500000.00,0.567051011E-07,0.600000024,1,6,1.00000000,0.00000000,282.000000,5.00000000,45.0000000,15.0000000,0.250000000,0.200000003,268.000000,175.000000,0.999999978E-02,0.899999961E-02,9.00000000,0.180000007,60.0000000,98000.0000,271.000000,0.219999999E-02,0.199999995E-04,1.17999995,4.00000000,0.149999997E-01,0.349999994,0.299999993E-01,0.400000006,0.180000007,0.879999995,1.00000000,0.719696939,0.00000000,0.00000000,0.500000000,271.500000,0.00000000,0.00000000,0.00000000,7.50000000,2.00000000,1.00000000,4.00000000,0.00000000,3.25000000,0.250000000,0.240000011E-02,0.199999995E-03,0.00000000,0.00000000,0.00000000,1.00000000,165.000000,0.00000000,0.00000000,0.00000000,0.00000000,0.00000000,0.500000000,0.254999995,0.254999995,276.500000,0.00000000,0.00000000,4.24398232,0.165782534E-01,0.132614344,0.336014517E-01,0.400000006,0.400000006,0.980000019,1.00000000,0.757354617,0.757894479E-02,0.500000000,0.500000000,270.968140,-0.287871093,0.116715037E-04,33.0887146,7.50420189,0.00000000,0.00000000,0.00000000,48.2490425,3.25000000,0.00000000,0.323449192E-02,0.00000000,0.00000000,0.322406366E-02,0.323449192E-02,1.00000000,272.200317,-1.56576538,776.548767,1353.00000,85.2810745,0.250000000,0.293148286E-02,0.254999638,0.254999638,276.499725,0.227777764,0.00000000
2,1,usgs_urban_thin_snow,7,180.000000,1,F,F,0,0,T,16,24,0.500000000,28,19,1,1004.50000,0.285714298,9.81000042,2500000.00,0.567051011E-07,1.00000000,1,6,1.00000000,0.00000000,282.000000,5.00000000,45.0000000,15.0000000,0.250000000,0.200000003,268.000000,175.000000,0.999999978E-02,0.899999961E-02,9.00000000,0.180000007,60.0000000,98000.0000,271.000000,0.219999999E-02,0.199999995E-04,1.17999995,4.00000000,0.149999997E-01,0.349999994,0.299999993E-01,0.400000006,0.180000007,0.879999995,1.00000000,0.719696939,0.00000000,0.00000000,0.500000000,271.500000,0.00000000,0.00000000,0.00000000,7.50000000,2.00000000,1.00000000,4.00000000,0.00000000,3.25000000,0.250000000,0.240000011E-02,0.199999995E-03,0.00000000,0.00000000,0.00000000,1.00000000,165.000000,0.00000000,0.00000000,0.00000000,0.00000000,0.00000000,0.500000000,0.257999986,0.257999986,277.399994,0.00000000,0.00000000,4.24398232,0.165782534E-01,0.132614344,0.336014517E-01,0.400000006,0.400000006,0.980000019,1.00000000,0.757354617,0.757894479E-02,0.500000000,0.500000000,270.968140,-0.287871093,0.116715037E-04,33.0887146,7.50420189,0.00000000,0.00000000,0.00000000,48.2490425,3.25000000,0.00000000,0.323449192E-02,0.00000000,0.00000000,0.322406366E-02,0.323449192E-02,1.00000000,272.200317,-1.56576538,776.548767,1353.00000,85.2810745,0.250000000,0.293148286E-02,0.257999688,0.257999688,277.399780,0.231111094,0.00000000
2,1,usgs_urban_thin_snow,8,180.000000,1,F,F,0,0,T,16,24,0.500000000,28,19,1,1004.50000,0.285714298,9.81000042,2500000.00,0.567051011E-07,1.60000002,1,6,1.00000000,0.00000000,282.000000,5.00000000,45.0000000,15.0000000,0.250000000,0.200000003,268.000000,175.000000,0.999999978E-02,0.899999961E-02,9.00000000,0.180000007,60.0000000,98000.0000,271.000000,0.219999999E-02,0.199999995E-04,1.17999995,4.00000000,0.149999997E-01,0.349999994,0.299999993E-01,0.400000006,0.180000007,0.879999995,1.00000000,0.719696939,0.00000000,0.00000000,0.500000000,271.500000,0.00000000,0.00000000,0.00000000,7.50000000,2.00000000,1.00000000,4.00000000,0.00000000,3.25000000,0.250000000,0.240000011E-02,0.199999995E-03,0.00000000,0.00000000,0.00000000,1.00000000,165.000000,0.00000000,0.00000000,0.00000000,0.00000000,0.00000000,0.500000000,0.261000007,0.261000007,278.299988,0.00000000,0.00000000,4.24398232,0.165782534E-01,0.132614344,0.336014517E-01,0.400000006,0.400000006,0.980000019,1.00000000,0.757354617,0.757894479E-02,0.500000000,0.500000000,270.968140,-0.287871093,0.116715037E-04,33.0887146,7.50420189,0.00000000,0.00000000,0.00000000,48.2490425,3.25000000,0.00000000,0.323449192E-02,0.00000000,0.00000000,0.322406366E-02,0.323449192E-02,1.00000000,272.200317,-1.56576538,776.548767,1353.00000,85.2810745,0.250000000,0.293148286E-02,0.260999799,0.260999799,278.299896,0.234444439,0.00000000
2,1,usgs_urban_thin_snow,9,180.000000,1,F,F,0,0,T,16,24,0.500000000,28,19,1,1004.50000,0.285714298,9.81000042,2500000.00,0.567051011E-07,3.00000000,1,6,1.00000000,0.00000000,282.000000,5.00000000,45.0000000,15.0000000,0.250000000,0.200000003,268.000000,175.000000,0.999999978E-02,0.899999961E-02,9.00000000,0.180000007,60.0000000,98000.0000,271.000000,0.219999999E-02,0.199999995E-04,1.17999995,4.00000000,0.149999997E-01,0.349999994,0.299999993E-01,0.400000006,0.180000007,0.879999995,1.00000000,0.719696939,0.00000000,0.00000000,0.500000000,271.500000,0.00000000,0.00000000,0.00000000,7.50000000,2.00000000,1.00000000,4.00000000,0.00000000,3.25000000,0.250000000,0.240000011E-02,0.199999995E-03,0.00000000,0.00000000,0.00000000,1.00000000,165.000000,0.00000000,0.00000000,0.00000000,0.00000000,0.00000000,0.500000000,0.263999999,0.263999999,279.200012,0.00000000,0.00000000,4.24398232,0.165782534E-01,0.132614344,0.336014517E-01,0.400000006,0.400000006,0.980000019,1.00000000,0.757354617,0.757894479E-02,0.500000000,0.500000000,270.968140,-0.287871093,0.116715037E-04,33.0887146,7.50420189,0.00000000,0.00000000,0.00000000,48.2490425,3.25000000,0.00000000,0.323449192E-02,0.00000000,0.00000000,0.322406366E-02,0.323449192E-02,1.00000000,272.200317,-1.56576538,776.548767,1353.00000,85.2810745,0.250000000,0.293148286E-02,0.263999999,0.263999999,282.000000,0.237777770,0.00000000
2,1,usgs_mixed_melt,1,180.000000,1,F,F,0,0,T,16,24,0.500000000,28,19,1,1004.50000,0.285714298,9.81000042,2500000.00,0.567051011E-07,0.00000000,15,7,1.00000000,0.00000000,282.000000,18.0000000,92.0000000,70.0000000,0.800000012,0.200000003,308.000000,320.000000,0.140000004E-01,0.130000003E-01,13.0000000,0.140000001,60.0000000,98000.0000,276.500000,0.439999998E-02,0.00000000,1.17999995,28.0000000,0.109999999,0.850000024,0.109999999,0.550000012,0.140000001,0.930000007,5.50000000,0.917748928,0.00000000,0.00000000,0.800000012,276.000000,0.00000000,0.00000000,0.00000000,7.50000000,2.00000000,1.00000000,4.00000000,0.00000000,3.25000000,0.250000000,0.460000010E-02,0.799999980E-04,0.00000000,0.00000000,0.00000000,1.00000000,277.000000,0.00000000,0.00000000,0.00000000,0.00000000,0.00000000,0.500000000,0.280000001,0.280000001,276.000000,0.00000000,0.00000000,27.9745827,0.109874740,0.874453425,0.240851760,0.550000012,0.448525906,0.974978149,5.50000000,1.00000000,0.109272087E-01,0.800000012,0.800000012,276.243805,-3.33748078,0.334576589E-05,9.48524666,7.50120449,0.128188521,0.00000000,0.128188521,0.129026935,3.25000000,0.254020635E-01,0.484451093E-02,0.00000000,0.00000000,0.482115475E-02,0.484451093E-02,1.00000000,276.297363,1.74447632,915.964905,1260.00000,-1000.00000,0.00000000,0.00000000,0.336037576,0.280000001,273.545135,0.235555544,0.00000000
2,1,usgs_mixed_melt,2,180.000000,1,F,F,0,0,T,16,24,0.500000000,28,19,1,1004.50000,0.285714298,9.81000042,2500000.00,0.567051011E-07,0.999999978E-02,15,7,1.00000000,0.00000000,282.000000,18.0000000,92.0000000,70.0000000,0.800000012,0.200000003,308.000000,320.000000,0.140000004E-01,0.130000003E-01,13.0000000,0.140000001,60.0000000,98000.0000,276.500000,0.439999998E-02,0.00000000,1.17999995,28.0000000,0.109999999,0.850000024,0.109999999,0.550000012,0.140000001,0.930000007,5.50000000,0.917748928,0.00000000,0.00000000,0.800000012,276.000000,0.00000000,0.00000000,0.00000000,7.50000000,2.00000000,1.00000000,4.00000000,0.00000000,3.25000000,0.250000000,0.460000010E-02,0.799999980E-04,0.00000000,0.00000000,0.00000000,1.00000000,277.000000,0.00000000,0.00000000,0.00000000,0.00000000,0.00000000,0.500000000,0.284000009,0.284000009,276.600006,0.00000000,0.00000000,27.9745827,0.109874740,0.874453425,0.240851760,0.550000012,0.448525906,0.974978149,5.50000000,1.00000000,0.109272087E-01,0.800000012,0.800000012,276.243805,-3.33748078,0.334576589E-05,9.48524666,7.50120449,0.128188521,0.00000000,0.128188521,0.129026935,3.25000000,0.254020635E-01,0.484451093E-02,0.00000000,0.00000000,0.482115475E-02,0.484451093E-02,1.00000000,276.297363,1.74447632,915.964905,1260.00000,-1000.00000,0.00000000,0.00000000,0.297065616,0.284000009,276.468292,0.239999995,0.00000000
2,1,usgs_mixed_melt,3,180.000000,1,F,F,0,0,T,16,24,0.500000000,28,19,1,1004.50000,0.285714298,9.81000042,2500000.00,0.567051011E-07,0.399999991E-01,15,7,1.00000000,0.00000000,282.000000,18.0000000,92.0000000,70.0000000,0.800000012,0.200000003,308.000000,320.000000,0.140000004E-01,0.130000003E-01,13.0000000,0.140000001,60.0000000,98000.0000,276.500000,0.439999998E-02,0.00000000,1.17999995,28.0000000,0.109999999,0.850000024,0.109999999,0.550000012,0.140000001,0.930000007,5.50000000,0.917748928,0.00000000,0.00000000,0.800000012,276.000000,0.00000000,0.00000000,0.00000000,7.50000000,2.00000000,1.00000000,4.00000000,0.00000000,3.25000000,0.250000000,0.460000010E-02,0.799999980E-04,0.00000000,0.00000000,0.00000000,1.00000000,277.000000,0.00000000,0.00000000,0.00000000,0.00000000,0.00000000,0.500000000,0.287999988,0.287999988,277.200012,0.00000000,0.00000000,27.9745827,0.109874740,0.874453425,0.240851760,0.550000012,0.448525906,0.974978149,5.50000000,1.00000000,0.109272087E-01,0.800000012,0.800000012,276.243805,-3.33748078,0.334576589E-05,9.48524666,7.50120449,0.128188521,0.00000000,0.128188521,0.129026935,3.25000000,0.254020635E-01,0.484451093E-02,0.00000000,0.00000000,0.482115475E-02,0.484451093E-02,1.00000000,276.297363,1.74447632,915.964905,1260.00000,-1000.00000,0.00000000,0.00000000,0.288663507,0.287999988,277.161194,0.244444415,0.00000000
2,1,usgs_mixed_melt,4,180.000000,1,F,F,0,0,T,16,24,0.500000000,28,19,1,1004.50000,0.285714298,9.81000042,2500000.00,0.567051011E-07,0.100000001,15,7,1.00000000,0.00000000,282.000000,18.0000000,92.0000000,70.0000000,0.800000012,0.200000003,308.000000,320.000000,0.140000004E-01,0.130000003E-01,13.0000000,0.140000001,60.0000000,98000.0000,276.500000,0.439999998E-02,0.00000000,1.17999995,28.0000000,0.109999999,0.850000024,0.109999999,0.550000012,0.140000001,0.930000007,5.50000000,0.917748928,0.00000000,0.00000000,0.800000012,276.000000,0.00000000,0.00000000,0.00000000,7.50000000,2.00000000,1.00000000,4.00000000,0.00000000,3.25000000,0.250000000,0.460000010E-02,0.799999980E-04,0.00000000,0.00000000,0.00000000,1.00000000,277.000000,0.00000000,0.00000000,0.00000000,0.00000000,0.00000000,0.500000000,0.291999996,0.291999996,277.799988,0.00000000,0.00000000,27.9745827,0.109874740,0.874453425,0.240851760,0.550000012,0.448525906,0.974978149,5.50000000,1.00000000,0.109272087E-01,0.800000012,0.800000012,276.243805,-3.33748078,0.334576589E-05,9.48524666,7.50120449,0.128188521,0.00000000,0.128188521,0.129026935,3.25000000,0.254020635E-01,0.484451093E-02,0.00000000,0.00000000,0.482115475E-02,0.484451093E-02,1.00000000,276.297363,1.74447632,915.964905,1260.00000,-1000.00000,0.00000000,0.00000000,0.291974008,0.291974008,277.791443,0.248888865,0.00000000
2,1,usgs_mixed_melt,5,180.000000,1,F,F,0,0,T,16,24,0.500000000,28,19,1,1004.50000,0.285714298,9.81000042,2500000.00,0.567051011E-07,0.300000012,15,7,1.00000000,0.00000000,282.000000,18.0000000,92.0000000,70.0000000,0.800000012,0.200000003,308.000000,320.000000,0.140000004E-01,0.130000003E-01,13.0000000,0.140000001,60.0000000,98000.0000,276.500000,0.439999998E-02,0.00000000,1.17999995,28.0000000,0.109999999,0.850000024,0.109999999,0.550000012,0.140000001,0.930000007,5.50000000,0.917748928,0.00000000,0.00000000,0.800000012,276.000000,0.00000000,0.00000000,0.00000000,7.50000000,2.00000000,1.00000000,4.00000000,0.00000000,3.25000000,0.250000000,0.460000010E-02,0.799999980E-04,0.00000000,0.00000000,0.00000000,1.00000000,277.000000,0.00000000,0.00000000,0.00000000,0.00000000,0.00000000,0.500000000,0.296000004,0.296000004,278.399994,0.00000000,0.00000000,27.9745827,0.109874740,0.874453425,0.240851760,0.550000012,0.448525906,0.974978149,5.50000000,1.00000000,0.109272087E-01,0.800000012,0.800000012,276.243805,-3.33748078,0.334576589E-05,9.48524666,7.50120449,0.128188521,0.00000000,0.128188521,0.129026935,3.25000000,0.254020635E-01,0.484451093E-02,0.00000000,0.00000000,0.482115475E-02,0.484451093E-02,1.00000000,276.297363,1.74447632,915.964905,1260.00000,-1000.00000,0.00000000,0.00000000,0.295997053,0.295997053,278.399384,0.253333330,0.00000000
2,1,usgs_mixed_melt,6,180.000000,1,F,F,0,0,T,16,24,0.500000000,28,19,1,1004.50000,0.285714298,9.81000042,2500000.00,0.567051011E-07,0.600000024,15,7,1.00000000,0.00000000,282.000000,18.0000000,92.0000000,70.0000000,0.800000012,0.200000003,308.000000,320.000000,0.140000004E-01,0.130000003E-01,13.0000000,0.140000001,60.0000000,98000.0000,276.500000,0.439999998E-02,0.00000000,1.17999995,28.0000000,0.109999999,0.850000024,0.109999999,0.550000012,0.140000001,0.930000007,5.50000000,0.917748928,0.00000000,0.00000000,0.800000012,276.000000,0.00000000,0.00000000,0.00000000,7.50000000,2.00000000,1.00000000,4.00000000,0.00000000,3.25000000,0.250000000,0.460000010E-02,0.799999980E-04,0.00000000,0.00000000,0.00000000,1.00000000,277.000000,0.00000000,0.00000000,0.00000000,0.00000000,0.00000000,0.500000000,0.300000012,0.300000012,279.000000,0.00000000,0.00000000,27.9745827,0.109874740,0.874453425,0.240851760,0.550000012,0.448525906,0.974978149,5.50000000,1.00000000,0.109272087E-01,0.800000012,0.800000012,276.243805,-3.33748078,0.334576589E-05,9.48524666,7.50120449,0.128188521,0.00000000,0.128188521,0.129026935,3.25000000,0.254020635E-01,0.484451093E-02,0.00000000,0.00000000,0.482115475E-02,0.484451093E-02,1.00000000,276.297363,1.74447632,915.964905,1260.00000,-1000.00000,0.00000000,0.00000000,0.299998581,0.299998581,278.999817,0.257777780,0.00000000
2,1,usgs_mixed_melt,7,180.000000,1,F,F,0,0,T,16,24,0.500000000,28,19,1,1004.50000,0.285714298,9.81000042,2500000.00,0.567051011E-07,1.00000000,15,7,1.00000000,0.00000000,282.000000,18.0000000,92.0000000,70.0000000,0.800000012,0.200000003,308.000000,320.000000,0.140000004E-01,0.130000003E-01,13.0000000,0.140000001,60.0000000,98000.0000,276.500000,0.439999998E-02,0.00000000,1.17999995,28.0000000,0.109999999,0.850000024,0.109999999,0.550000012,0.140000001,0.930000007,5.50000000,0.917748928,0.00000000,0.00000000,0.800000012,276.000000,0.00000000,0.00000000,0.00000000,7.50000000,2.00000000,1.00000000,4.00000000,0.00000000,3.25000000,0.250000000,0.460000010E-02,0.799999980E-04,0.00000000,0.00000000,0.00000000,1.00000000,277.000000,0.00000000,0.00000000,0.00000000,0.00000000,0.00000000,0.500000000,0.303999990,0.303999990,279.600006,0.00000000,0.00000000,27.9745827,0.109874740,0.874453425,0.240851760,0.550000012,0.448525906,0.974978149,5.50000000,1.00000000,0.109272087E-01,0.800000012,0.800000012,276.243805,-3.33748078,0.334576589E-05,9.48524666,7.50120449,0.128188521,0.00000000,0.128188521,0.129026935,3.25000000,0.254020635E-01,0.484451093E-02,0.00000000,0.00000000,0.482115475E-02,0.484451093E-02,1.00000000,276.297363,1.74447632,915.964905,1260.00000,-1000.00000,0.00000000,0.00000000,0.303998530,0.303998530,279.599884,0.262222201,0.00000000
2,1,usgs_mixed_melt,8,180.000000,1,F,F,0,0,T,16,24,0.500000000,28,19,1,1004.50000,0.285714298,9.81000042,2500000.00,0.567051011E-07,1.60000002,15,7,1.00000000,0.00000000,282.000000,18.0000000,92.0000000,70.0000000,0.800000012,0.200000003,308.000000,320.000000,0.140000004E-01,0.130000003E-01,13.0000000,0.140000001,60.0000000,98000.0000,276.500000,0.439999998E-02,0.00000000,1.17999995,28.0000000,0.109999999,0.850000024,0.109999999,0.550000012,0.140000001,0.930000007,5.50000000,0.917748928,0.00000000,0.00000000,0.800000012,276.000000,0.00000000,0.00000000,0.00000000,7.50000000,2.00000000,1.00000000,4.00000000,0.00000000,3.25000000,0.250000000,0.460000010E-02,0.799999980E-04,0.00000000,0.00000000,0.00000000,1.00000000,277.000000,0.00000000,0.00000000,0.00000000,0.00000000,0.00000000,0.500000000,0.307999998,0.307999998,280.200012,0.00000000,0.00000000,27.9745827,0.109874740,0.874453425,0.240851760,0.550000012,0.448525906,0.974978149,5.50000000,1.00000000,0.109272087E-01,0.800000012,0.800000012,276.243805,-3.33748078,0.334576589E-05,9.48524666,7.50120449,0.128188521,0.00000000,0.128188521,0.129026935,3.25000000,0.254020635E-01,0.484451093E-02,0.00000000,0.00000000,0.482115475E-02,0.484451093E-02,1.00000000,276.297363,1.74447632,915.964905,1260.00000,-1000.00000,0.00000000,0.00000000,0.307998896,0.307998896,280.199951,0.266666651,0.00000000
2,1,usgs_mixed_melt,9,180.000000,1,F,F,0,0,T,16,24,0.500000000,28,19,1,1004.50000,0.285714298,9.81000042,2500000.00,0.567051011E-07,3.00000000,15,7,1.00000000,0.00000000,282.000000,18.0000000,92.0000000,70.0000000,0.800000012,0.200000003,308.000000,320.000000,0.140000004E-01,0.130000003E-01,13.0000000,0.140000001,60.0000000,98000.0000,276.500000,0.439999998E-02,0.00000000,1.17999995,28.0000000,0.109999999,0.850000024,0.109999999,0.550000012,0.140000001,0.930000007,5.50000000,0.917748928,0.00000000,0.00000000,0.800000012,276.000000,0.00000000,0.00000000,0.00000000,7.50000000,2.00000000,1.00000000,4.00000000,0.00000000,3.25000000,0.250000000,0.460000010E-02,0.799999980E-04,0.00000000,0.00000000,0.00000000,1.00000000,277.000000,0.00000000,0.00000000,0.00000000,0.00000000,0.00000000,0.500000000,0.312000006,0.312000006,280.799988,0.00000000,0.00000000,27.9745827,0.109874740,0.874453425,0.240851760,0.550000012,0.448525906,0.974978149,5.50000000,1.00000000,0.109272087E-01,0.800000012,0.800000012,276.243805,-3.33748078,0.334576589E-05,9.48524666,7.50120449,0.128188521,0.00000000,0.128188521,0.129026935,3.25000000,0.254020635E-01,0.484451093E-02,0.00000000,0.00000000,0.482115475E-02,0.484451093E-02,1.00000000,276.297363,1.74447632,915.964905,1260.00000,-1000.00000,0.00000000,0.00000000,0.312000006,0.312000006,282.000000,0.271111101,0.00000000
2,1,usgs_wetland,1,180.000000,1,F,F,0,0,T,16,24,0.500000000,28,19,1,1004.50000,0.285714298,9.81000042,2500000.00,0.567051011E-07,0.00000000,17,9,1.00000000,0.00000000,288.000000,12.0000000,75.0000000,55.0000000,4.00000000,0.200000003,362.000000,460.000000,0.170000009E-01,0.160000008E-01,16.0000000,0.140000001,60.0000000,98000.0000,290.000000,0.125000002E-01,0.399999990E-04,1.17999995,0.00000000,0.00000000,0.00000000,0.219999999,0.589999974,0.140000001,0.949999988,5.71999979,1.00000000,0.00000000,0.00000000,0.200000003,291.000000,0.00000000,0.00000000,0.00000000,7.50000000,2.00000000,1.00000000,4.00000000,0.00000000,3.25000000,0.250000000,0.00000000,0.600000028E-03,0.00000000,0.00000000,0.00000000,1.00000000,-999.000000,0.00000000,0.00000000,0.00000000,0.00000000,0.00000000,0.500000000,0.400000006,0.400000006,291.000000,0.00000000,0.00000000,0.00000000,0.00000000,0.00000000,0.499737740,0.589999974,0.140000001,0.949999988,5.71999979,1.00000000,0.133583173E-01,0.200000003,0.200000003,291.231812,19.6170979,0.959566387E-05,23.9891605,7.50345421,2.94763947,0.00000000,2.94763947,-58.6295662,3.25000000,0.00000000,0.131623717E-01,0.00000000,0.00000000,0.129913744E-01,0.131623717E-01,1.00000000,291.000000,17.8500061,1256.88269,1353.00000,-1000.00000,0.00000000,0.00000000,0.414430767,0.400000006,291.231812,0.388888866,0.00000000
2,1,usgs_wetland,2,180.000000,1,F,F,0,0,T,16,24,0.500000000,28,19,1,1004.50000,0.285714298,9.81000042,2500000.00,0.567051011E-07,0.999999978E-02,17,9,1.00000000,0.00000000,288.000000,12.0000000,75.0000000,55.0000000,4.00000000,0.200000003,362.000000,460.000000,0.170000009E-01,0.160000008E-01,16.0000000,0.140000001,60.0000000,98000.0000,290.000000,0.125000002E-01,0.399999990E-04,1.17999995,0.00000000,0.00000000,0.00000000,0.219999999,0.589999974,0.140000001,0.949999988,5.71999979,1.00000000,0.00000000,0.00000000,0.200000003,291.000000,0.00000000,0.00000000,0.00000000,7.50000000,2.00000000,1.00000000,4.00000000,0.00000000,3.25000000,0.250000000,0.00000000,0.600000028E-03,0.00000000,0.00000000,0.00000000,1.00000000,-999.000000,0.00000000,0.00000000,0.00000000,0.00000000,0.00000000,0.500000000,0.402999997,0.402999997,290.700012,0.00000000,0.00000000,0.00000000,0.00000000,0.00000000,0.499737740,0.589999974,0.140000001,0.949999988,5.71999979,1.00000000,0.133583173E-01,0.200000003,0.200000003,291.231812,19.6170979,0.959566387E-05,23.9891605,7.50345421,2.94763947,0.00000000,2.94763947,-58.6295662,3.25000000,0.00000000,0.131623717E-01,0.00000000,0.00000000,0.129913744E-01,0.131623717E-01,1.00000000,291.000000,17.8500061,1256.88269,1353.00000,-1000.00000,0.00000000,0.00000000,0.412822664,0.402999997,290.830200,0.392222196,0.00000000
2,1,usgs_wetland,3,180.000000,1,F,F,0,0,T,16,24,0.500000000,28,19,1,1004.50000,0.285714298,9.81000042,2500000.00,0.567051011E-07,0.399999991E-01,17,9,1.00000000,0.00000000,288.000000,12.0000000,75.0000000,55.0000000,4.00000000,0.200000003,362.000000,460.000000,0.170000009E-01,0.160000008E-01,16.0000000,0.140000001,60.0000000,98000.0000,290.000000,0.125000002E-01,0.399999990E-04,1.17999995,0.00000000,0.00000000,0.00000000,0.219999999,0.589999974,0.140000001,0.949999988,5.71999979,1.00000000,0.00000000,0.00000000,0.200000003,291.000000,0.00000000,0.00000000,0.00000000,7.50000000,2.00000000,1.00000000,4.00000000,0.00000000,3.25000000,0.250000000,0.00000000,0.600000028E-03,0.00000000,0.00000000,0.00000000,1.00000000,-999.000000,0.00000000,0.00000000,0.00000000,0.00000000,0.00000000,0.500000000,0.406000018,0.406000018,290.399994,0.00000000,0.00000000,0.00000000,0.00000000,0.00000000,0.499737740,0.589999974,0.140000001,0.949999988,5.71999979,1.00000000,0.133583173E-01,0.200000003,0.200000003,291.231812,19.6170979,0.959566387E-05,23.9891605,7.50345421,2.94763947,0.00000000,2.94763947,-58.6295662,3.25000000,0.00000000,0.131623717E-01,0.00000000,0.00000000,0.129913744E-01,0.131623717E-01,1.00000000,291.000000,17.8500061,1256.88269,1353.00000,-1000.00000,0.00000000,0.00000000,0.410327256,0.406000018,290.416840,0.395555556,0.00000000
2,1,usgs_wetland,4,180.000000,1,F,F,0,0,T,16,24,0.500000000,28,19,1,1004.50000,0.285714298,9.81000042,2500000.00,0.567051011E-07,0.100000001,17,9,1.00000000,0.00000000,288.000000,12.0000000,75.0000000,55.0000000,4.00000000,0.200000003,362.000000,460.000000,0.170000009E-01,0.160000008E-01,16.0000000,0.140000001,60.0000000,98000.0000,290.000000,0.125000002E-01,0.399999990E-04,1.17999995,0.00000000,0.00000000,0.00000000,0.219999999,0.589999974,0.140000001,0.949999988,5.71999979,1.00000000,0.00000000,0.00000000,0.200000003,291.000000,0.00000000,0.00000000,0.00000000,7.50000000,2.00000000,1.00000000,4.00000000,0.00000000,3.25000000,0.250000000,0.00000000,0.600000028E-03,0.00000000,0.00000000,0.00000000,1.00000000,-999.000000,0.00000000,0.00000000,0.00000000,0.00000000,0.00000000,0.500000000,0.409000009,0.409000009,290.100006,0.00000000,0.00000000,0.00000000,0.00000000,0.00000000,0.499737740,0.589999974,0.140000001,0.949999988,5.71999979,1.00000000,0.133583173E-01,0.200000003,0.200000003,291.231812,19.6170979,0.959566387E-05,23.9891605,7.50345421,2.94763947,0.00000000,2.94763947,-58.6295662,3.25000000,0.00000000,0.131623717E-01,0.00000000,0.00000000,0.129913744E-01,0.131623717E-01,1.00000000,291.000000,17.8500061,1256.88269,1353.00000,-1000.00000,0.00000000,0.00000000,0.409477383,0.409000009,290.103119,0.398888856,0.00000000
2,1,usgs_wetland,5,180.000000,1,F,F,0,0,T,16,24,0.500000000,28,19,1,1004.50000,0.285714298,9.81000042,2500000.00,0.567051011E-07,0.300000012,17,9,1.00000000,0.00000000,288.000000,12.0000000,75.0000000,55.0000000,4.00000000,0.200000003,362.000000,460.000000,0.170000009E-01,0.160000008E-01,16.0000000,0.140000001,60.0000000,98000.0000,290.000000,0.125000002E-01,0.399999990E-04,1.17999995,0.00000000,0.00000000,0.00000000,0.219999999,0.589999974,0.140000001,0.949999988,5.71999979,1.00000000,0.00000000,0.00000000,0.200000003,291.000000,0.00000000,0.00000000,0.00000000,7.50000000,2.00000000,1.00000000,4.00000000,0.00000000,3.25000000,0.250000000,0.00000000,0.600000028E-03,0.00000000,0.00000000,0.00000000,1.00000000,-999.000000,0.00000000,0.00000000,0.00000000,0.00000000,0.00000000,0.500000000,0.412000000,0.412000000,289.799988,0.00000000,0.00000000,0.00000000,0.00000000,0.00000000,0.499737740,0.589999974,0.140000001,0.949999988,5.71999979,1.00000000,0.133583173E-01,0.200000003,0.200000003,291.231812,19.6170979,0.959566387E-05,23.9891605,7.50345421,2.94763947,0.00000000,2.94763947,-58.6295662,3.25000000,0.00000000,0.131623717E-01,0.00000000,0.00000000,0.129913744E-01,0.131623717E-01,1.00000000,291.000000,17.8500061,1256.88269,1353.00000,-1000.00000,0.00000000,0.00000000,0.411844015,0.411844015,289.800171,0.402222186,0.00000000
2,1,usgs_wetland,6,180.000000,1,F,F,0,0,T,16,24,0.500000000,28,19,1,1004.50000,0.285714298,9.81000042,2500000.00,0.567051011E-07,0.600000024,17,9,1.00000000,0.00000000,288.000000,12.0000000,75.0000000,55.0000000,4.00000000,0.200000003,362.000000,460.000000,0.170000009E-01,0.160000008E-01,16.0000000,0.140000001,60.0000000,98000.0000,290.000000,0.125000002E-01,0.399999990E-04,1.17999995,0.00000000,0.00000000,0.00000000,0.219999999,0.589999974,0.140000001,0.949999988,5.71999979,1.00000000,0.00000000,0.00000000,0.200000003,291.000000,0.00000000,0.00000000,0.00000000,7.50000000,2.00000000,1.00000000,4.00000000,0.00000000,3.25000000,0.250000000,0.00000000,0.600000028E-03,0.00000000,0.00000000,0.00000000,1.00000000,-999.000000,0.00000000,0.00000000,0.00000000,0.00000000,0.00000000,0.500000000,0.415000021,0.415000021,289.500000,0.00000000,0.00000000,0.00000000,0.00000000,0.00000000,0.499737740,0.589999974,0.140000001,0.949999988,5.71999979,1.00000000,0.133583173E-01,0.200000003,0.200000003,291.231812,19.6170979,0.959566387E-05,23.9891605,7.50345421,2.94763947,0.00000000,2.94763947,-58.6295662,3.25000000,0.00000000,0.131623717E-01,0.00000000,0.00000000,0.129913744E-01,0.131623717E-01,1.00000000,291.000000,17.8500061,1256.88269,1353.00000,-1000.00000,0.00000000,0.00000000,0.414865822,0.414865822,289.500092,0.405555546,0.00000000
2,1,usgs_wetland,7,180.000000,1,F,F,0,0,T,16,24,0.500000000,28,19,1,1004.50000,0.285714298,9.81000042,2500000.00,0.567051011E-07,1.00000000,17,9,1.00000000,0.00000000,288.000000,12.0000000,75.0000000,55.0000000,4.00000000,0.200000003,362.000000,460.000000,0.170000009E-01,0.160000008E-01,16.0000000,0.140000001,60.0000000,98000.0000,290.000000,0.125000002E-01,0.399999990E-04,1.17999995,0.00000000,0.00000000,0.00000000,0.219999999,0.589999974,0.140000001,0.949999988,5.71999979,1.00000000,0.00000000,0.00000000,0.200000003,291.000000,0.00000000,0.00000000,0.00000000,7.50000000,2.00000000,1.00000000,4.00000000,0.00000000,3.25000000,0.250000000,0.00000000,0.600000028E-03,0.00000000,0.00000000,0.00000000,1.00000000,-999.000000,0.00000000,0.00000000,0.00000000,0.00000000,0.00000000,0.500000000,0.418000013,0.418000013,289.200012,0.00000000,0.00000000,0.00000000,0.00000000,0.00000000,0.499737740,0.589999974,0.140000001,0.949999988,5.71999979,1.00000000,0.133583173E-01,0.200000003,0.200000003,291.231812,19.6170979,0.959566387E-05,23.9891605,7.50345421,2.94763947,0.00000000,2.94763947,-58.6295662,3.25000000,0.00000000,0.131623717E-01,0.00000000,0.00000000,0.129913744E-01,0.131623717E-01,1.00000000,291.000000,17.8500061,1256.88269,1353.00000,-1000.00000,0.00000000,0.00000000,0.417895734,0.417895734,289.200073,0.408888876,0.00000000
2,1,usgs_wetland,8,180.000000,1,F,F,0,0,T,16,24,0.500000000,28,19,1,1004.50000,0.285714298,9.81000042,2500000.00,0.567051011E-07,1.60000002,17,9,1.00000000,0.00000000,288.000000,12.0000000,75.0000000,55.0000000,4.00000000,0.200000003,362.000000,460.000000,0.170000009E-01,0.160000008E-01,16.0000000,0.140000001,60.0000000,98000.0000,290.000000,0.125000002E-01,0.399999990E-04,1.17999995,0.00000000,0.00000000,0.00000000,0.219999999,0.589999974,0.140000001,0.949999988,5.71999979,1.00000000,0.00000000,0.00000000,0.200000003,291.000000,0.00000000,0.00000000,0.00000000,7.50000000,2.00000000,1.00000000,4.00000000,0.00000000,3.25000000,0.250000000,0.00000000,0.600000028E-03,0.00000000,0.00000000,0.00000000,1.00000000,-999.000000,0.00000000,0.00000000,0.00000000,0.00000000,0.00000000,0.500000000,0.421000004,0.421000004,288.899994,0.00000000,0.00000000,0.00000000,0.00000000,0.00000000,0.499737740,0.589999974,0.140000001,0.949999988,5.71999979,1.00000000,0.133583173E-01,0.200000003,0.200000003,291.231812,19.6170979,0.959566387E-05,23.9891605,7.50345421,2.94763947,0.00000000,2.94763947,-58.6295662,3.25000000,0.00000000,0.131623717E-01,0.00000000,0.00000000,0.129913744E-01,0.131623717E-01,1.00000000,291.000000,17.8500061,1256.88269,1353.00000,-1000.00000,0.00000000,0.00000000,0.420945406,0.420945406,288.900055,0.412222207,0.00000000
2,1,usgs_wetland,9,180.000000,1,F,F,0,0,T,16,24,0.500000000,28,19,1,1004.50000,0.285714298,9.81000042,2500000.00,0.567051011E-07,3.00000000,17,9,1.00000000,0.00000000,288.000000,12.0000000,75.0000000,55.0000000,4.00000000,0.200000003,362.000000,460.000000,0.170000009E-01,0.160000008E-01,16.0000000,0.140000001,60.0000000,98000.0000,290.000000,0.125000002E-01,0.399999990E-04,1.17999995,0.00000000,0.00000000,0.00000000,0.219999999,0.589999974,0.140000001,0.949999988,5.71999979,1.00000000,0.00000000,0.00000000,0.200000003,291.000000,0.00000000,0.00000000,0.00000000,7.50000000,2.00000000,1.00000000,4.00000000,0.00000000,3.25000000,0.250000000,0.00000000,0.600000028E-03,0.00000000,0.00000000,0.00000000,1.00000000,-999.000000,0.00000000,0.00000000,0.00000000,0.00000000,0.00000000,0.500000000,0.423999995,0.423999995,288.600006,0.00000000,0.00000000,0.00000000,0.00000000,0.00000000,0.499737740,0.589999974,0.140000001,0.949999988,5.71999979,1.00000000,0.133583173E-01,0.200000003,0.200000003,291.231812,19.6170979,0.959566387E-05,23.9891605,7.50345421,2.94763947,0.00000000,2.94763947,-58.6295662,3.25000000,0.00000000,0.131623717E-01,0.00000000,0.00000000,0.129913744E-01,0.131623717E-01,1.00000000,291.000000,17.8500061,1256.88269,1353.00000,-1000.00000,0.00000000,0.00000000,0.423999995,0.423999995,288.000000,0.415555507,0.00000000
2,1,usgs_tundra_subthresh,1,180.000000,1,F,F,0,0,T,16,24,0.500000000,28,19,1,1004.50000,0.285714298,9.81000042,2500000.00,0.567051011E-07,0.00000000,22,2,1.00000000,0.300000012,276.000000,6.00000000,65.0000000,35.0000000,0.349999994,0.200000003,238.000000,195.000000,0.600000005E-02,0.499999989E-02,5.00000000,0.150000006,60.0000000,98000.0000,264.500000,0.159999996E-02,0.00000000,1.17999995,6.00000000,0.299999993E-01,0.400000006,0.999999978E-02,0.649999976,0.150000006,0.920000017,3.34999990,1.00000000,0.00000000,0.00000000,0.100000001,264.000000,0.00000000,0.00000000,0.00000000,7.50000000,2.00000000,1.00000000,4.00000000,0.00000000,3.25000000,0.250000000,0.179999997E-02,0.00000000,0.00000000,0.00000000,0.00000000,1.00000000,265.000000,0.00000000,0.00000000,0.00000000,0.00000000,0.00000000,0.500000000,0.219999999,0.00000000,265.000000,1.00000000,0.00000000,6.32490540,0.328750014E-01,0.197536275,0.348706618E-01,0.649999976,0.649999976,0.980000019,3.34999990,1.00000000,0.421264442E-02,0.100000001,0.100000001,264.326080,-0.873458564,0.845155739E-06,2.39601660,7.50030422,0.00000000,0.00000000,0.00000000,33.2290268,3.25000000,0.00000000,0.182887155E-02,0.00000000,0.00000000,0.182553276E-02,0.182887155E-02,1.00000000,265.884308,-8.04479980,754.192566,1230.00000,61.9790688,0.349999994,0.564706745E-02,0.219972521,0.496539138E-01,265.884308,0.190742210,0.00000000
2,1,usgs_tundra_subthresh,2,180.000000,1,F,F,0,0,T,16,24,0.500000000,28,19,1,1004.50000,0.285714298,9.81000042,2500000.00,0.567051011E-07,0.999999978E-02,22,2,1.00000000,0.300000012,276.000000,6.00000000,65.0000000,35.0000000,0.349999994,0.200000003,238.000000,195.000000,0.600000005E-02,0.499999989E-02,5.00000000,0.150000006,60.0000000,98000.0000,264.500000,0.159999996E-02,0.00000000,1.17999995,6.00000000,0.299999993E-01,0.400000006,0.999999978E-02,0.649999976,0.150000006,0.920000017,3.34999990,1.00000000,0.00000000,0.00000000,0.100000001,264.000000,0.00000000,0.00000000,0.00000000,7.50000000,2.00000000,1.00000000,4.00000000,0.00000000,3.25000000,0.250000000,0.179999997E-02,0.00000000,0.00000000,0.00000000,0.00000000,1.00000000,265.000000,0.00000000,0.00000000,0.00000000,0.00000000,0.00000000,0.500000000,0.224999994,0.00000000,266.200012,1.00000000,0.00000000,6.32490540,0.328750014E-01,0.197536275,0.348706618E-01,0.649999976,0.649999976,0.980000019,3.34999990,1.00000000,0.421264442E-02,0.100000001,0.100000001,264.326080,-0.873458564,0.845155739E-06,2.39601660,7.50030422,0.00000000,0.00000000,0.00000000,33.2290268,3.25000000,0.00000000,0.182887155E-02,0.00000000,0.00000000,0.182553276E-02,0.182887155E-02,1.00000000,265.884308,-8.04479980,754.192566,1230.00000,61.9790688,0.349999994,0.564706745E-02,0.224999979,0.504450873E-01,266.358276,0.194251463,0.00000000
2,1,usgs_tundra_subthresh,3,180.000000,1,F,F,0,0,T,16,24,0.500000000,28,19,1,1004.50000,0.285714298,9.81000042,2500000.00,0.567051011E-07,0.399999991E-01,22,2,1.00000000,0.300000012,276.000000,6.00000000,65.0000000,35.0000000,0.349999994,0.200000003,238.000000,195.000000,0.600000005E-02,0.499999989E-02,5.00000000,0.150000006,60.0000000,98000.0000,264.500000,0.159999996E-02,0.00000000,1.17999995,6.00000000,0.299999993E-01,0.400000006,0.999999978E-02,0.649999976,0.150000006,0.920000017,3.34999990,1.00000000,0.00000000,0.00000000,0.100000001,264.000000,0.00000000,0.00000000,0.00000000,7.50000000,2.00000000,1.00000000,4.00000000,0.00000000,3.25000000,0.250000000,0.179999997E-02,0.00000000,0.00000000,0.00000000,0.00000000,1.00000000,265.000000,0.00000000,0.00000000,0.00000000,0.00000000,0.00000000,0.500000000,0.230000004,0.00000000,267.399994,1.00000000,0.00000000,6.32490540,0.328750014E-01,0.197536275,0.348706618E-01,0.649999976,0.649999976,0.980000019,3.34999990,1.00000000,0.421264442E-02,0.100000001,0.100000001,264.326080,-0.873458564,0.845155739E-06,2.39601660,7.50030422,0.00000000,0.00000000,0.00000000,33.2290268,3.25000000,0.00000000,0.182887155E-02,0.00000000,0.00000000,0.182553276E-02,0.182887155E-02,1.00000000,265.884308,-8.04479980,754.192566,1230.00000,61.9790688,0.349999994,0.564706745E-02,0.229999989,0.522923358E-01,267.327026,0.197281808,0.00000000
2,1,usgs_tundra_subthresh,4,180.000000,1,F,F,0,0,T,16,24,0.500000000,28,19,1,1004.50000,0.285714298,9.81000042,2500000.00,0.567051011E-07,0.100000001,22,2,1.00000000,0.300000012,276.000000,6.00000000,65.0000000,35.0000000,0.349999994,0.200000003,238.000000,195.000000,0.600000005E-02,0.499999989E-02,5.00000000,0.150000006,60.0000000,98000.0000,264.500000,0.159999996E-02,0.00000000,1.17999995,6.00000000,0.299999993E-01,0.400000006,0.999999978E-02,0.649999976,0.150000006,0.920000017,3.34999990,1.00000000,0.00000000,0.00000000,0.100000001,264.000000,0.00000000,0.00000000,0.00000000,7.50000000,2.00000000,1.00000000,4.00000000,0.00000000,3.25000000,0.250000000,0.179999997E-02,0.00000000,0.00000000,0.00000000,0.00000000,1.00000000,265.000000,0.00000000,0.00000000,0.00000000,0.00000000,0.00000000,0.500000000,0.234999999,0.00000000,268.600006,1.00000000,0.00000000,6.32490540,0.328750014E-01,0.197536275,0.348706618E-01,0.649999976,0.649999976,0.980000019,3.34999990,1.00000000,0.421264442E-02,0.100000001,0.100000001,264.326080,-0.873458564,0.845155739E-06,2.39601660,7.50030422,0.00000000,0.00000000,0.00000000,33.2290268,3.25000000,0.00000000,0.182887155E-02,0.00000000,0.00000000,0.182553276E-02,0.182887155E-02,1.00000000,265.884308,-8.04479980,754.192566,1230.00000,61.9790688,0.349999994,0.564706745E-02,0.234999999,0.553241521E-01,268.579468,0.199575514,0.00000000
2,1,usgs_tundra_subthresh,5,180.000000,1,F,F,0,0,T,16,24,0.500000000,28,19,1,1004.50000,0.285714298,9.81000042,2500000.00,0.567051011E-07,0.300000012,22,2,1.00000000,0.300000012,276.000000,6.00000000,65.0000000,35.0000000,0.349999994,0.200000003,238.000000,195.000000,0.600000005E-02,0.499999989E-02,5.00000000,0.150000006,60.0000000,98000.0000,264.500000,0.159999996E-02,0.00000000,1.17999995,6.00000000,0.299999993E-01,0.400000006,0.999999978E-02,0.649999976,0.150000006,0.920000017,3.34999990,1.00000000,0.00000000,0.00000000,0.100000001,264.000000,0.00000000,0.00000000,0.00000000,7.50000000,2.00000000,1.00000000,4.00000000,0.00000000,3.25000000,0.250000000,0.179999997E-02,0.00000000,0.00000000,0.00000000,0.00000000,1.00000000,265.000000,0.00000000,0.00000000,0.00000000,0.00000000,0.00000000,0.500000000,0.239999995,0.00000000,269.799988,1.00000000,0.00000000,6.32490540,0.328750014E-01,0.197536275,0.348706618E-01,0.649999976,0.649999976,0.980000019,3.34999990,1.00000000,0.421264442E-02,0.100000001,0.100000001,264.326080,-0.873458564,0.845155739E-06,2.39601660,7.50030422,0.00000000,0.00000000,0.00000000,33.2290268,3.25000000,0.00000000,0.182887155E-02,0.00000000,0.00000000,0.182553276E-02,0.182887155E-02,1.00000000,265.884308,-8.04479980,754.192566,1230.00000,61.9790688,0.349999994,0.564706745E-02,0.240000010,0.594448484E-01,269.798187,0.200608626,0.00000000
2,1,usgs_tundra_subthresh,6,180.000000,1,F,F,0,0,T,16,24,0.500000000,28,19,1,1004.50000,0.285714298,9.81000042,2500000.00,0.567051011E-07,0.600000024,22,2,1.00000000,0.300000012,276.000000,6.00000000,65.0000000,35.0000000,0.349999994,0.200000003,238.000000,195.000000,0.600000005E-02,0.499999989E-02,5.00000000,0.150000006,60.0000000,98000.0000,264.500000,0.159999996E-02,0.00000000,1.17999995,6.00000000,0.299999993E-01,0.400000006,0.999999978E-02,0.649999976,0.150000006,0.920000017,3.34999990,1.00000000,0.00000000,0.00000000,0.100000001,264.000000,0.00000000,0.00000000,0.00000000,7.50000000,2.00000000,1.00000000,4.00000000,0.00000000,3.25000000,0.250000000,0.179999997E-02,0.00000000,0.00000000,0.00000000,0.00000000,1.00000000,265.000000,0.00000000,0.00000000,0.00000000,0.00000000,0.00000000,0.500000000,0.245000005,0.00000000,271.000000,1.00000000,0.00000000,6.32490540,0.328750014E-01,0.197536275,0.348706618E-01,0.649999976,0.649999976,0.980000019,3.34999990,1.00000000,0.421264442E-02,0.100000001,0.100000001,264.326080,-0.873458564,0.845155739E-06,2.39601660,7.50030422,0.00000000,0.00000000,0.00000000,33.2290268,3.25000000,0.00000000,0.182887155E-02,0.00000000,0.00000000,0.182553276E-02,0.182887155E-02,1.00000000,265.884308,-8.04479980,754.192566,1230.00000,61.9790688,0.349999994,0.564706745E-02,0.245000049,0.658487007E-01,270.999237,0.199051023,0.00000000
2,1,usgs_tundra_subthresh,7,180.000000,1,F,F,0,0,T,16,24,0.500000000,28,19,1,1004.50000,0.285714298,9.81000042,2500000.00,0.567051011E-07,1.00000000,22,2,1.00000000,0.300000012,276.000000,6.00000000,65.0000000,35.0000000,0.349999994,0.200000003,238.000000,195.000000,0.600000005E-02,0.499999989E-02,5.00000000,0.150000006,60.0000000,98000.0000,264.500000,0.159999996E-02,0.00000000,1.17999995,6.00000000,0.299999993E-01,0.400000006,0.999999978E-02,0.649999976,0.150000006,0.920000017,3.34999990,1.00000000,0.00000000,0.00000000,0.100000001,264.000000,0.00000000,0.00000000,0.00000000,7.50000000,2.00000000,1.00000000,4.00000000,0.00000000,3.25000000,0.250000000,0.179999997E-02,0.00000000,0.00000000,0.00000000,0.00000000,1.00000000,265.000000,0.00000000,0.00000000,0.00000000,0.00000000,0.00000000,0.500000000,0.250000000,0.00000000,272.200012,1.00000000,0.00000000,6.32490540,0.328750014E-01,0.197536275,0.348706618E-01,0.649999976,0.649999976,0.980000019,3.34999990,1.00000000,0.421264442E-02,0.100000001,0.100000001,264.326080,-0.873458564,0.845155739E-06,2.39601660,7.50030422,0.00000000,0.00000000,0.00000000,33.2290268,3.25000000,0.00000000,0.182887155E-02,0.00000000,0.00000000,0.182553276E-02,0.182887155E-02,1.00000000,265.884308,-8.04479980,754.192566,1230.00000,61.9790688,0.349999994,0.564706745E-02,0.249947369,0.794260204E-01,272.199585,0.189517543,0.00000000
2,1,usgs_tundra_subthresh,8,180.000000,1,F,F,0,0,T,16,24,0.500000000,28,19,1,1004.50000,0.285714298,9.81000042,2500000.00,0.567051011E-07,1.60000002,22,2,1.00000000,0.300000012,276.000000,6.00000000,65.0000000,35.0000000,0.349999994,0.200000003,238.000000,195.000000,0.600000005E-02,0.499999989E-02,5.00000000,0.150000006,60.0000000,98000.0000,264.500000,0.159999996E-02,0.00000000,1.17999995,6.00000000,0.299999993E-01,0.400000006,0.999999978E-02,0.649999976,0.150000006,0.920000017,3.34999990,1.00000000,0.00000000,0.00000000,0.100000001,264.000000,0.00000000,0.00000000,0.00000000,7.50000000,2.00000000,1.00000000,4.00000000,0.00000000,3.25000000,0.250000000,0.179999997E-02,0.00000000,0.00000000,0.00000000,0.00000000,1.00000000,265.000000,0.00000000,0.00000000,0.00000000,0.00000000,0.00000000,0.500000000,0.254999995,0.00000000,273.399994,1.00000000,0.00000000,6.32490540,0.328750014E-01,0.197536275,0.348706618E-01,0.649999976,0.649999976,0.980000019,3.34999990,1.00000000,0.421264442E-02,0.100000001,0.100000001,264.326080,-0.873458564,0.845155739E-06,2.39601660,7.50030422,0.00000000,0.00000000,0.00000000,33.2290268,3.25000000,0.00000000,0.182887155E-02,0.00000000,0.00000000,0.182553276E-02,0.182887155E-02,1.00000000,265.884308,-8.04479980,754.192566,1230.00000,61.9790688,0.349999994,0.564706745E-02,0.254969031,0.254969031,273.400085,0.244444430,0.00000000
2,1,usgs_tundra_subthresh,9,180.000000,1,F,F,0,0,T,16,24,0.500000000,28,19,1,1004.50000,0.285714298,9.81000042,2500000.00,0.567051011E-07,3.00000000,22,2,1.00000000,0.300000012,276.000000,6.00000000,65.0000000,35.0000000,0.349999994,0.200000003,238.000000,195.000000,0.600000005E-02,0.499999989E-02,5.00000000,0.150000006,60.0000000,98000.0000,264.500000,0.159999996E-02,0.00000000,1.17999995,6.00000000,0.299999993E-01,0.400000006,0.999999978E-02,0.649999976,0.150000006,0.920000017,3.34999990,1.00000000,0.00000000,0.00000000,0.100000001,264.000000,0.00000000,0.00000000,0.00000000,7.50000000,2.00000000,1.00000000,4.00000000,0.00000000,3.25000000,0.250000000,0.179999997E-02,0.00000000,0.00000000,0.00000000,0.00000000,1.00000000,265.000000,0.00000000,0.00000000,0.00000000,0.00000000,0.00000000,0.500000000,0.259999990,0.00000000,274.600006,1.00000000,0.00000000,6.32490540,0.328750014E-01,0.197536275,0.348706618E-01,0.649999976,0.649999976,0.980000019,3.34999990,1.00000000,0.421264442E-02,0.100000001,0.100000001,264.326080,-0.873458564,0.845155739E-06,2.39601660,7.50030422,0.00000000,0.00000000,0.00000000,33.2290268,3.25000000,0.00000000,0.182887155E-02,0.00000000,0.00000000,0.182553276E-02,0.182887155E-02,1.00000000,265.884308,-8.04479980,754.192566,1230.00000,61.9790688,0.349999994,0.564706745E-02,0.259999990,0.259999990,276.000000,0.249999985,0.00000000
2,2,usgs_crop_rain,1,180.000000,2,F,F,0,0,T,16,24,0.500000000,28,19,1,1004.50000,0.285714298,9.81000042,2500000.00,0.567051011E-07,0.00000000,3,4,1.00000000,0.00000000,287.000000,10.0000000,95.0000000,80.0000000,1.50000000,0.200000003,345.000000,505.000000,0.149999997E-01,0.140000004E-01,14.0000000,0.180000007,60.0000000,98000.0000,291.000000,0.104999999E-01,0.999999975E-05,1.17999995,0.00000000,0.00000000,0.00000000,0.481081992,0.639999986,0.180000007,0.920000017,5.67999983,0.955228388,0.117079914E-01,0.177941173,0.177941173,290.236481,-10.6571531,0.235974221E-04,58.9935570,7.50849533,0.204055622,0.00000000,0.204055622,-5.04107332,3.25000000,0.00000000,0.117554972E-01,0.00000000,0.00000000,0.116189113E-01,0.123610245E-01,1.00000000,291.000000,18.3500061,856.410095,1455.00000,-1000.00000,0.00000000,0.00000000,0.354001492,0.259999990,290.236481,0.251111090,0.00000000,0.00000000,0.00000000,0.00000000,0.498766661,0.639999986,0.180000007,0.920000017,5.67999983,0.970379710,0.117079914E-01,0.177941173,0.177941173,290.835052,-2.30232668,0.229461293E-04,57.3653221,7.51675606,0.495953798,0.00000000,0.495953798,-69.8699036,3.25000000,0.00000000,0.127329733E-01,0.00000000,0.00000000,0.125728827E-01,0.128376335E-01,1.00000000,291.000000,18.3500061,857.596313,1455.00000,-1000.00000,0.00000000,0.00000000,0.359077185,0.354001492,290.835052,0.355557203,0.00000000
2,2,usgs_crop_rain,2,180.000000,2,F,F,0,0,T,16,24,0.500000000,28,19,1,1004.50000,0.285714298,9.81000042,2500000.00,0.567051011E-07,0.999999978E-02,3,4,1.00000000,0.00000000,287.000000,10.0000000,95.0000000,80.0000000,1.50000000,0.200000003,345.000000,505.000000,0.149999997E-01,0.140000004E-01,14.0000000,0.180000007,60.0000000,98000.0000,291.000000,0.104999999E-01,0.999999975E-05,1.17999995,0.00000000,0.00000000,0.00000000,0.481081992,0.639999986,0.180000007,0.920000017,5.67999983,0.955228388,0.117079914E-01,0.177941173,0.177941173,290.236481,-10.6571531,0.235974221E-04,58.9935570,7.50849533,0.204055622,0.00000000,0.204055622,-5.04107332,3.25000000,0.00000000,0.117554972E-01,0.00000000,0.00000000,0.116189113E-01,0.123610245E-01,1.00000000,291.000000,18.3500061,856.410095,1455.00000,-1000.00000,0.00000000,0.00000000,0.288171619,0.263999999,290.185913,0.255555540,0.00000000,0.00000000,0.00000000,0.00000000,0.498766661,0.639999986,0.180000007,0.920000017,5.67999983,0.970379710,0.117079914E-01,0.177941173,0.177941173,290.835052,-2.30232668,0.229461293E-04,57.3653221,7.51675606,0.495953798,0.00000000,0.495953798,-69.8699036,3.25000000,0.00000000,0.127329733E-01,0.00000000,0.00000000,0.125728827E-01,0.128376335E-01,1.00000000,291.000000,18.3500061,857.596313,1455.00000,-1000.00000,0.00000000,0.00000000,0.332963943,0.288171619,290.197021,0.282412887,0.00000000
2,2,usgs_crop_rain,3,180.000000,2,F,F,0,0,T,16,24,0.500000000,28,19,1,1004.50000,0.285714298,9.81000042,2500000.00,0.567051011E-07,0.399999991E-01,3,4,1.00000000,0.00000000,287.000000,10.0000000,95.0000000,80.0000000,1.50000000,0.200000003,345.000000,505.000000,0.149999997E-01,0.140000004E-01,14.0000000,0.180000007,60.0000000,98000.0000,291.000000,0.104999999E-01,0.999999975E-05,1.17999995,0.00000000,0.00000000,0.00000000,0.481081992,0.639999986,0.180000007,0.920000017,5.67999983,0.955228388,0.117079914E-01,0.177941173,0.177941173,290.236481,-10.6571531,0.235974221E-04,58.9935570,7.50849533,0.204055622,0.00000000,0.204055622,-5.04107332,3.25000000,0.00000000,0.117554972E-01,0.00000000,0.00000000,0.116189113E-01,0.123610245E-01,1.00000000,291.000000,18.3500061,856.410095,1455.00000,-1000.00000,0.00000000,0.00000000,0.269398183,0.267999977,289.235596,0.259999961,0.00000000,0.00000000,0.00000000,0.00000000,0.498766661,0.639999986,0.180000007,0.920000017,5.67999983,0.970379710,0.117079914E-01,0.177941173,0.177941173,290.835052,-2.30232668,0.229461293E-04,57.3653221,7.51675606,0.495953798,0.00000000,0.495953798,-69.8699036,3.25000000,0.00000000,0.127329733E-01,0.00000000,0.00000000,0.125728827E-01,0.128376335E-01,1.00000000,291.000000,18.3500061,857.596313,1455.00000,-1000.00000,0.00000000,0.00000000,0.275192052,0.269398183,289.270660,0.261553526,0.00000000
2,2,usgs_crop_rain,4,180.000000,2,F,F,0,0,T,16,24,0.500000000,28,19,1,1004.50000,0.285714298,9.81000042,2500000.00,0.567051011E-07,0.100000001,3,4,1.00000000,0.00000000,287.000000,10.0000000,95.0000000,80.0000000,1.50000000,0.200000003,345.000000,505.000000,0.149999997E-01,0.140000004E-01,14.0000000,0.180000007,60.0000000,98000.0000,291.000000,0.104999999E-01,0.999999975E-05,1.17999995,0.00000000,0.00000000,0.00000000,0.481081992,0.639999986,0.180000007,0.920000017,5.67999983,0.955228388,0.117079914E-01,0.177941173,0.177941173,290.236481,-10.6571531,0.235974221E-04,58.9935570,7.50849533,0.204055622,0.00000000,0.204055622,-5.04107332,3.25000000,0.00000000,0.117554972E-01,0.00000000,0.00000000,0.116189113E-01,0.123610245E-01,1.00000000,291.000000,18.3500061,856.410095,1455.00000,-1000.00000,0.00000000,0.00000000,0.271980733,0.271980733,288.308380,0.264444411,0.00000000,0.00000000,0.00000000,0.00000000,0.498766661,0.639999986,0.180000007,0.920000017,5.67999983,0.970379710,0.117079914E-01,0.177941173,0.177941173,290.835052,-2.30232668,0.229461293E-04,57.3653221,7.51675606,0.495953798,0.00000000,0.495953798,-69.8699036,3.25000000,0.00000000,0.127329733E-01,0.00000000,0.00000000,0.125728827E-01,0.128376335E-01,1.00000000,291.000000,18.3500061,857.596313,1455.00000,-1000.00000,0.00000000,0.00000000,0.272040248,0.271980733,288.317139,0.264423013,0.00000000
2,2,usgs_crop_rain,5,180.000000,2,F,F,0,0,T,16,24,0.500000000,28,19,1,1004.50000,0.285714298,9.81000042,2500000.00,0.567051011E-07,0.300000012,3,4,1.00000000,0.00000000,287.000000,10.0000000,95.0000000,80.0000000,1.50000000,0.200000003,345.000000,505.000000,0.149999997E-01,0.140000004E-01,14.0000000,0.180000007,60.0000000,98000.0000,291.000000,0.104999999E-01,0.999999975E-05,1.17999995,0.00000000,0.00000000,0.00000000,0.481081992,0.639999986,0.180000007,0.920000017,5.67999983,0.955228388,0.117079914E-01,0.177941173,0.177941173,290.236481,-10.6571531,0.235974221E-04,58.9935570,7.50849533,0.204055622,0.00000000,0.204055622,-5.04107332,3.25000000,0.00000000,0.117554972E-01,0.00000000,0.00000000,0.116189113E-01,0.123610245E-01,1.00000000,291.000000,18.3500061,856.410095,1455.00000,-1000.00000,0.00000000,0.00000000,0.275994927,0.275994927,287.400635,0.268888861,0.00000000,0.00000000,0.00000000,0.00000000,0.498766661,0.639999986,0.180000007,0.920000017,5.67999983,0.970379710,0.117079914E-01,0.177941173,0.177941173,290.835052,-2.30232668,0.229461293E-04,57.3653221,7.51675606,0.495953798,0.00000000,0.495953798,-69.8699036,3.25000000,0.00000000,0.127329733E-01,0.00000000,0.00000000,0.125728827E-01,0.128376335E-01,1.00000000,291.000000,18.3500061,857.596313,1455.00000,-1000.00000,0.00000000,0.00000000,0.275990278,0.275990278,287.401276,0.268883228,0.00000000
2,2,usgs_crop_rain,6,180.000000,2,F,F,0,0,T,16,24,0.500000000,28,19,1,1004.50000,0.285714298,9.81000042,2500000.00,0.567051011E-07,0.600000024,3,4,1.00000000,0.00000000,287.000000,10.0000000,95.0000000,80.0000000,1.50000000,0.200000003,345.000000,505.000000,0.149999997E-01,0.140000004E-01,14.0000000,0.180000007,60.0000000,98000.0000,291.000000,0.104999999E-01,0.999999975E-05,1.17999995,0.00000000,0.00000000,0.00000000,0.481081992,0.639999986,0.180000007,0.920000017,5.67999983,0.955228388,0.117079914E-01,0.177941173,0.177941173,290.236481,-10.6571531,0.235974221E-04,58.9935570,7.50849533,0.204055622,0.00000000,0.204055622,-5.04107332,3.25000000,0.00000000,0.117554972E-01,0.00000000,0.00000000,0.116189113E-01,0.123610245E-01,1.00000000,291.000000,18.3500061,856.410095,1455.00000,-1000.00000,0.00000000,0.00000000,0.279996485,0.279996485,286.500214,0.273333311,0.00000000,0.00000000,0.00000000,0.00000000,0.498766661,0.639999986,0.180000007,0.920000017,5.67999983,0.970379710,0.117079914E-01,0.177941173,0.177941173,290.835052,-2.30232668,0.229461293E-04,57.3653221,7.51675606,0.495953798,0.00000000,0.495953798,-69.8699036,3.25000000,0.00000000,0.127329733E-01,0.00000000,0.00000000,0.125728827E-01,0.128376335E-01,1.00000000,291.000000,18.3500061,857.596313,1455.00000,-1000.00000,0.00000000,0.00000000,0.279993296,0.279993296,286.500427,0.273329407,0.00000000
2,2,usgs_crop_rain,7,180.000000,2,F,F,0,0,T,16,24,0.500000000,28,19,1,1004.50000,0.285714298,9.81000042,2500000.00,0.567051011E-07,1.00000000,3,4,1.00000000,0.00000000,287.000000,10.0000000,95.0000000,80.0000000,1.50000000,0.200000003,345.000000,505.000000,0.149999997E-01,0.140000004E-01,14.0000000,0.180000007,60.0000000,98000.0000,291.000000,0.104999999E-01,0.999999975E-05,1.17999995,0.00000000,0.00000000,0.00000000,0.481081992,0.639999986,0.180000007,0.920000017,5.67999983,0.955228388,0.117079914E-01,0.177941173,0.177941173,290.236481,-10.6571531,0.235974221E-04,58.9935570,7.50849533,0.204055622,0.00000000,0.204055622,-5.04107332,3.25000000,0.00000000,0.117554972E-01,0.00000000,0.00000000,0.116189113E-01,0.123610245E-01,1.00000000,291.000000,18.3500061,856.410095,1455.00000,-1000.00000,0.00000000,0.00000000,0.283998996,0.283998996,285.600128,0.277777731,0.00000000,0.00000000,0.00000000,0.00000000,0.498766661,0.639999986,0.180000007,0.920000017,5.67999983,0.970379710,0.117079914E-01,0.177941173,0.177941173,290.835052,-2.30232668,0.229461293E-04,57.3653221,7.51675606,0.495953798,0.00000000,0.495953798,-69.8699036,3.25000000,0.00000000,0.127329733E-01,0.00000000,0.00000000,0.125728827E-01,0.128376335E-01,1.00000000,291.000000,18.3500061,857.596313,1455.00000,-1000.00000,0.00000000,0.00000000,0.283998013,0.283998013,285.600250,0.277776629,0.00000000
2,2,usgs_crop_rain,8,180.000000,2,F,F,0,0,T,16,24,0.500000000,28,19,1,1004.50000,0.285714298,9.81000042,2500000.00,0.567051011E-07,1.60000002,3,4,1.00000000,0.00000000,287.000000,10.0000000,95.0000000,80.0000000,1.50000000,0.200000003,345.000000,505.000000,0.149999997E-01,0.140000004E-01,14.0000000,0.180000007,60.0000000,98000.0000,291.000000,0.104999999E-01,0.999999975E-05,1.17999995,0.00000000,0.00000000,0.00000000,0.481081992,0.639999986,0.180000007,0.920000017,5.67999983,0.955228388,0.117079914E-01,0.177941173,0.177941173,290.236481,-10.6571531,0.235974221E-04,58.9935570,7.50849533,0.204055622,0.00000000,0.204055622,-5.04107332,3.25000000,0.00000000,0.117554972E-01,0.00000000,0.00000000,0.116189113E-01,0.123610245E-01,1.00000000,291.000000,18.3500061,856.410095,1455.00000,-1000.00000,0.00000000,0.00000000,0.287999272,0.287999272,284.700073,0.282222182,0.00000000,0.00000000,0.00000000,0.00000000,0.498766661,0.639999986,0.180000007,0.920000017,5.67999983,0.970379710,0.117079914E-01,0.177941173,0.177941173,290.835052,-2.30232668,0.229461293E-04,57.3653221,7.51675606,0.495953798,0.00000000,0.495953798,-69.8699036,3.25000000,0.00000000,0.127329733E-01,0.00000000,0.00000000,0.125728827E-01,0.128376335E-01,1.00000000,291.000000,18.3500061,857.596313,1455.00000,-1000.00000,0.00000000,0.00000000,0.287998557,0.287998557,284.700378,0.282221407,0.00000000
2,2,usgs_crop_rain,9,180.000000,2,F,F,0,0,T,16,24,0.500000000,28,19,1,1004.50000,0.285714298,9.81000042,2500000.00,0.567051011E-07,3.00000000,3,4,1.00000000,0.00000000,287.000000,10.0000000,95.0000000,80.0000000,1.50000000,0.200000003,345.000000,505.000000,0.149999997E-01,0.140000004E-01,14.0000000,0.180000007,60.0000000,98000.0000,291.000000,0.104999999E-01,0.999999975E-05,1.17999995,0.00000000,0.00000000,0.00000000,0.481081992,0.639999986,0.180000007,0.920000017,5.67999983,0.955228388,0.117079914E-01,0.177941173,0.177941173,290.236481,-10.6571531,0.235974221E-04,58.9935570,7.50849533,0.204055622,0.00000000,0.204055622,-5.04107332,3.25000000,0.00000000,0.117554972E-01,0.00000000,0.00000000,0.116189113E-01,0.123610245E-01,1.00000000,291.000000,18.3500061,856.410095,1455.00000,-1000.00000,0.00000000,0.00000000,0.291999996,0.291999996,287.000000,0.286666632,0.00000000,0.00000000,0.00000000,0.00000000,0.498766661,0.639999986,0.180000007,0.920000017,5.67999983,0.970379710,0.117079914E-01,0.177941173,0.177941173,290.835052,-2.30232668,0.229461293E-04,57.3653221,7.51675606,0.495953798,0.00000000,0.495953798,-69.8699036,3.25000000,0.00000000,0.127329733E-01,0.00000000,0.00000000,0.125728827E-01,0.128376335E-01,1.00000000,291.000000,18.3500061,857.596313,1455.00000,-1000.00000,0.00000000,0.00000000,0.291999996,0.291999996,287.000000,0.286666632,0.00000000
2,2,usgs_grass_allsnow,1,180.000000,2,F,F,0,0,T,16,24,0.500000000,28,19,1,1004.50000,0.285714298,9.81000042,2500000.00,0.567051011E-07,0.00000000,7,6,1.00000000,0.00000000,281.000000,12.0000000,88.0000000,60.0000000,0.699999988,0.200000003,295.000000,415.000000,0.109999999E-01,0.999999978E-02,10.0000000,0.189999998,60.0000000,98000.0000,270.000000,0.260000001E-02,0.00000000,1.17999995,0.618787825,0.800043810E-02,0.193513371E-01,0.140243813,0.639999986,0.639999986,0.920000017,2.90000010,1.00000000,0.841822661E-02,0.750000030E-01,0.750000030E-01,270.337769,3.38983560,0.269188149E-05,7.63148403,7.50096893,0.00000000,0.00000000,0.00000000,18.9730206,3.25000000,0.00000000,0.306779798E-02,0.00000000,0.00000000,0.305841514E-02,0.306779798E-02,1.00000000,270.478638,-8.36346436,1016.53503,1353.00000,77.3442383,0.699999988,0.905044749E-02,0.321064949,0.133563936,270.478638,0.211667642,1.00000000,1.23683441,0.159912910E-01,0.386763811E-01,0.220376447,0.639999986,0.639999986,0.980000019,2.90000010,1.00000000,0.841822661E-02,0.750000030E-01,0.750000030E-01,271.843170,18.4980030,0.506130891E-05,14.3488111,7.50279140,0.00000000,0.00000000,0.00000000,-31.7857571,3.25000000,0.00000000,0.347956503E-02,0.00000000,0.00000000,0.346749951E-02,0.347956503E-02,1.00000000,271.228668,10.4983826,1016.51978,1353.00000,77.3442383,0.699999988,0.181008950E-01,0.321758181,0.142058492,271.228668,0.208334431,1.00000000
2,2,usgs_grass_allsnow,2,180.000000,2,F,F,0,0,T,16,24,0.500000000,28,19,1,1004.50000,0.285714298,9.81000042,2500000.00,0.567051011E-07,0.999999978E-02,7,6,1.00000000,0.00000000,281.000000,12.0000000,88.0000000,60.0000000,0.699999988,0.200000003,295.000000,415.000000,0.109999999E-01,0.999999978E-02,10.0000000,0.189999998,60.0000000,98000.0000,270.000000,0.260000001E-02,0.00000000,1.17999995,0.618787825,0.800043810E-02,0.193513371E-01,0.140243813,0.639999986,0.639999986,0.920000017,2.90000010,1.00000000,0.841822661E-02,0.750000030E-01,0.750000030E-01,270.337769,3.38983560,0.269188149E-05,7.63148403,7.50096893,0.00000000,0.00000000,0.00000000,18.9730206,3.25000000,0.00000000,0.306779798E-02,0.00000000,0.00000000,0.305841514E-02,0.306779798E-02,1.00000000,270.478638,-8.36346436,1016.53503,1353.00000,77.3442383,0.699999988,0.905044749E-02,0.322970659,0.135278255,270.654480,0.206879795,0.00000000,1.23683441,0.159912910E-01,0.386763811E-01,0.220376447,0.639999986,0.639999986,0.980000019,2.90000010,1.00000000,0.841822661E-02,0.750000030E-01,0.750000030E-01,271.843170,18.4980030,0.506130891E-05,14.3488111,7.50279140,0.00000000,0.00000000,0.00000000,-31.7857571,3.25000000,0.00000000,0.347956503E-02,0.00000000,0.00000000,0.346749951E-02,0.347956503E-02,1.00000000,271.228668,10.4983826,1016.51978,1353.00000,77.3442383,0.699999988,0.181008950E-01,0.323005438,0.137302786,270.844879,0.208547086,1.00000000
2,2,usgs_grass_allsnow,3,180.000000,2,F,F,0,0,T,16,24,0.500000000,28,19,1,1004.50000,0.285714298,9.81000042,2500000.00,0.567051011E-07,0.399999991E-01,7,6,1.00000000,0.00000000,281.000000,12.0000000,88.0000000,60.0000000,0.699999988,0.200000003,295.000000,415.000000,0.109999999E-01,0.999999978E-02,10.0000000,0.189999998,60.0000000,98000.0000,270.000000,0.260000001E-02,0.00000000,1.17999995,0.618787825,0.800043810E-02,0.193513371E-01,0.140243813,0.639999986,0.639999986,0.920000017,2.90000010,1.00000000,0.841822661E-02,0.750000030E-01,0.750000030E-01,270.337769,3.38983560,0.269188149E-05,7.63148403,7.50096893,0.00000000,0.00000000,0.00000000,18.9730206,3.25000000,0.00000000,0.306779798E-02,0.00000000,0.00000000,0.305841514E-02,0.306779798E-02,1.00000000,270.478638,-8.36346436,1016.53503,1353.00000,77.3442383,0.699999988,0.905044749E-02,0.325991392,0.147465765,271.577057,0.197921380,0.00000000,1.23683441,0.159912910E-01,0.386763811E-01,0.220376447,0.639999986,0.639999986,0.980000019,2.90000010,1.00000000,0.841822661E-02,0.750000030E-01,0.750000030E-01,271.843170,18.4980030,0.506130891E-05,14.3488111,7.50279140,0.00000000,0.00000000,0.00000000,-31.7857571,3.25000000,0.00000000,0.347956503E-02,0.00000000,0.00000000,0.346749951E-02,0.347956503E-02,1.00000000,271.228668,10.4983826,1016.51978,1353.00000,77.3442383,0.699999988,0.181008950E-01,0.325986683,0.147081867,271.554932,0.198361784,0.00000000
2,2,usgs_grass_allsnow,4,180.000000,2,F,F,0,0,T,16,24,0.500000000,28,19,1,1004.50000,0.285714298,9.81000042,2500000.00,0.567051011E-07,0.100000001,7,6,1.00000000,0.00000000,281.000000,12.0000000,88.0000000,60.0000000,0.699999988,0.200000003,295.000000,415.000000,0.109999999E-01,0.999999978E-02,10.0000000,0.189999998,60.0000000,98000.0000,270.000000,0.260000001E-02,0.00000000,1.17999995,0.618787825,0.800043810E-02,0.193513371E-01,0.140243813,0.639999986,0.639999986,0.920000017,2.90000010,1.00000000,0.841822661E-02,0.750000030E-01,0.750000030E-01,270.337769,3.38983560,0.269188149E-05,7.63148403,7.50096893,0.00000000,0.00000000,0.00000000,18.9730206,3.25000000,0.00000000,0.306779798E-02,0.00000000,0.00000000,0.305841514E-02,0.306779798E-02,1.00000000,270.478638,-8.36346436,1016.53503,1353.00000,77.3442383,0.699999988,0.905044749E-02,0.328954875,0.169160351,272.397095,0.177464634,0.00000000,1.23683441,0.159912910E-01,0.386763811E-01,0.220376447,0.639999986,0.639999986,0.980000019,2.90000010,1.00000000,0.841822661E-02,0.750000030E-01,0.750000030E-01,271.843170,18.4980030,0.506130891E-05,14.3488111,7.50279140,0.00000000,0.00000000,0.00000000,-31.7857571,3.25000000,0.00000000,0.347956503E-02,0.00000000,0.00000000,0.346749951E-02,0.347956503E-02,1.00000000,271.228668,10.4983826,1016.51978,1353.00000,77.3442383,0.699999988,0.181008950E-01,0.328910857,0.169033095,272.394043,0.177549452,0.00000000
2,2,usgs_grass_allsnow,5,180.000000,2,F,F,0,0,T,16,24,0.500000000,28,19,1,1004.50000,0.285714298,9.81000042,2500000.00,0.567051011E-07,0.300000012,7,6,1.00000000,0.00000000,281.000000,12.0000000,88.0000000,60.0000000,0.699999988,0.200000003,295.000000,415.000000,0.109999999E-01,0.999999978E-02,10.0000000,0.189999998,60.0000000,98000.0000,270.000000,0.260000001E-02,0.00000000,1.17999995,0.618787825,0.800043810E-02,0.193513371E-01,0.140243813,0.639999986,0.639999986,0.920000017,2.90000010,1.00000000,0.841822661E-02,0.750000030E-01,0.750000030E-01,270.337769,3.38983560,0.269188149E-05,7.63148403,7.50096893,0.00000000,0.00000000,0.00000000,18.9730206,3.25000000,0.00000000,0.306779798E-02,0.00000000,0.00000000,0.305841514E-02,0.306779798E-02,1.00000000,270.478638,-8.36346436,1016.53503,1353.00000,77.3442383,0.699999988,0.905044749E-02,0.331987262,0.331987262,273.201141,0.313333303,0.00000000,1.23683441,0.159912910E-01,0.386763811E-01,0.220376447,0.639999986,0.639999986,0.980000019,2.90000010,1.00000000,0.841822661E-02,0.750000030E-01,0.750000030E-01,271.843170,18.4980030,0.506130891E-05,14.3488111,7.50279140,0.00000000,0.00000000,0.00000000,-31.7857571,3.25000000,0.00000000,0.347956503E-02,0.00000000,0.00000000,0.346749951E-02,0.347956503E-02,1.00000000,271.228668,10.4983826,1016.51978,1353.00000,77.3442383,0.699999988,0.181008950E-01,0.331974447,0.331974447,273.202301,0.313319147,0.00000000
2,2,usgs_grass_allsnow,6,180.000000,2,F,F,0,0,T,16,24,0.500000000,28,19,1,1004.50000,0.285714298,9.81000042,2500000.00,0.567051011E-07,0.600000024,7,6,1.00000000,0.00000000,281.000000,12.0000000,88.0000000,60.0000000,0.699999988,0.200000003,295.000000,415.000000,0.109999999E-01,0.999999978E-02,10.0000000,0.189999998,60.0000000,98000.0000,270.000000,0.260000001E-02,0.00000000,1.17999995,0.618787825,0.800043810E-02,0.193513371E-01,0.140243813,0.639999986,0.639999986,0.920000017,2.90000010,1.00000000,0.841822661E-02,0.750000030E-01,0.750000030E-01,270.337769,3.38983560,0.269188149E-05,7.63148403,7.50096893,0.00000000,0.00000000,0.00000000,18.9730206,3.25000000,0.00000000,0.306779798E-02,0.00000000,0.00000000,0.305841514E-02,0.306779798E-02,1.00000000,270.478638,-8.36346436,1016.53503,1353.00000,77.3442383,0.699999988,0.905044749E-02,0.334991813,0.334991813,273.999725,0.316666603,0.00000000,1.23683441,0.159912910E-01,0.386763811E-01,0.220376447,0.639999986,0.639999986,0.980000019,2.90000010,1.00000000,0.841822661E-02,0.750000030E-01,0.750000030E-01,271.843170,18.4980030,0.506130891E-05,14.3488111,7.50279140,0.00000000,0.00000000,0.00000000,-31.7857571,3.25000000,0.00000000,0.347956503E-02,0.00000000,0.00000000,0.346749951E-02,0.347956503E-02,1.00000000,271.228668,10.4983826,1016.51978,1353.00000,77.3442383,0.699999988,0.181008950E-01,0.334983647,0.334983647,273.999451,0.316657543,0.00000000
2,2,usgs_grass_allsnow,7,180.000000,2,F,F,0,0,T,16,24,0.500000000,28,19,1,1004.50000,0.285714298,9.81000042,2500000.00,0.567051011E-07,1.00000000,7,6,1.00000000,0.00000000,281.000000,12.0000000,88.0000000,60.0000000,0.699999988,0.200000003,295.000000,415.000000,0.109999999E-01,0.999999978E-02,10.0000000,0.189999998,60.0000000,98000.0000,270.000000,0.260000001E-02,0.00000000,1.17999995,0.618787825,0.800043810E-02,0.193513371E-01,0.140243813,0.639999986,0.639999986,0.920000017,2.90000010,1.00000000,0.841822661E-02,0.750000030E-01,0.750000030E-01,270.337769,3.38983560,0.269188149E-05,7.63148403,7.50096893,0.00000000,0.00000000,0.00000000,18.9730206,3.25000000,0.00000000,0.306779798E-02,0.00000000,0.00000000,0.305841514E-02,0.306779798E-02,1.00000000,270.478638,-8.36346436,1016.53503,1353.00000,77.3442383,0.699999988,0.905044749E-02,0.337993413,0.337993413,274.799835,0.319999963,0.00000000,1.23683441,0.159912910E-01,0.386763811E-01,0.220376447,0.639999986,0.639999986,0.980000019,2.90000010,1.00000000,0.841822661E-02,0.750000030E-01,0.750000030E-01,271.843170,18.4980030,0.506130891E-05,14.3488111,7.50279140,0.00000000,0.00000000,0.00000000,-31.7857571,3.25000000,0.00000000,0.347956503E-02,0.00000000,0.00000000,0.346749951E-02,0.347956503E-02,1.00000000,271.228668,10.4983826,1016.51978,1353.00000,77.3442383,0.699999988,0.181008950E-01,0.337986887,0.337986887,274.799683,0.319992661,0.00000000
2,2,usgs_grass_allsnow,8,180.000000,2,F,F,0,0,T,16,24,0.500000000,28,19,1,1004.50000,0.285714298,9.81000042,2500000.00,0.567051011E-07,1.60000002,7,6,1.00000000,0.00000000,281.000000,12.0000000,88.0000000,60.0000000,0.699999988,0.200000003,295.000000,415.000000,0.109999999E-01,0.999999978E-02,10.0000000,0.189999998,60.0000000,98000.0000,270.000000,0.260000001E-02,0.00000000,1.17999995,0.618787825,0.800043810E-02,0.193513371E-01,0.140243813,0.639999986,0.639999986,0.920000017,2.90000010,1.00000000,0.841822661E-02,0.750000030E-01,0.750000030E-01,270.337769,3.38983560,0.269188149E-05,7.63148403,7.50096893,0.00000000,0.00000000,0.00000000,18.9730206,3.25000000,0.00000000,0.306779798E-02,0.00000000,0.00000000,0.305841514E-02,0.306779798E-02,1.00000000,270.478638,-8.36346436,1016.53503,1353.00000,77.3442383,0.699999988,0.905044749E-02,0.340995908,0.340995908,275.599884,0.323333293,0.00000000,1.23683441,0.159912910E-01,0.386763811E-01,0.220376447,0.639999986,0.639999986,0.980000019,2.90000010,1.00000000,0.841822661E-02,0.750000030E-01,0.750000030E-01,271.843170,18.4980030,0.506130891E-05,14.3488111,7.50279140,0.00000000,0.00000000,0.00000000,-31.7857571,3.25000000,0.00000000,0.347956503E-02,0.00000000,0.00000000,0.346749951E-02,0.347956503E-02,1.00000000,271.228668,10.4983826,1016.51978,1353.00000,77.3442383,0.699999988,0.181008950E-01,0.340991795,0.340991795,275.600128,0.323328763,0.00000000
2,2,usgs_grass_allsnow,9,180.000000,2,F,F,0,0,T,16,24,0.500000000,28,19,1,1004.50000,0.285714298,9.81000042,2500000.00,0.567051011E-07,3.00000000,7,6,1.00000000,0.00000000,281.000000,12.0000000,88.0000000,60.0000000,0.699999988,0.200000003,295.000000,415.000000,0.109999999E-01,0.999999978E-02,10.0000000,0.189999998,60.0000000,98000.0000,270.000000,0.260000001E-02,0.00000000,1.17999995,0.618787825,0.800043810E-02,0.193513371E-01,0.140243813,0.639999986,0.639999986,0.920000017,2.90000010,1.00000000,0.841822661E-02,0.750000030E-01,0.750000030E-01,270.337769,3.38983560,0.269188149E-05,7.63148403,7.50096893,0.00000000,0.00000000,0.00000000,18.9730206,3.25000000,0.00000000,0.306779798E-02,0.00000000,0.00000000,0.305841514E-02,0.306779798E-02,1.00000000,270.478638,-8.36346436,1016.53503,1353.00000,77.3442383,0.699999988,0.905044749E-02,0.343999982,0.343999982,281.000000,0.326666623,0.00000000,1.23683441,0.159912910E-01,0.386763811E-01,0.220376447,0.639999986,0.639999986,0.980000019,2.90000010,1.00000000,0.841822661E-02,0.750000030E-01,0.750000030E-01,271.843170,18.4980030,0.506130891E-05,14.3488111,7.50279140,0.00000000,0.00000000,0.00000000,-31.7857571,3.25000000,0.00000000,0.347956503E-02,0.00000000,0.00000000,0.346749951E-02,0.347956503E-02,1.00000000,271.228668,10.4983826,1016.51978,1353.00000,77.3442383,0.699999988,0.181008950E-01,0.343999982,0.343999982,281.000000,0.326666623,0.00000000
2,2,usgs_crop_snowpack,1,180.000000,2,F,F,0,0,T,16,24,0.500000000,28,19,1,1004.50000,0.285714298,9.81000042,2500000.00,0.567051011E-07,0.00000000,2,3,1.00000000,0.00000000,277.000000,8.00000000,92.0000000,75.0000000,1.10000002,0.200000003,245.000000,140.000000,0.899999961E-02,0.800000038E-02,8.00000000,0.170000002,60.0000000,98000.0000,266.000000,0.190000003E-02,0.299999992E-04,1.17999995,15.9057140,0.779663473E-01,0.496745825,0.334183335,0.639999986,0.639999986,0.980000019,5.67999983,0.881448388,0.673853466E-02,0.174702376,0.174702376,265.035309,-7.74983644,0.212516312E-06,0.602483749,7.50007629,0.00000000,0.00000000,0.00000000,1.35341287,3.25000000,0.00000000,0.194632565E-02,0.00000000,0.00000000,0.194254483E-02,0.194632565E-02,1.00000000,265.433502,-7.91558838,694.250000,1305.00000,63.8490067,1.10000002,0.172281470E-01,0.200001448,0.779615417E-01,265.433502,0.136587754,1.00000000,16.8396912,0.863833502E-01,0.525918126,0.499960840,0.639999986,0.639999986,0.980000019,5.67999983,0.888318777,0.673853466E-02,0.174702376,0.174702376,265.504761,-3.97849965,0.508506787E-06,1.44161677,7.50025940,0.00000000,0.00000000,0.00000000,0.481010586,3.25000000,0.00000000,0.202781707E-02,0.00000000,0.00000000,0.202371320E-02,0.202781707E-02,1.00000000,265.661560,-7.56683350,694.250000,1305.00000,63.8490067,1.10000002,0.344562940E-01,0.200000674,0.784540772E-01,265.661560,0.135599881,0.00000000
2,2,usgs_crop_snowpack,2,180.000000,2,F,F,0,0,T,16,24,0.500000000,28,19,1,1004.50000,0.285714298,9.81000042,2500000.00,0.567051011E-07,0.999999978E-02,2,3,1.00000000,0.00000000,277.000000,8.00000000,92.0000000,75.0000000,1.10000002,0.200000003,245.000000,140.000000,0.899999961E-02,0.800000038E-02,8.00000000,0.170000002,60.0000000,98000.0000,266.000000,0.190000003E-02,0.299999992E-04,1.17999995,15.9057140,0.779663473E-01,0.496745825,0.334183335,0.639999986,0.639999986,0.980000019,5.67999983,0.881448388,0.673853466E-02,0.174702376,0.174702376,265.035309,-7.74983644,0.212516312E-06,0.602483749,7.50007629,0.00000000,0.00000000,0.00000000,1.35341287,3.25000000,0.00000000,0.194632565E-02,0.00000000,0.00000000,0.194254483E-02,0.194632565E-02,1.00000000,265.433502,-7.91558838,694.250000,1305.00000,63.8490067,1.10000002,0.172281470E-01,0.204999775,0.787245706E-01,265.783417,0.139757052,0.00000000,16.8396912,0.863833502E-01,0.525918126,0.499960840,0.639999986,0.639999986,0.980000019,5.67999983,0.888318777,0.673853466E-02,0.174702376,0.174702376,265.504761,-3.97849965,0.508506787E-06,1.44161677,7.50025940,0.00000000,0.00000000,0.00000000,0.481010586,3.25000000,0.00000000,0.202781707E-02,0.00000000,0.00000000,0.202371320E-02,0.202781707E-02,1.00000000,265.661560,-7.56683350,694.250000,1305.00000,63.8490067,1.10000002,0.344562940E-01,0.204999536,0.787253827E-01,265.783783,0.140305772,0.00000000
2,2,usgs_crop_snowpack,3,180.000000,2,F,F,0,0,T,16,24,0.500000000,28,19,1,1004.50000,0.285714298,9.81000042,2500000.00,0.567051011E-07,0.399999991E-01,2,3,1.00000000,0.00000000,277.000000,8.00000000,92.0000000,75.0000000,1.10000002,0.200000003,245.000000,140.000000,0.899999961E-02,0.800000038E-02,8.00000000,0.170000002,60.0000000,98000.0000,266.000000,0.190000003E-02,0.299999992E-04,1.17999995,15.9057140,0.779663473E-01,0.496745825,0.334183335,0.639999986,0.639999986,0.980000019,5.67999983,0.881448388,0.673853466E-02,0.174702376,0.174702376,265.035309,-7.74983644,0.212516312E-06,0.602483749,7.50007629,0.00000000,0.00000000,0.00000000,1.35341287,3.25000000,0.00000000,0.194632565E-02,0.00000000,0.00000000,0.194254483E-02,0.194632565E-02,1.00000000,265.433502,-7.91558838,694.250000,1305.00000,63.8490067,1.10000002,0.172281470E-01,0.209999979,0.816017911E-01,266.944580,0.142494664,0.00000000,16.8396912,0.863833502E-01,0.525918126,0.499960840,0.639999986,0.639999986,0.980000019,5.67999983,0.888318777,0.673853466E-02,0.174702376,0.174702376,265.504761,-3.97849965,0.508506787E-06,1.44161677,7.50025940,0.00000000,0.00000000,0.00000000,0.481010586,3.25000000,0.00000000,0.202781707E-02,0.00000000,0.00000000,0.202371320E-02,0.202781707E-02,1.00000000,265.661560,-7.56683350,694.250000,1305.00000,63.8490067,1.10000002,0.344562940E-01,0.209999979,0.814406276E-01,266.885559,0.142664641,0.00000000
2,2,usgs_crop_snowpack,4,180.000000,2,F,F,0,0,T,16,24,0.500000000,28,19,1,1004.50000,0.285714298,9.81000042,2500000.00,0.567051011E-07,0.100000001,2,3,1.00000000,0.00000000,277.000000,8.00000000,92.0000000,75.0000000,1.10000002,0.200000003,245.000000,140.000000,0.899999961E-02,0.800000038E-02,8.00000000,0.170000002,60.0000000,98000.0000,266.000000,0.190000003E-02,0.299999992E-04,1.17999995,15.9057140,0.779663473E-01,0.496745825,0.334183335,0.639999986,0.639999986,0.980000019,5.67999983,0.881448388,0.673853466E-02,0.174702376,0.174702376,265.035309,-7.74983644,0.212516312E-06,0.602483749,7.50007629,0.00000000,0.00000000,0.00000000,1.35341287,3.25000000,0.00000000,0.194632565E-02,0.00000000,0.00000000,0.194254483E-02,0.194632565E-02,1.00000000,265.433502,-7.91558838,694.250000,1305.00000,63.8490067,1.10000002,0.172281470E-01,0.214999974,0.847965255E-01,267.988892,0.144628286,0.00000000,16.8396912,0.863833502E-01,0.525918126,0.499960840,0.639999986,0.639999986,0.980000019,5.67999983,0.888318777,0.673853466E-02,0.174702376,0.174702376,265.504761,-3.97849965,0.508506787E-06,1.44161677,7.50025940,0.00000000,0.00000000,0.00000000,0.481010586,3.25000000,0.00000000,0.202781707E-02,0.00000000,0.00000000,0.202371320E-02,0.202781707E-02,1.00000000,265.661560,-7.56683350,694.250000,1305.00000,63.8490067,1.10000002,0.344562940E-01,0.214999944,0.847561136E-01,267.977051,0.144670486,0.00000000
2,2,usgs_crop_snowpack,5,180.000000,2,F,F,0,0,T,16,24,0.500000000,28,19,1,1004.50000,0.285714298,9.81000042,2500000.00,0.567051011E-07,0.300000012,2,3,1.00000000,0.00000000,277.000000,8.00000000,92.0000000,75.0000000,1.10000002,0.200000003,245.000000,140.000000,0.899999961E-02,0.800000038E-02,8.00000000,0.170000002,60.0000000,98000.0000,266.000000,0.190000003E-02,0.299999992E-04,1.17999995,15.9057140,0.779663473E-01,0.496745825,0.334183335,0.639999986,0.639999986,0.980000019,5.67999983,0.881448388,0.673853466E-02,0.174702376,0.174702376,265.035309,-7.74983644,0.212516312E-06,0.602483749,7.50007629,0.00000000,0.00000000,0.00000000,1.35341287,3.25000000,0.00000000,0.194632565E-02,0.00000000,0.00000000,0.194254483E-02,0.194632565E-02,1.00000000,265.433502,-7.91558838,694.250000,1305.00000,63.8490067,1.10000002,0.172281470E-01,0.219999969,0.887191817E-01,268.999084,0.145863056,0.00000000,16.8396912,0.863833502E-01,0.525918126,0.499960840,0.639999986,0.639999986,0.980000019,5.67999983,0.888318777,0.673853466E-02,0.174702376,0.174702376,265.504761,-3.97849965,0.508506787E-06,1.44161677,7.50025940,0.00000000,0.00000000,0.00000000,0.481010586,3.25000000,0.00000000,0.202781707E-02,0.00000000,0.00000000,0.202371320E-02,0.202781707E-02,1.00000000,265.661560,-7.56683350,694.250000,1305.00000,63.8490067,1.10000002,0.344562940E-01,0.219999939,0.887151212E-01,268.998169,0.145867527,0.00000000
2,2,usgs_crop_snowpack,6,180.000000,2,F,F,0,0,T,16,24,0.500000000,28,19,1,1004.50000,0.285714298,9.81000042,2500000.00,0.567051011E-07,0.600000024,2,3,1.00000000,0.00000000,277.000000,8.00000000,92.0000000,75.0000000,1.10000002,0.200000003,245.000000,140.000000,0.899999961E-02,0.800000038E-02,8.00000000,0.170000002,60.0000000,98000.0000,266.000000,0.190000003E-02,0.299999992E-04,1.17999995,15.9057140,0.779663473E-01,0.496745825,0.334183335,0.639999986,0.639999986,0.980000019,5.67999983,0.881448388,0.673853466E-02,0.174702376,0.174702376,265.035309,-7.74983644,0.212516312E-06,0.602483749,7.50007629,0.00000000,0.00000000,0.00000000,1.35341287,3.25000000,0.00000000,0.194632565E-02,0.00000000,0.00000000,0.194254483E-02,0.194632565E-02,1.00000000,265.433502,-7.91558838,694.250000,1305.00000,63.8490067,1.10000002,0.172281470E-01,0.224999964,0.939277261E-01,269.999695,0.145633742,0.00000000,16.8396912,0.863833502E-01,0.525918126,0.499960840,0.639999986,0.639999986,0.980000019,5.67999983,0.888318777,0.673853466E-02,0.174702376,0.174702376,265.504761,-3.97849965,0.508506787E-06,1.44161677,7.50025940,0.00000000,0.00000000,0.00000000,0.481010586,3.25000000,0.00000000,0.202781707E-02,0.00000000,0.00000000,0.202371320E-02,0.202781707E-02,1.00000000,265.661560,-7.56683350,694.250000,1305.00000,63.8490067,1.10000002,0.344562940E-01,0.224999934,0.939254761E-01,269.999329,0.145635799,0.00000000
2,2,usgs_crop_snowpack,7,180.000000,2,F,F,0,0,T,16,24,0.500000000,28,19,1,1004.50000,0.285714298,9.81000042,2500000.00,0.567051011E-07,1.00000000,2,3,1.00000000,0.00000000,277.000000,8.00000000,92.0000000,75.0000000,1.10000002,0.200000003,245.000000,140.000000,0.899999961E-02,0.800000038E-02,8.00000000,0.170000002,60.0000000,98000.0000,266.000000,0.190000003E-02,0.299999992E-04,1.17999995,15.9057140,0.779663473E-01,0.496745825,0.334183335,0.639999986,0.639999986,0.980000019,5.67999983,0.881448388,0.673853466E-02,0.174702376,0.174702376,265.035309,-7.74983644,0.212516312E-06,0.602483749,7.50007629,0.00000000,0.00000000,0.00000000,1.35341287,3.25000000,0.00000000,0.194632565E-02,0.00000000,0.00000000,0.194254483E-02,0.194632565E-02,1.00000000,265.433502,-7.91558838,694.250000,1305.00000,63.8490067,1.10000002,0.172281470E-01,0.230000049,0.101618513,270.999786,0.142643809,0.00000000,16.8396912,0.863833502E-01,0.525918126,0.499960840,0.639999986,0.639999986,0.980000019,5.67999983,0.888318777,0.673853466E-02,0.174702376,0.174702376,265.504761,-3.97849965,0.508506787E-06,1.44161677,7.50025940,0.00000000,0.00000000,0.00000000,0.481010586,3.25000000,0.00000000,0.202781707E-02,0.00000000,0.00000000,0.202371320E-02,0.202781707E-02,1.00000000,265.661560,-7.56683350,694.250000,1305.00000,63.8490067,1.10000002,0.344562940E-01,0.230000079,0.101616427,270.999573,0.142646134,0.00000000
2,2,usgs_crop_snowpack,8,180.000000,2,F,F,0,0,T,16,24,0.500000000,28,19,1,1004.50000,0.285714298,9.81000042,2500000.00,0.567051011E-07,1.60000002,2,3,1.00000000,0.00000000,277.000000,8.00000000,92.0000000,75.0000000,1.10000002,0.200000003,245.000000,140.000000,0.899999961E-02,0.800000038E-02,8.00000000,0.170000002,60.0000000,98000.0000,266.000000,0.190000003E-02,0.299999992E-04,1.17999995,15.9057140,0.779663473E-01,0.496745825,0.334183335,0.639999986,0.639999986,0.980000019,5.67999983,0.881448388,0.673853466E-02,0.174702376,0.174702376,265.035309,-7.74983644,0.212516312E-06,0.602483749,7.50007629,0.00000000,0.00000000,0.00000000,1.35341287,3.25000000,0.00000000,0.194632565E-02,0.00000000,0.00000000,0.194254483E-02,0.194632565E-02,1.00000000,265.433502,-7.91558838,694.250000,1305.00000,63.8490067,1.10000002,0.172281470E-01,0.235000014,0.115547590,271.999939,0.132723510,0.00000000,16.8396912,0.863833502E-01,0.525918126,0.499960840,0.639999986,0.639999986,0.980000019,5.67999983,0.888318777,0.673853466E-02,0.174702376,0.174702376,265.504761,-3.97849965,0.508506787E-06,1.44161677,7.50025940,0.00000000,0.00000000,0.00000000,0.481010586,3.25000000,0.00000000,0.202781707E-02,0.00000000,0.00000000,0.202371320E-02,0.202781707E-02,1.00000000,265.661560,-7.56683350,694.250000,1305.00000,63.8490067,1.10000002,0.344562940E-01,0.235000014,0.115555756,272.000336,0.132724896,0.00000000
2,2,usgs_crop_snowpack,9,180.000000,2,F,F,0,0,T,16,24,0.500000000,28,19,1,1004.50000,0.285714298,9.81000042,2500000.00,0.567051011E-07,3.00000000,2,3,1.00000000,0.00000000,277.000000,8.00000000,92.0000000,75.0000000,1.10000002,0.200000003,245.000000,140.000000,0.899999961E-02,0.800000038E-02,8.00000000,0.170000002,60.0000000,98000.0000,266.000000,0.190000003E-02,0.299999992E-04,1.17999995,15.9057140,0.779663473E-01,0.496745825,0.334183335,0.639999986,0.639999986,0.980000019,5.67999983,0.881448388,0.673853466E-02,0.174702376,0.174702376,265.035309,-7.74983644,0.212516312E-06,0.602483749,7.50007629,0.00000000,0.00000000,0.00000000,1.35341287,3.25000000,0.00000000,0.194632565E-02,0.00000000,0.00000000,0.194254483E-02,0.194632565E-02,1.00000000,265.433502,-7.91558838,694.250000,1305.00000,63.8490067,1.10000002,0.172281470E-01,0.240000010,0.175237060,277.000000,0.719588324E-01,0.00000000,16.8396912,0.863833502E-01,0.525918126,0.499960840,0.639999986,0.639999986,0.980000019,5.67999983,0.888318777,0.673853466E-02,0.174702376,0.174702376,265.504761,-3.97849965,0.508506787E-06,1.44161677,7.50025940,0.00000000,0.00000000,0.00000000,0.481010586,3.25000000,0.00000000,0.202781707E-02,0.00000000,0.00000000,0.202371320E-02,0.202781707E-02,1.00000000,265.661560,-7.56683350,694.250000,1305.00000,63.8490067,1.10000002,0.344562940E-01,0.240000010,0.240000010,277.000000,0.221111104,0.00000000
2,2,usgs_forest_deep_pack,1,180.000000,2,F,F,0,0,T,16,24,0.500000000,28,19,1,1004.50000,0.285714298,9.81000042,2500000.00,0.567051011E-07,0.00000000,14,8,1.00000000,0.00000000,275.000000,25.0000000,96.0000000,90.0000000,0.300000012,0.200000003,230.000000,105.000000,0.700000022E-02,0.600000005E-02,6.00000000,0.119999997,60.0000000,98000.0000,262.000000,0.120000006E-02,0.00000000,1.17999995,160.235092,0.501496375,1.00000000,0.104707815,0.349999994,0.349999994,0.980000019,6.40000010,1.00000000,0.505686970E-02,0.800000012,0.800000012,261.032532,-5.83253384,0.328933936E-06,0.932527721,7.50011826,0.00000000,0.00000000,0.00000000,4.99040174,3.25000000,0.00000000,0.136371492E-02,0.00000000,0.00000000,0.136185763E-02,0.136371492E-02,1.00000000,263.979462,-10.4886780,1087.69995,1431.00000,60.2933006,0.300000012,0.497567747E-02,0.350118786,0.162162602,261.484070,0.209693819,1.00000000,160.470154,0.502994716,1.00000000,0.169410676,0.349999994,0.349999994,0.980000019,6.40000010,1.00000000,0.505686970E-02,0.800000012,0.800000012,261.228851,-4.64899063,0.368962986E-06,1.04601002,7.50025082,0.00000000,0.00000000,0.00000000,4.61837816,3.25000000,0.00000000,0.138807052E-02,0.00000000,0.00000000,0.138614641E-02,0.138807052E-02,1.00000000,263.960236,-10.3691101,1087.69958,1431.00000,60.2933006,0.300000012,0.995135494E-02,0.350230932,0.162705943,261.770172,0.208840191,1.00000000
2,2,usgs_forest_deep_pack,2,180.000000,2,F,F,0,0,T,16,24,0.500000000,28,19,1,1004.50000,0.285714298,9.81000042,2500000.00,0.567051011E-07,0.999999978E-02,14,8,1.00000000,0.00000000,275.000000,25.0000000,96.0000000,90.0000000,0.300000012,0.200000003,230.000000,105.000000,0.700000022E-02,0.600000005E-02,6.00000000,0.119999997,60.0000000,98000.0000,262.000000,0.120000006E-02,0.00000000,1.17999995,160.235092,0.501496375,1.00000000,0.104707815,0.349999994,0.349999994,0.980000019,6.40000010,1.00000000,0.505686970E-02,0.800000012,0.800000012,261.032532,-5.83253384,0.328933936E-06,0.932527721,7.50011826,0.00000000,0.00000000,0.00000000,4.99040174,3.25000000,0.00000000,0.136371492E-02,0.00000000,0.00000000,0.136185763E-02,0.136371492E-02,1.00000000,263.979462,-10.4886780,1087.69995,1431.00000,60.2933006,0.300000012,0.497567747E-02,0.351983726,0.163251907,262.049957,0.209163681,0.00000000,160.470154,0.502994716,1.00000000,0.169410676,0.349999994,0.349999994,0.980000019,6.40000010,1.00000000,0.505686970E-02,0.800000012,0.800000012,261.228851,-4.64899063,0.368962986E-06,1.04601002,7.50025082,0.00000000,0.00000000,0.00000000,4.61837816,3.25000000,0.00000000,0.138807052E-02,0.00000000,0.00000000,0.138614641E-02,0.138807052E-02,1.00000000,263.960236,-10.3691101,1087.69958,1431.00000,60.2933006,0.300000012,0.995135494E-02,0.351969004,0.163178325,262.012695,0.209702015,0.00000000
2,2,usgs_forest_deep_pack,3,180.000000,2,F,F,0,0,T,16,24,0.500000000,28,19,1,1004.50000,0.285714298,9.81000042,2500000.00,0.567051011E-07,0.399999991E-01,14,8,1.00000000,0.00000000,275.000000,25.0000000,96.0000000,90.0000000,0.300000012,0.200000003,230.000000,105.000000,0.700000022E-02,0.600000005E-02,6.00000000,0.119999997,60.0000000,98000.0000,262.000000,0.120000006E-02,0.00000000,1.17999995,160.235092,0.501496375,1.00000000,0.104707815,0.349999994,0.349999994,0.980000019,6.40000010,1.00000000,0.505686970E-02,0.800000012,0.800000012,261.032532,-5.83253384,0.328933936E-06,0.932527721,7.50011826,0.00000000,0.00000000,0.00000000,4.99040174,3.25000000,0.00000000,0.136371492E-02,0.00000000,0.00000000,0.136185763E-02,0.136371492E-02,1.00000000,263.979462,-10.4886780,1087.69995,1431.00000,60.2933006,0.300000012,0.497567747E-02,0.353997767,0.166446924,263.543671,0.208246782,0.00000000,160.470154,0.502994716,1.00000000,0.169410676,0.349999994,0.349999994,0.980000019,6.40000010,1.00000000,0.505686970E-02,0.800000012,0.800000012,261.228851,-4.64899063,0.368962986E-06,1.04601002,7.50025082,0.00000000,0.00000000,0.00000000,4.61837816,3.25000000,0.00000000,0.138807052E-02,0.00000000,0.00000000,0.138614641E-02,0.138807052E-02,1.00000000,263.960236,-10.3691101,1087.69958,1431.00000,60.2933006,0.300000012,0.995135494E-02,0.353995591,0.166305065,263.482239,0.208389819,0.00000000
2,2,usgs_forest_deep_pack,4,180.000000,2,F,F,0,0,T,16,24,0.500000000,28,19,1,1004.50000,0.285714298,9.81000042,2500000.00,0.567051011E-07,0.100000001,14,8,1.00000000,0.00000000,275.000000,25.0000000,96.0000000,90.0000000,0.300000012,0.200000003,230.000000,105.000000,0.700000022E-02,0.600000005E-02,6.00000000,0.119999997,60.0000000,98000.0000,262.000000,0.120000006E-02,0.00000000,1.17999995,160.235092,0.501496375,1.00000000,0.104707815,0.349999994,0.349999994,0.980000019,6.40000010,1.00000000,0.505686970E-02,0.800000012,0.800000012,261.032532,-5.83253384,0.328933936E-06,0.932527721,7.50011826,0.00000000,0.00000000,0.00000000,4.99040174,3.25000000,0.00000000,0.136371492E-02,0.00000000,0.00000000,0.136185763E-02,0.136371492E-02,1.00000000,263.979462,-10.4886780,1087.69995,1431.00000,60.2933006,0.300000012,0.497567747E-02,0.355999202,0.169829100,264.888458,0.206821457,0.00000000,160.470154,0.502994716,1.00000000,0.169410676,0.349999994,0.349999994,0.980000019,6.40000010,1.00000000,0.505686970E-02,0.800000012,0.800000012,261.228851,-4.64899063,0.368962986E-06,1.04601002,7.50025082,0.00000000,0.00000000,0.00000000,4.61837816,3.25000000,0.00000000,0.138807052E-02,0.00000000,0.00000000,0.138614641E-02,0.138807052E-02,1.00000000,263.960236,-10.3691101,1087.69958,1431.00000,60.2933006,0.300000012,0.995135494E-02,0.355998367,0.169795990,264.876343,0.206855655,0.00000000
2,2,usgs_forest_deep_pack,5,180.000000,2,F,F,0,0,T,16,24,0.500000000,28,19,1,1004.50000,0.285714298,9.81000042,2500000.00,0.567051011E-07,0.300000012,14,8,1.00000000,0.00000000,275.000000,25.0000000,96.0000000,90.0000000,0.300000012,0.200000003,230.000000,105.000000,0.700000022E-02,0.600000005E-02,6.00000000,0.119999997,60.0000000,98000.0000,262.000000,0.120000006E-02,0.00000000,1.17999995,160.235092,0.501496375,1.00000000,0.104707815,0.349999994,0.349999994,0.980000019,6.40000010,1.00000000,0.505686970E-02,0.800000012,0.800000012,261.032532,-5.83253384,0.328933936E-06,0.932527721,7.50011826,0.00000000,0.00000000,0.00000000,4.99040174,3.25000000,0.00000000,0.136371492E-02,0.00000000,0.00000000,0.136185763E-02,0.136371492E-02,1.00000000,263.979462,-10.4886780,1087.69995,1431.00000,60.2933006,0.300000012,0.497567747E-02,0.357999921,0.173767567,266.199097,0.204699308,0.00000000,160.470154,0.502994716,1.00000000,0.169410676,0.349999994,0.349999994,0.980000019,6.40000010,1.00000000,0.505686970E-02,0.800000012,0.800000012,261.228851,-4.64899063,0.368962986E-06,1.04601002,7.50025082,0.00000000,0.00000000,0.00000000,4.61837816,3.25000000,0.00000000,0.138807052E-02,0.00000000,0.00000000,0.138614641E-02,0.138807052E-02,1.00000000,263.960236,-10.3691101,1087.69958,1431.00000,60.2933006,0.300000012,0.995135494E-02,0.357999861,0.173764542,266.198181,0.204702601,0.00000000
2,2,usgs_forest_deep_pack,6,180.000000,2,F,F,0,0,T,16,24,0.500000000,28,19,1,1004.50000,0.285714298,9.81000042,2500000.00,0.567051011E-07,0.600000024,14,8,1.00000000,0.00000000,275.000000,25.0000000,96.0000000,90.0000000,0.300000012,0.200000003,230.000000,105.000000,0.700000022E-02,0.600000005E-02,6.00000000,0.119999997,60.0000000,98000.0000,262.000000,0.120000006E-02,0.00000000,1.17999995,160.235092,0.501496375,1.00000000,0.104707815,0.349999994,0.349999994,0.980000019,6.40000010,1.00000000,0.505686970E-02,0.800000012,0.800000012,261.032532,-5.83253384,0.328933936E-06,0.932527721,7.50011826,0.00000000,0.00000000,0.00000000,4.99040174,3.25000000,0.00000000,0.136371492E-02,0.00000000,0.00000000,0.136185763E-02,0.136371492E-02,1.00000000,263.979462,-10.4886780,1087.69995,1431.00000,60.2933006,0.300000012,0.497567747E-02,0.360000014,0.178587139,267.499634,0.201568112,0.00000000,160.470154,0.502994716,1.00000000,0.169410676,0.349999994,0.349999994,0.980000019,6.40000010,1.00000000,0.505686970E-02,0.800000012,0.800000012,261.228851,-4.64899063,0.368962986E-06,1.04601002,7.50025082,0.00000000,0.00000000,0.00000000,4.61837816,3.25000000,0.00000000,0.138807052E-02,0.00000000,0.00000000,0.138614641E-02,0.138807052E-02,1.00000000,263.960236,-10.3691101,1087.69958,1431.00000,60.2933006,0.300000012,0.995135494E-02,0.360000044,0.178585604,267.499268,0.201569855,0.00000000
2,2,usgs_forest_deep_pack,7,180.000000,2,F,F,0,0,T,16,24,0.500000000,28,19,1,1004.50000,0.285714298,9.81000042,2500000.00,0.567051011E-07,1.00000000,14,8,1.00000000,0.00000000,275.000000,25.0000000,96.0000000,90.0000000,0.300000012,0.200000003,230.000000,105.000000,0.700000022E-02,0.600000005E-02,6.00000000,0.119999997,60.0000000,98000.0000,262.000000,0.120000006E-02,0.00000000,1.17999995,160.235092,0.501496375,1.00000000,0.104707815,0.349999994,0.349999994,0.980000019,6.40000010,1.00000000,0.505686970E-02,0.800000012,0.800000012,261.032532,-5.83253384,0.328933936E-06,0.932527721,7.50011826,0.00000000,0.00000000,0.00000000,4.99040174,3.25000000,0.00000000,0.136371492E-02,0.00000000,0.00000000,0.136185763E-02,0.136371492E-02,1.00000000,263.979462,-10.4886780,1087.69995,1431.00000,60.2933006,0.300000012,0.497567747E-02,0.361999959,0.184831247,268.799774,0.196852803,0.00000000,160.470154,0.502994716,1.00000000,0.169410676,0.349999994,0.349999994,0.980000019,6.40000010,1.00000000,0.505686970E-02,0.800000012,0.800000012,261.228851,-4.64899063,0.368962986E-06,1.04601002,7.50025082,0.00000000,0.00000000,0.00000000,4.61837816,3.25000000,0.00000000,0.138807052E-02,0.00000000,0.00000000,0.138614641E-02,0.138807052E-02,1.00000000,263.960236,-10.3691101,1087.69958,1431.00000,60.2933006,0.300000012,0.995135494E-02,0.361999929,0.184830055,268.799561,0.196854115,0.00000000
2,2,usgs_forest_deep_pack,8,180.000000,2,F,F,0,0,T,16,24,0.500000000,28,19,1,1004.50000,0.285714298,9.81000042,2500000.00,0.567051011E-07,1.60000002,14,8,1.00000000,0.00000000,275.000000,25.0000000,96.0000000,90.0000000,0.300000012,0.200000003,230.000000,105.000000,0.700000022E-02,0.600000005E-02,6.00000000,0.119999997,60.0000000,98000.0000,262.000000,0.120000006E-02,0.00000000,1.17999995,160.235092,0.501496375,1.00000000,0.104707815,0.349999994,0.349999994,0.980000019,6.40000010,1.00000000,0.505686970E-02,0.800000012,0.800000012,261.032532,-5.83253384,0.328933936E-06,0.932527721,7.50011826,0.00000000,0.00000000,0.00000000,4.99040174,3.25000000,0.00000000,0.136371492E-02,0.00000000,0.00000000,0.136185763E-02,0.136371492E-02,1.00000000,263.979462,-10.4886780,1087.69995,1431.00000,60.2933006,0.300000012,0.497567747E-02,0.363999963,0.193616599,270.099915,0.189314023,0.00000000,160.470154,0.502994716,1.00000000,0.169410676,0.349999994,0.349999994,0.980000019,6.40000010,1.00000000,0.505686970E-02,0.800000012,0.800000012,261.228851,-4.64899063,0.368962986E-06,1.04601002,7.50025082,0.00000000,0.00000000,0.00000000,4.61837816,3.25000000,0.00000000,0.138807052E-02,0.00000000,0.00000000,0.138614641E-02,0.138807052E-02,1.00000000,263.960236,-10.3691101,1087.69958,1431.00000,60.2933006,0.300000012,0.995135494E-02,0.363999486,0.193616092,270.099854,0.189314842,0.00000000
2,2,usgs_forest_deep_pack,9,180.000000,2,F,F,0,0,T,16,24,0.500000000,28,19,1,1004.50000,0.285714298,9.81000042,2500000.00,0.567051011E-07,3.00000000,14,8,1.00000000,0.00000000,275.000000,25.0000000,96.0000000,90.0000000,0.300000012,0.200000003,230.000000,105.000000,0.700000022E-02,0.600000005E-02,6.00000000,0.119999997,60.0000000,98000.0000,262.000000,0.120000006E-02,0.00000000,1.17999995,160.235092,0.501496375,1.00000000,0.104707815,0.349999994,0.349999994,0.980000019,6.40000010,1.00000000,0.505686970E-02,0.800000012,0.800000012,261.032532,-5.83253384,0.328933936E-06,0.932527721,7.50011826,0.00000000,0.00000000,0.00000000,4.99040174,3.25000000,0.00000000,0.136371492E-02,0.00000000,0.00000000,0.136185763E-02,0.136371492E-02,1.00000000,263.979462,-10.4886780,1087.69995,1431.00000,60.2933006,0.300000012,0.497567747E-02,0.365999997,0.208134308,275.000000,0.175406307,0.00000000,160.470154,0.502994716,1.00000000,0.169410676,0.349999994,0.349999994,0.980000019,6.40000010,1.00000000,0.505686970E-02,0.800000012,0.800000012,261.228851,-4.64899063,0.368962986E-06,1.04601002,7.50025082,0.00000000,0.00000000,0.00000000,4.61837816,3.25000000,0.00000000,0.138807052E-02,0.00000000,0.00000000,0.138614641E-02,0.138807052E-02,1.00000000,263.960236,-10.3691101,1087.69958,1431.00000,60.2933006,0.300000012,0.995135494E-02,0.365999997,0.365999997,275.000000,0.339999974,0.00000000
2,2,usgs_water,1,180.000000,2,F,F,0,0,T,16,24,0.500000000,28,19,1,1004.50000,0.285714298,9.81000042,2500000.00,0.567051011E-07,0.00000000,16,14,2.00000000,0.00000000,287.000000,0.00000000,0.00000000,0.00000000,0.600000024,0.200000003,352.000000,395.000000,0.209999997E-01,0.199999996E-01,20.0000000,0.799999982E-01,60.0000000,98000.0000,287.000000,0.985000003E-02,0.00000000,1.17999995,0.00000000,0.00000000,0.00000000,0.00000000,0.699999988,0.799999982E-01,0.980000019,0.999999978E-02,1.00000000,0.00000000,0.00000000,0.999999975E-04,287.000000,0.00000000,0.00000000,0.00000000,7.50000000,0.00000000,0.00000000,0.00000000,0.00000000,3.25000000,0.00000000,0.100436928E-01,0.399999990E-03,0.00000000,0.994381960E-02,0.100436928E-01,1.00000000,287.000000,13.8500061,1.00000000,1.00000000,-1000.00000,0.00000000,0.00000000,1.00000000,1.00000000,287.000000,0.00000000,0.00000000,0.00000000,0.00000000,0.00000000,0.00000000,0.699999988,0.799999982E-01,0.980000019,0.999999978E-02,1.00000000,0.00000000,0.00000000,0.999999975E-04,287.000000,0.00000000,0.00000000,0.00000000,7.50000000,0.00000000,0.00000000,0.00000000,0.00000000,3.25000000,0.00000000,0.100436928E-01,0.399999990E-03,0.00000000,0.994381960E-02,0.100436928E-01,1.00000000,287.000000,13.8500061,1.00000000,1.00000000,-1000.00000,0.00000000,0.00000000,1.00000000,1.00000000,287.000000,0.00000000,0.00000000
2,2,usgs_water,2,180.000000,2,F,F,0,0,T,16,24,0.500000000,28,19,1,1004.50000,0.285714298,9.81000042,2500000.00,0.567051011E-07,0.999999978E-02,16,14,2.00000000,0.00000000,287.000000,0.00000000,0.00000000,0.00000000,0.600000024,0.200000003,352.000000,395.000000,0.209999997E-01,0.199999996E-01,20.0000000,0.799999982E-01,60.0000000,98000.0000,287.000000,0.985000003E-02,0.00000000,1.17999995,0.00000000,0.00000000,0.00000000,0.00000000,0.699999988,0.799999982E-01,0.980000019,0.999999978E-02,1.00000000,0.00000000,0.00000000,0.999999975E-04,287.000000,0.00000000,0.00000000,0.00000000,7.50000000,0.00000000,0.00000000,0.00000000,0.00000000,3.25000000,0.00000000,0.100436928E-01,0.399999990E-03,0.00000000,0.994381960E-02,0.100436928E-01,1.00000000,287.000000,13.8500061,1.00000000,1.00000000,-1000.00000,0.00000000,0.00000000,1.00000000,1.00000000,287.000000,0.00000000,0.00000000,0.00000000,0.00000000,0.00000000,0.00000000,0.699999988,0.799999982E-01,0.980000019,0.999999978E-02,1.00000000,0.00000000,0.00000000,0.999999975E-04,287.000000,0.00000000,0.00000000,0.00000000,7.50000000,0.00000000,0.00000000,0.00000000,0.00000000,3.25000000,0.00000000,0.100436928E-01,0.399999990E-03,0.00000000,0.994381960E-02,0.100436928E-01,1.00000000,287.000000,13.8500061,1.00000000,1.00000000,-1000.00000,0.00000000,0.00000000,1.00000000,1.00000000,287.000000,0.00000000,0.00000000
2,2,usgs_water,3,180.000000,2,F,F,0,0,T,16,24,0.500000000,28,19,1,1004.50000,0.285714298,9.81000042,2500000.00,0.567051011E-07,0.399999991E-01,16,14,2.00000000,0.00000000,287.000000,0.00000000,0.00000000,0.00000000,0.600000024,0.200000003,352.000000,395.000000,0.209999997E-01,0.199999996E-01,20.0000000,0.799999982E-01,60.0000000,98000.0000,287.000000,0.985000003E-02,0.00000000,1.17999995,0.00000000,0.00000000,0.00000000,0.00000000,0.699999988,0.799999982E-01,0.980000019,0.999999978E-02,1.00000000,0.00000000,0.00000000,0.999999975E-04,287.000000,0.00000000,0.00000000,0.00000000,7.50000000,0.00000000,0.00000000,0.00000000,0.00000000,3.25000000,0.00000000,0.100436928E-01,0.399999990E-03,0.00000000,0.994381960E-02,0.100436928E-01,1.00000000,287.000000,13.8500061,1.00000000,1.00000000,-1000.00000,0.00000000,0.00000000,1.00000000,1.00000000,287.000000,0.00000000,0.00000000,0.00000000,0.00000000,0.00000000,0.00000000,0.699999988,0.799999982E-01,0.980000019,0.999999978E-02,1.00000000,0.00000000,0.00000000,0.999999975E-04,287.000000,0.00000000,0.00000000,0.00000000,7.50000000,0.00000000,0.00000000,0.00000000,0.00000000,3.25000000,0.00000000,0.100436928E-01,0.399999990E-03,0.00000000,0.994381960E-02,0.100436928E-01,1.00000000,287.000000,13.8500061,1.00000000,1.00000000,-1000.00000,0.00000000,0.00000000,1.00000000,1.00000000,287.000000,0.00000000,0.00000000
2,2,usgs_water,4,180.000000,2,F,F,0,0,T,16,24,0.500000000,28,19,1,1004.50000,0.285714298,9.81000042,2500000.00,0.567051011E-07,0.100000001,16,14,2.00000000,0.00000000,287.000000,0.00000000,0.00000000,0.00000000,0.600000024,0.200000003,352.000000,395.000000,0.209999997E-01,0.199999996E-01,20.0000000,0.799999982E-01,60.0000000,98000.0000,287.000000,0.985000003E-02,0.00000000,1.17999995,0.00000000,0.00000000,0.00000000,0.00000000,0.699999988,0.799999982E-01,0.980000019,0.999999978E-02,1.00000000,0.00000000,0.00000000,0.999999975E-04,287.000000,0.00000000,0.00000000,0.00000000,7.50000000,0.00000000,0.00000000,0.00000000,0.00000000,3.25000000,0.00000000,0.100436928E-01,0.399999990E-03,0.00000000,0.994381960E-02,0.100436928E-01,1.00000000,287.000000,13.8500061,1.00000000,1.00000000,-1000.00000,0.00000000,0.00000000,1.00000000,1.00000000,287.000000,0.00000000,0.00000000,0.00000000,0.00000000,0.00000000,0.00000000,0.699999988,0.799999982E-01,0.980000019,0.999999978E-02,1.00000000,0.00000000,0.00000000,0.999999975E-04,287.000000,0.00000000,0.00000000,0.00000000,7.50000000,0.00000000,0.00000000,0.00000000,0.00000000,3.25000000,0.00000000,0.100436928E-01,0.399999990E-03,0.00000000,0.994381960E-02,0.100436928E-01,1.00000000,287.000000,13.8500061,1.00000000,1.00000000,-1000.00000,0.00000000,0.00000000,1.00000000,1.00000000,287.000000,0.00000000,0.00000000
2,2,usgs_water,5,180.000000,2,F,F,0,0,T,16,24,0.500000000,28,19,1,1004.50000,0.285714298,9.81000042,2500000.00,0.567051011E-07,0.300000012,16,14,2.00000000,0.00000000,287.000000,0.00000000,0.00000000,0.00000000,0.600000024,0.200000003,352.000000,395.000000,0.209999997E-01,0.199999996E-01,20.0000000,0.799999982E-01,60.0000000,98000.0000,287.000000,0.985000003E-02,0.00000000,1.17999995,0.00000000,0.00000000,0.00000000,0.00000000,0.699999988,0.799999982E-01,0.980000019,0.999999978E-02,1.00000000,0.00000000,0.00000000,0.999999975E-04,287.000000,0.00000000,0.00000000,0.00000000,7.50000000,0.00000000,0.00000000,0.00000000,0.00000000,3.25000000,0.00000000,0.100436928E-01,0.399999990E-03,0.00000000,0.994381960E-02,0.100436928E-01,1.00000000,287.000000,13.8500061,1.00000000,1.00000000,-1000.00000,0.00000000,0.00000000,1.00000000,1.00000000,287.000000,0.00000000,0.00000000,0.00000000,0.00000000,0.00000000,0.00000000,0.699999988,0.799999982E-01,0.980000019,0.999999978E-02,1.00000000,0.00000000,0.00000000,0.999999975E-04,287.000000,0.00000000,0.00000000,0.00000000,7.50000000,0.00000000,0.00000000,0.00000000,0.00000000,3.25000000,0.00000000,0.100436928E-01,0.399999990E-03,0.00000000,0.994381960E-02,0.100436928E-01,1.00000000,287.000000,13.8500061,1.00000000,1.00000000,-1000.00000,0.00000000,0.00000000,1.00000000,1.00000000,287.000000,0.00000000,0.00000000
2,2,usgs_water,6,180.000000,2,F,F,0,0,T,16,24,0.500000000,28,19,1,1004.50000,0.285714298,9.81000042,2500000.00,0.567051011E-07,0.600000024,16,14,2.00000000,0.00000000,287.000000,0.00000000,0.00000000,0.00000000,0.600000024,0.200000003,352.000000,395.000000,0.209999997E-01,0.199999996E-01,20.0000000,0.799999982E-01,60.0000000,98000.0000,287.000000,0.985000003E-02,0.00000000,1.17999995,0.00000000,0.00000000,0.00000000,0.00000000,0.699999988,0.799999982E-01,0.980000019,0.999999978E-02,1.00000000,0.00000000,0.00000000,0.999999975E-04,287.000000,0.00000000,0.00000000,0.00000000,7.50000000,0.00000000,0.00000000,0.00000000,0.00000000,3.25000000,0.00000000,0.100436928E-01,0.399999990E-03,0.00000000,0.994381960E-02,0.100436928E-01,1.00000000,287.000000,13.8500061,1.00000000,1.00000000,-1000.00000,0.00000000,0.00000000,1.00000000,1.00000000,287.000000,0.00000000,0.00000000,0.00000000,0.00000000,0.00000000,0.00000000,0.699999988,0.799999982E-01,0.980000019,0.999999978E-02,1.00000000,0.00000000,0.00000000,0.999999975E-04,287.000000,0.00000000,0.00000000,0.00000000,7.50000000,0.00000000,0.00000000,0.00000000,0.00000000,3.25000000,0.00000000,0.100436928E-01,0.399999990E-03,0.00000000,0.994381960E-02,0.100436928E-01,1.00000000,287.000000,13.8500061,1.00000000,1.00000000,-1000.00000,0.00000000,0.00000000,1.00000000,1.00000000,287.000000,0.00000000,0.00000000
2,2,usgs_water,7,180.000000,2,F,F,0,0,T,16,24,0.500000000,28,19,1,1004.50000,0.285714298,9.81000042,2500000.00,0.567051011E-07,1.00000000,16,14,2.00000000,0.00000000,287.000000,0.00000000,0.00000000,0.00000000,0.600000024,0.200000003,352.000000,395.000000,0.209999997E-01,0.199999996E-01,20.0000000,0.799999982E-01,60.0000000,98000.0000,287.000000,0.985000003E-02,0.00000000,1.17999995,0.00000000,0.00000000,0.00000000,0.00000000,0.699999988,0.799999982E-01,0.980000019,0.999999978E-02,1.00000000,0.00000000,0.00000000,0.999999975E-04,287.000000,0.00000000,0.00000000,0.00000000,7.50000000,0.00000000,0.00000000,0.00000000,0.00000000,3.25000000,0.00000000,0.100436928E-01,0.399999990E-03,0.00000000,0.994381960E-02,0.100436928E-01,1.00000000,287.000000,13.8500061,1.00000000,1.00000000,-1000.00000,0.00000000,0.00000000,1.00000000,1.00000000,287.000000,0.00000000,0.00000000,0.00000000,0.00000000,0.00000000,0.00000000,0.699999988,0.799999982E-01,0.980000019,0.999999978E-02,1.00000000,0.00000000,0.00000000,0.999999975E-04,287.000000,0.00000000,0.00000000,0.00000000,7.50000000,0.00000000,0.00000000,0.00000000,0.00000000,3.25000000,0.00000000,0.100436928E-01,0.399999990E-03,0.00000000,0.994381960E-02,0.100436928E-01,1.00000000,287.000000,13.8500061,1.00000000,1.00000000,-1000.00000,0.00000000,0.00000000,1.00000000,1.00000000,287.000000,0.00000000,0.00000000
2,2,usgs_water,8,180.000000,2,F,F,0,0,T,16,24,0.500000000,28,19,1,1004.50000,0.285714298,9.81000042,2500000.00,0.567051011E-07,1.60000002,16,14,2.00000000,0.00000000,287.000000,0.00000000,0.00000000,0.00000000,0.600000024,0.200000003,352.000000,395.000000,0.209999997E-01,0.199999996E-01,20.0000000,0.799999982E-01,60.0000000,98000.0000,287.000000,0.985000003E-02,0.00000000,1.17999995,0.00000000,0.00000000,0.00000000,0.00000000,0.699999988,0.799999982E-01,0.980000019,0.999999978E-02,1.00000000,0.00000000,0.00000000,0.999999975E-04,287.000000,0.00000000,0.00000000,0.00000000,7.50000000,0.00000000,0.00000000,0.00000000,0.00000000,3.25000000,0.00000000,0.100436928E-01,0.399999990E-03,0.00000000,0.994381960E-02,0.100436928E-01,1.00000000,287.000000,13.8500061,1.00000000,1.00000000,-1000.00000,0.00000000,0.00000000,1.00000000,1.00000000,287.000000,0.00000000,0.00000000,0.00000000,0.00000000,0.00000000,0.00000000,0.699999988,0.799999982E-01,0.980000019,0.999999978E-02,1.00000000,0.00000000,0.00000000,0.999999975E-04,287.000000,0.00000000,0.00000000,0.00000000,7.50000000,0.00000000,0.00000000,0.00000000,0.00000000,3.25000000,0.00000000,0.100436928E-01,0.399999990E-03,0.00000000,0.994381960E-02,0.100436928E-01,1.00000000,287.000000,13.8500061,1.00000000,1.00000000,-1000.00000,0.00000000,0.00000000,1.00000000,1.00000000,287.000000,0.00000000,0.00000000
2,2,usgs_water,9,180.000000,2,F,F,0,0,T,16,24,0.500000000,28,19,1,1004.50000,0.285714298,9.81000042,2500000.00,0.567051011E-07,3.00000000,16,14,2.00000000,0.00000000,287.000000,0.00000000,0.00000000,0.00000000,0.600000024,0.200000003,352.000000,395.000000,0.209999997E-01,0.199999996E-01,20.0000000,0.799999982E-01,60.0000000,98000.0000,287.000000,0.985000003E-02,0.00000000,1.17999995,0.00000000,0.00000000,0.00000000,0.00000000,0.699999988,0.799999982E-01,0.980000019,0.999999978E-02,1.00000000,0.00000000,0.00000000,0.999999975E-04,287.000000,0.00000000,0.00000000,0.00000000,7.50000000,0.00000000,0.00000000,0.00000000,0.00000000,3.25000000,0.00000000,0.100436928E-01,0.399999990E-03,0.00000000,0.994381960E-02,0.100436928E-01,1.00000000,287.000000,13.8500061,1.00000000,1.00000000,-1000.00000,0.00000000,0.00000000,1.00000000,1.00000000,287.000000,0.00000000,0.00000000,0.00000000,0.00000000,0.00000000,0.00000000,0.699999988,0.799999982E-01,0.980000019,0.999999978E-02,1.00000000,0.00000000,0.00000000,0.999999975E-04,287.000000,0.00000000,0.00000000,0.00000000,7.50000000,0.00000000,0.00000000,0.00000000,0.00000000,3.25000000,0.00000000,0.100436928E-01,0.399999990E-03,0.00000000,0.994381960E-02,0.100436928E-01,1.00000000,287.000000,13.8500061,1.00000000,1.00000000,-1000.00000,0.00000000,0.00000000,1.00000000,1.00000000,287.000000,0.00000000,0.00000000
2,2,usgs_seaice_snow,1,180.000000,2,F,F,0,0,T,16,24,0.500000000,28,19,1,1004.50000,0.285714298,9.81000042,2500000.00,0.567051011E-07,0.00000000,24,16,1.00000000,0.899999976,271.000000,0.00000000,0.00000000,0.00000000,0.400000006,0.200000003,210.000000,65.0000000,0.400000019E-02,0.300000003E-02,3.00000000,0.550000012,60.0000000,98000.0000,259.000000,0.899999985E-03,0.00000000,1.17999995,35.3999252,0.153002560,0.899999976,0.00000000,0.750000000,0.750000000,0.980000019,0.999999978E-02,1.00000000,0.252907164E-02,0.109999999E-01,0.109999999E-01,258.010254,-2.98417091,0.404711528E-06,1.14735723,7.50014591,0.00000000,0.00000000,0.00000000,1.28974533,3.25000000,0.00000000,0.103490229E-02,0.00000000,0.00000000,0.103383244E-02,0.103490381E-02,1.00000000,258.754913,-14.7674255,3000.00000,3000.00000,59.4166985,0.400000006,0.673211413E-02,1.00000000,0.00000000,258.754913,1.00000000,0.00000000,35.7998505,0.156026721,0.899999976,0.00000000,0.750000000,0.750000000,0.980000019,0.999999978E-02,1.00000000,0.252907164E-02,0.109999999E-01,0.109999999E-01,258.104919,-2.69874620,0.431964224E-06,1.22461855,7.50030136,0.00000000,0.00000000,0.00000000,1.44035292,3.25000000,0.00000000,0.104398665E-02,0.00000000,0.00000000,0.104289781E-02,0.104398804E-02,1.00000000,258.952972,-14.6210632,3000.00000,3000.00000,59.4166985,0.400000006,0.134642283E-01,1.00000000,0.00000000,258.952972,1.00000000,0.00000000
2,2,usgs_seaice_snow,2,180.000000,2,F,F,0,0,T,16,24,0.500000000,28,19,1,1004.50000,0.285714298,9.81000042,2500000.00,0.567051011E-07,0.999999978E-02,24,16,1.00000000,0.899999976,271.000000,0.00000000,0.00000000,0.00000000,0.400000006,0.200000003,210.000000,65.0000000,0.400000019E-02,0.300000003E-02,3.00000000,0.550000012,60.0000000,98000.0000,259.000000,0.899999985E-03,0.00000000,1.17999995,35.3999252,0.153002560,0.899999976,0.00000000,0.750000000,0.750000000,0.980000019,0.999999978E-02,1.00000000,0.252907164E-02,0.109999999E-01,0.109999999E-01,258.010254,-2.98417091,0.404711528E-06,1.14735723,7.50014591,0.00000000,0.00000000,0.00000000,1.28974533,3.25000000,0.00000000,0.103490229E-02,0.00000000,0.00000000,0.103383244E-02,0.103490381E-02,1.00000000,258.754913,-14.7674255,3000.00000,3000.00000,59.4166985,0.400000006,0.673211413E-02,1.00000000,0.00000000,258.917053,1.00000000,0.00000000,35.7998505,0.156026721,0.899999976,0.00000000,0.750000000,0.750000000,0.980000019,0.999999978E-02,1.00000000,0.252907164E-02,0.109999999E-01,0.109999999E-01,258.104919,-2.69874620,0.431964224E-06,1.22461855,7.50030136,0.00000000,0.00000000,0.00000000,1.44035292,3.25000000,0.00000000,0.104398665E-02,0.00000000,0.00000000,0.104289781E-02,0.104398804E-02,1.00000000,258.952972,-14.6210632,3000.00000,3000.00000,59.4166985,0.400000006,0.134642283E-01,1.00000000,0.00000000,259.158936,1.00000000,0.00000000
2,2,usgs_seaice_snow,3,180.000000,2,F,F,0,0,T,16,24,0.500000000,28,19,1,1004.50000,0.285714298,9.81000042,2500000.00,0.567051011E-07,0.399999991E-01,24,16,1.00000000,0.899999976,271.000000,0.00000000,0.00000000,0.00000000,0.400000006,0.200000003,210.000000,65.0000000,0.400000019E-02,0.300000003E-02,3.00000000,0.550000012,60.0000000,98000.0000,259.000000,0.899999985E-03,0.00000000,1.17999995,35.3999252,0.153002560,0.899999976,0.00000000,0.750000000,0.750000000,0.980000019,0.999999978E-02,1.00000000,0.252907164E-02,0.109999999E-01,0.109999999E-01,258.010254,-2.98417091,0.404711528E-06,1.14735723,7.50014591,0.00000000,0.00000000,0.00000000,1.28974533,3.25000000,0.00000000,0.103490229E-02,0.00000000,0.00000000,0.103383244E-02,0.103490381E-02,1.00000000,258.754913,-14.7674255,3000.00000,3000.00000,59.4166985,0.400000006,0.673211413E-02,1.00000000,0.00000000,260.290344,1.00000000,0.00000000,35.7998505,0.156026721,0.899999976,0.00000000,0.750000000,0.750000000,0.980000019,0.999999978E-02,1.00000000,0.252907164E-02,0.109999999E-01,0.109999999E-01,258.104919,-2.69874620,0.431964224E-06,1.22461855,7.50030136,0.00000000,0.00000000,0.00000000,1.44035292,3.25000000,0.00000000,0.104398665E-02,0.00000000,0.00000000,0.104289781E-02,0.104398804E-02,1.00000000,258.952972,-14.6210632,3000.00000,3000.00000,59.4166985,0.400000006,0.134642283E-01,1.00000000,0.00000000,260.199615,1.00000000,0.00000000
2,2,usgs_seaice_snow,4,180.000000,2,F,F,0,0,T,16,24,0.500000000,28,19,1,1004.50000,0.285714298,9.81000042,2500000.00,0.567051011E-07,0.100000001,24,16,1.00000000,0.899999976,271.000000,0.00000000,0.00000000,0.00000000,0.400000006,0.200000003,210.000000,65.0000000,0.400000019E-02,0.300000003E-02,3.00000000,0.550000012,60.0000000,98000.0000,259.000000,0.899999985E-03,0.00000000,1.17999995,35.3999252,0.153002560,0.899999976,0.00000000,0.750000000,0.750000000,0.980000019,0.999999978E-02,1.00000000,0.252907164E-02,0.109999999E-01,0.109999999E-01,258.010254,-2.98417091,0.404711528E-06,1.14735723,7.50014591,0.00000000,0.00000000,0.00000000,1.28974533,3.25000000,0.00000000,0.103490229E-02,0.00000000,0.00000000,0.103383244E-02,0.103490381E-02,1.00000000,258.754913,-14.7674255,3000.00000,3000.00000,59.4166985,0.400000006,0.673211413E-02,1.00000000,0.00000000,261.575134,1.00000000,0.00000000,35.7998505,0.156026721,0.899999976,0.00000000,0.750000000,0.750000000,0.980000019,0.999999978E-02,1.00000000,0.252907164E-02,0.109999999E-01,0.109999999E-01,258.104919,-2.69874620,0.431964224E-06,1.22461855,7.50030136,0.00000000,0.00000000,0.00000000,1.44035292,3.25000000,0.00000000,0.104398665E-02,0.00000000,0.00000000,0.104289781E-02,0.104398804E-02,1.00000000,258.952972,-14.6210632,3000.00000,3000.00000,59.4166985,0.400000006,0.134642283E-01,1.00000000,0.00000000,261.548309,1.00000000,0.00000000
2,2,usgs_seaice_snow,5,180.000000,2,F,F,0,0,T,16,24,0.500000000,28,19,1,1004.50000,0.285714298,9.81000042,2500000.00,0.567051011E-07,0.300000012,24,16,1.00000000,0.899999976,271.000000,0.00000000,0.00000000,0.00000000,0.400000006,0.200000003,210.000000,65.0000000,0.400000019E-02,0.300000003E-02,3.00000000,0.550000012,60.0000000,98000.0000,259.000000,0.899999985E-03,0.00000000,1.17999995,35.3999252,0.153002560,0.899999976,0.00000000,0.750000000,0.750000000,0.980000019,0.999999978E-02,1.00000000,0.252907164E-02,0.109999999E-01,0.109999999E-01,258.010254,-2.98417091,0.404711528E-06,1.14735723,7.50014591,0.00000000,0.00000000,0.00000000,1.28974533,3.25000000,0.00000000,0.103490229E-02,0.00000000,0.00000000,0.103383244E-02,0.103490381E-02,1.00000000,258.754913,-14.7674255,3000.00000,3000.00000,59.4166985,0.400000006,0.673211413E-02,1.00000000,0.00000000,262.798157,1.00000000,0.00000000,35.7998505,0.156026721,0.899999976,0.00000000,0.750000000,0.750000000,0.980000019,0.999999978E-02,1.00000000,0.252907164E-02,0.109999999E-01,0.109999999E-01,258.104919,-2.69874620,0.431964224E-06,1.22461855,7.50030136,0.00000000,0.00000000,0.00000000,1.44035292,3.25000000,0.00000000,0.104398665E-02,0.00000000,0.00000000,0.104289781E-02,0.104398804E-02,1.00000000,258.952972,-14.6210632,3000.00000,3000.00000,59.4166985,0.400000006,0.134642283E-01,1.00000000,0.00000000,262.796204,1.00000000,0.00000000
2,2,usgs_seaice_snow,6,180.000000,2,F,F,0,0,T,16,24,0.500000000,28,19,1,1004.50000,0.285714298,9.81000042,2500000.00,0.567051011E-07,0.600000024,24,16,1.00000000,0.899999976,271.000000,0.00000000,0.00000000,0.00000000,0.400000006,0.200000003,210.000000,65.0000000,0.400000019E-02,0.300000003E-02,3.00000000,0.550000012,60.0000000,98000.0000,259.000000,0.899999985E-03,0.00000000,1.17999995,35.3999252,0.153002560,0.899999976,0.00000000,0.750000000,0.750000000,0.980000019,0.999999978E-02,1.00000000,0.252907164E-02,0.109999999E-01,0.109999999E-01,258.010254,-2.98417091,0.404711528E-06,1.14735723,7.50014591,0.00000000,0.00000000,0.00000000,1.28974533,3.25000000,0.00000000,0.103490229E-02,0.00000000,0.00000000,0.103383244E-02,0.103490381E-02,1.00000000,258.754913,-14.7674255,3000.00000,3000.00000,59.4166985,0.400000006,0.673211413E-02,1.00000000,0.00000000,263.999359,1.00000000,0.00000000,35.7998505,0.156026721,0.899999976,0.00000000,0.750000000,0.750000000,0.980000019,0.999999978E-02,1.00000000,0.252907164E-02,0.109999999E-01,0.109999999E-01,258.104919,-2.69874620,0.431964224E-06,1.22461855,7.50030136,0.00000000,0.00000000,0.00000000,1.44035292,3.25000000,0.00000000,0.104398665E-02,0.00000000,0.00000000,0.104289781E-02,0.104398804E-02,1.00000000,258.952972,-14.6210632,3000.00000,3000.00000,59.4166985,0.400000006,0.134642283E-01,1.00000000,0.00000000,263.998749,1.00000000,0.00000000
2,2,usgs_seaice_snow,7,180.000000,2,F,F,0,0,T,16,24,0.500000000,28,19,1,1004.50000,0.285714298,9.81000042,2500000.00,0.567051011E-07,1.00000000,24,16,1.00000000,0.899999976,271.000000,0.00000000,0.00000000,0.00000000,0.400000006,0.200000003,210.000000,65.0000000,0.400000019E-02,0.300000003E-02,3.00000000,0.550000012,60.0000000,98000.0000,259.000000,0.899999985E-03,0.00000000,1.17999995,35.3999252,0.153002560,0.899999976,0.00000000,0.750000000,0.750000000,0.980000019,0.999999978E-02,1.00000000,0.252907164E-02,0.109999999E-01,0.109999999E-01,258.010254,-2.98417091,0.404711528E-06,1.14735723,7.50014591,0.00000000,0.00000000,0.00000000,1.28974533,3.25000000,0.00000000,0.103490229E-02,0.00000000,0.00000000,0.103383244E-02,0.103490381E-02,1.00000000,258.754913,-14.7674255,3000.00000,3000.00000,59.4166985,0.400000006,0.673211413E-02,1.00000000,0.00000000,265.199585,1.00000000,0.00000000,35.7998505,0.156026721,0.899999976,0.00000000,0.750000000,0.750000000,0.980000019,0.999999978E-02,1.00000000,0.252907164E-02,0.109999999E-01,0.109999999E-01,258.104919,-2.69874620,0.431964224E-06,1.22461855,7.50030136,0.00000000,0.00000000,0.00000000,1.44035292,3.25000000,0.00000000,0.104398665E-02,0.00000000,0.00000000,0.104289781E-02,0.104398804E-02,1.00000000,258.952972,-14.6210632,3000.00000,3000.00000,59.4166985,0.400000006,0.134642283E-01,1.00000000,0.00000000,265.199158,1.00000000,0.00000000
2,2,usgs_seaice_snow,8,180.000000,2,F,F,0,0,T,16,24,0.500000000,28,19,1,1004.50000,0.285714298,9.81000042,2500000.00,0.567051011E-07,1.60000002,24,16,1.00000000,0.899999976,271.000000,0.00000000,0.00000000,0.00000000,0.400000006,0.200000003,210.000000,65.0000000,0.400000019E-02,0.300000003E-02,3.00000000,0.550000012,60.0000000,98000.0000,259.000000,0.899999985E-03,0.00000000,1.17999995,35.3999252,0.153002560,0.899999976,0.00000000,0.750000000,0.750000000,0.980000019,0.999999978E-02,1.00000000,0.252907164E-02,0.109999999E-01,0.109999999E-01,258.010254,-2.98417091,0.404711528E-06,1.14735723,7.50014591,0.00000000,0.00000000,0.00000000,1.28974533,3.25000000,0.00000000,0.103490229E-02,0.00000000,0.00000000,0.103383244E-02,0.103490381E-02,1.00000000,258.754913,-14.7674255,3000.00000,3000.00000,59.4166985,0.400000006,0.673211413E-02,1.00000000,0.00000000,266.399750,1.00000000,0.00000000,35.7998505,0.156026721,0.899999976,0.00000000,0.750000000,0.750000000,0.980000019,0.999999978E-02,1.00000000,0.252907164E-02,0.109999999E-01,0.109999999E-01,258.104919,-2.69874620,0.431964224E-06,1.22461855,7.50030136,0.00000000,0.00000000,0.00000000,1.44035292,3.25000000,0.00000000,0.104398665E-02,0.00000000,0.00000000,0.104289781E-02,0.104398804E-02,1.00000000,258.952972,-14.6210632,3000.00000,3000.00000,59.4166985,0.400000006,0.134642283E-01,1.00000000,0.00000000,266.400024,1.00000000,0.00000000
2,2,usgs_seaice_snow,9,180.000000,2,F,F,0,0,T,16,24,0.500000000,28,19,1,1004.50000,0.285714298,9.81000042,2500000.00,0.567051011E-07,3.00000000,24,16,1.00000000,0.899999976,271.000000,0.00000000,0.00000000,0.00000000,0.400000006,0.200000003,210.000000,65.0000000,0.400000019E-02,0.300000003E-02,3.00000000,0.550000012,60.0000000,98000.0000,259.000000,0.899999985E-03,0.00000000,1.17999995,35.3999252,0.153002560,0.899999976,0.00000000,0.750000000,0.750000000,0.980000019,0.999999978E-02,1.00000000,0.252907164E-02,0.109999999E-01,0.109999999E-01,258.010254,-2.98417091,0.404711528E-06,1.14735723,7.50014591,0.00000000,0.00000000,0.00000000,1.28974533,3.25000000,0.00000000,0.103490229E-02,0.00000000,0.00000000,0.103383244E-02,0.103490381E-02,1.00000000,258.754913,-14.7674255,3000.00000,3000.00000,59.4166985,0.400000006,0.673211413E-02,1.00000000,0.00000000,271.000000,1.00000000,0.00000000,35.7998505,0.156026721,0.899999976,0.00000000,0.750000000,0.750000000,0.980000019,0.999999978E-02,1.00000000,0.252907164E-02,0.109999999E-01,0.109999999E-01,258.104919,-2.69874620,0.431964224E-06,1.22461855,7.50030136,0.00000000,0.00000000,0.00000000,1.44035292,3.25000000,0.00000000,0.104398665E-02,0.00000000,0.00000000,0.104289781E-02,0.104398804E-02,1.00000000,258.952972,-14.6210632,3000.00000,3000.00000,59.4166985,0.400000006,0.134642283E-01,1.00000000,0.00000000,271.000000,1.00000000,0.00000000
2,2,usgs_seaice_bare,1,180.000000,2,F,F,0,0,T,16,24,0.500000000,28,19,1,1004.50000,0.285714298,9.81000042,2500000.00,0.567051011E-07,0.00000000,24,16,1.00000000,0.550000012,271.000000,0.00000000,0.00000000,0.00000000,0.200000003,0.200000003,222.000000,90.0000000,0.800000038E-02,0.700000022E-02,7.00000000,0.550000012,60.0000000,98000.0000,263.500000,0.139999995E-02,0.00000000,1.17999995,0.199695528,0.326593011E-02,0.343535282E-02,0.00000000,0.750000000,0.551249206,0.980000019,0.999999978E-02,1.00000000,0.589869171E-02,0.109999999E-01,0.109999999E-01,263.041748,-3.22255754,0.162765616E-05,4.63866186,7.50058556,0.00000000,0.00000000,0.00000000,-32.0328178,3.25000000,0.00000000,0.163252233E-02,0.00000000,0.00000000,0.162986142E-02,0.163252233E-02,1.00000000,263.139343,-10.0280457,3000.00000,3000.00000,61.1450729,0.200000003,0.327090966E-02,1.00000000,0.00000000,263.041962,1.00000000,0.00000000,0.399391800,0.653187232E-02,0.686547626E-02,0.00000000,0.750000000,0.552496552,0.980000019,0.999999978E-02,1.00000000,0.589869171E-02,0.109999999E-01,0.109999999E-01,263.252930,-1.73749030,0.184396265E-05,5.25497818,7.50124931,0.00000000,0.00000000,0.00000000,2.81153798,3.25000000,0.00000000,0.166342303E-02,0.00000000,0.00000000,0.166066061E-02,0.166342314E-02,1.00000000,263.145691,-10.0268860,3000.00000,3000.00000,61.1450729,0.200000003,0.654181931E-02,1.00000000,0.00000000,263.253479,1.00000000,0.00000000
2,2,usgs_seaice_bare,2,180.000000,2,F,F,0,0,T,16,24,0.500000000,28,19,1,1004.50000,0.285714298,9.81000042,2500000.00,0.567051011E-07,0.999999978E-02,24,16,1.00000000,0.550000012,271.000000,0.00000000,0.00000000,0.00000000,0.200000003,0.200000003,222.000000,90.0000000,0.800000038E-02,0.700000022E-02,7.00000000,0.550000012,60.0000000,98000.0000,263.500000,0.139999995E-02,0.00000000,1.17999995,0.199695528,0.326593011E-02,0.343535282E-02,0.00000000,0.750000000,0.551249206,0.980000019,0.999999978E-02,1.00000000,0.589869171E-02,0.109999999E-01,0.109999999E-01,263.041748,-3.22255754,0.162765616E-05,4.63866186,7.50058556,0.00000000,0.00000000,0.00000000,-32.0328178,3.25000000,0.00000000,0.163252233E-02,0.00000000,0.00000000,0.162986142E-02,0.163252233E-02,1.00000000,263.139343,-10.0280457,3000.00000,3000.00000,61.1450729,0.200000003,0.327090966E-02,1.00000000,0.00000000,262.900421,1.00000000,0.00000000,0.399391800,0.653187232E-02,0.686547626E-02,0.00000000,0.750000000,0.552496552,0.980000019,0.999999978E-02,1.00000000,0.589869171E-02,0.109999999E-01,0.109999999E-01,263.252930,-1.73749030,0.184396265E-05,5.25497818,7.50124931,0.00000000,0.00000000,0.00000000,2.81153798,3.25000000,0.00000000,0.166342303E-02,0.00000000,0.00000000,0.166066061E-02,0.166342314E-02,1.00000000,263.145691,-10.0268860,3000.00000,3000.00000,61.1450729,0.200000003,0.654181931E-02,1.00000000,0.00000000,263.266205,1.00000000,0.00000000
2,2,usgs_seaice_bare,3,180.000000,2,F,F,0,0,T,16,24,0.500000000,28,19,1,1004.50000,0.285714298,9.81000042,2500000.00,0.567051011E-07,0.399999991E-01,24,16,1.00000000,0.550000012,271.000000,0.00000000,0.00000000,0.00000000,0.200000003,0.200000003,222.000000,90.0000000,0.800000038E-02,0.700000022E-02,7.00000000,0.550000012,60.0000000,98000.0000,263.500000,0.139999995E-02,0.00000000,1.17999995,0.199695528,0.326593011E-02,0.343535282E-02,0.00000000,0.750000000,0.551249206,0.980000019,0.999999978E-02,1.00000000,0.589869171E-02,0.109999999E-01,0.109999999E-01,263.041748,-3.22255754,0.162765616E-05,4.63866186,7.50058556,0.00000000,0.00000000,0.00000000,-32.0328178,3.25000000,0.00000000,0.163252233E-02,0.00000000,0.00000000,0.162986142E-02,0.163252233E-02,1.00000000,263.139343,-10.0280457,3000.00000,3000.00000,61.1450729,0.200000003,0.327090966E-02,1.00000000,0.00000000,263.919739,1.00000000,0.00000000,0.399391800,0.653187232E-02,0.686547626E-02,0.00000000,0.750000000,0.552496552,0.980000019,0.999999978E-02,1.00000000,0.589869171E-02,0.109999999E-01,0.109999999E-01,263.252930,-1.73749030,0.184396265E-05,5.25497818,7.50124931,0.00000000,0.00000000,0.00000000,2.81153798,3.25000000,0.00000000,0.166342303E-02,0.00000000,0.00000000,0.166066061E-02,0.166342314E-02,1.00000000,263.145691,-10.0268860,3000.00000,3000.00000,61.1450729,0.200000003,0.654181931E-02,1.00000000,0.00000000,263.874481,1.00000000,0.00000000
2,2,usgs_seaice_bare,4,180.000000,2,F,F,0,0,T,16,24,0.500000000,28,19,1,1004.50000,0.285714298,9.81000042,2500000.00,0.567051011E-07,0.100000001,24,16,1.00000000,0.550000012,271.000000,0.00000000,0.00000000,0.00000000,0.200000003,0.200000003,222.000000,90.0000000,0.800000038E-02,0.700000022E-02,7.00000000,0.550000012,60.0000000,98000.0000,263.500000,0.139999995E-02,0.00000000,1.17999995,0.199695528,0.326593011E-02,0.343535282E-02,0.00000000,0.750000000,0.551249206,0.980000019,0.999999978E-02,1.00000000,0.589869171E-02,0.109999999E-01,0.109999999E-01,263.041748,-3.22255754,0.162765616E-05,4.63866186,7.50058556,0.00000000,0.00000000,0.00000000,-32.0328178,3.25000000,0.00000000,0.163252233E-02,0.00000000,0.00000000,0.162986142E-02,0.163252233E-02,1.00000000,263.139343,-10.0280457,3000.00000,3000.00000,61.1450729,0.200000003,0.327090966E-02,1.00000000,0.00000000,264.979706,1.00000000,0.00000000,0.399391800,0.653187232E-02,0.686547626E-02,0.00000000,0.750000000,0.552496552,0.980000019,0.999999978E-02,1.00000000,0.589869171E-02,0.109999999E-01,0.109999999E-01,263.252930,-1.73749030,0.184396265E-05,5.25497818,7.50124931,0.00000000,0.00000000,0.00000000,2.81153798,3.25000000,0.00000000,0.166342303E-02,0.00000000,0.00000000,0.166066061E-02,0.166342314E-02,1.00000000,263.145691,-10.0268860,3000.00000,3000.00000,61.1450729,0.200000003,0.654181931E-02,1.00000000,0.00000000,264.958405,1.00000000,0.00000000
2,2,usgs_seaice_bare,5,180.000000,2,F,F,0,0,T,16,24,0.500000000,28,19,1,1004.50000,0.285714298,9.81000042,2500000.00,0.567051011E-07,0.300000012,24,16,1.00000000,0.550000012,271.000000,0.00000000,0.00000000,0.00000000,0.200000003,0.200000003,222.000000,90.0000000,0.800000038E-02,0.700000022E-02,7.00000000,0.550000012,60.0000000,98000.0000,263.500000,0.139999995E-02,0.00000000,1.17999995,0.199695528,0.326593011E-02,0.343535282E-02,0.00000000,0.750000000,0.551249206,0.980000019,0.999999978E-02,1.00000000,0.589869171E-02,0.109999999E-01,0.109999999E-01,263.041748,-3.22255754,0.162765616E-05,4.63866186,7.50058556,0.00000000,0.00000000,0.00000000,-32.0328178,3.25000000,0.00000000,0.163252233E-02,0.00000000,0.00000000,0.162986142E-02,0.163252233E-02,1.00000000,263.139343,-10.0280457,3000.00000,3000.00000,61.1450729,0.200000003,0.327090966E-02,1.00000000,0.00000000,265.998474,1.00000000,0.00000000,0.399391800,0.653187232E-02,0.686547626E-02,0.00000000,0.750000000,0.552496552,0.980000019,0.999999978E-02,1.00000000,0.589869171E-02,0.109999999E-01,0.109999999E-01,263.252930,-1.73749030,0.184396265E-05,5.25497818,7.50124931,0.00000000,0.00000000,0.00000000,2.81153798,3.25000000,0.00000000,0.166342303E-02,0.00000000,0.00000000,0.166066061E-02,0.166342314E-02,1.00000000,263.145691,-10.0268860,3000.00000,3000.00000,61.1450729,0.200000003,0.654181931E-02,1.00000000,0.00000000,265.996857,1.00000000,0.00000000
2,2,usgs_seaice_bare,6,180.000000,2,F,F,0,0,T,16,24,0.500000000,28,19,1,1004.50000,0.285714298,9.81000042,2500000.00,0.567051011E-07,0.600000024,24,16,1.00000000,0.550000012,271.000000,0.00000000,0.00000000,0.00000000,0.200000003,0.200000003,222.000000,90.0000000,0.800000038E-02,0.700000022E-02,7.00000000,0.550000012,60.0000000,98000.0000,263.500000,0.139999995E-02,0.00000000,1.17999995,0.199695528,0.326593011E-02,0.343535282E-02,0.00000000,0.750000000,0.551249206,0.980000019,0.999999978E-02,1.00000000,0.589869171E-02,0.109999999E-01,0.109999999E-01,263.041748,-3.22255754,0.162765616E-05,4.63866186,7.50058556,0.00000000,0.00000000,0.00000000,-32.0328178,3.25000000,0.00000000,0.163252233E-02,0.00000000,0.00000000,0.162986142E-02,0.163252233E-02,1.00000000,263.139343,-10.0280457,3000.00000,3000.00000,61.1450729,0.200000003,0.327090966E-02,1.00000000,0.00000000,266.999451,1.00000000,0.00000000,0.399391800,0.653187232E-02,0.686547626E-02,0.00000000,0.750000000,0.552496552,0.980000019,0.999999978E-02,1.00000000,0.589869171E-02,0.109999999E-01,0.109999999E-01,263.252930,-1.73749030,0.184396265E-05,5.25497818,7.50124931,0.00000000,0.00000000,0.00000000,2.81153798,3.25000000,0.00000000,0.166342303E-02,0.00000000,0.00000000,0.166066061E-02,0.166342314E-02,1.00000000,263.145691,-10.0268860,3000.00000,3000.00000,61.1450729,0.200000003,0.654181931E-02,1.00000000,0.00000000,266.998901,1.00000000,0.00000000
2,2,usgs_seaice_bare,7,180.000000,2,F,F,0,0,T,16,24,0.500000000,28,19,1,1004.50000,0.285714298,9.81000042,2500000.00,0.567051011E-07,1.00000000,24,16,1.00000000,0.550000012,271.000000,0.00000000,0.00000000,0.00000000,0.200000003,0.200000003,222.000000,90.0000000,0.800000038E-02,0.700000022E-02,7.00000000,0.550000012,60.0000000,98000.0000,263.500000,0.139999995E-02,0.00000000,1.17999995,0.199695528,0.326593011E-02,0.343535282E-02,0.00000000,0.750000000,0.551249206,0.980000019,0.999999978E-02,1.00000000,0.589869171E-02,0.109999999E-01,0.109999999E-01,263.041748,-3.22255754,0.162765616E-05,4.63866186,7.50058556,0.00000000,0.00000000,0.00000000,-32.0328178,3.25000000,0.00000000,0.163252233E-02,0.00000000,0.00000000,0.162986142E-02,0.163252233E-02,1.00000000,263.139343,-10.0280457,3000.00000,3000.00000,61.1450729,0.200000003,0.327090966E-02,1.00000000,0.00000000,267.999664,1.00000000,0.00000000,0.399391800,0.653187232E-02,0.686547626E-02,0.00000000,0.750000000,0.552496552,0.980000019,0.999999978E-02,1.00000000,0.589869171E-02,0.109999999E-01,0.109999999E-01,263.252930,-1.73749030,0.184396265E-05,5.25497818,7.50124931,0.00000000,0.00000000,0.00000000,2.81153798,3.25000000,0.00000000,0.166342303E-02,0.00000000,0.00000000,0.166066061E-02,0.166342314E-02,1.00000000,263.145691,-10.0268860,3000.00000,3000.00000,61.1450729,0.200000003,0.654181931E-02,1.00000000,0.00000000,267.999298,1.00000000,0.00000000
2,2,usgs_seaice_bare,8,180.000000,2,F,F,0,0,T,16,24,0.500000000,28,19,1,1004.50000,0.285714298,9.81000042,2500000.00,0.567051011E-07,1.60000002,24,16,1.00000000,0.550000012,271.000000,0.00000000,0.00000000,0.00000000,0.200000003,0.200000003,222.000000,90.0000000,0.800000038E-02,0.700000022E-02,7.00000000,0.550000012,60.0000000,98000.0000,263.500000,0.139999995E-02,0.00000000,1.17999995,0.199695528,0.326593011E-02,0.343535282E-02,0.00000000,0.750000000,0.551249206,0.980000019,0.999999978E-02,1.00000000,0.589869171E-02,0.109999999E-01,0.109999999E-01,263.041748,-3.22255754,0.162765616E-05,4.63866186,7.50058556,0.00000000,0.00000000,0.00000000,-32.0328178,3.25000000,0.00000000,0.163252233E-02,0.00000000,0.00000000,0.162986142E-02,0.163252233E-02,1.00000000,263.139343,-10.0280457,3000.00000,3000.00000,61.1450729,0.200000003,0.327090966E-02,1.00000000,0.00000000,268.999786,1.00000000,0.00000000,0.399391800,0.653187232E-02,0.686547626E-02,0.00000000,0.750000000,0.552496552,0.980000019,0.999999978E-02,1.00000000,0.589869171E-02,0.109999999E-01,0.109999999E-01,263.252930,-1.73749030,0.184396265E-05,5.25497818,7.50124931,0.00000000,0.00000000,0.00000000,2.81153798,3.25000000,0.00000000,0.166342303E-02,0.00000000,0.00000000,0.166066061E-02,0.166342314E-02,1.00000000,263.145691,-10.0268860,3000.00000,3000.00000,61.1450729,0.200000003,0.654181931E-02,1.00000000,0.00000000,268.999756,1.00000000,0.00000000
2,2,usgs_seaice_bare,9,180.000000,2,F,F,0,0,T,16,24,0.500000000,28,19,1,1004.50000,0.285714298,9.81000042,2500000.00,0.567051011E-07,3.00000000,24,16,1.00000000,0.550000012,271.000000,0.00000000,0.00000000,0.00000000,0.200000003,0.200000003,222.000000,90.0000000,0.800000038E-02,0.700000022E-02,7.00000000,0.550000012,60.0000000,98000.0000,263.500000,0.139999995E-02,0.00000000,1.17999995,0.199695528,0.326593011E-02,0.343535282E-02,0.00000000,0.750000000,0.551249206,0.980000019,0.999999978E-02,1.00000000,0.589869171E-02,0.109999999E-01,0.109999999E-01,263.041748,-3.22255754,0.162765616E-05,4.63866186,7.50058556,0.00000000,0.00000000,0.00000000,-32.0328178,3.25000000,0.00000000,0.163252233E-02,0.00000000,0.00000000,0.162986142E-02,0.163252233E-02,1.00000000,263.139343,-10.0280457,3000.00000,3000.00000,61.1450729,0.200000003,0.327090966E-02,1.00000000,0.00000000,271.000000,1.00000000,0.00000000,0.399391800,0.653187232E-02,0.686547626E-02,0.00000000,0.750000000,0.552496552,0.980000019,0.999999978E-02,1.00000000,0.589869171E-02,0.109999999E-01,0.109999999E-01,263.252930,-1.73749030,0.184396265E-05,5.25497818,7.50124931,0.00000000,0.00000000,0.00000000,2.81153798,3.25000000,0.00000000,0.166342303E-02,0.00000000,0.00000000,0.166066061E-02,0.166342314E-02,1.00000000,263.145691,-10.0268860,3000.00000,3000.00000,61.1450729,0.200000003,0.654181931E-02,1.00000000,0.00000000,271.000000,1.00000000,0.00000000
2,2,usgs_desert,1,180.000000,2,F,F,0,0,T,16,24,0.500000000,28,19,1,1004.50000,0.285714298,9.81000042,2500000.00,0.567051011E-07,0.00000000,19,1,1.00000000,0.00000000,293.000000,0.00000000,6.00000000,3.00000000,0.00000000,0.200000003,358.000000,600.000000,0.189999994E-01,0.179999992E-01,18.0000000,0.250000000,60.0000000,98000.0000,302.000000,0.300000003E-02,0.00000000,1.17999995,0.00000000,0.00000000,0.00000000,0.00000000,0.750000000,0.250000000,0.850000024,0.750000000,0.130436495,0.151477298E-01,0.500000007E-01,0.500000007E-01,304.070435,37.3893471,0.162165743E-04,40.5414352,7.50583839,0.00000000,0.00000000,0.00000000,-63.5177879,3.25000000,0.00000000,0.639785640E-02,0.00000000,0.00000000,0.635718415E-02,0.284100566E-01,1.00000000,303.000000,29.3500061,93.8471527,1185.00000,-1000.00000,0.00000000,0.00000000,0.244350750E-01,0.244350750E-01,304.070435,0.255555548E-01,0.00000000,0.00000000,0.00000000,0.00000000,0.00000000,0.750000000,0.250000000,0.850000024,0.750000000,0.127079114,0.151477298E-01,0.500000007E-01,0.500000007E-01,305.785767,68.3659973,0.166121426E-04,41.5303574,7.51181889,0.00000000,0.00000000,0.00000000,-92.0952530,3.25000000,0.00000000,0.669339299E-02,0.00000000,0.00000000,0.664888974E-02,0.313156433E-01,1.00000000,303.000000,29.3500061,93.8442535,1185.00000,-1000.00000,0.00000000,0.00000000,0.238576066E-01,0.238576066E-01,305.785767,0.249278601E-01,0.00000000
2,2,usgs_desert,2,180.000000,2,F,F,0,0,T,16,24,0.500000000,28,19,1,1004.50000,0.285714298,9.81000042,2500000.00,0.567051011E-07,0.999999978E-02,19,1,1.00000000,0.00000000,293.000000,0.00000000,6.00000000,3.00000000,0.00000000,0.200000003,358.000000,600.000000,0.189999994E-01,0.179999992E-01,18.0000000,0.250000000,60.0000000,98000.0000,302.000000,0.300000003E-02,0.00000000,1.17999995,0.00000000,0.00000000,0.00000000,0.00000000,0.750000000,0.250000000,0.850000024,0.750000000,0.130436495,0.151477298E-01,0.500000007E-01,0.500000007E-01,304.070435,37.3893471,0.162165743E-04,40.5414352,7.50583839,0.00000000,0.00000000,0.00000000,-63.5177879,3.25000000,0.00000000,0.639785640E-02,0.00000000,0.00000000,0.635718415E-02,0.284100566E-01,1.00000000,303.000000,29.3500061,93.8471527,1185.00000,-1000.00000,0.00000000,0.00000000,0.259997603E-01,0.259997603E-01,301.603119,0.266666654E-01,0.00000000,0.00000000,0.00000000,0.00000000,0.00000000,0.750000000,0.250000000,0.850000024,0.750000000,0.127079114,0.151477298E-01,0.500000007E-01,0.500000007E-01,305.785767,68.3659973,0.166121426E-04,41.5303574,7.51181889,0.00000000,0.00000000,0.00000000,-92.0952530,3.25000000,0.00000000,0.669339299E-02,0.00000000,0.00000000,0.664888974E-02,0.313156433E-01,1.00000000,303.000000,29.3500061,93.8442535,1185.00000,-1000.00000,0.00000000,0.00000000,0.259994846E-01,0.259994846E-01,302.208374,0.266663991E-01,0.00000000
2,2,usgs_desert,3,180.000000,2,F,F,0,0,T,16,24,0.500000000,28,19,1,1004.50000,0.285714298,9.81000042,2500000.00,0.567051011E-07,0.399999991E-01,19,1,1.00000000,0.00000000,293.000000,0.00000000,6.00000000,3.00000000,0.00000000,0.200000003,358.000000,600.000000,0.189999994E-01,0.179999992E-01,18.0000000,0.250000000,60.0000000,98000.0000,302.000000,0.300000003E-02,0.00000000,1.17999995,0.00000000,0.00000000,0.00000000,0.00000000,0.750000000,0.250000000,0.850000024,0.750000000,0.130436495,0.151477298E-01,0.500000007E-01,0.500000007E-01,304.070435,37.3893471,0.162165743E-04,40.5414352,7.50583839,0.00000000,0.00000000,0.00000000,-63.5177879,3.25000000,0.00000000,0.639785640E-02,0.00000000,0.00000000,0.635718415E-02,0.284100566E-01,1.00000000,303.000000,29.3500061,93.8471527,1185.00000,-1000.00000,0.00000000,0.00000000,0.269998945E-01,0.269998945E-01,300.616882,0.277777780E-01,0.00000000,0.00000000,0.00000000,0.00000000,0.00000000,0.750000000,0.250000000,0.850000024,0.750000000,0.127079114,0.151477298E-01,0.500000007E-01,0.500000007E-01,305.785767,68.3659973,0.166121426E-04,41.5303574,7.51181889,0.00000000,0.00000000,0.00000000,-92.0952530,3.25000000,0.00000000,0.669339299E-02,0.00000000,0.00000000,0.664888974E-02,0.313156433E-01,1.00000000,303.000000,29.3500061,93.8442535,1185.00000,-1000.00000,0.00000000,0.00000000,0.269997735E-01,0.269997735E-01,300.648102,0.277776588E-01,0.00000000
2,2,usgs_desert,4,180.000000,2,F,F,0,0,T,16,24,0.500000000,28,19,1,1004.50000,0.285714298,9.81000042,2500000.00,0.567051011E-07,0.100000001,19,1,1.00000000,0.00000000,293.000000,0.00000000,6.00000000,3.00000000,0.00000000,0.200000003,358.000000,600.000000,0.189999994E-01,0.179999992E-01,18.0000000,0.250000000,60.0000000,98000.0000,302.000000,0.300000003E-02,0.00000000,1.17999995,0.00000000,0.00000000,0.00000000,0.00000000,0.750000000,0.250000000,0.850000024,0.750000000,0.130436495,0.151477298E-01,0.500000007E-01,0.500000007E-01,304.070435,37.3893471,0.162165743E-04,40.5414352,7.50583839,0.00000000,0.00000000,0.00000000,-63.5177879,3.25000000,0.00000000,0.639785640E-02,0.00000000,0.00000000,0.635718415E-02,0.284100566E-01,1.00000000,303.000000,29.3500061,93.8471527,1185.00000,-1000.00000,0.00000000,0.00000000,0.279999636E-01,0.279999636E-01,299.902954,0.288888887E-01,0.00000000,0.00000000,0.00000000,0.00000000,0.00000000,0.750000000,0.250000000,0.850000024,0.750000000,0.127079114,0.151477298E-01,0.500000007E-01,0.500000007E-01,305.785767,68.3659973,0.166121426E-04,41.5303574,7.51181889,0.00000000,0.00000000,0.00000000,-92.0952530,3.25000000,0.00000000,0.669339299E-02,0.00000000,0.00000000,0.664888974E-02,0.313156433E-01,1.00000000,303.000000,29.3500061,93.8442535,1185.00000,-1000.00000,0.00000000,0.00000000,0.279999208E-01,0.279999208E-01,299.906006,0.288888477E-01,0.00000000
2,2,usgs_desert,5,180.000000,2,F,F,0,0,T,16,24,0.500000000,28,19,1,1004.50000,0.285714298,9.81000042,2500000.00,0.567051011E-07,0.300000012,19,1,1.00000000,0.00000000,293.000000,0.00000000,6.00000000,3.00000000,0.00000000,0.200000003,358.000000,600.000000,0.189999994E-01,0.179999992E-01,18.0000000,0.250000000,60.0000000,98000.0000,302.000000,0.300000003E-02,0.00000000,1.17999995,0.00000000,0.00000000,0.00000000,0.00000000,0.750000000,0.250000000,0.850000024,0.750000000,0.130436495,0.151477298E-01,0.500000007E-01,0.500000007E-01,304.070435,37.3893471,0.162165743E-04,40.5414352,7.50583839,0.00000000,0.00000000,0.00000000,-63.5177879,3.25000000,0.00000000,0.639785640E-02,0.00000000,0.00000000,0.635718415E-02,0.284100566E-01,1.00000000,303.000000,29.3500061,93.8471527,1185.00000,-1000.00000,0.00000000,0.00000000,0.289999824E-01,0.289999824E-01,299.200287,0.299999993E-01,0.00000000,0.00000000,0.00000000,0.00000000,0.00000000,0.750000000,0.250000000,0.850000024,0.750000000,0.127079114,0.151477298E-01,0.500000007E-01,0.500000007E-01,305.785767,68.3659973,0.166121426E-04,41.5303574,7.51181889,0.00000000,0.00000000,0.00000000,-92.0952530,3.25000000,0.00000000,0.669339299E-02,0.00000000,0.00000000,0.664888974E-02,0.313156433E-01,1.00000000,303.000000,29.3500061,93.8442535,1185.00000,-1000.00000,0.00000000,0.00000000,0.289999619E-01,0.289999619E-01,299.200562,0.299999788E-01,0.00000000
2,2,usgs_desert,6,180.000000,2,F,F,0,0,T,16,24,0.500000000,28,19,1,1004.50000,0.285714298,9.81000042,2500000.00,0.567051011E-07,0.600000024,19,1,1.00000000,0.00000000,293.000000,0.00000000,6.00000000,3.00000000,0.00000000,0.200000003,358.000000,600.000000,0.189999994E-01,0.179999992E-01,18.0000000,0.250000000,60.0000000,98000.0000,302.000000,0.300000003E-02,0.00000000,1.17999995,0.00000000,0.00000000,0.00000000,0.00000000,0.750000000,0.250000000,0.850000024,0.750000000,0.130436495,0.151477298E-01,0.500000007E-01,0.500000007E-01,304.070435,37.3893471,0.162165743E-04,40.5414352,7.50583839,0.00000000,0.00000000,0.00000000,-63.5177879,3.25000000,0.00000000,0.639785640E-02,0.00000000,0.00000000,0.635718415E-02,0.284100566E-01,1.00000000,303.000000,29.3500061,93.8471527,1185.00000,-1000.00000,0.00000000,0.00000000,0.299999919E-01,0.299999919E-01,298.500031,0.311111100E-01,0.00000000,0.00000000,0.00000000,0.00000000,0.00000000,0.750000000,0.250000000,0.850000024,0.750000000,0.127079114,0.151477298E-01,0.500000007E-01,0.500000007E-01,305.785767,68.3659973,0.166121426E-04,41.5303574,7.51181889,0.00000000,0.00000000,0.00000000,-92.0952530,3.25000000,0.00000000,0.669339299E-02,0.00000000,0.00000000,0.664888974E-02,0.313156433E-01,1.00000000,303.000000,29.3500061,93.8442535,1185.00000,-1000.00000,0.00000000,0.00000000,0.299999807E-01,0.299999807E-01,298.500061,0.311111007E-01,0.00000000
2,2,usgs_desert,7,180.000000,2,F,F,0,0,T,16,24,0.500000000,28,19,1,1004.50000,0.285714298,9.81000042,2500000.00,0.567051011E-07,1.00000000,19,1,1.00000000,0.00000000,293.000000,0.00000000,6.00000000,3.00000000,0.00000000,0.200000003,358.000000,600.000000,0.189999994E-01,0.179999992E-01,18.0000000,0.250000000,60.0000000,98000.0000,302.000000,0.300000003E-02,0.00000000,1.17999995,0.00000000,0.00000000,0.00000000,0.00000000,0.750000000,0.250000000,0.850000024,0.750000000,0.130436495,0.151477298E-01,0.500000007E-01,0.500000007E-01,304.070435,37.3893471,0.162165743E-04,40.5414352,7.50583839,0.00000000,0.00000000,0.00000000,-63.5177879,3.25000000,0.00000000,0.639785640E-02,0.00000000,0.00000000,0.635718415E-02,0.284100566E-01,1.00000000,303.000000,29.3500061,93.8471527,1185.00000,-1000.00000,0.00000000,0.00000000,0.309999995E-01,0.309999995E-01,297.800079,0.322222188E-01,0.00000000,0.00000000,0.00000000,0.00000000,0.00000000,0.750000000,0.250000000,0.850000024,0.750000000,0.127079114,0.151477298E-01,0.500000007E-01,0.500000007E-01,305.785767,68.3659973,0.166121426E-04,41.5303574,7.51181889,0.00000000,0.00000000,0.00000000,-92.0952530,3.25000000,0.00000000,0.669339299E-02,0.00000000,0.00000000,0.664888974E-02,0.313156433E-01,1.00000000,303.000000,29.3500061,93.8442535,1185.00000,-1000.00000,0.00000000,0.00000000,0.309999995E-01,0.309999995E-01,297.800171,0.322222188E-01,0.00000000
2,2,usgs_desert,8,180.000000,2,F,F,0,0,T,16,24,0.500000000,28,19,1,1004.50000,0.285714298,9.81000042,2500000.00,0.567051011E-07,1.60000002,19,1,1.00000000,0.00000000,293.000000,0.00000000,6.00000000,3.00000000,0.00000000,0.200000003,358.000000,600.000000,0.189999994E-01,0.179999992E-01,18.0000000,0.250000000,60.0000000,98000.0000,302.000000,0.300000003E-02,0.00000000,1.17999995,0.00000000,0.00000000,0.00000000,0.00000000,0.750000000,0.250000000,0.850000024,0.750000000,0.130436495,0.151477298E-01,0.500000007E-01,0.500000007E-01,304.070435,37.3893471,0.162165743E-04,40.5414352,7.50583839,0.00000000,0.00000000,0.00000000,-63.5177879,3.25000000,0.00000000,0.639785640E-02,0.00000000,0.00000000,0.635718415E-02,0.284100566E-01,1.00000000,303.000000,29.3500061,93.8471527,1185.00000,-1000.00000,0.00000000,0.00000000,0.320000015E-01,0.320000015E-01,297.100067,0.333333351E-01,0.00000000,0.00000000,0.00000000,0.00000000,0.00000000,0.750000000,0.250000000,0.850000024,0.750000000,0.127079114,0.151477298E-01,0.500000007E-01,0.500000007E-01,305.785767,68.3659973,0.166121426E-04,41.5303574,7.51181889,0.00000000,0.00000000,0.00000000,-92.0952530,3.25000000,0.00000000,0.669339299E-02,0.00000000,0.00000000,0.664888974E-02,0.313156433E-01,1.00000000,303.000000,29.3500061,93.8442535,1185.00000,-1000.00000,0.00000000,0.00000000,0.320000015E-01,0.320000015E-01,297.100006,0.333333351E-01,0.00000000
2,2,usgs_desert,9,180.000000,2,F,F,0,0,T,16,24,0.500000000,28,19,1,1004.50000,0.285714298,9.81000042,2500000.00,0.567051011E-07,3.00000000,19,1,1.00000000,0.00000000,293.000000,0.00000000,6.00000000,3.00000000,0.00000000,0.200000003,358.000000,600.000000,0.189999994E-01,0.179999992E-01,18.0000000,0.250000000,60.0000000,98000.0000,302.000000,0.300000003E-02,0.00000000,1.17999995,0.00000000,0.00000000,0.00000000,0.00000000,0.750000000,0.250000000,0.850000024,0.750000000,0.130436495,0.151477298E-01,0.500000007E-01,0.500000007E-01,304.070435,37.3893471,0.162165743E-04,40.5414352,7.50583839,0.00000000,0.00000000,0.00000000,-63.5177879,3.25000000,0.00000000,0.639785640E-02,0.00000000,0.00000000,0.635718415E-02,0.284100566E-01,1.00000000,303.000000,29.3500061,93.8471527,1185.00000,-1000.00000,0.00000000,0.00000000,0.329999998E-01,0.329999998E-01,293.000000,0.344444439E-01,0.00000000,0.00000000,0.00000000,0.00000000,0.00000000,0.750000000,0.250000000,0.850000024,0.750000000,0.127079114,0.151477298E-01,0.500000007E-01,0.500000007E-01,305.785767,68.3659973,0.166121426E-04,41.5303574,7.51181889,0.00000000,0.00000000,0.00000000,-92.0952530,3.25000000,0.00000000,0.669339299E-02,0.00000000,0.00000000,0.664888974E-02,0.313156433E-01,1.00000000,303.000000,29.3500061,93.8442535,1185.00000,-1000.00000,0.00000000,0.00000000,0.329999998E-01,0.329999998E-01,293.000000,0.344444439E-01,0.00000000
2,2,usgs_urban_thin_snow,1,180.000000,2,F,F,0,0,T,16,24,0.500000000,28,19,1,1004.50000,0.285714298,9.81000042,2500000.00,0.567051011E-07,0.00000000,1,6,1.00000000,0.00000000,282.000000,5.00000000,45.0000000,15.0000000,0.250000000,0.200000003,268.000000,175.000000,0.999999978E-02,0.899999961E-02,9.00000000,0.180000007,60.0000000,98000.0000,271.000000,0.219999999E-02,0.199999995E-04,1.17999995,4.24398232,0.165782534E-01,0.132614344,0.336014517E-01,0.400000006,0.400000006,0.980000019,1.00000000,0.757354617,0.757894479E-02,0.500000000,0.500000000,270.968140,-0.287871093,0.116715037E-04,33.0887146,7.50420189,0.00000000,0.00000000,0.00000000,48.2490425,3.25000000,0.00000000,0.323449192E-02,0.00000000,0.00000000,0.322406366E-02,0.323449192E-02,1.00000000,272.200317,-1.56576538,776.548767,1353.00000,85.2810745,0.250000000,0.293148286E-02,0.240147755,0.162006289,272.200317,0.929630250E-01,1.00000000,4.48778343,0.182060171E-01,0.140234023,0.371961147E-01,0.400000006,0.400000006,0.980000019,1.00000000,0.760311604,0.757894479E-02,0.500000000,0.500000000,271.470825,4.25409555,0.125795423E-04,35.6630020,7.50873089,0.00000000,0.00000000,0.00000000,31.1616325,3.25000000,0.00000000,0.337328459E-02,0.00000000,0.00000000,0.336194388E-02,0.337328459E-02,1.00000000,272.384216,-1.22247314,776.547302,1353.00000,85.2810745,0.250000000,0.586296571E-02,0.240401208,0.168627426,272.384216,0.868238509E-01,1.00000000
2,2,usgs_urban_thin_snow,2,180.000000,2,F,F,0,0,T,16,24,0.500000000,28,19,1,1004.50000,0.285714298,9.81000042,2500000.00,0.567051011E-07,0.999999978E-02,1,6,1.00000000,0.00000000,282.000000,5.00000000,45.0000000,15.0000000,0.250000000,0.200000003,268.000000,175.000000,0.999999978E-02,0.899999961E-02,9.00000000,0.180000007,60.0000000,98000.0000,271.000000,0.219999999E-02,0.199999995E-04,1.17999995,4.24398232,0.165782534E-01,0.132614344,0.336014517E-01,0.400000006,0.400000006,0.980000019,1.00000000,0.757354617,0.757894479E-02,0.500000000,0.500000000,270.968140,-0.287871093,0.116715037E-04,33.0887146,7.50420189,0.00000000,0.00000000,0.00000000,48.2490425,3.25000000,0.00000000,0.323449192E-02,0.00000000,0.00000000,0.322406366E-02,0.323449192E-02,1.00000000,272.200317,-1.56576538,776.548767,1353.00000,85.2810745,0.250000000,0.293148286E-02,0.243084326,0.215064764,272.943176,0.393065475E-01,1.00000000,4.48778343,0.182060171E-01,0.140234023,0.371961147E-01,0.400000006,0.400000006,0.980000019,1.00000000,0.760311604,0.757894479E-02,0.500000000,0.500000000,271.470825,4.25409555,0.125795423E-04,35.6630020,7.50873089,0.00000000,0.00000000,0.00000000,31.1616325,3.25000000,0.00000000,0.337328459E-02,0.00000000,0.00000000,0.336194388E-02,0.337328459E-02,1.00000000,272.384216,-1.22247314,776.547302,1353.00000,85.2810745,0.250000000,0.586296571E-02,0.243132755,0.215064764,272.885620,0.311328452E-01,0.00000000
2,2,usgs_urban_thin_snow,3,180.000000,2,F,F,0,0,T,16,24,0.500000000,28,19,1,1004.50000,0.285714298,9.81000042,2500000.00,0.567051011E-07,0.399999991E-01,1,6,1.00000000,0.00000000,282.000000,5.00000000,45.0000000,15.0000000,0.250000000,0.200000003,268.000000,175.000000,0.999999978E-02,0.899999961E-02,9.00000000,0.180000007,60.0000000,98000.0000,271.000000,0.219999999E-02,0.199999995E-04,1.17999995,4.24398232,0.165782534E-01,0.132614344,0.336014517E-01,0.400000006,0.400000006,0.980000019,1.00000000,0.757354617,0.757894479E-02,0.500000000,0.500000000,270.968140,-0.287871093,0.116715037E-04,33.0887146,7.50420189,0.00000000,0.00000000,0.00000000,48.2490425,3.25000000,0.00000000,0.323449192E-02,0.00000000,0.00000000,0.322406366E-02,0.323449192E-02,1.00000000,272.200317,-1.56576538,776.548767,1353.00000,85.2810745,0.250000000,0.293148286E-02,0.245965496,0.245965496,273.762512,0.217777759,0.00000000,4.48778343,0.182060171E-01,0.140234023,0.371961147E-01,0.400000006,0.400000006,0.980000019,1.00000000,0.760311604,0.757894479E-02,0.500000000,0.500000000,271.470825,4.25409555,0.125795423E-04,35.6630020,7.50873089,0.00000000,0.00000000,0.00000000,31.1616325,3.25000000,0.00000000,0.337328459E-02,0.00000000,0.00000000,0.336194388E-02,0.337328459E-02,1.00000000,272.384216,-1.22247314,776.547302,1353.00000,85.2810745,0.250000000,0.586296571E-02,0.245933533,0.245933533,273.728821,0.217739433,0.00000000
2,2,usgs_urban_thin_snow,4,180.000000,2,F,F,0,0,T,16,24,0.500000000,28,19,1,1004.50000,0.285714298,9.81000042,2500000.00,0.567051011E-07,0.100000001,1,6,1.00000000,0.00000000,282.000000,5.00000000,45.0000000,15.0000000,0.250000000,0.200000003,268.000000,175.000000,0.999999978E-02,0.899999961E-02,9.00000000,0.180000007,60.0000000,98000.0000,271.000000,0.219999999E-02,0.199999995E-04,1.17999995,4.24398232,0.165782534E-01,0.132614344,0.336014517E-01,0.400000006,0.400000006,0.980000019,1.00000000,0.757354617,0.757894479E-02,0.500000000,0.500000000,270.968140,-0.287871093,0.116715037E-04,33.0887146,7.50420189,0.00000000,0.00000000,0.00000000,48.2490425,3.25000000,0.00000000,0.323449192E-02,0.00000000,0.00000000,0.322406366E-02,0.323449192E-02,1.00000000,272.200317,-1.56576538,776.548767,1353.00000,85.2810745,0.250000000,0.293148286E-02,0.248988762,0.248988762,274.689697,0.221111104,0.00000000,4.48778343,0.182060171E-01,0.140234023,0.371961147E-01,0.400000006,0.400000006,0.980000019,1.00000000,0.760311604,0.757894479E-02,0.500000000,0.500000000,271.470825,4.25409555,0.125795423E-04,35.6630020,7.50873089,0.00000000,0.00000000,0.00000000,31.1616325,3.25000000,0.00000000,0.337328459E-02,0.00000000,0.00000000,0.336194388E-02,0.337328459E-02,1.00000000,272.384216,-1.22247314,776.547302,1353.00000,85.2810745,0.250000000,0.586296571E-02,0.248977438,0.248977438,274.679047,0.221098617,0.00000000
2,2,usgs_urban_thin_snow,5,180.000000,2,F,F,0,0,T,16,24,0.500000000,28,19,1,1004.50000,0.285714298,9.81000042,2500000.00,0.567051011E-07,0.300000012,1,6,1.00000000,0.00000000,282.000000,5.00000000,45.0000000,15.0000000,0.250000000,0.200000003,268.000000,175.000000,0.999999978E-02,0.899999961E-02,9.00000000,0.180000007,60.0000000,98000.0000,271.000000,0.219999999E-02,0.199999995E-04,1.17999995,4.24398232,0.165782534E-01,0.132614344,0.336014517E-01,0.400000006,0.400000006,0.980000019,1.00000000,0.757354617,0.757894479E-02,0.500000000,0.500000000,270.968140,-0.287871093,0.116715037E-04,33.0887146,7.50420189,0.00000000,0.00000000,0.00000000,48.2490425,3.25000000,0.00000000,0.323449192E-02,0.00000000,0.00000000,0.322406366E-02,0.323449192E-02,1.00000000,272.200317,-1.56576538,776.548767,1353.00000,85.2810745,0.250000000,0.293148286E-02,0.251999140,0.251999140,275.599274,0.224444449,0.00000000,4.48778343,0.182060171E-01,0.140234023,0.371961147E-01,0.400000006,0.400000006,0.980000019,1.00000000,0.760311604,0.757894479E-02,0.500000000,0.500000000,271.470825,4.25409555,0.125795423E-04,35.6630020,7.50873089,0.00000000,0.00000000,0.00000000,31.1616325,3.25000000,0.00000000,0.337328459E-02,0.00000000,0.00000000,0.336194388E-02,0.337328459E-02,1.00000000,272.384216,-1.22247314,776.547302,1353.00000,85.2810745,0.250000000,0.586296571E-02,0.251998276,0.251998276,275.598541,0.224443480,0.00000000
2,2,usgs_urban_thin_snow,6,180.000000,2,F,F,0,0,T,16,24,0.500000000,28,19,1,1004.50000,0.285714298,9.81000042,2500000.00,0.567051011E-07,0.600000024,1,6,1.00000000,0.00000000,282.000000,5.00000000,45.0000000,15.0000000,0.250000000,0.200000003,268.000000,175.000000,0.999999978E-02,0.899999961E-02,9.00000000,0.180000007,60.0000000,98000.0000,271.000000,0.219999999E-02,0.199999995E-04,1.17999995,4.24398232,0.165782534E-01,0.132614344,0.336014517E-01,0.400000006,0.400000006,0.980000019,1.00000000,0.757354617,0.757894479E-02,0.500000000,0.500000000,270.968140,-0.287871093,0.116715037E-04,33.0887146,7.50420189,0.00000000,0.00000000,0.00000000,48.2490425,3.25000000,0.00000000,0.323449192E-02,0.00000000,0.00000000,0.322406366E-02,0.323449192E-02,1.00000000,272.200317,-1.56576538,776.548767,1353.00000,85.2810745,0.250000000,0.293148286E-02,0.254999638,0.254999638,276.499725,0.227777764,0.00000000,4.48778343,0.182060171E-01,0.140234023,0.371961147E-01,0.400000006,0.400000006,0.980000019,1.00000000,0.760311604,0.757894479E-02,0.500000000,0.500000000,271.470825,4.25409555,0.125795423E-04,35.6630020,7.50873089,0.00000000,0.00000000,0.00000000,31.1616325,3.25000000,0.00000000,0.337328459E-02,0.00000000,0.00000000,0.336194388E-02,0.337328459E-02,1.00000000,272.384216,-1.22247314,776.547302,1353.00000,85.2810745,0.250000000,0.586296571E-02,0.254999280,0.254999280,276.499451,0.227777377,0.00000000
2,2,usgs_urban_thin_snow,7,180.000000,2,F,F,0,0,T,16,24,0.500000000,28,19,1,1004.50000,0.285714298,9.81000042,2500000.00,0.567051011E-07,1.00000000,1,6,1.00000000,0.00000000,282.000000,5.00000000,45.0000000,15.0000000,0.250000000,0.200000003,268.000000,175.000000,0.999999978E-02,0.899999961E-02,9.00000000,0.180000007,60.0000000,98000.0000,271.000000,0.219999999E-02,0.199999995E-04,1.17999995,4.24398232,0.165782534E-01,0.132614344,0.336014517E-01,0.400000006,0.400000006,0.980000019,1.00000000,0.757354617,0.757894479E-02,0.500000000,0.500000000,270.968140,-0.287871093,0.116715037E-04,33.0887146,7.50420189,0.00000000,0.00000000,0.00000000,48.2490425,3.25000000,0.00000000,0.323449192E-02,0.00000000,0.00000000,0.322406366E-02,0.323449192E-02,1.00000000,272.200317,-1.56576538,776.548767,1353.00000,85.2810745,0.250000000,0.293148286E-02,0.257999688,0.257999688,277.399780,0.231111094,0.00000000,4.48778343,0.182060171E-01,0.140234023,0.371961147E-01,0.400000006,0.400000006,0.980000019,1.00000000,0.760311604,0.757894479E-02,0.500000000,0.500000000,271.470825,4.25409555,0.125795423E-04,35.6630020,7.50873089,0.00000000,0.00000000,0.00000000,31.1616325,3.25000000,0.00000000,0.337328459E-02,0.00000000,0.00000000,0.336194388E-02,0.337328459E-02,1.00000000,272.384216,-1.22247314,776.547302,1353.00000,85.2810745,0.250000000,0.586296571E-02,0.257999390,0.257999390,277.399567,0.231110752,0.00000000
2,2,usgs_urban_thin_snow,8,180.000000,2,F,F,0,0,T,16,24,0.500000000,28,19,1,1004.50000,0.285714298,9.81000042,2500000.00,0.567051011E-07,1.60000002,1,6,1.00000000,0.00000000,282.000000,5.00000000,45.0000000,15.0000000,0.250000000,0.200000003,268.000000,175.000000,0.999999978E-02,0.899999961E-02,9.00000000,0.180000007,60.0000000,98000.0000,271.000000,0.219999999E-02,0.199999995E-04,1.17999995,4.24398232,0.165782534E-01,0.132614344,0.336014517E-01,0.400000006,0.400000006,0.980000019,1.00000000,0.757354617,0.757894479E-02,0.500000000,0.500000000,270.968140,-0.287871093,0.116715037E-04,33.0887146,7.50420189,0.00000000,0.00000000,0.00000000,48.2490425,3.25000000,0.00000000,0.323449192E-02,0.00000000,0.00000000,0.322406366E-02,0.323449192E-02,1.00000000,272.200317,-1.56576538,776.548767,1353.00000,85.2810745,0.250000000,0.293148286E-02,0.260999799,0.260999799,278.299896,0.234444439,0.00000000,4.48778343,0.182060171E-01,0.140234023,0.371961147E-01,0.400000006,0.400000006,0.980000019,1.00000000,0.760311604,0.757894479E-02,0.500000000,0.500000000,271.470825,4.25409555,0.125795423E-04,35.6630020,7.50873089,0.00000000,0.00000000,0.00000000,31.1616325,3.25000000,0.00000000,0.337328459E-02,0.00000000,0.00000000,0.336194388E-02,0.337328459E-02,1.00000000,272.384216,-1.22247314,776.547302,1353.00000,85.2810745,0.250000000,0.586296571E-02,0.260999590,0.260999590,278.300049,0.234444216,0.00000000
2,2,usgs_urban_thin_snow,9,180.000000,2,F,F,0,0,T,16,24,0.500000000,28,19,1,1004.50000,0.285714298,9.81000042,2500000.00,0.567051011E-07,3.00000000,1,6,1.00000000,0.00000000,282.000000,5.00000000,45.0000000,15.0000000,0.250000000,0.200000003,268.000000,175.000000,0.999999978E-02,0.899999961E-02,9.00000000,0.180000007,60.0000000,98000.0000,271.000000,0.219999999E-02,0.199999995E-04,1.17999995,4.24398232,0.165782534E-01,0.132614344,0.336014517E-01,0.400000006,0.400000006,0.980000019,1.00000000,0.757354617,0.757894479E-02,0.500000000,0.500000000,270.968140,-0.287871093,0.116715037E-04,33.0887146,7.50420189,0.00000000,0.00000000,0.00000000,48.2490425,3.25000000,0.00000000,0.323449192E-02,0.00000000,0.00000000,0.322406366E-02,0.323449192E-02,1.00000000,272.200317,-1.56576538,776.548767,1353.00000,85.2810745,0.250000000,0.293148286E-02,0.263999999,0.263999999,282.000000,0.237777770,0.00000000,4.48778343,0.182060171E-01,0.140234023,0.371961147E-01,0.400000006,0.400000006,0.980000019,1.00000000,0.760311604,0.757894479E-02,0.500000000,0.500000000,271.470825,4.25409555,0.125795423E-04,35.6630020,7.50873089,0.00000000,0.00000000,0.00000000,31.1616325,3.25000000,0.00000000,0.337328459E-02,0.00000000,0.00000000,0.336194388E-02,0.337328459E-02,1.00000000,272.384216,-1.22247314,776.547302,1353.00000,85.2810745,0.250000000,0.586296571E-02,0.263999999,0.263999999,282.000000,0.237777770,0.00000000
2,2,usgs_mixed_melt,1,180.000000,2,F,F,0,0,T,16,24,0.500000000,28,19,1,1004.50000,0.285714298,9.81000042,2500000.00,0.567051011E-07,0.00000000,15,7,1.00000000,0.00000000,282.000000,18.0000000,92.0000000,70.0000000,0.800000012,0.200000003,308.000000,320.000000,0.140000004E-01,0.130000003E-01,13.0000000,0.140000001,60.0000000,98000.0000,276.500000,0.439999998E-02,0.00000000,1.17999995,27.9745827,0.109874740,0.874453425,0.240851760,0.550000012,0.448525906,0.974978149,5.50000000,1.00000000,0.109272087E-01,0.800000012,0.800000012,276.243805,-3.33748078,0.334576589E-05,9.48524666,7.50120449,0.128188521,0.00000000,0.128188521,0.129026935,3.25000000,0.254020635E-01,0.484451093E-02,0.00000000,0.00000000,0.482115475E-02,0.484451093E-02,1.00000000,276.297363,1.74447632,915.964905,1260.00000,-1000.00000,0.00000000,0.00000000,0.336037576,0.280000001,273.545135,0.235555544,0.00000000,27.9442406,0.109725386,0.873659670,0.371636361,0.550000012,0.448200464,0.974946380,5.50000000,1.00000000,0.109272087E-01,0.800000012,0.800000012,276.827972,4.27253199,0.447962157E-05,12.6997271,7.50281715,0.258207679,0.00000000,0.258207679,-4.67359686,3.25000000,0.555907227E-01,0.504841516E-02,0.00000000,0.00000000,0.502305664E-02,0.504841516E-02,1.00000000,274.890198,1.94891357,916.532715,1260.00000,-1000.00000,0.00000000,0.00000000,0.338600516,0.336037576,273.369843,0.297819495,0.00000000
2,2,usgs_mixed_melt,2,180.000000,2,F,F,0,0,T,16,24,0.500000000,28,19,1,1004.50000,0.285714298,9.81000042,2500000.00,0.567051011E-07,0.999999978E-02,15,7,1.00000000,0.00000000,282.000000,18.0000000,92.0000000,70.0000000,0.800000012,0.200000003,308.000000,320.000000,0.140000004E-01,0.130000003E-01,13.0000000,0.140000001,60.0000000,98000.0000,276.500000,0.439999998E-02,0.00000000,1.17999995,27.9745827,0.109874740,0.874453425,0.240851760,0.550000012,0.448525906,0.974978149,5.50000000,1.00000000,0.109272087E-01,0.800000012,0.800000012,276.243805,-3.33748078,0.334576589E-05,9.48524666,7.50120449,0.128188521,0.00000000,0.128188521,0.129026935,3.25000000,0.254020635E-01,0.484451093E-02,0.00000000,0.00000000,0.482115475E-02,0.484451093E-02,1.00000000,276.297363,1.74447632,915.964905,1260.00000,-1000.00000,0.00000000,0.00000000,0.297065616,0.284000009,276.468292,0.239999995,0.00000000,27.9442406,0.109725386,0.873659670,0.371636361,0.550000012,0.448200464,0.974946380,5.50000000,1.00000000,0.109272087E-01,0.800000012,0.800000012,276.827972,4.27253199,0.447962157E-05,12.6997271,7.50281715,0.258207679,0.00000000,0.258207679,-4.67359686,3.25000000,0.555907227E-01,0.504841516E-02,0.00000000,0.00000000,0.502305664E-02,0.504841516E-02,1.00000000,274.890198,1.94891357,916.532715,1260.00000,-1000.00000,0.00000000,0.00000000,0.319417477,0.297065616,275.450195,0.254517347,0.00000000
2,2,usgs_mixed_melt,3,180.000000,2,F,F,0,0,T,16,24,0.500000000,28,19,1,1004.50000,0.285714298,9.81000042,2500000.00,0.567051011E-07,0.399999991E-01,15,7,1.00000000,0.00000000,282.000000,18.0000000,92.0000000,70.0000000,0.800000012,0.200000003,308.000000,320.000000,0.140000004E-01,0.130000003E-01,13.0000000,0.140000001,60.0000000,98000.0000,276.500000,0.439999998E-02,0.00000000,1.17999995,27.9745827,0.109874740,0.874453425,0.240851760,0.550000012,0.448525906,0.974978149,5.50000000,1.00000000,0.109272087E-01,0.800000012,0.800000012,276.243805,-3.33748078,0.334576589E-05,9.48524666,7.50120449,0.128188521,0.00000000,0.128188521,0.129026935,3.25000000,0.254020635E-01,0.484451093E-02,0.00000000,0.00000000,0.482115475E-02,0.484451093E-02,1.00000000,276.297363,1.74447632,915.964905,1260.00000,-1000.00000,0.00000000,0.00000000,0.288663507,0.287999988,277.161194,0.244444415,0.00000000,27.9442406,0.109725386,0.873659670,0.371636361,0.550000012,0.448200464,0.974946380,5.50000000,1.00000000,0.109272087E-01,0.800000012,0.800000012,276.827972,4.27253199,0.447962157E-05,12.6997271,7.50281715,0.258207679,0.00000000,0.258207679,-4.67359686,3.25000000,0.555907227E-01,0.504841516E-02,0.00000000,0.00000000,0.502305664E-02,0.504841516E-02,1.00000000,274.890198,1.94891357,916.532715,1260.00000,-1000.00000,0.00000000,0.00000000,0.291114151,0.288663507,277.068176,0.245181665,0.00000000
2,2,usgs_mixed_melt,4,180.000000,2,F,F,0,0,T,16,24,0.500000000,28,19,1,1004.50000,0.285714298,9.81000042,2500000.00,0.567051011E-07,0.100000001,15,7,1.00000000,0.00000000,282.000000,18.0000000,92.0000000,70.0000000,0.800000012,0.200000003,308.000000,320.000000,0.140000004E-01,0.130000003E-01,13.0000000,0.140000001,60.0000000,98000.0000,276.500000,0.439999998E-02,0.00000000,1.17999995,27.9745827,0.109874740,0.874453425,0.240851760,0.550000012,0.448525906,0.974978149,5.50000000,1.00000000,0.109272087E-01,0.800000012,0.800000012,276.243805,-3.33748078,0.334576589E-05,9.48524666,7.50120449,0.128188521,0.00000000,0.128188521,0.129026935,3.25000000,0.254020635E-01,0.484451093E-02,0.00000000,0.00000000,0.482115475E-02,0.484451093E-02,1.00000000,276.297363,1.74447632,915.964905,1260.00000,-1000.00000,0.00000000,0.00000000,0.291974008,0.291974008,277.791443,0.248888865,0.00000000,27.9442406,0.109725386,0.873659670,0.371636361,0.550000012,0.448200464,0.974946380,5.50000000,1.00000000,0.109272087E-01,0.800000012,0.800000012,276.827972,4.27253199,0.447962157E-05,12.6997271,7.50281715,0.258207679,0.00000000,0.258207679,-4.67359686,3.25000000,0.555907227E-01,0.504841516E-02,0.00000000,0.00000000,0.502305664E-02,0.504841516E-02,1.00000000,274.890198,1.94891357,916.532715,1260.00000,-1000.00000,0.00000000,0.00000000,0.291980028,0.291974008,277.781830,0.248860002,0.00000000
2,2,usgs_mixed_melt,5,180.000000,2,F,F,0,0,T,16,24,0.500000000,28,19,1,1004.50000,0.285714298,9.81000042,2500000.00,0.567051011E-07,0.300000012,15,7,1.00000000,0.00000000,282.000000,18.0000000,92.0000000,70.0000000,0.800000012,0.200000003,308.000000,320.000000,0.140000004E-01,0.130000003E-01,13.0000000,0.140000001,60.0000000,98000.0000,276.500000,0.439999998E-02,0.00000000,1.17999995,27.9745827,0.109874740,0.874453425,0.240851760,0.550000012,0.448525906,0.974978149,5.50000000,1.00000000,0.109272087E-01,0.800000012,0.800000012,276.243805,-3.33748078,0.334576589E-05,9.48524666,7.50120449,0.128188521,0.00000000,0.128188521,0.129026935,3.25000000,0.254020635E-01,0.484451093E-02,0.00000000,0.00000000,0.482115475E-02,0.484451093E-02,1.00000000,276.297363,1.74447632,915.964905,1260.00000,-1000.00000,0.00000000,0.00000000,0.295997053,0.295997053,278.399384,0.253333330,0.00000000,27.9442406,0.109725386,0.873659670,0.371636361,0.550000012,0.448200464,0.974946380,5.50000000,1.00000000,0.109272087E-01,0.800000012,0.800000012,276.827972,4.27253199,0.447962157E-05,12.6997271,7.50281715,0.258207679,0.00000000,0.258207679,-4.67359686,3.25000000,0.555907227E-01,0.504841516E-02,0.00000000,0.00000000,0.502305664E-02,0.504841516E-02,1.00000000,274.890198,1.94891357,916.532715,1260.00000,-1000.00000,0.00000000,0.00000000,0.295994103,0.295994103,278.398712,0.253330052,0.00000000
2,2,usgs_mixed_melt,6,180.000000,2,F,F,0,0,T,16,24,0.500000000,28,19,1,1004.50000,0.285714298,9.81000042,2500000.00,0.567051011E-07,0.600000024,15,7,1.00000000,0.00000000,282.000000,18.0000000,92.0000000,70.0000000,0.800000012,0.200000003,308.000000,320.000000,0.140000004E-01,0.130000003E-01,13.0000000,0.140000001,60.0000000,98000.0000,276.500000,0.439999998E-02,0.00000000,1.17999995,27.9745827,0.109874740,0.874453425,0.240851760,0.550000012,0.448525906,0.974978149,5.50000000,1.00000000,0.109272087E-01,0.800000012,0.800000012,276.243805,-3.33748078,0.334576589E-05,9.48524666,7.50120449,0.128188521,0.00000000,0.128188521,0.129026935,3.25000000,0.254020635E-01,0.484451093E-02,0.00000000,0.00000000,0.482115475E-02,0.484451093E-02,1.00000000,276.297363,1.74447632,915.964905,1260.00000,-1000.00000,0.00000000,0.00000000,0.299998581,0.299998581,278.999817,0.257777780,0.00000000,27.9442406,0.109725386,0.873659670,0.371636361,0.550000012,0.448200464,0.974946380,5.50000000,1.00000000,0.109272087E-01,0.800000012,0.800000012,276.827972,4.27253199,0.447962157E-05,12.6997271,7.50281715,0.258207679,0.00000000,0.258207679,-4.67359686,3.25000000,0.555907227E-01,0.504841516E-02,0.00000000,0.00000000,0.502305664E-02,0.504841516E-02,1.00000000,274.890198,1.94891357,916.532715,1260.00000,-1000.00000,0.00000000,0.00000000,0.299997151,0.299997151,278.999634,0.257776201,0.00000000
2,2,usgs_mixed_melt,7,180.000000,2,F,F,0,0,T,16,24,0.500000000,28,19,1,1004.50000,0.285714298,9.81000042,2500000.00,0.567051011E-07,1.00000000,15,7,1.00000000,0.00000000,282.000000,18.0000000,92.0000000,70.0000000,0.800000012,0.200000003,308.000000,320.000000,0.140000004E-01,0.130000003E-01,13.0000000,0.140000001,60.0000000,98000.0000,276.500000,0.439999998E-02,0.00000000,1.17999995,27.9745827,0.109874740,0.874453425,0.240851760,0.550000012,0.448525906,0.974978149,5.50000000,1.00000000,0.109272087E-01,0.800000012,0.800000012,276.243805,-3.33748078,0.334576589E-05,9.48524666,7.50120449,0.128188521,0.00000000,0.128188521,0.129026935,3.25000000,0.254020635E-01,0.484451093E-02,0.00000000,0.00000000,0.482115475E-02,0.484451093E-02,1.00000000,276.297363,1.74447632,915.964905,1260.00000,-1000.00000,0.00000000,0.00000000,0.303998530,0.303998530,279.599884,0.262222201,0.00000000,27.9442406,0.109725386,0.873659670,0.371636361,0.550000012,0.448200464,0.974946380,5.50000000,1.00000000,0.109272087E-01,0.800000012,0.800000012,276.827972,4.27253199,0.447962157E-05,12.6997271,7.50281715,0.258207679,0.00000000,0.258207679,-4.67359686,3.25000000,0.555907227E-01,0.504841516E-02,0.00000000,0.00000000,0.502305664E-02,0.504841516E-02,1.00000000,274.890198,1.94891357,916.532715,1260.00000,-1000.00000,0.00000000,0.00000000,0.303997070,0.303997070,279.599762,0.262220562,0.00000000
2,2,usgs_mixed_melt,8,180.000000,2,F,F,0,0,T,16,24,0.500000000,28,19,1,1004.50000,0.285714298,9.81000042,2500000.00,0.567051011E-07,1.60000002,15,7,1.00000000,0.00000000,282.000000,18.0000000,92.0000000,70.0000000,0.800000012,0.200000003,308.000000,320.000000,0.140000004E-01,0.130000003E-01,13.0000000,0.140000001,60.0000000,98000.0000,276.500000,0.439999998E-02,0.00000000,1.17999995,27.9745827,0.109874740,0.874453425,0.240851760,0.550000012,0.448525906,0.974978149,5.50000000,1.00000000,0.109272087E-01,0.800000012,0.800000012,276.243805,-3.33748078,0.334576589E-05,9.48524666,7.50120449,0.128188521,0.00000000,0.128188521,0.129026935,3.25000000,0.254020635E-01,0.484451093E-02,0.00000000,0.00000000,0.482115475E-02,0.484451093E-02,1.00000000,276.297363,1.74447632,915.964905,1260.00000,-1000.00000,0.00000000,0.00000000,0.307998896,0.307998896,280.199951,0.266666651,0.00000000,27.9442406,0.109725386,0.873659670,0.371636361,0.550000012,0.448200464,0.974946380,5.50000000,1.00000000,0.109272087E-01,0.800000012,0.800000012,276.827972,4.27253199,0.447962157E-05,12.6997271,7.50281715,0.258207679,0.00000000,0.258207679,-4.67359686,3.25000000,0.555907227E-01,0.504841516E-02,0.00000000,0.00000000,0.502305664E-02,0.504841516E-02,1.00000000,274.890198,1.94891357,916.532715,1260.00000,-1000.00000,0.00000000,0.00000000,0.307997763,0.307997763,280.200012,0.266665429,0.00000000
2,2,usgs_mixed_melt,9,180.000000,2,F,F,0,0,T,16,24,0.500000000,28,19,1,1004.50000,0.285714298,9.81000042,2500000.00,0.567051011E-07,3.00000000,15,7,1.00000000,0.00000000,282.000000,18.0000000,92.0000000,70.0000000,0.800000012,0.200000003,308.000000,320.000000,0.140000004E-01,0.130000003E-01,13.0000000,0.140000001,60.0000000,98000.0000,276.500000,0.439999998E-02,0.00000000,1.17999995,27.9745827,0.109874740,0.874453425,0.240851760,0.550000012,0.448525906,0.974978149,5.50000000,1.00000000,0.109272087E-01,0.800000012,0.800000012,276.243805,-3.33748078,0.334576589E-05,9.48524666,7.50120449,0.128188521,0.00000000,0.128188521,0.129026935,3.25000000,0.254020635E-01,0.484451093E-02,0.00000000,0.00000000,0.482115475E-02,0.484451093E-02,1.00000000,276.297363,1.74447632,915.964905,1260.00000,-1000.00000,0.00000000,0.00000000,0.312000006,0.312000006,282.000000,0.271111101,0.00000000,27.9442406,0.109725386,0.873659670,0.371636361,0.550000012,0.448200464,0.974946380,5.50000000,1.00000000,0.109272087E-01,0.800000012,0.800000012,276.827972,4.27253199,0.447962157E-05,12.6997271,7.50281715,0.258207679,0.00000000,0.258207679,-4.67359686,3.25000000,0.555907227E-01,0.504841516E-02,0.00000000,0.00000000,0.502305664E-02,0.504841516E-02,1.00000000,274.890198,1.94891357,916.532715,1260.00000,-1000.00000,0.00000000,0.00000000,0.312000006,0.312000006,282.000000,0.271111101,0.00000000
2,2,usgs_wetland,1,180.000000,2,F,F,0,0,T,16,24,0.500000000,28,19,1,1004.50000,0.285714298,9.81000042,2500000.00,0.567051011E-07,0.00000000,17,9,1.00000000,0.00000000,288.000000,12.0000000,75.0000000,55.0000000,4.00000000,0.200000003,362.000000,460.000000,0.170000009E-01,0.160000008E-01,16.0000000,0.140000001,60.0000000,98000.0000,290.000000,0.125000002E-01,0.399999990E-04,1.17999995,0.00000000,0.00000000,0.00000000,0.499737740,0.589999974,0.140000001,0.949999988,5.71999979,1.00000000,0.133583173E-01,0.200000003,0.200000003,291.231812,19.6170979,0.959566387E-05,23.9891605,7.50345421,2.94763947,0.00000000,2.94763947,-58.6295662,3.25000000,0.00000000,0.131623717E-01,0.00000000,0.00000000,0.129913744E-01,0.131623717E-01,1.00000000,291.000000,17.8500061,1256.88269,1353.00000,-1000.00000,0.00000000,0.00000000,0.414430767,0.400000006,291.231812,0.388888866,0.00000000,0.00000000,0.00000000,0.00000000,0.499624461,0.589999974,0.140000001,0.949999988,5.71999979,1.00000000,0.133583173E-01,0.200000003,0.200000003,291.574249,25.0705605,0.137398802E-04,34.3497009,7.50840092,6.16634130,0.00000000,6.16634130,-83.6056290,3.25000000,0.00000000,0.134484395E-01,0.00000000,0.00000000,0.132699786E-01,0.134484395E-01,1.00000000,291.000000,17.8500061,1257.22388,1353.00000,-1000.00000,0.00000000,0.00000000,0.418438971,0.414430767,291.574249,0.404923052,0.00000000
2,2,usgs_wetland,2,180.000000,2,F,F,0,0,T,16,24,0.500000000,28,19,1,1004.50000,0.285714298,9.81000042,2500000.00,0.567051011E-07,0.999999978E-02,17,9,1.00000000,0.00000000,288.000000,12.0000000,75.0000000,55.0000000,4.00000000,0.200000003,362.000000,460.000000,0.170000009E-01,0.160000008E-01,16.0000000,0.140000001,60.0000000,98000.0000,290.000000,0.125000002E-01,0.399999990E-04,1.17999995,0.00000000,0.00000000,0.00000000,0.499737740,0.589999974,0.140000001,0.949999988,5.71999979,1.00000000,0.133583173E-01,0.200000003,0.200000003,291.231812,19.6170979,0.959566387E-05,23.9891605,7.50345421,2.94763947,0.00000000,2.94763947,-58.6295662,3.25000000,0.00000000,0.131623717E-01,0.00000000,0.00000000,0.129913744E-01,0.131623717E-01,1.00000000,291.000000,17.8500061,1256.88269,1353.00000,-1000.00000,0.00000000,0.00000000,0.412822664,0.402999997,290.830200,0.392222196,0.00000000,0.00000000,0.00000000,0.00000000,0.499624461,0.589999974,0.140000001,0.949999988,5.71999979,1.00000000,0.133583173E-01,0.200000003,0.200000003,291.574249,25.0705605,0.137398802E-04,34.3497009,7.50840092,6.16634130,0.00000000,6.16634130,-83.6056290,3.25000000,0.00000000,0.134484395E-01,0.00000000,0.00000000,0.132699786E-01,0.134484395E-01,1.00000000,291.000000,17.8500061,1257.22388,1353.00000,-1000.00000,0.00000000,0.00000000,0.417335331,0.412822664,291.008179,0.403136253,0.00000000
2,2,usgs_wetland,3,180.000000,2,F,F,0,0,T,16,24,0.500000000,28,19,1,1004.50000,0.285714298,9.81000042,2500000.00,0.567051011E-07,0.399999991E-01,17,9,1.00000000,0.00000000,288.000000,12.0000000,75.0000000,55.0000000,4.00000000,0.200000003,362.000000,460.000000,0.170000009E-01,0.160000008E-01,16.0000000,0.140000001,60.0000000,98000.0000,290.000000,0.125000002E-01,0.399999990E-04,1.17999995,0.00000000,0.00000000,0.00000000,0.499737740,0.589999974,0.140000001,0.949999988,5.71999979,1.00000000,0.133583173E-01,0.200000003,0.200000003,291.231812,19.6170979,0.959566387E-05,23.9891605,7.50345421,2.94763947,0.00000000,2.94763947,-58.6295662,3.25000000,0.00000000,0.131623717E-01,0.00000000,0.00000000,0.129913744E-01,0.131623717E-01,1.00000000,291.000000,17.8500061,1256.88269,1353.00000,-1000.00000,0.00000000,0.00000000,0.410327256,0.406000018,290.416840,0.395555556,0.00000000,0.00000000,0.00000000,0.00000000,0.499624461,0.589999974,0.140000001,0.949999988,5.71999979,1.00000000,0.133583173E-01,0.200000003,0.200000003,291.574249,25.0705605,0.137398802E-04,34.3497009,7.50840092,6.16634130,0.00000000,6.16634130,-83.6056290,3.25000000,0.00000000,0.134484395E-01,0.00000000,0.00000000,0.132699786E-01,0.134484395E-01,1.00000000,291.000000,17.8500061,1257.22388,1353.00000,-1000.00000,0.00000000,0.00000000,0.414411157,0.410327256,290.443665,0.400363594,0.00000000
2,2,usgs_wetland,4,180.000000,2,F,F,0,0,T,16,24,0.500000000,28,19,1,1004.50000,0.285714298,9.81000042,2500000.00,0.567051011E-07,0.100000001,17,9,1.00000000,0.00000000,288.000000,12.0000000,75.0000000,55.0000000,4.00000000,0.200000003,362.000000,460.000000,0.170000009E-01,0.160000008E-01,16.0000000,0.140000001,60.0000000,98000.0000,290.000000,0.125000002E-01,0.399999990E-04,1.17999995,0.00000000,0.00000000,0.00000000,0.499737740,0.589999974,0.140000001,0.949999988,5.71999979,1.00000000,0.133583173E-01,0.200000003,0.200000003,291.231812,19.6170979,0.959566387E-05,23.9891605,7.50345421,2.94763947,0.00000000,2.94763947,-58.6295662,3.25000000,0.00000000,0.131623717E-01,0.00000000,0.00000000,0.129913744E-01,0.131623717E-01,1.00000000,291.000000,17.8500061,1256.88269,1353.00000,-1000.00000,0.00000000,0.00000000,0.409477383,0.409000009,290.103119,0.398888856,0.00000000,0.00000000,0.00000000,0.00000000,0.499624461,0.589999974,0.140000001,0.949999988,5.71999979,1.00000000,0.133583173E-01,0.200000003,0.200000003,291.574249,25.0705605,0.137398802E-04,34.3497009,7.50840092,6.16634130,0.00000000,6.16634130,-83.6056290,3.25000000,0.00000000,0.134484395E-01,0.00000000,0.00000000,0.132699786E-01,0.134484395E-01,1.00000000,291.000000,17.8500061,1257.22388,1353.00000,-1000.00000,0.00000000,0.00000000,0.411074340,0.409477383,290.106476,0.399419278,0.00000000
2,2,usgs_wetland,5,180.000000,2,F,F,0,0,T,16,24,0.500000000,28,19,1,1004.50000,0.285714298,9.81000042,2500000.00,0.567051011E-07,0.300000012,17,9,1.00000000,0.00000000,288.000000,12.0000000,75.0000000,55.0000000,4.00000000,0.200000003,362.000000,460.000000,0.170000009E-01,0.160000008E-01,16.0000000,0.140000001,60.0000000,98000.0000,290.000000,0.125000002E-01,0.399999990E-04,1.17999995,0.00000000,0.00000000,0.00000000,0.499737740,0.589999974,0.140000001,0.949999988,5.71999979,1.00000000,0.133583173E-01,0.200000003,0.200000003,291.231812,19.6170979,0.959566387E-05,23.9891605,7.50345421,2.94763947,0.00000000,2.94763947,-58.6295662,3.25000000,0.00000000,0.131623717E-01,0.00000000,0.00000000,0.129913744E-01,0.131623717E-01,1.00000000,291.000000,17.8500061,1256.88269,1353.00000,-1000.00000,0.00000000,0.00000000,0.411844015,0.411844015,289.800171,0.402222186,0.00000000,0.00000000,0.00000000,0.00000000,0.499624461,0.589999974,0.140000001,0.949999988,5.71999979,1.00000000,0.133583173E-01,0.200000003,0.200000003,291.574249,25.0705605,0.137398802E-04,34.3497009,7.50840092,6.16634130,0.00000000,6.16634130,-83.6056290,3.25000000,0.00000000,0.134484395E-01,0.00000000,0.00000000,0.132699786E-01,0.134484395E-01,1.00000000,291.000000,17.8500061,1257.22388,1353.00000,-1000.00000,0.00000000,0.00000000,0.411815941,0.411815941,289.800385,0.402048886,0.00000000
2,2,usgs_wetland,6,180.000000,2,F,F,0,0,T,16,24,0.500000000,28,19,1,1004.50000,0.285714298,9.81000042,2500000.00,0.567051011E-07,0.600000024,17,9,1.00000000,0.00000000,288.000000,12.0000000,75.0000000,55.0000000,4.00000000,0.200000003,362.000000,460.000000,0.170000009E-01,0.160000008E-01,16.0000000,0.140000001,60.0000000,98000.0000,290.000000,0.125000002E-01,0.399999990E-04,1.17999995,0.00000000,0.00000000,0.00000000,0.499737740,0.589999974,0.140000001,0.949999988,5.71999979,1.00000000,0.133583173E-01,0.200000003,0.200000003,291.231812,19.6170979,0.959566387E-05,23.9891605,7.50345421,2.94763947,0.00000000,2.94763947,-58.6295662,3.25000000,0.00000000,0.131623717E-01,0.00000000,0.00000000,0.129913744E-01,0.131623717E-01,1.00000000,291.000000,17.8500061,1256.88269,1353.00000,-1000.00000,0.00000000,0.00000000,0.414865822,0.414865822,289.500092,0.405555546,0.00000000,0.00000000,0.00000000,0.00000000,0.499624461,0.589999974,0.140000001,0.949999988,5.71999979,1.00000000,0.133583173E-01,0.200000003,0.200000003,291.574249,25.0705605,0.137398802E-04,34.3497009,7.50840092,6.16634130,0.00000000,6.16634130,-83.6056290,3.25000000,0.00000000,0.134484395E-01,0.00000000,0.00000000,0.132699786E-01,0.134484395E-01,1.00000000,291.000000,17.8500061,1257.22388,1353.00000,-1000.00000,0.00000000,0.00000000,0.414735615,0.414735615,289.500153,0.405406445,0.00000000
2,2,usgs_wetland,7,180.000000,2,F,F,0,0,T,16,24,0.500000000,28,19,1,1004.50000,0.285714298,9.81000042,2500000.00,0.567051011E-07,1.00000000,17,9,1.00000000,0.00000000,288.000000,12.0000000,75.0000000,55.0000000,4.00000000,0.200000003,362.000000,460.000000,0.170000009E-01,0.160000008E-01,16.0000000,0.140000001,60.0000000,98000.0000,290.000000,0.125000002E-01,0.399999990E-04,1.17999995,0.00000000,0.00000000,0.00000000,0.499737740,0.589999974,0.140000001,0.949999988,5.71999979,1.00000000,0.133583173E-01,0.200000003,0.200000003,291.231812,19.6170979,0.959566387E-05,23.9891605,7.50345421,2.94763947,0.00000000,2.94763947,-58.6295662,3.25000000,0.00000000,0.131623717E-01,0.00000000,0.00000000,0.129913744E-01,0.131623717E-01,1.00000000,291.000000,17.8500061,1256.88269,1353.00000,-1000.00000,0.00000000,0.00000000,0.417895734,0.417895734,289.200073,0.408888876,0.00000000,0.00000000,0.00000000,0.00000000,0.499624461,0.589999974,0.140000001,0.949999988,5.71999979,1.00000000,0.133583173E-01,0.200000003,0.200000003,291.574249,25.0705605,0.137398802E-04,34.3497009,7.50840092,6.16634130,0.00000000,6.16634130,-83.6056290,3.25000000,0.00000000,0.134484395E-01,0.00000000,0.00000000,0.132699786E-01,0.134484395E-01,1.00000000,291.000000,17.8500061,1257.22388,1353.00000,-1000.00000,0.00000000,0.00000000,0.417790860,0.417790860,289.200134,0.408773005,0.00000000
2,2,usgs_wetland,8,180.000000,2,F,F,0,0,T,16,24,0.500000000,28,19,1,1004.50000,0.285714298,9.81000042,2500000.00,0.567051011E-07,1.60000002,17,9,1.00000000,0.00000000,288.000000,12.0000000,75.0000000,55.0000000,4.00000000,0.200000003,362.000000,460.000000,0.170000009E-01,0.160000008E-01,16.0000000,0.140000001,60.0000000,98000.0000,290.000000,0.125000002E-01,0.399999990E-04,1.17999995,0.00000000,0.00000000,0.00000000,0.499737740,0.589999974,0.140000001,0.949999988,5.71999979,1.00000000,0.133583173E-01,0.200000003,0.200000003,291.231812,19.6170979,0.959566387E-05,23.9891605,7.50345421,2.94763947,0.00000000,2.94763947,-58.6295662,3.25000000,0.00000000,0.131623717E-01,0.00000000,0.00000000,0.129913744E-01,0.131623717E-01,1.00000000,291.000000,17.8500061,1256.88269,1353.00000,-1000.00000,0.00000000,0.00000000,0.420945406,0.420945406,288.900055,0.412222207,0.00000000,0.00000000,0.00000000,0.00000000,0.499624461,0.589999974,0.140000001,0.949999988,5.71999979,1.00000000,0.133583173E-01,0.200000003,0.200000003,291.574249,25.0705605,0.137398802E-04,34.3497009,7.50840092,6.16634130,0.00000000,6.16634130,-83.6056290,3.25000000,0.00000000,0.134484395E-01,0.00000000,0.00000000,0.132699786E-01,0.134484395E-01,1.00000000,291.000000,17.8500061,1257.22388,1353.00000,-1000.00000,0.00000000,0.00000000,0.420889974,0.420889974,288.900085,0.412161529,0.00000000
2,2,usgs_wetland,9,180.000000,2,F,F,0,0,T,16,24,0.500000000,28,19,1,1004.50000,0.285714298,9.81000042,2500000.00,0.567051011E-07,3.00000000,17,9,1.00000000,0.00000000,288.000000,12.0000000,75.0000000,55.0000000,4.00000000,0.200000003,362.000000,460.000000,0.170000009E-01,0.160000008E-01,16.0000000,0.140000001,60.0000000,98000.0000,290.000000,0.125000002E-01,0.399999990E-04,1.17999995,0.00000000,0.00000000,0.00000000,0.499737740,0.589999974,0.140000001,0.949999988,5.71999979,1.00000000,0.133583173E-01,0.200000003,0.200000003,291.231812,19.6170979,0.959566387E-05,23.9891605,7.50345421,2.94763947,0.00000000,2.94763947,-58.6295662,3.25000000,0.00000000,0.131623717E-01,0.00000000,0.00000000,0.129913744E-01,0.131623717E-01,1.00000000,291.000000,17.8500061,1256.88269,1353.00000,-1000.00000,0.00000000,0.00000000,0.423999995,0.423999995,288.000000,0.415555507,0.00000000,0.00000000,0.00000000,0.00000000,0.499624461,0.589999974,0.140000001,0.949999988,5.71999979,1.00000000,0.133583173E-01,0.200000003,0.200000003,291.574249,25.0705605,0.137398802E-04,34.3497009,7.50840092,6.16634130,0.00000000,6.16634130,-83.6056290,3.25000000,0.00000000,0.134484395E-01,0.00000000,0.00000000,0.132699786E-01,0.134484395E-01,1.00000000,291.000000,17.8500061,1257.22388,1353.00000,-1000.00000,0.00000000,0.00000000,0.423999995,0.423999995,288.000000,0.415555507,0.00000000
2,2,usgs_tundra_subthresh,1,180.000000,2,F,F,0,0,T,16,24,0.500000000,28,19,1,1004.50000,0.285714298,9.81000042,2500000.00,0.567051011E-07,0.00000000,22,2,1.00000000,0.300000012,276.000000,6.00000000,65.0000000,35.0000000,0.349999994,0.200000003,238.000000,195.000000,0.600000005E-02,0.499999989E-02,5.00000000,0.150000006,60.0000000,98000.0000,264.500000,0.159999996E-02,0.00000000,1.17999995,6.32490540,0.328750014E-01,0.197536275,0.348706618E-01,0.649999976,0.649999976,0.980000019,3.34999990,1.00000000,0.421264442E-02,0.100000001,0.100000001,264.326080,-0.873458564,0.845155739E-06,2.39601660,7.50030422,0.00000000,0.00000000,0.00000000,33.2290268,3.25000000,0.00000000,0.182887155E-02,0.00000000,0.00000000,0.182553276E-02,0.182887155E-02,1.00000000,265.884308,-8.04479980,754.192566,1230.00000,61.9790688,0.349999994,0.564706745E-02,0.219972521,0.496539138E-01,265.884308,0.190742210,0.00000000,6.64971209,0.358370207E-01,0.207683221,0.597326420E-01,0.649999976,0.649999976,0.980000019,3.34999990,1.00000000,0.421264442E-02,0.100000001,0.100000001,264.993042,2.47615314,0.125232043E-05,3.55032849,7.50075531,0.00000000,0.00000000,0.00000000,22.0462208,3.25000000,0.00000000,0.193913374E-02,0.00000000,0.00000000,0.193538074E-02,0.193913374E-02,1.00000000,266.168152,-7.56939697,754.135132,1230.00000,61.9790688,0.349999994,0.112941349E-01,0.219932318,0.501199402E-01,266.168152,0.189242885,0.00000000
2,2,usgs_tundra_subthresh,2,180.000000,2,F,F,0,0,T,16,24,0.500000000,28,19,1,1004.50000,0.285714298,9.81000042,2500000.00,0.567051011E-07,0.999999978E-02,22,2,1.00000000,0.300000012,276.000000,6.00000000,65.0000000,35.0000000,0.349999994,0.200000003,238.000000,195.000000,0.600000005E-02,0.499999989E-02,5.00000000,0.150000006,60.0000000,98000.0000,264.500000,0.159999996E-02,0.00000000,1.17999995,6.32490540,0.328750014E-01,0.197536275,0.348706618E-01,0.649999976,0.649999976,0.980000019,3.34999990,1.00000000,0.421264442E-02,0.100000001,0.100000001,264.326080,-0.873458564,0.845155739E-06,2.39601660,7.50030422,0.00000000,0.00000000,0.00000000,33.2290268,3.25000000,0.00000000,0.182887155E-02,0.00000000,0.00000000,0.182553276E-02,0.182887155E-02,1.00000000,265.884308,-8.04479980,754.192566,1230.00000,61.9790688,0.349999994,0.564706745E-02,0.224999979,0.504450873E-01,266.358276,0.194251463,0.00000000,6.64971209,0.358370207E-01,0.207683221,0.597326420E-01,0.649999976,0.649999976,0.980000019,3.34999990,1.00000000,0.421264442E-02,0.100000001,0.100000001,264.993042,2.47615314,0.125232043E-05,3.55032849,7.50075531,0.00000000,0.00000000,0.00000000,22.0462208,3.25000000,0.00000000,0.193913374E-02,0.00000000,0.00000000,0.193538074E-02,0.193913374E-02,1.00000000,266.168152,-7.56939697,754.135132,1230.00000,61.9790688,0.349999994,0.112941349E-01,0.224999949,0.506876297E-01,266.496033,0.193949878,0.00000000
2,2,usgs_tundra_subthresh,3,180.000000,2,F,F,0,0,T,16,24,0.500000000,28,19,1,1004.50000,0.285714298,9.81000042,2500000.00,0.567051011E-07,0.399999991E-01,22,2,1.00000000,0.300000012,276.000000,6.00000000,65.0000000,35.0000000,0.349999994,0.200000003,238.000000,195.000000,0.600000005E-02,0.499999989E-02,5.00000000,0.150000006,60.0000000,98000.0000,264.500000,0.159999996E-02,0.00000000,1.17999995,6.32490540,0.328750014E-01,0.197536275,0.348706618E-01,0.649999976,0.649999976,0.980000019,3.34999990,1.00000000,0.421264442E-02,0.100000001,0.100000001,264.326080,-0.873458564,0.845155739E-06,2.39601660,7.50030422,0.00000000,0.00000000,0.00000000,33.2290268,3.25000000,0.00000000,0.182887155E-02,0.00000000,0.00000000,0.182553276E-02,0.182887155E-02,1.00000000,265.884308,-8.04479980,754.192566,1230.00000,61.9790688,0.349999994,0.564706745E-02,0.229999989,0.522923358E-01,267.327026,0.197281808,0.00000000,6.64971209,0.358370207E-01,0.207683221,0.597326420E-01,0.649999976,0.649999976,0.980000019,3.34999990,1.00000000,0.421264442E-02,0.100000001,0.100000001,264.993042,2.47615314,0.125232043E-05,3.55032849,7.50075531,0.00000000,0.00000000,0.00000000,22.0462208,3.25000000,0.00000000,0.193913374E-02,0.00000000,0.00000000,0.193538074E-02,0.193913374E-02,1.00000000,266.168152,-7.56939697,754.135132,1230.00000,61.9790688,0.349999994,0.112941349E-01,0.229999989,0.522069037E-01,267.286072,0.197452947,0.00000000
2,2,usgs_tundra_subthresh,4,180.000000,2,F,F,0,0,T,16,24,0.500000000,28,19,1,1004.50000,0.285714298,9.81000042,2500000.00,0.567051011E-07,0.100000001,22,2,1.00000000,0.300000012,276.000000,6.00000000,65.0000000,35.0000000,0.349999994,0.200000003,238.000000,195.000000,0.600000005E-02,0.499999989E-02,5.00000000,0.150000006,60.0000000,98000.0000,264.500000,0.159999996E-02,0.00000000,1.17999995,6.32490540,0.328750014E-01,0.197536275,0.348706618E-01,0.649999976,0.649999976,0.980000019,3.34999990,1.00000000,0.421264442E-02,0.100000001,0.100000001,264.326080,-0.873458564,0.845155739E-06,2.39601660,7.50030422,0.00000000,0.00000000,0.00000000,33.2290268,3.25000000,0.00000000,0.182887155E-02,0.00000000,0.00000000,0.182553276E-02,0.182887155E-02,1.00000000,265.884308,-8.04479980,754.192566,1230.00000,61.9790688,0.349999994,0.564706745E-02,0.234999999,0.553241521E-01,268.579468,0.199575514,0.00000000,6.64971209,0.358370207E-01,0.207683221,0.597326420E-01,0.649999976,0.649999976,0.980000019,3.34999990,1.00000000,0.421264442E-02,0.100000001,0.100000001,264.993042,2.47615314,0.125232043E-05,3.55032849,7.50075531,0.00000000,0.00000000,0.00000000,22.0462208,3.25000000,0.00000000,0.193913374E-02,0.00000000,0.00000000,0.193538074E-02,0.193913374E-02,1.00000000,266.168152,-7.56939697,754.135132,1230.00000,61.9790688,0.349999994,0.112941349E-01,0.234999999,0.552642867E-01,268.558105,0.199639827,0.00000000
2,2,usgs_tundra_subthresh,5,180.000000,2,F,F,0,0,T,16,24,0.500000000,28,19,1,1004.50000,0.285714298,9.81000042,2500000.00,0.567051011E-07,0.300000012,22,2,1.00000000,0.300000012,276.000000,6.00000000,65.0000000,35.0000000,0.349999994,0.200000003,238.000000,195.000000,0.600000005E-02,0.499999989E-02,5.00000000,0.150000006,60.0000000,98000.0000,264.500000,0.159999996E-02,0.00000000,1.17999995,6.32490540,0.328750014E-01,0.197536275,0.348706618E-01,0.649999976,0.649999976,0.980000019,3.34999990,1.00000000,0.421264442E-02,0.100000001,0.100000001,264.326080,-0.873458564,0.845155739E-06,2.39601660,7.50030422,0.00000000,0.00000000,0.00000000,33.2290268,3.25000000,0.00000000,0.182887155E-02,0.00000000,0.00000000,0.182553276E-02,0.182887155E-02,1.00000000,265.884308,-8.04479980,754.192566,1230.00000,61.9790688,0.349999994,0.564706745E-02,0.240000010,0.594448484E-01,269.798187,0.200608626,0.00000000,6.64971209,0.358370207E-01,0.207683221,0.597326420E-01,0.649999976,0.649999976,0.980000019,3.34999990,1.00000000,0.421264442E-02,0.100000001,0.100000001,264.993042,2.47615314,0.125232043E-05,3.55032849,7.50075531,0.00000000,0.00000000,0.00000000,22.0462208,3.25000000,0.00000000,0.193913374E-02,0.00000000,0.00000000,0.193538074E-02,0.193913374E-02,1.00000000,266.168152,-7.56939697,754.135132,1230.00000,61.9790688,0.349999994,0.112941349E-01,0.240000010,0.594372153E-01,269.796326,0.200616837,0.00000000
2,2,usgs_tundra_subthresh,6,180.000000,2,F,F,0,0,T,16,24,0.500000000,28,19,1,1004.50000,0.285714298,9.81000042,2500000.00,0.567051011E-07,0.600000024,22,2,1.00000000,0.300000012,276.000000,6.00000000,65.0000000,35.0000000,0.349999994,0.200000003,238.000000,195.000000,0.600000005E-02,0.499999989E-02,5.00000000,0.150000006,60.0000000,98000.0000,264.500000,0.159999996E-02,0.00000000,1.17999995,6.32490540,0.328750014E-01,0.197536275,0.348706618E-01,0.649999976,0.649999976,0.980000019,3.34999990,1.00000000,0.421264442E-02,0.100000001,0.100000001,264.326080,-0.873458564,0.845155739E-06,2.39601660,7.50030422,0.00000000,0.00000000,0.00000000,33.2290268,3.25000000,0.00000000,0.182887155E-02,0.00000000,0.00000000,0.182553276E-02,0.182887155E-02,1.00000000,265.884308,-8.04479980,754.192566,1230.00000,61.9790688,0.349999994,0.564706745E-02,0.245000049,0.658487007E-01,270.999237,0.199051023,0.00000000,6.64971209,0.358370207E-01,0.207683221,0.597326420E-01,0.649999976,0.649999976,0.980000019,3.34999990,1.00000000,0.421264442E-02,0.100000001,0.100000001,264.993042,2.47615314,0.125232043E-05,3.55032849,7.50075531,0.00000000,0.00000000,0.00000000,22.0462208,3.25000000,0.00000000,0.193913374E-02,0.00000000,0.00000000,0.193538074E-02,0.193913374E-02,1.00000000,266.168152,-7.56939697,754.135132,1230.00000,61.9790688,0.349999994,0.112941349E-01,0.245000094,0.658433288E-01,270.998474,0.199057057,0.00000000
2,2,usgs_tundra_subthresh,7,180.000000,2,F,F,0,0,T,16,24,0.500000000,28,19,1,1004.50000,0.285714298,9.81000042,2500000.00,0.567051011E-07,1.00000000,22,2,1.00000000,0.300000012,276.000000,6.00000000,65.0000000,35.0000000,0.349999994,0.200000003,238.000000,195.000000,0.600000005E-02,0.499999989E-02,5.00000000,0.150000006,60.0000000,98000.0000,264.500000,0.159999996E-02,0.00000000,1.17999995,6.32490540,0.328750014E-01,0.197536275,0.348706618E-01,0.649999976,0.649999976,0.980000019,3.34999990,1.00000000,0.421264442E-02,0.100000001,0.100000001,264.326080,-0.873458564,0.845155739E-06,2.39601660,7.50030422,0.00000000,0.00000000,0.00000000,33.2290268,3.25000000,0.00000000,0.182887155E-02,0.00000000,0.00000000,0.182553276E-02,0.182887155E-02,1.00000000,265.884308,-8.04479980,754.192566,1230.00000,61.9790688,0.349999994,0.564706745E-02,0.249947369,0.794260204E-01,272.199585,0.189517543,0.00000000,6.64971209,0.358370207E-01,0.207683221,0.597326420E-01,0.649999976,0.649999976,0.980000019,3.34999990,1.00000000,0.421264442E-02,0.100000001,0.100000001,264.993042,2.47615314,0.125232043E-05,3.55032849,7.50075531,0.00000000,0.00000000,0.00000000,22.0462208,3.25000000,0.00000000,0.193913374E-02,0.00000000,0.00000000,0.193538074E-02,0.193913374E-02,1.00000000,266.168152,-7.56939697,754.135132,1230.00000,61.9790688,0.349999994,0.112941349E-01,0.249894843,0.794178396E-01,272.199158,0.189468160,0.00000000
2,2,usgs_tundra_subthresh,8,180.000000,2,F,F,0,0,T,16,24,0.500000000,28,19,1,1004.50000,0.285714298,9.81000042,2500000.00,0.567051011E-07,1.60000002,22,2,1.00000000,0.300000012,276.000000,6.00000000,65.0000000,35.0000000,0.349999994,0.200000003,238.000000,195.000000,0.600000005E-02,0.499999989E-02,5.00000000,0.150000006,60.0000000,98000.0000,264.500000,0.159999996E-02,0.00000000,1.17999995,6.32490540,0.328750014E-01,0.197536275,0.348706618E-01,0.649999976,0.649999976,0.980000019,3.34999990,1.00000000,0.421264442E-02,0.100000001,0.100000001,264.326080,-0.873458564,0.845155739E-06,2.39601660,7.50030422,0.00000000,0.00000000,0.00000000,33.2290268,3.25000000,0.00000000,0.182887155E-02,0.00000000,0.00000000,0.182553276E-02,0.182887155E-02,1.00000000,265.884308,-8.04479980,754.192566,1230.00000,61.9790688,0.349999994,0.564706745E-02,0.254969031,0.254969031,273.400085,0.244444430,0.00000000,6.64971209,0.358370207E-01,0.207683221,0.597326420E-01,0.649999976,0.649999976,0.980000019,3.34999990,1.00000000,0.421264442E-02,0.100000001,0.100000001,264.993042,2.47615314,0.125232043E-05,3.55032849,7.50075531,0.00000000,0.00000000,0.00000000,22.0462208,3.25000000,0.00000000,0.193913374E-02,0.00000000,0.00000000,0.193538074E-02,0.193913374E-02,1.00000000,266.168152,-7.56939697,754.135132,1230.00000,61.9790688,0.349999994,0.112941349E-01,0.254938066,0.254938066,273.400360,0.244410023,0.00000000
2,2,usgs_tundra_subthresh,9,180.000000,2,F,F,0,0,T,16,24,0.500000000,28,19,1,1004.50000,0.285714298,9.81000042,2500000.00,0.567051011E-07,3.00000000,22,2,1.00000000,0.300000012,276.000000,6.00000000,65.0000000,35.0000000,0.349999994,0.200000003,238.000000,195.000000,0.600000005E-02,0.499999989E-02,5.00000000,0.150000006,60.0000000,98000.0000,264.500000,0.159999996E-02,0.00000000,1.17999995,6.32490540,0.328750014E-01,0.197536275,0.348706618E-01,0.649999976,0.649999976,0.980000019,3.34999990,1.00000000,0.421264442E-02,0.100000001,0.100000001,264.326080,-0.873458564,0.845155739E-06,2.39601660,7.50030422,0.00000000,0.00000000,0.00000000,33.2290268,3.25000000,0.00000000,0.182887155E-02,0.00000000,0.00000000,0.182553276E-02,0.182887155E-02,1.00000000,265.884308,-8.04479980,754.192566,1230.00000,61.9790688,0.349999994,0.564706745E-02,0.259999990,0.259999990,276.000000,0.249999985,0.00000000,6.64971209,0.358370207E-01,0.207683221,0.597326420E-01,0.649999976,0.649999976,0.980000019,3.34999990,1.00000000,0.421264442E-02,0.100000001,0.100000001,264.993042,2.47615314,0.125232043E-05,3.55032849,7.50075531,0.00000000,0.00000000,0.00000000,22.0462208,3.25000000,0.00000000,0.193913374E-02,0.00000000,0.00000000,0.193538074E-02,0.193913374E-02,1.00000000,266.168152,-7.56939697,754.135132,1230.00000,61.9790688,0.349999994,0.112941349E-01,0.259999990,0.259999990,276.000000,0.249999985,0.00000000
