case,ivgtyp,isltyp,psfc,sfcprs,zlvl,sfctmp,qv1,qgh,dz8w1,glw,swdown,rainbl,sr,chs_in,chs2_in,cqs2_in,cpm,qz0,rib_in,vegfra,shdmin,shdmax,tmn,xland,xice,snoalb,embck,tsk_in,hfx_in,qfx_in,lh_in,grdflx_in,qsfc_in,canwat_in,snow_in,snowc_in,snowh_in,albedo_in,albbck_in,emiss_in,znt_in,z0_in,snotime_in,lai_in,smstav_in,smstot_in,sfcrunoff_in,udrunoff_in,acsnom_in,acsnow_in,snopcx_in,potevp_in,smois1_in,smois2_in,smois3_in,smois4_in,tslb1_in,tslb2_in,tslb3_in,tslb4_in,sh2o1_in,sh2o2_in,sh2o3_in,sh2o4_in,tsk,hfx,qfx,lh,grdflx,qsfc,canwat,snow,snowc,snowh,albedo,albbck,emiss,znt,z0,snotime,lai,smstav,smstot,sfcrunoff,udrunoff,acsnom,acsnow,snopcx,potevp,noahres,chklowq,rib_out,smois1,smois2,smois3,smois4,tslb1,tslb2,tslb3,tslb4,sh2o1,sh2o2,sh2o3,sh2o4,smcrel1,smcrel2,smcrel3,smcrel4
1,10,8, 9.8000000000000000E+004, 9.7500000000000000E+004, 3.0000000000000000E+001, 2.9000000000000000E+002, 8.0000003799796104E-003, 1.2000000104308128E-002, 6.0000000000000000E+001, 3.3000000000000000E+002, 5.0000000000000000E+002, 0.0000000000000000E+000, 0.0000000000000000E+000, 1.9999999552965164E-002, 2.9999999329447746E-002, 2.9999999329447746E-002, 1.0100000000000000E+003, 4.9999998882412910E-003,-1.0000000149011612E-001, 6.0000000000000000E+001, 1.0000000000000000E+001, 8.0000000000000000E+001, 2.8500000000000000E+002, 1.0000000000000000E+000, 0.0000000000000000E+000, 6.9999998807907104E-001, 9.4999998807907104E-001, 2.9100000000000000E+002, 0.0000000000000000E+000, 0.0000000000000000E+000, 0.0000000000000000E+000, 0.0000000000000000E+000, 9.9999997764825821E-003, 3.0000001192092896E-001, 0.0000000000000000E+000, 0.0000000000000000E+000, 0.0000000000000000E+000, 2.0000000298023224E-001, 2.0000000298023224E-001, 9.4999998807907104E-001, 1.0000000149011612E-001, 1.0000000149011612E-001, 0.0000000000000000E+000, 3.0000000000000000E+000, 0.0000000000000000E+000, 0.0000000000000000E+000, 0.0000000000000000E+000, 0.0000000000000000E+000, 0.0000000000000000E+000, 0.0000000000000000E+000, 0.0000000000000000E+000, 0.0000000000000000E+000, 2.8000000119209290E-001, 2.8000000119209290E-001, 2.8000000119209290E-001, 2.8000000119209290E-001, 2.8900000000000000E+002, 2.8800000000000000E+002, 2.8700000000000000E+002, 2.8600000000000000E+002, 2.8000000119209290E-001, 2.8000000119209290E-001, 2.8000000119209290E-001, 2.8000000119209290E-001, 2.9432168579101562E+002, 9.1272933959960938E+001, 7.5118543463759124E-005, 1.8787147521972656E+002,-3.1377586364746094E+001, 1.1284286156296730E-002, 2.9675909876823425E-001, 0.0000000000000000E+000, 0.0000000000000000E+000, 0.0000000000000000E+000, 2.0142857730388641E-001, 2.0142857730388641E-001, 9.4857144355773926E-001, 1.1428571492433548E-001, 1.1428571492433548E-001, 0.0000000000000000E+000, 2.2200002670288086E+000, 4.6511265635490417E-001, 5.5999877929687500E+002, 0.0000000000000000E+000, 3.9988003663893323E-007, 0.0000000000000000E+000, 0.0000000000000000E+000, 0.0000000000000000E+000, 6.9760972110088915E-006,-6.4993286132812500E-001, 1.0000000000000000E+000,-1.0000000149011612E-001, 2.7999326586723328E-001, 2.7999934554100037E-001, 2.7999934554100037E-001, 2.8000000119209290E-001, 2.8900796508789062E+002, 2.8799993896484375E+002, 2.8700003051757812E+002, 2.8600003051757812E+002, 2.7999326586723328E-001, 2.7999934554100037E-001, 2.7999934554100037E-001, 2.8000000119209290E-001, 4.6509671211242676E-001, 4.6511438488960266E-001, 4.6511438488960266E-001, 4.6511629223823547E-001
2,10,8, 9.8000000000000000E+004, 9.7500000000000000E+004, 3.0000000000000000E+001, 2.9000000000000000E+002, 8.0000003799796104E-003, 1.2000000104308128E-002, 6.0000000000000000E+001, 3.3000000000000000E+002, 5.0000000000000000E+002, 0.0000000000000000E+000, 0.0000000000000000E+000, 1.9999999552965164E-002, 2.9999999329447746E-002, 2.9999999329447746E-002, 1.0100000000000000E+003, 4.9999998882412910E-003,-1.0000000149011612E-001, 2.5000000000000000E+001, 1.0000000000000000E+001, 8.0000000000000000E+001, 2.8500000000000000E+002, 1.0000000000000000E+000, 0.0000000000000000E+000, 6.9999998807907104E-001, 9.4999998807907104E-001, 2.9100000000000000E+002, 0.0000000000000000E+000, 0.0000000000000000E+000, 0.0000000000000000E+000, 0.0000000000000000E+000, 9.9999997764825821E-003, 3.0000001192092896E-001, 0.0000000000000000E+000, 0.0000000000000000E+000, 0.0000000000000000E+000, 2.0000000298023224E-001, 2.0000000298023224E-001, 9.4999998807907104E-001, 1.0000000149011612E-001, 1.0000000149011612E-001, 0.0000000000000000E+000, 3.0000000000000000E+000, 0.0000000000000000E+000, 0.0000000000000000E+000, 0.0000000000000000E+000, 0.0000000000000000E+000, 0.0000000000000000E+000, 0.0000000000000000E+000, 0.0000000000000000E+000, 0.0000000000000000E+000, 5.9999998658895493E-002, 5.9999998658895493E-002, 5.9999998658895493E-002, 5.9999998658895493E-002, 2.8900000000000000E+002, 2.8800000000000000E+002, 2.8700000000000000E+002, 2.8600000000000000E+002, 5.9999998658895493E-002, 5.9999998658895493E-002, 5.9999998658895493E-002, 5.9999998658895493E-002, 2.9897610473632812E+002, 2.0026931762695312E+002, 2.3093589334166609E-005, 5.7757068634033203E+001,-3.7190456390380859E+001, 9.0074110776185989E-003, 2.9861441254615784E-001, 0.0000000000000000E+000, 0.0000000000000000E+000, 0.0000000000000000E+000, 2.2142857313156128E-001, 2.2142857313156128E-001, 9.2857140302658081E-001, 1.0428571701049805E-001, 1.0428571701049805E-001, 0.0000000000000000E+000, 1.0300000905990601E+000,-1.7441862821578979E-001, 1.2000000762939453E+002, 0.0000000000000000E+000, 8.4611715168745330E-021, 0.0000000000000000E+000, 0.0000000000000000E+000, 0.0000000000000000E+000, 7.1581489464733750E-006,-2.4273071289062500E+000, 1.0000000000000000E+000,-1.0000000149011612E-001, 5.9999998658895493E-002, 5.9999998658895493E-002, 5.9999998658895493E-002, 5.9999998658895493E-002, 2.8901641845703125E+002, 2.8800003051757812E+002, 2.8700003051757812E+002, 2.8600003051757812E+002, 5.9999998658895493E-002, 5.9999998658895493E-002, 5.9999998658895493E-002, 5.9999998658895493E-002,-1.7441861331462860E-001,-1.7441861331462860E-001,-1.7441861331462860E-001,-1.7441861331462860E-001
3,10,8, 9.8000000000000000E+004, 9.7500000000000000E+004, 3.0000000000000000E+001, 2.9000000000000000E+002, 8.0000003799796104E-003, 1.2000000104308128E-002, 6.0000000000000000E+001, 3.3000000000000000E+002, 5.0000000000000000E+002, 6.0000000000000000E+000, 0.0000000000000000E+000, 1.9999999552965164E-002, 2.9999999329447746E-002, 2.9999999329447746E-002, 1.0100000000000000E+003, 4.9999998882412910E-003,-1.0000000149011612E-001, 6.0000000000000000E+001, 1.0000000000000000E+001, 8.0000000000000000E+001, 2.8500000000000000E+002, 1.0000000000000000E+000, 0.0000000000000000E+000, 6.9999998807907104E-001, 9.4999998807907104E-001, 2.9100000000000000E+002, 0.0000000000000000E+000, 0.0000000000000000E+000, 0.0000000000000000E+000, 0.0000000000000000E+000, 9.9999997764825821E-003, 3.0000001192092896E-001, 0.0000000000000000E+000, 0.0000000000000000E+000, 0.0000000000000000E+000, 2.0000000298023224E-001, 2.0000000298023224E-001, 9.4999998807907104E-001, 1.0000000149011612E-001, 1.0000000149011612E-001, 0.0000000000000000E+000, 3.0000000000000000E+000, 0.0000000000000000E+000, 0.0000000000000000E+000, 0.0000000000000000E+000, 0.0000000000000000E+000, 0.0000000000000000E+000, 0.0000000000000000E+000, 0.0000000000000000E+000, 0.0000000000000000E+000, 4.6000000834465027E-001, 4.6000000834465027E-001, 4.6000000834465027E-001, 4.6000000834465027E-001, 2.8900000000000000E+002, 2.8800000000000000E+002, 2.8700000000000000E+002, 2.8600000000000000E+002, 4.6000000834465027E-001, 4.6000000834465027E-001, 4.6000000834465027E-001, 4.6000000834465027E-001, 2.9023394775390625E+002,-4.4530181884765625E+000, 9.1463720309548080E-005, 2.2875076293945312E+002,-8.8871240615844727E+000, 1.2001758441329002E-002, 5.0000000000000000E-001, 0.0000000000000000E+000, 0.0000000000000000E+000, 0.0000000000000000E+000, 2.0142857730388641E-001, 2.0142857730388641E-001, 9.4857144355773926E-001, 1.1428571492433548E-001, 1.1428571492433548E-001, 0.0000000000000000E+000, 2.2200002670288086E+000, 9.8836416006088257E-001, 9.2008898925781250E+002, 5.6953568458557129E+000, 1.0225282050669193E-002, 0.0000000000000000E+000, 0.0000000000000000E+000, 0.0000000000000000E+000, 5.6985400078701787E-006,-3.1372070312500000E-002, 1.0000000000000000E+000,-1.0000000149011612E-001, 4.5997843146324158E-001, 4.5999881625175476E-001, 4.5999962091445923E-001, 4.6009168028831482E-001, 2.8900140380859375E+002, 2.8799993896484375E+002, 2.8700003051757812E+002, 2.8600003051757812E+002, 4.5997843146324158E-001, 4.5999881625175476E-001, 4.5999962091445923E-001, 4.6009168028831482E-001, 9.8830944299697876E-001, 9.8836869001388550E-001, 9.8837101459503174E-001, 9.8863863945007324E-001
4,10,8, 9.8000000000000000E+004, 9.7500000000000000E+004, 3.0000000000000000E+001, 2.9000000000000000E+002, 8.0000003799796104E-003, 1.2000000104308128E-002, 6.0000000000000000E+001, 3.3000000000000000E+002, 5.0000000000000000E+002, 0.0000000000000000E+000, 0.0000000000000000E+000, 1.9999999552965164E-002, 2.9999999329447746E-002, 2.9999999329447746E-002, 1.0100000000000000E+003, 4.9999998882412910E-003,-1.0000000149011612E-001, 0.0000000000000000E+000, 0.0000000000000000E+000, 8.0000000000000000E+001, 2.8500000000000000E+002, 1.0000000000000000E+000, 0.0000000000000000E+000, 6.9999998807907104E-001, 9.4999998807907104E-001, 2.9100000000000000E+002, 0.0000000000000000E+000, 0.0000000000000000E+000, 0.0000000000000000E+000, 0.0000000000000000E+000, 9.9999997764825821E-003, 0.0000000000000000E+000, 0.0000000000000000E+000, 0.0000000000000000E+000, 0.0000000000000000E+000, 2.0000000298023224E-001, 2.0000000298023224E-001, 9.4999998807907104E-001, 1.0000000149011612E-001, 1.0000000149011612E-001, 0.0000000000000000E+000, 0.0000000000000000E+000, 0.0000000000000000E+000, 0.0000000000000000E+000, 0.0000000000000000E+000, 0.0000000000000000E+000, 0.0000000000000000E+000, 0.0000000000000000E+000, 0.0000000000000000E+000, 0.0000000000000000E+000, 2.8000000119209290E-001, 2.8000000119209290E-001, 2.8000000119209290E-001, 2.8000000119209290E-001, 2.8900000000000000E+002, 2.8800000000000000E+002, 2.8700000000000000E+002, 2.8600000000000000E+002, 2.8000000119209290E-001, 2.8000000119209290E-001, 2.8000000119209290E-001, 2.8000000119209290E-001, 2.9571267700195312E+002, 1.2384693145751953E+002, 2.4318112991750240E-005, 6.0819599151611328E+001,-1.3094389343261719E+002, 9.0608838945627213E-003, 0.0000000000000000E+000, 0.0000000000000000E+000, 0.0000000000000000E+000, 0.0000000000000000E+000, 2.3000000417232513E-001, 2.3000000417232513E-001, 9.2000001668930054E-001, 1.0000000149011612E-001, 1.0000000149011612E-001, 0.0000000000000000E+000, 5.1999998092651367E-001, 4.6511206030845642E-001, 5.5999853515625000E+002, 0.0000000000000000E+000, 3.9988003663893323E-007, 0.0000000000000000E+000, 0.0000000000000000E+000, 0.0000000000000000E+000, 6.7473260969563853E-006,-1.0340270996093750E+000, 1.0000000000000000E+000,-1.0000000149011612E-001, 2.7998536825180054E-001, 2.8000000119209290E-001, 2.8000000119209290E-001, 2.8000000119209290E-001, 2.8903359985351562E+002, 2.8800024414062500E+002, 2.8700003051757812E+002, 2.8600003051757812E+002, 2.7998536825180054E-001, 2.8000000119209290E-001, 2.8000000119209290E-001, 2.8000000119209290E-001, 4.6507376432418823E-001, 4.6511629223823547E-001, 4.6511629223823547E-001, 4.6511629223823547E-001
5,1,8, 9.8000000000000000E+004, 9.7500000000000000E+004, 3.0000000000000000E+001, 2.9000000000000000E+002, 8.0000003799796104E-003, 1.2000000104308128E-002, 6.0000000000000000E+001, 3.3000000000000000E+002, 5.0000000000000000E+002, 0.0000000000000000E+000, 0.0000000000000000E+000, 1.9999999552965164E-002, 2.9999999329447746E-002, 2.9999999329447746E-002, 1.0100000000000000E+003, 4.9999998882412910E-003,-1.0000000149011612E-001, 1.0000000000000000E+002, 9.0000000000000000E+001, 1.0000000000000000E+002, 2.8500000000000000E+002, 1.0000000000000000E+000, 0.0000000000000000E+000, 6.9999998807907104E-001, 9.4999998807907104E-001, 2.9100000000000000E+002, 0.0000000000000000E+000, 0.0000000000000000E+000, 0.0000000000000000E+000, 0.0000000000000000E+000, 9.9999997764825821E-003, 5.0000000000000000E-001, 0.0000000000000000E+000, 0.0000000000000000E+000, 0.0000000000000000E+000, 2.0000000298023224E-001, 2.0000000298023224E-001, 9.4999998807907104E-001, 1.0000000149011612E-001, 1.0000000149011612E-001, 0.0000000000000000E+000, 5.0000000000000000E+000, 0.0000000000000000E+000, 0.0000000000000000E+000, 0.0000000000000000E+000, 0.0000000000000000E+000, 0.0000000000000000E+000, 0.0000000000000000E+000, 0.0000000000000000E+000, 0.0000000000000000E+000, 2.8000000119209290E-001, 2.8000000119209290E-001, 2.8000000119209290E-001, 2.8000000119209290E-001, 2.8900000000000000E+002, 2.8800000000000000E+002, 2.8700000000000000E+002, 2.8600000000000000E+002, 2.8000000119209290E-001, 2.8000000119209290E-001, 2.8000000119209290E-001, 2.8000000119209290E-001, 2.9145532226562500E+002, 2.4148921966552734E+001, 1.1765350791392848E-004, 2.9425143432617188E+002,-6.5106301307678223E+000, 1.3153483159840107E-002, 4.9294084310531616E-001, 0.0000000000000000E+000, 0.0000000000000000E+000, 0.0000000000000000E+000, 1.1999999731779099E-001, 1.1999999731779099E-001, 9.4999998807907104E-001, 5.0000000000000000E-001, 5.0000000000000000E-001, 0.0000000000000000E+000, 6.4000000953674316E+000, 4.6511629223823547E-001, 5.6000006103515625E+002, 0.0000000000000000E+000, 3.9988003663893323E-007, 0.0000000000000000E+000, 0.0000000000000000E+000, 0.0000000000000000E+000, 7.0620335463900119E-006,-1.2811279296875000E-001, 1.0000000000000000E+000,-1.0000000149011612E-001, 2.7999997138977051E-001, 2.8000000119209290E-001, 2.8000000119209290E-001, 2.8000000119209290E-001, 2.8900155639648438E+002, 2.8799987792968750E+002, 2.8700003051757812E+002, 2.8600003051757812E+002, 2.7999997138977051E-001, 2.8000000119209290E-001, 2.8000000119209290E-001, 2.8000000119209290E-001, 4.6511620283126831E-001, 4.6511629223823547E-001, 4.6511629223823547E-001, 4.6511629223823547E-001
6,10,8, 9.8000000000000000E+004, 9.7500000000000000E+004, 3.0000000000000000E+001, 2.6500000000000000E+002, 8.0000003799796104E-003, 1.2000000104308128E-002, 6.0000000000000000E+001, 2.5000000000000000E+002, 2.0000000000000000E+002, 0.0000000000000000E+000, 0.0000000000000000E+000, 1.9999999552965164E-002, 2.9999999329447746E-002, 2.9999999329447746E-002, 1.0100000000000000E+003, 4.9999998882412910E-003,-1.0000000149011612E-001, 6.0000000000000000E+001, 1.0000000000000000E+001, 8.0000000000000000E+001, 2.8500000000000000E+002, 1.0000000000000000E+000, 0.0000000000000000E+000, 6.9999998807907104E-001, 9.4999998807907104E-001, 2.6300000000000000E+002, 0.0000000000000000E+000, 0.0000000000000000E+000, 0.0000000000000000E+000, 0.0000000000000000E+000, 9.9999997764825821E-003, 3.0000001192092896E-001, 2.0000000000000000E+001, 8.9999997615814209E-001, 7.9999998211860657E-002, 2.0000000298023224E-001, 2.0000000298023224E-001, 9.4999998807907104E-001, 1.0000000149011612E-001, 1.0000000149011612E-001, 0.0000000000000000E+000, 3.0000000000000000E+000, 0.0000000000000000E+000, 0.0000000000000000E+000, 0.0000000000000000E+000, 0.0000000000000000E+000, 0.0000000000000000E+000, 0.0000000000000000E+000, 0.0000000000000000E+000, 0.0000000000000000E+000, 2.8000000119209290E-001, 2.8000000119209290E-001, 2.8000000119209290E-001, 2.8000000119209290E-001, 2.6800000000000000E+002, 2.6800000000000000E+002, 2.6800000000000000E+002, 2.6800000000000000E+002, 1.0000000149011612E-001, 1.0000000149011612E-001, 1.0000000149011612E-001, 1.0000000149011612E-001, 2.7497921752929688E+002, 2.4580641174316406E+002,-9.2411391960922629E-005,-2.5436741638183594E+002,-1.7851156234741211E+001, 4.3333298526704311E-003, 3.0867087841033936E-001, 1.9991094589233398E+001, 7.6460504531860352E-001, 7.9942643642425537E-002, 6.3944435119628906E-001, 2.0142857730388641E-001, 9.4966369867324829E-001, 1.0554737597703934E-001, 1.1428571492433548E-001, 6.0000000000000000E+001, 2.2200002670288086E+000, 4.6511876583099365E-001, 5.6000091552734375E+002, 4.9349716864526272E-003, 2.8974760429193271E-016, 1.4451455324888229E-002, 0.0000000000000000E+000,-8.4300155639648438E+001,-6.1048181123624090E-006,-3.2196044921875000E-003, 1.0000000000000000E+000,-1.0000000149011612E-001, 2.8000846505165100E-001, 2.8000000119209290E-001, 2.8000000119209290E-001, 2.8000000119209290E-001, 2.6800000000000000E+002, 2.6800000000000000E+002, 2.6800000000000000E+002, 2.6800000000000000E+002, 1.0004057735204697E-001, 9.9999994039535522E-002, 9.9999994039535522E-002, 1.0000059008598328E-001, 4.6514090895652771E-001, 4.6511629223823547E-001, 4.6511629223823547E-001, 4.6511629223823547E-001
7,10,8, 9.8000000000000000E+004, 9.7500000000000000E+004, 3.0000000000000000E+001, 2.7400000000000000E+002, 8.0000003799796104E-003, 1.2000000104308128E-002, 6.0000000000000000E+001, 3.3000000000000000E+002, 5.0000000000000000E+002, 0.0000000000000000E+000, 0.0000000000000000E+000, 1.9999999552965164E-002, 2.9999999329447746E-002, 2.9999999329447746E-002, 1.0100000000000000E+003, 4.9999998882412910E-003,-1.0000000149011612E-001, 6.0000000000000000E+001, 1.0000000000000000E+001, 8.0000000000000000E+001, 2.8500000000000000E+002, 1.0000000000000000E+000, 0.0000000000000000E+000, 6.9999998807907104E-001, 9.4999998807907104E-001, 2.7350000000000000E+002, 0.0000000000000000E+000, 0.0000000000000000E+000, 0.0000000000000000E+000, 0.0000000000000000E+000, 9.9999997764825821E-003, 3.0000001192092896E-001, 1.0000000000000000E+001, 6.9999998807907104E-001, 3.9999999105930328E-002, 2.0000000298023224E-001, 2.0000000298023224E-001, 9.4999998807907104E-001, 1.0000000149011612E-001, 1.0000000149011612E-001, 0.0000000000000000E+000, 3.0000000000000000E+000, 0.0000000000000000E+000, 0.0000000000000000E+000, 0.0000000000000000E+000, 0.0000000000000000E+000, 0.0000000000000000E+000, 0.0000000000000000E+000, 0.0000000000000000E+000, 0.0000000000000000E+000, 2.8000000119209290E-001, 2.8000000119209290E-001, 2.8000000119209290E-001, 2.8000000119209290E-001, 2.7250000000000000E+002, 2.7250000000000000E+002, 2.7250000000000000E+002, 2.7250000000000000E+002, 2.0000000298023224E-001, 2.0000000298023224E-001, 2.0000000298023224E-001, 2.0000000298023224E-001, 2.8271694946289062E+002, 2.0612001037597656E+002, 9.8573564173420891E-006, 2.6722394943237305E+001,-3.6325122833251953E+001, 8.4060411900281906E-003, 3.1066527962684631E-001, 9.9815521240234375E+000, 4.9652266502380371E-001, 3.9915360510349274E-002, 4.8586922883987427E-001, 2.0142857730388641E-001, 9.4928073883056641E-001, 1.1144843697547913E-001, 1.1428571492433548E-001, 6.0000000000000000E+001, 2.2200002670288086E+000, 4.6512806415557861E-001, 5.6000408935546875E+002, 3.1481995247304440E-003, 4.1216691171186426E-010, 1.8071824684739113E-002, 0.0000000000000000E+000,-1.0541898345947266E+002, 8.0995340567824314E-007,-1.0406494140625000E-002, 1.0000000000000000E+000,-1.0000000149011612E-001, 2.8004047274589539E-001, 2.8000000119209290E-001, 2.8000000119209290E-001, 2.8000000119209290E-001, 2.7250000000000000E+002, 2.7250000000000000E+002, 2.7250000000000000E+002, 2.7250000000000000E+002, 2.0010583102703094E-001, 2.0000000298023224E-001, 2.0000000298023224E-001, 2.0000039041042328E-001, 4.6523395180702209E-001, 4.6511629223823547E-001, 4.6511629223823547E-001, 4.6511629223823547E-001
8,10,8, 9.8000000000000000E+004, 9.7500000000000000E+004, 3.0000000000000000E+001, 2.5500000000000000E+002, 8.0000003799796104E-003, 1.2000000104308128E-002, 6.0000000000000000E+001, 2.0000000000000000E+002, 1.2000000000000000E+002, 0.0000000000000000E+000, 0.0000000000000000E+000, 1.9999999552965164E-002, 2.9999999329447746E-002, 2.9999999329447746E-002, 1.0100000000000000E+003, 4.9999998882412910E-003,-1.0000000149011612E-001, 6.0000000000000000E+001, 1.0000000000000000E+001, 8.0000000000000000E+001, 2.8500000000000000E+002, 1.0000000000000000E+000, 0.0000000000000000E+000, 6.9999998807907104E-001, 9.4999998807907104E-001, 2.5000000000000000E+002, 0.0000000000000000E+000, 0.0000000000000000E+000, 0.0000000000000000E+000, 0.0000000000000000E+000, 9.9999997764825821E-003, 3.0000001192092896E-001, 2.0000000000000000E+002, 1.0000000000000000E+000, 6.0000002384185791E-001, 2.0000000298023224E-001, 2.0000000298023224E-001, 9.4999998807907104E-001, 1.0000000149011612E-001, 1.0000000149011612E-001, 1.7280000000000000E+005, 3.0000000000000000E+000, 0.0000000000000000E+000, 0.0000000000000000E+000, 0.0000000000000000E+000, 0.0000000000000000E+000, 0.0000000000000000E+000, 0.0000000000000000E+000, 0.0000000000000000E+000, 0.0000000000000000E+000, 2.8000000119209290E-001, 2.8000000119209290E-001, 2.8000000119209290E-001, 2.8000000119209290E-001, 2.6000000000000000E+002, 2.6000000000000000E+002, 2.6000000000000000E+002, 2.6000000000000000E+002, 5.0000000745058060E-002, 5.0000000745058060E-002, 5.0000000745058060E-002, 5.0000000745058060E-002, 2.7160473632812500E+002, 4.3228628540039062E+002,-1.5611202979926020E-004,-4.4076977539062500E+002,-7.6602468490600586E+000, 2.0531101617962122E-003, 3.0000001192092896E-001, 2.0000936889648438E+002, 9.8000001907348633E-001, 6.0002768039703369E-001, 6.9641709327697754E-001, 2.0142857730388641E-001, 9.4997143745422363E-001, 3.0285710468888283E-002, 1.1428571492433548E-001, 1.7286000000000000E+005, 2.2200002670288086E+000, 4.6511629223823547E-001, 5.6000006103515625E+002, 0.0000000000000000E+000, 2.0368854316284967E-022, 0.0000000000000000E+000, 0.0000000000000000E+000, 0.0000000000000000E+000,-1.0578474757494405E-005,-6.3214721679687500E+000, 1.0000000000000000E+000,-1.0000000149011612E-001, 2.8000000119209290E-001, 2.8000000119209290E-001, 2.8000000119209290E-001, 2.8000000119209290E-001, 2.6000000000000000E+002, 2.6000000000000000E+002, 2.6000000000000000E+002, 2.6000000000000000E+002, 5.0013776868581772E-002, 4.9999997019767761E-002, 4.9999997019767761E-002, 5.0000928342342377E-002, 4.6511629223823547E-001, 4.6511629223823547E-001, 4.6511629223823547E-001, 4.6511629223823547E-001
9,10,8, 9.8000000000000000E+004, 9.7500000000000000E+004, 3.0000000000000000E+001, 2.7000000000000000E+002, 8.0000003799796104E-003, 1.2000000104308128E-002, 6.0000000000000000E+001, 3.3000000000000000E+002, 5.0000000000000000E+002, 0.0000000000000000E+000, 0.0000000000000000E+000, 1.9999999552965164E-002, 2.9999999329447746E-002, 2.9999999329447746E-002, 1.0100000000000000E+003, 4.9999998882412910E-003,-1.0000000149011612E-001, 6.0000000000000000E+001, 1.0000000000000000E+001, 8.0000000000000000E+001, 2.8500000000000000E+002, 1.0000000000000000E+000, 0.0000000000000000E+000, 6.9999998807907104E-001, 9.4999998807907104E-001, 2.6800000000000000E+002, 0.0000000000000000E+000, 0.0000000000000000E+000, 0.0000000000000000E+000, 0.0000000000000000E+000, 9.9999997764825821E-003, 3.0000001192092896E-001, 0.0000000000000000E+000, 0.0000000000000000E+000, 0.0000000000000000E+000, 2.0000000298023224E-001, 2.0000000298023224E-001, 9.4999998807907104E-001, 1.0000000149011612E-001, 1.0000000149011612E-001, 0.0000000000000000E+000, 3.0000000000000000E+000, 0.0000000000000000E+000, 0.0000000000000000E+000, 0.0000000000000000E+000, 0.0000000000000000E+000, 0.0000000000000000E+000, 0.0000000000000000E+000, 0.0000000000000000E+000, 0.0000000000000000E+000, 2.8000000119209290E-001, 2.8000000119209290E-001, 2.8000000119209290E-001, 2.8000000119209290E-001, 2.6500000000000000E+002, 2.6800000000000000E+002, 2.7000000000000000E+002, 2.7200000000000000E+002, 5.0000000745058060E-002, 5.0000000745058060E-002, 5.0000000745058060E-002, 5.0000000745058060E-002, 2.7536959838867188E+002, 1.2512761688232422E+002, 7.8264267358463258E-005, 1.9573893737792969E+002,-8.4163825988769531E+001, 1.1185523122549057E-002, 2.9604125022888184E-001, 0.0000000000000000E+000, 0.0000000000000000E+000, 0.0000000000000000E+000, 2.0142857730388641E-001, 2.0142857730388641E-001, 9.4857144355773926E-001, 1.1428571492433548E-001, 1.1428571492433548E-001, 0.0000000000000000E+000, 2.2200002670288086E+000, 4.6511417627334595E-001, 5.5999926757812500E+002, 0.0000000000000000E+000, 2.0368854316284967E-022, 0.0000000000000000E+000, 0.0000000000000000E+000, 0.0000000000000000E+000, 8.5213287093210965E-006,-8.1344604492187500E-001, 1.0000000000000000E+000,-1.0000000149011612E-001, 2.7999264001846313E-001, 2.8000000119209290E-001, 2.8000000119209290E-001, 2.8000000119209290E-001, 2.6500000000000000E+002, 2.6800000000000000E+002, 2.6999984741210938E+002, 2.7199996948242188E+002, 5.0155006349086761E-002, 4.9999997019767761E-002, 4.9999997019767761E-002, 4.9999997019767761E-002, 4.6509489417076111E-001, 4.6511629223823547E-001, 4.6511629223823547E-001, 4.6511629223823547E-001
10,10,8, 9.8000000000000000E+004, 9.7500000000000000E+004, 3.0000000000000000E+001, 2.7314999389648438E+002, 8.0000003799796104E-003, 1.2000000104308128E-002, 6.0000000000000000E+001, 3.3000000000000000E+002, 5.0000000000000000E+002, 1.0000000000000000E+000, 0.0000000000000000E+000, 1.9999999552965164E-002, 2.9999999329447746E-002, 2.9999999329447746E-002, 1.0100000000000000E+003, 4.9999998882412910E-003,-1.0000000149011612E-001, 6.0000000000000000E+001, 1.0000000000000000E+001, 8.0000000000000000E+001, 2.8500000000000000E+002, 1.0000000000000000E+000, 0.0000000000000000E+000, 6.9999998807907104E-001, 9.4999998807907104E-001, 2.7200000000000000E+002, 0.0000000000000000E+000, 0.0000000000000000E+000, 0.0000000000000000E+000, 0.0000000000000000E+000, 9.9999997764825821E-003, 3.0000001192092896E-001, 0.0000000000000000E+000, 0.0000000000000000E+000, 0.0000000000000000E+000, 2.0000000298023224E-001, 2.0000000298023224E-001, 9.4999998807907104E-001, 1.0000000149011612E-001, 1.0000000149011612E-001, 0.0000000000000000E+000, 3.0000000000000000E+000, 0.0000000000000000E+000, 0.0000000000000000E+000, 0.0000000000000000E+000, 0.0000000000000000E+000, 0.0000000000000000E+000, 0.0000000000000000E+000, 0.0000000000000000E+000, 0.0000000000000000E+000, 2.8000000119209290E-001, 2.8000000119209290E-001, 2.8000000119209290E-001, 2.8000000119209290E-001, 2.8900000000000000E+002, 2.8800000000000000E+002, 2.8700000000000000E+002, 2.8600000000000000E+002, 2.8000000119209290E-001, 2.8000000119209290E-001, 2.8000000119209290E-001, 2.8000000119209290E-001, 3.1853515625000000E+002, 1.1184531250000000E+003, 5.2999431500211358E-004, 1.3448387451171875E+003,-1.5321704101562500E+002, 3.0234694480895996E-002, 5.0000000000000000E-001, 4.2394945025444031E-001, 6.4789414405822754E-002, 2.8483818750828505E-003, 2.3854419589042664E-001, 2.0142857730388641E-001, 9.4866400957107544E-001, 1.1422349512577057E-001, 1.1428571492433548E-001, 6.0000000000000000E+001, 2.2200002670288086E+000, 4.6580281853675842E-001, 5.6023620605468750E+002, 1.0807937383651733E-001, 3.9988003663893323E-007, 5.7252669334411621E-001, 0.0000000000000000E+000,-3.3397392578125000E+003, 5.4875970818102360E-005, 6.0791015625000000E-002, 1.0000000000000000E+000,-1.0000000149011612E-001, 2.8236302733421326E-001, 2.8000000119209290E-001, 2.7999976277351379E-001, 2.8000000119209290E-001, 2.8904025268554688E+002, 2.8799993896484375E+002, 2.8700003051757812E+002, 2.8600003051757812E+002, 2.8236302733421326E-001, 2.8000000119209290E-001, 2.7999976277351379E-001, 2.8000000119209290E-001, 4.7198554873466492E-001, 4.6511629223823547E-001, 4.6511560678482056E-001, 4.6511629223823547E-001
11,10,8, 9.8000000000000000E+004, 9.7500000000000000E+004, 3.0000000000000000E+001, 2.7315002441406250E+002, 8.0000003799796104E-003, 1.2000000104308128E-002, 6.0000000000000000E+001, 3.3000000000000000E+002, 5.0000000000000000E+002, 1.0000000000000000E+000, 0.0000000000000000E+000, 1.9999999552965164E-002, 2.9999999329447746E-002, 2.9999999329447746E-002, 1.0100000000000000E+003, 4.9999998882412910E-003,-1.0000000149011612E-001, 6.0000000000000000E+001, 1.0000000000000000E+001, 8.0000000000000000E+001, 2.8500000000000000E+002, 1.0000000000000000E+000, 0.0000000000000000E+000, 6.9999998807907104E-001, 9.4999998807907104E-001, 2.7200000000000000E+002, 0.0000000000000000E+000, 0.0000000000000000E+000, 0.0000000000000000E+000, 0.0000000000000000E+000, 9.9999997764825821E-003, 3.0000001192092896E-001, 0.0000000000000000E+000, 0.0000000000000000E+000, 0.0000000000000000E+000, 2.0000000298023224E-001, 2.0000000298023224E-001, 9.4999998807907104E-001, 1.0000000149011612E-001, 1.0000000149011612E-001, 0.0000000000000000E+000, 3.0000000000000000E+000, 0.0000000000000000E+000, 0.0000000000000000E+000, 0.0000000000000000E+000, 0.0000000000000000E+000, 0.0000000000000000E+000, 0.0000000000000000E+000, 0.0000000000000000E+000, 0.0000000000000000E+000, 2.8000000119209290E-001, 2.8000000119209290E-001, 2.8000000119209290E-001, 2.8000000119209290E-001, 2.8900000000000000E+002, 2.8800000000000000E+002, 2.8700000000000000E+002, 2.8600000000000000E+002, 2.8000000119209290E-001, 2.8000000119209290E-001, 2.8000000119209290E-001, 2.8000000119209290E-001, 3.1853518676757812E+002, 1.1184530029296875E+003, 5.2999483887106180E-004, 1.3448399658203125E+003,-1.5321725463867188E+002, 3.0234724283218384E-002, 5.0000000000000000E-001, 4.2394950985908508E-001, 6.4789414405822754E-002, 2.8483767528086901E-003, 2.3854419589042664E-001, 2.0142857730388641E-001, 9.4866400957107544E-001, 1.1422349512577057E-001, 1.1428571492433548E-001, 6.0000000000000000E+001, 2.2200002670288086E+000, 4.6580281853675842E-001, 5.6023620605468750E+002, 1.0807934403419495E-001, 3.9988003663893323E-007, 5.7252663373947144E-001, 0.0000000000000000E+000,-3.3397387695312500E+003, 5.4875948990229517E-005, 6.1523437500000000E-002, 1.0000000000000000E+000,-1.0000000149011612E-001, 2.8236302733421326E-001, 2.8000000119209290E-001, 2.7999976277351379E-001, 2.8000000119209290E-001, 2.8904025268554688E+002, 2.8799993896484375E+002, 2.8700003051757812E+002, 2.8600003051757812E+002, 2.8236302733421326E-001, 2.8000000119209290E-001, 2.7999976277351379E-001, 2.8000000119209290E-001, 4.7198554873466492E-001, 4.6511629223823547E-001, 4.6511560678482056E-001, 4.6511629223823547E-001
12,10,8, 9.8000000000000000E+004, 9.7500000000000000E+004, 3.0000000000000000E+001, 2.7200000000000000E+002, 8.0000003799796104E-003, 1.2000000104308128E-002, 6.0000000000000000E+001, 3.3000000000000000E+002, 5.0000000000000000E+002, 0.0000000000000000E+000, 0.0000000000000000E+000, 1.9999999552965164E-002, 2.9999999329447746E-002, 2.9999999329447746E-002, 1.0100000000000000E+003, 4.9999998882412910E-003,-1.0000000149011612E-001, 6.0000000000000000E+001, 1.0000000000000000E+001, 8.0000000000000000E+001, 2.8500000000000000E+002, 1.0000000000000000E+000, 0.0000000000000000E+000, 6.9999998807907104E-001, 9.4999998807907104E-001, 2.7314001464843750E+002, 0.0000000000000000E+000, 0.0000000000000000E+000, 0.0000000000000000E+000, 0.0000000000000000E+000, 9.9999997764825821E-003, 3.0000001192092896E-001, 5.0000000000000000E+000, 5.0000000000000000E-001, 1.9999999552965164E-002, 2.0000000298023224E-001, 2.0000000298023224E-001, 9.4999998807907104E-001, 1.0000000149011612E-001, 1.0000000149011612E-001, 0.0000000000000000E+000, 3.0000000000000000E+000, 0.0000000000000000E+000, 0.0000000000000000E+000, 0.0000000000000000E+000, 0.0000000000000000E+000, 0.0000000000000000E+000, 0.0000000000000000E+000, 0.0000000000000000E+000, 0.0000000000000000E+000, 2.8000000119209290E-001, 2.8000000119209290E-001, 2.8000000119209290E-001, 2.8000000119209290E-001, 2.7200000000000000E+002, 2.7200000000000000E+002, 2.7200000000000000E+002, 2.7200000000000000E+002, 2.8000000119209290E-001, 2.8000000119209290E-001, 2.8000000119209290E-001, 2.8000000119209290E-001, 2.8683642578125000E+002, 3.6049780273437500E+002,-4.1938299546018243E-005,-1.0884426879882812E+002,-6.2289974212646484E+001, 6.2887053936719894E-003, 3.0380928516387939E-001, 4.9961681365966797E+000, 2.8675687313079834E-001, 1.9979245960712433E-002, 3.6570167541503906E-001, 2.0142857730388641E-001, 9.4898110628128052E-001, 1.1346641182899475E-001, 1.1428571492433548E-001, 6.0000000000000000E+001, 2.2200002670288086E+000, 4.6512365341186523E-001, 5.6000256347656250E+002, 8.2696515164570883E-006, 3.9988003663893323E-007, 6.3488241285085678E-003, 0.0000000000000000E+000,-3.7034809112548828E+001,-2.6122625058633275E-006, 3.0822753906250000E-003, 1.0000000000000000E+000,-1.0000000149011612E-001, 2.8002527356147766E-001, 2.8000000119209290E-001, 2.8000000119209290E-001, 2.8000000119209290E-001, 2.7201660156250000E+002, 2.7200000000000000E+002, 2.7200000000000000E+002, 2.7200006103515625E+002, 2.8002527356147766E-001, 2.8000000119209290E-001, 2.8000000119209290E-001, 2.8000000119209290E-001, 4.6518975496292114E-001, 4.6511629223823547E-001, 4.6511629223823547E-001, 4.6511629223823547E-001
13,10,8, 9.8000000000000000E+004, 9.7500000000000000E+004, 3.0000000000000000E+001, 2.7200000000000000E+002, 8.0000003799796104E-003, 1.2000000104308128E-002, 6.0000000000000000E+001, 3.3000000000000000E+002, 1.0000000000000000E+001, 0.0000000000000000E+000, 0.0000000000000000E+000, 1.9999999552965164E-002, 2.9999999329447746E-002, 2.9999999329447746E-002, 1.0100000000000000E+003, 4.9999998882412910E-003,-1.0000000149011612E-001, 6.0000000000000000E+001, 1.0000000000000000E+001, 8.0000000000000000E+001, 2.8500000000000000E+002, 1.0000000000000000E+000, 0.0000000000000000E+000, 6.9999998807907104E-001, 9.4999998807907104E-001, 2.7300000000000000E+002, 0.0000000000000000E+000, 0.0000000000000000E+000, 0.0000000000000000E+000, 0.0000000000000000E+000, 9.9999997764825821E-003, 3.0000001192092896E-001, 5.0000000000000000E+000, 5.0000000000000000E-001, 1.9999999552965164E-002, 2.0000000298023224E-001, 2.0000000298023224E-001, 9.4999998807907104E-001, 1.0000000149011612E-001, 1.0000000149011612E-001, 0.0000000000000000E+000, 3.0000000000000000E+000, 0.0000000000000000E+000, 0.0000000000000000E+000, 0.0000000000000000E+000, 0.0000000000000000E+000, 0.0000000000000000E+000, 0.0000000000000000E+000, 0.0000000000000000E+000, 0.0000000000000000E+000, 2.8000000119209290E-001, 2.8000000119209290E-001, 2.8000000119209290E-001, 2.8000000119209290E-001, 2.7200000000000000E+002, 2.7200000000000000E+002, 2.7200000000000000E+002, 2.7200000000000000E+002, 2.8000000119209290E-001, 2.8000000119209290E-001, 2.8000000119209290E-001, 2.8000000119209290E-001, 2.7744284057617188E+002, 1.2596308898925781E+002,-6.0949190810788423E-005,-1.5818405151367188E+002,-2.2851490020751953E+001, 5.5148769170045853E-003, 3.0130019783973694E-001, 5.0014901161193848E+000, 2.8675687313079834E-001, 2.0000535994768143E-002, 3.6570167541503906E-001, 2.0142857730388641E-001, 9.4898110628128052E-001, 1.1346641182899475E-001, 1.1428571492433548E-001, 6.0000000000000000E+001, 2.2200002670288086E+000, 4.6511879563331604E-001, 5.6000091552734375E+002, 9.6546773420413956E-007, 3.9988003663893323E-007, 2.1669971756637096E-003, 0.0000000000000000E+000,-1.2640816688537598E+001,-3.7964173316140659E-006,-1.6143798828125000E-002, 1.0000000000000000E+000,-1.0000000149011612E-001, 2.8000861406326294E-001, 2.8000000119209290E-001, 2.8000000119209290E-001, 2.8000000119209290E-001, 2.7200607299804688E+002, 2.7200000000000000E+002, 2.7200000000000000E+002, 2.7200006103515625E+002, 2.8000861406326294E-001, 2.8000000119209290E-001, 2.8000000119209290E-001, 2.8000000119209290E-001, 4.6514132618904114E-001, 4.6511629223823547E-001, 4.6511629223823547E-001, 4.6511629223823547E-001
14,10,8, 9.8000000000000000E+004, 9.7500000000000000E+004, 3.0000000000000000E+001, 2.7200000000000000E+002, 8.0000003799796104E-003, 1.2000000104308128E-002, 6.0000000000000000E+001, 3.3000000000000000E+002, 1.0000000953674316E+001, 0.0000000000000000E+000, 0.0000000000000000E+000, 1.9999999552965164E-002, 2.9999999329447746E-002, 2.9999999329447746E-002, 1.0100000000000000E+003, 4.9999998882412910E-003,-1.0000000149011612E-001, 6.0000000000000000E+001, 1.0000000000000000E+001, 8.0000000000000000E+001, 2.8500000000000000E+002, 1.0000000000000000E+000, 0.0000000000000000E+000, 6.9999998807907104E-001, 9.4999998807907104E-001, 2.7300003051757812E+002, 0.0000000000000000E+000, 0.0000000000000000E+000, 0.0000000000000000E+000, 0.0000000000000000E+000, 9.9999997764825821E-003, 3.0000001192092896E-001, 5.0000000000000000E+000, 5.0000000000000000E-001, 1.9999999552965164E-002, 2.0000000298023224E-001, 2.0000000298023224E-001, 9.4999998807907104E-001, 1.0000000149011612E-001, 1.0000000149011612E-001, 0.0000000000000000E+000, 3.0000000000000000E+000, 0.0000000000000000E+000, 0.0000000000000000E+000, 0.0000000000000000E+000, 0.0000000000000000E+000, 0.0000000000000000E+000, 0.0000000000000000E+000, 0.0000000000000000E+000, 0.0000000000000000E+000, 2.8000000119209290E-001, 2.8000000119209290E-001, 2.8000000119209290E-001, 2.8000000119209290E-001, 2.7200000000000000E+002, 2.7200000000000000E+002, 2.7200000000000000E+002, 2.7200000000000000E+002, 2.8000000119209290E-001, 2.8000000119209290E-001, 2.8000000119209290E-001, 2.8000000119209290E-001, 2.7873052978515625E+002, 1.5811352539062500E+002,-7.9048259067349136E-005,-2.0515733337402344E+002,-2.8257785797119141E+001, 4.7792689874768257E-003, 3.0167296528816223E-001, 5.0019545555114746E+000, 2.8675687313079834E-001, 2.0002393051981926E-002, 3.6570167541503906E-001, 2.0142857730388641E-001, 9.4898110628128052E-001, 1.1346641182899475E-001, 1.1428571492433548E-001, 6.0000000000000000E+001, 2.2200002670288086E+000, 4.6511954069137573E-001, 5.6000115966796875E+002, 1.5978685041773133E-006, 3.9988003663893323E-007, 2.7882682625204325E-003, 0.0000000000000000E+000,-1.6264898300170898E+001,-4.9237760322284885E-006,-1.3504028320312500E-002, 1.0000000000000000E+000,-1.0000000149011612E-001, 2.8001108765602112E-001, 2.8000000119209290E-001, 2.8000000119209290E-001, 2.8000000119209290E-001, 2.7200753784179688E+002, 2.7200000000000000E+002, 2.7200000000000000E+002, 2.7200006103515625E+002, 2.8001108765602112E-001, 2.8000000119209290E-001, 2.8000000119209290E-001, 2.8000000119209290E-001, 4.6514850854873657E-001, 4.6511629223823547E-001, 4.6511629223823547E-001, 4.6511629223823547E-001
15,10,8, 9.8000000000000000E+004, 9.7500000000000000E+004, 3.0000000000000000E+001, 2.9000000000000000E+002, 8.0000003799796104E-003, 1.2000000104308128E-002, 6.0000000000000000E+001, 3.3000000000000000E+002, 5.0000000000000000E+002, 0.0000000000000000E+000, 0.0000000000000000E+000, 1.9999999552965164E-002, 2.9999999329447746E-002, 2.9999999329447746E-002, 1.0100000000000000E+003, 4.9999998882412910E-003,-1.0000000149011612E-001, 6.0000000000000000E+001, 1.0000000000000000E+001, 8.0000000000000000E+001, 2.8500000000000000E+002, 1.0000000000000000E+000, 0.0000000000000000E+000, 6.9999998807907104E-001, 9.4999998807907104E-001, 2.9100000000000000E+002, 0.0000000000000000E+000, 0.0000000000000000E+000, 0.0000000000000000E+000, 0.0000000000000000E+000, 9.9999997764825821E-003, 3.0000001192092896E-001, 0.0000000000000000E+000, 0.0000000000000000E+000, 0.0000000000000000E+000, 2.0000000298023224E-001, 2.0000000298023224E-001, 9.4999998807907104E-001, 1.0000000149011612E-001, 1.0000000149011612E-001, 0.0000000000000000E+000, 3.0000000000000000E+000, 0.0000000000000000E+000, 0.0000000000000000E+000, 0.0000000000000000E+000, 0.0000000000000000E+000, 0.0000000000000000E+000, 0.0000000000000000E+000, 0.0000000000000000E+000, 0.0000000000000000E+000, 2.8000000119209290E-001, 2.8000000119209290E-001, 2.8000000119209290E-001, 2.8000000119209290E-001, 2.8900000000000000E+002, 2.8800000000000000E+002, 2.8700000000000000E+002, 2.8600000000000000E+002, 2.8000000119209290E-001, 2.8000000119209290E-001, 2.8000000119209290E-001, 2.8000000119209290E-001, 2.9432168579101562E+002, 9.1272933959960938E+001, 7.5118543463759124E-005, 1.8787147521972656E+002,-3.1377586364746094E+001, 1.1284286156296730E-002, 2.9675909876823425E-001, 0.0000000000000000E+000, 0.0000000000000000E+000, 0.0000000000000000E+000, 2.0142857730388641E-001, 2.0142857730388641E-001, 9.4857144355773926E-001, 1.1428571492433548E-001, 1.1428571492433548E-001, 0.0000000000000000E+000, 2.2200002670288086E+000, 4.6511265635490417E-001, 5.5999877929687500E+002, 0.0000000000000000E+000, 3.9988003663893323E-007, 0.0000000000000000E+000, 0.0000000000000000E+000, 0.0000000000000000E+000, 6.9760972110088915E-006,-6.4993286132812500E-001, 1.0000000000000000E+000,-1.0000000149011612E-001, 2.7999326586723328E-001, 2.7999934554100037E-001, 2.7999934554100037E-001, 2.8000000119209290E-001, 2.8900796508789062E+002, 2.8799993896484375E+002, 2.8700003051757812E+002, 2.8600003051757812E+002, 2.7999326586723328E-001, 2.7999934554100037E-001, 2.7999934554100037E-001, 2.8000000119209290E-001, 4.6509671211242676E-001, 4.6511438488960266E-001, 4.6511438488960266E-001, 4.6511629223823547E-001
16,10,8, 9.8000000000000000E+004, 9.7500000000000000E+004, 3.0000000000000000E+001, 2.9000000000000000E+002, 8.0000003799796104E-003, 1.2000000104308128E-002, 6.0000000000000000E+001, 3.3000000000000000E+002, 5.0000000000000000E+002,-0.0000000000000000E+000, 0.0000000000000000E+000, 1.9999999552965164E-002, 2.9999999329447746E-002, 2.9999999329447746E-002, 1.0100000000000000E+003, 4.9999998882412910E-003,-1.0000000149011612E-001, 6.0000000000000000E+001, 1.0000000000000000E+001, 8.0000000000000000E+001, 2.8500000000000000E+002, 1.0000000000000000E+000, 0.0000000000000000E+000, 6.9999998807907104E-001, 9.4999998807907104E-001, 2.9100000000000000E+002, 0.0000000000000000E+000, 0.0000000000000000E+000, 0.0000000000000000E+000, 0.0000000000000000E+000, 9.9999997764825821E-003, 3.0000001192092896E-001, 0.0000000000000000E+000, 0.0000000000000000E+000, 0.0000000000000000E+000, 2.0000000298023224E-001, 2.0000000298023224E-001, 9.4999998807907104E-001, 1.0000000149011612E-001, 1.0000000149011612E-001, 0.0000000000000000E+000, 3.0000000000000000E+000, 0.0000000000000000E+000, 0.0000000000000000E+000, 0.0000000000000000E+000, 0.0000000000000000E+000, 0.0000000000000000E+000, 0.0000000000000000E+000, 0.0000000000000000E+000, 0.0000000000000000E+000, 2.8000000119209290E-001, 2.8000000119209290E-001, 2.8000000119209290E-001, 2.8000000119209290E-001, 2.8900000000000000E+002, 2.8800000000000000E+002, 2.8700000000000000E+002, 2.8600000000000000E+002, 2.8000000119209290E-001, 2.8000000119209290E-001, 2.8000000119209290E-001, 2.8000000119209290E-001, 2.9432168579101562E+002, 9.1272933959960938E+001, 7.5118543463759124E-005, 1.8787147521972656E+002,-3.1377586364746094E+001, 1.1284286156296730E-002, 2.9675909876823425E-001, 0.0000000000000000E+000, 0.0000000000000000E+000, 0.0000000000000000E+000, 2.0142857730388641E-001, 2.0142857730388641E-001, 9.4857144355773926E-001, 1.1428571492433548E-001, 1.1428571492433548E-001, 0.0000000000000000E+000, 2.2200002670288086E+000, 4.6511265635490417E-001, 5.5999877929687500E+002, 0.0000000000000000E+000, 3.9988003663893323E-007, 0.0000000000000000E+000, 0.0000000000000000E+000, 0.0000000000000000E+000, 6.9760972110088915E-006,-6.4993286132812500E-001, 1.0000000000000000E+000,-1.0000000149011612E-001, 2.7999326586723328E-001, 2.7999934554100037E-001, 2.7999934554100037E-001, 2.8000000119209290E-001, 2.8900796508789062E+002, 2.8799993896484375E+002, 2.8700003051757812E+002, 2.8600003051757812E+002, 2.7999326586723328E-001, 2.7999934554100037E-001, 2.7999934554100037E-001, 2.8000000119209290E-001, 4.6509671211242676E-001, 4.6511438488960266E-001, 4.6511438488960266E-001, 4.6511629223823547E-001
17,10,8, 9.8000000000000000E+004, 9.7500000000000000E+004, 3.0000000000000000E+001, 2.9000000000000000E+002, 8.0000003799796104E-003, 1.2000000104308128E-002, 6.0000000000000000E+001, 3.3000000000000000E+002, 5.0000000000000000E+002, 1.4012984643248171E-045, 0.0000000000000000E+000, 1.9999999552965164E-002, 2.9999999329447746E-002, 2.9999999329447746E-002, 1.0100000000000000E+003, 4.9999998882412910E-003,-1.0000000149011612E-001, 6.0000000000000000E+001, 1.0000000000000000E+001, 8.0000000000000000E+001, 2.8500000000000000E+002, 1.0000000000000000E+000, 0.0000000000000000E+000, 6.9999998807907104E-001, 9.4999998807907104E-001, 2.9100000000000000E+002, 0.0000000000000000E+000, 0.0000000000000000E+000, 0.0000000000000000E+000, 0.0000000000000000E+000, 9.9999997764825821E-003, 3.0000001192092896E-001, 0.0000000000000000E+000, 0.0000000000000000E+000, 0.0000000000000000E+000, 2.0000000298023224E-001, 2.0000000298023224E-001, 9.4999998807907104E-001, 1.0000000149011612E-001, 1.0000000149011612E-001, 0.0000000000000000E+000, 3.0000000000000000E+000, 0.0000000000000000E+000, 0.0000000000000000E+000, 0.0000000000000000E+000, 0.0000000000000000E+000, 0.0000000000000000E+000, 0.0000000000000000E+000, 0.0000000000000000E+000, 0.0000000000000000E+000, 2.8000000119209290E-001, 2.8000000119209290E-001, 2.8000000119209290E-001, 2.8000000119209290E-001, 2.8900000000000000E+002, 2.8800000000000000E+002, 2.8700000000000000E+002, 2.8600000000000000E+002, 2.8000000119209290E-001, 2.8000000119209290E-001, 2.8000000119209290E-001, 2.8000000119209290E-001, 2.9432168579101562E+002, 9.1272933959960938E+001, 7.5118543463759124E-005, 1.8787147521972656E+002,-3.1377586364746094E+001, 1.1284286156296730E-002, 2.9675909876823425E-001, 0.0000000000000000E+000, 0.0000000000000000E+000, 0.0000000000000000E+000, 2.0142857730388641E-001, 2.0142857730388641E-001, 9.4857144355773926E-001, 1.1428571492433548E-001, 1.1428571492433548E-001, 0.0000000000000000E+000, 2.2200002670288086E+000, 4.6511265635490417E-001, 5.5999877929687500E+002, 0.0000000000000000E+000, 3.9988003663893323E-007, 0.0000000000000000E+000, 0.0000000000000000E+000, 0.0000000000000000E+000, 6.9760972110088915E-006,-6.4993286132812500E-001, 1.0000000000000000E+000,-1.0000000149011612E-001, 2.7999326586723328E-001, 2.7999934554100037E-001, 2.7999934554100037E-001, 2.8000000119209290E-001, 2.8900796508789062E+002, 2.8799993896484375E+002, 2.8700003051757812E+002, 2.8600003051757812E+002, 2.7999326586723328E-001, 2.7999934554100037E-001, 2.7999934554100037E-001, 2.8000000119209290E-001, 4.6509671211242676E-001, 4.6511438488960266E-001, 4.6511438488960266E-001, 4.6511629223823547E-001
18,10,8, 9.8000000000000000E+004, 9.7500000000000000E+004, 3.0000000000000000E+001, 2.9000000000000000E+002, 8.0000003799796104E-003, 1.2000000104308128E-002, 6.0000000000000000E+001, 3.3000000000000000E+002, 5.0000000000000000E+002, 0.0000000000000000E+000, 0.0000000000000000E+000, 1.9999999552965164E-002, 2.9999999329447746E-002, 2.9999999329447746E-002, 1.0100000000000000E+003, 4.9999998882412910E-003,-1.0000000149011612E-001, 6.0000000000000000E+001, 1.0000000000000000E+001, 8.0000000000000000E+001, 2.8500000000000000E+002, 1.0000000000000000E+000, 0.0000000000000000E+000, 6.9999998807907104E-001, 9.4999998807907104E-001, 2.9100000000000000E+002, 0.0000000000000000E+000, 0.0000000000000000E+000, 0.0000000000000000E+000, 0.0000000000000000E+000, 9.9999997764825821E-003, 3.0000001192092896E-001, 1.4012984643248171E-045, 1.0000000149011612E-001, 0.0000000000000000E+000, 2.0000000298023224E-001, 2.0000000298023224E-001, 9.4999998807907104E-001, 1.0000000149011612E-001, 1.0000000149011612E-001, 0.0000000000000000E+000, 3.0000000000000000E+000, 0.0000000000000000E+000, 0.0000000000000000E+000, 0.0000000000000000E+000, 0.0000000000000000E+000, 0.0000000000000000E+000, 0.0000000000000000E+000, 0.0000000000000000E+000, 0.0000000000000000E+000, 2.8000000119209290E-001, 2.8000000119209290E-001, 2.8000000119209290E-001, 2.8000000119209290E-001, 2.8900000000000000E+002, 2.8800000000000000E+002, 2.8700000000000000E+002, 2.8600000000000000E+002, 2.8000000119209290E-001, 2.8000000119209290E-001, 2.8000000119209290E-001, 2.8000000119209290E-001, 2.9423849487304688E+002, 8.9324783325195312E+001, 7.6267097028903663E-005, 1.9074401855468750E+002,-3.0887058258056641E+001, 1.1334669776260853E-002, 2.9670274257659912E-001, 0.0000000000000000E+000, 0.0000000000000000E+000, 0.0000000000000000E+000, 2.0142857730388641E-001, 2.0142857730388641E-001, 9.4857144355773926E-001, 1.1428571492433548E-001, 1.1428571492433548E-001, 0.0000000000000000E+000, 2.2200002670288086E+000, 4.6511256694793701E-001, 5.5999877929687500E+002, 0.0000000000000000E+000, 3.9988003663893323E-007, 0.0000000000000000E+000, 0.0000000000000000E+000, 0.0000000000000000E+000, 7.0974024310999084E-006,-6.2762451171875000E-001, 1.0000000000000000E+000,-1.0000000149011612E-001, 2.7999314665794373E-001, 2.7999934554100037E-001, 2.7999934554100037E-001, 2.8000000119209290E-001, 2.8900784301757812E+002, 2.8799993896484375E+002, 2.8700003051757812E+002, 2.8600003051757812E+002, 2.7999314665794373E-001, 2.7999934554100037E-001, 2.7999934554100037E-001, 2.8000000119209290E-001, 4.6509635448455811E-001, 4.6511438488960266E-001, 4.6511438488960266E-001, 4.6511629223823547E-001
19,10,8, 9.8000000000000000E+004, 9.7500000000000000E+004, 3.0000000000000000E+001, 2.9000000000000000E+002, 1.4012984643248171E-045, 1.2000000104308128E-002, 6.0000000000000000E+001, 3.3000000000000000E+002, 5.0000000000000000E+002, 0.0000000000000000E+000, 0.0000000000000000E+000, 1.9999999552965164E-002, 2.9999999329447746E-002, 2.9999999329447746E-002, 1.0100000000000000E+003, 4.9999998882412910E-003,-1.0000000149011612E-001, 6.0000000000000000E+001, 1.0000000000000000E+001, 8.0000000000000000E+001, 2.8500000000000000E+002, 1.0000000000000000E+000, 0.0000000000000000E+000, 6.9999998807907104E-001, 9.4999998807907104E-001, 2.9100000000000000E+002, 0.0000000000000000E+000, 0.0000000000000000E+000, 0.0000000000000000E+000, 0.0000000000000000E+000, 9.9999997764825821E-003, 3.0000001192092896E-001, 0.0000000000000000E+000, 0.0000000000000000E+000, 0.0000000000000000E+000, 2.0000000298023224E-001, 2.0000000298023224E-001, 9.4999998807907104E-001, 1.0000000149011612E-001, 1.0000000149011612E-001, 0.0000000000000000E+000, 3.0000000000000000E+000, 0.0000000000000000E+000, 0.0000000000000000E+000, 0.0000000000000000E+000, 0.0000000000000000E+000, 0.0000000000000000E+000, 0.0000000000000000E+000, 0.0000000000000000E+000, 0.0000000000000000E+000, 2.8000000119209290E-001, 2.8000000119209290E-001, 2.8000000119209290E-001, 2.8000000119209290E-001, 2.8900000000000000E+002, 2.8800000000000000E+002, 2.8700000000000000E+002, 2.8600000000000000E+002, 2.8000000119209290E-001, 2.8000000119209290E-001, 2.8000000119209290E-001, 2.8000000119209290E-001, 2.9096569824218750E+002, 1.2744392395019531E+001, 1.2142804189352319E-004, 3.0369152832031250E+002,-1.1591536521911621E+001, 5.2100080065429211E-003, 2.9470682144165039E-001, 0.0000000000000000E+000, 0.0000000000000000E+000, 0.0000000000000000E+000, 2.0142857730388641E-001, 2.0142857730388641E-001, 9.4857144355773926E-001, 1.1428571492433548E-001, 1.1428571492433548E-001, 0.0000000000000000E+000, 2.2200002670288086E+000, 4.6511048078536987E-001, 5.5999804687500000E+002, 0.0000000000000000E+000, 3.9988003663893323E-007, 0.0000000000000000E+000, 0.0000000000000000E+000, 0.0000000000000000E+000, 1.1393722161301412E-005,-5.8502197265625000E-002, 1.0000000000000000E+000,-1.0000000149011612E-001, 2.7998909354209900E-001, 2.7999898791313171E-001, 2.7999898791313171E-001, 2.8000000119209290E-001, 2.8900268554687500E+002, 2.8799993896484375E+002, 2.8700003051757812E+002, 2.8600003051757812E+002, 2.7998909354209900E-001, 2.7999898791313171E-001, 2.7999898791313171E-001, 2.8000000119209290E-001, 4.6508458256721497E-001, 4.6511334180831909E-001, 4.6511334180831909E-001, 4.6511629223823547E-001
20,10,8, 9.8000000000000000E+004, 9.7500000000000000E+004, 3.0000000000000000E+001, 2.9000000000000000E+002, 0.0000000000000000E+000, 1.2000000104308128E-002, 6.0000000000000000E+001, 3.3000000000000000E+002, 5.0000000000000000E+002, 0.0000000000000000E+000, 0.0000000000000000E+000, 1.9999999552965164E-002, 2.9999999329447746E-002, 2.9999999329447746E-002, 1.0100000000000000E+003, 4.9999998882412910E-003,-1.0000000149011612E-001, 6.0000000000000000E+001, 1.0000000000000000E+001, 8.0000000000000000E+001, 2.8500000000000000E+002, 1.0000000000000000E+000, 0.0000000000000000E+000, 6.9999998807907104E-001, 9.4999998807907104E-001, 2.9100000000000000E+002, 0.0000000000000000E+000, 0.0000000000000000E+000, 0.0000000000000000E+000, 0.0000000000000000E+000, 9.9999997764825821E-003, 3.0000001192092896E-001, 0.0000000000000000E+000, 0.0000000000000000E+000, 0.0000000000000000E+000, 2.0000000298023224E-001, 2.0000000298023224E-001, 9.4999998807907104E-001, 1.0000000149011612E-001, 1.0000000149011612E-001, 0.0000000000000000E+000, 3.0000000000000000E+000, 0.0000000000000000E+000, 0.0000000000000000E+000, 0.0000000000000000E+000, 0.0000000000000000E+000, 0.0000000000000000E+000, 0.0000000000000000E+000, 0.0000000000000000E+000, 0.0000000000000000E+000, 2.8000000119209290E-001, 2.8000000119209290E-001, 2.8000000119209290E-001, 2.8000000119209290E-001, 2.8900000000000000E+002, 2.8800000000000000E+002, 2.8700000000000000E+002, 2.8600000000000000E+002, 2.8000000119209290E-001, 2.8000000119209290E-001, 2.8000000119209290E-001, 2.8000000119209290E-001, 2.9096569824218750E+002, 1.2744392395019531E+001, 1.2142804189352319E-004, 3.0369152832031250E+002,-1.1591536521911621E+001, 5.2100080065429211E-003, 2.9470682144165039E-001, 0.0000000000000000E+000, 0.0000000000000000E+000, 0.0000000000000000E+000, 2.0142857730388641E-001, 2.0142857730388641E-001, 9.4857144355773926E-001, 1.1428571492433548E-001, 1.1428571492433548E-001, 0.0000000000000000E+000, 2.2200002670288086E+000, 4.6511048078536987E-001, 5.5999804687500000E+002, 0.0000000000000000E+000, 3.9988003663893323E-007, 0.0000000000000000E+000, 0.0000000000000000E+000, 0.0000000000000000E+000, 1.1393722161301412E-005,-5.8502197265625000E-002, 1.0000000000000000E+000,-1.0000000149011612E-001, 2.7998909354209900E-001, 2.7999898791313171E-001, 2.7999898791313171E-001, 2.8000000119209290E-001, 2.8900268554687500E+002, 2.8799993896484375E+002, 2.8700003051757812E+002, 2.8600003051757812E+002, 2.7998909354209900E-001, 2.7999898791313171E-001, 2.7999898791313171E-001, 2.8000000119209290E-001, 4.6508458256721497E-001, 4.6511334180831909E-001, 4.6511334180831909E-001, 4.6511629223823547E-001
21,10,8, 9.8000000000000000E+004, 9.7500000000000000E+004, 3.0000000000000000E+001, 2.9000000000000000E+002,-0.0000000000000000E+000, 1.2000000104308128E-002, 6.0000000000000000E+001, 3.3000000000000000E+002, 5.0000000000000000E+002, 0.0000000000000000E+000, 0.0000000000000000E+000, 1.9999999552965164E-002, 2.9999999329447746E-002, 2.9999999329447746E-002, 1.0100000000000000E+003, 4.9999998882412910E-003,-1.0000000149011612E-001, 6.0000000000000000E+001, 1.0000000000000000E+001, 8.0000000000000000E+001, 2.8500000000000000E+002, 1.0000000000000000E+000, 0.0000000000000000E+000, 6.9999998807907104E-001, 9.4999998807907104E-001, 2.9100000000000000E+002, 0.0000000000000000E+000, 0.0000000000000000E+000, 0.0000000000000000E+000, 0.0000000000000000E+000, 9.9999997764825821E-003, 3.0000001192092896E-001, 0.0000000000000000E+000, 0.0000000000000000E+000, 0.0000000000000000E+000, 2.0000000298023224E-001, 2.0000000298023224E-001, 9.4999998807907104E-001, 1.0000000149011612E-001, 1.0000000149011612E-001, 0.0000000000000000E+000, 3.0000000000000000E+000, 0.0000000000000000E+000, 0.0000000000000000E+000, 0.0000000000000000E+000, 0.0000000000000000E+000, 0.0000000000000000E+000, 0.0000000000000000E+000, 0.0000000000000000E+000, 0.0000000000000000E+000, 2.8000000119209290E-001, 2.8000000119209290E-001, 2.8000000119209290E-001, 2.8000000119209290E-001, 2.8900000000000000E+002, 2.8800000000000000E+002, 2.8700000000000000E+002, 2.8600000000000000E+002, 2.8000000119209290E-001, 2.8000000119209290E-001, 2.8000000119209290E-001, 2.8000000119209290E-001, 2.9096569824218750E+002, 1.2744392395019531E+001, 1.2142804189352319E-004, 3.0369152832031250E+002,-1.1591536521911621E+001, 5.2100080065429211E-003, 2.9470682144165039E-001, 0.0000000000000000E+000, 0.0000000000000000E+000, 0.0000000000000000E+000, 2.0142857730388641E-001, 2.0142857730388641E-001, 9.4857144355773926E-001, 1.1428571492433548E-001, 1.1428571492433548E-001, 0.0000000000000000E+000, 2.2200002670288086E+000, 4.6511048078536987E-001, 5.5999804687500000E+002, 0.0000000000000000E+000, 3.9988003663893323E-007, 0.0000000000000000E+000, 0.0000000000000000E+000, 0.0000000000000000E+000, 1.1393722161301412E-005,-5.8502197265625000E-002, 1.0000000000000000E+000,-1.0000000149011612E-001, 2.7998909354209900E-001, 2.7999898791313171E-001, 2.7999898791313171E-001, 2.8000000119209290E-001, 2.8900268554687500E+002, 2.8799993896484375E+002, 2.8700003051757812E+002, 2.8600003051757812E+002, 2.7998909354209900E-001, 2.7999898791313171E-001, 2.7999898791313171E-001, 2.8000000119209290E-001, 4.6508458256721497E-001, 4.6511334180831909E-001, 4.6511334180831909E-001, 4.6511629223823547E-001
22,10,8, 9.8000000000000000E+004, 9.7500000000000000E+004, 3.0000000000000000E+001, 2.9000000000000000E+002, 8.0000003799796104E-003, 1.2000000104308128E-002, 6.0000000000000000E+001, 3.3000000000000000E+002, 5.0000000000000000E+002, 0.0000000000000000E+000, 0.0000000000000000E+000, 1.9999999552965164E-002, 2.9999999329447746E-002, 2.9999999329447746E-002, 1.0100000000000000E+003, 4.9999998882412910E-003,-1.0000000149011612E-001, 0.0000000000000000E+000, 0.0000000000000000E+000, 8.0000000000000000E+001, 2.8500000000000000E+002, 1.0000000000000000E+000, 0.0000000000000000E+000, 6.9999998807907104E-001, 9.4999998807907104E-001, 2.9100000000000000E+002, 0.0000000000000000E+000, 0.0000000000000000E+000, 0.0000000000000000E+000, 0.0000000000000000E+000, 9.9999997764825821E-003, 3.0000001192092896E-001, 0.0000000000000000E+000, 0.0000000000000000E+000, 0.0000000000000000E+000, 2.0000000298023224E-001, 2.0000000298023224E-001, 9.4999998807907104E-001, 1.0000000149011612E-001, 1.0000000149011612E-001, 0.0000000000000000E+000, 3.0000000000000000E+000, 0.0000000000000000E+000, 0.0000000000000000E+000, 0.0000000000000000E+000, 0.0000000000000000E+000, 0.0000000000000000E+000, 0.0000000000000000E+000, 0.0000000000000000E+000, 0.0000000000000000E+000, 2.8000000119209290E-001, 2.8000000119209290E-001, 2.8000000119209290E-001, 2.8000000119209290E-001, 2.8900000000000000E+002, 2.8800000000000000E+002, 2.8700000000000000E+002, 2.8600000000000000E+002, 2.8000000119209290E-001, 2.8000000119209290E-001, 2.8000000119209290E-001, 2.8000000119209290E-001, 2.9571267700195312E+002, 1.2384693145751953E+002, 2.4318112991750240E-005, 6.0819599151611328E+001,-1.3094389343261719E+002, 9.0608838945627213E-003, 3.0000001192092896E-001, 0.0000000000000000E+000, 0.0000000000000000E+000, 0.0000000000000000E+000, 2.3000000417232513E-001, 2.3000000417232513E-001, 9.2000001668930054E-001, 1.0000000149011612E-001, 1.0000000149011612E-001, 0.0000000000000000E+000, 5.1999998092651367E-001, 4.6511206030845642E-001, 5.5999853515625000E+002, 0.0000000000000000E+000, 3.9988003663893323E-007, 0.0000000000000000E+000, 0.0000000000000000E+000, 0.0000000000000000E+000, 6.7473260969563853E-006,-1.0340270996093750E+000, 1.0000000000000000E+000,-1.0000000149011612E-001, 2.7998536825180054E-001, 2.8000000119209290E-001, 2.8000000119209290E-001, 2.8000000119209290E-001, 2.8903359985351562E+002, 2.8800024414062500E+002, 2.8700003051757812E+002, 2.8600003051757812E+002, 2.7998536825180054E-001, 2.8000000119209290E-001, 2.8000000119209290E-001, 2.8000000119209290E-001, 4.6507376432418823E-001, 4.6511629223823547E-001, 4.6511629223823547E-001, 4.6511629223823547E-001
23,10,8, 9.8000000000000000E+004, 9.7500000000000000E+004, 3.0000000000000000E+001, 2.9000000000000000E+002, 8.0000003799796104E-003, 1.2000000104308128E-002, 6.0000000000000000E+001, 3.3000000000000000E+002, 5.0000000000000000E+002, 0.0000000000000000E+000, 0.0000000000000000E+000, 1.9999999552965164E-002, 2.9999999329447746E-002, 2.9999999329447746E-002, 1.0100000000000000E+003, 4.9999998882412910E-003,-1.0000000149011612E-001,-0.0000000000000000E+000,-0.0000000000000000E+000, 8.0000000000000000E+001, 2.8500000000000000E+002, 1.0000000000000000E+000, 0.0000000000000000E+000, 6.9999998807907104E-001, 9.4999998807907104E-001, 2.9100000000000000E+002, 0.0000000000000000E+000, 0.0000000000000000E+000, 0.0000000000000000E+000, 0.0000000000000000E+000, 9.9999997764825821E-003, 3.0000001192092896E-001, 0.0000000000000000E+000, 0.0000000000000000E+000, 0.0000000000000000E+000, 2.0000000298023224E-001, 2.0000000298023224E-001, 9.4999998807907104E-001, 1.0000000149011612E-001, 1.0000000149011612E-001, 0.0000000000000000E+000, 3.0000000000000000E+000, 0.0000000000000000E+000, 0.0000000000000000E+000, 0.0000000000000000E+000, 0.0000000000000000E+000, 0.0000000000000000E+000, 0.0000000000000000E+000, 0.0000000000000000E+000, 0.0000000000000000E+000, 2.8000000119209290E-001, 2.8000000119209290E-001, 2.8000000119209290E-001, 2.8000000119209290E-001, 2.8900000000000000E+002, 2.8800000000000000E+002, 2.8700000000000000E+002, 2.8600000000000000E+002, 2.8000000119209290E-001, 2.8000000119209290E-001, 2.8000000119209290E-001, 2.8000000119209290E-001, 2.9571267700195312E+002, 1.2384693145751953E+002, 2.4318112991750240E-005, 6.0819599151611328E+001,-1.3094389343261719E+002, 9.0608838945627213E-003, 3.0000001192092896E-001, 0.0000000000000000E+000, 0.0000000000000000E+000, 0.0000000000000000E+000, 2.3000000417232513E-001, 2.3000000417232513E-001, 9.2000001668930054E-001, 1.0000000149011612E-001, 1.0000000149011612E-001, 0.0000000000000000E+000, 5.1999998092651367E-001, 4.6511206030845642E-001, 5.5999853515625000E+002, 0.0000000000000000E+000, 3.9988003663893323E-007, 0.0000000000000000E+000, 0.0000000000000000E+000, 0.0000000000000000E+000, 6.7473260969563853E-006,-1.0340270996093750E+000, 1.0000000000000000E+000,-1.0000000149011612E-001, 2.7998536825180054E-001, 2.8000000119209290E-001, 2.8000000119209290E-001, 2.8000000119209290E-001, 2.8903359985351562E+002, 2.8800024414062500E+002, 2.8700003051757812E+002, 2.8600003051757812E+002, 2.7998536825180054E-001, 2.8000000119209290E-001, 2.8000000119209290E-001, 2.8000000119209290E-001, 4.6507376432418823E-001, 4.6511629223823547E-001, 4.6511629223823547E-001, 4.6511629223823547E-001
24,10,8, 9.8000000000000000E+004, 9.7500000000000000E+004, 3.0000000000000000E+001, 2.9000000000000000E+002, 8.0000003799796104E-003, 1.2000000104308128E-002, 6.0000000000000000E+001, 3.3000000000000000E+002, 5.0000000000000000E+002, 0.0000000000000000E+000, 0.0000000000000000E+000, 1.9999999552965164E-002, 2.9999999329447746E-002, 2.9999999329447746E-002, 1.0100000000000000E+003, 4.9999998882412910E-003,-1.0000000149011612E-001, 6.0000000000000000E+001, 1.0000000000000000E+001, 8.0000000000000000E+001, 2.8500000000000000E+002, 1.0000000000000000E+000, 0.0000000000000000E+000, 6.9999998807907104E-001, 9.4999998807907104E-001, 2.9100000000000000E+002, 0.0000000000000000E+000, 0.0000000000000000E+000, 0.0000000000000000E+000, 0.0000000000000000E+000, 9.9999997764825821E-003, 1.4012984643248171E-045, 0.0000000000000000E+000, 0.0000000000000000E+000, 0.0000000000000000E+000, 2.0000000298023224E-001, 2.0000000298023224E-001, 9.4999998807907104E-001, 1.0000000149011612E-001, 1.0000000149011612E-001, 0.0000000000000000E+000, 3.0000000000000000E+000, 0.0000000000000000E+000, 0.0000000000000000E+000, 0.0000000000000000E+000, 0.0000000000000000E+000, 0.0000000000000000E+000, 0.0000000000000000E+000, 0.0000000000000000E+000, 0.0000000000000000E+000, 2.8000000119209290E-001, 2.8000000119209290E-001, 2.8000000119209290E-001, 2.8000000119209290E-001, 2.8900000000000000E+002, 2.8800000000000000E+002, 2.8700000000000000E+002, 2.8600000000000000E+002, 2.8000000119209290E-001, 2.8000000119209290E-001, 2.8000000119209290E-001, 2.8000000119209290E-001, 2.9548422241210938E+002, 1.1849701690673828E+002, 5.9064652305096388E-005, 1.4772068786621094E+002,-3.8231430053710938E+001, 1.0580590926110744E-002, 0.0000000000000000E+000, 0.0000000000000000E+000, 0.0000000000000000E+000, 0.0000000000000000E+000, 2.0142857730388641E-001, 2.0142857730388641E-001, 9.4857144355773926E-001, 1.1428571492433548E-001, 1.1428571492433548E-001, 0.0000000000000000E+000, 2.2200002670288086E+000, 4.6510598063468933E-001, 5.5999645996093750E+002, 0.0000000000000000E+000, 3.9988003663893323E-007, 0.0000000000000000E+000, 0.0000000000000000E+000, 0.0000000000000000E+000, 6.9760972110088915E-006,-9.9206542968750000E-001, 1.0000000000000000E+000,-1.0000000149011612E-001, 2.7999100089073181E-001, 2.7999705076217651E-001, 2.7999705076217651E-001, 2.8000000119209290E-001, 2.8900979614257812E+002, 2.8799993896484375E+002, 2.8700003051757812E+002, 2.8600003051757812E+002, 2.7999100089073181E-001, 2.7999705076217651E-001, 2.7999705076217651E-001, 2.8000000119209290E-001, 4.6509012579917908E-001, 4.6510770916938782E-001, 4.6510770916938782E-001, 4.6511629223823547E-001
25,10,8, 9.8000000000000000E+004, 9.7500000000000000E+004, 3.0000000000000000E+001, 2.9000000000000000E+002, 8.0000003799796104E-003, 1.2000000104308128E-002, 6.0000000000000000E+001, 3.3000000000000000E+002, 5.0000000000000000E+002, 0.0000000000000000E+000, 0.0000000000000000E+000, 1.4012984643248171E-045, 1.4012984643248171E-045, 1.4012984643248171E-045, 1.0100000000000000E+003, 4.9999998882412910E-003,-1.0000000149011612E-001, 6.0000000000000000E+001, 1.0000000000000000E+001, 8.0000000000000000E+001, 2.8500000000000000E+002, 1.0000000000000000E+000, 0.0000000000000000E+000, 6.9999998807907104E-001, 9.4999998807907104E-001, 2.9100000000000000E+002, 0.0000000000000000E+000, 0.0000000000000000E+000, 0.0000000000000000E+000, 0.0000000000000000E+000, 9.9999997764825821E-003, 3.0000001192092896E-001, 0.0000000000000000E+000, 0.0000000000000000E+000, 0.0000000000000000E+000, 2.0000000298023224E-001, 2.0000000298023224E-001, 9.4999998807907104E-001, 1.0000000149011612E-001, 1.0000000149011612E-001, 0.0000000000000000E+000, 3.0000000000000000E+000, 0.0000000000000000E+000, 0.0000000000000000E+000, 0.0000000000000000E+000, 0.0000000000000000E+000, 0.0000000000000000E+000, 0.0000000000000000E+000, 0.0000000000000000E+000, 0.0000000000000000E+000, 2.8000000119209290E-001, 2.8000000119209290E-001, 2.8000000119209290E-001, 2.8000000119209290E-001, 2.8900000000000000E+002, 2.8800000000000000E+002, 2.8700000000000000E+002, 2.8600000000000000E+002, 2.8000000119209290E-001, 2.8000000119209290E-001, 2.8000000119209290E-001, 2.8000000119209290E-001,                     NaN,                     NaN, 1.4772068786621094E+002,                     NaN,                     NaN,                     NaN, 5.0000000000000000E-001, 0.0000000000000000E+000, 0.0000000000000000E+000, 0.0000000000000000E+000, 2.0142857730388641E-001, 2.0142857730388641E-001, 9.4857144355773926E-001, 1.1428571492433548E-001, 1.1428571492433548E-001, 0.0000000000000000E+000, 2.2200002670288086E+000,                     NaN,                     NaN, 0.0000000000000000E+000, 3.9988003663893323E-007, 0.0000000000000000E+000, 0.0000000000000000E+000, 0.0000000000000000E+000,                     NaN,                     NaN, 1.0000000000000000E+000,-1.0000000149011612E-001,                     NaN,                     NaN,                     NaN,                     NaN,                     NaN,                     NaN,                     NaN,                     NaN,                     NaN,                     NaN,                     NaN,                     NaN,                     NaN,                     NaN,                     NaN,                     NaN
26,10,8, 9.8000000000000000E+004, 9.7500000000000000E+004, 3.0000000000000000E+001, 2.9000000000000000E+002, 8.0000003799796104E-003, 1.2000000104308128E-002, 6.0000000000000000E+001, 3.3000000000000000E+002, 5.0000000000000000E+002, 0.0000000000000000E+000, 0.0000000000000000E+000, 1.9999999552965164E-002, 2.9999999329447746E-002, 2.9999999329447746E-002, 1.0100000000000000E+003, 4.9999998882412910E-003,-1.0000000149011612E-001, 6.0000000000000000E+001, 1.0000000000000000E+001, 8.0000000000000000E+001, 2.8500000000000000E+002, 2.0000000000000000E+000, 0.0000000000000000E+000, 6.9999998807907104E-001, 9.4999998807907104E-001, 2.9100000000000000E+002, 0.0000000000000000E+000, 0.0000000000000000E+000, 0.0000000000000000E+000, 0.0000000000000000E+000, 9.9999997764825821E-003, 3.0000001192092896E-001, 0.0000000000000000E+000, 0.0000000000000000E+000, 0.0000000000000000E+000, 2.0000000298023224E-001, 2.0000000298023224E-001, 9.4999998807907104E-001, 1.0000000149011612E-001, 1.0000000149011612E-001, 0.0000000000000000E+000, 3.0000000000000000E+000, 0.0000000000000000E+000, 0.0000000000000000E+000, 0.0000000000000000E+000, 0.0000000000000000E+000, 0.0000000000000000E+000, 0.0000000000000000E+000, 0.0000000000000000E+000, 0.0000000000000000E+000, 2.8000000119209290E-001, 2.8000000119209290E-001, 2.8000000119209290E-001, 2.8000000119209290E-001, 2.8900000000000000E+002, 2.8800000000000000E+002, 2.8700000000000000E+002, 2.8600000000000000E+002, 2.8000000119209290E-001, 2.8000000119209290E-001, 2.8000000119209290E-001, 2.8000000119209290E-001, 2.9100000000000000E+002, 0.0000000000000000E+000, 0.0000000000000000E+000, 0.0000000000000000E+000, 0.0000000000000000E+000, 9.9999997764825821E-003, 3.0000001192092896E-001, 0.0000000000000000E+000, 0.0000000000000000E+000, 0.0000000000000000E+000, 2.0000000298023224E-001, 2.0000000298023224E-001, 9.4999998807907104E-001, 1.0000000149011612E-001, 1.0000000149011612E-001, 0.0000000000000000E+000, 3.0000000000000000E+000, 0.0000000000000000E+000, 0.0000000000000000E+000, 0.0000000000000000E+000, 0.0000000000000000E+000, 0.0000000000000000E+000, 0.0000000000000000E+000, 0.0000000000000000E+000, 0.0000000000000000E+000, 0.0000000000000000E+000, 1.0000000000000000E+000,-1.0000000149011612E-001, 2.8000000119209290E-001, 2.8000000119209290E-001, 2.8000000119209290E-001, 2.8000000119209290E-001, 2.8900000000000000E+002, 2.8800000000000000E+002, 2.8700000000000000E+002, 2.8600000000000000E+002, 2.8000000119209290E-001, 2.8000000119209290E-001, 2.8000000119209290E-001, 2.8000000119209290E-001, 0.0000000000000000E+000, 0.0000000000000000E+000, 0.0000000000000000E+000, 0.0000000000000000E+000
27,10,8, 9.8000000000000000E+004, 9.7500000000000000E+004, 3.0000000000000000E+001, 2.6000000000000000E+002, 8.0000003799796104E-003, 1.2000000104308128E-002, 6.0000000000000000E+001, 3.3000000000000000E+002, 5.0000000000000000E+002, 0.0000000000000000E+000, 0.0000000000000000E+000, 1.9999999552965164E-002, 2.9999999329447746E-002, 2.9999999329447746E-002, 1.0100000000000000E+003, 4.9999998882412910E-003,-1.0000000149011612E-001, 6.0000000000000000E+001, 1.0000000000000000E+001, 8.0000000000000000E+001, 2.8500000000000000E+002, 1.0000000000000000E+000, 6.0000002384185791E-001, 6.9999998807907104E-001, 9.4999998807907104E-001, 2.5800000000000000E+002, 0.0000000000000000E+000, 0.0000000000000000E+000, 0.0000000000000000E+000, 0.0000000000000000E+000, 9.9999997764825821E-003, 3.0000001192092896E-001, 1.5000000000000000E+001, 8.0000001192092896E-001, 5.9999998658895493E-002, 2.0000000298023224E-001, 2.0000000298023224E-001, 9.4999998807907104E-001, 1.0000000149011612E-001, 1.0000000149011612E-001, 0.0000000000000000E+000, 3.0000000000000000E+000, 0.0000000000000000E+000, 0.0000000000000000E+000, 0.0000000000000000E+000, 0.0000000000000000E+000, 0.0000000000000000E+000, 0.0000000000000000E+000, 0.0000000000000000E+000, 0.0000000000000000E+000, 2.8000000119209290E-001, 2.8000000119209290E-001, 2.8000000119209290E-001, 2.8000000119209290E-001, 2.6200000000000000E+002, 2.6200000000000000E+002, 2.6200000000000000E+002, 2.6200000000000000E+002, 2.8000000119209290E-001, 2.8000000119209290E-001, 2.8000000119209290E-001, 2.8000000119209290E-001, 2.5800000000000000E+002, 0.0000000000000000E+000, 0.0000000000000000E+000, 0.0000000000000000E+000, 0.0000000000000000E+000, 9.9999997764825821E-003, 3.0000001192092896E-001, 1.5000000000000000E+001, 8.0000001192092896E-001, 5.9999998658895493E-002, 2.0000000298023224E-001, 2.0000000298023224E-001, 9.4999998807907104E-001, 1.0000000149011612E-001, 1.0000000149011612E-001, 0.0000000000000000E+000, 9.9999997764825821E-003, 0.0000000000000000E+000, 0.0000000000000000E+000, 0.0000000000000000E+000, 0.0000000000000000E+000, 0.0000000000000000E+000, 0.0000000000000000E+000, 0.0000000000000000E+000, 0.0000000000000000E+000, 0.0000000000000000E+000, 1.0000000000000000E+000,-1.0000000149011612E-001, 2.8000000119209290E-001, 2.8000000119209290E-001, 2.8000000119209290E-001, 2.8000000119209290E-001, 2.6200000000000000E+002, 2.6200000000000000E+002, 2.6200000000000000E+002, 2.6200000000000000E+002, 1.0000000000000000E+000, 1.0000000000000000E+000, 1.0000000000000000E+000, 1.0000000000000000E+000, 0.0000000000000000E+000, 0.0000000000000000E+000, 0.0000000000000000E+000, 0.0000000000000000E+000
28,15,8, 9.8000000000000000E+004, 9.7500000000000000E+004, 3.0000000000000000E+001, 2.5800000000000000E+002, 8.0000003799796104E-003, 1.2000000104308128E-002, 6.0000000000000000E+001, 3.3000000000000000E+002, 5.0000000000000000E+002, 0.0000000000000000E+000, 0.0000000000000000E+000, 1.9999999552965164E-002, 2.9999999329447746E-002, 2.9999999329447746E-002, 1.0100000000000000E+003, 4.9999998882412910E-003,-1.0000000149011612E-001, 6.0000000000000000E+001, 1.0000000000000000E+001, 8.0000000000000000E+001, 2.8500000000000000E+002, 1.0000000000000000E+000, 0.0000000000000000E+000, 6.9999998807907104E-001, 9.4999998807907104E-001, 2.5500000000000000E+002, 0.0000000000000000E+000, 0.0000000000000000E+000, 0.0000000000000000E+000, 0.0000000000000000E+000, 9.9999997764825821E-003, 3.0000001192092896E-001, 1.0000000000000000E+002, 1.0000000000000000E+000, 4.0000000596046448E-001, 2.0000000298023224E-001, 2.0000000298023224E-001, 9.4999998807907104E-001, 1.0000000149011612E-001, 1.0000000149011612E-001, 0.0000000000000000E+000, 3.0000000000000000E+000, 0.0000000000000000E+000, 0.0000000000000000E+000, 0.0000000000000000E+000, 0.0000000000000000E+000, 0.0000000000000000E+000, 0.0000000000000000E+000, 0.0000000000000000E+000, 0.0000000000000000E+000, 2.8000000119209290E-001, 2.8000000119209290E-001, 2.8000000119209290E-001, 2.8000000119209290E-001, 2.5800000000000000E+002, 2.5800000000000000E+002, 2.5800000000000000E+002, 2.5800000000000000E+002, 2.8000000119209290E-001, 2.8000000119209290E-001, 2.8000000119209290E-001, 2.8000000119209290E-001, 2.7314999389648438E+002, 3.8885174560546875E+002,-1.1275230644969270E-004,-3.1908901977539062E+002,-4.2211750030517578E+001, 3.6473989021033049E-003, 3.0000001192092896E-001, 1.0000000000000000E+002, 1.0000000000000000E+000, 5.0000000000000000E-001, 7.7429401874542236E-001, 2.0000000298023224E-001, 9.4999998807907104E-001, 4.2857140302658081E-002, 1.0000000149011612E-001, 6.0000000000000000E+001, 9.9999997764825821E-003, 0.0000000000000000E+000, 0.0000000000000000E+000, 5.4266571998596191E-002, 0.0000000000000000E+000, 5.4266571998596191E-002, 0.0000000000000000E+000,-3.1655502319335938E+002,-7.6581363828154281E-006, 1.1718750000000000E-002, 1.0000000000000000E+000,-1.0000000149011612E-001, 1.0000000000000000E+000, 1.0000000000000000E+000, 1.0000000000000000E+000, 1.0000000000000000E+000, 2.5803051757812500E+002, 2.5800000000000000E+002, 2.5800000000000000E+002, 2.5800003051757812E+002, 1.0000000000000000E+000, 1.0000000000000000E+000, 1.0000000000000000E+000, 1.0000000000000000E+000, 1.0000000000000000E+000, 1.0000000000000000E+000, 1.0000000000000000E+000, 1.0000000000000000E+000
29,10,14, 9.8000000000000000E+004, 9.7500000000000000E+004, 3.0000000000000000E+001, 2.9000000000000000E+002, 8.0000003799796104E-003, 1.2000000104308128E-002, 6.0000000000000000E+001, 3.3000000000000000E+002, 5.0000000000000000E+002, 0.0000000000000000E+000, 0.0000000000000000E+000, 1.9999999552965164E-002, 2.9999999329447746E-002, 2.9999999329447746E-002, 1.0100000000000000E+003, 4.9999998882412910E-003,-1.0000000149011612E-001, 6.0000000000000000E+001, 1.0000000000000000E+001, 8.0000000000000000E+001, 2.8500000000000000E+002, 1.0000000000000000E+000, 0.0000000000000000E+000, 6.9999998807907104E-001, 9.4999998807907104E-001, 2.9100000000000000E+002, 0.0000000000000000E+000, 0.0000000000000000E+000, 0.0000000000000000E+000, 0.0000000000000000E+000, 9.9999997764825821E-003, 3.0000001192092896E-001, 0.0000000000000000E+000, 0.0000000000000000E+000, 0.0000000000000000E+000, 2.0000000298023224E-001, 2.0000000298023224E-001, 9.4999998807907104E-001, 1.0000000149011612E-001, 1.0000000149011612E-001, 0.0000000000000000E+000, 3.0000000000000000E+000, 0.0000000000000000E+000, 0.0000000000000000E+000, 0.0000000000000000E+000, 0.0000000000000000E+000, 0.0000000000000000E+000, 0.0000000000000000E+000, 0.0000000000000000E+000, 0.0000000000000000E+000, 2.8000000119209290E-001, 2.8000000119209290E-001, 2.8000000119209290E-001, 2.8000000119209290E-001, 2.8900000000000000E+002, 2.8800000000000000E+002, 2.8700000000000000E+002, 2.8600000000000000E+002, 2.8000000119209290E-001, 2.8000000119209290E-001, 2.8000000119209290E-001, 2.8000000119209290E-001, 2.9323001098632812E+002, 6.5708282470703125E+001, 8.3110491686966270E-005, 2.0785934448242188E+002,-4.2656230926513672E+001, 1.1634965427219868E-002, 2.9681581258773804E-001, 0.0000000000000000E+000, 0.0000000000000000E+000, 0.0000000000000000E+000, 2.0142857730388641E-001, 2.0142857730388641E-001, 9.4857144355773926E-001, 1.1428571492433548E-001, 1.1428571492433548E-001, 0.0000000000000000E+000, 2.2200002670288086E+000, 6.2984347343444824E-001, 5.5999816894531250E+002, 0.0000000000000000E+000, 6.2080740462988615E-005, 0.0000000000000000E+000, 0.0000000000000000E+000, 0.0000000000000000E+000, 6.8540171014319640E-006,-3.9657592773437500E-001, 1.0000000000000000E+000,-1.0000000149011612E-001, 2.7998223900794983E-001, 2.7999928593635559E-001, 2.7999928593635559E-001, 2.8000056743621826E-001, 2.8901016235351562E+002, 2.8799990844726562E+002, 2.8700006103515625E+002, 2.8600006103515625E+002, 2.7998223900794983E-001, 2.7999928593635559E-001, 2.7999928593635559E-001, 2.8000056743621826E-001, 6.2979769706726074E-001, 6.2984859943389893E-001, 6.2984859943389893E-001, 6.2985241413116455E-001
30,13,8, 9.8000000000000000E+004, 9.7500000000000000E+004, 3.0000000000000000E+001, 2.9000000000000000E+002, 8.0000003799796104E-003, 1.2000000104308128E-002, 6.0000000000000000E+001, 3.3000000000000000E+002, 5.0000000000000000E+002, 0.0000000000000000E+000, 0.0000000000000000E+000, 1.9999999552965164E-002, 2.9999999329447746E-002, 2.9999999329447746E-002, 1.0100000000000000E+003, 4.9999998882412910E-003,-1.0000000149011612E-001, 5.0000000000000000E+000, 1.0000000000000000E+001, 8.0000000000000000E+001, 2.8500000000000000E+002, 1.0000000000000000E+000, 0.0000000000000000E+000, 6.9999998807907104E-001, 9.4999998807907104E-001, 2.9100000000000000E+002, 0.0000000000000000E+000, 0.0000000000000000E+000, 0.0000000000000000E+000, 0.0000000000000000E+000, 9.9999997764825821E-003, 3.0000001192092896E-001, 0.0000000000000000E+000, 0.0000000000000000E+000, 0.0000000000000000E+000, 2.0000000298023224E-001, 2.0000000298023224E-001, 9.4999998807907104E-001, 1.0000000149011612E-001, 1.0000000149011612E-001, 0.0000000000000000E+000, 3.0000000000000000E+000, 0.0000000000000000E+000, 0.0000000000000000E+000, 0.0000000000000000E+000, 0.0000000000000000E+000, 0.0000000000000000E+000, 0.0000000000000000E+000, 0.0000000000000000E+000, 0.0000000000000000E+000, 2.8000000119209290E-001, 2.8000000119209290E-001, 2.8000000119209290E-001, 2.8000000119209290E-001, 2.8900000000000000E+002, 2.8800000000000000E+002, 2.8700000000000000E+002, 2.8600000000000000E+002, 2.8000000119209290E-001, 2.8000000119209290E-001, 2.8000000119209290E-001, 2.8000000119209290E-001, 2.9351593017578125E+002, 7.2403884887695312E+001, 3.7720524233009201E-006, 9.4339027404785156E+000,-2.6171948242187500E+002, 8.1644114106893539E-003, 2.9977369308471680E-001, 0.0000000000000000E+000, 0.0000000000000000E+000, 0.0000000000000000E+000, 1.5000000596046448E-001, 1.5000000596046448E-001, 8.7999999523162842E-001, 5.0000000000000000E-001, 5.0000000000000000E-001, 0.0000000000000000E+000, 1.0000000000000000E+000,-2.4000027179718018E+000, 5.6000000000000000E+002, 0.0000000000000000E+000, 7.4798668947551050E-007, 0.0000000000000000E+000, 0.0000000000000000E+000, 0.0000000000000000E+000, 5.8459754654904827E-006,-4.2358398437500000E-001, 1.0000000000000000E+000,-1.0000000149011612E-001, 2.7999991178512573E-001, 2.8000000119209290E-001, 2.8000000119209290E-001, 2.8000000119209290E-001, 2.8905227661132812E+002, 2.8800057983398438E+002, 2.8700012207031250E+002, 2.8600006103515625E+002, 2.7999991178512573E-001, 2.8000000119209290E-001, 2.8000000119209290E-001, 2.8000000119209290E-001,-2.4000027179718018E+000,-2.4000010490417480E+000,-2.4000010490417480E+000,-2.4000010490417480E+000
31,10,1, 9.8000000000000000E+004, 9.7500000000000000E+004, 3.0000000000000000E+001, 2.9000000000000000E+002, 8.0000003799796104E-003, 1.2000000104308128E-002, 6.0000000000000000E+001, 3.3000000000000000E+002, 5.0000000000000000E+002, 0.0000000000000000E+000, 0.0000000000000000E+000, 1.9999999552965164E-002, 2.9999999329447746E-002, 2.9999999329447746E-002, 1.0100000000000000E+003, 4.9999998882412910E-003,-1.0000000149011612E-001, 6.0000000000000000E+001, 1.0000000000000000E+001, 8.0000000000000000E+001, 2.8500000000000000E+002, 1.0000000000000000E+000, 0.0000000000000000E+000, 6.9999998807907104E-001, 9.4999998807907104E-001, 2.9100000000000000E+002, 0.0000000000000000E+000, 0.0000000000000000E+000, 0.0000000000000000E+000, 0.0000000000000000E+000, 9.9999997764825821E-003, 3.0000001192092896E-001, 0.0000000000000000E+000, 0.0000000000000000E+000, 0.0000000000000000E+000, 2.0000000298023224E-001, 2.0000000298023224E-001, 9.4999998807907104E-001, 1.0000000149011612E-001, 1.0000000149011612E-001, 0.0000000000000000E+000, 3.0000000000000000E+000, 0.0000000000000000E+000, 0.0000000000000000E+000, 0.0000000000000000E+000, 0.0000000000000000E+000, 0.0000000000000000E+000, 0.0000000000000000E+000, 0.0000000000000000E+000, 0.0000000000000000E+000, 1.5000000596046448E-001, 1.5000000596046448E-001, 1.5000000596046448E-001, 1.5000000596046448E-001, 2.8900000000000000E+002, 2.8800000000000000E+002, 2.8700000000000000E+002, 2.8600000000000000E+002, 1.5000000596046448E-001, 1.5000000596046448E-001, 1.5000000596046448E-001, 1.5000000596046448E-001, 2.9367852783203125E+002, 7.6211570739746094E+001, 7.2313865530304611E-005, 1.8085696411132812E+002,-5.6812896728515625E+001, 1.1161278001964092E-002, 2.9684388637542725E-001, 0.0000000000000000E+000, 0.0000000000000000E+000, 0.0000000000000000E+000, 2.0142857730388641E-001, 2.0142857730388641E-001, 9.4857144355773926E-001, 1.1428571492433548E-001, 1.1428571492433548E-001, 0.0000000000000000E+000, 2.2200002670288086E+000, 4.2552053928375244E-001, 2.9999859619140625E+002, 0.0000000000000000E+000, 2.5602779351174831E-004, 0.0000000000000000E+000, 0.0000000000000000E+000, 0.0000000000000000E+000, 6.7936371124233119E-006,-4.9279785156250000E-001, 1.0000000000000000E+000,-1.0000000149011612E-001, 1.4996884763240814E-001, 1.4999930560588837E-001, 1.4999932050704956E-001, 1.5000231564044952E-001, 2.8901651000976562E+002, 2.8799984741210938E+002, 2.8700009155273438E+002, 2.8600006103515625E+002, 1.4996884763240814E-001, 1.4999930560588837E-001, 1.4999932050704956E-001, 1.5000231564044952E-001, 4.2543721199035645E-001, 4.2552977800369263E-001, 4.2552983760833740E-001, 4.2553892731666565E-001
32,10,12, 9.8000000000000000E+004, 9.7500000000000000E+004, 3.0000000000000000E+001, 2.9000000000000000E+002, 8.0000003799796104E-003, 1.2000000104308128E-002, 6.0000000000000000E+001, 3.3000000000000000E+002, 5.0000000000000000E+002, 0.0000000000000000E+000, 0.0000000000000000E+000, 1.9999999552965164E-002, 2.9999999329447746E-002, 2.9999999329447746E-002, 1.0100000000000000E+003, 4.9999998882412910E-003,-1.0000000149011612E-001, 6.0000000000000000E+001, 1.0000000000000000E+001, 8.0000000000000000E+001, 2.8500000000000000E+002, 1.0000000000000000E+000, 0.0000000000000000E+000, 6.9999998807907104E-001, 9.4999998807907104E-001, 2.9100000000000000E+002, 0.0000000000000000E+000, 0.0000000000000000E+000, 0.0000000000000000E+000, 0.0000000000000000E+000, 9.9999997764825821E-003, 3.0000001192092896E-001, 0.0000000000000000E+000, 0.0000000000000000E+000, 0.0000000000000000E+000, 2.0000000298023224E-001, 2.0000000298023224E-001, 9.4999998807907104E-001, 1.0000000149011612E-001, 1.0000000149011612E-001, 0.0000000000000000E+000, 3.0000000000000000E+000, 0.0000000000000000E+000, 0.0000000000000000E+000, 0.0000000000000000E+000, 0.0000000000000000E+000, 0.0000000000000000E+000, 0.0000000000000000E+000, 0.0000000000000000E+000, 0.0000000000000000E+000, 4.0000000596046448E-001, 4.0000000596046448E-001, 4.0000000596046448E-001, 4.0000000596046448E-001, 2.8900000000000000E+002, 2.8800000000000000E+002, 2.8700000000000000E+002, 2.8600000000000000E+002, 4.0000000596046448E-001, 4.0000000596046448E-001, 4.0000000596046448E-001, 4.0000000596046448E-001, 2.9270022583007812E+002, 5.3301860809326172E+001, 9.5090807008091360E-005, 2.3782209777832031E+002,-2.7868150711059570E+001, 1.2161105871200562E-002, 2.9678121209144592E-001, 0.0000000000000000E+000, 0.0000000000000000E+000, 0.0000000000000000E+000, 2.0142857730388641E-001, 2.0142857730388641E-001, 9.4857144355773926E-001, 1.1428571492433548E-001, 1.1428571492433548E-001, 0.0000000000000000E+000, 2.2200002670288086E+000, 7.9392904043197632E-001, 7.9999743652343750E+002, 0.0000000000000000E+000, 9.7064257715828717E-005, 0.0000000000000000E+000, 0.0000000000000000E+000, 0.0000000000000000E+000, 6.9285229074012022E-006,-2.9870605468750000E-001, 1.0000000000000000E+000,-1.0000000149011612E-001, 3.9997220039367676E-001, 3.9999923110008240E-001, 3.9999926090240479E-001, 4.0000087022781372E-001, 2.8900567626953125E+002, 2.8799993896484375E+002, 2.8700003051757812E+002, 2.8600003051757812E+002, 3.9997220039367676E-001, 3.9999923110008240E-001, 3.9999926090240479E-001, 4.0000087022781372E-001, 7.9385513067245483E-001, 7.9393714666366577E-001, 7.9393714666366577E-001, 7.9394203424453735E-001
33,10,13, 9.8000000000000000E+004, 9.7500000000000000E+004, 3.0000000000000000E+001, 2.9000000000000000E+002, 8.0000003799796104E-003, 1.2000000104308128E-002, 6.0000000000000000E+001, 3.3000000000000000E+002, 5.0000000000000000E+002, 0.0000000000000000E+000, 0.0000000000000000E+000, 1.9999999552965164E-002, 2.9999999329447746E-002, 2.9999999329447746E-002, 1.0100000000000000E+003, 4.9999998882412910E-003,-1.0000000149011612E-001, 6.0000000000000000E+001, 1.0000000000000000E+001, 8.0000000000000000E+001, 2.8500000000000000E+002, 1.0000000000000000E+000, 0.0000000000000000E+000, 6.9999998807907104E-001, 9.4999998807907104E-001, 2.9100000000000000E+002, 0.0000000000000000E+000, 0.0000000000000000E+000, 0.0000000000000000E+000, 0.0000000000000000E+000, 9.9999997764825821E-003, 3.0000001192092896E-001, 0.0000000000000000E+000, 0.0000000000000000E+000, 0.0000000000000000E+000, 2.0000000298023224E-001, 2.0000000298023224E-001, 9.4999998807907104E-001, 1.0000000149011612E-001, 1.0000000149011612E-001, 0.0000000000000000E+000, 3.0000000000000000E+000, 0.0000000000000000E+000, 0.0000000000000000E+000, 0.0000000000000000E+000, 0.0000000000000000E+000, 0.0000000000000000E+000, 0.0000000000000000E+000, 0.0000000000000000E+000, 0.0000000000000000E+000, 3.4999999403953552E-001, 3.4999999403953552E-001, 3.4999999403953552E-001, 3.4999999403953552E-001, 2.8900000000000000E+002, 2.8800000000000000E+002, 2.8700000000000000E+002, 2.8600000000000000E+002, 3.4999999403953552E-001, 3.4999999403953552E-001, 3.4999999403953552E-001, 3.4999999403953552E-001, 2.9292852783203125E+002, 5.8648197174072266E+001, 9.3224298325367272E-005, 2.3315399169921875E+002,-2.5996429443359375E+001, 1.2079099193215370E-002, 2.9676884412765503E-001, 0.0000000000000000E+000, 0.0000000000000000E+000, 0.0000000000000000E+000, 2.0142857730388641E-001, 2.0142857730388641E-001, 9.4857144355773926E-001, 1.1428571492433548E-001, 1.1428571492433548E-001, 0.0000000000000000E+000, 2.2200002670288086E+000, 7.6136219501495361E-001, 6.9999670410156250E+002, 0.0000000000000000E+000, 9.5232838066294789E-004, 0.0000000000000000E+000, 0.0000000000000000E+000, 0.0000000000000000E+000, 6.9551119850075338E-006,-3.3847045898437500E-001, 1.0000000000000000E+000,-1.0000000149011612E-001, 3.4988901019096375E-001, 3.4999886155128479E-001, 3.4999924898147583E-001, 3.5000854730606079E-001, 2.8900564575195312E+002, 2.8799993896484375E+002, 2.8700003051757812E+002, 2.8600003051757812E+002, 3.4988901019096375E-001, 3.4999886155128479E-001, 3.4999924898147583E-001, 3.5000854730606079E-001, 7.6109647750854492E-001, 7.6139098405838013E-001, 7.6139205694198608E-001, 7.6141703128814697E-001
34,10,15, 9.8000000000000000E+004, 9.7500000000000000E+004, 3.0000000000000000E+001, 2.9000000000000000E+002, 8.0000003799796104E-003, 1.2000000104308128E-002, 6.0000000000000000E+001, 3.3000000000000000E+002, 5.0000000000000000E+002, 0.0000000000000000E+000, 0.0000000000000000E+000, 1.9999999552965164E-002, 2.9999999329447746E-002, 2.9999999329447746E-002, 1.0100000000000000E+003, 4.9999998882412910E-003,-1.0000000149011612E-001, 6.0000000000000000E+001, 1.0000000000000000E+001, 8.0000000000000000E+001, 2.8500000000000000E+002, 1.0000000000000000E+000, 0.0000000000000000E+000, 6.9999998807907104E-001, 9.4999998807907104E-001, 2.9100000000000000E+002, 0.0000000000000000E+000, 0.0000000000000000E+000, 0.0000000000000000E+000, 0.0000000000000000E+000, 9.9999997764825821E-003, 3.0000001192092896E-001, 0.0000000000000000E+000, 0.0000000000000000E+000, 0.0000000000000000E+000, 2.0000000298023224E-001, 2.0000000298023224E-001, 9.4999998807907104E-001, 1.0000000149011612E-001, 1.0000000149011612E-001, 0.0000000000000000E+000, 3.0000000000000000E+000, 0.0000000000000000E+000, 0.0000000000000000E+000, 0.0000000000000000E+000, 0.0000000000000000E+000, 0.0000000000000000E+000, 0.0000000000000000E+000, 0.0000000000000000E+000, 0.0000000000000000E+000, 7.9999998211860657E-002, 7.9999998211860657E-002, 7.9999998211860657E-002, 7.9999998211860657E-002, 2.8900000000000000E+002, 2.8800000000000000E+002, 2.8700000000000000E+002, 2.8600000000000000E+002, 7.9999998211860657E-002, 7.9999998211860657E-002, 7.9999998211860657E-002, 7.9999998211860657E-002, 2.9443069458007812E+002, 9.3825683593750000E+001, 7.0406029408331960E-005, 1.7608547973632812E+002,-4.0041015625000000E+001, 1.1077620089054108E-002, 2.9677915573120117E-001, 0.0000000000000000E+000, 0.0000000000000000E+000, 0.0000000000000000E+000, 2.0142857730388641E-001, 2.0142857730388641E-001, 9.4857144355773926E-001, 1.1428571492433548E-001, 1.1428571492433548E-001, 0.0000000000000000E+000, 2.2200002670288086E+000, 3.8142132759094238E-001, 1.5999867248535156E+002, 0.0000000000000000E+000, 3.2587038003839552E-004, 0.0000000000000000E+000, 0.0000000000000000E+000, 0.0000000000000000E+000, 6.9329548750829417E-006,-6.7846679687500000E-001, 1.0000000000000000E+000,-1.0000000149011612E-001, 7.9962961375713348E-002, 7.9999335110187531E-002, 7.9999402165412903E-002, 8.0002933740615845E-002, 2.8901184082031250E+002, 2.8799990844726562E+002, 2.8700006103515625E+002, 2.8600003051757812E+002, 7.9962961375713348E-002, 7.9999335110187531E-002, 7.9999402165412903E-002, 8.0002933740615845E-002, 3.8125237822532654E-001, 3.8143986463546753E-001, 3.8144022226333618E-001, 3.8145843148231506E-001
35,10,8, 9.8000000000000000E+004, 9.7500000000000000E+004, 3.0000000000000000E+001, 2.8000000000000000E+002, 8.0000003799796104E-003, 1.2000000104308128E-002, 6.0000000000000000E+001, 2.8000000000000000E+002, 0.0000000000000000E+000, 0.0000000000000000E+000, 0.0000000000000000E+000, 2.0000000949949026E-003, 3.0000000260770321E-003, 3.0000000260770321E-003, 1.0100000000000000E+003, 4.9999998882412910E-003, 3.0000001192092896E-001, 6.0000000000000000E+001, 1.0000000000000000E+001, 8.0000000000000000E+001, 2.8500000000000000E+002, 1.0000000000000000E+000, 0.0000000000000000E+000, 6.9999998807907104E-001, 9.4999998807907104E-001, 2.7800000000000000E+002, 0.0000000000000000E+000, 0.0000000000000000E+000, 0.0000000000000000E+000, 0.0000000000000000E+000, 9.9999997764825821E-003, 3.0000001192092896E-001, 0.0000000000000000E+000, 0.0000000000000000E+000, 0.0000000000000000E+000, 2.0000000298023224E-001, 2.0000000298023224E-001, 9.4999998807907104E-001, 1.0000000149011612E-001, 1.0000000149011612E-001, 0.0000000000000000E+000, 3.0000000000000000E+000, 0.0000000000000000E+000, 0.0000000000000000E+000, 0.0000000000000000E+000, 0.0000000000000000E+000, 0.0000000000000000E+000, 0.0000000000000000E+000, 0.0000000000000000E+000, 0.0000000000000000E+000, 2.8000000119209290E-001, 2.8000000119209290E-001, 2.8000000119209290E-001, 2.8000000119209290E-001, 2.8900000000000000E+002, 2.8800000000000000E+002, 2.8700000000000000E+002, 2.8600000000000000E+002, 2.8000000119209290E-001, 2.8000000119209290E-001, 2.8000000119209290E-001, 2.8000000119209290E-001, 2.7856124877929688E+002,-4.4827451705932617E+000, 3.2789289434731472E-006, 8.2006006240844727E+000, 6.1542282104492188E+001, 9.3815540894865990E-003, 2.9983761906623840E-001, 0.0000000000000000E+000, 0.0000000000000000E+000, 0.0000000000000000E+000, 2.0142857730388641E-001, 2.0142857730388641E-001, 9.4857144355773926E-001, 1.1428571492433548E-001, 1.1428571492433548E-001, 0.0000000000000000E+000, 2.2200002670288086E+000, 4.6511620283126831E-001, 5.5999993896484375E+002, 0.0000000000000000E+000, 3.9988003663893323E-007, 0.0000000000000000E+000, 0.0000000000000000E+000, 0.0000000000000000E+000, 3.4958284800268302E-007,-4.8706054687500000E-002, 1.0000000000000000E+000, 3.0000001192092896E-001, 2.7999964356422424E-001, 2.8000000119209290E-001, 2.8000000119209290E-001, 2.8000000119209290E-001, 2.8898318481445312E+002, 2.8799993896484375E+002, 2.8700003051757812E+002, 2.8600003051757812E+002, 2.7999964356422424E-001, 2.8000000119209290E-001, 2.8000000119209290E-001, 2.8000000119209290E-001, 4.6511524915695190E-001, 4.6511629223823547E-001, 4.6511629223823547E-001, 4.6511629223823547E-001
36,10,8, 9.8000000000000000E+004, 9.7500000000000000E+004, 3.0000000000000000E+001, 3.0500000000000000E+002, 2.0000000949949026E-003, 2.9999999329447746E-002, 6.0000000000000000E+001, 3.3000000000000000E+002, 9.0000000000000000E+002, 0.0000000000000000E+000, 0.0000000000000000E+000, 1.9999999552965164E-002, 2.9999999329447746E-002, 2.9999999329447746E-002, 1.0100000000000000E+003, 4.9999998882412910E-003,-1.0000000149011612E-001, 6.0000000000000000E+001, 1.0000000000000000E+001, 8.0000000000000000E+001, 2.8500000000000000E+002, 1.0000000000000000E+000, 0.0000000000000000E+000, 6.9999998807907104E-001, 9.4999998807907104E-001, 3.1200000000000000E+002, 0.0000000000000000E+000, 0.0000000000000000E+000, 0.0000000000000000E+000, 0.0000000000000000E+000, 9.9999997764825821E-003, 3.0000001192092896E-001, 0.0000000000000000E+000, 0.0000000000000000E+000, 0.0000000000000000E+000, 2.0000000298023224E-001, 2.0000000298023224E-001, 9.4999998807907104E-001, 1.0000000149011612E-001, 1.0000000149011612E-001, 0.0000000000000000E+000, 3.0000000000000000E+000, 0.0000000000000000E+000, 0.0000000000000000E+000, 0.0000000000000000E+000, 0.0000000000000000E+000, 0.0000000000000000E+000, 0.0000000000000000E+000, 0.0000000000000000E+000, 0.0000000000000000E+000, 2.8000000119209290E-001, 2.8000000119209290E-001, 2.8000000119209290E-001, 2.8000000119209290E-001, 2.8900000000000000E+002, 2.8800000000000000E+002, 2.8700000000000000E+002, 2.8600000000000000E+002, 2.8000000119209290E-001, 2.8000000119209290E-001, 2.8000000119209290E-001, 2.8000000119209290E-001, 3.0594970703125000E+002, 1.1254514694213867E+001, 1.8036586698144674E-004, 4.5109509277343750E+002,-9.9931594848632812E+001, 1.0205875150859356E-002, 2.9225873947143555E-001, 0.0000000000000000E+000, 0.0000000000000000E+000, 0.0000000000000000E+000, 2.0142857730388641E-001, 2.0142857730388641E-001, 9.4857144355773926E-001, 1.1428571492433548E-001, 1.1428571492433548E-001, 0.0000000000000000E+000, 2.2200002670288086E+000, 4.6510738134384155E-001, 5.5999694824218750E+002, 0.0000000000000000E+000, 3.9988003663893323E-007, 0.0000000000000000E+000, 0.0000000000000000E+000, 0.0000000000000000E+000, 1.6663203496136703E-005,-7.5714111328125000E-002, 1.0000000000000000E+000,-1.0000000149011612E-001, 2.7998390793800354E-001, 2.7999836206436157E-001, 2.7999836206436157E-001, 2.8000000119209290E-001, 2.8902627563476562E+002, 2.8799993896484375E+002, 2.8700003051757812E+002, 2.8600003051757812E+002, 2.7998390793800354E-001, 2.7999836206436157E-001, 2.7999836206436157E-001, 2.8000000119209290E-001, 4.6506950259208679E-001, 4.6511152386665344E-001, 4.6511152386665344E-001, 4.6511629223823547E-001
37,10,8, 9.8000000000000000E+004, 9.7500000000000000E+004, 3.0000000000000000E+001, 2.7250000000000000E+002, 8.0000003799796104E-003, 1.2000000104308128E-002, 6.0000000000000000E+001, 3.3000000000000000E+002, 5.0000000000000000E+002, 2.0000000000000000E+000, 5.0000000000000000E-001, 1.9999999552965164E-002, 2.9999999329447746E-002, 2.9999999329447746E-002, 1.0100000000000000E+003, 4.9999998882412910E-003,-1.0000000149011612E-001, 6.0000000000000000E+001, 1.0000000000000000E+001, 8.0000000000000000E+001, 2.8500000000000000E+002, 1.0000000000000000E+000, 0.0000000000000000E+000, 6.9999998807907104E-001, 9.4999998807907104E-001, 2.7200000000000000E+002, 0.0000000000000000E+000, 0.0000000000000000E+000, 0.0000000000000000E+000, 0.0000000000000000E+000, 9.9999997764825821E-003, 3.0000001192092896E-001, 3.0000000000000000E+000, 4.0000000596046448E-001, 1.2000000104308128E-002, 2.0000000298023224E-001, 2.0000000298023224E-001, 9.4999998807907104E-001, 1.0000000149011612E-001, 1.0000000149011612E-001, 0.0000000000000000E+000, 3.0000000000000000E+000, 0.0000000000000000E+000, 0.0000000000000000E+000, 0.0000000000000000E+000, 0.0000000000000000E+000, 0.0000000000000000E+000, 0.0000000000000000E+000, 0.0000000000000000E+000, 0.0000000000000000E+000, 2.8000000119209290E-001, 2.8000000119209290E-001, 2.8000000119209290E-001, 2.8000000119209290E-001, 2.8900000000000000E+002, 2.8800000000000000E+002, 2.8700000000000000E+002, 2.8600000000000000E+002, 2.8000000119209290E-001, 2.8000000119209290E-001, 2.8000000119209290E-001, 2.8000000119209290E-001, 3.3072952270507812E+002, 1.4412489013671875E+003, 2.5380690931342542E-004, 6.6998498535156250E+002,-1.5722810363769531E+002, 1.8501570448279381E-002, 5.0000000000000000E-001, 3.3765304088592529E+000, 2.8675681352615356E-001, 1.7580350860953331E-002, 3.6570164561271667E-001, 2.0142857730388641E-001, 9.4898110628128052E-001, 1.1321882903575897E-001, 1.1428571492433548E-001, 6.0000000000000000E+001, 2.2200002670288086E+000, 4.6656879782676697E-001, 5.6049969482421875E+002, 9.0858477354049683E-001, 3.9988003663893323E-007, 1.6170474290847778E+000, 0.0000000000000000E+000,-9.4327773437500000E+003, 2.3249347577802837E-005, 8.6914062500000000E-002, 1.0000000000000000E+000,-1.0000000149011612E-001, 2.8499495983123779E-001, 2.8000053763389587E-001, 2.8000000119209290E-001, 2.8000000119209290E-001, 2.8904110717773438E+002, 2.8799993896484375E+002, 2.8700003051757812E+002, 2.8600003051757812E+002, 2.8499495983123779E-001, 2.8000053763389587E-001, 2.8000000119209290E-001, 2.8000000119209290E-001, 4.7963652014732361E-001, 4.6511784195899963E-001, 4.6511629223823547E-001, 4.6511629223823547E-001
38,10,8, 9.8000000000000000E+004, 9.7500000000000000E+004, 3.0000000000000000E+001, 2.6800000000000000E+002, 8.0000003799796104E-003, 1.2000000104308128E-002, 6.0000000000000000E+001, 3.3000000000000000E+002, 5.0000000000000000E+002, 0.0000000000000000E+000, 0.0000000000000000E+000, 1.9999999552965164E-002, 2.9999999329447746E-002, 2.9999999329447746E-002, 1.0100000000000000E+003, 4.9999998882412910E-003,-1.0000000149011612E-001, 6.0000000000000000E+001, 1.0000000000000000E+001, 8.0000000000000000E+001, 2.8500000000000000E+002, 1.0000000000000000E+000, 0.0000000000000000E+000, 6.9999998807907104E-001, 9.4999998807907104E-001, 2.6600000000000000E+002, 0.0000000000000000E+000, 0.0000000000000000E+000, 0.0000000000000000E+000, 0.0000000000000000E+000, 9.9999997764825821E-003, 3.0000001192092896E-001, 8.0000000000000000E+000, 6.0000002384185791E-001, 2.9999999329447746E-002, 2.0000000298023224E-001, 2.0000000298023224E-001, 9.4999998807907104E-001, 1.0000000149011612E-001, 1.0000000149011612E-001, 8.6400000000000000E+004, 3.0000000000000000E+000, 0.0000000000000000E+000, 0.0000000000000000E+000, 0.0000000000000000E+000, 0.0000000000000000E+000, 0.0000000000000000E+000, 0.0000000000000000E+000, 0.0000000000000000E+000, 0.0000000000000000E+000, 2.8000000119209290E-001, 2.8000000119209290E-001, 2.8000000119209290E-001, 2.8000000119209290E-001, 2.7000000000000000E+002, 2.7000000000000000E+002, 2.7000000000000000E+002, 2.7000000000000000E+002, 2.8000000119209290E-001, 2.8000000119209290E-001, 2.8000000119209290E-001, 2.8000000119209290E-001, 2.8238299560546875E+002, 3.5453601074218750E+002,-3.3967531635425985E-005,-8.9650154113769531E+001,-4.5908950805664062E+001, 6.6338675096631050E-003, 3.0652734637260437E-001, 7.9911594390869141E+000, 4.2033421993255615E-001, 2.9959397390484810E-002, 4.2296707630157471E-001, 2.0142857730388641E-001, 9.4917190074920654E-001, 1.1248428374528885E-001, 1.1428571492433548E-001, 8.6460000000000000E+004, 2.2200002670288086E+000, 4.6512886881828308E-001, 5.6000433349609375E+002, 2.4224249500548467E-005, 3.9988003663893323E-007, 1.0878843255341053E-002, 0.0000000000000000E+000,-6.3459922790527344E+001,-2.1516036667890148E-006, 4.5394897460937500E-003, 1.0000000000000000E+000,-1.0000000149011612E-001, 2.8004321455955505E-001, 2.8000000119209290E-001, 2.8000000119209290E-001, 2.8000000119209290E-001, 2.7001223754882812E+002, 2.7000000000000000E+002, 2.7000000000000000E+002, 2.7000006103515625E+002, 2.8004321455955505E-001, 2.8000000119209290E-001, 2.8000000119209290E-001, 2.8000000119209290E-001, 4.6524190902709961E-001, 4.6511629223823547E-001, 4.6511629223823547E-001, 4.6511629223823547E-001
39,10,8, 9.8000000000000000E+004, 9.7500000000000000E+004, 3.0000000000000000E+001, 2.9000000000000000E+002, 8.0000003799796104E-003, 1.2000000104308128E-002, 6.0000000000000000E+001, 3.3000000000000000E+002, 5.0000000000000000E+002, 0.0000000000000000E+000, 0.0000000000000000E+000, 1.9999999552965164E-002, 2.9999999329447746E-002, 2.9999999329447746E-002, 1.0100000000000000E+003, 4.9999998882412910E-003,-1.0000000149011612E-001, 6.0000000000000000E+001, 1.0000000000000000E+001, 8.0000000000000000E+001, 2.8500000000000000E+002, 1.0000000000000000E+000, 0.0000000000000000E+000, 6.9999998807907104E-001, 9.4999998807907104E-001, 2.9100000000000000E+002, 0.0000000000000000E+000, 0.0000000000000000E+000, 0.0000000000000000E+000, 0.0000000000000000E+000, 9.9999997764825821E-003, 3.0000001192092896E-001, 0.0000000000000000E+000, 0.0000000000000000E+000, 0.0000000000000000E+000, 2.0000000298023224E-001, 2.0000000298023224E-001, 9.4999998807907104E-001, 1.0000000149011612E-001, 1.0000000149011612E-001, 0.0000000000000000E+000, 3.0000000000000000E+000, 0.0000000000000000E+000, 0.0000000000000000E+000, 0.0000000000000000E+000, 0.0000000000000000E+000, 0.0000000000000000E+000, 0.0000000000000000E+000, 0.0000000000000000E+000, 0.0000000000000000E+000, 6.0000002384185791E-001, 6.0000002384185791E-001, 6.0000002384185791E-001, 6.0000002384185791E-001, 2.8900000000000000E+002, 2.8800000000000000E+002, 2.8700000000000000E+002, 2.8600000000000000E+002, 6.0000002384185791E-001, 6.0000002384185791E-001, 6.0000002384185791E-001, 6.0000002384185791E-001, 2.9154580688476562E+002, 2.6267875671386719E+001, 1.1210070806555450E-004, 2.8036386108398438E+002,-1.8390697479248047E+001, 1.2909072451293468E-002, 2.9678615927696228E-001, 0.0000000000000000E+000, 0.0000000000000000E+000, 0.0000000000000000E+000, 2.0142857730388641E-001, 2.0142857730388641E-001, 9.4857144355773926E-001, 1.1428571492433548E-001, 1.1428571492433548E-001, 0.0000000000000000E+000, 2.2200002670288086E+000, 1.0000000000000000E+000, 9.2800000000000000E+002, 0.0000000000000000E+000, 2.7199655151367188E+002, 0.0000000000000000E+000, 0.0000000000000000E+000, 0.0000000000000000E+000, 6.9178959165583365E-006,-1.3726806640625000E-001, 1.0000000000000000E+000,-1.0000000149011612E-001, 4.6399998664855957E-001, 4.6399998664855957E-001, 4.6399998664855957E-001, 4.6399998664855957E-001, 2.8900329589843750E+002, 2.8799993896484375E+002, 2.8700003051757812E+002, 2.8600003051757812E+002, 4.6399998664855957E-001, 4.6399998664855957E-001, 4.6399998664855957E-001, 4.6399998664855957E-001, 1.0000000000000000E+000, 1.0000000000000000E+000, 1.0000000000000000E+000, 1.0000000000000000E+000
40,10,8, 9.8000000000000000E+004, 9.7500000000000000E+004, 3.0000000000000000E+001, 2.5000000000000000E+002, 8.0000003799796104E-003, 1.2000000104308128E-002, 6.0000000000000000E+001, 1.8000000000000000E+002, 8.0000000000000000E+001, 0.0000000000000000E+000, 0.0000000000000000E+000, 1.9999999552965164E-002, 2.9999999329447746E-002, 2.9999999329447746E-002, 1.0100000000000000E+003, 4.9999998882412910E-003,-1.0000000149011612E-001, 6.0000000000000000E+001, 1.0000000000000000E+001, 8.0000000000000000E+001, 2.8500000000000000E+002, 1.0000000000000000E+000, 0.0000000000000000E+000, 6.9999998807907104E-001, 9.4999998807907104E-001, 2.4800000000000000E+002, 0.0000000000000000E+000, 0.0000000000000000E+000, 0.0000000000000000E+000, 0.0000000000000000E+000, 9.9999997764825821E-003, 3.0000001192092896E-001, 5.0000000000000000E+001, 1.0000000000000000E+000, 2.0000000298023224E-001, 2.0000000298023224E-001, 2.0000000298023224E-001, 9.4999998807907104E-001, 1.0000000149011612E-001, 1.0000000149011612E-001, 0.0000000000000000E+000, 3.0000000000000000E+000, 0.0000000000000000E+000, 0.0000000000000000E+000, 0.0000000000000000E+000, 0.0000000000000000E+000, 0.0000000000000000E+000, 0.0000000000000000E+000, 0.0000000000000000E+000, 0.0000000000000000E+000, 2.8000000119209290E-001, 2.8000000119209290E-001, 2.8000000119209290E-001, 2.8000000119209290E-001, 2.5000000000000000E+002, 2.5000000000000000E+002, 2.5000000000000000E+002, 2.5000000000000000E+002, 1.9999999552965164E-002, 1.9999999552965164E-002, 1.9999999552965164E-002, 1.9999999552965164E-002, 2.6704821777343750E+002, 4.5317758178710938E+002,-1.7876907077152282E-004,-5.0474014282226562E+002,-1.9000276565551758E+001, 1.3283772859722376E-003, 3.0000001192092896E-001, 5.0010726928710938E+001, 9.8000001907348633E-001, 2.0004272460937500E-001, 7.6283669471740723E-001, 2.0142857730388641E-001, 9.4997143745422363E-001, 8.6285717785358429E-002, 1.1428571492433548E-001, 6.0000000000000000E+001, 2.2200002670288086E+000, 4.6511629223823547E-001, 5.6000006103515625E+002, 0.0000000000000000E+000, 1.4964847124103682E-030, 0.0000000000000000E+000, 0.0000000000000000E+000, 0.0000000000000000E+000,-1.2113763659726828E-005,-6.4004211425781250E+000, 1.0000000000000000E+000,-1.0000000149011612E-001, 2.8000000119209290E-001, 2.8000000119209290E-001, 2.8000000119209290E-001, 2.8000000119209290E-001, 2.5000000000000000E+002, 2.5000000000000000E+002, 2.5000000000000000E+002, 2.5000000000000000E+002, 2.0034193992614746E-002, 2.0000010728836060E-002, 2.0000010728836060E-002, 2.0001366734504700E-002, 4.6511629223823547E-001, 4.6511629223823547E-001, 4.6511629223823547E-001, 4.6511629223823547E-001
41,10,3, 9.8000000000000000E+004, 9.7500000000000000E+004, 3.0000000000000000E+001, 2.9000000000000000E+002, 8.0000003799796104E-003, 1.2000000104308128E-002, 6.0000000000000000E+001, 3.3000000000000000E+002, 5.0000000000000000E+002, 0.0000000000000000E+000, 0.0000000000000000E+000, 1.9999999552965164E-002, 2.9999999329447746E-002, 2.9999999329447746E-002, 1.0100000000000000E+003, 4.9999998882412910E-003,-1.0000000149011612E-001, 6.0000000000000000E+001, 1.0000000000000000E+001, 8.0000000000000000E+001, 2.8500000000000000E+002, 1.0000000000000000E+000, 0.0000000000000000E+000, 6.9999998807907104E-001, 9.4999998807907104E-001, 2.9100000000000000E+002, 0.0000000000000000E+000, 0.0000000000000000E+000, 0.0000000000000000E+000, 0.0000000000000000E+000, 9.9999997764825821E-003, 3.0000001192092896E-001, 0.0000000000000000E+000, 0.0000000000000000E+000, 0.0000000000000000E+000, 2.0000000298023224E-001, 2.0000000298023224E-001, 9.4999998807907104E-001, 1.0000000149011612E-001, 1.0000000149011612E-001, 0.0000000000000000E+000, 3.0000000000000000E+000, 0.0000000000000000E+000, 0.0000000000000000E+000, 0.0000000000000000E+000, 0.0000000000000000E+000, 0.0000000000000000E+000, 0.0000000000000000E+000, 0.0000000000000000E+000, 0.0000000000000000E+000, 2.1999999880790710E-001, 2.1999999880790710E-001, 2.1999999880790710E-001, 2.1999999880790710E-001, 2.8900000000000000E+002, 2.8800000000000000E+002, 2.8700000000000000E+002, 2.8600000000000000E+002, 2.1999999880790710E-001, 2.1999999880790710E-001, 2.1999999880790710E-001, 2.1999999880790710E-001, 2.9407669067382812E+002, 8.5535682678222656E+001, 7.3924056778196245E-005, 1.8488406372070312E+002,-4.1381515502929688E+001, 1.1231895536184311E-002, 2.9678964614868164E-001, 0.0000000000000000E+000, 0.0000000000000000E+000, 0.0000000000000000E+000, 2.0142857730388641E-001, 2.0142857730388641E-001, 9.4857144355773926E-001, 1.1428571492433548E-001, 1.1428571492433548E-001, 0.0000000000000000E+000, 2.2200002670288086E+000, 4.4702506065368652E-001, 4.3999877929687500E+002, 0.0000000000000000E+000, 6.5195349634450395E-006, 0.0000000000000000E+000, 0.0000000000000000E+000, 0.0000000000000000E+000, 6.9103184614505153E-006,-5.8700561523437500E-001, 1.0000000000000000E+000,-1.0000000149011612E-001, 2.1999315917491913E-001, 2.1999932825565338E-001, 2.1999932825565338E-001, 2.2000005841255188E-001, 2.8901147460937500E+002, 2.8799990844726562E+002, 2.8700006103515625E+002, 2.8600003051757812E+002, 2.1999315917491913E-001, 2.1999932825565338E-001, 2.1999932825565338E-001, 2.2000005841255188E-001, 4.4701072573661804E-001, 4.4702666997909546E-001, 4.4702666997909546E-001, 4.4702860713005066E-001
42,10,4, 9.8000000000000000E+004, 9.7500000000000000E+004, 3.0000000000000000E+001, 2.6600000000000000E+002, 8.0000003799796104E-003, 1.2000000104308128E-002, 6.0000000000000000E+001, 2.3000000000000000E+002, 1.5000000000000000E+002, 0.0000000000000000E+000, 0.0000000000000000E+000, 1.9999999552965164E-002, 2.9999999329447746E-002, 2.9999999329447746E-002, 1.0100000000000000E+003, 4.9999998882412910E-003,-1.0000000149011612E-001, 6.0000000000000000E+001, 1.0000000000000000E+001, 8.0000000000000000E+001, 2.8500000000000000E+002, 1.0000000000000000E+000, 0.0000000000000000E+000, 6.9999998807907104E-001, 9.4999998807907104E-001, 2.6400000000000000E+002, 0.0000000000000000E+000, 0.0000000000000000E+000, 0.0000000000000000E+000, 0.0000000000000000E+000, 9.9999997764825821E-003, 3.0000001192092896E-001, 1.2000000000000000E+001, 8.0000001192092896E-001, 5.0000000745058060E-002, 2.0000000298023224E-001, 2.0000000298023224E-001, 9.4999998807907104E-001, 1.0000000149011612E-001, 1.0000000149011612E-001, 0.0000000000000000E+000, 3.0000000000000000E+000, 0.0000000000000000E+000, 0.0000000000000000E+000, 0.0000000000000000E+000, 0.0000000000000000E+000, 0.0000000000000000E+000, 0.0000000000000000E+000, 0.0000000000000000E+000, 0.0000000000000000E+000, 3.0000001192092896E-001, 3.0000001192092896E-001, 3.0000001192092896E-001, 3.0000001192092896E-001, 2.6900000000000000E+002, 2.6900000000000000E+002, 2.6900000000000000E+002, 2.6900000000000000E+002, 1.1999999731779099E-001, 1.1999999731779099E-001, 1.1999999731779099E-001, 1.1999999731779099E-001, 2.7519802856445312E+002, 2.2490061950683594E+002,-9.2424881586339325E-005,-2.4830082702636719E+002,-2.3449275970458984E+001, 4.3190084397792816E-003, 3.0320399999618530E-001, 1.2000205039978027E+001, 5.6387603282928467E-001, 4.9986530095338821E-002, 5.2445363998413086E-001, 2.0142857730388641E-001, 9.4937694072723389E-001, 1.1025802791118622E-001, 1.1428571492433548E-001, 6.0000000000000000E+001, 2.2200002670288086E+000, 5.5102139711380005E-001, 6.0000036621093750E+002, 1.7524210270494223E-003, 1.1281378609062642E-010, 5.3399764001369476E-003, 0.0000000000000000E+000,-3.1149862289428711E+001,-5.9592198340396862E-006,-5.4016113281250000E-003, 1.0000000000000000E+000,-1.0000000149011612E-001, 3.0000382661819458E-001, 3.0000001192092896E-001, 3.0000001192092896E-001, 3.0000001192092896E-001, 2.6900000000000000E+002, 2.6900000000000000E+002, 2.6900000000000000E+002, 2.6900000000000000E+002, 1.2004600465297699E-001, 1.2000000476837158E-001, 1.2000000476837158E-001, 1.2000062316656113E-001, 5.5103015899658203E-001, 5.5102044343948364E-001, 5.5102044343948364E-001, 5.5102044343948364E-001
