phase,run,case,column,k,first_step,cu_used,dt_s,rho_kg_m3,dz_m,temperature_k,qrcuten,qscuten,qicuten,qccuten,qv,qc,qr,qi,qs,qg,qh,qndrop_per_kg,qnr_per_kg,qni_per_kg,qns_per_kg,qng_per_kg,qnh_per_kg,qnn_per_kg,qvolg_m3_per_kg,qvolh_m3_per_kg,rainnc,rainncv,snownc,snowncv,graupelnc,graupelncv,hailnc,hailncv,sr,ice_surface_export
before,1,1,1,1,1,0, 5.0000000000000000E-001, 1.2599999904632568E+000, 2.5500000000000000E+002, 2.6000000000000000E+002, 0.0000000000000000E+000, 0.0000000000000000E+000, 0.0000000000000000E+000, 0.0000000000000000E+000, 8.0500002950429916E-003, 0.0000000000000000E+000, 0.0000000000000000E+000, 0.0000000000000000E+000, 0.0000000000000000E+000, 0.0000000000000000E+000, 0.0000000000000000E+000, 0.0000000000000000E+000, 0.0000000000000000E+000, 0.0000000000000000E+000, 0.0000000000000000E+000, 0.0000000000000000E+000, 0.0000000000000000E+000, 4.5000000000000000E+008, 0.0000000000000000E+000, 0.0000000000000000E+000, 2.1000000834465027E-001,-9.0000000000000000E+000, 1.0999999940395355E-001,-9.0000000000000000E+000, 6.0000002384185791E-002,-9.0000000000000000E+000, 3.9999999105930328E-002,-9.0000000000000000E+000,-9.0000000000000000E+000, 0.0000000000000000E+000
before,1,2,2,1,1,0, 5.0000000000000000E-001, 1.2660000324249268E+000, 2.5700000000000000E+002, 2.6000000000000000E+002, 0.0000000000000000E+000, 0.0000000000000000E+000, 0.0000000000000000E+000, 0.0000000000000000E+000, 8.0500002950429916E-003, 2.2162240043144266E-008, 4.4324480086288531E-008, 1.7729790968701309E-008, 3.5459581937402618E-008, 4.7279442583203490E-008, 3.1027134639316500E-008, 0.0000000000000000E+000, 0.0000000000000000E+000, 0.0000000000000000E+000, 0.0000000000000000E+000, 0.0000000000000000E+000, 0.0000000000000000E+000, 4.5000000000000000E+008, 0.0000000000000000E+000, 0.0000000000000000E+000, 2.1999999880790710E-001,-9.0000000000000000E+000, 1.2000000476837158E-001,-9.0000000000000000E+000, 7.0000000298023224E-002,-9.0000000000000000E+000, 4.9999997019767761E-002,-9.0000000000000000E+000,-9.0000000000000000E+000, 0.0000000000000000E+000
before,1,3,3,1,1,0, 5.0000000000000000E-001, 1.2719999551773071E+000, 2.5900000000000000E+002, 2.6000000000000000E+002, 0.0000000000000000E+000, 0.0000000000000000E+000, 0.0000000000000000E+000, 0.0000000000000000E+000, 8.0500002950429916E-003, 1.4774825807251091E-008, 8.8648960172577063E-008, 2.2162240043144266E-008, 5.9099303229004363E-008, 1.0342377976257922E-007, 1.1819860645800873E-007, 2.4772851467132568E+000, 2.4565367698669434E+000, 4.1288089752197266E+000, 1.6376911163330078E+001, 1.0127065658569336E+001, 5.2238950729370117E+000, 4.5000000000000000E+008, 3.6545505510687804E-010, 1.8851452343593422E-010, 2.3000000417232513E-001,-9.0000000000000000E+000, 1.2999999523162842E-001,-9.0000000000000000E+000, 7.9999998211860657E-002,-9.0000000000000000E+000, 5.9999998658895493E-002,-9.0000000000000000E+000,-9.0000000000000000E+000, 0.0000000000000000E+000
before,1,4,4,1,1,0, 5.0000000000000000E-001, 1.2779999971389771E+000, 2.6100000000000000E+002, 2.6000000000000000E+002, 3.6000590625917539E-005, 2.8000295060337521E-005, 1.8000295312958770E-005, 2.2000294848112389E-005, 8.0500002950429916E-003, 2.0000738004455343E-005, 4.0002953028306365E-005, 3.0001034247106872E-005, 5.0002214265987277E-005, 0.0000000000000000E+000, 0.0000000000000000E+000, 3.0000000000000000E+007, 8.0000000000000000E+004, 1.5000000000000000E+005, 6.0000000000000000E+004, 0.0000000000000000E+000, 0.0000000000000000E+000, 4.5000000000000000E+008, 0.0000000000000000E+000, 0.0000000000000000E+000, 2.4000000953674316E-001,-9.0000000000000000E+000, 1.4000000059604645E-001,-9.0000000000000000E+000, 9.0000003576278687E-002,-9.0000000000000000E+000, 7.0000000298023224E-002,-9.0000000000000000E+000,-9.0000000000000000E+000, 0.0000000000000000E+000
before,1,5,5,1,1,0, 5.0000000000000000E-001, 1.2840000391006470E+000, 2.6300000000000000E+002, 2.6000000000000000E+002, 0.0000000000000000E+000, 0.0000000000000000E+000, 0.0000000000000000E+000, 0.0000000000000000E+000, 8.0500002950429916E-003, 0.0000000000000000E+000, 0.0000000000000000E+000, 0.0000000000000000E+000, 0.0000000000000000E+000, 0.0000000000000000E+000, 0.0000000000000000E+000, 0.0000000000000000E+000, 0.0000000000000000E+000, 0.0000000000000000E+000, 0.0000000000000000E+000, 0.0000000000000000E+000, 0.0000000000000000E+000, 4.5000000000000000E+008, 0.0000000000000000E+000, 0.0000000000000000E+000, 2.5000000000000000E-001,-9.0000000000000000E+000, 1.5000000596046448E-001,-9.0000000000000000E+000, 9.9999994039535522E-002,-9.0000000000000000E+000, 7.9999998211860657E-002,-9.0000000000000000E+000,-9.0000000000000000E+000, 0.0000000000000000E+000
before,1,6,6,1,1,0, 5.0000000000000000E-001, 1.2899999618530273E+000, 2.6500000000000000E+002, 2.6000000000000000E+002, 0.0000000000000000E+000, 0.0000000000000000E+000, 0.0000000000000000E+000, 0.0000000000000000E+000, 8.0500002950429916E-003, 0.0000000000000000E+000, 9.9999997473787516E-006, 3.0000001061125658E-006, 6.9999996412661858E-006, 7.9999999798019417E-006, 6.0000002122251317E-006, 0.0000000000000000E+000, 1.2223092041015625E+003, 4.0743640136718750E+002, 8.5561640625000000E+003, 1.8804757080078125E+003, 8.6280651855468750E+002, 4.5000000000000000E+008, 1.5384614471258828E-008, 7.0588237477409166E-009, 2.5999999046325684E-001,-9.0000000000000000E+000, 1.5999999642372131E-001,-9.0000000000000000E+000, 1.0999999940395355E-001,-9.0000000000000000E+000, 8.9999996125698090E-002,-9.0000000000000000E+000,-9.0000000000000000E+000, 0.0000000000000000E+000
before,1,1,1,2,1,0, 5.0000000000000000E-001, 1.2250000238418579E+000, 2.6800000000000000E+002, 2.6000000000000000E+002, 0.0000000000000000E+000, 0.0000000000000000E+000, 0.0000000000000000E+000, 0.0000000000000000E+000, 8.1000002101063728E-003, 0.0000000000000000E+000, 0.0000000000000000E+000, 0.0000000000000000E+000, 0.0000000000000000E+000, 0.0000000000000000E+000, 0.0000000000000000E+000, 0.0000000000000000E+000, 0.0000000000000000E+000, 0.0000000000000000E+000, 0.0000000000000000E+000, 0.0000000000000000E+000, 0.0000000000000000E+000, 4.5000000000000000E+008, 0.0000000000000000E+000, 0.0000000000000000E+000, 2.1000000834465027E-001,-9.0000000000000000E+000, 1.0999999940395355E-001,-9.0000000000000000E+000, 6.0000002384185791E-002,-9.0000000000000000E+000, 3.9999999105930328E-002,-9.0000000000000000E+000,-9.0000000000000000E+000, 0.0000000000000000E+000
before,1,2,2,2,1,0, 5.0000000000000000E-001, 1.2310000658035278E+000, 2.7000000000000000E+002, 2.6000000000000000E+002, 0.0000000000000000E+000, 0.0000000000000000E+000, 0.0000000000000000E+000, 0.0000000000000000E+000, 8.1000002101063728E-003, 2.3007150673493015E-007, 4.6014301346986031E-007, 1.8405718549274752E-007, 3.6811437098549504E-007, 4.9081916131399339E-007, 3.2210007816502184E-007, 0.0000000000000000E+000, 0.0000000000000000E+000, 0.0000000000000000E+000, 0.0000000000000000E+000, 0.0000000000000000E+000, 0.0000000000000000E+000, 4.5000000000000000E+008, 0.0000000000000000E+000, 0.0000000000000000E+000, 2.1999999880790710E-001,-9.0000000000000000E+000, 1.2000000476837158E-001,-9.0000000000000000E+000, 7.0000000298023224E-002,-9.0000000000000000E+000, 4.9999997019767761E-002,-9.0000000000000000E+000,-9.0000000000000000E+000, 0.0000000000000000E+000
before,1,3,3,2,1,0, 5.0000000000000000E-001, 1.2369999885559082E+000, 2.7200000000000000E+002, 2.6000000000000000E+002, 0.0000000000000000E+000, 0.0000000000000000E+000, 0.0000000000000000E+000, 0.0000000000000000E+000, 8.1000002101063728E-003, 1.5338099501605029E-007, 9.2028602693972061E-007, 2.3007150673493015E-007, 6.1352398006420117E-007, 1.0736669082689332E-006, 1.2270479601284023E-006, 1.8747905731201172E+001, 1.6928968429565430E+001, 3.1246511459350586E+001, 1.1285977935791016E+002, 6.4543991088867188E+001, 3.5049621582031250E+001, 4.5000000000000000E+008, 3.5087153182900011E-009, 1.9053538746760523E-009, 2.3000000417232513E-001,-9.0000000000000000E+000, 1.2999999523162842E-001,-9.0000000000000000E+000, 7.9999998211860657E-002,-9.0000000000000000E+000, 5.9999998658895493E-002,-9.0000000000000000E+000,-9.0000000000000000E+000, 0.0000000000000000E+000
before,1,4,4,2,1,0, 5.0000000000000000E-001, 1.2430000305175781E+000, 2.7400000000000000E+002, 2.6000000000000000E+002, 3.6006134905619547E-005, 2.8003067200188525E-005, 1.8003067452809773E-005, 2.2003066987963393E-005, 8.1000002101063728E-003, 2.0007668354082853E-005, 4.0030674426816404E-005, 3.0010736736585386E-005, 5.0023005314869806E-005, 0.0000000000000000E+000, 0.0000000000000000E+000, 3.0000000000000000E+007, 8.0000000000000000E+004, 1.5000000000000000E+005, 6.0000000000000000E+004, 0.0000000000000000E+000, 0.0000000000000000E+000, 4.5000000000000000E+008, 0.0000000000000000E+000, 0.0000000000000000E+000, 2.4000000953674316E-001,-9.0000000000000000E+000, 1.4000000059604645E-001,-9.0000000000000000E+000, 9.0000003576278687E-002,-9.0000000000000000E+000, 7.0000000298023224E-002,-9.0000000000000000E+000,-9.0000000000000000E+000, 0.0000000000000000E+000
before,1,5,5,2,1,0, 5.0000000000000000E-001, 1.2490000724792480E+000, 2.7600000000000000E+002, 2.6000000000000000E+002, 0.0000000000000000E+000, 0.0000000000000000E+000, 0.0000000000000000E+000, 0.0000000000000000E+000, 8.1000002101063728E-003, 0.0000000000000000E+000, 0.0000000000000000E+000, 0.0000000000000000E+000, 0.0000000000000000E+000, 0.0000000000000000E+000, 0.0000000000000000E+000, 0.0000000000000000E+000, 0.0000000000000000E+000, 0.0000000000000000E+000, 0.0000000000000000E+000, 0.0000000000000000E+000, 0.0000000000000000E+000, 4.5000000000000000E+008, 0.0000000000000000E+000, 0.0000000000000000E+000, 2.5000000000000000E-001,-9.0000000000000000E+000, 1.5000000596046448E-001,-9.0000000000000000E+000, 9.9999994039535522E-002,-9.0000000000000000E+000, 7.9999998211860657E-002,-9.0000000000000000E+000,-9.0000000000000000E+000, 0.0000000000000000E+000
before,1,6,6,2,1,0, 5.0000000000000000E-001, 1.2549999952316284E+000, 2.7800000000000000E+002, 2.6000000000000000E+002, 0.0000000000000000E+000, 0.0000000000000000E+000, 0.0000000000000000E+000, 0.0000000000000000E+000, 8.1000002101063728E-003, 0.0000000000000000E+000, 1.4500000361294951E-005, 4.3500003812368959E-006, 1.0149999980058055E-005, 1.1600000107137021E-005, 8.7000007624737918E-006, 0.0000000000000000E+000, 1.2615227050781250E+003, 4.2050756835937500E+002, 8.8306582031250000E+003, 1.9408040771484375E+003, 8.9048657226562500E+002, 4.5000000000000000E+008, 2.2307691693868037E-008, 1.0235295277993828E-008, 2.5999999046325684E-001,-9.0000000000000000E+000, 1.5999999642372131E-001,-9.0000000000000000E+000, 1.0999999940395355E-001,-9.0000000000000000E+000, 8.9999996125698090E-002,-9.0000000000000000E+000,-9.0000000000000000E+000, 0.0000000000000000E+000
before,1,1,1,3,1,0, 5.0000000000000000E-001, 1.1899999380111694E+000, 2.8100000000000000E+002, 2.6000000000000000E+002, 0.0000000000000000E+000, 0.0000000000000000E+000, 0.0000000000000000E+000, 0.0000000000000000E+000, 8.1500001251697540E-003, 0.0000000000000000E+000, 0.0000000000000000E+000, 0.0000000000000000E+000, 0.0000000000000000E+000, 0.0000000000000000E+000, 0.0000000000000000E+000, 0.0000000000000000E+000, 0.0000000000000000E+000, 0.0000000000000000E+000, 0.0000000000000000E+000, 0.0000000000000000E+000, 0.0000000000000000E+000, 4.5000000000000000E+008, 0.0000000000000000E+000, 0.0000000000000000E+000, 2.1000000834465027E-001,-9.0000000000000000E+000, 1.0999999940395355E-001,-9.0000000000000000E+000, 6.0000002384185791E-002,-9.0000000000000000E+000, 3.9999999105930328E-002,-9.0000000000000000E+000,-9.0000000000000000E+000, 0.0000000000000000E+000
before,1,2,2,3,1,0, 5.0000000000000000E-001, 1.1959999799728394E+000, 2.8300000000000000E+002, 2.6000000000000000E+002, 0.0000000000000000E+000, 0.0000000000000000E+000, 0.0000000000000000E+000, 0.0000000000000000E+000, 8.1500001251697540E-003, 1.6663494761814945E-006, 3.3326989523629891E-006, 1.3330795809451956E-006, 2.6661591618903913E-006, 3.5548787309380714E-006, 2.3328891529672546E-006, 0.0000000000000000E+000, 0.0000000000000000E+000, 0.0000000000000000E+000, 0.0000000000000000E+000, 0.0000000000000000E+000, 0.0000000000000000E+000, 4.5000000000000000E+008, 0.0000000000000000E+000, 0.0000000000000000E+000, 2.1999999880790710E-001,-9.0000000000000000E+000, 1.2000000476837158E-001,-9.0000000000000000E+000, 7.0000000298023224E-002,-9.0000000000000000E+000, 4.9999997019767761E-002,-9.0000000000000000E+000,-9.0000000000000000E+000, 0.0000000000000000E+000
before,1,3,3,3,1,0, 5.0000000000000000E-001, 1.2019999027252197E+000, 2.8500000000000000E+002, 2.6000000000000000E+002, 0.0000000000000000E+000, 0.0000000000000000E+000, 0.0000000000000000E+000, 0.0000000000000000E+000, 8.1500001251697540E-003, 1.1108995749964379E-006, 6.6653979047259782E-006, 1.6663494761814945E-006, 4.4435982999857515E-006, 7.7762970249750651E-006, 8.8871965999715030E-006, 1.0201824951171875E+002, 8.5506622314453125E+001, 1.7003044128417969E+002, 5.7004412841796875E+002, 3.0321493530273438E+002, 1.7247930908203125E+002, 4.5000000000000000E+008, 2.3636161472495587E-008, 1.3445077939877592E-008, 2.3000000417232513E-001,-9.0000000000000000E+000, 1.2999999523162842E-001,-9.0000000000000000E+000, 7.9999998211860657E-002,-9.0000000000000000E+000, 5.9999998658895493E-002,-9.0000000000000000E+000,-9.0000000000000000E+000, 0.0000000000000000E+000
before,1,4,4,3,1,0, 5.0000000000000000E-001, 1.2079999446868896E+000, 2.8700000000000000E+002, 2.6000000000000000E+002, 3.6044435546500608E-005, 2.8022217520629056E-005, 1.8022217773250304E-005, 2.2022217308403924E-005, 8.1500001251697540E-003, 2.0055544155184180E-005, 4.0222177631221712E-005, 3.0077762858127244E-005, 5.0166632718173787E-005, 0.0000000000000000E+000, 0.0000000000000000E+000, 3.0000000000000000E+007, 8.0000000000000000E+004, 1.5000000000000000E+005, 6.0000000000000000E+004, 0.0000000000000000E+000, 0.0000000000000000E+000, 4.5000000000000000E+008, 0.0000000000000000E+000, 0.0000000000000000E+000, 2.4000000953674316E-001,-9.0000000000000000E+000, 1.4000000059604645E-001,-9.0000000000000000E+000, 9.0000003576278687E-002,-9.0000000000000000E+000, 7.0000000298023224E-002,-9.0000000000000000E+000,-9.0000000000000000E+000, 0.0000000000000000E+000
before,1,5,5,3,1,0, 5.0000000000000000E-001, 1.2139999866485596E+000, 2.8900000000000000E+002, 2.6000000000000000E+002, 0.0000000000000000E+000, 0.0000000000000000E+000, 0.0000000000000000E+000, 0.0000000000000000E+000, 8.1500001251697540E-003, 0.0000000000000000E+000, 0.0000000000000000E+000, 0.0000000000000000E+000, 0.0000000000000000E+000, 0.0000000000000000E+000, 0.0000000000000000E+000, 0.0000000000000000E+000, 0.0000000000000000E+000, 0.0000000000000000E+000, 0.0000000000000000E+000, 0.0000000000000000E+000, 0.0000000000000000E+000, 4.5000000000000000E+008, 0.0000000000000000E+000, 0.0000000000000000E+000, 2.5000000000000000E-001,-9.0000000000000000E+000, 1.5000000596046448E-001,-9.0000000000000000E+000, 9.9999994039535522E-002,-9.0000000000000000E+000, 7.9999998211860657E-002,-9.0000000000000000E+000,-9.0000000000000000E+000, 0.0000000000000000E+000
before,1,6,6,3,1,0, 5.0000000000000000E-001, 1.2199999094009399E+000, 2.9100000000000000E+002, 2.6000000000000000E+002, 0.0000000000000000E+000, 0.0000000000000000E+000, 0.0000000000000000E+000, 0.0000000000000000E+000, 8.1500001251697540E-003, 0.0000000000000000E+000, 0.0000000000000000E+000, 0.0000000000000000E+000, 0.0000000000000000E+000, 0.0000000000000000E+000, 0.0000000000000000E+000, 0.0000000000000000E+000, 0.0000000000000000E+000, 0.0000000000000000E+000, 0.0000000000000000E+000, 0.0000000000000000E+000, 0.0000000000000000E+000, 4.5000000000000000E+008, 0.0000000000000000E+000, 0.0000000000000000E+000, 2.5999999046325684E-001,-9.0000000000000000E+000, 1.5999999642372131E-001,-9.0000000000000000E+000, 1.0999999940395355E-001,-9.0000000000000000E+000, 8.9999996125698090E-002,-9.0000000000000000E+000,-9.0000000000000000E+000, 0.0000000000000000E+000
before,1,1,1,4,1,0, 5.0000000000000000E-001, 1.1549999713897705E+000, 2.9400000000000000E+002, 2.6000000000000000E+002, 0.0000000000000000E+000, 0.0000000000000000E+000, 0.0000000000000000E+000, 0.0000000000000000E+000, 8.2000000402331352E-003, 0.0000000000000000E+000, 0.0000000000000000E+000, 0.0000000000000000E+000, 0.0000000000000000E+000, 0.0000000000000000E+000, 0.0000000000000000E+000, 0.0000000000000000E+000, 0.0000000000000000E+000, 0.0000000000000000E+000, 0.0000000000000000E+000, 0.0000000000000000E+000, 0.0000000000000000E+000, 4.5000000000000000E+008, 0.0000000000000000E+000, 0.0000000000000000E+000, 2.1000000834465027E-001,-9.0000000000000000E+000, 1.0999999940395355E-001,-9.0000000000000000E+000, 6.0000002384185791E-002,-9.0000000000000000E+000, 3.9999999105930328E-002,-9.0000000000000000E+000,-9.0000000000000000E+000, 0.0000000000000000E+000
before,1,2,2,4,1,0, 5.0000000000000000E-001, 1.1610000133514404E+000, 2.9600000000000000E+002, 2.6000000000000000E+002, 0.0000000000000000E+000, 0.0000000000000000E+000, 0.0000000000000000E+000, 0.0000000000000000E+000, 8.2000000402331352E-003, 8.4202138168620877E-006, 1.6840427633724175E-005, 6.7361706896917894E-006, 1.3472341379383579E-005, 1.7963122445507906E-005, 1.1788299161707982E-005, 0.0000000000000000E+000, 0.0000000000000000E+000, 0.0000000000000000E+000, 0.0000000000000000E+000, 0.0000000000000000E+000, 0.0000000000000000E+000, 4.5000000000000000E+008, 0.0000000000000000E+000, 0.0000000000000000E+000, 2.1999999880790710E-001,-9.0000000000000000E+000, 1.2000000476837158E-001,-9.0000000000000000E+000, 7.0000000298023224E-002,-9.0000000000000000E+000, 4.9999997019767761E-002,-9.0000000000000000E+000,-9.0000000000000000E+000, 0.0000000000000000E+000
before,1,3,3,4,1,0, 5.0000000000000000E-001, 1.1669999361038208E+000, 2.9800000000000000E+002, 2.6000000000000000E+002, 0.0000000000000000E+000, 0.0000000000000000E+000, 0.0000000000000000E+000, 0.0000000000000000E+000, 8.2000000402331352E-003, 5.6134754231607076E-006, 3.3680855267448351E-005, 8.4202138168620877E-006, 2.2453901692642830E-005, 3.9294329326367006E-005, 4.4907803385285661E-005, 3.9707202148437500E+002, 3.1320477294921875E+002, 6.6178680419921875E+002, 2.0880314941406250E+003, 1.0380839843750000E+003, 6.1593847656250000E+002, 4.5000000000000000E+008, 1.1163161417471201E-007, 6.6235699591743469E-008, 2.3000000417232513E-001,-9.0000000000000000E+000, 1.2999999523162842E-001,-9.0000000000000000E+000, 7.9999998211860657E-002,-9.0000000000000000E+000, 5.9999998658895493E-002,-9.0000000000000000E+000,-9.0000000000000000E+000, 0.0000000000000000E+000
before,1,4,4,4,1,0, 5.0000000000000000E-001, 1.1729999780654907E+000, 3.0000000000000000E+002, 2.6000000000000000E+002, 3.6224540963303298E-005, 2.8112270229030401E-005, 1.8112270481651649E-005, 2.2112270016805269E-005, 8.2000000402331352E-003, 2.0280673197703436E-005, 4.1122693801298738E-005, 3.0392942790058441E-005, 5.0842019845731556E-005, 0.0000000000000000E+000, 0.0000000000000000E+000, 3.0000000000000000E+007, 8.0000000000000000E+004, 1.5000000000000000E+005, 6.0000000000000000E+004, 0.0000000000000000E+000, 0.0000000000000000E+000, 4.5000000000000000E+008, 0.0000000000000000E+000, 0.0000000000000000E+000, 2.4000000953674316E-001,-9.0000000000000000E+000, 1.4000000059604645E-001,-9.0000000000000000E+000, 9.0000003576278687E-002,-9.0000000000000000E+000, 7.0000000298023224E-002,-9.0000000000000000E+000,-9.0000000000000000E+000, 0.0000000000000000E+000
before,1,5,5,4,1,0, 5.0000000000000000E-001, 1.1790000200271606E+000, 3.0200000000000000E+002, 2.6000000000000000E+002, 0.0000000000000000E+000, 0.0000000000000000E+000, 0.0000000000000000E+000, 0.0000000000000000E+000, 8.2000000402331352E-003, 0.0000000000000000E+000, 0.0000000000000000E+000, 0.0000000000000000E+000, 0.0000000000000000E+000, 0.0000000000000000E+000, 0.0000000000000000E+000, 0.0000000000000000E+000, 0.0000000000000000E+000, 0.0000000000000000E+000, 0.0000000000000000E+000, 0.0000000000000000E+000, 0.0000000000000000E+000, 4.5000000000000000E+008, 0.0000000000000000E+000, 0.0000000000000000E+000, 2.5000000000000000E-001,-9.0000000000000000E+000, 1.5000000596046448E-001,-9.0000000000000000E+000, 9.9999994039535522E-002,-9.0000000000000000E+000, 7.9999998211860657E-002,-9.0000000000000000E+000,-9.0000000000000000E+000, 0.0000000000000000E+000
before,1,6,6,4,1,0, 5.0000000000000000E-001, 1.1849999427795410E+000, 3.0400000000000000E+002, 2.6000000000000000E+002, 0.0000000000000000E+000, 0.0000000000000000E+000, 0.0000000000000000E+000, 0.0000000000000000E+000, 8.2000000402331352E-003, 0.0000000000000000E+000, 3.0486251489492133E-005, 9.1458759925444610E-006, 2.1340376406442374E-005, 2.4389000827795826E-005, 1.8291751985088922E-005, 0.0000000000000000E+000, 1.3437636718750000E+003, 4.4792126464843750E+002, 9.4063457031250000E+003, 2.0673288574218750E+003, 9.4853912353515625E+002, 4.5000000000000000E+008, 4.6901924122266792E-008, 2.1519708681694283E-008, 2.5999999046325684E-001,-9.0000000000000000E+000, 1.5999999642372131E-001,-9.0000000000000000E+000, 1.0999999940395355E-001,-9.0000000000000000E+000, 8.9999996125698090E-002,-9.0000000000000000E+000,-9.0000000000000000E+000, 0.0000000000000000E+000
before,1,1,1,5,1,0, 5.0000000000000000E-001, 1.1200000047683716E+000, 3.0700000000000000E+002, 2.6000000000000000E+002, 0.0000000000000000E+000, 0.0000000000000000E+000, 0.0000000000000000E+000, 0.0000000000000000E+000, 8.2499999552965164E-003, 0.0000000000000000E+000, 0.0000000000000000E+000, 0.0000000000000000E+000, 0.0000000000000000E+000, 0.0000000000000000E+000, 0.0000000000000000E+000, 0.0000000000000000E+000, 0.0000000000000000E+000, 0.0000000000000000E+000, 0.0000000000000000E+000, 0.0000000000000000E+000, 0.0000000000000000E+000, 4.5000000000000000E+008, 0.0000000000000000E+000, 0.0000000000000000E+000, 2.1000000834465027E-001,-9.0000000000000000E+000, 1.0999999940395355E-001,-9.0000000000000000E+000, 6.0000002384185791E-002,-9.0000000000000000E+000, 3.9999999105930328E-002,-9.0000000000000000E+000,-9.0000000000000000E+000, 0.0000000000000000E+000
before,1,2,2,5,1,0, 5.0000000000000000E-001, 1.1260000467300415E+000, 3.0900000000000000E+002, 2.6000000000000000E+002, 0.0000000000000000E+000, 0.0000000000000000E+000, 0.0000000000000000E+000, 0.0000000000000000E+000, 8.2499999552965164E-003, 2.9684802939300425E-005, 5.9369605878600851E-005, 2.3747839804855175E-005, 4.7495679609710351E-005, 6.3327570387627929E-005, 4.1558720113243908E-005, 0.0000000000000000E+000, 0.0000000000000000E+000, 0.0000000000000000E+000, 0.0000000000000000E+000, 0.0000000000000000E+000, 0.0000000000000000E+000, 4.5000000000000000E+008, 0.0000000000000000E+000, 0.0000000000000000E+000, 2.1999999880790710E-001,-9.0000000000000000E+000, 1.2000000476837158E-001,-9.0000000000000000E+000, 7.0000000298023224E-002,-9.0000000000000000E+000, 4.9999997019767761E-002,-9.0000000000000000E+000,-9.0000000000000000E+000, 0.0000000000000000E+000
before,1,3,3,5,1,0, 5.0000000000000000E-001, 1.1319999694824219E+000, 3.1100000000000000E+002, 2.6000000000000000E+002, 0.0000000000000000E+000, 0.0000000000000000E+000, 0.0000000000000000E+000, 0.0000000000000000E+000, 8.2499999552965164E-003, 1.9789866200881079E-005, 1.1873921175720170E-004, 2.9684802939300425E-005, 7.9159464803524315E-005, 1.3852906704414636E-004, 1.5831892960704863E-004, 1.1010169677734375E+003, 8.2576281738281250E+002, 1.8350285644531250E+003, 5.5050854492187500E+003, 2.5690397949218750E+003, 1.5841971435546875E+003, 4.5000000000000000E+008, 3.6941085568287235E-007, 2.2779701680519793E-007, 2.3000000417232513E-001,-9.0000000000000000E+000, 1.2999999523162842E-001,-9.0000000000000000E+000, 7.9999998211860657E-002,-9.0000000000000000E+000, 5.9999998658895493E-002,-9.0000000000000000E+000,-9.0000000000000000E+000, 0.0000000000000000E+000
before,1,4,4,5,1,0, 5.0000000000000000E-001, 1.1380000114440918E+000, 3.1300000000000000E+002, 2.6000000000000000E+002, 3.6791596357943490E-005, 2.8395797926350497E-005, 1.8395798178971745E-005, 2.2395797714125365E-005, 8.2499999552965164E-003, 2.0989493350498378E-005, 4.3957970774499699E-005, 3.1385290640173480E-005, 5.2968480304116383E-005, 0.0000000000000000E+000, 0.0000000000000000E+000, 3.0000000000000000E+007, 8.0000000000000000E+004, 1.5000000000000000E+005, 6.0000000000000000E+004, 0.0000000000000000E+000, 0.0000000000000000E+000, 4.5000000000000000E+008, 0.0000000000000000E+000, 0.0000000000000000E+000, 2.4000000953674316E-001,-9.0000000000000000E+000, 1.4000000059604645E-001,-9.0000000000000000E+000, 9.0000003576278687E-002,-9.0000000000000000E+000, 7.0000000298023224E-002,-9.0000000000000000E+000,-9.0000000000000000E+000, 0.0000000000000000E+000
before,1,5,5,5,1,0, 5.0000000000000000E-001, 1.1440000534057617E+000, 3.1500000000000000E+002, 2.6000000000000000E+002, 0.0000000000000000E+000, 0.0000000000000000E+000, 0.0000000000000000E+000, 0.0000000000000000E+000, 8.2499999552965164E-003, 0.0000000000000000E+000, 0.0000000000000000E+000, 0.0000000000000000E+000, 0.0000000000000000E+000, 0.0000000000000000E+000, 0.0000000000000000E+000, 0.0000000000000000E+000, 0.0000000000000000E+000, 0.0000000000000000E+000, 0.0000000000000000E+000, 0.0000000000000000E+000, 0.0000000000000000E+000, 4.5000000000000000E+008, 0.0000000000000000E+000, 0.0000000000000000E+000, 2.5000000000000000E-001,-9.0000000000000000E+000, 1.5000000596046448E-001,-9.0000000000000000E+000, 9.9999994039535522E-002,-9.0000000000000000E+000, 7.9999998211860657E-002,-9.0000000000000000E+000,-9.0000000000000000E+000, 0.0000000000000000E+000
before,1,6,6,5,1,0, 5.0000000000000000E-001, 1.1499999761581421E+000, 3.1700000000000000E+002, 2.6000000000000000E+002, 0.0000000000000000E+000, 0.0000000000000000E+000, 0.0000000000000000E+000, 0.0000000000000000E+000, 8.2499999552965164E-003, 0.0000000000000000E+000, 4.4205069571034983E-005, 1.3261521417007316E-005, 3.0943549063522369E-005, 3.5364057112019509E-005, 2.6523042834014632E-005, 0.0000000000000000E+000, 1.3868736572265625E+003, 4.6229122924804688E+002, 9.7081152343750000E+003, 2.1336518554687500E+003, 9.7896960449218750E+002, 4.5000000000000000E+008, 6.8007800280156516E-008, 3.1203580164174127E-008, 2.5999999046325684E-001,-9.0000000000000000E+000, 1.5999999642372131E-001,-9.0000000000000000E+000, 1.0999999940395355E-001,-9.0000000000000000E+000, 8.9999996125698090E-002,-9.0000000000000000E+000,-9.0000000000000000E+000, 0.0000000000000000E+000
before,1,1,1,6,1,0, 5.0000000000000000E-001, 1.0850000381469727E+000, 3.2000000000000000E+002, 2.6000000000000000E+002, 0.0000000000000000E+000, 0.0000000000000000E+000, 0.0000000000000000E+000, 0.0000000000000000E+000, 8.3000008016824722E-003, 0.0000000000000000E+000, 0.0000000000000000E+000, 0.0000000000000000E+000, 0.0000000000000000E+000, 0.0000000000000000E+000, 0.0000000000000000E+000, 0.0000000000000000E+000, 0.0000000000000000E+000, 0.0000000000000000E+000, 0.0000000000000000E+000, 0.0000000000000000E+000, 0.0000000000000000E+000, 4.5000000000000000E+008, 0.0000000000000000E+000, 0.0000000000000000E+000, 2.1000000834465027E-001,-9.0000000000000000E+000, 1.0999999940395355E-001,-9.0000000000000000E+000, 6.0000002384185791E-002,-9.0000000000000000E+000, 3.9999999105930328E-002,-9.0000000000000000E+000,-9.0000000000000000E+000, 0.0000000000000000E+000
before,1,2,2,6,1,0, 5.0000000000000000E-001, 1.0910000801086426E+000, 3.2200000000000000E+002, 2.6000000000000000E+002, 0.0000000000000000E+000, 0.0000000000000000E+000, 0.0000000000000000E+000, 0.0000000000000000E+000, 8.3000008016824722E-003, 7.3012837674468756E-005, 1.4602567534893751E-004, 5.8410267229191959E-005, 1.1682053445838392E-004, 1.5576071746181697E-004, 1.0221797128906474E-004, 0.0000000000000000E+000, 0.0000000000000000E+000, 0.0000000000000000E+000, 0.0000000000000000E+000, 0.0000000000000000E+000, 0.0000000000000000E+000, 4.5000000000000000E+008, 0.0000000000000000E+000, 0.0000000000000000E+000, 2.1999999880790710E-001,-9.0000000000000000E+000, 1.2000000476837158E-001,-9.0000000000000000E+000, 7.0000000298023224E-002,-9.0000000000000000E+000, 4.9999997019767761E-002,-9.0000000000000000E+000,-9.0000000000000000E+000, 0.0000000000000000E+000
before,1,3,3,6,1,0, 5.0000000000000000E-001, 1.0970000028610229E+000, 3.2400000000000000E+002, 2.6000000000000000E+002, 0.0000000000000000E+000, 0.0000000000000000E+000, 0.0000000000000000E+000, 0.0000000000000000E+000, 8.3000008016824722E-003, 4.8675221478333697E-005, 2.9205135069787502E-004, 7.3012837674468756E-005, 1.9470088591333479E-004, 3.4072654671035707E-004, 3.8940177182666957E-004, 2.1682280273437500E+003, 1.5584229736328125E+003, 3.6137138671875000E+003, 1.0389485351562500E+004, 4.5682407226562500E+003, 2.9183947753906250E+003, 4.5000000000000000E+008, 8.5609684674636810E-007, 5.4691258810635190E-007, 2.3000000417232513E-001,-9.0000000000000000E+000, 1.2999999523162842E-001,-9.0000000000000000E+000, 7.9999998211860657E-002,-9.0000000000000000E+000, 5.9999998658895493E-002,-9.0000000000000000E+000,-9.0000000000000000E+000, 0.0000000000000000E+000
before,1,4,4,6,1,0, 5.0000000000000000E-001, 1.1030000448226929E+000, 3.2600000000000000E+002, 2.6000000000000000E+002, 3.7947011151118204E-005, 2.8973505322937854E-005, 1.8973505575559102E-005, 2.2973505110712722E-005, 8.3000008016824722E-003, 2.2433760022977367E-005, 4.9735044740373269E-005, 3.3407264709239826E-005, 5.7301280321553349E-005, 0.0000000000000000E+000, 0.0000000000000000E+000, 3.0000000000000000E+007, 8.0000000000000000E+004, 1.5000000000000000E+005, 6.0000000000000000E+004, 0.0000000000000000E+000, 0.0000000000000000E+000, 4.5000000000000000E+008, 0.0000000000000000E+000, 0.0000000000000000E+000, 2.4000000953674316E-001,-9.0000000000000000E+000, 1.4000000059604645E-001,-9.0000000000000000E+000, 9.0000003576278687E-002,-9.0000000000000000E+000, 7.0000000298023224E-002,-9.0000000000000000E+000,-9.0000000000000000E+000, 0.0000000000000000E+000
before,1,5,5,6,1,0, 5.0000000000000000E-001, 1.1090000867843628E+000, 3.2800000000000000E+002, 2.6000000000000000E+002, 0.0000000000000000E+000, 0.0000000000000000E+000, 0.0000000000000000E+000, 0.0000000000000000E+000, 8.3000008016824722E-003, 0.0000000000000000E+000, 9.9199998658150434E-004, 2.2399998852051795E-004, 7.0799997774884105E-004, 1.0619999375194311E-003, 1.2319999514147639E-003, 0.0000000000000000E+000, 1.7792819213867188E+002, 4.4641483306884766E+001, 1.2698907470703125E+003, 3.9684085083007812E+002, 2.6948211669921875E+002, 4.5000000000000000E+008, 2.2124997940409230E-006, 1.5024389767859248E-006, 2.5000000000000000E-001,-9.0000000000000000E+000, 1.5000000596046448E-001,-9.0000000000000000E+000, 9.9999994039535522E-002,-9.0000000000000000E+000, 7.9999998211860657E-002,-9.0000000000000000E+000,-9.0000000000000000E+000, 0.0000000000000000E+000
before,1,6,6,6,1,0, 5.0000000000000000E-001, 1.1150000095367432E+000, 3.3000000000000000E+002, 2.6000000000000000E+002, 0.0000000000000000E+000, 0.0000000000000000E+000, 0.0000000000000000E+000, 0.0000000000000000E+000, 8.3000008016824722E-003, 0.0000000000000000E+000, 0.0000000000000000E+000, 0.0000000000000000E+000, 0.0000000000000000E+000, 0.0000000000000000E+000, 0.0000000000000000E+000, 0.0000000000000000E+000, 0.0000000000000000E+000, 0.0000000000000000E+000, 0.0000000000000000E+000, 0.0000000000000000E+000, 0.0000000000000000E+000, 4.5000000000000000E+008, 0.0000000000000000E+000, 0.0000000000000000E+000, 2.5999999046325684E-001,-9.0000000000000000E+000, 1.5999999642372131E-001,-9.0000000000000000E+000, 1.0999999940395355E-001,-9.0000000000000000E+000, 8.9999996125698090E-002,-9.0000000000000000E+000,-9.0000000000000000E+000, 0.0000000000000000E+000
before,1,1,1,7,1,0, 5.0000000000000000E-001, 1.0499999523162842E+000, 3.3300000000000000E+002, 2.6000000000000000E+002, 0.0000000000000000E+000, 0.0000000000000000E+000, 0.0000000000000000E+000, 0.0000000000000000E+000, 8.3500007167458534E-003, 0.0000000000000000E+000, 0.0000000000000000E+000, 0.0000000000000000E+000, 0.0000000000000000E+000, 0.0000000000000000E+000, 0.0000000000000000E+000, 0.0000000000000000E+000, 0.0000000000000000E+000, 0.0000000000000000E+000, 0.0000000000000000E+000, 0.0000000000000000E+000, 0.0000000000000000E+000, 4.5000000000000000E+008, 0.0000000000000000E+000, 0.0000000000000000E+000, 2.1000000834465027E-001,-9.0000000000000000E+000, 1.0999999940395355E-001,-9.0000000000000000E+000, 6.0000002384185791E-002,-9.0000000000000000E+000, 3.9999999105930328E-002,-9.0000000000000000E+000,-9.0000000000000000E+000, 0.0000000000000000E+000
before,1,2,2,7,1,0, 5.0000000000000000E-001, 1.0559999942779541E+000, 3.3500000000000000E+002, 2.6000000000000000E+002, 0.0000000000000000E+000, 0.0000000000000000E+000, 0.0000000000000000E+000, 0.0000000000000000E+000, 8.3500007167458534E-003, 1.2529053492471576E-004, 2.5058106984943151E-004, 1.0023242793977261E-004, 2.0046485587954521E-004, 2.6728646480478346E-004, 1.7540674889460206E-004, 0.0000000000000000E+000, 0.0000000000000000E+000, 0.0000000000000000E+000, 0.0000000000000000E+000, 0.0000000000000000E+000, 0.0000000000000000E+000, 4.5000000000000000E+008, 0.0000000000000000E+000, 0.0000000000000000E+000, 2.1999999880790710E-001,-9.0000000000000000E+000, 1.2000000476837158E-001,-9.0000000000000000E+000, 7.0000000298023224E-002,-9.0000000000000000E+000, 4.9999997019767761E-002,-9.0000000000000000E+000,-9.0000000000000000E+000, 0.0000000000000000E+000
before,1,3,3,7,1,0, 5.0000000000000000E-001, 1.0619999170303345E+000, 3.3700000000000000E+002, 2.6000000000000000E+002, 0.0000000000000000E+000, 0.0000000000000000E+000, 0.0000000000000000E+000, 0.0000000000000000E+000, 8.3500007167458534E-003, 8.3527018432505429E-005, 5.0116213969886303E-004, 1.2529053492471576E-004, 3.3410807373002172E-004, 5.8468914357945323E-004, 6.6821614746004343E-004, 3.0250625000000000E+003, 2.0965598144531250E+003, 5.0417709960937500E+003, 1.3977064453125000E+004, 5.8099438476562500E+003, 3.8345854492187500E+003, 4.5000000000000000E+008, 1.3888103467252222E-006, 9.1662025170080597E-007, 2.3000000417232513E-001,-9.0000000000000000E+000, 1.2999999523162842E-001,-9.0000000000000000E+000, 7.9999998211860657E-002,-9.0000000000000000E+000, 5.9999998658895493E-002,-9.0000000000000000E+000,-9.0000000000000000E+000, 0.0000000000000000E+000
before,1,4,4,7,1,0, 5.0000000000000000E-001, 1.0679999589920044E+000, 3.3900000000000000E+002, 2.6000000000000000E+002, 3.9341080992016941E-005, 2.9670540243387222E-005, 1.9670540496008471E-005, 2.3670540031162091E-005, 8.3500007167458534E-003, 2.4176350052584894E-005, 5.6705401220824569E-005, 3.5846889659296721E-005, 6.2529055867344141E-005, 0.0000000000000000E+000, 0.0000000000000000E+000, 3.0000000000000000E+007, 8.0000000000000000E+004, 1.5000000000000000E+005, 6.0000000000000000E+004, 0.0000000000000000E+000, 0.0000000000000000E+000, 4.5000000000000000E+008, 0.0000000000000000E+000, 0.0000000000000000E+000, 2.4000000953674316E-001,-9.0000000000000000E+000, 1.4000000059604645E-001,-9.0000000000000000E+000, 9.0000003576278687E-002,-9.0000000000000000E+000, 7.0000000298023224E-002,-9.0000000000000000E+000,-9.0000000000000000E+000, 0.0000000000000000E+000
before,1,5,5,7,1,0, 5.0000000000000000E-001, 1.0740000009536743E+000, 3.4100000000000000E+002, 2.6000000000000000E+002, 0.0000000000000000E+000, 0.0000000000000000E+000, 0.0000000000000000E+000, 0.0000000000000000E+000, 8.3500007167458534E-003, 0.0000000000000000E+000, 1.0239999974146485E-003, 2.2799998987466097E-004, 7.2600005660206079E-004, 1.0890000266954303E-003, 1.2540000025182962E-003, 0.0000000000000000E+000, 1.5661637878417969E+002, 3.8746238708496094E+001, 1.1103857421875000E+003, 3.4699554443359375E+002, 2.3389498901367188E+002, 4.5000000000000000E+008, 2.2687499949824996E-006, 1.5292682746803621E-006, 2.5000000000000000E-001,-9.0000000000000000E+000, 1.5000000596046448E-001,-9.0000000000000000E+000, 9.9999994039535522E-002,-9.0000000000000000E+000, 7.9999998211860657E-002,-9.0000000000000000E+000,-9.0000000000000000E+000, 0.0000000000000000E+000
before,1,6,6,7,1,0, 5.0000000000000000E-001, 1.0799999237060547E+000, 3.4300000000000000E+002, 2.6000000000000000E+002, 0.0000000000000000E+000, 0.0000000000000000E+000, 0.0000000000000000E+000, 0.0000000000000000E+000, 8.3500007167458534E-003, 0.0000000000000000E+000, 9.2941154434811324E-005, 2.7882348149432801E-005, 6.5058804466389120E-005, 7.4352923547849059E-005, 5.5764696298865601E-005, 0.0000000000000000E+000, 1.4772867431640625E+003, 4.9242895507812500E+002, 1.0341006835937500E+004, 2.2727487792968750E+003, 1.0427906494140625E+003, 4.5000000000000000E+008, 1.4298639428034221E-007, 6.5605526344825194E-008, 2.5999999046325684E-001,-9.0000000000000000E+000, 1.5999999642372131E-001,-9.0000000000000000E+000, 1.0999999940395355E-001,-9.0000000000000000E+000, 8.9999996125698090E-002,-9.0000000000000000E+000,-9.0000000000000000E+000, 0.0000000000000000E+000
before,1,1,1,8,1,0, 5.0000000000000000E-001, 1.0149999856948853E+000, 3.4600000000000000E+002, 2.6000000000000000E+002, 0.0000000000000000E+000, 0.0000000000000000E+000, 0.0000000000000000E+000, 0.0000000000000000E+000, 8.4000006318092346E-003, 0.0000000000000000E+000, 0.0000000000000000E+000, 0.0000000000000000E+000, 0.0000000000000000E+000, 0.0000000000000000E+000, 0.0000000000000000E+000, 0.0000000000000000E+000, 0.0000000000000000E+000, 0.0000000000000000E+000, 0.0000000000000000E+000, 0.0000000000000000E+000, 0.0000000000000000E+000, 4.5000000000000000E+008, 0.0000000000000000E+000, 0.0000000000000000E+000, 2.1000000834465027E-001,-9.0000000000000000E+000, 1.0999999940395355E-001,-9.0000000000000000E+000, 6.0000002384185791E-002,-9.0000000000000000E+000, 3.9999999105930328E-002,-9.0000000000000000E+000,-9.0000000000000000E+000, 0.0000000000000000E+000
before,1,2,2,8,1,0, 5.0000000000000000E-001, 1.0210000276565552E+000, 3.4800000000000000E+002, 2.6000000000000000E+002, 0.0000000000000000E+000, 0.0000000000000000E+000, 0.0000000000000000E+000, 0.0000000000000000E+000, 8.4000006318092346E-003, 1.5000000712461770E-004, 3.0000001424923539E-004, 1.1999999696854502E-004, 2.3999999393709004E-004, 3.1999999191612005E-004, 2.0999999833293259E-004, 0.0000000000000000E+000, 0.0000000000000000E+000, 0.0000000000000000E+000, 0.0000000000000000E+000, 0.0000000000000000E+000, 0.0000000000000000E+000, 4.5000000000000000E+008, 0.0000000000000000E+000, 0.0000000000000000E+000, 2.1999999880790710E-001,-9.0000000000000000E+000, 1.2000000476837158E-001,-9.0000000000000000E+000, 7.0000000298023224E-002,-9.0000000000000000E+000, 4.9999997019767761E-002,-9.0000000000000000E+000,-9.0000000000000000E+000, 0.0000000000000000E+000
before,1,3,3,8,1,0, 5.0000000000000000E-001, 1.0269999504089355E+000, 3.5000000000000000E+002, 2.6000000000000000E+002, 0.0000000000000000E+000, 0.0000000000000000E+000, 0.0000000000000000E+000, 0.0000000000000000E+000, 8.4000006318092346E-003, 9.9999997473787516E-005, 6.0000002849847078E-004, 1.5000000712461770E-004, 3.9999998989515007E-004, 6.9999997504055500E-004, 7.9999997979030013E-004, 2.9841540527343750E+003, 2.0040944824218750E+003, 4.9735908203125000E+003, 1.3360627929687500E+004, 5.2660136718750000E+003, 3.5819379882812500E+003, 4.5000000000000000E+008, 1.5765765510877827E-006, 1.0723859986683237E-006, 2.3000000417232513E-001,-9.0000000000000000E+000, 1.2999999523162842E-001,-9.0000000000000000E+000, 7.9999998211860657E-002,-9.0000000000000000E+000, 5.9999998658895493E-002,-9.0000000000000000E+000,-9.0000000000000000E+000, 0.0000000000000000E+000
before,1,4,4,8,1,0, 5.0000000000000000E-001, 1.0329999923706055E+000, 3.5200000000000000E+002, 2.6000000000000000E+002, 4.0000002627493814E-005, 3.0000001061125658E-005, 2.0000001313746907E-005, 2.4000000848900527E-005, 8.4000006318092346E-003, 2.4999999368446879E-005, 5.9999998484272510E-005, 3.6999997973907739E-005, 6.5000000176951289E-005, 0.0000000000000000E+000, 0.0000000000000000E+000, 3.0000000000000000E+007, 8.0000000000000000E+004, 1.5000000000000000E+005, 6.0000000000000000E+004, 0.0000000000000000E+000, 0.0000000000000000E+000, 4.5000000000000000E+008, 0.0000000000000000E+000, 0.0000000000000000E+000, 2.4000000953674316E-001,-9.0000000000000000E+000, 1.4000000059604645E-001,-9.0000000000000000E+000, 9.0000003576278687E-002,-9.0000000000000000E+000, 7.0000000298023224E-002,-9.0000000000000000E+000,-9.0000000000000000E+000, 0.0000000000000000E+000
before,1,5,5,8,1,0, 5.0000000000000000E-001, 1.0390000343322754E+000, 3.5400000000000000E+002, 2.6000000000000000E+002, 0.0000000000000000E+000, 0.0000000000000000E+000, 0.0000000000000000E+000, 0.0000000000000000E+000, 8.4000006318092346E-003, 0.0000000000000000E+000, 1.0559998918324709E-003, 2.3199999122880399E-004, 7.4400001903995872E-004, 1.1159999994561076E-003, 1.2759999372065067E-003, 0.0000000000000000E+000, 1.3883393859863281E+002, 3.3890441894531250E+001, 9.7814831542968750E+002, 3.0567132568359375E+002, 2.0458253479003906E+002, 4.5000000000000000E+008, 2.3249999685504008E-006, 1.5560974588879617E-006, 2.5000000000000000E-001,-9.0000000000000000E+000, 1.5000000596046448E-001,-9.0000000000000000E+000, 9.9999994039535522E-002,-9.0000000000000000E+000, 7.9999998211860657E-002,-9.0000000000000000E+000,-9.0000000000000000E+000, 0.0000000000000000E+000
before,1,6,6,8,1,0, 5.0000000000000000E-001, 1.0449999570846558E+000, 3.5600000000000000E+002, 2.6000000000000000E+002, 0.0000000000000000E+000, 0.0000000000000000E+000, 0.0000000000000000E+000, 0.0000000000000000E+000, 8.4000006318092346E-003, 0.0000000000000000E+000, 1.3476469030138105E-004, 4.0429407818010077E-005, 9.4335278845392168E-005, 1.0781175660667941E-004, 8.0858815636020154E-005, 0.0000000000000000E+000, 1.5246799316406250E+003, 5.0822665405273438E+002, 1.0672759765625000E+004, 2.3456616210937500E+003, 1.0762446289062500E+003, 4.5000000000000000E+008, 2.0733030225983384E-007, 9.5128015686896106E-008, 2.5999999046325684E-001,-9.0000000000000000E+000, 1.5999999642372131E-001,-9.0000000000000000E+000, 1.0999999940395355E-001,-9.0000000000000000E+000, 8.9999996125698090E-002,-9.0000000000000000E+000,-9.0000000000000000E+000, 0.0000000000000000E+000
before,1,1,1,9,1,0, 5.0000000000000000E-001, 9.8000001907348633E-001, 3.5900000000000000E+002, 2.6000000000000000E+002, 0.0000000000000000E+000, 0.0000000000000000E+000, 0.0000000000000000E+000, 0.0000000000000000E+000, 8.4500005468726158E-003, 0.0000000000000000E+000, 0.0000000000000000E+000, 0.0000000000000000E+000, 0.0000000000000000E+000, 0.0000000000000000E+000, 0.0000000000000000E+000, 0.0000000000000000E+000, 0.0000000000000000E+000, 0.0000000000000000E+000, 0.0000000000000000E+000, 0.0000000000000000E+000, 0.0000000000000000E+000, 4.5000000000000000E+008, 0.0000000000000000E+000, 0.0000000000000000E+000, 2.1000000834465027E-001,-9.0000000000000000E+000, 1.0999999940395355E-001,-9.0000000000000000E+000, 6.0000002384185791E-002,-9.0000000000000000E+000, 3.9999999105930328E-002,-9.0000000000000000E+000,-9.0000000000000000E+000, 0.0000000000000000E+000
before,1,2,2,9,1,0, 5.0000000000000000E-001, 9.8600000143051147E-001, 3.6100000000000000E+002, 2.6000000000000000E+002, 0.0000000000000000E+000, 0.0000000000000000E+000, 0.0000000000000000E+000, 0.0000000000000000E+000, 8.4500005468726158E-003, 1.2529053492471576E-004, 2.5058106984943151E-004, 1.0023242793977261E-004, 2.0046485587954521E-004, 2.6728646480478346E-004, 1.7540674889460206E-004, 0.0000000000000000E+000, 0.0000000000000000E+000, 0.0000000000000000E+000, 0.0000000000000000E+000, 0.0000000000000000E+000, 0.0000000000000000E+000, 4.5000000000000000E+008, 0.0000000000000000E+000, 0.0000000000000000E+000, 2.1999999880790710E-001,-9.0000000000000000E+000, 1.2000000476837158E-001,-9.0000000000000000E+000, 7.0000000298023224E-002,-9.0000000000000000E+000, 4.9999997019767761E-002,-9.0000000000000000E+000,-9.0000000000000000E+000, 0.0000000000000000E+000
before,1,3,3,9,1,0, 5.0000000000000000E-001, 9.9200004339218140E-001, 3.6300000000000000E+002, 2.6000000000000000E+002, 0.0000000000000000E+000, 0.0000000000000000E+000, 0.0000000000000000E+000, 0.0000000000000000E+000, 8.4500005468726158E-003, 8.3527018432505429E-005, 5.0116213969886303E-004, 1.2529053492471576E-004, 3.3410807373002172E-004, 5.8468914357945323E-004, 6.6821614746004343E-004, 2.0780759277343750E+003, 1.3577175292968750E+003, 3.4634602050781250E+003, 9.0514501953125000E+003, 3.3918708496093750E+003, 2.3725947265625000E+003, 4.5000000000000000E+008, 1.2520109748948016E-006, 8.7577478780076490E-007, 2.3000000417232513E-001,-9.0000000000000000E+000, 1.2999999523162842E-001,-9.0000000000000000E+000, 7.9999998211860657E-002,-9.0000000000000000E+000, 5.9999998658895493E-002,-9.0000000000000000E+000,-9.0000000000000000E+000, 0.0000000000000000E+000
before,1,4,4,9,1,0, 5.0000000000000000E-001, 9.9800002574920654E-001, 3.6500000000000000E+002, 2.6000000000000000E+002, 3.9341080992016941E-005, 2.9670540243387222E-005, 1.9670540496008471E-005, 2.3670540031162091E-005, 8.4500005468726158E-003, 2.4176350052584894E-005, 5.6705401220824569E-005, 3.5846889659296721E-005, 6.2529055867344141E-005, 0.0000000000000000E+000, 0.0000000000000000E+000, 3.0000000000000000E+007, 8.0000000000000000E+004, 1.5000000000000000E+005, 6.0000000000000000E+004, 0.0000000000000000E+000, 0.0000000000000000E+000, 4.5000000000000000E+008, 0.0000000000000000E+000, 0.0000000000000000E+000, 2.4000000953674316E-001,-9.0000000000000000E+000, 1.4000000059604645E-001,-9.0000000000000000E+000, 9.0000003576278687E-002,-9.0000000000000000E+000, 7.0000000298023224E-002,-9.0000000000000000E+000,-9.0000000000000000E+000, 0.0000000000000000E+000
before,1,5,5,9,1,0, 5.0000000000000000E-001, 1.0040000677108765E+000, 3.6700000000000000E+002, 2.6000000000000000E+002, 0.0000000000000000E+000, 0.0000000000000000E+000, 0.0000000000000000E+000, 0.0000000000000000E+000, 8.4500005468726158E-003, 0.0000000000000000E+000, 1.0880000190809369E-003, 2.3599997803103179E-004, 7.6200003968551755E-004, 1.1429999722167850E-003, 1.2979999883100390E-003, 0.0000000000000000E+000, 1.2385405731201172E+002, 2.9850440979003906E+001, 8.6743371582031250E+002, 2.7107302856445312E+002, 1.8019476318359375E+002, 4.5000000000000000E+008, 2.3812499421183020E-006, 1.5829268704692367E-006, 2.5000000000000000E-001,-9.0000000000000000E+000, 1.5000000596046448E-001,-9.0000000000000000E+000, 9.9999994039535522E-002,-9.0000000000000000E+000, 7.9999998211860657E-002,-9.0000000000000000E+000,-9.0000000000000000E+000, 0.0000000000000000E+000
before,1,6,6,9,1,0, 5.0000000000000000E-001, 1.0099999904632568E+000, 3.6900000000000000E+002, 2.6000000000000000E+002, 0.0000000000000000E+000, 0.0000000000000000E+000, 0.0000000000000000E+000, 0.0000000000000000E+000, 8.4500005468726158E-003, 0.0000000000000000E+000, 0.0000000000000000E+000, 0.0000000000000000E+000, 0.0000000000000000E+000, 0.0000000000000000E+000, 0.0000000000000000E+000, 0.0000000000000000E+000, 0.0000000000000000E+000, 0.0000000000000000E+000, 0.0000000000000000E+000, 0.0000000000000000E+000, 0.0000000000000000E+000, 4.5000000000000000E+008, 0.0000000000000000E+000, 0.0000000000000000E+000, 2.5999999046325684E-001,-9.0000000000000000E+000, 1.5999999642372131E-001,-9.0000000000000000E+000, 1.0999999940395355E-001,-9.0000000000000000E+000, 8.9999996125698090E-002,-9.0000000000000000E+000,-9.0000000000000000E+000, 0.0000000000000000E+000
before,1,1,1,10,1,0, 5.0000000000000000E-001, 9.4499999284744263E-001, 3.7200000000000000E+002, 2.6000000000000000E+002, 0.0000000000000000E+000, 0.0000000000000000E+000, 0.0000000000000000E+000, 0.0000000000000000E+000, 8.5000004619359970E-003, 0.0000000000000000E+000, 0.0000000000000000E+000, 0.0000000000000000E+000, 0.0000000000000000E+000, 0.0000000000000000E+000, 0.0000000000000000E+000, 0.0000000000000000E+000, 0.0000000000000000E+000, 0.0000000000000000E+000, 0.0000000000000000E+000, 0.0000000000000000E+000, 0.0000000000000000E+000, 4.5000000000000000E+008, 0.0000000000000000E+000, 0.0000000000000000E+000, 2.1000000834465027E-001,-9.0000000000000000E+000, 1.0999999940395355E-001,-9.0000000000000000E+000, 6.0000002384185791E-002,-9.0000000000000000E+000, 3.9999999105930328E-002,-9.0000000000000000E+000,-9.0000000000000000E+000, 0.0000000000000000E+000
before,1,2,2,10,1,0, 5.0000000000000000E-001, 9.5099997520446777E-001, 3.7400000000000000E+002, 2.6000000000000000E+002, 0.0000000000000000E+000, 0.0000000000000000E+000, 0.0000000000000000E+000, 0.0000000000000000E+000, 8.5000004619359970E-003, 7.3012837674468756E-005, 1.4602567534893751E-004, 5.8410267229191959E-005, 1.1682053445838392E-004, 1.5576071746181697E-004, 1.0221797128906474E-004, 0.0000000000000000E+000, 0.0000000000000000E+000, 0.0000000000000000E+000, 0.0000000000000000E+000, 0.0000000000000000E+000, 0.0000000000000000E+000, 4.5000000000000000E+008, 0.0000000000000000E+000, 0.0000000000000000E+000, 2.1999999880790710E-001,-9.0000000000000000E+000, 1.2000000476837158E-001,-9.0000000000000000E+000, 7.0000000298023224E-002,-9.0000000000000000E+000, 4.9999997019767761E-002,-9.0000000000000000E+000,-9.0000000000000000E+000, 0.0000000000000000E+000
before,1,3,3,10,1,0, 5.0000000000000000E-001, 9.5700001716613770E-001, 3.7600000000000000E+002, 2.6000000000000000E+002, 0.0000000000000000E+000, 0.0000000000000000E+000, 0.0000000000000000E+000, 0.0000000000000000E+000, 8.5000004619359970E-003, 4.8675221478333697E-005, 2.9205135069787502E-004, 7.3012837674468756E-005, 1.9470088591333479E-004, 3.4072654671035707E-004, 3.8940177182666957E-004, 1.0201677246093750E+003, 6.5056347656250000E+002, 1.7002796630859375E+003, 4.3370893554687500E+003, 1.5489605712890625E+003, 1.1120742187500000E+003, 4.5000000000000000E+008, 6.9536031332972925E-007, 4.9923306733035133E-007, 2.3000000417232513E-001,-9.0000000000000000E+000, 1.2999999523162842E-001,-9.0000000000000000E+000, 7.9999998211860657E-002,-9.0000000000000000E+000, 5.9999998658895493E-002,-9.0000000000000000E+000,-9.0000000000000000E+000, 0.0000000000000000E+000
before,1,4,4,10,1,0, 5.0000000000000000E-001, 9.6299999952316284E-001, 3.7800000000000000E+002, 2.6000000000000000E+002, 3.7947011151118204E-005, 2.8973505322937854E-005, 1.8973505575559102E-005, 2.2973505110712722E-005, 8.5000004619359970E-003, 2.2433760022977367E-005, 4.9735044740373269E-005, 3.3407264709239826E-005, 5.7301280321553349E-005, 0.0000000000000000E+000, 0.0000000000000000E+000, 3.0000000000000000E+007, 8.0000000000000000E+004, 1.5000000000000000E+005, 6.0000000000000000E+004, 0.0000000000000000E+000, 0.0000000000000000E+000, 4.5000000000000000E+008, 0.0000000000000000E+000, 0.0000000000000000E+000, 2.4000000953674316E-001,-9.0000000000000000E+000, 1.4000000059604645E-001,-9.0000000000000000E+000, 9.0000003576278687E-002,-9.0000000000000000E+000, 7.0000000298023224E-002,-9.0000000000000000E+000,-9.0000000000000000E+000, 0.0000000000000000E+000
before,1,5,5,10,1,0, 5.0000000000000000E-001, 9.6899998188018799E-001, 3.8000000000000000E+002, 2.6000000000000000E+002, 0.0000000000000000E+000, 0.0000000000000000E+000, 0.0000000000000000E+000, 0.0000000000000000E+000, 8.5000004619359970E-003, 0.0000000000000000E+000, 1.1199999134987593E-003, 2.4000000848900527E-004, 7.8000000212341547E-004, 1.1699999449774623E-003, 1.3200000394135714E-003, 0.0000000000000000E+000, 1.1112578582763672E+002, 2.6458522796630859E+001, 7.7391174316406250E+002, 2.4184739685058594E+002, 1.5971913146972656E+002, 4.5000000000000000E+008, 2.4374999156862032E-006, 1.6097561683636741E-006, 2.5000000000000000E-001,-9.0000000000000000E+000, 1.5000000596046448E-001,-9.0000000000000000E+000, 9.9999994039535522E-002,-9.0000000000000000E+000, 7.9999998211860657E-002,-9.0000000000000000E+000,-9.0000000000000000E+000, 0.0000000000000000E+000
before,1,6,6,10,1,0, 5.0000000000000000E-001, 9.7500002384185791E-001, 3.8200000000000000E+002, 2.6000000000000000E+002, 0.0000000000000000E+000, 0.0000000000000000E+000, 0.0000000000000000E+000, 0.0000000000000000E+000, 8.5000004619359970E-003, 0.0000000000000000E+000, 2.8334278613328934E-004, 8.5002837295178324E-005, 1.9833994156215340E-004, 2.2667423763778061E-004, 1.7000567459035665E-004, 0.0000000000000000E+000, 1.6240766601562500E+003, 5.4135894775390625E+002, 1.1368537109375000E+004, 2.4985795898437500E+003, 1.1464071044921875E+003, 4.5000000000000000E+008, 4.3591199982984108E-007, 2.0000668143893563E-007, 2.5999999046325684E-001,-9.0000000000000000E+000, 1.5999999642372131E-001,-9.0000000000000000E+000, 1.0999999940395355E-001,-9.0000000000000000E+000, 8.9999996125698090E-002,-9.0000000000000000E+000,-9.0000000000000000E+000, 0.0000000000000000E+000
before,1,1,1,11,1,0, 5.0000000000000000E-001, 9.0999996662139893E-001, 3.8500000000000000E+002, 2.6000000000000000E+002, 0.0000000000000000E+000, 0.0000000000000000E+000, 0.0000000000000000E+000, 0.0000000000000000E+000, 8.5500003769993782E-003, 0.0000000000000000E+000, 0.0000000000000000E+000, 0.0000000000000000E+000, 0.0000000000000000E+000, 0.0000000000000000E+000, 0.0000000000000000E+000, 0.0000000000000000E+000, 0.0000000000000000E+000, 0.0000000000000000E+000, 0.0000000000000000E+000, 0.0000000000000000E+000, 0.0000000000000000E+000, 4.5000000000000000E+008, 0.0000000000000000E+000, 0.0000000000000000E+000, 2.1000000834465027E-001,-9.0000000000000000E+000, 1.0999999940395355E-001,-9.0000000000000000E+000, 6.0000002384185791E-002,-9.0000000000000000E+000, 3.9999999105930328E-002,-9.0000000000000000E+000,-9.0000000000000000E+000, 0.0000000000000000E+000
before,1,2,2,11,1,0, 5.0000000000000000E-001, 9.1599994897842407E-001, 3.8700000000000000E+002, 2.6000000000000000E+002, 0.0000000000000000E+000, 0.0000000000000000E+000, 0.0000000000000000E+000, 0.0000000000000000E+000, 8.5500003769993782E-003, 2.9684802939300425E-005, 5.9369605878600851E-005, 2.3747839804855175E-005, 4.7495679609710351E-005, 6.3327570387627929E-005, 4.1558720113243908E-005, 0.0000000000000000E+000, 0.0000000000000000E+000, 0.0000000000000000E+000, 0.0000000000000000E+000, 0.0000000000000000E+000, 0.0000000000000000E+000, 4.5000000000000000E+008, 0.0000000000000000E+000, 0.0000000000000000E+000, 2.1999999880790710E-001,-9.0000000000000000E+000, 1.2000000476837158E-001,-9.0000000000000000E+000, 7.0000000298023224E-002,-9.0000000000000000E+000, 4.9999997019767761E-002,-9.0000000000000000E+000,-9.0000000000000000E+000, 0.0000000000000000E+000
before,1,3,3,11,1,0, 5.0000000000000000E-001, 9.2199999094009399E-001, 3.8900000000000000E+002, 2.6000000000000000E+002, 0.0000000000000000E+000, 0.0000000000000000E+000, 0.0000000000000000E+000, 0.0000000000000000E+000, 8.5500003769993782E-003, 1.9789866200881079E-005, 1.1873921175720170E-004, 2.9684802939300425E-005, 7.9159464803524315E-005, 1.3852906704414636E-004, 1.5831892960704863E-004, 3.5266567993164062E+002, 2.2010565185546875E+002, 5.8777618408203125E+002, 1.4673707275390625E+003, 5.0056509399414062E+002, 3.6822351074218750E+002, 4.5000000000000000E+008, 2.7003716240869835E-007, 1.9864357625465345E-007, 2.3000000417232513E-001,-9.0000000000000000E+000, 1.2999999523162842E-001,-9.0000000000000000E+000, 7.9999998211860657E-002,-9.0000000000000000E+000, 5.9999998658895493E-002,-9.0000000000000000E+000,-9.0000000000000000E+000, 0.0000000000000000E+000
before,1,4,4,11,1,0, 5.0000000000000000E-001, 9.2799997329711914E-001, 3.9100000000000000E+002, 2.6000000000000000E+002, 3.6791596357943490E-005, 2.8395797926350497E-005, 1.8395798178971745E-005, 2.2395797714125365E-005, 8.5500003769993782E-003, 2.0989493350498378E-005, 4.3957970774499699E-005, 3.1385290640173480E-005, 5.2968480304116383E-005, 0.0000000000000000E+000, 0.0000000000000000E+000, 3.0000000000000000E+007, 8.0000000000000000E+004, 1.5000000000000000E+005, 6.0000000000000000E+004, 0.0000000000000000E+000, 0.0000000000000000E+000, 4.5000000000000000E+008, 0.0000000000000000E+000, 0.0000000000000000E+000, 2.4000000953674316E-001,-9.0000000000000000E+000, 1.4000000059604645E-001,-9.0000000000000000E+000, 9.0000003576278687E-002,-9.0000000000000000E+000, 7.0000000298023224E-002,-9.0000000000000000E+000,-9.0000000000000000E+000, 0.0000000000000000E+000
before,1,5,5,11,1,0, 5.0000000000000000E-001, 9.3399995565414429E-001, 3.9300000000000000E+002, 2.6000000000000000E+002, 0.0000000000000000E+000, 0.0000000000000000E+000, 0.0000000000000000E+000, 0.0000000000000000E+000, 8.5500003769993782E-003, 0.0000000000000000E+000, 1.1520000407472253E-003, 2.4399999529123306E-004, 7.9799996456131339E-004, 1.1969999177381396E-003, 1.3419999741017818E-003, 0.0000000000000000E+000, 1.0022580718994141E+002, 2.3587091445922852E+001, 6.9427246093750000E+002, 2.1696015930175781E+002, 1.4238549804687500E+002, 4.5000000000000000E+008, 2.4937498892541043E-006, 1.6365853525712737E-006, 2.5000000000000000E-001,-9.0000000000000000E+000, 1.5000000596046448E-001,-9.0000000000000000E+000, 9.9999994039535522E-002,-9.0000000000000000E+000, 7.9999998211860657E-002,-9.0000000000000000E+000,-9.0000000000000000E+000, 0.0000000000000000E+000
before,1,6,6,11,1,0, 5.0000000000000000E-001, 9.3999993801116943E-001, 3.9500000000000000E+002, 2.6000000000000000E+002, 0.0000000000000000E+000, 0.0000000000000000E+000, 0.0000000000000000E+000, 0.0000000000000000E+000, 8.5500003769993782E-003, 0.0000000000000000E+000, 4.1084704571403563E-004, 1.2325412535574287E-004, 2.8759293491020799E-004, 3.2867764821276069E-004, 2.4650825071148574E-004, 0.0000000000000000E+000, 1.6761793212890625E+003, 5.5872650146484375E+002, 1.1733255859375000E+004, 2.5787375488281250E+003, 1.1831855468750000E+003, 4.5000000000000000E+008, 6.3207238554241485E-007, 2.9000969448134128E-007, 2.5999999046325684E-001,-9.0000000000000000E+000, 1.5999999642372131E-001,-9.0000000000000000E+000, 1.0999999940395355E-001,-9.0000000000000000E+000, 8.9999996125698090E-002,-9.0000000000000000E+000,-9.0000000000000000E+000, 0.0000000000000000E+000
before,1,1,1,12,1,0, 5.0000000000000000E-001, 8.7500000000000000E-001, 3.9800000000000000E+002, 2.6000000000000000E+002, 0.0000000000000000E+000, 0.0000000000000000E+000, 0.0000000000000000E+000, 0.0000000000000000E+000, 8.6000002920627594E-003, 0.0000000000000000E+000, 0.0000000000000000E+000, 0.0000000000000000E+000, 0.0000000000000000E+000, 0.0000000000000000E+000, 0.0000000000000000E+000, 0.0000000000000000E+000, 0.0000000000000000E+000, 0.0000000000000000E+000, 0.0000000000000000E+000, 0.0000000000000000E+000, 0.0000000000000000E+000, 4.5000000000000000E+008, 0.0000000000000000E+000, 0.0000000000000000E+000, 2.1000000834465027E-001,-9.0000000000000000E+000, 1.0999999940395355E-001,-9.0000000000000000E+000, 6.0000002384185791E-002,-9.0000000000000000E+000, 3.9999999105930328E-002,-9.0000000000000000E+000,-9.0000000000000000E+000, 0.0000000000000000E+000
before,1,2,2,12,1,0, 5.0000000000000000E-001, 8.8099998235702515E-001, 4.0000000000000000E+002, 2.6000000000000000E+002, 0.0000000000000000E+000, 0.0000000000000000E+000, 0.0000000000000000E+000, 0.0000000000000000E+000, 8.6000002920627594E-003, 8.4202138168620877E-006, 1.6840427633724175E-005, 6.7361706896917894E-006, 1.3472341379383579E-005, 1.7963122445507906E-005, 1.1788299161707982E-005, 0.0000000000000000E+000, 0.0000000000000000E+000, 0.0000000000000000E+000, 0.0000000000000000E+000, 0.0000000000000000E+000, 0.0000000000000000E+000, 4.5000000000000000E+008, 0.0000000000000000E+000, 0.0000000000000000E+000, 2.1999999880790710E-001,-9.0000000000000000E+000, 1.2000000476837158E-001,-9.0000000000000000E+000, 7.0000000298023224E-002,-9.0000000000000000E+000, 4.9999997019767761E-002,-9.0000000000000000E+000,-9.0000000000000000E+000, 0.0000000000000000E+000
before,1,3,3,12,1,0, 5.0000000000000000E-001, 8.8700002431869507E-001, 4.0200000000000000E+002, 2.6000000000000000E+002, 0.0000000000000000E+000, 0.0000000000000000E+000, 0.0000000000000000E+000, 0.0000000000000000E+000, 8.6000002920627594E-003, 5.6134754231607076E-006, 3.3680855267448351E-005, 8.4202138168620877E-006, 2.2453901692642830E-005, 3.9294329326367006E-005, 4.4907803385285661E-005, 8.5767562866210938E+001, 5.2508903503417969E+001, 1.4294593811035156E+002, 3.5005932617187500E+002, 1.1429176330566406E+002, 8.6009674072265625E+001, 4.5000000000000000E+008, 7.3310317816321913E-008, 5.5169291357515249E-008, 2.3000000417232513E-001,-9.0000000000000000E+000, 1.2999999523162842E-001,-9.0000000000000000E+000, 7.9999998211860657E-002,-9.0000000000000000E+000, 5.9999998658895493E-002,-9.0000000000000000E+000,-9.0000000000000000E+000, 0.0000000000000000E+000
before,1,4,4,12,1,0, 5.0000000000000000E-001, 8.9300000667572021E-001, 4.0400000000000000E+002, 2.6000000000000000E+002, 3.6224540963303298E-005, 2.8112270229030401E-005, 1.8112270481651649E-005, 2.2112270016805269E-005, 8.6000002920627594E-003, 2.0280673197703436E-005, 4.1122693801298738E-005, 3.0392942790058441E-005, 5.0842019845731556E-005, 0.0000000000000000E+000, 0.0000000000000000E+000, 3.0000000000000000E+007, 8.0000000000000000E+004, 1.5000000000000000E+005, 6.0000000000000000E+004, 0.0000000000000000E+000, 0.0000000000000000E+000, 4.5000000000000000E+008, 0.0000000000000000E+000, 0.0000000000000000E+000, 2.4000000953674316E-001,-9.0000000000000000E+000, 1.4000000059604645E-001,-9.0000000000000000E+000, 9.0000003576278687E-002,-9.0000000000000000E+000, 7.0000000298023224E-002,-9.0000000000000000E+000,-9.0000000000000000E+000, 0.0000000000000000E+000
before,1,5,5,12,1,0, 5.0000000000000000E-001, 8.9899998903274536E-001, 4.0600000000000000E+002, 2.6000000000000000E+002, 0.0000000000000000E+000, 0.0000000000000000E+000, 0.0000000000000000E+000, 0.0000000000000000E+000, 8.6000002920627594E-003, 0.0000000000000000E+000, 1.1839999351650476E-003, 2.4799999664537609E-004, 8.1600004341453314E-004, 1.2240000069141388E-003, 1.3640000252053142E-003, 0.0000000000000000E+000, 9.0824775695800781E+001, 2.1137899398803711E+001, 6.2595458984375000E+002, 1.9561080932617188E+002, 1.2760073852539062E+002, 4.5000000000000000E+008, 2.5500000901956810E-006, 1.6634146504657110E-006, 2.5000000000000000E-001,-9.0000000000000000E+000, 1.5000000596046448E-001,-9.0000000000000000E+000, 9.9999994039535522E-002,-9.0000000000000000E+000, 7.9999998211860657E-002,-9.0000000000000000E+000,-9.0000000000000000E+000, 0.0000000000000000E+000
before,1,6,6,12,1,0, 5.0000000000000000E-001, 9.0499997138977051E-001, 4.0800000000000000E+002, 2.6000000000000000E+002, 0.0000000000000000E+000, 0.0000000000000000E+000, 0.0000000000000000E+000, 0.0000000000000000E+000, 8.6000002920627594E-003, 0.0000000000000000E+000, 0.0000000000000000E+000, 0.0000000000000000E+000, 0.0000000000000000E+000, 0.0000000000000000E+000, 0.0000000000000000E+000, 0.0000000000000000E+000, 0.0000000000000000E+000, 0.0000000000000000E+000, 0.0000000000000000E+000, 0.0000000000000000E+000, 0.0000000000000000E+000, 4.5000000000000000E+008, 0.0000000000000000E+000, 0.0000000000000000E+000, 2.5999999046325684E-001,-9.0000000000000000E+000, 1.5999999642372131E-001,-9.0000000000000000E+000, 1.0999999940395355E-001,-9.0000000000000000E+000, 8.9999996125698090E-002,-9.0000000000000000E+000,-9.0000000000000000E+000, 0.0000000000000000E+000
before,1,1,1,13,1,0, 5.0000000000000000E-001, 8.3999997377395630E-001, 4.1100000000000000E+002, 2.6000000000000000E+002, 0.0000000000000000E+000, 0.0000000000000000E+000, 0.0000000000000000E+000, 0.0000000000000000E+000, 8.6500002071261406E-003, 0.0000000000000000E+000, 0.0000000000000000E+000, 0.0000000000000000E+000, 0.0000000000000000E+000, 0.0000000000000000E+000, 0.0000000000000000E+000, 0.0000000000000000E+000, 0.0000000000000000E+000, 0.0000000000000000E+000, 0.0000000000000000E+000, 0.0000000000000000E+000, 0.0000000000000000E+000, 4.5000000000000000E+008, 0.0000000000000000E+000, 0.0000000000000000E+000, 2.1000000834465027E-001,-9.0000000000000000E+000, 1.0999999940395355E-001,-9.0000000000000000E+000, 6.0000002384185791E-002,-9.0000000000000000E+000, 3.9999999105930328E-002,-9.0000000000000000E+000,-9.0000000000000000E+000, 0.0000000000000000E+000
before,1,2,2,13,1,0, 5.0000000000000000E-001, 8.4599995613098145E-001, 4.1300000000000000E+002, 2.6000000000000000E+002, 0.0000000000000000E+000, 0.0000000000000000E+000, 0.0000000000000000E+000, 0.0000000000000000E+000, 8.6500002071261406E-003, 1.6663494761814945E-006, 3.3326989523629891E-006, 1.3330795809451956E-006, 2.6661591618903913E-006, 3.5548787309380714E-006, 2.3328891529672546E-006, 0.0000000000000000E+000, 0.0000000000000000E+000, 0.0000000000000000E+000, 0.0000000000000000E+000, 0.0000000000000000E+000, 0.0000000000000000E+000, 4.5000000000000000E+008, 0.0000000000000000E+000, 0.0000000000000000E+000, 2.1999999880790710E-001,-9.0000000000000000E+000, 1.2000000476837158E-001,-9.0000000000000000E+000, 7.0000000298023224E-002,-9.0000000000000000E+000, 4.9999997019767761E-002,-9.0000000000000000E+000,-9.0000000000000000E+000, 0.0000000000000000E+000
before,1,3,3,13,1,0, 5.0000000000000000E-001, 8.5199999809265137E-001, 4.1500000000000000E+002, 2.6000000000000000E+002, 0.0000000000000000E+000, 0.0000000000000000E+000, 0.0000000000000000E+000, 0.0000000000000000E+000, 8.6500002071261406E-003, 1.1108995749964379E-006, 6.6653979047259782E-006, 1.6663494761814945E-006, 4.4435982999857515E-006, 7.7762970249750651E-006, 8.8871965999715030E-006, 1.4662164688110352E+001, 8.8225049972534180E+000, 2.4436944961547852E+001, 5.8816699981689453E+001, 1.8413099288940430E+001, 1.4155643463134766E+001, 4.5000000000000000E+008, 1.3911085616769014E-008, 1.0694580332426540E-008, 2.3000000417232513E-001,-9.0000000000000000E+000, 1.2999999523162842E-001,-9.0000000000000000E+000, 7.9999998211860657E-002,-9.0000000000000000E+000, 5.9999998658895493E-002,-9.0000000000000000E+000,-9.0000000000000000E+000, 0.0000000000000000E+000
before,1,4,4,13,1,0, 5.0000000000000000E-001, 8.5799998044967651E-001, 4.1700000000000000E+002, 2.6000000000000000E+002, 3.6044435546500608E-005, 2.8022217520629056E-005, 1.8022217773250304E-005, 2.2022217308403924E-005, 8.6500002071261406E-003, 2.0055544155184180E-005, 4.0222177631221712E-005, 3.0077762858127244E-005, 5.0166632718173787E-005, 0.0000000000000000E+000, 0.0000000000000000E+000, 3.0000000000000000E+007, 8.0000000000000000E+004, 1.5000000000000000E+005, 6.0000000000000000E+004, 0.0000000000000000E+000, 0.0000000000000000E+000, 4.5000000000000000E+008, 0.0000000000000000E+000, 0.0000000000000000E+000, 2.4000000953674316E-001,-9.0000000000000000E+000, 1.4000000059604645E-001,-9.0000000000000000E+000, 9.0000003576278687E-002,-9.0000000000000000E+000, 7.0000000298023224E-002,-9.0000000000000000E+000,-9.0000000000000000E+000, 0.0000000000000000E+000
before,1,5,5,13,1,0, 5.0000000000000000E-001, 8.6399996280670166E-001, 4.1900000000000000E+002, 2.6000000000000000E+002, 0.0000000000000000E+000, 0.0000000000000000E+000, 0.0000000000000000E+000, 0.0000000000000000E+000, 8.6500002071261406E-003, 0.0000000000000000E+000, 1.2159999459981918E-003, 2.5199999799951911E-004, 8.3400000585243106E-004, 1.2509999796748161E-003, 1.3859999598935246E-003, 0.0000000000000000E+000, 8.2663543701171875E+001, 1.9034370422363281E+001, 5.6695233154296875E+002, 1.7717259216308594E+002, 1.1490260314941406E+002, 4.5000000000000000E+008, 2.6062500637635821E-006, 1.6902438346733106E-006, 2.5000000000000000E-001,-9.0000000000000000E+000, 1.5000000596046448E-001,-9.0000000000000000E+000, 9.9999994039535522E-002,-9.0000000000000000E+000, 7.9999998211860657E-002,-9.0000000000000000E+000,-9.0000000000000000E+000, 0.0000000000000000E+000
before,1,6,6,13,1,0, 5.0000000000000000E-001, 8.7000000476837158E-001, 4.2100000000000000E+002, 2.6000000000000000E+002, 0.0000000000000000E+000, 0.0000000000000000E+000, 0.0000000000000000E+000, 0.0000000000000000E+000, 8.6500002071261406E-003, 0.0000000000000000E+000, 8.6380599532276392E-004, 2.5914181605912745E-004, 6.0466420836746693E-004, 6.9104478461667895E-004, 5.1828363211825490E-004, 0.0000000000000000E+000, 1.7854526367187500E+003, 5.9515093994140625E+002, 1.2498168945312500E+004, 2.7468503417968750E+003, 1.2603195800781250E+003, 4.5000000000000000E+008, 1.3289322851051111E-006, 6.0974542748226668E-007, 2.5999999046325684E-001,-9.0000000000000000E+000, 1.5999999642372131E-001,-9.0000000000000000E+000, 1.0999999940395355E-001,-9.0000000000000000E+000, 8.9999996125698090E-002,-9.0000000000000000E+000,-9.0000000000000000E+000, 0.0000000000000000E+000
before,1,1,1,14,1,0, 5.0000000000000000E-001, 8.0499994754791260E-001, 4.2400000000000000E+002, 2.6000000000000000E+002, 0.0000000000000000E+000, 0.0000000000000000E+000, 0.0000000000000000E+000, 0.0000000000000000E+000, 8.7000001221895218E-003, 0.0000000000000000E+000, 0.0000000000000000E+000, 0.0000000000000000E+000, 0.0000000000000000E+000, 0.0000000000000000E+000, 0.0000000000000000E+000, 0.0000000000000000E+000, 0.0000000000000000E+000, 0.0000000000000000E+000, 0.0000000000000000E+000, 0.0000000000000000E+000, 0.0000000000000000E+000, 4.5000000000000000E+008, 0.0000000000000000E+000, 0.0000000000000000E+000, 2.1000000834465027E-001,-9.0000000000000000E+000, 1.0999999940395355E-001,-9.0000000000000000E+000, 6.0000002384185791E-002,-9.0000000000000000E+000, 3.9999999105930328E-002,-9.0000000000000000E+000,-9.0000000000000000E+000, 0.0000000000000000E+000
before,1,2,2,14,1,0, 5.0000000000000000E-001, 8.1099992990493774E-001, 4.2600000000000000E+002, 2.6000000000000000E+002, 0.0000000000000000E+000, 0.0000000000000000E+000, 0.0000000000000000E+000, 0.0000000000000000E+000, 8.7000001221895218E-003, 2.3007150673493015E-007, 4.6014301346986031E-007, 1.8405718549274752E-007, 3.6811437098549504E-007, 4.9081916131399339E-007, 3.2210007816502184E-007, 0.0000000000000000E+000, 0.0000000000000000E+000, 0.0000000000000000E+000, 0.0000000000000000E+000, 0.0000000000000000E+000, 0.0000000000000000E+000, 4.5000000000000000E+008, 0.0000000000000000E+000, 0.0000000000000000E+000, 2.1999999880790710E-001,-9.0000000000000000E+000, 1.2000000476837158E-001,-9.0000000000000000E+000, 7.0000000298023224E-002,-9.0000000000000000E+000, 4.9999997019767761E-002,-9.0000000000000000E+000,-9.0000000000000000E+000, 0.0000000000000000E+000
before,1,3,3,14,1,0, 5.0000000000000000E-001, 8.1699997186660767E-001, 4.2800000000000000E+002, 2.6000000000000000E+002, 0.0000000000000000E+000, 0.0000000000000000E+000, 0.0000000000000000E+000, 0.0000000000000000E+000, 8.7000001221895218E-003, 1.5338099501605029E-007, 9.2028602693972061E-007, 2.3007150673493015E-007, 6.1352398006420117E-007, 1.0736669082689332E-006, 1.2270479601284023E-006, 1.7606971263885498E+000, 1.0429971218109131E+000, 2.9344954490661621E+000, 6.9533143043518066E+000, 2.0907731056213379E+000, 1.6399325132369995E+000, 4.5000000000000000E+008, 1.8447885441474909E-009, 1.4469905273983841E-009, 2.3000000417232513E-001,-9.0000000000000000E+000, 1.2999999523162842E-001,-9.0000000000000000E+000, 7.9999998211860657E-002,-9.0000000000000000E+000, 5.9999998658895493E-002,-9.0000000000000000E+000,-9.0000000000000000E+000, 0.0000000000000000E+000
before,1,4,4,14,1,0, 5.0000000000000000E-001, 8.2299995422363281E-001, 4.3000000000000000E+002, 2.6000000000000000E+002, 3.6006134905619547E-005, 2.8003067200188525E-005, 1.8003067452809773E-005, 2.2003066987963393E-005, 8.7000001221895218E-003, 2.0007668354082853E-005, 4.0030674426816404E-005, 3.0010736736585386E-005, 5.0023005314869806E-005, 0.0000000000000000E+000, 0.0000000000000000E+000, 3.0000000000000000E+007, 8.0000000000000000E+004, 1.5000000000000000E+005, 6.0000000000000000E+004, 0.0000000000000000E+000, 0.0000000000000000E+000, 4.5000000000000000E+008, 0.0000000000000000E+000, 0.0000000000000000E+000, 2.4000000953674316E-001,-9.0000000000000000E+000, 1.4000000059604645E-001,-9.0000000000000000E+000, 9.0000003576278687E-002,-9.0000000000000000E+000, 7.0000000298023224E-002,-9.0000000000000000E+000,-9.0000000000000000E+000, 0.0000000000000000E+000
before,1,5,5,14,1,0, 5.0000000000000000E-001, 8.2899993658065796E-001, 4.3200000000000000E+002, 2.6000000000000000E+002, 0.0000000000000000E+000, 0.0000000000000000E+000, 0.0000000000000000E+000, 0.0000000000000000E+000, 8.7000001221895218E-003, 0.0000000000000000E+000, 1.2479999568313360E-003, 2.5599999935366213E-004, 8.5200002649798989E-004, 1.2779999524354935E-003, 1.4080000109970570E-003, 0.0000000000000000E+000, 7.5536094665527344E+001, 1.7216203689575195E+001, 5.1567913818359375E+002, 1.6114971923828125E+002, 1.0392709350585938E+002, 4.5000000000000000E+008, 2.6624998099578079E-006, 1.7170731325677480E-006, 2.5000000000000000E-001,-9.0000000000000000E+000, 1.5000000596046448E-001,-9.0000000000000000E+000, 9.9999994039535522E-002,-9.0000000000000000E+000, 7.9999998211860657E-002,-9.0000000000000000E+000,-9.0000000000000000E+000, 0.0000000000000000E+000
before,1,6,6,14,1,0, 5.0000000000000000E-001, 8.3499991893768311E-001, 4.3400000000000000E+002, 2.6000000000000000E+002, 0.0000000000000000E+000, 0.0000000000000000E+000, 0.0000000000000000E+000, 0.0000000000000000E+000, 8.7000001221895218E-003, 0.0000000000000000E+000, 1.2525186175480485E-003, 3.7575559690594673E-004, 8.7676302064210176E-004, 1.0020149638876319E-003, 7.5151119381189346E-004, 0.0000000000000000E+000, 1.8427326660156250E+003, 6.1424420166015625E+002, 1.2899128906250000E+004, 2.8349733886718750E+003, 1.3007524414062500E+003, 4.5000000000000000E+008, 1.9269518816145137E-006, 8.8413082721672254E-007, 2.5999999046325684E-001,-9.0000000000000000E+000, 1.5999999642372131E-001,-9.0000000000000000E+000, 1.0999999940395355E-001,-9.0000000000000000E+000, 8.9999996125698090E-002,-9.0000000000000000E+000,-9.0000000000000000E+000, 0.0000000000000000E+000
after,1,1,1,1,1,0, 5.0000000000000000E-001, 1.2599999904632568E+000, 2.5500000000000000E+002, 2.6000000000000000E+002, 0.0000000000000000E+000, 0.0000000000000000E+000, 0.0000000000000000E+000, 0.0000000000000000E+000, 8.0500002950429916E-003, 0.0000000000000000E+000, 0.0000000000000000E+000, 0.0000000000000000E+000, 0.0000000000000000E+000, 0.0000000000000000E+000, 0.0000000000000000E+000, 0.0000000000000000E+000, 0.0000000000000000E+000, 0.0000000000000000E+000, 0.0000000000000000E+000, 0.0000000000000000E+000, 0.0000000000000000E+000, 4.5000000000000000E+008, 0.0000000000000000E+000, 0.0000000000000000E+000, 2.1000000834465027E-001, 0.0000000000000000E+000, 1.0999999940395355E-001, 0.0000000000000000E+000, 6.0000002384185791E-002, 0.0000000000000000E+000, 3.9999999105930328E-002, 0.0000000000000000E+000, 0.0000000000000000E+000, 0.0000000000000000E+000
after,1,2,2,1,1,0, 5.0000000000000000E-001, 1.2660000324249268E+000, 2.5700000000000000E+002, 2.6000000000000000E+002, 0.0000000000000000E+000, 0.0000000000000000E+000, 0.0000000000000000E+000, 0.0000000000000000E+000, 8.0500002950429916E-003, 2.2166428692571571E-008, 4.5385142755094421E-008, 1.7821136566453788E-008, 3.5721953395295714E-008, 4.9425629811139515E-008, 3.2803928462499243E-008, 7.2590424804687500E+003, 2.4496852111816406E+002, 3.7817607879638672E+001, 5.9105865478515625E+001, 4.9061832427978516E+000, 1.8994991779327393E+000, 4.4999273600000000E+008, 5.5848457802820661E-011, 2.8838173168899139E-011, 2.2000014781951904E-001, 1.4551397953255218E-007, 1.2000001221895218E-001, 7.0846986055528305E-009, 7.0000074803829193E-002, 7.1547461288901104E-008, 5.0000041723251343E-002, 4.3139760208532607E-008, 8.3683425188064575E-001, 3.2176328268462839E-009
after,1,3,3,1,1,0, 5.0000000000000000E-001, 1.2719999551773071E+000, 2.5900000000000000E+002, 2.6000000000000000E+002, 0.0000000000000000E+000, 0.0000000000000000E+000, 0.0000000000000000E+000, 0.0000000000000000E+000, 8.0500002950429916E-003, 1.4897969968785674E-008, 9.4832159902580315E-008, 2.2350491235556547E-008, 5.9553801889933311E-008, 1.0661008076340295E-007, 1.2311927832797664E-007, 2.4917221069335938E+000, 2.5646996498107910E+000, 4.1534109115600586E+000, 1.6456216812133789E+001, 1.0307318687438965E+001, 5.3569755554199219E+000, 4.5000000000000000E+008, 3.7578845590857668E-010, 1.9613517754368814E-010, 2.3000046610832214E-001, 4.6847063117638754E-007, 1.3000001013278961E-001, 1.5213977633266040E-008, 8.0000095069408417E-002, 9.8418148297696462E-008, 6.0000155121088028E-002, 1.5753204252177966E-007, 5.7882732152938843E-001, 6.2975278325438921E-009
after,1,4,4,1,1,0, 5.0000000000000000E-001, 1.2779999971389771E+000, 2.6100000000000000E+002, 2.6000000000000000E+002, 3.6000590625917539E-005, 2.8000295060337521E-005, 1.8000295312958770E-005, 2.2000294848112389E-005, 8.0500002950429916E-003, 2.0000734366476536E-005, 4.0001941670197994E-005, 3.0000846891198307E-005, 5.0001795898424461E-005, 0.0000000000000000E+000, 0.0000000000000000E+000, 2.9999994000000000E+007, 7.9999445312500000E+004, 1.4999918750000000E+005, 5.9999695312500000E+004, 0.0000000000000000E+000, 0.0000000000000000E+000, 4.4999996800000000E+008, 0.0000000000000000E+000, 0.0000000000000000E+000, 2.4003668129444122E-001, 3.6676843592431396E-005, 1.4001050591468811E-001, 1.0508960258448496E-005, 9.0000003576278687E-002, 0.0000000000000000E+000, 7.0000000298023224E-002, 0.0000000000000000E+000, 2.8652846813201904E-001, 4.6750137698836625E-006
after,1,5,5,1,1,0, 5.0000000000000000E-001, 1.2840000391006470E+000, 2.6300000000000000E+002, 2.6000000000000000E+002, 0.0000000000000000E+000, 0.0000000000000000E+000, 0.0000000000000000E+000, 0.0000000000000000E+000, 8.0500002950429916E-003, 0.0000000000000000E+000, 0.0000000000000000E+000, 0.0000000000000000E+000, 0.0000000000000000E+000, 0.0000000000000000E+000, 0.0000000000000000E+000, 0.0000000000000000E+000, 0.0000000000000000E+000, 0.0000000000000000E+000, 0.0000000000000000E+000, 0.0000000000000000E+000, 0.0000000000000000E+000, 4.5000000000000000E+008, 0.0000000000000000E+000, 0.0000000000000000E+000, 2.5000000000000000E-001, 0.0000000000000000E+000, 1.5000000596046448E-001, 0.0000000000000000E+000, 9.9999994039535522E-002, 0.0000000000000000E+000, 7.9999998211860657E-002, 0.0000000000000000E+000, 0.0000000000000000E+000, 0.0000000000000000E+000
after,1,6,6,1,1,0, 5.0000000000000000E-001, 1.2899999618530273E+000, 2.6500000000000000E+002, 2.6000000000000000E+002, 0.0000000000000000E+000, 0.0000000000000000E+000, 0.0000000000000000E+000, 0.0000000000000000E+000, 8.0500002950429916E-003, 0.0000000000000000E+000, 1.0025234587374143E-005, 3.0013645755389007E-006, 7.0021555984567385E-006, 8.0115023592952639E-006, 6.0100760492787231E-006, 0.0000000000000000E+000, 1.2229490966796875E+003, 4.0746414184570312E+002, 8.5565205078125000E+003, 1.8805886230468750E+003, 8.6286706542968750E+002, 4.5000000000000000E+008, 1.5406733666623040E-008, 7.0706778210194443E-009, 2.6003369688987732E-001, 3.3715776226017624E-005, 1.6000147163867950E-001, 1.4742641951670521E-006, 1.1000914126634598E-001, 9.1404981503728777E-006, 9.0008005499839783E-002, 8.0066047303262167E-006, 5.5230426788330078E-001, 9.0969371058235993E-007
after,1,1,1,2,1,0, 5.0000000000000000E-001, 1.2250000238418579E+000, 2.6800000000000000E+002, 2.6000000000000000E+002, 0.0000000000000000E+000, 0.0000000000000000E+000, 0.0000000000000000E+000, 0.0000000000000000E+000, 8.1000002101063728E-003, 0.0000000000000000E+000, 0.0000000000000000E+000, 0.0000000000000000E+000, 0.0000000000000000E+000, 0.0000000000000000E+000, 0.0000000000000000E+000, 0.0000000000000000E+000, 0.0000000000000000E+000, 0.0000000000000000E+000, 0.0000000000000000E+000, 0.0000000000000000E+000, 0.0000000000000000E+000, 4.4999996800000000E+008, 0.0000000000000000E+000, 0.0000000000000000E+000, 2.1000000834465027E-001, 0.0000000000000000E+000, 1.0999999940395355E-001, 0.0000000000000000E+000, 6.0000002384185791E-002, 0.0000000000000000E+000, 3.9999999105930328E-002, 0.0000000000000000E+000, 0.0000000000000000E+000, 0.0000000000000000E+000
after,1,2,2,2,1,0, 5.0000000000000000E-001, 1.2310000658035278E+000, 2.7000000000000000E+002, 2.6000000000000000E+002, 0.0000000000000000E+000, 0.0000000000000000E+000, 0.0000000000000000E+000, 0.0000000000000000E+000, 8.1000002101063728E-003, 2.3009897631709464E-007, 4.7128003188845469E-007, 1.8466556639396003E-007, 3.7027348298579454E-007, 5.1048505156359170E-007, 3.3802882626332575E-007, 7.5352609375000000E+004, 4.4945330810546875E+002, 3.9187234497070312E+002, 1.0834630584716797E+002, 3.1455232620239258E+001, 3.4833943843841553E+000, 4.4992464000000000E+008, 5.9316274114706857E-010, 3.0557781305340370E-010, 2.2000014781951904E-001, 1.4551397953255218E-007, 1.2000001221895218E-001, 7.0846986055528305E-009, 7.0000074803829193E-002, 7.1547461288901104E-008, 5.0000041723251343E-002, 4.3139760208532607E-008, 8.3683425188064575E-001, 3.2176328268462839E-009
after,1,3,3,2,1,0, 5.0000000000000000E-001, 1.2369999885559082E+000, 2.7200000000000000E+002, 2.6000000000000000E+002, 0.0000000000000000E+000, 0.0000000000000000E+000, 0.0000000000000000E+000, 0.0000000000000000E+000, 8.1000002101063728E-003, 1.5418905263686611E-007, 9.6527719506411813E-007, 2.3139611471378885E-007, 6.1671494222537149E-007, 1.0976955309160985E-006, 1.2629212733372697E-006, 1.8818042755126953E+001, 1.7469167709350586E+001, 3.1374814987182617E+001, 1.1324183654785156E+002, 6.5408843994140625E+001, 3.5697433471679688E+001, 4.5000000000000000E+008, 3.5809712972678653E-009, 1.9594139644141251E-009, 2.3000046610832214E-001, 4.6847063117638754E-007, 1.3000001013278961E-001, 1.5213977633266040E-008, 8.0000095069408417E-002, 9.8418148297696462E-008, 6.0000155121088028E-002, 1.5753204252177966E-007, 5.7882732152938843E-001, 6.2975278325438921E-009
after,1,4,4,2,1,0, 5.0000000000000000E-001, 1.2430000305175781E+000, 2.7400000000000000E+002, 2.6000000000000000E+002, 3.6006134905619547E-005, 2.8003067200188525E-005, 1.8003067452809773E-005, 2.2003066987963393E-005, 8.1000002101063728E-003, 2.0007664716104046E-005, 4.0030066884355620E-005, 3.0010580303496681E-005, 5.0022670620819554E-005, 0.0000000000000000E+000, 0.0000000000000000E+000, 2.9999992000000000E+007, 7.9999500000000000E+004, 1.4999920312500000E+005, 5.9999703125000000E+004, 0.0000000000000000E+000, 0.0000000000000000E+000, 4.5000000000000000E+008, 0.0000000000000000E+000, 0.0000000000000000E+000, 2.4003668129444122E-001, 3.6676843592431396E-005, 1.4001050591468811E-001, 1.0508960258448496E-005, 9.0000003576278687E-002, 0.0000000000000000E+000, 7.0000000298023224E-002, 0.0000000000000000E+000, 2.8652846813201904E-001, 4.6750137698836625E-006
after,1,5,5,2,1,0, 5.0000000000000000E-001, 1.2490000724792480E+000, 2.7600000000000000E+002, 2.6000000000000000E+002, 0.0000000000000000E+000, 0.0000000000000000E+000, 0.0000000000000000E+000, 0.0000000000000000E+000, 8.1000002101063728E-003, 0.0000000000000000E+000, 0.0000000000000000E+000, 0.0000000000000000E+000, 0.0000000000000000E+000, 0.0000000000000000E+000, 0.0000000000000000E+000, 0.0000000000000000E+000, 0.0000000000000000E+000, 0.0000000000000000E+000, 0.0000000000000000E+000, 0.0000000000000000E+000, 0.0000000000000000E+000, 4.5000000000000000E+008, 0.0000000000000000E+000, 0.0000000000000000E+000, 2.5000000000000000E-001, 0.0000000000000000E+000, 1.5000000596046448E-001, 0.0000000000000000E+000, 9.9999994039535522E-002, 0.0000000000000000E+000, 7.9999998211860657E-002, 0.0000000000000000E+000, 0.0000000000000000E+000, 0.0000000000000000E+000
after,1,6,6,2,1,0, 5.0000000000000000E-001, 1.2549999952316284E+000, 2.7800000000000000E+002, 2.6000000000000000E+002, 0.0000000000000000E+000, 0.0000000000000000E+000, 0.0000000000000000E+000, 0.0000000000000000E+000, 8.1000002101063728E-003, 0.0000000000000000E+000, 1.4432011084863916E-005, 4.3460559027153067E-006, 1.0143661711481400E-005, 1.1562530744413380E-005, 8.6671798271709122E-006, 0.0000000000000000E+000, 1.2598698730468750E+003, 4.2018536376953125E+002, 8.8274150390625000E+003, 1.9382995605468750E+003, 8.8859826660156250E+002, 4.5000000000000000E+008, 2.2235635555034605E-008, 1.0196681721197365E-008, 2.6003369688987732E-001, 3.3715776226017624E-005, 1.6000147163867950E-001, 1.4742641951670521E-006, 1.1000914126634598E-001, 9.1404981503728777E-006, 9.0008005499839783E-002, 8.0066047303262167E-006, 5.5230426788330078E-001, 9.0969371058235993E-007
after,1,1,1,3,1,0, 5.0000000000000000E-001, 1.1899999380111694E+000, 2.8100000000000000E+002, 2.6000000000000000E+002, 0.0000000000000000E+000, 0.0000000000000000E+000, 0.0000000000000000E+000, 0.0000000000000000E+000, 8.1500001251697540E-003, 0.0000000000000000E+000, 0.0000000000000000E+000, 0.0000000000000000E+000, 0.0000000000000000E+000, 0.0000000000000000E+000, 0.0000000000000000E+000, 0.0000000000000000E+000, 0.0000000000000000E+000, 0.0000000000000000E+000, 0.0000000000000000E+000, 0.0000000000000000E+000, 0.0000000000000000E+000, 4.5000000000000000E+008, 0.0000000000000000E+000, 0.0000000000000000E+000, 2.1000000834465027E-001, 0.0000000000000000E+000, 1.0999999940395355E-001, 0.0000000000000000E+000, 6.0000002384185791E-002, 0.0000000000000000E+000, 3.9999999105930328E-002, 0.0000000000000000E+000, 0.0000000000000000E+000, 0.0000000000000000E+000
after,1,2,2,3,1,0, 5.0000000000000000E-001, 1.1959999799728394E+000, 2.8300000000000000E+002, 2.6000000000000000E+002, 0.0000000000000000E+000, 0.0000000000000000E+000, 0.0000000000000000E+000, 0.0000000000000000E+000, 8.1500001251697540E-003, 1.6664722579662339E-006, 3.4042773222608957E-006, 1.3358436490307213E-006, 2.6778468509291997E-006, 3.6677054140454857E-006, 2.4254479740193347E-006, 5.4573487500000000E+005, 7.5364257812500000E+002, 2.8347470703125000E+003, 1.8161587524414062E+002, 5.2717754364013672E+001, 5.8385004997253418E+000, 4.4945430400000000E+008, 4.3857588671869507E-009, 2.2563777513084915E-009, 2.2000014781951904E-001, 1.4551397953255218E-007, 1.2000001221895218E-001, 7.0846986055528305E-009, 7.0000074803829193E-002, 7.1547461288901104E-008, 5.0000041723251343E-002, 4.3139760208532607E-008, 8.3683425188064575E-001, 3.2176328268462839E-009
after,1,3,3,3,1,0, 5.0000000000000000E-001, 1.2019999027252197E+000, 2.8500000000000000E+002, 2.6000000000000000E+002, 0.0000000000000000E+000, 0.0000000000000000E+000, 0.0000000000000000E+000, 0.0000000000000000E+000, 8.1500001251697540E-003, 1.1145129974465817E-006, 6.8863428168697283E-006, 1.6723472526791738E-006, 4.4588141463464126E-006, 7.8989796747919172E-006, 9.0644125521066599E-006, 1.0225432586669922E+002, 8.7382263183593750E+001, 1.7046665954589844E+002, 5.7133148193359375E+002, 3.0611709594726562E+002, 1.7467982482910156E+002, 4.5000000000000000E+008, 2.3979339403013000E-008, 1.3704923418345061E-008, 2.3000046610832214E-001, 4.6847063117638754E-007, 1.3000001013278961E-001, 1.5213977633266040E-008, 8.0000095069408417E-002, 9.8418148297696462E-008, 6.0000155121088028E-002, 1.5753204252177966E-007, 5.7882732152938843E-001, 6.2975278325438921E-009
after,1,4,4,3,1,0, 5.0000000000000000E-001, 1.2079999446868896E+000, 2.8700000000000000E+002, 2.6000000000000000E+002, 3.6044435546500608E-005, 2.8022217520629056E-005, 1.8022217773250304E-005, 2.2022217308403924E-005, 8.1500001251697540E-003, 2.0055542336194776E-005, 4.0223243559012190E-005, 3.0077731935307384E-005, 5.0166647270089015E-005, 0.0000000000000000E+000, 0.0000000000000000E+000, 2.9999998000000000E+007, 7.9999710937500000E+004, 1.4999929687500000E+005, 5.9999738281250000E+004, 0.0000000000000000E+000, 0.0000000000000000E+000, 4.5000003200000000E+008, 0.0000000000000000E+000, 0.0000000000000000E+000, 2.4003668129444122E-001, 3.6676843592431396E-005, 1.4001050591468811E-001, 1.0508960258448496E-005, 9.0000003576278687E-002, 0.0000000000000000E+000, 7.0000000298023224E-002, 0.0000000000000000E+000, 2.8652846813201904E-001, 4.6750137698836625E-006
after,1,5,5,3,1,0, 5.0000000000000000E-001, 1.2139999866485596E+000, 2.8900000000000000E+002, 2.6000000000000000E+002, 0.0000000000000000E+000, 0.0000000000000000E+000, 0.0000000000000000E+000, 0.0000000000000000E+000, 8.1500001251697540E-003, 0.0000000000000000E+000, 0.0000000000000000E+000, 0.0000000000000000E+000, 0.0000000000000000E+000, 0.0000000000000000E+000, 0.0000000000000000E+000, 0.0000000000000000E+000, 0.0000000000000000E+000, 0.0000000000000000E+000, 0.0000000000000000E+000, 0.0000000000000000E+000, 0.0000000000000000E+000, 4.4999996800000000E+008, 0.0000000000000000E+000, 0.0000000000000000E+000, 2.5000000000000000E-001, 0.0000000000000000E+000, 1.5000000596046448E-001, 0.0000000000000000E+000, 9.9999994039535522E-002, 0.0000000000000000E+000, 7.9999998211860657E-002, 0.0000000000000000E+000, 0.0000000000000000E+000, 0.0000000000000000E+000
after,1,6,6,3,1,0, 5.0000000000000000E-001, 1.2199999094009399E+000, 2.9100000000000000E+002, 2.6000000000000000E+002, 0.0000000000000000E+000, 0.0000000000000000E+000, 0.0000000000000000E+000, 0.0000000000000000E+000, 8.1500001251697540E-003, 0.0000000000000000E+000, 1.6378530176552886E-007, 7.9192190582944022E-009, 1.3996053205289627E-008, 8.2721470562319155E-008, 7.2326223232721532E-008, 0.0000000000000000E+000, 4.6997280120849609E+000, 3.8784548640251160E-001, 6.1691374778747559E+000, 4.9431185722351074E+000, 2.8162944316864014E+000, 4.4999996800000000E+008, 1.5907974937334757E-010, 8.5089671419957824E-011, 2.6003369688987732E-001, 3.3715776226017624E-005, 1.6000147163867950E-001, 1.4742641951670521E-006, 1.1000914126634598E-001, 9.1404981503728777E-006, 9.0008005499839783E-002, 8.0066047303262167E-006, 5.5230426788330078E-001, 9.0969371058235993E-007
after,1,1,1,4,1,0, 5.0000000000000000E-001, 1.1549999713897705E+000, 2.9400000000000000E+002, 2.6000000000000000E+002, 0.0000000000000000E+000, 0.0000000000000000E+000, 0.0000000000000000E+000, 0.0000000000000000E+000, 8.2000000402331352E-003, 0.0000000000000000E+000, 0.0000000000000000E+000, 0.0000000000000000E+000, 0.0000000000000000E+000, 0.0000000000000000E+000, 0.0000000000000000E+000, 0.0000000000000000E+000, 0.0000000000000000E+000, 0.0000000000000000E+000, 0.0000000000000000E+000, 0.0000000000000000E+000, 0.0000000000000000E+000, 4.5000000000000000E+008, 0.0000000000000000E+000, 0.0000000000000000E+000, 2.1000000834465027E-001, 0.0000000000000000E+000, 1.0999999940395355E-001, 0.0000000000000000E+000, 6.0000002384185791E-002, 0.0000000000000000E+000, 3.9999999105930328E-002, 0.0000000000000000E+000, 0.0000000000000000E+000, 0.0000000000000000E+000
after,1,2,2,4,1,0, 5.0000000000000000E-001, 1.1610000133514404E+000, 2.9600000000000000E+002, 2.6000000000000000E+002, 0.0000000000000000E+000, 0.0000000000000000E+000, 0.0000000000000000E+000, 0.0000000000000000E+000, 8.2000000402331352E-003, 8.4205812527216040E-006, 1.7121625205618329E-005, 6.7445912463881541E-006, 1.3513256817532238E-005, 1.8375996660324745E-005, 1.2131062248954549E-005, 2.7575645000000000E+006, 1.1550379638671875E+003, 1.4312460937500000E+004, 2.7839828491210938E+002, 8.0764266967773438E+001, 8.9438219070434570E+000, 4.4724256000000000E+008, 2.2631899909697495E-008, 1.1623203732824550E-008, 2.2000014781951904E-001, 1.4551397953255218E-007, 1.2000001221895218E-001, 7.0846986055528305E-009, 7.0000074803829193E-002, 7.1547461288901104E-008, 5.0000041723251343E-002, 4.3139760208532607E-008, 8.3683425188064575E-001, 3.2176328268462839E-009
after,1,3,3,4,1,0, 5.0000000000000000E-001, 1.1669999361038208E+000, 2.9800000000000000E+002, 2.6000000000000000E+002, 0.0000000000000000E+000, 0.0000000000000000E+000, 0.0000000000000000E+000, 0.0000000000000000E+000, 8.2000000402331352E-003, 5.6242929531435948E-006, 3.4403328754706308E-005, 8.4384737419895828E-006, 2.2502434148918837E-005, 3.9708927943138406E-005, 4.5493172365240753E-005, 3.9760635375976562E+002, 3.1760171508789062E+002, 6.6279168701171875E+002, 2.0909716796875000E+003, 1.0446123046875000E+003, 6.2100067138671875E+002, 4.5000000000000000E+008, 1.1271153255165700E-007, 6.7070224929466349E-008, 2.3000046610832214E-001, 4.6847063117638754E-007, 1.3000001013278961E-001, 1.5213977633266040E-008, 8.0000095069408417E-002, 9.8418148297696462E-008, 6.0000155121088028E-002, 1.5753204252177966E-007, 5.7882732152938843E-001, 6.2975278325438921E-009
after,1,4,4,4,1,0, 5.0000000000000000E-001, 1.1729999780654907E+000, 3.0000000000000000E+002, 2.6000000000000000E+002, 3.6224540963303298E-005, 2.8112270229030401E-005, 1.8112270481651649E-005, 2.2112270016805269E-005, 8.2000000402331352E-003, 2.0280676835682243E-005, 4.1128227167064324E-005, 3.0393241104320623E-005, 5.0842954806284979E-005, 0.0000000000000000E+000, 0.0000000000000000E+000, 3.0000000000000000E+007, 8.0000796875000000E+004, 1.4999951562500000E+005, 5.9999816406250000E+004, 0.0000000000000000E+000, 0.0000000000000000E+000, 4.5000000000000000E+008, 0.0000000000000000E+000, 0.0000000000000000E+000, 2.4003668129444122E-001, 3.6676843592431396E-005, 1.4001050591468811E-001, 1.0508960258448496E-005, 9.0000003576278687E-002, 0.0000000000000000E+000, 7.0000000298023224E-002, 0.0000000000000000E+000, 2.8652846813201904E-001, 4.6750137698836625E-006
after,1,5,5,4,1,0, 5.0000000000000000E-001, 1.1790000200271606E+000, 3.0200000000000000E+002, 2.6000000000000000E+002, 0.0000000000000000E+000, 0.0000000000000000E+000, 0.0000000000000000E+000, 0.0000000000000000E+000, 8.2000000402331352E-003, 0.0000000000000000E+000, 0.0000000000000000E+000, 0.0000000000000000E+000, 0.0000000000000000E+000, 0.0000000000000000E+000, 0.0000000000000000E+000, 0.0000000000000000E+000, 0.0000000000000000E+000, 0.0000000000000000E+000, 0.0000000000000000E+000, 0.0000000000000000E+000, 0.0000000000000000E+000, 4.5000000000000000E+008, 0.0000000000000000E+000, 0.0000000000000000E+000, 2.5000000000000000E-001, 0.0000000000000000E+000, 1.5000000596046448E-001, 0.0000000000000000E+000, 9.9999994039535522E-002, 0.0000000000000000E+000, 7.9999998211860657E-002, 0.0000000000000000E+000, 0.0000000000000000E+000, 0.0000000000000000E+000
after,1,6,6,4,1,0, 5.0000000000000000E-001, 1.1849999427795410E+000, 3.0400000000000000E+002, 2.6000000000000000E+002, 0.0000000000000000E+000, 0.0000000000000000E+000, 0.0000000000000000E+000, 0.0000000000000000E+000, 8.2000000402331352E-003, 0.0000000000000000E+000, 3.0576513381674886E-005, 9.1492192950681783E-006, 2.1347246729419567E-005, 2.4432150894426741E-005, 1.8329335944144987E-005, 0.0000000000000000E+000, 1.3445449218750000E+003, 4.4792767333984375E+002, 9.4067490234375000E+003, 2.0679406738281250E+003, 9.4886102294921875E+002, 4.5000000000000000E+008, 4.6984908408376214E-008, 2.1563925756140634E-008, 2.6003369688987732E-001, 3.3715776226017624E-005, 1.6000147163867950E-001, 1.4742641951670521E-006, 1.1000914126634598E-001, 9.1404981503728777E-006, 9.0008005499839783E-002, 8.0066047303262167E-006, 5.5230426788330078E-001, 9.0969371058235993E-007
after,1,1,1,5,1,0, 5.0000000000000000E-001, 1.1200000047683716E+000, 3.0700000000000000E+002, 2.6000000000000000E+002, 0.0000000000000000E+000, 0.0000000000000000E+000, 0.0000000000000000E+000, 0.0000000000000000E+000, 8.2499999552965164E-003, 0.0000000000000000E+000, 0.0000000000000000E+000, 0.0000000000000000E+000, 0.0000000000000000E+000, 0.0000000000000000E+000, 0.0000000000000000E+000, 0.0000000000000000E+000, 0.0000000000000000E+000, 0.0000000000000000E+000, 0.0000000000000000E+000, 0.0000000000000000E+000, 0.0000000000000000E+000, 4.5000000000000000E+008, 0.0000000000000000E+000, 0.0000000000000000E+000, 2.1000000834465027E-001, 0.0000000000000000E+000, 1.0999999940395355E-001, 0.0000000000000000E+000, 6.0000002384185791E-002, 0.0000000000000000E+000, 3.9999999105930328E-002, 0.0000000000000000E+000, 0.0000000000000000E+000, 0.0000000000000000E+000
after,1,2,2,5,1,0, 5.0000000000000000E-001, 1.1260000467300415E+000, 3.0900000000000000E+002, 2.6000000000000000E+002, 0.0000000000000000E+000, 0.0000000000000000E+000, 0.0000000000000000E+000, 0.0000000000000000E+000, 8.2499999552965164E-003, 2.9685512345167808E-005, 6.0028793086530641E-005, 2.3764439902151935E-005, 4.7585082938894629E-005, 6.4255931647494435E-005, 4.2339495848864317E-005, 9.7213870000000000E+006, 1.6181629638671875E+003, 5.0429687500000000E+004, 3.9027777099609375E+002, 1.1311068725585938E+002, 1.2522961616516113E+001, 4.4027884800000000E+008, 8.1582072652963689E-008, 4.1818466911536234E-008, 2.2000014781951904E-001, 1.4551397953255218E-007, 1.2000001221895218E-001, 7.0846986055528305E-009, 7.0000074803829193E-002, 7.1547461288901104E-008, 5.0000041723251343E-002, 4.3139760208532607E-008, 8.3683425188064575E-001, 3.2176328268462839E-009
after,1,3,3,5,1,0, 5.0000000000000000E-001, 1.1319999694824219E+000, 3.1100000000000000E+002, 2.6000000000000000E+002, 0.0000000000000000E+000, 0.0000000000000000E+000, 0.0000000000000000E+000, 0.0000000000000000E+000, 8.2499999552965164E-003, 1.9810760932159610E-005, 1.2026486365357414E-004, 2.9720809834543616E-005, 7.9259705671574920E-005, 1.3944103557150811E-004, 1.5957317373249680E-004, 1.1017802734375000E+003, 8.3232110595703125E+002, 1.8364985351562500E+003, 5.5093618164062500E+003, 2.5784145507812500E+003, 1.5916127929687500E+003, 4.5000000000000000E+008, 3.7161666455176601E-007, 2.2953146583404305E-007, 2.3000046610832214E-001, 4.6847063117638754E-007, 1.3000001013278961E-001, 1.5213977633266040E-008, 8.0000095069408417E-002, 9.8418148297696462E-008, 6.0000155121088028E-002, 1.5753204252177966E-007, 5.7882732152938843E-001, 6.2975278325438921E-009
after,1,4,4,5,1,0, 5.0000000000000000E-001, 1.1380000114440918E+000, 3.1300000000000000E+002, 2.6000000000000000E+002, 3.6791596357943490E-005, 2.8395797926350497E-005, 1.8395798178971745E-005, 2.2395797714125365E-005, 8.2499999552965164E-003, 2.0989504264434800E-005, 4.3970310798613355E-005, 3.1386072805617005E-005, 5.2970764954807237E-005, 0.0000000000000000E+000, 0.0000000000000000E+000, 3.0000004000000000E+007, 8.0003265625000000E+004, 1.4999978125000000E+005, 5.9999910156250000E+004, 0.0000000000000000E+000, 0.0000000000000000E+000, 4.5000000000000000E+008, 0.0000000000000000E+000, 0.0000000000000000E+000, 2.4003668129444122E-001, 3.6676843592431396E-005, 1.4001050591468811E-001, 1.0508960258448496E-005, 9.0000003576278687E-002, 0.0000000000000000E+000, 7.0000000298023224E-002, 0.0000000000000000E+000, 2.8652846813201904E-001, 4.6750137698836625E-006
after,1,5,5,5,1,0, 5.0000000000000000E-001, 1.1440000534057617E+000, 3.1500000000000000E+002, 2.6000000000000000E+002, 0.0000000000000000E+000, 0.0000000000000000E+000, 0.0000000000000000E+000, 0.0000000000000000E+000, 8.2499999552965164E-003, 0.0000000000000000E+000, 1.3744406714977231E-005, 1.8485357600184216E-007, 9.5637358299427433E-007, 9.9212984423502348E-006, 1.3444377145788167E-005, 0.0000000000000000E+000, 2.1849517822265625E+000, 3.6839902400970459E-002, 1.7153813838958740E+000, 2.6106214523315430E+000, 2.2073433399200439E+000, 4.5000000000000000E+008, 2.0669370215387062E-008, 1.6395581781125657E-008, 2.5000000000000000E-001, 0.0000000000000000E+000, 1.5000000596046448E-001, 0.0000000000000000E+000, 9.9999994039535522E-002, 0.0000000000000000E+000, 7.9999998211860657E-002, 0.0000000000000000E+000, 0.0000000000000000E+000, 0.0000000000000000E+000
after,1,6,6,5,1,0, 5.0000000000000000E-001, 1.1499999761581421E+000, 3.1700000000000000E+002, 2.6000000000000000E+002, 0.0000000000000000E+000, 0.0000000000000000E+000, 0.0000000000000000E+000, 0.0000000000000000E+000, 8.2499999552965164E-003, 0.0000000000000000E+000, 4.3956370063824579E-005, 1.3250504707684740E-005, 3.0923129088478163E-005, 3.5240856959717348E-005, 2.6415467800688930E-005, 0.0000000000000000E+000, 1.3846027832031250E+003, 4.6196667480468750E+002, 9.7043466796875000E+003, 2.1306821289062500E+003, 9.7673779296875000E+002, 4.5000000000000000E+008, 6.7770884015772026E-008, 3.1077021844794217E-008, 2.6003369688987732E-001, 3.3715776226017624E-005, 1.6000147163867950E-001, 1.4742641951670521E-006, 1.1000914126634598E-001, 9.1404981503728777E-006, 9.0008005499839783E-002, 8.0066047303262167E-006, 5.5230426788330078E-001, 9.0969371058235993E-007
after,1,1,1,6,1,0, 5.0000000000000000E-001, 1.0850000381469727E+000, 3.2000000000000000E+002, 2.6000000000000000E+002, 0.0000000000000000E+000, 0.0000000000000000E+000, 0.0000000000000000E+000, 0.0000000000000000E+000, 8.3000008016824722E-003, 0.0000000000000000E+000, 0.0000000000000000E+000, 0.0000000000000000E+000, 0.0000000000000000E+000, 0.0000000000000000E+000, 0.0000000000000000E+000, 0.0000000000000000E+000, 0.0000000000000000E+000, 0.0000000000000000E+000, 0.0000000000000000E+000, 0.0000000000000000E+000, 0.0000000000000000E+000, 4.5000000000000000E+008, 0.0000000000000000E+000, 0.0000000000000000E+000, 2.1000000834465027E-001, 0.0000000000000000E+000, 1.0999999940395355E-001, 0.0000000000000000E+000, 6.0000002384185791E-002, 0.0000000000000000E+000, 3.9999999105930328E-002, 0.0000000000000000E+000, 0.0000000000000000E+000, 0.0000000000000000E+000
after,1,2,2,6,1,0, 5.0000000000000000E-001, 1.0910000801086426E+000, 3.2200000000000000E+002, 2.6000000000000000E+002, 0.0000000000000000E+000, 0.0000000000000000E+000, 0.0000000000000000E+000, 0.0000000000000000E+000, 8.3000008016824722E-003, 7.3013638029806316E-005, 1.4687504153698683E-004, 5.8429544878890738E-005, 1.1693149281200022E-004, 1.5692233864683658E-004, 1.0321342415409163E-004, 2.3910442000000000E+007, 2.0727421875000000E+003, 1.2399131250000000E+005, 5.0038076782226562E+002, 1.4483950805664062E+002, 1.6030378341674805E+001, 4.2608982400000000E+008, 2.0558988467200834E-007, 1.0519061532932028E-007, 2.2000014781951904E-001, 1.4551397953255218E-007, 1.2000001221895218E-001, 7.0846986055528305E-009, 7.0000074803829193E-002, 7.1547461288901104E-008, 5.0000041723251343E-002, 4.3139760208532607E-008, 8.3683425188064575E-001, 3.2176328268462839E-009
after,1,3,3,6,1,0, 5.0000000000000000E-001, 1.0970000028610229E+000, 3.2400000000000000E+002, 2.6000000000000000E+002, 0.0000000000000000E+000, 0.0000000000000000E+000, 0.0000000000000000E+000, 0.0000000000000000E+000, 8.3000008016824722E-003, 4.8698799218982458E-005, 2.9396978789009154E-004, 7.3054667154792696E-005, 1.9482408242765814E-004, 3.4193752799183130E-004, 3.9101429865695536E-004, 2.1687851562500000E+003, 1.5635898437500000E+003, 3.6148347167968750E+003, 1.0392737304687500E+004, 4.5752304687500000E+003, 2.9240925292968750E+003, 4.5000000000000000E+008, 8.5877383071419899E-007, 5.4905825663809082E-007, 2.3000046610832214E-001, 4.6847063117638754E-007, 1.3000001013278961E-001, 1.5213977633266040E-008, 8.0000095069408417E-002, 9.8418148297696462E-008, 6.0000155121088028E-002, 1.5753204252177966E-007, 5.7882732152938843E-001, 6.2975278325438921E-009
after,1,4,4,6,1,0, 5.0000000000000000E-001, 1.1030000448226929E+000, 3.2600000000000000E+002, 2.6000000000000000E+002, 3.7947011151118204E-005, 2.8973505322937854E-005, 1.8973505575559102E-005, 2.2973505110712722E-005, 8.3000008016824722E-003, 2.2433774574892595E-005, 4.9750178732210770E-005, 3.3408217859687284E-005, 5.7304037909489125E-005, 0.0000000000000000E+000, 0.0000000000000000E+000, 3.0000004000000000E+007, 8.0003570312500000E+004, 1.4999982812500000E+005, 5.9999917968750000E+004, 0.0000000000000000E+000, 0.0000000000000000E+000, 4.5000000000000000E+008, 0.0000000000000000E+000, 0.0000000000000000E+000, 2.4003668129444122E-001, 3.6676843592431396E-005, 1.4001050591468811E-001, 1.0508960258448496E-005, 9.0000003576278687E-002, 0.0000000000000000E+000, 7.0000000298023224E-002, 0.0000000000000000E+000, 2.8652846813201904E-001, 4.6750137698836625E-006
after,1,5,5,6,1,0, 5.0000000000000000E-001, 1.1090000867843628E+000, 3.2800000000000000E+002, 2.6000000000000000E+002, 0.0000000000000000E+000, 0.0000000000000000E+000, 0.0000000000000000E+000, 0.0000000000000000E+000, 8.3000008016824722E-003, 0.0000000000000000E+000, 9.9239998962730169E-004, 2.2400029411073774E-004, 7.0803018752485514E-004, 1.0624129790812731E-003, 1.2324478011578321E-003, 0.0000000000000000E+000, 1.7781269836425781E+002, 4.4636981964111328E+001, 1.2697706298828125E+003, 3.9667773437500000E+002, 2.6928802490234375E+002, 4.5000000000000000E+008, 2.2133604034024756E-006, 1.5029851283543394E-006, 2.5000000000000000E-001, 0.0000000000000000E+000, 1.5000000596046448E-001, 0.0000000000000000E+000, 9.9999994039535522E-002, 0.0000000000000000E+000, 7.9999998211860657E-002, 0.0000000000000000E+000, 0.0000000000000000E+000, 0.0000000000000000E+000
after,1,6,6,6,1,0, 5.0000000000000000E-001, 1.1150000095367432E+000, 3.3000000000000000E+002, 2.6000000000000000E+002, 0.0000000000000000E+000, 0.0000000000000000E+000, 0.0000000000000000E+000, 0.0000000000000000E+000, 8.3000008016824722E-003, 0.0000000000000000E+000, 5.9342210079194047E-007, 2.2238376473637800E-008, 4.5335763587672773E-008, 2.8507099614216713E-007, 2.4825800437611178E-007, 0.0000000000000000E+000, 6.4106774330139160E+000, 3.9275100827217102E-001, 7.2060570716857910E+000, 6.1429014205932617E+000, 3.4859671592712402E+000, 4.5000000000000000E+008, 5.4821347461597725E-010, 2.9206825846728179E-010, 2.6003369688987732E-001, 3.3715776226017624E-005, 1.6000147163867950E-001, 1.4742641951670521E-006, 1.1000914126634598E-001, 9.1404981503728777E-006, 9.0008005499839783E-002, 8.0066047303262167E-006, 5.5230426788330078E-001, 9.0969371058235993E-007
after,1,1,1,7,1,0, 5.0000000000000000E-001, 1.0499999523162842E+000, 3.3300000000000000E+002, 2.6000000000000000E+002, 0.0000000000000000E+000, 0.0000000000000000E+000, 0.0000000000000000E+000, 0.0000000000000000E+000, 8.3500007167458534E-003, 0.0000000000000000E+000, 0.0000000000000000E+000, 0.0000000000000000E+000, 0.0000000000000000E+000, 0.0000000000000000E+000, 0.0000000000000000E+000, 0.0000000000000000E+000, 0.0000000000000000E+000, 0.0000000000000000E+000, 0.0000000000000000E+000, 0.0000000000000000E+000, 0.0000000000000000E+000, 4.5000000000000000E+008, 0.0000000000000000E+000, 0.0000000000000000E+000, 2.1000000834465027E-001, 0.0000000000000000E+000, 1.0999999940395355E-001, 0.0000000000000000E+000, 6.0000002384185791E-002, 0.0000000000000000E+000, 3.9999999105930328E-002, 0.0000000000000000E+000, 0.0000000000000000E+000, 0.0000000000000000E+000
after,1,2,2,7,1,0, 5.0000000000000000E-001, 1.0559999942779541E+000, 3.3500000000000000E+002, 2.6000000000000000E+002, 0.0000000000000000E+000, 0.0000000000000000E+000, 0.0000000000000000E+000, 0.0000000000000000E+000, 8.3500007167458534E-003, 1.2529085506685078E-004, 2.5096166064031422E-004, 1.0024075163528323E-004, 2.0051396859344095E-004, 2.6777561288326979E-004, 1.7585208115633577E-004, 4.1030136000000000E+007, 2.4281633300781250E+003, 2.1271739062500000E+005, 5.8677978515625000E+002, 1.6962136840820312E+002, 1.8765569686889648E+001, 4.0896998400000000E+008, 3.6239364931134332E-007, 1.8512476174237236E-007, 2.2000014781951904E-001, 1.4551397953255218E-007, 1.2000001221895218E-001, 7.0846986055528305E-009, 7.0000074803829193E-002, 7.1547461288901104E-008, 5.0000041723251343E-002, 4.3139760208532607E-008, 8.3683425188064575E-001, 3.2176328268462839E-009
after,1,3,3,7,1,0, 5.0000000000000000E-001, 1.0619999170303345E+000, 3.3700000000000000E+002, 2.6000000000000000E+002, 0.0000000000000000E+000, 0.0000000000000000E+000, 0.0000000000000000E+000, 0.0000000000000000E+000, 8.3500007167458534E-003, 8.3536295278463513E-005, 5.0216697854921222E-004, 1.2530859385151416E-004, 3.3416959922760725E-004, 5.8541056932881474E-004, 6.6911143949255347E-004, 3.0249643554687500E+003, 2.0965554199218750E+003, 5.0416674804687500E+003, 1.3976854492187500E+004, 5.8095825195312500E+003, 3.8342844238281250E+003, 4.5000000000000000E+008, 1.3901095599067048E-006, 9.1770743892993778E-007, 2.3000046610832214E-001, 4.6847063117638754E-007, 1.3000001013278961E-001, 1.5213977633266040E-008, 8.0000095069408417E-002, 9.8418148297696462E-008, 6.0000155121088028E-002, 1.5753204252177966E-007, 5.7882732152938843E-001, 6.2975278325438921E-009
after,1,4,4,7,1,0, 5.0000000000000000E-001, 1.0679999589920044E+000, 3.3900000000000000E+002, 2.6000000000000000E+002, 3.9341080992016941E-005, 2.9670540243387222E-005, 1.9670540496008471E-005, 2.3670540031162091E-005, 8.3500007167458534E-003, 2.4176353690563701E-005, 5.6711545767029747E-005, 3.5847195249516517E-005, 6.2530009017791599E-005, 0.0000000000000000E+000, 0.0000000000000000E+000, 2.9999998000000000E+007, 8.0000109375000000E+004, 1.4999945312500000E+005, 5.9999781250000000E+004, 0.0000000000000000E+000, 0.0000000000000000E+000, 4.5000000000000000E+008, 0.0000000000000000E+000, 0.0000000000000000E+000, 2.4003668129444122E-001, 3.6676843592431396E-005, 1.4001050591468811E-001, 1.0508960258448496E-005, 9.0000003576278687E-002, 0.0000000000000000E+000, 7.0000000298023224E-002, 0.0000000000000000E+000, 2.8652846813201904E-001, 4.6750137698836625E-006
after,1,5,5,7,1,0, 5.0000000000000000E-001, 1.0740000009536743E+000, 3.4100000000000000E+002, 2.6000000000000000E+002, 0.0000000000000000E+000, 0.0000000000000000E+000, 0.0000000000000000E+000, 0.0000000000000000E+000, 8.3500007167458534E-003, 0.0000000000000000E+000, 1.0243668220937252E-003, 2.2800013539381325E-004, 7.2602875297889113E-004, 1.0893981670960784E-003, 1.2544255005195737E-003, 0.0000000000000000E+000, 1.5651747131347656E+002, 3.8742584228515625E+001, 1.1102852783203125E+003, 3.4685763549804688E+002, 2.3373217773437500E+002, 4.5000000000000000E+008, 2.2695794541505165E-006, 1.5297872550945613E-006, 2.5000000000000000E-001, 0.0000000000000000E+000, 1.5000000596046448E-001, 0.0000000000000000E+000, 9.9999994039535522E-002, 0.0000000000000000E+000, 7.9999998211860657E-002, 0.0000000000000000E+000, 0.0000000000000000E+000, 0.0000000000000000E+000
after,1,6,6,7,1,0, 5.0000000000000000E-001, 1.0799999237060547E+000, 3.4300000000000000E+002, 2.6000000000000000E+002, 0.0000000000000000E+000, 0.0000000000000000E+000, 0.0000000000000000E+000, 0.0000000000000000E+000, 8.3500007167458534E-003, 0.0000000000000000E+000, 9.3261747679207474E-005, 2.7891765057574958E-005, 6.5081134380307049E-005, 7.4502160714473575E-005, 5.5894161050673574E-005, 0.0000000000000000E+000, 1.4782135009765625E+003, 4.9243490600585938E+002, 1.0341469726562500E+004, 2.2735012207031250E+003, 1.0431848144531250E+003, 4.5000000000000000E+008, 1.4327338249131572E-007, 6.5757838285662729E-008, 2.6003369688987732E-001, 3.3715776226017624E-005, 1.6000147163867950E-001, 1.4742641951670521E-006, 1.1000914126634598E-001, 9.1404981503728777E-006, 9.0008005499839783E-002, 8.0066047303262167E-006, 5.5230426788330078E-001, 9.0969371058235993E-007
after,1,1,1,8,1,0, 5.0000000000000000E-001, 1.0149999856948853E+000, 3.4600000000000000E+002, 2.6000000000000000E+002, 0.0000000000000000E+000, 0.0000000000000000E+000, 0.0000000000000000E+000, 0.0000000000000000E+000, 8.4000006318092346E-003, 0.0000000000000000E+000, 0.0000000000000000E+000, 0.0000000000000000E+000, 0.0000000000000000E+000, 0.0000000000000000E+000, 0.0000000000000000E+000, 0.0000000000000000E+000, 0.0000000000000000E+000, 0.0000000000000000E+000, 0.0000000000000000E+000, 0.0000000000000000E+000, 0.0000000000000000E+000, 4.5000000000000000E+008, 0.0000000000000000E+000, 0.0000000000000000E+000, 2.1000000834465027E-001, 0.0000000000000000E+000, 1.0999999940395355E-001, 0.0000000000000000E+000, 6.0000002384185791E-002, 0.0000000000000000E+000, 3.9999999105930328E-002, 0.0000000000000000E+000, 0.0000000000000000E+000, 0.0000000000000000E+000
after,1,2,2,8,1,0, 5.0000000000000000E-001, 1.0210000276565552E+000, 3.4800000000000000E+002, 2.6000000000000000E+002, 0.0000000000000000E+000, 0.0000000000000000E+000, 0.0000000000000000E+000, 0.0000000000000000E+000, 8.4000006318092346E-003, 1.4999955601524562E-004, 2.9953874764032662E-004, 1.1999013804597780E-004, 2.3994091316126287E-004, 3.1934058642946184E-004, 2.0946748554706573E-004, 4.9121728000000000E+007, 2.6029265136718750E+003, 2.5463009375000000E+005, 6.2941931152343750E+002, 1.8180130004882812E+002, 2.0103305816650391E+001, 4.0087811200000000E+008, 4.4693746303892112E-007, 2.2803556021244731E-007, 2.2000014781951904E-001, 1.4551397953255218E-007, 1.2000001221895218E-001, 7.0846986055528305E-009, 7.0000074803829193E-002, 7.1547461288901104E-008, 5.0000041723251343E-002, 4.3139760208532607E-008, 8.3683425188064575E-001, 3.2176328268462839E-009
after,1,3,3,8,1,0, 5.0000000000000000E-001, 1.0269999504089355E+000, 3.5000000000000000E+002, 2.6000000000000000E+002, 0.0000000000000000E+000, 0.0000000000000000E+000, 0.0000000000000000E+000, 0.0000000000000000E+000, 8.4000006318092346E-003, 9.9986893474124372E-005, 5.9921765932813287E-004, 1.4997861580923200E-004, 3.9994643884710968E-004, 6.9960037944838405E-004, 7.9940038267523050E-004, 2.9834914550781250E+003, 2.0023288574218750E+003, 4.9725346679687500E+003, 1.3358490234375000E+004, 5.2628085937500000E+003, 3.5784160156250000E+003, 4.5000000000000000E+008, 1.5753489606140647E-006, 1.0714660447774804E-006, 2.3000046610832214E-001, 4.6847063117638754E-007, 1.3000001013278961E-001, 1.5213977633266040E-008, 8.0000095069408417E-002, 9.8418148297696462E-008, 6.0000155121088028E-002, 1.5753204252177966E-007, 5.7882732152938843E-001, 6.2975278325438921E-009
after,1,4,4,8,1,0, 5.0000000000000000E-001, 1.0329999923706055E+000, 3.5200000000000000E+002, 2.6000000000000000E+002, 4.0000002627493814E-005, 3.0000001061125658E-005, 2.0000001313746907E-005, 2.4000000848900527E-005, 8.4000006318092346E-003, 2.4999984816531651E-005, 5.9990419686073437E-005, 3.6999208532506600E-005, 6.4997911977116019E-005, 0.0000000000000000E+000, 0.0000000000000000E+000, 2.9999990000000000E+007, 7.9998664062500000E+004, 1.4999884375000000E+005, 5.9999574218750000E+004, 0.0000000000000000E+000, 0.0000000000000000E+000, 4.5000000000000000E+008, 0.0000000000000000E+000, 0.0000000000000000E+000, 2.4003668129444122E-001, 3.6676843592431396E-005, 1.4001050591468811E-001, 1.0508960258448496E-005, 9.0000003576278687E-002, 0.0000000000000000E+000, 7.0000000298023224E-002, 0.0000000000000000E+000, 2.8652846813201904E-001, 4.6750137698836625E-006
after,1,5,5,8,1,0, 5.0000000000000000E-001, 1.0390000343322754E+000, 3.5400000000000000E+002, 2.6000000000000000E+002, 0.0000000000000000E+000, 0.0000000000000000E+000, 0.0000000000000000E+000, 0.0000000000000000E+000, 8.4000006318092346E-003, 0.0000000000000000E+000, 1.0563348187133670E-003, 2.3199999122880399E-004, 7.4402720201760530E-004, 1.1163833551108837E-003, 1.2764036655426025E-003, 0.0000000000000000E+000, 1.3874839782714844E+002, 3.3887435913085938E+001, 9.7806323242187500E+002, 3.0555346679687500E+002, 2.0444442749023438E+002, 4.5000000000000000E+008, 2.3257987322722329E-006, 1.5565897228952963E-006, 2.5000000000000000E-001, 0.0000000000000000E+000, 1.5000000596046448E-001, 0.0000000000000000E+000, 9.9999994039535522E-002, 0.0000000000000000E+000, 7.9999998211860657E-002, 0.0000000000000000E+000, 0.0000000000000000E+000, 0.0000000000000000E+000
after,1,6,6,8,1,0, 5.0000000000000000E-001, 1.0449999570846558E+000, 3.5600000000000000E+002, 2.6000000000000000E+002, 0.0000000000000000E+000, 0.0000000000000000E+000, 0.0000000000000000E+000, 0.0000000000000000E+000, 8.4000006318092346E-003, 0.0000000000000000E+000, 1.3385852798819542E-004, 4.0398037526756525E-005, 9.4268209068104625E-005, 1.0738120181486011E-004, 8.0484358477406204E-005, 0.0000000000000000E+000, 1.5215317382812500E+003, 5.0789334106445312E+002, 1.0668294921875000E+004, 2.3419191894531250E+003, 1.0734429931640625E+003, 4.5000000000000000E+008, 2.0650232102070731E-007, 9.4687479190724844E-008, 2.6003369688987732E-001, 3.3715776226017624E-005, 1.6000147163867950E-001, 1.4742641951670521E-006, 1.1000914126634598E-001, 9.1404981503728777E-006, 9.0008005499839783E-002, 8.0066047303262167E-006, 5.5230426788330078E-001, 9.0969371058235993E-007
after,1,1,1,9,1,0, 5.0000000000000000E-001, 9.8000001907348633E-001, 3.5900000000000000E+002, 2.6000000000000000E+002, 0.0000000000000000E+000, 0.0000000000000000E+000, 0.0000000000000000E+000, 0.0000000000000000E+000, 8.4500005468726158E-003, 0.0000000000000000E+000, 0.0000000000000000E+000, 0.0000000000000000E+000, 0.0000000000000000E+000, 0.0000000000000000E+000, 0.0000000000000000E+000, 0.0000000000000000E+000, 0.0000000000000000E+000, 0.0000000000000000E+000, 0.0000000000000000E+000, 0.0000000000000000E+000, 0.0000000000000000E+000, 4.5000000000000000E+008, 0.0000000000000000E+000, 0.0000000000000000E+000, 2.1000000834465027E-001, 0.0000000000000000E+000, 1.0999999940395355E-001, 0.0000000000000000E+000, 6.0000002384185791E-002, 0.0000000000000000E+000, 3.9999999105930328E-002, 0.0000000000000000E+000, 0.0000000000000000E+000, 0.0000000000000000E+000
after,1,2,2,9,1,0, 5.0000000000000000E-001, 9.8600000143051147E-001, 3.6100000000000000E+002, 2.6000000000000000E+002, 0.0000000000000000E+000, 0.0000000000000000E+000, 0.0000000000000000E+000, 0.0000000000000000E+000, 8.4500005468726158E-003, 1.2528972001746297E-004, 2.4973662220872939E-004, 1.0021313937613741E-004, 2.0035431953147054E-004, 2.6612772489897907E-004, 1.7442213720642030E-004, 4.1029768000000000E+007, 2.5535895996093750E+003, 2.1266512500000000E+005, 6.1762469482421875E+002, 1.7833190917968750E+002, 1.9712484359741211E+001, 4.0896995200000000E+008, 3.8564724036405096E-007, 1.9660006955746212E-007, 2.2000014781951904E-001, 1.4551397953255218E-007, 1.2000001221895218E-001, 7.0846986055528305E-009, 7.0000074803829193E-002, 7.1547461288901104E-008, 5.0000041723251343E-002, 4.3139760208532607E-008, 8.3683425188064575E-001, 3.2176328268462839E-009
after,1,3,3,9,1,0, 5.0000000000000000E-001, 9.9200004339218140E-001, 3.6300000000000000E+002, 2.6000000000000000E+002, 0.0000000000000000E+000, 0.0000000000000000E+000, 0.0000000000000000E+000, 0.0000000000000000E+000, 8.4500005468726158E-003, 8.3503109635785222E-005, 4.9930636305361986E-004, 1.2524868361651897E-004, 3.3398781670257449E-004, 5.8354344218969345E-004, 6.6667207283899188E-004, 2.0773608398437500E+003, 1.3556009521484375E+003, 3.4622763671875000E+003, 9.0490468750000000E+003, 3.3883291015625000E+003, 2.3686103515625000E+003, 4.5000000000000000E+008, 1.2493766234911163E-006, 8.7368425738532096E-007, 2.3000046610832214E-001, 4.6847063117638754E-007, 1.3000001013278961E-001, 1.5213977633266040E-008, 8.0000095069408417E-002, 9.8418148297696462E-008, 6.0000155121088028E-002, 1.5753204252177966E-007, 5.7882732152938843E-001, 6.2975278325438921E-009
after,1,4,4,9,1,0, 5.0000000000000000E-001, 9.9800002574920654E-001, 3.6500000000000000E+002, 2.6000000000000000E+002, 3.9341080992016941E-005, 2.9670540243387222E-005, 1.9670540496008471E-005, 2.3670540031162091E-005, 8.4500005468726158E-003, 2.4176328224712051E-005, 5.6688091717660427E-005, 3.5845539969159290E-005, 6.2525410612579435E-005, 0.0000000000000000E+000, 0.0000000000000000E+000, 2.9999986000000000E+007, 7.9997828125000000E+004, 1.4999850000000000E+005, 5.9999445312500000E+004, 0.0000000000000000E+000, 0.0000000000000000E+000, 4.5000000000000000E+008, 0.0000000000000000E+000, 0.0000000000000000E+000, 2.4003668129444122E-001, 3.6676843592431396E-005, 1.4001050591468811E-001, 1.0508960258448496E-005, 9.0000003576278687E-002, 0.0000000000000000E+000, 7.0000000298023224E-002, 0.0000000000000000E+000, 2.8652846813201904E-001, 4.6750137698836625E-006
after,1,5,5,9,1,0, 5.0000000000000000E-001, 1.0040000677108765E+000, 3.6700000000000000E+002, 2.6000000000000000E+002, 0.0000000000000000E+000, 0.0000000000000000E+000, 0.0000000000000000E+000, 0.0000000000000000E+000, 8.4500005468726158E-003, 0.0000000000000000E+000, 1.0883042123168707E-003, 2.3599980340804905E-004, 7.6202570926398039E-004, 1.1433685431256890E-003, 1.2983820633962750E-003, 0.0000000000000000E+000, 1.2377939605712891E+002, 2.9847936630249023E+001, 8.6736096191406250E+002, 2.7097128295898438E+002, 1.8007638549804688E+002, 4.5000000000000000E+008, 2.3820175556465983E-006, 1.5833926454433822E-006, 2.5000000000000000E-001, 0.0000000000000000E+000, 1.5000000596046448E-001, 0.0000000000000000E+000, 9.9999994039535522E-002, 0.0000000000000000E+000, 7.9999998211860657E-002, 0.0000000000000000E+000, 0.0000000000000000E+000, 0.0000000000000000E+000
after,1,6,6,9,1,0, 5.0000000000000000E-001, 1.0099999904632568E+000, 3.6900000000000000E+002, 2.6000000000000000E+002, 0.0000000000000000E+000, 0.0000000000000000E+000, 0.0000000000000000E+000, 0.0000000000000000E+000, 8.4500005468726158E-003, 0.0000000000000000E+000, 2.1313194338290486E-006, 6.3597305199891707E-008, 1.4955169547192781E-007, 1.0004669093177654E-006, 8.6781199115648633E-007, 0.0000000000000000E+000, 8.7518091201782227E+000, 4.0503320097923279E-001, 8.5720701217651367E+000, 7.7742943763732910E+000, 4.3942360877990723E+000, 4.5000000000000000E+008, 1.9239747572896704E-009, 1.0209553202855659E-009, 2.6003369688987732E-001, 3.3715776226017624E-005, 1.6000147163867950E-001, 1.4742641951670521E-006, 1.1000914126634598E-001, 9.1404981503728777E-006, 9.0008005499839783E-002, 8.0066047303262167E-006, 5.5230426788330078E-001, 9.0969371058235993E-007
after,1,1,1,10,1,0, 5.0000000000000000E-001, 9.4499999284744263E-001, 3.7200000000000000E+002, 2.6000000000000000E+002, 0.0000000000000000E+000, 0.0000000000000000E+000, 0.0000000000000000E+000, 0.0000000000000000E+000, 8.5000004619359970E-003, 0.0000000000000000E+000, 0.0000000000000000E+000, 0.0000000000000000E+000, 0.0000000000000000E+000, 0.0000000000000000E+000, 0.0000000000000000E+000, 0.0000000000000000E+000, 0.0000000000000000E+000, 0.0000000000000000E+000, 0.0000000000000000E+000, 0.0000000000000000E+000, 0.0000000000000000E+000, 4.5000000000000000E+008, 0.0000000000000000E+000, 0.0000000000000000E+000, 2.1000000834465027E-001, 0.0000000000000000E+000, 1.0999999940395355E-001, 0.0000000000000000E+000, 6.0000002384185791E-002, 0.0000000000000000E+000, 3.9999999105930328E-002, 0.0000000000000000E+000, 0.0000000000000000E+000, 0.0000000000000000E+000
after,1,2,2,10,1,0, 5.0000000000000000E-001, 9.5099997520446777E-001, 3.7400000000000000E+002, 2.6000000000000000E+002, 0.0000000000000000E+000, 0.0000000000000000E+000, 0.0000000000000000E+000, 0.0000000000000000E+000, 8.5000004619359970E-003, 7.3012204666156322E-005, 1.4542267308570445E-004, 5.8394743973622099E-005, 1.1673805420286953E-004, 1.5493840328417718E-004, 1.0149082663701847E-004, 2.3909972000000000E+007, 2.2920324707031250E+003, 1.2392254687500000E+005, 5.5442529296875000E+002, 1.6004992675781250E+002, 1.7685276031494141E+001, 4.2608979200000000E+008, 2.3276966487628670E-007, 1.1859492587973364E-007, 2.2000014781951904E-001, 1.4551397953255218E-007, 1.2000001221895218E-001, 7.0846986055528305E-009, 7.0000074803829193E-002, 7.1547461288901104E-008, 5.0000041723251343E-002, 4.3139760208532607E-008, 8.3683425188064575E-001, 3.2176328268462839E-009
after,1,3,3,10,1,0, 5.0000000000000000E-001, 9.5700001716613770E-001, 3.7600000000000000E+002, 2.6000000000000000E+002, 0.0000000000000000E+000, 0.0000000000000000E+000, 0.0000000000000000E+000, 0.0000000000000000E+000, 8.5000004619359970E-003, 4.8656533181201667E-005, 2.9046068084426224E-004, 7.2979149990715086E-005, 1.9459934264887124E-004, 3.3968957723118365E-004, 3.8804227369837463E-004, 1.0197382812500000E+003, 6.4920721435546875E+002, 1.6995509033203125E+003, 4.3356044921875000E+003, 1.5467974853515625E+003, 1.1096048583984375E+003, 4.5000000000000000E+008, 6.9317388806666713E-007, 4.9746330432753894E-007, 2.3000046610832214E-001, 4.6847063117638754E-007, 1.3000001013278961E-001, 1.5213977633266040E-008, 8.0000095069408417E-002, 9.8418148297696462E-008, 6.0000155121088028E-002, 1.5753204252177966E-007, 5.7882732152938843E-001, 6.2975278325438921E-009
after,1,4,4,10,1,0, 5.0000000000000000E-001, 9.6299999952316284E-001, 3.7800000000000000E+002, 2.6000000000000000E+002, 3.7947011151118204E-005, 2.8973505322937854E-005, 1.8973505575559102E-005, 2.2973505110712722E-005, 8.5000004619359970E-003, 2.2433743652072735E-005, 4.9721355026122183E-005, 3.3406147849746048E-005, 5.7298278989037499E-005, 0.0000000000000000E+000, 0.0000000000000000E+000, 2.9999988000000000E+007, 7.9998023437500000E+004, 1.4999859375000000E+005, 5.9999476562500000E+004, 0.0000000000000000E+000, 0.0000000000000000E+000, 4.4999996800000000E+008, 0.0000000000000000E+000, 0.0000000000000000E+000, 2.4003668129444122E-001, 3.6676843592431396E-005, 1.4001050591468811E-001, 1.0508960258448496E-005, 9.0000003576278687E-002, 0.0000000000000000E+000, 7.0000000298023224E-002, 0.0000000000000000E+000, 2.8652846813201904E-001, 4.6750137698836625E-006
after,1,5,5,10,1,0, 5.0000000000000000E-001, 9.6899998188018799E-001, 3.8000000000000000E+002, 2.6000000000000000E+002, 0.0000000000000000E+000, 0.0000000000000000E+000, 0.0000000000000000E+000, 0.0000000000000000E+000, 8.5000004619359970E-003, 0.0000000000000000E+000, 1.1201960733160377E-003, 2.3999967379495502E-004, 7.8002415830269456E-004, 1.1703532654792070E-003, 1.3203603448346257E-003, 0.0000000000000000E+000, 1.1105041503906250E+002, 2.6456415176391602E+001, 7.7384887695312500E+002, 2.4175866699218750E+002, 1.5961666870117188E+002, 4.5000000000000000E+008, 2.4382359242736129E-006, 1.6101955679914681E-006, 2.5000000000000000E-001, 0.0000000000000000E+000, 1.5000000596046448E-001, 0.0000000000000000E+000, 9.9999994039535522E-002, 0.0000000000000000E+000, 7.9999998211860657E-002, 0.0000000000000000E+000, 0.0000000000000000E+000, 0.0000000000000000E+000
after,1,6,6,10,1,0, 5.0000000000000000E-001, 9.7500002384185791E-001, 3.8200000000000000E+002, 2.6000000000000000E+002, 0.0000000000000000E+000, 0.0000000000000000E+000, 0.0000000000000000E+000, 0.0000000000000000E+000, 8.5000004619359970E-003, 0.0000000000000000E+000, 2.8446342912502587E-004, 8.5029801994096488E-005, 1.9841373432427645E-004, 2.2719911066815257E-004, 1.7045919958036393E-004, 0.0000000000000000E+000, 1.6251253662109375E+003, 5.4136444091796875E+002, 1.1369076171875000E+004, 2.4995170898437500E+003, 1.1468961181640625E+003, 4.5000000000000000E+008, 4.3692136841855245E-007, 2.0054024219007260E-007, 2.6003369688987732E-001, 3.3715776226017624E-005, 1.6000147163867950E-001, 1.4742641951670521E-006, 1.1000914126634598E-001, 9.1404981503728777E-006, 9.0008005499839783E-002, 8.0066047303262167E-006, 5.5230426788330078E-001, 9.0969371058235993E-007
after,1,1,1,11,1,0, 5.0000000000000000E-001, 9.0999996662139893E-001, 3.8500000000000000E+002, 2.6000000000000000E+002, 0.0000000000000000E+000, 0.0000000000000000E+000, 0.0000000000000000E+000, 0.0000000000000000E+000, 8.5500003769993782E-003, 0.0000000000000000E+000, 0.0000000000000000E+000, 0.0000000000000000E+000, 0.0000000000000000E+000, 0.0000000000000000E+000, 0.0000000000000000E+000, 0.0000000000000000E+000, 0.0000000000000000E+000, 0.0000000000000000E+000, 0.0000000000000000E+000, 0.0000000000000000E+000, 0.0000000000000000E+000, 4.5000003200000000E+008, 0.0000000000000000E+000, 0.0000000000000000E+000, 2.1000000834465027E-001, 0.0000000000000000E+000, 1.0999999940395355E-001, 0.0000000000000000E+000, 6.0000002384185791E-002, 0.0000000000000000E+000, 3.9999999105930328E-002, 0.0000000000000000E+000, 0.0000000000000000E+000, 0.0000000000000000E+000
after,1,2,2,11,1,0, 5.0000000000000000E-001, 9.1599994897842407E-001, 3.8700000000000000E+002, 2.6000000000000000E+002, 0.0000000000000000E+000, 0.0000000000000000E+000, 0.0000000000000000E+000, 0.0000000000000000E+000, 8.5500003769993782E-003, 2.9684504625038244E-005, 5.9129652072442695E-005, 2.3740374672343023E-005, 4.7460183850489557E-005, 6.2994935433380306E-005, 4.1262715967604890E-005, 9.7210570000000000E+006, 1.8823710937500000E+003, 5.0381070312500000E+004, 4.5533044433593750E+002, 1.3143457031250000E+002, 1.4521710395812988E+001, 4.4027884800000000E+008, 9.8251391023040924E-008, 5.0055994904596446E-008, 2.2000014781951904E-001, 1.4551397953255218E-007, 1.2000001221895218E-001, 7.0846986055528305E-009, 7.0000074803829193E-002, 7.1547461288901104E-008, 5.0000041723251343E-002, 4.3139760208532607E-008, 8.3683425188064575E-001, 3.2176328268462839E-009
after,1,3,3,11,1,0, 5.0000000000000000E-001, 9.2199999094009399E-001, 3.8900000000000000E+002, 2.6000000000000000E+002, 0.0000000000000000E+000, 0.0000000000000000E+000, 0.0000000000000000E+000, 0.0000000000000000E+000, 8.5500003769993782E-003, 1.9781087758019567E-005, 1.1794123565778136E-004, 2.9668604838661849E-005, 7.9108962381724268E-005, 1.3798737199977040E-004, 1.5762240218464285E-004, 3.5250082397460938E+002, 2.1955616760253906E+002, 5.8749017333984375E+002, 1.4667851562500000E+003, 4.9971990966796875E+002, 3.6724822998046875E+002, 4.5000000000000000E+008, 2.6896222493633104E-007, 1.9776213378008833E-007, 2.3000046610832214E-001, 4.6847063117638754E-007, 1.3000001013278961E-001, 1.5213977633266040E-008, 8.0000095069408417E-002, 9.8418148297696462E-008, 6.0000155121088028E-002, 1.5753204252177966E-007, 5.7882732152938843E-001, 6.2975278325438921E-009
after,1,4,4,11,1,0, 5.0000000000000000E-001, 9.2799997329711914E-001, 3.9100000000000000E+002, 2.6000000000000000E+002, 3.6791596357943490E-005, 2.8395797926350497E-005, 1.8395798178971745E-005, 2.2395797714125365E-005, 8.5500003769993782E-003, 2.0989484255551361E-005, 4.3950938561465591E-005, 3.1384646717924625E-005, 5.2966799557907507E-005, 0.0000000000000000E+000, 0.0000000000000000E+000, 2.9999992000000000E+007, 7.9998679687500000E+004, 1.4999884375000000E+005, 5.9999566406250000E+004, 0.0000000000000000E+000, 0.0000000000000000E+000, 4.5000000000000000E+008, 0.0000000000000000E+000, 0.0000000000000000E+000, 2.4003668129444122E-001, 3.6676843592431396E-005, 1.4001050591468811E-001, 1.0508960258448496E-005, 9.0000003576278687E-002, 0.0000000000000000E+000, 7.0000000298023224E-002, 0.0000000000000000E+000, 2.8652846813201904E-001, 4.6750137698836625E-006
after,1,5,5,11,1,0, 5.0000000000000000E-001, 9.3399995565414429E-001, 3.9300000000000000E+002, 2.6000000000000000E+002, 0.0000000000000000E+000, 0.0000000000000000E+000, 0.0000000000000000E+000, 0.0000000000000000E+000, 8.5500003769993782E-003, 0.0000000000000000E+000, 1.1521258857101202E-003, 2.4399948597420007E-004, 7.9802260734140873E-004, 1.1973376385867596E-003, 1.3423381606116891E-003, 0.0000000000000000E+000, 1.0015507507324219E+002, 2.3585300445556641E+001, 6.9421765136718750E+002, 2.1688208007812500E+002, 1.4229600524902344E+002, 4.5000000000000000E+008, 2.4944533834059257E-006, 1.6369978084185277E-006, 2.5000000000000000E-001, 0.0000000000000000E+000, 1.5000000596046448E-001, 0.0000000000000000E+000, 9.9999994039535522E-002, 0.0000000000000000E+000, 7.9999998211860657E-002, 0.0000000000000000E+000, 0.0000000000000000E+000, 0.0000000000000000E+000
after,1,6,6,11,1,0, 5.0000000000000000E-001, 9.3999993801116943E-001, 3.9500000000000000E+002, 2.6000000000000000E+002, 0.0000000000000000E+000, 0.0000000000000000E+000, 0.0000000000000000E+000, 0.0000000000000000E+000, 8.5500003769993782E-003, 0.0000000000000000E+000, 4.0758363320492208E-004, 1.2316323409322649E-004, 2.8736880631186068E-004, 3.2714693224988878E-004, 2.4518225109204650E-004, 0.0000000000000000E+000, 1.6717995605468750E+003, 5.5837835693359375E+002, 1.1727875976562500E+004, 2.5739394531250000E+003, 1.1796080322265625E+003, 4.5000000000000000E+008, 6.2912869225328905E-007, 2.8844971211583470E-007, 2.6003369688987732E-001, 3.3715776226017624E-005, 1.6000147163867950E-001, 1.4742641951670521E-006, 1.1000914126634598E-001, 9.1404981503728777E-006, 9.0008005499839783E-002, 8.0066047303262167E-006, 5.5230426788330078E-001, 9.0969371058235993E-007
after,1,1,1,12,1,0, 5.0000000000000000E-001, 8.7500000000000000E-001, 3.9800000000000000E+002, 2.6000000000000000E+002, 0.0000000000000000E+000, 0.0000000000000000E+000, 0.0000000000000000E+000, 0.0000000000000000E+000, 8.6000002920627594E-003, 0.0000000000000000E+000, 0.0000000000000000E+000, 0.0000000000000000E+000, 0.0000000000000000E+000, 0.0000000000000000E+000, 0.0000000000000000E+000, 0.0000000000000000E+000, 0.0000000000000000E+000, 0.0000000000000000E+000, 0.0000000000000000E+000, 0.0000000000000000E+000, 0.0000000000000000E+000, 4.5000003200000000E+008, 0.0000000000000000E+000, 0.0000000000000000E+000, 2.1000000834465027E-001, 0.0000000000000000E+000, 1.0999999940395355E-001, 0.0000000000000000E+000, 6.0000002384185791E-002, 0.0000000000000000E+000, 3.9999999105930328E-002, 0.0000000000000000E+000, 0.0000000000000000E+000, 0.0000000000000000E+000
after,1,2,2,12,1,0, 5.0000000000000000E-001, 8.8099998235702515E-001, 4.0000000000000000E+002, 2.6000000000000000E+002, 0.0000000000000000E+000, 0.0000000000000000E+000, 0.0000000000000000E+000, 0.0000000000000000E+000, 8.6000002920627594E-003, 8.4201228673919104E-006, 1.6783313185442239E-005, 6.7338378357817419E-006, 1.3462760762195103E-005, 1.7880100131151266E-005, 1.1714196261891630E-005, 2.7574142500000000E+006, 1.4145783691406250E+003, 1.4290408203125000E+004, 3.4214434814453125E+002, 9.8767974853515625E+001, 1.0912852287292480E+001, 4.4724252800000000E+008, 2.8994165290896490E-008, 1.4774542478335206E-008, 2.2000014781951904E-001, 1.4551397953255218E-007, 1.2000001221895218E-001, 7.0846986055528305E-009, 7.0000074803829193E-002, 7.1547461288901104E-008, 5.0000041723251343E-002, 4.3139760208532607E-008, 8.3683425188064575E-001, 3.2176328268462839E-009
after,1,3,3,12,1,0, 5.0000000000000000E-001, 8.8700002431869507E-001, 4.0200000000000000E+002, 2.6000000000000000E+002, 0.0000000000000000E+000, 0.0000000000000000E+000, 0.0000000000000000E+000, 0.0000000000000000E+000, 8.6000002920627594E-003, 5.6107915042957757E-006, 3.3422871638322249E-005, 8.4151515693520196E-006, 2.2437667212216184E-005, 3.9112692320486531E-005, 4.4678166887024418E-005, 8.5725242614746094E+001, 5.2360618591308594E+001, 1.4287094116210938E+002, 3.4990487670898438E+002, 1.1407039642333984E+002, 8.5752128601074219E+001, 4.5000000000000000E+008, 7.2967843323112902E-008, 5.4885717304387072E-008, 2.3000046610832214E-001, 4.6847063117638754E-007, 1.3000001013278961E-001, 1.5213977633266040E-008, 8.0000095069408417E-002, 9.8418148297696462E-008, 6.0000155121088028E-002, 1.5753204252177966E-007, 5.7882732152938843E-001, 6.2975278325438921E-009
after,1,4,4,12,1,0, 5.0000000000000000E-001, 8.9300000667572021E-001, 4.0400000000000000E+002, 2.6000000000000000E+002, 3.6224540963303298E-005, 2.8112270229030401E-005, 1.8112270481651649E-005, 2.2112270016805269E-005, 8.6000002920627594E-003, 2.0280667740735225E-005, 4.1119685192825273E-005, 3.0392593544092961E-005, 5.0841161282733083E-005, 0.0000000000000000E+000, 0.0000000000000000E+000, 2.9999994000000000E+007, 7.9999140625000000E+004, 1.4999900000000000E+005, 5.9999628906250000E+004, 0.0000000000000000E+000, 0.0000000000000000E+000, 4.5000000000000000E+008, 0.0000000000000000E+000, 0.0000000000000000E+000, 2.4003668129444122E-001, 3.6676843592431396E-005, 1.4001050591468811E-001, 1.0508960258448496E-005, 9.0000003576278687E-002, 0.0000000000000000E+000, 7.0000000298023224E-002, 0.0000000000000000E+000, 2.8652846813201904E-001, 4.6750137698836625E-006
after,1,5,5,12,1,0, 5.0000000000000000E-001, 8.9899998903274536E-001, 4.0600000000000000E+002, 2.6000000000000000E+002, 0.0000000000000000E+000, 0.0000000000000000E+000, 0.0000000000000000E+000, 0.0000000000000000E+000, 8.6000002920627594E-003, 0.0000000000000000E+000, 1.1841045925393701E-003, 2.4799929815344512E-004, 8.1602105638012290E-004, 1.2243214296177030E-003, 1.3643153943121433E-003, 0.0000000000000000E+000, 9.0763359069824219E+001, 2.1136363983154297E+001, 6.2590631103515625E+002, 1.9554153442382812E+002, 1.2752188873291016E+002, 4.5000000000000000E+008, 2.5506694782961858E-006, 1.6637991393508855E-006, 2.5000000000000000E-001, 0.0000000000000000E+000, 1.5000000596046448E-001, 0.0000000000000000E+000, 9.9999994039535522E-002, 0.0000000000000000E+000, 7.9999998211860657E-002, 0.0000000000000000E+000, 0.0000000000000000E+000, 0.0000000000000000E+000
after,1,6,6,12,1,0, 5.0000000000000000E-001, 9.0499997138977051E-001, 4.0800000000000000E+002, 2.6000000000000000E+002, 0.0000000000000000E+000, 0.0000000000000000E+000, 0.0000000000000000E+000, 0.0000000000000000E+000, 8.6000002920627594E-003, 0.0000000000000000E+000, 7.5330294748710003E-006, 1.8485837927073590E-007, 5.0142557483923156E-007, 3.5687585295818280E-006, 3.0832786706014303E-006, 0.0000000000000000E+000, 1.1855409622192383E+001, 4.2454993724822998E-001, 1.0364268302917480E+001, 1.0000303268432617E+001, 5.6299967765808105E+000, 4.5000000000000000E+008, 6.8629972815870133E-009, 3.6273868353475791E-009, 2.6003369688987732E-001, 3.3715776226017624E-005, 1.6000147163867950E-001, 1.4742641951670521E-006, 1.1000914126634598E-001, 9.1404981503728777E-006, 9.0008005499839783E-002, 8.0066047303262167E-006, 5.5230426788330078E-001, 9.0969371058235993E-007
after,1,1,1,13,1,0, 5.0000000000000000E-001, 8.3999997377395630E-001, 4.1100000000000000E+002, 2.6000000000000000E+002, 0.0000000000000000E+000, 0.0000000000000000E+000, 0.0000000000000000E+000, 0.0000000000000000E+000, 8.6500002071261406E-003, 0.0000000000000000E+000, 0.0000000000000000E+000, 0.0000000000000000E+000, 0.0000000000000000E+000, 0.0000000000000000E+000, 0.0000000000000000E+000, 0.0000000000000000E+000, 0.0000000000000000E+000, 0.0000000000000000E+000, 0.0000000000000000E+000, 0.0000000000000000E+000, 0.0000000000000000E+000, 4.5000000000000000E+008, 0.0000000000000000E+000, 0.0000000000000000E+000, 2.1000000834465027E-001, 0.0000000000000000E+000, 1.0999999940395355E-001, 0.0000000000000000E+000, 6.0000002384185791E-002, 0.0000000000000000E+000, 3.9999999105930328E-002, 0.0000000000000000E+000, 0.0000000000000000E+000, 0.0000000000000000E+000
after,1,2,2,13,1,0, 5.0000000000000000E-001, 8.4599995613098145E-001, 4.1300000000000000E+002, 2.6000000000000000E+002, 0.0000000000000000E+000, 0.0000000000000000E+000, 0.0000000000000000E+000, 0.0000000000000000E+000, 8.6500002071261406E-003, 1.6663308315401082E-006, 3.3243916277569951E-006, 1.3325900454219664E-006, 2.6644843273970764E-006, 3.5416601349425036E-006, 2.3210463950817939E-006, 5.4568856250000000E+005, 9.7275384521484375E+002, 2.8280036621093750E+003, 2.3524916076660156E+002, 6.7919067382812500E+001, 7.5052270889282227E+000, 4.4945427200000000E+008, 5.9806186669675299E-009, 3.0484665902719144E-009, 2.2000014781951904E-001, 1.4551397953255218E-007, 1.2000001221895218E-001, 7.0846986055528305E-009, 7.0000074803829193E-002, 7.1547461288901104E-008, 5.0000041723251343E-002, 4.3139760208532607E-008, 8.3683425188064575E-001, 3.2176328268462839E-009
after,1,3,3,13,1,0, 5.0000000000000000E-001, 8.5199999809265137E-001, 4.1500000000000000E+002, 2.6000000000000000E+002, 0.0000000000000000E+000, 0.0000000000000000E+000, 0.0000000000000000E+000, 0.0000000000000000E+000, 8.6500002071261406E-003, 1.1103484212071635E-006, 6.6096640694013331E-006, 1.6652871863698238E-006, 4.4401049308362417E-006, 7.7357271948130801E-006, 8.8366277850582264E-006, 1.4654745101928711E+001, 8.7952461242675781E+000, 2.4423509597778320E+001, 5.8788871765136719E+001, 1.8373498916625977E+001, 1.4109196662902832E+001, 4.5000000000000000E+008, 1.3838033829927099E-008, 1.0633527836034773E-008, 2.3000046610832214E-001, 4.6847063117638754E-007, 1.3000001013278961E-001, 1.5213977633266040E-008, 8.0000095069408417E-002, 9.8418148297696462E-008, 6.0000155121088028E-002, 1.5753204252177966E-007, 5.7882732152938843E-001, 6.2975278325438921E-009
after,1,4,4,13,1,0, 5.0000000000000000E-001, 8.5799998044967651E-001, 4.1700000000000000E+002, 2.6000000000000000E+002, 3.6044435546500608E-005, 2.8022217520629056E-005, 1.8022217773250304E-005, 2.2022217308403924E-005, 8.6500002071261406E-003, 2.0055540517205372E-005, 4.0220566006610170E-005, 3.0077513656578958E-005, 5.0166057917522267E-005, 0.0000000000000000E+000, 0.0000000000000000E+000, 2.9999994000000000E+007, 7.9999312500000000E+004, 1.4999906250000000E+005, 5.9999644531250000E+004, 0.0000000000000000E+000, 0.0000000000000000E+000, 4.5000000000000000E+008, 0.0000000000000000E+000, 0.0000000000000000E+000, 2.4003668129444122E-001, 3.6676843592431396E-005, 1.4001050591468811E-001, 1.0508960258448496E-005, 9.0000003576278687E-002, 0.0000000000000000E+000, 7.0000000298023224E-002, 0.0000000000000000E+000, 2.8652846813201904E-001, 4.6750137698836625E-006
after,1,5,5,13,1,0, 5.0000000000000000E-001, 8.6399996280670166E-001, 4.1900000000000000E+002, 2.6000000000000000E+002, 0.0000000000000000E+000, 0.0000000000000000E+000, 0.0000000000000000E+000, 0.0000000000000000E+000, 8.6500002071261406E-003, 0.0000000000000000E+000, 1.2160824844613671E-003, 2.5199909578077495E-004, 8.3401938900351524E-004, 1.2513040564954281E-003, 1.3862915802747011E-003, 0.0000000000000000E+000, 8.2609733581542969E+001, 1.9033042907714844E+001, 5.6690954589843750E+002, 1.7711062622070312E+002, 1.1483255004882812E+002, 4.4999996800000000E+008, 2.6068837541970424E-006, 1.6905995607885416E-006, 2.5000000000000000E-001, 0.0000000000000000E+000, 1.5000000596046448E-001, 0.0000000000000000E+000, 9.9999994039535522E-002, 0.0000000000000000E+000, 7.9999998211860657E-002, 0.0000000000000000E+000, 0.0000000000000000E+000, 0.0000000000000000E+000
after,1,6,6,13,1,0, 5.0000000000000000E-001, 8.7000000476837158E-001, 4.2100000000000000E+002, 2.6000000000000000E+002, 0.0000000000000000E+000, 0.0000000000000000E+000, 0.0000000000000000E+000, 0.0000000000000000E+000, 8.6500002071261406E-003, 0.0000000000000000E+000, 8.6763477884232998E-004, 2.5922019267454743E-004, 6.0491176554933190E-004, 6.9291866384446621E-004, 5.1989633357152343E-004, 0.0000000000000000E+000, 1.7865614013671875E+003, 5.9515570068359375E+002, 1.2498799804687500E+004, 2.7480302734375000E+003, 1.2609324951171875E+003, 4.5000000000000000E+008, 1.3325358168003731E-006, 6.1164274711700273E-007, 2.6003369688987732E-001, 3.3715776226017624E-005, 1.6000147163867950E-001, 1.4742641951670521E-006, 1.1000914126634598E-001, 9.1404981503728777E-006, 9.0008005499839783E-002, 8.0066047303262167E-006, 5.5230426788330078E-001, 9.0969371058235993E-007
after,1,1,1,14,1,0, 5.0000000000000000E-001, 8.0499994754791260E-001, 4.2400000000000000E+002, 2.6000000000000000E+002, 0.0000000000000000E+000, 0.0000000000000000E+000, 0.0000000000000000E+000, 0.0000000000000000E+000, 8.7000001221895218E-003, 0.0000000000000000E+000, 0.0000000000000000E+000, 0.0000000000000000E+000, 0.0000000000000000E+000, 0.0000000000000000E+000, 0.0000000000000000E+000, 0.0000000000000000E+000, 0.0000000000000000E+000, 0.0000000000000000E+000, 0.0000000000000000E+000, 0.0000000000000000E+000, 0.0000000000000000E+000, 4.5000000000000000E+008, 0.0000000000000000E+000, 0.0000000000000000E+000, 2.1000000834465027E-001, 0.0000000000000000E+000, 1.0999999940395355E-001, 0.0000000000000000E+000, 6.0000002384185791E-002, 0.0000000000000000E+000, 3.9999999105930328E-002, 0.0000000000000000E+000, 0.0000000000000000E+000, 0.0000000000000000E+000
after,1,2,2,14,1,0, 5.0000000000000000E-001, 8.1099992990493774E-001, 4.2600000000000000E+002, 2.6000000000000000E+002, 0.0000000000000000E+000, 0.0000000000000000E+000, 0.0000000000000000E+000, 0.0000000000000000E+000, 8.7000001221895218E-003, 2.3006862193142297E-007, 4.5935573211863812E-007, 1.8397980738882325E-007, 3.6790649460272107E-007, 4.8936180974123999E-007, 3.2079077527669142E-007, 7.5342671875000000E+004, 6.1205847167968750E+002, 3.9044253540039062E+002, 1.4799960327148438E+002, 4.2722663879394531E+001, 4.7197251319885254E+000, 4.4992470400000000E+008, 8.6200785398560242E-010, 4.3949965888856468E-010, 2.2000014781951904E-001, 1.4551397953255218E-007, 1.2000001221895218E-001, 7.0846986055528305E-009, 7.0000074803829193E-002, 7.1547461288901104E-008, 5.0000041723251343E-002, 4.3139760208532607E-008, 8.3683425188064575E-001, 3.2176328268462839E-009
after,1,3,3,14,1,0, 5.0000000000000000E-001, 8.1699997186660767E-001, 4.2800000000000000E+002, 2.6000000000000000E+002, 0.0000000000000000E+000, 0.0000000000000000E+000, 0.0000000000000000E+000, 0.0000000000000000E+000, 8.7000001221895218E-003, 1.5329594305057981E-007, 9.1122535650356440E-007, 2.2990356285390590E-007, 6.1295764908209094E-007, 1.0668483128029038E-006, 1.2186519597889856E-006, 1.7597209215164185E+000, 1.0392255783081055E+000, 2.9326851367950439E+000, 6.9495387077331543E+000, 2.0854492187500000E+000, 1.6336253881454468E+000, 4.5000000000000000E+008, 1.8330725826132266E-009, 1.4370895584647769E-009, 2.3000046610832214E-001, 4.6847063117638754E-007, 1.3000001013278961E-001, 1.5213977633266040E-008, 8.0000095069408417E-002, 9.8418148297696462E-008, 6.0000155121088028E-002, 1.5753204252177966E-007, 5.7882732152938843E-001, 6.2975278325438921E-009
after,1,4,4,14,1,0, 5.0000000000000000E-001, 8.2299995422363281E-001, 4.3000000000000000E+002, 2.6000000000000000E+002, 3.6006134905619547E-005, 2.8003067200188525E-005, 1.8003067452809773E-005, 2.2003066987963393E-005, 8.7000001221895218E-003, 2.0007577404612675E-005, 3.9971280784811825E-005, 3.0000132028362714E-005, 4.9999165639746934E-005, 0.0000000000000000E+000, 0.0000000000000000E+000, 2.9999864000000000E+007, 7.9969085937500000E+004, 1.4995520312500000E+005, 5.9983175781250000E+004, 0.0000000000000000E+000, 0.0000000000000000E+000, 4.5000000000000000E+008, 0.0000000000000000E+000, 0.0000000000000000E+000, 2.4003668129444122E-001, 3.6676843592431396E-005, 1.4001050591468811E-001, 1.0508960258448496E-005, 9.0000003576278687E-002, 0.0000000000000000E+000, 7.0000000298023224E-002, 0.0000000000000000E+000, 2.8652846813201904E-001, 4.6750137698836625E-006
after,1,5,5,14,1,0, 5.0000000000000000E-001, 8.2899993658065796E-001, 4.3200000000000000E+002, 2.6000000000000000E+002, 0.0000000000000000E+000, 0.0000000000000000E+000, 0.0000000000000000E+000, 0.0000000000000000E+000, 8.7000001221895218E-003, 0.0000000000000000E+000, 1.2322106631472707E-003, 2.5581620866432786E-004, 8.5083430167287588E-004, 1.2650727294385433E-003, 1.3914408627897501E-003, 0.0000000000000000E+000, 7.5072128295898438E+001, 1.7205759048461914E+001, 5.1526409912109375E+002, 1.6050018310546875E+002, 1.0324057006835938E+002, 4.5000000000000000E+008, 2.6355683075962588E-006, 1.6968791669569327E-006, 2.5000000000000000E-001, 0.0000000000000000E+000, 1.5000000596046448E-001, 0.0000000000000000E+000, 9.9999994039535522E-002, 0.0000000000000000E+000, 7.9999998211860657E-002, 0.0000000000000000E+000, 0.0000000000000000E+000, 0.0000000000000000E+000
after,1,6,6,14,1,0, 5.0000000000000000E-001, 8.3499991893768311E-001, 4.3400000000000000E+002, 2.6000000000000000E+002, 0.0000000000000000E+000, 0.0000000000000000E+000, 0.0000000000000000E+000, 0.0000000000000000E+000, 8.7000001221895218E-003, 0.0000000000000000E+000, 1.2409733608365059E-003, 3.7548804539255798E-004, 8.7600189726799726E-004, 9.9648477043956518E-004, 7.4673962080851197E-004, 0.0000000000000000E+000, 1.8366459960937500E+003, 6.1387457275390625E+002, 1.2892541992187500E+004, 2.8287226562500000E+003, 1.2961101074218750E+003, 4.5000000000000000E+008, 1.9163169326930074E-006, 8.7851725538712344E-007, 2.6003369688987732E-001, 3.3715776226017624E-005, 1.6000147163867950E-001, 1.4742641951670521E-006, 1.1000914126634598E-001, 9.1404981503728777E-006, 9.0008005499839783E-002, 8.0066047303262167E-006, 5.5230426788330078E-001, 9.0969371058235993E-007
before,2,1,1,1,0,1, 6.0000000000000000E+001, 1.2599999904632568E+000, 3.4000000000000000E+001, 2.6000000000000000E+002, 0.0000000000000000E+000, 0.0000000000000000E+000, 0.0000000000000000E+000, 0.0000000000000000E+000, 8.0500002950429916E-003, 0.0000000000000000E+000, 0.0000000000000000E+000, 0.0000000000000000E+000, 0.0000000000000000E+000, 0.0000000000000000E+000, 0.0000000000000000E+000, 0.0000000000000000E+000, 0.0000000000000000E+000, 0.0000000000000000E+000, 0.0000000000000000E+000, 0.0000000000000000E+000, 0.0000000000000000E+000, 4.5000000000000000E+008, 0.0000000000000000E+000, 0.0000000000000000E+000, 4.0999999642372131E-001,-9.0000000000000000E+000, 2.1000000834465027E-001,-9.0000000000000000E+000, 1.0999999940395355E-001,-9.0000000000000000E+000, 7.0000000298023224E-002,-9.0000000000000000E+000,-9.0000000000000000E+000, 0.0000000000000000E+000
before,2,2,2,1,0,1, 6.0000000000000000E+001, 1.2660000324249268E+000, 4.1000000000000000E+001, 2.6000000000000000E+002, 0.0000000000000000E+000, 0.0000000000000000E+000, 0.0000000000000000E+000, 0.0000000000000000E+000, 8.0500002950429916E-003, 2.2162240043144266E-008, 4.4324480086288531E-008, 1.7729790968701309E-008, 3.5459581937402618E-008, 4.7279442583203490E-008, 3.1027134639316500E-008, 0.0000000000000000E+000, 0.0000000000000000E+000, 0.0000000000000000E+000, 0.0000000000000000E+000, 0.0000000000000000E+000, 0.0000000000000000E+000, 4.5000000000000000E+008, 0.0000000000000000E+000, 0.0000000000000000E+000, 4.2000001668930054E-001,-9.0000000000000000E+000, 2.1999999880790710E-001,-9.0000000000000000E+000, 1.2000000476837158E-001,-9.0000000000000000E+000, 7.9999998211860657E-002,-9.0000000000000000E+000,-9.0000000000000000E+000, 0.0000000000000000E+000
before,2,3,3,1,0,1, 6.0000000000000000E+001, 1.2719999551773071E+000, 4.8000000000000000E+001, 2.6000000000000000E+002, 0.0000000000000000E+000, 0.0000000000000000E+000, 0.0000000000000000E+000, 0.0000000000000000E+000, 8.0500002950429916E-003, 1.4774825807251091E-008, 8.8648960172577063E-008, 2.2162240043144266E-008, 5.9099303229004363E-008, 1.0342377976257922E-007, 1.1819860645800873E-007, 2.4772851467132568E+000, 2.4565367698669434E+000, 4.1288089752197266E+000, 1.6376911163330078E+001, 1.0127065658569336E+001, 5.2238950729370117E+000, 4.5000000000000000E+008, 3.6545505510687804E-010, 1.8851452343593422E-010, 4.3000000715255737E-001,-9.0000000000000000E+000, 2.3000000417232513E-001,-9.0000000000000000E+000, 1.2999999523162842E-001,-9.0000000000000000E+000, 8.9999996125698090E-002,-9.0000000000000000E+000,-9.0000000000000000E+000, 0.0000000000000000E+000
before,2,4,4,1,0,1, 6.0000000000000000E+001, 1.2779999971389771E+000, 2.0000000000000000E+001, 2.6000000000000000E+002, 3.0000492756698804E-007, 2.3333579690643091E-007, 1.5000246378349402E-007, 1.8333578566398501E-007, 8.0500002950429916E-003, 2.0000738004455343E-005, 4.0002953028306365E-005, 3.0001034247106872E-005, 5.0002214265987277E-005, 0.0000000000000000E+000, 0.0000000000000000E+000, 3.0000000000000000E+007, 8.0000000000000000E+004, 1.5000000000000000E+005, 6.0000000000000000E+004, 0.0000000000000000E+000, 0.0000000000000000E+000, 4.5000000000000000E+008, 0.0000000000000000E+000, 0.0000000000000000E+000, 4.3999999761581421E-001,-9.0000000000000000E+000, 2.4000000953674316E-001,-9.0000000000000000E+000, 1.4000000059604645E-001,-9.0000000000000000E+000, 9.9999994039535522E-002,-9.0000000000000000E+000,-9.0000000000000000E+000, 0.0000000000000000E+000
before,2,5,5,1,0,1, 6.0000000000000000E+001, 1.2840000391006470E+000, 2.7000000000000000E+001, 2.6000000000000000E+002, 0.0000000000000000E+000, 0.0000000000000000E+000, 0.0000000000000000E+000, 0.0000000000000000E+000, 8.0500002950429916E-003, 0.0000000000000000E+000, 0.0000000000000000E+000, 0.0000000000000000E+000, 0.0000000000000000E+000, 0.0000000000000000E+000, 0.0000000000000000E+000, 0.0000000000000000E+000, 0.0000000000000000E+000, 0.0000000000000000E+000, 0.0000000000000000E+000, 0.0000000000000000E+000, 0.0000000000000000E+000, 4.5000000000000000E+008, 0.0000000000000000E+000, 0.0000000000000000E+000, 4.4999998807907104E-001,-9.0000000000000000E+000, 2.5000000000000000E-001,-9.0000000000000000E+000, 1.5000000596046448E-001,-9.0000000000000000E+000, 1.0999999940395355E-001,-9.0000000000000000E+000,-9.0000000000000000E+000, 0.0000000000000000E+000
before,2,6,6,1,0,1, 6.0000000000000000E+001, 1.2899999618530273E+000, 3.4000000000000000E+001, 2.6000000000000000E+002, 0.0000000000000000E+000, 0.0000000000000000E+000, 0.0000000000000000E+000, 0.0000000000000000E+000, 8.0500002950429916E-003, 0.0000000000000000E+000, 9.9999997473787516E-006, 3.0000001061125658E-006, 6.9999996412661858E-006, 7.9999999798019417E-006, 6.0000002122251317E-006, 0.0000000000000000E+000, 1.2223092041015625E+003, 4.0743640136718750E+002, 8.5561640625000000E+003, 1.8804757080078125E+003, 8.6280651855468750E+002, 4.5000000000000000E+008, 1.5384614471258828E-008, 7.0588237477409166E-009, 4.6000000834465027E-001,-9.0000000000000000E+000, 2.5999999046325684E-001,-9.0000000000000000E+000, 1.5999999642372131E-001,-9.0000000000000000E+000, 1.1999999731779099E-001,-9.0000000000000000E+000,-9.0000000000000000E+000, 0.0000000000000000E+000
before,2,1,1,2,0,1, 6.0000000000000000E+001, 1.2250000238418579E+000, 4.1000000000000000E+001, 2.6000000000000000E+002, 0.0000000000000000E+000, 0.0000000000000000E+000, 0.0000000000000000E+000, 0.0000000000000000E+000, 8.1000002101063728E-003, 0.0000000000000000E+000, 0.0000000000000000E+000, 0.0000000000000000E+000, 0.0000000000000000E+000, 0.0000000000000000E+000, 0.0000000000000000E+000, 0.0000000000000000E+000, 0.0000000000000000E+000, 0.0000000000000000E+000, 0.0000000000000000E+000, 0.0000000000000000E+000, 0.0000000000000000E+000, 4.5000000000000000E+008, 0.0000000000000000E+000, 0.0000000000000000E+000, 4.0999999642372131E-001,-9.0000000000000000E+000, 2.1000000834465027E-001,-9.0000000000000000E+000, 1.0999999940395355E-001,-9.0000000000000000E+000, 7.0000000298023224E-002,-9.0000000000000000E+000,-9.0000000000000000E+000, 0.0000000000000000E+000
before,2,2,2,2,0,1, 6.0000000000000000E+001, 1.2310000658035278E+000, 4.8000000000000000E+001, 2.6000000000000000E+002, 0.0000000000000000E+000, 0.0000000000000000E+000, 0.0000000000000000E+000, 0.0000000000000000E+000, 8.1000002101063728E-003, 2.3007150673493015E-007, 4.6014301346986031E-007, 1.8405718549274752E-007, 3.6811437098549504E-007, 4.9081916131399339E-007, 3.2210007816502184E-007, 0.0000000000000000E+000, 0.0000000000000000E+000, 0.0000000000000000E+000, 0.0000000000000000E+000, 0.0000000000000000E+000, 0.0000000000000000E+000, 4.5000000000000000E+008, 0.0000000000000000E+000, 0.0000000000000000E+000, 4.2000001668930054E-001,-9.0000000000000000E+000, 2.1999999880790710E-001,-9.0000000000000000E+000, 1.2000000476837158E-001,-9.0000000000000000E+000, 7.9999998211860657E-002,-9.0000000000000000E+000,-9.0000000000000000E+000, 0.0000000000000000E+000
before,2,3,3,2,0,1, 6.0000000000000000E+001, 1.2369999885559082E+000, 2.0000000000000000E+001, 2.6000000000000000E+002, 0.0000000000000000E+000, 0.0000000000000000E+000, 0.0000000000000000E+000, 0.0000000000000000E+000, 8.1000002101063728E-003, 1.5338099501605029E-007, 9.2028602693972061E-007, 2.3007150673493015E-007, 6.1352398006420117E-007, 1.0736669082689332E-006, 1.2270479601284023E-006, 1.8747905731201172E+001, 1.6928968429565430E+001, 3.1246511459350586E+001, 1.1285977935791016E+002, 6.4543991088867188E+001, 3.5049621582031250E+001, 4.5000000000000000E+008, 3.5087153182900011E-009, 1.9053538746760523E-009, 4.3000000715255737E-001,-9.0000000000000000E+000, 2.3000000417232513E-001,-9.0000000000000000E+000, 1.2999999523162842E-001,-9.0000000000000000E+000, 8.9999996125698090E-002,-9.0000000000000000E+000,-9.0000000000000000E+000, 0.0000000000000000E+000
before,2,4,4,2,0,1, 6.0000000000000000E+001, 1.2430000305175781E+000, 2.7000000000000000E+001, 2.6000000000000000E+002, 3.0005111284481245E-007, 2.3335888954534312E-007, 1.5002555642240623E-007, 1.8335889251375193E-007, 8.1000002101063728E-003, 2.0007668354082853E-005, 4.0030674426816404E-005, 3.0010736736585386E-005, 5.0023005314869806E-005, 0.0000000000000000E+000, 0.0000000000000000E+000, 3.0000000000000000E+007, 8.0000000000000000E+004, 1.5000000000000000E+005, 6.0000000000000000E+004, 0.0000000000000000E+000, 0.0000000000000000E+000, 4.5000000000000000E+008, 0.0000000000000000E+000, 0.0000000000000000E+000, 4.3999999761581421E-001,-9.0000000000000000E+000, 2.4000000953674316E-001,-9.0000000000000000E+000, 1.4000000059604645E-001,-9.0000000000000000E+000, 9.9999994039535522E-002,-9.0000000000000000E+000,-9.0000000000000000E+000, 0.0000000000000000E+000
before,2,5,5,2,0,1, 6.0000000000000000E+001, 1.2490000724792480E+000, 3.4000000000000000E+001, 2.6000000000000000E+002, 0.0000000000000000E+000, 0.0000000000000000E+000, 0.0000000000000000E+000, 0.0000000000000000E+000, 8.1000002101063728E-003, 0.0000000000000000E+000, 0.0000000000000000E+000, 0.0000000000000000E+000, 0.0000000000000000E+000, 0.0000000000000000E+000, 0.0000000000000000E+000, 0.0000000000000000E+000, 0.0000000000000000E+000, 0.0000000000000000E+000, 0.0000000000000000E+000, 0.0000000000000000E+000, 0.0000000000000000E+000, 4.5000000000000000E+008, 0.0000000000000000E+000, 0.0000000000000000E+000, 4.4999998807907104E-001,-9.0000000000000000E+000, 2.5000000000000000E-001,-9.0000000000000000E+000, 1.5000000596046448E-001,-9.0000000000000000E+000, 1.0999999940395355E-001,-9.0000000000000000E+000,-9.0000000000000000E+000, 0.0000000000000000E+000
before,2,6,6,2,0,1, 6.0000000000000000E+001, 1.2549999952316284E+000, 4.1000000000000000E+001, 2.6000000000000000E+002, 0.0000000000000000E+000, 0.0000000000000000E+000, 0.0000000000000000E+000, 0.0000000000000000E+000, 8.1000002101063728E-003, 0.0000000000000000E+000, 1.4500000361294951E-005, 4.3500003812368959E-006, 1.0149999980058055E-005, 1.1600000107137021E-005, 8.7000007624737918E-006, 0.0000000000000000E+000, 1.2615227050781250E+003, 4.2050756835937500E+002, 8.8306582031250000E+003, 1.9408040771484375E+003, 8.9048657226562500E+002, 4.5000000000000000E+008, 2.2307691693868037E-008, 1.0235295277993828E-008, 4.6000000834465027E-001,-9.0000000000000000E+000, 2.5999999046325684E-001,-9.0000000000000000E+000, 1.5999999642372131E-001,-9.0000000000000000E+000, 1.1999999731779099E-001,-9.0000000000000000E+000,-9.0000000000000000E+000, 0.0000000000000000E+000
before,2,1,1,3,0,1, 6.0000000000000000E+001, 1.1899999380111694E+000, 4.8000000000000000E+001, 2.6000000000000000E+002, 0.0000000000000000E+000, 0.0000000000000000E+000, 0.0000000000000000E+000, 0.0000000000000000E+000, 8.1500001251697540E-003, 0.0000000000000000E+000, 0.0000000000000000E+000, 0.0000000000000000E+000, 0.0000000000000000E+000, 0.0000000000000000E+000, 0.0000000000000000E+000, 0.0000000000000000E+000, 0.0000000000000000E+000, 0.0000000000000000E+000, 0.0000000000000000E+000, 0.0000000000000000E+000, 0.0000000000000000E+000, 4.5000000000000000E+008, 0.0000000000000000E+000, 0.0000000000000000E+000, 4.0999999642372131E-001,-9.0000000000000000E+000, 2.1000000834465027E-001,-9.0000000000000000E+000, 1.0999999940395355E-001,-9.0000000000000000E+000, 7.0000000298023224E-002,-9.0000000000000000E+000,-9.0000000000000000E+000, 0.0000000000000000E+000
before,2,2,2,3,0,1, 6.0000000000000000E+001, 1.1959999799728394E+000, 2.0000000000000000E+001, 2.6000000000000000E+002, 0.0000000000000000E+000, 0.0000000000000000E+000, 0.0000000000000000E+000, 0.0000000000000000E+000, 8.1500001251697540E-003, 1.6663494761814945E-006, 3.3326989523629891E-006, 1.3330795809451956E-006, 2.6661591618903913E-006, 3.5548787309380714E-006, 2.3328891529672546E-006, 0.0000000000000000E+000, 0.0000000000000000E+000, 0.0000000000000000E+000, 0.0000000000000000E+000, 0.0000000000000000E+000, 0.0000000000000000E+000, 4.5000000000000000E+008, 0.0000000000000000E+000, 0.0000000000000000E+000, 4.2000001668930054E-001,-9.0000000000000000E+000, 2.1999999880790710E-001,-9.0000000000000000E+000, 1.2000000476837158E-001,-9.0000000000000000E+000, 7.9999998211860657E-002,-9.0000000000000000E+000,-9.0000000000000000E+000, 0.0000000000000000E+000
before,2,3,3,3,0,1, 6.0000000000000000E+001, 1.2019999027252197E+000, 2.7000000000000000E+001, 2.6000000000000000E+002, 0.0000000000000000E+000, 0.0000000000000000E+000, 0.0000000000000000E+000, 0.0000000000000000E+000, 8.1500001251697540E-003, 1.1108995749964379E-006, 6.6653979047259782E-006, 1.6663494761814945E-006, 4.4435982999857515E-006, 7.7762970249750651E-006, 8.8871965999715030E-006, 1.0201824951171875E+002, 8.5506622314453125E+001, 1.7003044128417969E+002, 5.7004412841796875E+002, 3.0321493530273438E+002, 1.7247930908203125E+002, 4.5000000000000000E+008, 2.3636161472495587E-008, 1.3445077939877592E-008, 4.3000000715255737E-001,-9.0000000000000000E+000, 2.3000000417232513E-001,-9.0000000000000000E+000, 1.2999999523162842E-001,-9.0000000000000000E+000, 8.9999996125698090E-002,-9.0000000000000000E+000,-9.0000000000000000E+000, 0.0000000000000000E+000
before,2,4,4,3,0,1, 6.0000000000000000E+001, 1.2079999446868896E+000, 3.4000000000000000E+001, 2.6000000000000000E+002, 3.0037028864171589E-007, 2.3351847744379484E-007, 1.5018514432085794E-007, 1.8351848041220364E-007, 8.1500001251697540E-003, 2.0055544155184180E-005, 4.0222177631221712E-005, 3.0077762858127244E-005, 5.0166632718173787E-005, 0.0000000000000000E+000, 0.0000000000000000E+000, 3.0000000000000000E+007, 8.0000000000000000E+004, 1.5000000000000000E+005, 6.0000000000000000E+004, 0.0000000000000000E+000, 0.0000000000000000E+000, 4.5000000000000000E+008, 0.0000000000000000E+000, 0.0000000000000000E+000, 4.3999999761581421E-001,-9.0000000000000000E+000, 2.4000000953674316E-001,-9.0000000000000000E+000, 1.4000000059604645E-001,-9.0000000000000000E+000, 9.9999994039535522E-002,-9.0000000000000000E+000,-9.0000000000000000E+000, 0.0000000000000000E+000
before,2,5,5,3,0,1, 6.0000000000000000E+001, 1.2139999866485596E+000, 4.1000000000000000E+001, 2.6000000000000000E+002, 0.0000000000000000E+000, 0.0000000000000000E+000, 0.0000000000000000E+000, 0.0000000000000000E+000, 8.1500001251697540E-003, 0.0000000000000000E+000, 0.0000000000000000E+000, 0.0000000000000000E+000, 0.0000000000000000E+000, 0.0000000000000000E+000, 0.0000000000000000E+000, 0.0000000000000000E+000, 0.0000000000000000E+000, 0.0000000000000000E+000, 0.0000000000000000E+000, 0.0000000000000000E+000, 0.0000000000000000E+000, 4.5000000000000000E+008, 0.0000000000000000E+000, 0.0000000000000000E+000, 4.4999998807907104E-001,-9.0000000000000000E+000, 2.5000000000000000E-001,-9.0000000000000000E+000, 1.5000000596046448E-001,-9.0000000000000000E+000, 1.0999999940395355E-001,-9.0000000000000000E+000,-9.0000000000000000E+000, 0.0000000000000000E+000
before,2,6,6,3,0,1, 6.0000000000000000E+001, 1.2199999094009399E+000, 4.8000000000000000E+001, 2.6000000000000000E+002, 0.0000000000000000E+000, 0.0000000000000000E+000, 0.0000000000000000E+000, 0.0000000000000000E+000, 8.1500001251697540E-003, 0.0000000000000000E+000, 0.0000000000000000E+000, 0.0000000000000000E+000, 0.0000000000000000E+000, 0.0000000000000000E+000, 0.0000000000000000E+000, 0.0000000000000000E+000, 0.0000000000000000E+000, 0.0000000000000000E+000, 0.0000000000000000E+000, 0.0000000000000000E+000, 0.0000000000000000E+000, 4.5000000000000000E+008, 0.0000000000000000E+000, 0.0000000000000000E+000, 4.6000000834465027E-001,-9.0000000000000000E+000, 2.5999999046325684E-001,-9.0000000000000000E+000, 1.5999999642372131E-001,-9.0000000000000000E+000, 1.1999999731779099E-001,-9.0000000000000000E+000,-9.0000000000000000E+000, 0.0000000000000000E+000
before,2,1,1,4,0,1, 6.0000000000000000E+001, 1.1549999713897705E+000, 2.0000000000000000E+001, 2.6000000000000000E+002, 0.0000000000000000E+000, 0.0000000000000000E+000, 0.0000000000000000E+000, 0.0000000000000000E+000, 8.2000000402331352E-003, 0.0000000000000000E+000, 0.0000000000000000E+000, 0.0000000000000000E+000, 0.0000000000000000E+000, 0.0000000000000000E+000, 0.0000000000000000E+000, 0.0000000000000000E+000, 0.0000000000000000E+000, 0.0000000000000000E+000, 0.0000000000000000E+000, 0.0000000000000000E+000, 0.0000000000000000E+000, 4.5000000000000000E+008, 0.0000000000000000E+000, 0.0000000000000000E+000, 4.0999999642372131E-001,-9.0000000000000000E+000, 2.1000000834465027E-001,-9.0000000000000000E+000, 1.0999999940395355E-001,-9.0000000000000000E+000, 7.0000000298023224E-002,-9.0000000000000000E+000,-9.0000000000000000E+000, 0.0000000000000000E+000
before,2,2,2,4,0,1, 6.0000000000000000E+001, 1.1610000133514404E+000, 2.7000000000000000E+001, 2.6000000000000000E+002, 0.0000000000000000E+000, 0.0000000000000000E+000, 0.0000000000000000E+000, 0.0000000000000000E+000, 8.2000000402331352E-003, 8.4202138168620877E-006, 1.6840427633724175E-005, 6.7361706896917894E-006, 1.3472341379383579E-005, 1.7963122445507906E-005, 1.1788299161707982E-005, 0.0000000000000000E+000, 0.0000000000000000E+000, 0.0000000000000000E+000, 0.0000000000000000E+000, 0.0000000000000000E+000, 0.0000000000000000E+000, 4.5000000000000000E+008, 0.0000000000000000E+000, 0.0000000000000000E+000, 4.2000001668930054E-001,-9.0000000000000000E+000, 2.1999999880790710E-001,-9.0000000000000000E+000, 1.2000000476837158E-001,-9.0000000000000000E+000, 7.9999998211860657E-002,-9.0000000000000000E+000,-9.0000000000000000E+000, 0.0000000000000000E+000
before,2,3,3,4,0,1, 6.0000000000000000E+001, 1.1669999361038208E+000, 3.4000000000000000E+001, 2.6000000000000000E+002, 0.0000000000000000E+000, 0.0000000000000000E+000, 0.0000000000000000E+000, 0.0000000000000000E+000, 8.2000000402331352E-003, 5.6134754231607076E-006, 3.3680855267448351E-005, 8.4202138168620877E-006, 2.2453901692642830E-005, 3.9294329326367006E-005, 4.4907803385285661E-005, 3.9707202148437500E+002, 3.1320477294921875E+002, 6.6178680419921875E+002, 2.0880314941406250E+003, 1.0380839843750000E+003, 6.1593847656250000E+002, 4.5000000000000000E+008, 1.1163161417471201E-007, 6.6235699591743469E-008, 4.3000000715255737E-001,-9.0000000000000000E+000, 2.3000000417232513E-001,-9.0000000000000000E+000, 1.2999999523162842E-001,-9.0000000000000000E+000, 8.9999996125698090E-002,-9.0000000000000000E+000,-9.0000000000000000E+000, 0.0000000000000000E+000
before,2,4,4,4,0,1, 6.0000000000000000E+001, 1.1729999780654907E+000, 4.1000000000000000E+001, 2.6000000000000000E+002, 3.0187118227331666E-007, 2.3426892425959522E-007, 1.5093559113665833E-007, 1.8426891301714932E-007, 8.2000000402331352E-003, 2.0280673197703436E-005, 4.1122693801298738E-005, 3.0392942790058441E-005, 5.0842019845731556E-005, 0.0000000000000000E+000, 0.0000000000000000E+000, 3.0000000000000000E+007, 8.0000000000000000E+004, 1.5000000000000000E+005, 6.0000000000000000E+004, 0.0000000000000000E+000, 0.0000000000000000E+000, 4.5000000000000000E+008, 0.0000000000000000E+000, 0.0000000000000000E+000, 4.3999999761581421E-001,-9.0000000000000000E+000, 2.4000000953674316E-001,-9.0000000000000000E+000, 1.4000000059604645E-001,-9.0000000000000000E+000, 9.9999994039535522E-002,-9.0000000000000000E+000,-9.0000000000000000E+000, 0.0000000000000000E+000
before,2,5,5,4,0,1, 6.0000000000000000E+001, 1.1790000200271606E+000, 4.8000000000000000E+001, 2.6000000000000000E+002, 0.0000000000000000E+000, 0.0000000000000000E+000, 0.0000000000000000E+000, 0.0000000000000000E+000, 8.2000000402331352E-003, 0.0000000000000000E+000, 0.0000000000000000E+000, 0.0000000000000000E+000, 0.0000000000000000E+000, 0.0000000000000000E+000, 0.0000000000000000E+000, 0.0000000000000000E+000, 0.0000000000000000E+000, 0.0000000000000000E+000, 0.0000000000000000E+000, 0.0000000000000000E+000, 0.0000000000000000E+000, 4.5000000000000000E+008, 0.0000000000000000E+000, 0.0000000000000000E+000, 4.4999998807907104E-001,-9.0000000000000000E+000, 2.5000000000000000E-001,-9.0000000000000000E+000, 1.5000000596046448E-001,-9.0000000000000000E+000, 1.0999999940395355E-001,-9.0000000000000000E+000,-9.0000000000000000E+000, 0.0000000000000000E+000
before,2,6,6,4,0,1, 6.0000000000000000E+001, 1.1849999427795410E+000, 2.0000000000000000E+001, 2.6000000000000000E+002, 0.0000000000000000E+000, 0.0000000000000000E+000, 0.0000000000000000E+000, 0.0000000000000000E+000, 8.2000000402331352E-003, 0.0000000000000000E+000, 3.0486251489492133E-005, 9.1458759925444610E-006, 2.1340376406442374E-005, 2.4389000827795826E-005, 1.8291751985088922E-005, 0.0000000000000000E+000, 1.3437636718750000E+003, 4.4792126464843750E+002, 9.4063457031250000E+003, 2.0673288574218750E+003, 9.4853912353515625E+002, 4.5000000000000000E+008, 4.6901924122266792E-008, 2.1519708681694283E-008, 4.6000000834465027E-001,-9.0000000000000000E+000, 2.5999999046325684E-001,-9.0000000000000000E+000, 1.5999999642372131E-001,-9.0000000000000000E+000, 1.1999999731779099E-001,-9.0000000000000000E+000,-9.0000000000000000E+000, 0.0000000000000000E+000
before,2,1,1,5,0,1, 6.0000000000000000E+001, 1.1200000047683716E+000, 2.7000000000000000E+001, 2.6000000000000000E+002, 0.0000000000000000E+000, 0.0000000000000000E+000, 0.0000000000000000E+000, 0.0000000000000000E+000, 8.2499999552965164E-003, 0.0000000000000000E+000, 0.0000000000000000E+000, 0.0000000000000000E+000, 0.0000000000000000E+000, 0.0000000000000000E+000, 0.0000000000000000E+000, 0.0000000000000000E+000, 0.0000000000000000E+000, 0.0000000000000000E+000, 0.0000000000000000E+000, 0.0000000000000000E+000, 0.0000000000000000E+000, 4.5000000000000000E+008, 0.0000000000000000E+000, 0.0000000000000000E+000, 4.0999999642372131E-001,-9.0000000000000000E+000, 2.1000000834465027E-001,-9.0000000000000000E+000, 1.0999999940395355E-001,-9.0000000000000000E+000, 7.0000000298023224E-002,-9.0000000000000000E+000,-9.0000000000000000E+000, 0.0000000000000000E+000
before,2,2,2,5,0,1, 6.0000000000000000E+001, 1.1260000467300415E+000, 3.4000000000000000E+001, 2.6000000000000000E+002, 0.0000000000000000E+000, 0.0000000000000000E+000, 0.0000000000000000E+000, 0.0000000000000000E+000, 8.2499999552965164E-003, 2.9684802939300425E-005, 5.9369605878600851E-005, 2.3747839804855175E-005, 4.7495679609710351E-005, 6.3327570387627929E-005, 4.1558720113243908E-005, 0.0000000000000000E+000, 0.0000000000000000E+000, 0.0000000000000000E+000, 0.0000000000000000E+000, 0.0000000000000000E+000, 0.0000000000000000E+000, 4.5000000000000000E+008, 0.0000000000000000E+000, 0.0000000000000000E+000, 4.2000001668930054E-001,-9.0000000000000000E+000, 2.1999999880790710E-001,-9.0000000000000000E+000, 1.2000000476837158E-001,-9.0000000000000000E+000, 7.9999998211860657E-002,-9.0000000000000000E+000,-9.0000000000000000E+000, 0.0000000000000000E+000
before,2,3,3,5,0,1, 6.0000000000000000E+001, 1.1319999694824219E+000, 4.1000000000000000E+001, 2.6000000000000000E+002, 0.0000000000000000E+000, 0.0000000000000000E+000, 0.0000000000000000E+000, 0.0000000000000000E+000, 8.2499999552965164E-003, 1.9789866200881079E-005, 1.1873921175720170E-004, 2.9684802939300425E-005, 7.9159464803524315E-005, 1.3852906704414636E-004, 1.5831892960704863E-004, 1.1010169677734375E+003, 8.2576281738281250E+002, 1.8350285644531250E+003, 5.5050854492187500E+003, 2.5690397949218750E+003, 1.5841971435546875E+003, 4.5000000000000000E+008, 3.6941085568287235E-007, 2.2779701680519793E-007, 4.3000000715255737E-001,-9.0000000000000000E+000, 2.3000000417232513E-001,-9.0000000000000000E+000, 1.2999999523162842E-001,-9.0000000000000000E+000, 8.9999996125698090E-002,-9.0000000000000000E+000,-9.0000000000000000E+000, 0.0000000000000000E+000
before,2,4,4,5,0,1, 6.0000000000000000E+001, 1.1380000114440918E+000, 4.8000000000000000E+001, 2.6000000000000000E+002, 3.0659663252663449E-007, 2.3663164938625414E-007, 1.5329831626331725E-007, 1.8663165235466295E-007, 8.2499999552965164E-003, 2.0989493350498378E-005, 4.3957970774499699E-005, 3.1385290640173480E-005, 5.2968480304116383E-005, 0.0000000000000000E+000, 0.0000000000000000E+000, 3.0000000000000000E+007, 8.0000000000000000E+004, 1.5000000000000000E+005, 6.0000000000000000E+004, 0.0000000000000000E+000, 0.0000000000000000E+000, 4.5000000000000000E+008, 0.0000000000000000E+000, 0.0000000000000000E+000, 4.3999999761581421E-001,-9.0000000000000000E+000, 2.4000000953674316E-001,-9.0000000000000000E+000, 1.4000000059604645E-001,-9.0000000000000000E+000, 9.9999994039535522E-002,-9.0000000000000000E+000,-9.0000000000000000E+000, 0.0000000000000000E+000
before,2,5,5,5,0,1, 6.0000000000000000E+001, 1.1440000534057617E+000, 2.0000000000000000E+001, 2.6000000000000000E+002, 0.0000000000000000E+000, 0.0000000000000000E+000, 0.0000000000000000E+000, 0.0000000000000000E+000, 8.2499999552965164E-003, 0.0000000000000000E+000, 0.0000000000000000E+000, 0.0000000000000000E+000, 0.0000000000000000E+000, 0.0000000000000000E+000, 0.0000000000000000E+000, 0.0000000000000000E+000, 0.0000000000000000E+000, 0.0000000000000000E+000, 0.0000000000000000E+000, 0.0000000000000000E+000, 0.0000000000000000E+000, 4.5000000000000000E+008, 0.0000000000000000E+000, 0.0000000000000000E+000, 4.4999998807907104E-001,-9.0000000000000000E+000, 2.5000000000000000E-001,-9.0000000000000000E+000, 1.5000000596046448E-001,-9.0000000000000000E+000, 1.0999999940395355E-001,-9.0000000000000000E+000,-9.0000000000000000E+000, 0.0000000000000000E+000
before,2,6,6,5,0,1, 6.0000000000000000E+001, 1.1499999761581421E+000, 2.7000000000000000E+001, 2.6000000000000000E+002, 0.0000000000000000E+000, 0.0000000000000000E+000, 0.0000000000000000E+000, 0.0000000000000000E+000, 8.2499999552965164E-003, 0.0000000000000000E+000, 4.4205069571034983E-005, 1.3261521417007316E-005, 3.0943549063522369E-005, 3.5364057112019509E-005, 2.6523042834014632E-005, 0.0000000000000000E+000, 1.3868736572265625E+003, 4.6229122924804688E+002, 9.7081152343750000E+003, 2.1336518554687500E+003, 9.7896960449218750E+002, 4.5000000000000000E+008, 6.8007800280156516E-008, 3.1203580164174127E-008, 4.6000000834465027E-001,-9.0000000000000000E+000, 2.5999999046325684E-001,-9.0000000000000000E+000, 1.5999999642372131E-001,-9.0000000000000000E+000, 1.1999999731779099E-001,-9.0000000000000000E+000,-9.0000000000000000E+000, 0.0000000000000000E+000
before,2,1,1,6,0,1, 6.0000000000000000E+001, 1.0850000381469727E+000, 3.4000000000000000E+001, 2.6000000000000000E+002, 0.0000000000000000E+000, 0.0000000000000000E+000, 0.0000000000000000E+000, 0.0000000000000000E+000, 8.3000008016824722E-003, 0.0000000000000000E+000, 0.0000000000000000E+000, 0.0000000000000000E+000, 0.0000000000000000E+000, 0.0000000000000000E+000, 0.0000000000000000E+000, 0.0000000000000000E+000, 0.0000000000000000E+000, 0.0000000000000000E+000, 0.0000000000000000E+000, 0.0000000000000000E+000, 0.0000000000000000E+000, 4.5000000000000000E+008, 0.0000000000000000E+000, 0.0000000000000000E+000, 4.0999999642372131E-001,-9.0000000000000000E+000, 2.1000000834465027E-001,-9.0000000000000000E+000, 1.0999999940395355E-001,-9.0000000000000000E+000, 7.0000000298023224E-002,-9.0000000000000000E+000,-9.0000000000000000E+000, 0.0000000000000000E+000
before,2,2,2,6,0,1, 6.0000000000000000E+001, 1.0910000801086426E+000, 4.1000000000000000E+001, 2.6000000000000000E+002, 0.0000000000000000E+000, 0.0000000000000000E+000, 0.0000000000000000E+000, 0.0000000000000000E+000, 8.3000008016824722E-003, 7.3012837674468756E-005, 1.4602567534893751E-004, 5.8410267229191959E-005, 1.1682053445838392E-004, 1.5576071746181697E-004, 1.0221797128906474E-004, 0.0000000000000000E+000, 0.0000000000000000E+000, 0.0000000000000000E+000, 0.0000000000000000E+000, 0.0000000000000000E+000, 0.0000000000000000E+000, 4.5000000000000000E+008, 0.0000000000000000E+000, 0.0000000000000000E+000, 4.2000001668930054E-001,-9.0000000000000000E+000, 2.1999999880790710E-001,-9.0000000000000000E+000, 1.2000000476837158E-001,-9.0000000000000000E+000, 7.9999998211860657E-002,-9.0000000000000000E+000,-9.0000000000000000E+000, 0.0000000000000000E+000
before,2,3,3,6,0,1, 6.0000000000000000E+001, 1.0970000028610229E+000, 4.8000000000000000E+001, 2.6000000000000000E+002, 0.0000000000000000E+000, 0.0000000000000000E+000, 0.0000000000000000E+000, 0.0000000000000000E+000, 8.3000008016824722E-003, 4.8675221478333697E-005, 2.9205135069787502E-004, 7.3012837674468756E-005, 1.9470088591333479E-004, 3.4072654671035707E-004, 3.8940177182666957E-004, 2.1682280273437500E+003, 1.5584229736328125E+003, 3.6137138671875000E+003, 1.0389485351562500E+004, 4.5682407226562500E+003, 2.9183947753906250E+003, 4.5000000000000000E+008, 8.5609684674636810E-007, 5.4691258810635190E-007, 4.3000000715255737E-001,-9.0000000000000000E+000, 2.3000000417232513E-001,-9.0000000000000000E+000, 1.2999999523162842E-001,-9.0000000000000000E+000, 8.9999996125698090E-002,-9.0000000000000000E+000,-9.0000000000000000E+000, 0.0000000000000000E+000
before,2,4,4,6,0,1, 6.0000000000000000E+001, 1.1030000448226929E+000, 2.0000000000000000E+001, 2.6000000000000000E+002, 3.1622508345208189E-007, 2.4144588905983255E-007, 1.5811254172604094E-007, 1.9144587781738664E-007, 8.3000008016824722E-003, 2.2433760022977367E-005, 4.9735044740373269E-005, 3.3407264709239826E-005, 5.7301280321553349E-005, 0.0000000000000000E+000, 0.0000000000000000E+000, 3.0000000000000000E+007, 8.0000000000000000E+004, 1.5000000000000000E+005, 6.0000000000000000E+004, 0.0000000000000000E+000, 0.0000000000000000E+000, 4.5000000000000000E+008, 0.0000000000000000E+000, 0.0000000000000000E+000, 4.3999999761581421E-001,-9.0000000000000000E+000, 2.4000000953674316E-001,-9.0000000000000000E+000, 1.4000000059604645E-001,-9.0000000000000000E+000, 9.9999994039535522E-002,-9.0000000000000000E+000,-9.0000000000000000E+000, 0.0000000000000000E+000
before,2,5,5,6,0,1, 6.0000000000000000E+001, 1.1090000867843628E+000, 2.7000000000000000E+001, 2.6000000000000000E+002, 0.0000000000000000E+000, 0.0000000000000000E+000, 0.0000000000000000E+000, 0.0000000000000000E+000, 8.3000008016824722E-003, 0.0000000000000000E+000, 9.9199998658150434E-004, 2.2399998852051795E-004, 7.0799997774884105E-004, 1.0619999375194311E-003, 1.2319999514147639E-003, 0.0000000000000000E+000, 1.7792819213867188E+002, 4.4641483306884766E+001, 1.2698907470703125E+003, 3.9684085083007812E+002, 2.6948211669921875E+002, 4.5000000000000000E+008, 2.2124997940409230E-006, 1.5024389767859248E-006, 4.4999998807907104E-001,-9.0000000000000000E+000, 2.5000000000000000E-001,-9.0000000000000000E+000, 1.5000000596046448E-001,-9.0000000000000000E+000, 1.0999999940395355E-001,-9.0000000000000000E+000,-9.0000000000000000E+000, 0.0000000000000000E+000
before,2,6,6,6,0,1, 6.0000000000000000E+001, 1.1150000095367432E+000, 3.4000000000000000E+001, 2.6000000000000000E+002, 0.0000000000000000E+000, 0.0000000000000000E+000, 0.0000000000000000E+000, 0.0000000000000000E+000, 8.3000008016824722E-003, 0.0000000000000000E+000, 0.0000000000000000E+000, 0.0000000000000000E+000, 0.0000000000000000E+000, 0.0000000000000000E+000, 0.0000000000000000E+000, 0.0000000000000000E+000, 0.0000000000000000E+000, 0.0000000000000000E+000, 0.0000000000000000E+000, 0.0000000000000000E+000, 0.0000000000000000E+000, 4.5000000000000000E+008, 0.0000000000000000E+000, 0.0000000000000000E+000, 4.6000000834465027E-001,-9.0000000000000000E+000, 2.5999999046325684E-001,-9.0000000000000000E+000, 1.5999999642372131E-001,-9.0000000000000000E+000, 1.1999999731779099E-001,-9.0000000000000000E+000,-9.0000000000000000E+000, 0.0000000000000000E+000
before,2,1,1,7,0,1, 6.0000000000000000E+001, 1.0499999523162842E+000, 4.1000000000000000E+001, 2.6000000000000000E+002, 0.0000000000000000E+000, 0.0000000000000000E+000, 0.0000000000000000E+000, 0.0000000000000000E+000, 8.3500007167458534E-003, 0.0000000000000000E+000, 0.0000000000000000E+000, 0.0000000000000000E+000, 0.0000000000000000E+000, 0.0000000000000000E+000, 0.0000000000000000E+000, 0.0000000000000000E+000, 0.0000000000000000E+000, 0.0000000000000000E+000, 0.0000000000000000E+000, 0.0000000000000000E+000, 0.0000000000000000E+000, 4.5000000000000000E+008, 0.0000000000000000E+000, 0.0000000000000000E+000, 4.0999999642372131E-001,-9.0000000000000000E+000, 2.1000000834465027E-001,-9.0000000000000000E+000, 1.0999999940395355E-001,-9.0000000000000000E+000, 7.0000000298023224E-002,-9.0000000000000000E+000,-9.0000000000000000E+000, 0.0000000000000000E+000
before,2,2,2,7,0,1, 6.0000000000000000E+001, 1.0559999942779541E+000, 4.8000000000000000E+001, 2.6000000000000000E+002, 0.0000000000000000E+000, 0.0000000000000000E+000, 0.0000000000000000E+000, 0.0000000000000000E+000, 8.3500007167458534E-003, 1.2529053492471576E-004, 2.5058106984943151E-004, 1.0023242793977261E-004, 2.0046485587954521E-004, 2.6728646480478346E-004, 1.7540674889460206E-004, 0.0000000000000000E+000, 0.0000000000000000E+000, 0.0000000000000000E+000, 0.0000000000000000E+000, 0.0000000000000000E+000, 0.0000000000000000E+000, 4.5000000000000000E+008, 0.0000000000000000E+000, 0.0000000000000000E+000, 4.2000001668930054E-001,-9.0000000000000000E+000, 2.1999999880790710E-001,-9.0000000000000000E+000, 1.2000000476837158E-001,-9.0000000000000000E+000, 7.9999998211860657E-002,-9.0000000000000000E+000,-9.0000000000000000E+000, 0.0000000000000000E+000
before,2,3,3,7,0,1, 6.0000000000000000E+001, 1.0619999170303345E+000, 2.0000000000000000E+001, 2.6000000000000000E+002, 0.0000000000000000E+000, 0.0000000000000000E+000, 0.0000000000000000E+000, 0.0000000000000000E+000, 8.3500007167458534E-003, 8.3527018432505429E-005, 5.0116213969886303E-004, 1.2529053492471576E-004, 3.3410807373002172E-004, 5.8468914357945323E-004, 6.6821614746004343E-004, 3.0250625000000000E+003, 2.0965598144531250E+003, 5.0417709960937500E+003, 1.3977064453125000E+004, 5.8099438476562500E+003, 3.8345854492187500E+003, 4.5000000000000000E+008, 1.3888103467252222E-006, 9.1662025170080597E-007, 4.3000000715255737E-001,-9.0000000000000000E+000, 2.3000000417232513E-001,-9.0000000000000000E+000, 1.2999999523162842E-001,-9.0000000000000000E+000, 8.9999996125698090E-002,-9.0000000000000000E+000,-9.0000000000000000E+000, 0.0000000000000000E+000
before,2,4,4,7,0,1, 6.0000000000000000E+001, 1.0679999589920044E+000, 2.7000000000000000E+001, 2.6000000000000000E+002, 3.2784234349492181E-007, 2.4725449065954308E-007, 1.6392117174746090E-007, 1.9725449362795189E-007, 8.3500007167458534E-003, 2.4176350052584894E-005, 5.6705401220824569E-005, 3.5846889659296721E-005, 6.2529055867344141E-005, 0.0000000000000000E+000, 0.0000000000000000E+000, 3.0000000000000000E+007, 8.0000000000000000E+004, 1.5000000000000000E+005, 6.0000000000000000E+004, 0.0000000000000000E+000, 0.0000000000000000E+000, 4.5000000000000000E+008, 0.0000000000000000E+000, 0.0000000000000000E+000, 4.3999999761581421E-001,-9.0000000000000000E+000, 2.4000000953674316E-001,-9.0000000000000000E+000, 1.4000000059604645E-001,-9.0000000000000000E+000, 9.9999994039535522E-002,-9.0000000000000000E+000,-9.0000000000000000E+000, 0.0000000000000000E+000
before,2,5,5,7,0,1, 6.0000000000000000E+001, 1.0740000009536743E+000, 3.4000000000000000E+001, 2.6000000000000000E+002, 0.0000000000000000E+000, 0.0000000000000000E+000, 0.0000000000000000E+000, 0.0000000000000000E+000, 8.3500007167458534E-003, 0.0000000000000000E+000, 1.0239999974146485E-003, 2.2799998987466097E-004, 7.2600005660206079E-004, 1.0890000266954303E-003, 1.2540000025182962E-003, 0.0000000000000000E+000, 1.5661637878417969E+002, 3.8746238708496094E+001, 1.1103857421875000E+003, 3.4699554443359375E+002, 2.3389498901367188E+002, 4.5000000000000000E+008, 2.2687499949824996E-006, 1.5292682746803621E-006, 4.4999998807907104E-001,-9.0000000000000000E+000, 2.5000000000000000E-001,-9.0000000000000000E+000, 1.5000000596046448E-001,-9.0000000000000000E+000, 1.0999999940395355E-001,-9.0000000000000000E+000,-9.0000000000000000E+000, 0.0000000000000000E+000
before,2,6,6,7,0,1, 6.0000000000000000E+001, 1.0799999237060547E+000, 4.1000000000000000E+001, 2.6000000000000000E+002, 0.0000000000000000E+000, 0.0000000000000000E+000, 0.0000000000000000E+000, 0.0000000000000000E+000, 8.3500007167458534E-003, 0.0000000000000000E+000, 9.2941154434811324E-005, 2.7882348149432801E-005, 6.5058804466389120E-005, 7.4352923547849059E-005, 5.5764696298865601E-005, 0.0000000000000000E+000, 1.4772867431640625E+003, 4.9242895507812500E+002, 1.0341006835937500E+004, 2.2727487792968750E+003, 1.0427906494140625E+003, 4.5000000000000000E+008, 1.4298639428034221E-007, 6.5605526344825194E-008, 4.6000000834465027E-001,-9.0000000000000000E+000, 2.5999999046325684E-001,-9.0000000000000000E+000, 1.5999999642372131E-001,-9.0000000000000000E+000, 1.1999999731779099E-001,-9.0000000000000000E+000,-9.0000000000000000E+000, 0.0000000000000000E+000
before,2,1,1,8,0,1, 6.0000000000000000E+001, 1.0149999856948853E+000, 4.8000000000000000E+001, 2.6000000000000000E+002, 0.0000000000000000E+000, 0.0000000000000000E+000, 0.0000000000000000E+000, 0.0000000000000000E+000, 8.4000006318092346E-003, 0.0000000000000000E+000, 0.0000000000000000E+000, 0.0000000000000000E+000, 0.0000000000000000E+000, 0.0000000000000000E+000, 0.0000000000000000E+000, 0.0000000000000000E+000, 0.0000000000000000E+000, 0.0000000000000000E+000, 0.0000000000000000E+000, 0.0000000000000000E+000, 0.0000000000000000E+000, 4.5000000000000000E+008, 0.0000000000000000E+000, 0.0000000000000000E+000, 4.0999999642372131E-001,-9.0000000000000000E+000, 2.1000000834465027E-001,-9.0000000000000000E+000, 1.0999999940395355E-001,-9.0000000000000000E+000, 7.0000000298023224E-002,-9.0000000000000000E+000,-9.0000000000000000E+000, 0.0000000000000000E+000
before,2,2,2,8,0,1, 6.0000000000000000E+001, 1.0210000276565552E+000, 2.0000000000000000E+001, 2.6000000000000000E+002, 0.0000000000000000E+000, 0.0000000000000000E+000, 0.0000000000000000E+000, 0.0000000000000000E+000, 8.4000006318092346E-003, 1.5000000712461770E-004, 3.0000001424923539E-004, 1.1999999696854502E-004, 2.3999999393709004E-004, 3.1999999191612005E-004, 2.0999999833293259E-004, 0.0000000000000000E+000, 0.0000000000000000E+000, 0.0000000000000000E+000, 0.0000000000000000E+000, 0.0000000000000000E+000, 0.0000000000000000E+000, 4.5000000000000000E+008, 0.0000000000000000E+000, 0.0000000000000000E+000, 4.2000001668930054E-001,-9.0000000000000000E+000, 2.1999999880790710E-001,-9.0000000000000000E+000, 1.2000000476837158E-001,-9.0000000000000000E+000, 7.9999998211860657E-002,-9.0000000000000000E+000,-9.0000000000000000E+000, 0.0000000000000000E+000
before,2,3,3,8,0,1, 6.0000000000000000E+001, 1.0269999504089355E+000, 2.7000000000000000E+001, 2.6000000000000000E+002, 0.0000000000000000E+000, 0.0000000000000000E+000, 0.0000000000000000E+000, 0.0000000000000000E+000, 8.4000006318092346E-003, 9.9999997473787516E-005, 6.0000002849847078E-004, 1.5000000712461770E-004, 3.9999998989515007E-004, 6.9999997504055500E-004, 7.9999997979030013E-004, 2.9841540527343750E+003, 2.0040944824218750E+003, 4.9735908203125000E+003, 1.3360627929687500E+004, 5.2660136718750000E+003, 3.5819379882812500E+003, 4.5000000000000000E+008, 1.5765765510877827E-006, 1.0723859986683237E-006, 4.3000000715255737E-001,-9.0000000000000000E+000, 2.3000000417232513E-001,-9.0000000000000000E+000, 1.2999999523162842E-001,-9.0000000000000000E+000, 8.9999996125698090E-002,-9.0000000000000000E+000,-9.0000000000000000E+000, 0.0000000000000000E+000
before,2,4,4,8,0,1, 6.0000000000000000E+001, 1.0329999923706055E+000, 3.4000000000000000E+001, 2.6000000000000000E+002, 3.3333336091345700E-007, 2.4999999936881068E-007, 1.6666668045672850E-007, 2.0000000233721948E-007, 8.4000006318092346E-003, 2.4999999368446879E-005, 5.9999998484272510E-005, 3.6999997973907739E-005, 6.5000000176951289E-005, 0.0000000000000000E+000, 0.0000000000000000E+000, 3.0000000000000000E+007, 8.0000000000000000E+004, 1.5000000000000000E+005, 6.0000000000000000E+004, 0.0000000000000000E+000, 0.0000000000000000E+000, 4.5000000000000000E+008, 0.0000000000000000E+000, 0.0000000000000000E+000, 4.3999999761581421E-001,-9.0000000000000000E+000, 2.4000000953674316E-001,-9.0000000000000000E+000, 1.4000000059604645E-001,-9.0000000000000000E+000, 9.9999994039535522E-002,-9.0000000000000000E+000,-9.0000000000000000E+000, 0.0000000000000000E+000
before,2,5,5,8,0,1, 6.0000000000000000E+001, 1.0390000343322754E+000, 4.1000000000000000E+001, 2.6000000000000000E+002, 0.0000000000000000E+000, 0.0000000000000000E+000, 0.0000000000000000E+000, 0.0000000000000000E+000, 8.4000006318092346E-003, 0.0000000000000000E+000, 1.0559998918324709E-003, 2.3199999122880399E-004, 7.4400001903995872E-004, 1.1159999994561076E-003, 1.2759999372065067E-003, 0.0000000000000000E+000, 1.3883393859863281E+002, 3.3890441894531250E+001, 9.7814831542968750E+002, 3.0567132568359375E+002, 2.0458253479003906E+002, 4.5000000000000000E+008, 2.3249999685504008E-006, 1.5560974588879617E-006, 4.4999998807907104E-001,-9.0000000000000000E+000, 2.5000000000000000E-001,-9.0000000000000000E+000, 1.5000000596046448E-001,-9.0000000000000000E+000, 1.0999999940395355E-001,-9.0000000000000000E+000,-9.0000000000000000E+000, 0.0000000000000000E+000
before,2,6,6,8,0,1, 6.0000000000000000E+001, 1.0449999570846558E+000, 4.8000000000000000E+001, 2.6000000000000000E+002, 0.0000000000000000E+000, 0.0000000000000000E+000, 0.0000000000000000E+000, 0.0000000000000000E+000, 8.4000006318092346E-003, 0.0000000000000000E+000, 1.3476469030138105E-004, 4.0429407818010077E-005, 9.4335278845392168E-005, 1.0781175660667941E-004, 8.0858815636020154E-005, 0.0000000000000000E+000, 1.5246799316406250E+003, 5.0822665405273438E+002, 1.0672759765625000E+004, 2.3456616210937500E+003, 1.0762446289062500E+003, 4.5000000000000000E+008, 2.0733030225983384E-007, 9.5128015686896106E-008, 4.6000000834465027E-001,-9.0000000000000000E+000, 2.5999999046325684E-001,-9.0000000000000000E+000, 1.5999999642372131E-001,-9.0000000000000000E+000, 1.1999999731779099E-001,-9.0000000000000000E+000,-9.0000000000000000E+000, 0.0000000000000000E+000
before,2,1,1,9,0,1, 6.0000000000000000E+001, 9.8000001907348633E-001, 2.0000000000000000E+001, 2.6000000000000000E+002, 0.0000000000000000E+000, 0.0000000000000000E+000, 0.0000000000000000E+000, 0.0000000000000000E+000, 8.4500005468726158E-003, 0.0000000000000000E+000, 0.0000000000000000E+000, 0.0000000000000000E+000, 0.0000000000000000E+000, 0.0000000000000000E+000, 0.0000000000000000E+000, 0.0000000000000000E+000, 0.0000000000000000E+000, 0.0000000000000000E+000, 0.0000000000000000E+000, 0.0000000000000000E+000, 0.0000000000000000E+000, 4.5000000000000000E+008, 0.0000000000000000E+000, 0.0000000000000000E+000, 4.0999999642372131E-001,-9.0000000000000000E+000, 2.1000000834465027E-001,-9.0000000000000000E+000, 1.0999999940395355E-001,-9.0000000000000000E+000, 7.0000000298023224E-002,-9.0000000000000000E+000,-9.0000000000000000E+000, 0.0000000000000000E+000
before,2,2,2,9,0,1, 6.0000000000000000E+001, 9.8600000143051147E-001, 2.7000000000000000E+001, 2.6000000000000000E+002, 0.0000000000000000E+000, 0.0000000000000000E+000, 0.0000000000000000E+000, 0.0000000000000000E+000, 8.4500005468726158E-003, 1.2529053492471576E-004, 2.5058106984943151E-004, 1.0023242793977261E-004, 2.0046485587954521E-004, 2.6728646480478346E-004, 1.7540674889460206E-004, 0.0000000000000000E+000, 0.0000000000000000E+000, 0.0000000000000000E+000, 0.0000000000000000E+000, 0.0000000000000000E+000, 0.0000000000000000E+000, 4.5000000000000000E+008, 0.0000000000000000E+000, 0.0000000000000000E+000, 4.2000001668930054E-001,-9.0000000000000000E+000, 2.1999999880790710E-001,-9.0000000000000000E+000, 1.2000000476837158E-001,-9.0000000000000000E+000, 7.9999998211860657E-002,-9.0000000000000000E+000,-9.0000000000000000E+000, 0.0000000000000000E+000
before,2,3,3,9,0,1, 6.0000000000000000E+001, 9.9200004339218140E-001, 3.4000000000000000E+001, 2.6000000000000000E+002, 0.0000000000000000E+000, 0.0000000000000000E+000, 0.0000000000000000E+000, 0.0000000000000000E+000, 8.4500005468726158E-003, 8.3527018432505429E-005, 5.0116213969886303E-004, 1.2529053492471576E-004, 3.3410807373002172E-004, 5.8468914357945323E-004, 6.6821614746004343E-004, 2.0780759277343750E+003, 1.3577175292968750E+003, 3.4634602050781250E+003, 9.0514501953125000E+003, 3.3918708496093750E+003, 2.3725947265625000E+003, 4.5000000000000000E+008, 1.2520109748948016E-006, 8.7577478780076490E-007, 4.3000000715255737E-001,-9.0000000000000000E+000, 2.3000000417232513E-001,-9.0000000000000000E+000, 1.2999999523162842E-001,-9.0000000000000000E+000, 8.9999996125698090E-002,-9.0000000000000000E+000,-9.0000000000000000E+000, 0.0000000000000000E+000
before,2,4,4,9,0,1, 6.0000000000000000E+001, 9.9800002574920654E-001, 4.1000000000000000E+001, 2.6000000000000000E+002, 3.2784234349492181E-007, 2.4725449065954308E-007, 1.6392117174746090E-007, 1.9725449362795189E-007, 8.4500005468726158E-003, 2.4176350052584894E-005, 5.6705401220824569E-005, 3.5846889659296721E-005, 6.2529055867344141E-005, 0.0000000000000000E+000, 0.0000000000000000E+000, 3.0000000000000000E+007, 8.0000000000000000E+004, 1.5000000000000000E+005, 6.0000000000000000E+004, 0.0000000000000000E+000, 0.0000000000000000E+000, 4.5000000000000000E+008, 0.0000000000000000E+000, 0.0000000000000000E+000, 4.3999999761581421E-001,-9.0000000000000000E+000, 2.4000000953674316E-001,-9.0000000000000000E+000, 1.4000000059604645E-001,-9.0000000000000000E+000, 9.9999994039535522E-002,-9.0000000000000000E+000,-9.0000000000000000E+000, 0.0000000000000000E+000
before,2,5,5,9,0,1, 6.0000000000000000E+001, 1.0040000677108765E+000, 4.8000000000000000E+001, 2.6000000000000000E+002, 0.0000000000000000E+000, 0.0000000000000000E+000, 0.0000000000000000E+000, 0.0000000000000000E+000, 8.4500005468726158E-003, 0.0000000000000000E+000, 1.0880000190809369E-003, 2.3599997803103179E-004, 7.6200003968551755E-004, 1.1429999722167850E-003, 1.2979999883100390E-003, 0.0000000000000000E+000, 1.2385405731201172E+002, 2.9850440979003906E+001, 8.6743371582031250E+002, 2.7107302856445312E+002, 1.8019476318359375E+002, 4.5000000000000000E+008, 2.3812499421183020E-006, 1.5829268704692367E-006, 4.4999998807907104E-001,-9.0000000000000000E+000, 2.5000000000000000E-001,-9.0000000000000000E+000, 1.5000000596046448E-001,-9.0000000000000000E+000, 1.0999999940395355E-001,-9.0000000000000000E+000,-9.0000000000000000E+000, 0.0000000000000000E+000
before,2,6,6,9,0,1, 6.0000000000000000E+001, 1.0099999904632568E+000, 2.0000000000000000E+001, 2.6000000000000000E+002, 0.0000000000000000E+000, 0.0000000000000000E+000, 0.0000000000000000E+000, 0.0000000000000000E+000, 8.4500005468726158E-003, 0.0000000000000000E+000, 0.0000000000000000E+000, 0.0000000000000000E+000, 0.0000000000000000E+000, 0.0000000000000000E+000, 0.0000000000000000E+000, 0.0000000000000000E+000, 0.0000000000000000E+000, 0.0000000000000000E+000, 0.0000000000000000E+000, 0.0000000000000000E+000, 0.0000000000000000E+000, 4.5000000000000000E+008, 0.0000000000000000E+000, 0.0000000000000000E+000, 4.6000000834465027E-001,-9.0000000000000000E+000, 2.5999999046325684E-001,-9.0000000000000000E+000, 1.5999999642372131E-001,-9.0000000000000000E+000, 1.1999999731779099E-001,-9.0000000000000000E+000,-9.0000000000000000E+000, 0.0000000000000000E+000
before,2,1,1,10,0,1, 6.0000000000000000E+001, 9.4499999284744263E-001, 2.7000000000000000E+001, 2.6000000000000000E+002, 0.0000000000000000E+000, 0.0000000000000000E+000, 0.0000000000000000E+000, 0.0000000000000000E+000, 8.5000004619359970E-003, 0.0000000000000000E+000, 0.0000000000000000E+000, 0.0000000000000000E+000, 0.0000000000000000E+000, 0.0000000000000000E+000, 0.0000000000000000E+000, 0.0000000000000000E+000, 0.0000000000000000E+000, 0.0000000000000000E+000, 0.0000000000000000E+000, 0.0000000000000000E+000, 0.0000000000000000E+000, 4.5000000000000000E+008, 0.0000000000000000E+000, 0.0000000000000000E+000, 4.0999999642372131E-001,-9.0000000000000000E+000, 2.1000000834465027E-001,-9.0000000000000000E+000, 1.0999999940395355E-001,-9.0000000000000000E+000, 7.0000000298023224E-002,-9.0000000000000000E+000,-9.0000000000000000E+000, 0.0000000000000000E+000
before,2,2,2,10,0,1, 6.0000000000000000E+001, 9.5099997520446777E-001, 3.4000000000000000E+001, 2.6000000000000000E+002, 0.0000000000000000E+000, 0.0000000000000000E+000, 0.0000000000000000E+000, 0.0000000000000000E+000, 8.5000004619359970E-003, 7.3012837674468756E-005, 1.4602567534893751E-004, 5.8410267229191959E-005, 1.1682053445838392E-004, 1.5576071746181697E-004, 1.0221797128906474E-004, 0.0000000000000000E+000, 0.0000000000000000E+000, 0.0000000000000000E+000, 0.0000000000000000E+000, 0.0000000000000000E+000, 0.0000000000000000E+000, 4.5000000000000000E+008, 0.0000000000000000E+000, 0.0000000000000000E+000, 4.2000001668930054E-001,-9.0000000000000000E+000, 2.1999999880790710E-001,-9.0000000000000000E+000, 1.2000000476837158E-001,-9.0000000000000000E+000, 7.9999998211860657E-002,-9.0000000000000000E+000,-9.0000000000000000E+000, 0.0000000000000000E+000
before,2,3,3,10,0,1, 6.0000000000000000E+001, 9.5700001716613770E-001, 4.1000000000000000E+001, 2.6000000000000000E+002, 0.0000000000000000E+000, 0.0000000000000000E+000, 0.0000000000000000E+000, 0.0000000000000000E+000, 8.5000004619359970E-003, 4.8675221478333697E-005, 2.9205135069787502E-004, 7.3012837674468756E-005, 1.9470088591333479E-004, 3.4072654671035707E-004, 3.8940177182666957E-004, 1.0201677246093750E+003, 6.5056347656250000E+002, 1.7002796630859375E+003, 4.3370893554687500E+003, 1.5489605712890625E+003, 1.1120742187500000E+003, 4.5000000000000000E+008, 6.9536031332972925E-007, 4.9923306733035133E-007, 4.3000000715255737E-001,-9.0000000000000000E+000, 2.3000000417232513E-001,-9.0000000000000000E+000, 1.2999999523162842E-001,-9.0000000000000000E+000, 8.9999996125698090E-002,-9.0000000000000000E+000,-9.0000000000000000E+000, 0.0000000000000000E+000
before,2,4,4,10,0,1, 6.0000000000000000E+001, 9.6299999952316284E-001, 4.8000000000000000E+001, 2.6000000000000000E+002, 3.1622508345208189E-007, 2.4144588905983255E-007, 1.5811254172604094E-007, 1.9144587781738664E-007, 8.5000004619359970E-003, 2.2433760022977367E-005, 4.9735044740373269E-005, 3.3407264709239826E-005, 5.7301280321553349E-005, 0.0000000000000000E+000, 0.0000000000000000E+000, 3.0000000000000000E+007, 8.0000000000000000E+004, 1.5000000000000000E+005, 6.0000000000000000E+004, 0.0000000000000000E+000, 0.0000000000000000E+000, 4.5000000000000000E+008, 0.0000000000000000E+000, 0.0000000000000000E+000, 4.3999999761581421E-001,-9.0000000000000000E+000, 2.4000000953674316E-001,-9.0000000000000000E+000, 1.4000000059604645E-001,-9.0000000000000000E+000, 9.9999994039535522E-002,-9.0000000000000000E+000,-9.0000000000000000E+000, 0.0000000000000000E+000
before,2,5,5,10,0,1, 6.0000000000000000E+001, 9.6899998188018799E-001, 2.0000000000000000E+001, 2.6000000000000000E+002, 0.0000000000000000E+000, 0.0000000000000000E+000, 0.0000000000000000E+000, 0.0000000000000000E+000, 8.5000004619359970E-003, 0.0000000000000000E+000, 1.1199999134987593E-003, 2.4000000848900527E-004, 7.8000000212341547E-004, 1.1699999449774623E-003, 1.3200000394135714E-003, 0.0000000000000000E+000, 1.1112578582763672E+002, 2.6458522796630859E+001, 7.7391174316406250E+002, 2.4184739685058594E+002, 1.5971913146972656E+002, 4.5000000000000000E+008, 2.4374999156862032E-006, 1.6097561683636741E-006, 4.4999998807907104E-001,-9.0000000000000000E+000, 2.5000000000000000E-001,-9.0000000000000000E+000, 1.5000000596046448E-001,-9.0000000000000000E+000, 1.0999999940395355E-001,-9.0000000000000000E+000,-9.0000000000000000E+000, 0.0000000000000000E+000
before,2,6,6,10,0,1, 6.0000000000000000E+001, 9.7500002384185791E-001, 2.7000000000000000E+001, 2.6000000000000000E+002, 0.0000000000000000E+000, 0.0000000000000000E+000, 0.0000000000000000E+000, 0.0000000000000000E+000, 8.5000004619359970E-003, 0.0000000000000000E+000, 2.8334278613328934E-004, 8.5002837295178324E-005, 1.9833994156215340E-004, 2.2667423763778061E-004, 1.7000567459035665E-004, 0.0000000000000000E+000, 1.6240766601562500E+003, 5.4135894775390625E+002, 1.1368537109375000E+004, 2.4985795898437500E+003, 1.1464071044921875E+003, 4.5000000000000000E+008, 4.3591199982984108E-007, 2.0000668143893563E-007, 4.6000000834465027E-001,-9.0000000000000000E+000, 2.5999999046325684E-001,-9.0000000000000000E+000, 1.5999999642372131E-001,-9.0000000000000000E+000, 1.1999999731779099E-001,-9.0000000000000000E+000,-9.0000000000000000E+000, 0.0000000000000000E+000
before,2,1,1,11,0,1, 6.0000000000000000E+001, 9.0999996662139893E-001, 3.4000000000000000E+001, 2.6000000000000000E+002, 0.0000000000000000E+000, 0.0000000000000000E+000, 0.0000000000000000E+000, 0.0000000000000000E+000, 8.5500003769993782E-003, 0.0000000000000000E+000, 0.0000000000000000E+000, 0.0000000000000000E+000, 0.0000000000000000E+000, 0.0000000000000000E+000, 0.0000000000000000E+000, 0.0000000000000000E+000, 0.0000000000000000E+000, 0.0000000000000000E+000, 0.0000000000000000E+000, 0.0000000000000000E+000, 0.0000000000000000E+000, 4.5000000000000000E+008, 0.0000000000000000E+000, 0.0000000000000000E+000, 4.0999999642372131E-001,-9.0000000000000000E+000, 2.1000000834465027E-001,-9.0000000000000000E+000, 1.0999999940395355E-001,-9.0000000000000000E+000, 7.0000000298023224E-002,-9.0000000000000000E+000,-9.0000000000000000E+000, 0.0000000000000000E+000
before,2,2,2,11,0,1, 6.0000000000000000E+001, 9.1599994897842407E-001, 4.1000000000000000E+001, 2.6000000000000000E+002, 0.0000000000000000E+000, 0.0000000000000000E+000, 0.0000000000000000E+000, 0.0000000000000000E+000, 8.5500003769993782E-003, 2.9684802939300425E-005, 5.9369605878600851E-005, 2.3747839804855175E-005, 4.7495679609710351E-005, 6.3327570387627929E-005, 4.1558720113243908E-005, 0.0000000000000000E+000, 0.0000000000000000E+000, 0.0000000000000000E+000, 0.0000000000000000E+000, 0.0000000000000000E+000, 0.0000000000000000E+000, 4.5000000000000000E+008, 0.0000000000000000E+000, 0.0000000000000000E+000, 4.2000001668930054E-001,-9.0000000000000000E+000, 2.1999999880790710E-001,-9.0000000000000000E+000, 1.2000000476837158E-001,-9.0000000000000000E+000, 7.9999998211860657E-002,-9.0000000000000000E+000,-9.0000000000000000E+000, 0.0000000000000000E+000
before,2,3,3,11,0,1, 6.0000000000000000E+001, 9.2199999094009399E-001, 4.8000000000000000E+001, 2.6000000000000000E+002, 0.0000000000000000E+000, 0.0000000000000000E+000, 0.0000000000000000E+000, 0.0000000000000000E+000, 8.5500003769993782E-003, 1.9789866200881079E-005, 1.1873921175720170E-004, 2.9684802939300425E-005, 7.9159464803524315E-005, 1.3852906704414636E-004, 1.5831892960704863E-004, 3.5266567993164062E+002, 2.2010565185546875E+002, 5.8777618408203125E+002, 1.4673707275390625E+003, 5.0056509399414062E+002, 3.6822351074218750E+002, 4.5000000000000000E+008, 2.7003716240869835E-007, 1.9864357625465345E-007, 4.3000000715255737E-001,-9.0000000000000000E+000, 2.3000000417232513E-001,-9.0000000000000000E+000, 1.2999999523162842E-001,-9.0000000000000000E+000, 8.9999996125698090E-002,-9.0000000000000000E+000,-9.0000000000000000E+000, 0.0000000000000000E+000
before,2,4,4,11,0,1, 6.0000000000000000E+001, 9.2799997329711914E-001, 2.0000000000000000E+001, 2.6000000000000000E+002, 3.0659663252663449E-007, 2.3663164938625414E-007, 1.5329831626331725E-007, 1.8663165235466295E-007, 8.5500003769993782E-003, 2.0989493350498378E-005, 4.3957970774499699E-005, 3.1385290640173480E-005, 5.2968480304116383E-005, 0.0000000000000000E+000, 0.0000000000000000E+000, 3.0000000000000000E+007, 8.0000000000000000E+004, 1.5000000000000000E+005, 6.0000000000000000E+004, 0.0000000000000000E+000, 0.0000000000000000E+000, 4.5000000000000000E+008, 0.0000000000000000E+000, 0.0000000000000000E+000, 4.3999999761581421E-001,-9.0000000000000000E+000, 2.4000000953674316E-001,-9.0000000000000000E+000, 1.4000000059604645E-001,-9.0000000000000000E+000, 9.9999994039535522E-002,-9.0000000000000000E+000,-9.0000000000000000E+000, 0.0000000000000000E+000
before,2,5,5,11,0,1, 6.0000000000000000E+001, 9.3399995565414429E-001, 2.7000000000000000E+001, 2.6000000000000000E+002, 0.0000000000000000E+000, 0.0000000000000000E+000, 0.0000000000000000E+000, 0.0000000000000000E+000, 8.5500003769993782E-003, 0.0000000000000000E+000, 1.1520000407472253E-003, 2.4399999529123306E-004, 7.9799996456131339E-004, 1.1969999177381396E-003, 1.3419999741017818E-003, 0.0000000000000000E+000, 1.0022580718994141E+002, 2.3587091445922852E+001, 6.9427246093750000E+002, 2.1696015930175781E+002, 1.4238549804687500E+002, 4.5000000000000000E+008, 2.4937498892541043E-006, 1.6365853525712737E-006, 4.4999998807907104E-001,-9.0000000000000000E+000, 2.5000000000000000E-001,-9.0000000000000000E+000, 1.5000000596046448E-001,-9.0000000000000000E+000, 1.0999999940395355E-001,-9.0000000000000000E+000,-9.0000000000000000E+000, 0.0000000000000000E+000
before,2,6,6,11,0,1, 6.0000000000000000E+001, 9.3999993801116943E-001, 3.4000000000000000E+001, 2.6000000000000000E+002, 0.0000000000000000E+000, 0.0000000000000000E+000, 0.0000000000000000E+000, 0.0000000000000000E+000, 8.5500003769993782E-003, 0.0000000000000000E+000, 4.1084704571403563E-004, 1.2325412535574287E-004, 2.8759293491020799E-004, 3.2867764821276069E-004, 2.4650825071148574E-004, 0.0000000000000000E+000, 1.6761793212890625E+003, 5.5872650146484375E+002, 1.1733255859375000E+004, 2.5787375488281250E+003, 1.1831855468750000E+003, 4.5000000000000000E+008, 6.3207238554241485E-007, 2.9000969448134128E-007, 4.6000000834465027E-001,-9.0000000000000000E+000, 2.5999999046325684E-001,-9.0000000000000000E+000, 1.5999999642372131E-001,-9.0000000000000000E+000, 1.1999999731779099E-001,-9.0000000000000000E+000,-9.0000000000000000E+000, 0.0000000000000000E+000
before,2,1,1,12,0,1, 6.0000000000000000E+001, 8.7500000000000000E-001, 4.1000000000000000E+001, 2.6000000000000000E+002, 0.0000000000000000E+000, 0.0000000000000000E+000, 0.0000000000000000E+000, 0.0000000000000000E+000, 8.6000002920627594E-003, 0.0000000000000000E+000, 0.0000000000000000E+000, 0.0000000000000000E+000, 0.0000000000000000E+000, 0.0000000000000000E+000, 0.0000000000000000E+000, 0.0000000000000000E+000, 0.0000000000000000E+000, 0.0000000000000000E+000, 0.0000000000000000E+000, 0.0000000000000000E+000, 0.0000000000000000E+000, 4.5000000000000000E+008, 0.0000000000000000E+000, 0.0000000000000000E+000, 4.0999999642372131E-001,-9.0000000000000000E+000, 2.1000000834465027E-001,-9.0000000000000000E+000, 1.0999999940395355E-001,-9.0000000000000000E+000, 7.0000000298023224E-002,-9.0000000000000000E+000,-9.0000000000000000E+000, 0.0000000000000000E+000
before,2,2,2,12,0,1, 6.0000000000000000E+001, 8.8099998235702515E-001, 4.8000000000000000E+001, 2.6000000000000000E+002, 0.0000000000000000E+000, 0.0000000000000000E+000, 0.0000000000000000E+000, 0.0000000000000000E+000, 8.6000002920627594E-003, 8.4202138168620877E-006, 1.6840427633724175E-005, 6.7361706896917894E-006, 1.3472341379383579E-005, 1.7963122445507906E-005, 1.1788299161707982E-005, 0.0000000000000000E+000, 0.0000000000000000E+000, 0.0000000000000000E+000, 0.0000000000000000E+000, 0.0000000000000000E+000, 0.0000000000000000E+000, 4.5000000000000000E+008, 0.0000000000000000E+000, 0.0000000000000000E+000, 4.2000001668930054E-001,-9.0000000000000000E+000, 2.1999999880790710E-001,-9.0000000000000000E+000, 1.2000000476837158E-001,-9.0000000000000000E+000, 7.9999998211860657E-002,-9.0000000000000000E+000,-9.0000000000000000E+000, 0.0000000000000000E+000
before,2,3,3,12,0,1, 6.0000000000000000E+001, 8.8700002431869507E-001, 2.0000000000000000E+001, 2.6000000000000000E+002, 0.0000000000000000E+000, 0.0000000000000000E+000, 0.0000000000000000E+000, 0.0000000000000000E+000, 8.6000002920627594E-003, 5.6134754231607076E-006, 3.3680855267448351E-005, 8.4202138168620877E-006, 2.2453901692642830E-005, 3.9294329326367006E-005, 4.4907803385285661E-005, 8.5767562866210938E+001, 5.2508903503417969E+001, 1.4294593811035156E+002, 3.5005932617187500E+002, 1.1429176330566406E+002, 8.6009674072265625E+001, 4.5000000000000000E+008, 7.3310317816321913E-008, 5.5169291357515249E-008, 4.3000000715255737E-001,-9.0000000000000000E+000, 2.3000000417232513E-001,-9.0000000000000000E+000, 1.2999999523162842E-001,-9.0000000000000000E+000, 8.9999996125698090E-002,-9.0000000000000000E+000,-9.0000000000000000E+000, 0.0000000000000000E+000
before,2,4,4,12,0,1, 6.0000000000000000E+001, 8.9300000667572021E-001, 2.7000000000000000E+001, 2.6000000000000000E+002, 3.0187118227331666E-007, 2.3426892425959522E-007, 1.5093559113665833E-007, 1.8426891301714932E-007, 8.6000002920627594E-003, 2.0280673197703436E-005, 4.1122693801298738E-005, 3.0392942790058441E-005, 5.0842019845731556E-005, 0.0000000000000000E+000, 0.0000000000000000E+000, 3.0000000000000000E+007, 8.0000000000000000E+004, 1.5000000000000000E+005, 6.0000000000000000E+004, 0.0000000000000000E+000, 0.0000000000000000E+000, 4.5000000000000000E+008, 0.0000000000000000E+000, 0.0000000000000000E+000, 4.3999999761581421E-001,-9.0000000000000000E+000, 2.4000000953674316E-001,-9.0000000000000000E+000, 1.4000000059604645E-001,-9.0000000000000000E+000, 9.9999994039535522E-002,-9.0000000000000000E+000,-9.0000000000000000E+000, 0.0000000000000000E+000
before,2,5,5,12,0,1, 6.0000000000000000E+001, 8.9899998903274536E-001, 3.4000000000000000E+001, 2.6000000000000000E+002, 0.0000000000000000E+000, 0.0000000000000000E+000, 0.0000000000000000E+000, 0.0000000000000000E+000, 8.6000002920627594E-003, 0.0000000000000000E+000, 1.1839999351650476E-003, 2.4799999664537609E-004, 8.1600004341453314E-004, 1.2240000069141388E-003, 1.3640000252053142E-003, 0.0000000000000000E+000, 9.0824775695800781E+001, 2.1137899398803711E+001, 6.2595458984375000E+002, 1.9561080932617188E+002, 1.2760073852539062E+002, 4.5000000000000000E+008, 2.5500000901956810E-006, 1.6634146504657110E-006, 4.4999998807907104E-001,-9.0000000000000000E+000, 2.5000000000000000E-001,-9.0000000000000000E+000, 1.5000000596046448E-001,-9.0000000000000000E+000, 1.0999999940395355E-001,-9.0000000000000000E+000,-9.0000000000000000E+000, 0.0000000000000000E+000
before,2,6,6,12,0,1, 6.0000000000000000E+001, 9.0499997138977051E-001, 4.1000000000000000E+001, 2.6000000000000000E+002, 0.0000000000000000E+000, 0.0000000000000000E+000, 0.0000000000000000E+000, 0.0000000000000000E+000, 8.6000002920627594E-003, 0.0000000000000000E+000, 0.0000000000000000E+000, 0.0000000000000000E+000, 0.0000000000000000E+000, 0.0000000000000000E+000, 0.0000000000000000E+000, 0.0000000000000000E+000, 0.0000000000000000E+000, 0.0000000000000000E+000, 0.0000000000000000E+000, 0.0000000000000000E+000, 0.0000000000000000E+000, 4.5000000000000000E+008, 0.0000000000000000E+000, 0.0000000000000000E+000, 4.6000000834465027E-001,-9.0000000000000000E+000, 2.5999999046325684E-001,-9.0000000000000000E+000, 1.5999999642372131E-001,-9.0000000000000000E+000, 1.1999999731779099E-001,-9.0000000000000000E+000,-9.0000000000000000E+000, 0.0000000000000000E+000
before,2,1,1,13,0,1, 6.0000000000000000E+001, 8.3999997377395630E-001, 4.8000000000000000E+001, 2.6000000000000000E+002, 0.0000000000000000E+000, 0.0000000000000000E+000, 0.0000000000000000E+000, 0.0000000000000000E+000, 8.6500002071261406E-003, 0.0000000000000000E+000, 0.0000000000000000E+000, 0.0000000000000000E+000, 0.0000000000000000E+000, 0.0000000000000000E+000, 0.0000000000000000E+000, 0.0000000000000000E+000, 0.0000000000000000E+000, 0.0000000000000000E+000, 0.0000000000000000E+000, 0.0000000000000000E+000, 0.0000000000000000E+000, 4.5000000000000000E+008, 0.0000000000000000E+000, 0.0000000000000000E+000, 4.0999999642372131E-001,-9.0000000000000000E+000, 2.1000000834465027E-001,-9.0000000000000000E+000, 1.0999999940395355E-001,-9.0000000000000000E+000, 7.0000000298023224E-002,-9.0000000000000000E+000,-9.0000000000000000E+000, 0.0000000000000000E+000
before,2,2,2,13,0,1, 6.0000000000000000E+001, 8.4599995613098145E-001, 2.0000000000000000E+001, 2.6000000000000000E+002, 0.0000000000000000E+000, 0.0000000000000000E+000, 0.0000000000000000E+000, 0.0000000000000000E+000, 8.6500002071261406E-003, 1.6663494761814945E-006, 3.3326989523629891E-006, 1.3330795809451956E-006, 2.6661591618903913E-006, 3.5548787309380714E-006, 2.3328891529672546E-006, 0.0000000000000000E+000, 0.0000000000000000E+000, 0.0000000000000000E+000, 0.0000000000000000E+000, 0.0000000000000000E+000, 0.0000000000000000E+000, 4.5000000000000000E+008, 0.0000000000000000E+000, 0.0000000000000000E+000, 4.2000001668930054E-001,-9.0000000000000000E+000, 2.1999999880790710E-001,-9.0000000000000000E+000, 1.2000000476837158E-001,-9.0000000000000000E+000, 7.9999998211860657E-002,-9.0000000000000000E+000,-9.0000000000000000E+000, 0.0000000000000000E+000
before,2,3,3,13,0,1, 6.0000000000000000E+001, 8.5199999809265137E-001, 2.7000000000000000E+001, 2.6000000000000000E+002, 0.0000000000000000E+000, 0.0000000000000000E+000, 0.0000000000000000E+000, 0.0000000000000000E+000, 8.6500002071261406E-003, 1.1108995749964379E-006, 6.6653979047259782E-006, 1.6663494761814945E-006, 4.4435982999857515E-006, 7.7762970249750651E-006, 8.8871965999715030E-006, 1.4662164688110352E+001, 8.8225049972534180E+000, 2.4436944961547852E+001, 5.8816699981689453E+001, 1.8413099288940430E+001, 1.4155643463134766E+001, 4.5000000000000000E+008, 1.3911085616769014E-008, 1.0694580332426540E-008, 4.3000000715255737E-001,-9.0000000000000000E+000, 2.3000000417232513E-001,-9.0000000000000000E+000, 1.2999999523162842E-001,-9.0000000000000000E+000, 8.9999996125698090E-002,-9.0000000000000000E+000,-9.0000000000000000E+000, 0.0000000000000000E+000
before,2,4,4,13,0,1, 6.0000000000000000E+001, 8.5799998044967651E-001, 3.4000000000000000E+001, 2.6000000000000000E+002, 3.0037028864171589E-007, 2.3351847744379484E-007, 1.5018514432085794E-007, 1.8351848041220364E-007, 8.6500002071261406E-003, 2.0055544155184180E-005, 4.0222177631221712E-005, 3.0077762858127244E-005, 5.0166632718173787E-005, 0.0000000000000000E+000, 0.0000000000000000E+000, 3.0000000000000000E+007, 8.0000000000000000E+004, 1.5000000000000000E+005, 6.0000000000000000E+004, 0.0000000000000000E+000, 0.0000000000000000E+000, 4.5000000000000000E+008, 0.0000000000000000E+000, 0.0000000000000000E+000, 4.3999999761581421E-001,-9.0000000000000000E+000, 2.4000000953674316E-001,-9.0000000000000000E+000, 1.4000000059604645E-001,-9.0000000000000000E+000, 9.9999994039535522E-002,-9.0000000000000000E+000,-9.0000000000000000E+000, 0.0000000000000000E+000
before,2,5,5,13,0,1, 6.0000000000000000E+001, 8.6399996280670166E-001, 4.1000000000000000E+001, 2.6000000000000000E+002, 0.0000000000000000E+000, 0.0000000000000000E+000, 0.0000000000000000E+000, 0.0000000000000000E+000, 8.6500002071261406E-003, 0.0000000000000000E+000, 1.2159999459981918E-003, 2.5199999799951911E-004, 8.3400000585243106E-004, 1.2509999796748161E-003, 1.3859999598935246E-003, 0.0000000000000000E+000, 8.2663543701171875E+001, 1.9034370422363281E+001, 5.6695233154296875E+002, 1.7717259216308594E+002, 1.1490260314941406E+002, 4.5000000000000000E+008, 2.6062500637635821E-006, 1.6902438346733106E-006, 4.4999998807907104E-001,-9.0000000000000000E+000, 2.5000000000000000E-001,-9.0000000000000000E+000, 1.5000000596046448E-001,-9.0000000000000000E+000, 1.0999999940395355E-001,-9.0000000000000000E+000,-9.0000000000000000E+000, 0.0000000000000000E+000
before,2,6,6,13,0,1, 6.0000000000000000E+001, 8.7000000476837158E-001, 4.8000000000000000E+001, 2.6000000000000000E+002, 0.0000000000000000E+000, 0.0000000000000000E+000, 0.0000000000000000E+000, 0.0000000000000000E+000, 8.6500002071261406E-003, 0.0000000000000000E+000, 8.6380599532276392E-004, 2.5914181605912745E-004, 6.0466420836746693E-004, 6.9104478461667895E-004, 5.1828363211825490E-004, 0.0000000000000000E+000, 1.7854526367187500E+003, 5.9515093994140625E+002, 1.2498168945312500E+004, 2.7468503417968750E+003, 1.2603195800781250E+003, 4.5000000000000000E+008, 1.3289322851051111E-006, 6.0974542748226668E-007, 4.6000000834465027E-001,-9.0000000000000000E+000, 2.5999999046325684E-001,-9.0000000000000000E+000, 1.5999999642372131E-001,-9.0000000000000000E+000, 1.1999999731779099E-001,-9.0000000000000000E+000,-9.0000000000000000E+000, 0.0000000000000000E+000
before,2,1,1,14,0,1, 6.0000000000000000E+001, 8.0499994754791260E-001, 2.0000000000000000E+001, 2.6000000000000000E+002, 0.0000000000000000E+000, 0.0000000000000000E+000, 0.0000000000000000E+000, 0.0000000000000000E+000, 8.7000001221895218E-003, 0.0000000000000000E+000, 0.0000000000000000E+000, 0.0000000000000000E+000, 0.0000000000000000E+000, 0.0000000000000000E+000, 0.0000000000000000E+000, 0.0000000000000000E+000, 0.0000000000000000E+000, 0.0000000000000000E+000, 0.0000000000000000E+000, 0.0000000000000000E+000, 0.0000000000000000E+000, 4.5000000000000000E+008, 0.0000000000000000E+000, 0.0000000000000000E+000, 4.0999999642372131E-001,-9.0000000000000000E+000, 2.1000000834465027E-001,-9.0000000000000000E+000, 1.0999999940395355E-001,-9.0000000000000000E+000, 7.0000000298023224E-002,-9.0000000000000000E+000,-9.0000000000000000E+000, 0.0000000000000000E+000
before,2,2,2,14,0,1, 6.0000000000000000E+001, 8.1099992990493774E-001, 2.7000000000000000E+001, 2.6000000000000000E+002, 0.0000000000000000E+000, 0.0000000000000000E+000, 0.0000000000000000E+000, 0.0000000000000000E+000, 8.7000001221895218E-003, 2.3007150673493015E-007, 4.6014301346986031E-007, 1.8405718549274752E-007, 3.6811437098549504E-007, 4.9081916131399339E-007, 3.2210007816502184E-007, 0.0000000000000000E+000, 0.0000000000000000E+000, 0.0000000000000000E+000, 0.0000000000000000E+000, 0.0000000000000000E+000, 0.0000000000000000E+000, 4.5000000000000000E+008, 0.0000000000000000E+000, 0.0000000000000000E+000, 4.2000001668930054E-001,-9.0000000000000000E+000, 2.1999999880790710E-001,-9.0000000000000000E+000, 1.2000000476837158E-001,-9.0000000000000000E+000, 7.9999998211860657E-002,-9.0000000000000000E+000,-9.0000000000000000E+000, 0.0000000000000000E+000
before,2,3,3,14,0,1, 6.0000000000000000E+001, 8.1699997186660767E-001, 3.4000000000000000E+001, 2.6000000000000000E+002, 0.0000000000000000E+000, 0.0000000000000000E+000, 0.0000000000000000E+000, 0.0000000000000000E+000, 8.7000001221895218E-003, 1.5338099501605029E-007, 9.2028602693972061E-007, 2.3007150673493015E-007, 6.1352398006420117E-007, 1.0736669082689332E-006, 1.2270479601284023E-006, 1.7606971263885498E+000, 1.0429971218109131E+000, 2.9344954490661621E+000, 6.9533143043518066E+000, 2.0907731056213379E+000, 1.6399325132369995E+000, 4.5000000000000000E+008, 1.8447885441474909E-009, 1.4469905273983841E-009, 4.3000000715255737E-001,-9.0000000000000000E+000, 2.3000000417232513E-001,-9.0000000000000000E+000, 1.2999999523162842E-001,-9.0000000000000000E+000, 8.9999996125698090E-002,-9.0000000000000000E+000,-9.0000000000000000E+000, 0.0000000000000000E+000
before,2,4,4,14,0,1, 6.0000000000000000E+001, 8.2299995422363281E-001, 4.1000000000000000E+001, 2.6000000000000000E+002, 3.0005111284481245E-007, 2.3335888954534312E-007, 1.5002555642240623E-007, 1.8335889251375193E-007, 8.7000001221895218E-003, 2.0007668354082853E-005, 4.0030674426816404E-005, 3.0010736736585386E-005, 5.0023005314869806E-005, 0.0000000000000000E+000, 0.0000000000000000E+000, 3.0000000000000000E+007, 8.0000000000000000E+004, 1.5000000000000000E+005, 6.0000000000000000E+004, 0.0000000000000000E+000, 0.0000000000000000E+000, 4.5000000000000000E+008, 0.0000000000000000E+000, 0.0000000000000000E+000, 4.3999999761581421E-001,-9.0000000000000000E+000, 2.4000000953674316E-001,-9.0000000000000000E+000, 1.4000000059604645E-001,-9.0000000000000000E+000, 9.9999994039535522E-002,-9.0000000000000000E+000,-9.0000000000000000E+000, 0.0000000000000000E+000
before,2,5,5,14,0,1, 6.0000000000000000E+001, 8.2899993658065796E-001, 4.8000000000000000E+001, 2.6000000000000000E+002, 0.0000000000000000E+000, 0.0000000000000000E+000, 0.0000000000000000E+000, 0.0000000000000000E+000, 8.7000001221895218E-003, 0.0000000000000000E+000, 1.2479999568313360E-003, 2.5599999935366213E-004, 8.5200002649798989E-004, 1.2779999524354935E-003, 1.4080000109970570E-003, 0.0000000000000000E+000, 7.5536094665527344E+001, 1.7216203689575195E+001, 5.1567913818359375E+002, 1.6114971923828125E+002, 1.0392709350585938E+002, 4.5000000000000000E+008, 2.6624998099578079E-006, 1.7170731325677480E-006, 4.4999998807907104E-001,-9.0000000000000000E+000, 2.5000000000000000E-001,-9.0000000000000000E+000, 1.5000000596046448E-001,-9.0000000000000000E+000, 1.0999999940395355E-001,-9.0000000000000000E+000,-9.0000000000000000E+000, 0.0000000000000000E+000
before,2,6,6,14,0,1, 6.0000000000000000E+001, 8.3499991893768311E-001, 2.0000000000000000E+001, 2.6000000000000000E+002, 0.0000000000000000E+000, 0.0000000000000000E+000, 0.0000000000000000E+000, 0.0000000000000000E+000, 8.7000001221895218E-003, 0.0000000000000000E+000, 1.2525186175480485E-003, 3.7575559690594673E-004, 8.7676302064210176E-004, 1.0020149638876319E-003, 7.5151119381189346E-004, 0.0000000000000000E+000, 1.8427326660156250E+003, 6.1424420166015625E+002, 1.2899128906250000E+004, 2.8349733886718750E+003, 1.3007524414062500E+003, 4.5000000000000000E+008, 1.9269518816145137E-006, 8.8413082721672254E-007, 4.6000000834465027E-001,-9.0000000000000000E+000, 2.5999999046325684E-001,-9.0000000000000000E+000, 1.5999999642372131E-001,-9.0000000000000000E+000, 1.1999999731779099E-001,-9.0000000000000000E+000,-9.0000000000000000E+000, 0.0000000000000000E+000
after,2,1,1,1,0,1, 6.0000000000000000E+001, 1.2599999904632568E+000, 3.4000000000000000E+001, 2.6000000000000000E+002, 0.0000000000000000E+000, 0.0000000000000000E+000, 0.0000000000000000E+000, 0.0000000000000000E+000, 8.0500002950429916E-003, 0.0000000000000000E+000, 0.0000000000000000E+000, 0.0000000000000000E+000, 0.0000000000000000E+000, 0.0000000000000000E+000, 0.0000000000000000E+000, 0.0000000000000000E+000, 0.0000000000000000E+000, 0.0000000000000000E+000, 0.0000000000000000E+000, 0.0000000000000000E+000, 0.0000000000000000E+000, 4.5000000000000000E+008, 0.0000000000000000E+000, 0.0000000000000000E+000, 4.0999999642372131E-001, 0.0000000000000000E+000, 2.1000000834465027E-001, 0.0000000000000000E+000, 1.0999999940395355E-001, 0.0000000000000000E+000, 7.0000000298023224E-002, 0.0000000000000000E+000, 0.0000000000000000E+000, 0.0000000000000000E+000
after,2,2,2,1,0,1, 6.0000000000000000E+001, 1.2660000324249268E+000, 4.1000000000000000E+001, 2.6000000000000000E+002, 0.0000000000000000E+000, 0.0000000000000000E+000, 0.0000000000000000E+000, 0.0000000000000000E+000, 8.0500002950429916E-003, 4.2487087625886488E-007, 5.1891706789319869E-006, 3.9638985072087962E-007, 2.8519649276859127E-005, 1.0265876690396247E-012, 3.3745381883855308E-022, 0.0000000000000000E+000, 0.0000000000000000E+000, 0.0000000000000000E+000, 0.0000000000000000E+000, 0.0000000000000000E+000, 0.0000000000000000E+000, 4.5000000000000000E+008, 0.0000000000000000E+000, 0.0000000000000000E+000, 5.3832471370697021E-001, 1.1832471936941147E-001, 2.2068105638027191E-001, 6.8105506943538785E-004, 1.6551485657691956E-001, 4.5514855533838272E-002, 1.0986913740634918E-001, 2.9869135469198227E-002, 6.4285004138946533E-001, 2.8155616291769547E-006
after,2,3,3,1,0,1, 6.0000000000000000E+001, 1.2719999551773071E+000, 4.8000000000000000E+001, 2.6000000000000000E+002, 0.0000000000000000E+000, 0.0000000000000000E+000, 0.0000000000000000E+000, 0.0000000000000000E+000, 8.0500002950429916E-003, 4.1191805166818085E-007, 3.1196911004371941E-004, 6.9560343263219693E-007, 1.9099506971542723E-006, 2.5266650482080877E-004, 4.1008551488630474E-004, 3.6022304534912109E+001, 2.1996389160156250E+003, 6.6833328247070312E+001, 2.1747680664062500E+002, 2.2373720703125000E+003, 2.2253295898437500E+003, 4.5000000000000000E+008, 6.1033375686747604E-007, 5.5933975318112061E-007, 5.0986558198928833E-001, 7.9865567386150360E-002, 2.3001132905483246E-001, 1.1329824701533653E-005, 1.3767433166503906E-001, 7.6743387617170811E-003, 1.1044356226921082E-001, 2.0443562418222427E-002, 3.5220724344253540E-001, 3.6484973406913923E-006
after,2,4,4,1,0,1, 6.0000000000000000E+001, 1.2779999971389771E+000, 2.0000000000000000E+001, 2.6000000000000000E+002, 3.0000492756698804E-007, 2.3333579690643091E-007, 1.5000246378349402E-007, 1.8333578566398501E-007, 8.0500002950429916E-003, 1.9994504327769391E-005, 4.0135313611244783E-005, 2.9726093998760916E-005, 4.9408066843170673E-005, 0.0000000000000000E+000, 0.0000000000000000E+000, 2.9990536000000000E+007, 8.0322492187500000E+004, 1.4877725000000000E+005, 5.9801894531250000E+004, 0.0000000000000000E+000, 0.0000000000000000E+000, 4.4999996800000000E+008, 0.0000000000000000E+000, 0.0000000000000000E+000, 4.4435867667198181E-001, 4.3586846441030502E-003, 2.4125617742538452E-001, 1.2561653275042772E-003, 1.4000000059604645E-001, 0.0000000000000000E+000, 9.9999994039535522E-002, 0.0000000000000000E+000, 2.8819826245307922E-001, 5.5962562328204513E-004
after,2,5,5,1,0,1, 6.0000000000000000E+001, 1.2840000391006470E+000, 2.7000000000000000E+001, 2.6000000000000000E+002, 0.0000000000000000E+000, 0.0000000000000000E+000, 0.0000000000000000E+000, 0.0000000000000000E+000, 8.0500002950429916E-003, 0.0000000000000000E+000, 0.0000000000000000E+000, 0.0000000000000000E+000, 0.0000000000000000E+000, 0.0000000000000000E+000, 0.0000000000000000E+000, 0.0000000000000000E+000, 0.0000000000000000E+000, 0.0000000000000000E+000, 0.0000000000000000E+000, 0.0000000000000000E+000, 0.0000000000000000E+000, 4.5000000000000000E+008, 0.0000000000000000E+000, 0.0000000000000000E+000, 4.4999998807907104E-001, 0.0000000000000000E+000, 2.5000000000000000E-001, 0.0000000000000000E+000, 1.5000000596046448E-001, 0.0000000000000000E+000, 1.0999999940395355E-001, 0.0000000000000000E+000, 0.0000000000000000E+000, 0.0000000000000000E+000
after,2,6,6,1,0,1, 6.0000000000000000E+001, 1.2899999618530273E+000, 3.4000000000000000E+001, 2.6000000000000000E+002, 0.0000000000000000E+000, 0.0000000000000000E+000, 0.0000000000000000E+000, 0.0000000000000000E+000, 8.0500002950429916E-003, 0.0000000000000000E+000, 1.2488457059589564E-006, 3.1911172300169710E-006, 7.6660662671201862E-006, 2.2384504063666100E-006, 1.1458535027486505E-006, 0.0000000000000000E+000, 9.2066265869140625E+002, 3.7090682983398438E+002, 8.4437802734375000E+003, 1.2969760742187500E+003, 3.7820242309570312E+002, 4.5000000000000000E+008, 4.3047125863893143E-009, 1.3480632166107398E-009, 4.6276006102561951E-001, 2.7600431349128485E-003, 2.6018971204757690E-001, 1.8972670659422874E-004, 1.6081143915653229E-001, 8.1144290743395686E-004, 1.2064279615879059E-001, 6.4279907383024693E-004, 5.9563153982162476E-001, 1.1947184248128906E-004
after,2,1,1,2,0,1, 6.0000000000000000E+001, 1.2250000238418579E+000, 4.1000000000000000E+001, 2.6000000000000000E+002, 0.0000000000000000E+000, 0.0000000000000000E+000, 0.0000000000000000E+000, 0.0000000000000000E+000, 8.1000002101063728E-003, 0.0000000000000000E+000, 0.0000000000000000E+000, 0.0000000000000000E+000, 0.0000000000000000E+000, 0.0000000000000000E+000, 0.0000000000000000E+000, 0.0000000000000000E+000, 0.0000000000000000E+000, 0.0000000000000000E+000, 0.0000000000000000E+000, 0.0000000000000000E+000, 0.0000000000000000E+000, 4.4999996800000000E+008, 0.0000000000000000E+000, 0.0000000000000000E+000, 4.0999999642372131E-001, 0.0000000000000000E+000, 2.1000000834465027E-001, 0.0000000000000000E+000, 1.0999999940395355E-001, 0.0000000000000000E+000, 7.0000000298023224E-002, 0.0000000000000000E+000, 0.0000000000000000E+000, 0.0000000000000000E+000
after,2,2,2,2,0,1, 6.0000000000000000E+001, 1.2310000658035278E+000, 4.8000000000000000E+001, 2.6000000000000000E+002, 0.0000000000000000E+000, 0.0000000000000000E+000, 0.0000000000000000E+000, 0.0000000000000000E+000, 8.1000002101063728E-003, 2.9175714644225081E-006, 1.9669691937451717E-006, 2.7497665087139467E-006, 6.6218359279446304E-005, 1.8318707011369395E-013, 4.7873481848289950E-023, 0.0000000000000000E+000, 0.0000000000000000E+000, 0.0000000000000000E+000, 0.0000000000000000E+000, 0.0000000000000000E+000, 0.0000000000000000E+000, 4.5000000000000000E+008, 0.0000000000000000E+000, 0.0000000000000000E+000, 5.3832471370697021E-001, 1.1832471936941147E-001, 2.2068105638027191E-001, 6.8105506943538785E-004, 1.6551485657691956E-001, 4.5514855533838272E-002, 1.0986913740634918E-001, 2.9869135469198227E-002, 6.4285004138946533E-001, 2.8155616291769547E-006
after,2,3,3,2,0,1, 6.0000000000000000E+001, 1.2369999885559082E+000, 2.0000000000000000E+001, 2.6000000000000000E+002, 0.0000000000000000E+000, 0.0000000000000000E+000, 0.0000000000000000E+000, 0.0000000000000000E+000, 8.1000002101063728E-003, 3.0719986625626916E-006, 1.8617414752952754E-004, 5.4228944463829976E-006, 1.4291195839177817E-005, 4.7724868636578321E-004, 5.5469467770308256E-004, 2.1691157531738281E+002, 2.2835791015625000E+003, 4.1880371093750000E+002, 1.2742225341796875E+003, 5.0451308593750000E+003, 3.5311398925781250E+003, 4.5000000000000000E+008, 1.1159268069604877E-006, 7.4630298740885337E-007, 5.0986558198928833E-001, 7.9865567386150360E-002, 2.3001132905483246E-001, 1.1329824701533653E-005, 1.3767433166503906E-001, 7.6743387617170811E-003, 1.1044356226921082E-001, 2.0443562418222427E-002, 3.5220724344253540E-001, 3.6484973406913923E-006
after,2,4,4,2,0,1, 6.0000000000000000E+001, 1.2430000305175781E+000, 2.7000000000000000E+001, 2.6000000000000000E+002, 3.0005111284481245E-007, 2.3335888954534312E-007, 1.5002555642240623E-007, 1.8335889251375193E-007, 8.1000002101063728E-003, 2.0003486497444101E-005, 4.1742092435015365E-005, 2.9841829018550925E-005, 4.9694848712533712E-005, 0.0000000000000000E+000, 0.0000000000000000E+000, 2.9993128000000000E+007, 8.0646734375000000E+004, 1.4907009375000000E+005, 5.9917535156250000E+004, 0.0000000000000000E+000, 0.0000000000000000E+000, 4.5000000000000000E+008, 0.0000000000000000E+000, 0.0000000000000000E+000, 4.4435867667198181E-001, 4.3586846441030502E-003, 2.4125617742538452E-001, 1.2561653275042772E-003, 1.4000000059604645E-001, 0.0000000000000000E+000, 9.9999994039535522E-002, 0.0000000000000000E+000, 2.8819826245307922E-001, 5.5962562328204513E-004
after,2,5,5,2,0,1, 6.0000000000000000E+001, 1.2490000724792480E+000, 3.4000000000000000E+001, 2.6000000000000000E+002, 0.0000000000000000E+000, 0.0000000000000000E+000, 0.0000000000000000E+000, 0.0000000000000000E+000, 8.1000002101063728E-003, 0.0000000000000000E+000, 0.0000000000000000E+000, 0.0000000000000000E+000, 0.0000000000000000E+000, 0.0000000000000000E+000, 0.0000000000000000E+000, 0.0000000000000000E+000, 0.0000000000000000E+000, 0.0000000000000000E+000, 0.0000000000000000E+000, 0.0000000000000000E+000, 0.0000000000000000E+000, 4.5000000000000000E+008, 0.0000000000000000E+000, 0.0000000000000000E+000, 4.4999998807907104E-001, 0.0000000000000000E+000, 2.5000000000000000E-001, 0.0000000000000000E+000, 1.5000000596046448E-001, 0.0000000000000000E+000, 1.0999999940395355E-001, 0.0000000000000000E+000, 0.0000000000000000E+000, 0.0000000000000000E+000
after,2,6,6,2,0,1, 6.0000000000000000E+001, 1.2549999952316284E+000, 4.1000000000000000E+001, 2.6000000000000000E+002, 0.0000000000000000E+000, 0.0000000000000000E+000, 0.0000000000000000E+000, 0.0000000000000000E+000, 8.1000002101063728E-003, 0.0000000000000000E+000, 2.6913724582300347E-007, 1.8652225435289438E-006, 5.8950126913259737E-006, 7.4116496762144379E-007, 3.4520377312219352E-007, 0.0000000000000000E+000, 4.2890765380859375E+002, 2.0904328918457031E+002, 6.4727915039062500E+003, 6.6649407958984375E+002, 1.5112110900878906E+002, 4.5000000000000000E+008, 1.4253175306677690E-009, 4.0612235796544383E-010, 4.6276006102561951E-001, 2.7600431349128485E-003, 2.6018971204757690E-001, 1.8972670659422874E-004, 1.6081143915653229E-001, 8.1144290743395686E-004, 1.2064279615879059E-001, 6.4279907383024693E-004, 5.9563153982162476E-001, 1.1947184248128906E-004
after,2,1,1,3,0,1, 6.0000000000000000E+001, 1.1899999380111694E+000, 4.8000000000000000E+001, 2.6000000000000000E+002, 0.0000000000000000E+000, 0.0000000000000000E+000, 0.0000000000000000E+000, 0.0000000000000000E+000, 8.1500001251697540E-003, 0.0000000000000000E+000, 0.0000000000000000E+000, 0.0000000000000000E+000, 0.0000000000000000E+000, 0.0000000000000000E+000, 0.0000000000000000E+000, 0.0000000000000000E+000, 0.0000000000000000E+000, 0.0000000000000000E+000, 0.0000000000000000E+000, 0.0000000000000000E+000, 0.0000000000000000E+000, 4.5000000000000000E+008, 0.0000000000000000E+000, 0.0000000000000000E+000, 4.0999999642372131E-001, 0.0000000000000000E+000, 2.1000000834465027E-001, 0.0000000000000000E+000, 1.0999999940395355E-001, 0.0000000000000000E+000, 7.0000000298023224E-002, 0.0000000000000000E+000, 0.0000000000000000E+000, 0.0000000000000000E+000
after,2,2,2,3,0,1, 6.0000000000000000E+001, 1.1959999799728394E+000, 2.0000000000000000E+001, 2.6000000000000000E+002, 0.0000000000000000E+000, 0.0000000000000000E+000, 0.0000000000000000E+000, 0.0000000000000000E+000, 8.1500001251697540E-003, 1.6205365682253614E-005, 4.0267039480568201E-007, 1.4985400412115268E-005, 1.2732431059703231E-004, 5.4696839166755960E-015, 1.7704919288058726E-025, 0.0000000000000000E+000, 0.0000000000000000E+000, 0.0000000000000000E+000, 0.0000000000000000E+000, 0.0000000000000000E+000, 0.0000000000000000E+000, 4.5000000000000000E+008, 0.0000000000000000E+000, 0.0000000000000000E+000, 5.3832471370697021E-001, 1.1832471936941147E-001, 2.2068105638027191E-001, 6.8105506943538785E-004, 1.6551485657691956E-001, 4.5514855533838272E-002, 1.0986913740634918E-001, 2.9869135469198227E-002, 6.4285004138946533E-001, 2.8155616291769547E-006
after,2,3,3,3,0,1, 6.0000000000000000E+001, 1.2019999027252197E+000, 2.7000000000000000E+001, 2.6000000000000000E+002, 0.0000000000000000E+000, 0.0000000000000000E+000, 0.0000000000000000E+000, 0.0000000000000000E+000, 8.1500001251697540E-003, 7.9206602094927803E-006, 1.2429086200427264E-004, 1.3551102711062413E-005, 3.6725454265251756E-005, 4.9637211486697197E-004, 5.0472957082092762E-004, 4.8115240478515625E+002, 2.1251950683593750E+003, 8.9620526123046875E+002, 2.7480886230468750E+003, 5.6125410156250000E+003, 3.4511101074218750E+003, 4.5000000000000000E+008, 1.1380144542272319E-006, 6.7427782823870075E-007, 5.0986558198928833E-001, 7.9865567386150360E-002, 2.3001132905483246E-001, 1.1329824701533653E-005, 1.3767433166503906E-001, 7.6743387617170811E-003, 1.1044356226921082E-001, 2.0443562418222427E-002, 3.5220724344253540E-001, 3.6484973406913923E-006
after,2,4,4,3,0,1, 6.0000000000000000E+001, 1.2079999446868896E+000, 3.4000000000000000E+001, 2.6000000000000000E+002, 3.0037028864171589E-007, 2.3351847744379484E-007, 1.5018514432085794E-007, 1.8351848041220364E-007, 8.1500001251697540E-003, 2.0054068954777904E-005, 4.4680742576019838E-005, 3.0078477720962837E-005, 5.0300946895731613E-005, 0.0000000000000000E+000, 0.0000000000000000E+000, 2.9995542000000000E+007, 8.1495789062500000E+004, 1.4931309375000000E+005, 6.0014054687500000E+004, 0.0000000000000000E+000, 0.0000000000000000E+000, 4.5000003200000000E+008, 0.0000000000000000E+000, 0.0000000000000000E+000, 4.4435867667198181E-001, 4.3586846441030502E-003, 2.4125617742538452E-001, 1.2561653275042772E-003, 1.4000000059604645E-001, 0.0000000000000000E+000, 9.9999994039535522E-002, 0.0000000000000000E+000, 2.8819826245307922E-001, 5.5962562328204513E-004
after,2,5,5,3,0,1, 6.0000000000000000E+001, 1.2139999866485596E+000, 4.1000000000000000E+001, 2.6000000000000000E+002, 0.0000000000000000E+000, 0.0000000000000000E+000, 0.0000000000000000E+000, 0.0000000000000000E+000, 8.1500001251697540E-003, 0.0000000000000000E+000, 0.0000000000000000E+000, 0.0000000000000000E+000, 0.0000000000000000E+000, 0.0000000000000000E+000, 0.0000000000000000E+000, 0.0000000000000000E+000, 0.0000000000000000E+000, 0.0000000000000000E+000, 0.0000000000000000E+000, 0.0000000000000000E+000, 0.0000000000000000E+000, 4.4999996800000000E+008, 0.0000000000000000E+000, 0.0000000000000000E+000, 4.4999998807907104E-001, 0.0000000000000000E+000, 2.5000000000000000E-001, 0.0000000000000000E+000, 1.5000000596046448E-001, 0.0000000000000000E+000, 1.0999999940395355E-001, 0.0000000000000000E+000, 0.0000000000000000E+000, 0.0000000000000000E+000
after,2,6,6,3,0,1, 6.0000000000000000E+001, 1.2199999094009399E+000, 4.8000000000000000E+001, 2.6000000000000000E+002, 0.0000000000000000E+000, 0.0000000000000000E+000, 0.0000000000000000E+000, 0.0000000000000000E+000, 8.1500001251697540E-003, 0.0000000000000000E+000, 3.5757275327341631E-005, 6.2651333792018704E-006, 1.1108890248578973E-005, 2.8243302949704230E-005, 2.1349918824853376E-005, 0.0000000000000000E+000, 2.7907082519531250E+003, 2.7029943847656250E+002, 4.4748803710937500E+003, 2.9049028320312500E+003, 1.2143385009765625E+003, 4.4999996800000000E+008, 5.4314046593617604E-008, 2.5117550705999747E-008, 4.6276006102561951E-001, 2.7600431349128485E-003, 2.6018971204757690E-001, 1.8972670659422874E-004, 1.6081143915653229E-001, 8.1144290743395686E-004, 1.2064279615879059E-001, 6.4279907383024693E-004, 5.9563153982162476E-001, 1.1947184248128906E-004
after,2,1,1,4,0,1, 6.0000000000000000E+001, 1.1549999713897705E+000, 2.0000000000000000E+001, 2.6000000000000000E+002, 0.0000000000000000E+000, 0.0000000000000000E+000, 0.0000000000000000E+000, 0.0000000000000000E+000, 8.2000000402331352E-003, 0.0000000000000000E+000, 0.0000000000000000E+000, 0.0000000000000000E+000, 0.0000000000000000E+000, 0.0000000000000000E+000, 0.0000000000000000E+000, 0.0000000000000000E+000, 0.0000000000000000E+000, 0.0000000000000000E+000, 0.0000000000000000E+000, 0.0000000000000000E+000, 0.0000000000000000E+000, 4.5000000000000000E+008, 0.0000000000000000E+000, 0.0000000000000000E+000, 4.0999999642372131E-001, 0.0000000000000000E+000, 2.1000000834465027E-001, 0.0000000000000000E+000, 1.0999999940395355E-001, 0.0000000000000000E+000, 7.0000000298023224E-002, 0.0000000000000000E+000, 0.0000000000000000E+000, 0.0000000000000000E+000
after,2,2,2,4,0,1, 6.0000000000000000E+001, 1.1610000133514404E+000, 2.7000000000000000E+001, 2.6000000000000000E+002, 0.0000000000000000E+000, 0.0000000000000000E+000, 0.0000000000000000E+000, 0.0000000000000000E+000, 8.2000000402331352E-003, 3.3530177461216226E-005, 2.5386674451510771E-007, 3.0111583328107372E-005, 1.4835277397651225E-004, 3.1354184504126968E-015, 1.0013513136202217E-025, 0.0000000000000000E+000, 0.0000000000000000E+000, 0.0000000000000000E+000, 0.0000000000000000E+000, 0.0000000000000000E+000, 0.0000000000000000E+000, 4.5000000000000000E+008, 0.0000000000000000E+000, 0.0000000000000000E+000, 5.3832471370697021E-001, 1.1832471936941147E-001, 2.2068105638027191E-001, 6.8105506943538785E-004, 1.6551485657691956E-001, 4.5514855533838272E-002, 1.0986913740634918E-001, 2.9869135469198227E-002, 6.4285004138946533E-001, 2.8155616291769547E-006
after,2,3,3,4,0,1, 6.0000000000000000E+001, 1.1669999361038208E+000, 3.4000000000000000E+001, 2.6000000000000000E+002, 0.0000000000000000E+000, 0.0000000000000000E+000, 0.0000000000000000E+000, 0.0000000000000000E+000, 8.2000000402331352E-003, 1.8771150280372240E-005, 7.0261266955640167E-005, 3.1249037419911474E-005, 8.5923151345923543E-005, 4.6154015581123531E-004, 4.0870715747587383E-004, 9.8202978515625000E+002, 1.9389658203125000E+003, 1.7790502929687500E+003, 5.3822602539062500E+003, 5.6624111328125000E+003, 3.2177387695312500E+003, 4.5000000000000000E+008, 1.0344265319872648E-006, 5.4136233984536375E-007, 5.0986558198928833E-001, 7.9865567386150360E-002, 2.3001132905483246E-001, 1.1329824701533653E-005, 1.3767433166503906E-001, 7.6743387617170811E-003, 1.1044356226921082E-001, 2.0443562418222427E-002, 3.5220724344253540E-001, 3.6484973406913923E-006
after,2,4,4,4,0,1, 6.0000000000000000E+001, 1.1729999780654907E+000, 4.1000000000000000E+001, 2.6000000000000000E+002, 3.0187118227331666E-007, 2.3426892425959522E-007, 1.5093559113665833E-007, 1.8426891301714932E-007, 8.2000000402331352E-003, 2.0283843696233816E-005, 4.9455156840849668E-005, 3.0687715479871258E-005, 5.1781436923192814E-005, 0.0000000000000000E+000, 0.0000000000000000E+000, 2.9998738000000000E+007, 8.3013929687500000E+004, 1.4958489062500000E+005, 6.0120839843750000E+004, 0.0000000000000000E+000, 0.0000000000000000E+000, 4.5000000000000000E+008, 0.0000000000000000E+000, 0.0000000000000000E+000, 4.4435867667198181E-001, 4.3586846441030502E-003, 2.4125617742538452E-001, 1.2561653275042772E-003, 1.4000000059604645E-001, 0.0000000000000000E+000, 9.9999994039535522E-002, 0.0000000000000000E+000, 2.8819826245307922E-001, 5.5962562328204513E-004
after,2,5,5,4,0,1, 6.0000000000000000E+001, 1.1790000200271606E+000, 4.8000000000000000E+001, 2.6000000000000000E+002, 0.0000000000000000E+000, 0.0000000000000000E+000, 0.0000000000000000E+000, 0.0000000000000000E+000, 8.2000000402331352E-003, 0.0000000000000000E+000, 0.0000000000000000E+000, 0.0000000000000000E+000, 0.0000000000000000E+000, 0.0000000000000000E+000, 0.0000000000000000E+000, 0.0000000000000000E+000, 0.0000000000000000E+000, 0.0000000000000000E+000, 0.0000000000000000E+000, 0.0000000000000000E+000, 0.0000000000000000E+000, 4.5000000000000000E+008, 0.0000000000000000E+000, 0.0000000000000000E+000, 4.4999998807907104E-001, 0.0000000000000000E+000, 2.5000000000000000E-001, 0.0000000000000000E+000, 1.5000000596046448E-001, 0.0000000000000000E+000, 1.0999999940395355E-001, 0.0000000000000000E+000, 0.0000000000000000E+000, 0.0000000000000000E+000
after,2,6,6,4,0,1, 6.0000000000000000E+001, 1.1849999427795410E+000, 2.0000000000000000E+001, 2.6000000000000000E+002, 0.0000000000000000E+000, 0.0000000000000000E+000, 0.0000000000000000E+000, 0.0000000000000000E+000, 8.2000000402331352E-003, 0.0000000000000000E+000, 3.8882880915025453E-008, 7.0984115154715255E-006, 2.0358971596579067E-005, 7.1655688316241140E-007, 2.2293134804840520E-007, 0.0000000000000000E+000, 4.0763861083984375E+002, 3.0735559082031250E+002, 8.6327119140625000E+003, 7.7400756835937500E+002, 1.1791036987304688E+002, 4.5000000000000000E+008, 1.3779941632208192E-009, 2.6227223171026992E-010, 4.6276006102561951E-001, 2.7600431349128485E-003, 2.6018971204757690E-001, 1.8972670659422874E-004, 1.6081143915653229E-001, 8.1144290743395686E-004, 1.2064279615879059E-001, 6.4279907383024693E-004, 5.9563153982162476E-001, 1.1947184248128906E-004
after,2,1,1,5,0,1, 6.0000000000000000E+001, 1.1200000047683716E+000, 2.7000000000000000E+001, 2.6000000000000000E+002, 0.0000000000000000E+000, 0.0000000000000000E+000, 0.0000000000000000E+000, 0.0000000000000000E+000, 8.2499999552965164E-003, 0.0000000000000000E+000, 0.0000000000000000E+000, 0.0000000000000000E+000, 0.0000000000000000E+000, 0.0000000000000000E+000, 0.0000000000000000E+000, 0.0000000000000000E+000, 0.0000000000000000E+000, 0.0000000000000000E+000, 0.0000000000000000E+000, 0.0000000000000000E+000, 0.0000000000000000E+000, 4.5000000000000000E+008, 0.0000000000000000E+000, 0.0000000000000000E+000, 4.0999999642372131E-001, 0.0000000000000000E+000, 2.1000000834465027E-001, 0.0000000000000000E+000, 1.0999999940395355E-001, 0.0000000000000000E+000, 7.0000000298023224E-002, 0.0000000000000000E+000, 0.0000000000000000E+000, 0.0000000000000000E+000
after,2,2,2,5,0,1, 6.0000000000000000E+001, 1.1260000467300415E+000, 3.4000000000000000E+001, 2.6000000000000000E+002, 0.0000000000000000E+000, 0.0000000000000000E+000, 0.0000000000000000E+000, 0.0000000000000000E+000, 8.2499999552965164E-003, 6.3129948102869093E-005, 1.2608474264652614E-007, 5.4800759244244546E-005, 1.6090620192699134E-004, 1.3382450351798430E-015, 4.1792390133339382E-026, 0.0000000000000000E+000, 0.0000000000000000E+000, 0.0000000000000000E+000, 0.0000000000000000E+000, 0.0000000000000000E+000, 0.0000000000000000E+000, 4.5000000000000000E+008, 0.0000000000000000E+000, 0.0000000000000000E+000, 5.3832471370697021E-001, 1.1832471936941147E-001, 2.2068105638027191E-001, 6.8105506943538785E-004, 1.6551485657691956E-001, 4.5514855533838272E-002, 1.0986913740634918E-001, 2.9869135469198227E-002, 6.4285004138946533E-001, 2.8155616291769547E-006
after,2,3,3,5,0,1, 6.0000000000000000E+001, 1.1319999694824219E+000, 4.1000000000000000E+001, 2.6000000000000000E+002, 0.0000000000000000E+000, 0.0000000000000000E+000, 0.0000000000000000E+000, 0.0000000000000000E+000, 8.2499999552965164E-003, 3.8686077459715307E-005, 3.0876457458361983E-005, 6.2635306676384062E-005, 1.7313918215222657E-004, 3.5334989661350846E-004, 2.6983837597072124E-004, 1.7312227783203125E+003, 1.6256768798828125E+003, 3.0466538085937500E+003, 8.9966562500000000E+003, 5.3532553710937500E+003, 2.6992705078125000E+003, 4.5000000000000000E+008, 7.7155891631264240E-007, 3.5379287055548048E-007, 5.0986558198928833E-001, 7.9865567386150360E-002, 2.3001132905483246E-001, 1.1329824701533653E-005, 1.3767433166503906E-001, 7.6743387617170811E-003, 1.1044356226921082E-001, 2.0443562418222427E-002, 3.5220724344253540E-001, 3.6484973406913923E-006
after,2,4,4,5,0,1, 6.0000000000000000E+001, 1.1380000114440918E+000, 4.8000000000000000E+001, 2.6000000000000000E+002, 3.0659663252663449E-007, 2.3663164938625414E-007, 1.5329831626331725E-007, 1.8663165235466295E-007, 8.2499999552965164E-003, 2.0998193576815538E-005, 5.4771535360487178E-005, 3.2100055250339210E-005, 5.5146920203696936E-005, 0.0000000000000000E+000, 0.0000000000000000E+000, 3.0001982000000000E+007, 8.3979476562500000E+004, 1.4981757812500000E+005, 6.0211601562500000E+004, 0.0000000000000000E+000, 0.0000000000000000E+000, 4.5000000000000000E+008, 0.0000000000000000E+000, 0.0000000000000000E+000, 4.4435867667198181E-001, 4.3586846441030502E-003, 2.4125617742538452E-001, 1.2561653275042772E-003, 1.4000000059604645E-001, 0.0000000000000000E+000, 9.9999994039535522E-002, 0.0000000000000000E+000, 2.8819826245307922E-001, 5.5962562328204513E-004
after,2,5,5,5,0,1, 6.0000000000000000E+001, 1.1440000534057617E+000, 2.0000000000000000E+001, 2.6000000000000000E+002, 0.0000000000000000E+000, 0.0000000000000000E+000, 0.0000000000000000E+000, 0.0000000000000000E+000, 8.2499999552965164E-003, 0.0000000000000000E+000, 1.5027252957224846E-002, 3.4958624746650457E-004, 1.8491079099476337E-003, 1.5333735384047031E-002, 1.7612757161259651E-002, 0.0000000000000000E+000, 2.6788161621093750E+003, 6.6347518920898438E+001, 3.0751457519531250E+003, 3.8381218261718750E+003, 2.7631394042968750E+003, 4.5000000000000000E+008, 3.1945273804012686E-005, 2.1478965209098533E-005, 4.4999998807907104E-001, 0.0000000000000000E+000, 2.5000000000000000E-001, 0.0000000000000000E+000, 1.5000000596046448E-001, 0.0000000000000000E+000, 1.0999999940395355E-001, 0.0000000000000000E+000, 0.0000000000000000E+000, 0.0000000000000000E+000
after,2,6,6,5,0,1, 6.0000000000000000E+001, 1.1499999761581421E+000, 2.7000000000000000E+001, 2.6000000000000000E+002, 0.0000000000000000E+000, 0.0000000000000000E+000, 0.0000000000000000E+000, 0.0000000000000000E+000, 8.2499999552965164E-003, 0.0000000000000000E+000, 7.2246075788484632E-009, 3.0083394904067973E-006, 1.0741379810497165E-005, 1.6628979437882663E-007, 4.8959407195070526E-008, 0.0000000000000000E+000, 1.2988766479492188E+002, 1.3923966979980469E+002, 5.3919394531250000E+003, 2.8080407714843750E+002, 3.3167201995849609E+001, 4.5000000000000000E+008, 3.1978822367939586E-010, 5.7599317676571005E-011, 4.6276006102561951E-001, 2.7600431349128485E-003, 2.6018971204757690E-001, 1.8972670659422874E-004, 1.6081143915653229E-001, 8.1144290743395686E-004, 1.2064279615879059E-001, 6.4279907383024693E-004, 5.9563153982162476E-001, 1.1947184248128906E-004
after,2,1,1,6,0,1, 6.0000000000000000E+001, 1.0850000381469727E+000, 3.4000000000000000E+001, 2.6000000000000000E+002, 0.0000000000000000E+000, 0.0000000000000000E+000, 0.0000000000000000E+000, 0.0000000000000000E+000, 8.3000008016824722E-003, 0.0000000000000000E+000, 0.0000000000000000E+000, 0.0000000000000000E+000, 0.0000000000000000E+000, 0.0000000000000000E+000, 0.0000000000000000E+000, 0.0000000000000000E+000, 0.0000000000000000E+000, 0.0000000000000000E+000, 0.0000000000000000E+000, 0.0000000000000000E+000, 0.0000000000000000E+000, 4.5000000000000000E+008, 0.0000000000000000E+000, 0.0000000000000000E+000, 4.0999999642372131E-001, 0.0000000000000000E+000, 2.1000000834465027E-001, 0.0000000000000000E+000, 1.0999999940395355E-001, 0.0000000000000000E+000, 7.0000000298023224E-002, 0.0000000000000000E+000, 0.0000000000000000E+000, 0.0000000000000000E+000
after,2,2,2,6,0,1, 6.0000000000000000E+001, 1.0910000801086426E+000, 4.1000000000000000E+001, 2.6000000000000000E+002, 0.0000000000000000E+000, 0.0000000000000000E+000, 0.0000000000000000E+000, 0.0000000000000000E+000, 8.3000008016824722E-003, 1.0103110980708152E-004, 4.5239278989583909E-008, 8.4512546891346574E-005, 1.4934946375433356E-004, 3.8001098210181758E-016, 1.1440216462654620E-026, 0.0000000000000000E+000, 0.0000000000000000E+000, 0.0000000000000000E+000, 0.0000000000000000E+000, 0.0000000000000000E+000, 0.0000000000000000E+000, 4.5000000000000000E+008, 0.0000000000000000E+000, 0.0000000000000000E+000, 5.3832471370697021E-001, 1.1832471936941147E-001, 2.2068105638027191E-001, 6.8105506943538785E-004, 1.6551485657691956E-001, 4.5514855533838272E-002, 1.0986913740634918E-001, 2.9869135469198227E-002, 6.4285004138946533E-001, 2.8155616291769547E-006
after,2,3,3,6,0,1, 6.0000000000000000E+001, 1.0970000028610229E+000, 4.8000000000000000E+001, 2.6000000000000000E+002, 0.0000000000000000E+000, 0.0000000000000000E+000, 0.0000000000000000E+000, 0.0000000000000000E+000, 8.3000008016824722E-003, 6.6435241024009883E-005, 8.8391134340781718E-006, 1.0452411515871063E-004, 2.8676301008090377E-004, 1.9201348186470568E-004, 1.2558212620206177E-004, 2.4763657226562500E+003, 1.1046274414062500E+003, 4.2420795898437500E+003, 1.2204242187500000E+004, 4.4473437500000000E+003, 1.7752829589843750E+003, 4.5000000000000000E+008, 4.0599667272545048E-007, 1.6252734269528446E-007, 5.0986558198928833E-001, 7.9865567386150360E-002, 2.3001132905483246E-001, 1.1329824701533653E-005, 1.3767433166503906E-001, 7.6743387617170811E-003, 1.1044356226921082E-001, 2.0443562418222427E-002, 3.5220724344253540E-001, 3.6484973406913923E-006
after,2,4,4,6,0,1, 6.0000000000000000E+001, 1.1030000448226929E+000, 2.0000000000000000E+001, 2.6000000000000000E+002, 3.1622508345208189E-007, 2.4144588905983255E-007, 1.5811254172604094E-007, 1.9144587781738664E-007, 8.3000008016824722E-003, 2.2461004846263677E-005, 5.5343080020975322E-005, 3.4992095606867224E-005, 6.1621329223271459E-005, 0.0000000000000000E+000, 0.0000000000000000E+000, 3.0006692000000000E+007, 8.3149656250000000E+004, 1.4958800000000000E+005, 6.0121761718750000E+004, 0.0000000000000000E+000, 0.0000000000000000E+000, 4.5000000000000000E+008, 0.0000000000000000E+000, 0.0000000000000000E+000, 4.4435867667198181E-001, 4.3586846441030502E-003, 2.4125617742538452E-001, 1.2561653275042772E-003, 1.4000000059604645E-001, 0.0000000000000000E+000, 9.9999994039535522E-002, 0.0000000000000000E+000, 2.8819826245307922E-001, 5.5962562328204513E-004
after,2,5,5,6,0,1, 6.0000000000000000E+001, 1.1090000867843628E+000, 2.7000000000000000E+001, 2.6000000000000000E+002, 0.0000000000000000E+000, 0.0000000000000000E+000, 0.0000000000000000E+000, 0.0000000000000000E+000, 8.3000008016824722E-003, 0.0000000000000000E+000, 6.4390942497993819E-006, 2.2434514539781958E-004, 7.4594770558178425E-004, 1.3774143008049577E-004, 4.8700640036258847E-005, 0.0000000000000000E+000, 5.3209079742431641E+001, 3.8787761688232422E+001, 1.1167409667968750E+003, 2.3457330322265625E+002, 7.7785003662109375E+001, 4.5000000000000000E+008, 2.8696129561467387E-007, 5.9391002338315957E-008, 4.4999998807907104E-001, 0.0000000000000000E+000, 2.5000000000000000E-001, 0.0000000000000000E+000, 1.5000000596046448E-001, 0.0000000000000000E+000, 1.0999999940395355E-001, 0.0000000000000000E+000, 0.0000000000000000E+000, 0.0000000000000000E+000
after,2,6,6,6,0,1, 6.0000000000000000E+001, 1.1150000095367432E+000, 3.4000000000000000E+001, 2.6000000000000000E+002, 0.0000000000000000E+000, 0.0000000000000000E+000, 0.0000000000000000E+000, 0.0000000000000000E+000, 8.3000008016824722E-003, 0.0000000000000000E+000, 2.8484154609031975E-004, 2.7818234229926020E-005, 5.6878823670558631E-005, 2.1346754510886967E-004, 1.6510859131813049E-004, 0.0000000000000000E+000, 6.1548120117187500E+003, 4.5230535888671875E+002, 8.4160927734375000E+003, 5.6446420898437500E+003, 2.8693366699218750E+003, 4.5000000000000000E+008, 4.1051455923479807E-007, 1.9424538777457201E-007, 4.6276006102561951E-001, 2.7600431349128485E-003, 2.6018971204757690E-001, 1.8972670659422874E-004, 1.6081143915653229E-001, 8.1144290743395686E-004, 1.2064279615879059E-001, 6.4279907383024693E-004, 5.9563153982162476E-001, 1.1947184248128906E-004
after,2,1,1,7,0,1, 6.0000000000000000E+001, 1.0499999523162842E+000, 4.1000000000000000E+001, 2.6000000000000000E+002, 0.0000000000000000E+000, 0.0000000000000000E+000, 0.0000000000000000E+000, 0.0000000000000000E+000, 8.3500007167458534E-003, 0.0000000000000000E+000, 0.0000000000000000E+000, 0.0000000000000000E+000, 0.0000000000000000E+000, 0.0000000000000000E+000, 0.0000000000000000E+000, 0.0000000000000000E+000, 0.0000000000000000E+000, 0.0000000000000000E+000, 0.0000000000000000E+000, 0.0000000000000000E+000, 0.0000000000000000E+000, 4.5000000000000000E+008, 0.0000000000000000E+000, 0.0000000000000000E+000, 4.0999999642372131E-001, 0.0000000000000000E+000, 2.1000000834465027E-001, 0.0000000000000000E+000, 1.0999999940395355E-001, 0.0000000000000000E+000, 7.0000000298023224E-002, 0.0000000000000000E+000, 0.0000000000000000E+000, 0.0000000000000000E+000
after,2,2,2,7,0,1, 6.0000000000000000E+001, 1.0559999942779541E+000, 4.8000000000000000E+001, 2.6000000000000000E+002, 0.0000000000000000E+000, 0.0000000000000000E+000, 0.0000000000000000E+000, 0.0000000000000000E+000, 8.3500007167458534E-003, 1.2701941886916757E-004, 9.6213561562308314E-009, 1.0163419210584834E-004, 1.0436401498736814E-004, 5.4716998286202817E-017, 1.5416574240824115E-027, 0.0000000000000000E+000, 0.0000000000000000E+000, 0.0000000000000000E+000, 0.0000000000000000E+000, 0.0000000000000000E+000, 0.0000000000000000E+000, 4.5000000000000000E+008, 0.0000000000000000E+000, 0.0000000000000000E+000, 5.3832471370697021E-001, 1.1832471936941147E-001, 2.2068105638027191E-001, 6.8105506943538785E-004, 1.6551485657691956E-001, 4.5514855533838272E-002, 1.0986913740634918E-001, 2.9869135469198227E-002, 6.4285004138946533E-001, 2.8155616291769547E-006
after,2,3,3,7,0,1, 6.0000000000000000E+001, 1.0619999170303345E+000, 2.0000000000000000E+001, 2.6000000000000000E+002, 0.0000000000000000E+000, 0.0000000000000000E+000, 0.0000000000000000E+000, 0.0000000000000000E+000, 8.3500007167458534E-003, 8.6424195615109056E-005, 8.0875253161138971E-007, 1.2936166604049504E-004, 3.4951593261212111E-004, 5.0400642066961154E-005, 2.6996480301022530E-005, 2.5156518554687500E+003, 4.5727554321289062E+002, 4.2896547851562500E+003, 1.2616425781250000E+004, 2.4745383300781250E+003, 6.7513903808593750E+002, 4.5000000000000000E+008, 1.0099874003799414E-007, 3.4150616556871682E-008, 5.0986558198928833E-001, 7.9865567386150360E-002, 2.3001132905483246E-001, 1.1329824701533653E-005, 1.3767433166503906E-001, 7.6743387617170811E-003, 1.1044356226921082E-001, 2.0443562418222427E-002, 3.5220724344253540E-001, 3.6484973406913923E-006
after,2,4,4,7,0,1, 6.0000000000000000E+001, 1.0679999589920044E+000, 2.7000000000000000E+001, 2.6000000000000000E+002, 3.2784234349492181E-007, 2.4725449065954308E-007, 1.6392117174746090E-007, 1.9725449362795189E-007, 8.3500007167458534E-003, 2.4181725166272372E-005, 5.0939393986482173E-005, 3.6089393688598648E-005, 6.3141924329102039E-005, 0.0000000000000000E+000, 0.0000000000000000E+000, 2.9996798000000000E+007, 8.0893601562500000E+004, 1.4908637500000000E+005, 5.9955964843750000E+004, 0.0000000000000000E+000, 0.0000000000000000E+000, 4.5000000000000000E+008, 0.0000000000000000E+000, 0.0000000000000000E+000, 4.4435867667198181E-001, 4.3586846441030502E-003, 2.4125617742538452E-001, 1.2561653275042772E-003, 1.4000000059604645E-001, 0.0000000000000000E+000, 9.9999994039535522E-002, 0.0000000000000000E+000, 2.8819826245307922E-001, 5.5962562328204513E-004
after,2,5,5,7,0,1, 6.0000000000000000E+001, 1.0740000009536743E+000, 3.4000000000000000E+001, 2.6000000000000000E+002, 0.0000000000000000E+000, 0.0000000000000000E+000, 0.0000000000000000E+000, 0.0000000000000000E+000, 8.3500007167458534E-003, 0.0000000000000000E+000, 3.2034263313107658E-006, 2.2812312818132341E-004, 7.5755087891593575E-004, 7.7008218795526773E-005, 2.4608314561191946E-005, 0.0000000000000000E+000, 3.8658184051513672E+001, 3.4693542480468750E+001, 1.0004090576171875E+003, 2.0094451904296875E+002, 5.6029121398925781E+001, 4.5000000000000000E+008, 1.6043377115693147E-007, 3.0010124163482033E-008, 4.4999998807907104E-001, 0.0000000000000000E+000, 2.5000000000000000E-001, 0.0000000000000000E+000, 1.5000000596046448E-001, 0.0000000000000000E+000, 1.0999999940395355E-001, 0.0000000000000000E+000, 0.0000000000000000E+000, 0.0000000000000000E+000
after,2,6,6,7,0,1, 6.0000000000000000E+001, 1.0799999237060547E+000, 4.1000000000000000E+001, 2.6000000000000000E+002, 0.0000000000000000E+000, 0.0000000000000000E+000, 0.0000000000000000E+000, 0.0000000000000000E+000, 8.3500007167458534E-003, 0.0000000000000000E+000, 1.4880639582770527E-006, 2.8972259315196425E-005, 6.9563357101287693E-005, 1.0943744200631045E-005, 4.8934916776488535E-006, 0.0000000000000000E+000, 6.9760083007812500E+002, 4.4036297607421875E+002, 1.0060611328125000E+004, 1.3542727050781250E+003, 3.2877294921875000E+002, 4.5000000000000000E+008, 2.1045662990104574E-008, 5.7570495037850833E-009, 4.6276006102561951E-001, 2.7600431349128485E-003, 2.6018971204757690E-001, 1.8972670659422874E-004, 1.6081143915653229E-001, 8.1144290743395686E-004, 1.2064279615879059E-001, 6.4279907383024693E-004, 5.9563153982162476E-001, 1.1947184248128906E-004
after,2,1,1,8,0,1, 6.0000000000000000E+001, 1.0149999856948853E+000, 4.8000000000000000E+001, 2.6000000000000000E+002, 0.0000000000000000E+000, 0.0000000000000000E+000, 0.0000000000000000E+000, 0.0000000000000000E+000, 8.4000006318092346E-003, 0.0000000000000000E+000, 0.0000000000000000E+000, 0.0000000000000000E+000, 0.0000000000000000E+000, 0.0000000000000000E+000, 0.0000000000000000E+000, 0.0000000000000000E+000, 0.0000000000000000E+000, 0.0000000000000000E+000, 0.0000000000000000E+000, 0.0000000000000000E+000, 0.0000000000000000E+000, 4.5000000000000000E+008, 0.0000000000000000E+000, 0.0000000000000000E+000, 4.0999999642372131E-001, 0.0000000000000000E+000, 2.1000000834465027E-001, 0.0000000000000000E+000, 1.0999999940395355E-001, 0.0000000000000000E+000, 7.0000000298023224E-002, 0.0000000000000000E+000, 0.0000000000000000E+000, 0.0000000000000000E+000
after,2,2,2,8,0,1, 6.0000000000000000E+001, 1.0210000276565552E+000, 2.0000000000000000E+001, 2.6000000000000000E+002, 0.0000000000000000E+000, 0.0000000000000000E+000, 0.0000000000000000E+000, 0.0000000000000000E+000, 8.4000006318092346E-003, 1.0404882050352171E-004, 4.7239251399489035E-010, 7.7589189459104091E-005, 4.1231152863474563E-005, 2.7320891583346838E-019, 5.5110983768245503E-031, 0.0000000000000000E+000, 0.0000000000000000E+000, 0.0000000000000000E+000, 0.0000000000000000E+000, 0.0000000000000000E+000, 0.0000000000000000E+000, 4.5000000000000000E+008, 0.0000000000000000E+000, 0.0000000000000000E+000, 5.3832471370697021E-001, 1.1832471936941147E-001, 2.2068105638027191E-001, 6.8105506943538785E-004, 1.6551485657691956E-001, 4.5514855533838272E-002, 1.0986913740634918E-001, 2.9869135469198227E-002, 6.4285004138946533E-001, 2.8155616291769547E-006
after,2,3,3,8,0,1, 6.0000000000000000E+001, 1.0269999504089355E+000, 2.7000000000000000E+001, 2.6000000000000000E+002, 0.0000000000000000E+000, 0.0000000000000000E+000, 0.0000000000000000E+000, 0.0000000000000000E+000, 8.4000006318092346E-003, 7.7103752119001001E-005, 4.1680817730593844E-007, 1.1059225653298199E-004, 2.9127381276339293E-004, 2.6812633223016746E-005, 1.4543531506205909E-005, 2.0133754882812500E+003, 2.7579196166992188E+002, 3.4012119140625000E+003, 1.0133392578125000E+004, 1.5336273193359375E+003, 3.9998248291015625E+002, 4.5000000000000000E+008, 5.3274220590537880E-008, 1.8343904173434566E-008, 5.0986558198928833E-001, 7.9865567386150360E-002, 2.3001132905483246E-001, 1.1329824701533653E-005, 1.3767433166503906E-001, 7.6743387617170811E-003, 1.1044356226921082E-001, 2.0443562418222427E-002, 3.5220724344253540E-001, 3.6484973406913923E-006
after,2,4,4,8,0,1, 6.0000000000000000E+001, 1.0329999923706055E+000, 3.4000000000000000E+001, 2.6000000000000000E+002, 3.3333336091345700E-007, 2.4999999936881068E-007, 1.6666668045672850E-007, 2.0000000233721948E-007, 8.4000006318092346E-003, 2.4982882678159513E-005, 4.6200424549169838E-005, 3.5967099393019453E-005, 6.2205479480326176E-005, 0.0000000000000000E+000, 0.0000000000000000E+000, 2.9986864000000000E+007, 7.9522031250000000E+004, 1.4855023437500000E+005, 5.9777902343750000E+004, 0.0000000000000000E+000, 0.0000000000000000E+000, 4.5000000000000000E+008, 0.0000000000000000E+000, 0.0000000000000000E+000, 4.4435867667198181E-001, 4.3586846441030502E-003, 2.4125617742538452E-001, 1.2561653275042772E-003, 1.4000000059604645E-001, 0.0000000000000000E+000, 9.9999994039535522E-002, 0.0000000000000000E+000, 2.8819826245307922E-001, 5.5962562328204513E-004
after,2,5,5,8,0,1, 6.0000000000000000E+001, 1.0390000343322754E+000, 4.1000000000000000E+001, 2.6000000000000000E+002, 0.0000000000000000E+000, 0.0000000000000000E+000, 0.0000000000000000E+000, 0.0000000000000000E+000, 8.4000006318092346E-003, 0.0000000000000000E+000, 1.1679819635901367E-006, 2.3194444656837732E-004, 7.7299348777160048E-004, 3.2873154850676656E-005, 9.1815882115042768E-006, 0.0000000000000000E+000, 2.3942611694335938E+001, 3.0919790267944336E+001, 8.9314123535156250E+002, 1.5908457946777344E+002, 3.4020267486572266E+001, 4.5000000000000000E+008, 6.8485725535083475E-008, 1.1197052174338751E-008, 4.4999998807907104E-001, 0.0000000000000000E+000, 2.5000000000000000E-001, 0.0000000000000000E+000, 1.5000000596046448E-001, 0.0000000000000000E+000, 1.0999999940395355E-001, 0.0000000000000000E+000, 0.0000000000000000E+000, 0.0000000000000000E+000
after,2,6,6,8,0,1, 6.0000000000000000E+001, 1.0449999570846558E+000, 4.8000000000000000E+001, 2.6000000000000000E+002, 0.0000000000000000E+000, 0.0000000000000000E+000, 0.0000000000000000E+000, 0.0000000000000000E+000, 8.4000006318092346E-003, 0.0000000000000000E+000, 2.1915685977091925E-007, 1.8442749933456071E-005, 4.7370798711199313E-005, 2.4529549591534305E-006, 9.8062548659072490E-007, 0.0000000000000000E+000, 2.3353443908691406E+002, 2.6557788085937500E+002, 7.2209516601562500E+003, 5.4764544677734375E+002, 9.7155357360839844E+001, 4.5000000000000000E+008, 4.7172226125269390E-009, 1.1536769317643802E-009, 4.6276006102561951E-001, 2.7600431349128485E-003, 2.6018971204757690E-001, 1.8972670659422874E-004, 1.6081143915653229E-001, 8.1144290743395686E-004, 1.2064279615879059E-001, 6.4279907383024693E-004, 5.9563153982162476E-001, 1.1947184248128906E-004
after,2,1,1,9,0,1, 6.0000000000000000E+001, 9.8000001907348633E-001, 2.0000000000000000E+001, 2.6000000000000000E+002, 0.0000000000000000E+000, 0.0000000000000000E+000, 0.0000000000000000E+000, 0.0000000000000000E+000, 8.4500005468726158E-003, 0.0000000000000000E+000, 0.0000000000000000E+000, 0.0000000000000000E+000, 0.0000000000000000E+000, 0.0000000000000000E+000, 0.0000000000000000E+000, 0.0000000000000000E+000, 0.0000000000000000E+000, 0.0000000000000000E+000, 0.0000000000000000E+000, 0.0000000000000000E+000, 0.0000000000000000E+000, 4.5000000000000000E+008, 0.0000000000000000E+000, 0.0000000000000000E+000, 4.0999999642372131E-001, 0.0000000000000000E+000, 2.1000000834465027E-001, 0.0000000000000000E+000, 1.0999999940395355E-001, 0.0000000000000000E+000, 7.0000000298023224E-002, 0.0000000000000000E+000, 0.0000000000000000E+000, 0.0000000000000000E+000
after,2,2,2,9,0,1, 6.0000000000000000E+001, 9.8600000143051147E-001, 2.7000000000000000E+001, 2.6000000000000000E+002, 0.0000000000000000E+000, 0.0000000000000000E+000, 0.0000000000000000E+000, 0.0000000000000000E+000, 8.4500005468726158E-003, 7.4957104516215622E-005, 2.6866470159703226E-010, 5.3914602176519111E-005, 2.6637004339136183E-005, 1.5336868182210205E-019, 3.0925596572111023E-031, 0.0000000000000000E+000, 0.0000000000000000E+000, 0.0000000000000000E+000, 0.0000000000000000E+000, 0.0000000000000000E+000, 0.0000000000000000E+000, 4.5000000000000000E+008, 0.0000000000000000E+000, 0.0000000000000000E+000, 5.3832471370697021E-001, 1.1832471936941147E-001, 2.2068105638027191E-001, 6.8105506943538785E-004, 1.6551485657691956E-001, 4.5514855533838272E-002, 1.0986913740634918E-001, 2.9869135469198227E-002, 6.4285004138946533E-001, 2.8155616291769547E-006
after,2,3,3,9,0,1, 6.0000000000000000E+001, 9.9200004339218140E-001, 3.4000000000000000E+001, 2.6000000000000000E+002, 0.0000000000000000E+000, 0.0000000000000000E+000, 0.0000000000000000E+000, 0.0000000000000000E+000, 8.4500005468726158E-003, 5.5883800087030977E-005, 1.6011196635190572E-007, 7.7441691246349365E-005, 1.9811169477179646E-004, 1.1030359019059688E-005, 5.9928051996394061E-006, 1.2849573974609375E+003, 1.3340472412109375E+002, 2.1446000976562500E+003, 6.3117558593750000E+003, 7.6545965576171875E+002, 1.8871301269531250E+002, 4.5000000000000000E+008, 2.1688652651619122E-008, 7.5304491531369422E-009, 5.0986558198928833E-001, 7.9865567386150360E-002, 2.3001132905483246E-001, 1.1329824701533653E-005, 1.3767433166503906E-001, 7.6743387617170811E-003, 1.1044356226921082E-001, 2.0443562418222427E-002, 3.5220724344253540E-001, 3.6484973406913923E-006
after,2,4,4,9,0,1, 6.0000000000000000E+001, 9.9800002574920654E-001, 4.1000000000000000E+001, 2.6000000000000000E+002, 3.2784234349492181E-007, 2.4725449065954308E-007, 1.6392117174746090E-007, 1.9725449362795189E-007, 8.4500005468726158E-003, 2.4153312551788986E-005, 4.1875573515426368E-005, 3.4450018574716523E-005, 5.8799501857720315E-005, 0.0000000000000000E+000, 0.0000000000000000E+000, 2.9984178000000000E+007, 7.9099921875000000E+004, 1.4842401562500000E+005, 5.9739648437500000E+004, 0.0000000000000000E+000, 0.0000000000000000E+000, 4.5000000000000000E+008, 0.0000000000000000E+000, 0.0000000000000000E+000, 4.4435867667198181E-001, 4.3586846441030502E-003, 2.4125617742538452E-001, 1.2561653275042772E-003, 1.4000000059604645E-001, 0.0000000000000000E+000, 9.9999994039535522E-002, 0.0000000000000000E+000, 2.8819826245307922E-001, 5.5962562328204513E-004
after,2,5,5,9,0,1, 6.0000000000000000E+001, 1.0040000677108765E+000, 4.8000000000000000E+001, 2.6000000000000000E+002, 0.0000000000000000E+000, 0.0000000000000000E+000, 0.0000000000000000E+000, 0.0000000000000000E+000, 8.4500005468726158E-003, 0.0000000000000000E+000, 2.5775801759664319E-007, 2.3570972552988678E-004, 7.9425034346058965E-004, 8.9327704699826427E-006, 2.0657953427871689E-006, 0.0000000000000000E+000, 1.1361065864562988E+001, 2.7159711837768555E+001, 7.8557397460937500E+002, 1.0830312347412109E+002, 1.5421103477478027E+001, 4.5000000000000000E+008, 1.8609934926416827E-008, 2.5192612440605444E-009, 4.4999998807907104E-001, 0.0000000000000000E+000, 2.5000000000000000E-001, 0.0000000000000000E+000, 1.5000000596046448E-001, 0.0000000000000000E+000, 1.0999999940395355E-001, 0.0000000000000000E+000, 0.0000000000000000E+000, 0.0000000000000000E+000
after,2,6,6,9,0,1, 6.0000000000000000E+001, 1.0099999904632568E+000, 2.0000000000000000E+001, 2.6000000000000000E+002, 0.0000000000000000E+000, 0.0000000000000000E+000, 0.0000000000000000E+000, 0.0000000000000000E+000, 8.4500005468726158E-003, 0.0000000000000000E+000, 1.0192771442234516E-003, 1.5281168452929705E-004, 3.5749567905440927E-004, 8.1340415636077523E-004, 6.1110523529350758E-004, 0.0000000000000000E+000, 1.1280329101562500E+004, 8.6955334472656250E+002, 1.8817767578125000E+004, 1.2133914062500000E+004, 4.6849721679687500E+003, 4.5000000000000000E+008, 1.5642384596503689E-006, 7.1894754682944040E-007, 4.6276006102561951E-001, 2.7600431349128485E-003, 2.6018971204757690E-001, 1.8972670659422874E-004, 1.6081143915653229E-001, 8.1144290743395686E-004, 1.2064279615879059E-001, 6.4279907383024693E-004, 5.9563153982162476E-001, 1.1947184248128906E-004
after,2,1,1,10,0,1, 6.0000000000000000E+001, 9.4499999284744263E-001, 2.7000000000000000E+001, 2.6000000000000000E+002, 0.0000000000000000E+000, 0.0000000000000000E+000, 0.0000000000000000E+000, 0.0000000000000000E+000, 8.5000004619359970E-003, 0.0000000000000000E+000, 0.0000000000000000E+000, 0.0000000000000000E+000, 0.0000000000000000E+000, 0.0000000000000000E+000, 0.0000000000000000E+000, 0.0000000000000000E+000, 0.0000000000000000E+000, 0.0000000000000000E+000, 0.0000000000000000E+000, 0.0000000000000000E+000, 0.0000000000000000E+000, 4.5000000000000000E+008, 0.0000000000000000E+000, 0.0000000000000000E+000, 4.0999999642372131E-001, 0.0000000000000000E+000, 2.1000000834465027E-001, 0.0000000000000000E+000, 1.0999999940395355E-001, 0.0000000000000000E+000, 7.0000000298023224E-002, 0.0000000000000000E+000, 0.0000000000000000E+000, 0.0000000000000000E+000
after,2,2,2,10,0,1, 6.0000000000000000E+001, 9.5099997520446777E-001, 3.4000000000000000E+001, 2.6000000000000000E+002, 0.0000000000000000E+000, 0.0000000000000000E+000, 0.0000000000000000E+000, 0.0000000000000000E+000, 8.5000004619359970E-003, 4.1799412429099903E-005, 1.1313152498138024E-010, 2.9326958610909060E-005, 1.3700537238037214E-005, 6.3272854511771047E-020, 1.2750919888270635E-031, 0.0000000000000000E+000, 0.0000000000000000E+000, 0.0000000000000000E+000, 0.0000000000000000E+000, 0.0000000000000000E+000, 0.0000000000000000E+000, 4.5000000000000000E+008, 0.0000000000000000E+000, 0.0000000000000000E+000, 5.3832471370697021E-001, 1.1832471936941147E-001, 2.2068105638027191E-001, 6.8105506943538785E-004, 1.6551485657691956E-001, 4.5514855533838272E-002, 1.0986913740634918E-001, 2.9869135469198227E-002, 6.4285004138946533E-001, 2.8155616291769547E-006
after,2,3,3,10,0,1, 6.0000000000000000E+001, 9.5700001716613770E-001, 4.1000000000000000E+001, 2.6000000000000000E+002, 0.0000000000000000E+000, 0.0000000000000000E+000, 0.0000000000000000E+000, 0.0000000000000000E+000, 8.5000004619359970E-003, 3.0778748623561114E-005, 4.1085957747100110E-008, 4.1542407416272908E-005, 1.0289421334164217E-004, 3.1310178201238159E-006, 1.6907346207517548E-006, 6.1644079589843750E+002, 4.7233715057373047E+001, 1.0157838745117188E+003, 2.9128076171875000E+003, 2.8406405639648438E+002, 6.4473236083984375E+001, 4.5000000000000000E+008, 6.0856324424207742E-009, 2.1153157003794831E-009, 5.0986558198928833E-001, 7.9865567386150360E-002, 2.3001132905483246E-001, 1.1329824701533653E-005, 1.3767433166503906E-001, 7.6743387617170811E-003, 1.1044356226921082E-001, 2.0443562418222427E-002, 3.5220724344253540E-001, 3.6484973406913923E-006
after,2,4,4,10,0,1, 6.0000000000000000E+001, 9.6299999952316284E-001, 4.8000000000000000E+001, 2.6000000000000000E+002, 3.1622508345208189E-007, 2.4144588905983255E-007, 1.5811254172604094E-007, 1.9144587781738664E-007, 8.5000004619359970E-003, 2.2417640138883144E-005, 3.7294299545465037E-005, 3.2314539566868916E-005, 5.4347630793927237E-005, 0.0000000000000000E+000, 0.0000000000000000E+000, 2.9987746000000000E+007, 7.9354359375000000E+004, 1.4856165625000000E+005, 5.9795128906250000E+004, 0.0000000000000000E+000, 0.0000000000000000E+000, 4.4999996800000000E+008, 0.0000000000000000E+000, 0.0000000000000000E+000, 4.4435867667198181E-001, 4.3586846441030502E-003, 2.4125617742538452E-001, 1.2561653275042772E-003, 1.4000000059604645E-001, 0.0000000000000000E+000, 9.9999994039535522E-002, 0.0000000000000000E+000, 2.8819826245307922E-001, 5.5962562328204513E-004
after,2,5,5,10,0,1, 6.0000000000000000E+001, 9.6899998188018799E-001, 2.0000000000000000E+001, 2.6000000000000000E+002, 0.0000000000000000E+000, 0.0000000000000000E+000, 0.0000000000000000E+000, 0.0000000000000000E+000, 8.5000004619359970E-003, 0.0000000000000000E+000, 1.4292350414280008E-008, 2.3917162616271526E-004, 8.1162160495296121E-004, 7.0809301178087480E-007, 9.9422891253198031E-008, 0.0000000000000000E+000, 3.1170880794525146E+000, 2.2416833877563477E+001, 6.5827612304687500E+002, 5.2972785949707031E+001, 3.6638181209564209E+000, 4.5000000000000000E+008, 1.4751933008483320E-009, 1.2124727610807184E-010, 4.4999998807907104E-001, 0.0000000000000000E+000, 2.5000000000000000E-001, 0.0000000000000000E+000, 1.5000000596046448E-001, 0.0000000000000000E+000, 1.0999999940395355E-001, 0.0000000000000000E+000, 0.0000000000000000E+000, 0.0000000000000000E+000
after,2,6,6,10,0,1, 6.0000000000000000E+001, 9.7500002384185791E-001, 2.7000000000000000E+001, 2.6000000000000000E+002, 0.0000000000000000E+000, 0.0000000000000000E+000, 0.0000000000000000E+000, 0.0000000000000000E+000, 8.5000004619359970E-003, 0.0000000000000000E+000, 8.8967144762364114E-009, 7.4881529144477099E-005, 1.7490462050773203E-004, 1.2912879583382164E-006, 3.0166833653311187E-007, 0.0000000000000000E+000, 1.6527236938476562E+002, 4.1308123779296875E+002, 1.0114238281250000E+004, 5.8788183593750000E+002, 5.9486343383789062E+001, 4.5000000000000000E+008, 2.4832458311863093E-009, 3.5490405059235286E-010, 4.6276006102561951E-001, 2.7600431349128485E-003, 2.6018971204757690E-001, 1.8972670659422874E-004, 1.6081143915653229E-001, 8.1144290743395686E-004, 1.2064279615879059E-001, 6.4279907383024693E-004, 5.9563153982162476E-001, 1.1947184248128906E-004
after,2,1,1,11,0,1, 6.0000000000000000E+001, 9.0999996662139893E-001, 3.4000000000000000E+001, 2.6000000000000000E+002, 0.0000000000000000E+000, 0.0000000000000000E+000, 0.0000000000000000E+000, 0.0000000000000000E+000, 8.5500003769993782E-003, 0.0000000000000000E+000, 0.0000000000000000E+000, 0.0000000000000000E+000, 0.0000000000000000E+000, 0.0000000000000000E+000, 0.0000000000000000E+000, 0.0000000000000000E+000, 0.0000000000000000E+000, 0.0000000000000000E+000, 0.0000000000000000E+000, 0.0000000000000000E+000, 0.0000000000000000E+000, 4.5000003200000000E+008, 0.0000000000000000E+000, 0.0000000000000000E+000, 4.0999999642372131E-001, 0.0000000000000000E+000, 2.1000000834465027E-001, 0.0000000000000000E+000, 1.0999999940395355E-001, 0.0000000000000000E+000, 7.0000000298023224E-002, 0.0000000000000000E+000, 0.0000000000000000E+000, 0.0000000000000000E+000
after,2,2,2,11,0,1, 6.0000000000000000E+001, 9.1599994897842407E-001, 4.1000000000000000E+001, 2.6000000000000000E+002, 0.0000000000000000E+000, 0.0000000000000000E+000, 0.0000000000000000E+000, 0.0000000000000000E+000, 8.5500003769993782E-003, 1.7092872440116480E-005, 3.1389092713940414E-011, 1.1802016160800122E-005, 5.1534652811824344E-006, 1.7039410093058060E-020, 3.4308157385987784E-032, 0.0000000000000000E+000, 0.0000000000000000E+000, 0.0000000000000000E+000, 0.0000000000000000E+000, 0.0000000000000000E+000, 0.0000000000000000E+000, 4.5000000000000000E+008, 0.0000000000000000E+000, 0.0000000000000000E+000, 5.3832471370697021E-001, 1.1832471936941147E-001, 2.2068105638027191E-001, 6.8105506943538785E-004, 1.6551485657691956E-001, 4.5514855533838272E-002, 1.0986913740634918E-001, 2.9869135469198227E-002, 6.4285004138946533E-001, 2.8155616291769547E-006
after,2,3,3,11,0,1, 6.0000000000000000E+001, 9.2199999094009399E-001, 4.8000000000000000E+001, 2.6000000000000000E+002, 0.0000000000000000E+000, 0.0000000000000000E+000, 0.0000000000000000E+000, 0.0000000000000000E+000, 8.5500003769993782E-003, 1.1844211257994175E-005, 5.3178279557641872E-009, 1.5276167687261477E-005, 3.5997207305626944E-005, 4.6225443384173559E-007, 2.4657248332005111E-007, 2.0652105712890625E+002, 9.6335630416870117E+000, 3.3446914672851562E+002, 9.4396972656250000E+002, 6.4135086059570312E+001, 1.2437390327453613E+001, 4.5000000000000000E+008, 8.8767998507321977E-010, 3.0702657083381268E-010, 5.0986558198928833E-001, 7.9865567386150360E-002, 2.3001132905483246E-001, 1.1329824701533653E-005, 1.3767433166503906E-001, 7.6743387617170811E-003, 1.1044356226921082E-001, 2.0443562418222427E-002, 3.5220724344253540E-001, 3.6484973406913923E-006
after,2,4,4,11,0,1, 6.0000000000000000E+001, 9.2799997329711914E-001, 2.0000000000000000E+001, 2.6000000000000000E+002, 3.0659663252663449E-007, 2.3663164938625414E-007, 1.5329831626331725E-007, 1.8663165235466295E-007, 8.5500003769993782E-003, 2.0966512238373980E-005, 2.9233287932584062E-005, 3.0068280466366559E-005, 4.9736332584870979E-005, 0.0000000000000000E+000, 0.0000000000000000E+000, 2.9978584000000000E+007, 7.8670203125000000E+004, 1.4745804687500000E+005, 5.9380613281250000E+004, 0.0000000000000000E+000, 0.0000000000000000E+000, 4.5000000000000000E+008, 0.0000000000000000E+000, 0.0000000000000000E+000, 4.4435867667198181E-001, 4.3586846441030502E-003, 2.4125617742538452E-001, 1.2561653275042772E-003, 1.4000000059604645E-001, 0.0000000000000000E+000, 9.9999994039535522E-002, 0.0000000000000000E+000, 2.8819826245307922E-001, 5.5962562328204513E-004
after,2,5,5,11,0,1, 6.0000000000000000E+001, 9.3399995565414429E-001, 2.7000000000000000E+001, 2.6000000000000000E+002, 0.0000000000000000E+000, 0.0000000000000000E+000, 0.0000000000000000E+000, 0.0000000000000000E+000, 8.5500003769993782E-003, 0.0000000000000000E+000, 8.0797875057214696E-009, 2.4306669365614653E-004, 7.7605620026588440E-004, 3.7433341049109004E-007, 5.1635190345677984E-008, 0.0000000000000000E+000, 1.9530905485153198E+000, 2.0792444229125977E+001, 6.0735363769531250E+002, 3.6124000549316406E+001, 2.1440346240997314E+000, 4.5000000000000000E+008, 7.7986106461480631E-010, 6.2969664205159148E-011, 4.4999998807907104E-001, 0.0000000000000000E+000, 2.5000000000000000E-001, 0.0000000000000000E+000, 1.5000000596046448E-001, 0.0000000000000000E+000, 1.0999999940395355E-001, 0.0000000000000000E+000, 0.0000000000000000E+000, 0.0000000000000000E+000
after,2,6,6,11,0,1, 6.0000000000000000E+001, 9.3999993801116943E-001, 3.4000000000000000E+001, 2.6000000000000000E+002, 0.0000000000000000E+000, 0.0000000000000000E+000, 0.0000000000000000E+000, 0.0000000000000000E+000, 8.5500003769993782E-003, 0.0000000000000000E+000, 1.2395994231084728E-009, 3.5007789847441018E-005, 8.0944650107994676E-005, 2.1839323949279787E-007, 4.7958472748632630E-008, 0.0000000000000000E+000, 3.7548995971679688E+001, 2.0033320617675781E+002, 5.8477382812500000E+003, 1.7107244873046875E+002, 1.2883788108825684E+001, 4.5000000000000000E+008, 4.1998715616387017E-010, 5.6421773503290140E-011, 4.6276006102561951E-001, 2.7600431349128485E-003, 2.6018971204757690E-001, 1.8972670659422874E-004, 1.6081143915653229E-001, 8.1144290743395686E-004, 1.2064279615879059E-001, 6.4279907383024693E-004, 5.9563153982162476E-001, 1.1947184248128906E-004
after,2,1,1,12,0,1, 6.0000000000000000E+001, 8.7500000000000000E-001, 4.1000000000000000E+001, 2.6000000000000000E+002, 0.0000000000000000E+000, 0.0000000000000000E+000, 0.0000000000000000E+000, 0.0000000000000000E+000, 8.6000002920627594E-003, 0.0000000000000000E+000, 0.0000000000000000E+000, 0.0000000000000000E+000, 0.0000000000000000E+000, 0.0000000000000000E+000, 0.0000000000000000E+000, 0.0000000000000000E+000, 0.0000000000000000E+000, 0.0000000000000000E+000, 0.0000000000000000E+000, 0.0000000000000000E+000, 0.0000000000000000E+000, 4.5000003200000000E+008, 0.0000000000000000E+000, 0.0000000000000000E+000, 4.0999999642372131E-001, 0.0000000000000000E+000, 2.1000000834465027E-001, 0.0000000000000000E+000, 1.0999999940395355E-001, 0.0000000000000000E+000, 7.0000000298023224E-002, 0.0000000000000000E+000, 0.0000000000000000E+000, 0.0000000000000000E+000
after,2,2,2,12,0,1, 6.0000000000000000E+001, 8.8099998235702515E-001, 4.8000000000000000E+001, 2.6000000000000000E+002, 0.0000000000000000E+000, 0.0000000000000000E+000, 0.0000000000000000E+000, 0.0000000000000000E+000, 8.6000002920627594E-003, 4.8108263399626594E-006, 4.3098510871253382E-012, 3.2064976949186530E-006, 1.1261475947321742E-006, 2.2446975716239901E-021, 4.5139732449224490E-033, 0.0000000000000000E+000, 0.0000000000000000E+000, 0.0000000000000000E+000, 0.0000000000000000E+000, 0.0000000000000000E+000, 0.0000000000000000E+000, 4.5000000000000000E+008, 0.0000000000000000E+000, 0.0000000000000000E+000, 5.3832471370697021E-001, 1.1832471936941147E-001, 2.2068105638027191E-001, 6.8105506943538785E-004, 1.6551485657691956E-001, 4.5514855533838272E-002, 1.0986913740634918E-001, 2.9869135469198227E-002, 6.4285004138946533E-001, 2.8155616291769547E-006
after,2,3,3,12,0,1, 6.0000000000000000E+001, 8.8700002431869507E-001, 2.0000000000000000E+001, 2.6000000000000000E+002, 0.0000000000000000E+000, 0.0000000000000000E+000, 0.0000000000000000E+000, 0.0000000000000000E+000, 8.6000002920627594E-003, 1.3837394590154872E-006, 1.8347526460366775E-013, 1.2990770983378752E-006, 2.6048378458654042E-006, 2.1925880555606625E-010, 7.9340312097997412E-011, 1.9879520416259766E+001, 7.1035183966159821E-002, 2.9402069091796875E+001, 1.0451811218261719E+002, 1.0262241363525391E+000, 6.0736406594514847E-002, 4.5000000000000000E+008, 3.7870490706033710E-013, 9.3722230497250703E-014, 5.0986558198928833E-001, 7.9865567386150360E-002, 2.3001132905483246E-001, 1.1329824701533653E-005, 1.3767433166503906E-001, 7.6743387617170811E-003, 1.1044356226921082E-001, 2.0443562418222427E-002, 3.5220724344253540E-001, 3.6484973406913923E-006
after,2,4,4,12,0,1, 6.0000000000000000E+001, 8.9300000667572021E-001, 2.7000000000000000E+001, 2.6000000000000000E+002, 3.0187118227331666E-007, 2.3426892425959522E-007, 1.5093559113665833E-007, 1.8426891301714932E-007, 8.6000002920627594E-003, 2.0270650566089898E-005, 2.3595472157467157E-005, 2.9808496037730947E-005, 4.9455873522674665E-005, 0.0000000000000000E+000, 0.0000000000000000E+000, 2.9987930000000000E+007, 7.8773507812500000E+004, 1.4827246875000000E+005, 5.9694523437500000E+004, 0.0000000000000000E+000, 0.0000000000000000E+000, 4.5000000000000000E+008, 0.0000000000000000E+000, 0.0000000000000000E+000, 4.4435867667198181E-001, 4.3586846441030502E-003, 2.4125617742538452E-001, 1.2561653275042772E-003, 1.4000000059604645E-001, 0.0000000000000000E+000, 9.9999994039535522E-002, 0.0000000000000000E+000, 2.8819826245307922E-001, 5.5962562328204513E-004
after,2,5,5,12,0,1, 6.0000000000000000E+001, 8.9899998903274536E-001, 3.4000000000000000E+001, 2.6000000000000000E+002, 0.0000000000000000E+000, 0.0000000000000000E+000, 0.0000000000000000E+000, 0.0000000000000000E+000, 8.6000002920627594E-003, 0.0000000000000000E+000, 3.4022109574038950E-009, 2.4041201686486602E-004, 6.5740972058847547E-004, 1.4556854921465856E-007, 1.9545918661378892E-008, 0.0000000000000000E+000, 9.6779710054397583E-001, 1.8869300842285156E+001, 5.3780603027343750E+002, 1.9893953323364258E+001, 9.6213018894195557E-001, 4.5000000000000000E+008, 3.0326779976164175E-010, 2.3836458848403019E-011, 4.4999998807907104E-001, 0.0000000000000000E+000, 2.5000000000000000E-001, 0.0000000000000000E+000, 1.5000000596046448E-001, 0.0000000000000000E+000, 1.0999999940395355E-001, 0.0000000000000000E+000, 0.0000000000000000E+000, 0.0000000000000000E+000
after,2,6,6,12,0,1, 6.0000000000000000E+001, 9.0499997138977051E-001, 4.1000000000000000E+001, 2.6000000000000000E+002, 0.0000000000000000E+000, 0.0000000000000000E+000, 0.0000000000000000E+000, 0.0000000000000000E+000, 8.6000002920627594E-003, 0.0000000000000000E+000, 1.5358405653387308E-003, 2.2589985746890306E-004, 5.9300288558006287E-004, 1.2251705629751086E-003, 9.2054100241512060E-004, 0.0000000000000000E+000, 6.2870693359375000E+003, 4.8919296264648438E+002, 1.2054570312500000E+004, 7.4541245117187500E+003, 2.8212009277343750E+003, 4.5000000000000000E+008, 2.3560965018987190E-006, 1.0829896837094566E-006, 4.6276006102561951E-001, 2.7600431349128485E-003, 2.6018971204757690E-001, 1.8972670659422874E-004, 1.6081143915653229E-001, 8.1144290743395686E-004, 1.2064279615879059E-001, 6.4279907383024693E-004, 5.9563153982162476E-001, 1.1947184248128906E-004
after,2,1,1,13,0,1, 6.0000000000000000E+001, 8.3999997377395630E-001, 4.8000000000000000E+001, 2.6000000000000000E+002, 0.0000000000000000E+000, 0.0000000000000000E+000, 0.0000000000000000E+000, 0.0000000000000000E+000, 8.6500002071261406E-003, 0.0000000000000000E+000, 0.0000000000000000E+000, 0.0000000000000000E+000, 0.0000000000000000E+000, 0.0000000000000000E+000, 0.0000000000000000E+000, 0.0000000000000000E+000, 0.0000000000000000E+000, 0.0000000000000000E+000, 0.0000000000000000E+000, 0.0000000000000000E+000, 0.0000000000000000E+000, 4.5000000000000000E+008, 0.0000000000000000E+000, 0.0000000000000000E+000, 4.0999999642372131E-001, 0.0000000000000000E+000, 2.1000000834465027E-001, 0.0000000000000000E+000, 1.0999999940395355E-001, 0.0000000000000000E+000, 7.0000000298023224E-002, 0.0000000000000000E+000, 0.0000000000000000E+000, 0.0000000000000000E+000
after,2,2,2,13,0,1, 6.0000000000000000E+001, 8.4599995613098145E-001, 2.0000000000000000E+001, 2.6000000000000000E+002, 0.0000000000000000E+000, 0.0000000000000000E+000, 0.0000000000000000E+000, 0.0000000000000000E+000, 8.6500002071261406E-003, 3.5014579680137103E-007, 5.2145126542044747E-021, 1.4772324163914163E-007, 5.5369580032049726E-009, 1.3284841935215709E-039, 1.4012984643248171E-045, 0.0000000000000000E+000, 0.0000000000000000E+000, 0.0000000000000000E+000, 0.0000000000000000E+000, 0.0000000000000000E+000, 0.0000000000000000E+000, 4.5000000000000000E+008, 0.0000000000000000E+000, 0.0000000000000000E+000, 5.3832471370697021E-001, 1.1832471936941147E-001, 2.2068105638027191E-001, 6.8105506943538785E-004, 1.6551485657691956E-001, 4.5514855533838272E-002, 1.0986913740634918E-001, 2.9869135469198227E-002, 6.4285004138946533E-001, 2.8155616291769547E-006
after,2,3,3,13,0,1, 6.0000000000000000E+001, 8.5199999809265137E-001, 2.7000000000000000E+001, 2.6000000000000000E+002, 0.0000000000000000E+000, 0.0000000000000000E+000, 0.0000000000000000E+000, 0.0000000000000000E+000, 8.6500002071261406E-003, 3.7560090504484833E-007, 6.4720432246985482E-014, 3.7905078897892963E-007, 7.4233241775800707E-007, 6.6759958672335529E-011, 2.5636166800513394E-011, 4.8322334289550781E+000, 2.1487768739461899E-002, 7.1495351791381836E+000, 2.2060522079467773E+001, 2.6781117916107178E-001, 1.8447406589984894E-002, 4.5000000000000000E+008, 1.1508544497159517E-013, 3.0264175497271562E-014, 5.0986558198928833E-001, 7.9865567386150360E-002, 2.3001132905483246E-001, 1.1329824701533653E-005, 1.3767433166503906E-001, 7.6743387617170811E-003, 1.1044356226921082E-001, 2.0443562418222427E-002, 3.5220724344253540E-001, 3.6484973406913923E-006
after,2,4,4,13,0,1, 6.0000000000000000E+001, 8.5799998044967651E-001, 3.4000000000000000E+001, 2.6000000000000000E+002, 3.0037028864171589E-007, 2.3351847744379484E-007, 1.5018514432085794E-007, 1.8351848041220364E-007, 8.6500002071261406E-003, 2.0049419617862441E-005, 1.4476634532911703E-005, 2.8042890335200354E-005, 4.4274216634221375E-005, 0.0000000000000000E+000, 0.0000000000000000E+000, 2.9991308000000000E+007, 7.3237703125000000E+004, 1.4262900000000000E+005, 5.7713554687500000E+004, 0.0000000000000000E+000, 0.0000000000000000E+000, 4.5000000000000000E+008, 0.0000000000000000E+000, 0.0000000000000000E+000, 4.4435867667198181E-001, 4.3586846441030502E-003, 2.4125617742538452E-001, 1.2561653275042772E-003, 1.4000000059604645E-001, 0.0000000000000000E+000, 9.9999994039535522E-002, 0.0000000000000000E+000, 2.8819826245307922E-001, 5.5962562328204513E-004
after,2,5,5,13,0,1, 6.0000000000000000E+001, 8.6399996280670166E-001, 4.1000000000000000E+001, 2.6000000000000000E+002, 0.0000000000000000E+000, 0.0000000000000000E+000, 0.0000000000000000E+000, 0.0000000000000000E+000, 8.6500002071261406E-003, 0.0000000000000000E+000, 9.4404062345176953E-010, 2.0422197121661156E-004, 4.2251159902662039E-004, 3.7187934509574916E-008, 4.8124935148052828E-009, 0.0000000000000000E+000, 3.3331441879272461E-001, 1.5442652702331543E+001, 4.1253500366210938E+002, 7.8494811058044434E+000, 2.9538911581039429E-001, 4.4999996800000000E+008, 7.7474859860870993E-011, 5.8688891420299871E-012, 4.4999998807907104E-001, 0.0000000000000000E+000, 2.5000000000000000E-001, 0.0000000000000000E+000, 1.5000000596046448E-001, 0.0000000000000000E+000, 1.0999999940395355E-001, 0.0000000000000000E+000, 0.0000000000000000E+000, 0.0000000000000000E+000
after,2,6,6,13,0,1, 6.0000000000000000E+001, 8.7000000476837158E-001, 4.8000000000000000E+001, 2.6000000000000000E+002, 0.0000000000000000E+000, 0.0000000000000000E+000, 0.0000000000000000E+000, 0.0000000000000000E+000, 8.6500002071261406E-003, 0.0000000000000000E+000, 5.3240764685824615E-008, 2.0031763415317982E-004, 4.1584714199416339E-004, 3.1544354897050653E-006, 8.8801090214474243E-007, 0.0000000000000000E+000, 1.0568527221679688E+002, 4.4695202636718750E+002, 1.0400053710937500E+004, 4.7124432373046875E+002, 4.9120929718017578E+001, 4.5000000000000000E+008, 6.0662190826121787E-009, 1.0447187559492477E-009, 4.6276006102561951E-001, 2.7600431349128485E-003, 2.6018971204757690E-001, 1.8972670659422874E-004, 1.6081143915653229E-001, 8.1144290743395686E-004, 1.2064279615879059E-001, 6.4279907383024693E-004, 5.9563153982162476E-001, 1.1947184248128906E-004
after,2,1,1,14,0,1, 6.0000000000000000E+001, 8.0499994754791260E-001, 2.0000000000000000E+001, 2.6000000000000000E+002, 0.0000000000000000E+000, 0.0000000000000000E+000, 0.0000000000000000E+000, 0.0000000000000000E+000, 8.7000001221895218E-003, 0.0000000000000000E+000, 0.0000000000000000E+000, 0.0000000000000000E+000, 0.0000000000000000E+000, 0.0000000000000000E+000, 0.0000000000000000E+000, 0.0000000000000000E+000, 0.0000000000000000E+000, 0.0000000000000000E+000, 0.0000000000000000E+000, 0.0000000000000000E+000, 0.0000000000000000E+000, 4.5000000000000000E+008, 0.0000000000000000E+000, 0.0000000000000000E+000, 4.0999999642372131E-001, 0.0000000000000000E+000, 2.1000000834465027E-001, 0.0000000000000000E+000, 1.0999999940395355E-001, 0.0000000000000000E+000, 7.0000000298023224E-002, 0.0000000000000000E+000, 0.0000000000000000E+000, 0.0000000000000000E+000
after,2,2,2,14,0,1, 6.0000000000000000E+001, 8.1099992990493774E-001, 2.7000000000000000E+001, 2.6000000000000000E+002, 0.0000000000000000E+000, 0.0000000000000000E+000, 0.0000000000000000E+000, 0.0000000000000000E+000, 8.7000001221895218E-003, 6.2715926674172806E-008, 1.2965454295561334E-021, 2.8255243478270131E-008, 1.3123019337868413E-009, 3.3031687660757453E-040, 1.4012984643248171E-045, 0.0000000000000000E+000, 0.0000000000000000E+000, 0.0000000000000000E+000, 0.0000000000000000E+000, 0.0000000000000000E+000, 0.0000000000000000E+000, 4.5000003200000000E+008, 0.0000000000000000E+000, 0.0000000000000000E+000, 5.3832471370697021E-001, 1.1832471936941147E-001, 2.2068105638027191E-001, 6.8105506943538785E-004, 1.6551485657691956E-001, 4.5514855533838272E-002, 1.0986913740634918E-001, 2.9869135469198227E-002, 6.4285004138946533E-001, 2.8155616291769547E-006
after,2,3,3,14,0,1, 6.0000000000000000E+001, 8.1699997186660767E-001, 3.4000000000000000E+001, 2.6000000000000000E+002, 0.0000000000000000E+000, 0.0000000000000000E+000, 0.0000000000000000E+000, 0.0000000000000000E+000, 8.7000001221895218E-003, 5.7436057687709763E-008, 1.0900742283923449E-014, 5.8201475638952616E-008, 1.1047467296521063E-007, 9.3724108335413447E-012, 3.8485941863952711E-012, 6.5932214260101318E-001, 3.0287250410765409E-003, 9.6145540475845337E-001, 2.7768533229827881E+000, 3.3733431249856949E-002, 2.5729057379066944E-003, 4.5000000000000000E+008, 1.6103781922869286E-014, 4.5384338716075896E-015, 5.0986558198928833E-001, 7.9865567386150360E-002, 2.3001132905483246E-001, 1.1329824701533653E-005, 1.3767433166503906E-001, 7.6743387617170811E-003, 1.1044356226921082E-001, 2.0443562418222427E-002, 3.5220724344253540E-001, 3.6484973406913923E-006
after,2,4,4,14,0,1, 6.0000000000000000E+001, 8.2299995422363281E-001, 4.1000000000000000E+001, 2.6000000000000000E+002, 3.0005111284481245E-007, 2.3335888954534312E-007, 1.5002555642240623E-007, 1.8335889251375193E-007, 8.7000001221895218E-003, 1.9894259821739979E-005, 5.0057815315085463E-006, 1.8147786249755882E-005, 2.4535005650250241E-005, 0.0000000000000000E+000, 0.0000000000000000E+000, 2.9829954000000000E+007, 4.9597648437500000E+004, 9.8921554687500000E+004, 4.0958546875000000E+004, 0.0000000000000000E+000, 0.0000000000000000E+000, 4.5000000000000000E+008, 0.0000000000000000E+000, 0.0000000000000000E+000, 4.4435867667198181E-001, 4.3586846441030502E-003, 2.4125617742538452E-001, 1.2561653275042772E-003, 1.4000000059604645E-001, 0.0000000000000000E+000, 9.9999994039535522E-002, 0.0000000000000000E+000, 2.8819826245307922E-001, 5.5962562328204513E-004
after,2,5,5,14,0,1, 6.0000000000000000E+001, 8.2899993658065796E-001, 4.8000000000000000E+001, 2.6000000000000000E+002, 0.0000000000000000E+000, 0.0000000000000000E+000, 0.0000000000000000E+000, 0.0000000000000000E+000, 8.7000001221895218E-003, 0.0000000000000000E+000, 1.2964621043387581E-010, 1.0438662866363302E-004, 1.4782114885747433E-004, 4.6982187029698252E-009, 5.8008003955833942E-010, 0.0000000000000000E+000, 5.9920791536569595E-002, 8.2198295593261719E+000, 1.9846839904785156E+002, 1.6553974151611328E+000, 4.6579245477914810E-002, 4.5000000000000000E+008, 9.7879603727646369E-012, 7.0741432460150189E-013, 4.4999998807907104E-001, 0.0000000000000000E+000, 2.5000000000000000E-001, 0.0000000000000000E+000, 1.5000000596046448E-001, 0.0000000000000000E+000, 1.0999999940395355E-001, 0.0000000000000000E+000, 0.0000000000000000E+000, 0.0000000000000000E+000
after,2,6,6,14,0,1, 6.0000000000000000E+001, 8.3499991893768311E-001, 2.0000000000000000E+001, 2.6000000000000000E+002, 0.0000000000000000E+000, 0.0000000000000000E+000, 0.0000000000000000E+000, 0.0000000000000000E+000, 8.7000001221895218E-003, 0.0000000000000000E+000, 1.5871463896863746E-018, 2.0934268832206726E-005, 3.1351250072475523E-005, 3.1962839493193673E-012, 5.9113189332642840E-014, 0.0000000000000000E+000, 1.3176608085632324E-001, 6.6952842712402344E+001, 2.5616965332031250E+003, 4.8387250900268555E+000, 2.2189531475305557E-002, 4.5000000000000000E+008, 6.1466970226252242E-015, 6.9544912215375283E-017, 4.6276006102561951E-001, 2.7600431349128485E-003, 2.6018971204757690E-001, 1.8972670659422874E-004, 1.6081143915653229E-001, 8.1144290743395686E-004, 1.2064279615879059E-001, 6.4279907383024693E-004, 5.9563153982162476E-001, 1.1947184248128906E-004
before,3,1,1,1,1,1, 2.4000000000000000E+002, 1.2599999904632568E+000, 3.4000000000000000E+001, 2.6000000000000000E+002, 0.0000000000000000E+000, 0.0000000000000000E+000, 0.0000000000000000E+000, 0.0000000000000000E+000, 8.0500002950429916E-003, 0.0000000000000000E+000, 0.0000000000000000E+000, 0.0000000000000000E+000, 0.0000000000000000E+000, 0.0000000000000000E+000, 0.0000000000000000E+000, 0.0000000000000000E+000, 0.0000000000000000E+000, 0.0000000000000000E+000, 0.0000000000000000E+000, 0.0000000000000000E+000, 0.0000000000000000E+000, 4.5000000000000000E+008, 0.0000000000000000E+000, 0.0000000000000000E+000, 6.1000001430511475E-001,-9.0000000000000000E+000, 3.1000000238418579E-001,-9.0000000000000000E+000, 1.6000001132488251E-001,-9.0000000000000000E+000, 9.9999994039535522E-002,-9.0000000000000000E+000,-9.0000000000000000E+000, 0.0000000000000000E+000
before,3,2,2,1,1,1, 2.4000000000000000E+002, 1.2660000324249268E+000, 4.1000000000000000E+001, 2.6000000000000000E+002, 0.0000000000000000E+000, 0.0000000000000000E+000, 0.0000000000000000E+000, 0.0000000000000000E+000, 8.0500002950429916E-003, 2.2162240043144266E-008, 4.4324480086288531E-008, 1.7729790968701309E-008, 3.5459581937402618E-008, 4.7279442583203490E-008, 3.1027134639316500E-008, 0.0000000000000000E+000, 0.0000000000000000E+000, 0.0000000000000000E+000, 0.0000000000000000E+000, 0.0000000000000000E+000, 0.0000000000000000E+000, 4.5000000000000000E+008, 0.0000000000000000E+000, 0.0000000000000000E+000, 6.2000000476837158E-001,-9.0000000000000000E+000, 3.2000002264976501E-001,-9.0000000000000000E+000, 1.7000000178813934E-001,-9.0000000000000000E+000, 1.0999999940395355E-001,-9.0000000000000000E+000,-9.0000000000000000E+000, 0.0000000000000000E+000
before,3,3,3,1,1,1, 2.4000000000000000E+002, 1.2719999551773071E+000, 4.8000000000000000E+001, 2.6000000000000000E+002, 0.0000000000000000E+000, 0.0000000000000000E+000, 0.0000000000000000E+000, 0.0000000000000000E+000, 8.0500002950429916E-003, 1.4774825807251091E-008, 8.8648960172577063E-008, 2.2162240043144266E-008, 5.9099303229004363E-008, 1.0342377976257922E-007, 1.1819860645800873E-007, 2.4772851467132568E+000, 2.4565367698669434E+000, 4.1288089752197266E+000, 1.6376911163330078E+001, 1.0127065658569336E+001, 5.2238950729370117E+000, 4.5000000000000000E+008, 3.6545505510687804E-010, 1.8851452343593422E-010, 6.2999999523162842E-001,-9.0000000000000000E+000, 3.3000001311302185E-001,-9.0000000000000000E+000, 1.8000000715255737E-001,-9.0000000000000000E+000, 1.1999999731779099E-001,-9.0000000000000000E+000,-9.0000000000000000E+000, 0.0000000000000000E+000
before,3,4,4,1,1,1, 2.4000000000000000E+002, 1.2779999971389771E+000, 2.0000000000000000E+001, 2.6000000000000000E+002, 7.5001231891747011E-008, 5.8333949226607729E-008, 3.7500615945873506E-008, 4.5833946415996252E-008, 8.0500002950429916E-003, 2.0000738004455343E-005, 4.0002953028306365E-005, 3.0001034247106872E-005, 5.0002214265987277E-005, 0.0000000000000000E+000, 0.0000000000000000E+000, 3.0000000000000000E+007, 8.0000000000000000E+004, 1.5000000000000000E+005, 6.0000000000000000E+004, 0.0000000000000000E+000, 0.0000000000000000E+000, 4.5000000000000000E+008, 0.0000000000000000E+000, 0.0000000000000000E+000, 6.4000004529953003E-001,-9.0000000000000000E+000, 3.4000000357627869E-001,-9.0000000000000000E+000, 1.8999999761581421E-001,-9.0000000000000000E+000, 1.2999999523162842E-001,-9.0000000000000000E+000,-9.0000000000000000E+000, 0.0000000000000000E+000
before,3,5,5,1,1,1, 2.4000000000000000E+002, 1.2840000391006470E+000, 2.7000000000000000E+001, 2.6000000000000000E+002, 0.0000000000000000E+000, 0.0000000000000000E+000, 0.0000000000000000E+000, 0.0000000000000000E+000, 8.0500002950429916E-003, 0.0000000000000000E+000, 0.0000000000000000E+000, 0.0000000000000000E+000, 0.0000000000000000E+000, 0.0000000000000000E+000, 0.0000000000000000E+000, 0.0000000000000000E+000, 0.0000000000000000E+000, 0.0000000000000000E+000, 0.0000000000000000E+000, 0.0000000000000000E+000, 0.0000000000000000E+000, 4.5000000000000000E+008, 0.0000000000000000E+000, 0.0000000000000000E+000, 6.5000003576278687E-001,-9.0000000000000000E+000, 3.5000002384185791E-001,-9.0000000000000000E+000, 2.0000000298023224E-001,-9.0000000000000000E+000, 1.3999998569488525E-001,-9.0000000000000000E+000,-9.0000000000000000E+000, 0.0000000000000000E+000
before,3,6,6,1,1,1, 2.4000000000000000E+002, 1.2899999618530273E+000, 3.4000000000000000E+001, 2.6000000000000000E+002, 0.0000000000000000E+000, 0.0000000000000000E+000, 0.0000000000000000E+000, 0.0000000000000000E+000, 8.0500002950429916E-003, 0.0000000000000000E+000, 9.9999997473787516E-006, 3.0000001061125658E-006, 6.9999996412661858E-006, 7.9999999798019417E-006, 6.0000002122251317E-006, 0.0000000000000000E+000, 1.2223092041015625E+003, 4.0743640136718750E+002, 8.5561640625000000E+003, 1.8804757080078125E+003, 8.6280651855468750E+002, 4.5000000000000000E+008, 1.5384614471258828E-008, 7.0588237477409166E-009, 6.6000002622604370E-001,-9.0000000000000000E+000, 3.6000001430511475E-001,-9.0000000000000000E+000, 2.1000000834465027E-001,-9.0000000000000000E+000, 1.4999999105930328E-001,-9.0000000000000000E+000,-9.0000000000000000E+000, 0.0000000000000000E+000
before,3,1,1,2,1,1, 2.4000000000000000E+002, 1.2250000238418579E+000, 4.1000000000000000E+001, 2.6000000000000000E+002, 0.0000000000000000E+000, 0.0000000000000000E+000, 0.0000000000000000E+000, 0.0000000000000000E+000, 8.1000002101063728E-003, 0.0000000000000000E+000, 0.0000000000000000E+000, 0.0000000000000000E+000, 0.0000000000000000E+000, 0.0000000000000000E+000, 0.0000000000000000E+000, 0.0000000000000000E+000, 0.0000000000000000E+000, 0.0000000000000000E+000, 0.0000000000000000E+000, 0.0000000000000000E+000, 0.0000000000000000E+000, 4.5000000000000000E+008, 0.0000000000000000E+000, 0.0000000000000000E+000, 6.1000001430511475E-001,-9.0000000000000000E+000, 3.1000000238418579E-001,-9.0000000000000000E+000, 1.6000001132488251E-001,-9.0000000000000000E+000, 9.9999994039535522E-002,-9.0000000000000000E+000,-9.0000000000000000E+000, 0.0000000000000000E+000
before,3,2,2,2,1,1, 2.4000000000000000E+002, 1.2310000658035278E+000, 4.8000000000000000E+001, 2.6000000000000000E+002, 0.0000000000000000E+000, 0.0000000000000000E+000, 0.0000000000000000E+000, 0.0000000000000000E+000, 8.1000002101063728E-003, 2.3007150673493015E-007, 4.6014301346986031E-007, 1.8405718549274752E-007, 3.6811437098549504E-007, 4.9081916131399339E-007, 3.2210007816502184E-007, 0.0000000000000000E+000, 0.0000000000000000E+000, 0.0000000000000000E+000, 0.0000000000000000E+000, 0.0000000000000000E+000, 0.0000000000000000E+000, 4.5000000000000000E+008, 0.0000000000000000E+000, 0.0000000000000000E+000, 6.2000000476837158E-001,-9.0000000000000000E+000, 3.2000002264976501E-001,-9.0000000000000000E+000, 1.7000000178813934E-001,-9.0000000000000000E+000, 1.0999999940395355E-001,-9.0000000000000000E+000,-9.0000000000000000E+000, 0.0000000000000000E+000
before,3,3,3,2,1,1, 2.4000000000000000E+002, 1.2369999885559082E+000, 2.0000000000000000E+001, 2.6000000000000000E+002, 0.0000000000000000E+000, 0.0000000000000000E+000, 0.0000000000000000E+000, 0.0000000000000000E+000, 8.1000002101063728E-003, 1.5338099501605029E-007, 9.2028602693972061E-007, 2.3007150673493015E-007, 6.1352398006420117E-007, 1.0736669082689332E-006, 1.2270479601284023E-006, 1.8747905731201172E+001, 1.6928968429565430E+001, 3.1246511459350586E+001, 1.1285977935791016E+002, 6.4543991088867188E+001, 3.5049621582031250E+001, 4.5000000000000000E+008, 3.5087153182900011E-009, 1.9053538746760523E-009, 6.2999999523162842E-001,-9.0000000000000000E+000, 3.3000001311302185E-001,-9.0000000000000000E+000, 1.8000000715255737E-001,-9.0000000000000000E+000, 1.1999999731779099E-001,-9.0000000000000000E+000,-9.0000000000000000E+000, 0.0000000000000000E+000
before,3,4,4,2,1,1, 2.4000000000000000E+002, 1.2430000305175781E+000, 2.7000000000000000E+001, 2.6000000000000000E+002, 7.5012778211203113E-008, 5.8339722386335779E-008, 3.7506389105601556E-008, 4.5839723128437981E-008, 8.1000002101063728E-003, 2.0007668354082853E-005, 4.0030674426816404E-005, 3.0010736736585386E-005, 5.0023005314869806E-005, 0.0000000000000000E+000, 0.0000000000000000E+000, 3.0000000000000000E+007, 8.0000000000000000E+004, 1.5000000000000000E+005, 6.0000000000000000E+004, 0.0000000000000000E+000, 0.0000000000000000E+000, 4.5000000000000000E+008, 0.0000000000000000E+000, 0.0000000000000000E+000, 6.4000004529953003E-001,-9.0000000000000000E+000, 3.4000000357627869E-001,-9.0000000000000000E+000, 1.8999999761581421E-001,-9.0000000000000000E+000, 1.2999999523162842E-001,-9.0000000000000000E+000,-9.0000000000000000E+000, 0.0000000000000000E+000
before,3,5,5,2,1,1, 2.4000000000000000E+002, 1.2490000724792480E+000, 3.4000000000000000E+001, 2.6000000000000000E+002, 0.0000000000000000E+000, 0.0000000000000000E+000, 0.0000000000000000E+000, 0.0000000000000000E+000, 8.1000002101063728E-003, 0.0000000000000000E+000, 0.0000000000000000E+000, 0.0000000000000000E+000, 0.0000000000000000E+000, 0.0000000000000000E+000, 0.0000000000000000E+000, 0.0000000000000000E+000, 0.0000000000000000E+000, 0.0000000000000000E+000, 0.0000000000000000E+000, 0.0000000000000000E+000, 0.0000000000000000E+000, 4.5000000000000000E+008, 0.0000000000000000E+000, 0.0000000000000000E+000, 6.5000003576278687E-001,-9.0000000000000000E+000, 3.5000002384185791E-001,-9.0000000000000000E+000, 2.0000000298023224E-001,-9.0000000000000000E+000, 1.3999998569488525E-001,-9.0000000000000000E+000,-9.0000000000000000E+000, 0.0000000000000000E+000
before,3,6,6,2,1,1, 2.4000000000000000E+002, 1.2549999952316284E+000, 4.1000000000000000E+001, 2.6000000000000000E+002, 0.0000000000000000E+000, 0.0000000000000000E+000, 0.0000000000000000E+000, 0.0000000000000000E+000, 8.1000002101063728E-003, 0.0000000000000000E+000, 1.4500000361294951E-005, 4.3500003812368959E-006, 1.0149999980058055E-005, 1.1600000107137021E-005, 8.7000007624737918E-006, 0.0000000000000000E+000, 1.2615227050781250E+003, 4.2050756835937500E+002, 8.8306582031250000E+003, 1.9408040771484375E+003, 8.9048657226562500E+002, 4.5000000000000000E+008, 2.2307691693868037E-008, 1.0235295277993828E-008, 6.6000002622604370E-001,-9.0000000000000000E+000, 3.6000001430511475E-001,-9.0000000000000000E+000, 2.1000000834465027E-001,-9.0000000000000000E+000, 1.4999999105930328E-001,-9.0000000000000000E+000,-9.0000000000000000E+000, 0.0000000000000000E+000
before,3,1,1,3,1,1, 2.4000000000000000E+002, 1.1899999380111694E+000, 4.8000000000000000E+001, 2.6000000000000000E+002, 0.0000000000000000E+000, 0.0000000000000000E+000, 0.0000000000000000E+000, 0.0000000000000000E+000, 8.1500001251697540E-003, 0.0000000000000000E+000, 0.0000000000000000E+000, 0.0000000000000000E+000, 0.0000000000000000E+000, 0.0000000000000000E+000, 0.0000000000000000E+000, 0.0000000000000000E+000, 0.0000000000000000E+000, 0.0000000000000000E+000, 0.0000000000000000E+000, 0.0000000000000000E+000, 0.0000000000000000E+000, 4.5000000000000000E+008, 0.0000000000000000E+000, 0.0000000000000000E+000, 6.1000001430511475E-001,-9.0000000000000000E+000, 3.1000000238418579E-001,-9.0000000000000000E+000, 1.6000001132488251E-001,-9.0000000000000000E+000, 9.9999994039535522E-002,-9.0000000000000000E+000,-9.0000000000000000E+000, 0.0000000000000000E+000
before,3,2,2,3,1,1, 2.4000000000000000E+002, 1.1959999799728394E+000, 2.0000000000000000E+001, 2.6000000000000000E+002, 0.0000000000000000E+000, 0.0000000000000000E+000, 0.0000000000000000E+000, 0.0000000000000000E+000, 8.1500001251697540E-003, 1.6663494761814945E-006, 3.3326989523629891E-006, 1.3330795809451956E-006, 2.6661591618903913E-006, 3.5548787309380714E-006, 2.3328891529672546E-006, 0.0000000000000000E+000, 0.0000000000000000E+000, 0.0000000000000000E+000, 0.0000000000000000E+000, 0.0000000000000000E+000, 0.0000000000000000E+000, 4.5000000000000000E+008, 0.0000000000000000E+000, 0.0000000000000000E+000, 6.2000000476837158E-001,-9.0000000000000000E+000, 3.2000002264976501E-001,-9.0000000000000000E+000, 1.7000000178813934E-001,-9.0000000000000000E+000, 1.0999999940395355E-001,-9.0000000000000000E+000,-9.0000000000000000E+000, 0.0000000000000000E+000
before,3,3,3,3,1,1, 2.4000000000000000E+002, 1.2019999027252197E+000, 2.7000000000000000E+001, 2.6000000000000000E+002, 0.0000000000000000E+000, 0.0000000000000000E+000, 0.0000000000000000E+000, 0.0000000000000000E+000, 8.1500001251697540E-003, 1.1108995749964379E-006, 6.6653979047259782E-006, 1.6663494761814945E-006, 4.4435982999857515E-006, 7.7762970249750651E-006, 8.8871965999715030E-006, 1.0201824951171875E+002, 8.5506622314453125E+001, 1.7003044128417969E+002, 5.7004412841796875E+002, 3.0321493530273438E+002, 1.7247930908203125E+002, 4.5000000000000000E+008, 2.3636161472495587E-008, 1.3445077939877592E-008, 6.2999999523162842E-001,-9.0000000000000000E+000, 3.3000001311302185E-001,-9.0000000000000000E+000, 1.8000000715255737E-001,-9.0000000000000000E+000, 1.1999999731779099E-001,-9.0000000000000000E+000,-9.0000000000000000E+000, 0.0000000000000000E+000
before,3,4,4,3,1,1, 2.4000000000000000E+002, 1.2079999446868896E+000, 3.4000000000000000E+001, 2.6000000000000000E+002, 7.5092572160428972E-008, 5.8379619360948709E-008, 3.7546286080214486E-008, 4.5879620103050911E-008, 8.1500001251697540E-003, 2.0055544155184180E-005, 4.0222177631221712E-005, 3.0077762858127244E-005, 5.0166632718173787E-005, 0.0000000000000000E+000, 0.0000000000000000E+000, 3.0000000000000000E+007, 8.0000000000000000E+004, 1.5000000000000000E+005, 6.0000000000000000E+004, 0.0000000000000000E+000, 0.0000000000000000E+000, 4.5000000000000000E+008, 0.0000000000000000E+000, 0.0000000000000000E+000, 6.4000004529953003E-001,-9.0000000000000000E+000, 3.4000000357627869E-001,-9.0000000000000000E+000, 1.8999999761581421E-001,-9.0000000000000000E+000, 1.2999999523162842E-001,-9.0000000000000000E+000,-9.0000000000000000E+000, 0.0000000000000000E+000
before,3,5,5,3,1,1, 2.4000000000000000E+002, 1.2139999866485596E+000, 4.1000000000000000E+001, 2.6000000000000000E+002, 0.0000000000000000E+000, 0.0000000000000000E+000, 0.0000000000000000E+000, 0.0000000000000000E+000, 8.1500001251697540E-003, 0.0000000000000000E+000, 0.0000000000000000E+000, 0.0000000000000000E+000, 0.0000000000000000E+000, 0.0000000000000000E+000, 0.0000000000000000E+000, 0.0000000000000000E+000, 0.0000000000000000E+000, 0.0000000000000000E+000, 0.0000000000000000E+000, 0.0000000000000000E+000, 0.0000000000000000E+000, 4.5000000000000000E+008, 0.0000000000000000E+000, 0.0000000000000000E+000, 6.5000003576278687E-001,-9.0000000000000000E+000, 3.5000002384185791E-001,-9.0000000000000000E+000, 2.0000000298023224E-001,-9.0000000000000000E+000, 1.3999998569488525E-001,-9.0000000000000000E+000,-9.0000000000000000E+000, 0.0000000000000000E+000
before,3,6,6,3,1,1, 2.4000000000000000E+002, 1.2199999094009399E+000, 4.8000000000000000E+001, 2.6000000000000000E+002, 0.0000000000000000E+000, 0.0000000000000000E+000, 0.0000000000000000E+000, 0.0000000000000000E+000, 8.1500001251697540E-003, 0.0000000000000000E+000, 0.0000000000000000E+000, 0.0000000000000000E+000, 0.0000000000000000E+000, 0.0000000000000000E+000, 0.0000000000000000E+000, 0.0000000000000000E+000, 0.0000000000000000E+000, 0.0000000000000000E+000, 0.0000000000000000E+000, 0.0000000000000000E+000, 0.0000000000000000E+000, 4.5000000000000000E+008, 0.0000000000000000E+000, 0.0000000000000000E+000, 6.6000002622604370E-001,-9.0000000000000000E+000, 3.6000001430511475E-001,-9.0000000000000000E+000, 2.1000000834465027E-001,-9.0000000000000000E+000, 1.4999999105930328E-001,-9.0000000000000000E+000,-9.0000000000000000E+000, 0.0000000000000000E+000
before,3,1,1,4,1,1, 2.4000000000000000E+002, 1.1549999713897705E+000, 2.0000000000000000E+001, 2.6000000000000000E+002, 0.0000000000000000E+000, 0.0000000000000000E+000, 0.0000000000000000E+000, 0.0000000000000000E+000, 8.2000000402331352E-003, 0.0000000000000000E+000, 0.0000000000000000E+000, 0.0000000000000000E+000, 0.0000000000000000E+000, 0.0000000000000000E+000, 0.0000000000000000E+000, 0.0000000000000000E+000, 0.0000000000000000E+000, 0.0000000000000000E+000, 0.0000000000000000E+000, 0.0000000000000000E+000, 0.0000000000000000E+000, 4.5000000000000000E+008, 0.0000000000000000E+000, 0.0000000000000000E+000, 6.1000001430511475E-001,-9.0000000000000000E+000, 3.1000000238418579E-001,-9.0000000000000000E+000, 1.6000001132488251E-001,-9.0000000000000000E+000, 9.9999994039535522E-002,-9.0000000000000000E+000,-9.0000000000000000E+000, 0.0000000000000000E+000
before,3,2,2,4,1,1, 2.4000000000000000E+002, 1.1610000133514404E+000, 2.7000000000000000E+001, 2.6000000000000000E+002, 0.0000000000000000E+000, 0.0000000000000000E+000, 0.0000000000000000E+000, 0.0000000000000000E+000, 8.2000000402331352E-003, 8.4202138168620877E-006, 1.6840427633724175E-005, 6.7361706896917894E-006, 1.3472341379383579E-005, 1.7963122445507906E-005, 1.1788299161707982E-005, 0.0000000000000000E+000, 0.0000000000000000E+000, 0.0000000000000000E+000, 0.0000000000000000E+000, 0.0000000000000000E+000, 0.0000000000000000E+000, 4.5000000000000000E+008, 0.0000000000000000E+000, 0.0000000000000000E+000, 6.2000000476837158E-001,-9.0000000000000000E+000, 3.2000002264976501E-001,-9.0000000000000000E+000, 1.7000000178813934E-001,-9.0000000000000000E+000, 1.0999999940395355E-001,-9.0000000000000000E+000,-9.0000000000000000E+000, 0.0000000000000000E+000
before,3,3,3,4,1,1, 2.4000000000000000E+002, 1.1669999361038208E+000, 3.4000000000000000E+001, 2.6000000000000000E+002, 0.0000000000000000E+000, 0.0000000000000000E+000, 0.0000000000000000E+000, 0.0000000000000000E+000, 8.2000000402331352E-003, 5.6134754231607076E-006, 3.3680855267448351E-005, 8.4202138168620877E-006, 2.2453901692642830E-005, 3.9294329326367006E-005, 4.4907803385285661E-005, 3.9707202148437500E+002, 3.1320477294921875E+002, 6.6178680419921875E+002, 2.0880314941406250E+003, 1.0380839843750000E+003, 6.1593847656250000E+002, 4.5000000000000000E+008, 1.1163161417471201E-007, 6.6235699591743469E-008, 6.2999999523162842E-001,-9.0000000000000000E+000, 3.3000001311302185E-001,-9.0000000000000000E+000, 1.8000000715255737E-001,-9.0000000000000000E+000, 1.1999999731779099E-001,-9.0000000000000000E+000,-9.0000000000000000E+000, 0.0000000000000000E+000
before,3,4,4,4,1,1, 2.4000000000000000E+002, 1.1729999780654907E+000, 4.1000000000000000E+001, 2.6000000000000000E+002, 7.5467795568329166E-008, 5.8567231064898806E-008, 3.7733897784164583E-008, 4.6067228254287329E-008, 8.2000000402331352E-003, 2.0280673197703436E-005, 4.1122693801298738E-005, 3.0392942790058441E-005, 5.0842019845731556E-005, 0.0000000000000000E+000, 0.0000000000000000E+000, 3.0000000000000000E+007, 8.0000000000000000E+004, 1.5000000000000000E+005, 6.0000000000000000E+004, 0.0000000000000000E+000, 0.0000000000000000E+000, 4.5000000000000000E+008, 0.0000000000000000E+000, 0.0000000000000000E+000, 6.4000004529953003E-001,-9.0000000000000000E+000, 3.4000000357627869E-001,-9.0000000000000000E+000, 1.8999999761581421E-001,-9.0000000000000000E+000, 1.2999999523162842E-001,-9.0000000000000000E+000,-9.0000000000000000E+000, 0.0000000000000000E+000
before,3,5,5,4,1,1, 2.4000000000000000E+002, 1.1790000200271606E+000, 4.8000000000000000E+001, 2.6000000000000000E+002, 0.0000000000000000E+000, 0.0000000000000000E+000, 0.0000000000000000E+000, 0.0000000000000000E+000, 8.2000000402331352E-003, 0.0000000000000000E+000, 0.0000000000000000E+000, 0.0000000000000000E+000, 0.0000000000000000E+000, 0.0000000000000000E+000, 0.0000000000000000E+000, 0.0000000000000000E+000, 0.0000000000000000E+000, 0.0000000000000000E+000, 0.0000000000000000E+000, 0.0000000000000000E+000, 0.0000000000000000E+000, 4.5000000000000000E+008, 0.0000000000000000E+000, 0.0000000000000000E+000, 6.5000003576278687E-001,-9.0000000000000000E+000, 3.5000002384185791E-001,-9.0000000000000000E+000, 2.0000000298023224E-001,-9.0000000000000000E+000, 1.3999998569488525E-001,-9.0000000000000000E+000,-9.0000000000000000E+000, 0.0000000000000000E+000
before,3,6,6,4,1,1, 2.4000000000000000E+002, 1.1849999427795410E+000, 2.0000000000000000E+001, 2.6000000000000000E+002, 0.0000000000000000E+000, 0.0000000000000000E+000, 0.0000000000000000E+000, 0.0000000000000000E+000, 8.2000000402331352E-003, 0.0000000000000000E+000, 3.0486251489492133E-005, 9.1458759925444610E-006, 2.1340376406442374E-005, 2.4389000827795826E-005, 1.8291751985088922E-005, 0.0000000000000000E+000, 1.3437636718750000E+003, 4.4792126464843750E+002, 9.4063457031250000E+003, 2.0673288574218750E+003, 9.4853912353515625E+002, 4.5000000000000000E+008, 4.6901924122266792E-008, 2.1519708681694283E-008, 6.6000002622604370E-001,-9.0000000000000000E+000, 3.6000001430511475E-001,-9.0000000000000000E+000, 2.1000000834465027E-001,-9.0000000000000000E+000, 1.4999999105930328E-001,-9.0000000000000000E+000,-9.0000000000000000E+000, 0.0000000000000000E+000
before,3,1,1,5,1,1, 2.4000000000000000E+002, 1.1200000047683716E+000, 2.7000000000000000E+001, 2.6000000000000000E+002, 0.0000000000000000E+000, 0.0000000000000000E+000, 0.0000000000000000E+000, 0.0000000000000000E+000, 8.2499999552965164E-003, 0.0000000000000000E+000, 0.0000000000000000E+000, 0.0000000000000000E+000, 0.0000000000000000E+000, 0.0000000000000000E+000, 0.0000000000000000E+000, 0.0000000000000000E+000, 0.0000000000000000E+000, 0.0000000000000000E+000, 0.0000000000000000E+000, 0.0000000000000000E+000, 0.0000000000000000E+000, 4.5000000000000000E+008, 0.0000000000000000E+000, 0.0000000000000000E+000, 6.1000001430511475E-001,-9.0000000000000000E+000, 3.1000000238418579E-001,-9.0000000000000000E+000, 1.6000001132488251E-001,-9.0000000000000000E+000, 9.9999994039535522E-002,-9.0000000000000000E+000,-9.0000000000000000E+000, 0.0000000000000000E+000
before,3,2,2,5,1,1, 2.4000000000000000E+002, 1.1260000467300415E+000, 3.4000000000000000E+001, 2.6000000000000000E+002, 0.0000000000000000E+000, 0.0000000000000000E+000, 0.0000000000000000E+000, 0.0000000000000000E+000, 8.2499999552965164E-003, 2.9684802939300425E-005, 5.9369605878600851E-005, 2.3747839804855175E-005, 4.7495679609710351E-005, 6.3327570387627929E-005, 4.1558720113243908E-005, 0.0000000000000000E+000, 0.0000000000000000E+000, 0.0000000000000000E+000, 0.0000000000000000E+000, 0.0000000000000000E+000, 0.0000000000000000E+000, 4.5000000000000000E+008, 0.0000000000000000E+000, 0.0000000000000000E+000, 6.2000000476837158E-001,-9.0000000000000000E+000, 3.2000002264976501E-001,-9.0000000000000000E+000, 1.7000000178813934E-001,-9.0000000000000000E+000, 1.0999999940395355E-001,-9.0000000000000000E+000,-9.0000000000000000E+000, 0.0000000000000000E+000
before,3,3,3,5,1,1, 2.4000000000000000E+002, 1.1319999694824219E+000, 4.1000000000000000E+001, 2.6000000000000000E+002, 0.0000000000000000E+000, 0.0000000000000000E+000, 0.0000000000000000E+000, 0.0000000000000000E+000, 8.2499999552965164E-003, 1.9789866200881079E-005, 1.1873921175720170E-004, 2.9684802939300425E-005, 7.9159464803524315E-005, 1.3852906704414636E-004, 1.5831892960704863E-004, 1.1010169677734375E+003, 8.2576281738281250E+002, 1.8350285644531250E+003, 5.5050854492187500E+003, 2.5690397949218750E+003, 1.5841971435546875E+003, 4.5000000000000000E+008, 3.6941085568287235E-007, 2.2779701680519793E-007, 6.2999999523162842E-001,-9.0000000000000000E+000, 3.3000001311302185E-001,-9.0000000000000000E+000, 1.8000000715255737E-001,-9.0000000000000000E+000, 1.1999999731779099E-001,-9.0000000000000000E+000,-9.0000000000000000E+000, 0.0000000000000000E+000
before,3,4,4,5,1,1, 2.4000000000000000E+002, 1.1380000114440918E+000, 4.8000000000000000E+001, 2.6000000000000000E+002, 7.6649158131658623E-008, 5.9157912346563535E-008, 3.8324579065829312E-008, 4.6657913088665737E-008, 8.2499999552965164E-003, 2.0989493350498378E-005, 4.3957970774499699E-005, 3.1385290640173480E-005, 5.2968480304116383E-005, 0.0000000000000000E+000, 0.0000000000000000E+000, 3.0000000000000000E+007, 8.0000000000000000E+004, 1.5000000000000000E+005, 6.0000000000000000E+004, 0.0000000000000000E+000, 0.0000000000000000E+000, 4.5000000000000000E+008, 0.0000000000000000E+000, 0.0000000000000000E+000, 6.4000004529953003E-001,-9.0000000000000000E+000, 3.4000000357627869E-001,-9.0000000000000000E+000, 1.8999999761581421E-001,-9.0000000000000000E+000, 1.2999999523162842E-001,-9.0000000000000000E+000,-9.0000000000000000E+000, 0.0000000000000000E+000
before,3,5,5,5,1,1, 2.4000000000000000E+002, 1.1440000534057617E+000, 2.0000000000000000E+001, 2.6000000000000000E+002, 0.0000000000000000E+000, 0.0000000000000000E+000, 0.0000000000000000E+000, 0.0000000000000000E+000, 8.2499999552965164E-003, 0.0000000000000000E+000, 0.0000000000000000E+000, 0.0000000000000000E+000, 0.0000000000000000E+000, 0.0000000000000000E+000, 0.0000000000000000E+000, 0.0000000000000000E+000, 0.0000000000000000E+000, 0.0000000000000000E+000, 0.0000000000000000E+000, 0.0000000000000000E+000, 0.0000000000000000E+000, 4.5000000000000000E+008, 0.0000000000000000E+000, 0.0000000000000000E+000, 6.5000003576278687E-001,-9.0000000000000000E+000, 3.5000002384185791E-001,-9.0000000000000000E+000, 2.0000000298023224E-001,-9.0000000000000000E+000, 1.3999998569488525E-001,-9.0000000000000000E+000,-9.0000000000000000E+000, 0.0000000000000000E+000
before,3,6,6,5,1,1, 2.4000000000000000E+002, 1.1499999761581421E+000, 2.7000000000000000E+001, 2.6000000000000000E+002, 0.0000000000000000E+000, 0.0000000000000000E+000, 0.0000000000000000E+000, 0.0000000000000000E+000, 8.2499999552965164E-003, 0.0000000000000000E+000, 4.4205069571034983E-005, 1.3261521417007316E-005, 3.0943549063522369E-005, 3.5364057112019509E-005, 2.6523042834014632E-005, 0.0000000000000000E+000, 1.3868736572265625E+003, 4.6229122924804688E+002, 9.7081152343750000E+003, 2.1336518554687500E+003, 9.7896960449218750E+002, 4.5000000000000000E+008, 6.8007800280156516E-008, 3.1203580164174127E-008, 6.6000002622604370E-001,-9.0000000000000000E+000, 3.6000001430511475E-001,-9.0000000000000000E+000, 2.1000000834465027E-001,-9.0000000000000000E+000, 1.4999999105930328E-001,-9.0000000000000000E+000,-9.0000000000000000E+000, 0.0000000000000000E+000
before,3,1,1,6,1,1, 2.4000000000000000E+002, 1.0850000381469727E+000, 3.4000000000000000E+001, 2.6000000000000000E+002, 0.0000000000000000E+000, 0.0000000000000000E+000, 0.0000000000000000E+000, 0.0000000000000000E+000, 8.3000008016824722E-003, 0.0000000000000000E+000, 0.0000000000000000E+000, 0.0000000000000000E+000, 0.0000000000000000E+000, 0.0000000000000000E+000, 0.0000000000000000E+000, 0.0000000000000000E+000, 0.0000000000000000E+000, 0.0000000000000000E+000, 0.0000000000000000E+000, 0.0000000000000000E+000, 0.0000000000000000E+000, 4.5000000000000000E+008, 0.0000000000000000E+000, 0.0000000000000000E+000, 6.1000001430511475E-001,-9.0000000000000000E+000, 3.1000000238418579E-001,-9.0000000000000000E+000, 1.6000001132488251E-001,-9.0000000000000000E+000, 9.9999994039535522E-002,-9.0000000000000000E+000,-9.0000000000000000E+000, 0.0000000000000000E+000
before,3,2,2,6,1,1, 2.4000000000000000E+002, 1.0910000801086426E+000, 4.1000000000000000E+001, 2.6000000000000000E+002, 0.0000000000000000E+000, 0.0000000000000000E+000, 0.0000000000000000E+000, 0.0000000000000000E+000, 8.3000008016824722E-003, 7.3012837674468756E-005, 1.4602567534893751E-004, 5.8410267229191959E-005, 1.1682053445838392E-004, 1.5576071746181697E-004, 1.0221797128906474E-004, 0.0000000000000000E+000, 0.0000000000000000E+000, 0.0000000000000000E+000, 0.0000000000000000E+000, 0.0000000000000000E+000, 0.0000000000000000E+000, 4.5000000000000000E+008, 0.0000000000000000E+000, 0.0000000000000000E+000, 6.2000000476837158E-001,-9.0000000000000000E+000, 3.2000002264976501E-001,-9.0000000000000000E+000, 1.7000000178813934E-001,-9.0000000000000000E+000, 1.0999999940395355E-001,-9.0000000000000000E+000,-9.0000000000000000E+000, 0.0000000000000000E+000
before,3,3,3,6,1,1, 2.4000000000000000E+002, 1.0970000028610229E+000, 4.8000000000000000E+001, 2.6000000000000000E+002, 0.0000000000000000E+000, 0.0000000000000000E+000, 0.0000000000000000E+000, 0.0000000000000000E+000, 8.3000008016824722E-003, 4.8675221478333697E-005, 2.9205135069787502E-004, 7.3012837674468756E-005, 1.9470088591333479E-004, 3.4072654671035707E-004, 3.8940177182666957E-004, 2.1682280273437500E+003, 1.5584229736328125E+003, 3.6137138671875000E+003, 1.0389485351562500E+004, 4.5682407226562500E+003, 2.9183947753906250E+003, 4.5000000000000000E+008, 8.5609684674636810E-007, 5.4691258810635190E-007, 6.2999999523162842E-001,-9.0000000000000000E+000, 3.3000001311302185E-001,-9.0000000000000000E+000, 1.8000000715255737E-001,-9.0000000000000000E+000, 1.1999999731779099E-001,-9.0000000000000000E+000,-9.0000000000000000E+000, 0.0000000000000000E+000
before,3,4,4,6,1,1, 2.4000000000000000E+002, 1.1030000448226929E+000, 2.0000000000000000E+001, 2.6000000000000000E+002, 7.9056270863020472E-008, 6.0361472264958138E-008, 3.9528135431510236E-008, 4.7861469454346661E-008, 8.3000008016824722E-003, 2.2433760022977367E-005, 4.9735044740373269E-005, 3.3407264709239826E-005, 5.7301280321553349E-005, 0.0000000000000000E+000, 0.0000000000000000E+000, 3.0000000000000000E+007, 8.0000000000000000E+004, 1.5000000000000000E+005, 6.0000000000000000E+004, 0.0000000000000000E+000, 0.0000000000000000E+000, 4.5000000000000000E+008, 0.0000000000000000E+000, 0.0000000000000000E+000, 6.4000004529953003E-001,-9.0000000000000000E+000, 3.4000000357627869E-001,-9.0000000000000000E+000, 1.8999999761581421E-001,-9.0000000000000000E+000, 1.2999999523162842E-001,-9.0000000000000000E+000,-9.0000000000000000E+000, 0.0000000000000000E+000
before,3,5,5,6,1,1, 2.4000000000000000E+002, 1.1090000867843628E+000, 2.7000000000000000E+001, 2.6000000000000000E+002, 0.0000000000000000E+000, 0.0000000000000000E+000, 0.0000000000000000E+000, 0.0000000000000000E+000, 8.3000008016824722E-003, 0.0000000000000000E+000, 9.9199998658150434E-004, 2.2399998852051795E-004, 7.0799997774884105E-004, 1.0619999375194311E-003, 1.2319999514147639E-003, 0.0000000000000000E+000, 1.7792819213867188E+002, 4.4641483306884766E+001, 1.2698907470703125E+003, 3.9684085083007812E+002, 2.6948211669921875E+002, 4.5000000000000000E+008, 2.2124997940409230E-006, 1.5024389767859248E-006, 6.5000003576278687E-001,-9.0000000000000000E+000, 3.5000002384185791E-001,-9.0000000000000000E+000, 2.0000000298023224E-001,-9.0000000000000000E+000, 1.3999998569488525E-001,-9.0000000000000000E+000,-9.0000000000000000E+000, 0.0000000000000000E+000
before,3,6,6,6,1,1, 2.4000000000000000E+002, 1.1150000095367432E+000, 3.4000000000000000E+001, 2.6000000000000000E+002, 0.0000000000000000E+000, 0.0000000000000000E+000, 0.0000000000000000E+000, 0.0000000000000000E+000, 8.3000008016824722E-003, 0.0000000000000000E+000, 0.0000000000000000E+000, 0.0000000000000000E+000, 0.0000000000000000E+000, 0.0000000000000000E+000, 0.0000000000000000E+000, 0.0000000000000000E+000, 0.0000000000000000E+000, 0.0000000000000000E+000, 0.0000000000000000E+000, 0.0000000000000000E+000, 0.0000000000000000E+000, 4.5000000000000000E+008, 0.0000000000000000E+000, 0.0000000000000000E+000, 6.6000002622604370E-001,-9.0000000000000000E+000, 3.6000001430511475E-001,-9.0000000000000000E+000, 2.1000000834465027E-001,-9.0000000000000000E+000, 1.4999999105930328E-001,-9.0000000000000000E+000,-9.0000000000000000E+000, 0.0000000000000000E+000
before,3,1,1,7,1,1, 2.4000000000000000E+002, 1.0499999523162842E+000, 4.1000000000000000E+001, 2.6000000000000000E+002, 0.0000000000000000E+000, 0.0000000000000000E+000, 0.0000000000000000E+000, 0.0000000000000000E+000, 8.3500007167458534E-003, 0.0000000000000000E+000, 0.0000000000000000E+000, 0.0000000000000000E+000, 0.0000000000000000E+000, 0.0000000000000000E+000, 0.0000000000000000E+000, 0.0000000000000000E+000, 0.0000000000000000E+000, 0.0000000000000000E+000, 0.0000000000000000E+000, 0.0000000000000000E+000, 0.0000000000000000E+000, 4.5000000000000000E+008, 0.0000000000000000E+000, 0.0000000000000000E+000, 6.1000001430511475E-001,-9.0000000000000000E+000, 3.1000000238418579E-001,-9.0000000000000000E+000, 1.6000001132488251E-001,-9.0000000000000000E+000, 9.9999994039535522E-002,-9.0000000000000000E+000,-9.0000000000000000E+000, 0.0000000000000000E+000
before,3,2,2,7,1,1, 2.4000000000000000E+002, 1.0559999942779541E+000, 4.8000000000000000E+001, 2.6000000000000000E+002, 0.0000000000000000E+000, 0.0000000000000000E+000, 0.0000000000000000E+000, 0.0000000000000000E+000, 8.3500007167458534E-003, 1.2529053492471576E-004, 2.5058106984943151E-004, 1.0023242793977261E-004, 2.0046485587954521E-004, 2.6728646480478346E-004, 1.7540674889460206E-004, 0.0000000000000000E+000, 0.0000000000000000E+000, 0.0000000000000000E+000, 0.0000000000000000E+000, 0.0000000000000000E+000, 0.0000000000000000E+000, 4.5000000000000000E+008, 0.0000000000000000E+000, 0.0000000000000000E+000, 6.2000000476837158E-001,-9.0000000000000000E+000, 3.2000002264976501E-001,-9.0000000000000000E+000, 1.7000000178813934E-001,-9.0000000000000000E+000, 1.0999999940395355E-001,-9.0000000000000000E+000,-9.0000000000000000E+000, 0.0000000000000000E+000
before,3,3,3,7,1,1, 2.4000000000000000E+002, 1.0619999170303345E+000, 2.0000000000000000E+001, 2.6000000000000000E+002, 0.0000000000000000E+000, 0.0000000000000000E+000, 0.0000000000000000E+000, 0.0000000000000000E+000, 8.3500007167458534E-003, 8.3527018432505429E-005, 5.0116213969886303E-004, 1.2529053492471576E-004, 3.3410807373002172E-004, 5.8468914357945323E-004, 6.6821614746004343E-004, 3.0250625000000000E+003, 2.0965598144531250E+003, 5.0417709960937500E+003, 1.3977064453125000E+004, 5.8099438476562500E+003, 3.8345854492187500E+003, 4.5000000000000000E+008, 1.3888103467252222E-006, 9.1662025170080597E-007, 6.2999999523162842E-001,-9.0000000000000000E+000, 3.3000001311302185E-001,-9.0000000000000000E+000, 1.8000000715255737E-001,-9.0000000000000000E+000, 1.1999999731779099E-001,-9.0000000000000000E+000,-9.0000000000000000E+000, 0.0000000000000000E+000
before,3,4,4,7,1,1, 2.4000000000000000E+002, 1.0679999589920044E+000, 2.7000000000000000E+001, 2.6000000000000000E+002, 8.1960585873730452E-008, 6.1813622664885770E-008, 4.0980292936865226E-008, 4.9313623406987972E-008, 8.3500007167458534E-003, 2.4176350052584894E-005, 5.6705401220824569E-005, 3.5846889659296721E-005, 6.2529055867344141E-005, 0.0000000000000000E+000, 0.0000000000000000E+000, 3.0000000000000000E+007, 8.0000000000000000E+004, 1.5000000000000000E+005, 6.0000000000000000E+004, 0.0000000000000000E+000, 0.0000000000000000E+000, 4.5000000000000000E+008, 0.0000000000000000E+000, 0.0000000000000000E+000, 6.4000004529953003E-001,-9.0000000000000000E+000, 3.4000000357627869E-001,-9.0000000000000000E+000, 1.8999999761581421E-001,-9.0000000000000000E+000, 1.2999999523162842E-001,-9.0000000000000000E+000,-9.0000000000000000E+000, 0.0000000000000000E+000
before,3,5,5,7,1,1, 2.4000000000000000E+002, 1.0740000009536743E+000, 3.4000000000000000E+001, 2.6000000000000000E+002, 0.0000000000000000E+000, 0.0000000000000000E+000, 0.0000000000000000E+000, 0.0000000000000000E+000, 8.3500007167458534E-003, 0.0000000000000000E+000, 1.0239999974146485E-003, 2.2799998987466097E-004, 7.2600005660206079E-004, 1.0890000266954303E-003, 1.2540000025182962E-003, 0.0000000000000000E+000, 1.5661637878417969E+002, 3.8746238708496094E+001, 1.1103857421875000E+003, 3.4699554443359375E+002, 2.3389498901367188E+002, 4.5000000000000000E+008, 2.2687499949824996E-006, 1.5292682746803621E-006, 6.5000003576278687E-001,-9.0000000000000000E+000, 3.5000002384185791E-001,-9.0000000000000000E+000, 2.0000000298023224E-001,-9.0000000000000000E+000, 1.3999998569488525E-001,-9.0000000000000000E+000,-9.0000000000000000E+000, 0.0000000000000000E+000
before,3,6,6,7,1,1, 2.4000000000000000E+002, 1.0799999237060547E+000, 4.1000000000000000E+001, 2.6000000000000000E+002, 0.0000000000000000E+000, 0.0000000000000000E+000, 0.0000000000000000E+000, 0.0000000000000000E+000, 8.3500007167458534E-003, 0.0000000000000000E+000, 9.2941154434811324E-005, 2.7882348149432801E-005, 6.5058804466389120E-005, 7.4352923547849059E-005, 5.5764696298865601E-005, 0.0000000000000000E+000, 1.4772867431640625E+003, 4.9242895507812500E+002, 1.0341006835937500E+004, 2.2727487792968750E+003, 1.0427906494140625E+003, 4.5000000000000000E+008, 1.4298639428034221E-007, 6.5605526344825194E-008, 6.6000002622604370E-001,-9.0000000000000000E+000, 3.6000001430511475E-001,-9.0000000000000000E+000, 2.1000000834465027E-001,-9.0000000000000000E+000, 1.4999999105930328E-001,-9.0000000000000000E+000,-9.0000000000000000E+000, 0.0000000000000000E+000
before,3,1,1,8,1,1, 2.4000000000000000E+002, 1.0149999856948853E+000, 4.8000000000000000E+001, 2.6000000000000000E+002, 0.0000000000000000E+000, 0.0000000000000000E+000, 0.0000000000000000E+000, 0.0000000000000000E+000, 8.4000006318092346E-003, 0.0000000000000000E+000, 0.0000000000000000E+000, 0.0000000000000000E+000, 0.0000000000000000E+000, 0.0000000000000000E+000, 0.0000000000000000E+000, 0.0000000000000000E+000, 0.0000000000000000E+000, 0.0000000000000000E+000, 0.0000000000000000E+000, 0.0000000000000000E+000, 0.0000000000000000E+000, 4.5000000000000000E+008, 0.0000000000000000E+000, 0.0000000000000000E+000, 6.1000001430511475E-001,-9.0000000000000000E+000, 3.1000000238418579E-001,-9.0000000000000000E+000, 1.6000001132488251E-001,-9.0000000000000000E+000, 9.9999994039535522E-002,-9.0000000000000000E+000,-9.0000000000000000E+000, 0.0000000000000000E+000
before,3,2,2,8,1,1, 2.4000000000000000E+002, 1.0210000276565552E+000, 2.0000000000000000E+001, 2.6000000000000000E+002, 0.0000000000000000E+000, 0.0000000000000000E+000, 0.0000000000000000E+000, 0.0000000000000000E+000, 8.4000006318092346E-003, 1.5000000712461770E-004, 3.0000001424923539E-004, 1.1999999696854502E-004, 2.3999999393709004E-004, 3.1999999191612005E-004, 2.0999999833293259E-004, 0.0000000000000000E+000, 0.0000000000000000E+000, 0.0000000000000000E+000, 0.0000000000000000E+000, 0.0000000000000000E+000, 0.0000000000000000E+000, 4.5000000000000000E+008, 0.0000000000000000E+000, 0.0000000000000000E+000, 6.2000000476837158E-001,-9.0000000000000000E+000, 3.2000002264976501E-001,-9.0000000000000000E+000, 1.7000000178813934E-001,-9.0000000000000000E+000, 1.0999999940395355E-001,-9.0000000000000000E+000,-9.0000000000000000E+000, 0.0000000000000000E+000
before,3,3,3,8,1,1, 2.4000000000000000E+002, 1.0269999504089355E+000, 2.7000000000000000E+001, 2.6000000000000000E+002, 0.0000000000000000E+000, 0.0000000000000000E+000, 0.0000000000000000E+000, 0.0000000000000000E+000, 8.4000006318092346E-003, 9.9999997473787516E-005, 6.0000002849847078E-004, 1.5000000712461770E-004, 3.9999998989515007E-004, 6.9999997504055500E-004, 7.9999997979030013E-004, 2.9841540527343750E+003, 2.0040944824218750E+003, 4.9735908203125000E+003, 1.3360627929687500E+004, 5.2660136718750000E+003, 3.5819379882812500E+003, 4.5000000000000000E+008, 1.5765765510877827E-006, 1.0723859986683237E-006, 6.2999999523162842E-001,-9.0000000000000000E+000, 3.3000001311302185E-001,-9.0000000000000000E+000, 1.8000000715255737E-001,-9.0000000000000000E+000, 1.1999999731779099E-001,-9.0000000000000000E+000,-9.0000000000000000E+000, 0.0000000000000000E+000
before,3,4,4,8,1,1, 2.4000000000000000E+002, 1.0329999923706055E+000, 3.4000000000000000E+001, 2.6000000000000000E+002, 8.3333340228364250E-008, 6.2499999842202669E-008, 4.1666670114182125E-008, 5.0000000584304871E-008, 8.4000006318092346E-003, 2.4999999368446879E-005, 5.9999998484272510E-005, 3.6999997973907739E-005, 6.5000000176951289E-005, 0.0000000000000000E+000, 0.0000000000000000E+000, 3.0000000000000000E+007, 8.0000000000000000E+004, 1.5000000000000000E+005, 6.0000000000000000E+004, 0.0000000000000000E+000, 0.0000000000000000E+000, 4.5000000000000000E+008, 0.0000000000000000E+000, 0.0000000000000000E+000, 6.4000004529953003E-001,-9.0000000000000000E+000, 3.4000000357627869E-001,-9.0000000000000000E+000, 1.8999999761581421E-001,-9.0000000000000000E+000, 1.2999999523162842E-001,-9.0000000000000000E+000,-9.0000000000000000E+000, 0.0000000000000000E+000
before,3,5,5,8,1,1, 2.4000000000000000E+002, 1.0390000343322754E+000, 4.1000000000000000E+001, 2.6000000000000000E+002, 0.0000000000000000E+000, 0.0000000000000000E+000, 0.0000000000000000E+000, 0.0000000000000000E+000, 8.4000006318092346E-003, 0.0000000000000000E+000, 1.0559998918324709E-003, 2.3199999122880399E-004, 7.4400001903995872E-004, 1.1159999994561076E-003, 1.2759999372065067E-003, 0.0000000000000000E+000, 1.3883393859863281E+002, 3.3890441894531250E+001, 9.7814831542968750E+002, 3.0567132568359375E+002, 2.0458253479003906E+002, 4.5000000000000000E+008, 2.3249999685504008E-006, 1.5560974588879617E-006, 6.5000003576278687E-001,-9.0000000000000000E+000, 3.5000002384185791E-001,-9.0000000000000000E+000, 2.0000000298023224E-001,-9.0000000000000000E+000, 1.3999998569488525E-001,-9.0000000000000000E+000,-9.0000000000000000E+000, 0.0000000000000000E+000
before,3,6,6,8,1,1, 2.4000000000000000E+002, 1.0449999570846558E+000, 4.8000000000000000E+001, 2.6000000000000000E+002, 0.0000000000000000E+000, 0.0000000000000000E+000, 0.0000000000000000E+000, 0.0000000000000000E+000, 8.4000006318092346E-003, 0.0000000000000000E+000, 1.3476469030138105E-004, 4.0429407818010077E-005, 9.4335278845392168E-005, 1.0781175660667941E-004, 8.0858815636020154E-005, 0.0000000000000000E+000, 1.5246799316406250E+003, 5.0822665405273438E+002, 1.0672759765625000E+004, 2.3456616210937500E+003, 1.0762446289062500E+003, 4.5000000000000000E+008, 2.0733030225983384E-007, 9.5128015686896106E-008, 6.6000002622604370E-001,-9.0000000000000000E+000, 3.6000001430511475E-001,-9.0000000000000000E+000, 2.1000000834465027E-001,-9.0000000000000000E+000, 1.4999999105930328E-001,-9.0000000000000000E+000,-9.0000000000000000E+000, 0.0000000000000000E+000
before,3,1,1,9,1,1, 2.4000000000000000E+002, 9.8000001907348633E-001, 2.0000000000000000E+001, 2.6000000000000000E+002, 0.0000000000000000E+000, 0.0000000000000000E+000, 0.0000000000000000E+000, 0.0000000000000000E+000, 8.4500005468726158E-003, 0.0000000000000000E+000, 0.0000000000000000E+000, 0.0000000000000000E+000, 0.0000000000000000E+000, 0.0000000000000000E+000, 0.0000000000000000E+000, 0.0000000000000000E+000, 0.0000000000000000E+000, 0.0000000000000000E+000, 0.0000000000000000E+000, 0.0000000000000000E+000, 0.0000000000000000E+000, 4.5000000000000000E+008, 0.0000000000000000E+000, 0.0000000000000000E+000, 6.1000001430511475E-001,-9.0000000000000000E+000, 3.1000000238418579E-001,-9.0000000000000000E+000, 1.6000001132488251E-001,-9.0000000000000000E+000, 9.9999994039535522E-002,-9.0000000000000000E+000,-9.0000000000000000E+000, 0.0000000000000000E+000
before,3,2,2,9,1,1, 2.4000000000000000E+002, 9.8600000143051147E-001, 2.7000000000000000E+001, 2.6000000000000000E+002, 0.0000000000000000E+000, 0.0000000000000000E+000, 0.0000000000000000E+000, 0.0000000000000000E+000, 8.4500005468726158E-003, 1.2529053492471576E-004, 2.5058106984943151E-004, 1.0023242793977261E-004, 2.0046485587954521E-004, 2.6728646480478346E-004, 1.7540674889460206E-004, 0.0000000000000000E+000, 0.0000000000000000E+000, 0.0000000000000000E+000, 0.0000000000000000E+000, 0.0000000000000000E+000, 0.0000000000000000E+000, 4.5000000000000000E+008, 0.0000000000000000E+000, 0.0000000000000000E+000, 6.2000000476837158E-001,-9.0000000000000000E+000, 3.2000002264976501E-001,-9.0000000000000000E+000, 1.7000000178813934E-001,-9.0000000000000000E+000, 1.0999999940395355E-001,-9.0000000000000000E+000,-9.0000000000000000E+000, 0.0000000000000000E+000
before,3,3,3,9,1,1, 2.4000000000000000E+002, 9.9200004339218140E-001, 3.4000000000000000E+001, 2.6000000000000000E+002, 0.0000000000000000E+000, 0.0000000000000000E+000, 0.0000000000000000E+000, 0.0000000000000000E+000, 8.4500005468726158E-003, 8.3527018432505429E-005, 5.0116213969886303E-004, 1.2529053492471576E-004, 3.3410807373002172E-004, 5.8468914357945323E-004, 6.6821614746004343E-004, 2.0780759277343750E+003, 1.3577175292968750E+003, 3.4634602050781250E+003, 9.0514501953125000E+003, 3.3918708496093750E+003, 2.3725947265625000E+003, 4.5000000000000000E+008, 1.2520109748948016E-006, 8.7577478780076490E-007, 6.2999999523162842E-001,-9.0000000000000000E+000, 3.3000001311302185E-001,-9.0000000000000000E+000, 1.8000000715255737E-001,-9.0000000000000000E+000, 1.1999999731779099E-001,-9.0000000000000000E+000,-9.0000000000000000E+000, 0.0000000000000000E+000
before,3,4,4,9,1,1, 2.4000000000000000E+002, 9.9800002574920654E-001, 4.1000000000000000E+001, 2.6000000000000000E+002, 8.1960585873730452E-008, 6.1813622664885770E-008, 4.0980292936865226E-008, 4.9313623406987972E-008, 8.4500005468726158E-003, 2.4176350052584894E-005, 5.6705401220824569E-005, 3.5846889659296721E-005, 6.2529055867344141E-005, 0.0000000000000000E+000, 0.0000000000000000E+000, 3.0000000000000000E+007, 8.0000000000000000E+004, 1.5000000000000000E+005, 6.0000000000000000E+004, 0.0000000000000000E+000, 0.0000000000000000E+000, 4.5000000000000000E+008, 0.0000000000000000E+000, 0.0000000000000000E+000, 6.4000004529953003E-001,-9.0000000000000000E+000, 3.4000000357627869E-001,-9.0000000000000000E+000, 1.8999999761581421E-001,-9.0000000000000000E+000, 1.2999999523162842E-001,-9.0000000000000000E+000,-9.0000000000000000E+000, 0.0000000000000000E+000
before,3,5,5,9,1,1, 2.4000000000000000E+002, 1.0040000677108765E+000, 4.8000000000000000E+001, 2.6000000000000000E+002, 0.0000000000000000E+000, 0.0000000000000000E+000, 0.0000000000000000E+000, 0.0000000000000000E+000, 8.4500005468726158E-003, 0.0000000000000000E+000, 1.0880000190809369E-003, 2.3599997803103179E-004, 7.6200003968551755E-004, 1.1429999722167850E-003, 1.2979999883100390E-003, 0.0000000000000000E+000, 1.2385405731201172E+002, 2.9850440979003906E+001, 8.6743371582031250E+002, 2.7107302856445312E+002, 1.8019476318359375E+002, 4.5000000000000000E+008, 2.3812499421183020E-006, 1.5829268704692367E-006, 6.5000003576278687E-001,-9.0000000000000000E+000, 3.5000002384185791E-001,-9.0000000000000000E+000, 2.0000000298023224E-001,-9.0000000000000000E+000, 1.3999998569488525E-001,-9.0000000000000000E+000,-9.0000000000000000E+000, 0.0000000000000000E+000
before,3,6,6,9,1,1, 2.4000000000000000E+002, 1.0099999904632568E+000, 2.0000000000000000E+001, 2.6000000000000000E+002, 0.0000000000000000E+000, 0.0000000000000000E+000, 0.0000000000000000E+000, 0.0000000000000000E+000, 8.4500005468726158E-003, 0.0000000000000000E+000, 0.0000000000000000E+000, 0.0000000000000000E+000, 0.0000000000000000E+000, 0.0000000000000000E+000, 0.0000000000000000E+000, 0.0000000000000000E+000, 0.0000000000000000E+000, 0.0000000000000000E+000, 0.0000000000000000E+000, 0.0000000000000000E+000, 0.0000000000000000E+000, 4.5000000000000000E+008, 0.0000000000000000E+000, 0.0000000000000000E+000, 6.6000002622604370E-001,-9.0000000000000000E+000, 3.6000001430511475E-001,-9.0000000000000000E+000, 2.1000000834465027E-001,-9.0000000000000000E+000, 1.4999999105930328E-001,-9.0000000000000000E+000,-9.0000000000000000E+000, 0.0000000000000000E+000
before,3,1,1,10,1,1, 2.4000000000000000E+002, 9.4499999284744263E-001, 2.7000000000000000E+001, 2.6000000000000000E+002, 0.0000000000000000E+000, 0.0000000000000000E+000, 0.0000000000000000E+000, 0.0000000000000000E+000, 8.5000004619359970E-003, 0.0000000000000000E+000, 0.0000000000000000E+000, 0.0000000000000000E+000, 0.0000000000000000E+000, 0.0000000000000000E+000, 0.0000000000000000E+000, 0.0000000000000000E+000, 0.0000000000000000E+000, 0.0000000000000000E+000, 0.0000000000000000E+000, 0.0000000000000000E+000, 0.0000000000000000E+000, 4.5000000000000000E+008, 0.0000000000000000E+000, 0.0000000000000000E+000, 6.1000001430511475E-001,-9.0000000000000000E+000, 3.1000000238418579E-001,-9.0000000000000000E+000, 1.6000001132488251E-001,-9.0000000000000000E+000, 9.9999994039535522E-002,-9.0000000000000000E+000,-9.0000000000000000E+000, 0.0000000000000000E+000
before,3,2,2,10,1,1, 2.4000000000000000E+002, 9.5099997520446777E-001, 3.4000000000000000E+001, 2.6000000000000000E+002, 0.0000000000000000E+000, 0.0000000000000000E+000, 0.0000000000000000E+000, 0.0000000000000000E+000, 8.5000004619359970E-003, 7.3012837674468756E-005, 1.4602567534893751E-004, 5.8410267229191959E-005, 1.1682053445838392E-004, 1.5576071746181697E-004, 1.0221797128906474E-004, 0.0000000000000000E+000, 0.0000000000000000E+000, 0.0000000000000000E+000, 0.0000000000000000E+000, 0.0000000000000000E+000, 0.0000000000000000E+000, 4.5000000000000000E+008, 0.0000000000000000E+000, 0.0000000000000000E+000, 6.2000000476837158E-001,-9.0000000000000000E+000, 3.2000002264976501E-001,-9.0000000000000000E+000, 1.7000000178813934E-001,-9.0000000000000000E+000, 1.0999999940395355E-001,-9.0000000000000000E+000,-9.0000000000000000E+000, 0.0000000000000000E+000
before,3,3,3,10,1,1, 2.4000000000000000E+002, 9.5700001716613770E-001, 4.1000000000000000E+001, 2.6000000000000000E+002, 0.0000000000000000E+000, 0.0000000000000000E+000, 0.0000000000000000E+000, 0.0000000000000000E+000, 8.5000004619359970E-003, 4.8675221478333697E-005, 2.9205135069787502E-004, 7.3012837674468756E-005, 1.9470088591333479E-004, 3.4072654671035707E-004, 3.8940177182666957E-004, 1.0201677246093750E+003, 6.5056347656250000E+002, 1.7002796630859375E+003, 4.3370893554687500E+003, 1.5489605712890625E+003, 1.1120742187500000E+003, 4.5000000000000000E+008, 6.9536031332972925E-007, 4.9923306733035133E-007, 6.2999999523162842E-001,-9.0000000000000000E+000, 3.3000001311302185E-001,-9.0000000000000000E+000, 1.8000000715255737E-001,-9.0000000000000000E+000, 1.1999999731779099E-001,-9.0000000000000000E+000,-9.0000000000000000E+000, 0.0000000000000000E+000
before,3,4,4,10,1,1, 2.4000000000000000E+002, 9.6299999952316284E-001, 4.8000000000000000E+001, 2.6000000000000000E+002, 7.9056270863020472E-008, 6.0361472264958138E-008, 3.9528135431510236E-008, 4.7861469454346661E-008, 8.5000004619359970E-003, 2.2433760022977367E-005, 4.9735044740373269E-005, 3.3407264709239826E-005, 5.7301280321553349E-005, 0.0000000000000000E+000, 0.0000000000000000E+000, 3.0000000000000000E+007, 8.0000000000000000E+004, 1.5000000000000000E+005, 6.0000000000000000E+004, 0.0000000000000000E+000, 0.0000000000000000E+000, 4.5000000000000000E+008, 0.0000000000000000E+000, 0.0000000000000000E+000, 6.4000004529953003E-001,-9.0000000000000000E+000, 3.4000000357627869E-001,-9.0000000000000000E+000, 1.8999999761581421E-001,-9.0000000000000000E+000, 1.2999999523162842E-001,-9.0000000000000000E+000,-9.0000000000000000E+000, 0.0000000000000000E+000
before,3,5,5,10,1,1, 2.4000000000000000E+002, 9.6899998188018799E-001, 2.0000000000000000E+001, 2.6000000000000000E+002, 0.0000000000000000E+000, 0.0000000000000000E+000, 0.0000000000000000E+000, 0.0000000000000000E+000, 8.5000004619359970E-003, 0.0000000000000000E+000, 1.1199999134987593E-003, 2.4000000848900527E-004, 7.8000000212341547E-004, 1.1699999449774623E-003, 1.3200000394135714E-003, 0.0000000000000000E+000, 1.1112578582763672E+002, 2.6458522796630859E+001, 7.7391174316406250E+002, 2.4184739685058594E+002, 1.5971913146972656E+002, 4.5000000000000000E+008, 2.4374999156862032E-006, 1.6097561683636741E-006, 6.5000003576278687E-001,-9.0000000000000000E+000, 3.5000002384185791E-001,-9.0000000000000000E+000, 2.0000000298023224E-001,-9.0000000000000000E+000, 1.3999998569488525E-001,-9.0000000000000000E+000,-9.0000000000000000E+000, 0.0000000000000000E+000
before,3,6,6,10,1,1, 2.4000000000000000E+002, 9.7500002384185791E-001, 2.7000000000000000E+001, 2.6000000000000000E+002, 0.0000000000000000E+000, 0.0000000000000000E+000, 0.0000000000000000E+000, 0.0000000000000000E+000, 8.5000004619359970E-003, 0.0000000000000000E+000, 2.8334278613328934E-004, 8.5002837295178324E-005, 1.9833994156215340E-004, 2.2667423763778061E-004, 1.7000567459035665E-004, 0.0000000000000000E+000, 1.6240766601562500E+003, 5.4135894775390625E+002, 1.1368537109375000E+004, 2.4985795898437500E+003, 1.1464071044921875E+003, 4.5000000000000000E+008, 4.3591199982984108E-007, 2.0000668143893563E-007, 6.6000002622604370E-001,-9.0000000000000000E+000, 3.6000001430511475E-001,-9.0000000000000000E+000, 2.1000000834465027E-001,-9.0000000000000000E+000, 1.4999999105930328E-001,-9.0000000000000000E+000,-9.0000000000000000E+000, 0.0000000000000000E+000
before,3,1,1,11,1,1, 2.4000000000000000E+002, 9.0999996662139893E-001, 3.4000000000000000E+001, 2.6000000000000000E+002, 0.0000000000000000E+000, 0.0000000000000000E+000, 0.0000000000000000E+000, 0.0000000000000000E+000, 8.5500003769993782E-003, 0.0000000000000000E+000, 0.0000000000000000E+000, 0.0000000000000000E+000, 0.0000000000000000E+000, 0.0000000000000000E+000, 0.0000000000000000E+000, 0.0000000000000000E+000, 0.0000000000000000E+000, 0.0000000000000000E+000, 0.0000000000000000E+000, 0.0000000000000000E+000, 0.0000000000000000E+000, 4.5000000000000000E+008, 0.0000000000000000E+000, 0.0000000000000000E+000, 6.1000001430511475E-001,-9.0000000000000000E+000, 3.1000000238418579E-001,-9.0000000000000000E+000, 1.6000001132488251E-001,-9.0000000000000000E+000, 9.9999994039535522E-002,-9.0000000000000000E+000,-9.0000000000000000E+000, 0.0000000000000000E+000
before,3,2,2,11,1,1, 2.4000000000000000E+002, 9.1599994897842407E-001, 4.1000000000000000E+001, 2.6000000000000000E+002, 0.0000000000000000E+000, 0.0000000000000000E+000, 0.0000000000000000E+000, 0.0000000000000000E+000, 8.5500003769993782E-003, 2.9684802939300425E-005, 5.9369605878600851E-005, 2.3747839804855175E-005, 4.7495679609710351E-005, 6.3327570387627929E-005, 4.1558720113243908E-005, 0.0000000000000000E+000, 0.0000000000000000E+000, 0.0000000000000000E+000, 0.0000000000000000E+000, 0.0000000000000000E+000, 0.0000000000000000E+000, 4.5000000000000000E+008, 0.0000000000000000E+000, 0.0000000000000000E+000, 6.2000000476837158E-001,-9.0000000000000000E+000, 3.2000002264976501E-001,-9.0000000000000000E+000, 1.7000000178813934E-001,-9.0000000000000000E+000, 1.0999999940395355E-001,-9.0000000000000000E+000,-9.0000000000000000E+000, 0.0000000000000000E+000
before,3,3,3,11,1,1, 2.4000000000000000E+002, 9.2199999094009399E-001, 4.8000000000000000E+001, 2.6000000000000000E+002, 0.0000000000000000E+000, 0.0000000000000000E+000, 0.0000000000000000E+000, 0.0000000000000000E+000, 8.5500003769993782E-003, 1.9789866200881079E-005, 1.1873921175720170E-004, 2.9684802939300425E-005, 7.9159464803524315E-005, 1.3852906704414636E-004, 1.5831892960704863E-004, 3.5266567993164062E+002, 2.2010565185546875E+002, 5.8777618408203125E+002, 1.4673707275390625E+003, 5.0056509399414062E+002, 3.6822351074218750E+002, 4.5000000000000000E+008, 2.7003716240869835E-007, 1.9864357625465345E-007, 6.2999999523162842E-001,-9.0000000000000000E+000, 3.3000001311302185E-001,-9.0000000000000000E+000, 1.8000000715255737E-001,-9.0000000000000000E+000, 1.1999999731779099E-001,-9.0000000000000000E+000,-9.0000000000000000E+000, 0.0000000000000000E+000
before,3,4,4,11,1,1, 2.4000000000000000E+002, 9.2799997329711914E-001, 2.0000000000000000E+001, 2.6000000000000000E+002, 7.6649158131658623E-008, 5.9157912346563535E-008, 3.8324579065829312E-008, 4.6657913088665737E-008, 8.5500003769993782E-003, 2.0989493350498378E-005, 4.3957970774499699E-005, 3.1385290640173480E-005, 5.2968480304116383E-005, 0.0000000000000000E+000, 0.0000000000000000E+000, 3.0000000000000000E+007, 8.0000000000000000E+004, 1.5000000000000000E+005, 6.0000000000000000E+004, 0.0000000000000000E+000, 0.0000000000000000E+000, 4.5000000000000000E+008, 0.0000000000000000E+000, 0.0000000000000000E+000, 6.4000004529953003E-001,-9.0000000000000000E+000, 3.4000000357627869E-001,-9.0000000000000000E+000, 1.8999999761581421E-001,-9.0000000000000000E+000, 1.2999999523162842E-001,-9.0000000000000000E+000,-9.0000000000000000E+000, 0.0000000000000000E+000
before,3,5,5,11,1,1, 2.4000000000000000E+002, 9.3399995565414429E-001, 2.7000000000000000E+001, 2.6000000000000000E+002, 0.0000000000000000E+000, 0.0000000000000000E+000, 0.0000000000000000E+000, 0.0000000000000000E+000, 8.5500003769993782E-003, 0.0000000000000000E+000, 1.1520000407472253E-003, 2.4399999529123306E-004, 7.9799996456131339E-004, 1.1969999177381396E-003, 1.3419999741017818E-003, 0.0000000000000000E+000, 1.0022580718994141E+002, 2.3587091445922852E+001, 6.9427246093750000E+002, 2.1696015930175781E+002, 1.4238549804687500E+002, 4.5000000000000000E+008, 2.4937498892541043E-006, 1.6365853525712737E-006, 6.5000003576278687E-001,-9.0000000000000000E+000, 3.5000002384185791E-001,-9.0000000000000000E+000, 2.0000000298023224E-001,-9.0000000000000000E+000, 1.3999998569488525E-001,-9.0000000000000000E+000,-9.0000000000000000E+000, 0.0000000000000000E+000
before,3,6,6,11,1,1, 2.4000000000000000E+002, 9.3999993801116943E-001, 3.4000000000000000E+001, 2.6000000000000000E+002, 0.0000000000000000E+000, 0.0000000000000000E+000, 0.0000000000000000E+000, 0.0000000000000000E+000, 8.5500003769993782E-003, 0.0000000000000000E+000, 4.1084704571403563E-004, 1.2325412535574287E-004, 2.8759293491020799E-004, 3.2867764821276069E-004, 2.4650825071148574E-004, 0.0000000000000000E+000, 1.6761793212890625E+003, 5.5872650146484375E+002, 1.1733255859375000E+004, 2.5787375488281250E+003, 1.1831855468750000E+003, 4.5000000000000000E+008, 6.3207238554241485E-007, 2.9000969448134128E-007, 6.6000002622604370E-001,-9.0000000000000000E+000, 3.6000001430511475E-001,-9.0000000000000000E+000, 2.1000000834465027E-001,-9.0000000000000000E+000, 1.4999999105930328E-001,-9.0000000000000000E+000,-9.0000000000000000E+000, 0.0000000000000000E+000
before,3,1,1,12,1,1, 2.4000000000000000E+002, 8.7500000000000000E-001, 4.1000000000000000E+001, 2.6000000000000000E+002, 0.0000000000000000E+000, 0.0000000000000000E+000, 0.0000000000000000E+000, 0.0000000000000000E+000, 8.6000002920627594E-003, 0.0000000000000000E+000, 0.0000000000000000E+000, 0.0000000000000000E+000, 0.0000000000000000E+000, 0.0000000000000000E+000, 0.0000000000000000E+000, 0.0000000000000000E+000, 0.0000000000000000E+000, 0.0000000000000000E+000, 0.0000000000000000E+000, 0.0000000000000000E+000, 0.0000000000000000E+000, 4.5000000000000000E+008, 0.0000000000000000E+000, 0.0000000000000000E+000, 6.1000001430511475E-001,-9.0000000000000000E+000, 3.1000000238418579E-001,-9.0000000000000000E+000, 1.6000001132488251E-001,-9.0000000000000000E+000, 9.9999994039535522E-002,-9.0000000000000000E+000,-9.0000000000000000E+000, 0.0000000000000000E+000
before,3,2,2,12,1,1, 2.4000000000000000E+002, 8.8099998235702515E-001, 4.8000000000000000E+001, 2.6000000000000000E+002, 0.0000000000000000E+000, 0.0000000000000000E+000, 0.0000000000000000E+000, 0.0000000000000000E+000, 8.6000002920627594E-003, 8.4202138168620877E-006, 1.6840427633724175E-005, 6.7361706896917894E-006, 1.3472341379383579E-005, 1.7963122445507906E-005, 1.1788299161707982E-005, 0.0000000000000000E+000, 0.0000000000000000E+000, 0.0000000000000000E+000, 0.0000000000000000E+000, 0.0000000000000000E+000, 0.0000000000000000E+000, 4.5000000000000000E+008, 0.0000000000000000E+000, 0.0000000000000000E+000, 6.2000000476837158E-001,-9.0000000000000000E+000, 3.2000002264976501E-001,-9.0000000000000000E+000, 1.7000000178813934E-001,-9.0000000000000000E+000, 1.0999999940395355E-001,-9.0000000000000000E+000,-9.0000000000000000E+000, 0.0000000000000000E+000
before,3,3,3,12,1,1, 2.4000000000000000E+002, 8.8700002431869507E-001, 2.0000000000000000E+001, 2.6000000000000000E+002, 0.0000000000000000E+000, 0.0000000000000000E+000, 0.0000000000000000E+000, 0.0000000000000000E+000, 8.6000002920627594E-003, 5.6134754231607076E-006, 3.3680855267448351E-005, 8.4202138168620877E-006, 2.2453901692642830E-005, 3.9294329326367006E-005, 4.4907803385285661E-005, 8.5767562866210938E+001, 5.2508903503417969E+001, 1.4294593811035156E+002, 3.5005932617187500E+002, 1.1429176330566406E+002, 8.6009674072265625E+001, 4.5000000000000000E+008, 7.3310317816321913E-008, 5.5169291357515249E-008, 6.2999999523162842E-001,-9.0000000000000000E+000, 3.3000001311302185E-001,-9.0000000000000000E+000, 1.8000000715255737E-001,-9.0000000000000000E+000, 1.1999999731779099E-001,-9.0000000000000000E+000,-9.0000000000000000E+000, 0.0000000000000000E+000
before,3,4,4,12,1,1, 2.4000000000000000E+002, 8.9300000667572021E-001, 2.7000000000000000E+001, 2.6000000000000000E+002, 7.5467795568329166E-008, 5.8567231064898806E-008, 3.7733897784164583E-008, 4.6067228254287329E-008, 8.6000002920627594E-003, 2.0280673197703436E-005, 4.1122693801298738E-005, 3.0392942790058441E-005, 5.0842019845731556E-005, 0.0000000000000000E+000, 0.0000000000000000E+000, 3.0000000000000000E+007, 8.0000000000000000E+004, 1.5000000000000000E+005, 6.0000000000000000E+004, 0.0000000000000000E+000, 0.0000000000000000E+000, 4.5000000000000000E+008, 0.0000000000000000E+000, 0.0000000000000000E+000, 6.4000004529953003E-001,-9.0000000000000000E+000, 3.4000000357627869E-001,-9.0000000000000000E+000, 1.8999999761581421E-001,-9.0000000000000000E+000, 1.2999999523162842E-001,-9.0000000000000000E+000,-9.0000000000000000E+000, 0.0000000000000000E+000
before,3,5,5,12,1,1, 2.4000000000000000E+002, 8.9899998903274536E-001, 3.4000000000000000E+001, 2.6000000000000000E+002, 0.0000000000000000E+000, 0.0000000000000000E+000, 0.0000000000000000E+000, 0.0000000000000000E+000, 8.6000002920627594E-003, 0.0000000000000000E+000, 1.1839999351650476E-003, 2.4799999664537609E-004, 8.1600004341453314E-004, 1.2240000069141388E-003, 1.3640000252053142E-003, 0.0000000000000000E+000, 9.0824775695800781E+001, 2.1137899398803711E+001, 6.2595458984375000E+002, 1.9561080932617188E+002, 1.2760073852539062E+002, 4.5000000000000000E+008, 2.5500000901956810E-006, 1.6634146504657110E-006, 6.5000003576278687E-001,-9.0000000000000000E+000, 3.5000002384185791E-001,-9.0000000000000000E+000, 2.0000000298023224E-001,-9.0000000000000000E+000, 1.3999998569488525E-001,-9.0000000000000000E+000,-9.0000000000000000E+000, 0.0000000000000000E+000
before,3,6,6,12,1,1, 2.4000000000000000E+002, 9.0499997138977051E-001, 4.1000000000000000E+001, 2.6000000000000000E+002, 0.0000000000000000E+000, 0.0000000000000000E+000, 0.0000000000000000E+000, 0.0000000000000000E+000, 8.6000002920627594E-003, 0.0000000000000000E+000, 0.0000000000000000E+000, 0.0000000000000000E+000, 0.0000000000000000E+000, 0.0000000000000000E+000, 0.0000000000000000E+000, 0.0000000000000000E+000, 0.0000000000000000E+000, 0.0000000000000000E+000, 0.0000000000000000E+000, 0.0000000000000000E+000, 0.0000000000000000E+000, 4.5000000000000000E+008, 0.0000000000000000E+000, 0.0000000000000000E+000, 6.6000002622604370E-001,-9.0000000000000000E+000, 3.6000001430511475E-001,-9.0000000000000000E+000, 2.1000000834465027E-001,-9.0000000000000000E+000, 1.4999999105930328E-001,-9.0000000000000000E+000,-9.0000000000000000E+000, 0.0000000000000000E+000
before,3,1,1,13,1,1, 2.4000000000000000E+002, 8.3999997377395630E-001, 4.8000000000000000E+001, 2.6000000000000000E+002, 0.0000000000000000E+000, 0.0000000000000000E+000, 0.0000000000000000E+000, 0.0000000000000000E+000, 8.6500002071261406E-003, 0.0000000000000000E+000, 0.0000000000000000E+000, 0.0000000000000000E+000, 0.0000000000000000E+000, 0.0000000000000000E+000, 0.0000000000000000E+000, 0.0000000000000000E+000, 0.0000000000000000E+000, 0.0000000000000000E+000, 0.0000000000000000E+000, 0.0000000000000000E+000, 0.0000000000000000E+000, 4.5000000000000000E+008, 0.0000000000000000E+000, 0.0000000000000000E+000, 6.1000001430511475E-001,-9.0000000000000000E+000, 3.1000000238418579E-001,-9.0000000000000000E+000, 1.6000001132488251E-001,-9.0000000000000000E+000, 9.9999994039535522E-002,-9.0000000000000000E+000,-9.0000000000000000E+000, 0.0000000000000000E+000
before,3,2,2,13,1,1, 2.4000000000000000E+002, 8.4599995613098145E-001, 2.0000000000000000E+001, 2.6000000000000000E+002, 0.0000000000000000E+000, 0.0000000000000000E+000, 0.0000000000000000E+000, 0.0000000000000000E+000, 8.6500002071261406E-003, 1.6663494761814945E-006, 3.3326989523629891E-006, 1.3330795809451956E-006, 2.6661591618903913E-006, 3.5548787309380714E-006, 2.3328891529672546E-006, 0.0000000000000000E+000, 0.0000000000000000E+000, 0.0000000000000000E+000, 0.0000000000000000E+000, 0.0000000000000000E+000, 0.0000000000000000E+000, 4.5000000000000000E+008, 0.0000000000000000E+000, 0.0000000000000000E+000, 6.2000000476837158E-001,-9.0000000000000000E+000, 3.2000002264976501E-001,-9.0000000000000000E+000, 1.7000000178813934E-001,-9.0000000000000000E+000, 1.0999999940395355E-001,-9.0000000000000000E+000,-9.0000000000000000E+000, 0.0000000000000000E+000
before,3,3,3,13,1,1, 2.4000000000000000E+002, 8.5199999809265137E-001, 2.7000000000000000E+001, 2.6000000000000000E+002, 0.0000000000000000E+000, 0.0000000000000000E+000, 0.0000000000000000E+000, 0.0000000000000000E+000, 8.6500002071261406E-003, 1.1108995749964379E-006, 6.6653979047259782E-006, 1.6663494761814945E-006, 4.4435982999857515E-006, 7.7762970249750651E-006, 8.8871965999715030E-006, 1.4662164688110352E+001, 8.8225049972534180E+000, 2.4436944961547852E+001, 5.8816699981689453E+001, 1.8413099288940430E+001, 1.4155643463134766E+001, 4.5000000000000000E+008, 1.3911085616769014E-008, 1.0694580332426540E-008, 6.2999999523162842E-001,-9.0000000000000000E+000, 3.3000001311302185E-001,-9.0000000000000000E+000, 1.8000000715255737E-001,-9.0000000000000000E+000, 1.1999999731779099E-001,-9.0000000000000000E+000,-9.0000000000000000E+000, 0.0000000000000000E+000
before,3,4,4,13,1,1, 2.4000000000000000E+002, 8.5799998044967651E-001, 3.4000000000000000E+001, 2.6000000000000000E+002, 7.5092572160428972E-008, 5.8379619360948709E-008, 3.7546286080214486E-008, 4.5879620103050911E-008, 8.6500002071261406E-003, 2.0055544155184180E-005, 4.0222177631221712E-005, 3.0077762858127244E-005, 5.0166632718173787E-005, 0.0000000000000000E+000, 0.0000000000000000E+000, 3.0000000000000000E+007, 8.0000000000000000E+004, 1.5000000000000000E+005, 6.0000000000000000E+004, 0.0000000000000000E+000, 0.0000000000000000E+000, 4.5000000000000000E+008, 0.0000000000000000E+000, 0.0000000000000000E+000, 6.4000004529953003E-001,-9.0000000000000000E+000, 3.4000000357627869E-001,-9.0000000000000000E+000, 1.8999999761581421E-001,-9.0000000000000000E+000, 1.2999999523162842E-001,-9.0000000000000000E+000,-9.0000000000000000E+000, 0.0000000000000000E+000
before,3,5,5,13,1,1, 2.4000000000000000E+002, 8.6399996280670166E-001, 4.1000000000000000E+001, 2.6000000000000000E+002, 0.0000000000000000E+000, 0.0000000000000000E+000, 0.0000000000000000E+000, 0.0000000000000000E+000, 8.6500002071261406E-003, 0.0000000000000000E+000, 1.2159999459981918E-003, 2.5199999799951911E-004, 8.3400000585243106E-004, 1.2509999796748161E-003, 1.3859999598935246E-003, 0.0000000000000000E+000, 8.2663543701171875E+001, 1.9034370422363281E+001, 5.6695233154296875E+002, 1.7717259216308594E+002, 1.1490260314941406E+002, 4.5000000000000000E+008, 2.6062500637635821E-006, 1.6902438346733106E-006, 6.5000003576278687E-001,-9.0000000000000000E+000, 3.5000002384185791E-001,-9.0000000000000000E+000, 2.0000000298023224E-001,-9.0000000000000000E+000, 1.3999998569488525E-001,-9.0000000000000000E+000,-9.0000000000000000E+000, 0.0000000000000000E+000
before,3,6,6,13,1,1, 2.4000000000000000E+002, 8.7000000476837158E-001, 4.8000000000000000E+001, 2.6000000000000000E+002, 0.0000000000000000E+000, 0.0000000000000000E+000, 0.0000000000000000E+000, 0.0000000000000000E+000, 8.6500002071261406E-003, 0.0000000000000000E+000, 8.6380599532276392E-004, 2.5914181605912745E-004, 6.0466420836746693E-004, 6.9104478461667895E-004, 5.1828363211825490E-004, 0.0000000000000000E+000, 1.7854526367187500E+003, 5.9515093994140625E+002, 1.2498168945312500E+004, 2.7468503417968750E+003, 1.2603195800781250E+003, 4.5000000000000000E+008, 1.3289322851051111E-006, 6.0974542748226668E-007, 6.6000002622604370E-001,-9.0000000000000000E+000, 3.6000001430511475E-001,-9.0000000000000000E+000, 2.1000000834465027E-001,-9.0000000000000000E+000, 1.4999999105930328E-001,-9.0000000000000000E+000,-9.0000000000000000E+000, 0.0000000000000000E+000
before,3,1,1,14,1,1, 2.4000000000000000E+002, 8.0499994754791260E-001, 2.0000000000000000E+001, 2.6000000000000000E+002, 0.0000000000000000E+000, 0.0000000000000000E+000, 0.0000000000000000E+000, 0.0000000000000000E+000, 8.7000001221895218E-003, 0.0000000000000000E+000, 0.0000000000000000E+000, 0.0000000000000000E+000, 0.0000000000000000E+000, 0.0000000000000000E+000, 0.0000000000000000E+000, 0.0000000000000000E+000, 0.0000000000000000E+000, 0.0000000000000000E+000, 0.0000000000000000E+000, 0.0000000000000000E+000, 0.0000000000000000E+000, 4.5000000000000000E+008, 0.0000000000000000E+000, 0.0000000000000000E+000, 6.1000001430511475E-001,-9.0000000000000000E+000, 3.1000000238418579E-001,-9.0000000000000000E+000, 1.6000001132488251E-001,-9.0000000000000000E+000, 9.9999994039535522E-002,-9.0000000000000000E+000,-9.0000000000000000E+000, 0.0000000000000000E+000
before,3,2,2,14,1,1, 2.4000000000000000E+002, 8.1099992990493774E-001, 2.7000000000000000E+001, 2.6000000000000000E+002, 0.0000000000000000E+000, 0.0000000000000000E+000, 0.0000000000000000E+000, 0.0000000000000000E+000, 8.7000001221895218E-003, 2.3007150673493015E-007, 4.6014301346986031E-007, 1.8405718549274752E-007, 3.6811437098549504E-007, 4.9081916131399339E-007, 3.2210007816502184E-007, 0.0000000000000000E+000, 0.0000000000000000E+000, 0.0000000000000000E+000, 0.0000000000000000E+000, 0.0000000000000000E+000, 0.0000000000000000E+000, 4.5000000000000000E+008, 0.0000000000000000E+000, 0.0000000000000000E+000, 6.2000000476837158E-001,-9.0000000000000000E+000, 3.2000002264976501E-001,-9.0000000000000000E+000, 1.7000000178813934E-001,-9.0000000000000000E+000, 1.0999999940395355E-001,-9.0000000000000000E+000,-9.0000000000000000E+000, 0.0000000000000000E+000
before,3,3,3,14,1,1, 2.4000000000000000E+002, 8.1699997186660767E-001, 3.4000000000000000E+001, 2.6000000000000000E+002, 0.0000000000000000E+000, 0.0000000000000000E+000, 0.0000000000000000E+000, 0.0000000000000000E+000, 8.7000001221895218E-003, 1.5338099501605029E-007, 9.2028602693972061E-007, 2.3007150673493015E-007, 6.1352398006420117E-007, 1.0736669082689332E-006, 1.2270479601284023E-006, 1.7606971263885498E+000, 1.0429971218109131E+000, 2.9344954490661621E+000, 6.9533143043518066E+000, 2.0907731056213379E+000, 1.6399325132369995E+000, 4.5000000000000000E+008, 1.8447885441474909E-009, 1.4469905273983841E-009, 6.2999999523162842E-001,-9.0000000000000000E+000, 3.3000001311302185E-001,-9.0000000000000000E+000, 1.8000000715255737E-001,-9.0000000000000000E+000, 1.1999999731779099E-001,-9.0000000000000000E+000,-9.0000000000000000E+000, 0.0000000000000000E+000
before,3,4,4,14,1,1, 2.4000000000000000E+002, 8.2299995422363281E-001, 4.1000000000000000E+001, 2.6000000000000000E+002, 7.5012778211203113E-008, 5.8339722386335779E-008, 3.7506389105601556E-008, 4.5839723128437981E-008, 8.7000001221895218E-003, 2.0007668354082853E-005, 4.0030674426816404E-005, 3.0010736736585386E-005, 5.0023005314869806E-005, 0.0000000000000000E+000, 0.0000000000000000E+000, 3.0000000000000000E+007, 8.0000000000000000E+004, 1.5000000000000000E+005, 6.0000000000000000E+004, 0.0000000000000000E+000, 0.0000000000000000E+000, 4.5000000000000000E+008, 0.0000000000000000E+000, 0.0000000000000000E+000, 6.4000004529953003E-001,-9.0000000000000000E+000, 3.4000000357627869E-001,-9.0000000000000000E+000, 1.8999999761581421E-001,-9.0000000000000000E+000, 1.2999999523162842E-001,-9.0000000000000000E+000,-9.0000000000000000E+000, 0.0000000000000000E+000
before,3,5,5,14,1,1, 2.4000000000000000E+002, 8.2899993658065796E-001, 4.8000000000000000E+001, 2.6000000000000000E+002, 0.0000000000000000E+000, 0.0000000000000000E+000, 0.0000000000000000E+000, 0.0000000000000000E+000, 8.7000001221895218E-003, 0.0000000000000000E+000, 1.2479999568313360E-003, 2.5599999935366213E-004, 8.5200002649798989E-004, 1.2779999524354935E-003, 1.4080000109970570E-003, 0.0000000000000000E+000, 7.5536094665527344E+001, 1.7216203689575195E+001, 5.1567913818359375E+002, 1.6114971923828125E+002, 1.0392709350585938E+002, 4.5000000000000000E+008, 2.6624998099578079E-006, 1.7170731325677480E-006, 6.5000003576278687E-001,-9.0000000000000000E+000, 3.5000002384185791E-001,-9.0000000000000000E+000, 2.0000000298023224E-001,-9.0000000000000000E+000, 1.3999998569488525E-001,-9.0000000000000000E+000,-9.0000000000000000E+000, 0.0000000000000000E+000
before,3,6,6,14,1,1, 2.4000000000000000E+002, 8.3499991893768311E-001, 2.0000000000000000E+001, 2.6000000000000000E+002, 0.0000000000000000E+000, 0.0000000000000000E+000, 0.0000000000000000E+000, 0.0000000000000000E+000, 8.7000001221895218E-003, 0.0000000000000000E+000, 1.2525186175480485E-003, 3.7575559690594673E-004, 8.7676302064210176E-004, 1.0020149638876319E-003, 7.5151119381189346E-004, 0.0000000000000000E+000, 1.8427326660156250E+003, 6.1424420166015625E+002, 1.2899128906250000E+004, 2.8349733886718750E+003, 1.3007524414062500E+003, 4.5000000000000000E+008, 1.9269518816145137E-006, 8.8413082721672254E-007, 6.6000002622604370E-001,-9.0000000000000000E+000, 3.6000001430511475E-001,-9.0000000000000000E+000, 2.1000000834465027E-001,-9.0000000000000000E+000, 1.4999999105930328E-001,-9.0000000000000000E+000,-9.0000000000000000E+000, 0.0000000000000000E+000
after,3,1,1,1,1,1, 2.4000000000000000E+002, 1.2599999904632568E+000, 3.4000000000000000E+001, 2.6000000000000000E+002, 0.0000000000000000E+000, 0.0000000000000000E+000, 0.0000000000000000E+000, 0.0000000000000000E+000, 8.0500002950429916E-003, 0.0000000000000000E+000, 0.0000000000000000E+000, 0.0000000000000000E+000, 0.0000000000000000E+000, 0.0000000000000000E+000, 0.0000000000000000E+000, 0.0000000000000000E+000, 0.0000000000000000E+000, 0.0000000000000000E+000, 0.0000000000000000E+000, 0.0000000000000000E+000, 0.0000000000000000E+000, 4.5000000000000000E+008, 0.0000000000000000E+000, 0.0000000000000000E+000, 6.1000001430511475E-001, 0.0000000000000000E+000, 3.1000000238418579E-001, 0.0000000000000000E+000, 1.6000001132488251E-001, 0.0000000000000000E+000, 9.9999994039535522E-002, 0.0000000000000000E+000, 0.0000000000000000E+000, 0.0000000000000000E+000
after,3,2,2,1,1,1, 2.4000000000000000E+002, 1.2660000324249268E+000, 4.1000000000000000E+001, 2.6000000000000000E+002, 0.0000000000000000E+000, 0.0000000000000000E+000, 0.0000000000000000E+000, 0.0000000000000000E+000, 8.0500002950429916E-003, 3.4762546619049317E-008, 4.9939011660171673E-005, 5.6823237173375674E-006, 9.7450392786413431E-005, 1.1864051430166001E-007, 3.1025841451537417E-008, 1.1384007812500000E+004, 1.0677052734375000E+004, 1.2058259765625000E+004, 5.1984088134765625E+002, 1.3318046569824219E+002, 2.1636049747467041E+000, 4.4999273600000000E+008, 1.7212414826772715E-010, 3.4607684773479974E-011, 7.3734205961227417E-001, 1.1734206229448318E-001, 3.2216507196426392E-001, 2.1650581620633602E-003, 2.1550777554512024E-001, 4.5507773756980896E-002, 1.3986748456954956E-001, 2.9867492616176605E-002, 6.6080588102340698E-001, 8.5550484072882682E-005
after,3,3,3,1,1,1, 2.4000000000000000E+002, 1.2719999551773071E+000, 4.8000000000000000E+001, 2.6000000000000000E+002, 0.0000000000000000E+000, 0.0000000000000000E+000, 0.0000000000000000E+000, 0.0000000000000000E+000, 8.0500002950429916E-003, 1.7986196326091886E-005, 1.5538608177934066E-009, 3.6236931919120252E-005, 9.2936847067903727E-005, 2.9223559977253899E-005, 2.9339405500650173E-006, 8.4845166015625000E+002, 7.8650964355468750E+002, 1.8043409423828125E+003, 5.0538388671875000E+003, 6.2272109375000000E+003, 8.8205688476562500E+002, 4.5000000000000000E+008, 6.3330674038297730E-008, 3.8327332418930382E-009, 9.2515909671783447E-001, 2.9515913128852844E-001, 3.3271038532257080E-001, 2.7103759348392487E-003, 2.7629196643829346E-001, 9.6291944384574890E-002, 2.3201102018356323E-001, 1.1201102286577225E-001, 7.1491384506225586E-001, 1.1362800141796470E-003
after,3,4,4,1,1,1, 2.4000000000000000E+002, 1.2779999971389771E+000, 2.0000000000000000E+001, 2.6000000000000000E+002, 7.5001231891747011E-008, 5.8333949226607729E-008, 3.7500615945873506E-008, 4.5833946415996252E-008, 8.0500002950429916E-003, 1.9975806935690343E-005, 4.5499440602725372E-005, 2.9370614356594160E-005, 4.9643284000921994E-005, 0.0000000000000000E+000, 0.0000000000000000E+000, 2.9962134000000000E+007, 8.1908515625000000E+004, 1.4598379687500000E+005, 5.8757847656250000E+004, 0.0000000000000000E+000, 0.0000000000000000E+000, 4.4999996800000000E+008, 0.0000000000000000E+000, 0.0000000000000000E+000, 6.5889644622802734E-001, 1.8896389752626419E-002, 3.4497743844985962E-001, 4.9774302169680595E-003, 1.8999999761581421E-001, 0.0000000000000000E+000, 1.2999999523162842E-001, 0.0000000000000000E+000, 2.6340642571449280E-001, 2.2165297996252775E-003
after,3,5,5,1,1,1, 2.4000000000000000E+002, 1.2840000391006470E+000, 2.7000000000000000E+001, 2.6000000000000000E+002, 0.0000000000000000E+000, 0.0000000000000000E+000, 0.0000000000000000E+000, 0.0000000000000000E+000, 8.0500002950429916E-003, 0.0000000000000000E+000, 0.0000000000000000E+000, 0.0000000000000000E+000, 0.0000000000000000E+000, 0.0000000000000000E+000, 0.0000000000000000E+000, 0.0000000000000000E+000, 0.0000000000000000E+000, 0.0000000000000000E+000, 0.0000000000000000E+000, 0.0000000000000000E+000, 0.0000000000000000E+000, 4.5000000000000000E+008, 0.0000000000000000E+000, 0.0000000000000000E+000, 6.5000003576278687E-001, 0.0000000000000000E+000, 3.5000002384185791E-001, 0.0000000000000000E+000, 2.0000000298023224E-001, 0.0000000000000000E+000, 1.3999998569488525E-001, 0.0000000000000000E+000, 0.0000000000000000E+000, 0.0000000000000000E+000
after,3,6,6,1,1,1, 2.4000000000000000E+002, 1.2899999618530273E+000, 3.4000000000000000E+001, 2.6000000000000000E+002, 0.0000000000000000E+000, 0.0000000000000000E+000, 0.0000000000000000E+000, 0.0000000000000000E+000, 8.0500002950429916E-003, 0.0000000000000000E+000, 1.8409737276292581E-011, 5.8808547009903123E-007, 3.3012543099175673E-006, 1.0661623806029752E-009, 1.2345334476915326E-010, 0.0000000000000000E+000, 8.6564445495605469E+001, 9.4716247558593750E+001, 5.6480249023437500E+003, 1.0537441253662109E+002, 3.6029095649719238E+000, 4.5000000000000000E+008, 2.0503130443438877E-012, 1.4523922158265340E-013, 6.6346889734268188E-001, 3.4688932355493307E-003, 3.6062568426132202E-001, 6.2568322755396366E-004, 2.1094770729541779E-001, 9.4770127907395363E-004, 1.5071080625057220E-001, 7.1081204805523157E-004, 6.5847992897033691E-001, 3.2240993459708989E-004
after,3,1,1,2,1,1, 2.4000000000000000E+002, 1.2250000238418579E+000, 4.1000000000000000E+001, 2.6000000000000000E+002, 0.0000000000000000E+000, 0.0000000000000000E+000, 0.0000000000000000E+000, 0.0000000000000000E+000, 8.1000002101063728E-003, 0.0000000000000000E+000, 0.0000000000000000E+000, 0.0000000000000000E+000, 0.0000000000000000E+000, 0.0000000000000000E+000, 0.0000000000000000E+000, 0.0000000000000000E+000, 0.0000000000000000E+000, 0.0000000000000000E+000, 0.0000000000000000E+000, 0.0000000000000000E+000, 0.0000000000000000E+000, 4.4999996800000000E+008, 0.0000000000000000E+000, 0.0000000000000000E+000, 6.1000001430511475E-001, 0.0000000000000000E+000, 3.1000000238418579E-001, 0.0000000000000000E+000, 1.6000001132488251E-001, 0.0000000000000000E+000, 9.9999994039535522E-002, 0.0000000000000000E+000, 0.0000000000000000E+000, 0.0000000000000000E+000
after,3,2,2,2,1,1, 2.4000000000000000E+002, 1.2310000658035278E+000, 4.8000000000000000E+001, 2.6000000000000000E+002, 0.0000000000000000E+000, 0.0000000000000000E+000, 0.0000000000000000E+000, 0.0000000000000000E+000, 8.1000002101063728E-003, 3.0423919383792963E-007, 4.6750551518925931E-006, 1.8116288629244082E-005, 1.7352869326714426E-004, 1.6121980195293872E-008, 4.3983516828660640E-010, 9.9631992187500000E+004, 6.8061386718750000E+003, 3.8446437500000000E+004, 7.2587005615234375E+002, 6.5008651733398438E+001, 2.0630152523517609E-001, 4.4992464000000000E+008, 2.3494222192721459E-011, 4.9571804994208435E-013, 7.3734205961227417E-001, 1.1734206229448318E-001, 3.2216507196426392E-001, 2.1650581620633602E-003, 2.1550777554512024E-001, 4.5507773756980896E-002, 1.3986748456954956E-001, 2.9867492616176605E-002, 6.6080588102340698E-001, 8.5550484072882682E-005
after,3,3,3,2,1,1, 2.4000000000000000E+002, 1.2369999885559082E+000, 2.0000000000000000E+001, 2.6000000000000000E+002, 0.0000000000000000E+000, 0.0000000000000000E+000, 0.0000000000000000E+000, 0.0000000000000000E+000, 8.1000002101063728E-003, 3.7673198676202446E-005, 1.1132200846905582E-012, 7.0643523940816522E-005, 1.9575102487578988E-004, 2.1110920442879433E-006, 9.5764043805957044E-008, 1.5453796386718750E+003, 2.2974563598632812E+002, 3.0906018066406250E+003, 9.3520146484375000E+003, 3.9585759277343750E+003, 2.3038380432128906E+002, 4.5000000000000000E+008, 4.4140655575120036E-009, 1.2303728869067498E-010, 9.2515909671783447E-001, 2.9515913128852844E-001, 3.3271038532257080E-001, 2.7103759348392487E-003, 2.7629196643829346E-001, 9.6291944384574890E-002, 2.3201102018356323E-001, 1.1201102286577225E-001, 7.1491384506225586E-001, 1.1362800141796470E-003
after,3,4,4,2,1,1, 2.4000000000000000E+002, 1.2430000305175781E+000, 2.7000000000000000E+001, 2.6000000000000000E+002, 7.5012778211203113E-008, 5.8339722386335779E-008, 3.7506389105601556E-008, 4.5839723128437981E-008, 8.1000002101063728E-003, 1.9990944565506652E-005, 4.3483043555170298E-005, 2.9904707844252698E-005, 5.1193950639571995E-005, 0.0000000000000000E+000, 0.0000000000000000E+000, 2.9972518000000000E+007, 8.3147023437500000E+004, 1.4688476562500000E+005, 5.9099359375000000E+004, 0.0000000000000000E+000, 0.0000000000000000E+000, 4.5000000000000000E+008, 0.0000000000000000E+000, 0.0000000000000000E+000, 6.5889644622802734E-001, 1.8896389752626419E-002, 3.4497743844985962E-001, 4.9774302169680595E-003, 1.8999999761581421E-001, 0.0000000000000000E+000, 1.2999999523162842E-001, 0.0000000000000000E+000, 2.6340642571449280E-001, 2.2165297996252775E-003
after,3,5,5,2,1,1, 2.4000000000000000E+002, 1.2490000724792480E+000, 3.4000000000000000E+001, 2.6000000000000000E+002, 0.0000000000000000E+000, 0.0000000000000000E+000, 0.0000000000000000E+000, 0.0000000000000000E+000, 8.1000002101063728E-003, 0.0000000000000000E+000, 0.0000000000000000E+000, 0.0000000000000000E+000, 0.0000000000000000E+000, 0.0000000000000000E+000, 0.0000000000000000E+000, 0.0000000000000000E+000, 0.0000000000000000E+000, 0.0000000000000000E+000, 0.0000000000000000E+000, 0.0000000000000000E+000, 0.0000000000000000E+000, 4.5000000000000000E+008, 0.0000000000000000E+000, 0.0000000000000000E+000, 6.5000003576278687E-001, 0.0000000000000000E+000, 3.5000002384185791E-001, 0.0000000000000000E+000, 2.0000000298023224E-001, 0.0000000000000000E+000, 1.3999998569488525E-001, 0.0000000000000000E+000, 0.0000000000000000E+000, 0.0000000000000000E+000
after,3,6,6,2,1,1, 2.4000000000000000E+002, 1.2549999952316284E+000, 4.1000000000000000E+001, 2.6000000000000000E+002, 0.0000000000000000E+000, 0.0000000000000000E+000, 0.0000000000000000E+000, 0.0000000000000000E+000, 8.1000002101063728E-003, 0.0000000000000000E+000, 1.6999214536017604E-012, 1.4004331205796916E-007, 1.1429769983806182E-006, 1.9075839519100413E-010, 2.1335270355971048E-011, 0.0000000000000000E+000, 1.6841699600219727E+001, 2.4859117507934570E+001, 2.5406696777343750E+003, 2.6938991546630859E+001, 7.3626935482025146E-001, 4.5000000000000000E+008, 3.6684338292763963E-013, 2.5100322143564550E-014, 6.6346889734268188E-001, 3.4688932355493307E-003, 3.6062568426132202E-001, 6.2568322755396366E-004, 2.1094770729541779E-001, 9.4770127907395363E-004, 1.5071080625057220E-001, 7.1081204805523157E-004, 6.5847992897033691E-001, 3.2240993459708989E-004
after,3,1,1,3,1,1, 2.4000000000000000E+002, 1.1899999380111694E+000, 4.8000000000000000E+001, 2.6000000000000000E+002, 0.0000000000000000E+000, 0.0000000000000000E+000, 0.0000000000000000E+000, 0.0000000000000000E+000, 8.1500001251697540E-003, 0.0000000000000000E+000, 0.0000000000000000E+000, 0.0000000000000000E+000, 0.0000000000000000E+000, 0.0000000000000000E+000, 0.0000000000000000E+000, 0.0000000000000000E+000, 0.0000000000000000E+000, 0.0000000000000000E+000, 0.0000000000000000E+000, 0.0000000000000000E+000, 0.0000000000000000E+000, 4.5000000000000000E+008, 0.0000000000000000E+000, 0.0000000000000000E+000, 6.1000001430511475E-001, 0.0000000000000000E+000, 3.1000000238418579E-001, 0.0000000000000000E+000, 1.6000001132488251E-001, 0.0000000000000000E+000, 9.9999994039535522E-002, 0.0000000000000000E+000, 0.0000000000000000E+000, 0.0000000000000000E+000
after,3,2,2,3,1,1, 2.4000000000000000E+002, 1.1959999799728394E+000, 2.0000000000000000E+001, 2.6000000000000000E+002, 0.0000000000000000E+000, 0.0000000000000000E+000, 0.0000000000000000E+000, 0.0000000000000000E+000, 8.1500001251697540E-003, 2.5003496375575196E-006, 2.2162869317554623E-009, 4.6821787691442296E-005, 1.9688419706653804E-004, 2.5594357362657139E-012, 6.5095763133825703E-016, 8.1881225000000000E+005, 2.8005581054687500E+003, 9.9439015625000000E+004, 8.0439642333984375E+002, 1.2093428611755371E+001, 2.8402442112565041E-003, 4.4945430400000000E+008, 4.2423204706099060E-015, 8.4333968921682764E-019, 7.3734205961227417E-001, 1.1734206229448318E-001, 3.2216507196426392E-001, 2.1650581620633602E-003, 2.1550777554512024E-001, 4.5507773756980896E-002, 1.3986748456954956E-001, 2.9867492616176605E-002, 6.6080588102340698E-001, 8.5550484072882682E-005
after,3,3,3,3,1,1, 2.4000000000000000E+002, 1.2019999027252197E+000, 2.7000000000000000E+001, 2.6000000000000000E+002, 0.0000000000000000E+000, 0.0000000000000000E+000, 0.0000000000000000E+000, 0.0000000000000000E+000, 8.1500001251697540E-003, 4.7382527554873377E-005, 4.4716904875133356E-013, 8.0512800195720047E-005, 2.3252126993611455E-004, 8.7217233613046119E-007, 4.1418132923354278E-008, 1.7936624755859375E+003, 1.2601996612548828E+002, 3.3111557617187500E+003, 1.0533285156250000E+004, 2.6855571289062500E+003, 1.2611047363281250E+002, 4.5000000000000000E+008, 1.8168461179968176E-009, 5.3163608931816597E-011, 9.2515909671783447E-001, 2.9515913128852844E-001, 3.3271038532257080E-001, 2.7103759348392487E-003, 2.7629196643829346E-001, 9.6291944384574890E-002, 2.3201102018356323E-001, 1.1201102286577225E-001, 7.1491384506225586E-001, 1.1362800141796470E-003
after,3,4,4,3,1,1, 2.4000000000000000E+002, 1.2079999446868896E+000, 3.4000000000000000E+001, 2.6000000000000000E+002, 7.5092572160428972E-008, 5.8379619360948709E-008, 3.7546286080214486E-008, 4.5879620103050911E-008, 8.1500001251697540E-003, 2.0049646991537884E-005, 3.9609207306057215E-005, 3.0825915018795058E-005, 5.3612246119882911E-005, 0.0000000000000000E+000, 0.0000000000000000E+000, 2.9982158000000000E+007, 8.4291757812500000E+004, 1.4775615625000000E+005, 5.9421644531250000E+004, 0.0000000000000000E+000, 0.0000000000000000E+000, 4.5000003200000000E+008, 0.0000000000000000E+000, 0.0000000000000000E+000, 6.5889644622802734E-001, 1.8896389752626419E-002, 3.4497743844985962E-001, 4.9774302169680595E-003, 1.8999999761581421E-001, 0.0000000000000000E+000, 1.2999999523162842E-001, 0.0000000000000000E+000, 2.6340642571449280E-001, 2.2165297996252775E-003
after,3,5,5,3,1,1, 2.4000000000000000E+002, 1.2139999866485596E+000, 4.1000000000000000E+001, 2.6000000000000000E+002, 0.0000000000000000E+000, 0.0000000000000000E+000, 0.0000000000000000E+000, 0.0000000000000000E+000, 8.1500001251697540E-003, 0.0000000000000000E+000, 0.0000000000000000E+000, 0.0000000000000000E+000, 0.0000000000000000E+000, 0.0000000000000000E+000, 0.0000000000000000E+000, 0.0000000000000000E+000, 0.0000000000000000E+000, 0.0000000000000000E+000, 0.0000000000000000E+000, 0.0000000000000000E+000, 0.0000000000000000E+000, 4.4999996800000000E+008, 0.0000000000000000E+000, 0.0000000000000000E+000, 6.5000003576278687E-001, 0.0000000000000000E+000, 3.5000002384185791E-001, 0.0000000000000000E+000, 2.0000000298023224E-001, 0.0000000000000000E+000, 1.3999998569488525E-001, 0.0000000000000000E+000, 0.0000000000000000E+000, 0.0000000000000000E+000
after,3,6,6,3,1,1, 2.4000000000000000E+002, 1.2199999094009399E+000, 4.8000000000000000E+001, 2.6000000000000000E+002, 0.0000000000000000E+000, 0.0000000000000000E+000, 0.0000000000000000E+000, 0.0000000000000000E+000, 8.1500001251697540E-003, 0.0000000000000000E+000, 3.5776825825450942E-005, 1.0671190466382541E-005, 2.4145412680809386E-005, 2.8621458113775589E-005, 2.1466099497047253E-005, 0.0000000000000000E+000, 3.5845737304687500E+003, 4.9672229003906250E+002, 1.2602093750000000E+004, 4.0230136718750000E+003, 1.3255775146484375E+003, 4.4999996800000000E+008, 5.5041287083668067E-008, 2.5254228930293721E-008, 6.6346889734268188E-001, 3.4688932355493307E-003, 3.6062568426132202E-001, 6.2568322755396366E-004, 2.1094770729541779E-001, 9.4770127907395363E-004, 1.5071080625057220E-001, 7.1081204805523157E-004, 6.5847992897033691E-001, 3.2240993459708989E-004
after,3,1,1,4,1,1, 2.4000000000000000E+002, 1.1549999713897705E+000, 2.0000000000000000E+001, 2.6000000000000000E+002, 0.0000000000000000E+000, 0.0000000000000000E+000, 0.0000000000000000E+000, 0.0000000000000000E+000, 8.2000000402331352E-003, 0.0000000000000000E+000, 0.0000000000000000E+000, 0.0000000000000000E+000, 0.0000000000000000E+000, 0.0000000000000000E+000, 0.0000000000000000E+000, 0.0000000000000000E+000, 0.0000000000000000E+000, 0.0000000000000000E+000, 0.0000000000000000E+000, 0.0000000000000000E+000, 0.0000000000000000E+000, 4.5000000000000000E+008, 0.0000000000000000E+000, 0.0000000000000000E+000, 6.1000001430511475E-001, 0.0000000000000000E+000, 3.1000000238418579E-001, 0.0000000000000000E+000, 1.6000001132488251E-001, 0.0000000000000000E+000, 9.9999994039535522E-002, 0.0000000000000000E+000, 0.0000000000000000E+000, 0.0000000000000000E+000
after,3,2,2,4,1,1, 2.4000000000000000E+002, 1.1610000133514404E+000, 2.7000000000000000E+001, 2.6000000000000000E+002, 0.0000000000000000E+000, 0.0000000000000000E+000, 0.0000000000000000E+000, 0.0000000000000000E+000, 8.2000000402331352E-003, 1.0353987818234600E-005, 6.2473587414402232E-010, 6.2960483774077147E-005, 1.4561606803908944E-004, 9.9795833489318975E-013, 2.2154721129653582E-016, 3.3907150000000000E+006, 1.3754986572265625E+003, 1.3408760937500000E+005, 6.9734106445312500E+002, 6.2688989639282227E+000, 1.1097567621618509E-003, 4.4724256000000000E+008, 1.6559183893004640E-015, 2.8722461243377860E-019, 7.3734205961227417E-001, 1.1734206229448318E-001, 3.2216507196426392E-001, 2.1650581620633602E-003, 2.1550777554512024E-001, 4.5507773756980896E-002, 1.3986748456954956E-001, 2.9867492616176605E-002, 6.6080588102340698E-001, 8.5550484072882682E-005
after,3,3,3,4,1,1, 2.4000000000000000E+002, 1.1669999361038208E+000, 3.4000000000000000E+001, 2.6000000000000000E+002, 0.0000000000000000E+000, 0.0000000000000000E+000, 0.0000000000000000E+000, 0.0000000000000000E+000, 8.2000000402331352E-003, 5.7087720051640645E-005, 1.2755242825499002E-013, 8.9924091298598796E-005, 2.5748804910108447E-004, 2.6639270345185651E-007, 1.3043139013291238E-008, 1.9613936767578125E+003, 5.5953350067138672E+001, 3.5028593750000000E+003, 1.1354570312500000E+004, 1.5546741943359375E+003, 5.4931629180908203E+001, 4.5000000000000000E+008, 5.5220661376864655E-010, 1.6719466089387680E-011, 9.2515909671783447E-001, 2.9515913128852844E-001, 3.3271038532257080E-001, 2.7103759348392487E-003, 2.7629196643829346E-001, 9.6291944384574890E-002, 2.3201102018356323E-001, 1.1201102286577225E-001, 7.1491384506225586E-001, 1.1362800141796470E-003
after,3,4,4,4,1,1, 2.4000000000000000E+002, 1.1729999780654907E+000, 4.1000000000000000E+001, 2.6000000000000000E+002, 7.5467795568329166E-008, 5.8567231064898806E-008, 3.7733897784164583E-008, 4.6067228254287329E-008, 8.2000000402331352E-003, 2.0293355191824958E-005, 3.3240732591366395E-005, 3.2389456464443356E-005, 5.6848330132197589E-005, 0.0000000000000000E+000, 0.0000000000000000E+000, 2.9994946000000000E+007, 8.4955687500000000E+004, 1.4856662500000000E+005, 5.9711937500000000E+004, 0.0000000000000000E+000, 0.0000000000000000E+000, 4.5000000000000000E+008, 0.0000000000000000E+000, 0.0000000000000000E+000, 6.5889644622802734E-001, 1.8896389752626419E-002, 3.4497743844985962E-001, 4.9774302169680595E-003, 1.8999999761581421E-001, 0.0000000000000000E+000, 1.2999999523162842E-001, 0.0000000000000000E+000, 2.6340642571449280E-001, 2.2165297996252775E-003
after,3,5,5,4,1,1, 2.4000000000000000E+002, 1.1790000200271606E+000, 4.8000000000000000E+001, 2.6000000000000000E+002, 0.0000000000000000E+000, 0.0000000000000000E+000, 0.0000000000000000E+000, 0.0000000000000000E+000, 8.2000000402331352E-003, 0.0000000000000000E+000, 0.0000000000000000E+000, 0.0000000000000000E+000, 0.0000000000000000E+000, 0.0000000000000000E+000, 0.0000000000000000E+000, 0.0000000000000000E+000, 0.0000000000000000E+000, 0.0000000000000000E+000, 0.0000000000000000E+000, 0.0000000000000000E+000, 0.0000000000000000E+000, 4.5000000000000000E+008, 0.0000000000000000E+000, 0.0000000000000000E+000, 6.5000003576278687E-001, 0.0000000000000000E+000, 3.5000002384185791E-001, 0.0000000000000000E+000, 2.0000000298023224E-001, 0.0000000000000000E+000, 1.3999998569488525E-001, 0.0000000000000000E+000, 0.0000000000000000E+000, 0.0000000000000000E+000
after,3,6,6,4,1,1, 2.4000000000000000E+002, 1.1849999427795410E+000, 2.0000000000000000E+001, 2.6000000000000000E+002, 0.0000000000000000E+000, 0.0000000000000000E+000, 0.0000000000000000E+000, 0.0000000000000000E+000, 8.2000000402331352E-003, 0.0000000000000000E+000, 1.7793818198752028E-019, 1.1382211795307740E-007, 1.6549987549296930E-006, 8.8538490504008055E-014, 1.5851284577666331E-015, 0.0000000000000000E+000, 6.1176139116287231E-001, 1.2547188758850098E+001, 2.6937148437500000E+003, 3.0769503116607666E+000, 6.6861687228083611E-003, 4.5000000000000000E+008, 1.7026655288544980E-016, 1.8648575978951808E-018, 6.6346889734268188E-001, 3.4688932355493307E-003, 3.6062568426132202E-001, 6.2568322755396366E-004, 2.1094770729541779E-001, 9.4770127907395363E-004, 1.5071080625057220E-001, 7.1081204805523157E-004, 6.5847992897033691E-001, 3.2240993459708989E-004
after,3,1,1,5,1,1, 2.4000000000000000E+002, 1.1200000047683716E+000, 2.7000000000000000E+001, 2.6000000000000000E+002, 0.0000000000000000E+000, 0.0000000000000000E+000, 0.0000000000000000E+000, 0.0000000000000000E+000, 8.2499999552965164E-003, 0.0000000000000000E+000, 0.0000000000000000E+000, 0.0000000000000000E+000, 0.0000000000000000E+000, 0.0000000000000000E+000, 0.0000000000000000E+000, 0.0000000000000000E+000, 0.0000000000000000E+000, 0.0000000000000000E+000, 0.0000000000000000E+000, 0.0000000000000000E+000, 0.0000000000000000E+000, 4.5000000000000000E+008, 0.0000000000000000E+000, 0.0000000000000000E+000, 6.1000001430511475E-001, 0.0000000000000000E+000, 3.1000000238418579E-001, 0.0000000000000000E+000, 1.6000001132488251E-001, 0.0000000000000000E+000, 9.9999994039535522E-002, 0.0000000000000000E+000, 0.0000000000000000E+000, 0.0000000000000000E+000
after,3,2,2,5,1,1, 2.4000000000000000E+002, 1.1260000467300415E+000, 3.4000000000000000E+001, 2.6000000000000000E+002, 0.0000000000000000E+000, 0.0000000000000000E+000, 0.0000000000000000E+000, 0.0000000000000000E+000, 8.2499999552965164E-003, 3.2780153560452163E-005, 2.1259811966434228E-010, 7.9565965279471129E-005, 9.4824070401955396E-005, 3.8196979216739702E-013, 7.3899872556679164E-017, 1.0734817000000000E+007, 6.9990136718750000E+002, 1.7105006250000000E+005, 6.0746557617187500E+002, 3.1996390819549561E+000, 4.2364391265437007E-004, 4.4027884800000000E+008, 6.3450036350825721E-016, 9.5877031385555328E-020, 7.3734205961227417E-001, 1.1734206229448318E-001, 3.2216507196426392E-001, 2.1650581620633602E-003, 2.1550777554512024E-001, 4.5507773756980896E-002, 1.3986748456954956E-001, 2.9867492616176605E-002, 6.6080588102340698E-001, 8.5550484072882682E-005
after,3,3,3,5,1,1, 2.4000000000000000E+002, 1.1319999694824219E+000, 4.1000000000000000E+001, 2.6000000000000000E+002, 0.0000000000000000E+000, 0.0000000000000000E+000, 0.0000000000000000E+000, 0.0000000000000000E+000, 8.2499999552965164E-003, 6.1130587710067630E-005, 2.3223100620805258E-014, 8.8196924480143934E-005, 2.4486432084813714E-004, 5.5214957939142550E-008, 2.6946473941080740E-009, 1.8727371826171875E+003, 1.8358362197875977E+001, 3.3242385253906250E+003, 1.1305897460937500E+004, 7.0879748535156250E+002, 1.7328023910522461E+001, 4.5000000000000000E+008, 1.1377147141056199E-010, 3.4480461021113573E-012, 9.2515909671783447E-001, 2.9515913128852844E-001, 3.3271038532257080E-001, 2.7103759348392487E-003, 2.7629196643829346E-001, 9.6291944384574890E-002, 2.3201102018356323E-001, 1.1201102286577225E-001, 7.1491384506225586E-001, 1.1362800141796470E-003
after,3,4,4,5,1,1, 2.4000000000000000E+002, 1.1380000114440918E+000, 4.8000000000000000E+001, 2.6000000000000000E+002, 7.6649158131658623E-008, 5.9157912346563535E-008, 3.8324579065829312E-008, 4.6657913088665737E-008, 8.2499999552965164E-003, 2.1024297893745825E-005, 2.4224402295658365E-005, 3.4344808227615431E-005, 5.9462301578605548E-005, 0.0000000000000000E+000, 0.0000000000000000E+000, 3.0007926000000000E+007, 8.4047210937500000E+004, 1.4868479687500000E+005, 5.9745433593750000E+004, 0.0000000000000000E+000, 0.0000000000000000E+000, 4.5000000000000000E+008, 0.0000000000000000E+000, 0.0000000000000000E+000, 6.5889644622802734E-001, 1.8896389752626419E-002, 3.4497743844985962E-001, 4.9774302169680595E-003, 1.8999999761581421E-001, 0.0000000000000000E+000, 1.2999999523162842E-001, 0.0000000000000000E+000, 2.6340642571449280E-001, 2.2165297996252775E-003
after,3,5,5,5,1,1, 2.4000000000000000E+002, 1.1440000534057617E+000, 2.0000000000000000E+001, 2.6000000000000000E+002, 0.0000000000000000E+000, 0.0000000000000000E+000, 0.0000000000000000E+000, 0.0000000000000000E+000, 8.2499999552965164E-003, 0.0000000000000000E+000, 1.5043536201119423E-002, 1.3994816690683365E-003, 7.6377745717763901E-003, 1.5718189999461174E-002, 1.7737381160259247E-002, 0.0000000000000000E+000, 3.1283073730468750E+003, 2.2381967163085938E+002, 1.0463921875000000E+004, 7.0299838867187500E+003, 3.3074914550781250E+003, 4.5000000000000000E+008, 3.2746233046054840E-005, 2.1630958144669421E-005, 6.5000003576278687E-001, 0.0000000000000000E+000, 3.5000002384185791E-001, 0.0000000000000000E+000, 2.0000000298023224E-001, 0.0000000000000000E+000, 1.3999998569488525E-001, 0.0000000000000000E+000, 0.0000000000000000E+000, 0.0000000000000000E+000
after,3,6,6,5,1,1, 2.4000000000000000E+002, 1.1499999761581421E+000, 2.7000000000000000E+001, 2.6000000000000000E+002, 0.0000000000000000E+000, 0.0000000000000000E+000, 0.0000000000000000E+000, 0.0000000000000000E+000, 8.2499999552965164E-003, 0.0000000000000000E+000, 2.9663300995739648E-020, 2.9790262701112624E-008, 4.3108008185299695E-007, 1.6407631275774243E-014, 2.9524659512506683E-016, 0.0000000000000000E+000, 1.0624115169048309E-001, 3.4316554069519043E+000, 9.1259460449218750E+002, 6.3550037145614624E-001, 1.2746948050335050E-003, 4.5000000000000000E+008, 3.1553204821251716E-017, 3.4734913998599039E-019, 6.6346889734268188E-001, 3.4688932355493307E-003, 3.6062568426132202E-001, 6.2568322755396366E-004, 2.1094770729541779E-001, 9.4770127907395363E-004, 1.5071080625057220E-001, 7.1081204805523157E-004, 6.5847992897033691E-001, 3.2240993459708989E-004
after,3,1,1,6,1,1, 2.4000000000000000E+002, 1.0850000381469727E+000, 3.4000000000000000E+001, 2.6000000000000000E+002, 0.0000000000000000E+000, 0.0000000000000000E+000, 0.0000000000000000E+000, 0.0000000000000000E+000, 8.3000008016824722E-003, 0.0000000000000000E+000, 0.0000000000000000E+000, 0.0000000000000000E+000, 0.0000000000000000E+000, 0.0000000000000000E+000, 0.0000000000000000E+000, 0.0000000000000000E+000, 0.0000000000000000E+000, 0.0000000000000000E+000, 0.0000000000000000E+000, 0.0000000000000000E+000, 0.0000000000000000E+000, 4.5000000000000000E+008, 0.0000000000000000E+000, 0.0000000000000000E+000, 6.1000001430511475E-001, 0.0000000000000000E+000, 3.1000000238418579E-001, 0.0000000000000000E+000, 1.6000001132488251E-001, 0.0000000000000000E+000, 9.9999994039535522E-002, 0.0000000000000000E+000, 0.0000000000000000E+000, 0.0000000000000000E+000
after,3,2,2,6,1,1, 2.4000000000000000E+002, 1.0910000801086426E+000, 4.1000000000000000E+001, 2.6000000000000000E+002, 0.0000000000000000E+000, 0.0000000000000000E+000, 0.0000000000000000E+000, 0.0000000000000000E+000, 8.3000008016824722E-003, 7.6029820775147527E-005, 8.2567744308370550E-011, 8.6788626504130661E-005, 5.1447303121676669E-005, 1.4544703603406456E-013, 2.4612644975590806E-017, 2.4898180000000000E+007, 3.7685250854492188E+002, 1.9228089062500000E+005, 5.1290710449218750E+002, 1.6085695028305054E+000, 1.5994570276234299E-004, 4.2608982400000000E+008, 2.4186877578080777E-016, 3.1955201984448146E-020, 7.3734205961227417E-001, 1.1734206229448318E-001, 3.2216507196426392E-001, 2.1650581620633602E-003, 2.1550777554512024E-001, 4.5507773756980896E-002, 1.3986748456954956E-001, 2.9867492616176605E-002, 6.6080588102340698E-001, 8.5550484072882682E-005
after,3,3,3,6,1,1, 2.4000000000000000E+002, 1.0970000028610229E+000, 4.8000000000000000E+001, 2.6000000000000000E+002, 0.0000000000000000E+000, 0.0000000000000000E+000, 0.0000000000000000E+000, 0.0000000000000000E+000, 8.3000008016824722E-003, 5.2512852562358603E-005, 2.0440952719396254E-015, 6.8059132900089025E-005, 1.7815030878409743E-004, 5.8001798919349312E-009, 2.7844992978032224E-010, 1.3973110351562500E+003, 3.5881505012512207E+000, 2.5069555664062500E+003, 9.6168701171875000E+003, 2.0863549804687500E+002, 3.1591496467590332E+000, 4.5000000000000000E+008, 1.1863728749395008E-011, 3.5549156934128190E-013, 9.2515909671783447E-001, 2.9515913128852844E-001, 3.3271038532257080E-001, 2.7103759348392487E-003, 2.7629196643829346E-001, 9.6291944384574890E-002, 2.3201102018356323E-001, 1.1201102286577225E-001, 7.1491384506225586E-001, 1.1362800141796470E-003
after,3,4,4,6,1,1, 2.4000000000000000E+002, 1.1030000448226929E+000, 2.0000000000000000E+001, 2.6000000000000000E+002, 7.9056270863020472E-008, 6.0361472264958138E-008, 3.9528135431510236E-008, 4.7861469454346661E-008, 8.3000008016824722E-003, 2.2542742954101413E-005, 1.3840598512615543E-005, 3.4950800909427926E-005, 5.8212015574099496E-005, 0.0000000000000000E+000, 0.0000000000000000E+000, 3.0026762000000000E+007, 8.0125382812500000E+004, 1.4675395312500000E+005, 5.9048996093750000E+004, 0.0000000000000000E+000, 0.0000000000000000E+000, 4.5000000000000000E+008, 0.0000000000000000E+000, 0.0000000000000000E+000, 6.5889644622802734E-001, 1.8896389752626419E-002, 3.4497743844985962E-001, 4.9774302169680595E-003, 1.8999999761581421E-001, 0.0000000000000000E+000, 1.2999999523162842E-001, 0.0000000000000000E+000, 2.6340642571449280E-001, 2.2165297996252775E-003
after,3,5,5,6,1,1, 2.4000000000000000E+002, 1.1090000867843628E+000, 2.7000000000000000E+001, 2.6000000000000000E+002, 0.0000000000000000E+000, 0.0000000000000000E+000, 0.0000000000000000E+000, 0.0000000000000000E+000, 8.3000008016824722E-003, 0.0000000000000000E+000, 1.0612525247554736E-023, 2.2369986982084811E-004, 6.3061597757041454E-004, 3.1673161230195176E-016, 3.9063082270055058E-019, 0.0000000000000000E+000, 2.9440680009429343E-005, 2.7909212112426758E+001, 8.0666052246093750E+002, 4.4270071387290955E-001, 4.0548438846599311E-005, 4.5000000000000000E+008, 6.5985645029426985E-019, 4.7637742441906048E-022, 6.5000003576278687E-001, 0.0000000000000000E+000, 3.5000002384185791E-001, 0.0000000000000000E+000, 2.0000000298023224E-001, 0.0000000000000000E+000, 1.3999998569488525E-001, 0.0000000000000000E+000, 0.0000000000000000E+000, 0.0000000000000000E+000
after,3,6,6,6,1,1, 2.4000000000000000E+002, 1.1150000095367432E+000, 3.4000000000000000E+001, 2.6000000000000000E+002, 0.0000000000000000E+000, 0.0000000000000000E+000, 0.0000000000000000E+000, 0.0000000000000000E+000, 8.3000008016824722E-003, 0.0000000000000000E+000, 2.8686947189271450E-004, 7.6675773016177118E-005, 1.6877244343049824E-004, 2.2949534468352795E-004, 1.7212184320669621E-004, 0.0000000000000000E+000, 9.9273662109375000E+003, 1.2478609619140625E+003, 2.8307337890625000E+004, 1.1309479492187500E+004, 3.8027570800781250E+003, 4.5000000000000000E+008, 4.4133733467788261E-007, 2.0249626686563715E-007, 6.6346889734268188E-001, 3.4688932355493307E-003, 3.6062568426132202E-001, 6.2568322755396366E-004, 2.1094770729541779E-001, 9.4770127907395363E-004, 1.5071080625057220E-001, 7.1081204805523157E-004, 6.5847992897033691E-001, 3.2240993459708989E-004
after,3,1,1,7,1,1, 2.4000000000000000E+002, 1.0499999523162842E+000, 4.1000000000000000E+001, 2.6000000000000000E+002, 0.0000000000000000E+000, 0.0000000000000000E+000, 0.0000000000000000E+000, 0.0000000000000000E+000, 8.3500007167458534E-003, 0.0000000000000000E+000, 0.0000000000000000E+000, 0.0000000000000000E+000, 0.0000000000000000E+000, 0.0000000000000000E+000, 0.0000000000000000E+000, 0.0000000000000000E+000, 0.0000000000000000E+000, 0.0000000000000000E+000, 0.0000000000000000E+000, 0.0000000000000000E+000, 0.0000000000000000E+000, 4.5000000000000000E+008, 0.0000000000000000E+000, 0.0000000000000000E+000, 6.1000001430511475E-001, 0.0000000000000000E+000, 3.1000000238418579E-001, 0.0000000000000000E+000, 1.6000001132488251E-001, 0.0000000000000000E+000, 9.9999994039535522E-002, 0.0000000000000000E+000, 0.0000000000000000E+000, 0.0000000000000000E+000
after,3,2,2,7,1,1, 2.4000000000000000E+002, 1.0559999942779541E+000, 4.8000000000000000E+001, 2.6000000000000000E+002, 0.0000000000000000E+000, 0.0000000000000000E+000, 0.0000000000000000E+000, 0.0000000000000000E+000, 8.3500007167458534E-003, 1.2634454469662160E-004, 3.4371314822090326E-011, 7.2221395384985954E-005, 2.1383084458648227E-005, 5.4002199305173970E-014, 7.9977793865649348E-018, 4.1375200000000000E+007, 2.1481185913085938E+002, 1.7293793750000000E+005, 4.0133819580078125E+002, 7.8202193975448608E-001, 5.8527843066258356E-005, 4.0896998400000000E+008, 8.9902310163783025E-017, 1.0391325582639565E-020, 7.3734205961227417E-001, 1.1734206229448318E-001, 3.2216507196426392E-001, 2.1650581620633602E-003, 2.1550777554512024E-001, 4.5507773756980896E-002, 1.3986748456954956E-001, 2.9867492616176605E-002, 6.6080588102340698E-001, 8.5550484072882682E-005
after,3,3,3,7,1,1, 2.4000000000000000E+002, 1.0619999170303345E+000, 2.0000000000000000E+001, 2.6000000000000000E+002, 0.0000000000000000E+000, 0.0000000000000000E+000, 0.0000000000000000E+000, 0.0000000000000000E+000, 8.3500007167458534E-003, 3.0116989364614710E-005, 5.9376866138388964E-020, 3.3674579754006118E-005, 7.7882024925202131E-005, 4.9694176725012529E-012, 1.7374285603971584E-013, 6.5608020019531250E+002, 1.1597809195518494E-001, 1.1865410156250000E+003, 5.4263188476562500E+003, 1.8071393966674805E+001, 7.5419649481773376E-002, 4.5000000000000000E+008, 9.5755380621204145E-015, 2.1651541207337165E-016, 9.2515909671783447E-001, 2.9515913128852844E-001, 3.3271038532257080E-001, 2.7103759348392487E-003, 2.7629196643829346E-001, 9.6291944384574890E-002, 2.3201102018356323E-001, 1.1201102286577225E-001, 7.1491384506225586E-001, 1.1362800141796470E-003
after,3,4,4,7,1,1, 2.4000000000000000E+002, 1.0679999589920044E+000, 2.7000000000000000E+001, 2.6000000000000000E+002, 8.1960585873730452E-008, 6.1813622664885770E-008, 4.0980292936865226E-008, 4.9313623406987972E-008, 8.3500007167458534E-003, 2.4197852326324210E-005, 1.0347850547987036E-005, 3.3892931242007762E-005, 5.5825574236223474E-005, 0.0000000000000000E+000, 0.0000000000000000E+000, 2.9987196000000000E+007, 7.6235210937500000E+004, 1.4529665625000000E+005, 5.8551363281250000E+004, 0.0000000000000000E+000, 0.0000000000000000E+000, 4.5000000000000000E+008, 0.0000000000000000E+000, 0.0000000000000000E+000, 6.5889644622802734E-001, 1.8896389752626419E-002, 3.4497743844985962E-001, 4.9774302169680595E-003, 1.8999999761581421E-001, 0.0000000000000000E+000, 1.2999999523162842E-001, 0.0000000000000000E+000, 2.6340642571449280E-001, 2.2165297996252775E-003
after,3,5,5,7,1,1, 2.4000000000000000E+002, 1.0740000009536743E+000, 3.4000000000000000E+001, 2.6000000000000000E+002, 0.0000000000000000E+000, 0.0000000000000000E+000, 0.0000000000000000E+000, 0.0000000000000000E+000, 8.3500007167458534E-003, 0.0000000000000000E+000, 4.1289362376806790E-024, 2.2492904099635780E-004, 5.1720777992159128E-004, 1.1081722784505151E-016, 1.3642961261475579E-019, 0.0000000000000000E+000, 1.1275485121586826E-005, 2.5391176223754883E+001, 7.1630926513671875E+002, 2.0060463249683380E-001, 1.5227575204335153E-005, 4.5000000000000000E+008, 2.3086884899932911E-019, 1.6637703793302971E-022, 6.5000003576278687E-001, 0.0000000000000000E+000, 3.5000002384185791E-001, 0.0000000000000000E+000, 2.0000000298023224E-001, 0.0000000000000000E+000, 1.3999998569488525E-001, 0.0000000000000000E+000, 0.0000000000000000E+000, 0.0000000000000000E+000
after,3,6,6,7,1,1, 2.4000000000000000E+002, 1.0799999237060547E+000, 4.1000000000000000E+001, 2.6000000000000000E+002, 0.0000000000000000E+000, 0.0000000000000000E+000, 0.0000000000000000E+000, 0.0000000000000000E+000, 8.3500007167458534E-003, 0.0000000000000000E+000, 1.3544973316245192E-014, 6.1325645219767466E-006, 2.0746880181832239E-005, 3.0422181440670215E-010, 1.9676215518016349E-011, 0.0000000000000000E+000, 6.7782001495361328E+000, 1.2390013122558594E+002, 5.7061606445312500E+003, 4.2163997650146484E+001, 5.9435087442398071E-001, 4.5000000000000000E+008, 5.8504161801545274E-013, 2.3148473630020365E-014, 6.6346889734268188E-001, 3.4688932355493307E-003, 3.6062568426132202E-001, 6.2568322755396366E-004, 2.1094770729541779E-001, 9.4770127907395363E-004, 1.5071080625057220E-001, 7.1081204805523157E-004, 6.5847992897033691E-001, 3.2240993459708989E-004
after,3,1,1,8,1,1, 2.4000000000000000E+002, 1.0149999856948853E+000, 4.8000000000000000E+001, 2.6000000000000000E+002, 0.0000000000000000E+000, 0.0000000000000000E+000, 0.0000000000000000E+000, 0.0000000000000000E+000, 8.4000006318092346E-003, 0.0000000000000000E+000, 0.0000000000000000E+000, 0.0000000000000000E+000, 0.0000000000000000E+000, 0.0000000000000000E+000, 0.0000000000000000E+000, 0.0000000000000000E+000, 0.0000000000000000E+000, 0.0000000000000000E+000, 0.0000000000000000E+000, 0.0000000000000000E+000, 0.0000000000000000E+000, 4.5000000000000000E+008, 0.0000000000000000E+000, 0.0000000000000000E+000, 6.1000001430511475E-001, 0.0000000000000000E+000, 3.1000000238418579E-001, 0.0000000000000000E+000, 1.6000001132488251E-001, 0.0000000000000000E+000, 9.9999994039535522E-002, 0.0000000000000000E+000, 0.0000000000000000E+000, 0.0000000000000000E+000
after,3,2,2,8,1,1, 2.4000000000000000E+002, 1.0210000276565552E+000, 2.0000000000000000E+001, 2.6000000000000000E+002, 0.0000000000000000E+000, 0.0000000000000000E+000, 0.0000000000000000E+000, 0.0000000000000000E+000, 8.4000006318092346E-003, 1.4628277858719230E-004, 1.4427061108268635E-011, 3.4963624784722924E-005, 5.7783263400779106E-006, 1.8475277663537563E-014, 2.3807488460437309E-018, 4.7904556000000000E+007, 1.2694902801513672E+002, 9.5076500000000000E+004, 2.7688925170898438E+002, 3.5131430625915527E-001, 1.9647384760901332E-005, 4.0087811200000000E+008, 3.0795613259271550E-017, 3.0957456568027971E-021, 7.3734205961227417E-001, 1.1734206229448318E-001, 3.2216507196426392E-001, 2.1650581620633602E-003, 2.1550777554512024E-001, 4.5507773756980896E-002, 1.3986748456954956E-001, 2.9867492616176605E-002, 6.6080588102340698E-001, 8.5550484072882682E-005
after,3,3,3,8,1,1, 2.4000000000000000E+002, 1.0269999504089355E+000, 2.7000000000000000E+001, 2.6000000000000000E+002, 0.0000000000000000E+000, 0.0000000000000000E+000, 0.0000000000000000E+000, 0.0000000000000000E+000, 8.4000006318092346E-003, 2.2122578229755163E-005, 2.7792809755035704E-020, 2.3387614419334568E-005, 4.9901289457920939E-005, 1.9851368812662251E-012, 7.5729902221117334E-014, 4.6063198852539062E+002, 5.3899299353361130E-002, 8.0893493652343750E+002, 3.6172800292968750E+003, 8.4353551864624023E+000, 3.4769076853990555E-002, 4.5000000000000000E+008, 3.8233771278649818E-015, 9.4363374616620308E-017, 9.2515909671783447E-001, 2.9515913128852844E-001, 3.3271038532257080E-001, 2.7103759348392487E-003, 2.7629196643829346E-001, 9.6291944384574890E-002, 2.3201102018356323E-001, 1.1201102286577225E-001, 7.1491384506225586E-001, 1.1362800141796470E-003
after,3,4,4,8,1,1, 2.4000000000000000E+002, 1.0329999923706055E+000, 3.4000000000000000E+001, 2.6000000000000000E+002, 8.3333340228364250E-008, 6.2499999842202669E-008, 4.1666670114182125E-008, 5.0000000584304871E-008, 8.4000006318092346E-003, 2.4931530788308010E-005, 6.9516590883722529E-006, 3.2423798984382302E-005, 5.2787116146646440E-005, 0.0000000000000000E+000, 0.0000000000000000E+000, 2.9947456000000000E+007, 7.3308203125000000E+004, 1.4408265625000000E+005, 5.8123023437500000E+004, 0.0000000000000000E+000, 0.0000000000000000E+000, 4.5000000000000000E+008, 0.0000000000000000E+000, 0.0000000000000000E+000, 6.5889644622802734E-001, 1.8896389752626419E-002, 3.4497743844985962E-001, 4.9774302169680595E-003, 1.8999999761581421E-001, 0.0000000000000000E+000, 1.2999999523162842E-001, 0.0000000000000000E+000, 2.6340642571449280E-001, 2.2165297996252775E-003
after,3,5,5,8,1,1, 2.4000000000000000E+002, 1.0390000343322754E+000, 4.1000000000000000E+001, 2.6000000000000000E+002, 0.0000000000000000E+000, 0.0000000000000000E+000, 0.0000000000000000E+000, 0.0000000000000000E+000, 8.4000006318092346E-003, 0.0000000000000000E+000, 1.0430704444599645E-024, 2.1942895546089858E-004, 3.6265750532038510E-004, 2.4666347195318974E-017, 3.0248760692493928E-020, 0.0000000000000000E+000, 2.8899517019453924E-006, 2.2208909988403320E+001, 6.0222918701171875E+002, 6.4916744828224182E-002, 3.7594531931972597E-006, 4.5000000000000000E+008, 5.1388130265762283E-020, 3.6888603209418223E-023, 6.5000003576278687E-001, 0.0000000000000000E+000, 3.5000002384185791E-001, 0.0000000000000000E+000, 2.0000000298023224E-001, 0.0000000000000000E+000, 1.3999998569488525E-001, 0.0000000000000000E+000, 0.0000000000000000E+000, 0.0000000000000000E+000
after,3,6,6,8,1,1, 2.4000000000000000E+002, 1.0449999570846558E+000, 4.8000000000000000E+001, 2.6000000000000000E+002, 0.0000000000000000E+000, 0.0000000000000000E+000, 0.0000000000000000E+000, 0.0000000000000000E+000, 8.4000006318092346E-003, 0.0000000000000000E+000, 9.1224527270958007E-016, 1.6794356270111166E-006, 5.8976470427296590E-006, 2.8161039472562877E-011, 1.7140728940379102E-012, 0.0000000000000000E+000, 8.3694893121719360E-001, 3.6854377746582031E+001, 2.2246079101562500E+003, 6.9438982009887695E+000, 7.1051999926567078E-002, 4.5000000000000000E+008, 5.4155817200488010E-014, 2.0165559014837832E-015, 6.6346889734268188E-001, 3.4688932355493307E-003, 3.6062568426132202E-001, 6.2568322755396366E-004, 2.1094770729541779E-001, 9.4770127907395363E-004, 1.5071080625057220E-001, 7.1081204805523157E-004, 6.5847992897033691E-001, 3.2240993459708989E-004
after,3,1,1,9,1,1, 2.4000000000000000E+002, 9.8000001907348633E-001, 2.0000000000000000E+001, 2.6000000000000000E+002, 0.0000000000000000E+000, 0.0000000000000000E+000, 0.0000000000000000E+000, 0.0000000000000000E+000, 8.4500005468726158E-003, 0.0000000000000000E+000, 0.0000000000000000E+000, 0.0000000000000000E+000, 0.0000000000000000E+000, 0.0000000000000000E+000, 0.0000000000000000E+000, 0.0000000000000000E+000, 0.0000000000000000E+000, 0.0000000000000000E+000, 0.0000000000000000E+000, 0.0000000000000000E+000, 0.0000000000000000E+000, 4.5000000000000000E+008, 0.0000000000000000E+000, 0.0000000000000000E+000, 6.1000001430511475E-001, 0.0000000000000000E+000, 3.1000000238418579E-001, 0.0000000000000000E+000, 1.6000001132488251E-001, 0.0000000000000000E+000, 9.9999994039535522E-002, 0.0000000000000000E+000, 0.0000000000000000E+000, 0.0000000000000000E+000
after,3,2,2,9,1,1, 2.4000000000000000E+002, 9.8600000143051147E-001, 2.7000000000000000E+001, 2.6000000000000000E+002, 0.0000000000000000E+000, 0.0000000000000000E+000, 0.0000000000000000E+000, 0.0000000000000000E+000, 8.4500005468726158E-003, 1.2008156772935763E-004, 1.1751898933154425E-011, 2.2928257749299519E-005, 4.0863392314349767E-006, 1.4378079347780737E-014, 1.7924615099136210E-018, 3.9324208000000000E+007, 1.1312526702880859E+002, 6.3225484375000000E+004, 2.4112452697753906E+002, 2.8608962893486023E-001, 1.5043739040265791E-005, 4.0896995200000000E+008, 2.3971133323331431E-017, 2.3310553487435612E-021, 7.3734205961227417E-001, 1.1734206229448318E-001, 3.2216507196426392E-001, 2.1650581620633602E-003, 2.1550777554512024E-001, 4.5507773756980896E-002, 1.3986748456954956E-001, 2.9867492616176605E-002, 6.6080588102340698E-001, 8.5550484072882682E-005
after,3,3,3,9,1,1, 2.4000000000000000E+002, 9.9200004339218140E-001, 3.4000000000000000E+001, 2.6000000000000000E+002, 0.0000000000000000E+000, 0.0000000000000000E+000, 0.0000000000000000E+000, 0.0000000000000000E+000, 8.4500005468726158E-003, 1.3453036444843747E-005, 9.2536460866172792E-021, 1.3212224075687118E-005, 2.5637742510298267E-005, 5.4789137636512830E-013, 2.3029999131687906E-014, 2.6391232299804688E+002, 1.8165767192840576E-002, 4.4774826049804688E+002, 1.9597543945312500E+003, 2.9262194633483887E+000, 1.1520580388605595E-002, 4.5000000000000000E+008, 1.0544941859264544E-015, 2.8691867968422586E-017, 9.2515909671783447E-001, 2.9515913128852844E-001, 3.3271038532257080E-001, 2.7103759348392487E-003, 2.7629196643829346E-001, 9.6291944384574890E-002, 2.3201102018356323E-001, 1.1201102286577225E-001, 7.1491384506225586E-001, 1.1362800141796470E-003
after,3,4,4,9,1,1, 2.4000000000000000E+002, 9.9800002574920654E-001, 4.1000000000000000E+001, 2.6000000000000000E+002, 8.1960585873730452E-008, 6.1813622664885770E-008, 4.0980292936865226E-008, 4.9313623406987972E-008, 8.4500005468726158E-003, 2.4084201868390664E-005, 3.9863962228992023E-006, 3.0837123631499708E-005, 4.9048747314373031E-005, 0.0000000000000000E+000, 0.0000000000000000E+000, 2.9936712000000000E+007, 7.1608437500000000E+004, 1.4370368750000000E+005, 5.7922226562500000E+004, 0.0000000000000000E+000, 0.0000000000000000E+000, 4.5000000000000000E+008, 0.0000000000000000E+000, 0.0000000000000000E+000, 6.5889644622802734E-001, 1.8896389752626419E-002, 3.4497743844985962E-001, 4.9774302169680595E-003, 1.8999999761581421E-001, 0.0000000000000000E+000, 1.2999999523162842E-001, 0.0000000000000000E+000, 2.6340642571449280E-001, 2.2165297996252775E-003
after,3,5,5,9,1,1, 2.4000000000000000E+002, 1.0040000677108765E+000, 4.8000000000000000E+001, 2.6000000000000000E+002, 0.0000000000000000E+000, 0.0000000000000000E+000, 0.0000000000000000E+000, 0.0000000000000000E+000, 8.4500005468726158E-003, 0.0000000000000000E+000, 1.2844213537285884E-025, 1.9452116976026446E-004, 1.9163917750120163E-004, 2.6247168755246615E-018, 3.1962747584156992E-021, 0.0000000000000000E+000, 3.8641869082312041E-007, 1.8136838912963867E+001, 4.5363504028320312E+002, 1.2053911574184895E-002, 4.6523197738679301E-007, 4.5000000000000000E+008, 5.4681529679802989E-021, 3.8978812451241603E-024, 6.5000003576278687E-001, 0.0000000000000000E+000, 3.5000002384185791E-001, 0.0000000000000000E+000, 2.0000000298023224E-001, 0.0000000000000000E+000, 1.3999998569488525E-001, 0.0000000000000000E+000, 0.0000000000000000E+000, 0.0000000000000000E+000
after,3,6,6,9,1,1, 2.4000000000000000E+002, 1.0099999904632568E+000, 2.0000000000000000E+001, 2.6000000000000000E+002, 0.0000000000000000E+000, 0.0000000000000000E+000, 0.0000000000000000E+000, 0.0000000000000000E+000, 8.4500005468726158E-003, 0.0000000000000000E+000, 1.0192902991548181E-003, 3.0064562452025712E-004, 7.0012733340263367E-004, 8.1543234409764409E-004, 6.1157433083280921E-004, 0.0000000000000000E+000, 1.2066362304687500E+004, 1.8131593017578125E+003, 4.9577187500000000E+004, 1.4605126953125000E+004, 4.8400092773437500E+003, 4.5000000000000000E+008, 1.5681390550525975E-006, 7.1949932589632226E-007, 6.6346889734268188E-001, 3.4688932355493307E-003, 3.6062568426132202E-001, 6.2568322755396366E-004, 2.1094770729541779E-001, 9.4770127907395363E-004, 1.5071080625057220E-001, 7.1081204805523157E-004, 6.5847992897033691E-001, 3.2240993459708989E-004
after,3,1,1,10,1,1, 2.4000000000000000E+002, 9.4499999284744263E-001, 2.7000000000000000E+001, 2.6000000000000000E+002, 0.0000000000000000E+000, 0.0000000000000000E+000, 0.0000000000000000E+000, 0.0000000000000000E+000, 8.5000004619359970E-003, 0.0000000000000000E+000, 0.0000000000000000E+000, 0.0000000000000000E+000, 0.0000000000000000E+000, 0.0000000000000000E+000, 0.0000000000000000E+000, 0.0000000000000000E+000, 0.0000000000000000E+000, 0.0000000000000000E+000, 0.0000000000000000E+000, 0.0000000000000000E+000, 0.0000000000000000E+000, 4.5000000000000000E+008, 0.0000000000000000E+000, 0.0000000000000000E+000, 6.1000001430511475E-001, 0.0000000000000000E+000, 3.1000000238418579E-001, 0.0000000000000000E+000, 1.6000001132488251E-001, 0.0000000000000000E+000, 9.9999994039535522E-002, 0.0000000000000000E+000, 0.0000000000000000E+000, 0.0000000000000000E+000
after,3,2,2,10,1,1, 2.4000000000000000E+002, 9.5099997520446777E-001, 3.4000000000000000E+001, 2.6000000000000000E+002, 0.0000000000000000E+000, 0.0000000000000000E+000, 0.0000000000000000E+000, 0.0000000000000000E+000, 8.5000004619359970E-003, 6.9664034526795149E-005, 9.0930136684153062E-012, 1.2010531463602092E-005, 2.5082626962102950E-006, 1.0140431957940833E-014, 1.2152390586449032E-018, 2.2813514000000000E+007, 1.0062351989746094E+002, 3.3488484375000000E+004, 1.9977259826660156E+002, 2.1589535474777222E-001, 1.0465897503308952E-005, 4.2608979200000000E+008, 1.6911656338448673E-017, 1.5806809602261397E-021, 7.3734205961227417E-001, 1.1734206229448318E-001, 3.2216507196426392E-001, 2.1650581620633602E-003, 2.1550777554512024E-001, 4.5507773756980896E-002, 1.3986748456954956E-001, 2.9867492616176605E-002, 6.6080588102340698E-001, 8.5550484072882682E-005
after,3,3,3,10,1,1, 2.4000000000000000E+002, 9.5700001716613770E-001, 4.1000000000000000E+001, 2.6000000000000000E+002, 0.0000000000000000E+000, 0.0000000000000000E+000, 0.0000000000000000E+000, 0.0000000000000000E+000, 8.5000004619359970E-003, 6.1592854763148353E-006, 1.9534940491915952E-021, 5.4826596169732511E-006, 9.4991655714693479E-006, 9.3001601970781056E-014, 4.3535117561453989E-015, 1.1270339202880859E+002, 3.9865435101091862E-003, 1.8373872375488281E+002, 7.9640795898437500E+002, 6.7565530538558960E-001, 2.4559742305427790E-003, 4.5000000000000000E+008, 1.7881680785750012E-016, 5.4225250165388005E-018, 9.2515909671783447E-001, 2.9515913128852844E-001, 3.3271038532257080E-001, 2.7103759348392487E-003, 2.7629196643829346E-001, 9.6291944384574890E-002, 2.3201102018356323E-001, 1.1201102286577225E-001, 7.1491384506225586E-001, 1.1362800141796470E-003
after,3,4,4,10,1,1, 2.4000000000000000E+002, 9.6299999952316284E-001, 4.8000000000000000E+001, 2.6000000000000000E+002, 7.9056270863020472E-008, 6.0361472264958138E-008, 3.9528135431510236E-008, 4.7861469454346661E-008, 8.5000004619359970E-003, 2.2369280486600474E-005, 1.6448827864223858E-006, 2.8952887078048661E-005, 4.2574371036607772E-005, 0.0000000000000000E+000, 0.0000000000000000E+000, 2.9950988000000000E+007, 6.8359718750000000E+004, 1.4254334375000000E+005, 5.7160820312500000E+004, 0.0000000000000000E+000, 0.0000000000000000E+000, 4.4999996800000000E+008, 0.0000000000000000E+000, 0.0000000000000000E+000, 6.5889644622802734E-001, 1.8896389752626419E-002, 3.4497743844985962E-001, 4.9774302169680595E-003, 1.8999999761581421E-001, 0.0000000000000000E+000, 1.2999999523162842E-001, 0.0000000000000000E+000, 2.6340642571449280E-001, 2.2165297996252775E-003
after,3,5,5,10,1,1, 2.4000000000000000E+002, 9.6899998188018799E-001, 2.0000000000000000E+001, 2.6000000000000000E+002, 0.0000000000000000E+000, 0.0000000000000000E+000, 0.0000000000000000E+000, 0.0000000000000000E+000, 8.5000004619359970E-003, 0.0000000000000000E+000, 1.6012338039443460E-029, 1.3239833060652018E-004, 5.4680971516063437E-005, 5.2250293565178723E-023, 8.8947264107376764E-027, 0.0000000000000000E+000, 3.6180827223120104E-009, 1.2535110473632812E+001, 2.6443569946289062E+002, 3.3210602123290300E-004, 9.1982454986094808E-010, 4.5000000000000000E+008, 1.0885463281455961E-025, 1.0847173732212796E-029, 6.5000003576278687E-001, 0.0000000000000000E+000, 3.5000002384185791E-001, 0.0000000000000000E+000, 2.0000000298023224E-001, 0.0000000000000000E+000, 1.3999998569488525E-001, 0.0000000000000000E+000, 0.0000000000000000E+000, 0.0000000000000000E+000
after,3,6,6,10,1,1, 2.4000000000000000E+002, 9.7500002384185791E-001, 2.7000000000000000E+001, 2.6000000000000000E+002, 0.0000000000000000E+000, 0.0000000000000000E+000, 0.0000000000000000E+000, 0.0000000000000000E+000, 8.5000004619359970E-003, 0.0000000000000000E+000, 2.3461204033387010E-025, 3.0767955649935175E-006, 8.2018505054293200E-006, 4.5236482762385554E-016, 2.5271972443883348E-018, 0.0000000000000000E+000, 3.5433876328170300E-003, 3.4040714263916016E+001, 2.4722976074218750E+003, 3.2926669716835022E-001, 1.2132909614592791E-004, 4.5000000000000000E+008, 8.6993323571767777E-019, 2.9731783310964656E-021, 6.6346889734268188E-001, 3.4688932355493307E-003, 3.6062568426132202E-001, 6.2568322755396366E-004, 2.1094770729541779E-001, 9.4770127907395363E-004, 1.5071080625057220E-001, 7.1081204805523157E-004, 6.5847992897033691E-001, 3.2240993459708989E-004
after,3,1,1,11,1,1, 2.4000000000000000E+002, 9.0999996662139893E-001, 3.4000000000000000E+001, 2.6000000000000000E+002, 0.0000000000000000E+000, 0.0000000000000000E+000, 0.0000000000000000E+000, 0.0000000000000000E+000, 8.5500003769993782E-003, 0.0000000000000000E+000, 0.0000000000000000E+000, 0.0000000000000000E+000, 0.0000000000000000E+000, 0.0000000000000000E+000, 0.0000000000000000E+000, 0.0000000000000000E+000, 0.0000000000000000E+000, 0.0000000000000000E+000, 0.0000000000000000E+000, 0.0000000000000000E+000, 0.0000000000000000E+000, 4.5000003200000000E+008, 0.0000000000000000E+000, 0.0000000000000000E+000, 6.1000001430511475E-001, 0.0000000000000000E+000, 3.1000000238418579E-001, 0.0000000000000000E+000, 1.6000001132488251E-001, 0.0000000000000000E+000, 9.9999994039535522E-002, 0.0000000000000000E+000, 0.0000000000000000E+000, 0.0000000000000000E+000
after,3,2,2,11,1,1, 2.4000000000000000E+002, 9.1599994897842407E-001, 4.1000000000000000E+001, 2.6000000000000000E+002, 0.0000000000000000E+000, 0.0000000000000000E+000, 0.0000000000000000E+000, 0.0000000000000000E+000, 8.5500003769993782E-003, 2.8335281967883930E-005, 6.3303724241736692E-012, 4.6621116780443117E-006, 1.2252481838004314E-006, 5.9279185767448055E-015, 6.9856669350416159E-019, 9.2792140000000000E+006, 8.5276527404785156E+001, 1.3186388671875000E+004, 1.4916999816894531E+002, 1.4016593992710114E-001, 6.2724261624680366E-006, 4.4027884800000000E+008, 9.8916970801500223E-018, 9.0890993448238815E-022, 7.3734205961227417E-001, 1.1734206229448318E-001, 3.2216507196426392E-001, 2.1650581620633602E-003, 2.1550777554512024E-001, 4.5507773756980896E-002, 1.3986748456954956E-001, 2.9867492616176605E-002, 6.6080588102340698E-001, 8.5550484072882682E-005
after,3,3,3,11,1,1, 2.4000000000000000E+002, 9.2199999094009399E-001, 4.8000000000000000E+001, 2.6000000000000000E+002, 0.0000000000000000E+000, 0.0000000000000000E+000, 0.0000000000000000E+000, 0.0000000000000000E+000, 8.5500003769993782E-003, 1.6649274812152726E-006, 1.9654697907699661E-022, 1.2892558061139425E-006, 1.9403448732191464E-006, 7.2947171984557094E-015, 3.8468178647077381E-016, 2.8242542266845703E+001, 4.3095633736811578E-004, 4.4026348114013672E+001, 1.9756741333007812E+002, 7.8423172235488892E-002, 2.5430836831219494E-004, 4.5000000000000000E+008, 1.4007324291740261E-017, 4.7898580963767252E-019, 9.2515909671783447E-001, 2.9515913128852844E-001, 3.3271038532257080E-001, 2.7103759348392487E-003, 2.7629196643829346E-001, 9.6291944384574890E-002, 2.3201102018356323E-001, 1.1201102286577225E-001, 7.1491384506225586E-001, 1.1362800141796470E-003
after,3,4,4,11,1,1, 2.4000000000000000E+002, 9.2799997329711914E-001, 2.0000000000000000E+001, 2.6000000000000000E+002, 7.6649158131658623E-008, 5.9157912346563535E-008, 3.8324579065829312E-008, 4.6657913088665737E-008, 8.5500003769993782E-003, 2.0897567083011381E-005, 2.6013370302280237E-007, 2.3878586944192648E-005, 2.8215361453476362E-005, 0.0000000000000000E+000, 0.0000000000000000E+000, 2.9914338000000000E+007, 5.6230539062500000E+004, 1.2976761718750000E+005, 5.2125179687500000E+004, 0.0000000000000000E+000, 0.0000000000000000E+000, 4.5000000000000000E+008, 0.0000000000000000E+000, 0.0000000000000000E+000, 6.5889644622802734E-001, 1.8896389752626419E-002, 3.4497743844985962E-001, 4.9774302169680595E-003, 1.8999999761581421E-001, 0.0000000000000000E+000, 1.2999999523162842E-001, 0.0000000000000000E+000, 2.6340642571449280E-001, 2.2165297996252775E-003
after,3,5,5,11,1,1, 2.4000000000000000E+002, 9.3399995565414429E-001, 2.7000000000000000E+001, 2.6000000000000000E+002, 0.0000000000000000E+000, 0.0000000000000000E+000, 0.0000000000000000E+000, 0.0000000000000000E+000, 8.5500003769993782E-003, 0.0000000000000000E+000, 8.9080203227347416E-030, 9.9478944321162999E-005, 3.2806419767439365E-005, 2.6043725293117880E-023, 4.4445837032730985E-027, 0.0000000000000000E+000, 1.9954777830122339E-009, 9.9027976989746094E+000, 1.9180393981933594E+002, 1.7040381499100477E-004, 4.6167086820148029E-010, 4.5000000000000000E+008, 5.4257680497778175E-026, 5.4201969284777224E-030, 6.5000003576278687E-001, 0.0000000000000000E+000, 3.5000002384185791E-001, 0.0000000000000000E+000, 2.0000000298023224E-001, 0.0000000000000000E+000, 1.3999998569488525E-001, 0.0000000000000000E+000, 0.0000000000000000E+000, 0.0000000000000000E+000
after,3,6,6,11,1,1, 2.4000000000000000E+002, 9.3999993801116943E-001, 3.4000000000000000E+001, 2.6000000000000000E+002, 0.0000000000000000E+000, 0.0000000000000000E+000, 0.0000000000000000E+000, 0.0000000000000000E+000, 8.5500003769993782E-003, 0.0000000000000000E+000, 2.9762313714013439E-026, 7.1537328949489165E-007, 1.6984699868771713E-006, 5.7978359683262591E-017, 3.2613878151405880E-019, 0.0000000000000000E+000, 4.1741758468560874E-004, 8.5804567337036133E+000, 7.1152087402343750E+002, 4.9301110208034515E-002, 1.6284298908431083E-005, 4.5000000000000000E+008, 1.1149695431103264E-019, 3.8369348771059617E-022, 6.6346889734268188E-001, 3.4688932355493307E-003, 3.6062568426132202E-001, 6.2568322755396366E-004, 2.1094770729541779E-001, 9.4770127907395363E-004, 1.5071080625057220E-001, 7.1081204805523157E-004, 6.5847992897033691E-001, 3.2240993459708989E-004
after,3,1,1,12,1,1, 2.4000000000000000E+002, 8.7500000000000000E-001, 4.1000000000000000E+001, 2.6000000000000000E+002, 0.0000000000000000E+000, 0.0000000000000000E+000, 0.0000000000000000E+000, 0.0000000000000000E+000, 8.6000002920627594E-003, 0.0000000000000000E+000, 0.0000000000000000E+000, 0.0000000000000000E+000, 0.0000000000000000E+000, 0.0000000000000000E+000, 0.0000000000000000E+000, 0.0000000000000000E+000, 0.0000000000000000E+000, 0.0000000000000000E+000, 0.0000000000000000E+000, 0.0000000000000000E+000, 0.0000000000000000E+000, 4.5000003200000000E+008, 0.0000000000000000E+000, 0.0000000000000000E+000, 6.1000001430511475E-001, 0.0000000000000000E+000, 3.1000000238418579E-001, 0.0000000000000000E+000, 1.6000001132488251E-001, 0.0000000000000000E+000, 9.9999994039535522E-002, 0.0000000000000000E+000, 0.0000000000000000E+000, 0.0000000000000000E+000
after,3,2,2,12,1,1, 2.4000000000000000E+002, 8.8099998235702515E-001, 4.8000000000000000E+001, 2.6000000000000000E+002, 0.0000000000000000E+000, 0.0000000000000000E+000, 0.0000000000000000E+000, 0.0000000000000000E+000, 8.6000002920627594E-003, 8.0560203059576452E-006, 3.3879132138592283E-012, 1.0991193448717240E-006, 3.7423492926791369E-007, 2.2313395282267138E-015, 2.5806646999189023E-019, 2.6381782500000000E+006, 6.0811279296875000E+001, 3.2627961425781250E+003, 8.6565277099609375E+001, 6.4103230834007263E-002, 2.5168783395201899E-006, 4.4724252800000000E+008, 3.7277332710426845E-018, 3.3598785021938829E-022, 7.3734205961227417E-001, 1.1734206229448318E-001, 3.2216507196426392E-001, 2.1650581620633602E-003, 2.1550777554512024E-001, 4.5507773756980896E-002, 1.3986748456954956E-001, 2.9867492616176605E-002, 6.6080588102340698E-001, 8.5550484072882682E-005
after,3,3,3,12,1,1, 2.4000000000000000E+002, 8.8700002431869507E-001, 2.0000000000000000E+001, 2.6000000000000000E+002, 0.0000000000000000E+000, 0.0000000000000000E+000, 0.0000000000000000E+000, 0.0000000000000000E+000, 8.6000002920627594E-003, 3.0460093114470510E-008, 2.7377062719869434E-037, 1.1834280222444704E-008, 8.5521953963052511E-009, 1.2034737477940151E-025, 1.9678747726460455E-027, 3.7521016597747803E-001, 1.4567211881200137E-009, 5.1221752166748047E-001, 3.7338685989379883E+000, 3.3424166758777574E-006, 1.9467284728680312E-010, 4.5000000000000000E+008, 2.0678254811936390E-028, 2.3205996336080211E-030, 9.2515909671783447E-001, 2.9515913128852844E-001, 3.3271038532257080E-001, 2.7103759348392487E-003, 2.7629196643829346E-001, 9.6291944384574890E-002, 2.3201102018356323E-001, 1.1201102286577225E-001, 7.1491384506225586E-001, 1.1362800141796470E-003
after,3,4,4,12,1,1, 2.4000000000000000E+002, 8.9300000667572021E-001, 2.7000000000000000E+001, 2.6000000000000000E+002, 7.5467795568329166E-008, 5.8567231064898806E-008, 3.7733897784164583E-008, 4.6067228254287329E-008, 8.6000002920627594E-003, 2.0240579033270478E-005, 1.4411212134746165E-007, 1.8543514670454897E-005, 1.9913837604690343E-005, 0.0000000000000000E+000, 0.0000000000000000E+000, 2.9951726000000000E+007, 4.6396777343750000E+004, 1.0899868750000000E+005, 4.5330464843750000E+004, 0.0000000000000000E+000, 0.0000000000000000E+000, 4.5000000000000000E+008, 0.0000000000000000E+000, 0.0000000000000000E+000, 6.5889644622802734E-001, 1.8896389752626419E-002, 3.4497743844985962E-001, 4.9774302169680595E-003, 1.8999999761581421E-001, 0.0000000000000000E+000, 1.2999999523162842E-001, 0.0000000000000000E+000, 2.6340642571449280E-001, 2.2165297996252775E-003
after,3,5,5,12,1,1, 2.4000000000000000E+002, 8.9899998903274536E-001, 3.4000000000000000E+001, 2.6000000000000000E+002, 0.0000000000000000E+000, 0.0000000000000000E+000, 0.0000000000000000E+000, 0.0000000000000000E+000, 8.6000002920627594E-003, 0.0000000000000000E+000, 3.6586052320755573E-030, 6.0931291955057532E-005, 1.5129873645491898E-005, 9.2602251739450479E-024, 1.5851934556612739E-027, 0.0000000000000000E+000, 8.2302098469710927E-010, 6.5195488929748535E+000, 1.1390689849853516E+002, 6.3385807152371854E-005, 1.6582439588130882E-010, 4.5000000000000000E+008, 1.9292112667892851E-026, 1.9331534982323609E-030, 6.5000003576278687E-001, 0.0000000000000000E+000, 3.5000002384185791E-001, 0.0000000000000000E+000, 2.0000000298023224E-001, 0.0000000000000000E+000, 1.3999998569488525E-001, 0.0000000000000000E+000, 0.0000000000000000E+000, 0.0000000000000000E+000
after,3,6,6,12,1,1, 2.4000000000000000E+002, 9.0499997138977051E-001, 4.1000000000000000E+001, 2.6000000000000000E+002, 0.0000000000000000E+000, 0.0000000000000000E+000, 0.0000000000000000E+000, 0.0000000000000000E+000, 8.6000002920627594E-003, 0.0000000000000000E+000, 1.5359006356447935E-003, 4.4403350329957902E-004, 1.0510991560295224E-003, 1.2287199497222900E-003, 9.2154025333002210E-004, 0.0000000000000000E+000, 6.5910341796875000E+003, 1.0469819335937500E+003, 2.9594769531250000E+004, 8.7167802734375000E+003, 2.9089675292968750E+003, 4.5000000000000000E+008, 2.3629236238775775E-006, 1.0841653192983358E-006, 6.6346889734268188E-001, 3.4688932355493307E-003, 3.6062568426132202E-001, 6.2568322755396366E-004, 2.1094770729541779E-001, 9.4770127907395363E-004, 1.5071080625057220E-001, 7.1081204805523157E-004, 6.5847992897033691E-001, 3.2240993459708989E-004
after,3,1,1,13,1,1, 2.4000000000000000E+002, 8.3999997377395630E-001, 4.8000000000000000E+001, 2.6000000000000000E+002, 0.0000000000000000E+000, 0.0000000000000000E+000, 0.0000000000000000E+000, 0.0000000000000000E+000, 8.6500002071261406E-003, 0.0000000000000000E+000, 0.0000000000000000E+000, 0.0000000000000000E+000, 0.0000000000000000E+000, 0.0000000000000000E+000, 0.0000000000000000E+000, 0.0000000000000000E+000, 0.0000000000000000E+000, 0.0000000000000000E+000, 0.0000000000000000E+000, 0.0000000000000000E+000, 0.0000000000000000E+000, 4.5000000000000000E+008, 0.0000000000000000E+000, 0.0000000000000000E+000, 6.1000001430511475E-001, 0.0000000000000000E+000, 3.1000000238418579E-001, 0.0000000000000000E+000, 1.6000001132488251E-001, 0.0000000000000000E+000, 9.9999994039535522E-002, 0.0000000000000000E+000, 0.0000000000000000E+000, 0.0000000000000000E+000
after,3,2,2,13,1,1, 2.4000000000000000E+002, 8.4599995613098145E-001, 2.0000000000000000E+001, 2.6000000000000000E+002, 0.0000000000000000E+000, 0.0000000000000000E+000, 0.0000000000000000E+000, 0.0000000000000000E+000, 8.6500002071261406E-003, 1.4810551647315151E-006, 6.3252257164608805E-013, 1.1540412181432202E-008, 5.6799231984427934E-009, 2.3792434186879150E-017, 1.5321874968152185E-021, 4.8501465625000000E+005, 2.2279645919799805E+001, 6.1399688720703125E+001, 1.9237594604492188E+001, 6.3589834608137608E-003, 1.0943281125719295E-007, 4.4945427200000000E+008, 4.1910243108341408E-020, 2.0991722794285012E-024, 7.3734205961227417E-001, 1.1734206229448318E-001, 3.2216507196426392E-001, 2.1650581620633602E-003, 2.1550777554512024E-001, 4.5507773756980896E-002, 1.3986748456954956E-001, 2.9867492616176605E-002, 6.6080588102340698E-001, 8.5550484072882682E-005
after,3,3,3,13,1,1, 2.4000000000000000E+002, 8.5199999809265137E-001, 2.7000000000000000E+001, 2.6000000000000000E+002, 0.0000000000000000E+000, 0.0000000000000000E+000, 0.0000000000000000E+000, 0.0000000000000000E+000, 8.6500002071261406E-003, 1.2143648753237812E-008, 9.6665267497071699E-038, 4.5091708145150733E-009, 3.0067355272223040E-009, 3.6684543505424530E-026, 6.3755089321570916E-028, 1.4583058655261993E-001, 4.7793108359783787E-010, 1.8443027138710022E-001, 1.1402974128723145E+000, 1.0052367542812135E-006, 6.2884787654926555E-011, 4.5000000000000000E+008, 6.3031847256967607E-029, 7.5182657954016337E-031, 9.2515909671783447E-001, 2.9515913128852844E-001, 3.3271038532257080E-001, 2.7103759348392487E-003, 2.7629196643829346E-001, 9.6291944384574890E-002, 2.3201102018356323E-001, 1.1201102286577225E-001, 7.1491384506225586E-001, 1.1362800141796470E-003
after,3,4,4,13,1,1, 2.4000000000000000E+002, 8.5799998044967651E-001, 3.4000000000000000E+001, 2.6000000000000000E+002, 7.5092572160428972E-008, 5.8379619360948709E-008, 3.7546286080214486E-008, 4.5879620103050911E-008, 8.6500002071261406E-003, 2.0031046005897224E-005, 5.2864599808799539E-008, 1.0674422810552642E-005, 1.0306264812243171E-005, 0.0000000000000000E+000, 0.0000000000000000E+000, 2.9965234000000000E+007, 2.9789074218750000E+004, 7.0094406250000000E+004, 3.1464876953125000E+004, 0.0000000000000000E+000, 0.0000000000000000E+000, 4.5000000000000000E+008, 0.0000000000000000E+000, 0.0000000000000000E+000, 6.5889644622802734E-001, 1.8896389752626419E-002, 3.4497743844985962E-001, 4.9774302169680595E-003, 1.8999999761581421E-001, 0.0000000000000000E+000, 1.2999999523162842E-001, 0.0000000000000000E+000, 2.6340642571449280E-001, 2.2165297996252775E-003
after,3,5,5,13,1,1, 2.4000000000000000E+002, 8.6399996280670166E-001, 4.1000000000000000E+001, 2.6000000000000000E+002, 0.0000000000000000E+000, 0.0000000000000000E+000, 0.0000000000000000E+000, 0.0000000000000000E+000, 8.6500002071261406E-003, 0.0000000000000000E+000, 9.7915199960218115E-031, 2.6766956580104306E-005, 4.7742569222464226E-006, 2.0874038552291878E-024, 3.5861561862343782E-028, 0.0000000000000000E+000, 2.2164077517761172E-010, 3.1476657390594482E+000, 4.8955005645751953E+001, 1.5246613656927366E-005, 3.7908266803388102E-011, 4.4999996800000000E+008, 4.3487521255423118E-027, 4.3733388052568792E-031, 6.5000003576278687E-001, 0.0000000000000000E+000, 3.5000002384185791E-001, 0.0000000000000000E+000, 2.0000000298023224E-001, 0.0000000000000000E+000, 1.3999998569488525E-001, 0.0000000000000000E+000, 0.0000000000000000E+000, 0.0000000000000000E+000
after,3,6,6,13,1,1, 2.4000000000000000E+002, 8.7000000476837158E-001, 4.8000000000000000E+001, 2.6000000000000000E+002, 0.0000000000000000E+000, 0.0000000000000000E+000, 0.0000000000000000E+000, 0.0000000000000000E+000, 8.6500002071261406E-003, 0.0000000000000000E+000, 1.5553124052045824E-021, 1.4870408449496608E-005, 2.1352101612137631E-005, 3.8587460050171218E-014, 5.8201931382712404E-016, 0.0000000000000000E+000, 4.7070262953639030E-003, 5.4899044036865234E+001, 2.2541975097656250E+003, 5.1360923051834106E-001, 6.1009183991700411E-004, 4.5000000000000000E+008, 7.4206412456801515E-017, 6.8472816865130257E-019, 6.6346889734268188E-001, 3.4688932355493307E-003, 3.6062568426132202E-001, 6.2568322755396366E-004, 2.1094770729541779E-001, 9.4770127907395363E-004, 1.5071080625057220E-001, 7.1081204805523157E-004, 6.5847992897033691E-001, 3.2240993459708989E-004
after,3,1,1,14,1,1, 2.4000000000000000E+002, 8.0499994754791260E-001, 2.0000000000000000E+001, 2.6000000000000000E+002, 0.0000000000000000E+000, 0.0000000000000000E+000, 0.0000000000000000E+000, 0.0000000000000000E+000, 8.7000001221895218E-003, 0.0000000000000000E+000, 0.0000000000000000E+000, 0.0000000000000000E+000, 0.0000000000000000E+000, 0.0000000000000000E+000, 0.0000000000000000E+000, 0.0000000000000000E+000, 0.0000000000000000E+000, 0.0000000000000000E+000, 0.0000000000000000E+000, 0.0000000000000000E+000, 0.0000000000000000E+000, 4.5000000000000000E+008, 0.0000000000000000E+000, 0.0000000000000000E+000, 6.1000001430511475E-001, 0.0000000000000000E+000, 3.1000000238418579E-001, 0.0000000000000000E+000, 1.6000001132488251E-001, 0.0000000000000000E+000, 9.9999994039535522E-002, 0.0000000000000000E+000, 0.0000000000000000E+000, 0.0000000000000000E+000
after,3,2,2,14,1,1, 2.4000000000000000E+002, 8.1099992990493774E-001, 2.7000000000000000E+001, 2.6000000000000000E+002, 0.0000000000000000E+000, 0.0000000000000000E+000, 0.0000000000000000E+000, 0.0000000000000000E+000, 8.7000001221895218E-003, 2.0822992041757971E-007, 5.3054338266383949E-013, 2.6330955193998307E-009, 2.6692725807464512E-009, 1.5033772713857313E-017, 9.6274977961614359E-022, 6.8190953125000000E+004, 1.9617662429809570E+001, 1.3086409568786621E+001, 9.7264251708984375E+000, 4.0293685160577297E-003, 6.8896483185199031E-008, 4.4992470400000000E+008, 2.6481914276659553E-020, 1.3190145807519533E-024, 7.3734205961227417E-001, 1.1734206229448318E-001, 3.2216507196426392E-001, 2.1650581620633602E-003, 2.1550777554512024E-001, 4.5507773756980896E-002, 1.3986748456954956E-001, 2.9867492616176605E-002, 6.6080588102340698E-001, 8.5550484072882682E-005
after,3,3,3,14,1,1, 2.4000000000000000E+002, 8.1699997186660767E-001, 3.4000000000000000E+001, 2.6000000000000000E+002, 0.0000000000000000E+000, 0.0000000000000000E+000, 0.0000000000000000E+000, 0.0000000000000000E+000, 8.7000001221895218E-003, 2.3206236932082902E-009, 1.6308034070716285E-038, 8.2000506385071503E-010, 4.9924686607027979E-010, 5.1575340797360874E-027, 9.6142814028330767E-029, 2.6638986542820930E-002, 7.3445881321188011E-011, 3.0963966622948647E-002, 1.6545516252517700E-001, 1.3864844561339851E-007, 9.4437756226195546E-012, 4.5000000000000000E+008, 8.8617272863293024E-030, 1.1337560729076405E-031, 9.2515909671783447E-001, 2.9515913128852844E-001, 3.3271038532257080E-001, 2.7103759348392487E-003, 2.7629196643829346E-001, 9.6291944384574890E-002, 2.3201102018356323E-001, 1.1201102286577225E-001, 7.1491384506225586E-001, 1.1362800141796470E-003
after,3,4,4,14,1,1, 2.4000000000000000E+002, 8.2299995422363281E-001, 4.1000000000000000E+001, 2.6000000000000000E+002, 7.5012778211203113E-008, 5.8339722386335779E-008, 3.7506389105601556E-008, 4.5839723128437981E-008, 8.7000001221895218E-003, 1.9554036043700762E-005, 9.7883354754912943E-009, 3.3297519621555693E-006, 2.8949120860488620E-006, 0.0000000000000000E+000, 0.0000000000000000E+000, 2.9319812000000000E+007, 1.1172158203125000E+004, 2.5090277343750000E+004, 1.2795344726562500E+004, 0.0000000000000000E+000, 0.0000000000000000E+000, 4.5000000000000000E+008, 0.0000000000000000E+000, 0.0000000000000000E+000, 6.5889644622802734E-001, 1.8896389752626419E-002, 3.4497743844985962E-001, 4.9774302169680595E-003, 1.8999999761581421E-001, 0.0000000000000000E+000, 1.2999999523162842E-001, 0.0000000000000000E+000, 2.6340642571449280E-001, 2.2165297996252775E-003
after,3,5,5,14,1,1, 2.4000000000000000E+002, 8.2899993658065796E-001, 4.8000000000000000E+001, 2.6000000000000000E+002, 0.0000000000000000E+000, 0.0000000000000000E+000, 0.0000000000000000E+000, 0.0000000000000000E+000, 8.7000001221895218E-003, 0.0000000000000000E+000, 1.2793919471623715E-031, 6.2485487433150411E-006, 7.7201832482387545E-007, 2.2364241175680288E-025, 3.8578546466529308E-029, 0.0000000000000000E+000, 2.9216427888112406E-011, 8.2396864891052246E-001, 1.1314270973205566E+001, 1.7847647768576280E-006, 4.1388528888852694E-012, 4.5000000000000000E+008, 4.6592135733214898E-028, 4.7046775138129888E-032, 6.5000003576278687E-001, 0.0000000000000000E+000, 3.5000002384185791E-001, 0.0000000000000000E+000, 2.0000000298023224E-001, 0.0000000000000000E+000, 1.3999998569488525E-001, 0.0000000000000000E+000, 0.0000000000000000E+000, 0.0000000000000000E+000
after,3,6,6,14,1,1, 2.4000000000000000E+002, 8.3499991893768311E-001, 2.0000000000000000E+001, 2.6000000000000000E+002, 0.0000000000000000E+000, 0.0000000000000000E+000, 0.0000000000000000E+000, 0.0000000000000000E+000, 8.7000001221895218E-003, 0.0000000000000000E+000, 0.0000000000000000E+000, 1.6463352903173245E-009, 8.4654061538458336E-010, 4.4989861485261356E-038, 1.4012984643248171E-044, 0.0000000000000000E+000, 4.4741367864276418E-014, 5.7378549128770828E-002, 1.8113101959228516E+001, 2.2322343085079410E-008, 9.6237282811187738E-017, 4.5000000000000000E+008, 8.6517568485878531E-041, 0.0000000000000000E+000, 6.6346889734268188E-001, 3.4688932355493307E-003, 3.6062568426132202E-001, 6.2568322755396366E-004, 2.1094770729541779E-001, 9.4770127907395363E-004, 1.5071080625057220E-001, 7.1081204805523157E-004, 6.5847992897033691E-001, 3.2240993459708989E-004
