case,k,bl_mynn_edmf_mom,delt,psfc,ust,wspd,uoce,voce,flt,flq,flqv,flqc,dz,rho,u,v,th,tk,qv,p,exner,thl_before,sqv_before,sqc_before,sqi_before,sqs_before,ozone,tcd,qcd,dfm,dfh,diss_heat,sub_thl,sub_sqv,sub_u,sub_v,det_thl,det_sqv,det_sqc,det_u,det_v,s_aw,s_awthl,s_awqv,s_awqc,s_awu,s_awv,sd_aw,sd_awthl,sd_awqv,sd_awqc,sd_awu,sd_awv,s_aw_next,s_awthl_next,s_awqv_next,s_awqc_next,s_awu_next,s_awv_next,sd_aw_next,sd_awthl_next,sd_awqv_next,sd_awqc_next,sd_awu_next,sd_awv_next,du,dv,dth,dqv,dqc,dqi,dqs,dozone,thl_after,k_m,k_h
land_cumulus,1,1, 2.0000000000000000E+001, 1.0000000000000000E+005, 3.4999999403953552E-001, 3.1916775703430176E+000, 0.0000000000000000E+000, 0.0000000000000000E+000, 1.4000000059604645E-001, 9.9999997473787516E-005, 9.9999997473787516E-005, 0.0000000000000000E+000, 5.0000000000000000E+001, 1.1552098989486694E+000, 3.0374999046325684E+000,-9.8000001907348633E-001, 3.0098498535156250E+002, 3.0073214721679688E+002, 1.7079303041100502E-002, 9.9706312500000000E+004, 9.9915999174118042E-001, 3.0098498535156250E+002, 1.6792498528957367E-002, 0.0000000000000000E+000, 0.0000000000000000E+000, 0.0000000000000000E+000, 0.0000000000000000E+000, 0.0000000000000000E+000, 0.0000000000000000E+000, 0.0000000000000000E+000, 0.0000000000000000E+000, 1.6604111806373112E-005, 0.0000000000000000E+000, 0.0000000000000000E+000, 0.0000000000000000E+000, 0.0000000000000000E+000, 0.0000000000000000E+000, 0.0000000000000000E+000, 0.0000000000000000E+000, 0.0000000000000000E+000, 0.0000000000000000E+000, 0.0000000000000000E+000, 0.0000000000000000E+000, 0.0000000000000000E+000, 0.0000000000000000E+000, 0.0000000000000000E+000, 0.0000000000000000E+000, 0.0000000000000000E+000, 0.0000000000000000E+000, 0.0000000000000000E+000, 0.0000000000000000E+000, 0.0000000000000000E+000, 0.0000000000000000E+000, 2.5148302316665649E-002, 7.5690522193908691E+000, 4.2223418131470680E-004, 0.0000000000000000E+000, 7.7331036329269409E-002,-2.4142373353242874E-002, 0.0000000000000000E+000, 0.0000000000000000E+000, 0.0000000000000000E+000, 0.0000000000000000E+000, 0.0000000000000000E+000, 0.0000000000000000E+000,-4.8344134120270610E-004, 1.3522654771804810E-003, 1.5014648670330644E-003, 1.2218721394674503E-006, 0.0000000000000000E+000, 0.0000000000000000E+000, 0.0000000000000000E+000, 0.0000000000000000E+000, 3.0101501464843750E+002, 0.0000000000000000E+000, 0.0000000000000000E+000
land_cumulus,2,1, 2.0000000000000000E+001, 1.0000000000000000E+005, 3.4999999403953552E-001, 3.1916775703430176E+000, 0.0000000000000000E+000, 0.0000000000000000E+000, 1.4000000059604645E-001, 9.9999997473787516E-005, 9.9999997473787516E-005, 0.0000000000000000E+000, 6.5000000000000000E+001, 1.1497731208801270E+000, 3.1237499713897705E+000,-9.3400001525878906E-001, 3.0095050048828125E+002, 3.0011709594726562E+002, 1.7061458900570869E-002, 9.9034109375000000E+004, 9.9723070859909058E-001, 3.0095050048828125E+002, 1.6775248572230339E-002, 0.0000000000000000E+000, 0.0000000000000000E+000, 0.0000000000000000E+000, 0.0000000000000000E+000, 0.0000000000000000E+000, 0.0000000000000000E+000, 6.6123658418655396E-001, 7.3893976211547852E-001, 1.0386434041720349E-005, 0.0000000000000000E+000, 0.0000000000000000E+000, 0.0000000000000000E+000, 0.0000000000000000E+000, 0.0000000000000000E+000, 0.0000000000000000E+000, 0.0000000000000000E+000, 0.0000000000000000E+000, 0.0000000000000000E+000, 2.5148302316665649E-002, 7.5690522193908691E+000, 4.2223418131470680E-004, 0.0000000000000000E+000, 7.7331036329269409E-002,-2.4142373353242874E-002, 0.0000000000000000E+000, 0.0000000000000000E+000, 0.0000000000000000E+000, 0.0000000000000000E+000, 0.0000000000000000E+000, 0.0000000000000000E+000, 2.5219200178980827E-002, 7.5902986526489258E+000, 4.2337345075793564E-004, 0.0000000000000000E+000, 7.7604100108146667E-002,-2.4181071668863297E-002, 0.0000000000000000E+000, 0.0000000000000000E+000, 0.0000000000000000E+000, 0.0000000000000000E+000, 0.0000000000000000E+000, 0.0000000000000000E+000, 2.1665333770215511E-003, 1.3465046649798751E-003,-1.2466430198401213E-003,-5.7394527175347321E-007, 0.0000000000000000E+000, 0.0000000000000000E+000, 0.0000000000000000E+000, 0.0000000000000000E+000, 3.0092556762695312E+002, 3.8021102905273438E+001, 4.2489036560058594E+001
land_cumulus,3,1, 2.0000000000000000E+001, 1.0000000000000000E+005, 3.4999999403953552E-001, 3.1916775703430176E+000, 0.0000000000000000E+000, 0.0000000000000000E+000, 1.4000000059604645E-001, 9.9999997473787516E-005, 9.9999997473787516E-005, 0.0000000000000000E+000, 8.0000000000000000E+001, 1.1429547071456909E+000, 3.2325000762939453E+000,-8.7599998712539673E-001, 3.0090701293945312E+002, 2.9934332275390625E+002, 1.7038961872458458E-002, 9.8192992187500000E+004, 9.9480342864990234E-001, 3.0090701293945312E+002, 1.6753500327467918E-002, 0.0000000000000000E+000, 0.0000000000000000E+000, 0.0000000000000000E+000, 0.0000000000000000E+000, 0.0000000000000000E+000, 0.0000000000000000E+000, 2.1251556873321533E+000, 3.3799192905426025E+000, 1.0162820217374247E-005, 0.0000000000000000E+000, 0.0000000000000000E+000, 0.0000000000000000E+000, 0.0000000000000000E+000, 0.0000000000000000E+000, 0.0000000000000000E+000, 0.0000000000000000E+000, 0.0000000000000000E+000, 0.0000000000000000E+000, 2.5219200178980827E-002, 7.5902986526489258E+000, 4.2337345075793564E-004, 0.0000000000000000E+000, 7.7604100108146667E-002,-2.4181071668863297E-002, 0.0000000000000000E+000, 0.0000000000000000E+000, 0.0000000000000000E+000, 0.0000000000000000E+000, 0.0000000000000000E+000, 0.0000000000000000E+000, 3.1504020094871521E-002, 9.4815053939819336E+000, 5.2869680803269148E-004, 0.0000000000000000E+000, 9.7217425704002380E-002,-3.0061157420277596E-002, 0.0000000000000000E+000, 0.0000000000000000E+000, 0.0000000000000000E+000, 0.0000000000000000E+000, 0.0000000000000000E+000, 0.0000000000000000E+000, 2.1659613121300936E-003, 1.2033015955239534E-003,-1.2420654529705644E-003,-6.1221504665809334E-007, 0.0000000000000000E+000, 0.0000000000000000E+000, 0.0000000000000000E+000, 0.0000000000000000E+000, 3.0088217163085938E+002, 1.5407379150390625E+002, 2.4504414367675781E+002
land_cumulus,4,1, 2.0000000000000000E+001, 1.0000000000000000E+005, 3.4999999403953552E-001, 3.1916775703430176E+000, 0.0000000000000000E+000, 0.0000000000000000E+000, 1.4000000059604645E-001, 9.9999997473787516E-005, 9.9999997473787516E-005, 0.0000000000000000E+000, 9.5000000000000000E+001, 1.1347795724868774E+000, 3.3637499809265137E+000,-8.0599999427795410E-001, 3.0085449218750000E+002, 2.9841210937500000E+002, 1.7011811956763268E-002, 9.7187367187500000E+004, 9.9188184738159180E-001, 3.0085449218750000E+002, 1.6727250069379807E-002, 0.0000000000000000E+000, 0.0000000000000000E+000, 0.0000000000000000E+000, 0.0000000000000000E+000, 0.0000000000000000E+000, 0.0000000000000000E+000, 3.3333053588867188E+000, 5.3014154434204102E+000, 1.1282841114734765E-005, 0.0000000000000000E+000, 0.0000000000000000E+000, 0.0000000000000000E+000, 0.0000000000000000E+000, 0.0000000000000000E+000, 0.0000000000000000E+000, 0.0000000000000000E+000, 0.0000000000000000E+000, 0.0000000000000000E+000, 3.1504020094871521E-002, 9.4815053939819336E+000, 5.2869680803269148E-004, 0.0000000000000000E+000, 9.7217425704002380E-002,-3.0061157420277596E-002, 0.0000000000000000E+000, 0.0000000000000000E+000, 0.0000000000000000E+000, 0.0000000000000000E+000, 0.0000000000000000E+000, 0.0000000000000000E+000, 4.0345538407564163E-002, 1.2141595840454102E+001, 6.7663035588338971E-004, 0.0000000000000000E+000, 1.2525171041488647E-001,-3.8097497075796127E-002, 0.0000000000000000E+000, 0.0000000000000000E+000, 0.0000000000000000E+000, 0.0000000000000000E+000, 0.0000000000000000E+000, 0.0000000000000000E+000, 1.6443490749225020E-003, 8.9190003927797079E-004,-9.4451906625181437E-004,-4.7936237024259754E-007, 0.0000000000000000E+000, 0.0000000000000000E+000, 0.0000000000000000E+000, 0.0000000000000000E+000, 3.0083560180664062E+002, 2.9166421508789062E+002, 4.6387384033203125E+002
land_cumulus,5,1, 2.0000000000000000E+001, 1.0000000000000000E+005, 3.4999999403953552E-001, 3.1916775703430176E+000, 0.0000000000000000E+000, 0.0000000000000000E+000, 1.4000000059604645E-001, 9.9999997473787516E-005, 9.9999997473787516E-005, 0.0000000000000000E+000, 1.1000000000000000E+002, 1.1252770423889160E+000, 3.5174999237060547E+000,-7.2399997711181641E-001, 3.0079299926757812E+002, 2.9732498168945312E+002, 1.6980007290840149E-002, 9.6022445312500000E+004, 9.8847037553787231E-001, 3.0079299926757812E+002, 1.6696499660611153E-002, 0.0000000000000000E+000, 0.0000000000000000E+000, 0.0000000000000000E+000, 0.0000000000000000E+000, 0.0000000000000000E+000, 0.0000000000000000E+000, 3.9396827220916748E+000, 6.2658066749572754E+000, 1.2768531632900704E-005, 0.0000000000000000E+000, 0.0000000000000000E+000, 0.0000000000000000E+000, 0.0000000000000000E+000, 0.0000000000000000E+000, 0.0000000000000000E+000, 0.0000000000000000E+000, 0.0000000000000000E+000, 0.0000000000000000E+000, 4.0345538407564163E-002, 1.2141595840454102E+001, 6.7663035588338971E-004, 0.0000000000000000E+000, 1.2525171041488647E-001,-3.8097497075796127E-002, 0.0000000000000000E+000, 0.0000000000000000E+000, 0.0000000000000000E+000, 0.0000000000000000E+000, 0.0000000000000000E+000, 0.0000000000000000E+000, 4.6551037579774857E-002, 1.4007497787475586E+001, 7.7990395948290825E-004, 0.0000000000000000E+000, 1.4599755406379700E-001,-4.3167337775230408E-002, 0.0000000000000000E+000, 0.0000000000000000E+000, 0.0000000000000000E+000, 0.0000000000000000E+000, 0.0000000000000000E+000, 0.0000000000000000E+000, 1.0223746066913009E-003, 5.5007339688017964E-004,-5.6915282038971782E-004,-3.0518177140947955E-007, 0.0000000000000000E+000, 0.0000000000000000E+000, 0.0000000000000000E+000, 0.0000000000000000E+000, 3.0078161621093750E+002, 4.0381747436523438E+002, 6.4224517822265625E+002
land_cumulus,6,1, 2.0000000000000000E+001, 1.0000000000000000E+005, 3.4999999403953552E-001, 3.1916775703430176E+000, 0.0000000000000000E+000, 0.0000000000000000E+000, 1.4000000059604645E-001, 9.9999997473787516E-005, 9.9999997473787516E-005, 0.0000000000000000E+000, 1.2500000000000000E+002, 1.1144819259643555E+000, 3.6937499046325684E+000,-6.2999999523162842E-001, 3.0072250366210938E+002, 2.9608355712890625E+002, 1.6943549737334251E-002, 9.4704203125000000E+004, 9.8457401990890503E-001, 3.0072250366210938E+002, 1.6661249101161957E-002, 0.0000000000000000E+000, 0.0000000000000000E+000, 0.0000000000000000E+000, 0.0000000000000000E+000, 0.0000000000000000E+000, 0.0000000000000000E+000, 3.9954566955566406E+000, 6.3545122146606445E+000, 1.4036456377652939E-005, 0.0000000000000000E+000, 0.0000000000000000E+000, 0.0000000000000000E+000, 0.0000000000000000E+000, 0.0000000000000000E+000, 0.0000000000000000E+000, 0.0000000000000000E+000, 0.0000000000000000E+000, 0.0000000000000000E+000, 4.6551037579774857E-002, 1.4007497787475586E+001, 7.7990395948290825E-004, 0.0000000000000000E+000, 1.4599755406379700E-001,-4.3167337775230408E-002, 0.0000000000000000E+000, 0.0000000000000000E+000, 0.0000000000000000E+000, 0.0000000000000000E+000, 0.0000000000000000E+000, 0.0000000000000000E+000, 5.1032334566116333E-002, 1.5353493690490723E+001, 8.5374765330925584E-004, 0.0000000000000000E+000, 1.6253915429115295E-001,-4.5996516942977905E-002, 0.0000000000000000E+000, 0.0000000000000000E+000, 0.0000000000000000E+000, 0.0000000000000000E+000, 0.0000000000000000E+000, 0.0000000000000000E+000, 5.6481361389160156E-004, 3.0269921990111470E-004,-2.2735595121048391E-004,-1.5750219972687773E-007, 0.0000000000000000E+000, 0.0000000000000000E+000, 0.0000000000000000E+000, 0.0000000000000000E+000, 3.0071795654296875E+002, 4.6946615600585938E+002, 7.4665521240234375E+002
land_cumulus,7,1, 2.0000000000000000E+001, 1.0000000000000000E+005, 3.4999999403953552E-001, 3.1916775703430176E+000, 0.0000000000000000E+000, 0.0000000000000000E+000, 1.4000000059604645E-001, 9.9999997473787516E-005, 9.9999997473787516E-005, 0.0000000000000000E+000, 1.4000000000000000E+002, 1.1024332046508789E+000, 3.8924999237060547E+000,-5.2400004863739014E-001, 3.0064300537109375E+002, 2.9468988037109375E+002, 1.6902443021535873E-002, 9.3239382812500000E+004, 9.8019868135452271E-001, 3.0064300537109375E+002, 1.6621500253677368E-002, 0.0000000000000000E+000, 0.0000000000000000E+000, 0.0000000000000000E+000, 0.0000000000000000E+000, 0.0000000000000000E+000, 0.0000000000000000E+000, 3.8482599258422852E+000, 6.1194591522216797E+000, 1.4680625099572353E-005, 0.0000000000000000E+000, 0.0000000000000000E+000, 0.0000000000000000E+000, 0.0000000000000000E+000, 0.0000000000000000E+000, 0.0000000000000000E+000, 0.0000000000000000E+000, 0.0000000000000000E+000, 0.0000000000000000E+000, 5.1032334566116333E-002, 1.5353493690490723E+001, 8.5374765330925584E-004, 0.0000000000000000E+000, 1.6253915429115295E-001,-4.5996516942977905E-002, 0.0000000000000000E+000, 0.0000000000000000E+000, 0.0000000000000000E+000, 0.0000000000000000E+000, 0.0000000000000000E+000, 0.0000000000000000E+000, 5.4330360144376755E-002, 1.6342374801635742E+001, 9.0723630273714662E-004, 0.0000000000000000E+000, 1.7673449218273163E-001,-4.7000549733638763E-002, 0.0000000000000000E+000, 0.0000000000000000E+000, 0.0000000000000000E+000, 0.0000000000000000E+000, 0.0000000000000000E+000, 0.0000000000000000E+000, 2.0958184904884547E-004, 1.1218785948585719E-004, 1.7242431931663305E-004,-1.9393656458532860E-008, 0.0000000000000000E+000, 0.0000000000000000E+000, 0.0000000000000000E+000, 0.0000000000000000E+000, 3.0064645385742188E+002, 5.0989443969726562E+002, 8.1082830810546875E+002
land_cumulus,8,1, 2.0000000000000000E+001, 1.0000000000000000E+005, 3.4999999403953552E-001, 3.1916775703430176E+000, 0.0000000000000000E+000, 0.0000000000000000E+000, 1.4000000059604645E-001, 9.9999997473787516E-005, 9.9999997473787516E-005, 0.0000000000000000E+000, 1.5500000000000000E+002, 1.0891735553741455E+000, 4.1137499809265137E+000,-4.0600001811981201E-001, 3.0055450439453125E+002, 2.9314611816406250E+002, 1.6856687143445015E-002, 9.1635367187500000E+004, 9.7535091638565063E-001, 3.0055450439453125E+002, 1.6577249392867088E-002, 0.0000000000000000E+000, 0.0000000000000000E+000, 0.0000000000000000E+000, 0.0000000000000000E+000, 0.0000000000000000E+000, 0.0000000000000000E+000, 3.5330657958984375E+000, 5.4388732910156250E+000, 1.4377995285030920E-005, 0.0000000000000000E+000, 0.0000000000000000E+000, 0.0000000000000000E+000, 0.0000000000000000E+000, 0.0000000000000000E+000, 0.0000000000000000E+000, 0.0000000000000000E+000, 0.0000000000000000E+000, 0.0000000000000000E+000, 5.4330360144376755E-002, 1.6342374801635742E+001, 9.0723630273714662E-004, 0.0000000000000000E+000, 1.7673449218273163E-001,-4.7000549733638763E-002, 0.0000000000000000E+000, 0.0000000000000000E+000, 0.0000000000000000E+000, 0.0000000000000000E+000, 0.0000000000000000E+000, 0.0000000000000000E+000, 1.2655740976333618E-001, 3.8058578491210938E+001, 2.0792260766029358E-003, 2.9365452064666897E-005, 4.2297482490539551E-001,-1.0346268862485886E-001, 0.0000000000000000E+000, 0.0000000000000000E+000, 0.0000000000000000E+000, 0.0000000000000000E+000, 0.0000000000000000E+000, 0.0000000000000000E+000, 4.0531159584134002E-007, 3.0994414146334748E-007, 7.4920651968568563E-004, 7.0007473595978809E-008, 0.0000000000000000E+000, 0.0000000000000000E+000, 0.0000000000000000E+000, 0.0000000000000000E+000, 3.0056948852539062E+002, 5.2112719726562500E+002, 8.0223382568359375E+002
land_cumulus,9,1, 2.0000000000000000E+001, 1.0000000000000000E+005, 3.4999999403953552E-001, 3.1916775703430176E+000, 0.0000000000000000E+000, 0.0000000000000000E+000, 1.4000000059604645E-001, 9.9999997473787516E-005, 9.9999997473787516E-005, 0.0000000000000000E+000, 1.7000000000000000E+002, 1.0747500658035278E+000, 4.3575000762939453E+000,-2.7600002288818359E-001, 3.0045700073242188E+002, 2.9145468139648438E+002, 1.6806282103061676E-002, 8.9900148437500000E+004, 9.7003787755966187E-001, 3.0045700073242188E+002, 1.6528500244021416E-002, 0.0000000000000000E+000, 0.0000000000000000E+000, 0.0000000000000000E+000, 0.0000000000000000E+000, 0.0000000000000000E+000, 0.0000000000000000E+000, 3.1758401393890381E+000, 4.8567371368408203E+000, 1.2437129953468684E-005, 0.0000000000000000E+000, 0.0000000000000000E+000, 0.0000000000000000E+000, 0.0000000000000000E+000, 0.0000000000000000E+000, 0.0000000000000000E+000, 0.0000000000000000E+000, 0.0000000000000000E+000, 0.0000000000000000E+000, 1.2655740976333618E-001, 3.8058578491210938E+001, 2.0792260766029358E-003, 2.9365452064666897E-005, 4.2297482490539551E-001,-1.0346268862485886E-001, 0.0000000000000000E+000, 0.0000000000000000E+000, 0.0000000000000000E+000, 0.0000000000000000E+000, 0.0000000000000000E+000, 0.0000000000000000E+000, 1.8688167631626129E-001, 5.6190299987792969E+001, 2.9917482752352953E-003, 1.1735728912753984E-004, 6.3623642921447754E-001,-1.4656624197959900E-001, 0.0000000000000000E+000, 0.0000000000000000E+000, 0.0000000000000000E+000, 0.0000000000000000E+000, 0.0000000000000000E+000, 0.0000000000000000E+000,-9.8969938699156046E-004,-5.2782893180847168E-004, 1.8676758045330644E-003, 2.8704636179099907E-007, 0.0000000000000000E+000, 0.0000000000000000E+000, 0.0000000000000000E+000, 0.0000000000000000E+000, 3.0049435424804688E+002, 5.1607403564453125E+002, 7.8921978759765625E+002
land_cumulus,10,1, 2.0000000000000000E+001, 1.0000000000000000E+005, 3.4999999403953552E-001, 3.1916775703430176E+000, 0.0000000000000000E+000, 0.0000000000000000E+000, 1.4000000059604645E-001, 9.9999997473787516E-005, 9.9999997473787516E-005, 0.0000000000000000E+000, 1.8500000000000000E+002, 1.0592136383056641E+000, 4.6237497329711914E+000,-1.3400000333786011E-001, 3.0035049438476562E+002, 2.8961822509765625E+002, 1.6751229763031006E-002, 8.8042289062500000E+004, 9.6426749229431152E-001, 3.0035049438476562E+002, 1.6475249081850052E-002, 0.0000000000000000E+000, 0.0000000000000000E+000, 0.0000000000000000E+000, 0.0000000000000000E+000, 0.0000000000000000E+000, 0.0000000000000000E+000, 2.0971360206604004E+000, 3.3330962657928467E+000, 9.5745508588152006E-006, 0.0000000000000000E+000, 0.0000000000000000E+000, 0.0000000000000000E+000, 0.0000000000000000E+000, 0.0000000000000000E+000, 0.0000000000000000E+000, 0.0000000000000000E+000, 0.0000000000000000E+000, 0.0000000000000000E+000, 1.8688167631626129E-001, 5.6190299987792969E+001, 2.9917482752352953E-003, 1.1735728912753984E-004, 6.3623642921447754E-001,-1.4656624197959900E-001, 0.0000000000000000E+000, 0.0000000000000000E+000, 0.0000000000000000E+000, 0.0000000000000000E+000, 0.0000000000000000E+000, 0.0000000000000000E+000, 7.3212757706642151E-002, 2.2008392333984375E+001, 1.1384073877707124E-003, 7.7255288488231599E-005, 2.5518605113029480E-001,-5.4253920912742615E-002, 0.0000000000000000E+000, 0.0000000000000000E+000, 0.0000000000000000E+000, 0.0000000000000000E+000, 0.0000000000000000E+000, 0.0000000000000000E+000,-3.0156611464917660E-003,-1.6083649825304747E-003, 3.8681030273437500E-003, 4.7227368327185104E-007, 7.9611780279265076E-008, 0.0000000000000000E+000, 0.0000000000000000E+000, 0.0000000000000000E+000, 3.0042373657226562E+002, 3.7224163818359375E+002, 5.9162457275390625E+002
land_cumulus,11,1, 2.0000000000000000E+001, 1.0000000000000000E+005, 3.4999999403953552E-001, 3.1916775703430176E+000, 0.0000000000000000E+000, 0.0000000000000000E+000, 1.4000000059604645E-001, 9.9999997473787516E-005, 9.9999997473787516E-005, 0.0000000000000000E+000, 2.0000000000000000E+002, 1.0192198753356934E+000, 4.9124999046325684E+000, 1.9999980926513672E-002, 3.0712750244140625E+002, 2.9424295043945312E+002, 1.5661500394344330E-002, 8.6070796875000000E+004, 9.5804822444915771E-001, 3.0712750244140625E+002, 1.5420000068843365E-002, 0.0000000000000000E+000, 0.0000000000000000E+000, 0.0000000000000000E+000, 0.0000000000000000E+000, 0.0000000000000000E+000, 0.0000000000000000E+000, 5.2603594958782196E-002, 1.3150899671018124E-002, 4.0377809540359522E-008, 0.0000000000000000E+000, 0.0000000000000000E+000, 0.0000000000000000E+000, 0.0000000000000000E+000, 0.0000000000000000E+000, 0.0000000000000000E+000, 0.0000000000000000E+000, 0.0000000000000000E+000, 0.0000000000000000E+000, 7.3212757706642151E-002, 2.2008392333984375E+001, 1.1384073877707124E-003, 7.7255288488231599E-005, 2.5518605113029480E-001,-5.4253920912742615E-002, 0.0000000000000000E+000, 0.0000000000000000E+000, 0.0000000000000000E+000, 0.0000000000000000E+000, 0.0000000000000000E+000, 0.0000000000000000E+000, 0.0000000000000000E+000, 0.0000000000000000E+000, 0.0000000000000000E+000, 0.0000000000000000E+000, 0.0000000000000000E+000, 0.0000000000000000E+000, 0.0000000000000000E+000, 0.0000000000000000E+000, 0.0000000000000000E+000, 0.0000000000000000E+000, 0.0000000000000000E+000, 0.0000000000000000E+000,-5.3832528647035360E-004,-2.8710541664622724E-004,-1.3473511207848787E-003, 4.5914202218000355E-008, 3.7628811355716607E-007, 0.0000000000000000E+000, 0.0000000000000000E+000, 0.0000000000000000E+000, 3.0708099365234375E+002, 1.0126192092895508E+001, 2.5315482616424561E+000
land_cumulus,12,1, 2.0000000000000000E+001, 1.0000000000000000E+005, 3.4999999403953552E-001, 3.1916775703430176E+000, 0.0000000000000000E+000, 0.0000000000000000E+000, 1.4000000059604645E-001, 9.9999997473787516E-005, 9.9999997473787516E-005, 0.0000000000000000E+000, 2.1500000000000000E+002, 9.9856585264205933E-001, 5.2237501144409180E+000, 1.8599998950958252E-001, 3.0806124877929688E+002, 2.9308618164062500E+002, 1.4378819614648819E-002, 8.3995101562500000E+004, 9.5138931274414062E-001, 3.0806124877929688E+002, 1.4174999669194221E-002, 0.0000000000000000E+000, 0.0000000000000000E+000, 0.0000000000000000E+000, 0.0000000000000000E+000, 0.0000000000000000E+000, 0.0000000000000000E+000, 2.2483861539512873E-004, 3.2218697015196085E-005, 9.2721492706004938E-009, 0.0000000000000000E+000, 0.0000000000000000E+000, 0.0000000000000000E+000, 0.0000000000000000E+000, 0.0000000000000000E+000, 0.0000000000000000E+000, 0.0000000000000000E+000, 0.0000000000000000E+000, 0.0000000000000000E+000, 0.0000000000000000E+000, 0.0000000000000000E+000, 0.0000000000000000E+000, 0.0000000000000000E+000, 0.0000000000000000E+000, 0.0000000000000000E+000, 0.0000000000000000E+000, 0.0000000000000000E+000, 0.0000000000000000E+000, 0.0000000000000000E+000, 0.0000000000000000E+000, 0.0000000000000000E+000, 0.0000000000000000E+000, 0.0000000000000000E+000, 0.0000000000000000E+000, 0.0000000000000000E+000, 0.0000000000000000E+000, 0.0000000000000000E+000, 0.0000000000000000E+000, 0.0000000000000000E+000, 0.0000000000000000E+000, 0.0000000000000000E+000, 0.0000000000000000E+000, 0.0000000000000000E+000,-1.6689300252892281E-007,-8.0466271867862815E-008,-1.5258789289873675E-006, 4.6566129424663316E-011, 1.1398478732063677E-012, 0.0000000000000000E+000, 0.0000000000000000E+000, 0.0000000000000000E+000, 3.0806121826171875E+002, 4.6654012054204941E-002, 6.6853794269263744E-003
land_cumulus,13,1, 2.0000000000000000E+001, 1.0000000000000000E+005, 3.4999999403953552E-001, 3.1916775703430176E+000, 0.0000000000000000E+000, 0.0000000000000000E+000, 1.4000000059604645E-001, 9.9999997473787516E-005, 9.9999997473787516E-005, 0.0000000000000000E+000, 2.3000000000000000E+002, 9.7689360380172729E-001, 5.5574998855590820E+000, 3.6399996280670166E-001, 3.0906250000000000E+002, 2.9184783935546875E+002, 1.3007009401917458E-002, 8.1824929687500000E+004, 9.4430041313171387E-001, 3.0906250000000000E+002, 1.2839999981224537E-002, 0.0000000000000000E+000, 0.0000000000000000E+000, 0.0000000000000000E+000, 0.0000000000000000E+000, 0.0000000000000000E+000, 0.0000000000000000E+000, 1.2381582928355783E-004, 1.9644947315100580E-005, 1.2755863032509751E-008, 0.0000000000000000E+000, 0.0000000000000000E+000, 0.0000000000000000E+000, 0.0000000000000000E+000, 0.0000000000000000E+000, 0.0000000000000000E+000, 0.0000000000000000E+000, 0.0000000000000000E+000, 0.0000000000000000E+000, 0.0000000000000000E+000, 0.0000000000000000E+000, 0.0000000000000000E+000, 0.0000000000000000E+000, 0.0000000000000000E+000, 0.0000000000000000E+000, 0.0000000000000000E+000, 0.0000000000000000E+000, 0.0000000000000000E+000, 0.0000000000000000E+000, 0.0000000000000000E+000, 0.0000000000000000E+000, 0.0000000000000000E+000, 0.0000000000000000E+000, 0.0000000000000000E+000, 0.0000000000000000E+000, 0.0000000000000000E+000, 0.0000000000000000E+000, 0.0000000000000000E+000, 0.0000000000000000E+000, 0.0000000000000000E+000, 0.0000000000000000E+000, 0.0000000000000000E+000, 0.0000000000000000E+000,-4.7683716530855236E-008,-1.1920929132713809E-008,-1.5258789289873675E-006, 0.0000000000000000E+000, 1.9694727843259873E-018, 0.0000000000000000E+000, 0.0000000000000000E+000, 0.0000000000000000E+000, 3.0906246948242188E+002, 2.7549022808670998E-002, 4.3710009194910526E-003
land_cumulus,14,1, 2.0000000000000000E+001, 1.0000000000000000E+005, 3.4999999403953552E-001, 3.1916775703430176E+000, 0.0000000000000000E+000, 0.0000000000000000E+000, 1.4000000059604645E-001, 9.9999997473787516E-005, 9.9999997473787516E-005, 0.0000000000000000E+000, 2.4500000000000000E+002, 9.5429003238677979E-001, 5.9137496948242188E+000, 5.5400002002716064E-001, 3.1013125610351562E+002, 2.9052844238281250E+002, 1.1546807363629341E-002, 7.9570289062500000E+004, 9.3679189682006836E-001, 3.1013125610351562E+002, 1.1415000073611736E-002, 0.0000000000000000E+000, 0.0000000000000000E+000, 0.0000000000000000E+000, 0.0000000000000000E+000, 0.0000000000000000E+000, 0.0000000000000000E+000, 1.0439061588840559E-004, 1.6776362826931290E-005, 1.3391305841992107E-008, 0.0000000000000000E+000, 0.0000000000000000E+000, 0.0000000000000000E+000, 0.0000000000000000E+000, 0.0000000000000000E+000, 0.0000000000000000E+000, 0.0000000000000000E+000, 0.0000000000000000E+000, 0.0000000000000000E+000, 0.0000000000000000E+000, 0.0000000000000000E+000, 0.0000000000000000E+000, 0.0000000000000000E+000, 0.0000000000000000E+000, 0.0000000000000000E+000, 0.0000000000000000E+000, 0.0000000000000000E+000, 0.0000000000000000E+000, 0.0000000000000000E+000, 0.0000000000000000E+000, 0.0000000000000000E+000, 0.0000000000000000E+000, 0.0000000000000000E+000, 0.0000000000000000E+000, 0.0000000000000000E+000, 0.0000000000000000E+000, 0.0000000000000000E+000, 0.0000000000000000E+000, 0.0000000000000000E+000, 0.0000000000000000E+000, 0.0000000000000000E+000, 0.0000000000000000E+000, 0.0000000000000000E+000, 2.3841858265427618E-008, 0.0000000000000000E+000, 0.0000000000000000E+000, 0.0000000000000000E+000, 2.7301355747213805E-024, 0.0000000000000000E+000, 0.0000000000000000E+000, 0.0000000000000000E+000, 3.1013125610351562E+002, 2.4792771786451340E-002, 3.9843861013650894E-003
land_cumulus,15,1, 2.0000000000000000E+001, 1.0000000000000000E+005, 3.4999999403953552E-001, 3.1916775703430176E+000, 0.0000000000000000E+000, 0.0000000000000000E+000, 1.4000000059604645E-001, 9.9999997473787516E-005, 9.9999997473787516E-005, 0.0000000000000000E+000, 2.6000000000000000E+002, 9.3084430694580078E-001, 6.2925000190734863E+000, 7.5599992275238037E-001, 3.1126748657226562E+002, 2.8912847900390625E+002, 9.9989892914891243E-003, 7.7241343750000000E+004, 9.2887461185455322E-001, 3.1126748657226562E+002, 9.8999999463558197E-003, 0.0000000000000000E+000, 0.0000000000000000E+000, 0.0000000000000000E+000, 0.0000000000000000E+000, 0.0000000000000000E+000, 0.0000000000000000E+000, 9.7571763035375625E-005, 1.5726393030490726E-005, 1.3380702768017727E-008, 0.0000000000000000E+000, 0.0000000000000000E+000, 0.0000000000000000E+000, 0.0000000000000000E+000, 0.0000000000000000E+000, 0.0000000000000000E+000, 0.0000000000000000E+000, 0.0000000000000000E+000, 0.0000000000000000E+000, 0.0000000000000000E+000, 0.0000000000000000E+000, 0.0000000000000000E+000, 0.0000000000000000E+000, 0.0000000000000000E+000, 0.0000000000000000E+000, 0.0000000000000000E+000, 0.0000000000000000E+000, 0.0000000000000000E+000, 0.0000000000000000E+000, 0.0000000000000000E+000, 0.0000000000000000E+000, 0.0000000000000000E+000, 0.0000000000000000E+000, 0.0000000000000000E+000, 0.0000000000000000E+000, 0.0000000000000000E+000, 0.0000000000000000E+000, 0.0000000000000000E+000, 0.0000000000000000E+000, 0.0000000000000000E+000, 0.0000000000000000E+000, 0.0000000000000000E+000, 0.0000000000000000E+000, 0.0000000000000000E+000, 2.9802322831784522E-009, 0.0000000000000000E+000, 0.0000000000000000E+000, 3.3455276401803757E-030, 0.0000000000000000E+000, 0.0000000000000000E+000, 0.0000000000000000E+000, 3.1126748657226562E+002, 2.4636870250105858E-002, 3.9709140546619892E-003
land_cumulus,16,1, 2.0000000000000000E+001, 1.0000000000000000E+005, 3.4999999403953552E-001, 3.1916775703430176E+000, 0.0000000000000000E+000, 0.0000000000000000E+000, 1.4000000059604645E-001, 9.9999997473787516E-005, 9.9999997473787516E-005, 0.0000000000000000E+000, 2.7500000000000000E+002, 9.0664714574813843E-001, 6.6937503814697266E+000, 9.6999990940093994E-001, 3.1247125244140625E+002, 2.8764852905273438E+002, 8.3643821999430656E-003, 7.4848367187500000E+004, 9.2056000232696533E-001, 3.1247125244140625E+002, 8.2949995994567871E-003, 0.0000000000000000E+000, 0.0000000000000000E+000, 0.0000000000000000E+000, 0.0000000000000000E+000, 0.0000000000000000E+000, 0.0000000000000000E+000, 9.2073692940175533E-005, 1.4876666682539508E-005, 1.3327266401574889E-008, 0.0000000000000000E+000, 0.0000000000000000E+000, 0.0000000000000000E+000, 0.0000000000000000E+000, 0.0000000000000000E+000, 0.0000000000000000E+000, 0.0000000000000000E+000, 0.0000000000000000E+000, 0.0000000000000000E+000, 0.0000000000000000E+000, 0.0000000000000000E+000, 0.0000000000000000E+000, 0.0000000000000000E+000, 0.0000000000000000E+000, 0.0000000000000000E+000, 0.0000000000000000E+000, 0.0000000000000000E+000, 0.0000000000000000E+000, 0.0000000000000000E+000, 0.0000000000000000E+000, 0.0000000000000000E+000, 0.0000000000000000E+000, 0.0000000000000000E+000, 0.0000000000000000E+000, 0.0000000000000000E+000, 0.0000000000000000E+000, 0.0000000000000000E+000, 0.0000000000000000E+000, 0.0000000000000000E+000, 0.0000000000000000E+000, 0.0000000000000000E+000, 0.0000000000000000E+000, 0.0000000000000000E+000, 2.3841858265427618E-008, 2.9802322831784522E-009,-1.5258789289873675E-006, 0.0000000000000000E+000, 3.6693066205425097E-036, 0.0000000000000000E+000, 0.0000000000000000E+000, 0.0000000000000000E+000, 3.1247122192382812E+002, 2.4629712104797363E-002, 3.9795082993805408E-003
land_cumulus,17,1, 2.0000000000000000E+001, 1.0000000000000000E+005, 3.4999999403953552E-001, 3.1916775703430176E+000, 0.0000000000000000E+000, 0.0000000000000000E+000, 1.4000000059604645E-001, 9.9999997473787516E-005, 9.9999997473787516E-005, 0.0000000000000000E+000, 2.9000000000000000E+002, 8.8178974390029907E-001, 7.1174998283386230E+000, 1.1959998607635498E+000, 3.1374249267578125E+002, 2.8608920288085938E+002, 6.6438494250178337E-003, 7.2401640625000000E+004, 9.1185992956161499E-001, 3.1374249267578125E+002, 6.5999999642372131E-003, 0.0000000000000000E+000, 0.0000000000000000E+000, 0.0000000000000000E+000, 0.0000000000000000E+000, 0.0000000000000000E+000, 0.0000000000000000E+000, 8.7183711002580822E-005, 1.4123816981737036E-005, 1.3267287712892539E-008, 0.0000000000000000E+000, 0.0000000000000000E+000, 0.0000000000000000E+000, 0.0000000000000000E+000, 0.0000000000000000E+000, 0.0000000000000000E+000, 0.0000000000000000E+000, 0.0000000000000000E+000, 0.0000000000000000E+000, 0.0000000000000000E+000, 0.0000000000000000E+000, 0.0000000000000000E+000, 0.0000000000000000E+000, 0.0000000000000000E+000, 0.0000000000000000E+000, 0.0000000000000000E+000, 0.0000000000000000E+000, 0.0000000000000000E+000, 0.0000000000000000E+000, 0.0000000000000000E+000, 0.0000000000000000E+000, 0.0000000000000000E+000, 0.0000000000000000E+000, 0.0000000000000000E+000, 0.0000000000000000E+000, 0.0000000000000000E+000, 0.0000000000000000E+000, 0.0000000000000000E+000, 0.0000000000000000E+000, 0.0000000000000000E+000, 0.0000000000000000E+000, 0.0000000000000000E+000, 0.0000000000000000E+000, 2.3841858265427618E-008, 5.9604645663569045E-009,-1.5258789289873675E-006, 0.0000000000000000E+000, 3.6265604256726266E-042, 0.0000000000000000E+000, 0.0000000000000000E+000, 0.0000000000000000E+000, 3.1374246215820312E+002, 2.4629399180412292E-002, 3.9899782277643681E-003
land_cumulus,18,1, 2.0000000000000000E+001, 1.0000000000000000E+005, 3.4999999403953552E-001, 3.1916775703430176E+000, 0.0000000000000000E+000, 0.0000000000000000E+000, 1.4000000059604645E-001, 9.9999997473787516E-005, 9.9999997473787516E-005, 0.0000000000000000E+000, 3.0500000000000000E+002, 8.5636425018310547E-001, 7.5637502670288086E+000, 1.4340000152587891E+000, 3.1508123779296875E+002, 2.8445117187500000E+002, 4.8382962122559547E-003, 6.9911421875000000E+004, 9.0278673171997070E-001, 3.1508123779296875E+002, 4.8150001093745232E-003, 0.0000000000000000E+000, 0.0000000000000000E+000, 0.0000000000000000E+000, 0.0000000000000000E+000, 0.0000000000000000E+000, 0.0000000000000000E+000, 8.2788210420403630E-005, 1.3448845493257977E-005, 1.3202166471160126E-008, 0.0000000000000000E+000, 0.0000000000000000E+000, 0.0000000000000000E+000, 0.0000000000000000E+000, 0.0000000000000000E+000, 0.0000000000000000E+000, 0.0000000000000000E+000, 0.0000000000000000E+000, 0.0000000000000000E+000, 0.0000000000000000E+000, 0.0000000000000000E+000, 0.0000000000000000E+000, 0.0000000000000000E+000, 0.0000000000000000E+000, 0.0000000000000000E+000, 0.0000000000000000E+000, 0.0000000000000000E+000, 0.0000000000000000E+000, 0.0000000000000000E+000, 0.0000000000000000E+000, 0.0000000000000000E+000, 0.0000000000000000E+000, 0.0000000000000000E+000, 0.0000000000000000E+000, 0.0000000000000000E+000, 0.0000000000000000E+000, 0.0000000000000000E+000, 0.0000000000000000E+000, 0.0000000000000000E+000, 0.0000000000000000E+000, 0.0000000000000000E+000, 0.0000000000000000E+000, 0.0000000000000000E+000, 0.0000000000000000E+000,-5.9604645663569045E-009, 1.5258789289873675E-006, 2.3283064712331658E-011, 0.0000000000000000E+000, 0.0000000000000000E+000, 0.0000000000000000E+000, 0.0000000000000000E+000, 3.1508126831054688E+002, 2.4629492312669754E-002, 4.0010316297411919E-003
land_cumulus,19,1, 2.0000000000000000E+001, 1.0000000000000000E+005, 3.4999999403953552E-001, 3.1916775703430176E+000, 0.0000000000000000E+000, 0.0000000000000000E+000, 1.4000000059604645E-001, 9.9999997473787516E-005, 9.9999997473787516E-005, 0.0000000000000000E+000, 3.2000000000000000E+002, 8.3046185970306396E-001, 8.0325002670288086E+000, 1.6840000152587891E+000, 3.1648748779296875E+002, 2.8273516845703125E+002, 2.9486690182238817E-003, 6.7387820312500000E+004, 8.9335334300994873E-001, 3.1648748779296875E+002, 2.9400000348687172E-003, 0.0000000000000000E+000, 0.0000000000000000E+000, 0.0000000000000000E+000, 0.0000000000000000E+000, 0.0000000000000000E+000, 0.0000000000000000E+000, 7.8814235166646540E-005, 1.2840594536100980E-005, 1.3131661980025910E-008, 0.0000000000000000E+000, 0.0000000000000000E+000, 0.0000000000000000E+000, 0.0000000000000000E+000, 0.0000000000000000E+000, 0.0000000000000000E+000, 0.0000000000000000E+000, 0.0000000000000000E+000, 0.0000000000000000E+000, 0.0000000000000000E+000, 0.0000000000000000E+000, 0.0000000000000000E+000, 0.0000000000000000E+000, 0.0000000000000000E+000, 0.0000000000000000E+000, 0.0000000000000000E+000, 0.0000000000000000E+000, 0.0000000000000000E+000, 0.0000000000000000E+000, 0.0000000000000000E+000, 0.0000000000000000E+000, 0.0000000000000000E+000, 0.0000000000000000E+000, 0.0000000000000000E+000, 0.0000000000000000E+000, 0.0000000000000000E+000, 0.0000000000000000E+000, 0.0000000000000000E+000, 0.0000000000000000E+000, 0.0000000000000000E+000, 0.0000000000000000E+000, 0.0000000000000000E+000, 0.0000000000000000E+000, 0.0000000000000000E+000, 0.0000000000000000E+000, 0.0000000000000000E+000, 0.0000000000000000E+000, 0.0000000000000000E+000, 0.0000000000000000E+000, 0.0000000000000000E+000, 0.0000000000000000E+000, 3.1648748779296875E+002, 2.4629447609186172E-002, 4.0126857347786427E-003
land_cumulus,20,1, 2.0000000000000000E+001, 1.0000000000000000E+005, 3.4999999403953552E-001, 3.1916775703430176E+000, 0.0000000000000000E+000, 0.0000000000000000E+000, 1.4000000059604645E-001, 9.9999997473787516E-005, 9.9999997473787516E-005, 0.0000000000000000E+000, 3.3500000000000000E+002, 8.0417364835739136E-001, 8.5237503051757812E+000, 1.9459998607635498E+000, 3.1796124267578125E+002, 2.8094192504882812E+002, 9.7595131956040859E-004, 6.4840792968750000E+004, 8.8357287645339966E-001, 3.1796124267578125E+002, 9.7499974071979523E-004, 0.0000000000000000E+000, 0.0000000000000000E+000, 0.0000000000000000E+000, 0.0000000000000000E+000, 0.0000000000000000E+000, 0.0000000000000000E+000, 7.5204297900199890E-005, 1.2290062841202598E-005, 1.3055251990579109E-008, 0.0000000000000000E+000, 0.0000000000000000E+000, 0.0000000000000000E+000, 0.0000000000000000E+000, 0.0000000000000000E+000, 0.0000000000000000E+000, 0.0000000000000000E+000, 0.0000000000000000E+000, 0.0000000000000000E+000, 0.0000000000000000E+000, 0.0000000000000000E+000, 0.0000000000000000E+000, 0.0000000000000000E+000, 0.0000000000000000E+000, 0.0000000000000000E+000, 0.0000000000000000E+000, 0.0000000000000000E+000, 0.0000000000000000E+000, 0.0000000000000000E+000, 0.0000000000000000E+000, 0.0000000000000000E+000, 0.0000000000000000E+000, 0.0000000000000000E+000, 0.0000000000000000E+000, 0.0000000000000000E+000, 0.0000000000000000E+000, 0.0000000000000000E+000, 0.0000000000000000E+000, 0.0000000000000000E+000, 0.0000000000000000E+000, 0.0000000000000000E+000, 0.0000000000000000E+000, 0.0000000000000000E+000,-4.7683716530855236E-008,-5.9604645663569045E-009, 0.0000000000000000E+000, 5.2386893434341886E-011, 0.0000000000000000E+000, 0.0000000000000000E+000, 0.0000000000000000E+000, 0.0000000000000000E+000, 3.1796124267578125E+002, 2.4629406630992889E-002, 4.0249954909086227E-003
land_cumulus,21,1, 2.0000000000000000E+001, 1.0000000000000000E+005, 3.4999999403953552E-001, 3.1916775703430176E+000, 0.0000000000000000E+000, 0.0000000000000000E+000, 1.4000000059604645E-001, 9.9999997473787516E-005, 9.9999997473787516E-005, 0.0000000000000000E+000, 3.5000000000000000E+002, 7.7758902311325073E-001, 9.0375003814697266E+000, 2.2200000286102295E+000, 3.1950250244140625E+002, 2.7907232666015625E+002, 2.0003999816253781E-004, 6.2280027343750000E+004, 8.7345898151397705E-001, 3.1950250244140625E+002, 1.9999999494757503E-004, 0.0000000000000000E+000, 0.0000000000000000E+000, 0.0000000000000000E+000, 0.0000000000000000E+000, 0.0000000000000000E+000, 0.0000000000000000E+000, 7.1910922997631133E-005, 9.7191305030719377E-006, 1.2972606100447592E-008, 0.0000000000000000E+000, 0.0000000000000000E+000, 0.0000000000000000E+000, 0.0000000000000000E+000, 0.0000000000000000E+000, 0.0000000000000000E+000, 0.0000000000000000E+000, 0.0000000000000000E+000, 0.0000000000000000E+000, 0.0000000000000000E+000, 0.0000000000000000E+000, 0.0000000000000000E+000, 0.0000000000000000E+000, 0.0000000000000000E+000, 0.0000000000000000E+000, 0.0000000000000000E+000, 0.0000000000000000E+000, 0.0000000000000000E+000, 0.0000000000000000E+000, 0.0000000000000000E+000, 0.0000000000000000E+000, 0.0000000000000000E+000, 0.0000000000000000E+000, 0.0000000000000000E+000, 0.0000000000000000E+000, 0.0000000000000000E+000, 0.0000000000000000E+000, 0.0000000000000000E+000, 0.0000000000000000E+000, 0.0000000000000000E+000, 0.0000000000000000E+000, 0.0000000000000000E+000, 0.0000000000000000E+000,-4.7683716530855236E-008, 0.0000000000000000E+000, 0.0000000000000000E+000, 2.1827872842550278E-011, 0.0000000000000000E+000, 0.0000000000000000E+000, 0.0000000000000000E+000, 0.0000000000000000E+000, 3.1950250244140625E+002, 2.4629490450024605E-002, 3.3288022968918085E-003
land_cumulus,22,1, 2.0000000000000000E+001, 1.0000000000000000E+005, 3.4999999403953552E-001, 3.1916775703430176E+000, 0.0000000000000000E+000, 0.0000000000000000E+000, 1.4000000059604645E-001, 9.9999997473787516E-005, 9.9999997473787516E-005, 0.0000000000000000E+000, 3.6500000000000000E+002, 7.5079572200775146E-001, 9.5737495422363281E+000, 2.5059998035430908E+000, 3.2111123657226562E+002, 2.7712722778320312E+002, 2.0003999816253781E-004, 5.9714925781250000E+004, 8.6302560567855835E-001, 3.2111123657226562E+002, 1.9999999494757503E-004, 0.0000000000000000E+000, 0.0000000000000000E+000, 0.0000000000000000E+000, 0.0000000000000000E+000, 0.0000000000000000E+000, 0.0000000000000000E+000, 6.8893583375029266E-005, 8.4203638834878802E-006, 1.2883448974321254E-008, 0.0000000000000000E+000, 0.0000000000000000E+000, 0.0000000000000000E+000, 0.0000000000000000E+000, 0.0000000000000000E+000, 0.0000000000000000E+000, 0.0000000000000000E+000, 0.0000000000000000E+000, 0.0000000000000000E+000, 0.0000000000000000E+000, 0.0000000000000000E+000, 0.0000000000000000E+000, 0.0000000000000000E+000, 0.0000000000000000E+000, 0.0000000000000000E+000, 0.0000000000000000E+000, 0.0000000000000000E+000, 0.0000000000000000E+000, 0.0000000000000000E+000, 0.0000000000000000E+000, 0.0000000000000000E+000, 0.0000000000000000E+000, 0.0000000000000000E+000, 0.0000000000000000E+000, 0.0000000000000000E+000, 0.0000000000000000E+000, 0.0000000000000000E+000, 0.0000000000000000E+000, 0.0000000000000000E+000, 0.0000000000000000E+000, 0.0000000000000000E+000, 0.0000000000000000E+000, 0.0000000000000000E+000, 0.0000000000000000E+000, 0.0000000000000000E+000, 0.0000000000000000E+000,-7.2759577226036432E-013, 0.0000000000000000E+000, 0.0000000000000000E+000, 0.0000000000000000E+000, 0.0000000000000000E+000, 3.2111123657226562E+002, 2.4629456922411919E-002, 3.0102801974862814E-003
land_cumulus,23,1, 2.0000000000000000E+001, 1.0000000000000000E+005, 3.4999999403953552E-001, 3.1916775703430176E+000, 0.0000000000000000E+000, 0.0000000000000000E+000, 1.4000000059604645E-001, 9.9999997473787516E-005, 9.9999997473787516E-005, 0.0000000000000000E+000, 3.8000000000000000E+002, 7.2387915849685669E-001, 1.0132499694824219E+001, 2.8039999008178711E+000, 3.2278750610351562E+002, 2.7510760498046875E+002, 2.0003999816253781E-004, 5.7154519531250000E+004, 8.5228699445724487E-001, 3.2278750610351562E+002, 1.9999999494757503E-004, 0.0000000000000000E+000, 0.0000000000000000E+000, 0.0000000000000000E+000, 0.0000000000000000E+000, 0.0000000000000000E+000, 0.0000000000000000E+000, 6.6118940594606102E-005, 8.0810968938749284E-006, 1.2787153558235786E-008, 0.0000000000000000E+000, 0.0000000000000000E+000, 0.0000000000000000E+000, 0.0000000000000000E+000, 0.0000000000000000E+000, 0.0000000000000000E+000, 0.0000000000000000E+000, 0.0000000000000000E+000, 0.0000000000000000E+000, 0.0000000000000000E+000, 0.0000000000000000E+000, 0.0000000000000000E+000, 0.0000000000000000E+000, 0.0000000000000000E+000, 0.0000000000000000E+000, 0.0000000000000000E+000, 0.0000000000000000E+000, 0.0000000000000000E+000, 0.0000000000000000E+000, 0.0000000000000000E+000, 0.0000000000000000E+000, 0.0000000000000000E+000, 0.0000000000000000E+000, 0.0000000000000000E+000, 0.0000000000000000E+000, 0.0000000000000000E+000, 0.0000000000000000E+000, 0.0000000000000000E+000, 0.0000000000000000E+000, 0.0000000000000000E+000, 0.0000000000000000E+000, 0.0000000000000000E+000, 0.0000000000000000E+000, 4.7683716530855236E-008, 0.0000000000000000E+000, 0.0000000000000000E+000, 7.2759577226036432E-013, 0.0000000000000000E+000, 0.0000000000000000E+000, 0.0000000000000000E+000, 0.0000000000000000E+000, 3.2278750610351562E+002, 2.4629306048154831E-002, 3.0102084856480360E-003
land_cumulus,24,1, 2.0000000000000000E+001, 1.0000000000000000E+005, 3.4999999403953552E-001, 3.1916775703430176E+000, 0.0000000000000000E+000, 0.0000000000000000E+000, 1.4000000059604645E-001, 9.9999997473787516E-005, 9.9999997473787516E-005, 0.0000000000000000E+000, 3.9500000000000000E+002, 6.9692218303680420E-001, 1.0713749885559082E+001, 3.1139998435974121E+000, 3.2453125000000000E+002, 2.7301443481445312E+002, 2.0003999816253781E-004, 5.4607437500000000E+004, 8.4125775098800659E-001, 3.2453125000000000E+002, 1.9999999494757503E-004, 0.0000000000000000E+000, 0.0000000000000000E+000, 0.0000000000000000E+000, 0.0000000000000000E+000, 0.0000000000000000E+000, 0.0000000000000000E+000, 6.3559964473824948E-005, 7.7684480856987648E-006, 1.2683186945139369E-008, 0.0000000000000000E+000, 0.0000000000000000E+000, 0.0000000000000000E+000, 0.0000000000000000E+000, 0.0000000000000000E+000, 0.0000000000000000E+000, 0.0000000000000000E+000, 0.0000000000000000E+000, 0.0000000000000000E+000, 0.0000000000000000E+000, 0.0000000000000000E+000, 0.0000000000000000E+000, 0.0000000000000000E+000, 0.0000000000000000E+000, 0.0000000000000000E+000, 0.0000000000000000E+000, 0.0000000000000000E+000, 0.0000000000000000E+000, 0.0000000000000000E+000, 0.0000000000000000E+000, 0.0000000000000000E+000, 0.0000000000000000E+000, 0.0000000000000000E+000, 0.0000000000000000E+000, 0.0000000000000000E+000, 0.0000000000000000E+000, 0.0000000000000000E+000, 0.0000000000000000E+000, 0.0000000000000000E+000, 0.0000000000000000E+000, 0.0000000000000000E+000, 0.0000000000000000E+000, 0.0000000000000000E+000, 0.0000000000000000E+000, 0.0000000000000000E+000, 0.0000000000000000E+000, 7.2759577226036432E-013, 0.0000000000000000E+000, 0.0000000000000000E+000, 0.0000000000000000E+000, 0.0000000000000000E+000, 3.2453125000000000E+002, 2.4629486724734306E-002, 3.0102736782282591E-003
land_cumulus,25,1, 2.0000000000000000E+001, 1.0000000000000000E+005, 3.4999999403953552E-001, 3.1916775703430176E+000, 0.0000000000000000E+000, 0.0000000000000000E+000, 1.4000000059604645E-001, 9.9999997473787516E-005, 9.9999997473787516E-005, 0.0000000000000000E+000, 4.1000000000000000E+002, 6.7000472545623779E-001, 1.1317500114440918E+001, 3.4359998703002930E+000, 3.2634249877929688E+002, 2.7084884643554688E+002, 2.0003999816253781E-004, 5.2081890625000000E+004, 8.2995271682739258E-001, 3.2634249877929688E+002, 1.9999999494757503E-004, 0.0000000000000000E+000, 0.0000000000000000E+000, 0.0000000000000000E+000, 0.0000000000000000E+000, 0.0000000000000000E+000, 0.0000000000000000E+000, 6.1191210988909006E-005, 7.4789149948628619E-006, 1.2571073959577461E-008, 0.0000000000000000E+000, 0.0000000000000000E+000, 0.0000000000000000E+000, 0.0000000000000000E+000, 0.0000000000000000E+000, 0.0000000000000000E+000, 0.0000000000000000E+000, 0.0000000000000000E+000, 0.0000000000000000E+000, 0.0000000000000000E+000, 0.0000000000000000E+000, 0.0000000000000000E+000, 0.0000000000000000E+000, 0.0000000000000000E+000, 0.0000000000000000E+000, 0.0000000000000000E+000, 0.0000000000000000E+000, 0.0000000000000000E+000, 0.0000000000000000E+000, 0.0000000000000000E+000, 0.0000000000000000E+000, 0.0000000000000000E+000, 0.0000000000000000E+000, 0.0000000000000000E+000, 0.0000000000000000E+000, 0.0000000000000000E+000, 0.0000000000000000E+000, 0.0000000000000000E+000, 0.0000000000000000E+000, 0.0000000000000000E+000, 0.0000000000000000E+000, 0.0000000000000000E+000, 0.0000000000000000E+000, 0.0000000000000000E+000, 1.1920929132713809E-008, 0.0000000000000000E+000, 0.0000000000000000E+000, 0.0000000000000000E+000, 0.0000000000000000E+000, 0.0000000000000000E+000, 0.0000000000000000E+000, 3.2634249877929688E+002, 2.4629462510347366E-002, 3.0102632008492947E-003
land_cumulus,26,1, 2.0000000000000000E+001, 1.0000000000000000E+005, 3.4999999403953552E-001, 3.1916775703430176E+000, 0.0000000000000000E+000, 0.0000000000000000E+000, 1.4000000059604645E-001, 9.9999997473787516E-005, 9.9999997473787516E-005, 0.0000000000000000E+000, 4.2500000000000000E+002, 6.4320284128189087E-001, 1.1943750381469727E+001, 3.7699999809265137E+000, 3.2822125244140625E+002, 2.6861196899414062E+002, 2.0003999816253781E-004, 4.9585558593750000E+004, 8.1838685274124146E-001, 3.2822125244140625E+002, 1.9999999494757503E-004, 0.0000000000000000E+000, 0.0000000000000000E+000, 0.0000000000000000E+000, 0.0000000000000000E+000, 0.0000000000000000E+000, 0.0000000000000000E+000, 5.8992631238652393E-005, 7.2101843215932604E-006, 1.2450130704166895E-008, 0.0000000000000000E+000, 0.0000000000000000E+000, 0.0000000000000000E+000, 0.0000000000000000E+000, 0.0000000000000000E+000, 0.0000000000000000E+000, 0.0000000000000000E+000, 0.0000000000000000E+000, 0.0000000000000000E+000, 0.0000000000000000E+000, 0.0000000000000000E+000, 0.0000000000000000E+000, 0.0000000000000000E+000, 0.0000000000000000E+000, 0.0000000000000000E+000, 0.0000000000000000E+000, 0.0000000000000000E+000, 0.0000000000000000E+000, 0.0000000000000000E+000, 0.0000000000000000E+000, 0.0000000000000000E+000, 0.0000000000000000E+000, 0.0000000000000000E+000, 0.0000000000000000E+000, 0.0000000000000000E+000, 0.0000000000000000E+000, 0.0000000000000000E+000, 0.0000000000000000E+000, 0.0000000000000000E+000, 0.0000000000000000E+000, 0.0000000000000000E+000, 0.0000000000000000E+000, 0.0000000000000000E+000, 0.0000000000000000E+000,-1.1920929132713809E-008,-1.5258789289873675E-006,-7.2759577226036432E-013, 0.0000000000000000E+000, 0.0000000000000000E+000, 0.0000000000000000E+000, 0.0000000000000000E+000, 3.2822122192382812E+002, 2.4629423394799232E-002, 3.0102520249783993E-003
land_cumulus,27,1, 2.0000000000000000E+001, 1.0000000000000000E+005, 3.4999999403953552E-001, 3.1916775703430176E+000, 0.0000000000000000E+000, 0.0000000000000000E+000, 1.4000000059604645E-001, 9.9999997473787516E-005, 9.9999997473787516E-005, 0.0000000000000000E+000, 4.4000000000000000E+002, 6.1658954620361328E-001, 1.2592499732971191E+001, 4.1159996986389160E+000, 3.3016748046875000E+002, 2.6630493164062500E+002, 2.0003999816253781E-004, 4.7125640625000000E+004, 8.0657529830932617E-001, 3.3016748046875000E+002, 1.9999999494757503E-004, 0.0000000000000000E+000, 0.0000000000000000E+000, 0.0000000000000000E+000, 0.0000000000000000E+000, 0.0000000000000000E+000, 0.0000000000000000E+000, 5.6946806580526754E-005, 6.9602106123056728E-006, 1.2319770092972249E-008, 0.0000000000000000E+000, 0.0000000000000000E+000, 0.0000000000000000E+000, 0.0000000000000000E+000, 0.0000000000000000E+000, 0.0000000000000000E+000, 0.0000000000000000E+000, 0.0000000000000000E+000, 0.0000000000000000E+000, 0.0000000000000000E+000, 0.0000000000000000E+000, 0.0000000000000000E+000, 0.0000000000000000E+000, 0.0000000000000000E+000, 0.0000000000000000E+000, 0.0000000000000000E+000, 0.0000000000000000E+000, 0.0000000000000000E+000, 0.0000000000000000E+000, 0.0000000000000000E+000, 0.0000000000000000E+000, 0.0000000000000000E+000, 0.0000000000000000E+000, 0.0000000000000000E+000, 0.0000000000000000E+000, 0.0000000000000000E+000, 0.0000000000000000E+000, 0.0000000000000000E+000, 0.0000000000000000E+000, 0.0000000000000000E+000, 0.0000000000000000E+000, 0.0000000000000000E+000, 0.0000000000000000E+000,-4.7683716530855236E-008, 0.0000000000000000E+000, 0.0000000000000000E+000, 0.0000000000000000E+000, 0.0000000000000000E+000, 0.0000000000000000E+000, 0.0000000000000000E+000, 0.0000000000000000E+000, 3.3016748046875000E+002, 2.4629494175314903E-002, 3.0102911405265331E-003
land_cumulus,28,1, 2.0000000000000000E+001, 1.0000000000000000E+005, 3.4999999403953552E-001, 3.1916775703430176E+000, 0.0000000000000000E+000, 0.0000000000000000E+000, 1.4000000059604645E-001, 9.9999997473787516E-005, 9.9999997473787516E-005, 0.0000000000000000E+000, 4.5500000000000000E+002, 5.9023320674896240E-001, 1.3263750076293945E+001, 4.4739999771118164E+000, 3.3218124389648438E+002, 2.6392916870117188E+002, 2.0003999816253781E-004, 4.4708792968750000E+004, 7.9453361034393311E-001, 3.3218124389648438E+002, 1.9999999494757503E-004, 0.0000000000000000E+000, 0.0000000000000000E+000, 0.0000000000000000E+000, 0.0000000000000000E+000, 0.0000000000000000E+000, 0.0000000000000000E+000, 5.5037693527992815E-005, 6.7267756094224751E-006, 1.2179274477830404E-008, 0.0000000000000000E+000, 0.0000000000000000E+000, 0.0000000000000000E+000, 0.0000000000000000E+000, 0.0000000000000000E+000, 0.0000000000000000E+000, 0.0000000000000000E+000, 0.0000000000000000E+000, 0.0000000000000000E+000, 0.0000000000000000E+000, 0.0000000000000000E+000, 0.0000000000000000E+000, 0.0000000000000000E+000, 0.0000000000000000E+000, 0.0000000000000000E+000, 0.0000000000000000E+000, 0.0000000000000000E+000, 0.0000000000000000E+000, 0.0000000000000000E+000, 0.0000000000000000E+000, 0.0000000000000000E+000, 0.0000000000000000E+000, 0.0000000000000000E+000, 0.0000000000000000E+000, 0.0000000000000000E+000, 0.0000000000000000E+000, 0.0000000000000000E+000, 0.0000000000000000E+000, 0.0000000000000000E+000, 0.0000000000000000E+000, 0.0000000000000000E+000, 0.0000000000000000E+000, 0.0000000000000000E+000, 4.7683716530855236E-008,-2.3841858265427618E-008, 0.0000000000000000E+000, 0.0000000000000000E+000, 0.0000000000000000E+000, 0.0000000000000000E+000, 0.0000000000000000E+000, 0.0000000000000000E+000, 3.3218124389648438E+002, 2.4629367515444756E-002, 3.0102320015430450E-003
land_cumulus,29,1, 2.0000000000000000E+001, 1.0000000000000000E+005, 3.4999999403953552E-001, 3.1916775703430176E+000, 0.0000000000000000E+000, 0.0000000000000000E+000, 1.4000000059604645E-001, 9.9999997473787516E-005, 9.9999997473787516E-005, 0.0000000000000000E+000, 4.7000000000000000E+002, 5.6419861316680908E-001, 1.3957500457763672E+001, 4.8439998626708984E+000, 3.3426248168945312E+002, 2.6148590087890625E+002, 2.0003999816253781E-004, 4.2341105468750000E+004, 7.8227710723876953E-001, 3.3426248168945312E+002, 1.9999999494757503E-004, 0.0000000000000000E+000, 0.0000000000000000E+000, 0.0000000000000000E+000, 0.0000000000000000E+000, 0.0000000000000000E+000, 0.0000000000000000E+000, 5.3252813813742250E-005, 6.5087037910416257E-006, 1.2027884466192518E-008, 0.0000000000000000E+000, 0.0000000000000000E+000, 0.0000000000000000E+000, 0.0000000000000000E+000, 0.0000000000000000E+000, 0.0000000000000000E+000, 0.0000000000000000E+000, 0.0000000000000000E+000, 0.0000000000000000E+000, 0.0000000000000000E+000, 0.0000000000000000E+000, 0.0000000000000000E+000, 0.0000000000000000E+000, 0.0000000000000000E+000, 0.0000000000000000E+000, 0.0000000000000000E+000, 0.0000000000000000E+000, 0.0000000000000000E+000, 0.0000000000000000E+000, 0.0000000000000000E+000, 0.0000000000000000E+000, 0.0000000000000000E+000, 0.0000000000000000E+000, 0.0000000000000000E+000, 0.0000000000000000E+000, 0.0000000000000000E+000, 0.0000000000000000E+000, 0.0000000000000000E+000, 0.0000000000000000E+000, 0.0000000000000000E+000, 0.0000000000000000E+000, 0.0000000000000000E+000, 0.0000000000000000E+000, 0.0000000000000000E+000, 2.3841858265427618E-008,-1.5258789289873675E-006, 0.0000000000000000E+000, 0.0000000000000000E+000, 0.0000000000000000E+000, 0.0000000000000000E+000, 0.0000000000000000E+000, 3.3426245117187500E+002, 2.4629427120089531E-002, 3.0102755408734083E-003
land_cumulus,30,1, 2.0000000000000000E+001, 1.0000000000000000E+005, 3.4999999403953552E-001, 3.1916775703430176E+000, 0.0000000000000000E+000, 0.0000000000000000E+000, 1.4000000059604645E-001, 9.9999997473787516E-005, 9.9999997473787516E-005, 0.0000000000000000E+000, 4.8500000000000000E+002, 5.3854584693908691E-001, 1.4673749923706055E+001, 5.2259998321533203E+000, 3.3641125488281250E+002, 2.5897659301757812E+002, 2.0003999816253781E-004, 4.0028109375000000E+004, 7.6982146501541138E-001, 3.3641125488281250E+002, 1.9999999494757503E-004, 0.0000000000000000E+000, 0.0000000000000000E+000, 0.0000000000000000E+000, 0.0000000000000000E+000, 0.0000000000000000E+000, 0.0000000000000000E+000, 5.1579951104940847E-005, 6.3041261455509812E-006, 0.0000000000000000E+000, 0.0000000000000000E+000, 0.0000000000000000E+000, 0.0000000000000000E+000, 0.0000000000000000E+000, 0.0000000000000000E+000, 0.0000000000000000E+000, 0.0000000000000000E+000, 0.0000000000000000E+000, 0.0000000000000000E+000, 0.0000000000000000E+000, 0.0000000000000000E+000, 0.0000000000000000E+000, 0.0000000000000000E+000, 0.0000000000000000E+000, 0.0000000000000000E+000, 0.0000000000000000E+000, 0.0000000000000000E+000, 0.0000000000000000E+000, 0.0000000000000000E+000, 0.0000000000000000E+000, 0.0000000000000000E+000, 0.0000000000000000E+000, 0.0000000000000000E+000, 0.0000000000000000E+000, 0.0000000000000000E+000, 0.0000000000000000E+000, 0.0000000000000000E+000, 0.0000000000000000E+000, 0.0000000000000000E+000, 0.0000000000000000E+000, 0.0000000000000000E+000, 0.0000000000000000E+000, 0.0000000000000000E+000, 0.0000000000000000E+000, 0.0000000000000000E+000, 0.0000000000000000E+000, 0.0000000000000000E+000, 0.0000000000000000E+000, 0.0000000000000000E+000, 0.0000000000000000E+000, 0.0000000000000000E+000, 3.3641125488281250E+002, 2.4629427120089531E-002, 3.0102201271802187E-003
water_cumulus,1,1, 2.0000000000000000E+001, 1.0000000000000000E+005, 3.4999999403953552E-001, 3.1916775703430176E+000, 3.4999999403953552E-001,-2.0000000298023224E-001, 5.0000000745058060E-002, 1.3020000187680125E-004, 1.3000000035390258E-004, 2.0000000233721948E-007, 5.0000000000000000E+001, 1.1552098989486694E+000, 3.0374999046325684E+000,-9.8000001907348633E-001, 3.0098498535156250E+002, 3.0073214721679688E+002, 1.7803933471441269E-002, 9.9706312500000000E+004, 9.9915999174118042E-001, 3.0098498535156250E+002, 1.7492499202489853E-002, 0.0000000000000000E+000, 0.0000000000000000E+000, 0.0000000000000000E+000, 0.0000000000000000E+000, 0.0000000000000000E+000, 0.0000000000000000E+000, 0.0000000000000000E+000, 0.0000000000000000E+000, 1.2574705579027068E-005, 0.0000000000000000E+000, 0.0000000000000000E+000, 0.0000000000000000E+000, 0.0000000000000000E+000, 0.0000000000000000E+000, 0.0000000000000000E+000, 0.0000000000000000E+000, 0.0000000000000000E+000, 0.0000000000000000E+000, 0.0000000000000000E+000, 0.0000000000000000E+000, 0.0000000000000000E+000, 0.0000000000000000E+000, 0.0000000000000000E+000, 0.0000000000000000E+000, 0.0000000000000000E+000, 0.0000000000000000E+000, 0.0000000000000000E+000, 0.0000000000000000E+000, 0.0000000000000000E+000, 0.0000000000000000E+000, 1.7443230375647545E-002, 5.2501626014709473E+000, 3.0570910894311965E-004, 0.0000000000000000E+000, 5.3637932986021042E-002,-1.6745500266551971E-002, 0.0000000000000000E+000, 0.0000000000000000E+000, 0.0000000000000000E+000, 0.0000000000000000E+000, 0.0000000000000000E+000, 0.0000000000000000E+000,-8.4459781646728516E-004, 9.9452433641999960E-004, 4.0588379488326609E-004, 1.9604340195655823E-006, 6.1593837585860456E-008, 2.0617291643648508E-031, 0.0000000000000000E+000, 0.0000000000000000E+000, 3.0099002075195312E+002, 0.0000000000000000E+000, 0.0000000000000000E+000
water_cumulus,2,1, 2.0000000000000000E+001, 1.0000000000000000E+005, 3.4999999403953552E-001, 3.1916775703430176E+000, 3.4999999403953552E-001,-2.0000000298023224E-001, 5.0000000745058060E-002, 1.3020000187680125E-004, 1.3000000035390258E-004, 2.0000000233721948E-007, 6.5000000000000000E+001, 1.1497731208801270E+000, 3.1237499713897705E+000,-9.3400001525878906E-001, 3.0095050048828125E+002, 3.0011709594726562E+002, 1.7786065116524696E-002, 9.9034109375000000E+004, 9.9723070859909058E-001, 3.0095050048828125E+002, 1.7475249245762825E-002, 0.0000000000000000E+000, 0.0000000000000000E+000, 0.0000000000000000E+000, 0.0000000000000000E+000, 0.0000000000000000E+000, 0.0000000000000000E+000, 4.6500042080879211E-001, 5.2587413787841797E-001, 1.1046192412322853E-005, 0.0000000000000000E+000, 0.0000000000000000E+000, 0.0000000000000000E+000, 0.0000000000000000E+000, 0.0000000000000000E+000, 0.0000000000000000E+000, 0.0000000000000000E+000, 0.0000000000000000E+000, 0.0000000000000000E+000, 1.7443230375647545E-002, 5.2501626014709473E+000, 3.0570910894311965E-004, 0.0000000000000000E+000, 5.3637932986021042E-002,-1.6745500266551971E-002, 0.0000000000000000E+000, 0.0000000000000000E+000, 0.0000000000000000E+000, 0.0000000000000000E+000, 0.0000000000000000E+000, 0.0000000000000000E+000, 2.1809868514537811E-002, 6.5643806457519531E+000, 3.8212293293327093E-004, 0.0000000000000000E+000, 6.7100338637828827E-002,-2.0918816328048706E-002, 0.0000000000000000E+000, 0.0000000000000000E+000, 0.0000000000000000E+000, 0.0000000000000000E+000, 0.0000000000000000E+000, 0.0000000000000000E+000, 1.3558507198467851E-003, 8.6233916226774454E-004,-7.9040526179596782E-004,-2.2491440176963806E-007, 3.3026296364369045E-007, 1.1883264233140559E-030, 0.0000000000000000E+000, 0.0000000000000000E+000, 3.0091821289062500E+002, 2.6737524032592773E+001, 3.0237762451171875E+001
water_cumulus,3,1, 2.0000000000000000E+001, 1.0000000000000000E+005, 3.4999999403953552E-001, 3.1916775703430176E+000, 3.4999999403953552E-001,-2.0000000298023224E-001, 5.0000000745058060E-002, 1.3020000187680125E-004, 1.3000000035390258E-004, 2.0000000233721948E-007, 8.0000000000000000E+001, 1.1429547071456909E+000, 3.2325000762939453E+000,-8.7599998712539673E-001, 3.0090701293945312E+002, 2.9934332275390625E+002, 1.7763536423444748E-002, 9.8192992187500000E+004, 9.9480342864990234E-001, 3.0090701293945312E+002, 1.7453501001000404E-002, 0.0000000000000000E+000, 0.0000000000000000E+000, 0.0000000000000000E+000, 0.0000000000000000E+000, 0.0000000000000000E+000, 0.0000000000000000E+000, 1.2882013320922852E+000, 1.9723197221755981E+000, 1.6785161278676242E-005, 0.0000000000000000E+000, 0.0000000000000000E+000, 0.0000000000000000E+000, 0.0000000000000000E+000, 0.0000000000000000E+000, 0.0000000000000000E+000, 0.0000000000000000E+000, 0.0000000000000000E+000, 0.0000000000000000E+000, 2.1809868514537811E-002, 6.5643806457519531E+000, 3.8212293293327093E-004, 0.0000000000000000E+000, 6.7100338637828827E-002,-2.0918816328048706E-002, 0.0000000000000000E+000, 0.0000000000000000E+000, 0.0000000000000000E+000, 0.0000000000000000E+000, 0.0000000000000000E+000, 0.0000000000000000E+000, 3.1614359468221664E-002, 9.5150508880615234E+000, 5.5361632257699966E-004, 0.0000000000000000E+000, 9.7471468150615692E-002,-3.0212553218007088E-002, 0.0000000000000000E+000, 0.0000000000000000E+000, 0.0000000000000000E+000, 0.0000000000000000E+000, 0.0000000000000000E+000, 0.0000000000000000E+000, 1.6211509937420487E-003, 8.9024007320404053E-004,-6.9427490234375000E-004,-3.0593946576118469E-007, 9.4331062427954748E-007, 3.4149457537715754E-030, 0.0000000000000000E+000, 0.0000000000000000E+000, 3.0084591674804688E+002, 9.3394599914550781E+001, 1.4299317932128906E+002
water_cumulus,4,1, 2.0000000000000000E+001, 1.0000000000000000E+005, 3.4999999403953552E-001, 3.1916775703430176E+000, 3.4999999403953552E-001,-2.0000000298023224E-001, 5.0000000745058060E-002, 1.3020000187680125E-004, 1.3000000035390258E-004, 2.0000000233721948E-007, 9.5000000000000000E+001, 1.1347795724868774E+000, 3.3637499809265137E+000,-8.0599999427795410E-001, 3.0085449218750000E+002, 2.9841210937500000E+002, 1.7736347392201424E-002, 9.7187367187500000E+004, 9.9188184738159180E-001, 3.0085449218750000E+002, 1.7427250742912292E-002, 0.0000000000000000E+000, 0.0000000000000000E+000, 0.0000000000000000E+000, 0.0000000000000000E+000, 0.0000000000000000E+000, 0.0000000000000000E+000, 2.2528138160705566E+000, 2.5489320755004883E+000, 2.8296499294810928E-005, 0.0000000000000000E+000, 0.0000000000000000E+000, 0.0000000000000000E+000, 0.0000000000000000E+000, 0.0000000000000000E+000, 0.0000000000000000E+000, 0.0000000000000000E+000, 0.0000000000000000E+000, 0.0000000000000000E+000, 3.1614359468221664E-002, 9.5150508880615234E+000, 5.5361632257699966E-004, 0.0000000000000000E+000, 9.7471468150615692E-002,-3.0212553218007088E-002, 0.0000000000000000E+000, 0.0000000000000000E+000, 0.0000000000000000E+000, 0.0000000000000000E+000, 0.0000000000000000E+000, 0.0000000000000000E+000, 4.1961673647165298E-002, 1.2628557205200195E+001, 7.3427660390734673E-004, 0.0000000000000000E+000, 1.2996987998485565E-001,-3.9783082902431488E-002, 0.0000000000000000E+000, 0.0000000000000000E+000, 0.0000000000000000E+000, 0.0000000000000000E+000, 0.0000000000000000E+000, 0.0000000000000000E+000, 1.1354207526892424E-003, 6.1192514840513468E-004,-7.5378420297056437E-004,-3.6554411053657532E-007, 2.8898944037791807E-006, 1.0525810503816634E-029, 0.0000000000000000E+000, 0.0000000000000000E+000, 3.0069439697265625E+002, 1.9712121582031250E+002, 2.2303155517578125E+002
water_cumulus,5,1, 2.0000000000000000E+001, 1.0000000000000000E+005, 3.4999999403953552E-001, 3.1916775703430176E+000, 3.4999999403953552E-001,-2.0000000298023224E-001, 5.0000000745058060E-002, 1.3020000187680125E-004, 1.3000000035390258E-004, 2.0000000233721948E-007, 1.1000000000000000E+002, 1.1252770423889160E+000, 3.5174999237060547E+000,-7.2399997711181641E-001, 3.0079299926757812E+002, 2.9732498168945312E+002, 1.7704496160149574E-002, 9.6022445312500000E+004, 9.8847037553787231E-001, 3.0034356689453125E+002, 1.7396500334143639E-002, 1.7849999130703509E-004, 0.0000000000000000E+000, 0.0000000000000000E+000, 0.0000000000000000E+000, 0.0000000000000000E+000, 0.0000000000000000E+000, 2.8016943931579590E+000, 4.4736013412475586E+000, 2.9924540285719559E-005, 0.0000000000000000E+000, 0.0000000000000000E+000, 0.0000000000000000E+000, 0.0000000000000000E+000, 0.0000000000000000E+000, 0.0000000000000000E+000, 0.0000000000000000E+000, 0.0000000000000000E+000, 0.0000000000000000E+000, 4.1961673647165298E-002, 1.2628557205200195E+001, 7.3427660390734673E-004, 0.0000000000000000E+000, 1.2996987998485565E-001,-3.9783082902431488E-002, 0.0000000000000000E+000, 0.0000000000000000E+000, 0.0000000000000000E+000, 0.0000000000000000E+000, 0.0000000000000000E+000, 0.0000000000000000E+000, 4.0846984833478928E-002, 1.2288952827453613E+001, 7.1537954499945045E-004, 0.0000000000000000E+000, 1.2744522094726562E-001,-3.8231372833251953E-002, 0.0000000000000000E+000, 0.0000000000000000E+000, 0.0000000000000000E+000, 0.0000000000000000E+000, 0.0000000000000000E+000, 0.0000000000000000E+000, 1.8973350233864039E-004, 1.0292530350852758E-004, 2.5939942133845761E-005, 7.5437132096567439E-009,-1.8662183265405474E-006, 2.5828748799205516E-029, 0.0000000000000000E+000, 0.0000000000000000E+000, 3.0043804931640625E+002, 2.8717367553710938E+002, 4.5854412841796875E+002
water_cumulus,6,1, 2.0000000000000000E+001, 1.0000000000000000E+005, 3.4999999403953552E-001, 3.1916775703430176E+000, 3.4999999403953552E-001,-2.0000000298023224E-001, 5.0000000745058060E-002, 1.3020000187680125E-004, 1.3000000035390258E-004, 2.0000000233721948E-007, 1.2500000000000000E+002, 1.1144819259643555E+000, 3.6937499046325684E+000,-6.2999999523162842E-001, 3.0072250366210938E+002, 2.9608355712890625E+002, 1.7667988315224648E-002, 9.4704203125000000E+004, 9.8457401990890503E-001, 3.0018218994140625E+002, 1.7361249774694443E-002, 2.1374999778345227E-004, 0.0000000000000000E+000, 0.0000000000000000E+000, 0.0000000000000000E+000, 0.0000000000000000E+000, 0.0000000000000000E+000, 2.5082590579986572E+000, 3.1841986179351807E+000, 1.8466877008904703E-005, 0.0000000000000000E+000, 0.0000000000000000E+000, 0.0000000000000000E+000, 0.0000000000000000E+000, 0.0000000000000000E+000, 0.0000000000000000E+000, 0.0000000000000000E+000, 0.0000000000000000E+000, 0.0000000000000000E+000, 4.0846984833478928E-002, 1.2288952827453613E+001, 7.1537954499945045E-004, 0.0000000000000000E+000, 1.2744522094726562E-001,-3.8231372833251953E-002, 0.0000000000000000E+000, 0.0000000000000000E+000, 0.0000000000000000E+000, 0.0000000000000000E+000, 0.0000000000000000E+000, 0.0000000000000000E+000, 3.2733730971813202E-002, 9.8445739746093750E+000, 5.7370314607396722E-004, 0.0000000000000000E+000, 1.0310032218694687E-001,-3.0120873823761940E-002, 0.0000000000000000E+000, 0.0000000000000000E+000, 0.0000000000000000E+000, 0.0000000000000000E+000, 0.0000000000000000E+000, 0.0000000000000000E+000,-6.8926811218261719E-004,-3.6718547926284373E-004, 3.1585694523528218E-004, 1.5506520867347717E-007,-9.9403700914990623E-007, 9.2337952848730421E-029, 0.0000000000000000E+000, 0.0000000000000000E+000, 3.0023876953125000E+002, 2.9472042846679688E+002, 3.7414334106445312E+002
water_cumulus,7,1, 2.0000000000000000E+001, 1.0000000000000000E+005, 3.4999999403953552E-001, 3.1916775703430176E+000, 3.4999999403953552E-001,-2.0000000298023224E-001, 5.0000000745058060E-002, 1.3020000187680125E-004, 1.3000000035390258E-004, 2.0000000233721948E-007, 1.4000000000000000E+002, 1.1024332046508789E+000, 3.8924999237060547E+000,-5.2400004863739014E-001, 3.0064300537109375E+002, 2.9468988037109375E+002, 1.7626823857426643E-002, 9.3239382812500000E+004, 9.8019868135452271E-001, 3.0006790161132812E+002, 1.7321500927209854E-002, 2.2649999300483614E-004, 0.0000000000000000E+000, 0.0000000000000000E+000, 0.0000000000000000E+000, 0.0000000000000000E+000, 0.0000000000000000E+000, 1.5969616174697876E+000, 2.1820845603942871E+000, 7.7806407716707326E-006, 0.0000000000000000E+000, 0.0000000000000000E+000, 0.0000000000000000E+000, 0.0000000000000000E+000, 0.0000000000000000E+000, 0.0000000000000000E+000, 0.0000000000000000E+000, 0.0000000000000000E+000, 0.0000000000000000E+000, 3.2733730971813202E-002, 9.8445739746093750E+000, 5.7370314607396722E-004, 0.0000000000000000E+000, 1.0310032218694687E-001,-3.0120873823761940E-002, 0.0000000000000000E+000, 0.0000000000000000E+000, 0.0000000000000000E+000, 0.0000000000000000E+000, 0.0000000000000000E+000, 0.0000000000000000E+000, 6.9892749190330505E-002, 2.1008806228637695E+001, 1.2148353271186352E-003, 1.0402874067949597E-005, 2.2430828213691711E-001,-6.2090087682008743E-002, 0.0000000000000000E+000, 0.0000000000000000E+000, 0.0000000000000000E+000, 0.0000000000000000E+000, 0.0000000000000000E+000, 0.0000000000000000E+000,-7.7605247497558594E-004,-4.1380524635314941E-004, 3.5858154296875000E-004, 2.1830200580552628E-007,-6.0569220750039676E-007, 4.5622449265515368E-028, 0.0000000000000000E+000, 0.0000000000000000E+000, 3.0010583496093750E+002, 2.1159741210937500E+002, 2.8912619018554688E+002
water_cumulus,8,1, 2.0000000000000000E+001, 1.0000000000000000E+005, 3.4999999403953552E-001, 3.1916775703430176E+000, 3.4999999403953552E-001,-2.0000000298023224E-001, 5.0000000745058060E-002, 1.3020000187680125E-004, 1.3000000035390258E-004, 2.0000000233721948E-007, 1.5500000000000000E+002, 1.0891735553741455E+000, 4.1137499809265137E+000,-4.0600001811981201E-001, 3.0055450439453125E+002, 2.9314611816406250E+002, 1.7581000924110413E-002, 9.1635367187500000E+004, 9.7535091638565063E-001, 3.0008944702148438E+002, 1.7277250066399574E-002, 1.8224999075755477E-004, 0.0000000000000000E+000, 0.0000000000000000E+000, 0.0000000000000000E+000, 0.0000000000000000E+000, 0.0000000000000000E+000, 8.6174488067626953E-001, 1.3402737379074097E+000, 1.9862302451656433E-006, 0.0000000000000000E+000, 0.0000000000000000E+000, 0.0000000000000000E+000, 0.0000000000000000E+000, 0.0000000000000000E+000, 0.0000000000000000E+000, 0.0000000000000000E+000, 0.0000000000000000E+000, 0.0000000000000000E+000, 6.9892749190330505E-002, 2.1008806228637695E+001, 1.2148353271186352E-003, 1.0402874067949597E-005, 2.2430828213691711E-001,-6.2090087682008743E-002, 0.0000000000000000E+000, 0.0000000000000000E+000, 0.0000000000000000E+000, 0.0000000000000000E+000, 0.0000000000000000E+000, 0.0000000000000000E+000, 2.8170653968118131E-004, 8.4625825285911560E-002, 4.7773210098966956E-006, 1.5763249905376142E-007, 9.3090237351134419E-004,-2.3595571110490710E-004, 0.0000000000000000E+000, 0.0000000000000000E+000, 0.0000000000000000E+000, 0.0000000000000000E+000, 0.0000000000000000E+000, 0.0000000000000000E+000,-1.4764070510864258E-003,-7.8741757897660136E-004, 8.6212158203125000E-004, 3.8743019104003906E-007, 2.1918167192325200E-007, 3.4519597951219061E-027, 0.0000000000000000E+000, 0.0000000000000000E+000, 3.0009552001953125E+002, 1.2710736846923828E+002, 1.9769038391113281E+002
water_cumulus,9,1, 2.0000000000000000E+001, 1.0000000000000000E+005, 3.4999999403953552E-001, 3.1916775703430176E+000, 3.4999999403953552E-001,-2.0000000298023224E-001, 5.0000000745058060E-002, 1.3020000187680125E-004, 1.3000000035390258E-004, 2.0000000233721948E-007, 1.7000000000000000E+002, 1.0536203384399414E+000, 4.3575000762939453E+000,-2.7600002288818359E-001, 3.0648248291015625E+002, 2.9729962158203125E+002, 1.7501017078757286E-002, 8.9900148437500000E+004, 9.7003787755966187E-001, 3.0648248291015625E+002, 1.7200000584125519E-002, 0.0000000000000000E+000, 0.0000000000000000E+000, 0.0000000000000000E+000, 0.0000000000000000E+000, 0.0000000000000000E+000, 0.0000000000000000E+000, 5.3126021521165967E-004, 1.3281506835483015E-004, 6.9392753765384896E-009, 0.0000000000000000E+000, 0.0000000000000000E+000, 0.0000000000000000E+000, 0.0000000000000000E+000, 0.0000000000000000E+000, 0.0000000000000000E+000, 0.0000000000000000E+000, 0.0000000000000000E+000, 0.0000000000000000E+000, 2.8170653968118131E-004, 8.4625825285911560E-002, 4.7773210098966956E-006, 1.5763249905376142E-007, 9.3090237351134419E-004,-2.3595571110490710E-004, 0.0000000000000000E+000, 0.0000000000000000E+000, 0.0000000000000000E+000, 0.0000000000000000E+000, 0.0000000000000000E+000, 0.0000000000000000E+000, 0.0000000000000000E+000, 0.0000000000000000E+000, 0.0000000000000000E+000, 0.0000000000000000E+000, 0.0000000000000000E+000, 0.0000000000000000E+000, 0.0000000000000000E+000, 0.0000000000000000E+000, 0.0000000000000000E+000, 0.0000000000000000E+000, 0.0000000000000000E+000, 0.0000000000000000E+000,-1.7881393432617188E-006,-9.5665450317028444E-007,-7.6293945312500000E-006,-6.5192579112860471E-010, 8.8164703315740667E-010, 2.3552231186278528E-022, 0.0000000000000000E+000, 0.0000000000000000E+000, 3.0648229980468750E+002, 8.6329787969589233E-002, 2.1582448855042458E-002
water_cumulus,10,1, 2.0000000000000000E+001, 1.0000000000000000E+005, 3.4999999403953552E-001, 3.1916775703430176E+000, 3.4999999403953552E-001,-2.0000000298023224E-001, 5.0000000745058060E-002, 1.3020000187680125E-004, 1.3000000035390258E-004, 2.0000000233721948E-007, 1.8500000000000000E+002, 1.0353229045867920E+000, 4.6237497329711914E+000,-1.3400000333786011E-001, 3.0728125000000000E+002, 2.9630133056640625E+002, 1.6399607062339783E-002, 8.8042289062500000E+004, 9.6426749229431152E-001, 3.0728125000000000E+002, 1.6134999692440033E-002, 0.0000000000000000E+000, 0.0000000000000000E+000, 0.0000000000000000E+000, 0.0000000000000000E+000, 0.0000000000000000E+000, 0.0000000000000000E+000, 3.3285803510807455E-004, 4.3681804527295753E-005, 7.6805930504519893E-009, 0.0000000000000000E+000, 0.0000000000000000E+000, 0.0000000000000000E+000, 0.0000000000000000E+000, 0.0000000000000000E+000, 0.0000000000000000E+000, 0.0000000000000000E+000, 0.0000000000000000E+000, 0.0000000000000000E+000, 0.0000000000000000E+000, 0.0000000000000000E+000, 0.0000000000000000E+000, 0.0000000000000000E+000, 0.0000000000000000E+000, 0.0000000000000000E+000, 0.0000000000000000E+000, 0.0000000000000000E+000, 0.0000000000000000E+000, 0.0000000000000000E+000, 0.0000000000000000E+000, 0.0000000000000000E+000, 0.0000000000000000E+000, 0.0000000000000000E+000, 0.0000000000000000E+000, 0.0000000000000000E+000, 0.0000000000000000E+000, 0.0000000000000000E+000, 0.0000000000000000E+000, 0.0000000000000000E+000, 0.0000000000000000E+000, 0.0000000000000000E+000, 0.0000000000000000E+000, 0.0000000000000000E+000,-2.3841857910156250E-007,-1.2069941135450790E-007, 0.0000000000000000E+000, 9.3132258849326632E-011, 4.2017658036447910E-015, 4.6215355064391006E-017, 0.0000000000000000E+000, 0.0000000000000000E+000, 3.0728125000000000E+002, 5.9082299470901489E-002, 7.7535202726721764E-003
water_cumulus,11,1, 2.0000000000000000E+001, 1.0000000000000000E+005, 3.4999999403953552E-001, 3.1916775703430176E+000, 3.4999999403953552E-001,-2.0000000298023224E-001, 5.0000000745058060E-002, 1.3020000187680125E-004, 1.3000000035390258E-004, 2.0000000233721948E-007, 2.0000000000000000E+002, 1.0158461332321167E+000, 4.9124999046325684E+000, 1.9999980926513672E-002, 3.0814749145507812E+002, 2.9522015380859375E+002, 1.5207814052700996E-002, 8.6070796875000000E+004, 9.5804822444915771E-001, 3.0814749145507812E+002, 1.4980000443756580E-002, 0.0000000000000000E+000, 0.0000000000000000E+000, 0.0000000000000000E+000, 0.0000000000000000E+000, 0.0000000000000000E+000, 0.0000000000000000E+000, 1.6598567890468985E-004, 2.5773815650609322E-005, 1.1644932129684094E-008, 0.0000000000000000E+000, 0.0000000000000000E+000, 0.0000000000000000E+000, 0.0000000000000000E+000, 0.0000000000000000E+000, 0.0000000000000000E+000, 0.0000000000000000E+000, 0.0000000000000000E+000, 0.0000000000000000E+000, 0.0000000000000000E+000, 0.0000000000000000E+000, 0.0000000000000000E+000, 0.0000000000000000E+000, 0.0000000000000000E+000, 0.0000000000000000E+000, 0.0000000000000000E+000, 0.0000000000000000E+000, 0.0000000000000000E+000, 0.0000000000000000E+000, 0.0000000000000000E+000, 0.0000000000000000E+000, 0.0000000000000000E+000, 0.0000000000000000E+000, 0.0000000000000000E+000, 0.0000000000000000E+000, 0.0000000000000000E+000, 0.0000000000000000E+000, 0.0000000000000000E+000, 0.0000000000000000E+000, 0.0000000000000000E+000, 0.0000000000000000E+000, 0.0000000000000000E+000, 0.0000000000000000E+000, 4.0531159584134002E-007, 2.1029264019034599E-007, 1.5258789289873675E-006,-3.2596289556430236E-010, 1.0937297098667241E-020, 1.6737720584525384E-011, 0.0000000000000000E+000, 0.0000000000000000E+000, 3.0814752197265625E+002, 3.1952243298292160E-002, 4.9614594317972660E-003
water_cumulus,12,1, 2.0000000000000000E+001, 1.0000000000000000E+005, 3.4999999403953552E-001, 3.1916775703430176E+000, 3.4999999403953552E-001,-2.0000000298023224E-001, 5.0000000745058060E-002, 1.3020000187680125E-004, 1.3000000035390258E-004, 2.0000000233721948E-007, 2.1500000000000000E+002, 9.9527055025100708E-001, 5.2237501144409180E+000, 1.8599998950958252E-001, 3.0908123779296875E+002, 2.9405657958984375E+002, 1.3926277868449688E-002, 8.3995101562500000E+004, 9.5138931274414062E-001, 3.0895913696289062E+002, 1.3735000044107437E-002, 0.0000000000000000E+000, 4.0939998143585399E-005, 0.0000000000000000E+000, 0.0000000000000000E+000, 0.0000000000000000E+000, 0.0000000000000000E+000, 4.1287587373517454E-004, 8.2575177657417953E-005, 1.3709240853643223E-008, 0.0000000000000000E+000, 0.0000000000000000E+000, 0.0000000000000000E+000, 0.0000000000000000E+000, 0.0000000000000000E+000, 0.0000000000000000E+000, 0.0000000000000000E+000, 0.0000000000000000E+000, 0.0000000000000000E+000, 0.0000000000000000E+000, 0.0000000000000000E+000, 0.0000000000000000E+000, 0.0000000000000000E+000, 0.0000000000000000E+000, 0.0000000000000000E+000, 0.0000000000000000E+000, 0.0000000000000000E+000, 0.0000000000000000E+000, 0.0000000000000000E+000, 0.0000000000000000E+000, 0.0000000000000000E+000, 0.0000000000000000E+000, 0.0000000000000000E+000, 0.0000000000000000E+000, 0.0000000000000000E+000, 0.0000000000000000E+000, 0.0000000000000000E+000, 0.0000000000000000E+000, 0.0000000000000000E+000, 0.0000000000000000E+000, 0.0000000000000000E+000, 0.0000000000000000E+000, 0.0000000000000000E+000, 1.0490417707842425E-006, 5.5432320777981658E-007, 6.1035157159494702E-006,-9.9651513707499362E-009, 8.4899725114020682E-026,-2.9831425524262656E-011, 0.0000000000000000E+000, 0.0000000000000000E+000, 3.0895925903320312E+002, 8.5671745240688324E-002, 1.7134349793195724E-002
water_cumulus,13,1, 2.0000000000000000E+001, 1.0000000000000000E+005, 3.4999999403953552E-001, 3.1916775703430176E+000, 3.4999999403953552E-001,-2.0000000298023224E-001, 5.0000000745058060E-002, 1.3020000187680125E-004, 1.3000000035390258E-004, 2.0000000233721948E-007, 2.3000000000000000E+002, 9.7368013858795166E-001, 5.5574998855590820E+000, 3.6399996280670166E-001, 3.1008248901367188E+002, 2.9281103515625000E+002, 1.2555690482258797E-002, 8.1824929687500000E+004, 9.4430041313171387E-001, 3.0996484375000000E+002, 1.2400000356137753E-002, 0.0000000000000000E+000, 3.9160000596893951E-005, 0.0000000000000000E+000, 0.0000000000000000E+000, 0.0000000000000000E+000, 0.0000000000000000E+000, 1.0699672857299447E-003, 1.7055721255019307E-003, 1.4801709191658574E-008, 0.0000000000000000E+000, 0.0000000000000000E+000, 0.0000000000000000E+000, 0.0000000000000000E+000, 0.0000000000000000E+000, 0.0000000000000000E+000, 0.0000000000000000E+000, 0.0000000000000000E+000, 0.0000000000000000E+000, 0.0000000000000000E+000, 0.0000000000000000E+000, 0.0000000000000000E+000, 0.0000000000000000E+000, 0.0000000000000000E+000, 0.0000000000000000E+000, 0.0000000000000000E+000, 0.0000000000000000E+000, 0.0000000000000000E+000, 0.0000000000000000E+000, 0.0000000000000000E+000, 0.0000000000000000E+000, 0.0000000000000000E+000, 0.0000000000000000E+000, 0.0000000000000000E+000, 0.0000000000000000E+000, 0.0000000000000000E+000, 0.0000000000000000E+000, 0.0000000000000000E+000, 0.0000000000000000E+000, 0.0000000000000000E+000, 0.0000000000000000E+000, 0.0000000000000000E+000, 0.0000000000000000E+000,-7.1525576572639693E-008,-4.4703483581542969E-008,-3.0517578579747351E-006, 4.6566128730773926E-010, 1.2732232584377873E-029, 5.4569684274780039E-013, 0.0000000000000000E+000, 0.0000000000000000E+000, 3.0996478271484375E+002, 2.3806771636009216E-001, 3.7948980927467346E-001
water_cumulus,14,1, 2.0000000000000000E+001, 1.0000000000000000E+005, 3.4999999403953552E-001, 3.1916775703430176E+000, 3.4999999403953552E-001,-2.0000000298023224E-001, 5.0000000745058060E-002, 1.3020000187680125E-004, 1.3000000035390258E-004, 2.0000000233721948E-007, 2.4500000000000000E+002, 9.5116174221038818E-001, 5.9137496948242188E+000, 5.5400002002716064E-001, 3.1115124511718750E+002, 2.9148397827148438E+002, 1.1096786707639694E-002, 7.9570289062500000E+004, 9.3679189682006836E-001, 3.1103839111328125E+002, 1.0974999517202377E-002, 0.0000000000000000E+000, 3.7260000681271777E-005, 0.0000000000000000E+000, 0.0000000000000000E+000, 0.0000000000000000E+000, 0.0000000000000000E+000, 9.7241159528493881E-004, 1.5502900350838900E-003, 1.4923740465633273E-008, 0.0000000000000000E+000, 0.0000000000000000E+000, 0.0000000000000000E+000, 0.0000000000000000E+000, 0.0000000000000000E+000, 0.0000000000000000E+000, 0.0000000000000000E+000, 0.0000000000000000E+000, 0.0000000000000000E+000, 0.0000000000000000E+000, 0.0000000000000000E+000, 0.0000000000000000E+000, 0.0000000000000000E+000, 0.0000000000000000E+000, 0.0000000000000000E+000, 0.0000000000000000E+000, 0.0000000000000000E+000, 0.0000000000000000E+000, 0.0000000000000000E+000, 0.0000000000000000E+000, 0.0000000000000000E+000, 0.0000000000000000E+000, 0.0000000000000000E+000, 0.0000000000000000E+000, 0.0000000000000000E+000, 0.0000000000000000E+000, 0.0000000000000000E+000, 0.0000000000000000E+000, 0.0000000000000000E+000, 0.0000000000000000E+000, 0.0000000000000000E+000, 0.0000000000000000E+000, 0.0000000000000000E+000,-9.5367433061710472E-008,-4.1723250632230702E-008, 0.0000000000000000E+000, 4.1909514747473509E-010, 1.6305998457125982E-033, 7.2759577226036432E-013, 0.0000000000000000E+000, 0.0000000000000000E+000, 3.1103839111328125E+002, 2.3094774782657623E-001, 3.6819389462471008E-001
water_cumulus,15,1, 2.0000000000000000E+001, 1.0000000000000000E+005, 3.4999999403953552E-001, 3.1916775703430176E+000, 3.4999999403953552E-001,-2.0000000298023224E-001, 5.0000000745058060E-002, 1.3020000187680125E-004, 1.3000000035390258E-004, 2.0000000233721948E-007, 2.6000000000000000E+002, 9.2780399322509766E-001, 6.2925000190734863E+000, 7.5599992275238037E-001, 3.1228750610351562E+002, 2.9007592773437500E+002, 9.5503460615873337E-003, 7.7241343750000000E+004, 9.2887461185455322E-001, 3.1217987060546875E+002, 9.4600003212690353E-003, 0.0000000000000000E+000, 3.5239998396718875E-005, 0.0000000000000000E+000, 0.0000000000000000E+000, 0.0000000000000000E+000, 0.0000000000000000E+000, 8.8612025137990713E-004, 1.4129186747595668E-003, 1.4924472324651106E-008, 0.0000000000000000E+000, 0.0000000000000000E+000, 0.0000000000000000E+000, 0.0000000000000000E+000, 0.0000000000000000E+000, 0.0000000000000000E+000, 0.0000000000000000E+000, 0.0000000000000000E+000, 0.0000000000000000E+000, 0.0000000000000000E+000, 0.0000000000000000E+000, 0.0000000000000000E+000, 0.0000000000000000E+000, 0.0000000000000000E+000, 0.0000000000000000E+000, 0.0000000000000000E+000, 0.0000000000000000E+000, 0.0000000000000000E+000, 0.0000000000000000E+000, 0.0000000000000000E+000, 0.0000000000000000E+000, 0.0000000000000000E+000, 0.0000000000000000E+000, 0.0000000000000000E+000, 0.0000000000000000E+000, 0.0000000000000000E+000, 0.0000000000000000E+000, 0.0000000000000000E+000, 0.0000000000000000E+000, 0.0000000000000000E+000, 0.0000000000000000E+000, 0.0000000000000000E+000, 0.0000000000000000E+000,-7.1525576572639693E-008,-4.1723250632230702E-008,-1.5258789289873675E-006, 4.6566128730773926E-010, 1.7948318382937842E-037, 5.4569684274780039E-013, 0.0000000000000000E+000, 0.0000000000000000E+000, 3.1217984008789062E+002, 2.2374536097049713E-001, 3.5676196217536926E-001
water_cumulus,16,1, 2.0000000000000000E+001, 1.0000000000000000E+005, 3.4999999403953552E-001, 3.1916775703430176E+000, 3.4999999403953552E-001,-2.0000000298023224E-001, 5.0000000745058060E-002, 1.3020000187680125E-004, 1.3000000035390258E-004, 2.0000000233721948E-007, 2.7500000000000000E+002, 9.0369719266891479E-001, 6.6937503814697266E+000, 9.6999990940093994E-001, 3.1349124145507812E+002, 2.8858749389648438E+002, 7.9171890392899513E-003, 7.4848367187500000E+004, 9.2056000232696533E-001, 3.1338922119140625E+002, 7.8549999743700027E-003, 0.0000000000000000E+000, 3.3099997381214052E-005, 0.0000000000000000E+000, 0.0000000000000000E+000, 0.0000000000000000E+000, 0.0000000000000000E+000, 8.0923881614580750E-004, 1.2905091280117631E-003, 1.4917906909772682E-008, 0.0000000000000000E+000, 0.0000000000000000E+000, 0.0000000000000000E+000, 0.0000000000000000E+000, 0.0000000000000000E+000, 0.0000000000000000E+000, 0.0000000000000000E+000, 0.0000000000000000E+000, 0.0000000000000000E+000, 0.0000000000000000E+000, 0.0000000000000000E+000, 0.0000000000000000E+000, 0.0000000000000000E+000, 0.0000000000000000E+000, 0.0000000000000000E+000, 0.0000000000000000E+000, 0.0000000000000000E+000, 0.0000000000000000E+000, 0.0000000000000000E+000, 0.0000000000000000E+000, 0.0000000000000000E+000, 0.0000000000000000E+000, 0.0000000000000000E+000, 0.0000000000000000E+000, 0.0000000000000000E+000, 0.0000000000000000E+000, 0.0000000000000000E+000, 0.0000000000000000E+000, 0.0000000000000000E+000, 0.0000000000000000E+000, 0.0000000000000000E+000, 0.0000000000000000E+000, 0.0000000000000000E+000,-7.1525576572639693E-008,-3.5762788286319847E-008, 0.0000000000000000E+000, 4.1909514747473509E-010, 1.7073420489333571E-041, 5.4569684274780039E-013, 0.0000000000000000E+000, 0.0000000000000000E+000, 3.1338922119140625E+002, 2.1647138893604279E-001, 3.4521117806434631E-001
water_cumulus,17,1, 2.0000000000000000E+001, 1.0000000000000000E+005, 3.4999999403953552E-001, 3.1916775703430176E+000, 3.4999999403953552E-001,-2.0000000298023224E-001, 5.0000000745058060E-002, 1.3020000187680125E-004, 1.3000000035390258E-004, 2.0000000233721948E-007, 2.9000000000000000E+002, 8.7893229722976685E-001, 7.1174998283386230E+000, 1.1959998607635498E+000, 3.1476248168945312E+002, 2.8701928710937500E+002, 6.1981813050806522E-003, 7.2401640625000000E+004, 9.1185992956161499E-001, 3.1466653442382812E+002, 6.1600003391504288E-003, 0.0000000000000000E+000, 3.0839997634757310E-005, 0.0000000000000000E+000, 0.0000000000000000E+000, 0.0000000000000000E+000, 0.0000000000000000E+000, 7.4047123780474067E-004, 1.1810008436441422E-003, 1.4909314671740503E-008, 0.0000000000000000E+000, 0.0000000000000000E+000, 0.0000000000000000E+000, 0.0000000000000000E+000, 0.0000000000000000E+000, 0.0000000000000000E+000, 0.0000000000000000E+000, 0.0000000000000000E+000, 0.0000000000000000E+000, 0.0000000000000000E+000, 0.0000000000000000E+000, 0.0000000000000000E+000, 0.0000000000000000E+000, 0.0000000000000000E+000, 0.0000000000000000E+000, 0.0000000000000000E+000, 0.0000000000000000E+000, 0.0000000000000000E+000, 0.0000000000000000E+000, 0.0000000000000000E+000, 0.0000000000000000E+000, 0.0000000000000000E+000, 0.0000000000000000E+000, 0.0000000000000000E+000, 0.0000000000000000E+000, 0.0000000000000000E+000, 0.0000000000000000E+000, 0.0000000000000000E+000, 0.0000000000000000E+000, 0.0000000000000000E+000, 0.0000000000000000E+000, 0.0000000000000000E+000, 0.0000000000000000E+000,-9.5367433061710472E-008,-3.5762788286319847E-008,-1.5258789289873675E-006, 4.1909514747473509E-010, 1.4012984643248171E-045, 5.4569684274780039E-013, 0.0000000000000000E+000, 0.0000000000000000E+000, 3.1466650390625000E+002, 2.0918312668800354E-001, 3.3363273739814758E-001
water_cumulus,18,1, 2.0000000000000000E+001, 1.0000000000000000E+005, 3.4999999403953552E-001, 3.1916775703430176E+000, 3.4999999403953552E-001,-2.0000000298023224E-001, 5.0000000745058060E-002, 1.3020000187680125E-004, 1.3000000035390258E-004, 2.0000000233721948E-007, 3.0500000000000000E+002, 8.5360097885131836E-001, 7.5637502670288086E+000, 1.4340000152587891E+000, 3.1610122680664062E+002, 2.8537197875976562E+002, 4.3942243792116642E-003, 6.9911421875000000E+004, 9.0278673171997070E-001, 3.1601177978515625E+002, 4.3749995529651642E-003, 0.0000000000000000E+000, 2.8459999157348648E-005, 0.0000000000000000E+000, 0.0000000000000000E+000, 0.0000000000000000E+000, 0.0000000000000000E+000, 6.7864183802157640E-004, 1.0825251229107380E-003, 1.4898557942899515E-008, 0.0000000000000000E+000, 0.0000000000000000E+000, 0.0000000000000000E+000, 0.0000000000000000E+000, 0.0000000000000000E+000, 0.0000000000000000E+000, 0.0000000000000000E+000, 0.0000000000000000E+000, 0.0000000000000000E+000, 0.0000000000000000E+000, 0.0000000000000000E+000, 0.0000000000000000E+000, 0.0000000000000000E+000, 0.0000000000000000E+000, 0.0000000000000000E+000, 0.0000000000000000E+000, 0.0000000000000000E+000, 0.0000000000000000E+000, 0.0000000000000000E+000, 0.0000000000000000E+000, 0.0000000000000000E+000, 0.0000000000000000E+000, 0.0000000000000000E+000, 0.0000000000000000E+000, 0.0000000000000000E+000, 0.0000000000000000E+000, 0.0000000000000000E+000, 0.0000000000000000E+000, 0.0000000000000000E+000, 0.0000000000000000E+000, 0.0000000000000000E+000, 0.0000000000000000E+000, 0.0000000000000000E+000,-9.5367433061710472E-008,-4.1723250632230702E-008, 0.0000000000000000E+000, 4.1909514747473509E-010, 0.0000000000000000E+000, 5.4569684274780039E-013, 0.0000000000000000E+000, 0.0000000000000000E+000, 3.1601177978515625E+002, 2.0189595222473145E-001, 3.2205122709274292E-001
water_cumulus,19,1, 2.0000000000000000E+001, 1.0000000000000000E+005, 3.4999999403953552E-001, 3.1916775703430176E+000, 3.4999999403953552E-001,-2.0000000298023224E-001, 5.0000000745058060E-002, 1.3020000187680125E-004, 1.3000000035390258E-004, 2.0000000233721948E-007, 3.2000000000000000E+002, 8.2779401540756226E-001, 8.0325002670288086E+000, 1.6840000152587891E+000, 3.1750747680664062E+002, 2.8364636230468750E+002, 2.5062651839107275E-003, 6.7387820312500000E+004, 8.9335334300994873E-001, 3.1742501831054688E+002, 2.4999994784593582E-003, 0.0000000000000000E+000, 2.5959998311009258E-005, 0.0000000000000000E+000, 0.0000000000000000E+000, 0.0000000000000000E+000, 0.0000000000000000E+000, 6.2287831678986549E-004, 9.9369557574391365E-004, 1.4885173982293054E-008, 0.0000000000000000E+000, 0.0000000000000000E+000, 0.0000000000000000E+000, 0.0000000000000000E+000, 0.0000000000000000E+000, 0.0000000000000000E+000, 0.0000000000000000E+000, 0.0000000000000000E+000, 0.0000000000000000E+000, 0.0000000000000000E+000, 0.0000000000000000E+000, 0.0000000000000000E+000, 0.0000000000000000E+000, 0.0000000000000000E+000, 0.0000000000000000E+000, 0.0000000000000000E+000, 0.0000000000000000E+000, 0.0000000000000000E+000, 0.0000000000000000E+000, 0.0000000000000000E+000, 0.0000000000000000E+000, 0.0000000000000000E+000, 0.0000000000000000E+000, 0.0000000000000000E+000, 0.0000000000000000E+000, 0.0000000000000000E+000, 0.0000000000000000E+000, 0.0000000000000000E+000, 0.0000000000000000E+000, 0.0000000000000000E+000, 0.0000000000000000E+000, 0.0000000000000000E+000, 0.0000000000000000E+000,-4.7683716530855236E-008,-2.9802322387695312E-008,-1.5258789289873675E-006, 3.9581210531380862E-010, 0.0000000000000000E+000, 4.5474735088646412E-013, 0.0000000000000000E+000, 0.0000000000000000E+000, 3.1742498779296875E+002, 1.9464947283267975E-001, 3.1052985787391663E-001
water_cumulus,20,1, 2.0000000000000000E+001, 1.0000000000000000E+005, 3.4999999403953552E-001, 3.1916775703430176E+000, 3.4999999403953552E-001,-2.0000000298023224E-001, 5.0000000745058060E-002, 1.3020000187680125E-004, 1.3000000035390258E-004, 2.0000000233721948E-007, 3.3500000000000000E+002, 8.0160218477249146E-001, 8.5237503051757812E+000, 1.9459998607635498E+000, 3.1898123168945312E+002, 2.8184317016601562E+002, 5.3528649732470512E-004, 6.4840792968750000E+004, 8.8357287645339966E-001, 3.1890628051757812E+002, 5.3500011563301086E-004, 0.0000000000000000E+000, 2.3339998733717948E-005, 0.0000000000000000E+000, 0.0000000000000000E+000, 0.0000000000000000E+000, 0.0000000000000000E+000, 5.7241762988269329E-004, 9.1329950373619795E-004, 1.3923579622598936E-008, 0.0000000000000000E+000, 0.0000000000000000E+000, 0.0000000000000000E+000, 0.0000000000000000E+000, 0.0000000000000000E+000, 0.0000000000000000E+000, 0.0000000000000000E+000, 0.0000000000000000E+000, 0.0000000000000000E+000, 0.0000000000000000E+000, 0.0000000000000000E+000, 0.0000000000000000E+000, 0.0000000000000000E+000, 0.0000000000000000E+000, 0.0000000000000000E+000, 0.0000000000000000E+000, 0.0000000000000000E+000, 0.0000000000000000E+000, 0.0000000000000000E+000, 0.0000000000000000E+000, 0.0000000000000000E+000, 0.0000000000000000E+000, 0.0000000000000000E+000, 0.0000000000000000E+000, 0.0000000000000000E+000, 0.0000000000000000E+000, 0.0000000000000000E+000, 0.0000000000000000E+000, 0.0000000000000000E+000, 0.0000000000000000E+000, 0.0000000000000000E+000, 0.0000000000000000E+000, 0.0000000000000000E+000,-6.6757201011569123E-007,-3.7550927345364471E-007,-4.5776369006489404E-006, 5.4104019042711116E-009, 0.0000000000000000E+000, 6.9121596467380808E-012, 0.0000000000000000E+000, 0.0000000000000000E+000, 3.1890618896484375E+002, 1.8746677041053772E-001, 2.9910558462142944E-001
water_cumulus,21,1, 2.0000000000000000E+001, 1.0000000000000000E+005, 3.4999999403953552E-001, 3.1916775703430176E+000, 3.4999999403953552E-001,-2.0000000298023224E-001, 5.0000000745058060E-002, 1.3020000187680125E-004, 1.3000000035390258E-004, 2.0000000233721948E-007, 3.5000000000000000E+002, 7.7511453628540039E-001, 9.0375003814697266E+000, 2.2200000286102295E+000, 3.2052249145507812E+002, 2.7996325683593750E+002, 2.0003999816253781E-004, 6.2280027343750000E+004, 8.7345898151397705E-001, 3.2045556640625000E+002, 1.9999999494757503E-004, 0.0000000000000000E+000, 2.0600000425474718E-005, 0.0000000000000000E+000, 0.0000000000000000E+000, 0.0000000000000000E+000, 0.0000000000000000E+000, 1.0360149462940171E-004, 3.5955290513811633E-005, 1.2936372861815926E-008, 0.0000000000000000E+000, 0.0000000000000000E+000, 0.0000000000000000E+000, 0.0000000000000000E+000, 0.0000000000000000E+000, 0.0000000000000000E+000, 0.0000000000000000E+000, 0.0000000000000000E+000, 0.0000000000000000E+000, 0.0000000000000000E+000, 0.0000000000000000E+000, 0.0000000000000000E+000, 0.0000000000000000E+000, 0.0000000000000000E+000, 0.0000000000000000E+000, 0.0000000000000000E+000, 0.0000000000000000E+000, 0.0000000000000000E+000, 0.0000000000000000E+000, 0.0000000000000000E+000, 0.0000000000000000E+000, 0.0000000000000000E+000, 0.0000000000000000E+000, 0.0000000000000000E+000, 0.0000000000000000E+000, 0.0000000000000000E+000, 0.0000000000000000E+000, 0.0000000000000000E+000, 0.0000000000000000E+000, 0.0000000000000000E+000, 0.0000000000000000E+000, 0.0000000000000000E+000, 0.0000000000000000E+000,-4.7683716530855236E-008,-2.3841858265427618E-008,-1.5258789289873675E-006, 3.4924597935859225E-011, 0.0000000000000000E+000, 0.0000000000000000E+000, 0.0000000000000000E+000, 0.0000000000000000E+000, 3.2045553588867188E+002, 3.5483513027429581E-002, 1.2314686551690102E-002
water_cumulus,22,1, 2.0000000000000000E+001, 1.0000000000000000E+005, 3.4999999403953552E-001, 3.1916775703430176E+000, 3.4999999403953552E-001,-2.0000000298023224E-001, 5.0000000745058060E-002, 1.3020000187680125E-004, 1.3000000035390258E-004, 2.0000000233721948E-007, 3.6500000000000000E+002, 7.4841839075088501E-001, 9.5737495422363281E+000, 2.5059998035430908E+000, 3.2213122558593750E+002, 2.7800750732421875E+002, 2.0003999816253781E-004, 5.9714925781250000E+004, 8.6302560567855835E-001, 3.2207290649414062E+002, 1.9999999494757503E-004, 0.0000000000000000E+000, 1.7739999748300761E-005, 0.0000000000000000E+000, 0.0000000000000000E+000, 0.0000000000000000E+000, 0.0000000000000000E+000, 6.8893583375029266E-005, 3.4446791687514633E-005, 1.2832105156235230E-008, 0.0000000000000000E+000, 0.0000000000000000E+000, 0.0000000000000000E+000, 0.0000000000000000E+000, 0.0000000000000000E+000, 0.0000000000000000E+000, 0.0000000000000000E+000, 0.0000000000000000E+000, 0.0000000000000000E+000, 0.0000000000000000E+000, 0.0000000000000000E+000, 0.0000000000000000E+000, 0.0000000000000000E+000, 0.0000000000000000E+000, 0.0000000000000000E+000, 0.0000000000000000E+000, 0.0000000000000000E+000, 0.0000000000000000E+000, 0.0000000000000000E+000, 0.0000000000000000E+000, 0.0000000000000000E+000, 0.0000000000000000E+000, 0.0000000000000000E+000, 0.0000000000000000E+000, 0.0000000000000000E+000, 0.0000000000000000E+000, 0.0000000000000000E+000, 0.0000000000000000E+000, 0.0000000000000000E+000, 0.0000000000000000E+000, 0.0000000000000000E+000, 0.0000000000000000E+000, 0.0000000000000000E+000, 0.0000000000000000E+000, 0.0000000000000000E+000, 0.0000000000000000E+000,-7.2759577226036432E-013, 0.0000000000000000E+000, 0.0000000000000000E+000, 0.0000000000000000E+000, 0.0000000000000000E+000, 3.2207290649414062E+002, 2.4629456922411919E-002, 1.2314728461205959E-002
water_cumulus,23,1, 2.0000000000000000E+001, 1.0000000000000000E+005, 3.4999999403953552E-001, 3.1916775703430176E+000, 3.4999999403953552E-001,-2.0000000298023224E-001, 5.0000000745058060E-002, 1.3020000187680125E-004, 1.3000000035390258E-004, 2.0000000233721948E-007, 3.8000000000000000E+002, 7.2159898281097412E-001, 1.0132499694824219E+001, 2.8039999008178711E+000, 3.2380749511718750E+002, 2.7597692871093750E+002, 2.0003999816253781E-004, 5.7154519531250000E+004, 8.5228699445724487E-001, 3.2375836181640625E+002, 1.9999999494757503E-004, 0.0000000000000000E+000, 1.4760000340174884E-005, 0.0000000000000000E+000, 0.0000000000000000E+000, 0.0000000000000000E+000, 0.0000000000000000E+000, 6.6119529947172850E-005, 3.3059768611565232E-005, 1.2735437593391907E-008, 0.0000000000000000E+000, 0.0000000000000000E+000, 0.0000000000000000E+000, 0.0000000000000000E+000, 0.0000000000000000E+000, 0.0000000000000000E+000, 0.0000000000000000E+000, 0.0000000000000000E+000, 0.0000000000000000E+000, 0.0000000000000000E+000, 0.0000000000000000E+000, 0.0000000000000000E+000, 0.0000000000000000E+000, 0.0000000000000000E+000, 0.0000000000000000E+000, 0.0000000000000000E+000, 0.0000000000000000E+000, 0.0000000000000000E+000, 0.0000000000000000E+000, 0.0000000000000000E+000, 0.0000000000000000E+000, 0.0000000000000000E+000, 0.0000000000000000E+000, 0.0000000000000000E+000, 0.0000000000000000E+000, 0.0000000000000000E+000, 0.0000000000000000E+000, 0.0000000000000000E+000, 0.0000000000000000E+000, 0.0000000000000000E+000, 0.0000000000000000E+000, 0.0000000000000000E+000, 0.0000000000000000E+000, 4.7683716530855236E-008, 0.0000000000000000E+000, 0.0000000000000000E+000,-7.2759577226036432E-013, 0.0000000000000000E+000, 0.0000000000000000E+000, 0.0000000000000000E+000, 0.0000000000000000E+000, 3.2375836181640625E+002, 2.4629523977637291E-002, 1.2314763851463795E-002
water_cumulus,24,1, 2.0000000000000000E+001, 1.0000000000000000E+005, 3.4999999403953552E-001, 3.1916775703430176E+000, 3.4999999403953552E-001,-2.0000000298023224E-001, 5.0000000745058060E-002, 1.3020000187680125E-004, 1.3000000035390258E-004, 2.0000000233721948E-007, 3.9500000000000000E+002, 6.9473868608474731E-001, 1.0713749885559082E+001, 3.1139998435974121E+000, 3.2555123901367188E+002, 2.7387249755859375E+002, 2.0003999816253781E-004, 5.4607437500000000E+004, 8.4125775098800659E-001, 3.2551190185546875E+002, 1.9999999494757503E-004, 0.0000000000000000E+000, 1.1660000382107683E-005, 0.0000000000000000E+000, 0.0000000000000000E+000, 0.0000000000000000E+000, 0.0000000000000000E+000, 6.3559695263393223E-005, 3.1779851269675419E-005, 1.2633308621445849E-008, 0.0000000000000000E+000, 0.0000000000000000E+000, 0.0000000000000000E+000, 0.0000000000000000E+000, 0.0000000000000000E+000, 0.0000000000000000E+000, 0.0000000000000000E+000, 0.0000000000000000E+000, 0.0000000000000000E+000, 0.0000000000000000E+000, 0.0000000000000000E+000, 0.0000000000000000E+000, 0.0000000000000000E+000, 0.0000000000000000E+000, 0.0000000000000000E+000, 0.0000000000000000E+000, 0.0000000000000000E+000, 0.0000000000000000E+000, 0.0000000000000000E+000, 0.0000000000000000E+000, 0.0000000000000000E+000, 0.0000000000000000E+000, 0.0000000000000000E+000, 0.0000000000000000E+000, 0.0000000000000000E+000, 0.0000000000000000E+000, 0.0000000000000000E+000, 0.0000000000000000E+000, 0.0000000000000000E+000, 0.0000000000000000E+000, 0.0000000000000000E+000, 0.0000000000000000E+000, 0.0000000000000000E+000, 0.0000000000000000E+000, 0.0000000000000000E+000, 0.0000000000000000E+000, 0.0000000000000000E+000, 0.0000000000000000E+000, 4.5474735766272770E-014, 0.0000000000000000E+000, 0.0000000000000000E+000, 3.2551190185546875E+002, 2.4629382416605949E-002, 1.2314692139625549E-002
water_cumulus,25,1, 2.0000000000000000E+001, 1.0000000000000000E+005, 3.4999999403953552E-001, 3.1916775703430176E+000, 3.4999999403953552E-001,-2.0000000298023224E-001, 5.0000000745058060E-002, 1.3020000187680125E-004, 1.3000000035390258E-004, 2.0000000233721948E-007, 4.1000000000000000E+002, 6.6791719198226929E-001, 1.1317500114440918E+001, 3.4359998703002930E+000, 3.2736248779296875E+002, 2.7169537353515625E+002, 2.0003999816253781E-004, 5.2081890625000000E+004, 8.2995271682739258E-001, 3.2733364868164062E+002, 1.9999999494757503E-004, 0.0000000000000000E+000, 8.4400016930885613E-006, 0.0000000000000000E+000, 0.0000000000000000E+000, 0.0000000000000000E+000, 0.0000000000000000E+000, 6.1191181885078549E-005, 2.9566528610303067E-005, 1.2528671433642558E-008, 0.0000000000000000E+000, 0.0000000000000000E+000, 0.0000000000000000E+000, 0.0000000000000000E+000, 0.0000000000000000E+000, 0.0000000000000000E+000, 0.0000000000000000E+000, 0.0000000000000000E+000, 0.0000000000000000E+000, 0.0000000000000000E+000, 0.0000000000000000E+000, 0.0000000000000000E+000, 0.0000000000000000E+000, 0.0000000000000000E+000, 0.0000000000000000E+000, 0.0000000000000000E+000, 0.0000000000000000E+000, 0.0000000000000000E+000, 0.0000000000000000E+000, 0.0000000000000000E+000, 0.0000000000000000E+000, 0.0000000000000000E+000, 0.0000000000000000E+000, 0.0000000000000000E+000, 0.0000000000000000E+000, 0.0000000000000000E+000, 0.0000000000000000E+000, 0.0000000000000000E+000, 0.0000000000000000E+000, 0.0000000000000000E+000, 0.0000000000000000E+000, 0.0000000000000000E+000, 0.0000000000000000E+000, 0.0000000000000000E+000, 1.1920929132713809E-008, 1.5258789289873675E-006, 0.0000000000000000E+000, 0.0000000000000000E+000, 9.0949471532545539E-014, 0.0000000000000000E+000, 0.0000000000000000E+000, 3.2733367919921875E+002, 2.4629451334476471E-002, 1.1900527402758598E-002
water_cumulus,26,1, 2.0000000000000000E+001, 1.0000000000000000E+005, 3.4999999403953552E-001, 3.1916775703430176E+000, 3.4999999403953552E-001,-2.0000000298023224E-001, 5.0000000745058060E-002, 1.3020000187680125E-004, 1.3000000035390258E-004, 2.0000000233721948E-007, 4.2500000000000000E+002, 6.4121013879776001E-001, 1.1943750381469727E+001, 3.7699999809265137E+000, 3.2924124145507812E+002, 2.6944671630859375E+002, 2.0003999816253781E-004, 4.9585558593750000E+004, 8.1838685274124146E-001, 3.2922357177734375E+002, 1.9999999494757503E-004, 0.0000000000000000E+000, 5.0999988161493093E-006, 0.0000000000000000E+000, 0.0000000000000000E+000, 0.0000000000000000E+000, 0.0000000000000000E+000, 5.8992634876631200E-005, 2.4928551283665001E-005, 1.2419736350466337E-008, 0.0000000000000000E+000, 0.0000000000000000E+000, 0.0000000000000000E+000, 0.0000000000000000E+000, 0.0000000000000000E+000, 0.0000000000000000E+000, 0.0000000000000000E+000, 0.0000000000000000E+000, 0.0000000000000000E+000, 0.0000000000000000E+000, 0.0000000000000000E+000, 0.0000000000000000E+000, 0.0000000000000000E+000, 0.0000000000000000E+000, 0.0000000000000000E+000, 0.0000000000000000E+000, 0.0000000000000000E+000, 0.0000000000000000E+000, 0.0000000000000000E+000, 0.0000000000000000E+000, 0.0000000000000000E+000, 0.0000000000000000E+000, 0.0000000000000000E+000, 0.0000000000000000E+000, 0.0000000000000000E+000, 0.0000000000000000E+000, 0.0000000000000000E+000, 0.0000000000000000E+000, 0.0000000000000000E+000, 0.0000000000000000E+000, 0.0000000000000000E+000, 0.0000000000000000E+000, 0.0000000000000000E+000, 0.0000000000000000E+000,-1.1920929132713809E-008, 0.0000000000000000E+000, 0.0000000000000000E+000, 0.0000000000000000E+000, 1.1368683772161603E-013, 0.0000000000000000E+000, 0.0000000000000000E+000, 3.2922357177734375E+002, 2.4629425257444382E-002, 1.0407670401036739E-002
water_cumulus,27,1, 2.0000000000000000E+001, 1.0000000000000000E+005, 3.4999999403953552E-001, 3.1916775703430176E+000, 3.4999999403953552E-001,-2.0000000298023224E-001, 5.0000000745058060E-002, 1.3020000187680125E-004, 1.3000000035390258E-004, 2.0000000233721948E-007, 4.4000000000000000E+002, 6.1469048261642456E-001, 1.2592499732971191E+001, 4.1159996986389160E+000, 3.3118750000000000E+002, 2.6712765502929688E+002, 2.0003999816253781E-004, 4.7125640625000000E+004, 8.0657529830932617E-001, 3.3117694091796875E+002, 1.9999999494757503E-004, 0.0000000000000000E+000, 3.0000001061125658E-006, 0.0000000000000000E+000, 0.0000000000000000E+000, 0.0000000000000000E+000, 0.0000000000000000E+000, 5.6946566473925486E-005, 1.8967211872222833E-005, 1.2298075446892653E-008, 0.0000000000000000E+000, 0.0000000000000000E+000, 0.0000000000000000E+000, 0.0000000000000000E+000, 0.0000000000000000E+000, 0.0000000000000000E+000, 0.0000000000000000E+000, 0.0000000000000000E+000, 0.0000000000000000E+000, 0.0000000000000000E+000, 0.0000000000000000E+000, 0.0000000000000000E+000, 0.0000000000000000E+000, 0.0000000000000000E+000, 0.0000000000000000E+000, 0.0000000000000000E+000, 0.0000000000000000E+000, 0.0000000000000000E+000, 0.0000000000000000E+000, 0.0000000000000000E+000, 0.0000000000000000E+000, 0.0000000000000000E+000, 0.0000000000000000E+000, 0.0000000000000000E+000, 0.0000000000000000E+000, 0.0000000000000000E+000, 0.0000000000000000E+000, 0.0000000000000000E+000, 0.0000000000000000E+000, 0.0000000000000000E+000, 0.0000000000000000E+000, 0.0000000000000000E+000, 0.0000000000000000E+000,-4.7683716530855236E-008, 0.0000000000000000E+000, 1.5258789289873675E-006, 7.2759577226036432E-013, 0.0000000000000000E+000, 1.0231815123894900E-013, 0.0000000000000000E+000, 0.0000000000000000E+000, 3.3117697143554688E+002, 2.4629389867186546E-002, 8.2033192738890648E-003
water_cumulus,28,1, 2.0000000000000000E+001, 1.0000000000000000E+005, 3.4999999403953552E-001, 3.1916775703430176E+000, 3.4999999403953552E-001,-2.0000000298023224E-001, 5.0000000745058060E-002, 1.3020000187680125E-004, 1.3000000035390258E-004, 2.0000000233721948E-007, 4.5500000000000000E+002, 5.8842641115188599E-001, 1.3263750076293945E+001, 4.4739999771118164E+000, 3.3320123291015625E+002, 2.6473959350585938E+002, 2.0003999816253781E-004, 4.4708792968750000E+004, 7.9453361034393311E-001, 3.3319052124023438E+002, 1.9999999494757503E-004, 0.0000000000000000E+000, 3.0000001061125658E-006, 0.0000000000000000E+000, 0.0000000000000000E+000, 0.0000000000000000E+000, 0.0000000000000000E+000, 5.5037904530763626E-005, 1.5815974620636553E-005, 1.2169745211565441E-008, 0.0000000000000000E+000, 0.0000000000000000E+000, 0.0000000000000000E+000, 0.0000000000000000E+000, 0.0000000000000000E+000, 0.0000000000000000E+000, 0.0000000000000000E+000, 0.0000000000000000E+000, 0.0000000000000000E+000, 0.0000000000000000E+000, 0.0000000000000000E+000, 0.0000000000000000E+000, 0.0000000000000000E+000, 0.0000000000000000E+000, 0.0000000000000000E+000, 0.0000000000000000E+000, 0.0000000000000000E+000, 0.0000000000000000E+000, 0.0000000000000000E+000, 0.0000000000000000E+000, 0.0000000000000000E+000, 0.0000000000000000E+000, 0.0000000000000000E+000, 0.0000000000000000E+000, 0.0000000000000000E+000, 0.0000000000000000E+000, 0.0000000000000000E+000, 0.0000000000000000E+000, 0.0000000000000000E+000, 0.0000000000000000E+000, 0.0000000000000000E+000, 0.0000000000000000E+000, 0.0000000000000000E+000, 4.7683716530855236E-008,-2.3841858265427618E-008, 0.0000000000000000E+000, 0.0000000000000000E+000, 0.0000000000000000E+000,-1.1368683941568192E-014, 0.0000000000000000E+000, 0.0000000000000000E+000, 3.3319052124023438E+002, 2.4629462510347366E-002, 7.0776487700641155E-003
water_cumulus,29,1, 2.0000000000000000E+001, 1.0000000000000000E+005, 3.4999999403953552E-001, 3.1916775703430176E+000, 3.4999999403953552E-001,-2.0000000298023224E-001, 5.0000000745058060E-002, 1.3020000187680125E-004, 1.3000000035390258E-004, 2.0000000233721948E-007, 4.7000000000000000E+002, 5.6248223781585693E-001, 1.3957500457763672E+001, 4.8439998626708984E+000, 3.3528250122070312E+002, 2.6228381347656250E+002, 2.0003999816253781E-004, 4.2341105468750000E+004, 7.8227710723876953E-001, 3.3527160644531250E+002, 1.9999999494757503E-004, 0.0000000000000000E+000, 3.0000001061125658E-006, 0.0000000000000000E+000, 0.0000000000000000E+000, 0.0000000000000000E+000, 0.0000000000000000E+000, 5.3252813813742250E-005, 7.7271015470614657E-006, 1.2027940421432959E-008, 0.0000000000000000E+000, 0.0000000000000000E+000, 0.0000000000000000E+000, 0.0000000000000000E+000, 0.0000000000000000E+000, 0.0000000000000000E+000, 0.0000000000000000E+000, 0.0000000000000000E+000, 0.0000000000000000E+000, 0.0000000000000000E+000, 0.0000000000000000E+000, 0.0000000000000000E+000, 0.0000000000000000E+000, 0.0000000000000000E+000, 0.0000000000000000E+000, 0.0000000000000000E+000, 0.0000000000000000E+000, 0.0000000000000000E+000, 0.0000000000000000E+000, 0.0000000000000000E+000, 0.0000000000000000E+000, 0.0000000000000000E+000, 0.0000000000000000E+000, 0.0000000000000000E+000, 0.0000000000000000E+000, 0.0000000000000000E+000, 0.0000000000000000E+000, 0.0000000000000000E+000, 0.0000000000000000E+000, 0.0000000000000000E+000, 0.0000000000000000E+000, 0.0000000000000000E+000, 0.0000000000000000E+000, 0.0000000000000000E+000, 2.3841858265427618E-008, 0.0000000000000000E+000, 7.2759577226036432E-013, 0.0000000000000000E+000,-1.1368683941568192E-014, 0.0000000000000000E+000, 0.0000000000000000E+000, 3.3527160644531250E+002, 2.4629427120089531E-002, 3.5737843718379736E-003
water_cumulus,30,1, 2.0000000000000000E+001, 1.0000000000000000E+005, 3.4999999403953552E-001, 3.1916775703430176E+000, 3.4999999403953552E-001,-2.0000000298023224E-001, 5.0000000745058060E-002, 1.3020000187680125E-004, 1.3000000035390258E-004, 2.0000000233721948E-007, 4.8500000000000000E+002, 5.3691786527633667E-001, 1.4673749923706055E+001, 5.2259998321533203E+000, 3.3743124389648438E+002, 2.5976181030273438E+002, 2.0003999816253781E-004, 4.0028109375000000E+004, 7.6982146501541138E-001, 3.3742019653320312E+002, 1.9999999494757503E-004, 0.0000000000000000E+000, 3.0000001061125658E-006, 0.0000000000000000E+000, 0.0000000000000000E+000, 0.0000000000000000E+000, 0.0000000000000000E+000, 5.1579951104940847E-005, 6.3046422837942373E-006, 0.0000000000000000E+000, 0.0000000000000000E+000, 0.0000000000000000E+000, 0.0000000000000000E+000, 0.0000000000000000E+000, 0.0000000000000000E+000, 0.0000000000000000E+000, 0.0000000000000000E+000, 0.0000000000000000E+000, 0.0000000000000000E+000, 0.0000000000000000E+000, 0.0000000000000000E+000, 0.0000000000000000E+000, 0.0000000000000000E+000, 0.0000000000000000E+000, 0.0000000000000000E+000, 0.0000000000000000E+000, 0.0000000000000000E+000, 0.0000000000000000E+000, 0.0000000000000000E+000, 0.0000000000000000E+000, 0.0000000000000000E+000, 0.0000000000000000E+000, 0.0000000000000000E+000, 0.0000000000000000E+000, 0.0000000000000000E+000, 0.0000000000000000E+000, 0.0000000000000000E+000, 0.0000000000000000E+000, 0.0000000000000000E+000, 0.0000000000000000E+000, 0.0000000000000000E+000, 0.0000000000000000E+000, 0.0000000000000000E+000, 0.0000000000000000E+000, 0.0000000000000000E+000, 0.0000000000000000E+000, 0.0000000000000000E+000, 0.0000000000000000E+000, 0.0000000000000000E+000, 0.0000000000000000E+000, 0.0000000000000000E+000, 3.3742019653320312E+002, 2.4629427120089531E-002, 3.0104666948318481E-003
deep_plume,1,1, 2.0000000000000000E+001, 1.0000000000000000E+005, 3.4999999403953552E-001, 3.1916775703430176E+000, 0.0000000000000000E+000, 0.0000000000000000E+000, 1.8999999761581421E-001, 1.4000000373926014E-004, 1.4000000373926014E-004, 0.0000000000000000E+000, 5.0000000000000000E+001, 1.1552098989486694E+000, 3.0374999046325684E+000,-9.8000001907348633E-001, 3.0098498535156250E+002, 3.0073214721679688E+002, 1.6769062727689743E-002, 9.9706312500000000E+004, 9.9915999174118042E-001, 3.0098498535156250E+002, 1.6492499038577080E-002, 0.0000000000000000E+000, 0.0000000000000000E+000, 0.0000000000000000E+000, 0.0000000000000000E+000, 0.0000000000000000E+000, 0.0000000000000000E+000, 0.0000000000000000E+000, 0.0000000000000000E+000, 4.3449454096844420E-005, 0.0000000000000000E+000, 0.0000000000000000E+000, 0.0000000000000000E+000, 0.0000000000000000E+000, 0.0000000000000000E+000, 0.0000000000000000E+000, 0.0000000000000000E+000, 0.0000000000000000E+000, 0.0000000000000000E+000, 0.0000000000000000E+000, 0.0000000000000000E+000, 0.0000000000000000E+000, 0.0000000000000000E+000, 0.0000000000000000E+000, 0.0000000000000000E+000, 0.0000000000000000E+000, 0.0000000000000000E+000, 0.0000000000000000E+000, 0.0000000000000000E+000, 0.0000000000000000E+000, 0.0000000000000000E+000, 2.8828423470258713E-002, 8.6766233444213867E+000, 4.7533513861708343E-004, 0.0000000000000000E+000, 8.8647402822971344E-002,-2.7675287798047066E-002, 0.0000000000000000E+000, 0.0000000000000000E+000, 0.0000000000000000E+000, 0.0000000000000000E+000, 0.0000000000000000E+000, 0.0000000000000000E+000, 2.7779341326095164E-004, 1.6895144945010543E-003, 1.8417357932776213E-003, 1.5875647250140901E-006, 0.0000000000000000E+000, 0.0000000000000000E+000, 0.0000000000000000E+000, 0.0000000000000000E+000, 3.0102182006835938E+002, 0.0000000000000000E+000, 0.0000000000000000E+000
deep_plume,2,1, 2.0000000000000000E+001, 1.0000000000000000E+005, 3.4999999403953552E-001, 3.1916775703430176E+000, 0.0000000000000000E+000, 0.0000000000000000E+000, 1.8999999761581421E-001, 1.4000000373926014E-004, 1.4000000373926014E-004, 0.0000000000000000E+000, 6.5000000000000000E+001, 1.1497731208801270E+000, 3.1237499713897705E+000,-9.3400001525878906E-001, 3.0095050048828125E+002, 3.0011709594726562E+002, 1.6751229763031006E-002, 9.9034109375000000E+004, 9.9723070859909058E-001, 3.0095050048828125E+002, 1.6475249081850052E-002, 0.0000000000000000E+000, 0.0000000000000000E+000, 0.0000000000000000E+000, 0.0000000000000000E+000, 0.0000000000000000E+000, 0.0000000000000000E+000, 8.3098173141479492E-001, 9.0384072065353394E-001, 2.7666577807394788E-005, 0.0000000000000000E+000, 0.0000000000000000E+000, 0.0000000000000000E+000, 0.0000000000000000E+000, 0.0000000000000000E+000, 0.0000000000000000E+000, 0.0000000000000000E+000, 0.0000000000000000E+000, 0.0000000000000000E+000, 2.8828423470258713E-002, 8.6766233444213867E+000, 4.7533513861708343E-004, 0.0000000000000000E+000, 8.8647402822971344E-002,-2.7675287798047066E-002, 0.0000000000000000E+000, 0.0000000000000000E+000, 0.0000000000000000E+000, 0.0000000000000000E+000, 0.0000000000000000E+000, 0.0000000000000000E+000, 2.7627404779195786E-002, 8.3150558471679688E+000, 4.5548201887868345E-004, 0.0000000000000000E+000, 8.5014544427394867E-002,-2.6490163058042526E-002, 0.0000000000000000E+000, 0.0000000000000000E+000, 0.0000000000000000E+000, 0.0000000000000000E+000, 0.0000000000000000E+000, 0.0000000000000000E+000, 3.7954212166368961E-003, 2.2234320640563965E-003,-2.0065307617187500E-003,-9.3571821935256594E-007, 0.0000000000000000E+000, 0.0000000000000000E+000, 0.0000000000000000E+000, 0.0000000000000000E+000, 3.0091036987304688E+002, 4.7781448364257812E+001, 5.1970840454101562E+001
deep_plume,3,1, 2.0000000000000000E+001, 1.0000000000000000E+005, 3.4999999403953552E-001, 3.1916775703430176E+000, 0.0000000000000000E+000, 0.0000000000000000E+000, 1.8999999761581421E-001, 1.4000000373926014E-004, 1.4000000373926014E-004, 0.0000000000000000E+000, 8.0000000000000000E+001, 1.1429547071456909E+000, 3.2325000762939453E+000,-8.7599998712539673E-001, 3.0090701293945312E+002, 2.9934332275390625E+002, 1.6728747636079788E-002, 9.8192992187500000E+004, 9.9480342864990234E-001, 3.0090701293945312E+002, 1.6453500837087631E-002, 0.0000000000000000E+000, 0.0000000000000000E+000, 0.0000000000000000E+000, 0.0000000000000000E+000, 0.0000000000000000E+000, 0.0000000000000000E+000, 3.1936762332916260E+000, 4.6434078216552734E+000, 2.2320837160805240E-005, 0.0000000000000000E+000, 0.0000000000000000E+000, 0.0000000000000000E+000, 0.0000000000000000E+000, 0.0000000000000000E+000, 0.0000000000000000E+000, 0.0000000000000000E+000, 0.0000000000000000E+000, 0.0000000000000000E+000, 2.7627404779195786E-002, 8.3150558471679688E+000, 4.5548201887868345E-004, 0.0000000000000000E+000, 8.5014544427394867E-002,-2.6490163058042526E-002, 0.0000000000000000E+000, 0.0000000000000000E+000, 0.0000000000000000E+000, 0.0000000000000000E+000, 0.0000000000000000E+000, 0.0000000000000000E+000, 3.2554242759943008E-002, 9.7975368499755859E+000, 5.3652527276426554E-004, 0.0000000000000000E+000, 1.0045821964740753E-001,-3.1063308939337730E-002, 0.0000000000000000E+000, 0.0000000000000000E+000, 0.0000000000000000E+000, 0.0000000000000000E+000, 0.0000000000000000E+000, 0.0000000000000000E+000, 4.2287586256861687E-003, 2.3125796578824520E-003,-2.3300170432776213E-003,-1.1557261814232334E-006, 0.0000000000000000E+000, 0.0000000000000000E+000, 0.0000000000000000E+000, 0.0000000000000000E+000, 3.0086041259765625E+002, 2.3154153442382812E+002, 3.3664706420898438E+002
deep_plume,4,1, 2.0000000000000000E+001, 1.0000000000000000E+005, 3.4999999403953552E-001, 3.1916775703430176E+000, 0.0000000000000000E+000, 0.0000000000000000E+000, 1.8999999761581421E-001, 1.4000000373926014E-004, 1.4000000373926014E-004, 0.0000000000000000E+000, 9.5000000000000000E+001, 1.1347795724868774E+000, 3.3637499809265137E+000,-8.0599999427795410E-001, 3.0085449218750000E+002, 2.9841210937500000E+002, 1.6701612621545792E-002, 9.7187367187500000E+004, 9.9188184738159180E-001, 3.0085449218750000E+002, 1.6427250578999519E-002, 0.0000000000000000E+000, 0.0000000000000000E+000, 0.0000000000000000E+000, 0.0000000000000000E+000, 0.0000000000000000E+000, 0.0000000000000000E+000, 6.9299168586730957E+000, 1.1021595001220703E+001, 1.8949895093101077E-005, 0.0000000000000000E+000, 0.0000000000000000E+000, 0.0000000000000000E+000, 0.0000000000000000E+000, 0.0000000000000000E+000, 0.0000000000000000E+000, 0.0000000000000000E+000, 0.0000000000000000E+000, 0.0000000000000000E+000, 3.2554242759943008E-002, 9.7975368499755859E+000, 5.3652527276426554E-004, 0.0000000000000000E+000, 1.0045821964740753E-001,-3.1063308939337730E-002, 0.0000000000000000E+000, 0.0000000000000000E+000, 0.0000000000000000E+000, 0.0000000000000000E+000, 0.0000000000000000E+000, 0.0000000000000000E+000, 4.0647476911544800E-002, 1.2232416152954102E+001, 6.6947063896805048E-004, 0.0000000000000000E+000, 1.2618876993656158E-001,-3.8382764905691147E-002, 0.0000000000000000E+000, 0.0000000000000000E+000, 0.0000000000000000E+000, 0.0000000000000000E+000, 0.0000000000000000E+000, 0.0000000000000000E+000, 2.8119802009314299E-003, 1.5245318645611405E-003,-1.6128539573401213E-003,-8.1534886930967332E-007, 0.0000000000000000E+000, 0.0000000000000000E+000, 0.0000000000000000E+000, 0.0000000000000000E+000, 3.0082223510742188E+002, 6.0636773681640625E+002, 9.6438958740234375E+002
deep_plume,5,1, 2.0000000000000000E+001, 1.0000000000000000E+005, 3.4999999403953552E-001, 3.1916775703430176E+000, 0.0000000000000000E+000, 0.0000000000000000E+000, 1.8999999761581421E-001, 1.4000000373926014E-004, 1.4000000373926014E-004, 0.0000000000000000E+000, 1.1000000000000000E+002, 1.1252770423889160E+000, 3.5174999237060547E+000,-7.2399997711181641E-001, 3.0079299926757812E+002, 2.9732498168945312E+002, 1.6669826582074165E-002, 9.6022445312500000E+004, 9.8847037553787231E-001, 3.0079299926757812E+002, 1.6396500170230865E-002, 0.0000000000000000E+000, 0.0000000000000000E+000, 0.0000000000000000E+000, 0.0000000000000000E+000, 0.0000000000000000E+000, 0.0000000000000000E+000, 7.9358525276184082E+000, 1.2621442794799805E+001, 1.6929756384342909E-005, 0.0000000000000000E+000, 0.0000000000000000E+000, 0.0000000000000000E+000, 0.0000000000000000E+000, 0.0000000000000000E+000, 0.0000000000000000E+000, 0.0000000000000000E+000, 0.0000000000000000E+000, 0.0000000000000000E+000, 4.0647476911544800E-002, 1.2232416152954102E+001, 6.6947063896805048E-004, 0.0000000000000000E+000, 1.2618876993656158E-001,-3.8382764905691147E-002, 0.0000000000000000E+000, 0.0000000000000000E+000, 0.0000000000000000E+000, 0.0000000000000000E+000, 0.0000000000000000E+000, 0.0000000000000000E+000, 4.6938423067331314E-002, 1.4124027252197266E+001, 7.7228591544553638E-004, 0.0000000000000000E+000, 1.4721274375915527E-001,-4.3526440858840942E-002, 0.0000000000000000E+000, 0.0000000000000000E+000, 0.0000000000000000E+000, 0.0000000000000000E+000, 0.0000000000000000E+000, 0.0000000000000000E+000, 1.3085603713989258E-003, 7.0912542287260294E-004,-8.2550046499818563E-004,-4.3801711058222281E-007, 0.0000000000000000E+000, 0.0000000000000000E+000, 0.0000000000000000E+000, 0.0000000000000000E+000, 3.0077648925781250E+002, 8.1342486572265625E+002, 1.2936978759765625E+003
deep_plume,6,1, 2.0000000000000000E+001, 1.0000000000000000E+005, 3.4999999403953552E-001, 3.1916775703430176E+000, 0.0000000000000000E+000, 0.0000000000000000E+000, 1.8999999761581421E-001, 1.4000000373926014E-004, 1.4000000373926014E-004, 0.0000000000000000E+000, 1.2500000000000000E+002, 1.1144819259643555E+000, 3.6937499046325684E+000,-6.2999999523162842E-001, 3.0072250366210938E+002, 2.9608355712890625E+002, 1.6633393242955208E-002, 9.4704203125000000E+004, 9.8457401990890503E-001, 3.0072250366210938E+002, 1.6361249610781670E-002, 0.0000000000000000E+000, 0.0000000000000000E+000, 0.0000000000000000E+000, 0.0000000000000000E+000, 0.0000000000000000E+000, 0.0000000000000000E+000, 6.9227275848388672E+000, 1.1010137557983398E+001, 1.6079367924248800E-005, 0.0000000000000000E+000, 0.0000000000000000E+000, 0.0000000000000000E+000, 0.0000000000000000E+000, 0.0000000000000000E+000, 0.0000000000000000E+000, 0.0000000000000000E+000, 0.0000000000000000E+000, 0.0000000000000000E+000, 4.6938423067331314E-002, 1.4124027252197266E+001, 7.7228591544553638E-004, 0.0000000000000000E+000, 1.4721274375915527E-001,-4.3526440858840942E-002, 0.0000000000000000E+000, 0.0000000000000000E+000, 0.0000000000000000E+000, 0.0000000000000000E+000, 0.0000000000000000E+000, 0.0000000000000000E+000, 5.1498245447874069E-002, 1.5493634223937988E+001, 8.4607064491137862E-004, 0.0000000000000000E+000, 1.6402345895767212E-001,-4.6416260302066803E-002, 0.0000000000000000E+000, 0.0000000000000000E+000, 0.0000000000000000E+000, 0.0000000000000000E+000, 0.0000000000000000E+000, 0.0000000000000000E+000, 6.4463616581633687E-004, 3.4835934638977051E-004,-3.6163331242278218E-004,-2.3369874213585717E-007, 0.0000000000000000E+000, 0.0000000000000000E+000, 0.0000000000000000E+000, 0.0000000000000000E+000, 3.0071527099609375E+002, 8.1342047119140625E+002, 1.2936911621093750E+003
deep_plume,7,1, 2.0000000000000000E+001, 1.0000000000000000E+005, 3.4999999403953552E-001, 3.1916775703430176E+000, 0.0000000000000000E+000, 0.0000000000000000E+000, 1.8999999761581421E-001, 1.4000000373926014E-004, 1.4000000373926014E-004, 0.0000000000000000E+000, 1.4000000000000000E+002, 1.1024332046508789E+000, 3.8924999237060547E+000,-5.2400004863739014E-001, 3.0064300537109375E+002, 2.9468988037109375E+002, 1.6592312604188919E-002, 9.3239382812500000E+004, 9.8019868135452271E-001, 3.0064300537109375E+002, 1.6321500763297081E-002, 0.0000000000000000E+000, 0.0000000000000000E+000, 0.0000000000000000E+000, 0.0000000000000000E+000, 0.0000000000000000E+000, 0.0000000000000000E+000, 6.1888222694396973E+000, 9.8420839309692383E+000, 1.5702093151048757E-005, 0.0000000000000000E+000, 0.0000000000000000E+000, 0.0000000000000000E+000, 0.0000000000000000E+000, 0.0000000000000000E+000, 0.0000000000000000E+000, 0.0000000000000000E+000, 0.0000000000000000E+000, 0.0000000000000000E+000, 5.1498245447874069E-002, 1.5493634223937988E+001, 8.4607064491137862E-004, 0.0000000000000000E+000, 1.6402345895767212E-001,-4.6416260302066803E-002, 0.0000000000000000E+000, 0.0000000000000000E+000, 0.0000000000000000E+000, 0.0000000000000000E+000, 0.0000000000000000E+000, 0.0000000000000000E+000, 5.4824098944664001E-002, 1.6490858078002930E+001, 8.9901417959481478E-004, 0.0000000000000000E+000, 1.7834623157978058E-001,-4.7424662858247757E-002, 0.0000000000000000E+000, 0.0000000000000000E+000, 0.0000000000000000E+000, 0.0000000000000000E+000, 0.0000000000000000E+000, 0.0000000000000000E+000, 5.0501822261139750E-004, 2.7099251747131348E-004,-7.9345700214616954E-005,-1.5239518802445673E-007, 0.0000000000000000E+000, 0.0000000000000000E+000, 0.0000000000000000E+000, 0.0000000000000000E+000, 3.0064141845703125E+002, 8.2001892089843750E+002, 1.3040761718750000E+003
deep_plume,8,1, 2.0000000000000000E+001, 1.0000000000000000E+005, 3.4999999403953552E-001, 3.1916775703430176E+000, 0.0000000000000000E+000, 0.0000000000000000E+000, 1.8999999761581421E-001, 1.4000000373926014E-004, 1.4000000373926014E-004, 0.0000000000000000E+000, 1.5500000000000000E+002, 1.0891735553741455E+000, 4.1137499809265137E+000,-4.0600001811981201E-001, 3.0055450439453125E+002, 2.9314611816406250E+002, 1.6546582803130150E-002, 9.1635367187500000E+004, 9.7535091638565063E-001, 3.0055450439453125E+002, 1.6277249902486801E-002, 0.0000000000000000E+000, 0.0000000000000000E+000, 0.0000000000000000E+000, 0.0000000000000000E+000, 0.0000000000000000E+000, 0.0000000000000000E+000, 5.8668432235717773E+000, 9.3244094848632812E+000, 1.5484143659705296E-005, 0.0000000000000000E+000, 0.0000000000000000E+000, 0.0000000000000000E+000, 0.0000000000000000E+000, 0.0000000000000000E+000, 0.0000000000000000E+000, 0.0000000000000000E+000, 0.0000000000000000E+000, 0.0000000000000000E+000, 5.4824098944664001E-002, 1.6490858078002930E+001, 8.9901417959481478E-004, 0.0000000000000000E+000, 1.7834623157978058E-001,-4.7424662858247757E-002, 0.0000000000000000E+000, 0.0000000000000000E+000, 0.0000000000000000E+000, 0.0000000000000000E+000, 0.0000000000000000E+000, 0.0000000000000000E+000, 1.0308355093002319E-001, 3.0999467849731445E+001, 1.6712395008653402E-003, 1.5317626093747094E-005, 3.4448170661926270E-001,-8.4293670952320099E-002, 0.0000000000000000E+000, 0.0000000000000000E+000, 0.0000000000000000E+000, 0.0000000000000000E+000, 0.0000000000000000E+000, 0.0000000000000000E+000, 4.2786597623489797E-004, 2.2874772548675537E-004, 3.4179686917923391E-004,-8.6042199143321341E-008, 0.0000000000000000E+000, 0.0000000000000000E+000, 0.0000000000000000E+000, 0.0000000000000000E+000, 3.0056134033203125E+002, 8.6535937500000000E+002, 1.3753503417968750E+003
deep_plume,9,1, 2.0000000000000000E+001, 1.0000000000000000E+005, 3.4999999403953552E-001, 3.1916775703430176E+000, 0.0000000000000000E+000, 0.0000000000000000E+000, 1.8999999761581421E-001, 1.4000000373926014E-004, 1.4000000373926014E-004, 0.0000000000000000E+000, 1.7000000000000000E+002, 1.0747500658035278E+000, 4.3575000762939453E+000,-2.7600002288818359E-001, 3.0045700073242188E+002, 2.9145468139648438E+002, 1.6496209427714348E-002, 8.9900148437500000E+004, 9.7003787755966187E-001, 3.0045700073242188E+002, 1.6228500753641129E-002, 0.0000000000000000E+000, 0.0000000000000000E+000, 0.0000000000000000E+000, 0.0000000000000000E+000, 0.0000000000000000E+000, 0.0000000000000000E+000, 5.4855298995971680E+000, 8.7151536941528320E+000, 1.5340170648414642E-005, 0.0000000000000000E+000, 0.0000000000000000E+000, 0.0000000000000000E+000, 0.0000000000000000E+000, 0.0000000000000000E+000, 0.0000000000000000E+000, 0.0000000000000000E+000, 0.0000000000000000E+000, 0.0000000000000000E+000, 1.0308355093002319E-001, 3.0999467849731445E+001, 1.6712395008653402E-003, 1.5317626093747094E-005, 3.4448170661926270E-001,-8.4293670952320099E-002, 0.0000000000000000E+000, 0.0000000000000000E+000, 0.0000000000000000E+000, 0.0000000000000000E+000, 0.0000000000000000E+000, 0.0000000000000000E+000, 1.8379138410091400E-001, 5.5261028289794922E+001, 2.9028023127466440E-003, 9.9693934316746891E-005, 6.2579393386840820E-001,-1.4410078525543213E-001, 0.0000000000000000E+000, 0.0000000000000000E+000, 0.0000000000000000E+000, 0.0000000000000000E+000, 0.0000000000000000E+000, 0.0000000000000000E+000, 3.1611919985152781E-004, 1.6876458539627492E-004, 1.0208130115643144E-003,-2.0946686163370032E-008, 0.0000000000000000E+000, 0.0000000000000000E+000, 0.0000000000000000E+000, 0.0000000000000000E+000, 3.0047741699218750E+002, 8.9139862060546875E+002, 1.4162125244140625E+003
deep_plume,10,1, 2.0000000000000000E+001, 1.0000000000000000E+005, 3.4999999403953552E-001, 3.1916775703430176E+000, 0.0000000000000000E+000, 0.0000000000000000E+000, 1.8999999761581421E-001, 1.4000000373926014E-004, 1.4000000373926014E-004, 0.0000000000000000E+000, 1.8500000000000000E+002, 1.0592136383056641E+000, 4.6237497329711914E+000,-1.3400000333786011E-001, 3.0035049438476562E+002, 2.8961822509765625E+002, 1.6441190615296364E-002, 8.8042289062500000E+004, 9.6426749229431152E-001, 3.0035049438476562E+002, 1.6175249591469765E-002, 0.0000000000000000E+000, 0.0000000000000000E+000, 0.0000000000000000E+000, 0.0000000000000000E+000, 0.0000000000000000E+000, 0.0000000000000000E+000, 4.8714485168457031E+000, 7.7424616813659668E+000, 1.5234928468998987E-005, 0.0000000000000000E+000, 0.0000000000000000E+000, 0.0000000000000000E+000, 0.0000000000000000E+000, 0.0000000000000000E+000, 0.0000000000000000E+000, 0.0000000000000000E+000, 0.0000000000000000E+000, 0.0000000000000000E+000, 1.8379138410091400E-001, 5.5261028289794922E+001, 2.9028023127466440E-003, 9.9693934316746891E-005, 6.2579393386840820E-001,-1.4410078525543213E-001, 0.0000000000000000E+000, 0.0000000000000000E+000, 0.0000000000000000E+000, 0.0000000000000000E+000, 0.0000000000000000E+000, 0.0000000000000000E+000, 2.2905841469764709E-001, 6.8856735229492188E+001, 3.5125259310007095E-003, 2.2204012202564627E-004, 7.9868853092193604E-001,-1.6958469152450562E-001, 0.0000000000000000E+000, 0.0000000000000000E+000, 0.0000000000000000E+000, 0.0000000000000000E+000, 0.0000000000000000E+000, 0.0000000000000000E+000, 3.1135082826949656E-004, 1.6610398597549647E-004, 1.5151978004723787E-003,-7.4078343459405005E-009, 0.0000000000000000E+000, 0.0000000000000000E+000, 0.0000000000000000E+000, 0.0000000000000000E+000, 3.0038079833984375E+002, 8.6468212890625000E+002, 1.3742869873046875E+003
deep_plume,11,1, 2.0000000000000000E+001, 1.0000000000000000E+005, 3.4999999403953552E-001, 3.1916775703430176E+000, 0.0000000000000000E+000, 0.0000000000000000E+000, 1.8999999761581421E-001, 1.4000000373926014E-004, 1.4000000373926014E-004, 0.0000000000000000E+000, 2.0000000000000000E+002, 1.0426181554794312E+000, 4.9124999046325684E+000, 1.9999980926513672E-002, 3.0023498535156250E+002, 2.8763958740234375E+002, 1.6381530091166496E-002, 8.6070796875000000E+004, 9.5804822444915771E-001, 3.0023498535156250E+002, 1.6117500141263008E-002, 0.0000000000000000E+000, 0.0000000000000000E+000, 0.0000000000000000E+000, 0.0000000000000000E+000, 0.0000000000000000E+000, 0.0000000000000000E+000, 4.4475440979003906E+000, 7.0695557594299316E+000, 1.5139242350414861E-005, 0.0000000000000000E+000, 0.0000000000000000E+000, 0.0000000000000000E+000, 0.0000000000000000E+000, 0.0000000000000000E+000, 0.0000000000000000E+000, 0.0000000000000000E+000, 0.0000000000000000E+000, 0.0000000000000000E+000, 2.2905841469764709E-001, 6.8856735229492188E+001, 3.5125259310007095E-003, 2.2204012202564627E-004, 7.9868853092193604E-001,-1.6958469152450562E-001, 0.0000000000000000E+000, 0.0000000000000000E+000, 0.0000000000000000E+000, 0.0000000000000000E+000, 0.0000000000000000E+000, 0.0000000000000000E+000, 2.7246946096420288E-001, 8.1884277343750000E+001, 4.0434082038700581E-003, 3.8784585194662213E-004, 9.7835558652877808E-001,-1.8663097918033600E-001, 0.0000000000000000E+000, 0.0000000000000000E+000, 0.0000000000000000E+000, 0.0000000000000000E+000, 0.0000000000000000E+000, 0.0000000000000000E+000, 3.1752587528899312E-004, 1.6936511383391917E-004, 1.9104003440588713E-003, 1.1571614777494688E-009, 0.0000000000000000E+000, 0.0000000000000000E+000, 0.0000000000000000E+000, 0.0000000000000000E+000, 3.0027319335937500E+002, 8.5615222167968750E+002, 1.3608895263671875E+003
deep_plume,12,1, 2.0000000000000000E+001, 1.0000000000000000E+005, 3.4999999403953552E-001, 3.1916775703430176E+000, 0.0000000000000000E+000, 0.0000000000000000E+000, 1.8999999761581421E-001, 1.4000000373926014E-004, 1.4000000373926014E-004, 0.0000000000000000E+000, 2.1500000000000000E+002, 1.0250205993652344E+000, 5.2237501144409180E+000, 1.8599998950958252E-001, 3.0011050415039062E+002, 2.8552191162109375E+002, 1.6317227855324745E-002, 8.3995101562500000E+004, 9.5138931274414062E-001, 3.0011050415039062E+002, 1.6055250540375710E-002, 0.0000000000000000E+000, 0.0000000000000000E+000, 0.0000000000000000E+000, 0.0000000000000000E+000, 0.0000000000000000E+000, 0.0000000000000000E+000, 4.0810303688049316E+000, 6.4877858161926270E+000, 1.5042999621073250E-005, 0.0000000000000000E+000, 0.0000000000000000E+000, 0.0000000000000000E+000, 0.0000000000000000E+000, 0.0000000000000000E+000, 0.0000000000000000E+000, 0.0000000000000000E+000, 0.0000000000000000E+000, 0.0000000000000000E+000, 2.7246946096420288E-001, 8.1884277343750000E+001, 4.0434082038700581E-003, 3.8784585194662213E-004, 9.7835558652877808E-001,-1.8663097918033600E-001, 0.0000000000000000E+000, 0.0000000000000000E+000, 0.0000000000000000E+000, 0.0000000000000000E+000, 0.0000000000000000E+000, 0.0000000000000000E+000, 3.0234402418136597E-001, 9.0832733154296875E+001, 4.3266136199235916E-003, 5.7567318435758352E-004, 1.1245689392089844E+000,-1.8632429838180542E-001, 0.0000000000000000E+000, 0.0000000000000000E+000, 0.0000000000000000E+000, 0.0000000000000000E+000, 0.0000000000000000E+000, 0.0000000000000000E+000, 2.4738311185501516E-004, 1.3194084749557078E-004, 2.0767212845385075E-003, 1.6297519778163405E-008, 0.0000000000000000E+000, 0.0000000000000000E+000, 0.0000000000000000E+000, 0.0000000000000000E+000, 3.0015203857421875E+002, 8.4681378173828125E+002, 1.3462155761718750E+003
deep_plume,13,1, 2.0000000000000000E+001, 1.0000000000000000E+005, 3.4999999403953552E-001, 3.1916775703430176E+000, 0.0000000000000000E+000, 0.0000000000000000E+000, 1.8999999761581421E-001, 1.4000000373926014E-004, 1.4000000373926014E-004, 0.0000000000000000E+000, 2.3000000000000000E+002, 1.0064810514450073E+000, 5.5574998855590820E+000, 3.6399996280670166E-001, 2.9997698974609375E+002, 2.8326840209960938E+002, 1.6248287633061409E-002, 8.1824929687500000E+004, 9.4430041313171387E-001, 2.9997698974609375E+002, 1.5988500788807869E-002, 0.0000000000000000E+000, 0.0000000000000000E+000, 0.0000000000000000E+000, 0.0000000000000000E+000, 0.0000000000000000E+000, 0.0000000000000000E+000, 3.7594952583312988E+000, 5.9774484634399414E+000, 1.4925887626304757E-005, 0.0000000000000000E+000, 0.0000000000000000E+000, 0.0000000000000000E+000, 0.0000000000000000E+000, 0.0000000000000000E+000, 0.0000000000000000E+000, 0.0000000000000000E+000, 0.0000000000000000E+000, 0.0000000000000000E+000, 3.0234402418136597E-001, 9.0832733154296875E+001, 4.3266136199235916E-003, 5.7567318435758352E-004, 1.1245689392089844E+000,-1.8632429838180542E-001, 0.0000000000000000E+000, 0.0000000000000000E+000, 0.0000000000000000E+000, 0.0000000000000000E+000, 0.0000000000000000E+000, 0.0000000000000000E+000, 2.9815936088562012E-001, 8.9541648864746094E+001, 4.0985252708196640E-003, 7.1896472945809364E-004, 1.1551085710525513E+000,-1.5915632247924805E-001, 0.0000000000000000E+000, 0.0000000000000000E+000, 0.0000000000000000E+000, 0.0000000000000000E+000, 0.0000000000000000E+000, 0.0000000000000000E+000, 5.3977964853402227E-005, 2.8768181437044404E-005, 1.9073486328125000E-003, 4.2327997107349802E-008, 0.0000000000000000E+000, 0.0000000000000000E+000, 0.0000000000000000E+000, 0.0000000000000000E+000, 3.0001513671875000E+002, 8.3648767089843750E+002, 1.3299822998046875E+003
deep_plume,14,1, 2.0000000000000000E+001, 1.0000000000000000E+005, 3.4999999403953552E-001, 3.1916775703430176E+000, 0.0000000000000000E+000, 0.0000000000000000E+000, 1.8999999761581421E-001, 1.4000000373926014E-004, 1.4000000373926014E-004, 0.0000000000000000E+000, 2.4500000000000000E+002, 9.8706167936325073E-001, 5.9137496948242188E+000, 5.5400002002716064E-001, 2.9983450317382812E+002, 2.8088253784179688E+002, 1.6174705699086189E-002, 7.9570289062500000E+004, 9.3679189682006836E-001, 2.9983450317382812E+002, 1.5917249023914337E-002, 0.0000000000000000E+000, 0.0000000000000000E+000, 0.0000000000000000E+000, 0.0000000000000000E+000, 0.0000000000000000E+000, 0.0000000000000000E+000, 3.4754910469055176E+000, 5.5266900062561035E+000, 1.4729685972270090E-005, 0.0000000000000000E+000, 0.0000000000000000E+000, 0.0000000000000000E+000, 0.0000000000000000E+000, 0.0000000000000000E+000, 0.0000000000000000E+000, 0.0000000000000000E+000, 0.0000000000000000E+000, 0.0000000000000000E+000, 2.9815936088562012E-001, 8.9541648864746094E+001, 4.0985252708196640E-003, 7.1896472945809364E-004, 1.1551085710525513E+000,-1.5915632247924805E-001, 0.0000000000000000E+000, 0.0000000000000000E+000, 0.0000000000000000E+000, 0.0000000000000000E+000, 0.0000000000000000E+000, 0.0000000000000000E+000, 2.9222851991653442E-001, 8.7722953796386719E+001, 3.8433102890849113E-003, 8.5955404210835695E-004, 1.1854430437088013E+000,-1.2755790352821350E-001, 0.0000000000000000E+000, 0.0000000000000000E+000, 0.0000000000000000E+000, 0.0000000000000000E+000, 0.0000000000000000E+000, 0.0000000000000000E+000,-9.9706652690656483E-005,-5.3203104471322149E-005, 2.0889281295239925E-003, 6.8178337642166298E-008, 0.0000000000000000E+000, 0.0000000000000000E+000, 0.0000000000000000E+000, 0.0000000000000000E+000, 2.9987628173828125E+002, 8.2542913818359375E+002, 1.3125888671875000E+003
deep_plume,15,1, 2.0000000000000000E+001, 1.0000000000000000E+005, 3.4999999403953552E-001, 3.1916775703430176E+000, 0.0000000000000000E+000, 0.0000000000000000E+000, 1.8999999761581421E-001, 1.4000000373926014E-004, 1.4000000373926014E-004, 0.0000000000000000E+000, 2.6000000000000000E+002, 9.6682685613632202E-001, 6.2925000190734863E+000, 7.5599992275238037E-001, 2.9968301391601562E+002, 2.7836795043945312E+002, 1.6096491366624832E-002, 7.7241343750000000E+004, 9.2887461185455322E-001, 2.9968301391601562E+002, 1.5841498970985413E-002, 0.0000000000000000E+000, 0.0000000000000000E+000, 0.0000000000000000E+000, 0.0000000000000000E+000, 0.0000000000000000E+000, 0.0000000000000000E+000, 3.2218859195709229E+000, 5.1241879463195801E+000, 1.4282056326919701E-005, 0.0000000000000000E+000, 0.0000000000000000E+000, 0.0000000000000000E+000, 0.0000000000000000E+000, 0.0000000000000000E+000, 0.0000000000000000E+000, 0.0000000000000000E+000, 0.0000000000000000E+000, 0.0000000000000000E+000, 2.9222851991653442E-001, 8.7722953796386719E+001, 3.8433102890849113E-003, 8.5955404210835695E-004, 1.1854430437088013E+000,-1.2755790352821350E-001, 0.0000000000000000E+000, 0.0000000000000000E+000, 0.0000000000000000E+000, 0.0000000000000000E+000, 0.0000000000000000E+000, 0.0000000000000000E+000, 2.8606373071670532E-001, 8.5831451416015625E+001, 3.5843802616000175E-003, 9.9881680216640234E-004, 1.2211413383483887E+000,-9.2490233480930328E-002, 0.0000000000000000E+000, 0.0000000000000000E+000, 0.0000000000000000E+000, 0.0000000000000000E+000, 0.0000000000000000E+000, 0.0000000000000000E+000,-6.3645839691162109E-004,-3.3945441828109324E-004, 3.2913207542151213E-003, 1.4015620308782673E-007, 0.0000000000000000E+000, 0.0000000000000000E+000, 0.0000000000000000E+000, 0.0000000000000000E+000, 2.9974884033203125E+002, 8.1352618408203125E+002, 1.2938574218750000E+003
deep_plume,16,1, 2.0000000000000000E+001, 1.0000000000000000E+005, 3.4999999403953552E-001, 3.1916775703430176E+000, 0.0000000000000000E+000, 0.0000000000000000E+000, 1.8999999761581421E-001, 1.4000000373926014E-004, 1.4000000373926014E-004, 0.0000000000000000E+000, 2.7500000000000000E+002, 9.4584268331527710E-001, 6.6937503814697266E+000, 9.6999990940093994E-001, 2.9952249145507812E+002, 2.7572842407226562E+002, 1.6013646498322487E-002, 7.4848367187500000E+004, 9.2056000232696533E-001, 2.9952249145507812E+002, 1.5761250630021095E-002, 0.0000000000000000E+000, 0.0000000000000000E+000, 0.0000000000000000E+000, 0.0000000000000000E+000, 0.0000000000000000E+000, 0.0000000000000000E+000, 2.9089214801788330E+000, 4.6271715164184570E+000, 1.6991001757560298E-005, 0.0000000000000000E+000, 0.0000000000000000E+000, 0.0000000000000000E+000, 0.0000000000000000E+000, 0.0000000000000000E+000, 0.0000000000000000E+000, 0.0000000000000000E+000, 0.0000000000000000E+000, 0.0000000000000000E+000, 2.8606373071670532E-001, 8.5831451416015625E+001, 3.5843802616000175E-003, 9.9881680216640234E-004, 1.2211413383483887E+000,-9.2490233480930328E-002, 0.0000000000000000E+000, 0.0000000000000000E+000, 0.0000000000000000E+000, 0.0000000000000000E+000, 0.0000000000000000E+000, 0.0000000000000000E+000, 2.7672314643859863E-001, 8.2985580444335938E+001, 3.2888641580939293E-003, 1.1230292730033398E-003, 1.2486240863800049E+000,-5.3547322750091553E-002, 0.0000000000000000E+000, 0.0000000000000000E+000, 0.0000000000000000E+000, 0.0000000000000000E+000, 0.0000000000000000E+000, 0.0000000000000000E+000,-3.2785893417894840E-003,-1.7485857242718339E-003, 8.9950561523437500E-003, 3.4451602459739661E-007, 0.0000000000000000E+000, 0.0000000000000000E+000, 0.0000000000000000E+000, 0.0000000000000000E+000, 2.9970239257812500E+002, 7.7813647460937500E+002, 1.2377684326171875E+003
deep_plume,17,1, 2.0000000000000000E+001, 1.0000000000000000E+005, 3.4999999403953552E-001, 3.1916775703430176E+000, 0.0000000000000000E+000, 0.0000000000000000E+000, 1.8999999761581421E-001, 1.4000000373926014E-004, 1.4000000373926014E-004, 0.0000000000000000E+000, 2.9000000000000000E+002, 9.0382778644561768E-001, 7.1174998283386230E+000, 1.1959998607635498E+000, 3.0609249877929688E+002, 2.7911349487304688E+002, 1.5073847956955433E-002, 7.2401640625000000E+004, 9.1185992956161499E-001, 3.0609249877929688E+002, 1.4850000850856304E-002, 0.0000000000000000E+000, 0.0000000000000000E+000, 0.0000000000000000E+000, 0.0000000000000000E+000, 0.0000000000000000E+000, 0.0000000000000000E+000, 1.9920672476291656E-001, 9.9603369832038879E-002, 1.0486360224604141E-007, 0.0000000000000000E+000, 0.0000000000000000E+000, 0.0000000000000000E+000, 0.0000000000000000E+000, 0.0000000000000000E+000, 0.0000000000000000E+000, 0.0000000000000000E+000, 0.0000000000000000E+000, 0.0000000000000000E+000, 2.7672314643859863E-001, 8.2985580444335938E+001, 3.2888641580939293E-003, 1.1230292730033398E-003, 1.2486240863800049E+000,-5.3547322750091553E-002, 0.0000000000000000E+000, 0.0000000000000000E+000, 0.0000000000000000E+000, 0.0000000000000000E+000, 0.0000000000000000E+000, 0.0000000000000000E+000, 2.4315519630908966E-001, 7.3398277282714844E+001, 2.8105147648602724E-003, 9.8200212232768536E-004, 1.1633839607238770E+000,-1.1732054874300957E-002, 0.0000000000000000E+000, 0.0000000000000000E+000, 0.0000000000000000E+000, 0.0000000000000000E+000, 0.0000000000000000E+000, 0.0000000000000000E+000,-2.4781227693893015E-004,-1.3214349746704102E-004, 8.0871584941633046E-005,-1.7159152321255533E-006, 5.2710549880430335E-007, 0.0000000000000000E+000, 0.0000000000000000E+000, 0.0000000000000000E+000, 3.0606533813476562E+002, 5.6275897979736328E+001, 2.8137952804565430E+001
deep_plume,18,1, 2.0000000000000000E+001, 1.0000000000000000E+005, 3.4999999403953552E-001, 3.1916775703430176E+000, 0.0000000000000000E+000, 0.0000000000000000E+000, 1.8999999761581421E-001, 1.4000000373926014E-004, 1.4000000373926014E-004, 0.0000000000000000E+000, 3.0500000000000000E+002, 8.7767362594604492E-001, 7.5637502670288086E+000, 1.4340000152587891E+000, 3.0743124389648438E+002, 2.7754486083984375E+002, 1.3237954117357731E-002, 6.9911421875000000E+004, 9.0278673171997070E-001, 3.0743124389648438E+002, 1.3065000064671040E-002, 0.0000000000000000E+000, 0.0000000000000000E+000, 0.0000000000000000E+000, 0.0000000000000000E+000, 0.0000000000000000E+000, 0.0000000000000000E+000, 3.9087203331291676E-003, 3.9087203331291676E-003, 5.2609772094314167E-010, 0.0000000000000000E+000, 0.0000000000000000E+000, 0.0000000000000000E+000, 0.0000000000000000E+000, 0.0000000000000000E+000, 0.0000000000000000E+000, 0.0000000000000000E+000, 0.0000000000000000E+000, 0.0000000000000000E+000, 2.4315519630908966E-001, 7.3398277282714844E+001, 2.8105147648602724E-003, 9.8200212232768536E-004, 1.1633839607238770E+000,-1.1732054874300957E-002, 0.0000000000000000E+000, 0.0000000000000000E+000, 0.0000000000000000E+000, 0.0000000000000000E+000, 0.0000000000000000E+000, 0.0000000000000000E+000, 2.5151437520980835E-001, 7.6389602661132812E+001, 2.7290487196296453E-003, 9.8115578293800354E-004, 1.2813624143600464E+000, 2.9455928131937981E-002, 0.0000000000000000E+000, 0.0000000000000000E+000, 0.0000000000000000E+000, 0.0000000000000000E+000, 0.0000000000000000E+000, 0.0000000000000000E+000, 2.3186206817626953E-004, 1.2363791756797582E-004,-2.2735595121048391E-004,-1.0465737432241440E-006, 1.0230174041225837E-008, 0.0000000000000000E+000, 0.0000000000000000E+000, 0.0000000000000000E+000, 3.0742614746093750E+002, 1.1628443002700806E+000, 1.1628443002700806E+000
deep_plume,19,1, 2.0000000000000000E+001, 1.0000000000000000E+005, 3.4999999403953552E-001, 3.1916775703430176E+000, 0.0000000000000000E+000, 0.0000000000000000E+000, 1.8999999761581421E-001, 1.4000000373926014E-004, 1.4000000373926014E-004, 0.0000000000000000E+000, 3.2000000000000000E+002, 8.5103267431259155E-001, 8.0325002670288086E+000, 1.6840000152587891E+000, 3.0883749389648438E+002, 2.7590100097656250E+002, 1.1316633783280849E-002, 6.7387820312500000E+004, 8.9335334300994873E-001, 3.0883749389648438E+002, 1.1190000921487808E-002, 0.0000000000000000E+000, 0.0000000000000000E+000, 0.0000000000000000E+000, 0.0000000000000000E+000, 0.0000000000000000E+000, 0.0000000000000000E+000, 1.3651085318997502E-003, 1.3651085318997502E-003, 8.0308515393312518E-010, 0.0000000000000000E+000, 0.0000000000000000E+000, 0.0000000000000000E+000, 0.0000000000000000E+000, 0.0000000000000000E+000, 0.0000000000000000E+000, 0.0000000000000000E+000, 0.0000000000000000E+000, 0.0000000000000000E+000, 2.5151437520980835E-001, 7.6389602661132812E+001, 2.7290487196296453E-003, 9.8115578293800354E-004, 1.2813624143600464E+000, 2.9455928131937981E-002, 0.0000000000000000E+000, 0.0000000000000000E+000, 0.0000000000000000E+000, 0.0000000000000000E+000, 0.0000000000000000E+000, 0.0000000000000000E+000, 2.4009135365486145E-001, 7.3349166870117188E+001, 2.3659330327063799E-003, 8.7684689788147807E-004, 1.3050891160964966E+000, 7.1810007095336914E-002, 0.0000000000000000E+000, 0.0000000000000000E+000, 0.0000000000000000E+000, 0.0000000000000000E+000, 0.0000000000000000E+000, 0.0000000000000000E+000, 6.5803528741525952E-006, 3.5166740417480469E-006, 5.8441160945221782E-004,-8.6356885731220245E-007, 3.8604767382821592E-007, 0.0000000000000000E+000, 0.0000000000000000E+000, 0.0000000000000000E+000, 3.0882766723632812E+002, 4.2659640312194824E-001, 4.2659640312194824E-001
deep_plume,20,1, 2.0000000000000000E+001, 1.0000000000000000E+005, 3.4999999403953552E-001, 3.1916775703430176E+000, 0.0000000000000000E+000, 0.0000000000000000E+000, 1.8999999761581421E-001, 1.4000000373926014E-004, 1.4000000373926014E-004, 0.0000000000000000E+000, 3.3500000000000000E+002, 8.2399863004684448E-001, 8.5237503051757812E+000, 1.9459998607635498E+000, 3.1031124877929688E+002, 2.7418261718750000E+002, 9.3108927831053734E-003, 6.4840792968750000E+004, 8.8357287645339966E-001, 3.1031124877929688E+002, 9.2249996960163116E-003, 0.0000000000000000E+000, 0.0000000000000000E+000, 0.0000000000000000E+000, 0.0000000000000000E+000, 0.0000000000000000E+000, 0.0000000000000000E+000, 6.5380783053115010E-004, 1.0426854714751244E-003, 4.0511980436974682E-009, 0.0000000000000000E+000, 0.0000000000000000E+000, 0.0000000000000000E+000, 0.0000000000000000E+000, 0.0000000000000000E+000, 0.0000000000000000E+000, 0.0000000000000000E+000, 0.0000000000000000E+000, 0.0000000000000000E+000, 2.4009135365486145E-001, 7.3349166870117188E+001, 2.3659330327063799E-003, 8.7684689788147807E-004, 1.3050891160964966E+000, 7.1810007095336914E-002, 0.0000000000000000E+000, 0.0000000000000000E+000, 0.0000000000000000E+000, 0.0000000000000000E+000, 0.0000000000000000E+000, 0.0000000000000000E+000, 2.1880556643009186E-001, 6.7229812622070312E+001, 1.8946202471852303E-003, 7.1832817047834396E-004, 1.2714834213256836E+000, 1.0923007130622864E-001, 0.0000000000000000E+000, 0.0000000000000000E+000, 0.0000000000000000E+000, 0.0000000000000000E+000, 0.0000000000000000E+000, 0.0000000000000000E+000,-1.3117790513206273E-004,-6.9934132625348866E-005, 1.0818481678143144E-003,-6.2757169416727265E-007, 5.7594832014729036E-007, 0.0000000000000000E+000, 0.0000000000000000E+000, 0.0000000000000000E+000, 3.1030044555664062E+002, 2.1412207186222076E-001, 3.4147948026657104E-001
deep_plume,21,1, 2.0000000000000000E+001, 1.0000000000000000E+005, 3.4999999403953552E-001, 3.1916775703430176E+000, 0.0000000000000000E+000, 0.0000000000000000E+000, 1.8999999761581421E-001, 1.4000000373926014E-004, 1.4000000373926014E-004, 0.0000000000000000E+000, 3.5000000000000000E+002, 7.9666388034820557E-001, 9.0375003814697266E+000, 2.2200000286102295E+000, 3.1185250854492188E+002, 2.7239038085937500E+002, 7.2217802517116070E-003, 6.2280027343750000E+004, 8.7345898151397705E-001, 3.1185250854492188E+002, 7.1700001135468483E-003, 0.0000000000000000E+000, 0.0000000000000000E+000, 0.0000000000000000E+000, 0.0000000000000000E+000, 0.0000000000000000E+000, 0.0000000000000000E+000, 5.9616263024508953E-004, 9.5092214178293943E-004, 1.0818358653352789E-008, 0.0000000000000000E+000, 0.0000000000000000E+000, 0.0000000000000000E+000, 0.0000000000000000E+000, 0.0000000000000000E+000, 0.0000000000000000E+000, 0.0000000000000000E+000, 0.0000000000000000E+000, 0.0000000000000000E+000, 2.1880556643009186E-001, 6.7229812622070312E+001, 1.8946202471852303E-003, 7.1832817047834396E-004, 1.2714834213256836E+000, 1.0923007130622864E-001, 0.0000000000000000E+000, 0.0000000000000000E+000, 0.0000000000000000E+000, 0.0000000000000000E+000, 0.0000000000000000E+000, 0.0000000000000000E+000, 1.8542045354843140E-001, 5.7295825958251953E+001, 1.3615073403343558E-003, 5.1570287905633450E-004, 1.1532100439071655E+000, 1.3295219838619232E-001, 0.0000000000000000E+000, 0.0000000000000000E+000, 0.0000000000000000E+000, 0.0000000000000000E+000, 0.0000000000000000E+000, 0.0000000000000000E+000,-3.2134057255461812E-004,-1.7142295837402344E-004, 1.4389038551598787E-003,-3.5041011869907379E-007, 7.3842267056534183E-007, 0.0000000000000000E+000, 0.0000000000000000E+000, 0.0000000000000000E+000, 3.1183920288085938E+002, 2.0418569445610046E-001, 3.2569083571434021E-001
deep_plume,22,1, 2.0000000000000000E+001, 1.0000000000000000E+005, 3.4999999403953552E-001, 3.1916775703430176E+000, 0.0000000000000000E+000, 0.0000000000000000E+000, 1.8999999761581421E-001, 1.4000000373926014E-004, 1.4000000373926014E-004, 0.0000000000000000E+000, 3.6500000000000000E+002, 7.6911884546279907E-001, 9.5737495422363281E+000, 2.5059998035430908E+000, 3.1346124267578125E+002, 2.7052508544921875E+002, 5.0503783859312534E-003, 5.9714925781250000E+004, 8.6302560567855835E-001, 3.1346124267578125E+002, 5.0250003114342690E-003, 0.0000000000000000E+000, 0.0000000000000000E+000, 0.0000000000000000E+000, 0.0000000000000000E+000, 0.0000000000000000E+000, 0.0000000000000000E+000, 5.3446914535015821E-004, 5.8612192515283823E-004, 1.0271073991319213E-009, 0.0000000000000000E+000, 0.0000000000000000E+000, 0.0000000000000000E+000, 0.0000000000000000E+000, 0.0000000000000000E+000, 0.0000000000000000E+000, 0.0000000000000000E+000, 0.0000000000000000E+000, 0.0000000000000000E+000, 1.8542045354843140E-001, 5.7295825958251953E+001, 1.3615073403343558E-003, 5.1570287905633450E-004, 1.1532100439071655E+000, 1.3295219838619232E-001, 0.0000000000000000E+000, 0.0000000000000000E+000, 0.0000000000000000E+000, 0.0000000000000000E+000, 0.0000000000000000E+000, 0.0000000000000000E+000, 2.8256438672542572E-002, 8.8393917083740234E+000, 1.4529864711221308E-004, 1.7010976080200635E-005, 2.0206479728221893E-001, 3.4301158040761948E-002, 0.0000000000000000E+000, 0.0000000000000000E+000, 0.0000000000000000E+000, 0.0000000000000000E+000, 0.0000000000000000E+000, 0.0000000000000000E+000,-1.8910408252850175E-003,-1.0085701942443848E-003, 2.3803710937500000E-003, 1.2777512665707036E-006, 1.7533806158098741E-006, 0.0000000000000000E+000, 0.0000000000000000E+000, 0.0000000000000000E+000, 3.1340771484375000E+002, 1.9107271730899811E-001, 2.0953859388828278E-001
deep_plume,23,1, 2.0000000000000000E+001, 1.0000000000000000E+005, 3.4999999403953552E-001, 3.1916775703430176E+000, 0.0000000000000000E+000, 0.0000000000000000E+000, 1.8999999761581421E-001, 1.4000000373926014E-004, 1.4000000373926014E-004, 0.0000000000000000E+000, 3.8000000000000000E+002, 7.4145138263702393E-001, 1.0132499694824219E+001, 2.8039999008178711E+000, 3.1513751220703125E+002, 2.6858761596679688E+002, 2.7978061698377132E-003, 5.7154519531250000E+004, 8.5228699445724487E-001, 3.1513751220703125E+002, 2.7900002896785736E-003, 0.0000000000000000E+000, 0.0000000000000000E+000, 0.0000000000000000E+000, 0.0000000000000000E+000, 0.0000000000000000E+000, 0.0000000000000000E+000, 1.7466113204136491E-003, 2.0693060650955886E-004, 1.0108797132701852E-009, 0.0000000000000000E+000, 0.0000000000000000E+000, 0.0000000000000000E+000, 0.0000000000000000E+000, 0.0000000000000000E+000, 0.0000000000000000E+000, 0.0000000000000000E+000, 0.0000000000000000E+000, 0.0000000000000000E+000, 2.8256438672542572E-002, 8.8393917083740234E+000, 1.4529864711221308E-004, 1.7010976080200635E-005, 2.0206479728221893E-001, 3.4301158040761948E-002, 0.0000000000000000E+000, 0.0000000000000000E+000, 0.0000000000000000E+000, 0.0000000000000000E+000, 0.0000000000000000E+000, 0.0000000000000000E+000, 0.0000000000000000E+000, 0.0000000000000000E+000, 0.0000000000000000E+000, 0.0000000000000000E+000, 0.0000000000000000E+000, 0.0000000000000000E+000, 0.0000000000000000E+000, 0.0000000000000000E+000, 0.0000000000000000E+000, 0.0000000000000000E+000, 0.0000000000000000E+000, 0.0000000000000000E+000,-2.9830931453034282E-004,-1.5908479690551758E-004,-5.4931639169808477E-005, 2.3535685045317223E-007, 6.0254919276303553E-008, 0.0000000000000000E+000, 0.0000000000000000E+000, 0.0000000000000000E+000, 3.1513290405273438E+002, 6.5061271190643311E-001, 7.7081650495529175E-002
deep_plume,24,1, 2.0000000000000000E+001, 1.0000000000000000E+005, 3.4999999403953552E-001, 3.1916775703430176E+000, 0.0000000000000000E+000, 0.0000000000000000E+000, 1.8999999761581421E-001, 1.4000000373926014E-004, 1.4000000373926014E-004, 0.0000000000000000E+000, 3.9500000000000000E+002, 7.1374690532684326E-001, 1.0713749885559082E+001, 3.1139998435974121E+000, 3.1688125610351562E+002, 2.6657882690429688E+002, 4.6521637705154717E-004, 5.4607437500000000E+004, 8.4125775098800659E-001, 3.1688125610351562E+002, 4.6500004827976227E-004, 0.0000000000000000E+000, 0.0000000000000000E+000, 0.0000000000000000E+000, 0.0000000000000000E+000, 0.0000000000000000E+000, 0.0000000000000000E+000, 6.3560386479366571E-005, 1.0376559657743201E-005, 1.2683271322089240E-008, 0.0000000000000000E+000, 0.0000000000000000E+000, 0.0000000000000000E+000, 0.0000000000000000E+000, 0.0000000000000000E+000, 0.0000000000000000E+000, 0.0000000000000000E+000, 0.0000000000000000E+000, 0.0000000000000000E+000, 0.0000000000000000E+000, 0.0000000000000000E+000, 0.0000000000000000E+000, 0.0000000000000000E+000, 0.0000000000000000E+000, 0.0000000000000000E+000, 0.0000000000000000E+000, 0.0000000000000000E+000, 0.0000000000000000E+000, 0.0000000000000000E+000, 0.0000000000000000E+000, 0.0000000000000000E+000, 0.0000000000000000E+000, 0.0000000000000000E+000, 0.0000000000000000E+000, 0.0000000000000000E+000, 0.0000000000000000E+000, 0.0000000000000000E+000, 0.0000000000000000E+000, 0.0000000000000000E+000, 0.0000000000000000E+000, 0.0000000000000000E+000, 0.0000000000000000E+000, 0.0000000000000000E+000, 0.0000000000000000E+000, 0.0000000000000000E+000, 0.0000000000000000E+000, 5.6752470778409503E-011, 3.2283928948131230E-014, 0.0000000000000000E+000, 0.0000000000000000E+000, 0.0000000000000000E+000, 3.1688125610351562E+002, 2.4629650637507439E-002, 4.0209167636930943E-003
deep_plume,25,1, 2.0000000000000000E+001, 1.0000000000000000E+005, 3.4999999403953552E-001, 3.1916775703430176E+000, 0.0000000000000000E+000, 0.0000000000000000E+000, 1.8999999761581421E-001, 1.4000000373926014E-004, 1.4000000373926014E-004, 0.0000000000000000E+000, 4.1000000000000000E+002, 6.8608766794204712E-001, 1.1317500114440918E+001, 3.4359998703002930E+000, 3.1869250488281250E+002, 2.6449972534179688E+002, 2.0003999816253781E-004, 5.2081890625000000E+004, 8.2995271682739258E-001, 3.1869250488281250E+002, 1.9999999494757503E-004, 0.0000000000000000E+000, 0.0000000000000000E+000, 0.0000000000000000E+000, 0.0000000000000000E+000, 0.0000000000000000E+000, 0.0000000000000000E+000, 6.1191210988909006E-005, 7.6923770393477753E-006, 1.2571081065004819E-008, 0.0000000000000000E+000, 0.0000000000000000E+000, 0.0000000000000000E+000, 0.0000000000000000E+000, 0.0000000000000000E+000, 0.0000000000000000E+000, 0.0000000000000000E+000, 0.0000000000000000E+000, 0.0000000000000000E+000, 0.0000000000000000E+000, 0.0000000000000000E+000, 0.0000000000000000E+000, 0.0000000000000000E+000, 0.0000000000000000E+000, 0.0000000000000000E+000, 0.0000000000000000E+000, 0.0000000000000000E+000, 0.0000000000000000E+000, 0.0000000000000000E+000, 0.0000000000000000E+000, 0.0000000000000000E+000, 0.0000000000000000E+000, 0.0000000000000000E+000, 0.0000000000000000E+000, 0.0000000000000000E+000, 0.0000000000000000E+000, 0.0000000000000000E+000, 0.0000000000000000E+000, 0.0000000000000000E+000, 0.0000000000000000E+000, 0.0000000000000000E+000, 0.0000000000000000E+000, 0.0000000000000000E+000, 0.0000000000000000E+000, 1.1920929132713809E-008, 1.5258789289873675E-006, 5.0931702431922243E-012, 1.2362882299884863E-020, 0.0000000000000000E+000, 0.0000000000000000E+000, 0.0000000000000000E+000, 3.1869253540039062E+002, 2.4629462510347366E-002, 3.0961816664785147E-003
deep_plume,26,1, 2.0000000000000000E+001, 1.0000000000000000E+005, 3.4999999403953552E-001, 3.1916775703430176E+000, 0.0000000000000000E+000, 0.0000000000000000E+000, 1.8999999761581421E-001, 1.4000000373926014E-004, 1.4000000373926014E-004, 0.0000000000000000E+000, 4.2500000000000000E+002, 6.5855199098587036E-001, 1.1943750381469727E+001, 3.7699999809265137E+000, 3.2057125854492188E+002, 2.6235131835937500E+002, 2.0003999816253781E-004, 4.9585558593750000E+004, 8.1838685274124146E-001, 3.2057125854492188E+002, 1.9999999494757503E-004, 0.0000000000000000E+000, 0.0000000000000000E+000, 0.0000000000000000E+000, 0.0000000000000000E+000, 0.0000000000000000E+000, 0.0000000000000000E+000, 5.8992634876631200E-005, 7.2101843215932604E-006, 1.2450157349519486E-008, 0.0000000000000000E+000, 0.0000000000000000E+000, 0.0000000000000000E+000, 0.0000000000000000E+000, 0.0000000000000000E+000, 0.0000000000000000E+000, 0.0000000000000000E+000, 0.0000000000000000E+000, 0.0000000000000000E+000, 0.0000000000000000E+000, 0.0000000000000000E+000, 0.0000000000000000E+000, 0.0000000000000000E+000, 0.0000000000000000E+000, 0.0000000000000000E+000, 0.0000000000000000E+000, 0.0000000000000000E+000, 0.0000000000000000E+000, 0.0000000000000000E+000, 0.0000000000000000E+000, 0.0000000000000000E+000, 0.0000000000000000E+000, 0.0000000000000000E+000, 0.0000000000000000E+000, 0.0000000000000000E+000, 0.0000000000000000E+000, 0.0000000000000000E+000, 0.0000000000000000E+000, 0.0000000000000000E+000, 0.0000000000000000E+000, 0.0000000000000000E+000, 0.0000000000000000E+000, 0.0000000000000000E+000, 0.0000000000000000E+000,-1.1920929132713809E-008,-1.5258789289873675E-006,-7.2759577226036432E-013, 4.2840300942032121E-027, 0.0000000000000000E+000, 0.0000000000000000E+000, 0.0000000000000000E+000, 3.2057122802734375E+002, 2.4629425257444382E-002, 3.0102520249783993E-003
deep_plume,27,1, 2.0000000000000000E+001, 1.0000000000000000E+005, 3.4999999403953552E-001, 3.1916775703430176E+000, 0.0000000000000000E+000, 0.0000000000000000E+000, 1.8999999761581421E-001, 1.4000000373926014E-004, 1.4000000373926014E-004, 0.0000000000000000E+000, 4.4000000000000000E+002, 6.3121473789215088E-001, 1.2592499732971191E+001, 4.1159996986389160E+000, 3.2251751708984375E+002, 2.6013467407226562E+002, 2.0003999816253781E-004, 4.7125640625000000E+004, 8.0657529830932617E-001, 3.2251751708984375E+002, 1.9999999494757503E-004, 0.0000000000000000E+000, 0.0000000000000000E+000, 0.0000000000000000E+000, 0.0000000000000000E+000, 0.0000000000000000E+000, 0.0000000000000000E+000, 5.6946566473925486E-005, 6.9600755523424596E-006, 1.2319751441225435E-008, 0.0000000000000000E+000, 0.0000000000000000E+000, 0.0000000000000000E+000, 0.0000000000000000E+000, 0.0000000000000000E+000, 0.0000000000000000E+000, 0.0000000000000000E+000, 0.0000000000000000E+000, 0.0000000000000000E+000, 0.0000000000000000E+000, 0.0000000000000000E+000, 0.0000000000000000E+000, 0.0000000000000000E+000, 0.0000000000000000E+000, 0.0000000000000000E+000, 0.0000000000000000E+000, 0.0000000000000000E+000, 0.0000000000000000E+000, 0.0000000000000000E+000, 0.0000000000000000E+000, 0.0000000000000000E+000, 0.0000000000000000E+000, 0.0000000000000000E+000, 0.0000000000000000E+000, 0.0000000000000000E+000, 0.0000000000000000E+000, 0.0000000000000000E+000, 0.0000000000000000E+000, 0.0000000000000000E+000, 0.0000000000000000E+000, 0.0000000000000000E+000, 0.0000000000000000E+000, 0.0000000000000000E+000,-4.7683716530855236E-008, 0.0000000000000000E+000, 0.0000000000000000E+000, 0.0000000000000000E+000, 1.3851831657192943E-033, 0.0000000000000000E+000, 0.0000000000000000E+000, 0.0000000000000000E+000, 3.2251751708984375E+002, 2.4629389867186546E-002, 3.0102327000349760E-003
deep_plume,28,1, 2.0000000000000000E+001, 1.0000000000000000E+005, 3.4999999403953552E-001, 3.1916775703430176E+000, 0.0000000000000000E+000, 0.0000000000000000E+000, 1.8999999761581421E-001, 1.4000000373926014E-004, 1.4000000373926014E-004, 0.0000000000000000E+000, 4.5500000000000000E+002, 6.0414648056030273E-001, 1.3263750076293945E+001, 4.4739999771118164E+000, 3.2453125000000000E+002, 2.5785098266601562E+002, 2.0003999816253781E-004, 4.4708792968750000E+004, 7.9453361034393311E-001, 3.2453125000000000E+002, 1.9999999494757503E-004, 0.0000000000000000E+000, 0.0000000000000000E+000, 0.0000000000000000E+000, 0.0000000000000000E+000, 0.0000000000000000E+000, 0.0000000000000000E+000, 5.5038104619598016E-005, 6.7269224928168114E-006, 1.2179211417162605E-008, 0.0000000000000000E+000, 0.0000000000000000E+000, 0.0000000000000000E+000, 0.0000000000000000E+000, 0.0000000000000000E+000, 0.0000000000000000E+000, 0.0000000000000000E+000, 0.0000000000000000E+000, 0.0000000000000000E+000, 0.0000000000000000E+000, 0.0000000000000000E+000, 0.0000000000000000E+000, 0.0000000000000000E+000, 0.0000000000000000E+000, 0.0000000000000000E+000, 0.0000000000000000E+000, 0.0000000000000000E+000, 0.0000000000000000E+000, 0.0000000000000000E+000, 0.0000000000000000E+000, 0.0000000000000000E+000, 0.0000000000000000E+000, 0.0000000000000000E+000, 0.0000000000000000E+000, 0.0000000000000000E+000, 0.0000000000000000E+000, 0.0000000000000000E+000, 0.0000000000000000E+000, 0.0000000000000000E+000, 0.0000000000000000E+000, 0.0000000000000000E+000, 0.0000000000000000E+000, 0.0000000000000000E+000, 4.7683716530855236E-008,-2.3841858265427618E-008, 0.0000000000000000E+000, 0.0000000000000000E+000, 4.1891257071604676E-040, 0.0000000000000000E+000, 0.0000000000000000E+000, 0.0000000000000000E+000, 3.2453125000000000E+002, 2.4629551917314529E-002, 3.0102978926151991E-003
deep_plume,29,1, 2.0000000000000000E+001, 1.0000000000000000E+005, 3.4999999403953552E-001, 3.1916775703430176E+000, 0.0000000000000000E+000, 0.0000000000000000E+000, 1.8999999761581421E-001, 1.4000000373926014E-004, 1.4000000373926014E-004, 0.0000000000000000E+000, 4.7000000000000000E+002, 5.7741343975067139E-001, 1.3957500457763672E+001, 4.8439998626708984E+000, 3.2661248779296875E+002, 2.5550146484375000E+002, 2.0003999816253781E-004, 4.2341105468750000E+004, 7.8227710723876953E-001, 3.2661248779296875E+002, 1.9999999494757503E-004, 0.0000000000000000E+000, 0.0000000000000000E+000, 0.0000000000000000E+000, 0.0000000000000000E+000, 0.0000000000000000E+000, 0.0000000000000000E+000, 5.3253021178534254E-005, 6.5087260736618191E-006, 1.2027840945449952E-008, 0.0000000000000000E+000, 0.0000000000000000E+000, 0.0000000000000000E+000, 0.0000000000000000E+000, 0.0000000000000000E+000, 0.0000000000000000E+000, 0.0000000000000000E+000, 0.0000000000000000E+000, 0.0000000000000000E+000, 0.0000000000000000E+000, 0.0000000000000000E+000, 0.0000000000000000E+000, 0.0000000000000000E+000, 0.0000000000000000E+000, 0.0000000000000000E+000, 0.0000000000000000E+000, 0.0000000000000000E+000, 0.0000000000000000E+000, 0.0000000000000000E+000, 0.0000000000000000E+000, 0.0000000000000000E+000, 0.0000000000000000E+000, 0.0000000000000000E+000, 0.0000000000000000E+000, 0.0000000000000000E+000, 0.0000000000000000E+000, 0.0000000000000000E+000, 0.0000000000000000E+000, 0.0000000000000000E+000, 0.0000000000000000E+000, 0.0000000000000000E+000, 0.0000000000000000E+000, 0.0000000000000000E+000, 0.0000000000000000E+000, 2.3841858265427618E-008, 0.0000000000000000E+000, 0.0000000000000000E+000, 0.0000000000000000E+000, 0.0000000000000000E+000, 0.0000000000000000E+000, 0.0000000000000000E+000, 3.2661248779296875E+002, 2.4629522114992142E-002, 3.0102857854217291E-003
deep_plume,30,1, 2.0000000000000000E+001, 1.0000000000000000E+005, 3.4999999403953552E-001, 3.1916775703430176E+000, 0.0000000000000000E+000, 0.0000000000000000E+000, 1.8999999761581421E-001, 1.4000000373926014E-004, 1.4000000373926014E-004, 0.0000000000000000E+000, 4.8500000000000000E+002, 5.5107730627059937E-001, 1.4673749923706055E+001, 5.2259998321533203E+000, 3.2876126098632812E+002, 2.5308747863769531E+002, 2.0003999816253781E-004, 4.0028109375000000E+004, 7.6982146501541138E-001, 3.2876126098632812E+002, 1.9999999494757503E-004, 0.0000000000000000E+000, 0.0000000000000000E+000, 0.0000000000000000E+000, 0.0000000000000000E+000, 0.0000000000000000E+000, 0.0000000000000000E+000, 5.1580151193775237E-005, 6.3041479734238237E-006, 0.0000000000000000E+000, 0.0000000000000000E+000, 0.0000000000000000E+000, 0.0000000000000000E+000, 0.0000000000000000E+000, 0.0000000000000000E+000, 0.0000000000000000E+000, 0.0000000000000000E+000, 0.0000000000000000E+000, 0.0000000000000000E+000, 0.0000000000000000E+000, 0.0000000000000000E+000, 0.0000000000000000E+000, 0.0000000000000000E+000, 0.0000000000000000E+000, 0.0000000000000000E+000, 0.0000000000000000E+000, 0.0000000000000000E+000, 0.0000000000000000E+000, 0.0000000000000000E+000, 0.0000000000000000E+000, 0.0000000000000000E+000, 0.0000000000000000E+000, 0.0000000000000000E+000, 0.0000000000000000E+000, 0.0000000000000000E+000, 0.0000000000000000E+000, 0.0000000000000000E+000, 0.0000000000000000E+000, 0.0000000000000000E+000, 0.0000000000000000E+000, 0.0000000000000000E+000, 0.0000000000000000E+000, 0.0000000000000000E+000, 0.0000000000000000E+000, 0.0000000000000000E+000, 0.0000000000000000E+000, 0.0000000000000000E+000, 0.0000000000000000E+000, 0.0000000000000000E+000, 0.0000000000000000E+000, 0.0000000000000000E+000, 3.2876126098632812E+002, 2.4629522114992142E-002, 3.0102306045591831E-003
fine_grid,1,1, 2.0000000000000000E+001, 1.0000000000000000E+005, 3.4999999403953552E-001, 3.1769404411315918E+000, 0.0000000000000000E+000, 0.0000000000000000E+000, 1.4000000059604645E-001, 9.9999997473787516E-005, 9.9999997473787516E-005, 0.0000000000000000E+000, 2.5000000000000000E+001, 1.1563949584960938E+000, 3.0187499523162842E+000,-9.9000000953674316E-001, 3.0099249267578125E+002, 3.0086605834960938E+002, 1.6876334324479103E-002, 9.9853046875000000E+004, 9.9957990646362305E-001, 3.0099249267578125E+002, 1.6596250236034393E-002, 0.0000000000000000E+000, 0.0000000000000000E+000, 0.0000000000000000E+000, 0.0000000000000000E+000, 0.0000000000000000E+000, 0.0000000000000000E+000, 0.0000000000000000E+000, 0.0000000000000000E+000, 8.7713588072801940E-006, 0.0000000000000000E+000, 0.0000000000000000E+000, 0.0000000000000000E+000, 0.0000000000000000E+000, 0.0000000000000000E+000, 0.0000000000000000E+000, 0.0000000000000000E+000, 0.0000000000000000E+000, 0.0000000000000000E+000, 0.0000000000000000E+000, 0.0000000000000000E+000, 0.0000000000000000E+000, 0.0000000000000000E+000, 0.0000000000000000E+000, 0.0000000000000000E+000, 0.0000000000000000E+000, 0.0000000000000000E+000, 0.0000000000000000E+000, 0.0000000000000000E+000, 0.0000000000000000E+000, 0.0000000000000000E+000, 2.0310098305344582E-002, 6.1132149696350098E+000, 3.3712398726493120E-004, 0.0000000000000000E+000, 6.1691917479038239E-002,-1.9903894513845444E-002, 0.0000000000000000E+000, 0.0000000000000000E+000, 0.0000000000000000E+000, 0.0000000000000000E+000, 0.0000000000000000E+000, 0.0000000000000000E+000,-2.9898644424974918E-003, 1.5864968299865723E-003, 4.1427612304687500E-003, 3.0314549803733826E-006, 0.0000000000000000E+000, 0.0000000000000000E+000, 0.0000000000000000E+000, 0.0000000000000000E+000, 3.0107534790039062E+002, 0.0000000000000000E+000, 0.0000000000000000E+000
fine_grid,2,1, 2.0000000000000000E+001, 1.0000000000000000E+005, 3.4999999403953552E-001, 3.1769404411315918E+000, 0.0000000000000000E+000, 0.0000000000000000E+000, 1.4000000059604645E-001, 9.9999997473787516E-005, 9.9999997473787516E-005, 0.0000000000000000E+000, 3.0000000000000000E+001, 1.1537889242172241E+000, 3.0599999427795410E+000,-9.6799999475479126E-001, 3.0097601318359375E+002, 3.0057162475585938E+002, 1.6867803409695625E-002, 9.9530515625000000E+004, 9.9865639209747314E-001, 3.0097601318359375E+002, 1.6588000580668449E-002, 0.0000000000000000E+000, 0.0000000000000000E+000, 0.0000000000000000E+000, 0.0000000000000000E+000, 0.0000000000000000E+000, 0.0000000000000000E+000, 3.4424212574958801E-001, 3.5922241210937500E-001, 3.9442115848942194E-006, 0.0000000000000000E+000, 0.0000000000000000E+000, 0.0000000000000000E+000, 0.0000000000000000E+000, 0.0000000000000000E+000, 0.0000000000000000E+000, 0.0000000000000000E+000, 0.0000000000000000E+000, 0.0000000000000000E+000, 2.0310098305344582E-002, 6.1132149696350098E+000, 3.3712398726493120E-004, 0.0000000000000000E+000, 6.1691917479038239E-002,-1.9903894513845444E-002, 0.0000000000000000E+000, 0.0000000000000000E+000, 0.0000000000000000E+000, 0.0000000000000000E+000, 0.0000000000000000E+000, 0.0000000000000000E+000, 1.9936159253120422E-002, 6.0006446838378906E+000, 3.3090639044530690E-004, 0.0000000000000000E+000, 6.0563482344150543E-002,-1.9533488899469376E-002, 0.0000000000000000E+000, 0.0000000000000000E+000, 0.0000000000000000E+000, 0.0000000000000000E+000, 0.0000000000000000E+000, 0.0000000000000000E+000, 7.4498652247712016E-004, 8.0941617488861084E-004,-2.4108887009788305E-004,-6.9849193096160889E-009, 0.0000000000000000E+000, 0.0000000000000000E+000, 0.0000000000000000E+000, 0.0000000000000000E+000, 3.0097119140625000E+002, 9.4666585922241211E+000, 9.8786163330078125E+000
fine_grid,3,1, 2.0000000000000000E+001, 1.0000000000000000E+005, 3.4999999403953552E-001, 3.1769404411315918E+000, 0.0000000000000000E+000, 0.0000000000000000E+000, 1.4000000059604645E-001, 9.9999997473787516E-005, 9.9999997473787516E-005, 0.0000000000000000E+000, 3.5000000000000000E+001, 1.1507167816162109E+000, 3.1087501049041748E+000,-9.4200003147125244E-001, 3.0095651245117188E+002, 3.0022396850585938E+002, 1.6857720911502838E-002, 9.9150687500000000E+004, 9.9756598472595215E-001, 3.0095651245117188E+002, 1.6578249633312225E-002, 0.0000000000000000E+000, 0.0000000000000000E+000, 0.0000000000000000E+000, 0.0000000000000000E+000, 0.0000000000000000E+000, 0.0000000000000000E+000, 9.9589902162551880E-001, 1.4861410856246948E+000, 3.7653048821084667E-006, 0.0000000000000000E+000, 0.0000000000000000E+000, 0.0000000000000000E+000, 0.0000000000000000E+000, 0.0000000000000000E+000, 0.0000000000000000E+000, 0.0000000000000000E+000, 0.0000000000000000E+000, 0.0000000000000000E+000, 1.9936159253120422E-002, 6.0006446838378906E+000, 3.3090639044530690E-004, 0.0000000000000000E+000, 6.0563482344150543E-002,-1.9533488899469376E-002, 0.0000000000000000E+000, 0.0000000000000000E+000, 0.0000000000000000E+000, 0.0000000000000000E+000, 0.0000000000000000E+000, 0.0000000000000000E+000, 2.0759651437401772E-002, 6.2484655380249023E+000, 3.4454994602128863E-004, 0.0000000000000000E+000, 6.3093751668930054E-002,-2.0325094461441040E-002, 0.0000000000000000E+000, 0.0000000000000000E+000, 0.0000000000000000E+000, 0.0000000000000000E+000, 0.0000000000000000E+000, 0.0000000000000000E+000, 1.3628959422931075E-003, 8.2825124263763428E-004,-7.4157712515443563E-004,-3.3788381870181183E-007, 0.0000000000000000E+000, 0.0000000000000000E+000, 0.0000000000000000E+000, 0.0000000000000000E+000, 3.0094168090820312E+002, 3.2366718292236328E+001, 4.8299583435058594E+001
fine_grid,4,1, 2.0000000000000000E+001, 1.0000000000000000E+005, 3.4999999403953552E-001, 3.1769404411315918E+000, 0.0000000000000000E+000, 0.0000000000000000E+000, 1.4000000059604645E-001, 9.9999997473787516E-005, 9.9999997473787516E-005, 0.0000000000000000E+000, 4.0000000000000000E+001, 1.1471821069717407E+000, 3.1649999618530273E+000,-9.1200000047683716E-001, 3.0093399047851562E+002, 2.9982333374023438E+002, 1.6846088692545891E-002, 9.8714218750000000E+004, 9.9630934000015259E-001, 3.0093399047851562E+002, 1.6566999256610870E-002, 0.0000000000000000E+000, 0.0000000000000000E+000, 0.0000000000000000E+000, 0.0000000000000000E+000, 0.0000000000000000E+000, 0.0000000000000000E+000, 1.9652591943740845E+000, 3.1256299018859863E+000, 3.9275255403481424E-006, 0.0000000000000000E+000, 0.0000000000000000E+000, 0.0000000000000000E+000, 0.0000000000000000E+000, 0.0000000000000000E+000, 0.0000000000000000E+000, 0.0000000000000000E+000, 0.0000000000000000E+000, 0.0000000000000000E+000, 2.0759651437401772E-002, 6.2484655380249023E+000, 3.4454994602128863E-004, 0.0000000000000000E+000, 6.3093751668930054E-002,-2.0325094461441040E-002, 0.0000000000000000E+000, 0.0000000000000000E+000, 0.0000000000000000E+000, 0.0000000000000000E+000, 0.0000000000000000E+000, 0.0000000000000000E+000, 2.3018056526780128E-002, 6.9281334877014160E+000, 3.8198442780412734E-004, 0.0000000000000000E+000, 7.0023059844970703E-002,-2.2501319646835327E-002, 0.0000000000000000E+000, 0.0000000000000000E+000, 0.0000000000000000E+000, 0.0000000000000000E+000, 0.0000000000000000E+000, 0.0000000000000000E+000, 1.2912511592730880E-003, 7.2421133518218994E-004,-7.2937010554596782E-004,-3.5120174857183883E-007, 0.0000000000000000E+000, 0.0000000000000000E+000, 0.0000000000000000E+000, 0.0000000000000000E+000, 3.0091940307617188E+002, 7.3697219848632812E+001, 1.1721112060546875E+002
fine_grid,5,1, 2.0000000000000000E+001, 1.0000000000000000E+005, 3.4999999403953552E-001, 3.1769404411315918E+000, 0.0000000000000000E+000, 0.0000000000000000E+000, 1.4000000059604645E-001, 9.9999997473787516E-005, 9.9999997473787516E-005, 0.0000000000000000E+000, 4.5000000000000000E+001, 1.1431893110275269E+000, 3.2287499904632568E+000,-8.7800002098083496E-001, 3.0090850830078125E+002, 2.9936996459960938E+002, 1.6832904890179634E-002, 9.8221882812500000E+004, 9.9488705396652222E-001, 3.0090850830078125E+002, 1.6554249450564384E-002, 0.0000000000000000E+000, 0.0000000000000000E+000, 0.0000000000000000E+000, 0.0000000000000000E+000, 0.0000000000000000E+000, 0.0000000000000000E+000, 2.7071754932403564E+000, 4.3055734634399414E+000, 4.2879128159256652E-006, 0.0000000000000000E+000, 0.0000000000000000E+000, 0.0000000000000000E+000, 0.0000000000000000E+000, 0.0000000000000000E+000, 0.0000000000000000E+000, 0.0000000000000000E+000, 0.0000000000000000E+000, 0.0000000000000000E+000, 2.3018056526780128E-002, 6.9281334877014160E+000, 3.8198442780412734E-004, 0.0000000000000000E+000, 7.0023059844970703E-002,-2.2501319646835327E-002, 0.0000000000000000E+000, 0.0000000000000000E+000, 0.0000000000000000E+000, 0.0000000000000000E+000, 0.0000000000000000E+000, 0.0000000000000000E+000, 2.6577264070510864E-002, 7.9992451667785645E+000, 4.4096380588598549E-004, 0.0000000000000000E+000, 8.0979026854038239E-002,-2.5912076234817505E-002, 0.0000000000000000E+000, 0.0000000000000000E+000, 0.0000000000000000E+000, 0.0000000000000000E+000, 0.0000000000000000E+000, 0.0000000000000000E+000, 1.0310054058209062E-003, 5.6404771748930216E-004,-5.9967039851471782E-004,-2.9345974894567917E-007, 0.0000000000000000E+000, 0.0000000000000000E+000, 0.0000000000000000E+000, 0.0000000000000000E+000, 3.0089651489257812E+002, 1.1505496215820312E+002, 1.8298687744140625E+002
fine_grid,6,1, 2.0000000000000000E+001, 1.0000000000000000E+005, 3.4999999403953552E-001, 3.1769404411315918E+000, 0.0000000000000000E+000, 0.0000000000000000E+000, 1.4000000059604645E-001, 9.9999997473787516E-005, 9.9999997473787516E-005, 0.0000000000000000E+000, 5.0000000000000000E+001, 1.1387429237365723E+000, 3.2999999523162842E+000,-8.4000003337860107E-001, 3.0088000488281250E+002, 2.9886407470703125E+002, 1.6818173229694366E-002, 9.7674523437500000E+004, 9.9329984188079834E-001, 3.0088000488281250E+002, 1.6540000215172768E-002, 0.0000000000000000E+000, 0.0000000000000000E+000, 0.0000000000000000E+000, 0.0000000000000000E+000, 0.0000000000000000E+000, 0.0000000000000000E+000, 3.1191127300262451E+000, 4.9607472419738770E+000, 4.7244648158084601E-006, 0.0000000000000000E+000, 0.0000000000000000E+000, 0.0000000000000000E+000, 0.0000000000000000E+000, 0.0000000000000000E+000, 0.0000000000000000E+000, 0.0000000000000000E+000, 0.0000000000000000E+000, 0.0000000000000000E+000, 2.6577264070510864E-002, 7.9992451667785645E+000, 4.4096380588598549E-004, 0.0000000000000000E+000, 8.0979026854038239E-002,-2.5912076234817505E-002, 0.0000000000000000E+000, 0.0000000000000000E+000, 0.0000000000000000E+000, 0.0000000000000000E+000, 0.0000000000000000E+000, 0.0000000000000000E+000, 3.0708486214280128E-002, 9.2423925399780273E+000, 5.0936924526467919E-004, 0.0000000000000000E+000, 9.3792133033275604E-002,-2.9819592833518982E-002, 0.0000000000000000E+000, 0.0000000000000000E+000, 0.0000000000000000E+000, 0.0000000000000000E+000, 0.0000000000000000E+000, 0.0000000000000000E+000, 7.3345901910215616E-004, 3.9706527604721487E-004,-4.3640137300826609E-004,-2.1597369936898758E-007, 0.0000000000000000E+000, 0.0000000000000000E+000, 0.0000000000000000E+000, 0.0000000000000000E+000, 3.0087127685546875E+002, 1.4815785217285156E+002, 2.3563549804687500E+002
fine_grid,7,1, 2.0000000000000000E+001, 1.0000000000000000E+005, 3.4999999403953552E-001, 3.1769404411315918E+000, 0.0000000000000000E+000, 0.0000000000000000E+000, 1.4000000059604645E-001, 9.9999997473787516E-005, 9.9999997473787516E-005, 0.0000000000000000E+000, 5.5000000000000000E+001, 1.1338487863540649E+000, 3.3787500858306885E+000,-7.9799997806549072E-001, 3.0084851074218750E+002, 2.9830590820312500E+002, 1.6801888123154640E-002, 9.7073101562500000E+004, 9.9154853820800781E-001, 3.0084851074218750E+002, 1.6524249687790871E-002, 0.0000000000000000E+000, 0.0000000000000000E+000, 0.0000000000000000E+000, 0.0000000000000000E+000, 0.0000000000000000E+000, 0.0000000000000000E+000, 3.2423722743988037E+000, 5.1567773818969727E+000, 5.1423185141175054E-006, 0.0000000000000000E+000, 0.0000000000000000E+000, 0.0000000000000000E+000, 0.0000000000000000E+000, 0.0000000000000000E+000, 0.0000000000000000E+000, 0.0000000000000000E+000, 0.0000000000000000E+000, 0.0000000000000000E+000, 3.0708486214280128E-002, 9.2423925399780273E+000, 5.0936924526467919E-004, 0.0000000000000000E+000, 9.3792133033275604E-002,-2.9819592833518982E-002, 0.0000000000000000E+000, 0.0000000000000000E+000, 0.0000000000000000E+000, 0.0000000000000000E+000, 0.0000000000000000E+000, 0.0000000000000000E+000, 3.4696336835622787E-002, 1.0442217826843262E+001, 5.7530996855348349E-004, 0.0000000000000000E+000, 1.0632948577404022E-001,-3.3501420170068741E-002, 0.0000000000000000E+000, 0.0000000000000000E+000, 0.0000000000000000E+000, 0.0000000000000000E+000, 0.0000000000000000E+000, 0.0000000000000000E+000, 4.7740936861373484E-004, 2.5702119455672801E-004,-2.8381348238326609E-004,-1.4258549185797165E-007, 0.0000000000000000E+000, 0.0000000000000000E+000, 0.0000000000000000E+000, 0.0000000000000000E+000, 3.0084283447265625E+002, 1.7022454833984375E+002, 2.7073080444335938E+002
fine_grid,8,1, 2.0000000000000000E+001, 1.0000000000000000E+005, 3.4999999403953552E-001, 3.1769404411315918E+000, 0.0000000000000000E+000, 0.0000000000000000E+000, 1.4000000059604645E-001, 9.9999997473787516E-005, 9.9999997473787516E-005, 0.0000000000000000E+000, 6.0000000000000000E+001, 1.1285127401351929E+000, 3.4649999141693115E+000,-7.5199997425079346E-001, 3.0081399536132812E+002, 2.9769573974609375E+002, 1.6784055158495903E-002, 9.6418640625000000E+004, 9.8963391780853271E-001, 3.0081399536132812E+002, 1.6506999731063843E-002, 0.0000000000000000E+000, 0.0000000000000000E+000, 0.0000000000000000E+000, 0.0000000000000000E+000, 0.0000000000000000E+000, 0.0000000000000000E+000, 3.1905281543731689E+000, 5.0743355751037598E+000, 5.4740962696087081E-006, 0.0000000000000000E+000, 0.0000000000000000E+000, 0.0000000000000000E+000, 0.0000000000000000E+000, 0.0000000000000000E+000, 0.0000000000000000E+000, 0.0000000000000000E+000, 0.0000000000000000E+000, 0.0000000000000000E+000, 3.4696336835622787E-002, 1.0442217826843262E+001, 5.7530996855348349E-004, 0.0000000000000000E+000, 1.0632948577404022E-001,-3.3501420170068741E-002, 0.0000000000000000E+000, 0.0000000000000000E+000, 0.0000000000000000E+000, 0.0000000000000000E+000, 0.0000000000000000E+000, 0.0000000000000000E+000, 3.8469314575195312E-002, 1.1577159881591797E+001, 6.3757831230759621E-004, 0.0000000000000000E+000, 1.1842278391122818E-001,-3.6861404776573181E-002, 0.0000000000000000E+000, 0.0000000000000000E+000, 0.0000000000000000E+000, 0.0000000000000000E+000, 0.0000000000000000E+000, 0.0000000000000000E+000, 2.8656719950959086E-004, 1.5376508235931396E-004,-1.5716553025413305E-004,-8.1583856115230446E-008, 0.0000000000000000E+000, 0.0000000000000000E+000, 0.0000000000000000E+000, 0.0000000000000000E+000, 3.0081085205078125E+002, 1.8345536804199219E+002, 2.9177429199218750E+002
fine_grid,9,1, 2.0000000000000000E+001, 1.0000000000000000E+005, 3.4999999403953552E-001, 3.1769404411315918E+000, 0.0000000000000000E+000, 0.0000000000000000E+000, 1.4000000059604645E-001, 9.9999997473787516E-005, 9.9999997473787516E-005, 0.0000000000000000E+000, 6.5000000000000000E+001, 1.1227413415908813E+000, 3.5587501525878906E+000,-7.0200002193450928E-001, 3.0077648925781250E+002, 2.9703393554687500E+002, 1.6764670610427856E-002, 9.5712289062500000E+004, 9.8755705356597900E-001, 3.0077648925781250E+002, 1.6488250344991684E-002, 0.0000000000000000E+000, 0.0000000000000000E+000, 0.0000000000000000E+000, 0.0000000000000000E+000, 0.0000000000000000E+000, 0.0000000000000000E+000, 3.0590786933898926E+000, 4.8652667999267578E+000, 5.6727121773292311E-006, 0.0000000000000000E+000, 0.0000000000000000E+000, 0.0000000000000000E+000, 0.0000000000000000E+000, 0.0000000000000000E+000, 0.0000000000000000E+000, 0.0000000000000000E+000, 0.0000000000000000E+000, 0.0000000000000000E+000, 3.8469314575195312E-002, 1.1577159881591797E+001, 6.3757831230759621E-004, 0.0000000000000000E+000, 1.1842278391122818E-001,-3.6861404776573181E-002, 0.0000000000000000E+000, 0.0000000000000000E+000, 0.0000000000000000E+000, 0.0000000000000000E+000, 0.0000000000000000E+000, 0.0000000000000000E+000, 4.1931472718715668E-002, 1.2618297576904297E+001, 6.9456390338018537E-004, 0.0000000000000000E+000, 1.2982892990112305E-001,-3.9779741317033768E-002, 0.0000000000000000E+000, 0.0000000000000000E+000, 0.0000000000000000E+000, 0.0000000000000000E+000, 0.0000000000000000E+000, 0.0000000000000000E+000, 1.4003514661453664E-004, 7.5030329753644764E-005,-4.7302244638558477E-005,-2.9150395874921742E-008, 0.0000000000000000E+000, 0.0000000000000000E+000, 0.0000000000000000E+000, 0.0000000000000000E+000, 3.0077554321289062E+002, 1.9119241333007812E+002, 3.0407916259765625E+002
fine_grid,10,1, 2.0000000000000000E+001, 1.0000000000000000E+005, 3.4999999403953552E-001, 3.1769404411315918E+000, 0.0000000000000000E+000, 0.0000000000000000E+000, 1.4000000059604645E-001, 9.9999997473787516E-005, 9.9999997473787516E-005, 0.0000000000000000E+000, 7.0000000000000000E+001, 1.1165412664413452E+000, 3.6600000858306885E+000,-6.4800000190734863E-001, 3.0073599243164062E+002, 2.9632086181640625E+002, 1.6743734478950500E-002, 9.4955226562500000E+004, 9.8531889915466309E-001, 3.0073599243164062E+002, 1.6467999666929245E-002, 0.0000000000000000E+000, 0.0000000000000000E+000, 0.0000000000000000E+000, 0.0000000000000000E+000, 0.0000000000000000E+000, 0.0000000000000000E+000, 2.8995742797851562E+000, 4.6115803718566895E+000, 5.6899566516221967E-006, 0.0000000000000000E+000, 0.0000000000000000E+000, 0.0000000000000000E+000, 0.0000000000000000E+000, 0.0000000000000000E+000, 0.0000000000000000E+000, 0.0000000000000000E+000, 0.0000000000000000E+000, 0.0000000000000000E+000, 4.1931472718715668E-002, 1.2618297576904297E+001, 6.9456390338018537E-004, 0.0000000000000000E+000, 1.2982892990112305E-001,-3.9779741317033768E-002, 0.0000000000000000E+000, 0.0000000000000000E+000, 0.0000000000000000E+000, 0.0000000000000000E+000, 0.0000000000000000E+000, 0.0000000000000000E+000, 4.5020423829555511E-002, 1.3546829223632812E+001, 7.4521783972159028E-004, 0.0000000000000000E+000, 1.4040416479110718E-001,-4.2170882225036621E-002, 0.0000000000000000E+000, 0.0000000000000000E+000, 0.0000000000000000E+000, 0.0000000000000000E+000, 0.0000000000000000E+000, 0.0000000000000000E+000,-2.1493435269803740E-005,-1.1348724001436494E-005, 8.2397462392691523E-005, 3.0361114511379128E-008, 0.0000000000000000E+000, 0.0000000000000000E+000, 0.0000000000000000E+000, 0.0000000000000000E+000, 3.0073764038085938E+002, 1.9572126770019531E+002, 3.1128167724609375E+002
fine_grid,11,1, 2.0000000000000000E+001, 1.0000000000000000E+005, 3.4999999403953552E-001, 3.1769404411315918E+000, 0.0000000000000000E+000, 0.0000000000000000E+000, 1.4000000059604645E-001, 9.9999997473787516E-005, 9.9999997473787516E-005, 0.0000000000000000E+000, 7.5000000000000000E+001, 1.1099197864532471E+000, 3.7687499523162842E+000,-5.9000003337860107E-001, 3.0069250488281250E+002, 2.9555688476562500E+002, 1.6721250489354134E-002, 9.4148757812500000E+004, 9.8292064666748047E-001, 3.0069250488281250E+002, 1.6446249559521675E-002, 0.0000000000000000E+000, 0.0000000000000000E+000, 0.0000000000000000E+000, 0.0000000000000000E+000, 0.0000000000000000E+000, 0.0000000000000000E+000, 2.7296111583709717E+000, 4.3412613868713379E+000, 5.4365536925615743E-006, 0.0000000000000000E+000, 0.0000000000000000E+000, 0.0000000000000000E+000, 0.0000000000000000E+000, 0.0000000000000000E+000, 0.0000000000000000E+000, 0.0000000000000000E+000, 0.0000000000000000E+000, 0.0000000000000000E+000, 4.5020423829555511E-002, 1.3546829223632812E+001, 7.4521783972159028E-004, 0.0000000000000000E+000, 1.4040416479110718E-001,-4.2170882225036621E-002, 0.0000000000000000E+000, 0.0000000000000000E+000, 0.0000000000000000E+000, 0.0000000000000000E+000, 0.0000000000000000E+000, 0.0000000000000000E+000, 4.8000395298004150E-002, 1.4442272186279297E+001, 7.9391902545467019E-004, 0.0000000000000000E+000, 1.5098662674427032E-001,-4.4274829328060150E-002, 0.0000000000000000E+000, 0.0000000000000000E+000, 0.0000000000000000E+000, 0.0000000000000000E+000, 0.0000000000000000E+000, 0.0000000000000000E+000,-3.3431051997467875E-004,-1.7825365648604929E-004, 3.0822755070403218E-004, 1.3075768379167130E-007, 0.0000000000000000E+000, 0.0000000000000000E+000, 0.0000000000000000E+000, 0.0000000000000000E+000, 3.0069866943359375E+002, 1.9789680480957031E+002, 3.1474145507812500E+002
fine_grid,12,1, 2.0000000000000000E+001, 1.0000000000000000E+005, 3.4999999403953552E-001, 3.1769404411315918E+000, 0.0000000000000000E+000, 0.0000000000000000E+000, 1.4000000059604645E-001, 9.9999997473787516E-005, 9.9999997473787516E-005, 0.0000000000000000E+000, 8.0000000000000000E+001, 1.1028854846954346E+000, 3.8849999904632568E+000,-5.2799999713897705E-001, 3.0064599609375000E+002, 2.9474234008789062E+002, 1.6697218641638756E-002, 9.3294242187500000E+004, 9.8036342859268188E-001, 3.0064599609375000E+002, 1.6423000022768974E-002, 0.0000000000000000E+000, 0.0000000000000000E+000, 0.0000000000000000E+000, 0.0000000000000000E+000, 0.0000000000000000E+000, 0.0000000000000000E+000, 2.4833116531372070E+000, 3.9495456218719482E+000, 4.7228600124071818E-006, 0.0000000000000000E+000, 0.0000000000000000E+000, 0.0000000000000000E+000, 0.0000000000000000E+000, 0.0000000000000000E+000, 0.0000000000000000E+000, 0.0000000000000000E+000, 0.0000000000000000E+000, 0.0000000000000000E+000, 4.8000395298004150E-002, 1.4442272186279297E+001, 7.9391902545467019E-004, 0.0000000000000000E+000, 1.5098662674427032E-001,-4.4274829328060150E-002, 0.0000000000000000E+000, 0.0000000000000000E+000, 0.0000000000000000E+000, 0.0000000000000000E+000, 0.0000000000000000E+000, 0.0000000000000000E+000, 5.1185693591833115E-002, 1.5399201393127441E+001, 8.4587128367275000E-004, 0.0000000000000000E+000, 1.6257497668266296E-001,-4.6376153826713562E-002, 0.0000000000000000E+000, 0.0000000000000000E+000, 0.0000000000000000E+000, 0.0000000000000000E+000, 0.0000000000000000E+000, 0.0000000000000000E+000,-1.0830878745764494E-003,-5.7763454969972372E-004, 7.8125001164153218E-004, 3.3304095836683700E-007, 0.0000000000000000E+000, 0.0000000000000000E+000, 0.0000000000000000E+000, 0.0000000000000000E+000, 3.0066162109375000E+002, 1.9245664978027344E+002, 3.0608978271484375E+002
fine_grid,13,1, 2.0000000000000000E+001, 1.0000000000000000E+005, 3.4999999403953552E-001, 3.1769404411315918E+000, 0.0000000000000000E+000, 0.0000000000000000E+000, 1.4000000059604645E-001, 9.9999997473787516E-005, 9.9999997473787516E-005, 0.0000000000000000E+000, 8.5000000000000000E+001, 1.0954463481903076E+000, 4.0087499618530273E+000,-4.6200001239776611E-001, 3.0059649658203125E+002, 2.9387771606445312E+002, 1.6671635210514069E-002, 9.2393125000000000E+004, 9.7764855623245239E-001, 3.0059649658203125E+002, 1.6398249194025993E-002, 0.0000000000000000E+000, 0.0000000000000000E+000, 0.0000000000000000E+000, 0.0000000000000000E+000, 0.0000000000000000E+000, 0.0000000000000000E+000, 1.5879502296447754E+000, 2.5255291461944580E+000, 5.0262642616871744E-006, 0.0000000000000000E+000, 0.0000000000000000E+000, 0.0000000000000000E+000, 0.0000000000000000E+000, 0.0000000000000000E+000, 0.0000000000000000E+000, 0.0000000000000000E+000, 0.0000000000000000E+000, 0.0000000000000000E+000, 5.1185693591833115E-002, 1.5399201393127441E+001, 8.4587128367275000E-004, 0.0000000000000000E+000, 1.6257497668266296E-001,-4.6376153826713562E-002, 0.0000000000000000E+000, 0.0000000000000000E+000, 0.0000000000000000E+000, 0.0000000000000000E+000, 0.0000000000000000E+000, 0.0000000000000000E+000, 7.4669974856078625E-003, 2.2463736534118652E+000, 1.2336202780716121E-004, 0.0000000000000000E+000, 2.3778919130563736E-002,-6.7321052774786949E-003, 0.0000000000000000E+000, 0.0000000000000000E+000, 0.0000000000000000E+000, 0.0000000000000000E+000, 0.0000000000000000E+000, 0.0000000000000000E+000,-2.2012828849256039E-003,-1.1740193003788590E-003, 1.5914917457848787E-003, 5.9846786371053895E-007, 0.0000000000000000E+000, 0.0000000000000000E+000, 0.0000000000000000E+000, 0.0000000000000000E+000, 3.0062832641601562E+002, 1.3100588989257812E+002, 2.0835615539550781E+002
fine_grid,14,1, 2.0000000000000000E+001, 1.0000000000000000E+005, 3.4999999403953552E-001, 3.1769404411315918E+000, 0.0000000000000000E+000, 0.0000000000000000E+000, 1.4000000059604645E-001, 9.9999997473787516E-005, 9.9999997473787516E-005, 0.0000000000000000E+000, 9.0000000000000000E+001, 1.0652598142623901E+000, 4.1399998664855957E+000,-3.9200001955032349E-001, 3.0684997558593750E+002, 2.9911038208007812E+002, 1.6291145235300064E-002, 9.1446890625000000E+004, 9.7477728128433228E-001, 3.0684997558593750E+002, 1.6029998660087585E-002, 0.0000000000000000E+000, 0.0000000000000000E+000, 0.0000000000000000E+000, 0.0000000000000000E+000, 0.0000000000000000E+000, 0.0000000000000000E+000, 1.7653224989771843E-002, 1.4300034672487527E-004, 3.8010643521602105E-008, 0.0000000000000000E+000, 0.0000000000000000E+000, 0.0000000000000000E+000, 0.0000000000000000E+000, 0.0000000000000000E+000, 0.0000000000000000E+000, 0.0000000000000000E+000, 0.0000000000000000E+000, 0.0000000000000000E+000, 7.4669974856078625E-003, 2.2463736534118652E+000, 1.2336202780716121E-004, 0.0000000000000000E+000, 2.3778919130563736E-002,-6.7321052774786949E-003, 0.0000000000000000E+000, 0.0000000000000000E+000, 0.0000000000000000E+000, 0.0000000000000000E+000, 0.0000000000000000E+000, 0.0000000000000000E+000, 0.0000000000000000E+000, 0.0000000000000000E+000, 0.0000000000000000E+000, 0.0000000000000000E+000, 0.0000000000000000E+000, 0.0000000000000000E+000, 0.0000000000000000E+000, 0.0000000000000000E+000, 0.0000000000000000E+000, 0.0000000000000000E+000, 0.0000000000000000E+000, 0.0000000000000000E+000,-1.0056495375465602E-004,-5.3633750212611631E-005,-4.6539306640625000E-004, 3.7625433435550804E-008, 0.0000000000000000E+000, 0.0000000000000000E+000, 0.0000000000000000E+000, 0.0000000000000000E+000, 3.0684066772460938E+002, 1.5446572303771973E+000, 1.2512530200183392E-002
fine_grid,15,1, 2.0000000000000000E+001, 1.0000000000000000E+005, 3.4999999403953552E-001, 3.1769404411315918E+000, 0.0000000000000000E+000, 0.0000000000000000E+000, 1.4000000059604645E-001, 9.9999997473787516E-005, 9.9999997473787516E-005, 0.0000000000000000E+000, 9.5000000000000000E+001, 1.0555795431137085E+000, 4.2787499427795410E+000,-3.1800001859664917E-001, 3.0726623535156250E+002, 2.9858633422851562E+002, 1.5718238428235054E-002, 9.0457132812500000E+004, 9.7175121307373047E-001, 3.0726623535156250E+002, 1.5474999323487282E-002, 0.0000000000000000E+000, 0.0000000000000000E+000, 0.0000000000000000E+000, 0.0000000000000000E+000, 0.0000000000000000E+000, 0.0000000000000000E+000, 9.1949192574247718E-004, 9.7395808552391827E-005, 4.4920844821660921E-009, 0.0000000000000000E+000, 0.0000000000000000E+000, 0.0000000000000000E+000, 0.0000000000000000E+000, 0.0000000000000000E+000, 0.0000000000000000E+000, 0.0000000000000000E+000, 0.0000000000000000E+000, 0.0000000000000000E+000, 0.0000000000000000E+000, 0.0000000000000000E+000, 0.0000000000000000E+000, 0.0000000000000000E+000, 0.0000000000000000E+000, 0.0000000000000000E+000, 0.0000000000000000E+000, 0.0000000000000000E+000, 0.0000000000000000E+000, 0.0000000000000000E+000, 0.0000000000000000E+000, 0.0000000000000000E+000, 0.0000000000000000E+000, 0.0000000000000000E+000, 0.0000000000000000E+000, 0.0000000000000000E+000, 0.0000000000000000E+000, 0.0000000000000000E+000, 0.0000000000000000E+000, 0.0000000000000000E+000, 0.0000000000000000E+000, 0.0000000000000000E+000, 0.0000000000000000E+000, 0.0000000000000000E+000,-2.1457671550706436E-007,-9.9837777156608354E-008, 0.0000000000000000E+000, 4.6566129424663316E-011, 0.0000000000000000E+000, 0.0000000000000000E+000, 0.0000000000000000E+000, 0.0000000000000000E+000, 3.0726623535156250E+002, 8.5053004324436188E-002, 9.0091126039624214E-003
fine_grid,16,1, 2.0000000000000000E+001, 1.0000000000000000E+005, 3.4999999403953552E-001, 3.1769404411315918E+000, 0.0000000000000000E+000, 0.0000000000000000E+000, 1.4000000059604645E-001, 9.9999997473787516E-005, 9.9999997473787516E-005, 0.0000000000000000E+000, 1.0000000000000000E+002, 1.0454734563827515E+000, 4.4250001907348633E+000,-2.4000000953674316E-001, 3.0770498657226562E+002, 2.9803433227539062E+002, 1.5115062706172466E-002, 8.9425460937500000E+004, 9.6857166290283203E-001, 3.0770498657226562E+002, 1.4889999292790890E-002, 0.0000000000000000E+000, 0.0000000000000000E+000, 0.0000000000000000E+000, 0.0000000000000000E+000, 0.0000000000000000E+000, 0.0000000000000000E+000, 7.7051966218277812E-004, 8.9095134171657264E-005, 5.4833093621198259E-009, 0.0000000000000000E+000, 0.0000000000000000E+000, 0.0000000000000000E+000, 0.0000000000000000E+000, 0.0000000000000000E+000, 0.0000000000000000E+000, 0.0000000000000000E+000, 0.0000000000000000E+000, 0.0000000000000000E+000, 0.0000000000000000E+000, 0.0000000000000000E+000, 0.0000000000000000E+000, 0.0000000000000000E+000, 0.0000000000000000E+000, 0.0000000000000000E+000, 0.0000000000000000E+000, 0.0000000000000000E+000, 0.0000000000000000E+000, 0.0000000000000000E+000, 0.0000000000000000E+000, 0.0000000000000000E+000, 0.0000000000000000E+000, 0.0000000000000000E+000, 0.0000000000000000E+000, 0.0000000000000000E+000, 0.0000000000000000E+000, 0.0000000000000000E+000, 0.0000000000000000E+000, 0.0000000000000000E+000, 0.0000000000000000E+000, 0.0000000000000000E+000, 0.0000000000000000E+000, 0.0000000000000000E+000,-3.3378600505784561E-007,-1.6912818523451278E-007,-1.5258789289873675E-006, 1.3969839174343690E-010, 0.0000000000000000E+000, 0.0000000000000000E+000, 0.0000000000000000E+000, 0.0000000000000000E+000, 3.0770495605468750E+002, 7.5125664472579956E-002, 8.6867753416299820E-003
fine_grid,17,1, 2.0000000000000000E+001, 1.0000000000000000E+005, 3.4999999403953552E-001, 3.1769404411315918E+000, 0.0000000000000000E+000, 0.0000000000000000E+000, 1.4000000059604645E-001, 9.9999997473787516E-005, 9.9999997473787516E-005, 0.0000000000000000E+000, 1.0500000000000000E+002, 1.0349557399749756E+000, 4.5787501335144043E+000,-1.5799999237060547E-001, 3.0816622924804688E+002, 2.9745446777343750E+002, 1.4481726102530956E-002, 8.8353578125000000E+004, 9.6524035930633545E-001, 3.0816622924804688E+002, 1.4274999499320984E-002, 0.0000000000000000E+000, 0.0000000000000000E+000, 0.0000000000000000E+000, 0.0000000000000000E+000, 0.0000000000000000E+000, 0.0000000000000000E+000, 5.3222867427393794E-004, 7.2381015343125910E-005, 7.7503159445768688E-009, 0.0000000000000000E+000, 0.0000000000000000E+000, 0.0000000000000000E+000, 0.0000000000000000E+000, 0.0000000000000000E+000, 0.0000000000000000E+000, 0.0000000000000000E+000, 0.0000000000000000E+000, 0.0000000000000000E+000, 0.0000000000000000E+000, 0.0000000000000000E+000, 0.0000000000000000E+000, 0.0000000000000000E+000, 0.0000000000000000E+000, 0.0000000000000000E+000, 0.0000000000000000E+000, 0.0000000000000000E+000, 0.0000000000000000E+000, 0.0000000000000000E+000, 0.0000000000000000E+000, 0.0000000000000000E+000, 0.0000000000000000E+000, 0.0000000000000000E+000, 0.0000000000000000E+000, 0.0000000000000000E+000, 0.0000000000000000E+000, 0.0000000000000000E+000, 0.0000000000000000E+000, 0.0000000000000000E+000, 0.0000000000000000E+000, 0.0000000000000000E+000, 0.0000000000000000E+000, 0.0000000000000000E+000,-2.6226044269606064E-007,-1.4752149013474991E-007, 0.0000000000000000E+000, 1.3969839174343690E-010, 0.0000000000000000E+000, 0.0000000000000000E+000, 0.0000000000000000E+000, 0.0000000000000000E+000, 3.0816622924804688E+002, 5.4553437978029251E-002, 7.4190539307892323E-003
fine_grid,18,1, 2.0000000000000000E+001, 1.0000000000000000E+005, 3.4999999403953552E-001, 3.1769404411315918E+000, 0.0000000000000000E+000, 0.0000000000000000E+000, 1.4000000059604645E-001, 9.9999997473787516E-005, 9.9999997473787516E-005, 0.0000000000000000E+000, 1.1000000000000000E+002, 1.0240409374237061E+000, 4.7399997711181641E+000,-7.2000026702880859E-002, 3.0864999389648438E+002, 2.9684683227539062E+002, 1.3818342238664627E-002, 8.7243203125000000E+004, 9.6175879240036011E-001, 3.0864999389648438E+002, 1.3629999011754990E-002, 0.0000000000000000E+000, 0.0000000000000000E+000, 0.0000000000000000E+000, 0.0000000000000000E+000, 0.0000000000000000E+000, 0.0000000000000000E+000, 3.3163008629344404E-004, 5.0678310799412429E-005, 1.0831429086977096E-008, 0.0000000000000000E+000, 0.0000000000000000E+000, 0.0000000000000000E+000, 0.0000000000000000E+000, 0.0000000000000000E+000, 0.0000000000000000E+000, 0.0000000000000000E+000, 0.0000000000000000E+000, 0.0000000000000000E+000, 0.0000000000000000E+000, 0.0000000000000000E+000, 0.0000000000000000E+000, 0.0000000000000000E+000, 0.0000000000000000E+000, 0.0000000000000000E+000, 0.0000000000000000E+000, 0.0000000000000000E+000, 0.0000000000000000E+000, 0.0000000000000000E+000, 0.0000000000000000E+000, 0.0000000000000000E+000, 0.0000000000000000E+000, 0.0000000000000000E+000, 0.0000000000000000E+000, 0.0000000000000000E+000, 0.0000000000000000E+000, 0.0000000000000000E+000, 0.0000000000000000E+000, 0.0000000000000000E+000, 0.0000000000000000E+000, 0.0000000000000000E+000, 0.0000000000000000E+000, 0.0000000000000000E+000,-1.1920928955078125E-007,-6.2957404622920876E-008, 1.5258789289873675E-006, 9.3132258849326632E-011, 0.0000000000000000E+000, 0.0000000000000000E+000, 0.0000000000000000E+000, 0.0000000000000000E+000, 3.0865002441406250E+002, 3.5650234669446945E-002, 5.4479185491800308E-003
fine_grid,19,1, 2.0000000000000000E+001, 1.0000000000000000E+005, 3.4999999403953552E-001, 3.1769404411315918E+000, 0.0000000000000000E+000, 0.0000000000000000E+000, 1.4000000059604645E-001, 9.9999997473787516E-005, 9.9999997473787516E-005, 0.0000000000000000E+000, 1.1500000000000000E+002, 1.0127441883087158E+000, 4.9087500572204590E+000, 1.8000006675720215E-002, 3.0915625000000000E+002, 2.9621148681640625E+002, 1.3125034980475903E-002, 8.6096117187500000E+004, 9.5812875032424927E-001, 3.0915625000000000E+002, 1.2954999692738056E-002, 0.0000000000000000E+000, 0.0000000000000000E+000, 0.0000000000000000E+000, 0.0000000000000000E+000, 0.0000000000000000E+000, 0.0000000000000000E+000, 2.4351359752472490E-004, 3.8681369915138930E-005, 1.2802265914046984E-008, 0.0000000000000000E+000, 0.0000000000000000E+000, 0.0000000000000000E+000, 0.0000000000000000E+000, 0.0000000000000000E+000, 0.0000000000000000E+000, 0.0000000000000000E+000, 0.0000000000000000E+000, 0.0000000000000000E+000, 0.0000000000000000E+000, 0.0000000000000000E+000, 0.0000000000000000E+000, 0.0000000000000000E+000, 0.0000000000000000E+000, 0.0000000000000000E+000, 0.0000000000000000E+000, 0.0000000000000000E+000, 0.0000000000000000E+000, 0.0000000000000000E+000, 0.0000000000000000E+000, 0.0000000000000000E+000, 0.0000000000000000E+000, 0.0000000000000000E+000, 0.0000000000000000E+000, 0.0000000000000000E+000, 0.0000000000000000E+000, 0.0000000000000000E+000, 0.0000000000000000E+000, 0.0000000000000000E+000, 0.0000000000000000E+000, 0.0000000000000000E+000, 0.0000000000000000E+000, 0.0000000000000000E+000,-4.7683716530855236E-008,-1.8067657592268915E-008, 0.0000000000000000E+000, 4.6566129424663316E-011, 0.0000000000000000E+000, 0.0000000000000000E+000, 0.0000000000000000E+000, 0.0000000000000000E+000, 3.0915625000000000E+002, 2.7395280078053474E-002, 4.3516540899872780E-003
fine_grid,20,1, 2.0000000000000000E+001, 1.0000000000000000E+005, 3.4999999403953552E-001, 3.1769404411315918E+000, 0.0000000000000000E+000, 0.0000000000000000E+000, 1.4000000059604645E-001, 9.9999997473787516E-005, 9.9999997473787516E-005, 0.0000000000000000E+000, 1.2000000000000000E+002, 1.0010815858840942E+000, 5.0850000381469727E+000, 1.1199998855590820E-001, 3.0968499755859375E+002, 2.9554849243164062E+002, 1.2401922605931759E-002, 8.4914156250000000E+004, 9.5435202121734619E-001, 3.0968499755859375E+002, 1.2249998748302460E-002, 0.0000000000000000E+000, 0.0000000000000000E+000, 0.0000000000000000E+000, 0.0000000000000000E+000, 0.0000000000000000E+000, 0.0000000000000000E+000, 2.1349971939343959E-004, 3.4256005164934322E-005, 1.3445317748050911E-008, 0.0000000000000000E+000, 0.0000000000000000E+000, 0.0000000000000000E+000, 0.0000000000000000E+000, 0.0000000000000000E+000, 0.0000000000000000E+000, 0.0000000000000000E+000, 0.0000000000000000E+000, 0.0000000000000000E+000, 0.0000000000000000E+000, 0.0000000000000000E+000, 0.0000000000000000E+000, 0.0000000000000000E+000, 0.0000000000000000E+000, 0.0000000000000000E+000, 0.0000000000000000E+000, 0.0000000000000000E+000, 0.0000000000000000E+000, 0.0000000000000000E+000, 0.0000000000000000E+000, 0.0000000000000000E+000, 0.0000000000000000E+000, 0.0000000000000000E+000, 0.0000000000000000E+000, 0.0000000000000000E+000, 0.0000000000000000E+000, 0.0000000000000000E+000, 0.0000000000000000E+000, 0.0000000000000000E+000, 0.0000000000000000E+000, 0.0000000000000000E+000, 0.0000000000000000E+000, 0.0000000000000000E+000,-2.3841858265427618E-008,-5.9604645663569045E-009,-1.5258789289873675E-006, 0.0000000000000000E+000, 0.0000000000000000E+000, 0.0000000000000000E+000, 0.0000000000000000E+000, 0.0000000000000000E+000, 3.0968496704101562E+002, 2.5086216628551483E-002, 4.0250807069242001E-003
fine_grid,21,1, 2.0000000000000000E+001, 1.0000000000000000E+005, 3.4999999403953552E-001, 3.1769404411315918E+000, 0.0000000000000000E+000, 0.0000000000000000E+000, 1.4000000059604645E-001, 9.9999997473787516E-005, 9.9999997473787516E-005, 0.0000000000000000E+000, 1.2500000000000000E+002, 9.8906856775283813E-001, 5.2687501907348633E+000, 2.0999991893768311E-001, 3.1023623657226562E+002, 2.9485794067382812E+002, 1.1649139225482941E-002, 8.3699164062500000E+004, 9.5043039321899414E-001, 3.1023623657226562E+002, 1.1514998972415924E-002, 0.0000000000000000E+000, 0.0000000000000000E+000, 0.0000000000000000E+000, 0.0000000000000000E+000, 0.0000000000000000E+000, 0.0000000000000000E+000, 2.0045264682266861E-004, 3.2262669265037403E-005, 1.3581399116446846E-008, 0.0000000000000000E+000, 0.0000000000000000E+000, 0.0000000000000000E+000, 0.0000000000000000E+000, 0.0000000000000000E+000, 0.0000000000000000E+000, 0.0000000000000000E+000, 0.0000000000000000E+000, 0.0000000000000000E+000, 0.0000000000000000E+000, 0.0000000000000000E+000, 0.0000000000000000E+000, 0.0000000000000000E+000, 0.0000000000000000E+000, 0.0000000000000000E+000, 0.0000000000000000E+000, 0.0000000000000000E+000, 0.0000000000000000E+000, 0.0000000000000000E+000, 0.0000000000000000E+000, 0.0000000000000000E+000, 0.0000000000000000E+000, 0.0000000000000000E+000, 0.0000000000000000E+000, 0.0000000000000000E+000, 0.0000000000000000E+000, 0.0000000000000000E+000, 0.0000000000000000E+000, 0.0000000000000000E+000, 0.0000000000000000E+000, 0.0000000000000000E+000, 0.0000000000000000E+000, 0.0000000000000000E+000, 0.0000000000000000E+000,-2.2351742678949904E-009, 0.0000000000000000E+000, 0.0000000000000000E+000, 0.0000000000000000E+000, 0.0000000000000000E+000, 0.0000000000000000E+000, 0.0000000000000000E+000, 3.1023623657226562E+002, 2.4555448442697525E-002, 3.9521767757833004E-003
fine_grid,22,1, 2.0000000000000000E+001, 1.0000000000000000E+005, 3.4999999403953552E-001, 3.1769404411315918E+000, 0.0000000000000000E+000, 0.0000000000000000E+000, 1.4000000059604645E-001, 9.9999997473787516E-005, 9.9999997473787516E-005, 0.0000000000000000E+000, 1.3000000000000000E+002, 9.7672164440155029E-001, 5.4600000381469727E+000, 3.1199991703033447E-001, 3.1080999755859375E+002, 2.9413995361328125E+002, 1.0866818018257618E-002, 8.2453046875000000E+004, 9.4636583328247070E-001, 3.1080999755859375E+002, 1.0749999433755875E-002, 0.0000000000000000E+000, 0.0000000000000000E+000, 0.0000000000000000E+000, 0.0000000000000000E+000, 0.0000000000000000E+000, 0.0000000000000000E+000, 1.9173067994415760E-004, 3.0906085157766938E-005, 1.3589841252326096E-008, 0.0000000000000000E+000, 0.0000000000000000E+000, 0.0000000000000000E+000, 0.0000000000000000E+000, 0.0000000000000000E+000, 0.0000000000000000E+000, 0.0000000000000000E+000, 0.0000000000000000E+000, 0.0000000000000000E+000, 0.0000000000000000E+000, 0.0000000000000000E+000, 0.0000000000000000E+000, 0.0000000000000000E+000, 0.0000000000000000E+000, 0.0000000000000000E+000, 0.0000000000000000E+000, 0.0000000000000000E+000, 0.0000000000000000E+000, 0.0000000000000000E+000, 0.0000000000000000E+000, 0.0000000000000000E+000, 0.0000000000000000E+000, 0.0000000000000000E+000, 0.0000000000000000E+000, 0.0000000000000000E+000, 0.0000000000000000E+000, 0.0000000000000000E+000, 0.0000000000000000E+000, 0.0000000000000000E+000, 0.0000000000000000E+000, 0.0000000000000000E+000, 0.0000000000000000E+000, 0.0000000000000000E+000, 0.0000000000000000E+000,-1.4901161415892261E-009, 0.0000000000000000E+000, 4.6566129424663316E-011, 0.0000000000000000E+000, 0.0000000000000000E+000, 0.0000000000000000E+000, 0.0000000000000000E+000, 3.1080999755859375E+002, 2.4445662274956703E-002, 3.9405259303748608E-003
fine_grid,23,1, 2.0000000000000000E+001, 1.0000000000000000E+005, 3.4999999403953552E-001, 3.1769404411315918E+000, 0.0000000000000000E+000, 0.0000000000000000E+000, 1.4000000059604645E-001, 9.9999997473787516E-005, 9.9999997473787516E-005, 0.0000000000000000E+000, 1.3500000000000000E+002, 9.6405714750289917E-001, 5.6587500572204590E+000, 4.1799998283386230E-001, 3.1140625000000000E+002, 2.9339462280273438E+002, 1.0055097751319408E-002, 8.1177718750000000E+004, 9.4216030836105347E-001, 3.1140625000000000E+002, 9.9549992009997368E-003, 0.0000000000000000E+000, 0.0000000000000000E+000, 0.0000000000000000E+000, 0.0000000000000000E+000, 0.0000000000000000E+000, 0.0000000000000000E+000, 1.8433500372339040E-004, 2.9753482522210106E-005, 1.3570320867017927E-008, 0.0000000000000000E+000, 0.0000000000000000E+000, 0.0000000000000000E+000, 0.0000000000000000E+000, 0.0000000000000000E+000, 0.0000000000000000E+000, 0.0000000000000000E+000, 0.0000000000000000E+000, 0.0000000000000000E+000, 0.0000000000000000E+000, 0.0000000000000000E+000, 0.0000000000000000E+000, 0.0000000000000000E+000, 0.0000000000000000E+000, 0.0000000000000000E+000, 0.0000000000000000E+000, 0.0000000000000000E+000, 0.0000000000000000E+000, 0.0000000000000000E+000, 0.0000000000000000E+000, 0.0000000000000000E+000, 0.0000000000000000E+000, 0.0000000000000000E+000, 0.0000000000000000E+000, 0.0000000000000000E+000, 0.0000000000000000E+000, 0.0000000000000000E+000, 0.0000000000000000E+000, 0.0000000000000000E+000, 0.0000000000000000E+000, 0.0000000000000000E+000, 0.0000000000000000E+000, 0.0000000000000000E+000,-2.3841858265427618E-008,-1.4901161415892261E-009,-1.5258789289873675E-006,-4.6566129424663316E-011, 0.0000000000000000E+000, 0.0000000000000000E+000, 0.0000000000000000E+000, 0.0000000000000000E+000, 3.1140621948242188E+002, 2.4424387142062187E-002, 3.9423364214599133E-003
fine_grid,24,1, 2.0000000000000000E+001, 1.0000000000000000E+005, 3.4999999403953552E-001, 3.1769404411315918E+000, 0.0000000000000000E+000, 0.0000000000000000E+000, 1.4000000059604645E-001, 9.9999997473787516E-005, 9.9999997473787516E-005, 0.0000000000000000E+000, 1.4000000000000000E+002, 9.5109224319458008E-001, 5.8649997711181641E+000, 5.2799999713897705E-001, 3.1202499389648438E+002, 2.9262197875976562E+002, 9.2141237109899521E-003, 7.9875109375000000E+004, 9.3781584501266479E-001, 3.1202499389648438E+002, 9.1299992054700851E-003, 0.0000000000000000E+000, 0.0000000000000000E+000, 0.0000000000000000E+000, 0.0000000000000000E+000, 0.0000000000000000E+000, 0.0000000000000000E+000, 1.7760330229066312E-004, 2.8704520445899107E-005, 1.3544191546088769E-008, 0.0000000000000000E+000, 0.0000000000000000E+000, 0.0000000000000000E+000, 0.0000000000000000E+000, 0.0000000000000000E+000, 0.0000000000000000E+000, 0.0000000000000000E+000, 0.0000000000000000E+000, 0.0000000000000000E+000, 0.0000000000000000E+000, 0.0000000000000000E+000, 0.0000000000000000E+000, 0.0000000000000000E+000, 0.0000000000000000E+000, 0.0000000000000000E+000, 0.0000000000000000E+000, 0.0000000000000000E+000, 0.0000000000000000E+000, 0.0000000000000000E+000, 0.0000000000000000E+000, 0.0000000000000000E+000, 0.0000000000000000E+000, 0.0000000000000000E+000, 0.0000000000000000E+000, 0.0000000000000000E+000, 0.0000000000000000E+000, 0.0000000000000000E+000, 0.0000000000000000E+000, 0.0000000000000000E+000, 0.0000000000000000E+000, 0.0000000000000000E+000, 0.0000000000000000E+000, 0.0000000000000000E+000, 0.0000000000000000E+000, 0.0000000000000000E+000,-1.5258789289873675E-006, 0.0000000000000000E+000, 0.0000000000000000E+000, 0.0000000000000000E+000, 0.0000000000000000E+000, 0.0000000000000000E+000, 3.1202496337890625E+002, 2.4420453235507011E-002, 3.9468714967370033E-003
fine_grid,25,1, 2.0000000000000000E+001, 1.0000000000000000E+005, 3.4999999403953552E-001, 3.1769404411315918E+000, 0.0000000000000000E+000, 0.0000000000000000E+000, 1.4000000059604645E-001, 9.9999997473787516E-005, 9.9999997473787516E-005, 0.0000000000000000E+000, 1.4500000000000000E+002, 9.3784379959106445E-001, 6.0787501335144043E+000, 6.4199995994567871E-001, 3.1266622924804688E+002, 2.9182217407226562E+002, 8.3440458402037621E-003, 7.8547195312500000E+004, 9.3333452939987183E-001, 3.1266622924804688E+002, 8.2749994471669197E-003, 0.0000000000000000E+000, 0.0000000000000000E+000, 0.0000000000000000E+000, 0.0000000000000000E+000, 0.0000000000000000E+000, 0.0000000000000000E+000, 1.7136834503617138E-004, 2.7734296963899396E-005, 1.3515659702534322E-008, 0.0000000000000000E+000, 0.0000000000000000E+000, 0.0000000000000000E+000, 0.0000000000000000E+000, 0.0000000000000000E+000, 0.0000000000000000E+000, 0.0000000000000000E+000, 0.0000000000000000E+000, 0.0000000000000000E+000, 0.0000000000000000E+000, 0.0000000000000000E+000, 0.0000000000000000E+000, 0.0000000000000000E+000, 0.0000000000000000E+000, 0.0000000000000000E+000, 0.0000000000000000E+000, 0.0000000000000000E+000, 0.0000000000000000E+000, 0.0000000000000000E+000, 0.0000000000000000E+000, 0.0000000000000000E+000, 0.0000000000000000E+000, 0.0000000000000000E+000, 0.0000000000000000E+000, 0.0000000000000000E+000, 0.0000000000000000E+000, 0.0000000000000000E+000, 0.0000000000000000E+000, 0.0000000000000000E+000, 0.0000000000000000E+000, 0.0000000000000000E+000, 0.0000000000000000E+000, 0.0000000000000000E+000, 0.0000000000000000E+000,-2.9802322831784522E-009, 0.0000000000000000E+000, 0.0000000000000000E+000, 0.0000000000000000E+000, 0.0000000000000000E+000, 0.0000000000000000E+000, 0.0000000000000000E+000, 3.1266622924804688E+002, 2.4419989436864853E-002, 3.9521371945738792E-003
fine_grid,26,1, 2.0000000000000000E+001, 1.0000000000000000E+005, 3.4999999403953552E-001, 3.1769404411315918E+000, 0.0000000000000000E+000, 0.0000000000000000E+000, 1.4000000059604645E-001, 9.9999997473787516E-005, 9.9999997473787516E-005, 0.0000000000000000E+000, 1.5000000000000000E+002, 9.2432856559753418E-001, 6.3000001907348633E+000, 7.5999999046325684E-001, 3.1332998657226562E+002, 2.9099536132812500E+002, 7.4450178071856499E-003, 7.7195921875000000E+004, 9.2871850728988647E-001, 3.1332998657226562E+002, 7.3899989947676659E-003, 0.0000000000000000E+000, 0.0000000000000000E+000, 0.0000000000000000E+000, 0.0000000000000000E+000, 0.0000000000000000E+000, 0.0000000000000000E+000, 1.6555961337871850E-004, 2.6829957278096117E-005, 1.3485594863027472E-008, 0.0000000000000000E+000, 0.0000000000000000E+000, 0.0000000000000000E+000, 0.0000000000000000E+000, 0.0000000000000000E+000, 0.0000000000000000E+000, 0.0000000000000000E+000, 0.0000000000000000E+000, 0.0000000000000000E+000, 0.0000000000000000E+000, 0.0000000000000000E+000, 0.0000000000000000E+000, 0.0000000000000000E+000, 0.0000000000000000E+000, 0.0000000000000000E+000, 0.0000000000000000E+000, 0.0000000000000000E+000, 0.0000000000000000E+000, 0.0000000000000000E+000, 0.0000000000000000E+000, 0.0000000000000000E+000, 0.0000000000000000E+000, 0.0000000000000000E+000, 0.0000000000000000E+000, 0.0000000000000000E+000, 0.0000000000000000E+000, 0.0000000000000000E+000, 0.0000000000000000E+000, 0.0000000000000000E+000, 0.0000000000000000E+000, 0.0000000000000000E+000, 0.0000000000000000E+000, 0.0000000000000000E+000, 0.0000000000000000E+000, 2.9802322831784522E-009, 0.0000000000000000E+000, 0.0000000000000000E+000, 0.0000000000000000E+000, 0.0000000000000000E+000, 0.0000000000000000E+000, 0.0000000000000000E+000, 3.1332998657226562E+002, 2.4420043453574181E-002, 3.9574187248945236E-003
fine_grid,27,1, 2.0000000000000000E+001, 1.0000000000000000E+005, 3.4999999403953552E-001, 3.1769404411315918E+000, 0.0000000000000000E+000, 0.0000000000000000E+000, 1.4000000059604645E-001, 9.9999997473787516E-005, 9.9999997473787516E-005, 0.0000000000000000E+000, 1.5500000000000000E+002, 9.1056448221206665E-001, 6.5287499427795410E+000, 8.8199996948242188E-001, 3.1401623535156250E+002, 2.9014160156250000E+002, 6.5171974711120129E-003, 7.5823289062500000E+004, 9.2397004365921021E-001, 3.1401623535156250E+002, 6.4749987795948982E-003, 0.0000000000000000E+000, 0.0000000000000000E+000, 0.0000000000000000E+000, 0.0000000000000000E+000, 0.0000000000000000E+000, 0.0000000000000000E+000, 1.6013054118957371E-004, 2.5987625122070312E-005, 1.3454072522733895E-008, 0.0000000000000000E+000, 0.0000000000000000E+000, 0.0000000000000000E+000, 0.0000000000000000E+000, 0.0000000000000000E+000, 0.0000000000000000E+000, 0.0000000000000000E+000, 0.0000000000000000E+000, 0.0000000000000000E+000, 0.0000000000000000E+000, 0.0000000000000000E+000, 0.0000000000000000E+000, 0.0000000000000000E+000, 0.0000000000000000E+000, 0.0000000000000000E+000, 0.0000000000000000E+000, 0.0000000000000000E+000, 0.0000000000000000E+000, 0.0000000000000000E+000, 0.0000000000000000E+000, 0.0000000000000000E+000, 0.0000000000000000E+000, 0.0000000000000000E+000, 0.0000000000000000E+000, 0.0000000000000000E+000, 0.0000000000000000E+000, 0.0000000000000000E+000, 0.0000000000000000E+000, 0.0000000000000000E+000, 0.0000000000000000E+000, 0.0000000000000000E+000, 0.0000000000000000E+000, 0.0000000000000000E+000, 0.0000000000000000E+000,-2.9802322831784522E-009, 1.5258789289873675E-006, 2.3283064712331658E-011, 0.0000000000000000E+000, 0.0000000000000000E+000, 0.0000000000000000E+000, 0.0000000000000000E+000, 3.1401626586914062E+002, 2.4419907480478287E-002, 3.9631128311157227E-003
fine_grid,28,1, 2.0000000000000000E+001, 1.0000000000000000E+005, 3.4999999403953552E-001, 3.1769404411315918E+000, 0.0000000000000000E+000, 0.0000000000000000E+000, 1.4000000059604645E-001, 9.9999997473787516E-005, 9.9999997473787516E-005, 0.0000000000000000E+000, 1.6000000000000000E+002, 8.9656883478164673E-001, 6.7650003433227539E+000, 1.0079998970031738E+000, 3.1472497558593750E+002, 2.8926098632812500E+002, 5.5607496760785580E-003, 7.4431265625000000E+004, 9.1909134387969971E-001, 3.1472497558593750E+002, 5.5299988016486168E-003, 0.0000000000000000E+000, 0.0000000000000000E+000, 0.0000000000000000E+000, 0.0000000000000000E+000, 0.0000000000000000E+000, 0.0000000000000000E+000, 1.5504627663176507E-004, 2.5200235540978611E-005, 1.3420984323886387E-008, 0.0000000000000000E+000, 0.0000000000000000E+000, 0.0000000000000000E+000, 0.0000000000000000E+000, 0.0000000000000000E+000, 0.0000000000000000E+000, 0.0000000000000000E+000, 0.0000000000000000E+000, 0.0000000000000000E+000, 0.0000000000000000E+000, 0.0000000000000000E+000, 0.0000000000000000E+000, 0.0000000000000000E+000, 0.0000000000000000E+000, 0.0000000000000000E+000, 0.0000000000000000E+000, 0.0000000000000000E+000, 0.0000000000000000E+000, 0.0000000000000000E+000, 0.0000000000000000E+000, 0.0000000000000000E+000, 0.0000000000000000E+000, 0.0000000000000000E+000, 0.0000000000000000E+000, 0.0000000000000000E+000, 0.0000000000000000E+000, 0.0000000000000000E+000, 0.0000000000000000E+000, 0.0000000000000000E+000, 0.0000000000000000E+000, 0.0000000000000000E+000, 0.0000000000000000E+000, 0.0000000000000000E+000, 0.0000000000000000E+000, 0.0000000000000000E+000, 0.0000000000000000E+000, 0.0000000000000000E+000, 0.0000000000000000E+000, 0.0000000000000000E+000, 0.0000000000000000E+000, 0.0000000000000000E+000, 3.1472497558593750E+002, 2.4419788271188736E-002, 3.9690369740128517E-003
fine_grid,29,1, 2.0000000000000000E+001, 1.0000000000000000E+005, 3.4999999403953552E-001, 3.1769404411315918E+000, 0.0000000000000000E+000, 0.0000000000000000E+000, 1.4000000059604645E-001, 9.9999997473787516E-005, 9.9999997473787516E-005, 0.0000000000000000E+000, 1.6500000000000000E+002, 8.8235872983932495E-001, 7.0087499618530273E+000, 1.1380000114440918E+000, 3.1545623779296875E+002, 2.8835375976562500E+002, 4.5758420601487160E-003, 7.3021828125000000E+004, 9.1408479213714600E-001, 3.1545623779296875E+002, 4.5549990609288216E-003, 0.0000000000000000E+000, 0.0000000000000000E+000, 0.0000000000000000E+000, 0.0000000000000000E+000, 0.0000000000000000E+000, 0.0000000000000000E+000, 1.5027496556285769E-004, 2.4461014618282206E-005, 1.3386326713771268E-008, 0.0000000000000000E+000, 0.0000000000000000E+000, 0.0000000000000000E+000, 0.0000000000000000E+000, 0.0000000000000000E+000, 0.0000000000000000E+000, 0.0000000000000000E+000, 0.0000000000000000E+000, 0.0000000000000000E+000, 0.0000000000000000E+000, 0.0000000000000000E+000, 0.0000000000000000E+000, 0.0000000000000000E+000, 0.0000000000000000E+000, 0.0000000000000000E+000, 0.0000000000000000E+000, 0.0000000000000000E+000, 0.0000000000000000E+000, 0.0000000000000000E+000, 0.0000000000000000E+000, 0.0000000000000000E+000, 0.0000000000000000E+000, 0.0000000000000000E+000, 0.0000000000000000E+000, 0.0000000000000000E+000, 0.0000000000000000E+000, 0.0000000000000000E+000, 0.0000000000000000E+000, 0.0000000000000000E+000, 0.0000000000000000E+000, 0.0000000000000000E+000, 0.0000000000000000E+000, 0.0000000000000000E+000, 2.3841858265427618E-008,-5.9604645663569045E-009, 1.5258789289873675E-006, 0.0000000000000000E+000, 0.0000000000000000E+000, 0.0000000000000000E+000, 0.0000000000000000E+000, 0.0000000000000000E+000, 3.1545626831054688E+002, 2.4419682100415230E-002, 3.9749150164425373E-003
fine_grid,30,1, 2.0000000000000000E+001, 1.0000000000000000E+005, 3.4999999403953552E-001, 3.1769404411315918E+000, 0.0000000000000000E+000, 0.0000000000000000E+000, 1.4000000059604645E-001, 9.9999997473787516E-005, 9.9999997473787516E-005, 0.0000000000000000E+000, 1.7000000000000000E+002, 8.6795216798782349E-001, 7.2600002288818359E+000, 1.2719998359680176E+000, 3.1620999145507812E+002, 2.8741992187500000E+002, 3.5626459866762161E-003, 7.1596953125000000E+004, 9.0895271301269531E-001, 3.1620999145507812E+002, 3.5499986261129379E-003, 0.0000000000000000E+000, 0.0000000000000000E+000, 0.0000000000000000E+000, 0.0000000000000000E+000, 0.0000000000000000E+000, 0.0000000000000000E+000, 1.4578914851881564E-004, 2.3750015316181816E-005, 0.0000000000000000E+000, 0.0000000000000000E+000, 0.0000000000000000E+000, 0.0000000000000000E+000, 0.0000000000000000E+000, 0.0000000000000000E+000, 0.0000000000000000E+000, 0.0000000000000000E+000, 0.0000000000000000E+000, 0.0000000000000000E+000, 0.0000000000000000E+000, 0.0000000000000000E+000, 0.0000000000000000E+000, 0.0000000000000000E+000, 0.0000000000000000E+000, 0.0000000000000000E+000, 0.0000000000000000E+000, 0.0000000000000000E+000, 0.0000000000000000E+000, 0.0000000000000000E+000, 0.0000000000000000E+000, 0.0000000000000000E+000, 0.0000000000000000E+000, 0.0000000000000000E+000, 0.0000000000000000E+000, 0.0000000000000000E+000, 0.0000000000000000E+000, 0.0000000000000000E+000, 0.0000000000000000E+000, 0.0000000000000000E+000, 0.0000000000000000E+000, 0.0000000000000000E+000, 0.0000000000000000E+000, 0.0000000000000000E+000, 0.0000000000000000E+000, 0.0000000000000000E+000, 0.0000000000000000E+000, 0.0000000000000000E+000, 0.0000000000000000E+000, 0.0000000000000000E+000, 0.0000000000000000E+000, 0.0000000000000000E+000, 3.1620999145507812E+002, 2.4419682100415230E-002, 3.9781276136636734E-003
momentum_off,1,0, 2.0000000000000000E+001, 1.0000000000000000E+005, 3.4999999403953552E-001, 3.1916775703430176E+000, 0.0000000000000000E+000, 0.0000000000000000E+000, 1.4000000059604645E-001, 9.9999997473787516E-005, 9.9999997473787516E-005, 0.0000000000000000E+000, 5.0000000000000000E+001, 1.1552098989486694E+000, 3.0374999046325684E+000,-9.8000001907348633E-001, 3.0098498535156250E+002, 3.0073214721679688E+002, 1.7079303041100502E-002, 9.9706312500000000E+004, 9.9915999174118042E-001, 3.0098498535156250E+002, 1.6792498528957367E-002, 0.0000000000000000E+000, 0.0000000000000000E+000, 0.0000000000000000E+000, 0.0000000000000000E+000, 0.0000000000000000E+000, 0.0000000000000000E+000, 0.0000000000000000E+000, 0.0000000000000000E+000, 1.6604111806373112E-005, 0.0000000000000000E+000, 0.0000000000000000E+000, 0.0000000000000000E+000, 0.0000000000000000E+000, 0.0000000000000000E+000, 0.0000000000000000E+000, 0.0000000000000000E+000, 0.0000000000000000E+000, 0.0000000000000000E+000, 0.0000000000000000E+000, 0.0000000000000000E+000, 0.0000000000000000E+000, 0.0000000000000000E+000, 0.0000000000000000E+000, 0.0000000000000000E+000, 0.0000000000000000E+000, 0.0000000000000000E+000, 0.0000000000000000E+000, 0.0000000000000000E+000, 0.0000000000000000E+000, 0.0000000000000000E+000, 2.5148302316665649E-002, 7.5690522193908691E+000, 4.2223418131470680E-004, 0.0000000000000000E+000, 0.0000000000000000E+000, 0.0000000000000000E+000, 0.0000000000000000E+000, 0.0000000000000000E+000, 0.0000000000000000E+000, 0.0000000000000000E+000, 0.0000000000000000E+000, 0.0000000000000000E+000,-4.9968960229307413E-004, 1.3379901647567749E-003, 1.5014648670330644E-003, 1.2218721394674503E-006, 0.0000000000000000E+000, 0.0000000000000000E+000, 0.0000000000000000E+000, 0.0000000000000000E+000, 3.0101501464843750E+002, 0.0000000000000000E+000, 0.0000000000000000E+000
momentum_off,2,0, 2.0000000000000000E+001, 1.0000000000000000E+005, 3.4999999403953552E-001, 3.1916775703430176E+000, 0.0000000000000000E+000, 0.0000000000000000E+000, 1.4000000059604645E-001, 9.9999997473787516E-005, 9.9999997473787516E-005, 0.0000000000000000E+000, 6.5000000000000000E+001, 1.1497731208801270E+000, 3.1237499713897705E+000,-9.3400001525878906E-001, 3.0095050048828125E+002, 3.0011709594726562E+002, 1.7061458900570869E-002, 9.9034109375000000E+004, 9.9723070859909058E-001, 3.0095050048828125E+002, 1.6775248572230339E-002, 0.0000000000000000E+000, 0.0000000000000000E+000, 0.0000000000000000E+000, 0.0000000000000000E+000, 0.0000000000000000E+000, 0.0000000000000000E+000, 6.6123658418655396E-001, 7.3893976211547852E-001, 1.0386434041720349E-005, 0.0000000000000000E+000, 0.0000000000000000E+000, 0.0000000000000000E+000, 0.0000000000000000E+000, 0.0000000000000000E+000, 0.0000000000000000E+000, 0.0000000000000000E+000, 0.0000000000000000E+000, 0.0000000000000000E+000, 2.5148302316665649E-002, 7.5690522193908691E+000, 4.2223418131470680E-004, 0.0000000000000000E+000, 0.0000000000000000E+000, 0.0000000000000000E+000, 0.0000000000000000E+000, 0.0000000000000000E+000, 0.0000000000000000E+000, 0.0000000000000000E+000, 0.0000000000000000E+000, 0.0000000000000000E+000, 2.5219200178980827E-002, 7.5902986526489258E+000, 4.2337345075793564E-004, 0.0000000000000000E+000, 0.0000000000000000E+000, 0.0000000000000000E+000, 0.0000000000000000E+000, 0.0000000000000000E+000, 0.0000000000000000E+000, 0.0000000000000000E+000, 0.0000000000000000E+000, 0.0000000000000000E+000, 2.1247982513159513E-003, 1.3267695903778076E-003,-1.2466430198401213E-003,-5.7394527175347321E-007, 0.0000000000000000E+000, 0.0000000000000000E+000, 0.0000000000000000E+000, 0.0000000000000000E+000, 3.0092556762695312E+002, 3.8021102905273438E+001, 4.2489036560058594E+001
momentum_off,3,0, 2.0000000000000000E+001, 1.0000000000000000E+005, 3.4999999403953552E-001, 3.1916775703430176E+000, 0.0000000000000000E+000, 0.0000000000000000E+000, 1.4000000059604645E-001, 9.9999997473787516E-005, 9.9999997473787516E-005, 0.0000000000000000E+000, 8.0000000000000000E+001, 1.1429547071456909E+000, 3.2325000762939453E+000,-8.7599998712539673E-001, 3.0090701293945312E+002, 2.9934332275390625E+002, 1.7038961872458458E-002, 9.8192992187500000E+004, 9.9480342864990234E-001, 3.0090701293945312E+002, 1.6753500327467918E-002, 0.0000000000000000E+000, 0.0000000000000000E+000, 0.0000000000000000E+000, 0.0000000000000000E+000, 0.0000000000000000E+000, 0.0000000000000000E+000, 2.1251556873321533E+000, 3.3799192905426025E+000, 1.0162820217374247E-005, 0.0000000000000000E+000, 0.0000000000000000E+000, 0.0000000000000000E+000, 0.0000000000000000E+000, 0.0000000000000000E+000, 0.0000000000000000E+000, 0.0000000000000000E+000, 0.0000000000000000E+000, 0.0000000000000000E+000, 2.5219200178980827E-002, 7.5902986526489258E+000, 4.2337345075793564E-004, 0.0000000000000000E+000, 0.0000000000000000E+000, 0.0000000000000000E+000, 0.0000000000000000E+000, 0.0000000000000000E+000, 0.0000000000000000E+000, 0.0000000000000000E+000, 0.0000000000000000E+000, 0.0000000000000000E+000, 3.1504020094871521E-002, 9.4815053939819336E+000, 5.2869680803269148E-004, 0.0000000000000000E+000, 0.0000000000000000E+000, 0.0000000000000000E+000, 0.0000000000000000E+000, 0.0000000000000000E+000, 0.0000000000000000E+000, 0.0000000000000000E+000, 0.0000000000000000E+000, 0.0000000000000000E+000, 2.1153211127966642E-003, 1.1771649587899446E-003,-1.2420654529705644E-003,-6.1221504665809334E-007, 0.0000000000000000E+000, 0.0000000000000000E+000, 0.0000000000000000E+000, 0.0000000000000000E+000, 3.0088217163085938E+002, 1.5407379150390625E+002, 2.4504414367675781E+002
momentum_off,4,0, 2.0000000000000000E+001, 1.0000000000000000E+005, 3.4999999403953552E-001, 3.1916775703430176E+000, 0.0000000000000000E+000, 0.0000000000000000E+000, 1.4000000059604645E-001, 9.9999997473787516E-005, 9.9999997473787516E-005, 0.0000000000000000E+000, 9.5000000000000000E+001, 1.1347795724868774E+000, 3.3637499809265137E+000,-8.0599999427795410E-001, 3.0085449218750000E+002, 2.9841210937500000E+002, 1.7011811956763268E-002, 9.7187367187500000E+004, 9.9188184738159180E-001, 3.0085449218750000E+002, 1.6727250069379807E-002, 0.0000000000000000E+000, 0.0000000000000000E+000, 0.0000000000000000E+000, 0.0000000000000000E+000, 0.0000000000000000E+000, 0.0000000000000000E+000, 3.3333053588867188E+000, 5.3014154434204102E+000, 1.1282841114734765E-005, 0.0000000000000000E+000, 0.0000000000000000E+000, 0.0000000000000000E+000, 0.0000000000000000E+000, 0.0000000000000000E+000, 0.0000000000000000E+000, 0.0000000000000000E+000, 0.0000000000000000E+000, 0.0000000000000000E+000, 3.1504020094871521E-002, 9.4815053939819336E+000, 5.2869680803269148E-004, 0.0000000000000000E+000, 0.0000000000000000E+000, 0.0000000000000000E+000, 0.0000000000000000E+000, 0.0000000000000000E+000, 0.0000000000000000E+000, 0.0000000000000000E+000, 0.0000000000000000E+000, 0.0000000000000000E+000, 4.0345538407564163E-002, 1.2141595840454102E+001, 6.7663035588338971E-004, 0.0000000000000000E+000, 0.0000000000000000E+000, 0.0000000000000000E+000, 0.0000000000000000E+000, 0.0000000000000000E+000, 0.0000000000000000E+000, 0.0000000000000000E+000, 0.0000000000000000E+000, 0.0000000000000000E+000, 1.5829444164410233E-003, 8.5948704509064555E-004,-9.4451906625181437E-004,-4.7936237024259754E-007, 0.0000000000000000E+000, 0.0000000000000000E+000, 0.0000000000000000E+000, 0.0000000000000000E+000, 3.0083560180664062E+002, 2.9166421508789062E+002, 4.6387384033203125E+002
momentum_off,5,0, 2.0000000000000000E+001, 1.0000000000000000E+005, 3.4999999403953552E-001, 3.1916775703430176E+000, 0.0000000000000000E+000, 0.0000000000000000E+000, 1.4000000059604645E-001, 9.9999997473787516E-005, 9.9999997473787516E-005, 0.0000000000000000E+000, 1.1000000000000000E+002, 1.1252770423889160E+000, 3.5174999237060547E+000,-7.2399997711181641E-001, 3.0079299926757812E+002, 2.9732498168945312E+002, 1.6980007290840149E-002, 9.6022445312500000E+004, 9.8847037553787231E-001, 3.0079299926757812E+002, 1.6696499660611153E-002, 0.0000000000000000E+000, 0.0000000000000000E+000, 0.0000000000000000E+000, 0.0000000000000000E+000, 0.0000000000000000E+000, 0.0000000000000000E+000, 3.9396827220916748E+000, 6.2658066749572754E+000, 1.2768531632900704E-005, 0.0000000000000000E+000, 0.0000000000000000E+000, 0.0000000000000000E+000, 0.0000000000000000E+000, 0.0000000000000000E+000, 0.0000000000000000E+000, 0.0000000000000000E+000, 0.0000000000000000E+000, 0.0000000000000000E+000, 4.0345538407564163E-002, 1.2141595840454102E+001, 6.7663035588338971E-004, 0.0000000000000000E+000, 0.0000000000000000E+000, 0.0000000000000000E+000, 0.0000000000000000E+000, 0.0000000000000000E+000, 0.0000000000000000E+000, 0.0000000000000000E+000, 0.0000000000000000E+000, 0.0000000000000000E+000, 4.6551037579774857E-002, 1.4007497787475586E+001, 7.7990395948290825E-004, 0.0000000000000000E+000, 0.0000000000000000E+000, 0.0000000000000000E+000, 0.0000000000000000E+000, 0.0000000000000000E+000, 0.0000000000000000E+000, 0.0000000000000000E+000, 0.0000000000000000E+000, 0.0000000000000000E+000, 9.5326901646330953E-004, 5.1336584147065878E-004,-5.6915282038971782E-004,-3.0518177140947955E-007, 0.0000000000000000E+000, 0.0000000000000000E+000, 0.0000000000000000E+000, 0.0000000000000000E+000, 3.0078161621093750E+002, 4.0381747436523438E+002, 6.4224517822265625E+002
momentum_off,6,0, 2.0000000000000000E+001, 1.0000000000000000E+005, 3.4999999403953552E-001, 3.1916775703430176E+000, 0.0000000000000000E+000, 0.0000000000000000E+000, 1.4000000059604645E-001, 9.9999997473787516E-005, 9.9999997473787516E-005, 0.0000000000000000E+000, 1.2500000000000000E+002, 1.1144819259643555E+000, 3.6937499046325684E+000,-6.2999999523162842E-001, 3.0072250366210938E+002, 2.9608355712890625E+002, 1.6943549737334251E-002, 9.4704203125000000E+004, 9.8457401990890503E-001, 3.0072250366210938E+002, 1.6661249101161957E-002, 0.0000000000000000E+000, 0.0000000000000000E+000, 0.0000000000000000E+000, 0.0000000000000000E+000, 0.0000000000000000E+000, 0.0000000000000000E+000, 3.9954566955566406E+000, 6.3545122146606445E+000, 1.4036456377652939E-005, 0.0000000000000000E+000, 0.0000000000000000E+000, 0.0000000000000000E+000, 0.0000000000000000E+000, 0.0000000000000000E+000, 0.0000000000000000E+000, 0.0000000000000000E+000, 0.0000000000000000E+000, 0.0000000000000000E+000, 4.6551037579774857E-002, 1.4007497787475586E+001, 7.7990395948290825E-004, 0.0000000000000000E+000, 0.0000000000000000E+000, 0.0000000000000000E+000, 0.0000000000000000E+000, 0.0000000000000000E+000, 0.0000000000000000E+000, 0.0000000000000000E+000, 0.0000000000000000E+000, 0.0000000000000000E+000, 5.1032334566116333E-002, 1.5353493690490723E+001, 8.5374765330925584E-004, 0.0000000000000000E+000, 0.0000000000000000E+000, 0.0000000000000000E+000, 0.0000000000000000E+000, 0.0000000000000000E+000, 0.0000000000000000E+000, 0.0000000000000000E+000, 0.0000000000000000E+000, 0.0000000000000000E+000, 4.8135517863556743E-004, 2.5824605836533010E-004,-2.2735595121048391E-004,-1.5750219972687773E-007, 0.0000000000000000E+000, 0.0000000000000000E+000, 0.0000000000000000E+000, 0.0000000000000000E+000, 3.0071795654296875E+002, 4.6946615600585938E+002, 7.4665521240234375E+002
momentum_off,7,0, 2.0000000000000000E+001, 1.0000000000000000E+005, 3.4999999403953552E-001, 3.1916775703430176E+000, 0.0000000000000000E+000, 0.0000000000000000E+000, 1.4000000059604645E-001, 9.9999997473787516E-005, 9.9999997473787516E-005, 0.0000000000000000E+000, 1.4000000000000000E+002, 1.1024332046508789E+000, 3.8924999237060547E+000,-5.2400004863739014E-001, 3.0064300537109375E+002, 2.9468988037109375E+002, 1.6902443021535873E-002, 9.3239382812500000E+004, 9.8019868135452271E-001, 3.0064300537109375E+002, 1.6621500253677368E-002, 0.0000000000000000E+000, 0.0000000000000000E+000, 0.0000000000000000E+000, 0.0000000000000000E+000, 0.0000000000000000E+000, 0.0000000000000000E+000, 3.8482599258422852E+000, 6.1194591522216797E+000, 1.4680625099572353E-005, 0.0000000000000000E+000, 0.0000000000000000E+000, 0.0000000000000000E+000, 0.0000000000000000E+000, 0.0000000000000000E+000, 0.0000000000000000E+000, 0.0000000000000000E+000, 0.0000000000000000E+000, 0.0000000000000000E+000, 5.1032334566116333E-002, 1.5353493690490723E+001, 8.5374765330925584E-004, 0.0000000000000000E+000, 0.0000000000000000E+000, 0.0000000000000000E+000, 0.0000000000000000E+000, 0.0000000000000000E+000, 0.0000000000000000E+000, 0.0000000000000000E+000, 0.0000000000000000E+000, 0.0000000000000000E+000, 5.4330360144376755E-002, 1.6342374801635742E+001, 9.0723630273714662E-004, 0.0000000000000000E+000, 0.0000000000000000E+000, 0.0000000000000000E+000, 0.0000000000000000E+000, 0.0000000000000000E+000, 0.0000000000000000E+000, 0.0000000000000000E+000, 0.0000000000000000E+000, 0.0000000000000000E+000, 7.8451630542986095E-005, 4.2271614802302793E-005, 1.7242431931663305E-004,-1.9393656458532860E-008, 0.0000000000000000E+000, 0.0000000000000000E+000, 0.0000000000000000E+000, 0.0000000000000000E+000, 3.0064645385742188E+002, 5.0989443969726562E+002, 8.1082830810546875E+002
momentum_off,8,0, 2.0000000000000000E+001, 1.0000000000000000E+005, 3.4999999403953552E-001, 3.1916775703430176E+000, 0.0000000000000000E+000, 0.0000000000000000E+000, 1.4000000059604645E-001, 9.9999997473787516E-005, 9.9999997473787516E-005, 0.0000000000000000E+000, 1.5500000000000000E+002, 1.0891735553741455E+000, 4.1137499809265137E+000,-4.0600001811981201E-001, 3.0055450439453125E+002, 2.9314611816406250E+002, 1.6856687143445015E-002, 9.1635367187500000E+004, 9.7535091638565063E-001, 3.0055450439453125E+002, 1.6577249392867088E-002, 0.0000000000000000E+000, 0.0000000000000000E+000, 0.0000000000000000E+000, 0.0000000000000000E+000, 0.0000000000000000E+000, 0.0000000000000000E+000, 3.5330657958984375E+000, 5.4388732910156250E+000, 1.4377995285030920E-005, 0.0000000000000000E+000, 0.0000000000000000E+000, 0.0000000000000000E+000, 0.0000000000000000E+000, 0.0000000000000000E+000, 0.0000000000000000E+000, 0.0000000000000000E+000, 0.0000000000000000E+000, 0.0000000000000000E+000, 5.4330360144376755E-002, 1.6342374801635742E+001, 9.0723630273714662E-004, 0.0000000000000000E+000, 0.0000000000000000E+000, 0.0000000000000000E+000, 0.0000000000000000E+000, 0.0000000000000000E+000, 0.0000000000000000E+000, 0.0000000000000000E+000, 0.0000000000000000E+000, 0.0000000000000000E+000, 1.2655740976333618E-001, 3.8058578491210938E+001, 2.0792260766029358E-003, 2.9365452064666897E-005, 0.0000000000000000E+000, 0.0000000000000000E+000, 0.0000000000000000E+000, 0.0000000000000000E+000, 0.0000000000000000E+000, 0.0000000000000000E+000, 0.0000000000000000E+000, 0.0000000000000000E+000,-3.2265187473967671E-004,-1.7196386761497706E-004, 7.4920651968568563E-004, 7.0007473595978809E-008, 0.0000000000000000E+000, 0.0000000000000000E+000, 0.0000000000000000E+000, 0.0000000000000000E+000, 3.0056948852539062E+002, 5.2112719726562500E+002, 8.0223382568359375E+002
momentum_off,9,0, 2.0000000000000000E+001, 1.0000000000000000E+005, 3.4999999403953552E-001, 3.1916775703430176E+000, 0.0000000000000000E+000, 0.0000000000000000E+000, 1.4000000059604645E-001, 9.9999997473787516E-005, 9.9999997473787516E-005, 0.0000000000000000E+000, 1.7000000000000000E+002, 1.0747500658035278E+000, 4.3575000762939453E+000,-2.7600002288818359E-001, 3.0045700073242188E+002, 2.9145468139648438E+002, 1.6806282103061676E-002, 8.9900148437500000E+004, 9.7003787755966187E-001, 3.0045700073242188E+002, 1.6528500244021416E-002, 0.0000000000000000E+000, 0.0000000000000000E+000, 0.0000000000000000E+000, 0.0000000000000000E+000, 0.0000000000000000E+000, 0.0000000000000000E+000, 3.1758401393890381E+000, 4.8567371368408203E+000, 1.2437129953468684E-005, 0.0000000000000000E+000, 0.0000000000000000E+000, 0.0000000000000000E+000, 0.0000000000000000E+000, 0.0000000000000000E+000, 0.0000000000000000E+000, 0.0000000000000000E+000, 0.0000000000000000E+000, 0.0000000000000000E+000, 1.2655740976333618E-001, 3.8058578491210938E+001, 2.0792260766029358E-003, 2.9365452064666897E-005, 0.0000000000000000E+000, 0.0000000000000000E+000, 0.0000000000000000E+000, 0.0000000000000000E+000, 0.0000000000000000E+000, 0.0000000000000000E+000, 0.0000000000000000E+000, 0.0000000000000000E+000, 1.8688167631626129E-001, 5.6190299987792969E+001, 2.9917482752352953E-003, 1.1735728912753984E-004, 0.0000000000000000E+000, 0.0000000000000000E+000, 0.0000000000000000E+000, 0.0000000000000000E+000, 0.0000000000000000E+000, 0.0000000000000000E+000, 0.0000000000000000E+000, 0.0000000000000000E+000,-1.2901306618005037E-003,-6.8804470356553793E-004, 1.8676758045330644E-003, 2.8704636179099907E-007, 0.0000000000000000E+000, 0.0000000000000000E+000, 0.0000000000000000E+000, 0.0000000000000000E+000, 3.0049435424804688E+002, 5.1607403564453125E+002, 7.8921978759765625E+002
momentum_off,10,0, 2.0000000000000000E+001, 1.0000000000000000E+005, 3.4999999403953552E-001, 3.1916775703430176E+000, 0.0000000000000000E+000, 0.0000000000000000E+000, 1.4000000059604645E-001, 9.9999997473787516E-005, 9.9999997473787516E-005, 0.0000000000000000E+000, 1.8500000000000000E+002, 1.0592136383056641E+000, 4.6237497329711914E+000,-1.3400000333786011E-001, 3.0035049438476562E+002, 2.8961822509765625E+002, 1.6751229763031006E-002, 8.8042289062500000E+004, 9.6426749229431152E-001, 3.0035049438476562E+002, 1.6475249081850052E-002, 0.0000000000000000E+000, 0.0000000000000000E+000, 0.0000000000000000E+000, 0.0000000000000000E+000, 0.0000000000000000E+000, 0.0000000000000000E+000, 2.0971360206604004E+000, 3.3330962657928467E+000, 9.5745508588152006E-006, 0.0000000000000000E+000, 0.0000000000000000E+000, 0.0000000000000000E+000, 0.0000000000000000E+000, 0.0000000000000000E+000, 0.0000000000000000E+000, 0.0000000000000000E+000, 0.0000000000000000E+000, 0.0000000000000000E+000, 1.8688167631626129E-001, 5.6190299987792969E+001, 2.9917482752352953E-003, 1.1735728912753984E-004, 0.0000000000000000E+000, 0.0000000000000000E+000, 0.0000000000000000E+000, 0.0000000000000000E+000, 0.0000000000000000E+000, 0.0000000000000000E+000, 0.0000000000000000E+000, 0.0000000000000000E+000, 7.3212757706642151E-002, 2.2008392333984375E+001, 1.1384073877707124E-003, 7.7255288488231599E-005, 0.0000000000000000E+000, 0.0000000000000000E+000, 0.0000000000000000E+000, 0.0000000000000000E+000, 0.0000000000000000E+000, 0.0000000000000000E+000, 0.0000000000000000E+000, 0.0000000000000000E+000,-2.6383877266198397E-003,-1.4071397017687559E-003, 3.8681030273437500E-003, 4.7227368327185104E-007, 7.9611780279265076E-008, 0.0000000000000000E+000, 0.0000000000000000E+000, 0.0000000000000000E+000, 3.0042373657226562E+002, 3.7224163818359375E+002, 5.9162457275390625E+002
momentum_off,11,0, 2.0000000000000000E+001, 1.0000000000000000E+005, 3.4999999403953552E-001, 3.1916775703430176E+000, 0.0000000000000000E+000, 0.0000000000000000E+000, 1.4000000059604645E-001, 9.9999997473787516E-005, 9.9999997473787516E-005, 0.0000000000000000E+000, 2.0000000000000000E+002, 1.0192198753356934E+000, 4.9124999046325684E+000, 1.9999980926513672E-002, 3.0712750244140625E+002, 2.9424295043945312E+002, 1.5661500394344330E-002, 8.6070796875000000E+004, 9.5804822444915771E-001, 3.0712750244140625E+002, 1.5420000068843365E-002, 0.0000000000000000E+000, 0.0000000000000000E+000, 0.0000000000000000E+000, 0.0000000000000000E+000, 0.0000000000000000E+000, 0.0000000000000000E+000, 5.2603594958782196E-002, 1.3150899671018124E-002, 4.0377809540359522E-008, 0.0000000000000000E+000, 0.0000000000000000E+000, 0.0000000000000000E+000, 0.0000000000000000E+000, 0.0000000000000000E+000, 0.0000000000000000E+000, 0.0000000000000000E+000, 0.0000000000000000E+000, 0.0000000000000000E+000, 7.3212757706642151E-002, 2.2008392333984375E+001, 1.1384073877707124E-003, 7.7255288488231599E-005, 0.0000000000000000E+000, 0.0000000000000000E+000, 0.0000000000000000E+000, 0.0000000000000000E+000, 0.0000000000000000E+000, 0.0000000000000000E+000, 0.0000000000000000E+000, 0.0000000000000000E+000, 0.0000000000000000E+000, 0.0000000000000000E+000, 0.0000000000000000E+000, 0.0000000000000000E+000, 0.0000000000000000E+000, 0.0000000000000000E+000, 0.0000000000000000E+000, 0.0000000000000000E+000, 0.0000000000000000E+000, 0.0000000000000000E+000, 0.0000000000000000E+000, 0.0000000000000000E+000,-9.0813635324593633E-005,-4.8437526857014745E-005,-1.3473511207848787E-003, 4.5914202218000355E-008, 3.7628811355716607E-007, 0.0000000000000000E+000, 0.0000000000000000E+000, 0.0000000000000000E+000, 3.0708099365234375E+002, 1.0126192092895508E+001, 2.5315482616424561E+000
momentum_off,12,0, 2.0000000000000000E+001, 1.0000000000000000E+005, 3.4999999403953552E-001, 3.1916775703430176E+000, 0.0000000000000000E+000, 0.0000000000000000E+000, 1.4000000059604645E-001, 9.9999997473787516E-005, 9.9999997473787516E-005, 0.0000000000000000E+000, 2.1500000000000000E+002, 9.9856585264205933E-001, 5.2237501144409180E+000, 1.8599998950958252E-001, 3.0806124877929688E+002, 2.9308618164062500E+002, 1.4378819614648819E-002, 8.3995101562500000E+004, 9.5138931274414062E-001, 3.0806124877929688E+002, 1.4174999669194221E-002, 0.0000000000000000E+000, 0.0000000000000000E+000, 0.0000000000000000E+000, 0.0000000000000000E+000, 0.0000000000000000E+000, 0.0000000000000000E+000, 2.2483861539512873E-004, 3.2218697015196085E-005, 9.2721492706004938E-009, 0.0000000000000000E+000, 0.0000000000000000E+000, 0.0000000000000000E+000, 0.0000000000000000E+000, 0.0000000000000000E+000, 0.0000000000000000E+000, 0.0000000000000000E+000, 0.0000000000000000E+000, 0.0000000000000000E+000, 0.0000000000000000E+000, 0.0000000000000000E+000, 0.0000000000000000E+000, 0.0000000000000000E+000, 0.0000000000000000E+000, 0.0000000000000000E+000, 0.0000000000000000E+000, 0.0000000000000000E+000, 0.0000000000000000E+000, 0.0000000000000000E+000, 0.0000000000000000E+000, 0.0000000000000000E+000, 0.0000000000000000E+000, 0.0000000000000000E+000, 0.0000000000000000E+000, 0.0000000000000000E+000, 0.0000000000000000E+000, 0.0000000000000000E+000, 0.0000000000000000E+000, 0.0000000000000000E+000, 0.0000000000000000E+000, 0.0000000000000000E+000, 0.0000000000000000E+000, 0.0000000000000000E+000,-1.4305115314527939E-007,-7.5250866871101607E-008,-1.5258789289873675E-006, 4.6566129424663316E-011, 1.1398478732063677E-012, 0.0000000000000000E+000, 0.0000000000000000E+000, 0.0000000000000000E+000, 3.0806121826171875E+002, 4.6654012054204941E-002, 6.6853794269263744E-003
momentum_off,13,0, 2.0000000000000000E+001, 1.0000000000000000E+005, 3.4999999403953552E-001, 3.1916775703430176E+000, 0.0000000000000000E+000, 0.0000000000000000E+000, 1.4000000059604645E-001, 9.9999997473787516E-005, 9.9999997473787516E-005, 0.0000000000000000E+000, 2.3000000000000000E+002, 9.7689360380172729E-001, 5.5574998855590820E+000, 3.6399996280670166E-001, 3.0906250000000000E+002, 2.9184783935546875E+002, 1.3007009401917458E-002, 8.1824929687500000E+004, 9.4430041313171387E-001, 3.0906250000000000E+002, 1.2839999981224537E-002, 0.0000000000000000E+000, 0.0000000000000000E+000, 0.0000000000000000E+000, 0.0000000000000000E+000, 0.0000000000000000E+000, 0.0000000000000000E+000, 1.2381582928355783E-004, 1.9644947315100580E-005, 1.2755863032509751E-008, 0.0000000000000000E+000, 0.0000000000000000E+000, 0.0000000000000000E+000, 0.0000000000000000E+000, 0.0000000000000000E+000, 0.0000000000000000E+000, 0.0000000000000000E+000, 0.0000000000000000E+000, 0.0000000000000000E+000, 0.0000000000000000E+000, 0.0000000000000000E+000, 0.0000000000000000E+000, 0.0000000000000000E+000, 0.0000000000000000E+000, 0.0000000000000000E+000, 0.0000000000000000E+000, 0.0000000000000000E+000, 0.0000000000000000E+000, 0.0000000000000000E+000, 0.0000000000000000E+000, 0.0000000000000000E+000, 0.0000000000000000E+000, 0.0000000000000000E+000, 0.0000000000000000E+000, 0.0000000000000000E+000, 0.0000000000000000E+000, 0.0000000000000000E+000, 0.0000000000000000E+000, 0.0000000000000000E+000, 0.0000000000000000E+000, 0.0000000000000000E+000, 0.0000000000000000E+000, 0.0000000000000000E+000,-4.7683716530855236E-008,-1.1920929132713809E-008,-1.5258789289873675E-006, 0.0000000000000000E+000, 1.9694727843259873E-018, 0.0000000000000000E+000, 0.0000000000000000E+000, 0.0000000000000000E+000, 3.0906246948242188E+002, 2.7549022808670998E-002, 4.3710009194910526E-003
momentum_off,14,0, 2.0000000000000000E+001, 1.0000000000000000E+005, 3.4999999403953552E-001, 3.1916775703430176E+000, 0.0000000000000000E+000, 0.0000000000000000E+000, 1.4000000059604645E-001, 9.9999997473787516E-005, 9.9999997473787516E-005, 0.0000000000000000E+000, 2.4500000000000000E+002, 9.5429003238677979E-001, 5.9137496948242188E+000, 5.5400002002716064E-001, 3.1013125610351562E+002, 2.9052844238281250E+002, 1.1546807363629341E-002, 7.9570289062500000E+004, 9.3679189682006836E-001, 3.1013125610351562E+002, 1.1415000073611736E-002, 0.0000000000000000E+000, 0.0000000000000000E+000, 0.0000000000000000E+000, 0.0000000000000000E+000, 0.0000000000000000E+000, 0.0000000000000000E+000, 1.0439061588840559E-004, 1.6776362826931290E-005, 1.3391305841992107E-008, 0.0000000000000000E+000, 0.0000000000000000E+000, 0.0000000000000000E+000, 0.0000000000000000E+000, 0.0000000000000000E+000, 0.0000000000000000E+000, 0.0000000000000000E+000, 0.0000000000000000E+000, 0.0000000000000000E+000, 0.0000000000000000E+000, 0.0000000000000000E+000, 0.0000000000000000E+000, 0.0000000000000000E+000, 0.0000000000000000E+000, 0.0000000000000000E+000, 0.0000000000000000E+000, 0.0000000000000000E+000, 0.0000000000000000E+000, 0.0000000000000000E+000, 0.0000000000000000E+000, 0.0000000000000000E+000, 0.0000000000000000E+000, 0.0000000000000000E+000, 0.0000000000000000E+000, 0.0000000000000000E+000, 0.0000000000000000E+000, 0.0000000000000000E+000, 0.0000000000000000E+000, 0.0000000000000000E+000, 0.0000000000000000E+000, 0.0000000000000000E+000, 0.0000000000000000E+000, 0.0000000000000000E+000, 2.3841858265427618E-008, 0.0000000000000000E+000, 0.0000000000000000E+000, 0.0000000000000000E+000, 2.7301355747213805E-024, 0.0000000000000000E+000, 0.0000000000000000E+000, 0.0000000000000000E+000, 3.1013125610351562E+002, 2.4792771786451340E-002, 3.9843861013650894E-003
momentum_off,15,0, 2.0000000000000000E+001, 1.0000000000000000E+005, 3.4999999403953552E-001, 3.1916775703430176E+000, 0.0000000000000000E+000, 0.0000000000000000E+000, 1.4000000059604645E-001, 9.9999997473787516E-005, 9.9999997473787516E-005, 0.0000000000000000E+000, 2.6000000000000000E+002, 9.3084430694580078E-001, 6.2925000190734863E+000, 7.5599992275238037E-001, 3.1126748657226562E+002, 2.8912847900390625E+002, 9.9989892914891243E-003, 7.7241343750000000E+004, 9.2887461185455322E-001, 3.1126748657226562E+002, 9.8999999463558197E-003, 0.0000000000000000E+000, 0.0000000000000000E+000, 0.0000000000000000E+000, 0.0000000000000000E+000, 0.0000000000000000E+000, 0.0000000000000000E+000, 9.7571763035375625E-005, 1.5726393030490726E-005, 1.3380702768017727E-008, 0.0000000000000000E+000, 0.0000000000000000E+000, 0.0000000000000000E+000, 0.0000000000000000E+000, 0.0000000000000000E+000, 0.0000000000000000E+000, 0.0000000000000000E+000, 0.0000000000000000E+000, 0.0000000000000000E+000, 0.0000000000000000E+000, 0.0000000000000000E+000, 0.0000000000000000E+000, 0.0000000000000000E+000, 0.0000000000000000E+000, 0.0000000000000000E+000, 0.0000000000000000E+000, 0.0000000000000000E+000, 0.0000000000000000E+000, 0.0000000000000000E+000, 0.0000000000000000E+000, 0.0000000000000000E+000, 0.0000000000000000E+000, 0.0000000000000000E+000, 0.0000000000000000E+000, 0.0000000000000000E+000, 0.0000000000000000E+000, 0.0000000000000000E+000, 0.0000000000000000E+000, 0.0000000000000000E+000, 0.0000000000000000E+000, 0.0000000000000000E+000, 0.0000000000000000E+000, 0.0000000000000000E+000, 0.0000000000000000E+000, 2.9802322831784522E-009, 0.0000000000000000E+000, 0.0000000000000000E+000, 3.3455276401803757E-030, 0.0000000000000000E+000, 0.0000000000000000E+000, 0.0000000000000000E+000, 3.1126748657226562E+002, 2.4636870250105858E-002, 3.9709140546619892E-003
momentum_off,16,0, 2.0000000000000000E+001, 1.0000000000000000E+005, 3.4999999403953552E-001, 3.1916775703430176E+000, 0.0000000000000000E+000, 0.0000000000000000E+000, 1.4000000059604645E-001, 9.9999997473787516E-005, 9.9999997473787516E-005, 0.0000000000000000E+000, 2.7500000000000000E+002, 9.0664714574813843E-001, 6.6937503814697266E+000, 9.6999990940093994E-001, 3.1247125244140625E+002, 2.8764852905273438E+002, 8.3643821999430656E-003, 7.4848367187500000E+004, 9.2056000232696533E-001, 3.1247125244140625E+002, 8.2949995994567871E-003, 0.0000000000000000E+000, 0.0000000000000000E+000, 0.0000000000000000E+000, 0.0000000000000000E+000, 0.0000000000000000E+000, 0.0000000000000000E+000, 9.2073692940175533E-005, 1.4876666682539508E-005, 1.3327266401574889E-008, 0.0000000000000000E+000, 0.0000000000000000E+000, 0.0000000000000000E+000, 0.0000000000000000E+000, 0.0000000000000000E+000, 0.0000000000000000E+000, 0.0000000000000000E+000, 0.0000000000000000E+000, 0.0000000000000000E+000, 0.0000000000000000E+000, 0.0000000000000000E+000, 0.0000000000000000E+000, 0.0000000000000000E+000, 0.0000000000000000E+000, 0.0000000000000000E+000, 0.0000000000000000E+000, 0.0000000000000000E+000, 0.0000000000000000E+000, 0.0000000000000000E+000, 0.0000000000000000E+000, 0.0000000000000000E+000, 0.0000000000000000E+000, 0.0000000000000000E+000, 0.0000000000000000E+000, 0.0000000000000000E+000, 0.0000000000000000E+000, 0.0000000000000000E+000, 0.0000000000000000E+000, 0.0000000000000000E+000, 0.0000000000000000E+000, 0.0000000000000000E+000, 0.0000000000000000E+000, 0.0000000000000000E+000, 2.3841858265427618E-008, 2.9802322831784522E-009,-1.5258789289873675E-006, 0.0000000000000000E+000, 3.6693066205425097E-036, 0.0000000000000000E+000, 0.0000000000000000E+000, 0.0000000000000000E+000, 3.1247122192382812E+002, 2.4629712104797363E-002, 3.9795082993805408E-003
momentum_off,17,0, 2.0000000000000000E+001, 1.0000000000000000E+005, 3.4999999403953552E-001, 3.1916775703430176E+000, 0.0000000000000000E+000, 0.0000000000000000E+000, 1.4000000059604645E-001, 9.9999997473787516E-005, 9.9999997473787516E-005, 0.0000000000000000E+000, 2.9000000000000000E+002, 8.8178974390029907E-001, 7.1174998283386230E+000, 1.1959998607635498E+000, 3.1374249267578125E+002, 2.8608920288085938E+002, 6.6438494250178337E-003, 7.2401640625000000E+004, 9.1185992956161499E-001, 3.1374249267578125E+002, 6.5999999642372131E-003, 0.0000000000000000E+000, 0.0000000000000000E+000, 0.0000000000000000E+000, 0.0000000000000000E+000, 0.0000000000000000E+000, 0.0000000000000000E+000, 8.7183711002580822E-005, 1.4123816981737036E-005, 1.3267287712892539E-008, 0.0000000000000000E+000, 0.0000000000000000E+000, 0.0000000000000000E+000, 0.0000000000000000E+000, 0.0000000000000000E+000, 0.0000000000000000E+000, 0.0000000000000000E+000, 0.0000000000000000E+000, 0.0000000000000000E+000, 0.0000000000000000E+000, 0.0000000000000000E+000, 0.0000000000000000E+000, 0.0000000000000000E+000, 0.0000000000000000E+000, 0.0000000000000000E+000, 0.0000000000000000E+000, 0.0000000000000000E+000, 0.0000000000000000E+000, 0.0000000000000000E+000, 0.0000000000000000E+000, 0.0000000000000000E+000, 0.0000000000000000E+000, 0.0000000000000000E+000, 0.0000000000000000E+000, 0.0000000000000000E+000, 0.0000000000000000E+000, 0.0000000000000000E+000, 0.0000000000000000E+000, 0.0000000000000000E+000, 0.0000000000000000E+000, 0.0000000000000000E+000, 0.0000000000000000E+000, 0.0000000000000000E+000, 2.3841858265427618E-008, 5.9604645663569045E-009,-1.5258789289873675E-006, 0.0000000000000000E+000, 3.6265604256726266E-042, 0.0000000000000000E+000, 0.0000000000000000E+000, 0.0000000000000000E+000, 3.1374246215820312E+002, 2.4629399180412292E-002, 3.9899782277643681E-003
momentum_off,18,0, 2.0000000000000000E+001, 1.0000000000000000E+005, 3.4999999403953552E-001, 3.1916775703430176E+000, 0.0000000000000000E+000, 0.0000000000000000E+000, 1.4000000059604645E-001, 9.9999997473787516E-005, 9.9999997473787516E-005, 0.0000000000000000E+000, 3.0500000000000000E+002, 8.5636425018310547E-001, 7.5637502670288086E+000, 1.4340000152587891E+000, 3.1508123779296875E+002, 2.8445117187500000E+002, 4.8382962122559547E-003, 6.9911421875000000E+004, 9.0278673171997070E-001, 3.1508123779296875E+002, 4.8150001093745232E-003, 0.0000000000000000E+000, 0.0000000000000000E+000, 0.0000000000000000E+000, 0.0000000000000000E+000, 0.0000000000000000E+000, 0.0000000000000000E+000, 8.2788210420403630E-005, 1.3448845493257977E-005, 1.3202166471160126E-008, 0.0000000000000000E+000, 0.0000000000000000E+000, 0.0000000000000000E+000, 0.0000000000000000E+000, 0.0000000000000000E+000, 0.0000000000000000E+000, 0.0000000000000000E+000, 0.0000000000000000E+000, 0.0000000000000000E+000, 0.0000000000000000E+000, 0.0000000000000000E+000, 0.0000000000000000E+000, 0.0000000000000000E+000, 0.0000000000000000E+000, 0.0000000000000000E+000, 0.0000000000000000E+000, 0.0000000000000000E+000, 0.0000000000000000E+000, 0.0000000000000000E+000, 0.0000000000000000E+000, 0.0000000000000000E+000, 0.0000000000000000E+000, 0.0000000000000000E+000, 0.0000000000000000E+000, 0.0000000000000000E+000, 0.0000000000000000E+000, 0.0000000000000000E+000, 0.0000000000000000E+000, 0.0000000000000000E+000, 0.0000000000000000E+000, 0.0000000000000000E+000, 0.0000000000000000E+000, 0.0000000000000000E+000, 0.0000000000000000E+000,-5.9604645663569045E-009, 1.5258789289873675E-006, 2.3283064712331658E-011, 0.0000000000000000E+000, 0.0000000000000000E+000, 0.0000000000000000E+000, 0.0000000000000000E+000, 3.1508126831054688E+002, 2.4629492312669754E-002, 4.0010316297411919E-003
momentum_off,19,0, 2.0000000000000000E+001, 1.0000000000000000E+005, 3.4999999403953552E-001, 3.1916775703430176E+000, 0.0000000000000000E+000, 0.0000000000000000E+000, 1.4000000059604645E-001, 9.9999997473787516E-005, 9.9999997473787516E-005, 0.0000000000000000E+000, 3.2000000000000000E+002, 8.3046185970306396E-001, 8.0325002670288086E+000, 1.6840000152587891E+000, 3.1648748779296875E+002, 2.8273516845703125E+002, 2.9486690182238817E-003, 6.7387820312500000E+004, 8.9335334300994873E-001, 3.1648748779296875E+002, 2.9400000348687172E-003, 0.0000000000000000E+000, 0.0000000000000000E+000, 0.0000000000000000E+000, 0.0000000000000000E+000, 0.0000000000000000E+000, 0.0000000000000000E+000, 7.8814235166646540E-005, 1.2840594536100980E-005, 1.3131661980025910E-008, 0.0000000000000000E+000, 0.0000000000000000E+000, 0.0000000000000000E+000, 0.0000000000000000E+000, 0.0000000000000000E+000, 0.0000000000000000E+000, 0.0000000000000000E+000, 0.0000000000000000E+000, 0.0000000000000000E+000, 0.0000000000000000E+000, 0.0000000000000000E+000, 0.0000000000000000E+000, 0.0000000000000000E+000, 0.0000000000000000E+000, 0.0000000000000000E+000, 0.0000000000000000E+000, 0.0000000000000000E+000, 0.0000000000000000E+000, 0.0000000000000000E+000, 0.0000000000000000E+000, 0.0000000000000000E+000, 0.0000000000000000E+000, 0.0000000000000000E+000, 0.0000000000000000E+000, 0.0000000000000000E+000, 0.0000000000000000E+000, 0.0000000000000000E+000, 0.0000000000000000E+000, 0.0000000000000000E+000, 0.0000000000000000E+000, 0.0000000000000000E+000, 0.0000000000000000E+000, 0.0000000000000000E+000, 0.0000000000000000E+000, 0.0000000000000000E+000, 0.0000000000000000E+000, 0.0000000000000000E+000, 0.0000000000000000E+000, 0.0000000000000000E+000, 0.0000000000000000E+000, 0.0000000000000000E+000, 3.1648748779296875E+002, 2.4629447609186172E-002, 4.0126857347786427E-003
momentum_off,20,0, 2.0000000000000000E+001, 1.0000000000000000E+005, 3.4999999403953552E-001, 3.1916775703430176E+000, 0.0000000000000000E+000, 0.0000000000000000E+000, 1.4000000059604645E-001, 9.9999997473787516E-005, 9.9999997473787516E-005, 0.0000000000000000E+000, 3.3500000000000000E+002, 8.0417364835739136E-001, 8.5237503051757812E+000, 1.9459998607635498E+000, 3.1796124267578125E+002, 2.8094192504882812E+002, 9.7595131956040859E-004, 6.4840792968750000E+004, 8.8357287645339966E-001, 3.1796124267578125E+002, 9.7499974071979523E-004, 0.0000000000000000E+000, 0.0000000000000000E+000, 0.0000000000000000E+000, 0.0000000000000000E+000, 0.0000000000000000E+000, 0.0000000000000000E+000, 7.5204297900199890E-005, 1.2290062841202598E-005, 1.3055251990579109E-008, 0.0000000000000000E+000, 0.0000000000000000E+000, 0.0000000000000000E+000, 0.0000000000000000E+000, 0.0000000000000000E+000, 0.0000000000000000E+000, 0.0000000000000000E+000, 0.0000000000000000E+000, 0.0000000000000000E+000, 0.0000000000000000E+000, 0.0000000000000000E+000, 0.0000000000000000E+000, 0.0000000000000000E+000, 0.0000000000000000E+000, 0.0000000000000000E+000, 0.0000000000000000E+000, 0.0000000000000000E+000, 0.0000000000000000E+000, 0.0000000000000000E+000, 0.0000000000000000E+000, 0.0000000000000000E+000, 0.0000000000000000E+000, 0.0000000000000000E+000, 0.0000000000000000E+000, 0.0000000000000000E+000, 0.0000000000000000E+000, 0.0000000000000000E+000, 0.0000000000000000E+000, 0.0000000000000000E+000, 0.0000000000000000E+000, 0.0000000000000000E+000, 0.0000000000000000E+000, 0.0000000000000000E+000,-4.7683716530855236E-008,-5.9604645663569045E-009, 0.0000000000000000E+000, 5.2386893434341886E-011, 0.0000000000000000E+000, 0.0000000000000000E+000, 0.0000000000000000E+000, 0.0000000000000000E+000, 3.1796124267578125E+002, 2.4629406630992889E-002, 4.0249954909086227E-003
momentum_off,21,0, 2.0000000000000000E+001, 1.0000000000000000E+005, 3.4999999403953552E-001, 3.1916775703430176E+000, 0.0000000000000000E+000, 0.0000000000000000E+000, 1.4000000059604645E-001, 9.9999997473787516E-005, 9.9999997473787516E-005, 0.0000000000000000E+000, 3.5000000000000000E+002, 7.7758902311325073E-001, 9.0375003814697266E+000, 2.2200000286102295E+000, 3.1950250244140625E+002, 2.7907232666015625E+002, 2.0003999816253781E-004, 6.2280027343750000E+004, 8.7345898151397705E-001, 3.1950250244140625E+002, 1.9999999494757503E-004, 0.0000000000000000E+000, 0.0000000000000000E+000, 0.0000000000000000E+000, 0.0000000000000000E+000, 0.0000000000000000E+000, 0.0000000000000000E+000, 7.1910922997631133E-005, 9.7191305030719377E-006, 1.2972606100447592E-008, 0.0000000000000000E+000, 0.0000000000000000E+000, 0.0000000000000000E+000, 0.0000000000000000E+000, 0.0000000000000000E+000, 0.0000000000000000E+000, 0.0000000000000000E+000, 0.0000000000000000E+000, 0.0000000000000000E+000, 0.0000000000000000E+000, 0.0000000000000000E+000, 0.0000000000000000E+000, 0.0000000000000000E+000, 0.0000000000000000E+000, 0.0000000000000000E+000, 0.0000000000000000E+000, 0.0000000000000000E+000, 0.0000000000000000E+000, 0.0000000000000000E+000, 0.0000000000000000E+000, 0.0000000000000000E+000, 0.0000000000000000E+000, 0.0000000000000000E+000, 0.0000000000000000E+000, 0.0000000000000000E+000, 0.0000000000000000E+000, 0.0000000000000000E+000, 0.0000000000000000E+000, 0.0000000000000000E+000, 0.0000000000000000E+000, 0.0000000000000000E+000, 0.0000000000000000E+000, 0.0000000000000000E+000,-4.7683716530855236E-008, 0.0000000000000000E+000, 0.0000000000000000E+000, 2.1827872842550278E-011, 0.0000000000000000E+000, 0.0000000000000000E+000, 0.0000000000000000E+000, 0.0000000000000000E+000, 3.1950250244140625E+002, 2.4629490450024605E-002, 3.3288022968918085E-003
momentum_off,22,0, 2.0000000000000000E+001, 1.0000000000000000E+005, 3.4999999403953552E-001, 3.1916775703430176E+000, 0.0000000000000000E+000, 0.0000000000000000E+000, 1.4000000059604645E-001, 9.9999997473787516E-005, 9.9999997473787516E-005, 0.0000000000000000E+000, 3.6500000000000000E+002, 7.5079572200775146E-001, 9.5737495422363281E+000, 2.5059998035430908E+000, 3.2111123657226562E+002, 2.7712722778320312E+002, 2.0003999816253781E-004, 5.9714925781250000E+004, 8.6302560567855835E-001, 3.2111123657226562E+002, 1.9999999494757503E-004, 0.0000000000000000E+000, 0.0000000000000000E+000, 0.0000000000000000E+000, 0.0000000000000000E+000, 0.0000000000000000E+000, 0.0000000000000000E+000, 6.8893583375029266E-005, 8.4203638834878802E-006, 1.2883448974321254E-008, 0.0000000000000000E+000, 0.0000000000000000E+000, 0.0000000000000000E+000, 0.0000000000000000E+000, 0.0000000000000000E+000, 0.0000000000000000E+000, 0.0000000000000000E+000, 0.0000000000000000E+000, 0.0000000000000000E+000, 0.0000000000000000E+000, 0.0000000000000000E+000, 0.0000000000000000E+000, 0.0000000000000000E+000, 0.0000000000000000E+000, 0.0000000000000000E+000, 0.0000000000000000E+000, 0.0000000000000000E+000, 0.0000000000000000E+000, 0.0000000000000000E+000, 0.0000000000000000E+000, 0.0000000000000000E+000, 0.0000000000000000E+000, 0.0000000000000000E+000, 0.0000000000000000E+000, 0.0000000000000000E+000, 0.0000000000000000E+000, 0.0000000000000000E+000, 0.0000000000000000E+000, 0.0000000000000000E+000, 0.0000000000000000E+000, 0.0000000000000000E+000, 0.0000000000000000E+000, 0.0000000000000000E+000, 0.0000000000000000E+000, 0.0000000000000000E+000, 0.0000000000000000E+000,-7.2759577226036432E-013, 0.0000000000000000E+000, 0.0000000000000000E+000, 0.0000000000000000E+000, 0.0000000000000000E+000, 3.2111123657226562E+002, 2.4629456922411919E-002, 3.0102801974862814E-003
momentum_off,23,0, 2.0000000000000000E+001, 1.0000000000000000E+005, 3.4999999403953552E-001, 3.1916775703430176E+000, 0.0000000000000000E+000, 0.0000000000000000E+000, 1.4000000059604645E-001, 9.9999997473787516E-005, 9.9999997473787516E-005, 0.0000000000000000E+000, 3.8000000000000000E+002, 7.2387915849685669E-001, 1.0132499694824219E+001, 2.8039999008178711E+000, 3.2278750610351562E+002, 2.7510760498046875E+002, 2.0003999816253781E-004, 5.7154519531250000E+004, 8.5228699445724487E-001, 3.2278750610351562E+002, 1.9999999494757503E-004, 0.0000000000000000E+000, 0.0000000000000000E+000, 0.0000000000000000E+000, 0.0000000000000000E+000, 0.0000000000000000E+000, 0.0000000000000000E+000, 6.6118940594606102E-005, 8.0810968938749284E-006, 1.2787153558235786E-008, 0.0000000000000000E+000, 0.0000000000000000E+000, 0.0000000000000000E+000, 0.0000000000000000E+000, 0.0000000000000000E+000, 0.0000000000000000E+000, 0.0000000000000000E+000, 0.0000000000000000E+000, 0.0000000000000000E+000, 0.0000000000000000E+000, 0.0000000000000000E+000, 0.0000000000000000E+000, 0.0000000000000000E+000, 0.0000000000000000E+000, 0.0000000000000000E+000, 0.0000000000000000E+000, 0.0000000000000000E+000, 0.0000000000000000E+000, 0.0000000000000000E+000, 0.0000000000000000E+000, 0.0000000000000000E+000, 0.0000000000000000E+000, 0.0000000000000000E+000, 0.0000000000000000E+000, 0.0000000000000000E+000, 0.0000000000000000E+000, 0.0000000000000000E+000, 0.0000000000000000E+000, 0.0000000000000000E+000, 0.0000000000000000E+000, 0.0000000000000000E+000, 0.0000000000000000E+000, 0.0000000000000000E+000, 4.7683716530855236E-008, 0.0000000000000000E+000, 0.0000000000000000E+000, 7.2759577226036432E-013, 0.0000000000000000E+000, 0.0000000000000000E+000, 0.0000000000000000E+000, 0.0000000000000000E+000, 3.2278750610351562E+002, 2.4629306048154831E-002, 3.0102084856480360E-003
momentum_off,24,0, 2.0000000000000000E+001, 1.0000000000000000E+005, 3.4999999403953552E-001, 3.1916775703430176E+000, 0.0000000000000000E+000, 0.0000000000000000E+000, 1.4000000059604645E-001, 9.9999997473787516E-005, 9.9999997473787516E-005, 0.0000000000000000E+000, 3.9500000000000000E+002, 6.9692218303680420E-001, 1.0713749885559082E+001, 3.1139998435974121E+000, 3.2453125000000000E+002, 2.7301443481445312E+002, 2.0003999816253781E-004, 5.4607437500000000E+004, 8.4125775098800659E-001, 3.2453125000000000E+002, 1.9999999494757503E-004, 0.0000000000000000E+000, 0.0000000000000000E+000, 0.0000000000000000E+000, 0.0000000000000000E+000, 0.0000000000000000E+000, 0.0000000000000000E+000, 6.3559964473824948E-005, 7.7684480856987648E-006, 1.2683186945139369E-008, 0.0000000000000000E+000, 0.0000000000000000E+000, 0.0000000000000000E+000, 0.0000000000000000E+000, 0.0000000000000000E+000, 0.0000000000000000E+000, 0.0000000000000000E+000, 0.0000000000000000E+000, 0.0000000000000000E+000, 0.0000000000000000E+000, 0.0000000000000000E+000, 0.0000000000000000E+000, 0.0000000000000000E+000, 0.0000000000000000E+000, 0.0000000000000000E+000, 0.0000000000000000E+000, 0.0000000000000000E+000, 0.0000000000000000E+000, 0.0000000000000000E+000, 0.0000000000000000E+000, 0.0000000000000000E+000, 0.0000000000000000E+000, 0.0000000000000000E+000, 0.0000000000000000E+000, 0.0000000000000000E+000, 0.0000000000000000E+000, 0.0000000000000000E+000, 0.0000000000000000E+000, 0.0000000000000000E+000, 0.0000000000000000E+000, 0.0000000000000000E+000, 0.0000000000000000E+000, 0.0000000000000000E+000, 0.0000000000000000E+000, 0.0000000000000000E+000, 0.0000000000000000E+000, 7.2759577226036432E-013, 0.0000000000000000E+000, 0.0000000000000000E+000, 0.0000000000000000E+000, 0.0000000000000000E+000, 3.2453125000000000E+002, 2.4629486724734306E-002, 3.0102736782282591E-003
momentum_off,25,0, 2.0000000000000000E+001, 1.0000000000000000E+005, 3.4999999403953552E-001, 3.1916775703430176E+000, 0.0000000000000000E+000, 0.0000000000000000E+000, 1.4000000059604645E-001, 9.9999997473787516E-005, 9.9999997473787516E-005, 0.0000000000000000E+000, 4.1000000000000000E+002, 6.7000472545623779E-001, 1.1317500114440918E+001, 3.4359998703002930E+000, 3.2634249877929688E+002, 2.7084884643554688E+002, 2.0003999816253781E-004, 5.2081890625000000E+004, 8.2995271682739258E-001, 3.2634249877929688E+002, 1.9999999494757503E-004, 0.0000000000000000E+000, 0.0000000000000000E+000, 0.0000000000000000E+000, 0.0000000000000000E+000, 0.0000000000000000E+000, 0.0000000000000000E+000, 6.1191210988909006E-005, 7.4789149948628619E-006, 1.2571073959577461E-008, 0.0000000000000000E+000, 0.0000000000000000E+000, 0.0000000000000000E+000, 0.0000000000000000E+000, 0.0000000000000000E+000, 0.0000000000000000E+000, 0.0000000000000000E+000, 0.0000000000000000E+000, 0.0000000000000000E+000, 0.0000000000000000E+000, 0.0000000000000000E+000, 0.0000000000000000E+000, 0.0000000000000000E+000, 0.0000000000000000E+000, 0.0000000000000000E+000, 0.0000000000000000E+000, 0.0000000000000000E+000, 0.0000000000000000E+000, 0.0000000000000000E+000, 0.0000000000000000E+000, 0.0000000000000000E+000, 0.0000000000000000E+000, 0.0000000000000000E+000, 0.0000000000000000E+000, 0.0000000000000000E+000, 0.0000000000000000E+000, 0.0000000000000000E+000, 0.0000000000000000E+000, 0.0000000000000000E+000, 0.0000000000000000E+000, 0.0000000000000000E+000, 0.0000000000000000E+000, 0.0000000000000000E+000, 0.0000000000000000E+000, 1.1920929132713809E-008, 0.0000000000000000E+000, 0.0000000000000000E+000, 0.0000000000000000E+000, 0.0000000000000000E+000, 0.0000000000000000E+000, 0.0000000000000000E+000, 3.2634249877929688E+002, 2.4629462510347366E-002, 3.0102632008492947E-003
momentum_off,26,0, 2.0000000000000000E+001, 1.0000000000000000E+005, 3.4999999403953552E-001, 3.1916775703430176E+000, 0.0000000000000000E+000, 0.0000000000000000E+000, 1.4000000059604645E-001, 9.9999997473787516E-005, 9.9999997473787516E-005, 0.0000000000000000E+000, 4.2500000000000000E+002, 6.4320284128189087E-001, 1.1943750381469727E+001, 3.7699999809265137E+000, 3.2822125244140625E+002, 2.6861196899414062E+002, 2.0003999816253781E-004, 4.9585558593750000E+004, 8.1838685274124146E-001, 3.2822125244140625E+002, 1.9999999494757503E-004, 0.0000000000000000E+000, 0.0000000000000000E+000, 0.0000000000000000E+000, 0.0000000000000000E+000, 0.0000000000000000E+000, 0.0000000000000000E+000, 5.8992631238652393E-005, 7.2101843215932604E-006, 1.2450130704166895E-008, 0.0000000000000000E+000, 0.0000000000000000E+000, 0.0000000000000000E+000, 0.0000000000000000E+000, 0.0000000000000000E+000, 0.0000000000000000E+000, 0.0000000000000000E+000, 0.0000000000000000E+000, 0.0000000000000000E+000, 0.0000000000000000E+000, 0.0000000000000000E+000, 0.0000000000000000E+000, 0.0000000000000000E+000, 0.0000000000000000E+000, 0.0000000000000000E+000, 0.0000000000000000E+000, 0.0000000000000000E+000, 0.0000000000000000E+000, 0.0000000000000000E+000, 0.0000000000000000E+000, 0.0000000000000000E+000, 0.0000000000000000E+000, 0.0000000000000000E+000, 0.0000000000000000E+000, 0.0000000000000000E+000, 0.0000000000000000E+000, 0.0000000000000000E+000, 0.0000000000000000E+000, 0.0000000000000000E+000, 0.0000000000000000E+000, 0.0000000000000000E+000, 0.0000000000000000E+000, 0.0000000000000000E+000, 0.0000000000000000E+000,-1.1920929132713809E-008,-1.5258789289873675E-006,-7.2759577226036432E-013, 0.0000000000000000E+000, 0.0000000000000000E+000, 0.0000000000000000E+000, 0.0000000000000000E+000, 3.2822122192382812E+002, 2.4629423394799232E-002, 3.0102520249783993E-003
momentum_off,27,0, 2.0000000000000000E+001, 1.0000000000000000E+005, 3.4999999403953552E-001, 3.1916775703430176E+000, 0.0000000000000000E+000, 0.0000000000000000E+000, 1.4000000059604645E-001, 9.9999997473787516E-005, 9.9999997473787516E-005, 0.0000000000000000E+000, 4.4000000000000000E+002, 6.1658954620361328E-001, 1.2592499732971191E+001, 4.1159996986389160E+000, 3.3016748046875000E+002, 2.6630493164062500E+002, 2.0003999816253781E-004, 4.7125640625000000E+004, 8.0657529830932617E-001, 3.3016748046875000E+002, 1.9999999494757503E-004, 0.0000000000000000E+000, 0.0000000000000000E+000, 0.0000000000000000E+000, 0.0000000000000000E+000, 0.0000000000000000E+000, 0.0000000000000000E+000, 5.6946806580526754E-005, 6.9602106123056728E-006, 1.2319770092972249E-008, 0.0000000000000000E+000, 0.0000000000000000E+000, 0.0000000000000000E+000, 0.0000000000000000E+000, 0.0000000000000000E+000, 0.0000000000000000E+000, 0.0000000000000000E+000, 0.0000000000000000E+000, 0.0000000000000000E+000, 0.0000000000000000E+000, 0.0000000000000000E+000, 0.0000000000000000E+000, 0.0000000000000000E+000, 0.0000000000000000E+000, 0.0000000000000000E+000, 0.0000000000000000E+000, 0.0000000000000000E+000, 0.0000000000000000E+000, 0.0000000000000000E+000, 0.0000000000000000E+000, 0.0000000000000000E+000, 0.0000000000000000E+000, 0.0000000000000000E+000, 0.0000000000000000E+000, 0.0000000000000000E+000, 0.0000000000000000E+000, 0.0000000000000000E+000, 0.0000000000000000E+000, 0.0000000000000000E+000, 0.0000000000000000E+000, 0.0000000000000000E+000, 0.0000000000000000E+000, 0.0000000000000000E+000,-4.7683716530855236E-008, 0.0000000000000000E+000, 0.0000000000000000E+000, 0.0000000000000000E+000, 0.0000000000000000E+000, 0.0000000000000000E+000, 0.0000000000000000E+000, 0.0000000000000000E+000, 3.3016748046875000E+002, 2.4629494175314903E-002, 3.0102911405265331E-003
momentum_off,28,0, 2.0000000000000000E+001, 1.0000000000000000E+005, 3.4999999403953552E-001, 3.1916775703430176E+000, 0.0000000000000000E+000, 0.0000000000000000E+000, 1.4000000059604645E-001, 9.9999997473787516E-005, 9.9999997473787516E-005, 0.0000000000000000E+000, 4.5500000000000000E+002, 5.9023320674896240E-001, 1.3263750076293945E+001, 4.4739999771118164E+000, 3.3218124389648438E+002, 2.6392916870117188E+002, 2.0003999816253781E-004, 4.4708792968750000E+004, 7.9453361034393311E-001, 3.3218124389648438E+002, 1.9999999494757503E-004, 0.0000000000000000E+000, 0.0000000000000000E+000, 0.0000000000000000E+000, 0.0000000000000000E+000, 0.0000000000000000E+000, 0.0000000000000000E+000, 5.5037693527992815E-005, 6.7267756094224751E-006, 1.2179274477830404E-008, 0.0000000000000000E+000, 0.0000000000000000E+000, 0.0000000000000000E+000, 0.0000000000000000E+000, 0.0000000000000000E+000, 0.0000000000000000E+000, 0.0000000000000000E+000, 0.0000000000000000E+000, 0.0000000000000000E+000, 0.0000000000000000E+000, 0.0000000000000000E+000, 0.0000000000000000E+000, 0.0000000000000000E+000, 0.0000000000000000E+000, 0.0000000000000000E+000, 0.0000000000000000E+000, 0.0000000000000000E+000, 0.0000000000000000E+000, 0.0000000000000000E+000, 0.0000000000000000E+000, 0.0000000000000000E+000, 0.0000000000000000E+000, 0.0000000000000000E+000, 0.0000000000000000E+000, 0.0000000000000000E+000, 0.0000000000000000E+000, 0.0000000000000000E+000, 0.0000000000000000E+000, 0.0000000000000000E+000, 0.0000000000000000E+000, 0.0000000000000000E+000, 0.0000000000000000E+000, 0.0000000000000000E+000, 4.7683716530855236E-008,-2.3841858265427618E-008, 0.0000000000000000E+000, 0.0000000000000000E+000, 0.0000000000000000E+000, 0.0000000000000000E+000, 0.0000000000000000E+000, 0.0000000000000000E+000, 3.3218124389648438E+002, 2.4629367515444756E-002, 3.0102320015430450E-003
momentum_off,29,0, 2.0000000000000000E+001, 1.0000000000000000E+005, 3.4999999403953552E-001, 3.1916775703430176E+000, 0.0000000000000000E+000, 0.0000000000000000E+000, 1.4000000059604645E-001, 9.9999997473787516E-005, 9.9999997473787516E-005, 0.0000000000000000E+000, 4.7000000000000000E+002, 5.6419861316680908E-001, 1.3957500457763672E+001, 4.8439998626708984E+000, 3.3426248168945312E+002, 2.6148590087890625E+002, 2.0003999816253781E-004, 4.2341105468750000E+004, 7.8227710723876953E-001, 3.3426248168945312E+002, 1.9999999494757503E-004, 0.0000000000000000E+000, 0.0000000000000000E+000, 0.0000000000000000E+000, 0.0000000000000000E+000, 0.0000000000000000E+000, 0.0000000000000000E+000, 5.3252813813742250E-005, 6.5087037910416257E-006, 1.2027884466192518E-008, 0.0000000000000000E+000, 0.0000000000000000E+000, 0.0000000000000000E+000, 0.0000000000000000E+000, 0.0000000000000000E+000, 0.0000000000000000E+000, 0.0000000000000000E+000, 0.0000000000000000E+000, 0.0000000000000000E+000, 0.0000000000000000E+000, 0.0000000000000000E+000, 0.0000000000000000E+000, 0.0000000000000000E+000, 0.0000000000000000E+000, 0.0000000000000000E+000, 0.0000000000000000E+000, 0.0000000000000000E+000, 0.0000000000000000E+000, 0.0000000000000000E+000, 0.0000000000000000E+000, 0.0000000000000000E+000, 0.0000000000000000E+000, 0.0000000000000000E+000, 0.0000000000000000E+000, 0.0000000000000000E+000, 0.0000000000000000E+000, 0.0000000000000000E+000, 0.0000000000000000E+000, 0.0000000000000000E+000, 0.0000000000000000E+000, 0.0000000000000000E+000, 0.0000000000000000E+000, 0.0000000000000000E+000, 0.0000000000000000E+000, 2.3841858265427618E-008,-1.5258789289873675E-006, 0.0000000000000000E+000, 0.0000000000000000E+000, 0.0000000000000000E+000, 0.0000000000000000E+000, 0.0000000000000000E+000, 3.3426245117187500E+002, 2.4629427120089531E-002, 3.0102755408734083E-003
momentum_off,30,0, 2.0000000000000000E+001, 1.0000000000000000E+005, 3.4999999403953552E-001, 3.1916775703430176E+000, 0.0000000000000000E+000, 0.0000000000000000E+000, 1.4000000059604645E-001, 9.9999997473787516E-005, 9.9999997473787516E-005, 0.0000000000000000E+000, 4.8500000000000000E+002, 5.3854584693908691E-001, 1.4673749923706055E+001, 5.2259998321533203E+000, 3.3641125488281250E+002, 2.5897659301757812E+002, 2.0003999816253781E-004, 4.0028109375000000E+004, 7.6982146501541138E-001, 3.3641125488281250E+002, 1.9999999494757503E-004, 0.0000000000000000E+000, 0.0000000000000000E+000, 0.0000000000000000E+000, 0.0000000000000000E+000, 0.0000000000000000E+000, 0.0000000000000000E+000, 5.1579951104940847E-005, 6.3041261455509812E-006, 0.0000000000000000E+000, 0.0000000000000000E+000, 0.0000000000000000E+000, 0.0000000000000000E+000, 0.0000000000000000E+000, 0.0000000000000000E+000, 0.0000000000000000E+000, 0.0000000000000000E+000, 0.0000000000000000E+000, 0.0000000000000000E+000, 0.0000000000000000E+000, 0.0000000000000000E+000, 0.0000000000000000E+000, 0.0000000000000000E+000, 0.0000000000000000E+000, 0.0000000000000000E+000, 0.0000000000000000E+000, 0.0000000000000000E+000, 0.0000000000000000E+000, 0.0000000000000000E+000, 0.0000000000000000E+000, 0.0000000000000000E+000, 0.0000000000000000E+000, 0.0000000000000000E+000, 0.0000000000000000E+000, 0.0000000000000000E+000, 0.0000000000000000E+000, 0.0000000000000000E+000, 0.0000000000000000E+000, 0.0000000000000000E+000, 0.0000000000000000E+000, 0.0000000000000000E+000, 0.0000000000000000E+000, 0.0000000000000000E+000, 0.0000000000000000E+000, 0.0000000000000000E+000, 0.0000000000000000E+000, 0.0000000000000000E+000, 0.0000000000000000E+000, 0.0000000000000000E+000, 0.0000000000000000E+000, 0.0000000000000000E+000, 3.3641125488281250E+002, 2.4629427120089531E-002, 3.0102201271802187E-003
momentum_off_probe,1,0, 2.0000000000000000E+001, 1.0000000000000000E+005, 3.4999999403953552E-001, 3.1916775703430176E+000, 0.0000000000000000E+000, 0.0000000000000000E+000, 1.4000000059604645E-001, 9.9999997473787516E-005, 9.9999997473787516E-005, 0.0000000000000000E+000, 5.0000000000000000E+001, 1.1552098989486694E+000, 3.0374999046325684E+000,-9.8000001907348633E-001, 3.0098498535156250E+002, 3.0073214721679688E+002, 1.7079303041100502E-002, 9.9706312500000000E+004, 9.9915999174118042E-001, 3.0098498535156250E+002, 1.6792498528957367E-002, 0.0000000000000000E+000, 0.0000000000000000E+000, 0.0000000000000000E+000, 0.0000000000000000E+000, 0.0000000000000000E+000, 0.0000000000000000E+000, 0.0000000000000000E+000, 0.0000000000000000E+000, 1.6604111806373112E-005, 0.0000000000000000E+000, 0.0000000000000000E+000, 0.0000000000000000E+000, 0.0000000000000000E+000, 0.0000000000000000E+000, 0.0000000000000000E+000, 0.0000000000000000E+000, 0.0000000000000000E+000, 0.0000000000000000E+000, 0.0000000000000000E+000, 0.0000000000000000E+000, 0.0000000000000000E+000, 0.0000000000000000E+000, 0.0000000000000000E+000, 0.0000000000000000E+000, 0.0000000000000000E+000, 0.0000000000000000E+000, 0.0000000000000000E+000, 0.0000000000000000E+000, 0.0000000000000000E+000, 0.0000000000000000E+000, 2.5148302316665649E-002, 7.5690522193908691E+000, 4.2223418131470680E-004, 0.0000000000000000E+000, 7.7331036329269409E-002,-2.4142373353242874E-002, 0.0000000000000000E+000, 0.0000000000000000E+000, 0.0000000000000000E+000, 0.0000000000000000E+000, 0.0000000000000000E+000, 0.0000000000000000E+000,-4.9968960229307413E-004, 1.3379901647567749E-003, 1.5014648670330644E-003, 1.2218721394674503E-006, 0.0000000000000000E+000, 0.0000000000000000E+000, 0.0000000000000000E+000, 0.0000000000000000E+000, 3.0101501464843750E+002, 0.0000000000000000E+000, 0.0000000000000000E+000
momentum_off_probe,2,0, 2.0000000000000000E+001, 1.0000000000000000E+005, 3.4999999403953552E-001, 3.1916775703430176E+000, 0.0000000000000000E+000, 0.0000000000000000E+000, 1.4000000059604645E-001, 9.9999997473787516E-005, 9.9999997473787516E-005, 0.0000000000000000E+000, 6.5000000000000000E+001, 1.1497731208801270E+000, 3.1237499713897705E+000,-9.3400001525878906E-001, 3.0095050048828125E+002, 3.0011709594726562E+002, 1.7061458900570869E-002, 9.9034109375000000E+004, 9.9723070859909058E-001, 3.0095050048828125E+002, 1.6775248572230339E-002, 0.0000000000000000E+000, 0.0000000000000000E+000, 0.0000000000000000E+000, 0.0000000000000000E+000, 0.0000000000000000E+000, 0.0000000000000000E+000, 6.6123658418655396E-001, 7.3893976211547852E-001, 1.0386434041720349E-005, 0.0000000000000000E+000, 0.0000000000000000E+000, 0.0000000000000000E+000, 0.0000000000000000E+000, 0.0000000000000000E+000, 0.0000000000000000E+000, 0.0000000000000000E+000, 0.0000000000000000E+000, 0.0000000000000000E+000, 2.5148302316665649E-002, 7.5690522193908691E+000, 4.2223418131470680E-004, 0.0000000000000000E+000, 7.7331036329269409E-002,-2.4142373353242874E-002, 0.0000000000000000E+000, 0.0000000000000000E+000, 0.0000000000000000E+000, 0.0000000000000000E+000, 0.0000000000000000E+000, 0.0000000000000000E+000, 2.5219200178980827E-002, 7.5902986526489258E+000, 4.2337345075793564E-004, 0.0000000000000000E+000, 7.7604100108146667E-002,-2.4181071668863297E-002, 0.0000000000000000E+000, 0.0000000000000000E+000, 0.0000000000000000E+000, 0.0000000000000000E+000, 0.0000000000000000E+000, 0.0000000000000000E+000, 2.1247982513159513E-003, 1.3267695903778076E-003,-1.2466430198401213E-003,-5.7394527175347321E-007, 0.0000000000000000E+000, 0.0000000000000000E+000, 0.0000000000000000E+000, 0.0000000000000000E+000, 3.0092556762695312E+002, 3.8021102905273438E+001, 4.2489036560058594E+001
momentum_off_probe,3,0, 2.0000000000000000E+001, 1.0000000000000000E+005, 3.4999999403953552E-001, 3.1916775703430176E+000, 0.0000000000000000E+000, 0.0000000000000000E+000, 1.4000000059604645E-001, 9.9999997473787516E-005, 9.9999997473787516E-005, 0.0000000000000000E+000, 8.0000000000000000E+001, 1.1429547071456909E+000, 3.2325000762939453E+000,-8.7599998712539673E-001, 3.0090701293945312E+002, 2.9934332275390625E+002, 1.7038961872458458E-002, 9.8192992187500000E+004, 9.9480342864990234E-001, 3.0090701293945312E+002, 1.6753500327467918E-002, 0.0000000000000000E+000, 0.0000000000000000E+000, 0.0000000000000000E+000, 0.0000000000000000E+000, 0.0000000000000000E+000, 0.0000000000000000E+000, 2.1251556873321533E+000, 3.3799192905426025E+000, 1.0162820217374247E-005, 0.0000000000000000E+000, 0.0000000000000000E+000, 0.0000000000000000E+000, 0.0000000000000000E+000, 0.0000000000000000E+000, 0.0000000000000000E+000, 0.0000000000000000E+000, 0.0000000000000000E+000, 0.0000000000000000E+000, 2.5219200178980827E-002, 7.5902986526489258E+000, 4.2337345075793564E-004, 0.0000000000000000E+000, 7.7604100108146667E-002,-2.4181071668863297E-002, 0.0000000000000000E+000, 0.0000000000000000E+000, 0.0000000000000000E+000, 0.0000000000000000E+000, 0.0000000000000000E+000, 0.0000000000000000E+000, 3.1504020094871521E-002, 9.4815053939819336E+000, 5.2869680803269148E-004, 0.0000000000000000E+000, 9.7217425704002380E-002,-3.0061157420277596E-002, 0.0000000000000000E+000, 0.0000000000000000E+000, 0.0000000000000000E+000, 0.0000000000000000E+000, 0.0000000000000000E+000, 0.0000000000000000E+000, 2.1153211127966642E-003, 1.1771649587899446E-003,-1.2420654529705644E-003,-6.1221504665809334E-007, 0.0000000000000000E+000, 0.0000000000000000E+000, 0.0000000000000000E+000, 0.0000000000000000E+000, 3.0088217163085938E+002, 1.5407379150390625E+002, 2.4504414367675781E+002
momentum_off_probe,4,0, 2.0000000000000000E+001, 1.0000000000000000E+005, 3.4999999403953552E-001, 3.1916775703430176E+000, 0.0000000000000000E+000, 0.0000000000000000E+000, 1.4000000059604645E-001, 9.9999997473787516E-005, 9.9999997473787516E-005, 0.0000000000000000E+000, 9.5000000000000000E+001, 1.1347795724868774E+000, 3.3637499809265137E+000,-8.0599999427795410E-001, 3.0085449218750000E+002, 2.9841210937500000E+002, 1.7011811956763268E-002, 9.7187367187500000E+004, 9.9188184738159180E-001, 3.0085449218750000E+002, 1.6727250069379807E-002, 0.0000000000000000E+000, 0.0000000000000000E+000, 0.0000000000000000E+000, 0.0000000000000000E+000, 0.0000000000000000E+000, 0.0000000000000000E+000, 3.3333053588867188E+000, 5.3014154434204102E+000, 1.1282841114734765E-005, 0.0000000000000000E+000, 0.0000000000000000E+000, 0.0000000000000000E+000, 0.0000000000000000E+000, 0.0000000000000000E+000, 0.0000000000000000E+000, 0.0000000000000000E+000, 0.0000000000000000E+000, 0.0000000000000000E+000, 3.1504020094871521E-002, 9.4815053939819336E+000, 5.2869680803269148E-004, 0.0000000000000000E+000, 9.7217425704002380E-002,-3.0061157420277596E-002, 0.0000000000000000E+000, 0.0000000000000000E+000, 0.0000000000000000E+000, 0.0000000000000000E+000, 0.0000000000000000E+000, 0.0000000000000000E+000, 4.0345538407564163E-002, 1.2141595840454102E+001, 6.7663035588338971E-004, 0.0000000000000000E+000, 1.2525171041488647E-001,-3.8097497075796127E-002, 0.0000000000000000E+000, 0.0000000000000000E+000, 0.0000000000000000E+000, 0.0000000000000000E+000, 0.0000000000000000E+000, 0.0000000000000000E+000, 1.5829444164410233E-003, 8.5948704509064555E-004,-9.4451906625181437E-004,-4.7936237024259754E-007, 0.0000000000000000E+000, 0.0000000000000000E+000, 0.0000000000000000E+000, 0.0000000000000000E+000, 3.0083560180664062E+002, 2.9166421508789062E+002, 4.6387384033203125E+002
momentum_off_probe,5,0, 2.0000000000000000E+001, 1.0000000000000000E+005, 3.4999999403953552E-001, 3.1916775703430176E+000, 0.0000000000000000E+000, 0.0000000000000000E+000, 1.4000000059604645E-001, 9.9999997473787516E-005, 9.9999997473787516E-005, 0.0000000000000000E+000, 1.1000000000000000E+002, 1.1252770423889160E+000, 3.5174999237060547E+000,-7.2399997711181641E-001, 3.0079299926757812E+002, 2.9732498168945312E+002, 1.6980007290840149E-002, 9.6022445312500000E+004, 9.8847037553787231E-001, 3.0079299926757812E+002, 1.6696499660611153E-002, 0.0000000000000000E+000, 0.0000000000000000E+000, 0.0000000000000000E+000, 0.0000000000000000E+000, 0.0000000000000000E+000, 0.0000000000000000E+000, 3.9396827220916748E+000, 6.2658066749572754E+000, 1.2768531632900704E-005, 0.0000000000000000E+000, 0.0000000000000000E+000, 0.0000000000000000E+000, 0.0000000000000000E+000, 0.0000000000000000E+000, 0.0000000000000000E+000, 0.0000000000000000E+000, 0.0000000000000000E+000, 0.0000000000000000E+000, 4.0345538407564163E-002, 1.2141595840454102E+001, 6.7663035588338971E-004, 0.0000000000000000E+000, 1.2525171041488647E-001,-3.8097497075796127E-002, 0.0000000000000000E+000, 0.0000000000000000E+000, 0.0000000000000000E+000, 0.0000000000000000E+000, 0.0000000000000000E+000, 0.0000000000000000E+000, 4.6551037579774857E-002, 1.4007497787475586E+001, 7.7990395948290825E-004, 0.0000000000000000E+000, 1.4599755406379700E-001,-4.3167337775230408E-002, 0.0000000000000000E+000, 0.0000000000000000E+000, 0.0000000000000000E+000, 0.0000000000000000E+000, 0.0000000000000000E+000, 0.0000000000000000E+000, 9.5326901646330953E-004, 5.1336584147065878E-004,-5.6915282038971782E-004,-3.0518177140947955E-007, 0.0000000000000000E+000, 0.0000000000000000E+000, 0.0000000000000000E+000, 0.0000000000000000E+000, 3.0078161621093750E+002, 4.0381747436523438E+002, 6.4224517822265625E+002
momentum_off_probe,6,0, 2.0000000000000000E+001, 1.0000000000000000E+005, 3.4999999403953552E-001, 3.1916775703430176E+000, 0.0000000000000000E+000, 0.0000000000000000E+000, 1.4000000059604645E-001, 9.9999997473787516E-005, 9.9999997473787516E-005, 0.0000000000000000E+000, 1.2500000000000000E+002, 1.1144819259643555E+000, 3.6937499046325684E+000,-6.2999999523162842E-001, 3.0072250366210938E+002, 2.9608355712890625E+002, 1.6943549737334251E-002, 9.4704203125000000E+004, 9.8457401990890503E-001, 3.0072250366210938E+002, 1.6661249101161957E-002, 0.0000000000000000E+000, 0.0000000000000000E+000, 0.0000000000000000E+000, 0.0000000000000000E+000, 0.0000000000000000E+000, 0.0000000000000000E+000, 3.9954566955566406E+000, 6.3545122146606445E+000, 1.4036456377652939E-005, 0.0000000000000000E+000, 0.0000000000000000E+000, 0.0000000000000000E+000, 0.0000000000000000E+000, 0.0000000000000000E+000, 0.0000000000000000E+000, 0.0000000000000000E+000, 0.0000000000000000E+000, 0.0000000000000000E+000, 4.6551037579774857E-002, 1.4007497787475586E+001, 7.7990395948290825E-004, 0.0000000000000000E+000, 1.4599755406379700E-001,-4.3167337775230408E-002, 0.0000000000000000E+000, 0.0000000000000000E+000, 0.0000000000000000E+000, 0.0000000000000000E+000, 0.0000000000000000E+000, 0.0000000000000000E+000, 5.1032334566116333E-002, 1.5353493690490723E+001, 8.5374765330925584E-004, 0.0000000000000000E+000, 1.6253915429115295E-001,-4.5996516942977905E-002, 0.0000000000000000E+000, 0.0000000000000000E+000, 0.0000000000000000E+000, 0.0000000000000000E+000, 0.0000000000000000E+000, 0.0000000000000000E+000, 4.8135517863556743E-004, 2.5824605836533010E-004,-2.2735595121048391E-004,-1.5750219972687773E-007, 0.0000000000000000E+000, 0.0000000000000000E+000, 0.0000000000000000E+000, 0.0000000000000000E+000, 3.0071795654296875E+002, 4.6946615600585938E+002, 7.4665521240234375E+002
momentum_off_probe,7,0, 2.0000000000000000E+001, 1.0000000000000000E+005, 3.4999999403953552E-001, 3.1916775703430176E+000, 0.0000000000000000E+000, 0.0000000000000000E+000, 1.4000000059604645E-001, 9.9999997473787516E-005, 9.9999997473787516E-005, 0.0000000000000000E+000, 1.4000000000000000E+002, 1.1024332046508789E+000, 3.8924999237060547E+000,-5.2400004863739014E-001, 3.0064300537109375E+002, 2.9468988037109375E+002, 1.6902443021535873E-002, 9.3239382812500000E+004, 9.8019868135452271E-001, 3.0064300537109375E+002, 1.6621500253677368E-002, 0.0000000000000000E+000, 0.0000000000000000E+000, 0.0000000000000000E+000, 0.0000000000000000E+000, 0.0000000000000000E+000, 0.0000000000000000E+000, 3.8482599258422852E+000, 6.1194591522216797E+000, 1.4680625099572353E-005, 0.0000000000000000E+000, 0.0000000000000000E+000, 0.0000000000000000E+000, 0.0000000000000000E+000, 0.0000000000000000E+000, 0.0000000000000000E+000, 0.0000000000000000E+000, 0.0000000000000000E+000, 0.0000000000000000E+000, 5.1032334566116333E-002, 1.5353493690490723E+001, 8.5374765330925584E-004, 0.0000000000000000E+000, 1.6253915429115295E-001,-4.5996516942977905E-002, 0.0000000000000000E+000, 0.0000000000000000E+000, 0.0000000000000000E+000, 0.0000000000000000E+000, 0.0000000000000000E+000, 0.0000000000000000E+000, 5.4330360144376755E-002, 1.6342374801635742E+001, 9.0723630273714662E-004, 0.0000000000000000E+000, 1.7673449218273163E-001,-4.7000549733638763E-002, 0.0000000000000000E+000, 0.0000000000000000E+000, 0.0000000000000000E+000, 0.0000000000000000E+000, 0.0000000000000000E+000, 0.0000000000000000E+000, 7.8451630542986095E-005, 4.2271614802302793E-005, 1.7242431931663305E-004,-1.9393656458532860E-008, 0.0000000000000000E+000, 0.0000000000000000E+000, 0.0000000000000000E+000, 0.0000000000000000E+000, 3.0064645385742188E+002, 5.0989443969726562E+002, 8.1082830810546875E+002
momentum_off_probe,8,0, 2.0000000000000000E+001, 1.0000000000000000E+005, 3.4999999403953552E-001, 3.1916775703430176E+000, 0.0000000000000000E+000, 0.0000000000000000E+000, 1.4000000059604645E-001, 9.9999997473787516E-005, 9.9999997473787516E-005, 0.0000000000000000E+000, 1.5500000000000000E+002, 1.0891735553741455E+000, 4.1137499809265137E+000,-4.0600001811981201E-001, 3.0055450439453125E+002, 2.9314611816406250E+002, 1.6856687143445015E-002, 9.1635367187500000E+004, 9.7535091638565063E-001, 3.0055450439453125E+002, 1.6577249392867088E-002, 0.0000000000000000E+000, 0.0000000000000000E+000, 0.0000000000000000E+000, 0.0000000000000000E+000, 0.0000000000000000E+000, 0.0000000000000000E+000, 3.5330657958984375E+000, 5.4388732910156250E+000, 1.4377995285030920E-005, 0.0000000000000000E+000, 0.0000000000000000E+000, 0.0000000000000000E+000, 0.0000000000000000E+000, 0.0000000000000000E+000, 0.0000000000000000E+000, 0.0000000000000000E+000, 0.0000000000000000E+000, 0.0000000000000000E+000, 5.4330360144376755E-002, 1.6342374801635742E+001, 9.0723630273714662E-004, 0.0000000000000000E+000, 1.7673449218273163E-001,-4.7000549733638763E-002, 0.0000000000000000E+000, 0.0000000000000000E+000, 0.0000000000000000E+000, 0.0000000000000000E+000, 0.0000000000000000E+000, 0.0000000000000000E+000, 1.2655740976333618E-001, 3.8058578491210938E+001, 2.0792260766029358E-003, 2.9365452064666897E-005, 4.2297482490539551E-001,-1.0346268862485886E-001, 0.0000000000000000E+000, 0.0000000000000000E+000, 0.0000000000000000E+000, 0.0000000000000000E+000, 0.0000000000000000E+000, 0.0000000000000000E+000,-3.2265187473967671E-004,-1.7196386761497706E-004, 7.4920651968568563E-004, 7.0007473595978809E-008, 0.0000000000000000E+000, 0.0000000000000000E+000, 0.0000000000000000E+000, 0.0000000000000000E+000, 3.0056948852539062E+002, 5.2112719726562500E+002, 8.0223382568359375E+002
momentum_off_probe,9,0, 2.0000000000000000E+001, 1.0000000000000000E+005, 3.4999999403953552E-001, 3.1916775703430176E+000, 0.0000000000000000E+000, 0.0000000000000000E+000, 1.4000000059604645E-001, 9.9999997473787516E-005, 9.9999997473787516E-005, 0.0000000000000000E+000, 1.7000000000000000E+002, 1.0747500658035278E+000, 4.3575000762939453E+000,-2.7600002288818359E-001, 3.0045700073242188E+002, 2.9145468139648438E+002, 1.6806282103061676E-002, 8.9900148437500000E+004, 9.7003787755966187E-001, 3.0045700073242188E+002, 1.6528500244021416E-002, 0.0000000000000000E+000, 0.0000000000000000E+000, 0.0000000000000000E+000, 0.0000000000000000E+000, 0.0000000000000000E+000, 0.0000000000000000E+000, 3.1758401393890381E+000, 4.8567371368408203E+000, 1.2437129953468684E-005, 0.0000000000000000E+000, 0.0000000000000000E+000, 0.0000000000000000E+000, 0.0000000000000000E+000, 0.0000000000000000E+000, 0.0000000000000000E+000, 0.0000000000000000E+000, 0.0000000000000000E+000, 0.0000000000000000E+000, 1.2655740976333618E-001, 3.8058578491210938E+001, 2.0792260766029358E-003, 2.9365452064666897E-005, 4.2297482490539551E-001,-1.0346268862485886E-001, 0.0000000000000000E+000, 0.0000000000000000E+000, 0.0000000000000000E+000, 0.0000000000000000E+000, 0.0000000000000000E+000, 0.0000000000000000E+000, 1.8688167631626129E-001, 5.6190299987792969E+001, 2.9917482752352953E-003, 1.1735728912753984E-004, 6.3623642921447754E-001,-1.4656624197959900E-001, 0.0000000000000000E+000, 0.0000000000000000E+000, 0.0000000000000000E+000, 0.0000000000000000E+000, 0.0000000000000000E+000, 0.0000000000000000E+000,-1.2901306618005037E-003,-6.8804470356553793E-004, 1.8676758045330644E-003, 2.8704636179099907E-007, 0.0000000000000000E+000, 0.0000000000000000E+000, 0.0000000000000000E+000, 0.0000000000000000E+000, 3.0049435424804688E+002, 5.1607403564453125E+002, 7.8921978759765625E+002
momentum_off_probe,10,0, 2.0000000000000000E+001, 1.0000000000000000E+005, 3.4999999403953552E-001, 3.1916775703430176E+000, 0.0000000000000000E+000, 0.0000000000000000E+000, 1.4000000059604645E-001, 9.9999997473787516E-005, 9.9999997473787516E-005, 0.0000000000000000E+000, 1.8500000000000000E+002, 1.0592136383056641E+000, 4.6237497329711914E+000,-1.3400000333786011E-001, 3.0035049438476562E+002, 2.8961822509765625E+002, 1.6751229763031006E-002, 8.8042289062500000E+004, 9.6426749229431152E-001, 3.0035049438476562E+002, 1.6475249081850052E-002, 0.0000000000000000E+000, 0.0000000000000000E+000, 0.0000000000000000E+000, 0.0000000000000000E+000, 0.0000000000000000E+000, 0.0000000000000000E+000, 2.0971360206604004E+000, 3.3330962657928467E+000, 9.5745508588152006E-006, 0.0000000000000000E+000, 0.0000000000000000E+000, 0.0000000000000000E+000, 0.0000000000000000E+000, 0.0000000000000000E+000, 0.0000000000000000E+000, 0.0000000000000000E+000, 0.0000000000000000E+000, 0.0000000000000000E+000, 1.8688167631626129E-001, 5.6190299987792969E+001, 2.9917482752352953E-003, 1.1735728912753984E-004, 6.3623642921447754E-001,-1.4656624197959900E-001, 0.0000000000000000E+000, 0.0000000000000000E+000, 0.0000000000000000E+000, 0.0000000000000000E+000, 0.0000000000000000E+000, 0.0000000000000000E+000, 7.3212757706642151E-002, 2.2008392333984375E+001, 1.1384073877707124E-003, 7.7255288488231599E-005, 2.5518605113029480E-001,-5.4253920912742615E-002, 0.0000000000000000E+000, 0.0000000000000000E+000, 0.0000000000000000E+000, 0.0000000000000000E+000, 0.0000000000000000E+000, 0.0000000000000000E+000,-2.6383877266198397E-003,-1.4071397017687559E-003, 3.8681030273437500E-003, 4.7227368327185104E-007, 7.9611780279265076E-008, 0.0000000000000000E+000, 0.0000000000000000E+000, 0.0000000000000000E+000, 3.0042373657226562E+002, 3.7224163818359375E+002, 5.9162457275390625E+002
momentum_off_probe,11,0, 2.0000000000000000E+001, 1.0000000000000000E+005, 3.4999999403953552E-001, 3.1916775703430176E+000, 0.0000000000000000E+000, 0.0000000000000000E+000, 1.4000000059604645E-001, 9.9999997473787516E-005, 9.9999997473787516E-005, 0.0000000000000000E+000, 2.0000000000000000E+002, 1.0192198753356934E+000, 4.9124999046325684E+000, 1.9999980926513672E-002, 3.0712750244140625E+002, 2.9424295043945312E+002, 1.5661500394344330E-002, 8.6070796875000000E+004, 9.5804822444915771E-001, 3.0712750244140625E+002, 1.5420000068843365E-002, 0.0000000000000000E+000, 0.0000000000000000E+000, 0.0000000000000000E+000, 0.0000000000000000E+000, 0.0000000000000000E+000, 0.0000000000000000E+000, 5.2603594958782196E-002, 1.3150899671018124E-002, 4.0377809540359522E-008, 0.0000000000000000E+000, 0.0000000000000000E+000, 0.0000000000000000E+000, 0.0000000000000000E+000, 0.0000000000000000E+000, 0.0000000000000000E+000, 0.0000000000000000E+000, 0.0000000000000000E+000, 0.0000000000000000E+000, 7.3212757706642151E-002, 2.2008392333984375E+001, 1.1384073877707124E-003, 7.7255288488231599E-005, 2.5518605113029480E-001,-5.4253920912742615E-002, 0.0000000000000000E+000, 0.0000000000000000E+000, 0.0000000000000000E+000, 0.0000000000000000E+000, 0.0000000000000000E+000, 0.0000000000000000E+000, 0.0000000000000000E+000, 0.0000000000000000E+000, 0.0000000000000000E+000, 0.0000000000000000E+000, 0.0000000000000000E+000, 0.0000000000000000E+000, 0.0000000000000000E+000, 0.0000000000000000E+000, 0.0000000000000000E+000, 0.0000000000000000E+000, 0.0000000000000000E+000, 0.0000000000000000E+000,-9.0813635324593633E-005,-4.8437526857014745E-005,-1.3473511207848787E-003, 4.5914202218000355E-008, 3.7628811355716607E-007, 0.0000000000000000E+000, 0.0000000000000000E+000, 0.0000000000000000E+000, 3.0708099365234375E+002, 1.0126192092895508E+001, 2.5315482616424561E+000
momentum_off_probe,12,0, 2.0000000000000000E+001, 1.0000000000000000E+005, 3.4999999403953552E-001, 3.1916775703430176E+000, 0.0000000000000000E+000, 0.0000000000000000E+000, 1.4000000059604645E-001, 9.9999997473787516E-005, 9.9999997473787516E-005, 0.0000000000000000E+000, 2.1500000000000000E+002, 9.9856585264205933E-001, 5.2237501144409180E+000, 1.8599998950958252E-001, 3.0806124877929688E+002, 2.9308618164062500E+002, 1.4378819614648819E-002, 8.3995101562500000E+004, 9.5138931274414062E-001, 3.0806124877929688E+002, 1.4174999669194221E-002, 0.0000000000000000E+000, 0.0000000000000000E+000, 0.0000000000000000E+000, 0.0000000000000000E+000, 0.0000000000000000E+000, 0.0000000000000000E+000, 2.2483861539512873E-004, 3.2218697015196085E-005, 9.2721492706004938E-009, 0.0000000000000000E+000, 0.0000000000000000E+000, 0.0000000000000000E+000, 0.0000000000000000E+000, 0.0000000000000000E+000, 0.0000000000000000E+000, 0.0000000000000000E+000, 0.0000000000000000E+000, 0.0000000000000000E+000, 0.0000000000000000E+000, 0.0000000000000000E+000, 0.0000000000000000E+000, 0.0000000000000000E+000, 0.0000000000000000E+000, 0.0000000000000000E+000, 0.0000000000000000E+000, 0.0000000000000000E+000, 0.0000000000000000E+000, 0.0000000000000000E+000, 0.0000000000000000E+000, 0.0000000000000000E+000, 0.0000000000000000E+000, 0.0000000000000000E+000, 0.0000000000000000E+000, 0.0000000000000000E+000, 0.0000000000000000E+000, 0.0000000000000000E+000, 0.0000000000000000E+000, 0.0000000000000000E+000, 0.0000000000000000E+000, 0.0000000000000000E+000, 0.0000000000000000E+000, 0.0000000000000000E+000,-1.4305115314527939E-007,-7.5250866871101607E-008,-1.5258789289873675E-006, 4.6566129424663316E-011, 1.1398478732063677E-012, 0.0000000000000000E+000, 0.0000000000000000E+000, 0.0000000000000000E+000, 3.0806121826171875E+002, 4.6654012054204941E-002, 6.6853794269263744E-003
momentum_off_probe,13,0, 2.0000000000000000E+001, 1.0000000000000000E+005, 3.4999999403953552E-001, 3.1916775703430176E+000, 0.0000000000000000E+000, 0.0000000000000000E+000, 1.4000000059604645E-001, 9.9999997473787516E-005, 9.9999997473787516E-005, 0.0000000000000000E+000, 2.3000000000000000E+002, 9.7689360380172729E-001, 5.5574998855590820E+000, 3.6399996280670166E-001, 3.0906250000000000E+002, 2.9184783935546875E+002, 1.3007009401917458E-002, 8.1824929687500000E+004, 9.4430041313171387E-001, 3.0906250000000000E+002, 1.2839999981224537E-002, 0.0000000000000000E+000, 0.0000000000000000E+000, 0.0000000000000000E+000, 0.0000000000000000E+000, 0.0000000000000000E+000, 0.0000000000000000E+000, 1.2381582928355783E-004, 1.9644947315100580E-005, 1.2755863032509751E-008, 0.0000000000000000E+000, 0.0000000000000000E+000, 0.0000000000000000E+000, 0.0000000000000000E+000, 0.0000000000000000E+000, 0.0000000000000000E+000, 0.0000000000000000E+000, 0.0000000000000000E+000, 0.0000000000000000E+000, 0.0000000000000000E+000, 0.0000000000000000E+000, 0.0000000000000000E+000, 0.0000000000000000E+000, 0.0000000000000000E+000, 0.0000000000000000E+000, 0.0000000000000000E+000, 0.0000000000000000E+000, 0.0000000000000000E+000, 0.0000000000000000E+000, 0.0000000000000000E+000, 0.0000000000000000E+000, 0.0000000000000000E+000, 0.0000000000000000E+000, 0.0000000000000000E+000, 0.0000000000000000E+000, 0.0000000000000000E+000, 0.0000000000000000E+000, 0.0000000000000000E+000, 0.0000000000000000E+000, 0.0000000000000000E+000, 0.0000000000000000E+000, 0.0000000000000000E+000, 0.0000000000000000E+000,-4.7683716530855236E-008,-1.1920929132713809E-008,-1.5258789289873675E-006, 0.0000000000000000E+000, 1.9694727843259873E-018, 0.0000000000000000E+000, 0.0000000000000000E+000, 0.0000000000000000E+000, 3.0906246948242188E+002, 2.7549022808670998E-002, 4.3710009194910526E-003
momentum_off_probe,14,0, 2.0000000000000000E+001, 1.0000000000000000E+005, 3.4999999403953552E-001, 3.1916775703430176E+000, 0.0000000000000000E+000, 0.0000000000000000E+000, 1.4000000059604645E-001, 9.9999997473787516E-005, 9.9999997473787516E-005, 0.0000000000000000E+000, 2.4500000000000000E+002, 9.5429003238677979E-001, 5.9137496948242188E+000, 5.5400002002716064E-001, 3.1013125610351562E+002, 2.9052844238281250E+002, 1.1546807363629341E-002, 7.9570289062500000E+004, 9.3679189682006836E-001, 3.1013125610351562E+002, 1.1415000073611736E-002, 0.0000000000000000E+000, 0.0000000000000000E+000, 0.0000000000000000E+000, 0.0000000000000000E+000, 0.0000000000000000E+000, 0.0000000000000000E+000, 1.0439061588840559E-004, 1.6776362826931290E-005, 1.3391305841992107E-008, 0.0000000000000000E+000, 0.0000000000000000E+000, 0.0000000000000000E+000, 0.0000000000000000E+000, 0.0000000000000000E+000, 0.0000000000000000E+000, 0.0000000000000000E+000, 0.0000000000000000E+000, 0.0000000000000000E+000, 0.0000000000000000E+000, 0.0000000000000000E+000, 0.0000000000000000E+000, 0.0000000000000000E+000, 0.0000000000000000E+000, 0.0000000000000000E+000, 0.0000000000000000E+000, 0.0000000000000000E+000, 0.0000000000000000E+000, 0.0000000000000000E+000, 0.0000000000000000E+000, 0.0000000000000000E+000, 0.0000000000000000E+000, 0.0000000000000000E+000, 0.0000000000000000E+000, 0.0000000000000000E+000, 0.0000000000000000E+000, 0.0000000000000000E+000, 0.0000000000000000E+000, 0.0000000000000000E+000, 0.0000000000000000E+000, 0.0000000000000000E+000, 0.0000000000000000E+000, 0.0000000000000000E+000, 2.3841858265427618E-008, 0.0000000000000000E+000, 0.0000000000000000E+000, 0.0000000000000000E+000, 2.7301355747213805E-024, 0.0000000000000000E+000, 0.0000000000000000E+000, 0.0000000000000000E+000, 3.1013125610351562E+002, 2.4792771786451340E-002, 3.9843861013650894E-003
momentum_off_probe,15,0, 2.0000000000000000E+001, 1.0000000000000000E+005, 3.4999999403953552E-001, 3.1916775703430176E+000, 0.0000000000000000E+000, 0.0000000000000000E+000, 1.4000000059604645E-001, 9.9999997473787516E-005, 9.9999997473787516E-005, 0.0000000000000000E+000, 2.6000000000000000E+002, 9.3084430694580078E-001, 6.2925000190734863E+000, 7.5599992275238037E-001, 3.1126748657226562E+002, 2.8912847900390625E+002, 9.9989892914891243E-003, 7.7241343750000000E+004, 9.2887461185455322E-001, 3.1126748657226562E+002, 9.8999999463558197E-003, 0.0000000000000000E+000, 0.0000000000000000E+000, 0.0000000000000000E+000, 0.0000000000000000E+000, 0.0000000000000000E+000, 0.0000000000000000E+000, 9.7571763035375625E-005, 1.5726393030490726E-005, 1.3380702768017727E-008, 0.0000000000000000E+000, 0.0000000000000000E+000, 0.0000000000000000E+000, 0.0000000000000000E+000, 0.0000000000000000E+000, 0.0000000000000000E+000, 0.0000000000000000E+000, 0.0000000000000000E+000, 0.0000000000000000E+000, 0.0000000000000000E+000, 0.0000000000000000E+000, 0.0000000000000000E+000, 0.0000000000000000E+000, 0.0000000000000000E+000, 0.0000000000000000E+000, 0.0000000000000000E+000, 0.0000000000000000E+000, 0.0000000000000000E+000, 0.0000000000000000E+000, 0.0000000000000000E+000, 0.0000000000000000E+000, 0.0000000000000000E+000, 0.0000000000000000E+000, 0.0000000000000000E+000, 0.0000000000000000E+000, 0.0000000000000000E+000, 0.0000000000000000E+000, 0.0000000000000000E+000, 0.0000000000000000E+000, 0.0000000000000000E+000, 0.0000000000000000E+000, 0.0000000000000000E+000, 0.0000000000000000E+000, 0.0000000000000000E+000, 2.9802322831784522E-009, 0.0000000000000000E+000, 0.0000000000000000E+000, 3.3455276401803757E-030, 0.0000000000000000E+000, 0.0000000000000000E+000, 0.0000000000000000E+000, 3.1126748657226562E+002, 2.4636870250105858E-002, 3.9709140546619892E-003
momentum_off_probe,16,0, 2.0000000000000000E+001, 1.0000000000000000E+005, 3.4999999403953552E-001, 3.1916775703430176E+000, 0.0000000000000000E+000, 0.0000000000000000E+000, 1.4000000059604645E-001, 9.9999997473787516E-005, 9.9999997473787516E-005, 0.0000000000000000E+000, 2.7500000000000000E+002, 9.0664714574813843E-001, 6.6937503814697266E+000, 9.6999990940093994E-001, 3.1247125244140625E+002, 2.8764852905273438E+002, 8.3643821999430656E-003, 7.4848367187500000E+004, 9.2056000232696533E-001, 3.1247125244140625E+002, 8.2949995994567871E-003, 0.0000000000000000E+000, 0.0000000000000000E+000, 0.0000000000000000E+000, 0.0000000000000000E+000, 0.0000000000000000E+000, 0.0000000000000000E+000, 9.2073692940175533E-005, 1.4876666682539508E-005, 1.3327266401574889E-008, 0.0000000000000000E+000, 0.0000000000000000E+000, 0.0000000000000000E+000, 0.0000000000000000E+000, 0.0000000000000000E+000, 0.0000000000000000E+000, 0.0000000000000000E+000, 0.0000000000000000E+000, 0.0000000000000000E+000, 0.0000000000000000E+000, 0.0000000000000000E+000, 0.0000000000000000E+000, 0.0000000000000000E+000, 0.0000000000000000E+000, 0.0000000000000000E+000, 0.0000000000000000E+000, 0.0000000000000000E+000, 0.0000000000000000E+000, 0.0000000000000000E+000, 0.0000000000000000E+000, 0.0000000000000000E+000, 0.0000000000000000E+000, 0.0000000000000000E+000, 0.0000000000000000E+000, 0.0000000000000000E+000, 0.0000000000000000E+000, 0.0000000000000000E+000, 0.0000000000000000E+000, 0.0000000000000000E+000, 0.0000000000000000E+000, 0.0000000000000000E+000, 0.0000000000000000E+000, 0.0000000000000000E+000, 2.3841858265427618E-008, 2.9802322831784522E-009,-1.5258789289873675E-006, 0.0000000000000000E+000, 3.6693066205425097E-036, 0.0000000000000000E+000, 0.0000000000000000E+000, 0.0000000000000000E+000, 3.1247122192382812E+002, 2.4629712104797363E-002, 3.9795082993805408E-003
momentum_off_probe,17,0, 2.0000000000000000E+001, 1.0000000000000000E+005, 3.4999999403953552E-001, 3.1916775703430176E+000, 0.0000000000000000E+000, 0.0000000000000000E+000, 1.4000000059604645E-001, 9.9999997473787516E-005, 9.9999997473787516E-005, 0.0000000000000000E+000, 2.9000000000000000E+002, 8.8178974390029907E-001, 7.1174998283386230E+000, 1.1959998607635498E+000, 3.1374249267578125E+002, 2.8608920288085938E+002, 6.6438494250178337E-003, 7.2401640625000000E+004, 9.1185992956161499E-001, 3.1374249267578125E+002, 6.5999999642372131E-003, 0.0000000000000000E+000, 0.0000000000000000E+000, 0.0000000000000000E+000, 0.0000000000000000E+000, 0.0000000000000000E+000, 0.0000000000000000E+000, 8.7183711002580822E-005, 1.4123816981737036E-005, 1.3267287712892539E-008, 0.0000000000000000E+000, 0.0000000000000000E+000, 0.0000000000000000E+000, 0.0000000000000000E+000, 0.0000000000000000E+000, 0.0000000000000000E+000, 0.0000000000000000E+000, 0.0000000000000000E+000, 0.0000000000000000E+000, 0.0000000000000000E+000, 0.0000000000000000E+000, 0.0000000000000000E+000, 0.0000000000000000E+000, 0.0000000000000000E+000, 0.0000000000000000E+000, 0.0000000000000000E+000, 0.0000000000000000E+000, 0.0000000000000000E+000, 0.0000000000000000E+000, 0.0000000000000000E+000, 0.0000000000000000E+000, 0.0000000000000000E+000, 0.0000000000000000E+000, 0.0000000000000000E+000, 0.0000000000000000E+000, 0.0000000000000000E+000, 0.0000000000000000E+000, 0.0000000000000000E+000, 0.0000000000000000E+000, 0.0000000000000000E+000, 0.0000000000000000E+000, 0.0000000000000000E+000, 0.0000000000000000E+000, 2.3841858265427618E-008, 5.9604645663569045E-009,-1.5258789289873675E-006, 0.0000000000000000E+000, 3.6265604256726266E-042, 0.0000000000000000E+000, 0.0000000000000000E+000, 0.0000000000000000E+000, 3.1374246215820312E+002, 2.4629399180412292E-002, 3.9899782277643681E-003
momentum_off_probe,18,0, 2.0000000000000000E+001, 1.0000000000000000E+005, 3.4999999403953552E-001, 3.1916775703430176E+000, 0.0000000000000000E+000, 0.0000000000000000E+000, 1.4000000059604645E-001, 9.9999997473787516E-005, 9.9999997473787516E-005, 0.0000000000000000E+000, 3.0500000000000000E+002, 8.5636425018310547E-001, 7.5637502670288086E+000, 1.4340000152587891E+000, 3.1508123779296875E+002, 2.8445117187500000E+002, 4.8382962122559547E-003, 6.9911421875000000E+004, 9.0278673171997070E-001, 3.1508123779296875E+002, 4.8150001093745232E-003, 0.0000000000000000E+000, 0.0000000000000000E+000, 0.0000000000000000E+000, 0.0000000000000000E+000, 0.0000000000000000E+000, 0.0000000000000000E+000, 8.2788210420403630E-005, 1.3448845493257977E-005, 1.3202166471160126E-008, 0.0000000000000000E+000, 0.0000000000000000E+000, 0.0000000000000000E+000, 0.0000000000000000E+000, 0.0000000000000000E+000, 0.0000000000000000E+000, 0.0000000000000000E+000, 0.0000000000000000E+000, 0.0000000000000000E+000, 0.0000000000000000E+000, 0.0000000000000000E+000, 0.0000000000000000E+000, 0.0000000000000000E+000, 0.0000000000000000E+000, 0.0000000000000000E+000, 0.0000000000000000E+000, 0.0000000000000000E+000, 0.0000000000000000E+000, 0.0000000000000000E+000, 0.0000000000000000E+000, 0.0000000000000000E+000, 0.0000000000000000E+000, 0.0000000000000000E+000, 0.0000000000000000E+000, 0.0000000000000000E+000, 0.0000000000000000E+000, 0.0000000000000000E+000, 0.0000000000000000E+000, 0.0000000000000000E+000, 0.0000000000000000E+000, 0.0000000000000000E+000, 0.0000000000000000E+000, 0.0000000000000000E+000, 0.0000000000000000E+000,-5.9604645663569045E-009, 1.5258789289873675E-006, 2.3283064712331658E-011, 0.0000000000000000E+000, 0.0000000000000000E+000, 0.0000000000000000E+000, 0.0000000000000000E+000, 3.1508126831054688E+002, 2.4629492312669754E-002, 4.0010316297411919E-003
momentum_off_probe,19,0, 2.0000000000000000E+001, 1.0000000000000000E+005, 3.4999999403953552E-001, 3.1916775703430176E+000, 0.0000000000000000E+000, 0.0000000000000000E+000, 1.4000000059604645E-001, 9.9999997473787516E-005, 9.9999997473787516E-005, 0.0000000000000000E+000, 3.2000000000000000E+002, 8.3046185970306396E-001, 8.0325002670288086E+000, 1.6840000152587891E+000, 3.1648748779296875E+002, 2.8273516845703125E+002, 2.9486690182238817E-003, 6.7387820312500000E+004, 8.9335334300994873E-001, 3.1648748779296875E+002, 2.9400000348687172E-003, 0.0000000000000000E+000, 0.0000000000000000E+000, 0.0000000000000000E+000, 0.0000000000000000E+000, 0.0000000000000000E+000, 0.0000000000000000E+000, 7.8814235166646540E-005, 1.2840594536100980E-005, 1.3131661980025910E-008, 0.0000000000000000E+000, 0.0000000000000000E+000, 0.0000000000000000E+000, 0.0000000000000000E+000, 0.0000000000000000E+000, 0.0000000000000000E+000, 0.0000000000000000E+000, 0.0000000000000000E+000, 0.0000000000000000E+000, 0.0000000000000000E+000, 0.0000000000000000E+000, 0.0000000000000000E+000, 0.0000000000000000E+000, 0.0000000000000000E+000, 0.0000000000000000E+000, 0.0000000000000000E+000, 0.0000000000000000E+000, 0.0000000000000000E+000, 0.0000000000000000E+000, 0.0000000000000000E+000, 0.0000000000000000E+000, 0.0000000000000000E+000, 0.0000000000000000E+000, 0.0000000000000000E+000, 0.0000000000000000E+000, 0.0000000000000000E+000, 0.0000000000000000E+000, 0.0000000000000000E+000, 0.0000000000000000E+000, 0.0000000000000000E+000, 0.0000000000000000E+000, 0.0000000000000000E+000, 0.0000000000000000E+000, 0.0000000000000000E+000, 0.0000000000000000E+000, 0.0000000000000000E+000, 0.0000000000000000E+000, 0.0000000000000000E+000, 0.0000000000000000E+000, 0.0000000000000000E+000, 0.0000000000000000E+000, 3.1648748779296875E+002, 2.4629447609186172E-002, 4.0126857347786427E-003
momentum_off_probe,20,0, 2.0000000000000000E+001, 1.0000000000000000E+005, 3.4999999403953552E-001, 3.1916775703430176E+000, 0.0000000000000000E+000, 0.0000000000000000E+000, 1.4000000059604645E-001, 9.9999997473787516E-005, 9.9999997473787516E-005, 0.0000000000000000E+000, 3.3500000000000000E+002, 8.0417364835739136E-001, 8.5237503051757812E+000, 1.9459998607635498E+000, 3.1796124267578125E+002, 2.8094192504882812E+002, 9.7595131956040859E-004, 6.4840792968750000E+004, 8.8357287645339966E-001, 3.1796124267578125E+002, 9.7499974071979523E-004, 0.0000000000000000E+000, 0.0000000000000000E+000, 0.0000000000000000E+000, 0.0000000000000000E+000, 0.0000000000000000E+000, 0.0000000000000000E+000, 7.5204297900199890E-005, 1.2290062841202598E-005, 1.3055251990579109E-008, 0.0000000000000000E+000, 0.0000000000000000E+000, 0.0000000000000000E+000, 0.0000000000000000E+000, 0.0000000000000000E+000, 0.0000000000000000E+000, 0.0000000000000000E+000, 0.0000000000000000E+000, 0.0000000000000000E+000, 0.0000000000000000E+000, 0.0000000000000000E+000, 0.0000000000000000E+000, 0.0000000000000000E+000, 0.0000000000000000E+000, 0.0000000000000000E+000, 0.0000000000000000E+000, 0.0000000000000000E+000, 0.0000000000000000E+000, 0.0000000000000000E+000, 0.0000000000000000E+000, 0.0000000000000000E+000, 0.0000000000000000E+000, 0.0000000000000000E+000, 0.0000000000000000E+000, 0.0000000000000000E+000, 0.0000000000000000E+000, 0.0000000000000000E+000, 0.0000000000000000E+000, 0.0000000000000000E+000, 0.0000000000000000E+000, 0.0000000000000000E+000, 0.0000000000000000E+000, 0.0000000000000000E+000,-4.7683716530855236E-008,-5.9604645663569045E-009, 0.0000000000000000E+000, 5.2386893434341886E-011, 0.0000000000000000E+000, 0.0000000000000000E+000, 0.0000000000000000E+000, 0.0000000000000000E+000, 3.1796124267578125E+002, 2.4629406630992889E-002, 4.0249954909086227E-003
momentum_off_probe,21,0, 2.0000000000000000E+001, 1.0000000000000000E+005, 3.4999999403953552E-001, 3.1916775703430176E+000, 0.0000000000000000E+000, 0.0000000000000000E+000, 1.4000000059604645E-001, 9.9999997473787516E-005, 9.9999997473787516E-005, 0.0000000000000000E+000, 3.5000000000000000E+002, 7.7758902311325073E-001, 9.0375003814697266E+000, 2.2200000286102295E+000, 3.1950250244140625E+002, 2.7907232666015625E+002, 2.0003999816253781E-004, 6.2280027343750000E+004, 8.7345898151397705E-001, 3.1950250244140625E+002, 1.9999999494757503E-004, 0.0000000000000000E+000, 0.0000000000000000E+000, 0.0000000000000000E+000, 0.0000000000000000E+000, 0.0000000000000000E+000, 0.0000000000000000E+000, 7.1910922997631133E-005, 9.7191305030719377E-006, 1.2972606100447592E-008, 0.0000000000000000E+000, 0.0000000000000000E+000, 0.0000000000000000E+000, 0.0000000000000000E+000, 0.0000000000000000E+000, 0.0000000000000000E+000, 0.0000000000000000E+000, 0.0000000000000000E+000, 0.0000000000000000E+000, 0.0000000000000000E+000, 0.0000000000000000E+000, 0.0000000000000000E+000, 0.0000000000000000E+000, 0.0000000000000000E+000, 0.0000000000000000E+000, 0.0000000000000000E+000, 0.0000000000000000E+000, 0.0000000000000000E+000, 0.0000000000000000E+000, 0.0000000000000000E+000, 0.0000000000000000E+000, 0.0000000000000000E+000, 0.0000000000000000E+000, 0.0000000000000000E+000, 0.0000000000000000E+000, 0.0000000000000000E+000, 0.0000000000000000E+000, 0.0000000000000000E+000, 0.0000000000000000E+000, 0.0000000000000000E+000, 0.0000000000000000E+000, 0.0000000000000000E+000, 0.0000000000000000E+000,-4.7683716530855236E-008, 0.0000000000000000E+000, 0.0000000000000000E+000, 2.1827872842550278E-011, 0.0000000000000000E+000, 0.0000000000000000E+000, 0.0000000000000000E+000, 0.0000000000000000E+000, 3.1950250244140625E+002, 2.4629490450024605E-002, 3.3288022968918085E-003
momentum_off_probe,22,0, 2.0000000000000000E+001, 1.0000000000000000E+005, 3.4999999403953552E-001, 3.1916775703430176E+000, 0.0000000000000000E+000, 0.0000000000000000E+000, 1.4000000059604645E-001, 9.9999997473787516E-005, 9.9999997473787516E-005, 0.0000000000000000E+000, 3.6500000000000000E+002, 7.5079572200775146E-001, 9.5737495422363281E+000, 2.5059998035430908E+000, 3.2111123657226562E+002, 2.7712722778320312E+002, 2.0003999816253781E-004, 5.9714925781250000E+004, 8.6302560567855835E-001, 3.2111123657226562E+002, 1.9999999494757503E-004, 0.0000000000000000E+000, 0.0000000000000000E+000, 0.0000000000000000E+000, 0.0000000000000000E+000, 0.0000000000000000E+000, 0.0000000000000000E+000, 6.8893583375029266E-005, 8.4203638834878802E-006, 1.2883448974321254E-008, 0.0000000000000000E+000, 0.0000000000000000E+000, 0.0000000000000000E+000, 0.0000000000000000E+000, 0.0000000000000000E+000, 0.0000000000000000E+000, 0.0000000000000000E+000, 0.0000000000000000E+000, 0.0000000000000000E+000, 0.0000000000000000E+000, 0.0000000000000000E+000, 0.0000000000000000E+000, 0.0000000000000000E+000, 0.0000000000000000E+000, 0.0000000000000000E+000, 0.0000000000000000E+000, 0.0000000000000000E+000, 0.0000000000000000E+000, 0.0000000000000000E+000, 0.0000000000000000E+000, 0.0000000000000000E+000, 0.0000000000000000E+000, 0.0000000000000000E+000, 0.0000000000000000E+000, 0.0000000000000000E+000, 0.0000000000000000E+000, 0.0000000000000000E+000, 0.0000000000000000E+000, 0.0000000000000000E+000, 0.0000000000000000E+000, 0.0000000000000000E+000, 0.0000000000000000E+000, 0.0000000000000000E+000, 0.0000000000000000E+000, 0.0000000000000000E+000, 0.0000000000000000E+000,-7.2759577226036432E-013, 0.0000000000000000E+000, 0.0000000000000000E+000, 0.0000000000000000E+000, 0.0000000000000000E+000, 3.2111123657226562E+002, 2.4629456922411919E-002, 3.0102801974862814E-003
momentum_off_probe,23,0, 2.0000000000000000E+001, 1.0000000000000000E+005, 3.4999999403953552E-001, 3.1916775703430176E+000, 0.0000000000000000E+000, 0.0000000000000000E+000, 1.4000000059604645E-001, 9.9999997473787516E-005, 9.9999997473787516E-005, 0.0000000000000000E+000, 3.8000000000000000E+002, 7.2387915849685669E-001, 1.0132499694824219E+001, 2.8039999008178711E+000, 3.2278750610351562E+002, 2.7510760498046875E+002, 2.0003999816253781E-004, 5.7154519531250000E+004, 8.5228699445724487E-001, 3.2278750610351562E+002, 1.9999999494757503E-004, 0.0000000000000000E+000, 0.0000000000000000E+000, 0.0000000000000000E+000, 0.0000000000000000E+000, 0.0000000000000000E+000, 0.0000000000000000E+000, 6.6118940594606102E-005, 8.0810968938749284E-006, 1.2787153558235786E-008, 0.0000000000000000E+000, 0.0000000000000000E+000, 0.0000000000000000E+000, 0.0000000000000000E+000, 0.0000000000000000E+000, 0.0000000000000000E+000, 0.0000000000000000E+000, 0.0000000000000000E+000, 0.0000000000000000E+000, 0.0000000000000000E+000, 0.0000000000000000E+000, 0.0000000000000000E+000, 0.0000000000000000E+000, 0.0000000000000000E+000, 0.0000000000000000E+000, 0.0000000000000000E+000, 0.0000000000000000E+000, 0.0000000000000000E+000, 0.0000000000000000E+000, 0.0000000000000000E+000, 0.0000000000000000E+000, 0.0000000000000000E+000, 0.0000000000000000E+000, 0.0000000000000000E+000, 0.0000000000000000E+000, 0.0000000000000000E+000, 0.0000000000000000E+000, 0.0000000000000000E+000, 0.0000000000000000E+000, 0.0000000000000000E+000, 0.0000000000000000E+000, 0.0000000000000000E+000, 0.0000000000000000E+000, 4.7683716530855236E-008, 0.0000000000000000E+000, 0.0000000000000000E+000, 7.2759577226036432E-013, 0.0000000000000000E+000, 0.0000000000000000E+000, 0.0000000000000000E+000, 0.0000000000000000E+000, 3.2278750610351562E+002, 2.4629306048154831E-002, 3.0102084856480360E-003
momentum_off_probe,24,0, 2.0000000000000000E+001, 1.0000000000000000E+005, 3.4999999403953552E-001, 3.1916775703430176E+000, 0.0000000000000000E+000, 0.0000000000000000E+000, 1.4000000059604645E-001, 9.9999997473787516E-005, 9.9999997473787516E-005, 0.0000000000000000E+000, 3.9500000000000000E+002, 6.9692218303680420E-001, 1.0713749885559082E+001, 3.1139998435974121E+000, 3.2453125000000000E+002, 2.7301443481445312E+002, 2.0003999816253781E-004, 5.4607437500000000E+004, 8.4125775098800659E-001, 3.2453125000000000E+002, 1.9999999494757503E-004, 0.0000000000000000E+000, 0.0000000000000000E+000, 0.0000000000000000E+000, 0.0000000000000000E+000, 0.0000000000000000E+000, 0.0000000000000000E+000, 6.3559964473824948E-005, 7.7684480856987648E-006, 1.2683186945139369E-008, 0.0000000000000000E+000, 0.0000000000000000E+000, 0.0000000000000000E+000, 0.0000000000000000E+000, 0.0000000000000000E+000, 0.0000000000000000E+000, 0.0000000000000000E+000, 0.0000000000000000E+000, 0.0000000000000000E+000, 0.0000000000000000E+000, 0.0000000000000000E+000, 0.0000000000000000E+000, 0.0000000000000000E+000, 0.0000000000000000E+000, 0.0000000000000000E+000, 0.0000000000000000E+000, 0.0000000000000000E+000, 0.0000000000000000E+000, 0.0000000000000000E+000, 0.0000000000000000E+000, 0.0000000000000000E+000, 0.0000000000000000E+000, 0.0000000000000000E+000, 0.0000000000000000E+000, 0.0000000000000000E+000, 0.0000000000000000E+000, 0.0000000000000000E+000, 0.0000000000000000E+000, 0.0000000000000000E+000, 0.0000000000000000E+000, 0.0000000000000000E+000, 0.0000000000000000E+000, 0.0000000000000000E+000, 0.0000000000000000E+000, 0.0000000000000000E+000, 0.0000000000000000E+000, 7.2759577226036432E-013, 0.0000000000000000E+000, 0.0000000000000000E+000, 0.0000000000000000E+000, 0.0000000000000000E+000, 3.2453125000000000E+002, 2.4629486724734306E-002, 3.0102736782282591E-003
momentum_off_probe,25,0, 2.0000000000000000E+001, 1.0000000000000000E+005, 3.4999999403953552E-001, 3.1916775703430176E+000, 0.0000000000000000E+000, 0.0000000000000000E+000, 1.4000000059604645E-001, 9.9999997473787516E-005, 9.9999997473787516E-005, 0.0000000000000000E+000, 4.1000000000000000E+002, 6.7000472545623779E-001, 1.1317500114440918E+001, 3.4359998703002930E+000, 3.2634249877929688E+002, 2.7084884643554688E+002, 2.0003999816253781E-004, 5.2081890625000000E+004, 8.2995271682739258E-001, 3.2634249877929688E+002, 1.9999999494757503E-004, 0.0000000000000000E+000, 0.0000000000000000E+000, 0.0000000000000000E+000, 0.0000000000000000E+000, 0.0000000000000000E+000, 0.0000000000000000E+000, 6.1191210988909006E-005, 7.4789149948628619E-006, 1.2571073959577461E-008, 0.0000000000000000E+000, 0.0000000000000000E+000, 0.0000000000000000E+000, 0.0000000000000000E+000, 0.0000000000000000E+000, 0.0000000000000000E+000, 0.0000000000000000E+000, 0.0000000000000000E+000, 0.0000000000000000E+000, 0.0000000000000000E+000, 0.0000000000000000E+000, 0.0000000000000000E+000, 0.0000000000000000E+000, 0.0000000000000000E+000, 0.0000000000000000E+000, 0.0000000000000000E+000, 0.0000000000000000E+000, 0.0000000000000000E+000, 0.0000000000000000E+000, 0.0000000000000000E+000, 0.0000000000000000E+000, 0.0000000000000000E+000, 0.0000000000000000E+000, 0.0000000000000000E+000, 0.0000000000000000E+000, 0.0000000000000000E+000, 0.0000000000000000E+000, 0.0000000000000000E+000, 0.0000000000000000E+000, 0.0000000000000000E+000, 0.0000000000000000E+000, 0.0000000000000000E+000, 0.0000000000000000E+000, 0.0000000000000000E+000, 1.1920929132713809E-008, 0.0000000000000000E+000, 0.0000000000000000E+000, 0.0000000000000000E+000, 0.0000000000000000E+000, 0.0000000000000000E+000, 0.0000000000000000E+000, 3.2634249877929688E+002, 2.4629462510347366E-002, 3.0102632008492947E-003
momentum_off_probe,26,0, 2.0000000000000000E+001, 1.0000000000000000E+005, 3.4999999403953552E-001, 3.1916775703430176E+000, 0.0000000000000000E+000, 0.0000000000000000E+000, 1.4000000059604645E-001, 9.9999997473787516E-005, 9.9999997473787516E-005, 0.0000000000000000E+000, 4.2500000000000000E+002, 6.4320284128189087E-001, 1.1943750381469727E+001, 3.7699999809265137E+000, 3.2822125244140625E+002, 2.6861196899414062E+002, 2.0003999816253781E-004, 4.9585558593750000E+004, 8.1838685274124146E-001, 3.2822125244140625E+002, 1.9999999494757503E-004, 0.0000000000000000E+000, 0.0000000000000000E+000, 0.0000000000000000E+000, 0.0000000000000000E+000, 0.0000000000000000E+000, 0.0000000000000000E+000, 5.8992631238652393E-005, 7.2101843215932604E-006, 1.2450130704166895E-008, 0.0000000000000000E+000, 0.0000000000000000E+000, 0.0000000000000000E+000, 0.0000000000000000E+000, 0.0000000000000000E+000, 0.0000000000000000E+000, 0.0000000000000000E+000, 0.0000000000000000E+000, 0.0000000000000000E+000, 0.0000000000000000E+000, 0.0000000000000000E+000, 0.0000000000000000E+000, 0.0000000000000000E+000, 0.0000000000000000E+000, 0.0000000000000000E+000, 0.0000000000000000E+000, 0.0000000000000000E+000, 0.0000000000000000E+000, 0.0000000000000000E+000, 0.0000000000000000E+000, 0.0000000000000000E+000, 0.0000000000000000E+000, 0.0000000000000000E+000, 0.0000000000000000E+000, 0.0000000000000000E+000, 0.0000000000000000E+000, 0.0000000000000000E+000, 0.0000000000000000E+000, 0.0000000000000000E+000, 0.0000000000000000E+000, 0.0000000000000000E+000, 0.0000000000000000E+000, 0.0000000000000000E+000, 0.0000000000000000E+000,-1.1920929132713809E-008,-1.5258789289873675E-006,-7.2759577226036432E-013, 0.0000000000000000E+000, 0.0000000000000000E+000, 0.0000000000000000E+000, 0.0000000000000000E+000, 3.2822122192382812E+002, 2.4629423394799232E-002, 3.0102520249783993E-003
momentum_off_probe,27,0, 2.0000000000000000E+001, 1.0000000000000000E+005, 3.4999999403953552E-001, 3.1916775703430176E+000, 0.0000000000000000E+000, 0.0000000000000000E+000, 1.4000000059604645E-001, 9.9999997473787516E-005, 9.9999997473787516E-005, 0.0000000000000000E+000, 4.4000000000000000E+002, 6.1658954620361328E-001, 1.2592499732971191E+001, 4.1159996986389160E+000, 3.3016748046875000E+002, 2.6630493164062500E+002, 2.0003999816253781E-004, 4.7125640625000000E+004, 8.0657529830932617E-001, 3.3016748046875000E+002, 1.9999999494757503E-004, 0.0000000000000000E+000, 0.0000000000000000E+000, 0.0000000000000000E+000, 0.0000000000000000E+000, 0.0000000000000000E+000, 0.0000000000000000E+000, 5.6946806580526754E-005, 6.9602106123056728E-006, 1.2319770092972249E-008, 0.0000000000000000E+000, 0.0000000000000000E+000, 0.0000000000000000E+000, 0.0000000000000000E+000, 0.0000000000000000E+000, 0.0000000000000000E+000, 0.0000000000000000E+000, 0.0000000000000000E+000, 0.0000000000000000E+000, 0.0000000000000000E+000, 0.0000000000000000E+000, 0.0000000000000000E+000, 0.0000000000000000E+000, 0.0000000000000000E+000, 0.0000000000000000E+000, 0.0000000000000000E+000, 0.0000000000000000E+000, 0.0000000000000000E+000, 0.0000000000000000E+000, 0.0000000000000000E+000, 0.0000000000000000E+000, 0.0000000000000000E+000, 0.0000000000000000E+000, 0.0000000000000000E+000, 0.0000000000000000E+000, 0.0000000000000000E+000, 0.0000000000000000E+000, 0.0000000000000000E+000, 0.0000000000000000E+000, 0.0000000000000000E+000, 0.0000000000000000E+000, 0.0000000000000000E+000, 0.0000000000000000E+000,-4.7683716530855236E-008, 0.0000000000000000E+000, 0.0000000000000000E+000, 0.0000000000000000E+000, 0.0000000000000000E+000, 0.0000000000000000E+000, 0.0000000000000000E+000, 0.0000000000000000E+000, 3.3016748046875000E+002, 2.4629494175314903E-002, 3.0102911405265331E-003
momentum_off_probe,28,0, 2.0000000000000000E+001, 1.0000000000000000E+005, 3.4999999403953552E-001, 3.1916775703430176E+000, 0.0000000000000000E+000, 0.0000000000000000E+000, 1.4000000059604645E-001, 9.9999997473787516E-005, 9.9999997473787516E-005, 0.0000000000000000E+000, 4.5500000000000000E+002, 5.9023320674896240E-001, 1.3263750076293945E+001, 4.4739999771118164E+000, 3.3218124389648438E+002, 2.6392916870117188E+002, 2.0003999816253781E-004, 4.4708792968750000E+004, 7.9453361034393311E-001, 3.3218124389648438E+002, 1.9999999494757503E-004, 0.0000000000000000E+000, 0.0000000000000000E+000, 0.0000000000000000E+000, 0.0000000000000000E+000, 0.0000000000000000E+000, 0.0000000000000000E+000, 5.5037693527992815E-005, 6.7267756094224751E-006, 1.2179274477830404E-008, 0.0000000000000000E+000, 0.0000000000000000E+000, 0.0000000000000000E+000, 0.0000000000000000E+000, 0.0000000000000000E+000, 0.0000000000000000E+000, 0.0000000000000000E+000, 0.0000000000000000E+000, 0.0000000000000000E+000, 0.0000000000000000E+000, 0.0000000000000000E+000, 0.0000000000000000E+000, 0.0000000000000000E+000, 0.0000000000000000E+000, 0.0000000000000000E+000, 0.0000000000000000E+000, 0.0000000000000000E+000, 0.0000000000000000E+000, 0.0000000000000000E+000, 0.0000000000000000E+000, 0.0000000000000000E+000, 0.0000000000000000E+000, 0.0000000000000000E+000, 0.0000000000000000E+000, 0.0000000000000000E+000, 0.0000000000000000E+000, 0.0000000000000000E+000, 0.0000000000000000E+000, 0.0000000000000000E+000, 0.0000000000000000E+000, 0.0000000000000000E+000, 0.0000000000000000E+000, 0.0000000000000000E+000, 4.7683716530855236E-008,-2.3841858265427618E-008, 0.0000000000000000E+000, 0.0000000000000000E+000, 0.0000000000000000E+000, 0.0000000000000000E+000, 0.0000000000000000E+000, 0.0000000000000000E+000, 3.3218124389648438E+002, 2.4629367515444756E-002, 3.0102320015430450E-003
momentum_off_probe,29,0, 2.0000000000000000E+001, 1.0000000000000000E+005, 3.4999999403953552E-001, 3.1916775703430176E+000, 0.0000000000000000E+000, 0.0000000000000000E+000, 1.4000000059604645E-001, 9.9999997473787516E-005, 9.9999997473787516E-005, 0.0000000000000000E+000, 4.7000000000000000E+002, 5.6419861316680908E-001, 1.3957500457763672E+001, 4.8439998626708984E+000, 3.3426248168945312E+002, 2.6148590087890625E+002, 2.0003999816253781E-004, 4.2341105468750000E+004, 7.8227710723876953E-001, 3.3426248168945312E+002, 1.9999999494757503E-004, 0.0000000000000000E+000, 0.0000000000000000E+000, 0.0000000000000000E+000, 0.0000000000000000E+000, 0.0000000000000000E+000, 0.0000000000000000E+000, 5.3252813813742250E-005, 6.5087037910416257E-006, 1.2027884466192518E-008, 0.0000000000000000E+000, 0.0000000000000000E+000, 0.0000000000000000E+000, 0.0000000000000000E+000, 0.0000000000000000E+000, 0.0000000000000000E+000, 0.0000000000000000E+000, 0.0000000000000000E+000, 0.0000000000000000E+000, 0.0000000000000000E+000, 0.0000000000000000E+000, 0.0000000000000000E+000, 0.0000000000000000E+000, 0.0000000000000000E+000, 0.0000000000000000E+000, 0.0000000000000000E+000, 0.0000000000000000E+000, 0.0000000000000000E+000, 0.0000000000000000E+000, 0.0000000000000000E+000, 0.0000000000000000E+000, 0.0000000000000000E+000, 0.0000000000000000E+000, 0.0000000000000000E+000, 0.0000000000000000E+000, 0.0000000000000000E+000, 0.0000000000000000E+000, 0.0000000000000000E+000, 0.0000000000000000E+000, 0.0000000000000000E+000, 0.0000000000000000E+000, 0.0000000000000000E+000, 0.0000000000000000E+000, 0.0000000000000000E+000, 2.3841858265427618E-008,-1.5258789289873675E-006, 0.0000000000000000E+000, 0.0000000000000000E+000, 0.0000000000000000E+000, 0.0000000000000000E+000, 0.0000000000000000E+000, 3.3426245117187500E+002, 2.4629427120089531E-002, 3.0102755408734083E-003
momentum_off_probe,30,0, 2.0000000000000000E+001, 1.0000000000000000E+005, 3.4999999403953552E-001, 3.1916775703430176E+000, 0.0000000000000000E+000, 0.0000000000000000E+000, 1.4000000059604645E-001, 9.9999997473787516E-005, 9.9999997473787516E-005, 0.0000000000000000E+000, 4.8500000000000000E+002, 5.3854584693908691E-001, 1.4673749923706055E+001, 5.2259998321533203E+000, 3.3641125488281250E+002, 2.5897659301757812E+002, 2.0003999816253781E-004, 4.0028109375000000E+004, 7.6982146501541138E-001, 3.3641125488281250E+002, 1.9999999494757503E-004, 0.0000000000000000E+000, 0.0000000000000000E+000, 0.0000000000000000E+000, 0.0000000000000000E+000, 0.0000000000000000E+000, 0.0000000000000000E+000, 5.1579951104940847E-005, 6.3041261455509812E-006, 0.0000000000000000E+000, 0.0000000000000000E+000, 0.0000000000000000E+000, 0.0000000000000000E+000, 0.0000000000000000E+000, 0.0000000000000000E+000, 0.0000000000000000E+000, 0.0000000000000000E+000, 0.0000000000000000E+000, 0.0000000000000000E+000, 0.0000000000000000E+000, 0.0000000000000000E+000, 0.0000000000000000E+000, 0.0000000000000000E+000, 0.0000000000000000E+000, 0.0000000000000000E+000, 0.0000000000000000E+000, 0.0000000000000000E+000, 0.0000000000000000E+000, 0.0000000000000000E+000, 0.0000000000000000E+000, 0.0000000000000000E+000, 0.0000000000000000E+000, 0.0000000000000000E+000, 0.0000000000000000E+000, 0.0000000000000000E+000, 0.0000000000000000E+000, 0.0000000000000000E+000, 0.0000000000000000E+000, 0.0000000000000000E+000, 0.0000000000000000E+000, 0.0000000000000000E+000, 0.0000000000000000E+000, 0.0000000000000000E+000, 0.0000000000000000E+000, 0.0000000000000000E+000, 0.0000000000000000E+000, 0.0000000000000000E+000, 0.0000000000000000E+000, 0.0000000000000000E+000, 0.0000000000000000E+000, 0.0000000000000000E+000, 3.3641125488281250E+002, 2.4629427120089531E-002, 3.0102201271802187E-003
downdraft_probe,1,1, 2.0000000000000000E+001, 1.0000000000000000E+005, 3.4999999403953552E-001, 3.1916775703430176E+000, 0.0000000000000000E+000, 0.0000000000000000E+000, 1.4000000059604645E-001, 9.9999997473787516E-005, 9.9999997473787516E-005, 0.0000000000000000E+000, 5.0000000000000000E+001, 1.1552098989486694E+000, 3.0374999046325684E+000,-9.8000001907348633E-001, 3.0098498535156250E+002, 3.0073214721679688E+002, 1.7079303041100502E-002, 9.9706312500000000E+004, 9.9915999174118042E-001, 3.0098498535156250E+002, 1.6792498528957367E-002, 0.0000000000000000E+000, 0.0000000000000000E+000, 0.0000000000000000E+000, 0.0000000000000000E+000, 0.0000000000000000E+000, 0.0000000000000000E+000, 0.0000000000000000E+000, 0.0000000000000000E+000, 1.6604111806373112E-005, 0.0000000000000000E+000, 0.0000000000000000E+000, 0.0000000000000000E+000, 0.0000000000000000E+000, 0.0000000000000000E+000, 0.0000000000000000E+000, 0.0000000000000000E+000, 0.0000000000000000E+000, 0.0000000000000000E+000, 0.0000000000000000E+000, 0.0000000000000000E+000, 0.0000000000000000E+000, 0.0000000000000000E+000, 0.0000000000000000E+000, 0.0000000000000000E+000, 0.0000000000000000E+000, 0.0000000000000000E+000, 0.0000000000000000E+000, 0.0000000000000000E+000, 0.0000000000000000E+000, 0.0000000000000000E+000, 2.5148302316665649E-002, 7.5690522193908691E+000, 4.2223418131470680E-004, 0.0000000000000000E+000, 7.7331036329269409E-002,-2.4142373353242874E-002,-9.5217144116759300E-003,-2.8655648231506348E+000,-1.5972912660799921E-004,-1.9043427812448499E-007,-2.9743455350399017E-002, 8.8932812213897705E-003,-1.3020753394812346E-003, 1.5939712757244706E-003, 1.5060424339026213E-003, 1.2204051245134906E-006, 2.3796187242908218E-009, 0.0000000000000000E+000, 0.0000000000000000E+000, 0.0000000000000000E+000, 3.0101498413085938E+002, 0.0000000000000000E+000, 0.0000000000000000E+000
downdraft_probe,2,1, 2.0000000000000000E+001, 1.0000000000000000E+005, 3.4999999403953552E-001, 3.1916775703430176E+000, 0.0000000000000000E+000, 0.0000000000000000E+000, 1.4000000059604645E-001, 9.9999997473787516E-005, 9.9999997473787516E-005, 0.0000000000000000E+000, 6.5000000000000000E+001, 1.1497731208801270E+000, 3.1237499713897705E+000,-9.3400001525878906E-001, 3.0095050048828125E+002, 3.0011709594726562E+002, 1.7061458900570869E-002, 9.9034109375000000E+004, 9.9723070859909058E-001, 3.0095050048828125E+002, 1.6775248572230339E-002, 0.0000000000000000E+000, 0.0000000000000000E+000, 0.0000000000000000E+000, 0.0000000000000000E+000, 0.0000000000000000E+000, 0.0000000000000000E+000, 6.6123658418655396E-001, 7.3893976211547852E-001, 1.0386434041720349E-005, 0.0000000000000000E+000, 0.0000000000000000E+000, 0.0000000000000000E+000, 0.0000000000000000E+000, 0.0000000000000000E+000, 0.0000000000000000E+000, 0.0000000000000000E+000, 0.0000000000000000E+000, 0.0000000000000000E+000, 2.5148302316665649E-002, 7.5690522193908691E+000, 4.2223418131470680E-004, 0.0000000000000000E+000, 7.7331036329269409E-002,-2.4142373353242874E-002,-9.5217144116759300E-003,-2.8655648231506348E+000,-1.5972912660799921E-004,-1.9043427812448499E-007,-2.9743455350399017E-002, 8.8932812213897705E-003, 2.5219200178980827E-002, 7.5902986526489258E+000, 4.2337345075793564E-004, 0.0000000000000000E+000, 7.7604100108146667E-002,-2.4181071668863297E-002,-8.8999439030885696E-003,-2.6780555248260498E+000,-1.4910520985722542E-004,-1.7799887075398146E-007,-2.8769068419933319E-002, 7.7963508665561676E-003, 2.0932077895849943E-003, 1.3513624435290694E-003,-1.2435913085937500E-003,-5.7304305300931446E-007, 0.0000000000000000E+000, 0.0000000000000000E+000, 0.0000000000000000E+000, 0.0000000000000000E+000, 3.0092562866210938E+002, 3.8021102905273438E+001, 4.2489036560058594E+001
downdraft_probe,3,1, 2.0000000000000000E+001, 1.0000000000000000E+005, 3.4999999403953552E-001, 3.1916775703430176E+000, 0.0000000000000000E+000, 0.0000000000000000E+000, 1.4000000059604645E-001, 9.9999997473787516E-005, 9.9999997473787516E-005, 0.0000000000000000E+000, 8.0000000000000000E+001, 1.1429547071456909E+000, 3.2325000762939453E+000,-8.7599998712539673E-001, 3.0090701293945312E+002, 2.9934332275390625E+002, 1.7038961872458458E-002, 9.8192992187500000E+004, 9.9480342864990234E-001, 3.0090701293945312E+002, 1.6753500327467918E-002, 0.0000000000000000E+000, 0.0000000000000000E+000, 0.0000000000000000E+000, 0.0000000000000000E+000, 0.0000000000000000E+000, 0.0000000000000000E+000, 2.1251556873321533E+000, 3.3799192905426025E+000, 1.0162820217374247E-005, 0.0000000000000000E+000, 0.0000000000000000E+000, 0.0000000000000000E+000, 0.0000000000000000E+000, 0.0000000000000000E+000, 0.0000000000000000E+000, 0.0000000000000000E+000, 0.0000000000000000E+000, 0.0000000000000000E+000, 2.5219200178980827E-002, 7.5902986526489258E+000, 4.2337345075793564E-004, 0.0000000000000000E+000, 7.7604100108146667E-002,-2.4181071668863297E-002,-8.8999439030885696E-003,-2.6780555248260498E+000,-1.4910520985722542E-004,-1.7799887075398146E-007,-2.8769068419933319E-002, 7.7963508665561676E-003, 3.1504020094871521E-002, 9.4815053939819336E+000, 5.2869680803269148E-004, 0.0000000000000000E+000, 9.7217425704002380E-002,-3.0061157420277596E-002,-8.1346863880753517E-003,-2.4473569393157959E+000,-1.3607092841994017E-004,-1.6269372338229005E-007,-2.7363050729036331E-002, 6.5565570257604122E-003, 2.1738291252404451E-003, 1.1859476799145341E-003,-1.2420654529705644E-003,-6.1227694914123276E-007, 0.0000000000000000E+000, 0.0000000000000000E+000, 0.0000000000000000E+000, 0.0000000000000000E+000, 3.0088217163085938E+002, 1.5407379150390625E+002, 2.4504414367675781E+002
downdraft_probe,4,1, 2.0000000000000000E+001, 1.0000000000000000E+005, 3.4999999403953552E-001, 3.1916775703430176E+000, 0.0000000000000000E+000, 0.0000000000000000E+000, 1.4000000059604645E-001, 9.9999997473787516E-005, 9.9999997473787516E-005, 0.0000000000000000E+000, 9.5000000000000000E+001, 1.1347795724868774E+000, 3.3637499809265137E+000,-8.0599999427795410E-001, 3.0085449218750000E+002, 2.9841210937500000E+002, 1.7011811956763268E-002, 9.7187367187500000E+004, 9.9188184738159180E-001, 3.0085449218750000E+002, 1.6727250069379807E-002, 0.0000000000000000E+000, 0.0000000000000000E+000, 0.0000000000000000E+000, 0.0000000000000000E+000, 0.0000000000000000E+000, 0.0000000000000000E+000, 3.3333053588867188E+000, 5.3014154434204102E+000, 1.1282841114734765E-005, 0.0000000000000000E+000, 0.0000000000000000E+000, 0.0000000000000000E+000, 0.0000000000000000E+000, 0.0000000000000000E+000, 0.0000000000000000E+000, 0.0000000000000000E+000, 0.0000000000000000E+000, 0.0000000000000000E+000, 3.1504020094871521E-002, 9.4815053939819336E+000, 5.2869680803269148E-004, 0.0000000000000000E+000, 9.7217425704002380E-002,-3.0061157420277596E-002,-8.1346863880753517E-003,-2.4473569393157959E+000,-1.3607092841994017E-004,-1.6269372338229005E-007,-2.7363050729036331E-002, 6.5565570257604122E-003, 4.0345538407564163E-002, 1.2141595840454102E+001, 6.7663035588338971E-004, 0.0000000000000000E+000, 1.2525171041488647E-001,-3.8097497075796127E-002,-7.2259446606040001E-003,-2.1735136508941650E+000,-1.2064797920174897E-004,-1.4451889285282959E-007,-2.5417258962988853E-002, 5.2315839566290379E-003, 1.6747951740399003E-003, 8.7103841360658407E-004,-9.4451906625181437E-004,-4.7957962578948354E-007, 0.0000000000000000E+000, 0.0000000000000000E+000, 0.0000000000000000E+000, 0.0000000000000000E+000, 3.0083560180664062E+002, 2.9166421508789062E+002, 4.6387384033203125E+002
downdraft_probe,5,1, 2.0000000000000000E+001, 1.0000000000000000E+005, 3.4999999403953552E-001, 3.1916775703430176E+000, 0.0000000000000000E+000, 0.0000000000000000E+000, 1.4000000059604645E-001, 9.9999997473787516E-005, 9.9999997473787516E-005, 0.0000000000000000E+000, 1.1000000000000000E+002, 1.1252770423889160E+000, 3.5174999237060547E+000,-7.2399997711181641E-001, 3.0079299926757812E+002, 2.9732498168945312E+002, 1.6980007290840149E-002, 9.6022445312500000E+004, 9.8847037553787231E-001, 3.0079299926757812E+002, 1.6696499660611153E-002, 0.0000000000000000E+000, 0.0000000000000000E+000, 0.0000000000000000E+000, 0.0000000000000000E+000, 0.0000000000000000E+000, 0.0000000000000000E+000, 3.9396827220916748E+000, 6.2658066749572754E+000, 1.2768531632900704E-005, 0.0000000000000000E+000, 0.0000000000000000E+000, 0.0000000000000000E+000, 0.0000000000000000E+000, 0.0000000000000000E+000, 0.0000000000000000E+000, 0.0000000000000000E+000, 0.0000000000000000E+000, 0.0000000000000000E+000, 4.0345538407564163E-002, 1.2141595840454102E+001, 6.7663035588338971E-004, 0.0000000000000000E+000, 1.2525171041488647E-001,-3.8097497075796127E-002,-7.2259446606040001E-003,-2.1735136508941650E+000,-1.2064797920174897E-004,-1.4451889285282959E-007,-2.5417258962988853E-002, 5.2315839566290379E-003, 4.6551037579774857E-002, 1.4007497787475586E+001, 7.7990395948290825E-004, 0.0000000000000000E+000, 1.4599755406379700E-001,-4.3167337775230408E-002,-6.1737168580293655E-003,-1.8565756082534790E+000,-1.0286183533025905E-004,-1.2347433653303597E-007,-2.2804165259003639E-002, 3.8894414901733398E-003, 1.0635138023644686E-003, 5.2990316180512309E-004,-5.6915282038971782E-004,-3.0542102535946469E-007, 0.0000000000000000E+000, 0.0000000000000000E+000, 0.0000000000000000E+000, 0.0000000000000000E+000, 3.0078161621093750E+002, 4.0381747436523438E+002, 6.4224517822265625E+002
downdraft_probe,6,1, 2.0000000000000000E+001, 1.0000000000000000E+005, 3.4999999403953552E-001, 3.1916775703430176E+000, 0.0000000000000000E+000, 0.0000000000000000E+000, 1.4000000059604645E-001, 9.9999997473787516E-005, 9.9999997473787516E-005, 0.0000000000000000E+000, 1.2500000000000000E+002, 1.1144819259643555E+000, 3.6937499046325684E+000,-6.2999999523162842E-001, 3.0072250366210938E+002, 2.9608355712890625E+002, 1.6943549737334251E-002, 9.4704203125000000E+004, 9.8457401990890503E-001, 3.0072250366210938E+002, 1.6661249101161957E-002, 0.0000000000000000E+000, 0.0000000000000000E+000, 0.0000000000000000E+000, 0.0000000000000000E+000, 0.0000000000000000E+000, 0.0000000000000000E+000, 3.9954566955566406E+000, 6.3545122146606445E+000, 1.4036456377652939E-005, 0.0000000000000000E+000, 0.0000000000000000E+000, 0.0000000000000000E+000, 0.0000000000000000E+000, 0.0000000000000000E+000, 0.0000000000000000E+000, 0.0000000000000000E+000, 0.0000000000000000E+000, 0.0000000000000000E+000, 4.6551037579774857E-002, 1.4007497787475586E+001, 7.7990395948290825E-004, 0.0000000000000000E+000, 1.4599755406379700E-001,-4.3167337775230408E-002,-6.1737168580293655E-003,-1.8565756082534790E+000,-1.0286183533025905E-004,-1.2347433653303597E-007,-2.2804165259003639E-002, 3.8894414901733398E-003, 5.1032334566116333E-002, 1.5353493690490723E+001, 8.5374765330925584E-004, 0.0000000000000000E+000, 1.6253915429115295E-001,-4.5996516942977905E-002,-4.9780034460127354E-003,-1.4966019392013550E+000,-8.2741884398274124E-005,-9.9560068633763876E-008,-1.9376877695322037E-002, 2.6084741111844778E-003, 6.1397551326081157E-004, 2.8481186018325388E-004,-2.2583008103538305E-004,-1.5765577643378492E-007, 0.0000000000000000E+000, 0.0000000000000000E+000, 0.0000000000000000E+000, 0.0000000000000000E+000, 3.0071798706054688E+002, 4.6946615600585938E+002, 7.4665521240234375E+002
downdraft_probe,7,1, 2.0000000000000000E+001, 1.0000000000000000E+005, 3.4999999403953552E-001, 3.1916775703430176E+000, 0.0000000000000000E+000, 0.0000000000000000E+000, 1.4000000059604645E-001, 9.9999997473787516E-005, 9.9999997473787516E-005, 0.0000000000000000E+000, 1.4000000000000000E+002, 1.1024332046508789E+000, 3.8924999237060547E+000,-5.2400004863739014E-001, 3.0064300537109375E+002, 2.9468988037109375E+002, 1.6902443021535873E-002, 9.3239382812500000E+004, 9.8019868135452271E-001, 3.0064300537109375E+002, 1.6621500253677368E-002, 0.0000000000000000E+000, 0.0000000000000000E+000, 0.0000000000000000E+000, 0.0000000000000000E+000, 0.0000000000000000E+000, 0.0000000000000000E+000, 3.8482599258422852E+000, 6.1194591522216797E+000, 1.4680625099572353E-005, 0.0000000000000000E+000, 0.0000000000000000E+000, 0.0000000000000000E+000, 0.0000000000000000E+000, 0.0000000000000000E+000, 0.0000000000000000E+000, 0.0000000000000000E+000, 0.0000000000000000E+000, 0.0000000000000000E+000, 5.1032334566116333E-002, 1.5353493690490723E+001, 8.5374765330925584E-004, 0.0000000000000000E+000, 1.6253915429115295E-001,-4.5996516942977905E-002,-4.9780034460127354E-003,-1.4966019392013550E+000,-8.2741884398274124E-005,-9.9560068633763876E-008,-1.9376877695322037E-002, 2.6084741111844778E-003, 5.4330360144376755E-002, 1.6342374801635742E+001, 9.0723630273714662E-004, 0.0000000000000000E+000, 1.7673449218273163E-001,-4.7000549733638763E-002,-3.6388044245541096E-003,-1.0936590433120728E+000,-6.0321370256133378E-005,-7.2776089155013324E-008,-1.4969131909310818E-002, 1.4773546718060970E-003, 2.6681422605179250E-004, 9.7450611065141857E-005, 1.7395018949173391E-004,-1.9457811362144639E-008, 0.0000000000000000E+000, 0.0000000000000000E+000, 0.0000000000000000E+000, 0.0000000000000000E+000, 3.0064648437500000E+002, 5.0989443969726562E+002, 8.1082830810546875E+002
downdraft_probe,8,1, 2.0000000000000000E+001, 1.0000000000000000E+005, 3.4999999403953552E-001, 3.1916775703430176E+000, 0.0000000000000000E+000, 0.0000000000000000E+000, 1.4000000059604645E-001, 9.9999997473787516E-005, 9.9999997473787516E-005, 0.0000000000000000E+000, 1.5500000000000000E+002, 1.0891735553741455E+000, 4.1137499809265137E+000,-4.0600001811981201E-001, 3.0055450439453125E+002, 2.9314611816406250E+002, 1.6856687143445015E-002, 9.1635367187500000E+004, 9.7535091638565063E-001, 3.0055450439453125E+002, 1.6577249392867088E-002, 0.0000000000000000E+000, 0.0000000000000000E+000, 0.0000000000000000E+000, 0.0000000000000000E+000, 0.0000000000000000E+000, 0.0000000000000000E+000, 3.5330657958984375E+000, 5.4388732910156250E+000, 1.4377995285030920E-005, 0.0000000000000000E+000, 0.0000000000000000E+000, 0.0000000000000000E+000, 0.0000000000000000E+000, 0.0000000000000000E+000, 0.0000000000000000E+000, 0.0000000000000000E+000, 0.0000000000000000E+000, 0.0000000000000000E+000, 5.4330360144376755E-002, 1.6342374801635742E+001, 9.0723630273714662E-004, 0.0000000000000000E+000, 1.7673449218273163E-001,-4.7000549733638763E-002,-3.6388044245541096E-003,-1.0936590433120728E+000,-6.0321370256133378E-005,-7.2776089155013324E-008,-1.4969131909310818E-002, 1.4773546718060970E-003, 1.2655740976333618E-001, 3.8058578491210938E+001, 2.0792260766029358E-003, 2.9365452064666897E-005, 4.2297482490539551E-001,-1.0346268862485886E-001,-2.1561197936534882E-003,-6.4782130718231201E-001,-3.5637425753520802E-005,-4.3122394544070630E-008,-9.3952920287847519E-003, 5.9508910635486245E-004, 6.7377091909293085E-005,-1.0716915312514175E-005, 7.5073243351653218E-004, 7.0017676989664324E-008, 0.0000000000000000E+000, 0.0000000000000000E+000, 0.0000000000000000E+000, 0.0000000000000000E+000, 3.0056951904296875E+002, 5.2112719726562500E+002, 8.0223382568359375E+002
downdraft_probe,9,1, 2.0000000000000000E+001, 1.0000000000000000E+005, 3.4999999403953552E-001, 3.1916775703430176E+000, 0.0000000000000000E+000, 0.0000000000000000E+000, 1.4000000059604645E-001, 9.9999997473787516E-005, 9.9999997473787516E-005, 0.0000000000000000E+000, 1.7000000000000000E+002, 1.0747500658035278E+000, 4.3575000762939453E+000,-2.7600002288818359E-001, 3.0045700073242188E+002, 2.9145468139648438E+002, 1.6806282103061676E-002, 8.9900148437500000E+004, 9.7003787755966187E-001, 3.0045700073242188E+002, 1.6528500244021416E-002, 0.0000000000000000E+000, 0.0000000000000000E+000, 0.0000000000000000E+000, 0.0000000000000000E+000, 0.0000000000000000E+000, 0.0000000000000000E+000, 3.1758401393890381E+000, 4.8567371368408203E+000, 1.2437129953468684E-005, 0.0000000000000000E+000, 0.0000000000000000E+000, 0.0000000000000000E+000, 0.0000000000000000E+000, 0.0000000000000000E+000, 0.0000000000000000E+000, 0.0000000000000000E+000, 0.0000000000000000E+000, 0.0000000000000000E+000, 1.2655740976333618E-001, 3.8058578491210938E+001, 2.0792260766029358E-003, 2.9365452064666897E-005, 4.2297482490539551E-001,-1.0346268862485886E-001,-2.1561197936534882E-003,-6.4782130718231201E-001,-3.5637425753520802E-005,-4.3122394544070630E-008,-9.3952920287847519E-003, 5.9508910635486245E-004, 1.8688167631626129E-001, 5.6190299987792969E+001, 2.9917482752352953E-003, 1.1735728912753984E-004, 6.3623642921447754E-001,-1.4656624197959900E-001, 0.0000000000000000E+000, 0.0000000000000000E+000, 0.0000000000000000E+000, 0.0000000000000000E+000, 0.0000000000000000E+000, 0.0000000000000000E+000,-9.0956687927246094E-004,-5.3508876590058208E-004, 1.8661499489098787E-003, 2.8711664867842046E-007, 0.0000000000000000E+000, 0.0000000000000000E+000, 0.0000000000000000E+000, 0.0000000000000000E+000, 3.0049432373046875E+002, 5.1607403564453125E+002, 7.8921978759765625E+002
downdraft_probe,10,1, 2.0000000000000000E+001, 1.0000000000000000E+005, 3.4999999403953552E-001, 3.1916775703430176E+000, 0.0000000000000000E+000, 0.0000000000000000E+000, 1.4000000059604645E-001, 9.9999997473787516E-005, 9.9999997473787516E-005, 0.0000000000000000E+000, 1.8500000000000000E+002, 1.0592136383056641E+000, 4.6237497329711914E+000,-1.3400000333786011E-001, 3.0035049438476562E+002, 2.8961822509765625E+002, 1.6751229763031006E-002, 8.8042289062500000E+004, 9.6426749229431152E-001, 3.0035049438476562E+002, 1.6475249081850052E-002, 0.0000000000000000E+000, 0.0000000000000000E+000, 0.0000000000000000E+000, 0.0000000000000000E+000, 0.0000000000000000E+000, 0.0000000000000000E+000, 2.0971360206604004E+000, 3.3330962657928467E+000, 9.5745508588152006E-006, 0.0000000000000000E+000, 0.0000000000000000E+000, 0.0000000000000000E+000, 0.0000000000000000E+000, 0.0000000000000000E+000, 0.0000000000000000E+000, 0.0000000000000000E+000, 0.0000000000000000E+000, 0.0000000000000000E+000, 1.8688167631626129E-001, 5.6190299987792969E+001, 2.9917482752352953E-003, 1.1735728912753984E-004, 6.3623642921447754E-001,-1.4656624197959900E-001, 0.0000000000000000E+000, 0.0000000000000000E+000, 0.0000000000000000E+000, 0.0000000000000000E+000, 0.0000000000000000E+000, 0.0000000000000000E+000, 7.3212757706642151E-002, 2.2008392333984375E+001, 1.1384073877707124E-003, 7.7255288488231599E-005, 2.5518605113029480E-001,-5.4253920912742615E-002, 0.0000000000000000E+000, 0.0000000000000000E+000, 0.0000000000000000E+000, 0.0000000000000000E+000, 0.0000000000000000E+000, 0.0000000000000000E+000,-3.0015229713171721E-003,-1.6096472973003983E-003, 3.8665770553052425E-003, 4.7227368327185104E-007, 7.9557921139894461E-008, 0.0000000000000000E+000, 0.0000000000000000E+000, 0.0000000000000000E+000, 3.0042370605468750E+002, 3.7224163818359375E+002, 5.9162457275390625E+002
downdraft_probe,11,1, 2.0000000000000000E+001, 1.0000000000000000E+005, 3.4999999403953552E-001, 3.1916775703430176E+000, 0.0000000000000000E+000, 0.0000000000000000E+000, 1.4000000059604645E-001, 9.9999997473787516E-005, 9.9999997473787516E-005, 0.0000000000000000E+000, 2.0000000000000000E+002, 1.0192198753356934E+000, 4.9124999046325684E+000, 1.9999980926513672E-002, 3.0712750244140625E+002, 2.9424295043945312E+002, 1.5661500394344330E-002, 8.6070796875000000E+004, 9.5804822444915771E-001, 3.0712750244140625E+002, 1.5420000068843365E-002, 0.0000000000000000E+000, 0.0000000000000000E+000, 0.0000000000000000E+000, 0.0000000000000000E+000, 0.0000000000000000E+000, 0.0000000000000000E+000, 5.2603594958782196E-002, 1.3150899671018124E-002, 4.0377809540359522E-008, 0.0000000000000000E+000, 0.0000000000000000E+000, 0.0000000000000000E+000, 0.0000000000000000E+000, 0.0000000000000000E+000, 0.0000000000000000E+000, 0.0000000000000000E+000, 0.0000000000000000E+000, 0.0000000000000000E+000, 7.3212757706642151E-002, 2.2008392333984375E+001, 1.1384073877707124E-003, 7.7255288488231599E-005, 2.5518605113029480E-001,-5.4253920912742615E-002, 0.0000000000000000E+000, 0.0000000000000000E+000, 0.0000000000000000E+000, 0.0000000000000000E+000, 0.0000000000000000E+000, 0.0000000000000000E+000, 0.0000000000000000E+000, 0.0000000000000000E+000, 0.0000000000000000E+000, 0.0000000000000000E+000, 0.0000000000000000E+000, 0.0000000000000000E+000, 0.0000000000000000E+000, 0.0000000000000000E+000, 0.0000000000000000E+000, 0.0000000000000000E+000, 0.0000000000000000E+000, 0.0000000000000000E+000,-5.3832528647035360E-004,-2.8710771584883332E-004,-1.3473511207848787E-003, 4.5914202218000355E-008, 3.7628811355716607E-007, 0.0000000000000000E+000, 0.0000000000000000E+000, 0.0000000000000000E+000, 3.0708099365234375E+002, 1.0126192092895508E+001, 2.5315482616424561E+000
downdraft_probe,12,1, 2.0000000000000000E+001, 1.0000000000000000E+005, 3.4999999403953552E-001, 3.1916775703430176E+000, 0.0000000000000000E+000, 0.0000000000000000E+000, 1.4000000059604645E-001, 9.9999997473787516E-005, 9.9999997473787516E-005, 0.0000000000000000E+000, 2.1500000000000000E+002, 9.9856585264205933E-001, 5.2237501144409180E+000, 1.8599998950958252E-001, 3.0806124877929688E+002, 2.9308618164062500E+002, 1.4378819614648819E-002, 8.3995101562500000E+004, 9.5138931274414062E-001, 3.0806124877929688E+002, 1.4174999669194221E-002, 0.0000000000000000E+000, 0.0000000000000000E+000, 0.0000000000000000E+000, 0.0000000000000000E+000, 0.0000000000000000E+000, 0.0000000000000000E+000, 2.2483861539512873E-004, 3.2218697015196085E-005, 9.2721492706004938E-009, 0.0000000000000000E+000, 0.0000000000000000E+000, 0.0000000000000000E+000, 0.0000000000000000E+000, 0.0000000000000000E+000, 0.0000000000000000E+000, 0.0000000000000000E+000, 0.0000000000000000E+000, 0.0000000000000000E+000, 0.0000000000000000E+000, 0.0000000000000000E+000, 0.0000000000000000E+000, 0.0000000000000000E+000, 0.0000000000000000E+000, 0.0000000000000000E+000, 0.0000000000000000E+000, 0.0000000000000000E+000, 0.0000000000000000E+000, 0.0000000000000000E+000, 0.0000000000000000E+000, 0.0000000000000000E+000, 0.0000000000000000E+000, 0.0000000000000000E+000, 0.0000000000000000E+000, 0.0000000000000000E+000, 0.0000000000000000E+000, 0.0000000000000000E+000, 0.0000000000000000E+000, 0.0000000000000000E+000, 0.0000000000000000E+000, 0.0000000000000000E+000, 0.0000000000000000E+000, 0.0000000000000000E+000,-1.6689300252892281E-007,-8.0466271867862815E-008,-1.5258789289873675E-006, 4.6566129424663316E-011, 1.1398478732063677E-012, 0.0000000000000000E+000, 0.0000000000000000E+000, 0.0000000000000000E+000, 3.0806121826171875E+002, 4.6654012054204941E-002, 6.6853794269263744E-003
downdraft_probe,13,1, 2.0000000000000000E+001, 1.0000000000000000E+005, 3.4999999403953552E-001, 3.1916775703430176E+000, 0.0000000000000000E+000, 0.0000000000000000E+000, 1.4000000059604645E-001, 9.9999997473787516E-005, 9.9999997473787516E-005, 0.0000000000000000E+000, 2.3000000000000000E+002, 9.7689360380172729E-001, 5.5574998855590820E+000, 3.6399996280670166E-001, 3.0906250000000000E+002, 2.9184783935546875E+002, 1.3007009401917458E-002, 8.1824929687500000E+004, 9.4430041313171387E-001, 3.0906250000000000E+002, 1.2839999981224537E-002, 0.0000000000000000E+000, 0.0000000000000000E+000, 0.0000000000000000E+000, 0.0000000000000000E+000, 0.0000000000000000E+000, 0.0000000000000000E+000, 1.2381582928355783E-004, 1.9644947315100580E-005, 1.2755863032509751E-008, 0.0000000000000000E+000, 0.0000000000000000E+000, 0.0000000000000000E+000, 0.0000000000000000E+000, 0.0000000000000000E+000, 0.0000000000000000E+000, 0.0000000000000000E+000, 0.0000000000000000E+000, 0.0000000000000000E+000, 0.0000000000000000E+000, 0.0000000000000000E+000, 0.0000000000000000E+000, 0.0000000000000000E+000, 0.0000000000000000E+000, 0.0000000000000000E+000, 0.0000000000000000E+000, 0.0000000000000000E+000, 0.0000000000000000E+000, 0.0000000000000000E+000, 0.0000000000000000E+000, 0.0000000000000000E+000, 0.0000000000000000E+000, 0.0000000000000000E+000, 0.0000000000000000E+000, 0.0000000000000000E+000, 0.0000000000000000E+000, 0.0000000000000000E+000, 0.0000000000000000E+000, 0.0000000000000000E+000, 0.0000000000000000E+000, 0.0000000000000000E+000, 0.0000000000000000E+000, 0.0000000000000000E+000,-4.7683716530855236E-008,-1.1920929132713809E-008,-1.5258789289873675E-006, 0.0000000000000000E+000, 1.9694727843259873E-018, 0.0000000000000000E+000, 0.0000000000000000E+000, 0.0000000000000000E+000, 3.0906246948242188E+002, 2.7549022808670998E-002, 4.3710009194910526E-003
downdraft_probe,14,1, 2.0000000000000000E+001, 1.0000000000000000E+005, 3.4999999403953552E-001, 3.1916775703430176E+000, 0.0000000000000000E+000, 0.0000000000000000E+000, 1.4000000059604645E-001, 9.9999997473787516E-005, 9.9999997473787516E-005, 0.0000000000000000E+000, 2.4500000000000000E+002, 9.5429003238677979E-001, 5.9137496948242188E+000, 5.5400002002716064E-001, 3.1013125610351562E+002, 2.9052844238281250E+002, 1.1546807363629341E-002, 7.9570289062500000E+004, 9.3679189682006836E-001, 3.1013125610351562E+002, 1.1415000073611736E-002, 0.0000000000000000E+000, 0.0000000000000000E+000, 0.0000000000000000E+000, 0.0000000000000000E+000, 0.0000000000000000E+000, 0.0000000000000000E+000, 1.0439061588840559E-004, 1.6776362826931290E-005, 1.3391305841992107E-008, 0.0000000000000000E+000, 0.0000000000000000E+000, 0.0000000000000000E+000, 0.0000000000000000E+000, 0.0000000000000000E+000, 0.0000000000000000E+000, 0.0000000000000000E+000, 0.0000000000000000E+000, 0.0000000000000000E+000, 0.0000000000000000E+000, 0.0000000000000000E+000, 0.0000000000000000E+000, 0.0000000000000000E+000, 0.0000000000000000E+000, 0.0000000000000000E+000, 0.0000000000000000E+000, 0.0000000000000000E+000, 0.0000000000000000E+000, 0.0000000000000000E+000, 0.0000000000000000E+000, 0.0000000000000000E+000, 0.0000000000000000E+000, 0.0000000000000000E+000, 0.0000000000000000E+000, 0.0000000000000000E+000, 0.0000000000000000E+000, 0.0000000000000000E+000, 0.0000000000000000E+000, 0.0000000000000000E+000, 0.0000000000000000E+000, 0.0000000000000000E+000, 0.0000000000000000E+000, 0.0000000000000000E+000, 2.3841858265427618E-008, 0.0000000000000000E+000, 0.0000000000000000E+000, 0.0000000000000000E+000, 2.7301355747213805E-024, 0.0000000000000000E+000, 0.0000000000000000E+000, 0.0000000000000000E+000, 3.1013125610351562E+002, 2.4792771786451340E-002, 3.9843861013650894E-003
downdraft_probe,15,1, 2.0000000000000000E+001, 1.0000000000000000E+005, 3.4999999403953552E-001, 3.1916775703430176E+000, 0.0000000000000000E+000, 0.0000000000000000E+000, 1.4000000059604645E-001, 9.9999997473787516E-005, 9.9999997473787516E-005, 0.0000000000000000E+000, 2.6000000000000000E+002, 9.3084430694580078E-001, 6.2925000190734863E+000, 7.5599992275238037E-001, 3.1126748657226562E+002, 2.8912847900390625E+002, 9.9989892914891243E-003, 7.7241343750000000E+004, 9.2887461185455322E-001, 3.1126748657226562E+002, 9.8999999463558197E-003, 0.0000000000000000E+000, 0.0000000000000000E+000, 0.0000000000000000E+000, 0.0000000000000000E+000, 0.0000000000000000E+000, 0.0000000000000000E+000, 9.7571763035375625E-005, 1.5726393030490726E-005, 1.3380702768017727E-008, 0.0000000000000000E+000, 0.0000000000000000E+000, 0.0000000000000000E+000, 0.0000000000000000E+000, 0.0000000000000000E+000, 0.0000000000000000E+000, 0.0000000000000000E+000, 0.0000000000000000E+000, 0.0000000000000000E+000, 0.0000000000000000E+000, 0.0000000000000000E+000, 0.0000000000000000E+000, 0.0000000000000000E+000, 0.0000000000000000E+000, 0.0000000000000000E+000, 0.0000000000000000E+000, 0.0000000000000000E+000, 0.0000000000000000E+000, 0.0000000000000000E+000, 0.0000000000000000E+000, 0.0000000000000000E+000, 0.0000000000000000E+000, 0.0000000000000000E+000, 0.0000000000000000E+000, 0.0000000000000000E+000, 0.0000000000000000E+000, 0.0000000000000000E+000, 0.0000000000000000E+000, 0.0000000000000000E+000, 0.0000000000000000E+000, 0.0000000000000000E+000, 0.0000000000000000E+000, 0.0000000000000000E+000, 0.0000000000000000E+000, 2.9802322831784522E-009, 0.0000000000000000E+000, 0.0000000000000000E+000, 3.3455276401803757E-030, 0.0000000000000000E+000, 0.0000000000000000E+000, 0.0000000000000000E+000, 3.1126748657226562E+002, 2.4636870250105858E-002, 3.9709140546619892E-003
downdraft_probe,16,1, 2.0000000000000000E+001, 1.0000000000000000E+005, 3.4999999403953552E-001, 3.1916775703430176E+000, 0.0000000000000000E+000, 0.0000000000000000E+000, 1.4000000059604645E-001, 9.9999997473787516E-005, 9.9999997473787516E-005, 0.0000000000000000E+000, 2.7500000000000000E+002, 9.0664714574813843E-001, 6.6937503814697266E+000, 9.6999990940093994E-001, 3.1247125244140625E+002, 2.8764852905273438E+002, 8.3643821999430656E-003, 7.4848367187500000E+004, 9.2056000232696533E-001, 3.1247125244140625E+002, 8.2949995994567871E-003, 0.0000000000000000E+000, 0.0000000000000000E+000, 0.0000000000000000E+000, 0.0000000000000000E+000, 0.0000000000000000E+000, 0.0000000000000000E+000, 9.2073692940175533E-005, 1.4876666682539508E-005, 1.3327266401574889E-008, 0.0000000000000000E+000, 0.0000000000000000E+000, 0.0000000000000000E+000, 0.0000000000000000E+000, 0.0000000000000000E+000, 0.0000000000000000E+000, 0.0000000000000000E+000, 0.0000000000000000E+000, 0.0000000000000000E+000, 0.0000000000000000E+000, 0.0000000000000000E+000, 0.0000000000000000E+000, 0.0000000000000000E+000, 0.0000000000000000E+000, 0.0000000000000000E+000, 0.0000000000000000E+000, 0.0000000000000000E+000, 0.0000000000000000E+000, 0.0000000000000000E+000, 0.0000000000000000E+000, 0.0000000000000000E+000, 0.0000000000000000E+000, 0.0000000000000000E+000, 0.0000000000000000E+000, 0.0000000000000000E+000, 0.0000000000000000E+000, 0.0000000000000000E+000, 0.0000000000000000E+000, 0.0000000000000000E+000, 0.0000000000000000E+000, 0.0000000000000000E+000, 0.0000000000000000E+000, 0.0000000000000000E+000, 2.3841858265427618E-008, 2.9802322831784522E-009,-1.5258789289873675E-006, 0.0000000000000000E+000, 3.6693066205425097E-036, 0.0000000000000000E+000, 0.0000000000000000E+000, 0.0000000000000000E+000, 3.1247122192382812E+002, 2.4629712104797363E-002, 3.9795082993805408E-003
downdraft_probe,17,1, 2.0000000000000000E+001, 1.0000000000000000E+005, 3.4999999403953552E-001, 3.1916775703430176E+000, 0.0000000000000000E+000, 0.0000000000000000E+000, 1.4000000059604645E-001, 9.9999997473787516E-005, 9.9999997473787516E-005, 0.0000000000000000E+000, 2.9000000000000000E+002, 8.8178974390029907E-001, 7.1174998283386230E+000, 1.1959998607635498E+000, 3.1374249267578125E+002, 2.8608920288085938E+002, 6.6438494250178337E-003, 7.2401640625000000E+004, 9.1185992956161499E-001, 3.1374249267578125E+002, 6.5999999642372131E-003, 0.0000000000000000E+000, 0.0000000000000000E+000, 0.0000000000000000E+000, 0.0000000000000000E+000, 0.0000000000000000E+000, 0.0000000000000000E+000, 8.7183711002580822E-005, 1.4123816981737036E-005, 1.3267287712892539E-008, 0.0000000000000000E+000, 0.0000000000000000E+000, 0.0000000000000000E+000, 0.0000000000000000E+000, 0.0000000000000000E+000, 0.0000000000000000E+000, 0.0000000000000000E+000, 0.0000000000000000E+000, 0.0000000000000000E+000, 0.0000000000000000E+000, 0.0000000000000000E+000, 0.0000000000000000E+000, 0.0000000000000000E+000, 0.0000000000000000E+000, 0.0000000000000000E+000, 0.0000000000000000E+000, 0.0000000000000000E+000, 0.0000000000000000E+000, 0.0000000000000000E+000, 0.0000000000000000E+000, 0.0000000000000000E+000, 0.0000000000000000E+000, 0.0000000000000000E+000, 0.0000000000000000E+000, 0.0000000000000000E+000, 0.0000000000000000E+000, 0.0000000000000000E+000, 0.0000000000000000E+000, 0.0000000000000000E+000, 0.0000000000000000E+000, 0.0000000000000000E+000, 0.0000000000000000E+000, 0.0000000000000000E+000, 2.3841858265427618E-008, 5.9604645663569045E-009,-1.5258789289873675E-006, 0.0000000000000000E+000, 3.6265604256726266E-042, 0.0000000000000000E+000, 0.0000000000000000E+000, 0.0000000000000000E+000, 3.1374246215820312E+002, 2.4629399180412292E-002, 3.9899782277643681E-003
downdraft_probe,18,1, 2.0000000000000000E+001, 1.0000000000000000E+005, 3.4999999403953552E-001, 3.1916775703430176E+000, 0.0000000000000000E+000, 0.0000000000000000E+000, 1.4000000059604645E-001, 9.9999997473787516E-005, 9.9999997473787516E-005, 0.0000000000000000E+000, 3.0500000000000000E+002, 8.5636425018310547E-001, 7.5637502670288086E+000, 1.4340000152587891E+000, 3.1508123779296875E+002, 2.8445117187500000E+002, 4.8382962122559547E-003, 6.9911421875000000E+004, 9.0278673171997070E-001, 3.1508123779296875E+002, 4.8150001093745232E-003, 0.0000000000000000E+000, 0.0000000000000000E+000, 0.0000000000000000E+000, 0.0000000000000000E+000, 0.0000000000000000E+000, 0.0000000000000000E+000, 8.2788210420403630E-005, 1.3448845493257977E-005, 1.3202166471160126E-008, 0.0000000000000000E+000, 0.0000000000000000E+000, 0.0000000000000000E+000, 0.0000000000000000E+000, 0.0000000000000000E+000, 0.0000000000000000E+000, 0.0000000000000000E+000, 0.0000000000000000E+000, 0.0000000000000000E+000, 0.0000000000000000E+000, 0.0000000000000000E+000, 0.0000000000000000E+000, 0.0000000000000000E+000, 0.0000000000000000E+000, 0.0000000000000000E+000, 0.0000000000000000E+000, 0.0000000000000000E+000, 0.0000000000000000E+000, 0.0000000000000000E+000, 0.0000000000000000E+000, 0.0000000000000000E+000, 0.0000000000000000E+000, 0.0000000000000000E+000, 0.0000000000000000E+000, 0.0000000000000000E+000, 0.0000000000000000E+000, 0.0000000000000000E+000, 0.0000000000000000E+000, 0.0000000000000000E+000, 0.0000000000000000E+000, 0.0000000000000000E+000, 0.0000000000000000E+000, 0.0000000000000000E+000, 0.0000000000000000E+000,-5.9604645663569045E-009, 1.5258789289873675E-006, 2.3283064712331658E-011, 0.0000000000000000E+000, 0.0000000000000000E+000, 0.0000000000000000E+000, 0.0000000000000000E+000, 3.1508126831054688E+002, 2.4629492312669754E-002, 4.0010316297411919E-003
downdraft_probe,19,1, 2.0000000000000000E+001, 1.0000000000000000E+005, 3.4999999403953552E-001, 3.1916775703430176E+000, 0.0000000000000000E+000, 0.0000000000000000E+000, 1.4000000059604645E-001, 9.9999997473787516E-005, 9.9999997473787516E-005, 0.0000000000000000E+000, 3.2000000000000000E+002, 8.3046185970306396E-001, 8.0325002670288086E+000, 1.6840000152587891E+000, 3.1648748779296875E+002, 2.8273516845703125E+002, 2.9486690182238817E-003, 6.7387820312500000E+004, 8.9335334300994873E-001, 3.1648748779296875E+002, 2.9400000348687172E-003, 0.0000000000000000E+000, 0.0000000000000000E+000, 0.0000000000000000E+000, 0.0000000000000000E+000, 0.0000000000000000E+000, 0.0000000000000000E+000, 7.8814235166646540E-005, 1.2840594536100980E-005, 1.3131661980025910E-008, 0.0000000000000000E+000, 0.0000000000000000E+000, 0.0000000000000000E+000, 0.0000000000000000E+000, 0.0000000000000000E+000, 0.0000000000000000E+000, 0.0000000000000000E+000, 0.0000000000000000E+000, 0.0000000000000000E+000, 0.0000000000000000E+000, 0.0000000000000000E+000, 0.0000000000000000E+000, 0.0000000000000000E+000, 0.0000000000000000E+000, 0.0000000000000000E+000, 0.0000000000000000E+000, 0.0000000000000000E+000, 0.0000000000000000E+000, 0.0000000000000000E+000, 0.0000000000000000E+000, 0.0000000000000000E+000, 0.0000000000000000E+000, 0.0000000000000000E+000, 0.0000000000000000E+000, 0.0000000000000000E+000, 0.0000000000000000E+000, 0.0000000000000000E+000, 0.0000000000000000E+000, 0.0000000000000000E+000, 0.0000000000000000E+000, 0.0000000000000000E+000, 0.0000000000000000E+000, 0.0000000000000000E+000, 0.0000000000000000E+000, 0.0000000000000000E+000, 0.0000000000000000E+000, 0.0000000000000000E+000, 0.0000000000000000E+000, 0.0000000000000000E+000, 0.0000000000000000E+000, 0.0000000000000000E+000, 3.1648748779296875E+002, 2.4629447609186172E-002, 4.0126857347786427E-003
downdraft_probe,20,1, 2.0000000000000000E+001, 1.0000000000000000E+005, 3.4999999403953552E-001, 3.1916775703430176E+000, 0.0000000000000000E+000, 0.0000000000000000E+000, 1.4000000059604645E-001, 9.9999997473787516E-005, 9.9999997473787516E-005, 0.0000000000000000E+000, 3.3500000000000000E+002, 8.0417364835739136E-001, 8.5237503051757812E+000, 1.9459998607635498E+000, 3.1796124267578125E+002, 2.8094192504882812E+002, 9.7595131956040859E-004, 6.4840792968750000E+004, 8.8357287645339966E-001, 3.1796124267578125E+002, 9.7499974071979523E-004, 0.0000000000000000E+000, 0.0000000000000000E+000, 0.0000000000000000E+000, 0.0000000000000000E+000, 0.0000000000000000E+000, 0.0000000000000000E+000, 7.5204297900199890E-005, 1.2290062841202598E-005, 1.3055251990579109E-008, 0.0000000000000000E+000, 0.0000000000000000E+000, 0.0000000000000000E+000, 0.0000000000000000E+000, 0.0000000000000000E+000, 0.0000000000000000E+000, 0.0000000000000000E+000, 0.0000000000000000E+000, 0.0000000000000000E+000, 0.0000000000000000E+000, 0.0000000000000000E+000, 0.0000000000000000E+000, 0.0000000000000000E+000, 0.0000000000000000E+000, 0.0000000000000000E+000, 0.0000000000000000E+000, 0.0000000000000000E+000, 0.0000000000000000E+000, 0.0000000000000000E+000, 0.0000000000000000E+000, 0.0000000000000000E+000, 0.0000000000000000E+000, 0.0000000000000000E+000, 0.0000000000000000E+000, 0.0000000000000000E+000, 0.0000000000000000E+000, 0.0000000000000000E+000, 0.0000000000000000E+000, 0.0000000000000000E+000, 0.0000000000000000E+000, 0.0000000000000000E+000, 0.0000000000000000E+000, 0.0000000000000000E+000,-4.7683716530855236E-008,-5.9604645663569045E-009, 0.0000000000000000E+000, 5.2386893434341886E-011, 0.0000000000000000E+000, 0.0000000000000000E+000, 0.0000000000000000E+000, 0.0000000000000000E+000, 3.1796124267578125E+002, 2.4629406630992889E-002, 4.0249954909086227E-003
downdraft_probe,21,1, 2.0000000000000000E+001, 1.0000000000000000E+005, 3.4999999403953552E-001, 3.1916775703430176E+000, 0.0000000000000000E+000, 0.0000000000000000E+000, 1.4000000059604645E-001, 9.9999997473787516E-005, 9.9999997473787516E-005, 0.0000000000000000E+000, 3.5000000000000000E+002, 7.7758902311325073E-001, 9.0375003814697266E+000, 2.2200000286102295E+000, 3.1950250244140625E+002, 2.7907232666015625E+002, 2.0003999816253781E-004, 6.2280027343750000E+004, 8.7345898151397705E-001, 3.1950250244140625E+002, 1.9999999494757503E-004, 0.0000000000000000E+000, 0.0000000000000000E+000, 0.0000000000000000E+000, 0.0000000000000000E+000, 0.0000000000000000E+000, 0.0000000000000000E+000, 7.1910922997631133E-005, 9.7191305030719377E-006, 1.2972606100447592E-008, 0.0000000000000000E+000, 0.0000000000000000E+000, 0.0000000000000000E+000, 0.0000000000000000E+000, 0.0000000000000000E+000, 0.0000000000000000E+000, 0.0000000000000000E+000, 0.0000000000000000E+000, 0.0000000000000000E+000, 0.0000000000000000E+000, 0.0000000000000000E+000, 0.0000000000000000E+000, 0.0000000000000000E+000, 0.0000000000000000E+000, 0.0000000000000000E+000, 0.0000000000000000E+000, 0.0000000000000000E+000, 0.0000000000000000E+000, 0.0000000000000000E+000, 0.0000000000000000E+000, 0.0000000000000000E+000, 0.0000000000000000E+000, 0.0000000000000000E+000, 0.0000000000000000E+000, 0.0000000000000000E+000, 0.0000000000000000E+000, 0.0000000000000000E+000, 0.0000000000000000E+000, 0.0000000000000000E+000, 0.0000000000000000E+000, 0.0000000000000000E+000, 0.0000000000000000E+000, 0.0000000000000000E+000,-4.7683716530855236E-008, 0.0000000000000000E+000, 0.0000000000000000E+000, 2.1827872842550278E-011, 0.0000000000000000E+000, 0.0000000000000000E+000, 0.0000000000000000E+000, 0.0000000000000000E+000, 3.1950250244140625E+002, 2.4629490450024605E-002, 3.3288022968918085E-003
downdraft_probe,22,1, 2.0000000000000000E+001, 1.0000000000000000E+005, 3.4999999403953552E-001, 3.1916775703430176E+000, 0.0000000000000000E+000, 0.0000000000000000E+000, 1.4000000059604645E-001, 9.9999997473787516E-005, 9.9999997473787516E-005, 0.0000000000000000E+000, 3.6500000000000000E+002, 7.5079572200775146E-001, 9.5737495422363281E+000, 2.5059998035430908E+000, 3.2111123657226562E+002, 2.7712722778320312E+002, 2.0003999816253781E-004, 5.9714925781250000E+004, 8.6302560567855835E-001, 3.2111123657226562E+002, 1.9999999494757503E-004, 0.0000000000000000E+000, 0.0000000000000000E+000, 0.0000000000000000E+000, 0.0000000000000000E+000, 0.0000000000000000E+000, 0.0000000000000000E+000, 6.8893583375029266E-005, 8.4203638834878802E-006, 1.2883448974321254E-008, 0.0000000000000000E+000, 0.0000000000000000E+000, 0.0000000000000000E+000, 0.0000000000000000E+000, 0.0000000000000000E+000, 0.0000000000000000E+000, 0.0000000000000000E+000, 0.0000000000000000E+000, 0.0000000000000000E+000, 0.0000000000000000E+000, 0.0000000000000000E+000, 0.0000000000000000E+000, 0.0000000000000000E+000, 0.0000000000000000E+000, 0.0000000000000000E+000, 0.0000000000000000E+000, 0.0000000000000000E+000, 0.0000000000000000E+000, 0.0000000000000000E+000, 0.0000000000000000E+000, 0.0000000000000000E+000, 0.0000000000000000E+000, 0.0000000000000000E+000, 0.0000000000000000E+000, 0.0000000000000000E+000, 0.0000000000000000E+000, 0.0000000000000000E+000, 0.0000000000000000E+000, 0.0000000000000000E+000, 0.0000000000000000E+000, 0.0000000000000000E+000, 0.0000000000000000E+000, 0.0000000000000000E+000, 0.0000000000000000E+000, 0.0000000000000000E+000, 0.0000000000000000E+000,-7.2759577226036432E-013, 0.0000000000000000E+000, 0.0000000000000000E+000, 0.0000000000000000E+000, 0.0000000000000000E+000, 3.2111123657226562E+002, 2.4629456922411919E-002, 3.0102801974862814E-003
downdraft_probe,23,1, 2.0000000000000000E+001, 1.0000000000000000E+005, 3.4999999403953552E-001, 3.1916775703430176E+000, 0.0000000000000000E+000, 0.0000000000000000E+000, 1.4000000059604645E-001, 9.9999997473787516E-005, 9.9999997473787516E-005, 0.0000000000000000E+000, 3.8000000000000000E+002, 7.2387915849685669E-001, 1.0132499694824219E+001, 2.8039999008178711E+000, 3.2278750610351562E+002, 2.7510760498046875E+002, 2.0003999816253781E-004, 5.7154519531250000E+004, 8.5228699445724487E-001, 3.2278750610351562E+002, 1.9999999494757503E-004, 0.0000000000000000E+000, 0.0000000000000000E+000, 0.0000000000000000E+000, 0.0000000000000000E+000, 0.0000000000000000E+000, 0.0000000000000000E+000, 6.6118940594606102E-005, 8.0810968938749284E-006, 1.2787153558235786E-008, 0.0000000000000000E+000, 0.0000000000000000E+000, 0.0000000000000000E+000, 0.0000000000000000E+000, 0.0000000000000000E+000, 0.0000000000000000E+000, 0.0000000000000000E+000, 0.0000000000000000E+000, 0.0000000000000000E+000, 0.0000000000000000E+000, 0.0000000000000000E+000, 0.0000000000000000E+000, 0.0000000000000000E+000, 0.0000000000000000E+000, 0.0000000000000000E+000, 0.0000000000000000E+000, 0.0000000000000000E+000, 0.0000000000000000E+000, 0.0000000000000000E+000, 0.0000000000000000E+000, 0.0000000000000000E+000, 0.0000000000000000E+000, 0.0000000000000000E+000, 0.0000000000000000E+000, 0.0000000000000000E+000, 0.0000000000000000E+000, 0.0000000000000000E+000, 0.0000000000000000E+000, 0.0000000000000000E+000, 0.0000000000000000E+000, 0.0000000000000000E+000, 0.0000000000000000E+000, 0.0000000000000000E+000, 4.7683716530855236E-008, 0.0000000000000000E+000, 0.0000000000000000E+000, 7.2759577226036432E-013, 0.0000000000000000E+000, 0.0000000000000000E+000, 0.0000000000000000E+000, 0.0000000000000000E+000, 3.2278750610351562E+002, 2.4629306048154831E-002, 3.0102084856480360E-003
downdraft_probe,24,1, 2.0000000000000000E+001, 1.0000000000000000E+005, 3.4999999403953552E-001, 3.1916775703430176E+000, 0.0000000000000000E+000, 0.0000000000000000E+000, 1.4000000059604645E-001, 9.9999997473787516E-005, 9.9999997473787516E-005, 0.0000000000000000E+000, 3.9500000000000000E+002, 6.9692218303680420E-001, 1.0713749885559082E+001, 3.1139998435974121E+000, 3.2453125000000000E+002, 2.7301443481445312E+002, 2.0003999816253781E-004, 5.4607437500000000E+004, 8.4125775098800659E-001, 3.2453125000000000E+002, 1.9999999494757503E-004, 0.0000000000000000E+000, 0.0000000000000000E+000, 0.0000000000000000E+000, 0.0000000000000000E+000, 0.0000000000000000E+000, 0.0000000000000000E+000, 6.3559964473824948E-005, 7.7684480856987648E-006, 1.2683186945139369E-008, 0.0000000000000000E+000, 0.0000000000000000E+000, 0.0000000000000000E+000, 0.0000000000000000E+000, 0.0000000000000000E+000, 0.0000000000000000E+000, 0.0000000000000000E+000, 0.0000000000000000E+000, 0.0000000000000000E+000, 0.0000000000000000E+000, 0.0000000000000000E+000, 0.0000000000000000E+000, 0.0000000000000000E+000, 0.0000000000000000E+000, 0.0000000000000000E+000, 0.0000000000000000E+000, 0.0000000000000000E+000, 0.0000000000000000E+000, 0.0000000000000000E+000, 0.0000000000000000E+000, 0.0000000000000000E+000, 0.0000000000000000E+000, 0.0000000000000000E+000, 0.0000000000000000E+000, 0.0000000000000000E+000, 0.0000000000000000E+000, 0.0000000000000000E+000, 0.0000000000000000E+000, 0.0000000000000000E+000, 0.0000000000000000E+000, 0.0000000000000000E+000, 0.0000000000000000E+000, 0.0000000000000000E+000, 0.0000000000000000E+000, 0.0000000000000000E+000, 0.0000000000000000E+000, 7.2759577226036432E-013, 0.0000000000000000E+000, 0.0000000000000000E+000, 0.0000000000000000E+000, 0.0000000000000000E+000, 3.2453125000000000E+002, 2.4629486724734306E-002, 3.0102736782282591E-003
downdraft_probe,25,1, 2.0000000000000000E+001, 1.0000000000000000E+005, 3.4999999403953552E-001, 3.1916775703430176E+000, 0.0000000000000000E+000, 0.0000000000000000E+000, 1.4000000059604645E-001, 9.9999997473787516E-005, 9.9999997473787516E-005, 0.0000000000000000E+000, 4.1000000000000000E+002, 6.7000472545623779E-001, 1.1317500114440918E+001, 3.4359998703002930E+000, 3.2634249877929688E+002, 2.7084884643554688E+002, 2.0003999816253781E-004, 5.2081890625000000E+004, 8.2995271682739258E-001, 3.2634249877929688E+002, 1.9999999494757503E-004, 0.0000000000000000E+000, 0.0000000000000000E+000, 0.0000000000000000E+000, 0.0000000000000000E+000, 0.0000000000000000E+000, 0.0000000000000000E+000, 6.1191210988909006E-005, 7.4789149948628619E-006, 1.2571073959577461E-008, 0.0000000000000000E+000, 0.0000000000000000E+000, 0.0000000000000000E+000, 0.0000000000000000E+000, 0.0000000000000000E+000, 0.0000000000000000E+000, 0.0000000000000000E+000, 0.0000000000000000E+000, 0.0000000000000000E+000, 0.0000000000000000E+000, 0.0000000000000000E+000, 0.0000000000000000E+000, 0.0000000000000000E+000, 0.0000000000000000E+000, 0.0000000000000000E+000, 0.0000000000000000E+000, 0.0000000000000000E+000, 0.0000000000000000E+000, 0.0000000000000000E+000, 0.0000000000000000E+000, 0.0000000000000000E+000, 0.0000000000000000E+000, 0.0000000000000000E+000, 0.0000000000000000E+000, 0.0000000000000000E+000, 0.0000000000000000E+000, 0.0000000000000000E+000, 0.0000000000000000E+000, 0.0000000000000000E+000, 0.0000000000000000E+000, 0.0000000000000000E+000, 0.0000000000000000E+000, 0.0000000000000000E+000, 0.0000000000000000E+000, 1.1920929132713809E-008, 0.0000000000000000E+000, 0.0000000000000000E+000, 0.0000000000000000E+000, 0.0000000000000000E+000, 0.0000000000000000E+000, 0.0000000000000000E+000, 3.2634249877929688E+002, 2.4629462510347366E-002, 3.0102632008492947E-003
downdraft_probe,26,1, 2.0000000000000000E+001, 1.0000000000000000E+005, 3.4999999403953552E-001, 3.1916775703430176E+000, 0.0000000000000000E+000, 0.0000000000000000E+000, 1.4000000059604645E-001, 9.9999997473787516E-005, 9.9999997473787516E-005, 0.0000000000000000E+000, 4.2500000000000000E+002, 6.4320284128189087E-001, 1.1943750381469727E+001, 3.7699999809265137E+000, 3.2822125244140625E+002, 2.6861196899414062E+002, 2.0003999816253781E-004, 4.9585558593750000E+004, 8.1838685274124146E-001, 3.2822125244140625E+002, 1.9999999494757503E-004, 0.0000000000000000E+000, 0.0000000000000000E+000, 0.0000000000000000E+000, 0.0000000000000000E+000, 0.0000000000000000E+000, 0.0000000000000000E+000, 5.8992631238652393E-005, 7.2101843215932604E-006, 1.2450130704166895E-008, 0.0000000000000000E+000, 0.0000000000000000E+000, 0.0000000000000000E+000, 0.0000000000000000E+000, 0.0000000000000000E+000, 0.0000000000000000E+000, 0.0000000000000000E+000, 0.0000000000000000E+000, 0.0000000000000000E+000, 0.0000000000000000E+000, 0.0000000000000000E+000, 0.0000000000000000E+000, 0.0000000000000000E+000, 0.0000000000000000E+000, 0.0000000000000000E+000, 0.0000000000000000E+000, 0.0000000000000000E+000, 0.0000000000000000E+000, 0.0000000000000000E+000, 0.0000000000000000E+000, 0.0000000000000000E+000, 0.0000000000000000E+000, 0.0000000000000000E+000, 0.0000000000000000E+000, 0.0000000000000000E+000, 0.0000000000000000E+000, 0.0000000000000000E+000, 0.0000000000000000E+000, 0.0000000000000000E+000, 0.0000000000000000E+000, 0.0000000000000000E+000, 0.0000000000000000E+000, 0.0000000000000000E+000, 0.0000000000000000E+000,-1.1920929132713809E-008,-1.5258789289873675E-006,-7.2759577226036432E-013, 0.0000000000000000E+000, 0.0000000000000000E+000, 0.0000000000000000E+000, 0.0000000000000000E+000, 3.2822122192382812E+002, 2.4629423394799232E-002, 3.0102520249783993E-003
downdraft_probe,27,1, 2.0000000000000000E+001, 1.0000000000000000E+005, 3.4999999403953552E-001, 3.1916775703430176E+000, 0.0000000000000000E+000, 0.0000000000000000E+000, 1.4000000059604645E-001, 9.9999997473787516E-005, 9.9999997473787516E-005, 0.0000000000000000E+000, 4.4000000000000000E+002, 6.1658954620361328E-001, 1.2592499732971191E+001, 4.1159996986389160E+000, 3.3016748046875000E+002, 2.6630493164062500E+002, 2.0003999816253781E-004, 4.7125640625000000E+004, 8.0657529830932617E-001, 3.3016748046875000E+002, 1.9999999494757503E-004, 0.0000000000000000E+000, 0.0000000000000000E+000, 0.0000000000000000E+000, 0.0000000000000000E+000, 0.0000000000000000E+000, 0.0000000000000000E+000, 5.6946806580526754E-005, 6.9602106123056728E-006, 1.2319770092972249E-008, 0.0000000000000000E+000, 0.0000000000000000E+000, 0.0000000000000000E+000, 0.0000000000000000E+000, 0.0000000000000000E+000, 0.0000000000000000E+000, 0.0000000000000000E+000, 0.0000000000000000E+000, 0.0000000000000000E+000, 0.0000000000000000E+000, 0.0000000000000000E+000, 0.0000000000000000E+000, 0.0000000000000000E+000, 0.0000000000000000E+000, 0.0000000000000000E+000, 0.0000000000000000E+000, 0.0000000000000000E+000, 0.0000000000000000E+000, 0.0000000000000000E+000, 0.0000000000000000E+000, 0.0000000000000000E+000, 0.0000000000000000E+000, 0.0000000000000000E+000, 0.0000000000000000E+000, 0.0000000000000000E+000, 0.0000000000000000E+000, 0.0000000000000000E+000, 0.0000000000000000E+000, 0.0000000000000000E+000, 0.0000000000000000E+000, 0.0000000000000000E+000, 0.0000000000000000E+000, 0.0000000000000000E+000,-4.7683716530855236E-008, 0.0000000000000000E+000, 0.0000000000000000E+000, 0.0000000000000000E+000, 0.0000000000000000E+000, 0.0000000000000000E+000, 0.0000000000000000E+000, 0.0000000000000000E+000, 3.3016748046875000E+002, 2.4629494175314903E-002, 3.0102911405265331E-003
downdraft_probe,28,1, 2.0000000000000000E+001, 1.0000000000000000E+005, 3.4999999403953552E-001, 3.1916775703430176E+000, 0.0000000000000000E+000, 0.0000000000000000E+000, 1.4000000059604645E-001, 9.9999997473787516E-005, 9.9999997473787516E-005, 0.0000000000000000E+000, 4.5500000000000000E+002, 5.9023320674896240E-001, 1.3263750076293945E+001, 4.4739999771118164E+000, 3.3218124389648438E+002, 2.6392916870117188E+002, 2.0003999816253781E-004, 4.4708792968750000E+004, 7.9453361034393311E-001, 3.3218124389648438E+002, 1.9999999494757503E-004, 0.0000000000000000E+000, 0.0000000000000000E+000, 0.0000000000000000E+000, 0.0000000000000000E+000, 0.0000000000000000E+000, 0.0000000000000000E+000, 5.5037693527992815E-005, 6.7267756094224751E-006, 1.2179274477830404E-008, 0.0000000000000000E+000, 0.0000000000000000E+000, 0.0000000000000000E+000, 0.0000000000000000E+000, 0.0000000000000000E+000, 0.0000000000000000E+000, 0.0000000000000000E+000, 0.0000000000000000E+000, 0.0000000000000000E+000, 0.0000000000000000E+000, 0.0000000000000000E+000, 0.0000000000000000E+000, 0.0000000000000000E+000, 0.0000000000000000E+000, 0.0000000000000000E+000, 0.0000000000000000E+000, 0.0000000000000000E+000, 0.0000000000000000E+000, 0.0000000000000000E+000, 0.0000000000000000E+000, 0.0000000000000000E+000, 0.0000000000000000E+000, 0.0000000000000000E+000, 0.0000000000000000E+000, 0.0000000000000000E+000, 0.0000000000000000E+000, 0.0000000000000000E+000, 0.0000000000000000E+000, 0.0000000000000000E+000, 0.0000000000000000E+000, 0.0000000000000000E+000, 0.0000000000000000E+000, 0.0000000000000000E+000, 4.7683716530855236E-008,-2.3841858265427618E-008, 0.0000000000000000E+000, 0.0000000000000000E+000, 0.0000000000000000E+000, 0.0000000000000000E+000, 0.0000000000000000E+000, 0.0000000000000000E+000, 3.3218124389648438E+002, 2.4629367515444756E-002, 3.0102320015430450E-003
downdraft_probe,29,1, 2.0000000000000000E+001, 1.0000000000000000E+005, 3.4999999403953552E-001, 3.1916775703430176E+000, 0.0000000000000000E+000, 0.0000000000000000E+000, 1.4000000059604645E-001, 9.9999997473787516E-005, 9.9999997473787516E-005, 0.0000000000000000E+000, 4.7000000000000000E+002, 5.6419861316680908E-001, 1.3957500457763672E+001, 4.8439998626708984E+000, 3.3426248168945312E+002, 2.6148590087890625E+002, 2.0003999816253781E-004, 4.2341105468750000E+004, 7.8227710723876953E-001, 3.3426248168945312E+002, 1.9999999494757503E-004, 0.0000000000000000E+000, 0.0000000000000000E+000, 0.0000000000000000E+000, 0.0000000000000000E+000, 0.0000000000000000E+000, 0.0000000000000000E+000, 5.3252813813742250E-005, 6.5087037910416257E-006, 1.2027884466192518E-008, 0.0000000000000000E+000, 0.0000000000000000E+000, 0.0000000000000000E+000, 0.0000000000000000E+000, 0.0000000000000000E+000, 0.0000000000000000E+000, 0.0000000000000000E+000, 0.0000000000000000E+000, 0.0000000000000000E+000, 0.0000000000000000E+000, 0.0000000000000000E+000, 0.0000000000000000E+000, 0.0000000000000000E+000, 0.0000000000000000E+000, 0.0000000000000000E+000, 0.0000000000000000E+000, 0.0000000000000000E+000, 0.0000000000000000E+000, 0.0000000000000000E+000, 0.0000000000000000E+000, 0.0000000000000000E+000, 0.0000000000000000E+000, 0.0000000000000000E+000, 0.0000000000000000E+000, 0.0000000000000000E+000, 0.0000000000000000E+000, 0.0000000000000000E+000, 0.0000000000000000E+000, 0.0000000000000000E+000, 0.0000000000000000E+000, 0.0000000000000000E+000, 0.0000000000000000E+000, 0.0000000000000000E+000, 0.0000000000000000E+000, 2.3841858265427618E-008,-1.5258789289873675E-006, 0.0000000000000000E+000, 0.0000000000000000E+000, 0.0000000000000000E+000, 0.0000000000000000E+000, 0.0000000000000000E+000, 3.3426245117187500E+002, 2.4629427120089531E-002, 3.0102755408734083E-003
downdraft_probe,30,1, 2.0000000000000000E+001, 1.0000000000000000E+005, 3.4999999403953552E-001, 3.1916775703430176E+000, 0.0000000000000000E+000, 0.0000000000000000E+000, 1.4000000059604645E-001, 9.9999997473787516E-005, 9.9999997473787516E-005, 0.0000000000000000E+000, 4.8500000000000000E+002, 5.3854584693908691E-001, 1.4673749923706055E+001, 5.2259998321533203E+000, 3.3641125488281250E+002, 2.5897659301757812E+002, 2.0003999816253781E-004, 4.0028109375000000E+004, 7.6982146501541138E-001, 3.3641125488281250E+002, 1.9999999494757503E-004, 0.0000000000000000E+000, 0.0000000000000000E+000, 0.0000000000000000E+000, 0.0000000000000000E+000, 0.0000000000000000E+000, 0.0000000000000000E+000, 5.1579951104940847E-005, 6.3041261455509812E-006, 0.0000000000000000E+000, 0.0000000000000000E+000, 0.0000000000000000E+000, 0.0000000000000000E+000, 0.0000000000000000E+000, 0.0000000000000000E+000, 0.0000000000000000E+000, 0.0000000000000000E+000, 0.0000000000000000E+000, 0.0000000000000000E+000, 0.0000000000000000E+000, 0.0000000000000000E+000, 0.0000000000000000E+000, 0.0000000000000000E+000, 0.0000000000000000E+000, 0.0000000000000000E+000, 0.0000000000000000E+000, 0.0000000000000000E+000, 0.0000000000000000E+000, 0.0000000000000000E+000, 0.0000000000000000E+000, 0.0000000000000000E+000, 0.0000000000000000E+000, 0.0000000000000000E+000, 0.0000000000000000E+000, 0.0000000000000000E+000, 0.0000000000000000E+000, 0.0000000000000000E+000, 0.0000000000000000E+000, 0.0000000000000000E+000, 0.0000000000000000E+000, 0.0000000000000000E+000, 0.0000000000000000E+000, 0.0000000000000000E+000, 0.0000000000000000E+000, 0.0000000000000000E+000, 0.0000000000000000E+000, 0.0000000000000000E+000, 0.0000000000000000E+000, 0.0000000000000000E+000, 0.0000000000000000E+000, 0.0000000000000000E+000, 3.3641125488281250E+002, 2.4629427120089531E-002, 3.0102201271802187E-003
moisture_repair,1,1, 2.0000000000000000E+001, 1.0000000000000000E+005, 3.4999999403953552E-001, 3.1916775703430176E+000, 0.0000000000000000E+000, 0.0000000000000000E+000, 1.4000000059604645E-001, 9.9999997473787516E-005, 9.9999997473787516E-005, 0.0000000000000000E+000, 5.0000000000000000E+001, 1.1552098989486694E+000, 3.0374999046325684E+000,-9.8000001907348633E-001, 3.0098498535156250E+002, 3.0073214721679688E+002, 1.7079303041100502E-002, 9.9706312500000000E+004, 9.9915999174118042E-001, 3.0098498535156250E+002, 1.6792498528957367E-002, 0.0000000000000000E+000, 0.0000000000000000E+000, 0.0000000000000000E+000, 0.0000000000000000E+000, 0.0000000000000000E+000,-5.9999998484272510E-005, 0.0000000000000000E+000, 0.0000000000000000E+000, 1.6604111806373112E-005, 0.0000000000000000E+000, 0.0000000000000000E+000, 0.0000000000000000E+000, 0.0000000000000000E+000, 0.0000000000000000E+000, 0.0000000000000000E+000, 0.0000000000000000E+000, 0.0000000000000000E+000, 0.0000000000000000E+000, 0.0000000000000000E+000, 0.0000000000000000E+000, 0.0000000000000000E+000, 0.0000000000000000E+000, 0.0000000000000000E+000, 0.0000000000000000E+000, 0.0000000000000000E+000, 0.0000000000000000E+000, 0.0000000000000000E+000, 0.0000000000000000E+000, 0.0000000000000000E+000, 0.0000000000000000E+000, 2.5148302316665649E-002, 7.5690522193908691E+000, 4.2223418131470680E-004, 0.0000000000000000E+000, 7.7331036329269409E-002,-2.4142373353242874E-002, 0.0000000000000000E+000, 0.0000000000000000E+000, 0.0000000000000000E+000, 0.0000000000000000E+000, 0.0000000000000000E+000, 0.0000000000000000E+000,-4.8344134120270610E-004, 1.3522654771804810E-003, 1.2054596096277237E-001,-9.4361297669820487E-005, 0.0000000000000000E+000, 0.0000000000000000E+000, 0.0000000000000000E+000, 0.0000000000000000E+000, 3.0339590454101562E+002, 0.0000000000000000E+000, 0.0000000000000000E+000
moisture_repair,2,1, 2.0000000000000000E+001, 1.0000000000000000E+005, 3.4999999403953552E-001, 3.1916775703430176E+000, 0.0000000000000000E+000, 0.0000000000000000E+000, 1.4000000059604645E-001, 9.9999997473787516E-005, 9.9999997473787516E-005, 0.0000000000000000E+000, 6.5000000000000000E+001, 1.1497731208801270E+000, 3.1237499713897705E+000,-9.3400001525878906E-001, 3.0095050048828125E+002, 3.0011709594726562E+002, 1.7061458900570869E-002, 9.9034109375000000E+004, 9.9723070859909058E-001, 3.0095050048828125E+002, 1.6775248572230339E-002, 0.0000000000000000E+000, 0.0000000000000000E+000, 0.0000000000000000E+000, 0.0000000000000000E+000, 0.0000000000000000E+000, 0.0000000000000000E+000, 6.6123658418655396E-001, 7.3893976211547852E-001, 1.0386434041720349E-005, 0.0000000000000000E+000, 0.0000000000000000E+000, 0.0000000000000000E+000, 0.0000000000000000E+000, 0.0000000000000000E+000, 0.0000000000000000E+000, 0.0000000000000000E+000, 0.0000000000000000E+000, 0.0000000000000000E+000, 2.5148302316665649E-002, 7.5690522193908691E+000, 4.2223418131470680E-004, 0.0000000000000000E+000, 7.7331036329269409E-002,-2.4142373353242874E-002, 0.0000000000000000E+000, 0.0000000000000000E+000, 0.0000000000000000E+000, 0.0000000000000000E+000, 0.0000000000000000E+000, 0.0000000000000000E+000, 2.5219200178980827E-002, 7.5902986526489258E+000, 4.2337345075793564E-004, 0.0000000000000000E+000, 7.7604100108146667E-002,-2.4181071668863297E-002, 0.0000000000000000E+000, 0.0000000000000000E+000, 0.0000000000000000E+000, 0.0000000000000000E+000, 0.0000000000000000E+000, 0.0000000000000000E+000, 2.1665333770215511E-003, 1.3465046649798751E-003, 1.2767028994858265E-002,-1.1803766028606333E-005, 0.0000000000000000E+000, 0.0000000000000000E+000, 0.0000000000000000E+000, 0.0000000000000000E+000, 3.0120584106445312E+002, 3.8021102905273438E+001, 4.2489036560058594E+001
moisture_repair,3,1, 2.0000000000000000E+001, 1.0000000000000000E+005, 3.4999999403953552E-001, 3.1916775703430176E+000, 0.0000000000000000E+000, 0.0000000000000000E+000, 1.4000000059604645E-001, 9.9999997473787516E-005, 9.9999997473787516E-005, 0.0000000000000000E+000, 8.0000000000000000E+001, 1.1429547071456909E+000, 3.2325000762939453E+000,-8.7599998712539673E-001, 3.0090701293945312E+002, 2.9934332275390625E+002, 1.7038961872458458E-002, 9.8192992187500000E+004, 9.9480342864990234E-001, 3.0090701293945312E+002, 1.6753500327467918E-002, 0.0000000000000000E+000, 0.0000000000000000E+000, 0.0000000000000000E+000, 0.0000000000000000E+000, 0.0000000000000000E+000, 0.0000000000000000E+000, 2.1251556873321533E+000, 3.3799192905426025E+000, 1.0162820217374247E-005, 0.0000000000000000E+000, 0.0000000000000000E+000, 0.0000000000000000E+000, 0.0000000000000000E+000, 0.0000000000000000E+000, 0.0000000000000000E+000, 0.0000000000000000E+000, 0.0000000000000000E+000, 0.0000000000000000E+000, 2.5219200178980827E-002, 7.5902986526489258E+000, 4.2337345075793564E-004, 0.0000000000000000E+000, 7.7604100108146667E-002,-2.4181071668863297E-002, 0.0000000000000000E+000, 0.0000000000000000E+000, 0.0000000000000000E+000, 0.0000000000000000E+000, 0.0000000000000000E+000, 0.0000000000000000E+000, 3.1504020094871521E-002, 9.4815053939819336E+000, 5.2869680803269148E-004, 0.0000000000000000E+000, 9.7217425704002380E-002,-3.0061157420277596E-002, 0.0000000000000000E+000, 0.0000000000000000E+000, 0.0000000000000000E+000, 0.0000000000000000E+000, 0.0000000000000000E+000, 0.0000000000000000E+000, 2.1659613121300936E-003, 1.2033015955239534E-003, 3.5293579567223787E-003,-4.4260646063776221E-006, 0.0000000000000000E+000, 0.0000000000000000E+000, 0.0000000000000000E+000, 0.0000000000000000E+000, 3.0097760009765625E+002, 1.5407379150390625E+002, 2.4504414367675781E+002
moisture_repair,4,1, 2.0000000000000000E+001, 1.0000000000000000E+005, 3.4999999403953552E-001, 3.1916775703430176E+000, 0.0000000000000000E+000, 0.0000000000000000E+000, 1.4000000059604645E-001, 9.9999997473787516E-005, 9.9999997473787516E-005, 0.0000000000000000E+000, 9.5000000000000000E+001, 1.1347795724868774E+000, 3.3637499809265137E+000,-8.0599999427795410E-001, 3.0085449218750000E+002, 2.9841210937500000E+002, 1.7011811956763268E-002, 9.7187367187500000E+004, 9.9188184738159180E-001, 3.0085449218750000E+002, 1.6727250069379807E-002, 0.0000000000000000E+000, 0.0000000000000000E+000, 0.0000000000000000E+000, 0.0000000000000000E+000, 0.0000000000000000E+000, 0.0000000000000000E+000, 3.3333053588867188E+000, 5.3014154434204102E+000, 1.1282841114734765E-005, 0.0000000000000000E+000, 0.0000000000000000E+000, 0.0000000000000000E+000, 0.0000000000000000E+000, 0.0000000000000000E+000, 0.0000000000000000E+000, 0.0000000000000000E+000, 0.0000000000000000E+000, 0.0000000000000000E+000, 3.1504020094871521E-002, 9.4815053939819336E+000, 5.2869680803269148E-004, 0.0000000000000000E+000, 9.7217425704002380E-002,-3.0061157420277596E-002, 0.0000000000000000E+000, 0.0000000000000000E+000, 0.0000000000000000E+000, 0.0000000000000000E+000, 0.0000000000000000E+000, 0.0000000000000000E+000, 4.0345538407564163E-002, 1.2141595840454102E+001, 6.7663035588338971E-004, 0.0000000000000000E+000, 1.2525171041488647E-001,-3.8097497075796127E-002, 0.0000000000000000E+000, 0.0000000000000000E+000, 0.0000000000000000E+000, 0.0000000000000000E+000, 0.0000000000000000E+000, 0.0000000000000000E+000, 1.6443490749225020E-003, 8.9190003927797079E-004, 1.5106201171875000E-003,-2.4373048290726729E-006, 0.0000000000000000E+000, 0.0000000000000000E+000, 0.0000000000000000E+000, 0.0000000000000000E+000, 3.0088470458984375E+002, 2.9166421508789062E+002, 4.6387384033203125E+002
moisture_repair,5,1, 2.0000000000000000E+001, 1.0000000000000000E+005, 3.4999999403953552E-001, 3.1916775703430176E+000, 0.0000000000000000E+000, 0.0000000000000000E+000, 1.4000000059604645E-001, 9.9999997473787516E-005, 9.9999997473787516E-005, 0.0000000000000000E+000, 1.1000000000000000E+002, 1.1252770423889160E+000, 3.5174999237060547E+000,-7.2399997711181641E-001, 3.0079299926757812E+002, 2.9732498168945312E+002, 1.6980007290840149E-002, 9.6022445312500000E+004, 9.8847037553787231E-001, 3.0079299926757812E+002, 1.6696499660611153E-002, 0.0000000000000000E+000, 0.0000000000000000E+000, 0.0000000000000000E+000, 0.0000000000000000E+000, 0.0000000000000000E+000, 0.0000000000000000E+000, 3.9396827220916748E+000, 6.2658066749572754E+000, 1.2768531632900704E-005, 0.0000000000000000E+000, 0.0000000000000000E+000, 0.0000000000000000E+000, 0.0000000000000000E+000, 0.0000000000000000E+000, 0.0000000000000000E+000, 0.0000000000000000E+000, 0.0000000000000000E+000, 0.0000000000000000E+000, 4.0345538407564163E-002, 1.2141595840454102E+001, 6.7663035588338971E-004, 0.0000000000000000E+000, 1.2525171041488647E-001,-3.8097497075796127E-002, 0.0000000000000000E+000, 0.0000000000000000E+000, 0.0000000000000000E+000, 0.0000000000000000E+000, 0.0000000000000000E+000, 0.0000000000000000E+000, 4.6551037579774857E-002, 1.4007497787475586E+001, 7.7990395948290825E-004, 0.0000000000000000E+000, 1.4599755406379700E-001,-4.3167337775230408E-002, 0.0000000000000000E+000, 0.0000000000000000E+000, 0.0000000000000000E+000, 0.0000000000000000E+000, 0.0000000000000000E+000, 0.0000000000000000E+000, 1.0223746066913009E-003, 5.5007339688017964E-004, 1.7807006370276213E-003,-2.1724888483731775E-006, 0.0000000000000000E+000, 0.0000000000000000E+000, 0.0000000000000000E+000, 0.0000000000000000E+000, 3.0082861328125000E+002, 4.0381747436523438E+002, 6.4224517822265625E+002
moisture_repair,6,1, 2.0000000000000000E+001, 1.0000000000000000E+005, 3.4999999403953552E-001, 3.1916775703430176E+000, 0.0000000000000000E+000, 0.0000000000000000E+000, 1.4000000059604645E-001, 9.9999997473787516E-005, 9.9999997473787516E-005, 0.0000000000000000E+000, 1.2500000000000000E+002, 1.1144819259643555E+000, 3.6937499046325684E+000,-6.2999999523162842E-001, 3.0072250366210938E+002, 2.9608355712890625E+002, 1.6943549737334251E-002, 9.4704203125000000E+004, 9.8457401990890503E-001, 3.0072250366210938E+002, 1.6661249101161957E-002, 0.0000000000000000E+000, 0.0000000000000000E+000, 0.0000000000000000E+000, 0.0000000000000000E+000, 0.0000000000000000E+000, 0.0000000000000000E+000, 3.9954566955566406E+000, 6.3545122146606445E+000, 1.4036456377652939E-005, 0.0000000000000000E+000, 0.0000000000000000E+000, 0.0000000000000000E+000, 0.0000000000000000E+000, 0.0000000000000000E+000, 0.0000000000000000E+000, 0.0000000000000000E+000, 0.0000000000000000E+000, 0.0000000000000000E+000, 4.6551037579774857E-002, 1.4007497787475586E+001, 7.7990395948290825E-004, 0.0000000000000000E+000, 1.4599755406379700E-001,-4.3167337775230408E-002, 0.0000000000000000E+000, 0.0000000000000000E+000, 0.0000000000000000E+000, 0.0000000000000000E+000, 0.0000000000000000E+000, 0.0000000000000000E+000, 5.1032334566116333E-002, 1.5353493690490723E+001, 8.5374765330925584E-004, 0.0000000000000000E+000, 1.6253915429115295E-001,-4.5996516942977905E-002, 0.0000000000000000E+000, 0.0000000000000000E+000, 0.0000000000000000E+000, 0.0000000000000000E+000, 0.0000000000000000E+000, 0.0000000000000000E+000, 5.6481361389160156E-004, 3.0269921990111470E-004, 4.0634153410792351E-003,-3.5518221466190880E-006, 0.0000000000000000E+000, 0.0000000000000000E+000, 0.0000000000000000E+000, 0.0000000000000000E+000, 3.0080377197265625E+002, 4.6946615600585938E+002, 7.4665521240234375E+002
moisture_repair,7,1, 2.0000000000000000E+001, 1.0000000000000000E+005, 3.4999999403953552E-001, 3.1916775703430176E+000, 0.0000000000000000E+000, 0.0000000000000000E+000, 1.4000000059604645E-001, 9.9999997473787516E-005, 9.9999997473787516E-005, 0.0000000000000000E+000, 1.4000000000000000E+002, 1.1024332046508789E+000, 3.8924999237060547E+000,-5.2400004863739014E-001, 3.0064300537109375E+002, 2.9468988037109375E+002, 1.6902443021535873E-002, 9.3239382812500000E+004, 9.8019868135452271E-001, 3.0064300537109375E+002, 1.6621500253677368E-002, 0.0000000000000000E+000, 0.0000000000000000E+000, 0.0000000000000000E+000, 0.0000000000000000E+000, 0.0000000000000000E+000, 0.0000000000000000E+000, 3.8482599258422852E+000, 6.1194591522216797E+000, 1.4680625099572353E-005, 0.0000000000000000E+000, 0.0000000000000000E+000, 0.0000000000000000E+000, 0.0000000000000000E+000, 0.0000000000000000E+000, 0.0000000000000000E+000, 0.0000000000000000E+000, 0.0000000000000000E+000, 0.0000000000000000E+000, 5.1032334566116333E-002, 1.5353493690490723E+001, 8.5374765330925584E-004, 0.0000000000000000E+000, 1.6253915429115295E-001,-4.5996516942977905E-002, 0.0000000000000000E+000, 0.0000000000000000E+000, 0.0000000000000000E+000, 0.0000000000000000E+000, 0.0000000000000000E+000, 0.0000000000000000E+000, 5.4330360144376755E-002, 1.6342374801635742E+001, 9.0723630273714662E-004, 0.0000000000000000E+000, 1.7673449218273163E-001,-4.7000549733638763E-002, 0.0000000000000000E+000, 0.0000000000000000E+000, 0.0000000000000000E+000, 0.0000000000000000E+000, 0.0000000000000000E+000, 0.0000000000000000E+000, 2.0958184904884547E-004, 1.1218785948585719E-004, 1.0905456729233265E-002,-8.4737621364183724E-006, 0.0000000000000000E+000, 0.0000000000000000E+000, 0.0000000000000000E+000, 0.0000000000000000E+000, 3.0086111450195312E+002, 5.0989443969726562E+002, 8.1082830810546875E+002
moisture_repair,8,1, 2.0000000000000000E+001, 1.0000000000000000E+005, 3.4999999403953552E-001, 3.1916775703430176E+000, 0.0000000000000000E+000, 0.0000000000000000E+000, 1.4000000059604645E-001, 9.9999997473787516E-005, 9.9999997473787516E-005, 0.0000000000000000E+000, 1.5500000000000000E+002, 1.0891735553741455E+000, 4.1137499809265137E+000,-4.0600001811981201E-001, 3.0055450439453125E+002, 2.9314611816406250E+002, 1.6856687143445015E-002, 9.1635367187500000E+004, 9.7535091638565063E-001, 3.0055450439453125E+002, 1.6577249392867088E-002, 0.0000000000000000E+000, 0.0000000000000000E+000, 0.0000000000000000E+000, 0.0000000000000000E+000, 0.0000000000000000E+000, 0.0000000000000000E+000, 3.5330657958984375E+000, 5.4388732910156250E+000, 1.4377995285030920E-005, 0.0000000000000000E+000, 0.0000000000000000E+000, 0.0000000000000000E+000, 0.0000000000000000E+000, 0.0000000000000000E+000, 0.0000000000000000E+000, 0.0000000000000000E+000, 0.0000000000000000E+000, 0.0000000000000000E+000, 5.4330360144376755E-002, 1.6342374801635742E+001, 9.0723630273714662E-004, 0.0000000000000000E+000, 1.7673449218273163E-001,-4.7000549733638763E-002, 0.0000000000000000E+000, 0.0000000000000000E+000, 0.0000000000000000E+000, 0.0000000000000000E+000, 0.0000000000000000E+000, 0.0000000000000000E+000, 1.2655740976333618E-001, 3.8058578491210938E+001, 2.0792260766029358E-003, 2.9365452064666897E-005, 4.2297482490539551E-001,-1.0346268862485886E-001, 0.0000000000000000E+000, 0.0000000000000000E+000, 0.0000000000000000E+000, 0.0000000000000000E+000, 0.0000000000000000E+000, 0.0000000000000000E+000, 4.0531159584134002E-007, 3.0994414146334748E-007, 3.2716371119022369E-002,-2.4984929041238502E-005, 0.0000000000000000E+000, 0.0000000000000000E+000, 0.0000000000000000E+000, 0.0000000000000000E+000, 3.0120883178710938E+002, 5.2112719726562500E+002, 8.0223382568359375E+002
moisture_repair,9,1, 2.0000000000000000E+001, 1.0000000000000000E+005, 3.4999999403953552E-001, 3.1916775703430176E+000, 0.0000000000000000E+000, 0.0000000000000000E+000, 1.4000000059604645E-001, 9.9999997473787516E-005, 9.9999997473787516E-005, 0.0000000000000000E+000, 1.7000000000000000E+002, 1.0747500658035278E+000, 4.3575000762939453E+000,-2.7600002288818359E-001, 3.0045700073242188E+002, 2.9145468139648438E+002, 1.6806282103061676E-002, 8.9900148437500000E+004, 9.7003787755966187E-001, 3.0045700073242188E+002, 1.6528500244021416E-002, 0.0000000000000000E+000, 0.0000000000000000E+000, 0.0000000000000000E+000, 0.0000000000000000E+000, 0.0000000000000000E+000,-7.0000001869630069E-005, 3.1758401393890381E+000, 4.8567371368408203E+000, 1.2437129953468684E-005, 0.0000000000000000E+000, 0.0000000000000000E+000, 0.0000000000000000E+000, 0.0000000000000000E+000, 0.0000000000000000E+000, 0.0000000000000000E+000, 0.0000000000000000E+000, 0.0000000000000000E+000, 0.0000000000000000E+000, 1.2655740976333618E-001, 3.8058578491210938E+001, 2.0792260766029358E-003, 2.9365452064666897E-005, 4.2297482490539551E-001,-1.0346268862485886E-001, 0.0000000000000000E+000, 0.0000000000000000E+000, 0.0000000000000000E+000, 0.0000000000000000E+000, 0.0000000000000000E+000, 0.0000000000000000E+000, 1.8688167631626129E-001, 5.6190299987792969E+001, 2.9917482752352953E-003, 1.1735728912753984E-004, 6.3623642921447754E-001,-1.4656624197959900E-001, 0.0000000000000000E+000, 0.0000000000000000E+000, 0.0000000000000000E+000, 0.0000000000000000E+000, 0.0000000000000000E+000, 0.0000000000000000E+000,-9.8969938699156046E-004,-5.2782893180847168E-004, 1.0832977294921875E-001,-8.2703205407597125E-005, 0.0000000000000000E+000, 0.0000000000000000E+000, 0.0000000000000000E+000, 0.0000000000000000E+000, 3.0262359619140625E+002, 5.1607403564453125E+002, 7.8921978759765625E+002
moisture_repair,10,1, 2.0000000000000000E+001, 1.0000000000000000E+005, 3.4999999403953552E-001, 3.1916775703430176E+000, 0.0000000000000000E+000, 0.0000000000000000E+000, 1.4000000059604645E-001, 9.9999997473787516E-005, 9.9999997473787516E-005, 0.0000000000000000E+000, 1.8500000000000000E+002, 1.0592136383056641E+000, 4.6237497329711914E+000,-1.3400000333786011E-001, 3.0035049438476562E+002, 2.8961822509765625E+002, 1.6751229763031006E-002, 8.8042289062500000E+004, 9.6426749229431152E-001, 3.0035049438476562E+002, 1.6475249081850052E-002, 0.0000000000000000E+000, 0.0000000000000000E+000, 0.0000000000000000E+000, 0.0000000000000000E+000, 0.0000000000000000E+000, 0.0000000000000000E+000, 2.0971360206604004E+000, 3.3330962657928467E+000, 9.5745508588152006E-006, 0.0000000000000000E+000, 0.0000000000000000E+000, 0.0000000000000000E+000, 0.0000000000000000E+000, 0.0000000000000000E+000, 0.0000000000000000E+000, 0.0000000000000000E+000, 0.0000000000000000E+000, 0.0000000000000000E+000, 1.8688167631626129E-001, 5.6190299987792969E+001, 2.9917482752352953E-003, 1.1735728912753984E-004, 6.3623642921447754E-001,-1.4656624197959900E-001, 0.0000000000000000E+000, 0.0000000000000000E+000, 0.0000000000000000E+000, 0.0000000000000000E+000, 0.0000000000000000E+000, 0.0000000000000000E+000, 7.3212757706642151E-002, 2.2008392333984375E+001, 1.1384073877707124E-003, 7.7255288488231599E-005, 2.5518605113029480E-001,-5.4253920912742615E-002, 0.0000000000000000E+000, 0.0000000000000000E+000, 0.0000000000000000E+000, 0.0000000000000000E+000, 0.0000000000000000E+000, 0.0000000000000000E+000,-3.0156611464917660E-003,-1.6083649825304747E-003, 3.1042480841279030E-002,-2.0824194507440552E-005, 0.0000000000000000E+000, 0.0000000000000000E+000, 0.0000000000000000E+000, 0.0000000000000000E+000, 3.0097134399414062E+002, 3.7224163818359375E+002, 5.9162457275390625E+002
moisture_repair,11,1, 2.0000000000000000E+001, 1.0000000000000000E+005, 3.4999999403953552E-001, 3.1916775703430176E+000, 0.0000000000000000E+000, 0.0000000000000000E+000, 1.4000000059604645E-001, 9.9999997473787516E-005, 9.9999997473787516E-005, 0.0000000000000000E+000, 2.0000000000000000E+002, 1.0192198753356934E+000, 4.9124999046325684E+000, 1.9999980926513672E-002, 3.0712750244140625E+002, 2.9424295043945312E+002, 1.5661500394344330E-002, 8.6070796875000000E+004, 9.5804822444915771E-001, 3.0712750244140625E+002, 1.5420000068843365E-002, 0.0000000000000000E+000, 0.0000000000000000E+000, 0.0000000000000000E+000, 0.0000000000000000E+000, 0.0000000000000000E+000, 0.0000000000000000E+000, 5.2603594958782196E-002, 1.3150899671018124E-002, 4.0377809540359522E-008, 0.0000000000000000E+000, 0.0000000000000000E+000, 0.0000000000000000E+000, 0.0000000000000000E+000, 0.0000000000000000E+000, 0.0000000000000000E+000, 0.0000000000000000E+000, 0.0000000000000000E+000, 0.0000000000000000E+000, 7.3212757706642151E-002, 2.2008392333984375E+001, 1.1384073877707124E-003, 7.7255288488231599E-005, 2.5518605113029480E-001,-5.4253920912742615E-002, 0.0000000000000000E+000, 0.0000000000000000E+000, 0.0000000000000000E+000, 0.0000000000000000E+000, 0.0000000000000000E+000, 0.0000000000000000E+000, 0.0000000000000000E+000, 0.0000000000000000E+000, 0.0000000000000000E+000, 0.0000000000000000E+000, 0.0000000000000000E+000, 0.0000000000000000E+000, 0.0000000000000000E+000, 0.0000000000000000E+000, 0.0000000000000000E+000, 0.0000000000000000E+000, 0.0000000000000000E+000, 0.0000000000000000E+000,-5.3832528647035360E-004,-2.8710541664622724E-004,-1.3473511207848787E-003, 4.5914202218000355E-008, 3.7628811355716607E-007, 0.0000000000000000E+000, 0.0000000000000000E+000, 0.0000000000000000E+000, 3.0708099365234375E+002, 1.0126192092895508E+001, 2.5315482616424561E+000
moisture_repair,12,1, 2.0000000000000000E+001, 1.0000000000000000E+005, 3.4999999403953552E-001, 3.1916775703430176E+000, 0.0000000000000000E+000, 0.0000000000000000E+000, 1.4000000059604645E-001, 9.9999997473787516E-005, 9.9999997473787516E-005, 0.0000000000000000E+000, 2.1500000000000000E+002, 9.9856585264205933E-001, 5.2237501144409180E+000, 1.8599998950958252E-001, 3.0806124877929688E+002, 2.9308618164062500E+002, 1.4378819614648819E-002, 8.3995101562500000E+004, 9.5138931274414062E-001, 3.0806124877929688E+002, 1.4174999669194221E-002, 0.0000000000000000E+000, 0.0000000000000000E+000, 0.0000000000000000E+000, 0.0000000000000000E+000, 0.0000000000000000E+000, 0.0000000000000000E+000, 2.2483861539512873E-004, 3.2218697015196085E-005, 9.2721492706004938E-009, 0.0000000000000000E+000, 0.0000000000000000E+000, 0.0000000000000000E+000, 0.0000000000000000E+000, 0.0000000000000000E+000, 0.0000000000000000E+000, 0.0000000000000000E+000, 0.0000000000000000E+000, 0.0000000000000000E+000, 0.0000000000000000E+000, 0.0000000000000000E+000, 0.0000000000000000E+000, 0.0000000000000000E+000, 0.0000000000000000E+000, 0.0000000000000000E+000, 0.0000000000000000E+000, 0.0000000000000000E+000, 0.0000000000000000E+000, 0.0000000000000000E+000, 0.0000000000000000E+000, 0.0000000000000000E+000, 0.0000000000000000E+000, 0.0000000000000000E+000, 0.0000000000000000E+000, 0.0000000000000000E+000, 0.0000000000000000E+000, 0.0000000000000000E+000, 0.0000000000000000E+000, 0.0000000000000000E+000, 0.0000000000000000E+000, 0.0000000000000000E+000, 0.0000000000000000E+000, 0.0000000000000000E+000,-1.6689300252892281E-007,-8.0466271867862815E-008,-1.5258789289873675E-006, 4.6566129424663316E-011, 1.1397434645371574E-012, 0.0000000000000000E+000, 0.0000000000000000E+000, 0.0000000000000000E+000, 3.0806121826171875E+002, 4.6654012054204941E-002, 6.6853794269263744E-003
moisture_repair,13,1, 2.0000000000000000E+001, 1.0000000000000000E+005, 3.4999999403953552E-001, 3.1916775703430176E+000, 0.0000000000000000E+000, 0.0000000000000000E+000, 1.4000000059604645E-001, 9.9999997473787516E-005, 9.9999997473787516E-005, 0.0000000000000000E+000, 2.3000000000000000E+002, 9.7689360380172729E-001, 5.5574998855590820E+000, 3.6399996280670166E-001, 3.0906250000000000E+002, 2.9184783935546875E+002, 1.3007009401917458E-002, 8.1824929687500000E+004, 9.4430041313171387E-001, 3.0906250000000000E+002, 1.2839999981224537E-002, 0.0000000000000000E+000, 0.0000000000000000E+000, 0.0000000000000000E+000, 0.0000000000000000E+000, 0.0000000000000000E+000, 0.0000000000000000E+000, 1.2381582928355783E-004, 1.9644947315100580E-005, 1.2755863032509751E-008, 0.0000000000000000E+000, 0.0000000000000000E+000, 0.0000000000000000E+000, 0.0000000000000000E+000, 0.0000000000000000E+000, 0.0000000000000000E+000, 0.0000000000000000E+000, 0.0000000000000000E+000, 0.0000000000000000E+000, 0.0000000000000000E+000, 0.0000000000000000E+000, 0.0000000000000000E+000, 0.0000000000000000E+000, 0.0000000000000000E+000, 0.0000000000000000E+000, 0.0000000000000000E+000, 0.0000000000000000E+000, 0.0000000000000000E+000, 0.0000000000000000E+000, 0.0000000000000000E+000, 0.0000000000000000E+000, 0.0000000000000000E+000, 0.0000000000000000E+000, 0.0000000000000000E+000, 0.0000000000000000E+000, 0.0000000000000000E+000, 0.0000000000000000E+000, 0.0000000000000000E+000, 0.0000000000000000E+000, 0.0000000000000000E+000, 0.0000000000000000E+000, 0.0000000000000000E+000, 0.0000000000000000E+000,-4.7683716530855236E-008,-1.1920929132713809E-008,-1.5258789289873675E-006,-1.5083070903365581E-010, 0.0000000000000000E+000, 0.0000000000000000E+000, 0.0000000000000000E+000, 0.0000000000000000E+000, 3.0906246948242188E+002, 2.7549022808670998E-002, 4.3710009194910526E-003
moisture_repair,14,1, 2.0000000000000000E+001, 1.0000000000000000E+005, 3.4999999403953552E-001, 3.1916775703430176E+000, 0.0000000000000000E+000, 0.0000000000000000E+000, 1.4000000059604645E-001, 9.9999997473787516E-005, 9.9999997473787516E-005, 0.0000000000000000E+000, 2.4500000000000000E+002, 9.5429003238677979E-001, 5.9137496948242188E+000, 5.5400002002716064E-001, 3.1013125610351562E+002, 2.9052844238281250E+002, 1.1546807363629341E-002, 7.9570289062500000E+004, 9.3679189682006836E-001, 3.1013125610351562E+002, 1.1415000073611736E-002, 0.0000000000000000E+000, 0.0000000000000000E+000, 0.0000000000000000E+000, 0.0000000000000000E+000, 0.0000000000000000E+000,-3.9999998989515007E-005, 1.0439061588840559E-004, 1.6776362826931290E-005, 1.3391305841992107E-008, 0.0000000000000000E+000, 0.0000000000000000E+000, 0.0000000000000000E+000, 0.0000000000000000E+000, 0.0000000000000000E+000, 0.0000000000000000E+000, 0.0000000000000000E+000, 0.0000000000000000E+000, 0.0000000000000000E+000, 0.0000000000000000E+000, 0.0000000000000000E+000, 0.0000000000000000E+000, 0.0000000000000000E+000, 0.0000000000000000E+000, 0.0000000000000000E+000, 0.0000000000000000E+000, 0.0000000000000000E+000, 0.0000000000000000E+000, 0.0000000000000000E+000, 0.0000000000000000E+000, 0.0000000000000000E+000, 0.0000000000000000E+000, 0.0000000000000000E+000, 0.0000000000000000E+000, 0.0000000000000000E+000, 0.0000000000000000E+000, 0.0000000000000000E+000, 0.0000000000000000E+000, 0.0000000000000000E+000, 0.0000000000000000E+000, 0.0000000000000000E+000, 0.0000000000000000E+000, 0.0000000000000000E+000, 2.3841858265427618E-008, 0.0000000000000000E+000, 1.0626830905675888E-001,-7.9999779700301588E-005, 0.0000000000000000E+000, 0.0000000000000000E+000, 0.0000000000000000E+000, 0.0000000000000000E+000, 3.1225662231445312E+002, 2.4792771786451340E-002, 3.9843861013650894E-003
moisture_repair,15,1, 2.0000000000000000E+001, 1.0000000000000000E+005, 3.4999999403953552E-001, 3.1916775703430176E+000, 0.0000000000000000E+000, 0.0000000000000000E+000, 1.4000000059604645E-001, 9.9999997473787516E-005, 9.9999997473787516E-005, 0.0000000000000000E+000, 2.6000000000000000E+002, 9.3084430694580078E-001, 6.2925000190734863E+000, 7.5599992275238037E-001, 3.1126748657226562E+002, 2.8912847900390625E+002, 9.9989892914891243E-003, 7.7241343750000000E+004, 9.2887461185455322E-001, 3.1126748657226562E+002, 9.8999999463558197E-003, 0.0000000000000000E+000, 0.0000000000000000E+000, 0.0000000000000000E+000, 0.0000000000000000E+000, 0.0000000000000000E+000, 0.0000000000000000E+000, 9.7571763035375625E-005, 1.5726393030490726E-005, 1.3380702768017727E-008, 0.0000000000000000E+000, 0.0000000000000000E+000, 0.0000000000000000E+000, 0.0000000000000000E+000, 0.0000000000000000E+000, 0.0000000000000000E+000, 0.0000000000000000E+000, 0.0000000000000000E+000, 0.0000000000000000E+000, 0.0000000000000000E+000, 0.0000000000000000E+000, 0.0000000000000000E+000, 0.0000000000000000E+000, 0.0000000000000000E+000, 0.0000000000000000E+000, 0.0000000000000000E+000, 0.0000000000000000E+000, 0.0000000000000000E+000, 0.0000000000000000E+000, 0.0000000000000000E+000, 0.0000000000000000E+000, 0.0000000000000000E+000, 0.0000000000000000E+000, 0.0000000000000000E+000, 0.0000000000000000E+000, 0.0000000000000000E+000, 0.0000000000000000E+000, 0.0000000000000000E+000, 0.0000000000000000E+000, 0.0000000000000000E+000, 0.0000000000000000E+000, 0.0000000000000000E+000, 0.0000000000000000E+000, 0.0000000000000000E+000, 2.9802322831784522E-009, 0.0000000000000000E+000,-9.5582292081175524E-011, 0.0000000000000000E+000, 0.0000000000000000E+000, 0.0000000000000000E+000, 0.0000000000000000E+000, 3.1126748657226562E+002, 2.4636870250105858E-002, 3.9709140546619892E-003
moisture_repair,16,1, 2.0000000000000000E+001, 1.0000000000000000E+005, 3.4999999403953552E-001, 3.1916775703430176E+000, 0.0000000000000000E+000, 0.0000000000000000E+000, 1.4000000059604645E-001, 9.9999997473787516E-005, 9.9999997473787516E-005, 0.0000000000000000E+000, 2.7500000000000000E+002, 9.0664714574813843E-001, 6.6937503814697266E+000, 9.6999990940093994E-001, 3.1247125244140625E+002, 2.8764852905273438E+002, 8.3643821999430656E-003, 7.4848367187500000E+004, 9.2056000232696533E-001, 3.1247125244140625E+002, 8.2949995994567871E-003, 0.0000000000000000E+000, 0.0000000000000000E+000, 0.0000000000000000E+000, 0.0000000000000000E+000, 0.0000000000000000E+000, 0.0000000000000000E+000, 9.2073692940175533E-005, 1.4876666682539508E-005, 1.3327266401574889E-008, 0.0000000000000000E+000, 0.0000000000000000E+000, 0.0000000000000000E+000, 0.0000000000000000E+000, 0.0000000000000000E+000, 0.0000000000000000E+000, 0.0000000000000000E+000, 0.0000000000000000E+000, 0.0000000000000000E+000, 0.0000000000000000E+000, 0.0000000000000000E+000, 0.0000000000000000E+000, 0.0000000000000000E+000, 0.0000000000000000E+000, 0.0000000000000000E+000, 0.0000000000000000E+000, 0.0000000000000000E+000, 0.0000000000000000E+000, 0.0000000000000000E+000, 0.0000000000000000E+000, 0.0000000000000000E+000, 0.0000000000000000E+000, 0.0000000000000000E+000, 0.0000000000000000E+000, 0.0000000000000000E+000, 0.0000000000000000E+000, 0.0000000000000000E+000, 0.0000000000000000E+000, 0.0000000000000000E+000, 0.0000000000000000E+000, 0.0000000000000000E+000, 0.0000000000000000E+000, 0.0000000000000000E+000, 2.3841858265427618E-008, 2.9802322831784522E-009,-1.5258789289873675E-006,-5.3759920538976912E-017, 0.0000000000000000E+000, 0.0000000000000000E+000, 0.0000000000000000E+000, 0.0000000000000000E+000, 3.1247122192382812E+002, 2.4629712104797363E-002, 3.9795082993805408E-003
moisture_repair,17,1, 2.0000000000000000E+001, 1.0000000000000000E+005, 3.4999999403953552E-001, 3.1916775703430176E+000, 0.0000000000000000E+000, 0.0000000000000000E+000, 1.4000000059604645E-001, 9.9999997473787516E-005, 9.9999997473787516E-005, 0.0000000000000000E+000, 2.9000000000000000E+002, 8.8178974390029907E-001, 7.1174998283386230E+000, 1.1959998607635498E+000, 3.1374249267578125E+002, 2.8608920288085938E+002, 6.6438494250178337E-003, 7.2401640625000000E+004, 9.1185992956161499E-001, 3.1374249267578125E+002, 6.5999999642372131E-003, 0.0000000000000000E+000, 0.0000000000000000E+000, 0.0000000000000000E+000, 0.0000000000000000E+000, 0.0000000000000000E+000, 0.0000000000000000E+000, 8.7183711002580822E-005, 1.4123816981737036E-005, 1.3267287712892539E-008, 0.0000000000000000E+000, 0.0000000000000000E+000, 0.0000000000000000E+000, 0.0000000000000000E+000, 0.0000000000000000E+000, 0.0000000000000000E+000, 0.0000000000000000E+000, 0.0000000000000000E+000, 0.0000000000000000E+000, 0.0000000000000000E+000, 0.0000000000000000E+000, 0.0000000000000000E+000, 0.0000000000000000E+000, 0.0000000000000000E+000, 0.0000000000000000E+000, 0.0000000000000000E+000, 0.0000000000000000E+000, 0.0000000000000000E+000, 0.0000000000000000E+000, 0.0000000000000000E+000, 0.0000000000000000E+000, 0.0000000000000000E+000, 0.0000000000000000E+000, 0.0000000000000000E+000, 0.0000000000000000E+000, 0.0000000000000000E+000, 0.0000000000000000E+000, 0.0000000000000000E+000, 0.0000000000000000E+000, 0.0000000000000000E+000, 0.0000000000000000E+000, 0.0000000000000000E+000, 0.0000000000000000E+000, 2.3841858265427618E-008, 5.9604645663569045E-009,-1.5258789289873675E-006,-5.3122770570909541E-023, 0.0000000000000000E+000, 0.0000000000000000E+000, 0.0000000000000000E+000, 0.0000000000000000E+000, 3.1374246215820312E+002, 2.4629399180412292E-002, 3.9899782277643681E-003
moisture_repair,18,1, 2.0000000000000000E+001, 1.0000000000000000E+005, 3.4999999403953552E-001, 3.1916775703430176E+000, 0.0000000000000000E+000, 0.0000000000000000E+000, 1.4000000059604645E-001, 9.9999997473787516E-005, 9.9999997473787516E-005, 0.0000000000000000E+000, 3.0500000000000000E+002, 8.5636425018310547E-001, 7.5637502670288086E+000, 1.4340000152587891E+000, 3.1508123779296875E+002, 2.8445117187500000E+002, 4.8382962122559547E-003, 6.9911421875000000E+004, 9.0278673171997070E-001, 3.1508123779296875E+002, 4.8150001093745232E-003, 0.0000000000000000E+000, 0.0000000000000000E+000, 0.0000000000000000E+000, 0.0000000000000000E+000, 0.0000000000000000E+000, 0.0000000000000000E+000, 8.2788210420403630E-005, 1.3448845493257977E-005, 1.3202166471160126E-008, 0.0000000000000000E+000, 0.0000000000000000E+000, 0.0000000000000000E+000, 0.0000000000000000E+000, 0.0000000000000000E+000, 0.0000000000000000E+000, 0.0000000000000000E+000, 0.0000000000000000E+000, 0.0000000000000000E+000, 0.0000000000000000E+000, 0.0000000000000000E+000, 0.0000000000000000E+000, 0.0000000000000000E+000, 0.0000000000000000E+000, 0.0000000000000000E+000, 0.0000000000000000E+000, 0.0000000000000000E+000, 0.0000000000000000E+000, 0.0000000000000000E+000, 0.0000000000000000E+000, 0.0000000000000000E+000, 0.0000000000000000E+000, 0.0000000000000000E+000, 0.0000000000000000E+000, 0.0000000000000000E+000, 0.0000000000000000E+000, 0.0000000000000000E+000, 0.0000000000000000E+000, 0.0000000000000000E+000, 0.0000000000000000E+000, 0.0000000000000000E+000, 0.0000000000000000E+000, 0.0000000000000000E+000, 0.0000000000000000E+000,-5.9604645663569045E-009, 1.5258789289873675E-006, 2.3283064712331658E-011, 0.0000000000000000E+000, 0.0000000000000000E+000, 0.0000000000000000E+000, 0.0000000000000000E+000, 3.1508126831054688E+002, 2.4629492312669754E-002, 4.0010316297411919E-003
moisture_repair,19,1, 2.0000000000000000E+001, 1.0000000000000000E+005, 3.4999999403953552E-001, 3.1916775703430176E+000, 0.0000000000000000E+000, 0.0000000000000000E+000, 1.4000000059604645E-001, 9.9999997473787516E-005, 9.9999997473787516E-005, 0.0000000000000000E+000, 3.2000000000000000E+002, 8.3046185970306396E-001, 8.0325002670288086E+000, 1.6840000152587891E+000, 3.1648748779296875E+002, 2.8273516845703125E+002, 2.9486690182238817E-003, 6.7387820312500000E+004, 8.9335334300994873E-001, 3.1648748779296875E+002, 2.9400000348687172E-003, 0.0000000000000000E+000, 0.0000000000000000E+000, 0.0000000000000000E+000, 0.0000000000000000E+000, 0.0000000000000000E+000, 0.0000000000000000E+000, 7.8814235166646540E-005, 1.2840594536100980E-005, 1.3131661980025910E-008, 0.0000000000000000E+000, 0.0000000000000000E+000, 0.0000000000000000E+000, 0.0000000000000000E+000, 0.0000000000000000E+000, 0.0000000000000000E+000, 0.0000000000000000E+000, 0.0000000000000000E+000, 0.0000000000000000E+000, 0.0000000000000000E+000, 0.0000000000000000E+000, 0.0000000000000000E+000, 0.0000000000000000E+000, 0.0000000000000000E+000, 0.0000000000000000E+000, 0.0000000000000000E+000, 0.0000000000000000E+000, 0.0000000000000000E+000, 0.0000000000000000E+000, 0.0000000000000000E+000, 0.0000000000000000E+000, 0.0000000000000000E+000, 0.0000000000000000E+000, 0.0000000000000000E+000, 0.0000000000000000E+000, 0.0000000000000000E+000, 0.0000000000000000E+000, 0.0000000000000000E+000, 0.0000000000000000E+000, 0.0000000000000000E+000, 0.0000000000000000E+000, 0.0000000000000000E+000, 0.0000000000000000E+000, 0.0000000000000000E+000, 0.0000000000000000E+000, 0.0000000000000000E+000,-3.8779314695590595E-035, 0.0000000000000000E+000, 0.0000000000000000E+000, 0.0000000000000000E+000, 0.0000000000000000E+000, 3.1648748779296875E+002, 2.4629447609186172E-002, 4.0126857347786427E-003
moisture_repair,20,1, 2.0000000000000000E+001, 1.0000000000000000E+005, 3.4999999403953552E-001, 3.1916775703430176E+000, 0.0000000000000000E+000, 0.0000000000000000E+000, 1.4000000059604645E-001, 9.9999997473787516E-005, 9.9999997473787516E-005, 0.0000000000000000E+000, 3.3500000000000000E+002, 8.0417364835739136E-001, 8.5237503051757812E+000, 1.9459998607635498E+000, 3.1796124267578125E+002, 2.8094192504882812E+002, 9.7595131956040859E-004, 6.4840792968750000E+004, 8.8357287645339966E-001, 3.1796124267578125E+002, 9.7499974071979523E-004, 0.0000000000000000E+000, 0.0000000000000000E+000, 0.0000000000000000E+000, 0.0000000000000000E+000, 0.0000000000000000E+000, 0.0000000000000000E+000, 7.5204297900199890E-005, 1.2290062841202598E-005, 1.3055251990579109E-008, 0.0000000000000000E+000, 0.0000000000000000E+000, 0.0000000000000000E+000, 0.0000000000000000E+000, 0.0000000000000000E+000, 0.0000000000000000E+000, 0.0000000000000000E+000, 0.0000000000000000E+000, 0.0000000000000000E+000, 0.0000000000000000E+000, 0.0000000000000000E+000, 0.0000000000000000E+000, 0.0000000000000000E+000, 0.0000000000000000E+000, 0.0000000000000000E+000, 0.0000000000000000E+000, 0.0000000000000000E+000, 0.0000000000000000E+000, 0.0000000000000000E+000, 0.0000000000000000E+000, 0.0000000000000000E+000, 0.0000000000000000E+000, 0.0000000000000000E+000, 0.0000000000000000E+000, 0.0000000000000000E+000, 0.0000000000000000E+000, 0.0000000000000000E+000, 0.0000000000000000E+000, 0.0000000000000000E+000, 0.0000000000000000E+000, 0.0000000000000000E+000, 0.0000000000000000E+000, 0.0000000000000000E+000,-4.7683716530855236E-008,-5.9604645663569045E-009, 0.0000000000000000E+000, 5.2386893434341886E-011, 0.0000000000000000E+000, 0.0000000000000000E+000, 0.0000000000000000E+000, 0.0000000000000000E+000, 3.1796124267578125E+002, 2.4629406630992889E-002, 4.0249954909086227E-003
moisture_repair,21,1, 2.0000000000000000E+001, 1.0000000000000000E+005, 3.4999999403953552E-001, 3.1916775703430176E+000, 0.0000000000000000E+000, 0.0000000000000000E+000, 1.4000000059604645E-001, 9.9999997473787516E-005, 9.9999997473787516E-005, 0.0000000000000000E+000, 3.5000000000000000E+002, 7.7758902311325073E-001, 9.0375003814697266E+000, 2.2200000286102295E+000, 3.1950250244140625E+002, 2.7907232666015625E+002, 2.0003999816253781E-004, 6.2280027343750000E+004, 8.7345898151397705E-001, 3.1950250244140625E+002, 1.9999999494757503E-004, 0.0000000000000000E+000, 0.0000000000000000E+000, 0.0000000000000000E+000, 0.0000000000000000E+000, 0.0000000000000000E+000, 0.0000000000000000E+000, 7.1910922997631133E-005, 9.7191305030719377E-006, 1.2972606100447592E-008, 0.0000000000000000E+000, 0.0000000000000000E+000, 0.0000000000000000E+000, 0.0000000000000000E+000, 0.0000000000000000E+000, 0.0000000000000000E+000, 0.0000000000000000E+000, 0.0000000000000000E+000, 0.0000000000000000E+000, 0.0000000000000000E+000, 0.0000000000000000E+000, 0.0000000000000000E+000, 0.0000000000000000E+000, 0.0000000000000000E+000, 0.0000000000000000E+000, 0.0000000000000000E+000, 0.0000000000000000E+000, 0.0000000000000000E+000, 0.0000000000000000E+000, 0.0000000000000000E+000, 0.0000000000000000E+000, 0.0000000000000000E+000, 0.0000000000000000E+000, 0.0000000000000000E+000, 0.0000000000000000E+000, 0.0000000000000000E+000, 0.0000000000000000E+000, 0.0000000000000000E+000, 0.0000000000000000E+000, 0.0000000000000000E+000, 0.0000000000000000E+000, 0.0000000000000000E+000, 0.0000000000000000E+000,-4.7683716530855236E-008, 0.0000000000000000E+000, 0.0000000000000000E+000, 2.1827872842550278E-011, 0.0000000000000000E+000, 0.0000000000000000E+000, 0.0000000000000000E+000, 0.0000000000000000E+000, 3.1950250244140625E+002, 2.4629490450024605E-002, 3.3288022968918085E-003
moisture_repair,22,1, 2.0000000000000000E+001, 1.0000000000000000E+005, 3.4999999403953552E-001, 3.1916775703430176E+000, 0.0000000000000000E+000, 0.0000000000000000E+000, 1.4000000059604645E-001, 9.9999997473787516E-005, 9.9999997473787516E-005, 0.0000000000000000E+000, 3.6500000000000000E+002, 7.5079572200775146E-001, 9.5737495422363281E+000, 2.5059998035430908E+000, 3.2111123657226562E+002, 2.7712722778320312E+002, 2.0003999816253781E-004, 5.9714925781250000E+004, 8.6302560567855835E-001, 3.2111123657226562E+002, 1.9999999494757503E-004, 0.0000000000000000E+000, 0.0000000000000000E+000, 0.0000000000000000E+000, 0.0000000000000000E+000, 0.0000000000000000E+000, 0.0000000000000000E+000, 6.8893583375029266E-005, 8.4203638834878802E-006, 1.2883448974321254E-008, 0.0000000000000000E+000, 0.0000000000000000E+000, 0.0000000000000000E+000, 0.0000000000000000E+000, 0.0000000000000000E+000, 0.0000000000000000E+000, 0.0000000000000000E+000, 0.0000000000000000E+000, 0.0000000000000000E+000, 0.0000000000000000E+000, 0.0000000000000000E+000, 0.0000000000000000E+000, 0.0000000000000000E+000, 0.0000000000000000E+000, 0.0000000000000000E+000, 0.0000000000000000E+000, 0.0000000000000000E+000, 0.0000000000000000E+000, 0.0000000000000000E+000, 0.0000000000000000E+000, 0.0000000000000000E+000, 0.0000000000000000E+000, 0.0000000000000000E+000, 0.0000000000000000E+000, 0.0000000000000000E+000, 0.0000000000000000E+000, 0.0000000000000000E+000, 0.0000000000000000E+000, 0.0000000000000000E+000, 0.0000000000000000E+000, 0.0000000000000000E+000, 0.0000000000000000E+000, 0.0000000000000000E+000, 0.0000000000000000E+000, 0.0000000000000000E+000, 0.0000000000000000E+000,-7.2759577226036432E-013, 0.0000000000000000E+000, 0.0000000000000000E+000, 0.0000000000000000E+000, 0.0000000000000000E+000, 3.2111123657226562E+002, 2.4629456922411919E-002, 3.0102801974862814E-003
moisture_repair,23,1, 2.0000000000000000E+001, 1.0000000000000000E+005, 3.4999999403953552E-001, 3.1916775703430176E+000, 0.0000000000000000E+000, 0.0000000000000000E+000, 1.4000000059604645E-001, 9.9999997473787516E-005, 9.9999997473787516E-005, 0.0000000000000000E+000, 3.8000000000000000E+002, 7.2387915849685669E-001, 1.0132499694824219E+001, 2.8039999008178711E+000, 3.2278750610351562E+002, 2.7510760498046875E+002, 2.0003999816253781E-004, 5.7154519531250000E+004, 8.5228699445724487E-001, 3.2278750610351562E+002, 1.9999999494757503E-004, 0.0000000000000000E+000, 0.0000000000000000E+000, 0.0000000000000000E+000, 0.0000000000000000E+000, 0.0000000000000000E+000, 0.0000000000000000E+000, 6.6118940594606102E-005, 8.0810968938749284E-006, 1.2787153558235786E-008, 0.0000000000000000E+000, 0.0000000000000000E+000, 0.0000000000000000E+000, 0.0000000000000000E+000, 0.0000000000000000E+000, 0.0000000000000000E+000, 0.0000000000000000E+000, 0.0000000000000000E+000, 0.0000000000000000E+000, 0.0000000000000000E+000, 0.0000000000000000E+000, 0.0000000000000000E+000, 0.0000000000000000E+000, 0.0000000000000000E+000, 0.0000000000000000E+000, 0.0000000000000000E+000, 0.0000000000000000E+000, 0.0000000000000000E+000, 0.0000000000000000E+000, 0.0000000000000000E+000, 0.0000000000000000E+000, 0.0000000000000000E+000, 0.0000000000000000E+000, 0.0000000000000000E+000, 0.0000000000000000E+000, 0.0000000000000000E+000, 0.0000000000000000E+000, 0.0000000000000000E+000, 0.0000000000000000E+000, 0.0000000000000000E+000, 0.0000000000000000E+000, 0.0000000000000000E+000, 0.0000000000000000E+000, 4.7683716530855236E-008, 0.0000000000000000E+000, 0.0000000000000000E+000, 7.2759577226036432E-013, 0.0000000000000000E+000, 0.0000000000000000E+000, 0.0000000000000000E+000, 0.0000000000000000E+000, 3.2278750610351562E+002, 2.4629306048154831E-002, 3.0102084856480360E-003
moisture_repair,24,1, 2.0000000000000000E+001, 1.0000000000000000E+005, 3.4999999403953552E-001, 3.1916775703430176E+000, 0.0000000000000000E+000, 0.0000000000000000E+000, 1.4000000059604645E-001, 9.9999997473787516E-005, 9.9999997473787516E-005, 0.0000000000000000E+000, 3.9500000000000000E+002, 6.9692218303680420E-001, 1.0713749885559082E+001, 3.1139998435974121E+000, 3.2453125000000000E+002, 2.7301443481445312E+002, 2.0003999816253781E-004, 5.4607437500000000E+004, 8.4125775098800659E-001, 3.2453125000000000E+002, 1.9999999494757503E-004, 0.0000000000000000E+000, 0.0000000000000000E+000, 0.0000000000000000E+000, 0.0000000000000000E+000, 0.0000000000000000E+000, 0.0000000000000000E+000, 6.3559964473824948E-005, 7.7684480856987648E-006, 1.2683186945139369E-008, 0.0000000000000000E+000, 0.0000000000000000E+000, 0.0000000000000000E+000, 0.0000000000000000E+000, 0.0000000000000000E+000, 0.0000000000000000E+000, 0.0000000000000000E+000, 0.0000000000000000E+000, 0.0000000000000000E+000, 0.0000000000000000E+000, 0.0000000000000000E+000, 0.0000000000000000E+000, 0.0000000000000000E+000, 0.0000000000000000E+000, 0.0000000000000000E+000, 0.0000000000000000E+000, 0.0000000000000000E+000, 0.0000000000000000E+000, 0.0000000000000000E+000, 0.0000000000000000E+000, 0.0000000000000000E+000, 0.0000000000000000E+000, 0.0000000000000000E+000, 0.0000000000000000E+000, 0.0000000000000000E+000, 0.0000000000000000E+000, 0.0000000000000000E+000, 0.0000000000000000E+000, 0.0000000000000000E+000, 0.0000000000000000E+000, 0.0000000000000000E+000, 0.0000000000000000E+000, 0.0000000000000000E+000, 0.0000000000000000E+000, 0.0000000000000000E+000, 0.0000000000000000E+000, 7.2759577226036432E-013, 0.0000000000000000E+000, 0.0000000000000000E+000, 0.0000000000000000E+000, 0.0000000000000000E+000, 3.2453125000000000E+002, 2.4629486724734306E-002, 3.0102736782282591E-003
moisture_repair,25,1, 2.0000000000000000E+001, 1.0000000000000000E+005, 3.4999999403953552E-001, 3.1916775703430176E+000, 0.0000000000000000E+000, 0.0000000000000000E+000, 1.4000000059604645E-001, 9.9999997473787516E-005, 9.9999997473787516E-005, 0.0000000000000000E+000, 4.1000000000000000E+002, 6.7000472545623779E-001, 1.1317500114440918E+001, 3.4359998703002930E+000, 3.2634249877929688E+002, 2.7084884643554688E+002, 2.0003999816253781E-004, 5.2081890625000000E+004, 8.2995271682739258E-001, 3.2634249877929688E+002, 1.9999999494757503E-004, 0.0000000000000000E+000, 0.0000000000000000E+000, 0.0000000000000000E+000, 0.0000000000000000E+000, 0.0000000000000000E+000, 0.0000000000000000E+000, 6.1191210988909006E-005, 7.4789149948628619E-006, 1.2571073959577461E-008, 0.0000000000000000E+000, 0.0000000000000000E+000, 0.0000000000000000E+000, 0.0000000000000000E+000, 0.0000000000000000E+000, 0.0000000000000000E+000, 0.0000000000000000E+000, 0.0000000000000000E+000, 0.0000000000000000E+000, 0.0000000000000000E+000, 0.0000000000000000E+000, 0.0000000000000000E+000, 0.0000000000000000E+000, 0.0000000000000000E+000, 0.0000000000000000E+000, 0.0000000000000000E+000, 0.0000000000000000E+000, 0.0000000000000000E+000, 0.0000000000000000E+000, 0.0000000000000000E+000, 0.0000000000000000E+000, 0.0000000000000000E+000, 0.0000000000000000E+000, 0.0000000000000000E+000, 0.0000000000000000E+000, 0.0000000000000000E+000, 0.0000000000000000E+000, 0.0000000000000000E+000, 0.0000000000000000E+000, 0.0000000000000000E+000, 0.0000000000000000E+000, 0.0000000000000000E+000, 0.0000000000000000E+000, 0.0000000000000000E+000, 1.1920929132713809E-008, 0.0000000000000000E+000, 0.0000000000000000E+000, 0.0000000000000000E+000, 0.0000000000000000E+000, 0.0000000000000000E+000, 0.0000000000000000E+000, 3.2634249877929688E+002, 2.4629462510347366E-002, 3.0102632008492947E-003
moisture_repair,26,1, 2.0000000000000000E+001, 1.0000000000000000E+005, 3.4999999403953552E-001, 3.1916775703430176E+000, 0.0000000000000000E+000, 0.0000000000000000E+000, 1.4000000059604645E-001, 9.9999997473787516E-005, 9.9999997473787516E-005, 0.0000000000000000E+000, 4.2500000000000000E+002, 6.4320284128189087E-001, 1.1943750381469727E+001, 3.7699999809265137E+000, 3.2822125244140625E+002, 2.6861196899414062E+002, 2.0003999816253781E-004, 4.9585558593750000E+004, 8.1838685274124146E-001, 3.2822125244140625E+002, 1.9999999494757503E-004, 0.0000000000000000E+000, 0.0000000000000000E+000, 0.0000000000000000E+000, 0.0000000000000000E+000, 0.0000000000000000E+000, 0.0000000000000000E+000, 5.8992631238652393E-005, 7.2101843215932604E-006, 1.2450130704166895E-008, 0.0000000000000000E+000, 0.0000000000000000E+000, 0.0000000000000000E+000, 0.0000000000000000E+000, 0.0000000000000000E+000, 0.0000000000000000E+000, 0.0000000000000000E+000, 0.0000000000000000E+000, 0.0000000000000000E+000, 0.0000000000000000E+000, 0.0000000000000000E+000, 0.0000000000000000E+000, 0.0000000000000000E+000, 0.0000000000000000E+000, 0.0000000000000000E+000, 0.0000000000000000E+000, 0.0000000000000000E+000, 0.0000000000000000E+000, 0.0000000000000000E+000, 0.0000000000000000E+000, 0.0000000000000000E+000, 0.0000000000000000E+000, 0.0000000000000000E+000, 0.0000000000000000E+000, 0.0000000000000000E+000, 0.0000000000000000E+000, 0.0000000000000000E+000, 0.0000000000000000E+000, 0.0000000000000000E+000, 0.0000000000000000E+000, 0.0000000000000000E+000, 0.0000000000000000E+000, 0.0000000000000000E+000, 0.0000000000000000E+000,-1.1920929132713809E-008,-1.5258789289873675E-006,-7.2759577226036432E-013, 0.0000000000000000E+000, 0.0000000000000000E+000, 0.0000000000000000E+000, 0.0000000000000000E+000, 3.2822122192382812E+002, 2.4629423394799232E-002, 3.0102520249783993E-003
moisture_repair,27,1, 2.0000000000000000E+001, 1.0000000000000000E+005, 3.4999999403953552E-001, 3.1916775703430176E+000, 0.0000000000000000E+000, 0.0000000000000000E+000, 1.4000000059604645E-001, 9.9999997473787516E-005, 9.9999997473787516E-005, 0.0000000000000000E+000, 4.4000000000000000E+002, 6.1658954620361328E-001, 1.2592499732971191E+001, 4.1159996986389160E+000, 3.3016748046875000E+002, 2.6630493164062500E+002, 2.0003999816253781E-004, 4.7125640625000000E+004, 8.0657529830932617E-001, 3.3016748046875000E+002, 1.9999999494757503E-004, 0.0000000000000000E+000, 0.0000000000000000E+000, 0.0000000000000000E+000, 0.0000000000000000E+000, 0.0000000000000000E+000, 0.0000000000000000E+000, 5.6946806580526754E-005, 6.9602106123056728E-006, 1.2319770092972249E-008, 0.0000000000000000E+000, 0.0000000000000000E+000, 0.0000000000000000E+000, 0.0000000000000000E+000, 0.0000000000000000E+000, 0.0000000000000000E+000, 0.0000000000000000E+000, 0.0000000000000000E+000, 0.0000000000000000E+000, 0.0000000000000000E+000, 0.0000000000000000E+000, 0.0000000000000000E+000, 0.0000000000000000E+000, 0.0000000000000000E+000, 0.0000000000000000E+000, 0.0000000000000000E+000, 0.0000000000000000E+000, 0.0000000000000000E+000, 0.0000000000000000E+000, 0.0000000000000000E+000, 0.0000000000000000E+000, 0.0000000000000000E+000, 0.0000000000000000E+000, 0.0000000000000000E+000, 0.0000000000000000E+000, 0.0000000000000000E+000, 0.0000000000000000E+000, 0.0000000000000000E+000, 0.0000000000000000E+000, 0.0000000000000000E+000, 0.0000000000000000E+000, 0.0000000000000000E+000, 0.0000000000000000E+000,-4.7683716530855236E-008, 0.0000000000000000E+000, 0.0000000000000000E+000, 0.0000000000000000E+000, 0.0000000000000000E+000, 0.0000000000000000E+000, 0.0000000000000000E+000, 0.0000000000000000E+000, 3.3016748046875000E+002, 2.4629494175314903E-002, 3.0102911405265331E-003
moisture_repair,28,1, 2.0000000000000000E+001, 1.0000000000000000E+005, 3.4999999403953552E-001, 3.1916775703430176E+000, 0.0000000000000000E+000, 0.0000000000000000E+000, 1.4000000059604645E-001, 9.9999997473787516E-005, 9.9999997473787516E-005, 0.0000000000000000E+000, 4.5500000000000000E+002, 5.9023320674896240E-001, 1.3263750076293945E+001, 4.4739999771118164E+000, 3.3218124389648438E+002, 2.6392916870117188E+002, 2.0003999816253781E-004, 4.4708792968750000E+004, 7.9453361034393311E-001, 3.3218124389648438E+002, 1.9999999494757503E-004, 0.0000000000000000E+000, 0.0000000000000000E+000, 0.0000000000000000E+000, 0.0000000000000000E+000, 0.0000000000000000E+000, 0.0000000000000000E+000, 5.5037693527992815E-005, 6.7267756094224751E-006, 1.2179274477830404E-008, 0.0000000000000000E+000, 0.0000000000000000E+000, 0.0000000000000000E+000, 0.0000000000000000E+000, 0.0000000000000000E+000, 0.0000000000000000E+000, 0.0000000000000000E+000, 0.0000000000000000E+000, 0.0000000000000000E+000, 0.0000000000000000E+000, 0.0000000000000000E+000, 0.0000000000000000E+000, 0.0000000000000000E+000, 0.0000000000000000E+000, 0.0000000000000000E+000, 0.0000000000000000E+000, 0.0000000000000000E+000, 0.0000000000000000E+000, 0.0000000000000000E+000, 0.0000000000000000E+000, 0.0000000000000000E+000, 0.0000000000000000E+000, 0.0000000000000000E+000, 0.0000000000000000E+000, 0.0000000000000000E+000, 0.0000000000000000E+000, 0.0000000000000000E+000, 0.0000000000000000E+000, 0.0000000000000000E+000, 0.0000000000000000E+000, 0.0000000000000000E+000, 0.0000000000000000E+000, 0.0000000000000000E+000, 4.7683716530855236E-008,-2.3841858265427618E-008, 0.0000000000000000E+000, 0.0000000000000000E+000, 0.0000000000000000E+000, 0.0000000000000000E+000, 0.0000000000000000E+000, 0.0000000000000000E+000, 3.3218124389648438E+002, 2.4629367515444756E-002, 3.0102320015430450E-003
moisture_repair,29,1, 2.0000000000000000E+001, 1.0000000000000000E+005, 3.4999999403953552E-001, 3.1916775703430176E+000, 0.0000000000000000E+000, 0.0000000000000000E+000, 1.4000000059604645E-001, 9.9999997473787516E-005, 9.9999997473787516E-005, 0.0000000000000000E+000, 4.7000000000000000E+002, 5.6419861316680908E-001, 1.3957500457763672E+001, 4.8439998626708984E+000, 3.3426248168945312E+002, 2.6148590087890625E+002, 2.0003999816253781E-004, 4.2341105468750000E+004, 7.8227710723876953E-001, 3.3426248168945312E+002, 1.9999999494757503E-004, 0.0000000000000000E+000, 0.0000000000000000E+000, 0.0000000000000000E+000, 0.0000000000000000E+000, 0.0000000000000000E+000, 0.0000000000000000E+000, 5.3252813813742250E-005, 6.5087037910416257E-006, 1.2027884466192518E-008, 0.0000000000000000E+000, 0.0000000000000000E+000, 0.0000000000000000E+000, 0.0000000000000000E+000, 0.0000000000000000E+000, 0.0000000000000000E+000, 0.0000000000000000E+000, 0.0000000000000000E+000, 0.0000000000000000E+000, 0.0000000000000000E+000, 0.0000000000000000E+000, 0.0000000000000000E+000, 0.0000000000000000E+000, 0.0000000000000000E+000, 0.0000000000000000E+000, 0.0000000000000000E+000, 0.0000000000000000E+000, 0.0000000000000000E+000, 0.0000000000000000E+000, 0.0000000000000000E+000, 0.0000000000000000E+000, 0.0000000000000000E+000, 0.0000000000000000E+000, 0.0000000000000000E+000, 0.0000000000000000E+000, 0.0000000000000000E+000, 0.0000000000000000E+000, 0.0000000000000000E+000, 0.0000000000000000E+000, 0.0000000000000000E+000, 0.0000000000000000E+000, 0.0000000000000000E+000, 0.0000000000000000E+000, 0.0000000000000000E+000, 2.3841858265427618E-008,-1.5258789289873675E-006, 0.0000000000000000E+000, 0.0000000000000000E+000, 0.0000000000000000E+000, 0.0000000000000000E+000, 0.0000000000000000E+000, 3.3426245117187500E+002, 2.4629427120089531E-002, 3.0102755408734083E-003
moisture_repair,30,1, 2.0000000000000000E+001, 1.0000000000000000E+005, 3.4999999403953552E-001, 3.1916775703430176E+000, 0.0000000000000000E+000, 0.0000000000000000E+000, 1.4000000059604645E-001, 9.9999997473787516E-005, 9.9999997473787516E-005, 0.0000000000000000E+000, 4.8500000000000000E+002, 5.3854584693908691E-001, 1.4673749923706055E+001, 5.2259998321533203E+000, 3.3641125488281250E+002, 2.5897659301757812E+002, 2.0003999816253781E-004, 4.0028109375000000E+004, 7.6982146501541138E-001, 3.3641125488281250E+002, 1.9999999494757503E-004, 0.0000000000000000E+000, 0.0000000000000000E+000, 0.0000000000000000E+000, 0.0000000000000000E+000, 0.0000000000000000E+000, 0.0000000000000000E+000, 5.1579951104940847E-005, 6.3041261455509812E-006, 0.0000000000000000E+000, 0.0000000000000000E+000, 0.0000000000000000E+000, 0.0000000000000000E+000, 0.0000000000000000E+000, 0.0000000000000000E+000, 0.0000000000000000E+000, 0.0000000000000000E+000, 0.0000000000000000E+000, 0.0000000000000000E+000, 0.0000000000000000E+000, 0.0000000000000000E+000, 0.0000000000000000E+000, 0.0000000000000000E+000, 0.0000000000000000E+000, 0.0000000000000000E+000, 0.0000000000000000E+000, 0.0000000000000000E+000, 0.0000000000000000E+000, 0.0000000000000000E+000, 0.0000000000000000E+000, 0.0000000000000000E+000, 0.0000000000000000E+000, 0.0000000000000000E+000, 0.0000000000000000E+000, 0.0000000000000000E+000, 0.0000000000000000E+000, 0.0000000000000000E+000, 0.0000000000000000E+000, 0.0000000000000000E+000, 0.0000000000000000E+000, 0.0000000000000000E+000, 0.0000000000000000E+000, 0.0000000000000000E+000, 0.0000000000000000E+000, 0.0000000000000000E+000, 0.0000000000000000E+000, 0.0000000000000000E+000, 0.0000000000000000E+000, 0.0000000000000000E+000, 0.0000000000000000E+000, 0.0000000000000000E+000, 3.3641125488281250E+002, 2.4629427120089531E-002, 3.0102201271802187E-003
subsidence_probe,1,1, 2.0000000000000000E+001, 1.0000000000000000E+005, 3.4999999403953552E-001, 3.1916775703430176E+000, 0.0000000000000000E+000, 0.0000000000000000E+000, 1.4000000059604645E-001, 9.9999997473787516E-005, 9.9999997473787516E-005, 0.0000000000000000E+000, 5.0000000000000000E+001, 1.1552098989486694E+000, 3.0374999046325684E+000,-9.8000001907348633E-001, 3.0098498535156250E+002, 3.0073214721679688E+002, 1.7079303041100502E-002, 9.9706312500000000E+004, 9.9915999174118042E-001, 3.0098498535156250E+002, 1.6792498528957367E-002, 0.0000000000000000E+000, 0.0000000000000000E+000, 0.0000000000000000E+000, 0.0000000000000000E+000, 0.0000000000000000E+000, 0.0000000000000000E+000, 0.0000000000000000E+000, 0.0000000000000000E+000, 1.6604111806373112E-005, 1.9999999494757503E-004,-2.9999998929497451E-008, 1.5000000712461770E-004,-9.0000001364387572E-005,-1.1000000085914508E-004, 3.9999999756901161E-008, 2.4999999848063226E-009,-7.0000001869630069E-005, 4.9999998736893758E-005, 0.0000000000000000E+000, 0.0000000000000000E+000, 0.0000000000000000E+000, 0.0000000000000000E+000, 0.0000000000000000E+000, 0.0000000000000000E+000, 0.0000000000000000E+000, 0.0000000000000000E+000, 0.0000000000000000E+000, 0.0000000000000000E+000, 0.0000000000000000E+000, 0.0000000000000000E+000, 2.5148302316665649E-002, 7.5690522193908691E+000, 4.2223418131470680E-004, 0.0000000000000000E+000, 7.7331036329269409E-002,-2.4142373353242874E-002, 0.0000000000000000E+000, 0.0000000000000000E+000, 0.0000000000000000E+000, 0.0000000000000000E+000, 0.0000000000000000E+000, 0.0000000000000000E+000,-4.0514470310881734E-004, 1.3131141895428300E-003, 1.5960693126544356E-003, 1.2319535471760901E-006, 2.2548558575863353E-009, 0.0000000000000000E+000, 0.0000000000000000E+000, 0.0000000000000000E+000, 3.0101678466796875E+002, 0.0000000000000000E+000, 0.0000000000000000E+000
subsidence_probe,2,1, 2.0000000000000000E+001, 1.0000000000000000E+005, 3.4999999403953552E-001, 3.1916775703430176E+000, 0.0000000000000000E+000, 0.0000000000000000E+000, 1.4000000059604645E-001, 9.9999997473787516E-005, 9.9999997473787516E-005, 0.0000000000000000E+000, 6.5000000000000000E+001, 1.1497731208801270E+000, 3.1237499713897705E+000,-9.3400001525878906E-001, 3.0095050048828125E+002, 3.0011709594726562E+002, 1.7061458900570869E-002, 9.9034109375000000E+004, 9.9723070859909058E-001, 3.0095050048828125E+002, 1.6775248572230339E-002, 0.0000000000000000E+000, 0.0000000000000000E+000, 0.0000000000000000E+000, 0.0000000000000000E+000, 0.0000000000000000E+000, 0.0000000000000000E+000, 6.6123658418655396E-001, 7.3893976211547852E-001, 1.0386434041720349E-005, 1.9043427892029285E-004,-2.8565143139758220E-008, 1.4282572374213487E-004,-8.5695428424514830E-005,-1.0473885777173564E-004, 3.8086856335439734E-008, 2.3804285209649834E-009,-6.6652006353251636E-005, 4.7608569730073214E-005, 2.5148302316665649E-002, 7.5690522193908691E+000, 4.2223418131470680E-004, 0.0000000000000000E+000, 7.7331036329269409E-002,-2.4142373353242874E-002, 0.0000000000000000E+000, 0.0000000000000000E+000, 0.0000000000000000E+000, 0.0000000000000000E+000, 0.0000000000000000E+000, 0.0000000000000000E+000, 2.5219200178980827E-002, 7.5902986526489258E+000, 4.2337345075793564E-004, 0.0000000000000000E+000, 7.7604100108146667E-002,-2.4181071668863297E-002, 0.0000000000000000E+000, 0.0000000000000000E+000, 0.0000000000000000E+000, 0.0000000000000000E+000, 0.0000000000000000E+000, 0.0000000000000000E+000, 2.2404552437365055E-003, 1.3095438480377197E-003,-1.1627196799963713E-003,-5.6400892844976624E-007, 1.3702696755046873E-009, 0.0000000000000000E+000, 0.0000000000000000E+000, 0.0000000000000000E+000, 3.0092718505859375E+002, 3.8021102905273438E+001, 4.2489036560058594E+001
subsidence_probe,3,1, 2.0000000000000000E+001, 1.0000000000000000E+005, 3.4999999403953552E-001, 3.1916775703430176E+000, 0.0000000000000000E+000, 0.0000000000000000E+000, 1.4000000059604645E-001, 9.9999997473787516E-005, 9.9999997473787516E-005, 0.0000000000000000E+000, 8.0000000000000000E+001, 1.1429547071456909E+000, 3.2325000762939453E+000,-8.7599998712539673E-001, 3.0090701293945312E+002, 2.9934332275390625E+002, 1.7038961872458458E-002, 9.8192992187500000E+004, 9.9480342864990234E-001, 3.0090701293945312E+002, 1.6753500327467918E-002, 0.0000000000000000E+000, 0.0000000000000000E+000, 0.0000000000000000E+000, 0.0000000000000000E+000, 0.0000000000000000E+000, 0.0000000000000000E+000, 2.1251556873321533E+000, 3.3799192905426025E+000, 1.0162820217374247E-005, 1.7799886700231582E-004,-2.6699829902554484E-008, 1.3349916844163090E-004,-8.0099496699403971E-005,-9.7899384854827076E-005, 3.5599775571881764E-008, 2.2249859732426103E-009,-6.2299608543980867E-005, 4.4499716750578955E-005, 2.5219200178980827E-002, 7.5902986526489258E+000, 4.2337345075793564E-004, 0.0000000000000000E+000, 7.7604100108146667E-002,-2.4181071668863297E-002, 0.0000000000000000E+000, 0.0000000000000000E+000, 0.0000000000000000E+000, 0.0000000000000000E+000, 0.0000000000000000E+000, 0.0000000000000000E+000, 3.1504020094871521E-002, 9.4815053939819336E+000, 5.2869680803269148E-004, 0.0000000000000000E+000, 9.7217425704002380E-002,-3.0061157420277596E-002, 0.0000000000000000E+000, 0.0000000000000000E+000, 0.0000000000000000E+000, 0.0000000000000000E+000, 0.0000000000000000E+000, 0.0000000000000000E+000, 2.2351145744323730E-003, 1.1687309015542269E-003,-1.1703490745276213E-003,-6.0191376860529999E-007, 2.0854784565926821E-010, 0.0000000000000000E+000, 0.0000000000000000E+000, 0.0000000000000000E+000, 3.0088360595703125E+002, 1.5407379150390625E+002, 2.4504414367675781E+002
subsidence_probe,4,1, 2.0000000000000000E+001, 1.0000000000000000E+005, 3.4999999403953552E-001, 3.1916775703430176E+000, 0.0000000000000000E+000, 0.0000000000000000E+000, 1.4000000059604645E-001, 9.9999997473787516E-005, 9.9999997473787516E-005, 0.0000000000000000E+000, 9.5000000000000000E+001, 1.1347795724868774E+000, 3.3637499809265137E+000,-8.0599999427795410E-001, 3.0085449218750000E+002, 2.9841210937500000E+002, 1.7011811956763268E-002, 9.7187367187500000E+004, 9.9188184738159180E-001, 3.0085449218750000E+002, 1.6727250069379807E-002, 0.0000000000000000E+000, 0.0000000000000000E+000, 0.0000000000000000E+000, 0.0000000000000000E+000, 0.0000000000000000E+000, 0.0000000000000000E+000, 3.3333053588867188E+000, 5.3014154434204102E+000, 1.1282841114734765E-005, 1.6269373008981347E-004,-2.4404059217886243E-008, 1.2202031211927533E-004,-7.3212184361182153E-005,-8.9481560280546546E-005, 3.2538746808086216E-008, 2.0336716755053885E-009,-5.6942808441817760E-005, 4.0673432522453368E-005, 3.1504020094871521E-002, 9.4815053939819336E+000, 5.2869680803269148E-004, 0.0000000000000000E+000, 9.7217425704002380E-002,-3.0061157420277596E-002, 0.0000000000000000E+000, 0.0000000000000000E+000, 0.0000000000000000E+000, 0.0000000000000000E+000, 0.0000000000000000E+000, 0.0000000000000000E+000, 4.0345538407564163E-002, 1.2141595840454102E+001, 6.7663035588338971E-004, 0.0000000000000000E+000, 1.2525171041488647E-001,-3.8097497075796127E-002, 0.0000000000000000E+000, 0.0000000000000000E+000, 0.0000000000000000E+000, 0.0000000000000000E+000, 0.0000000000000000E+000, 0.0000000000000000E+000, 1.7078876262530684E-003, 8.6012779502198100E-004,-8.8043214054778218E-004,-4.6957921995272045E-007, 0.0000000000000000E+000, 0.0000000000000000E+000, 0.0000000000000000E+000, 0.0000000000000000E+000, 3.0083688354492188E+002, 2.9166421508789062E+002, 4.6387384033203125E+002
subsidence_probe,5,1, 2.0000000000000000E+001, 1.0000000000000000E+005, 3.4999999403953552E-001, 3.1916775703430176E+000, 0.0000000000000000E+000, 0.0000000000000000E+000, 1.4000000059604645E-001, 9.9999997473787516E-005, 9.9999997473787516E-005, 0.0000000000000000E+000, 1.1000000000000000E+002, 1.1252770423889160E+000, 3.5174999237060547E+000,-7.2399997711181641E-001, 3.0079299926757812E+002, 2.9732498168945312E+002, 1.6980007290840149E-002, 9.6022445312500000E+004, 9.8847037553787231E-001, 3.0079299926757812E+002, 1.6696499660611153E-002, 0.0000000000000000E+000, 0.0000000000000000E+000, 0.0000000000000000E+000, 0.0000000000000000E+000, 0.0000000000000000E+000, 0.0000000000000000E+000, 3.9396827220916748E+000, 6.2658066749572754E+000, 1.2768531632900704E-005, 1.4451889728661627E-004,-2.1677834638467175E-008, 1.0838917660294101E-004,-6.5033505961764604E-005,-7.9485398600809276E-005, 2.8903778925837287E-008, 1.8064861828648304E-009,-5.0581616960698739E-005, 3.6129724321654066E-005, 4.0345538407564163E-002, 1.2141595840454102E+001, 6.7663035588338971E-004, 0.0000000000000000E+000, 1.2525171041488647E-001,-3.8097497075796127E-002, 0.0000000000000000E+000, 0.0000000000000000E+000, 0.0000000000000000E+000, 0.0000000000000000E+000, 0.0000000000000000E+000, 0.0000000000000000E+000, 4.6551037579774857E-002, 1.4007497787475586E+001, 7.7990395948290825E-004, 0.0000000000000000E+000, 1.4599755406379700E-001,-4.3167337775230408E-002, 0.0000000000000000E+000, 0.0000000000000000E+000, 0.0000000000000000E+000, 0.0000000000000000E+000, 0.0000000000000000E+000, 0.0000000000000000E+000, 1.0792255634441972E-003, 5.2164791850373149E-004,-5.0964357797056437E-004,-2.9634443876602745E-007, 0.0000000000000000E+000, 0.0000000000000000E+000, 0.0000000000000000E+000, 0.0000000000000000E+000, 3.0078280639648438E+002, 4.0381747436523438E+002, 6.4224517822265625E+002
subsidence_probe,6,1, 2.0000000000000000E+001, 1.0000000000000000E+005, 3.4999999403953552E-001, 3.1916775703430176E+000, 0.0000000000000000E+000, 0.0000000000000000E+000, 1.4000000059604645E-001, 9.9999997473787516E-005, 9.9999997473787516E-005, 0.0000000000000000E+000, 1.2500000000000000E+002, 1.1144819259643555E+000, 3.6937499046325684E+000,-6.2999999523162842E-001, 3.0072250366210938E+002, 2.9608355712890625E+002, 1.6943549737334251E-002, 9.4704203125000000E+004, 9.8457401990890503E-001, 3.0072250366210938E+002, 1.6661249101161957E-002, 0.0000000000000000E+000, 0.0000000000000000E+000, 0.0000000000000000E+000, 0.0000000000000000E+000, 0.0000000000000000E+000, 0.0000000000000000E+000, 3.9954566955566406E+000, 6.3545122146606445E+000, 1.4036456377652939E-005, 1.2347433948889375E-004,-1.8521149058869923E-008, 9.2605754616670310E-005,-5.5563450587214902E-005,-6.7910885263700038E-005, 2.4694866596064458E-008, 1.5434291622540286E-009,-4.3216019548708573E-005, 3.0868584872223437E-005, 4.6551037579774857E-002, 1.4007497787475586E+001, 7.7990395948290825E-004, 0.0000000000000000E+000, 1.4599755406379700E-001,-4.3167337775230408E-002, 0.0000000000000000E+000, 0.0000000000000000E+000, 0.0000000000000000E+000, 0.0000000000000000E+000, 0.0000000000000000E+000, 0.0000000000000000E+000, 5.1032334566116333E-002, 1.5353493690490723E+001, 8.5374765330925584E-004, 0.0000000000000000E+000, 1.6253915429115295E-001,-4.5996516942977905E-002, 0.0000000000000000E+000, 0.0000000000000000E+000, 0.0000000000000000E+000, 0.0000000000000000E+000, 0.0000000000000000E+000, 0.0000000000000000E+000, 6.1366555746644735E-004, 2.7826428413391113E-004,-1.7547607421875000E-004,-1.4983713469973736E-007, 0.0000000000000000E+000, 0.0000000000000000E+000, 0.0000000000000000E+000, 0.0000000000000000E+000, 3.0071899414062500E+002, 4.6946615600585938E+002, 7.4665521240234375E+002
subsidence_probe,7,1, 2.0000000000000000E+001, 1.0000000000000000E+005, 3.4999999403953552E-001, 3.1916775703430176E+000, 0.0000000000000000E+000, 0.0000000000000000E+000, 1.4000000059604645E-001, 9.9999997473787516E-005, 9.9999997473787516E-005, 0.0000000000000000E+000, 1.4000000000000000E+002, 1.1024332046508789E+000, 3.8924999237060547E+000,-5.2400004863739014E-001, 3.0064300537109375E+002, 2.9468988037109375E+002, 1.6902443021535873E-002, 9.3239382812500000E+004, 9.8019868135452271E-001, 3.0064300537109375E+002, 1.6621500253677368E-002, 0.0000000000000000E+000, 0.0000000000000000E+000, 0.0000000000000000E+000, 0.0000000000000000E+000, 0.0000000000000000E+000, 0.0000000000000000E+000, 3.8482599258422852E+000, 6.1194591522216797E+000, 1.4680625099572353E-005, 9.9560063972603530E-005,-1.4934009584521846E-008, 7.4670053436420858E-005,-4.4802032789448276E-005,-5.4758038459112868E-005, 1.9912013371481407E-008, 1.2445008357175880E-009,-3.4846027119783685E-005, 2.4890015993150882E-005, 5.1032334566116333E-002, 1.5353493690490723E+001, 8.5374765330925584E-004, 0.0000000000000000E+000, 1.6253915429115295E-001,-4.5996516942977905E-002, 0.0000000000000000E+000, 0.0000000000000000E+000, 0.0000000000000000E+000, 0.0000000000000000E+000, 0.0000000000000000E+000, 0.0000000000000000E+000, 5.4330360144376755E-002, 1.6342374801635742E+001, 9.0723630273714662E-004, 0.0000000000000000E+000, 1.7673449218273163E-001,-4.7000549733638763E-002, 0.0000000000000000E+000, 0.0000000000000000E+000, 0.0000000000000000E+000, 0.0000000000000000E+000, 0.0000000000000000E+000, 0.0000000000000000E+000, 2.4924278841353953E-004, 9.2351438070181757E-005, 2.1514893160201609E-004,-1.3123873543463560E-008, 0.0000000000000000E+000, 0.0000000000000000E+000, 0.0000000000000000E+000, 0.0000000000000000E+000, 3.0064730834960938E+002, 5.0989443969726562E+002, 8.1082830810546875E+002
subsidence_probe,8,1, 2.0000000000000000E+001, 1.0000000000000000E+005, 3.4999999403953552E-001, 3.1916775703430176E+000, 0.0000000000000000E+000, 0.0000000000000000E+000, 1.4000000059604645E-001, 9.9999997473787516E-005, 9.9999997473787516E-005, 0.0000000000000000E+000, 1.5500000000000000E+002, 1.0891735553741455E+000, 4.1137499809265137E+000,-4.0600001811981201E-001, 3.0055450439453125E+002, 2.9314611816406250E+002, 1.6856687143445015E-002, 9.1635367187500000E+004, 9.7535091638565063E-001, 3.0055450439453125E+002, 1.6577249392867088E-002, 0.0000000000000000E+000, 0.0000000000000000E+000, 0.0000000000000000E+000, 0.0000000000000000E+000, 0.0000000000000000E+000, 0.0000000000000000E+000, 3.5330657958984375E+000, 5.4388732910156250E+000, 1.4377995285030920E-005, 7.2776092565618455E-005,-1.0916413550887683E-008, 5.4582069424213842E-005,-3.2749241654528305E-005,-4.0026850911090150E-005, 1.4555218363909717E-008, 9.0970114774435729E-010,-2.5471632397966459E-005, 1.8194023141404614E-005, 5.4330360144376755E-002, 1.6342374801635742E+001, 9.0723630273714662E-004, 0.0000000000000000E+000, 1.7673449218273163E-001,-4.7000549733638763E-002, 0.0000000000000000E+000, 0.0000000000000000E+000, 0.0000000000000000E+000, 0.0000000000000000E+000, 0.0000000000000000E+000, 0.0000000000000000E+000, 1.2655740976333618E-001, 3.8058578491210938E+001, 2.0792260766029358E-003, 2.9365452064666897E-005, 4.2297482490539551E-001,-1.0346268862485886E-001, 0.0000000000000000E+000, 0.0000000000000000E+000, 0.0000000000000000E+000, 0.0000000000000000E+000, 0.0000000000000000E+000, 0.0000000000000000E+000, 2.9730796086369082E-005,-1.4351307981996797E-005, 7.8277586726471782E-004, 7.4654309401012142E-008, 0.0000000000000000E+000, 0.0000000000000000E+000, 0.0000000000000000E+000, 0.0000000000000000E+000, 3.0057015991210938E+002, 5.2112719726562500E+002, 8.0223382568359375E+002
subsidence_probe,9,1, 2.0000000000000000E+001, 1.0000000000000000E+005, 3.4999999403953552E-001, 3.1916775703430176E+000, 0.0000000000000000E+000, 0.0000000000000000E+000, 1.4000000059604645E-001, 9.9999997473787516E-005, 9.9999997473787516E-005, 0.0000000000000000E+000, 1.7000000000000000E+002, 1.0747500658035278E+000, 4.3575000762939453E+000,-2.7600002288818359E-001, 3.0045700073242188E+002, 2.9145468139648438E+002, 1.6806282103061676E-002, 8.9900148437500000E+004, 9.7003787755966187E-001, 3.0045700073242188E+002, 1.6528500244021416E-002, 0.0000000000000000E+000, 0.0000000000000000E+000, 0.0000000000000000E+000, 0.0000000000000000E+000, 0.0000000000000000E+000, 0.0000000000000000E+000, 3.1758401393890381E+000, 4.8567371368408203E+000, 1.2437129953468684E-005, 4.3122396164108068E-005,-6.4683596256998044E-009, 3.2341798942070454E-005,-1.9405079001444392E-005,-2.3717318981653079E-005, 8.6244797969925457E-009, 5.3902998731203411E-010,-1.5092839930730406E-005, 1.0780599041027017E-005, 1.2655740976333618E-001, 3.8058578491210938E+001, 2.0792260766029358E-003, 2.9365452064666897E-005, 4.2297482490539551E-001,-1.0346268862485886E-001, 0.0000000000000000E+000, 0.0000000000000000E+000, 0.0000000000000000E+000, 0.0000000000000000E+000, 0.0000000000000000E+000, 0.0000000000000000E+000, 1.8688167631626129E-001, 5.6190299987792969E+001, 2.9917482752352953E-003, 1.1735728912753984E-004, 6.3623642921447754E-001,-1.4656624197959900E-001, 0.0000000000000000E+000, 0.0000000000000000E+000, 0.0000000000000000E+000, 0.0000000000000000E+000, 0.0000000000000000E+000, 0.0000000000000000E+000,-9.7184180049225688E-004,-5.3675624076277018E-004, 1.8859863048419356E-003, 2.8994656986469636E-007, 0.0000000000000000E+000, 0.0000000000000000E+000, 0.0000000000000000E+000, 0.0000000000000000E+000, 3.0049472045898438E+002, 5.1607403564453125E+002, 7.8921978759765625E+002
subsidence_probe,10,1, 2.0000000000000000E+001, 1.0000000000000000E+005, 3.4999999403953552E-001, 3.1916775703430176E+000, 0.0000000000000000E+000, 0.0000000000000000E+000, 1.4000000059604645E-001, 9.9999997473787516E-005, 9.9999997473787516E-005, 0.0000000000000000E+000, 1.8500000000000000E+002, 1.0592136383056641E+000, 4.6237497329711914E+000,-1.3400000333786011E-001, 3.0035049438476562E+002, 2.8961822509765625E+002, 1.6751229763031006E-002, 8.8042289062500000E+004, 9.6426749229431152E-001, 3.0035049438476562E+002, 1.6475249081850052E-002, 0.0000000000000000E+000, 0.0000000000000000E+000, 0.0000000000000000E+000, 0.0000000000000000E+000, 0.0000000000000000E+000, 0.0000000000000000E+000, 2.0971360206604004E+000, 3.3330962657928467E+000, 9.5745508588152006E-006, 0.0000000000000000E+000, 0.0000000000000000E+000, 0.0000000000000000E+000, 0.0000000000000000E+000, 0.0000000000000000E+000, 0.0000000000000000E+000, 0.0000000000000000E+000, 0.0000000000000000E+000, 0.0000000000000000E+000, 1.8688167631626129E-001, 5.6190299987792969E+001, 2.9917482752352953E-003, 1.1735728912753984E-004, 6.3623642921447754E-001,-1.4656624197959900E-001, 0.0000000000000000E+000, 0.0000000000000000E+000, 0.0000000000000000E+000, 0.0000000000000000E+000, 0.0000000000000000E+000, 0.0000000000000000E+000, 7.3212757706642151E-002, 2.2008392333984375E+001, 1.1384073877707124E-003, 7.7255288488231599E-005, 2.5518605113029480E-001,-5.4253920912742615E-002, 0.0000000000000000E+000, 0.0000000000000000E+000, 0.0000000000000000E+000, 0.0000000000000000E+000, 0.0000000000000000E+000, 0.0000000000000000E+000,-3.0125142075121403E-003,-1.6099415952339768E-003, 3.8726807106286287E-003, 4.7283248250096221E-007, 7.9759082893815503E-008, 0.0000000000000000E+000, 0.0000000000000000E+000, 0.0000000000000000E+000, 3.0042382812500000E+002, 3.7224163818359375E+002, 5.9162457275390625E+002
subsidence_probe,11,1, 2.0000000000000000E+001, 1.0000000000000000E+005, 3.4999999403953552E-001, 3.1916775703430176E+000, 0.0000000000000000E+000, 0.0000000000000000E+000, 1.4000000059604645E-001, 9.9999997473787516E-005, 9.9999997473787516E-005, 0.0000000000000000E+000, 2.0000000000000000E+002, 1.0192198753356934E+000, 4.9124999046325684E+000, 1.9999980926513672E-002, 3.0712750244140625E+002, 2.9424295043945312E+002, 1.5661500394344330E-002, 8.6070796875000000E+004, 9.5804822444915771E-001, 3.0712750244140625E+002, 1.5420000068843365E-002, 0.0000000000000000E+000, 0.0000000000000000E+000, 0.0000000000000000E+000, 0.0000000000000000E+000, 0.0000000000000000E+000, 0.0000000000000000E+000, 5.2603594958782196E-002, 1.3150899671018124E-002, 4.0377809540359522E-008, 0.0000000000000000E+000, 0.0000000000000000E+000, 0.0000000000000000E+000, 0.0000000000000000E+000, 0.0000000000000000E+000, 0.0000000000000000E+000, 0.0000000000000000E+000, 0.0000000000000000E+000, 0.0000000000000000E+000, 7.3212757706642151E-002, 2.2008392333984375E+001, 1.1384073877707124E-003, 7.7255288488231599E-005, 2.5518605113029480E-001,-5.4253920912742615E-002, 0.0000000000000000E+000, 0.0000000000000000E+000, 0.0000000000000000E+000, 0.0000000000000000E+000, 0.0000000000000000E+000, 0.0000000000000000E+000, 0.0000000000000000E+000, 0.0000000000000000E+000, 0.0000000000000000E+000, 0.0000000000000000E+000, 0.0000000000000000E+000, 0.0000000000000000E+000, 0.0000000000000000E+000, 0.0000000000000000E+000, 0.0000000000000000E+000, 0.0000000000000000E+000, 0.0000000000000000E+000, 0.0000000000000000E+000,-5.3832528647035360E-004,-2.8710821061395109E-004,-1.3473511207848787E-003, 4.5914202218000355E-008, 3.7628811355716607E-007, 0.0000000000000000E+000, 0.0000000000000000E+000, 0.0000000000000000E+000, 3.0708099365234375E+002, 1.0126192092895508E+001, 2.5315482616424561E+000
subsidence_probe,12,1, 2.0000000000000000E+001, 1.0000000000000000E+005, 3.4999999403953552E-001, 3.1916775703430176E+000, 0.0000000000000000E+000, 0.0000000000000000E+000, 1.4000000059604645E-001, 9.9999997473787516E-005, 9.9999997473787516E-005, 0.0000000000000000E+000, 2.1500000000000000E+002, 9.9856585264205933E-001, 5.2237501144409180E+000, 1.8599998950958252E-001, 3.0806124877929688E+002, 2.9308618164062500E+002, 1.4378819614648819E-002, 8.3995101562500000E+004, 9.5138931274414062E-001, 3.0806124877929688E+002, 1.4174999669194221E-002, 0.0000000000000000E+000, 0.0000000000000000E+000, 0.0000000000000000E+000, 0.0000000000000000E+000, 0.0000000000000000E+000, 0.0000000000000000E+000, 2.2483861539512873E-004, 3.2218697015196085E-005, 9.2721492706004938E-009, 0.0000000000000000E+000, 0.0000000000000000E+000, 0.0000000000000000E+000, 0.0000000000000000E+000, 0.0000000000000000E+000, 0.0000000000000000E+000, 0.0000000000000000E+000, 0.0000000000000000E+000, 0.0000000000000000E+000, 0.0000000000000000E+000, 0.0000000000000000E+000, 0.0000000000000000E+000, 0.0000000000000000E+000, 0.0000000000000000E+000, 0.0000000000000000E+000, 0.0000000000000000E+000, 0.0000000000000000E+000, 0.0000000000000000E+000, 0.0000000000000000E+000, 0.0000000000000000E+000, 0.0000000000000000E+000, 0.0000000000000000E+000, 0.0000000000000000E+000, 0.0000000000000000E+000, 0.0000000000000000E+000, 0.0000000000000000E+000, 0.0000000000000000E+000, 0.0000000000000000E+000, 0.0000000000000000E+000, 0.0000000000000000E+000, 0.0000000000000000E+000, 0.0000000000000000E+000, 0.0000000000000000E+000,-1.6689300252892281E-007,-8.0466271867862815E-008,-1.5258789289873675E-006, 4.6566129424663316E-011, 1.1398478732063677E-012, 0.0000000000000000E+000, 0.0000000000000000E+000, 0.0000000000000000E+000, 3.0806121826171875E+002, 4.6654012054204941E-002, 6.6853794269263744E-003
subsidence_probe,13,1, 2.0000000000000000E+001, 1.0000000000000000E+005, 3.4999999403953552E-001, 3.1916775703430176E+000, 0.0000000000000000E+000, 0.0000000000000000E+000, 1.4000000059604645E-001, 9.9999997473787516E-005, 9.9999997473787516E-005, 0.0000000000000000E+000, 2.3000000000000000E+002, 9.7689360380172729E-001, 5.5574998855590820E+000, 3.6399996280670166E-001, 3.0906250000000000E+002, 2.9184783935546875E+002, 1.3007009401917458E-002, 8.1824929687500000E+004, 9.4430041313171387E-001, 3.0906250000000000E+002, 1.2839999981224537E-002, 0.0000000000000000E+000, 0.0000000000000000E+000, 0.0000000000000000E+000, 0.0000000000000000E+000, 0.0000000000000000E+000, 0.0000000000000000E+000, 1.2381582928355783E-004, 1.9644947315100580E-005, 1.2755863032509751E-008, 0.0000000000000000E+000, 0.0000000000000000E+000, 0.0000000000000000E+000, 0.0000000000000000E+000, 0.0000000000000000E+000, 0.0000000000000000E+000, 0.0000000000000000E+000, 0.0000000000000000E+000, 0.0000000000000000E+000, 0.0000000000000000E+000, 0.0000000000000000E+000, 0.0000000000000000E+000, 0.0000000000000000E+000, 0.0000000000000000E+000, 0.0000000000000000E+000, 0.0000000000000000E+000, 0.0000000000000000E+000, 0.0000000000000000E+000, 0.0000000000000000E+000, 0.0000000000000000E+000, 0.0000000000000000E+000, 0.0000000000000000E+000, 0.0000000000000000E+000, 0.0000000000000000E+000, 0.0000000000000000E+000, 0.0000000000000000E+000, 0.0000000000000000E+000, 0.0000000000000000E+000, 0.0000000000000000E+000, 0.0000000000000000E+000, 0.0000000000000000E+000, 0.0000000000000000E+000, 0.0000000000000000E+000,-4.7683716530855236E-008,-1.1920929132713809E-008,-1.5258789289873675E-006, 0.0000000000000000E+000, 1.9694727843259873E-018, 0.0000000000000000E+000, 0.0000000000000000E+000, 0.0000000000000000E+000, 3.0906246948242188E+002, 2.7549022808670998E-002, 4.3710009194910526E-003
subsidence_probe,14,1, 2.0000000000000000E+001, 1.0000000000000000E+005, 3.4999999403953552E-001, 3.1916775703430176E+000, 0.0000000000000000E+000, 0.0000000000000000E+000, 1.4000000059604645E-001, 9.9999997473787516E-005, 9.9999997473787516E-005, 0.0000000000000000E+000, 2.4500000000000000E+002, 9.5429003238677979E-001, 5.9137496948242188E+000, 5.5400002002716064E-001, 3.1013125610351562E+002, 2.9052844238281250E+002, 1.1546807363629341E-002, 7.9570289062500000E+004, 9.3679189682006836E-001, 3.1013125610351562E+002, 1.1415000073611736E-002, 0.0000000000000000E+000, 0.0000000000000000E+000, 0.0000000000000000E+000, 0.0000000000000000E+000, 0.0000000000000000E+000, 0.0000000000000000E+000, 1.0439061588840559E-004, 1.6776362826931290E-005, 1.3391305841992107E-008, 0.0000000000000000E+000, 0.0000000000000000E+000, 0.0000000000000000E+000, 0.0000000000000000E+000, 0.0000000000000000E+000, 0.0000000000000000E+000, 0.0000000000000000E+000, 0.0000000000000000E+000, 0.0000000000000000E+000, 0.0000000000000000E+000, 0.0000000000000000E+000, 0.0000000000000000E+000, 0.0000000000000000E+000, 0.0000000000000000E+000, 0.0000000000000000E+000, 0.0000000000000000E+000, 0.0000000000000000E+000, 0.0000000000000000E+000, 0.0000000000000000E+000, 0.0000000000000000E+000, 0.0000000000000000E+000, 0.0000000000000000E+000, 0.0000000000000000E+000, 0.0000000000000000E+000, 0.0000000000000000E+000, 0.0000000000000000E+000, 0.0000000000000000E+000, 0.0000000000000000E+000, 0.0000000000000000E+000, 0.0000000000000000E+000, 0.0000000000000000E+000, 0.0000000000000000E+000, 0.0000000000000000E+000, 2.3841858265427618E-008, 0.0000000000000000E+000, 0.0000000000000000E+000, 0.0000000000000000E+000, 2.7301355747213805E-024, 0.0000000000000000E+000, 0.0000000000000000E+000, 0.0000000000000000E+000, 3.1013125610351562E+002, 2.4792771786451340E-002, 3.9843861013650894E-003
subsidence_probe,15,1, 2.0000000000000000E+001, 1.0000000000000000E+005, 3.4999999403953552E-001, 3.1916775703430176E+000, 0.0000000000000000E+000, 0.0000000000000000E+000, 1.4000000059604645E-001, 9.9999997473787516E-005, 9.9999997473787516E-005, 0.0000000000000000E+000, 2.6000000000000000E+002, 9.3084430694580078E-001, 6.2925000190734863E+000, 7.5599992275238037E-001, 3.1126748657226562E+002, 2.8912847900390625E+002, 9.9989892914891243E-003, 7.7241343750000000E+004, 9.2887461185455322E-001, 3.1126748657226562E+002, 9.8999999463558197E-003, 0.0000000000000000E+000, 0.0000000000000000E+000, 0.0000000000000000E+000, 0.0000000000000000E+000, 0.0000000000000000E+000, 0.0000000000000000E+000, 9.7571763035375625E-005, 1.5726393030490726E-005, 1.3380702768017727E-008, 0.0000000000000000E+000, 0.0000000000000000E+000, 0.0000000000000000E+000, 0.0000000000000000E+000, 0.0000000000000000E+000, 0.0000000000000000E+000, 0.0000000000000000E+000, 0.0000000000000000E+000, 0.0000000000000000E+000, 0.0000000000000000E+000, 0.0000000000000000E+000, 0.0000000000000000E+000, 0.0000000000000000E+000, 0.0000000000000000E+000, 0.0000000000000000E+000, 0.0000000000000000E+000, 0.0000000000000000E+000, 0.0000000000000000E+000, 0.0000000000000000E+000, 0.0000000000000000E+000, 0.0000000000000000E+000, 0.0000000000000000E+000, 0.0000000000000000E+000, 0.0000000000000000E+000, 0.0000000000000000E+000, 0.0000000000000000E+000, 0.0000000000000000E+000, 0.0000000000000000E+000, 0.0000000000000000E+000, 0.0000000000000000E+000, 0.0000000000000000E+000, 0.0000000000000000E+000, 0.0000000000000000E+000, 0.0000000000000000E+000, 2.9802322831784522E-009, 0.0000000000000000E+000, 0.0000000000000000E+000, 3.3455276401803757E-030, 0.0000000000000000E+000, 0.0000000000000000E+000, 0.0000000000000000E+000, 3.1126748657226562E+002, 2.4636870250105858E-002, 3.9709140546619892E-003
subsidence_probe,16,1, 2.0000000000000000E+001, 1.0000000000000000E+005, 3.4999999403953552E-001, 3.1916775703430176E+000, 0.0000000000000000E+000, 0.0000000000000000E+000, 1.4000000059604645E-001, 9.9999997473787516E-005, 9.9999997473787516E-005, 0.0000000000000000E+000, 2.7500000000000000E+002, 9.0664714574813843E-001, 6.6937503814697266E+000, 9.6999990940093994E-001, 3.1247125244140625E+002, 2.8764852905273438E+002, 8.3643821999430656E-003, 7.4848367187500000E+004, 9.2056000232696533E-001, 3.1247125244140625E+002, 8.2949995994567871E-003, 0.0000000000000000E+000, 0.0000000000000000E+000, 0.0000000000000000E+000, 0.0000000000000000E+000, 0.0000000000000000E+000, 0.0000000000000000E+000, 9.2073692940175533E-005, 1.4876666682539508E-005, 1.3327266401574889E-008, 0.0000000000000000E+000, 0.0000000000000000E+000, 0.0000000000000000E+000, 0.0000000000000000E+000, 0.0000000000000000E+000, 0.0000000000000000E+000, 0.0000000000000000E+000, 0.0000000000000000E+000, 0.0000000000000000E+000, 0.0000000000000000E+000, 0.0000000000000000E+000, 0.0000000000000000E+000, 0.0000000000000000E+000, 0.0000000000000000E+000, 0.0000000000000000E+000, 0.0000000000000000E+000, 0.0000000000000000E+000, 0.0000000000000000E+000, 0.0000000000000000E+000, 0.0000000000000000E+000, 0.0000000000000000E+000, 0.0000000000000000E+000, 0.0000000000000000E+000, 0.0000000000000000E+000, 0.0000000000000000E+000, 0.0000000000000000E+000, 0.0000000000000000E+000, 0.0000000000000000E+000, 0.0000000000000000E+000, 0.0000000000000000E+000, 0.0000000000000000E+000, 0.0000000000000000E+000, 0.0000000000000000E+000, 2.3841858265427618E-008, 2.9802322831784522E-009,-1.5258789289873675E-006, 0.0000000000000000E+000, 3.6693066205425097E-036, 0.0000000000000000E+000, 0.0000000000000000E+000, 0.0000000000000000E+000, 3.1247122192382812E+002, 2.4629712104797363E-002, 3.9795082993805408E-003
subsidence_probe,17,1, 2.0000000000000000E+001, 1.0000000000000000E+005, 3.4999999403953552E-001, 3.1916775703430176E+000, 0.0000000000000000E+000, 0.0000000000000000E+000, 1.4000000059604645E-001, 9.9999997473787516E-005, 9.9999997473787516E-005, 0.0000000000000000E+000, 2.9000000000000000E+002, 8.8178974390029907E-001, 7.1174998283386230E+000, 1.1959998607635498E+000, 3.1374249267578125E+002, 2.8608920288085938E+002, 6.6438494250178337E-003, 7.2401640625000000E+004, 9.1185992956161499E-001, 3.1374249267578125E+002, 6.5999999642372131E-003, 0.0000000000000000E+000, 0.0000000000000000E+000, 0.0000000000000000E+000, 0.0000000000000000E+000, 0.0000000000000000E+000, 0.0000000000000000E+000, 8.7183711002580822E-005, 1.4123816981737036E-005, 1.3267287712892539E-008, 0.0000000000000000E+000, 0.0000000000000000E+000, 0.0000000000000000E+000, 0.0000000000000000E+000, 0.0000000000000000E+000, 0.0000000000000000E+000, 0.0000000000000000E+000, 0.0000000000000000E+000, 0.0000000000000000E+000, 0.0000000000000000E+000, 0.0000000000000000E+000, 0.0000000000000000E+000, 0.0000000000000000E+000, 0.0000000000000000E+000, 0.0000000000000000E+000, 0.0000000000000000E+000, 0.0000000000000000E+000, 0.0000000000000000E+000, 0.0000000000000000E+000, 0.0000000000000000E+000, 0.0000000000000000E+000, 0.0000000000000000E+000, 0.0000000000000000E+000, 0.0000000000000000E+000, 0.0000000000000000E+000, 0.0000000000000000E+000, 0.0000000000000000E+000, 0.0000000000000000E+000, 0.0000000000000000E+000, 0.0000000000000000E+000, 0.0000000000000000E+000, 0.0000000000000000E+000, 0.0000000000000000E+000, 2.3841858265427618E-008, 5.9604645663569045E-009,-1.5258789289873675E-006, 0.0000000000000000E+000, 3.6265604256726266E-042, 0.0000000000000000E+000, 0.0000000000000000E+000, 0.0000000000000000E+000, 3.1374246215820312E+002, 2.4629399180412292E-002, 3.9899782277643681E-003
subsidence_probe,18,1, 2.0000000000000000E+001, 1.0000000000000000E+005, 3.4999999403953552E-001, 3.1916775703430176E+000, 0.0000000000000000E+000, 0.0000000000000000E+000, 1.4000000059604645E-001, 9.9999997473787516E-005, 9.9999997473787516E-005, 0.0000000000000000E+000, 3.0500000000000000E+002, 8.5636425018310547E-001, 7.5637502670288086E+000, 1.4340000152587891E+000, 3.1508123779296875E+002, 2.8445117187500000E+002, 4.8382962122559547E-003, 6.9911421875000000E+004, 9.0278673171997070E-001, 3.1508123779296875E+002, 4.8150001093745232E-003, 0.0000000000000000E+000, 0.0000000000000000E+000, 0.0000000000000000E+000, 0.0000000000000000E+000, 0.0000000000000000E+000, 0.0000000000000000E+000, 8.2788210420403630E-005, 1.3448845493257977E-005, 1.3202166471160126E-008, 0.0000000000000000E+000, 0.0000000000000000E+000, 0.0000000000000000E+000, 0.0000000000000000E+000, 0.0000000000000000E+000, 0.0000000000000000E+000, 0.0000000000000000E+000, 0.0000000000000000E+000, 0.0000000000000000E+000, 0.0000000000000000E+000, 0.0000000000000000E+000, 0.0000000000000000E+000, 0.0000000000000000E+000, 0.0000000000000000E+000, 0.0000000000000000E+000, 0.0000000000000000E+000, 0.0000000000000000E+000, 0.0000000000000000E+000, 0.0000000000000000E+000, 0.0000000000000000E+000, 0.0000000000000000E+000, 0.0000000000000000E+000, 0.0000000000000000E+000, 0.0000000000000000E+000, 0.0000000000000000E+000, 0.0000000000000000E+000, 0.0000000000000000E+000, 0.0000000000000000E+000, 0.0000000000000000E+000, 0.0000000000000000E+000, 0.0000000000000000E+000, 0.0000000000000000E+000, 0.0000000000000000E+000, 0.0000000000000000E+000,-5.9604645663569045E-009, 1.5258789289873675E-006, 2.3283064712331658E-011, 0.0000000000000000E+000, 0.0000000000000000E+000, 0.0000000000000000E+000, 0.0000000000000000E+000, 3.1508126831054688E+002, 2.4629492312669754E-002, 4.0010316297411919E-003
subsidence_probe,19,1, 2.0000000000000000E+001, 1.0000000000000000E+005, 3.4999999403953552E-001, 3.1916775703430176E+000, 0.0000000000000000E+000, 0.0000000000000000E+000, 1.4000000059604645E-001, 9.9999997473787516E-005, 9.9999997473787516E-005, 0.0000000000000000E+000, 3.2000000000000000E+002, 8.3046185970306396E-001, 8.0325002670288086E+000, 1.6840000152587891E+000, 3.1648748779296875E+002, 2.8273516845703125E+002, 2.9486690182238817E-003, 6.7387820312500000E+004, 8.9335334300994873E-001, 3.1648748779296875E+002, 2.9400000348687172E-003, 0.0000000000000000E+000, 0.0000000000000000E+000, 0.0000000000000000E+000, 0.0000000000000000E+000, 0.0000000000000000E+000, 0.0000000000000000E+000, 7.8814235166646540E-005, 1.2840594536100980E-005, 1.3131661980025910E-008, 0.0000000000000000E+000, 0.0000000000000000E+000, 0.0000000000000000E+000, 0.0000000000000000E+000, 0.0000000000000000E+000, 0.0000000000000000E+000, 0.0000000000000000E+000, 0.0000000000000000E+000, 0.0000000000000000E+000, 0.0000000000000000E+000, 0.0000000000000000E+000, 0.0000000000000000E+000, 0.0000000000000000E+000, 0.0000000000000000E+000, 0.0000000000000000E+000, 0.0000000000000000E+000, 0.0000000000000000E+000, 0.0000000000000000E+000, 0.0000000000000000E+000, 0.0000000000000000E+000, 0.0000000000000000E+000, 0.0000000000000000E+000, 0.0000000000000000E+000, 0.0000000000000000E+000, 0.0000000000000000E+000, 0.0000000000000000E+000, 0.0000000000000000E+000, 0.0000000000000000E+000, 0.0000000000000000E+000, 0.0000000000000000E+000, 0.0000000000000000E+000, 0.0000000000000000E+000, 0.0000000000000000E+000, 0.0000000000000000E+000, 0.0000000000000000E+000, 0.0000000000000000E+000, 0.0000000000000000E+000, 0.0000000000000000E+000, 0.0000000000000000E+000, 0.0000000000000000E+000, 0.0000000000000000E+000, 3.1648748779296875E+002, 2.4629447609186172E-002, 4.0126857347786427E-003
subsidence_probe,20,1, 2.0000000000000000E+001, 1.0000000000000000E+005, 3.4999999403953552E-001, 3.1916775703430176E+000, 0.0000000000000000E+000, 0.0000000000000000E+000, 1.4000000059604645E-001, 9.9999997473787516E-005, 9.9999997473787516E-005, 0.0000000000000000E+000, 3.3500000000000000E+002, 8.0417364835739136E-001, 8.5237503051757812E+000, 1.9459998607635498E+000, 3.1796124267578125E+002, 2.8094192504882812E+002, 9.7595131956040859E-004, 6.4840792968750000E+004, 8.8357287645339966E-001, 3.1796124267578125E+002, 9.7499974071979523E-004, 0.0000000000000000E+000, 0.0000000000000000E+000, 0.0000000000000000E+000, 0.0000000000000000E+000, 0.0000000000000000E+000, 0.0000000000000000E+000, 7.5204297900199890E-005, 1.2290062841202598E-005, 1.3055251990579109E-008, 0.0000000000000000E+000, 0.0000000000000000E+000, 0.0000000000000000E+000, 0.0000000000000000E+000, 0.0000000000000000E+000, 0.0000000000000000E+000, 0.0000000000000000E+000, 0.0000000000000000E+000, 0.0000000000000000E+000, 0.0000000000000000E+000, 0.0000000000000000E+000, 0.0000000000000000E+000, 0.0000000000000000E+000, 0.0000000000000000E+000, 0.0000000000000000E+000, 0.0000000000000000E+000, 0.0000000000000000E+000, 0.0000000000000000E+000, 0.0000000000000000E+000, 0.0000000000000000E+000, 0.0000000000000000E+000, 0.0000000000000000E+000, 0.0000000000000000E+000, 0.0000000000000000E+000, 0.0000000000000000E+000, 0.0000000000000000E+000, 0.0000000000000000E+000, 0.0000000000000000E+000, 0.0000000000000000E+000, 0.0000000000000000E+000, 0.0000000000000000E+000, 0.0000000000000000E+000, 0.0000000000000000E+000,-4.7683716530855236E-008,-5.9604645663569045E-009, 0.0000000000000000E+000, 5.2386893434341886E-011, 0.0000000000000000E+000, 0.0000000000000000E+000, 0.0000000000000000E+000, 0.0000000000000000E+000, 3.1796124267578125E+002, 2.4629406630992889E-002, 4.0249954909086227E-003
subsidence_probe,21,1, 2.0000000000000000E+001, 1.0000000000000000E+005, 3.4999999403953552E-001, 3.1916775703430176E+000, 0.0000000000000000E+000, 0.0000000000000000E+000, 1.4000000059604645E-001, 9.9999997473787516E-005, 9.9999997473787516E-005, 0.0000000000000000E+000, 3.5000000000000000E+002, 7.7758902311325073E-001, 9.0375003814697266E+000, 2.2200000286102295E+000, 3.1950250244140625E+002, 2.7907232666015625E+002, 2.0003999816253781E-004, 6.2280027343750000E+004, 8.7345898151397705E-001, 3.1950250244140625E+002, 1.9999999494757503E-004, 0.0000000000000000E+000, 0.0000000000000000E+000, 0.0000000000000000E+000, 0.0000000000000000E+000, 0.0000000000000000E+000, 0.0000000000000000E+000, 7.1910922997631133E-005, 9.7191305030719377E-006, 1.2972606100447592E-008, 0.0000000000000000E+000, 0.0000000000000000E+000, 0.0000000000000000E+000, 0.0000000000000000E+000, 0.0000000000000000E+000, 0.0000000000000000E+000, 0.0000000000000000E+000, 0.0000000000000000E+000, 0.0000000000000000E+000, 0.0000000000000000E+000, 0.0000000000000000E+000, 0.0000000000000000E+000, 0.0000000000000000E+000, 0.0000000000000000E+000, 0.0000000000000000E+000, 0.0000000000000000E+000, 0.0000000000000000E+000, 0.0000000000000000E+000, 0.0000000000000000E+000, 0.0000000000000000E+000, 0.0000000000000000E+000, 0.0000000000000000E+000, 0.0000000000000000E+000, 0.0000000000000000E+000, 0.0000000000000000E+000, 0.0000000000000000E+000, 0.0000000000000000E+000, 0.0000000000000000E+000, 0.0000000000000000E+000, 0.0000000000000000E+000, 0.0000000000000000E+000, 0.0000000000000000E+000, 0.0000000000000000E+000,-4.7683716530855236E-008, 0.0000000000000000E+000, 0.0000000000000000E+000, 2.1827872842550278E-011, 0.0000000000000000E+000, 0.0000000000000000E+000, 0.0000000000000000E+000, 0.0000000000000000E+000, 3.1950250244140625E+002, 2.4629490450024605E-002, 3.3288022968918085E-003
subsidence_probe,22,1, 2.0000000000000000E+001, 1.0000000000000000E+005, 3.4999999403953552E-001, 3.1916775703430176E+000, 0.0000000000000000E+000, 0.0000000000000000E+000, 1.4000000059604645E-001, 9.9999997473787516E-005, 9.9999997473787516E-005, 0.0000000000000000E+000, 3.6500000000000000E+002, 7.5079572200775146E-001, 9.5737495422363281E+000, 2.5059998035430908E+000, 3.2111123657226562E+002, 2.7712722778320312E+002, 2.0003999816253781E-004, 5.9714925781250000E+004, 8.6302560567855835E-001, 3.2111123657226562E+002, 1.9999999494757503E-004, 0.0000000000000000E+000, 0.0000000000000000E+000, 0.0000000000000000E+000, 0.0000000000000000E+000, 0.0000000000000000E+000, 0.0000000000000000E+000, 6.8893583375029266E-005, 8.4203638834878802E-006, 1.2883448974321254E-008, 0.0000000000000000E+000, 0.0000000000000000E+000, 0.0000000000000000E+000, 0.0000000000000000E+000, 0.0000000000000000E+000, 0.0000000000000000E+000, 0.0000000000000000E+000, 0.0000000000000000E+000, 0.0000000000000000E+000, 0.0000000000000000E+000, 0.0000000000000000E+000, 0.0000000000000000E+000, 0.0000000000000000E+000, 0.0000000000000000E+000, 0.0000000000000000E+000, 0.0000000000000000E+000, 0.0000000000000000E+000, 0.0000000000000000E+000, 0.0000000000000000E+000, 0.0000000000000000E+000, 0.0000000000000000E+000, 0.0000000000000000E+000, 0.0000000000000000E+000, 0.0000000000000000E+000, 0.0000000000000000E+000, 0.0000000000000000E+000, 0.0000000000000000E+000, 0.0000000000000000E+000, 0.0000000000000000E+000, 0.0000000000000000E+000, 0.0000000000000000E+000, 0.0000000000000000E+000, 0.0000000000000000E+000, 0.0000000000000000E+000, 0.0000000000000000E+000, 0.0000000000000000E+000,-7.2759577226036432E-013, 0.0000000000000000E+000, 0.0000000000000000E+000, 0.0000000000000000E+000, 0.0000000000000000E+000, 3.2111123657226562E+002, 2.4629456922411919E-002, 3.0102801974862814E-003
subsidence_probe,23,1, 2.0000000000000000E+001, 1.0000000000000000E+005, 3.4999999403953552E-001, 3.1916775703430176E+000, 0.0000000000000000E+000, 0.0000000000000000E+000, 1.4000000059604645E-001, 9.9999997473787516E-005, 9.9999997473787516E-005, 0.0000000000000000E+000, 3.8000000000000000E+002, 7.2387915849685669E-001, 1.0132499694824219E+001, 2.8039999008178711E+000, 3.2278750610351562E+002, 2.7510760498046875E+002, 2.0003999816253781E-004, 5.7154519531250000E+004, 8.5228699445724487E-001, 3.2278750610351562E+002, 1.9999999494757503E-004, 0.0000000000000000E+000, 0.0000000000000000E+000, 0.0000000000000000E+000, 0.0000000000000000E+000, 0.0000000000000000E+000, 0.0000000000000000E+000, 6.6118940594606102E-005, 8.0810968938749284E-006, 1.2787153558235786E-008, 0.0000000000000000E+000, 0.0000000000000000E+000, 0.0000000000000000E+000, 0.0000000000000000E+000, 0.0000000000000000E+000, 0.0000000000000000E+000, 0.0000000000000000E+000, 0.0000000000000000E+000, 0.0000000000000000E+000, 0.0000000000000000E+000, 0.0000000000000000E+000, 0.0000000000000000E+000, 0.0000000000000000E+000, 0.0000000000000000E+000, 0.0000000000000000E+000, 0.0000000000000000E+000, 0.0000000000000000E+000, 0.0000000000000000E+000, 0.0000000000000000E+000, 0.0000000000000000E+000, 0.0000000000000000E+000, 0.0000000000000000E+000, 0.0000000000000000E+000, 0.0000000000000000E+000, 0.0000000000000000E+000, 0.0000000000000000E+000, 0.0000000000000000E+000, 0.0000000000000000E+000, 0.0000000000000000E+000, 0.0000000000000000E+000, 0.0000000000000000E+000, 0.0000000000000000E+000, 0.0000000000000000E+000, 4.7683716530855236E-008, 0.0000000000000000E+000, 0.0000000000000000E+000, 7.2759577226036432E-013, 0.0000000000000000E+000, 0.0000000000000000E+000, 0.0000000000000000E+000, 0.0000000000000000E+000, 3.2278750610351562E+002, 2.4629306048154831E-002, 3.0102084856480360E-003
subsidence_probe,24,1, 2.0000000000000000E+001, 1.0000000000000000E+005, 3.4999999403953552E-001, 3.1916775703430176E+000, 0.0000000000000000E+000, 0.0000000000000000E+000, 1.4000000059604645E-001, 9.9999997473787516E-005, 9.9999997473787516E-005, 0.0000000000000000E+000, 3.9500000000000000E+002, 6.9692218303680420E-001, 1.0713749885559082E+001, 3.1139998435974121E+000, 3.2453125000000000E+002, 2.7301443481445312E+002, 2.0003999816253781E-004, 5.4607437500000000E+004, 8.4125775098800659E-001, 3.2453125000000000E+002, 1.9999999494757503E-004, 0.0000000000000000E+000, 0.0000000000000000E+000, 0.0000000000000000E+000, 0.0000000000000000E+000, 0.0000000000000000E+000, 0.0000000000000000E+000, 6.3559964473824948E-005, 7.7684480856987648E-006, 1.2683186945139369E-008, 0.0000000000000000E+000, 0.0000000000000000E+000, 0.0000000000000000E+000, 0.0000000000000000E+000, 0.0000000000000000E+000, 0.0000000000000000E+000, 0.0000000000000000E+000, 0.0000000000000000E+000, 0.0000000000000000E+000, 0.0000000000000000E+000, 0.0000000000000000E+000, 0.0000000000000000E+000, 0.0000000000000000E+000, 0.0000000000000000E+000, 0.0000000000000000E+000, 0.0000000000000000E+000, 0.0000000000000000E+000, 0.0000000000000000E+000, 0.0000000000000000E+000, 0.0000000000000000E+000, 0.0000000000000000E+000, 0.0000000000000000E+000, 0.0000000000000000E+000, 0.0000000000000000E+000, 0.0000000000000000E+000, 0.0000000000000000E+000, 0.0000000000000000E+000, 0.0000000000000000E+000, 0.0000000000000000E+000, 0.0000000000000000E+000, 0.0000000000000000E+000, 0.0000000000000000E+000, 0.0000000000000000E+000, 0.0000000000000000E+000, 0.0000000000000000E+000, 0.0000000000000000E+000, 7.2759577226036432E-013, 0.0000000000000000E+000, 0.0000000000000000E+000, 0.0000000000000000E+000, 0.0000000000000000E+000, 3.2453125000000000E+002, 2.4629486724734306E-002, 3.0102736782282591E-003
subsidence_probe,25,1, 2.0000000000000000E+001, 1.0000000000000000E+005, 3.4999999403953552E-001, 3.1916775703430176E+000, 0.0000000000000000E+000, 0.0000000000000000E+000, 1.4000000059604645E-001, 9.9999997473787516E-005, 9.9999997473787516E-005, 0.0000000000000000E+000, 4.1000000000000000E+002, 6.7000472545623779E-001, 1.1317500114440918E+001, 3.4359998703002930E+000, 3.2634249877929688E+002, 2.7084884643554688E+002, 2.0003999816253781E-004, 5.2081890625000000E+004, 8.2995271682739258E-001, 3.2634249877929688E+002, 1.9999999494757503E-004, 0.0000000000000000E+000, 0.0000000000000000E+000, 0.0000000000000000E+000, 0.0000000000000000E+000, 0.0000000000000000E+000, 0.0000000000000000E+000, 6.1191210988909006E-005, 7.4789149948628619E-006, 1.2571073959577461E-008, 0.0000000000000000E+000, 0.0000000000000000E+000, 0.0000000000000000E+000, 0.0000000000000000E+000, 0.0000000000000000E+000, 0.0000000000000000E+000, 0.0000000000000000E+000, 0.0000000000000000E+000, 0.0000000000000000E+000, 0.0000000000000000E+000, 0.0000000000000000E+000, 0.0000000000000000E+000, 0.0000000000000000E+000, 0.0000000000000000E+000, 0.0000000000000000E+000, 0.0000000000000000E+000, 0.0000000000000000E+000, 0.0000000000000000E+000, 0.0000000000000000E+000, 0.0000000000000000E+000, 0.0000000000000000E+000, 0.0000000000000000E+000, 0.0000000000000000E+000, 0.0000000000000000E+000, 0.0000000000000000E+000, 0.0000000000000000E+000, 0.0000000000000000E+000, 0.0000000000000000E+000, 0.0000000000000000E+000, 0.0000000000000000E+000, 0.0000000000000000E+000, 0.0000000000000000E+000, 0.0000000000000000E+000, 0.0000000000000000E+000, 1.1920929132713809E-008, 0.0000000000000000E+000, 0.0000000000000000E+000, 0.0000000000000000E+000, 0.0000000000000000E+000, 0.0000000000000000E+000, 0.0000000000000000E+000, 3.2634249877929688E+002, 2.4629462510347366E-002, 3.0102632008492947E-003
subsidence_probe,26,1, 2.0000000000000000E+001, 1.0000000000000000E+005, 3.4999999403953552E-001, 3.1916775703430176E+000, 0.0000000000000000E+000, 0.0000000000000000E+000, 1.4000000059604645E-001, 9.9999997473787516E-005, 9.9999997473787516E-005, 0.0000000000000000E+000, 4.2500000000000000E+002, 6.4320284128189087E-001, 1.1943750381469727E+001, 3.7699999809265137E+000, 3.2822125244140625E+002, 2.6861196899414062E+002, 2.0003999816253781E-004, 4.9585558593750000E+004, 8.1838685274124146E-001, 3.2822125244140625E+002, 1.9999999494757503E-004, 0.0000000000000000E+000, 0.0000000000000000E+000, 0.0000000000000000E+000, 0.0000000000000000E+000, 0.0000000000000000E+000, 0.0000000000000000E+000, 5.8992631238652393E-005, 7.2101843215932604E-006, 1.2450130704166895E-008, 0.0000000000000000E+000, 0.0000000000000000E+000, 0.0000000000000000E+000, 0.0000000000000000E+000, 0.0000000000000000E+000, 0.0000000000000000E+000, 0.0000000000000000E+000, 0.0000000000000000E+000, 0.0000000000000000E+000, 0.0000000000000000E+000, 0.0000000000000000E+000, 0.0000000000000000E+000, 0.0000000000000000E+000, 0.0000000000000000E+000, 0.0000000000000000E+000, 0.0000000000000000E+000, 0.0000000000000000E+000, 0.0000000000000000E+000, 0.0000000000000000E+000, 0.0000000000000000E+000, 0.0000000000000000E+000, 0.0000000000000000E+000, 0.0000000000000000E+000, 0.0000000000000000E+000, 0.0000000000000000E+000, 0.0000000000000000E+000, 0.0000000000000000E+000, 0.0000000000000000E+000, 0.0000000000000000E+000, 0.0000000000000000E+000, 0.0000000000000000E+000, 0.0000000000000000E+000, 0.0000000000000000E+000, 0.0000000000000000E+000,-1.1920929132713809E-008,-1.5258789289873675E-006,-7.2759577226036432E-013, 0.0000000000000000E+000, 0.0000000000000000E+000, 0.0000000000000000E+000, 0.0000000000000000E+000, 3.2822122192382812E+002, 2.4629423394799232E-002, 3.0102520249783993E-003
subsidence_probe,27,1, 2.0000000000000000E+001, 1.0000000000000000E+005, 3.4999999403953552E-001, 3.1916775703430176E+000, 0.0000000000000000E+000, 0.0000000000000000E+000, 1.4000000059604645E-001, 9.9999997473787516E-005, 9.9999997473787516E-005, 0.0000000000000000E+000, 4.4000000000000000E+002, 6.1658954620361328E-001, 1.2592499732971191E+001, 4.1159996986389160E+000, 3.3016748046875000E+002, 2.6630493164062500E+002, 2.0003999816253781E-004, 4.7125640625000000E+004, 8.0657529830932617E-001, 3.3016748046875000E+002, 1.9999999494757503E-004, 0.0000000000000000E+000, 0.0000000000000000E+000, 0.0000000000000000E+000, 0.0000000000000000E+000, 0.0000000000000000E+000, 0.0000000000000000E+000, 5.6946806580526754E-005, 6.9602106123056728E-006, 1.2319770092972249E-008, 0.0000000000000000E+000, 0.0000000000000000E+000, 0.0000000000000000E+000, 0.0000000000000000E+000, 0.0000000000000000E+000, 0.0000000000000000E+000, 0.0000000000000000E+000, 0.0000000000000000E+000, 0.0000000000000000E+000, 0.0000000000000000E+000, 0.0000000000000000E+000, 0.0000000000000000E+000, 0.0000000000000000E+000, 0.0000000000000000E+000, 0.0000000000000000E+000, 0.0000000000000000E+000, 0.0000000000000000E+000, 0.0000000000000000E+000, 0.0000000000000000E+000, 0.0000000000000000E+000, 0.0000000000000000E+000, 0.0000000000000000E+000, 0.0000000000000000E+000, 0.0000000000000000E+000, 0.0000000000000000E+000, 0.0000000000000000E+000, 0.0000000000000000E+000, 0.0000000000000000E+000, 0.0000000000000000E+000, 0.0000000000000000E+000, 0.0000000000000000E+000, 0.0000000000000000E+000, 0.0000000000000000E+000,-4.7683716530855236E-008, 0.0000000000000000E+000, 0.0000000000000000E+000, 0.0000000000000000E+000, 0.0000000000000000E+000, 0.0000000000000000E+000, 0.0000000000000000E+000, 0.0000000000000000E+000, 3.3016748046875000E+002, 2.4629494175314903E-002, 3.0102911405265331E-003
subsidence_probe,28,1, 2.0000000000000000E+001, 1.0000000000000000E+005, 3.4999999403953552E-001, 3.1916775703430176E+000, 0.0000000000000000E+000, 0.0000000000000000E+000, 1.4000000059604645E-001, 9.9999997473787516E-005, 9.9999997473787516E-005, 0.0000000000000000E+000, 4.5500000000000000E+002, 5.9023320674896240E-001, 1.3263750076293945E+001, 4.4739999771118164E+000, 3.3218124389648438E+002, 2.6392916870117188E+002, 2.0003999816253781E-004, 4.4708792968750000E+004, 7.9453361034393311E-001, 3.3218124389648438E+002, 1.9999999494757503E-004, 0.0000000000000000E+000, 0.0000000000000000E+000, 0.0000000000000000E+000, 0.0000000000000000E+000, 0.0000000000000000E+000, 0.0000000000000000E+000, 5.5037693527992815E-005, 6.7267756094224751E-006, 1.2179274477830404E-008, 0.0000000000000000E+000, 0.0000000000000000E+000, 0.0000000000000000E+000, 0.0000000000000000E+000, 0.0000000000000000E+000, 0.0000000000000000E+000, 0.0000000000000000E+000, 0.0000000000000000E+000, 0.0000000000000000E+000, 0.0000000000000000E+000, 0.0000000000000000E+000, 0.0000000000000000E+000, 0.0000000000000000E+000, 0.0000000000000000E+000, 0.0000000000000000E+000, 0.0000000000000000E+000, 0.0000000000000000E+000, 0.0000000000000000E+000, 0.0000000000000000E+000, 0.0000000000000000E+000, 0.0000000000000000E+000, 0.0000000000000000E+000, 0.0000000000000000E+000, 0.0000000000000000E+000, 0.0000000000000000E+000, 0.0000000000000000E+000, 0.0000000000000000E+000, 0.0000000000000000E+000, 0.0000000000000000E+000, 0.0000000000000000E+000, 0.0000000000000000E+000, 0.0000000000000000E+000, 0.0000000000000000E+000, 4.7683716530855236E-008,-2.3841858265427618E-008, 0.0000000000000000E+000, 0.0000000000000000E+000, 0.0000000000000000E+000, 0.0000000000000000E+000, 0.0000000000000000E+000, 0.0000000000000000E+000, 3.3218124389648438E+002, 2.4629367515444756E-002, 3.0102320015430450E-003
subsidence_probe,29,1, 2.0000000000000000E+001, 1.0000000000000000E+005, 3.4999999403953552E-001, 3.1916775703430176E+000, 0.0000000000000000E+000, 0.0000000000000000E+000, 1.4000000059604645E-001, 9.9999997473787516E-005, 9.9999997473787516E-005, 0.0000000000000000E+000, 4.7000000000000000E+002, 5.6419861316680908E-001, 1.3957500457763672E+001, 4.8439998626708984E+000, 3.3426248168945312E+002, 2.6148590087890625E+002, 2.0003999816253781E-004, 4.2341105468750000E+004, 7.8227710723876953E-001, 3.3426248168945312E+002, 1.9999999494757503E-004, 0.0000000000000000E+000, 0.0000000000000000E+000, 0.0000000000000000E+000, 0.0000000000000000E+000, 0.0000000000000000E+000, 0.0000000000000000E+000, 5.3252813813742250E-005, 6.5087037910416257E-006, 1.2027884466192518E-008, 0.0000000000000000E+000, 0.0000000000000000E+000, 0.0000000000000000E+000, 0.0000000000000000E+000, 0.0000000000000000E+000, 0.0000000000000000E+000, 0.0000000000000000E+000, 0.0000000000000000E+000, 0.0000000000000000E+000, 0.0000000000000000E+000, 0.0000000000000000E+000, 0.0000000000000000E+000, 0.0000000000000000E+000, 0.0000000000000000E+000, 0.0000000000000000E+000, 0.0000000000000000E+000, 0.0000000000000000E+000, 0.0000000000000000E+000, 0.0000000000000000E+000, 0.0000000000000000E+000, 0.0000000000000000E+000, 0.0000000000000000E+000, 0.0000000000000000E+000, 0.0000000000000000E+000, 0.0000000000000000E+000, 0.0000000000000000E+000, 0.0000000000000000E+000, 0.0000000000000000E+000, 0.0000000000000000E+000, 0.0000000000000000E+000, 0.0000000000000000E+000, 0.0000000000000000E+000, 0.0000000000000000E+000, 0.0000000000000000E+000, 2.3841858265427618E-008,-1.5258789289873675E-006, 0.0000000000000000E+000, 0.0000000000000000E+000, 0.0000000000000000E+000, 0.0000000000000000E+000, 0.0000000000000000E+000, 3.3426245117187500E+002, 2.4629427120089531E-002, 3.0102755408734083E-003
subsidence_probe,30,1, 2.0000000000000000E+001, 1.0000000000000000E+005, 3.4999999403953552E-001, 3.1916775703430176E+000, 0.0000000000000000E+000, 0.0000000000000000E+000, 1.4000000059604645E-001, 9.9999997473787516E-005, 9.9999997473787516E-005, 0.0000000000000000E+000, 4.8500000000000000E+002, 5.3854584693908691E-001, 1.4673749923706055E+001, 5.2259998321533203E+000, 3.3641125488281250E+002, 2.5897659301757812E+002, 2.0003999816253781E-004, 4.0028109375000000E+004, 7.6982146501541138E-001, 3.3641125488281250E+002, 1.9999999494757503E-004, 0.0000000000000000E+000, 0.0000000000000000E+000, 0.0000000000000000E+000, 0.0000000000000000E+000, 0.0000000000000000E+000, 0.0000000000000000E+000, 5.1579951104940847E-005, 6.3041261455509812E-006, 0.0000000000000000E+000, 0.0000000000000000E+000, 0.0000000000000000E+000, 0.0000000000000000E+000, 0.0000000000000000E+000, 0.0000000000000000E+000, 0.0000000000000000E+000, 0.0000000000000000E+000, 0.0000000000000000E+000, 0.0000000000000000E+000, 0.0000000000000000E+000, 0.0000000000000000E+000, 0.0000000000000000E+000, 0.0000000000000000E+000, 0.0000000000000000E+000, 0.0000000000000000E+000, 0.0000000000000000E+000, 0.0000000000000000E+000, 0.0000000000000000E+000, 0.0000000000000000E+000, 0.0000000000000000E+000, 0.0000000000000000E+000, 0.0000000000000000E+000, 0.0000000000000000E+000, 0.0000000000000000E+000, 0.0000000000000000E+000, 0.0000000000000000E+000, 0.0000000000000000E+000, 0.0000000000000000E+000, 0.0000000000000000E+000, 0.0000000000000000E+000, 0.0000000000000000E+000, 0.0000000000000000E+000, 0.0000000000000000E+000, 0.0000000000000000E+000, 0.0000000000000000E+000, 0.0000000000000000E+000, 0.0000000000000000E+000, 0.0000000000000000E+000, 0.0000000000000000E+000, 0.0000000000000000E+000, 0.0000000000000000E+000, 3.3641125488281250E+002, 2.4629427120089531E-002, 3.0102201271802187E-003
