case,mode,k,nz,dt,theta_in,qv_in,qc_in,qr_in,qi_in,qs_in,qg_in,ni_in,ns_in,nr_in,ng_in,rho_in,pii_in,pressure_in,dz_in,qrcuten_in,qscuten_in,qicuten_in,theta_out,qv_out,qc_out,qr_out,qi_out,qs_out,qg_out,ni_out,ns_out,nr_out,ng_out,refl_10cm_out
1,0,1,32, 4.5000000000000000E+001, 3.0227883911132812E+002, 2.1866703405976295E-002, 1.9144857651554048E-004, 3.2362417550757527E-004, 0.0000000000000000E+000, 0.0000000000000000E+000, 0.0000000000000000E+000, 0.0000000000000000E+000, 0.0000000000000000E+000, 1.3440122500000000E+006, 0.0000000000000000E+000, 1.1160612106323242E+000, 9.8716795444488525E-001, 9.5580367187500000E+004, 4.0000000000000000E+002, 0.0000000000000000E+000, 0.0000000000000000E+000, 0.0000000000000000E+000, 3.0240744018554688E+002, 2.1813450381159782E-002, 2.2935308516025543E-004, 3.4890760434791446E-004, 0.0000000000000000E+000, 0.0000000000000000E+000, 0.0000000000000000E+000, 0.0000000000000000E+000, 0.0000000000000000E+000, 1.2200600000000000E+006, 0.0000000000000000E+000, 8.9722595214843750E+000
1,0,2,32, 4.5000000000000000E+001, 3.0539505004882812E+002, 2.1380916237831116E-002, 3.0595198040828109E-004, 3.9689210825599730E-004, 0.0000000000000000E+000, 0.0000000000000000E+000, 0.0000000000000000E+000, 0.0000000000000000E+000, 0.0000000000000000E+000, 1.4072395000000000E+006, 0.0000000000000000E+000, 1.0659166574478149E+000, 9.7316581010818481E-001, 9.0918859375000000E+004, 4.0000000000000000E+002, 0.0000000000000000E+000, 0.0000000000000000E+000, 0.0000000000000000E+000, 3.0552392578125000E+002, 2.1328387781977654E-002, 3.2510788878425956E-004, 4.4206075835973024E-004, 0.0000000000000000E+000, 0.0000000000000000E+000, 0.0000000000000000E+000, 0.0000000000000000E+000, 0.0000000000000000E+000, 1.2548132500000000E+006, 0.0000000000000000E+000, 1.0709316253662109E+001
1,0,3,32, 4.5000000000000000E+001, 3.0853829956054688E+002, 2.0891975611448288E-002, 4.6023901086300611E-004, 4.6728050801903009E-004, 0.0000000000000000E+000, 0.0000000000000000E+000, 0.0000000000000000E+000, 0.0000000000000000E+000, 0.0000000000000000E+000, 1.4734168750000000E+006, 0.0000000000000000E+000, 1.0180418491363525E+000, 9.5936226844787598E-001, 8.6484695312500000E+004, 4.0000000000000000E+002, 0.0000000000000000E+000, 0.0000000000000000E+000, 0.0000000000000000E+000, 3.0866744995117188E+002, 2.0840171724557877E-002, 4.4751222594641149E-004, 5.4489757167175412E-004, 0.0000000000000000E+000, 0.0000000000000000E+000, 0.0000000000000000E+000, 0.0000000000000000E+000, 0.0000000000000000E+000, 1.2937582500000000E+006, 0.0000000000000000E+000, 1.2196948051452637E+001
1,0,4,32, 4.5000000000000000E+001, 3.1170877075195312E+002, 2.0400483161211014E-002, 6.5169192384928465E-004, 5.2814913215115666E-004, 0.0000000000000000E+000, 0.0000000000000000E+000, 0.0000000000000000E+000, 0.0000000000000000E+000, 0.0000000000000000E+000, 1.5426807500000000E+006, 0.0000000000000000E+000, 9.7233337163925171E-001, 9.4575452804565430E-001, 8.2266789062500000E+004, 4.0000000000000000E+002, 0.0000000000000000E+000, 0.0000000000000000E+000, 0.0000000000000000E+000, 3.1183813476562500E+002, 2.0349407568573952E-002, 5.9177668299525976E-004, 6.5205950522795320E-004, 0.0000000000000000E+000, 0.0000000000000000E+000, 0.0000000000000000E+000, 0.0000000000000000E+000, 0.0000000000000000E+000, 1.3396602500000000E+006, 0.0000000000000000E+000, 1.3408796310424805E+001
1,0,5,32, 4.5000000000000000E+001, 3.1490664672851562E+002, 1.9907034933567047E-002, 8.6862070020288229E-004, 5.7307200040668249E-004, 0.0000000000000000E+000, 0.0000000000000000E+000, 0.0000000000000000E+000, 0.0000000000000000E+000, 0.0000000000000000E+000, 1.6151743750000000E+006, 0.0000000000000000E+000, 9.2869228124618530E-001, 9.3233978748321533E-001, 7.8254585937500000E+004, 4.0000000000000000E+002, 0.0000000000000000E+000, 0.0000000000000000E+000, 0.0000000000000000E+000, 3.1503622436523438E+002, 1.9856687635183334E-002, 7.4912118725478649E-004, 7.5312441913411021E-004, 0.0000000000000000E+000, 0.0000000000000000E+000, 0.0000000000000000E+000, 0.0000000000000000E+000, 0.0000000000000000E+000, 1.3951812500000000E+006, 0.0000000000000000E+000, 1.4287931442260742E+001
1,0,6,32, 4.5000000000000000E+001, 3.1813198852539062E+002, 1.9412111490964890E-002, 1.0898002656176686E-003, 5.9694662922993302E-004, 0.0000000000000000E+000, 0.0000000000000000E+000, 0.0000000000000000E+000, 0.0000000000000000E+000, 0.0000000000000000E+000, 1.6910458750000000E+006, 0.0000000000000000E+000, 8.8702499866485596E-001, 9.1911536455154419E-001, 7.4438070312500000E+004, 4.0000000000000000E+002, 0.0000000000000000E+000, 0.0000000000000000E+000, 0.0000000000000000E+000, 3.1826171875000000E+002, 1.9362492486834526E-002, 9.0814207214862108E-004, 8.3254161290824413E-004, 0.0000000000000000E+000, 0.0000000000000000E+000, 0.0000000000000000E+000, 0.0000000000000000E+000, 0.0000000000000000E+000, 1.4623921250000000E+006, 0.0000000000000000E+000, 1.4758382797241211E+001
1,0,7,32, 4.5000000000000000E+001, 3.2138497924804688E+002, 1.8916349858045578E-002, 1.2870412319898605E-003, 5.9694662922993302E-004, 0.0000000000000000E+000, 0.0000000000000000E+000, 0.0000000000000000E+000, 0.0000000000000000E+000, 0.0000000000000000E+000, 1.7704520000000000E+006, 0.0000000000000000E+000, 8.4724128246307373E-001, 9.0607851743698120E-001, 7.0807687500000000E+004, 4.0000000000000000E+002, 0.0000000000000000E+000, 0.0000000000000000E+000, 0.0000000000000000E+000, 3.2151483154296875E+002, 1.8867462873458862E-002, 1.0556672932580113E-003, 8.7308161891996861E-004, 0.0000000000000000E+000, 0.0000000000000000E+000, 0.0000000000000000E+000, 0.0000000000000000E+000, 0.0000000000000000E+000, 1.5423477500000000E+006, 0.0000000000000000E+000, 1.4744257926940918E+001
1,0,8,32, 4.5000000000000000E+001, 3.2466567993164062E+002, 1.8420226871967316E-002, 1.4307604869827628E-003, 5.7307200040668249E-004, 0.0000000000000000E+000, 0.0000000000000000E+000, 0.0000000000000000E+000, 0.0000000000000000E+000, 0.0000000000000000E+000, 1.8535550000000000E+006, 0.0000000000000000E+000, 8.0925571918487549E-001, 8.9322650432586670E-001, 6.7354351562500000E+004, 4.0000000000000000E+002, 0.0000000000000000E+000, 0.0000000000000000E+000, 0.0000000000000000E+000, 3.2479565429687500E+002, 1.8372071906924248E-002, 1.1766358511522412E-003, 8.6225470295175910E-004, 0.0000000000000000E+000, 0.0000000000000000E+000, 0.0000000000000000E+000, 0.0000000000000000E+000, 0.0000000000000000E+000, 1.6348840000000000E+006, 0.0000000000000000E+000, 1.4186991691589355E+001
1,0,9,32, 4.5000000000000000E+001, 3.2797424316406250E+002, 1.7924325540661812E-002, 1.4971671625971794E-003, 5.2814913215115666E-004, 0.0000000000000000E+000, 0.0000000000000000E+000, 0.0000000000000000E+000, 0.0000000000000000E+000, 0.0000000000000000E+000, 1.9405255000000000E+006, 0.0000000000000000E+000, 7.7298647165298462E-001, 8.8055688142776489E-001, 6.4069441406250000E+004, 4.0000000000000000E+002, 0.0000000000000000E+000, 0.0000000000000000E+000, 0.0000000000000000E+000, 3.2810427856445312E+002, 1.7876904457807541E-002, 1.2543725315481424E-003, 7.9837249359115958E-004, 0.0000000000000000E+000, 0.0000000000000000E+000, 0.0000000000000000E+000, 0.0000000000000000E+000, 0.0000000000000000E+000, 1.7387575000000000E+006, 0.0000000000000000E+000, 1.3055115699768066E+001
1,0,10,32, 4.5000000000000000E+001, 3.3131088256835938E+002, 1.7429236322641373E-002, 1.4746960951015353E-003, 4.6728050801903009E-004, 0.0000000000000000E+000, 0.0000000000000000E+000, 0.0000000000000000E+000, 0.0000000000000000E+000, 0.0000000000000000E+000, 2.0315423750000000E+006, 0.0000000000000000E+000, 7.3835527896881104E-001, 8.6806690692901611E-001, 6.0944734375000000E+004, 4.0000000000000000E+002, 0.0000000000000000E+000, 0.0000000000000000E+000, 0.0000000000000000E+000, 3.3144094848632812E+002, 1.7382549121975899E-002, 1.2733244802802801E-003, 6.9230876397341490E-004, 0.0000000000000000E+000, 0.0000000000000000E+000, 0.0000000000000000E+000, 0.0000000000000000E+000, 0.0000000000000000E+000, 1.8520621250000000E+006, 0.0000000000000000E+000, 1.1347166061401367E+001
1,0,11,32, 4.5000000000000000E+001, 3.3467556762695312E+002, 1.6935411840677261E-002, 1.3672993518412113E-003, 3.9689210825599730E-004, 0.0000000000000000E+000, 0.0000000000000000E+000, 0.0000000000000000E+000, 0.0000000000000000E+000, 0.0000000000000000E+000, 2.1267905000000000E+006, 0.0000000000000000E+000, 7.0528811216354370E-001, 8.5575407743453979E-001, 5.7972425781250000E+004, 4.0000000000000000E+002, 0.0000000000000000E+000, 0.0000000000000000E+000, 0.0000000000000000E+000, 3.3480563354492188E+002, 1.6889462247490883E-002, 1.2244686949998140E-003, 5.6358292931690812E-004, 0.0000000000000000E+000, 0.0000000000000000E+000, 0.0000000000000000E+000, 0.0000000000000000E+000, 0.0000000000000000E+000, 1.9727033750000000E+006, 0.0000000000000000E+000, 9.0906877517700195E+000
1,0,12,32, 4.5000000000000000E+001, 3.3806854248046875E+002, 1.6443461179733276E-002, 1.1933108326047659E-003, 3.2362417550757527E-004, 0.0000000000000000E+000, 0.0000000000000000E+000, 0.0000000000000000E+000, 0.0000000000000000E+000, 0.0000000000000000E+000, 2.2264655000000000E+006, 0.0000000000000000E+000, 6.7371356487274170E-001, 8.4361594915390015E-001, 5.5145078125000000E+004, 4.0000000000000000E+002, 0.0000000000000000E+000, 0.0000000000000000E+000, 0.0000000000000000E+000, 3.3819854736328125E+002, 1.6398249194025993E-002, 1.1105873854830861E-003, 4.3310207547619939E-004, 0.0000000000000000E+000, 0.0000000000000000E+000, 0.0000000000000000E+000, 0.0000000000000000E+000, 0.0000000000000000E+000, 2.0987405000000000E+006, 0.0000000000000000E+000, 6.3389067649841309E+000
1,0,13,32, 4.5000000000000000E+001, 3.4148983764648438E+002, 1.5953827649354935E-002, 9.8033028189092875E-004, 2.5332794757559896E-004, 0.0000000000000000E+000, 0.0000000000000000E+000, 0.0000000000000000E+000, 0.0000000000000000E+000, 0.0000000000000000E+000, 2.3307702500000000E+006, 0.0000000000000000E+000, 6.4356410503387451E-001, 8.3164995908737183E-001, 5.2455621093750000E+004, 4.0000000000000000E+002, 0.0000000000000000E+000, 0.0000000000000000E+000, 0.0000000000000000E+000, 3.4161975097656250E+002, 1.5909355133771896E-002, 9.4758393242955208E-004, 3.1669536838307977E-004, 0.0000000000000000E+000, 0.0000000000000000E+000, 0.0000000000000000E+000, 0.0000000000000000E+000, 0.0000000000000000E+000, 2.2285390000000000E+006, 0.0000000000000000E+000, 3.1640481948852539E+000
1,0,14,32, 4.5000000000000000E+001, 3.4493957519531250E+002, 1.5467060729861259E-002, 7.5808895053341985E-004, 1.9037020683754236E-004, 0.0000000000000000E+000, 0.0000000000000000E+000, 0.0000000000000000E+000, 0.0000000000000000E+000, 0.0000000000000000E+000, 2.4399180000000000E+006, 0.0000000000000000E+000, 6.1477476358413696E-001, 8.1985372304916382E-001, 4.9897328125000000E+004, 4.0000000000000000E+002, 0.0000000000000000E+000, 0.0000000000000000E+000, 0.0000000000000000E+000, 3.4506936645507812E+002, 1.5423329547047615E-002, 7.6030107447877526E-004, 2.2231684124562889E-004, 0.0000000000000000E+000, 0.0000000000000000E+000, 0.0000000000000000E+000, 0.0000000000000000E+000, 0.0000000000000000E+000, 2.3608482500000000E+006, 0.0000000000000000E+000,-3.5472407937049866E-001
1,0,15,32, 4.5000000000000000E+001, 3.4841793823242188E+002, 1.4983683824539185E-002, 5.5181916104629636E-004, 1.3733729429077357E-004, 0.0000000000000000E+000, 0.0000000000000000E+000, 0.0000000000000000E+000, 0.0000000000000000E+000, 0.0000000000000000E+000, 2.5541317500000000E+006, 0.0000000000000000E+000, 5.8728373050689697E-001, 8.0822473764419556E-001, 4.7463804687500000E+004, 4.0000000000000000E+002, 0.0000000000000000E+000, 0.0000000000000000E+000, 0.0000000000000000E+000, 3.4854760742187500E+002, 1.4940694905817509E-002, 5.7491339975968003E-004, 1.5100991004146636E-004, 0.0000000000000000E+000, 0.0000000000000000E+000, 0.0000000000000000E+000, 0.0000000000000000E+000, 0.0000000000000000E+000, 2.4948812500000000E+006, 0.0000000000000000E+000,-4.1479368209838867E+000
1,0,16,32, 4.5000000000000000E+001, 3.5192492675781250E+002, 1.4504122547805309E-002, 3.7809615605510771E-004, 9.5115618023555726E-005, 0.0000000000000000E+000, 0.0000000000000000E+000, 0.0000000000000000E+000, 0.0000000000000000E+000, 0.0000000000000000E+000, 2.6736420000000000E+006, 0.0000000000000000E+000, 5.6103247404098511E-001, 7.9676079750061035E-001, 4.5148972656250000E+004, 4.0000000000000000E+002, 0.0000000000000000E+000, 0.0000000000000000E+000, 0.0000000000000000E+000, 3.5205435180664062E+002, 1.4461877755820751E-002, 4.1184006840921938E-004, 9.9879245681222528E-005, 0.0000000000000000E+000, 0.0000000000000000E+000, 0.0000000000000000E+000, 0.0000000000000000E+000, 0.0000000000000000E+000, 2.6260882500000000E+006, 0.0000000000000000E+000,-8.1530284881591797E+000
1,0,17,32, 4.5000000000000000E+001, 3.5546078491210938E+002, 1.4028909616172314E-002, 2.4385777942370623E-004, 6.3239538576453924E-005, 0.0000000000000000E+000, 0.0000000000000000E+000, 0.0000000000000000E+000, 0.0000000000000000E+000, 0.0000000000000000E+000, 2.7986945000000000E+006, 0.0000000000000000E+000, 5.3596419095993042E-001, 7.8545939922332764E-001, 4.2947027343750000E+004, 4.0000000000000000E+002, 0.0000000000000000E+000, 0.0000000000000000E+000, 0.0000000000000000E+000, 3.5558996582031250E+002, 1.3987410813570023E-002, 2.8211355675011873E-004, 6.4473511883988976E-005, 0.0000000000000000E+000, 0.0000000000000000E+000, 0.0000000000000000E+000, 0.0000000000000000E+000, 0.0000000000000000E+000, 2.4800760000000000E+006, 0.0000000000000000E+000,-1.1893954277038574E+001
1,0,18,32, 4.5000000000000000E+001, 3.5902545166015625E+002, 1.3558438047766685E-002, 1.4804708189330995E-004, 4.0364466258324683E-005, 0.0000000000000000E+000, 0.0000000000000000E+000, 0.0000000000000000E+000, 0.0000000000000000E+000, 0.0000000000000000E+000, 2.9295407500000000E+006, 0.0000000000000000E+000, 5.1202565431594849E-001, 7.7431833744049072E-001, 4.0852476562500000E+004, 4.0000000000000000E+002, 0.0000000000000000E+000, 0.0000000000000000E+000, 0.0000000000000000E+000, 3.5915432739257812E+002, 1.3517687097191811E-002, 1.8769076268654317E-004, 4.0158589399652556E-005, 0.0000000000000000E+000, 0.0000000000000000E+000, 0.0000000000000000E+000, 0.0000000000000000E+000, 0.0000000000000000E+000, 1.5873183750000000E+006, 0.0000000000000000E+000,-1.4253478050231934E+001
1,0,19,32, 4.5000000000000000E+001, 3.6261914062500000E+002, 1.3093182817101479E-002, 8.4604238509200513E-005, 2.4733390091569163E-005, 0.0000000000000000E+000, 0.0000000000000000E+000, 0.0000000000000000E+000, 0.0000000000000000E+000, 0.0000000000000000E+000, 3.0664475000000000E+006, 0.0000000000000000E+000, 4.8916539549827576E-001, 7.6333528757095337E-001, 3.8860078125000000E+004, 4.0000000000000000E+002, 0.0000000000000000E+000, 0.0000000000000000E+000, 0.0000000000000000E+000, 3.6274768066406250E+002, 1.3053180649876595E-002, 1.2426581815816462E-004, 2.4234357624663971E-005, 0.0000000000000000E+000, 0.0000000000000000E+000, 0.0000000000000000E+000, 0.0000000000000000E+000, 0.0000000000000000E+000, 9.6715593750000000E+005, 0.0000000000000000E+000,-1.6666593551635742E+001
1,0,20,32, 4.5000000000000000E+001, 3.6677352905273438E+002, 1.3005477376282215E-002, 4.5510638301493600E-005, 1.4549285879184026E-005, 0.0000000000000000E+000, 0.0000000000000000E+000, 0.0000000000000000E+000, 0.0000000000000000E+000, 0.0000000000000000E+000, 3.2143507500000000E+006, 0.0000000000000000E+000, 4.6665722131729126E-001, 7.5250798463821411E-001, 3.6964851562500000E+004, 4.0000000000000000E+002, 0.0000000000000000E+000, 0.0000000000000000E+000, 0.0000000000000000E+000, 3.6690307617187500E+002, 1.2965762056410313E-002, 8.5130937804933637E-005, 1.4122621905698907E-005, 0.0000000000000000E+000, 0.0000000000000000E+000, 0.0000000000000000E+000, 0.0000000000000000E+000, 0.0000000000000000E+000, 5.6361206250000000E+005, 0.0000000000000000E+000,-1.9183654785156250E+001
1,0,21,32, 4.5000000000000000E+001, 3.7205072021484375E+002, 1.3686816208064556E-002, 2.3044271074468270E-005, 8.2162459875689819E-006, 0.0000000000000000E+000, 0.0000000000000000E+000, 0.0000000000000000E+000, 0.0000000000000000E+000, 0.0000000000000000E+000, 3.3791540000000000E+006, 0.0000000000000000E+000, 4.4389808177947998E-001, 7.4183434247970581E-001, 3.5162054687500000E+004, 4.0000000000000000E+002, 0.0000000000000000E+000, 0.0000000000000000E+000, 0.0000000000000000E+000, 3.7218417358398438E+002, 1.3646464794874191E-002, 6.3371058786287904E-005, 7.9276915130321868E-006, 0.0000000000000000E+000, 0.0000000000000000E+000, 0.0000000000000000E+000, 0.0000000000000000E+000, 0.0000000000000000E+000, 3.1638196875000000E+005, 0.0000000000000000E+000,-2.1850656509399414E+001
1,0,22,32, 4.5000000000000000E+001, 3.7740386962890625E+002, 1.4404651708900928E-002, 1.0983525498886593E-005, 4.4542948671733029E-006, 0.0000000000000000E+000, 0.0000000000000000E+000, 0.0000000000000000E+000, 0.0000000000000000E+000, 0.0000000000000000E+000, 3.5524070000000000E+006, 0.0000000000000000E+000, 4.2224889993667603E-001, 7.3131203651428223E-001, 3.3447179687500000E+004, 4.0000000000000000E+002, 0.0000000000000000E+000, 0.0000000000000000E+000, 0.0000000000000000E+000, 3.7754125976562500E+002, 1.4363673515617847E-002, 5.1954732043668628E-005, 4.2795631998160388E-006, 0.0000000000000000E+000, 0.0000000000000000E+000, 0.0000000000000000E+000, 0.0000000000000000E+000, 0.0000000000000000E+000, 1.7079076562500000E+005, 0.0000000000000000E+000,-2.4625688552856445E+001
1,0,23,32, 4.5000000000000000E+001, 3.8283407592773438E+002, 1.5161024406552315E-002, 4.9277591642749030E-006, 2.3182369659480173E-006, 0.0000000000000000E+000, 0.0000000000000000E+000, 0.0000000000000000E+000, 0.0000000000000000E+000, 0.0000000000000000E+000, 3.7345427500000000E+006, 0.0000000000000000E+000, 4.0165558457374573E-001, 7.2093898057937622E-001, 3.1815941406250000E+004, 4.0000000000000000E+002, 0.0000000000000000E+000, 0.0000000000000000E+000, 0.0000000000000000E+000, 3.8297540283203125E+002, 1.5119430609047413E-002, 4.6519380703102797E-005, 2.2195313249540050E-006, 0.0000000000000000E+000, 0.0000000000000000E+000, 0.0000000000000000E+000, 0.0000000000000000E+000, 0.0000000000000000E+000, 8.8578078125000000E+004, 0.0000000000000000E+000,-2.7447443008422852E+001
1,0,24,32, 4.5000000000000000E+001, 3.8834237670898438E+002, 1.5958098694682121E-002, 2.0810646219615592E-006, 1.1582725392145221E-006, 0.0000000000000000E+000, 0.0000000000000000E+000, 0.0000000000000000E+000, 0.0000000000000000E+000, 0.0000000000000000E+000, 3.9260167500000000E+006, 0.0000000000000000E+000, 3.8206663727760315E-001, 7.1071308851242065E-001, 3.0264261718750000E+004, 4.0000000000000000E+002, 0.0000000000000000E+000, 0.0000000000000000E+000, 0.0000000000000000E+000, 3.8848776245117188E+002, 1.5915900468826294E-002, 4.4279222493059933E-005, 1.1054123660869664E-006, 0.0000000000000000E+000, 0.0000000000000000E+000, 0.0000000000000000E+000, 0.0000000000000000E+000, 0.0000000000000000E+000, 4.4115308593750000E+004, 0.0000000000000000E+000,-3.0190811157226562E+001
1,0,25,32, 4.5000000000000000E+001, 3.9392993164062500E+002, 1.6798175871372223E-002, 8.2727723338393844E-007, 5.5556824918312486E-007, 0.0000000000000000E+000, 0.0000000000000000E+000, 0.0000000000000000E+000, 0.0000000000000000E+000, 0.0000000000000000E+000, 4.1273082500000000E+006, 0.0000000000000000E+000, 3.6343300342559814E-001, 7.0063221454620361E-001, 2.8788255859375000E+004, 4.0000000000000000E+002, 0.0000000000000000E+000, 0.0000000000000000E+000, 0.0000000000000000E+000, 3.9407937622070312E+002, 1.6755381599068642E-002, 4.3622749217320234E-005, 5.2855813237329130E-007, 0.0000000000000000E+000, 0.0000000000000000E+000, 0.0000000000000000E+000, 0.0000000000000000E+000, 0.0000000000000000E+000, 2.1093941406250000E+004, 0.0000000000000000E+000,-3.2645107269287109E+001
1,0,26,32, 4.5000000000000000E+001, 3.9959790039062500E+002, 1.7683690413832664E-002, 3.0956030627748987E-007, 2.5582156126802147E-007, 0.0000000000000000E+000, 0.0000000000000000E+000, 0.0000000000000000E+000, 0.0000000000000000E+000, 0.0000000000000000E+000, 4.3389195000000000E+006, 0.0000000000000000E+000, 3.4570819139480591E-001, 6.9069433212280273E-001, 2.7384236328125000E+004, 4.0000000000000000E+002, 0.0000000000000000E+000, 0.0000000000000000E+000, 0.0000000000000000E+000, 3.9975143432617188E+002, 1.7640313133597374E-002, 4.3694180931197479E-005, 2.4261962039417995E-007, 0.0000000000000000E+000, 0.0000000000000000E+000, 0.0000000000000000E+000, 0.0000000000000000E+000, 0.0000000000000000E+000, 9.6825751953125000E+003, 0.0000000000000000E+000,-3.4560138702392578E+001
1,0,27,32, 4.5000000000000000E+001, 4.0534741210937500E+002, 1.8617233261466026E-002, 1.0903566050046720E-007, 1.1308667069442890E-007, 0.0000000000000000E+000, 0.0000000000000000E+000, 0.0000000000000000E+000, 0.0000000000000000E+000, 0.0000000000000000E+000, 4.5613810000000000E+006, 0.0000000000000000E+000, 3.2884776592254639E-001, 6.8089741468429565E-001, 2.6048689453125000E+004, 4.0000000000000000E+002, 0.0000000000000000E+000, 0.0000000000000000E+000, 0.0000000000000000E+000, 4.0550506591796875E+002, 1.8573282286524773E-002, 4.4076779886381701E-005, 1.0690783369682322E-007, 0.0000000000000000E+000, 0.0000000000000000E+000, 0.0000000000000000E+000, 0.0000000000000000E+000, 0.0000000000000000E+000, 4.2665273437500000E+003, 0.0000000000000000E+000,-3.5000000000000000E+001
1,0,28,32, 4.5000000000000000E+001, 4.1117965698242188E+002, 1.9601551815867424E-002, 3.6151028837139165E-008, 4.7990933893515830E-008, 0.0000000000000000E+000, 0.0000000000000000E+000, 0.0000000000000000E+000, 0.0000000000000000E+000, 0.0000000000000000E+000, 4.7952475000000000E+006, 0.0000000000000000E+000, 3.1280970573425293E-001, 6.7123943567276001E-001, 2.4778281250000000E+004, 4.0000000000000000E+002, 0.0000000000000000E+000, 0.0000000000000000E+000, 0.0000000000000000E+000, 4.1134152221679688E+002, 1.9557040184736252E-002, 4.4588337914319709E-005, 4.5220609479201812E-008, 0.0000000000000000E+000, 0.0000000000000000E+000, 0.0000000000000000E+000, 0.0000000000000000E+000, 0.0000000000000000E+000, 1.8046849365234375E+003, 0.0000000000000000E+000,-3.5000000000000000E+001
1,0,29,32, 4.5000000000000000E+001, 4.1709579467773438E+002, 2.0639576017856598E-002, 1.1282414114077710E-008, 1.9551524843564039E-008, 0.0000000000000000E+000, 0.0000000000000000E+000, 0.0000000000000000E+000, 0.0000000000000000E+000, 0.0000000000000000E+000, 5.0411050000000000E+006, 0.0000000000000000E+000, 2.9755380749702454E-001, 6.6171848773956299E-001, 2.3569832031250000E+004, 4.0000000000000000E+002, 0.0000000000000000E+000, 0.0000000000000000E+000, 0.0000000000000000E+000, 4.1726187133789062E+002, 2.0594513043761253E-002, 4.5169985241955146E-005, 1.8361317799531207E-008, 0.0000000000000000E+000, 0.0000000000000000E+000, 0.0000000000000000E+000, 0.0000000000000000E+000, 0.0000000000000000E+000, 7.3277191162109375E+002, 0.0000000000000000E+000,-3.5000000000000000E+001
1,0,30,32, 4.5000000000000000E+001, 4.2309707641601562E+002, 2.1734416484832764E-002, 3.3144464950396468E-009, 7.6467170373462068E-009, 0.0000000000000000E+000, 0.0000000000000000E+000, 0.0000000000000000E+000, 0.0000000000000000E+000, 0.0000000000000000E+000, 5.2995690000000000E+006, 0.0000000000000000E+000, 2.8304189443588257E-001, 6.5233254432678223E-001, 2.2420314453125000E+004, 4.0000000000000000E+002, 0.0000000000000000E+000, 0.0000000000000000E+000, 0.0000000000000000E+000, 4.2326736450195312E+002, 2.1688813343644142E-002, 4.5842636609449983E-005, 7.1566468307082687E-009, 0.0000000000000000E+000, 0.0000000000000000E+000, 0.0000000000000000E+000, 0.0000000000000000E+000, 0.0000000000000000E+000, 2.8561074829101562E+002, 0.0000000000000000E+000,-3.5000000000000000E+001
1,0,31,32, 4.5000000000000000E+001, 4.2918472290039062E+002, 2.2889383137226105E-002, 9.1653629130661329E-010, 2.8710704924606034E-009, 0.0000000000000000E+000, 0.0000000000000000E+000, 0.0000000000000000E+000, 0.0000000000000000E+000, 0.0000000000000000E+000, 5.5712835000000000E+006, 0.0000000000000000E+000, 2.6923778653144836E-001, 6.4307975769042969E-001, 2.1326863281250000E+004, 4.0000000000000000E+002, 0.0000000000000000E+000, 0.0000000000000000E+000, 0.0000000000000000E+000, 4.2935931396484375E+002, 2.2843249142169952E-002, 4.6673612814629450E-005, 2.6776485473334333E-009, 0.0000000000000000E+000, 0.0000000000000000E+000, 0.0000000000000000E+000, 0.0000000000000000E+000, 0.0000000000000000E+000, 1.0686083221435547E+002, 0.0000000000000000E+000,-3.5000000000000000E+001
1,0,32,32, 4.5000000000000000E+001, 4.3535992431640625E+002, 2.4108001962304115E-002, 2.3857096853596715E-010, 1.0348715218100324E-009, 0.0000000000000000E+000, 0.0000000000000000E+000, 0.0000000000000000E+000, 0.0000000000000000E+000, 0.0000000000000000E+000, 5.8569295000000000E+006, 0.0000000000000000E+000, 2.5610688328742981E-001, 6.3395822048187256E-001, 2.0286738281250000E+004, 4.0000000000000000E+002, 0.0000000000000000E+000, 0.0000000000000000E+000, 0.0000000000000000E+000, 4.3553884887695312E+002, 2.4061348289251328E-002, 4.5624889025930315E-005, 9.2429364162427419E-010, 0.0000000000000000E+000, 0.0000000000000000E+000, 0.0000000000000000E+000, 0.0000000000000000E+000, 0.0000000000000000E+000, 3.6887138366699219E+001, 0.0000000000000000E+000,-3.5000000000000000E+001
2,0,1,32, 4.5000000000000000E+001, 2.9249328613281250E+002, 1.1915182694792747E-002, 1.7868532449938357E-004, 2.6968680322170258E-004, 0.0000000000000000E+000, 0.0000000000000000E+000, 0.0000000000000000E+000, 0.0000000000000000E+000, 0.0000000000000000E+000, 1.2138028750000000E+006, 0.0000000000000000E+000, 1.1533998250961304E+000, 9.8716795444488525E-001, 9.5580367187500000E+004, 4.0000000000000000E+002, 0.0000000000000000E+000, 0.0000000000000000E+000, 0.0000000000000000E+000, 2.9264657592773438E+002, 1.1852840892970562E-002, 2.2956848260946572E-004, 2.8905324870720506E-004, 0.0000000000000000E+000, 0.0000000000000000E+000, 0.0000000000000000E+000, 0.0000000000000000E+000, 0.0000000000000000E+000, 1.1176052500000000E+006, 0.0000000000000000E+000, 7.9287714958190918E+000
2,0,2,32, 4.5000000000000000E+001, 2.9411227416992188E+002, 1.0619174689054489E-002, 2.8555517201311886E-004, 3.3074340899474919E-004, 0.0000000000000000E+000, 0.0000000000000000E+000, 0.0000000000000000E+000, 0.0000000000000000E+000, 0.0000000000000000E+000, 1.2648992500000000E+006, 0.0000000000000000E+000, 1.1068074703216553E+000, 9.7316581010818481E-001, 9.0918859375000000E+004, 4.0000000000000000E+002, 0.0000000000000000E+000, 0.0000000000000000E+000, 0.0000000000000000E+000, 2.9425967407226562E+002, 1.0560282506048679E-002, 3.1951392884366214E-004, 3.6494797677733004E-004, 0.0000000000000000E+000, 0.0000000000000000E+000, 0.0000000000000000E+000, 0.0000000000000000E+000, 0.0000000000000000E+000, 1.1465266250000000E+006, 0.0000000000000000E+000, 9.6727190017700195E+000
2,0,3,32, 4.5000000000000000E+001, 2.9571728515625000E+002, 9.4347894191741943E-003, 4.2955638491548598E-004, 3.8940040394663811E-004, 0.0000000000000000E+000, 0.0000000000000000E+000, 0.0000000000000000E+000, 0.0000000000000000E+000, 0.0000000000000000E+000, 1.3180443750000000E+006, 0.0000000000000000E+000, 1.0621796846389771E+000, 9.5936226844787598E-001, 8.6484695312500000E+004, 4.0000000000000000E+002, 0.0000000000000000E+000, 0.0000000000000000E+000, 0.0000000000000000E+000, 2.9585858154296875E+002, 9.3793356791138649E-003, 4.3677151552401483E-004, 4.4777520815841854E-004, 0.0000000000000000E+000, 0.0000000000000000E+000, 0.0000000000000000E+000, 0.0000000000000000E+000, 0.0000000000000000E+000, 1.1784588750000000E+006, 0.0000000000000000E+000, 1.1159444808959961E+001
2,0,4,32, 4.5000000000000000E+001, 2.9730758666992188E+002, 8.3556501194834709E-003, 6.0824578395113349E-004, 4.4012427679263055E-004, 0.0000000000000000E+000, 0.0000000000000000E+000, 0.0000000000000000E+000, 0.0000000000000000E+000, 0.0000000000000000E+000, 1.3733138750000000E+006, 0.0000000000000000E+000, 1.0194319486618042E+000, 9.4575452804565430E-001, 8.2266789062500000E+004, 4.0000000000000000E+002, 0.0000000000000000E+000, 0.0000000000000000E+000, 0.0000000000000000E+000, 2.9744253540039062E+002, 8.3036180585622787E-003, 5.7726912200450897E-004, 5.3298391867429018E-004, 0.0000000000000000E+000, 0.0000000000000000E+000, 0.0000000000000000E+000, 0.0000000000000000E+000, 0.0000000000000000E+000, 1.2155282500000000E+006, 0.0000000000000000E+000, 1.2367114067077637E+001
2,0,5,32, 4.5000000000000000E+001, 2.9888244628906250E+002, 7.3754959739744663E-003, 8.1071263412013650E-004, 4.7755998093634844E-004, 0.0000000000000000E+000, 0.0000000000000000E+000, 0.0000000000000000E+000, 0.0000000000000000E+000, 0.0000000000000000E+000, 1.4307862500000000E+006, 0.0000000000000000E+000, 9.7848296165466309E-001, 9.3233978748321533E-001, 7.8254585937500000E+004, 4.0000000000000000E+002, 0.0000000000000000E+000, 0.0000000000000000E+000, 0.0000000000000000E+000, 2.9901083374023438E+002, 7.3268613778054714E-003, 7.3227088432759047E-004, 6.1229220591485500E-004, 0.0000000000000000E+000, 0.0000000000000000E+000, 0.0000000000000000E+000, 0.0000000000000000E+000, 0.0000000000000000E+000, 1.2597797500000000E+006, 0.0000000000000000E+000, 1.3245492935180664E+001
2,0,6,32, 4.5000000000000000E+001, 3.0044107055664062E+002, 6.4880927093327045E-003, 1.0171468602493405E-003, 4.9745547585189342E-004, 0.0000000000000000E+000, 0.0000000000000000E+000, 0.0000000000000000E+000, 0.0000000000000000E+000, 0.0000000000000000E+000, 1.4905418750000000E+006, 0.0000000000000000E+000, 9.3925571441650391E-001, 9.1911536455154419E-001, 7.4438070312500000E+004, 4.0000000000000000E+002, 0.0000000000000000E+000, 0.0000000000000000E+000, 0.0000000000000000E+000, 3.0056265258789062E+002, 6.4428229816257954E-003, 8.8931689970195293E-004, 6.7196215968579054E-004, 0.0000000000000000E+000, 5.5145205806184094E-006, 5.8035689107782673E-006, 0.0000000000000000E+000, 2.1941576004028320E+000, 1.3125851250000000E+006, 5.2043005371093750E+002, 2.9332576751708984E+001
2,0,7,32, 4.5000000000000000E+001, 3.0198266601562500E+002, 5.6873224675655365E-003, 1.2012384831905365E-003, 4.9745547585189342E-004, 0.0000000000000000E+000, 0.0000000000000000E+000, 0.0000000000000000E+000, 0.0000000000000000E+000, 0.0000000000000000E+000, 1.5526635000000000E+006, 0.0000000000000000E+000, 9.0167635679244995E-001, 9.0607851743698120E-001, 7.0807687500000000E+004, 4.0000000000000000E+002, 0.0000000000000000E+000, 0.0000000000000000E+000, 0.0000000000000000E+000, 3.0209411621093750E+002, 5.6453752331435680E-003, 1.0312866652384400E-003, 6.5193878253921866E-004, 0.0000000000000000E+000, 1.4456544886343181E-004, 1.5608771354891360E-004, 0.0000000000000000E+000, 5.7520748138427734E+001, 1.3531573750000000E+006, 2.6076039062500000E+004, 4.6813404083251953E+001
2,0,8,32, 4.5000000000000000E+001, 3.0350643920898438E+002, 5.2853329107165337E-003, 1.3353764079511166E-003, 4.7755998093634844E-004, 2.3846009571570903E-004, 6.6858390346169472E-004, 2.8653600020334125E-004, 9.2413570312500000E+004, 2.3103392187500000E+005, 1.6172375000000000E+006, 9.2413570312500000E+004, 8.6567372083663940E-001, 8.9322650432586670E-001, 6.7354351562500000E+004, 4.0000000000000000E+002, 0.0000000000000000E+000, 0.0000000000000000E+000, 0.0000000000000000E+000, 3.0430160522460938E+002, 5.1589482463896275E-003, 5.3778797155246139E-004, 2.1182515774853528E-004, 2.1241867216303945E-004, 1.0178026277571917E-003, 1.1232430115342140E-003, 7.0708757812500000E+004, 4.0497070312500000E+002, 1.0356468125000000E+006, 3.4037656250000000E+005, 4.5727718353271484E+001
2,0,9,32, 4.5000000000000000E+001, 3.0501150512695312E+002, 4.5987567864358425E-003, 1.3973559252917767E-003, 4.4012427679263055E-004, 2.4952786043286324E-004, 6.1617390019819140E-004, 2.6407456607557833E-004, 9.6248632812500000E+004, 2.4062157812500000E+005, 1.6843511250000000E+006, 9.6248632812500000E+004, 8.3118063211441040E-001, 8.8055688142776489E-001, 6.4069441406250000E+004, 4.0000000000000000E+002, 0.0000000000000000E+000, 0.0000000000000000E+000, 0.0000000000000000E+000, 3.0577319335937500E+002, 4.4797514565289021E-003, 5.8602658100426197E-004, 2.4500026484020054E-004, 2.3204192984849215E-004, 9.4956404063850641E-004, 1.0306676849722862E-003, 2.9585515625000000E+005, 3.7781942749023438E+002, 1.1278350000000000E+006, 3.5273525000000000E+005, 4.5254261016845703E+001
2,0,10,32, 4.5000000000000000E+001, 3.0649710083007812E+002, 3.9858142845332623E-003, 1.3763828901574016E-003, 3.8940040394663811E-004, 2.4578269221819937E-004, 5.4516055388376117E-004, 2.3364025400951505E-004, 1.0023404687500000E+005, 2.5058510937500000E+005, 1.7540957500000000E+006, 1.0023404687500000E+005, 7.9813200235366821E-001, 8.6806690692901611E-001, 6.0944734375000000E+004, 4.0000000000000000E+002, 0.0000000000000000E+000, 0.0000000000000000E+000, 0.0000000000000000E+000, 3.0720864868164062E+002, 3.8704902399331331E-003, 6.3224759651347995E-004, 2.5532560539431870E-004, 2.3273983970284462E-004, 8.4839644841849804E-004, 8.8222342310473323E-004, 1.4789773437500000E+005, 6.2292187500000000E+002, 1.2378242500000000E+006, 3.6510787500000000E+005, 4.1936000823974609E+001
2,0,11,32, 4.5000000000000000E+001, 3.0796231079101562E+002, 3.4406790509819984E-003, 1.2761460384353995E-003, 3.3074340899474919E-004, 2.2788322530686855E-004, 4.6304074930958450E-004, 1.9844605412799865E-004, 1.0437511718750000E+005, 2.6093779687500000E+005, 1.8265646250000000E+006, 1.0437511718750000E+005, 7.6646620035171509E-001, 8.5575407743453979E-001, 5.7972425781250000E+004, 4.0000000000000000E+002, 0.0000000000000000E+000, 0.0000000000000000E+000, 0.0000000000000000E+000, 3.0861102294921875E+002, 3.3278260380029678E-003, 6.5372459357604384E-004, 2.4262146325781941E-004, 2.1773971093352884E-004, 7.2209385689347982E-004, 7.0596369914710522E-004, 8.2930882812500000E+004, 1.9556406250000000E+003, 1.3618640000000000E+006, 3.7752928125000000E+005, 3.5411834716796875E+001
2,0,12,32, 4.5000000000000000E+001, 3.0940618896484375E+002, 2.9577554669231176E-003, 1.1137567926198244E-003, 2.6968680322170258E-004, 1.9888515817001462E-004, 3.7756148958578706E-004, 1.6181208775378764E-004, 1.0867731250000000E+005, 2.7169328125000000E+005, 1.9018528750000000E+006, 1.0867731250000000E+005, 7.3612421751022339E-001, 8.4361594915390015E-001, 5.5145078125000000E+004, 4.0000000000000000E+002, 0.0000000000000000E+000, 0.0000000000000000E+000, 0.0000000000000000E+000, 3.0998556518554688E+002, 2.8480989858508110E-003, 6.3388579292222857E-004, 2.1303139510564506E-004, 1.9294385856483132E-004, 5.7701522018760443E-004, 5.3199502872303128E-004, 8.8791171875000000E+004, 7.7206562500000000E+003, 1.4957786250000000E+006, 3.8364587500000000E+005, 2.7391099929809570E+001
2,0,13,32, 4.5000000000000000E+001, 3.1082788085937500E+002, 2.5317014660686255E-003, 9.1497495304793119E-004, 2.1110662783030421E-004, 1.6338839486707002E-004, 2.9554925276897848E-004, 1.2666397378779948E-004, 1.1314631250000000E+005, 2.8286578125000000E+005, 1.9800603750000000E+006, 1.1314631250000000E+005, 7.0704913139343262E-001, 8.3164995908737183E-001, 5.2455621093750000E+004, 4.0000000000000000E+002, 0.0000000000000000E+000, 0.0000000000000000E+000, 0.0000000000000000E+000, 3.1133544921875000E+002, 2.4266210384666920E-003, 5.7822081726044416E-004, 1.7499967361800373E-004, 1.5382468700408936E-004, 4.9160345224663615E-004, 3.7645327392965555E-004, 9.5220031250000000E+004, 1.1136298437500000E+005, 1.6354370000000000E+006, 2.9443306250000000E+005, 1.5151232719421387E+001
2,0,14,32, 4.5000000000000000E+001, 3.1222640991210938E+002, 2.1574057172983885E-003, 7.0754962507635355E-004, 1.5864183660596609E-004, 1.2634815357159823E-004, 2.2209854796528816E-004, 9.5185103418771178E-005, 1.1778788281250000E+005, 2.9446971875000000E+005, 2.0612880000000000E+006, 1.1778788281250000E+005, 6.7918699979782104E-001, 8.1985372304916382E-001, 4.9897328125000000E+004, 4.0000000000000000E+002, 0.0000000000000000E+000, 0.0000000000000000E+000, 0.0000000000000000E+000, 3.1266946411132812E+002, 2.0592925138771534E-003, 4.7748774522915483E-004, 1.3585966371465474E-004, 1.2322128168307245E-004, 3.8681435398757458E-004, 2.5349421775899827E-004, 1.0218551562500000E+005, 1.9646634375000000E+005, 1.7771031250000000E+006, 2.2504300000000000E+005, 1.0996772766113281E+001
2,0,15,32, 4.5000000000000000E+001, 3.1360089111328125E+002, 1.8300249939784408E-003, 5.1503122085705400E-004, 1.1444774281699210E-004, 9.1969865025021136E-005, 1.6022681666072458E-004, 6.8668647145386785E-005, 1.2260797656250000E+005, 3.0651993750000000E+005, 2.1456395000000000E+006, 1.2260797656250000E+005, 6.5248608589172363E-001, 8.0822473764419556E-001, 4.7463804687500000E+004, 4.0000000000000000E+002, 0.0000000000000000E+000, 0.0000000000000000E+000, 0.0000000000000000E+000, 3.1398587036132812E+002, 1.7402502708137035E-003, 3.6408277810551226E-004, 1.0031693091150373E-004, 9.3409376859199256E-005, 2.9719987651333213E-004, 1.6114860773086548E-004, 1.1005799218750000E+005, 2.5779275000000000E+005, 1.9176636250000000E+006, 1.7888365625000000E+005, 7.5231180191040039E+000
2,0,16,32, 4.5000000000000000E+001, 3.1495022583007812E+002, 1.5449896454811096E-003, 3.5288973595015705E-004, 7.9263016232289374E-005, 6.3016028434503824E-005, 1.1096820526290685E-004, 4.7557809011777863E-005, 1.2761269531250000E+005, 3.1903175000000000E+005, 2.2332222500000000E+006, 1.2761269531250000E+005, 6.2689685821533203E-001, 7.9676079750061035E-001, 4.5148972656250000E+004, 4.0000000000000000E+002, 0.0000000000000000E+000, 0.0000000000000000E+000, 0.0000000000000000E+000, 3.1528393554687500E+002, 1.4642922906205058E-003, 2.5694828946143389E-004, 7.0590023824479431E-005, 6.7353088525123894E-005, 2.4547224165871739E-004, 7.9844918218441308E-005, 1.2017631250000000E+005, 3.2726534375000000E+005, 2.0519391250000000E+006, 1.2830718750000000E+005, 4.1515340805053711E+000
2,0,17,32, 4.5000000000000000E+001, 3.1627349853515625E+002, 1.2979952152818441E-003, 2.2760058345738798E-004, 5.2699611842399463E-005, 4.0642964449943975E-005, 7.3779454396571964E-005, 3.1619769288226962E-005, 1.3280834375000000E+005, 3.3202084375000000E+005, 2.3241460000000000E+006, 1.3280834375000000E+005, 6.0237181186676025E-001, 7.8545939922332764E-001, 4.2947027343750000E+004, 4.0000000000000000E+002, 0.0000000000000000E+000, 0.0000000000000000E+000, 0.0000000000000000E+000, 3.1656231689453125E+002, 1.2265689438208938E-003, 1.6873804270289838E-004, 4.6327641030075029E-005, 4.6581266360590234E-005, 1.7056544311344624E-004, 5.6256405514432117E-005, 1.3683150000000000E+005, 3.3840503125000000E+005, 1.8488648750000000E+006, 1.3596618750000000E+005, 6.8024492263793945E-001
2,0,18,32, 4.5000000000000000E+001, 3.1756964111328125E+002, 1.0850211838260293E-003, 1.3817727449350059E-004, 3.3637057640589774E-005, 2.4674514861544594E-005, 4.7091874876059592E-005, 2.0182233129162341E-005, 1.3820125000000000E+005, 3.4550312500000000E+005, 2.4185220000000000E+006, 1.3820125000000000E+005, 5.7886594533920288E-001, 7.7431833744049072E-001, 4.0852476562500000E+004, 4.0000000000000000E+002, 0.0000000000000000E+000, 0.0000000000000000E+000, 0.0000000000000000E+000, 3.1781976318359375E+002, 1.0226801969110966E-003, 1.0418399324407801E-004, 2.4617460439912975E-005, 3.1258572562364861E-005, 1.1733018618542701E-004, 4.2933505028486252E-005, 1.7262446875000000E+005, 3.4992375000000000E+005, 9.8244493750000000E+005, 1.4954065625000000E+005,-2.7191305160522461E+000
2,0,19,32, 4.5000000000000000E+001, 3.1883761596679688E+002, 9.0232351794838905E-004, 7.8963952546473593E-005, 2.0611158106476068E-005, 1.4100706721364986E-005, 2.8855620257672854E-005, 1.2366695045784581E-005, 1.4379809375000000E+005, 3.5949521875000000E+005, 2.5164665000000000E+006, 1.4379809375000000E+005, 5.5633562803268433E-001, 7.6333528757095337E-001, 3.8860078125000000E+004, 4.0000000000000000E+002, 0.0000000000000000E+000, 0.0000000000000000E+000, 0.0000000000000000E+000, 3.1905603027343750E+002, 8.4867642726749182E-004, 6.1695187469013035E-005, 2.8706399461952969E-006, 2.0605131794582121E-005, 7.9211356933228672E-005, 3.9375481719616801E-005, 2.6207404687500000E+005, 3.6206440625000000E+005, 1.1456282812500000E+005, 1.7916012500000000E+005,-6.0413217544555664E+000
2,0,20,32, 4.5000000000000000E+001, 3.2007632446289062E+002, 7.4642559047788382E-004, 4.2476593080209568E-005, 1.2124404747737572E-005, 7.5851066867471673E-006, 1.6974165191641077E-005, 7.2746429395920131E-006, 1.4960550000000000E+005, 3.7401378125000000E+005, 2.6180965000000000E+006, 1.4960550000000000E+005, 5.3473967313766479E-001, 7.5250798463821411E-001, 3.6964851562500000E+004, 4.0000000000000000E+002, 0.0000000000000000E+000, 0.0000000000000000E+000, 0.0000000000000000E+000, 3.2026126098632812E+002, 7.0044281892478466E-004, 3.6850437027169392E-005, 0.0000000000000000E+000, 1.3454469808493741E-005, 5.2037787099834532E-005, 2.6889720174949616E-005, 4.9378318750000000E+005, 3.7511334375000000E+005, 0.0000000000000000E+000, 2.5642148437500000E+005,-1.0388648033142090E+001
2,0,21,32, 4.5000000000000000E+001, 3.2128466796875000E+002, 6.1412755167111754E-004, 2.1507985366042703E-005, 6.8468716563074850E-006, 3.8407119973271620E-006, 9.5856194093357772E-006, 4.1081229937844910E-006, 1.5563043750000000E+005, 3.8907609375000000E+005, 2.7235327500000000E+006, 1.5563043750000000E+005, 5.1403826475143433E-001, 7.4183434247970581E-001, 3.5162054687500000E+004, 4.0000000000000000E+002, 0.0000000000000000E+000, 0.0000000000000000E+000, 0.0000000000000000E+000, 3.2143957519531250E+002, 5.7509780162945390E-004, 2.3602824512636289E-005, 0.0000000000000000E+000, 8.6945692601148039E-006, 3.4104807127732784E-005, 1.6729802155168727E-005, 5.8361412500000000E+005, 3.8919275000000000E+005, 0.0000000000000000E+000, 4.2065993750000000E+005,-1.4939206123352051E+001
2,0,22,32, 4.5000000000000000E+001, 3.2246154785156250E+002, 5.0248712068423629E-004, 1.0251290404994506E-005, 3.7119125408935361E-006, 1.8305877347302157E-006, 5.1966771934530698E-006, 2.2271474335866515E-006, 1.6187993750000000E+005, 4.0469984375000000E+005, 2.8328990000000000E+006, 1.6187993750000000E+005, 4.9419340491294861E-001, 7.3131203651428223E-001, 3.3447179687500000E+004, 4.0000000000000000E+002, 0.0000000000000000E+000, 0.0000000000000000E+000, 0.0000000000000000E+000, 3.2259066772460938E+002, 4.6970759285613894E-004, 1.6845526261022314E-005, 0.0000000000000000E+000, 5.7904526329366490E-006, 2.2203937987796962E-005, 9.9848111858591437E-006, 6.0704981250000000E+005, 4.0432637500000000E+005, 0.0000000000000000E+000, 3.0223531250000000E+005,-1.8815979003906250E+001
2,0,23,32, 4.5000000000000000E+001, 3.2360574340820312E+002, 4.0881481254473329E-004, 4.5992414925422054E-006, 1.9318640624987893E-006, 8.2129321299362346E-007, 2.7046094146498945E-006, 1.1591184829740087E-006, 1.6836114062500000E+005, 4.2090284375000000E+005, 2.9463200000000000E+006, 1.6836114062500000E+005, 4.7516903281211853E-001, 7.2093898057937622E-001, 3.1815941406250000E+004, 4.0000000000000000E+002, 0.0000000000000000E+000, 0.0000000000000000E+000, 0.0000000000000000E+000, 3.2371258544921875E+002, 3.8154720095917583E-004, 1.4010418453835882E-005, 0.0000000000000000E+000, 4.1566995605535340E-006, 1.4353279766510241E-005, 5.2515269999275915E-006, 6.3135418750000000E+005, 4.2035825000000000E+005, 0.0000000000000000E+000, 1.8624785937500000E+005,-2.2787166595458984E+001
2,0,24,32, 4.5000000000000000E+001, 3.2471612548828125E+002, 3.3066907781176269E-004, 1.9423268895479850E-006, 9.6522717285552062E-007, 3.4684410366025986E-007, 1.3513179055735236E-006, 5.7913626960726106E-007, 1.7508137500000000E+005, 4.3770343750000000E+005, 3.0639242500000000E+006, 1.7508137500000000E+005, 4.5693036913871765E-001, 7.1071308851242065E-001, 3.0264261718750000E+004, 4.0000000000000000E+002, 0.0000000000000000E+000, 0.0000000000000000E+000, 0.0000000000000000E+000, 3.2480993652343750E+002, 3.0819533276371658E-004, 0.0000000000000000E+000, 0.0000000000000000E+000, 1.5632504073437303E-005, 9.1932024588459171E-006, 2.4376552119065309E-006, 6.5655518750000000E+005, 4.3710981250000000E+005, 0.0000000000000000E+000, 9.2902296875000000E+004,-2.6772907257080078E+001
2,0,25,32, 4.5000000000000000E+001, 3.2579147338867188E+002, 2.6583918952383101E-004, 7.7212541782500921E-007, 4.6297353151203424E-007, 1.3787955310817779E-007, 6.4816288158908719E-007, 2.7778412459156243E-007, 1.8204817187500000E+005, 4.5512043750000000E+005, 3.1858430000000000E+006, 1.8204817187500000E+005, 4.3944412469863892E-001, 7.0063221454620361E-001, 2.8788255859375000E+004, 4.0000000000000000E+002, 0.0000000000000000E+000, 0.0000000000000000E+000, 0.0000000000000000E+000, 3.2586874389648438E+002, 2.4749469594098628E-004, 0.0000000000000000E+000, 0.0000000000000000E+000, 1.3518019841285422E-005, 5.8181285567115992E-006, 1.0892827049246989E-006, 6.8268062500000000E+005, 4.5449309375000000E+005, 0.0000000000000000E+000, 4.4487492187500000E+004,-3.0669488906860352E+001
2,0,26,32, 4.5000000000000000E+001, 3.2683053588867188E+002, 2.1235946041997522E-004, 2.8892296199956036E-007, 2.1318463439001789E-007, 5.1593389116533217E-008, 2.9845847393517033E-007, 1.2791078063401073E-007, 1.8926912500000000E+005, 4.7317281250000000E+005, 3.3122097500000000E+006, 1.8926912500000000E+005, 4.2267856001853943E-001, 6.9069433212280273E-001, 2.7384236328125000E+004, 4.0000000000000000E+002, 0.0000000000000000E+000, 0.0000000000000000E+000, 0.0000000000000000E+000, 3.2689389038085938E+002, 1.9750671344809234E-004, 0.0000000000000000E+000, 0.0000000000000000E+000, 1.1611615263973363E-005, 3.6235662719263928E-006, 4.6902886197131011E-007, 7.0975925000000000E+005, 4.7083131250000000E+005, 0.0000000000000000E+000, 2.0451335937500000E+004,-3.4222126007080078E+001
2,0,27,32, 4.5000000000000000E+001, 3.2783206176757812E+002, 1.6844569472596049E-004, 1.0176660936167536E-007, 9.4238892245357420E-008, 1.8172610083411200E-008, 1.3193444203807303E-007, 5.6543335347214452E-008, 1.9675198437500000E+005, 4.9187993750000000E+005, 3.4431597500000000E+006, 1.9675198437500000E+005, 4.0660327672958374E-001, 6.8089741468429565E-001, 2.6048689453125000E+004, 4.0000000000000000E+002, 0.0000000000000000E+000, 0.0000000000000000E+000, 0.0000000000000000E+000, 3.2788357543945312E+002, 1.5654001617804170E-004, 0.0000000000000000E+000, 0.0000000000000000E+000, 1.0025372830568813E-005, 2.0065567696292419E-006, 1.9472722101454565E-007, 7.3781993750000000E+005, 4.1354987500000000E+005, 0.0000000000000000E+000, 9.0256064453125000E+003,-3.5000000000000000E+001
2,0,28,32, 4.5000000000000000E+001, 3.2879473876953125E+002, 1.3257891987450421E-004, 3.3740960247996554E-008, 3.9992443134906352E-008, 6.0251714728565275E-009, 5.5989417546697950E-008, 2.3995466946757915E-008, 2.0450456250000000E+005, 5.1126140625000000E+005, 3.5788300000000000E+006, 2.0450456250000000E+005, 3.9118930697441101E-001, 6.7123943567276001E-001, 2.4778281250000000E+004, 4.0000000000000000E+002, 0.0000000000000000E+000, 0.0000000000000000E+000, 0.0000000000000000E+000, 3.2883630371093750E+002, 1.2312016042415053E-004, 0.0000000000000000E+000, 0.0000000000000000E+000, 8.8125580077758059E-006, 6.9964380600140430E-007, 7.7994968705752399E-008, 7.6689212500000000E+005, 1.7543917187500000E+005, 0.0000000000000000E+000, 3.8238247070312500E+003,-3.5000000000000000E+001
2,0,29,32, 4.5000000000000000E+001, 3.2971722412109375E+002, 1.0341395682189614E-004, 1.0530253113927301E-008, 1.6292938553874592E-008, 1.8804025003760216E-009, 2.2810111133253486E-008, 9.7757624217820194E-009, 2.1253492187500000E+005, 5.3133731250000000E+005, 3.7193612500000000E+006, 2.1253492187500000E+005, 3.7640872597694397E-001, 6.6171848773956299E-001, 2.3569832031250000E+004, 4.0000000000000000E+002, 0.0000000000000000E+000, 0.0000000000000000E+000, 0.0000000000000000E+000, 3.2975036621093750E+002, 9.5990195404738188E-005, 0.0000000000000000E+000, 0.0000000000000000E+000, 7.2148095568991266E-006, 2.3198221299480792E-007, 3.0147738527830370E-008, 7.9700587500000000E+005, 7.1453000000000000E+004, 0.0000000000000000E+000, 1.5551921386718750E+003,-3.5000000000000000E+001
2,0,30,32, 4.5000000000000000E+001, 3.3059826660156250E+002, 7.9804907727520913E-005, 3.0934832473406004E-009, 6.3722640497587690E-009, 5.5240778618070863E-010, 8.9211686926660150E-009, 3.8233585186731034E-009, 2.2085121875000000E+005, 5.5212806250000000E+005, 3.8648965000000000E+006, 2.2085121875000000E+005, 3.6223480105400085E-001, 6.5233254432678223E-001, 2.2420314453125000E+004, 4.0000000000000000E+002, 0.0000000000000000E+000, 0.0000000000000000E+000, 0.0000000000000000E+000, 3.3062438964843750E+002, 7.4043928179889917E-005, 0.0000000000000000E+000, 0.0000000000000000E+000, 5.6987009884323925E-006, 7.3080379081602587E-008, 1.1246655162722163E-008, 8.2819212500000000E+005, 2.7938734375000000E+004, 0.0000000000000000E+000, 6.0720043945312500E+002,-3.5000000000000000E+001
2,0,31,32, 4.5000000000000000E+001, 3.3143634033203125E+002, 6.0820839280495420E-005, 8.5543383487873825E-010, 2.3925588177320378E-009, 1.5275605780296075E-010, 3.3495819451445641E-009, 1.4355352462303017E-009, 2.2946151562500000E+005, 5.7365375000000000E+005, 4.0155765000000000E+006, 2.2946151562500000E+005, 3.4864234924316406E-001, 6.4307975769042969E-001, 2.1326863281250000E+004, 4.0000000000000000E+002, 0.0000000000000000E+000, 0.0000000000000000E+000, 0.0000000000000000E+000, 3.3145669555664062E+002, 5.6408011005260050E-005, 0.0000000000000000E+000, 0.0000000000000000E+000, 4.3948216443823185E-006, 2.1867643695827610E-008, 4.0475844897969182E-009, 8.6048068750000000E+005, 1.0487719726562500E+004, 0.0000000000000000E+000, 2.2754869079589844E+002,-3.5000000000000000E+001
2,0,32,32, 4.5000000000000000E+001, 3.3223010253906250E+002, 4.5728902478003874E-005, 2.2266621879651893E-010, 8.6239299035284489E-010, 3.9761829245810176E-011, 1.2073501087783711E-009, 5.1743576090501620E-010, 2.3837420312500000E+005, 5.9593550000000000E+005, 4.1715485000000000E+006, 2.3837420312500000E+005, 3.3560678362846375E-001, 6.3395822048187256E-001, 2.0286738281250000E+004, 4.0000000000000000E+002, 0.0000000000000000E+000, 0.0000000000000000E+000, 0.0000000000000000E+000, 3.3224575805664062E+002, 4.2389347072457895E-005, 0.0000000000000000E+000, 0.0000000000000000E+000, 3.3190922295034397E-006, 6.1605467394088009E-009, 1.3456373793019338E-009, 8.9390337500000000E+005, 3.7488435058593750E+003, 0.0000000000000000E+000, 7.9873489379882812E+001,-3.5000000000000000E+001
3,0,1,32, 4.5000000000000000E+001, 2.6581088256835938E+002, 1.9025768851861358E-003, 0.0000000000000000E+000, 0.0000000000000000E+000, 7.6579432061407715E-005, 5.9331092052161694E-004, 2.1574943093582988E-004, 7.8791070312500000E+004, 1.9697767187500000E+005, 0.0000000000000000E+000, 7.0911960937500000E+004, 1.2691793441772461E+000, 9.8716795444488525E-001, 9.5580367187500000E+004, 4.0000000000000000E+002, 0.0000000000000000E+000, 0.0000000000000000E+000, 0.0000000000000000E+000, 2.6629995727539062E+002, 1.7328348476439714E-003, 0.0000000000000000E+000, 0.0000000000000000E+000, 7.8148310421966016E-005, 7.4313982622697949E-004, 2.5245427968911827E-004, 7.1820476562500000E+004, 1.9708284375000000E+005, 0.0000000000000000E+000, 7.1119539062500000E+004, 1.9010957717895508E+001
3,0,2,32, 4.5000000000000000E+001, 2.6840237426757812E+002, 1.8170360708609223E-003, 0.0000000000000000E+000, 0.0000000000000000E+000, 1.2238079216331244E-004, 7.2763545904308558E-004, 2.6459470973350108E-004, 8.2451984375000000E+004, 2.0612996875000000E+005, 0.0000000000000000E+000, 7.4206789062500000E+004, 1.2128270864486694E+000, 9.7316581010818481E-001, 9.0918859375000000E+004, 4.0000000000000000E+002, 0.0000000000000000E+000, 0.0000000000000000E+000, 0.0000000000000000E+000, 2.6897274780273438E+002, 1.6220782417804003E-003, 0.0000000000000000E+000, 0.0000000000000000E+000, 1.2202333164168522E-004, 9.0084399562329054E-004, 3.0539763974957168E-004, 7.4309054687500000E+004, 2.0581954687500000E+005, 0.0000000000000000E+000, 7.4408109375000000E+004, 2.0290199279785156E+001
3,0,3,32, 4.5000000000000000E+001, 2.7101336669921875E+002, 1.7336206510663033E-003, 0.0000000000000000E+000, 0.0000000000000000E+000, 1.8409561016596854E-004, 8.5668085375800729E-004, 3.1152029987424612E-004, 8.6281156250000000E+004, 2.1570289062500000E+005, 0.0000000000000000E+000, 7.7653039062500000E+004, 1.1590015888214111E+000, 9.5936226844787598E-001, 8.6484695312500000E+004, 4.0000000000000000E+002, 0.0000000000000000E+000, 0.0000000000000000E+000, 0.0000000000000000E+000, 2.7166354370117188E+002, 1.5147794038057327E-003, 0.0000000000000000E+000, 0.0000000000000000E+000, 1.8054316751658916E-004, 1.0524118551984429E-003, 3.5540323005989194E-004, 7.7060562500000000E+004, 2.1487775000000000E+005, 0.0000000000000000E+000, 7.7844187500000000E+004, 2.1246044158935547E+001
3,0,4,32, 4.5000000000000000E+001, 2.7364392089843750E+002, 1.6523753292858601E-003, 0.0000000000000000E+000, 0.0000000000000000E+000, 2.6067678118124604E-004, 9.6827332163229585E-004, 3.5209939233027399E-004, 9.0286250000000000E+004, 2.2571560937500000E+005, 0.0000000000000000E+000, 8.1257625000000000E+004, 1.1075884103775024E+000, 9.4575452804565430E-001, 8.2266789062500000E+004, 4.0000000000000000E+002, 0.0000000000000000E+000, 0.0000000000000000E+000, 0.0000000000000000E+000, 2.7436840820312500E+002, 1.4122365973889828E-003, 0.0000000000000000E+000, 0.0000000000000000E+000, 2.5249304599128664E-004, 1.1845080880448222E-003, 3.9780436782166362E-004, 8.0108265625000000E+004, 2.2436171875000000E+005, 0.0000000000000000E+000, 8.1434460937500000E+004, 2.1874677658081055E+001
3,0,5,32, 4.5000000000000000E+001, 2.7629412841796875E+002, 1.5733381733298302E-003, 0.0000000000000000E+000, 0.0000000000000000E+000, 3.4744828008115292E-004, 1.0506318649277091E-003, 3.8204796146601439E-004, 9.4475234375000000E+004, 2.3618807812500000E+005, 0.0000000000000000E+000, 8.5027710937500000E+004, 1.0584784746170044E+000, 9.3233978748321533E-001, 7.8254585937500000E+004, 4.0000000000000000E+002, 0.0000000000000000E+000, 0.0000000000000000E+000, 0.0000000000000000E+000, 2.7708349609375000E+002, 1.3156784698367119E-003, 0.0000000000000000E+000, 0.0000000000000000E+000, 3.3341342350468040E-004, 1.2839974369853735E-003, 4.2823236435651779E-004, 8.3487023437500000E+004, 2.3438065625000000E+005, 0.0000000000000000E+000, 8.5185937500000000E+004, 2.2172670364379883E+001
3,0,6,32, 4.5000000000000000E+001, 2.7896389770507812E+002, 1.4965309528633952E-003, 0.0000000000000000E+000, 0.0000000000000000E+000, 4.3592014117166400E-004, 1.0944020468741655E-003, 3.9796438068151474E-004, 9.8856398437500000E+004, 2.4714100000000000E+005, 0.0000000000000000E+000, 8.8970757812500000E+004, 1.0115683078765869E+000, 9.1911536455154419E-001, 7.4438070312500000E+004, 4.0000000000000000E+002, 0.0000000000000000E+000, 0.0000000000000000E+000, 0.0000000000000000E+000, 2.7980508422851562E+002, 1.2261383235454559E-003, 0.0000000000000000E+000, 0.0000000000000000E+000, 4.1553680785000324E-004, 1.3400580501183867E-003, 4.4336981954984367E-004, 8.7230679687500000E+004, 2.4503625000000000E+005, 0.0000000000000000E+000, 8.9106007812500000E+004, 2.2137132644653320E+001
3,0,7,32, 4.5000000000000000E+001, 2.8165328979492188E+002, 1.4219834702089429E-003, 0.0000000000000000E+000, 0.0000000000000000E+000, 5.1481655100360513E-004, 1.0944020468741655E-003, 3.9796438068151474E-004, 1.0343848437500000E+005, 2.5859620312500000E+005, 0.0000000000000000E+000, 9.3094632812500000E+004, 9.6675819158554077E-001, 9.0607851743698120E-001, 7.0807687500000000E+004, 4.0000000000000000E+002, 0.0000000000000000E+000, 0.0000000000000000E+000, 0.0000000000000000E+000, 2.8253027343750000E+002, 1.1443794937804341E-003, 0.0000000000000000E+000, 0.0000000000000000E+000, 4.8872677143663168E-004, 1.3461767230182886E-003, 4.4155903742648661E-004, 9.1367195312500000E+004, 2.5641284375000000E+005, 0.0000000000000000E+000, 9.3202585937500000E+004, 2.1766143798828125E+001
3,0,8,32, 4.5000000000000000E+001, 2.8436236572265625E+002, 1.3497137697413564E-003, 0.0000000000000000E+000, 0.0000000000000000E+000, 5.7230424135923386E-004, 1.0506318649277091E-003, 3.8204796146601439E-004, 1.0823057031250000E+005, 2.7057643750000000E+005, 0.0000000000000000E+000, 9.7407515625000000E+004, 9.2395335435867310E-001, 8.9322650432586670E-001, 6.7354351562500000E+004, 4.0000000000000000E+002, 0.0000000000000000E+000, 0.0000000000000000E+000, 0.0000000000000000E+000, 2.8525708007812500E+002, 1.0708002373576164E-003, 0.0000000000000000E+000, 0.0000000000000000E+000, 5.4238375741988420E-004, 1.3015299336984754E-003, 4.2311023571528494E-004, 9.5913585937500000E+004, 2.6856993750000000E+005, 0.0000000000000000E+000, 9.7484015625000000E+004, 2.1059448242187500E+001
3,0,9,32, 4.5000000000000000E+001, 2.8709106445312500E+002, 1.2797366362065077E-003, 0.0000000000000000E+000, 0.0000000000000000E+000, 5.9886689996346831E-004, 9.6827332163229585E-004, 3.5209939233027399E-004, 1.1324213281250000E+005, 2.8310534375000000E+005, 0.0000000000000000E+000, 1.0191792187500000E+005, 8.8306355476379395E-001, 8.8055688142776489E-001, 6.4069441406250000E+004, 4.0000000000000000E+002, 0.0000000000000000E+000, 0.0000000000000000E+000, 0.0000000000000000E+000, 2.8798468017578125E+002, 1.0054083541035652E-003, 0.0000000000000000E+000, 0.0000000000000000E+000, 5.6788604706525803E-004, 1.2113084085285664E-003, 3.9022837881930172E-004, 1.0087320312500000E+005, 2.8153806250000000E+005, 0.0000000000000000E+000, 1.0195910156250000E+005, 2.0019256591796875E+001
3,0,10,32, 4.5000000000000000E+001, 2.8983941650390625E+002, 1.2120610335841775E-003, 0.0000000000000000E+000, 0.0000000000000000E+000, 5.8987847296521068E-004, 8.5668085375800729E-004, 3.1152029987424612E-004, 1.1848308593750000E+005, 2.9620771875000000E+005, 0.0000000000000000E+000, 1.0663478125000000E+005, 8.4400230646133423E-001, 8.6806690692901611E-001, 6.0944734375000000E+004, 4.0000000000000000E+002, 0.0000000000000000E+000, 0.0000000000000000E+000, 0.0000000000000000E+000, 2.9071343994140625E+002, 9.4782828819006681E-004, 0.0000000000000000E+000, 0.0000000000000000E+000, 5.6083209346979856E-004, 1.0857937159016728E-003, 3.4658188815228641E-004, 1.0623639062500000E+005, 2.9531862500000000E+005, 0.0000000000000000E+000, 1.0663725000000000E+005, 1.8650989532470703E+001
3,0,11,32, 4.5000000000000000E+001, 2.9260742187500000E+002, 1.1466920841485262E-003, 0.0000000000000000E+000, 0.0000000000000000E+000, 5.4691976401954889E-004, 7.2763545904308558E-004, 2.6459470973350108E-004, 1.2396375000000000E+005, 3.0990937500000000E+005, 0.0000000000000000E+000, 1.1156737500000000E+005, 8.0668741464614868E-001, 8.5575407743453979E-001, 5.7972425781250000E+004, 4.0000000000000000E+002, 0.0000000000000000E+000, 0.0000000000000000E+000, 0.0000000000000000E+000, 2.9344491577148438E+002, 8.9735537767410278E-004, 0.0000000000000000E+000, 0.0000000000000000E+000, 5.2229786524549127E-004, 9.3837763415649533E-004, 2.9662926681339741E-004, 1.1198482031250000E+005, 3.0988643750000000E+005, 0.0000000000000000E+000, 1.1152836718750000E+005, 1.6963787078857422E+001
3,0,12,32, 4.5000000000000000E+001, 2.9539508056640625E+002, 1.0836319997906685E-003, 0.0000000000000000E+000, 0.0000000000000000E+000, 4.7732435632497072E-004, 5.9331092052161694E-004, 2.1574943093582988E-004, 1.2969498437500000E+005, 3.2423746875000000E+005, 0.0000000000000000E+000, 1.1672548437500000E+005, 7.7103984355926514E-001, 8.4361594915390015E-001, 5.5145078125000000E+004, 4.0000000000000000E+002, 0.0000000000000000E+000, 0.0000000000000000E+000, 0.0000000000000000E+000, 2.9618157958984375E+002, 8.5303495870903134E-004, 0.0000000000000000E+000, 0.0000000000000000E+000, 4.5861216494813561E-004, 7.8308465890586376E-004, 2.4487514747306705E-004, 1.1809888281250000E+005, 3.2519515625000000E+005, 0.0000000000000000E+000, 1.1664305468750000E+005, 1.4970769882202148E+001
3,0,13,32, 4.5000000000000000E+001, 2.9820239257812500E+002, 1.0228753089904785E-003, 0.0000000000000000E+000, 0.0000000000000000E+000, 3.9213214768096805E-004, 4.6443456085398793E-004, 1.6888529353309423E-004, 1.3568803125000000E+005, 3.3922009375000000E+005, 0.0000000000000000E+000, 1.2211922656250000E+005, 7.3698467016220093E-001, 8.3164995908737183E-001, 5.2455621093750000E+004, 4.0000000000000000E+002, 0.0000000000000000E+000, 0.0000000000000000E+000, 0.0000000000000000E+000, 2.9892663574218750E+002, 8.1375997979193926E-004, 0.0000000000000000E+000, 0.0000000000000000E+000, 3.7969145341776311E-004, 6.3228455837816000E-004, 1.9522449292708188E-004, 1.2456707031250000E+005, 3.4118234375000000E+005, 0.0000000000000000E+000, 1.2199246875000000E+005, 1.2689021110534668E+001
3,0,14,32, 4.5000000000000000E+001, 3.0102932739257812E+002, 9.6441200003027916E-004, 0.0000000000000000E+000, 0.0000000000000000E+000, 3.0323557439260185E-004, 3.4901202889159322E-004, 1.2691346637438983E-004, 1.4195470312500000E+005, 3.5488675000000000E+005, 0.0000000000000000E+000, 1.2775923437500000E+005, 7.0445007085800171E-001, 8.1985372304916382E-001, 4.9897328125000000E+004, 4.0000000000000000E+002, 0.0000000000000000E+000, 0.0000000000000000E+000, 0.0000000000000000E+000, 3.0168359375000000E+002, 7.7838014112785459E-004, 0.0000000000000000E+000, 0.0000000000000000E+000, 2.9652798548340797E-004, 4.9516005674377084E-004, 1.5055577387101948E-004, 1.3139587500000000E+005, 3.5777506250000000E+005, 0.0000000000000000E+000, 1.2758852343750000E+005, 1.0139348030090332E+001
3,0,15,32, 4.5000000000000000E+001, 3.0387588500976562E+002, 9.0823008213192225E-004, 0.0000000000000000E+000, 0.0000000000000000E+000, 2.2072768479119986E-004, 2.5178500800393522E-004, 9.1558184067253023E-005, 1.4850728125000000E+005, 3.7126818750000000E+005, 0.0000000000000000E+000, 1.3365654687500000E+005, 6.7336767911911011E-001, 8.0822473764419556E-001, 4.7463804687500000E+004, 4.0000000000000000E+002, 0.0000000000000000E+000, 0.0000000000000000E+000, 0.0000000000000000E+000, 3.0445596313476562E+002, 7.4579304782673717E-004, 0.0000000000000000E+000, 0.0000000000000000E+000, 2.1870991622563452E-004, 3.7715121288783848E-004, 1.1256030120421201E-004, 1.3861703125000000E+005, 3.7489431250000000E+005, 0.0000000000000000E+000, 1.3344375000000000E+005, 7.3460264205932617E+000
3,0,16,32, 4.5000000000000000E+001, 3.0674200439453125E+002, 8.5431092884391546E-004, 0.0000000000000000E+000, 0.0000000000000000E+000, 1.5123847697395831E-004, 1.7437861242797226E-004, 6.3410407165065408E-005, 1.5535856250000000E+005, 3.8839640625000000E+005, 0.0000000000000000E+000, 1.3982270312500000E+005, 6.4367228746414185E-001, 7.9676079750061035E-001, 4.5148972656250000E+004, 4.0000000000000000E+002, 0.0000000000000000E+000, 0.0000000000000000E+000, 0.0000000000000000E+000, 3.0724707031250000E+002, 7.1502878563478589E-004, 0.0000000000000000E+000, 0.0000000000000000E+000, 1.5274198085535318E-004, 2.8023897903040051E-004, 8.1817699538078159E-005, 1.4628967187500000E+005, 3.9246084375000000E+005, 0.0000000000000000E+000, 1.3957142187500000E+005, 4.3361554145812988E+000
3,0,17,32, 4.5000000000000000E+001, 3.0962771606445312E+002, 8.0263265408575535E-004, 0.0000000000000000E+000, 0.0000000000000000E+000, 9.7543110314290971E-005, 1.1593913950491697E-004, 4.2159688746323809E-005, 1.6252207812500000E+005, 4.0630518750000000E+005, 0.0000000000000000E+000, 1.4626987500000000E+005, 6.1530101299285889E-001, 7.8545939922332764E-001, 4.2947027343750000E+004, 4.0000000000000000E+002, 0.0000000000000000E+000, 0.0000000000000000E+000, 0.0000000000000000E+000, 3.1005978393554688E+002, 6.8529206328094006E-004, 0.0000000000000000E+000, 0.0000000000000000E+000, 1.0151888272957876E-004, 2.0377364126034081E-004, 5.8036588598042727E-005, 1.5449003125000000E+005, 4.1040875000000000E+005, 0.0000000000000000E+000, 1.4598556250000000E+005, 1.1390657424926758E+000
3,0,18,32, 4.5000000000000000E+001, 3.1253295898437500E+002, 7.5317249866202474E-004, 0.0000000000000000E+000, 0.0000000000000000E+000, 5.9218837122898549E-005, 7.4001516622956842E-005, 2.6909643565886654E-005, 1.7001171875000000E+005, 4.2502931250000000E+005, 0.0000000000000000E+000, 1.5301054687500000E+005, 5.8819472789764404E-001, 7.7431833744049072E-001, 4.0852476562500000E+004, 4.0000000000000000E+002, 0.0000000000000000E+000, 0.0000000000000000E+000, 0.0000000000000000E+000, 3.1289633178710938E+002, 6.5599312074482441E-004, 0.0000000000000000E+000, 0.0000000000000000E+000, 6.4819338149391115E-005, 1.4546807506121695E-004, 4.0363025618717074E-005, 1.6328218750000000E+005, 4.2871268750000000E+005, 0.0000000000000000E+000, 1.5270043750000000E+005,-2.2143561840057373E+000
3,0,19,32, 4.5000000000000000E+001, 3.1545770263671875E+002, 7.0589804090559483E-004, 0.0000000000000000E+000, 0.0000000000000000E+000, 3.3841697586467490E-005, 4.5344546379055828E-005, 1.6488926121382974E-005, 1.7784215625000000E+005, 4.4460537500000000E+005, 0.0000000000000000E+000, 1.6005793750000000E+005, 5.6229639053344727E-001, 7.6333528757095337E-001, 3.8860078125000000E+004, 4.0000000000000000E+002, 0.0000000000000000E+000, 0.0000000000000000E+000, 0.0000000000000000E+000, 3.1575827026367188E+002, 6.2674056971445680E-004, 0.0000000000000000E+000, 0.0000000000000000E+000, 4.0379763959208503E-005, 1.0230095358565450E-004, 2.7677948310156353E-005, 1.7266690625000000E+005, 4.4743512500000000E+005, 0.0000000000000000E+000, 1.5973064062500000E+005,-5.6911497116088867E+000
3,0,20,32, 4.5000000000000000E+001, 3.1840194702148438E+002, 6.6077447263523936E-004, 0.0000000000000000E+000, 0.0000000000000000E+000, 1.8204256775788963E-005, 2.6673689717426896E-005, 9.6995236162911169E-006, 1.8602862500000000E+005, 4.6507153125000000E+005, 0.0000000000000000E+000, 1.6742575000000000E+005, 5.3755170106887817E-001, 7.5250798463821411E-001, 3.6964851562500000E+004, 4.0000000000000000E+002, 0.0000000000000000E+000, 0.0000000000000000E+000, 0.0000000000000000E+000, 3.1864654541015625E+002, 5.9732596855610609E-004, 0.0000000000000000E+000, 0.0000000000000000E+000, 2.5063616703846492E-005, 7.1180875238496810E-005, 1.8831862689694390E-005, 1.8252325000000000E+005, 4.6677643750000000E+005, 0.0000000000000000E+000, 1.6709032812500000E+005,-9.2520885467529297E+000
3,0,21,32, 4.5000000000000000E+001, 3.2136553955078125E+002, 6.1776302754878998E-004, 0.0000000000000000E+000, 0.0000000000000000E+000, 9.2177087935851887E-006, 1.5063116734381765E-005, 5.4774968702986371E-006, 1.9458703125000000E+005, 4.8646759375000000E+005, 0.0000000000000000E+000, 1.7512832812500000E+005, 5.1390886306762695E-001, 7.4183434247970581E-001, 3.5162054687500000E+004, 4.0000000000000000E+002, 0.0000000000000000E+000, 0.0000000000000000E+000, 0.0000000000000000E+000, 3.2156155395507812E+002, 5.6769541697576642E-004, 0.0000000000000000E+000, 0.0000000000000000E+000, 1.5800444089109078E-005, 4.9309794121654704E-005, 1.2795026123058051E-005, 1.9259992187500000E+005, 4.8707278125000000E+005, 0.0000000000000000E+000, 1.7479298437500000E+005,-1.2844102859497070E+001
3,0,22,32, 4.5000000000000000E+001, 3.2434854125976562E+002, 5.7682348415255547E-004, 0.0000000000000000E+000, 0.0000000000000000E+000, 4.3934105633525178E-006, 8.1662074080668390E-006, 2.9695297598664183E-006, 2.0353404687500000E+005, 5.0883512500000000E+005, 0.0000000000000000E+000, 1.8318064062500000E+005, 4.9131828546524048E-001, 7.3131203651428223E-001, 3.3447179687500000E+004, 4.0000000000000000E+002, 0.0000000000000000E+000, 0.0000000000000000E+000, 0.0000000000000000E+000, 3.2450320434570312E+002, 5.3791282698512077E-004, 3.0517549598485516E-010, 0.0000000000000000E+000, 1.0172531801799778E-005, 3.4290889743715525E-005, 8.6717200247221626E-006, 2.0262917187500000E+005, 5.0867118750000000E+005, 0.0000000000000000E+000, 1.8067217187500000E+005,-1.6399215698242188E+001
3,0,23,32, 4.5000000000000000E+001, 3.2735086059570312E+002, 5.3791591199114919E-004, 0.0000000000000000E+000, 0.0000000000000000E+000, 1.9711037566594314E-006, 4.2501005736994557E-006, 1.5454911590495612E-006, 2.1288698437500000E+005, 5.3221750000000000E+005, 0.0000000000000000E+000, 1.9159829687500000E+005, 4.6973279118537903E-001, 7.2093898057937622E-001, 3.1815941406250000E+004, 4.0000000000000000E+002, 0.0000000000000000E+000, 0.0000000000000000E+000, 0.0000000000000000E+000, 3.2748889160156250E+002, 5.0307187484577298E-004, 5.6543590289948042E-006, 0.0000000000000000E+000, 6.6266943576920312E-006, 2.4108812795020640E-005, 5.3044441301608458E-006, 2.1292312500000000E+005, 5.3171887500000000E+005, 0.0000000000000000E+000, 1.4861206250000000E+005,-1.9848493576049805E+001
3,0,24,32, 4.5000000000000000E+001, 3.3037240600585938E+002, 5.0098169595003128E-004, 0.0000000000000000E+000, 0.0000000000000000E+000, 8.3242582604725612E-007, 2.1234995983832050E-006, 7.7218163596626255E-007, 2.2266395312500000E+005, 5.5665987500000000E+005, 0.0000000000000000E+000, 2.0039756250000000E+005, 4.4910725951194763E-001, 7.1071308851242065E-001, 3.0264261718750000E+004, 4.0000000000000000E+002, 0.0000000000000000E+000, 0.0000000000000000E+000, 0.0000000000000000E+000, 3.3050137329101562E+002, 4.6821375144645572E-004, 1.1355593414918985E-005, 0.0000000000000000E+000, 4.8909428187471349E-006, 1.7147829566965811E-005, 2.5494803139736177E-006, 4.7970912500000000E+005, 5.5610543750000000E+005, 0.0000000000000000E+000, 7.4100765625000000E+004,-2.3175336837768555E+001
3,0,25,32, 4.5000000000000000E+001, 3.3341317749023438E+002, 4.6598154585808516E-004, 0.0000000000000000E+000, 0.0000000000000000E+000, 3.3091092177528481E-007, 1.0185417522734497E-006, 3.7037881384094362E-007, 2.3288387500000000E+005, 5.8220968750000000E+005, 0.0000000000000000E+000, 2.0959548437500000E+005, 4.2939856648445129E-001, 7.0063221454620361E-001, 2.8788255859375000E+004, 4.0000000000000000E+002, 0.0000000000000000E+000, 0.0000000000000000E+000, 0.0000000000000000E+000, 3.3353393554687500E+002, 4.3523072963580489E-004, 1.5140813957259525E-005, 0.0000000000000000E+000, 3.5354387364350259E-006, 1.2275371773284860E-005, 1.1750433941415395E-006, 5.4525962500000000E+005, 5.8167318750000000E+005, 0.0000000000000000E+000, 3.5469906250000000E+004,-2.6423444747924805E+001
3,0,26,32, 4.5000000000000000E+001, 3.3647299194335938E+002, 4.3285413994453847E-004, 0.0000000000000000E+000, 0.0000000000000000E+000, 1.2382413672185066E-007, 4.6900618144718464E-007, 1.7054769330115960E-007, 2.4356639062500000E+005, 6.0891600000000000E+005, 0.0000000000000000E+000, 2.1920975000000000E+005, 4.1056567430496216E-001, 6.9069433212280273E-001, 2.7384236328125000E+004, 4.0000000000000000E+002, 0.0000000000000000E+000, 0.0000000000000000E+000, 0.0000000000000000E+000, 3.3659469604492188E+002, 4.0405840263701975E-004, 0.0000000000000000E+000, 0.0000000000000000E+000, 2.0023990146000870E-005, 8.7961443568929099E-006, 5.1936729050794384E-007, 7.3069918750000000E+005, 6.0838781250000000E+005, 0.0000000000000000E+000, 1.6299171875000000E+004,-2.9567405700683594E+001
3,0,27,32, 4.5000000000000000E+001, 3.3955187988281250E+002, 4.0154074667952955E-004, 0.0000000000000000E+000, 0.0000000000000000E+000, 4.3614267752900560E-008, 2.0732555583435897E-007, 7.5391106690858578E-008, 2.5473218750000000E+005, 6.3683050000000000E+005, 0.0000000000000000E+000, 2.2925896875000000E+005, 3.9256915450096130E-001, 6.8089741468429565E-001, 2.6048689453125000E+004, 4.0000000000000000E+002, 0.0000000000000000E+000, 0.0000000000000000E+000, 0.0000000000000000E+000, 3.3966732788085938E+002, 3.7463262560777366E-004, 0.0000000000000000E+000, 0.0000000000000000E+000, 2.0588769984897226E-005, 6.1923378780193161E-006, 2.2016925527168496E-007, 7.6419656250000000E+005, 6.2624431250000000E+005, 0.0000000000000000E+000, 7.1901889648437500E+003,-3.2561973571777344E+001
3,0,28,32, 4.5000000000000000E+001, 3.4264971923828125E+002, 3.7198609788902104E-004, 0.0000000000000000E+000, 0.0000000000000000E+000, 1.4460412423034086E-008, 8.7983373475708504E-008, 3.1993952376296875E-008, 2.6640265625000000E+005, 6.6600662500000000E+005, 0.0000000000000000E+000, 2.3976239062500000E+005, 3.7537163496017456E-001, 6.7123943567276001E-001, 2.4778281250000000E+004, 4.0000000000000000E+002, 0.0000000000000000E+000, 0.0000000000000000E+000, 0.0000000000000000E+000, 3.4275909423828125E+002, 3.4687892184592783E-004, 0.0000000000000000E+000, 0.0000000000000000E+000, 2.2510719645651989E-005, 2.5395797820237931E-006, 8.9525599378248444E-008, 7.9920793750000000E+005, 2.7508484375000000E+005, 0.0000000000000000E+000, 3.0449685058593750E+003,-3.5000000000000000E+001
3,0,29,32, 4.5000000000000000E+001, 3.4576638793945312E+002, 3.4412046079523861E-004, 0.0000000000000000E+000, 0.0000000000000000E+000, 4.5129660009024519E-009, 3.5844461621081791E-008, 1.3034349599649886E-008, 2.7860021875000000E+005, 6.9650056250000000E+005, 0.0000000000000000E+000, 2.5074020312500000E+005, 3.5893726348876953E-001, 6.6171848773956299E-001, 2.3569832031250000E+004, 4.0000000000000000E+002, 0.0000000000000000E+000, 0.0000000000000000E+000, 0.0000000000000000E+000, 3.4586978149414062E+002, 3.2075439230538905E-004, 0.0000000000000000E+000, 0.0000000000000000E+000, 2.2366933990269899E-005, 9.7605277460388606E-007, 3.4916766367132368E-008, 8.3580062500000000E+005, 1.1198250000000000E+005, 0.0000000000000000E+000, 1.2379230957031250E+003,-3.5000000000000000E+001
3,0,30,32, 4.5000000000000000E+001, 3.4890182495117188E+002, 3.1788687920197845E-004, 0.0000000000000000E+000, 0.0000000000000000E+000, 1.3257787090381612E-009, 1.4018979754837346E-008, 5.0978106180821214E-009, 2.9134831250000000E+005, 7.2837075000000000E+005, 0.0000000000000000E+000, 2.6221346875000000E+005, 3.4323179721832275E-001, 6.5233254432678223E-001, 2.2420314453125000E+004, 4.0000000000000000E+002, 0.0000000000000000E+000, 0.0000000000000000E+000, 0.0000000000000000E+000, 3.4899929809570312E+002, 2.9618569533340633E-004, 0.0000000000000000E+000, 0.0000000000000000E+000, 2.1333396944100969E-005, 3.5942713338954491E-007, 1.3065474036011437E-008, 8.7404487500000000E+005, 4.3762949218750000E+004, 0.0000000000000000E+000, 4.8313769531250000E+002,-3.5000000000000000E+001
3,0,31,32, 4.5000000000000000E+001, 3.5205584716796875E+002, 2.9322371119633317E-004, 0.0000000000000000E+000, 0.0000000000000000E+000, 3.6661451652264532E-010, 5.2636290881480363E-009, 1.9140469209588673E-009, 3.0467112500000000E+005, 7.6167787500000000E+005, 0.0000000000000000E+000, 2.7420403125000000E+005, 3.2822275161743164E-001, 6.4307975769042969E-001, 2.1326863281250000E+004, 4.0000000000000000E+002, 0.0000000000000000E+000, 0.0000000000000000E+000, 0.0000000000000000E+000, 3.5214764404296875E+002, 2.7309876168146729E-004, 0.0000000000000000E+000, 0.0000000000000000E+000, 1.9996783521492034E-005, 1.2680344241289276E-007, 4.6906256656598089E-009, 9.1401343750000000E+005, 1.6418701171875000E+004, 0.0000000000000000E+000, 1.8101556396484375E+002,-3.5000000000000000E+001
3,0,32,32, 4.5000000000000000E+001, 3.5522845458984375E+002, 2.7005028096027672E-004, 0.0000000000000000E+000, 0.0000000000000000E+000, 9.5428387414386862E-011, 1.8972643456294236E-009, 6.8991434787335493E-010, 3.1859434375000000E+005, 7.9648581250000000E+005, 0.0000000000000000E+000, 2.8673490625000000E+005, 3.1387877464294434E-001, 6.3395822048187256E-001, 2.0286738281250000E+004, 4.0000000000000000E+002, 0.0000000000000000E+000, 0.0000000000000000E+000, 0.0000000000000000E+000, 3.5531469726562500E+002, 2.5142973754554987E-004, 0.0000000000000000E+000, 0.0000000000000000E+000, 1.8558184819994494E-005, 4.1995910748937604E-008, 1.5340414494247057E-009, 9.5578300000000000E+005, 5.8499462890625000E+003, 0.0000000000000000E+000, 6.3315864562988281E+001,-3.5000000000000000E+001
4,0,1,32, 4.5000000000000000E+001, 2.8860336303710938E+002, 2.2763567976653576E-003, 0.0000000000000000E+000, 0.0000000000000000E+000, 0.0000000000000000E+000, 0.0000000000000000E+000, 0.0000000000000000E+000, 0.0000000000000000E+000, 0.0000000000000000E+000, 0.0000000000000000E+000, 0.0000000000000000E+000, 1.1689457893371582E+000, 9.8716795444488525E-001, 9.5580367187500000E+004, 4.0000000000000000E+002, 0.0000000000000000E+000, 0.0000000000000000E+000, 0.0000000000000000E+000, 2.8860336303710938E+002, 2.2763567976653576E-003, 0.0000000000000000E+000, 0.0000000000000000E+000, 0.0000000000000000E+000, 0.0000000000000000E+000, 0.0000000000000000E+000, 0.0000000000000000E+000, 0.0000000000000000E+000, 0.0000000000000000E+000, 0.0000000000000000E+000,-3.5000000000000000E+001
4,0,2,32, 4.5000000000000000E+001, 2.9049520874023438E+002, 2.0639218855649233E-003, 0.0000000000000000E+000, 0.0000000000000000E+000, 0.0000000000000000E+000, 0.0000000000000000E+000, 0.0000000000000000E+000, 0.0000000000000000E+000, 0.0000000000000000E+000, 0.0000000000000000E+000, 0.0000000000000000E+000, 1.1205886602401733E+000, 9.7316581010818481E-001, 9.0918859375000000E+004, 4.0000000000000000E+002, 0.0000000000000000E+000, 0.0000000000000000E+000, 0.0000000000000000E+000, 2.9049520874023438E+002, 2.0639218855649233E-003, 0.0000000000000000E+000, 0.0000000000000000E+000, 0.0000000000000000E+000, 0.0000000000000000E+000, 0.0000000000000000E+000, 0.0000000000000000E+000, 0.0000000000000000E+000, 0.0000000000000000E+000, 0.0000000000000000E+000,-3.5000000000000000E+001
4,0,3,32, 4.5000000000000000E+001, 2.9238174438476562E+002, 1.8666344694793224E-003, 0.0000000000000000E+000, 0.0000000000000000E+000, 0.0000000000000000E+000, 0.0000000000000000E+000, 0.0000000000000000E+000, 0.0000000000000000E+000, 0.0000000000000000E+000, 0.0000000000000000E+000, 0.0000000000000000E+000, 1.0742973089218140E+000, 9.5936226844787598E-001, 8.6484695312500000E+004, 4.0000000000000000E+002, 0.0000000000000000E+000, 0.0000000000000000E+000, 0.0000000000000000E+000, 2.9238174438476562E+002, 1.8666344694793224E-003, 0.0000000000000000E+000, 0.0000000000000000E+000, 0.0000000000000000E+000, 0.0000000000000000E+000, 0.0000000000000000E+000, 0.0000000000000000E+000, 0.0000000000000000E+000, 0.0000000000000000E+000, 0.0000000000000000E+000,-3.5000000000000000E+001
4,0,4,32, 4.5000000000000000E+001, 2.9426239013671875E+002, 1.6838744049891829E-003, 0.0000000000000000E+000, 0.0000000000000000E+000, 0.0000000000000000E+000, 0.0000000000000000E+000, 0.0000000000000000E+000, 0.0000000000000000E+000, 0.0000000000000000E+000, 0.0000000000000000E+000, 0.0000000000000000E+000, 1.0299816131591797E+000, 9.4575452804565430E-001, 8.2266789062500000E+004, 4.0000000000000000E+002, 0.0000000000000000E+000, 0.0000000000000000E+000, 0.0000000000000000E+000, 2.9426239013671875E+002, 1.6838744049891829E-003, 0.0000000000000000E+000, 0.0000000000000000E+000, 0.0000000000000000E+000, 0.0000000000000000E+000, 0.0000000000000000E+000, 0.0000000000000000E+000, 0.0000000000000000E+000, 0.0000000000000000E+000, 0.0000000000000000E+000,-3.5000000000000000E+001
4,0,5,32, 4.5000000000000000E+001, 2.9613668823242188E+002, 1.5150078106671572E-003, 0.0000000000000000E+000, 0.0000000000000000E+000, 0.0000000000000000E+000, 0.0000000000000000E+000, 0.0000000000000000E+000, 0.0000000000000000E+000, 0.0000000000000000E+000, 0.0000000000000000E+000, 0.0000000000000000E+000, 9.8755544424057007E-001, 9.3233978748321533E-001, 7.8254585937500000E+004, 4.0000000000000000E+002, 0.0000000000000000E+000, 0.0000000000000000E+000, 0.0000000000000000E+000, 2.9613668823242188E+002, 1.5150078106671572E-003, 0.0000000000000000E+000, 0.0000000000000000E+000, 0.0000000000000000E+000, 0.0000000000000000E+000, 0.0000000000000000E+000, 0.0000000000000000E+000, 0.0000000000000000E+000, 0.0000000000000000E+000, 0.0000000000000000E+000,-3.5000000000000000E+001
4,0,6,32, 4.5000000000000000E+001, 2.9800393676757812E+002, 1.3593801995739341E-003, 0.0000000000000000E+000, 0.0000000000000000E+000, 0.0000000000000000E+000, 0.0000000000000000E+000, 0.0000000000000000E+000, 0.0000000000000000E+000, 0.0000000000000000E+000, 0.0000000000000000E+000, 0.0000000000000000E+000, 9.4693726301193237E-001, 9.1911536455154419E-001, 7.4438070312500000E+004, 4.0000000000000000E+002, 0.0000000000000000E+000, 0.0000000000000000E+000, 0.0000000000000000E+000, 2.9800393676757812E+002, 1.3593801995739341E-003, 0.0000000000000000E+000, 0.0000000000000000E+000, 0.0000000000000000E+000, 0.0000000000000000E+000, 0.0000000000000000E+000, 0.0000000000000000E+000, 0.0000000000000000E+000, 0.0000000000000000E+000, 0.0000000000000000E+000,-3.5000000000000000E+001
4,0,7,32, 4.5000000000000000E+001, 2.9986364746093750E+002, 1.2163462815806270E-003, 0.0000000000000000E+000, 0.0000000000000000E+000, 0.0000000000000000E+000, 0.0000000000000000E+000, 0.0000000000000000E+000, 0.0000000000000000E+000, 0.0000000000000000E+000, 0.0000000000000000E+000, 0.0000000000000000E+000, 9.0804809331893921E-001, 9.0607851743698120E-001, 7.0807687500000000E+004, 4.0000000000000000E+002, 0.0000000000000000E+000, 0.0000000000000000E+000, 0.0000000000000000E+000, 2.9986364746093750E+002, 1.2163462815806270E-003, 0.0000000000000000E+000, 0.0000000000000000E+000, 0.0000000000000000E+000, 0.0000000000000000E+000, 0.0000000000000000E+000, 0.0000000000000000E+000, 0.0000000000000000E+000, 0.0000000000000000E+000, 0.0000000000000000E+000,-3.5000000000000000E+001
4,0,8,32, 4.5000000000000000E+001, 3.0171517944335938E+002, 1.0852445848286152E-003, 0.0000000000000000E+000, 0.0000000000000000E+000, 0.0000000000000000E+000, 0.0000000000000000E+000, 0.0000000000000000E+000, 0.0000000000000000E+000, 0.0000000000000000E+000, 0.0000000000000000E+000, 0.0000000000000000E+000, 8.7081319093704224E-001, 8.9322650432586670E-001, 6.7354351562500000E+004, 4.0000000000000000E+002, 0.0000000000000000E+000, 0.0000000000000000E+000, 0.0000000000000000E+000, 3.0171517944335938E+002, 1.0852445848286152E-003, 0.0000000000000000E+000, 0.0000000000000000E+000, 0.0000000000000000E+000, 0.0000000000000000E+000, 0.0000000000000000E+000, 0.0000000000000000E+000, 0.0000000000000000E+000, 0.0000000000000000E+000, 0.0000000000000000E+000,-3.5000000000000000E+001
4,0,9,32, 4.5000000000000000E+001, 3.0355789184570312E+002, 9.6542318351566792E-004, 0.0000000000000000E+000, 0.0000000000000000E+000, 0.0000000000000000E+000, 0.0000000000000000E+000, 0.0000000000000000E+000, 0.0000000000000000E+000, 0.0000000000000000E+000, 0.0000000000000000E+000, 0.0000000000000000E+000, 8.3516085147857666E-001, 8.8055688142776489E-001, 6.4069441406250000E+004, 4.0000000000000000E+002, 0.0000000000000000E+000, 0.0000000000000000E+000, 0.0000000000000000E+000, 3.0355789184570312E+002, 9.6542318351566792E-004, 0.0000000000000000E+000, 0.0000000000000000E+000, 0.0000000000000000E+000, 0.0000000000000000E+000, 0.0000000000000000E+000, 0.0000000000000000E+000, 0.0000000000000000E+000, 0.0000000000000000E+000, 0.0000000000000000E+000,-3.5000000000000000E+001
4,0,10,32, 4.5000000000000000E+001, 3.0539120483398438E+002, 8.5623306222259998E-004, 0.0000000000000000E+000, 0.0000000000000000E+000, 0.0000000000000000E+000, 0.0000000000000000E+000, 0.0000000000000000E+000, 0.0000000000000000E+000, 0.0000000000000000E+000, 0.0000000000000000E+000, 0.0000000000000000E+000, 8.0102217197418213E-001, 8.6806690692901611E-001, 6.0944734375000000E+004, 4.0000000000000000E+002, 0.0000000000000000E+000, 0.0000000000000000E+000, 0.0000000000000000E+000, 3.0539120483398438E+002, 8.5623306222259998E-004, 0.0000000000000000E+000, 0.0000000000000000E+000, 0.0000000000000000E+000, 0.0000000000000000E+000, 0.0000000000000000E+000, 0.0000000000000000E+000, 0.0000000000000000E+000, 0.0000000000000000E+000, 0.0000000000000000E+000,-3.5000000000000000E+001
4,0,11,32, 4.5000000000000000E+001, 3.0721441650390625E+002, 7.5702590402215719E-004, 0.0000000000000000E+000, 0.0000000000000000E+000, 0.0000000000000000E+000, 0.0000000000000000E+000, 0.0000000000000000E+000, 0.0000000000000000E+000, 0.0000000000000000E+000, 0.0000000000000000E+000, 0.0000000000000000E+000, 7.6833218336105347E-001, 8.5575407743453979E-001, 5.7972425781250000E+004, 4.0000000000000000E+002, 0.0000000000000000E+000, 0.0000000000000000E+000, 0.0000000000000000E+000, 3.0721441650390625E+002, 7.5702590402215719E-004, 0.0000000000000000E+000, 0.0000000000000000E+000, 0.0000000000000000E+000, 0.0000000000000000E+000, 0.0000000000000000E+000, 0.0000000000000000E+000, 0.0000000000000000E+000, 0.0000000000000000E+000, 0.0000000000000000E+000,-3.5000000000000000E+001
4,0,12,32, 4.5000000000000000E+001, 3.0902688598632812E+002, 6.6717079607769847E-004, 0.0000000000000000E+000, 0.0000000000000000E+000, 0.0000000000000000E+000, 0.0000000000000000E+000, 0.0000000000000000E+000, 0.0000000000000000E+000, 0.0000000000000000E+000, 0.0000000000000000E+000, 0.0000000000000000E+000, 7.3702764511108398E-001, 8.4361594915390015E-001, 5.5145078125000000E+004, 4.0000000000000000E+002, 0.0000000000000000E+000, 0.0000000000000000E+000, 0.0000000000000000E+000, 3.0902688598632812E+002, 6.6717079607769847E-004, 0.0000000000000000E+000, 0.0000000000000000E+000, 0.0000000000000000E+000, 0.0000000000000000E+000, 0.0000000000000000E+000, 0.0000000000000000E+000, 0.0000000000000000E+000, 0.0000000000000000E+000, 0.0000000000000000E+000,-3.5000000000000000E+001
4,0,13,32, 4.5000000000000000E+001, 3.1082788085937500E+002, 5.8604200603440404E-004, 0.0000000000000000E+000, 0.0000000000000000E+000, 0.0000000000000000E+000, 0.0000000000000000E+000, 0.0000000000000000E+000, 0.0000000000000000E+000, 0.0000000000000000E+000, 0.0000000000000000E+000, 0.0000000000000000E+000, 7.0704913139343262E-001, 8.3164995908737183E-001, 5.2455621093750000E+004, 4.0000000000000000E+002, 0.0000000000000000E+000, 0.0000000000000000E+000, 0.0000000000000000E+000, 3.1082788085937500E+002, 5.8604200603440404E-004, 0.0000000000000000E+000, 0.0000000000000000E+000, 0.0000000000000000E+000, 0.0000000000000000E+000, 0.0000000000000000E+000, 0.0000000000000000E+000, 0.0000000000000000E+000, 0.0000000000000000E+000, 0.0000000000000000E+000,-3.5000000000000000E+001
4,0,14,32, 4.5000000000000000E+001, 3.1261672973632812E+002, 5.1303423242643476E-004, 0.0000000000000000E+000, 0.0000000000000000E+000, 0.0000000000000000E+000, 0.0000000000000000E+000, 0.0000000000000000E+000, 0.0000000000000000E+000, 0.0000000000000000E+000, 0.0000000000000000E+000, 0.0000000000000000E+000, 6.7833906412124634E-001, 8.1985372304916382E-001, 4.9897328125000000E+004, 4.0000000000000000E+002, 0.0000000000000000E+000, 0.0000000000000000E+000, 0.0000000000000000E+000, 3.1261672973632812E+002, 5.1303423242643476E-004, 0.0000000000000000E+000, 0.0000000000000000E+000, 0.0000000000000000E+000, 0.0000000000000000E+000, 0.0000000000000000E+000, 0.0000000000000000E+000, 0.0000000000000000E+000, 0.0000000000000000E+000, 0.0000000000000000E+000,-3.5000000000000000E+001
4,0,15,32, 4.5000000000000000E+001, 3.1439276123046875E+002, 4.4755786075256765E-004, 0.0000000000000000E+000, 0.0000000000000000E+000, 0.0000000000000000E+000, 0.0000000000000000E+000, 0.0000000000000000E+000, 0.0000000000000000E+000, 0.0000000000000000E+000, 0.0000000000000000E+000, 0.0000000000000000E+000, 6.5084260702133179E-001, 8.0822473764419556E-001, 4.7463804687500000E+004, 4.0000000000000000E+002, 0.0000000000000000E+000, 0.0000000000000000E+000, 0.0000000000000000E+000, 3.1439276123046875E+002, 4.4755786075256765E-004, 0.0000000000000000E+000, 0.0000000000000000E+000, 0.0000000000000000E+000, 0.0000000000000000E+000, 0.0000000000000000E+000, 0.0000000000000000E+000, 0.0000000000000000E+000, 0.0000000000000000E+000, 0.0000000000000000E+000,-3.5000000000000000E+001
4,0,16,32, 4.5000000000000000E+001, 3.1615509033203125E+002, 3.8903890526853502E-004, 0.0000000000000000E+000, 0.0000000000000000E+000, 0.0000000000000000E+000, 0.0000000000000000E+000, 0.0000000000000000E+000, 0.0000000000000000E+000, 0.0000000000000000E+000, 0.0000000000000000E+000, 0.0000000000000000E+000, 6.2450772523880005E-001, 7.9676079750061035E-001, 4.5148972656250000E+004, 4.0000000000000000E+002, 0.0000000000000000E+000, 0.0000000000000000E+000, 0.0000000000000000E+000, 3.1615509033203125E+002, 3.8903890526853502E-004, 0.0000000000000000E+000, 0.0000000000000000E+000, 0.0000000000000000E+000, 0.0000000000000000E+000, 0.0000000000000000E+000, 0.0000000000000000E+000, 0.0000000000000000E+000, 0.0000000000000000E+000, 0.0000000000000000E+000,-3.5000000000000000E+001
4,0,17,32, 4.5000000000000000E+001, 3.1790313720703125E+002, 3.3692852593958378E-004, 0.0000000000000000E+000, 0.0000000000000000E+000, 0.0000000000000000E+000, 0.0000000000000000E+000, 0.0000000000000000E+000, 0.0000000000000000E+000, 0.0000000000000000E+000, 0.0000000000000000E+000, 0.0000000000000000E+000, 5.9928399324417114E-001, 7.8545939922332764E-001, 4.2947027343750000E+004, 4.0000000000000000E+002, 0.0000000000000000E+000, 0.0000000000000000E+000, 0.0000000000000000E+000, 3.1790313720703125E+002, 3.3692852593958378E-004, 0.0000000000000000E+000, 0.0000000000000000E+000, 0.0000000000000000E+000, 0.0000000000000000E+000, 0.0000000000000000E+000, 0.0000000000000000E+000, 0.0000000000000000E+000, 0.0000000000000000E+000, 0.0000000000000000E+000,-3.5000000000000000E+001
4,0,18,32, 4.5000000000000000E+001, 3.1963598632812500E+002, 2.9069822630845010E-004, 0.0000000000000000E+000, 0.0000000000000000E+000, 0.0000000000000000E+000, 0.0000000000000000E+000, 0.0000000000000000E+000, 0.0000000000000000E+000, 0.0000000000000000E+000, 0.0000000000000000E+000, 0.0000000000000000E+000, 5.7512372732162476E-001, 7.7431833744049072E-001, 4.0852476562500000E+004, 4.0000000000000000E+002, 0.0000000000000000E+000, 0.0000000000000000E+000, 0.0000000000000000E+000, 3.1963598632812500E+002, 2.9069822630845010E-004, 0.0000000000000000E+000, 0.0000000000000000E+000, 0.0000000000000000E+000, 0.0000000000000000E+000, 0.0000000000000000E+000, 0.0000000000000000E+000, 0.0000000000000000E+000, 0.0000000000000000E+000, 0.0000000000000000E+000,-3.5000000000000000E+001
4,0,19,32, 4.5000000000000000E+001, 3.2135290527343750E+002, 2.4984154151752591E-004, 0.0000000000000000E+000, 0.0000000000000000E+000, 0.0000000000000000E+000, 0.0000000000000000E+000, 0.0000000000000000E+000, 0.0000000000000000E+000, 0.0000000000000000E+000, 0.0000000000000000E+000, 0.0000000000000000E+000, 5.5198109149932861E-001, 7.6333528757095337E-001, 3.8860078125000000E+004, 4.0000000000000000E+002, 0.0000000000000000E+000, 0.0000000000000000E+000, 0.0000000000000000E+000, 3.2135290527343750E+002, 2.4984154151752591E-004, 0.0000000000000000E+000, 0.0000000000000000E+000, 0.0000000000000000E+000, 0.0000000000000000E+000, 0.0000000000000000E+000, 0.0000000000000000E+000, 0.0000000000000000E+000, 0.0000000000000000E+000, 0.0000000000000000E+000,-3.5000000000000000E+001
4,0,20,32, 4.5000000000000000E+001, 3.2305307006835938E+002, 2.1387872402556241E-004, 0.0000000000000000E+000, 0.0000000000000000E+000, 0.0000000000000000E+000, 0.0000000000000000E+000, 0.0000000000000000E+000, 0.0000000000000000E+000, 0.0000000000000000E+000, 0.0000000000000000E+000, 0.0000000000000000E+000, 5.2981239557266235E-001, 7.5250798463821411E-001, 3.6964851562500000E+004, 4.0000000000000000E+002, 0.0000000000000000E+000, 0.0000000000000000E+000, 0.0000000000000000E+000, 3.2305307006835938E+002, 2.1387872402556241E-004, 0.0000000000000000E+000, 0.0000000000000000E+000, 0.0000000000000000E+000, 0.0000000000000000E+000, 0.0000000000000000E+000, 0.0000000000000000E+000, 0.0000000000000000E+000, 0.0000000000000000E+000, 0.0000000000000000E+000,-3.5000000000000000E+001
4,0,21,32, 4.5000000000000000E+001, 3.2473556518554688E+002, 1.8235328025184572E-004, 0.0000000000000000E+000, 0.0000000000000000E+000, 0.0000000000000000E+000, 0.0000000000000000E+000, 0.0000000000000000E+000, 0.0000000000000000E+000, 0.0000000000000000E+000, 0.0000000000000000E+000, 0.0000000000000000E+000, 5.0857567787170410E-001, 7.4183434247970581E-001, 3.5162054687500000E+004, 4.0000000000000000E+002, 0.0000000000000000E+000, 0.0000000000000000E+000, 0.0000000000000000E+000, 3.2473556518554688E+002, 1.8235328025184572E-004, 0.0000000000000000E+000, 0.0000000000000000E+000, 0.0000000000000000E+000, 0.0000000000000000E+000, 0.0000000000000000E+000, 0.0000000000000000E+000, 0.0000000000000000E+000, 0.0000000000000000E+000, 0.0000000000000000E+000,-3.5000000000000000E+001
4,0,22,32, 4.5000000000000000E+001, 3.2639965820312500E+002, 1.5483400784432888E-004, 0.0000000000000000E+000, 0.0000000000000000E+000, 0.0000000000000000E+000, 0.0000000000000000E+000, 0.0000000000000000E+000, 0.0000000000000000E+000, 0.0000000000000000E+000, 0.0000000000000000E+000, 0.0000000000000000E+000, 4.8823082447052002E-001, 7.3131203651428223E-001, 3.3447179687500000E+004, 4.0000000000000000E+002, 0.0000000000000000E+000, 0.0000000000000000E+000, 0.0000000000000000E+000, 3.2639965820312500E+002, 1.5483400784432888E-004, 0.0000000000000000E+000, 0.0000000000000000E+000, 0.0000000000000000E+000, 0.0000000000000000E+000, 0.0000000000000000E+000, 0.0000000000000000E+000, 0.0000000000000000E+000, 0.0000000000000000E+000, 0.0000000000000000E+000,-3.5000000000000000E+001
4,0,23,32, 4.5000000000000000E+001, 3.2804440307617188E+002, 1.3091559230815619E-004, 0.0000000000000000E+000, 0.0000000000000000E+000, 0.0000000000000000E+000, 0.0000000000000000E+000, 0.0000000000000000E+000, 0.0000000000000000E+000, 0.0000000000000000E+000, 0.0000000000000000E+000, 0.0000000000000000E+000, 4.6873968839645386E-001, 7.2093898057937622E-001, 3.1815941406250000E+004, 4.0000000000000000E+002, 0.0000000000000000E+000, 0.0000000000000000E+000, 0.0000000000000000E+000, 3.2804440307617188E+002, 1.3091559230815619E-004, 0.0000000000000000E+000, 0.0000000000000000E+000, 0.0000000000000000E+000, 0.0000000000000000E+000, 0.0000000000000000E+000, 0.0000000000000000E+000, 0.0000000000000000E+000, 0.0000000000000000E+000, 0.0000000000000000E+000,-3.5000000000000000E+001
4,0,24,32, 4.5000000000000000E+001, 3.2966891479492188E+002, 1.1021760292351246E-004, 0.0000000000000000E+000, 0.0000000000000000E+000, 0.0000000000000000E+000, 0.0000000000000000E+000, 0.0000000000000000E+000, 0.0000000000000000E+000, 0.0000000000000000E+000, 0.0000000000000000E+000, 0.0000000000000000E+000, 4.5006567239761353E-001, 7.1071308851242065E-001, 3.0264261718750000E+004, 4.0000000000000000E+002, 0.0000000000000000E+000, 0.0000000000000000E+000, 0.0000000000000000E+000, 3.2966891479492188E+002, 1.1021760292351246E-004, 0.0000000000000000E+000, 0.0000000000000000E+000, 0.0000000000000000E+000, 0.0000000000000000E+000, 0.0000000000000000E+000, 0.0000000000000000E+000, 0.0000000000000000E+000, 0.0000000000000000E+000, 0.0000000000000000E+000,-3.5000000000000000E+001
4,0,25,32, 4.5000000000000000E+001, 3.3127224731445312E+002, 9.2384630988817662E-005, 0.0000000000000000E+000, 0.0000000000000000E+000, 0.0000000000000000E+000, 0.0000000000000000E+000, 0.0000000000000000E+000, 0.0000000000000000E+000, 0.0000000000000000E+000, 0.0000000000000000E+000, 0.0000000000000000E+000, 4.3217366933822632E-001, 7.0063221454620361E-001, 2.8788255859375000E+004, 4.0000000000000000E+002, 0.0000000000000000E+000, 0.0000000000000000E+000, 0.0000000000000000E+000, 3.3127224731445312E+002, 9.2384630988817662E-005, 0.0000000000000000E+000, 0.0000000000000000E+000, 0.0000000000000000E+000, 0.0000000000000000E+000, 0.0000000000000000E+000, 0.0000000000000000E+000, 0.0000000000000000E+000, 0.0000000000000000E+000, 0.0000000000000000E+000,-3.5000000000000000E+001
4,0,26,32, 4.5000000000000000E+001, 3.3285345458984375E+002, 7.7086981036700308E-005, 0.0000000000000000E+000, 0.0000000000000000E+000, 0.0000000000000000E+000, 0.0000000000000000E+000, 0.0000000000000000E+000, 0.0000000000000000E+000, 0.0000000000000000E+000, 0.0000000000000000E+000, 0.0000000000000000E+000, 4.1503027081489563E-001, 6.9069433212280273E-001, 2.7384236328125000E+004, 4.0000000000000000E+002, 0.0000000000000000E+000, 0.0000000000000000E+000, 0.0000000000000000E+000, 3.3285345458984375E+002, 7.7086981036700308E-005, 0.0000000000000000E+000, 0.0000000000000000E+000, 0.0000000000000000E+000, 0.0000000000000000E+000, 0.0000000000000000E+000, 0.0000000000000000E+000, 0.0000000000000000E+000, 0.0000000000000000E+000, 0.0000000000000000E+000,-3.5000000000000000E+001
4,0,27,32, 4.5000000000000000E+001, 3.3441159057617188E+002, 6.4020947320386767E-005, 0.0000000000000000E+000, 0.0000000000000000E+000, 0.0000000000000000E+000, 0.0000000000000000E+000, 0.0000000000000000E+000, 0.0000000000000000E+000, 0.0000000000000000E+000, 0.0000000000000000E+000, 0.0000000000000000E+000, 3.9860337972640991E-001, 6.8089741468429565E-001, 2.6048689453125000E+004, 4.0000000000000000E+002, 0.0000000000000000E+000, 0.0000000000000000E+000, 0.0000000000000000E+000, 3.3441159057617188E+002, 6.4020947320386767E-005, 0.0000000000000000E+000, 0.0000000000000000E+000, 0.0000000000000000E+000, 0.0000000000000000E+000, 0.0000000000000000E+000, 0.0000000000000000E+000, 0.0000000000000000E+000, 0.0000000000000000E+000, 0.0000000000000000E+000,-3.5000000000000000E+001
4,0,28,32, 4.5000000000000000E+001, 3.3594570922851562E+002, 5.2906572818756104E-005, 0.0000000000000000E+000, 0.0000000000000000E+000, 0.0000000000000000E+000, 0.0000000000000000E+000, 0.0000000000000000E+000, 0.0000000000000000E+000, 0.0000000000000000E+000, 0.0000000000000000E+000, 0.0000000000000000E+000, 3.8286241888999939E-001, 6.7123943567276001E-001, 2.4778281250000000E+004, 4.0000000000000000E+002, 0.0000000000000000E+000, 0.0000000000000000E+000, 0.0000000000000000E+000, 3.3594570922851562E+002, 5.2906572818756104E-005, 0.0000000000000000E+000, 0.0000000000000000E+000, 0.0000000000000000E+000, 0.0000000000000000E+000, 0.0000000000000000E+000, 0.0000000000000000E+000, 0.0000000000000000E+000, 0.0000000000000000E+000, 0.0000000000000000E+000,-3.5000000000000000E+001
4,0,29,32, 4.5000000000000000E+001, 3.3745468139648438E+002, 4.3485742935445160E-005, 0.0000000000000000E+000, 0.0000000000000000E+000, 0.0000000000000000E+000, 0.0000000000000000E+000, 0.0000000000000000E+000, 0.0000000000000000E+000, 0.0000000000000000E+000, 0.0000000000000000E+000, 0.0000000000000000E+000, 3.6777809262275696E-001, 6.6171848773956299E-001, 2.3569832031250000E+004, 4.0000000000000000E+002, 0.0000000000000000E+000, 0.0000000000000000E+000, 0.0000000000000000E+000, 3.3745468139648438E+002, 4.3485742935445160E-005, 0.0000000000000000E+000, 0.0000000000000000E+000, 0.0000000000000000E+000, 0.0000000000000000E+000, 0.0000000000000000E+000, 0.0000000000000000E+000, 0.0000000000000000E+000, 0.0000000000000000E+000, 0.0000000000000000E+000,-3.5000000000000000E+001
4,0,30,32, 4.5000000000000000E+001, 3.3893756103515625E+002, 3.5531902540242299E-005, 0.0000000000000000E+000, 0.0000000000000000E+000, 0.0000000000000000E+000, 0.0000000000000000E+000, 0.0000000000000000E+000, 0.0000000000000000E+000, 0.0000000000000000E+000, 0.0000000000000000E+000, 0.0000000000000000E+000, 3.5332229733467102E-001, 6.5233254432678223E-001, 2.2420314453125000E+004, 4.0000000000000000E+002, 0.0000000000000000E+000, 0.0000000000000000E+000, 0.0000000000000000E+000, 3.3893756103515625E+002, 3.5531902540242299E-005, 0.0000000000000000E+000, 0.0000000000000000E+000, 0.0000000000000000E+000, 0.0000000000000000E+000, 0.0000000000000000E+000, 0.0000000000000000E+000, 0.0000000000000000E+000, 0.0000000000000000E+000, 0.0000000000000000E+000,-3.5000000000000000E+001
4,0,31,32, 4.5000000000000000E+001, 3.4039321899414062E+002, 2.8838283469667658E-005, 0.0000000000000000E+000, 0.0000000000000000E+000, 0.0000000000000000E+000, 0.0000000000000000E+000, 0.0000000000000000E+000, 0.0000000000000000E+000, 0.0000000000000000E+000, 0.0000000000000000E+000, 0.0000000000000000E+000, 3.3946838974952698E-001, 6.4307975769042969E-001, 2.1326863281250000E+004, 4.0000000000000000E+002, 0.0000000000000000E+000, 0.0000000000000000E+000, 0.0000000000000000E+000, 3.4039321899414062E+002, 2.8838283469667658E-005, 0.0000000000000000E+000, 0.0000000000000000E+000, 0.0000000000000000E+000, 0.0000000000000000E+000, 0.0000000000000000E+000, 0.0000000000000000E+000, 0.0000000000000000E+000, 0.0000000000000000E+000, 0.0000000000000000E+000,-3.5000000000000000E+001
4,0,32,32, 4.5000000000000000E+001, 3.4182061767578125E+002, 2.3230126316775568E-005, 0.0000000000000000E+000, 0.0000000000000000E+000, 0.0000000000000000E+000, 0.0000000000000000E+000, 0.0000000000000000E+000, 0.0000000000000000E+000, 0.0000000000000000E+000, 0.0000000000000000E+000, 0.0000000000000000E+000, 3.2619059085845947E-001, 6.3395822048187256E-001, 2.0286738281250000E+004, 4.0000000000000000E+002, 0.0000000000000000E+000, 0.0000000000000000E+000, 0.0000000000000000E+000, 3.4182061767578125E+002, 2.3230126316775568E-005, 0.0000000000000000E+000, 0.0000000000000000E+000, 0.0000000000000000E+000, 0.0000000000000000E+000, 0.0000000000000000E+000, 0.0000000000000000E+000, 0.0000000000000000E+000, 0.0000000000000000E+000, 0.0000000000000000E+000,-3.5000000000000000E+001
5,0,1,32, 4.5000000000000000E+001, 2.8860336303710938E+002, 4.0974421426653862E-003, 0.0000000000000000E+000, 4.3149886187165976E-004, 0.0000000000000000E+000, 0.0000000000000000E+000, 0.0000000000000000E+000, 0.0000000000000000E+000, 0.0000000000000000E+000, 1.0265660000000000E+006, 0.0000000000000000E+000, 1.1689457893371582E+000, 9.8716795444488525E-001, 9.5580367187500000E+004, 4.0000000000000000E+002, 0.0000000000000000E+000, 0.0000000000000000E+000, 0.0000000000000000E+000, 2.8753103637695312E+002, 4.5289411209523678E-003, 0.0000000000000000E+000, 0.0000000000000000E+000, 0.0000000000000000E+000, 0.0000000000000000E+000, 0.0000000000000000E+000, 0.0000000000000000E+000, 0.0000000000000000E+000, 0.0000000000000000E+000, 0.0000000000000000E+000,-3.5000000000000000E+001
5,0,2,32, 4.5000000000000000E+001, 2.9049520874023438E+002, 3.7150592543184757E-003, 0.0000000000000000E+000, 5.2918941946700215E-004, 0.0000000000000000E+000, 0.0000000000000000E+000, 0.0000000000000000E+000, 0.0000000000000000E+000, 0.0000000000000000E+000, 1.0708657500000000E+006, 0.0000000000000000E+000, 1.1205886602401733E+000, 9.7316581010818481E-001, 9.0918859375000000E+004, 4.0000000000000000E+002, 0.0000000000000000E+000, 0.0000000000000000E+000, 0.0000000000000000E+000, 2.8915792846679688E+002, 4.2442488484084606E-003, 0.0000000000000000E+000, 0.0000000000000000E+000, 0.0000000000000000E+000, 0.0000000000000000E+000, 0.0000000000000000E+000, 0.0000000000000000E+000, 0.0000000000000000E+000, 0.0000000000000000E+000, 0.0000000000000000E+000,-3.5000000000000000E+001
5,0,3,32, 4.5000000000000000E+001, 2.9238174438476562E+002, 3.3599419984966516E-003, 0.0000000000000000E+000, 6.2304059974849224E-004, 0.0000000000000000E+000, 0.0000000000000000E+000, 0.0000000000000000E+000, 0.0000000000000000E+000, 0.0000000000000000E+000, 1.1170092500000000E+006, 0.0000000000000000E+000, 1.0742973089218140E+000, 9.5936226844787598E-001, 8.6484695312500000E+004, 4.0000000000000000E+002, 0.0000000000000000E+000, 0.0000000000000000E+000, 0.0000000000000000E+000, 2.9078079223632812E+002, 3.9829825982451439E-003, 0.0000000000000000E+000, 0.0000000000000000E+000, 0.0000000000000000E+000, 0.0000000000000000E+000, 0.0000000000000000E+000, 0.0000000000000000E+000, 0.0000000000000000E+000, 0.0000000000000000E+000, 0.0000000000000000E+000,-3.5000000000000000E+001
5,0,4,32, 4.5000000000000000E+001, 2.9426239013671875E+002, 3.0309739522635937E-003, 0.0000000000000000E+000, 7.0419878466054797E-004, 0.0000000000000000E+000, 0.0000000000000000E+000, 0.0000000000000000E+000, 0.0000000000000000E+000, 0.0000000000000000E+000, 1.1650693750000000E+006, 0.0000000000000000E+000, 1.0299816131591797E+000, 9.4575452804565430E-001, 8.2266789062500000E+004, 4.0000000000000000E+002, 0.0000000000000000E+000, 0.0000000000000000E+000, 0.0000000000000000E+000, 2.9242248535156250E+002, 3.7351727951318026E-003, 0.0000000000000000E+000, 0.0000000000000000E+000, 0.0000000000000000E+000, 0.0000000000000000E+000, 0.0000000000000000E+000, 0.0000000000000000E+000, 0.0000000000000000E+000, 0.0000000000000000E+000, 0.0000000000000000E+000,-3.5000000000000000E+001
5,0,5,32, 4.5000000000000000E+001, 2.9613668823242188E+002, 2.7270140126347542E-003, 0.0000000000000000E+000, 7.6409592293202877E-004, 0.0000000000000000E+000, 0.0000000000000000E+000, 0.0000000000000000E+000, 0.0000000000000000E+000, 0.0000000000000000E+000, 1.2151216250000000E+006, 0.0000000000000000E+000, 9.8755544424057007E-001, 9.3233978748321533E-001, 7.8254585937500000E+004, 4.0000000000000000E+002, 0.0000000000000000E+000, 0.0000000000000000E+000, 0.0000000000000000E+000, 2.9410675048828125E+002, 3.4911099355667830E-003, 0.0000000000000000E+000, 0.0000000000000000E+000, 0.0000000000000000E+000, 0.0000000000000000E+000, 0.0000000000000000E+000, 0.0000000000000000E+000, 0.0000000000000000E+000, 0.0000000000000000E+000, 0.0000000000000000E+000,-3.5000000000000000E+001
5,0,6,32, 4.5000000000000000E+001, 2.9800393676757812E+002, 2.4468842893838882E-003, 0.0000000000000000E+000, 7.9592876136302948E-004, 0.0000000000000000E+000, 0.0000000000000000E+000, 0.0000000000000000E+000, 0.0000000000000000E+000, 0.0000000000000000E+000, 1.2672433750000000E+006, 0.0000000000000000E+000, 9.4693726301193237E-001, 9.1911536455154419E-001, 7.4438070312500000E+004, 4.0000000000000000E+002, 0.0000000000000000E+000, 0.0000000000000000E+000, 0.0000000000000000E+000, 2.9585400390625000E+002, 3.2428130507469177E-003, 0.0000000000000000E+000, 0.0000000000000000E+000, 0.0000000000000000E+000, 0.0000000000000000E+000, 0.0000000000000000E+000, 0.0000000000000000E+000, 0.0000000000000000E+000, 0.0000000000000000E+000, 0.0000000000000000E+000,-3.5000000000000000E+001
5,0,7,32, 4.5000000000000000E+001, 2.9986364746093750E+002, 2.1894231904298067E-003, 0.0000000000000000E+000, 7.9592876136302948E-004, 0.0000000000000000E+000, 0.0000000000000000E+000, 0.0000000000000000E+000, 0.0000000000000000E+000, 0.0000000000000000E+000, 1.3215158750000000E+006, 0.0000000000000000E+000, 9.0804809331893921E-001, 9.0607851743698120E-001, 7.0807687500000000E+004, 4.0000000000000000E+002, 0.0000000000000000E+000, 0.0000000000000000E+000, 0.0000000000000000E+000, 2.9767776489257812E+002, 2.9853519517928362E-003, 0.0000000000000000E+000, 0.0000000000000000E+000, 0.0000000000000000E+000, 0.0000000000000000E+000, 0.0000000000000000E+000, 0.0000000000000000E+000, 0.0000000000000000E+000, 0.0000000000000000E+000, 0.0000000000000000E+000,-3.5000000000000000E+001
5,0,8,32, 4.5000000000000000E+001, 3.0171517944335938E+002, 1.9534402526915073E-003, 0.0000000000000000E+000, 7.6409592293202877E-004, 0.0000000000000000E+000, 0.0000000000000000E+000, 0.0000000000000000E+000, 0.0000000000000000E+000, 0.0000000000000000E+000, 1.3780222500000000E+006, 0.0000000000000000E+000, 8.7081319093704224E-001, 8.9322650432586670E-001, 6.7354351562500000E+004, 4.0000000000000000E+002, 0.0000000000000000E+000, 0.0000000000000000E+000, 0.0000000000000000E+000, 2.9958160400390625E+002, 2.7175364084541798E-003, 0.0000000000000000E+000, 0.0000000000000000E+000, 0.0000000000000000E+000, 0.0000000000000000E+000, 0.0000000000000000E+000, 0.0000000000000000E+000, 0.0000000000000000E+000, 0.0000000000000000E+000, 0.0000000000000000E+000,-3.5000000000000000E+001
5,0,9,32, 4.5000000000000000E+001, 3.0355789184570312E+002, 1.7377616604790092E-003, 0.0000000000000000E+000, 7.0419878466054797E-004, 0.0000000000000000E+000, 0.0000000000000000E+000, 0.0000000000000000E+000, 0.0000000000000000E+000, 0.0000000000000000E+000, 1.4368490000000000E+006, 0.0000000000000000E+000, 8.3516085147857666E-001, 8.8055688142776489E-001, 6.4069441406250000E+004, 4.0000000000000000E+002, 0.0000000000000000E+000, 0.0000000000000000E+000, 0.0000000000000000E+000, 3.0155874633789062E+002, 2.4419608525931835E-003, 0.0000000000000000E+000, 0.0000000000000000E+000, 0.0000000000000000E+000, 0.0000000000000000E+000, 0.0000000000000000E+000, 0.0000000000000000E+000, 0.0000000000000000E+000, 0.0000000000000000E+000, 0.0000000000000000E+000,-3.5000000000000000E+001
5,0,10,32, 4.5000000000000000E+001, 3.0539120483398438E+002, 1.5412194188684225E-003, 0.0000000000000000E+000, 6.2304059974849224E-004, 0.0000000000000000E+000, 0.0000000000000000E+000, 0.0000000000000000E+000, 0.0000000000000000E+000, 0.0000000000000000E+000, 1.4980858750000000E+006, 0.0000000000000000E+000, 8.0102217197418213E-001, 8.6806690692901611E-001, 6.0944734375000000E+004, 4.0000000000000000E+002, 0.0000000000000000E+000, 0.0000000000000000E+000, 0.0000000000000000E+000, 3.0359301757812500E+002, 2.1642611827701330E-003, 0.0000000000000000E+000, 0.0000000000000000E+000, 0.0000000000000000E+000, 0.0000000000000000E+000, 0.0000000000000000E+000, 0.0000000000000000E+000, 0.0000000000000000E+000, 0.0000000000000000E+000, 0.0000000000000000E+000,-3.5000000000000000E+001
5,0,11,32, 4.5000000000000000E+001, 3.0721441650390625E+002, 1.3626465806737542E-003, 0.0000000000000000E+000, 5.2918941946700215E-004, 0.0000000000000000E+000, 0.0000000000000000E+000, 0.0000000000000000E+000, 0.0000000000000000E+000, 0.0000000000000000E+000, 1.5618245000000000E+006, 0.0000000000000000E+000, 7.6833218336105347E-001, 8.5575407743453979E-001, 5.7972425781250000E+004, 4.0000000000000000E+002, 0.0000000000000000E+000, 0.0000000000000000E+000, 0.0000000000000000E+000, 3.0566168212890625E+002, 1.8918258138000965E-003, 0.0000000000000000E+000, 0.0000000000000000E+000, 0.0000000000000000E+000, 0.0000000000000000E+000, 1.2718946784673335E-008, 0.0000000000000000E+000, 0.0000000000000000E+000, 0.0000000000000000E+000, 2.5217735767364502E+000,-2.9822198867797852E+001
5,0,12,32, 4.5000000000000000E+001, 3.0902688598632812E+002, 1.2009073980152607E-003, 0.0000000000000000E+000, 4.3149886187165976E-004, 0.0000000000000000E+000, 0.0000000000000000E+000, 0.0000000000000000E+000, 0.0000000000000000E+000, 0.0000000000000000E+000, 1.6281615000000000E+006, 0.0000000000000000E+000, 7.3702764511108398E-001, 8.4361594915390015E-001, 5.5145078125000000E+004, 4.0000000000000000E+002, 0.0000000000000000E+000, 0.0000000000000000E+000, 0.0000000000000000E+000, 3.0773980712890625E+002, 1.6323798336088657E-003, 0.0000000000000000E+000, 0.0000000000000000E+000, 0.0000000000000000E+000, 0.0000000000000000E+000, 3.1951195467172511E-008, 0.0000000000000000E+000, 0.0000000000000000E+000, 0.0000000000000000E+000, 8.6577968597412109E+000,-2.7737743377685547E+001
5,0,13,32, 4.5000000000000000E+001, 3.1082788085937500E+002, 1.0548755526542664E-003, 0.0000000000000000E+000, 3.3777058706618845E-004, 0.0000000000000000E+000, 0.0000000000000000E+000, 0.0000000000000000E+000, 0.0000000000000000E+000, 0.0000000000000000E+000, 1.6971946250000000E+006, 0.0000000000000000E+000, 7.0704913139343262E-001, 8.3164995908737183E-001, 5.2455621093750000E+004, 4.0000000000000000E+002, 0.0000000000000000E+000, 0.0000000000000000E+000, 0.0000000000000000E+000, 3.0980380249023438E+002, 1.3925835955888033E-003, 0.0000000000000000E+000, 0.0000000000000000E+000, 0.0000000000000000E+000, 0.0000000000000000E+000, 7.2681991980516614E-008, 0.0000000000000000E+000, 0.0000000000000000E+000, 0.0000000000000000E+000, 2.8509735107421875E+001,-2.6134357452392578E+001
5,0,14,32, 4.5000000000000000E+001, 3.1261672973632812E+002, 9.2346157180145383E-004, 0.0000000000000000E+000, 2.5382693274877965E-004, 0.0000000000000000E+000, 0.0000000000000000E+000, 0.0000000000000000E+000, 0.0000000000000000E+000, 0.0000000000000000E+000, 1.7690268750000000E+006, 0.0000000000000000E+000, 6.7833906412124634E-001, 8.1985372304916382E-001, 4.9897328125000000E+004, 4.0000000000000000E+002, 0.0000000000000000E+000, 0.0000000000000000E+000, 0.0000000000000000E+000, 3.1183465576171875E+002, 1.1771551799029112E-003, 0.0000000000000000E+000, 0.0000000000000000E+000, 0.0000000000000000E+000, 0.0000000000000000E+000, 1.4973093698245066E-007, 0.0000000000000000E+000, 0.0000000000000000E+000, 0.0000000000000000E+000, 9.0103469848632812E+001,-2.5116556167602539E+001
5,0,15,32, 4.5000000000000000E+001, 3.1439276123046875E+002, 8.0560415517538786E-004, 0.0000000000000000E+000, 1.8311636813450605E-004, 0.0000000000000000E+000, 0.0000000000000000E+000, 0.0000000000000000E+000, 0.0000000000000000E+000, 0.0000000000000000E+000, 1.8437637500000000E+006, 0.0000000000000000E+000, 6.5084260702133179E-001, 8.0822473764419556E-001, 4.7463804687500000E+004, 4.0000000000000000E+002, 0.0000000000000000E+000, 0.0000000000000000E+000, 0.0000000000000000E+000, 3.1381979370117188E+002, 9.8846422042697668E-004, 0.0000000000000000E+000, 0.0000000000000000E+000, 0.0000000000000000E+000, 0.0000000000000000E+000, 2.7919978151658142E-007, 0.0000000000000000E+000, 0.0000000000000000E+000, 0.0000000000000000E+000, 2.7339633178710938E+002,-2.4731851577758789E+001
5,0,16,32, 4.5000000000000000E+001, 3.1615509033203125E+002, 7.0027000037953258E-004, 0.0000000000000000E+000, 1.2682081433013082E-004, 0.0000000000000000E+000, 0.0000000000000000E+000, 0.0000000000000000E+000, 0.0000000000000000E+000, 0.0000000000000000E+000, 1.9215135000000000E+006, 0.0000000000000000E+000, 6.2450772523880005E-001, 7.9676079750061035E-001, 4.5148972656250000E+004, 4.0000000000000000E+002, 0.0000000000000000E+000, 0.0000000000000000E+000, 0.0000000000000000E+000, 3.1575265502929688E+002, 8.2664680667221546E-004, 0.0000000000000000E+000, 0.0000000000000000E+000, 0.0000000000000000E+000, 0.0000000000000000E+000, 4.7072393272173940E-007, 0.0000000000000000E+000, 0.0000000000000000E+000, 0.0000000000000000E+000, 7.9663299560546875E+002,-2.5002441406250000E+001
5,0,17,32, 4.5000000000000000E+001, 3.1790313720703125E+002, 6.0647132340818644E-004, 0.0000000000000000E+000, 8.4319377492647618E-005, 0.0000000000000000E+000, 0.0000000000000000E+000, 0.0000000000000000E+000, 0.0000000000000000E+000, 0.0000000000000000E+000, 2.0023895000000000E+006, 0.0000000000000000E+000, 5.9928399324417114E-001, 7.8545939922332764E-001, 4.2947027343750000E+004, 4.0000000000000000E+002, 0.0000000000000000E+000, 0.0000000000000000E+000, 0.0000000000000000E+000, 3.1763259887695312E+002, 6.9009896833449602E-004, 0.0000000000000000E+000, 0.0000000000000000E+000, 0.0000000000000000E+000, 0.0000000000000000E+000, 7.2200572276415187E-007, 0.0000000000000000E+000, 0.0000000000000000E+000, 0.0000000000000000E+000, 2.2309721679687500E+003,-2.5873582839965820E+001
5,0,18,32, 4.5000000000000000E+001, 3.1963598632812500E+002, 5.2325677825137973E-004, 0.0000000000000000E+000, 5.3819287131773308E-005, 0.0000000000000000E+000, 0.0000000000000000E+000, 0.0000000000000000E+000, 0.0000000000000000E+000, 0.0000000000000000E+000, 2.0865075000000000E+006, 0.0000000000000000E+000, 5.7512372732162476E-001, 7.7431833744049072E-001, 4.0852476562500000E+004, 4.0000000000000000E+002, 0.0000000000000000E+000, 0.0000000000000000E+000, 0.0000000000000000E+000, 3.1946240234375000E+002, 5.7610985822975636E-004, 0.0000000000000000E+000, 0.0000000000000000E+000, 0.0000000000000000E+000, 0.0000000000000000E+000, 1.1758700111386133E-006, 0.0000000000000000E+000, 0.0000000000000000E+000, 0.0000000000000000E+000, 6.0891708984375000E+003,-2.6152862548828125E+001
5,0,19,32, 4.5000000000000000E+001, 3.2135290527343750E+002, 4.4971477473154664E-004, 0.0000000000000000E+000, 3.2977852242765948E-005, 0.0000000000000000E+000, 0.0000000000000000E+000, 0.0000000000000000E+000, 0.0000000000000000E+000, 0.0000000000000000E+000, 2.1739875000000000E+006, 0.0000000000000000E+000, 5.5198109149932861E-001, 7.6333528757095337E-001, 3.8860078125000000E+004, 4.0000000000000000E+002, 0.0000000000000000E+000, 0.0000000000000000E+000, 0.0000000000000000E+000, 3.2125234985351562E+002, 4.8010351019911468E-004, 0.0000000000000000E+000, 0.0000000000000000E+000, 0.0000000000000000E+000, 0.0000000000000000E+000, 2.9689319944736781E-006, 0.0000000000000000E+000, 0.0000000000000000E+000, 0.0000000000000000E+000, 1.5812919921875000E+004,-2.2642478942871094E+001
5,0,20,32, 4.5000000000000000E+001, 3.2305307006835938E+002, 3.8498168578371406E-004, 0.0000000000000000E+000, 1.9399047232582234E-005, 0.0000000000000000E+000, 0.0000000000000000E+000, 0.0000000000000000E+000, 0.0000000000000000E+000, 0.0000000000000000E+000, 2.2649527500000000E+006, 0.0000000000000000E+000, 5.2981239557266235E-001, 7.5250798463821411E-001, 3.6964851562500000E+004, 4.0000000000000000E+002, 0.0000000000000000E+000, 0.0000000000000000E+000, 0.0000000000000000E+000, 3.2300909423828125E+002, 3.9865740109235048E-004, 0.0000000000000000E+000, 0.0000000000000000E+000, 0.0000000000000000E+000, 0.0000000000000000E+000, 5.8394634834257886E-006, 0.0000000000000000E+000, 0.0000000000000000E+000, 0.0000000000000000E+000, 3.9109433593750000E+004,-2.0931562423706055E+001
5,0,21,32, 4.5000000000000000E+001, 3.2473556518554688E+002, 3.2823591027408838E-004, 0.0000000000000000E+000, 1.0954993740597274E-005, 0.0000000000000000E+000, 0.0000000000000000E+000, 0.0000000000000000E+000, 0.0000000000000000E+000, 0.0000000000000000E+000, 2.3595307500000000E+006, 0.0000000000000000E+000, 5.0857567787170410E-001, 7.4183434247970581E-001, 3.5162054687500000E+004, 4.0000000000000000E+002, 0.0000000000000000E+000, 0.0000000000000000E+000, 0.0000000000000000E+000, 3.2472653198242188E+002, 3.3180642640218139E-004, 0.0000000000000000E+000, 0.0000000000000000E+000, 0.0000000000000000E+000, 0.0000000000000000E+000, 7.0387304731411859E-006, 0.0000000000000000E+000, 0.0000000000000000E+000, 0.0000000000000000E+000, 9.2358812500000000E+004,-2.3144786834716797E+001
5,0,22,32, 4.5000000000000000E+001, 3.2639965820312500E+002, 2.7870121994055808E-004, 0.0000000000000000E+000, 5.9390595197328366E-006, 0.0000000000000000E+000, 0.0000000000000000E+000, 0.0000000000000000E+000, 0.0000000000000000E+000, 0.0000000000000000E+000, 2.4578537500000000E+006, 0.0000000000000000E+000, 4.8823082447052002E-001, 7.3131203651428223E-001, 3.3447179687500000E+004, 4.0000000000000000E+002, 0.0000000000000000E+000, 0.0000000000000000E+000, 0.0000000000000000E+000, 3.2640026855468750E+002, 2.7922762092202902E-004, 0.0000000000000000E+000, 0.0000000000000000E+000, 0.0000000000000000E+000, 0.0000000000000000E+000, 5.1398506002442446E-006, 0.0000000000000000E+000, 0.0000000000000000E+000, 0.0000000000000000E+000, 1.9586315625000000E+005,-2.8788011550903320E+001
5,0,23,32, 4.5000000000000000E+001, 3.2804440307617188E+002, 2.3564805451314896E-004, 0.0000000000000000E+000, 3.0909823180991225E-006, 0.0000000000000000E+000, 0.0000000000000000E+000, 0.0000000000000000E+000, 0.0000000000000000E+000, 0.0000000000000000E+000, 2.5600562500000000E+006, 0.0000000000000000E+000, 4.6873968839645386E-001, 7.2093898057937622E-001, 3.1815941406250000E+004, 4.0000000000000000E+002, 0.0000000000000000E+000, 0.0000000000000000E+000, 0.0000000000000000E+000, 3.2804559326171875E+002, 2.3570700432173908E-004, 0.0000000000000000E+000, 0.0000000000000000E+000, 0.0000000000000000E+000, 0.0000000000000000E+000, 2.8628123800444882E-006, 0.0000000000000000E+000, 0.0000000000000000E+000, 0.0000000000000000E+000, 1.1950174218750000E+005,-3.1262645721435547E+001
5,0,24,32, 4.5000000000000000E+001, 3.2966891479492188E+002, 1.9839167362079024E-004, 0.0000000000000000E+000, 1.5443632719325251E-006, 0.0000000000000000E+000, 0.0000000000000000E+000, 0.0000000000000000E+000, 0.0000000000000000E+000, 0.0000000000000000E+000, 2.6662775000000000E+006, 0.0000000000000000E+000, 4.5006567239761353E-001, 7.1071308851242065E-001, 3.0264261718750000E+004, 4.0000000000000000E+002, 0.0000000000000000E+000, 0.0000000000000000E+000, 0.0000000000000000E+000, 3.2966961669921875E+002, 1.9839761080220342E-004, 0.0000000000000000E+000, 0.0000000000000000E+000, 0.0000000000000000E+000, 0.0000000000000000E+000, 1.4459621979767689E-006, 0.0000000000000000E+000, 0.0000000000000000E+000, 0.0000000000000000E+000, 5.9583054687500000E+004,-3.3287399291992188E+001
5,0,25,32, 4.5000000000000000E+001, 3.3127224731445312E+002, 1.6629233141429722E-004, 0.0000000000000000E+000, 7.4075762768188724E-007, 0.0000000000000000E+000, 0.0000000000000000E+000, 0.0000000000000000E+000, 0.0000000000000000E+000, 0.0000000000000000E+000, 2.7766615000000000E+006, 0.0000000000000000E+000, 4.3217366933822632E-001, 7.0063221454620361E-001, 2.8788255859375000E+004, 4.0000000000000000E+002, 0.0000000000000000E+000, 0.0000000000000000E+000, 0.0000000000000000E+000, 3.3127258300781250E+002, 1.6629289893899113E-004, 0.0000000000000000E+000, 0.0000000000000000E+000, 0.0000000000000000E+000, 0.0000000000000000E+000, 6.9301802341215080E-007, 0.0000000000000000E+000, 0.0000000000000000E+000, 0.0000000000000000E+000, 2.8521521484375000E+004,-3.4894500732421875E+001
5,0,26,32, 4.5000000000000000E+001, 3.3285345458984375E+002, 1.3875655713491142E-004, 0.0000000000000000E+000, 3.4109538660231919E-007, 0.0000000000000000E+000, 0.0000000000000000E+000, 0.0000000000000000E+000, 0.0000000000000000E+000, 0.0000000000000000E+000, 2.8913552500000000E+006, 0.0000000000000000E+000, 4.1503027081489563E-001, 6.9069433212280273E-001, 2.7384236328125000E+004, 4.0000000000000000E+002, 0.0000000000000000E+000, 0.0000000000000000E+000, 0.0000000000000000E+000, 3.3285360717773438E+002, 1.3875661534257233E-004, 0.0000000000000000E+000, 0.0000000000000000E+000, 0.0000000000000000E+000, 0.0000000000000000E+000, 3.1810617429073318E-007, 0.0000000000000000E+000, 0.0000000000000000E+000, 0.0000000000000000E+000, 1.3106725585937500E+004,-3.5000000000000000E+001
5,0,27,32, 4.5000000000000000E+001, 3.3441159057617188E+002, 1.1523770081112161E-004, 0.0000000000000000E+000, 1.5078221338171716E-007, 0.0000000000000000E+000, 0.0000000000000000E+000, 0.0000000000000000E+000, 0.0000000000000000E+000, 0.0000000000000000E+000, 3.0105112500000000E+006, 0.0000000000000000E+000, 3.9860337972640991E-001, 6.8089741468429565E-001, 2.6048689453125000E+004, 4.0000000000000000E+002, 0.0000000000000000E+000, 0.0000000000000000E+000, 0.0000000000000000E+000, 3.3441165161132812E+002, 1.1523770808707923E-004, 0.0000000000000000E+000, 0.0000000000000000E+000, 0.0000000000000000E+000, 0.0000000000000000E+000, 1.4010504401085200E-007, 0.0000000000000000E+000, 0.0000000000000000E+000, 0.0000000000000000E+000, 5.7820541992187500E+003,-3.5000000000000000E+001
5,0,28,32, 4.5000000000000000E+001, 3.3594570922851562E+002, 9.5231829618569463E-005, 0.0000000000000000E+000, 6.3987904752593749E-008, 0.0000000000000000E+000, 0.0000000000000000E+000, 0.0000000000000000E+000, 0.0000000000000000E+000, 0.0000000000000000E+000, 3.1342852500000000E+006, 0.0000000000000000E+000, 3.8286241888999939E-001, 6.7123943567276001E-001, 2.4778281250000000E+004, 4.0000000000000000E+002, 0.0000000000000000E+000, 0.0000000000000000E+000, 0.0000000000000000E+000, 3.3594573974609375E+002, 9.5231829618569463E-005, 0.0000000000000000E+000, 0.0000000000000000E+000, 0.0000000000000000E+000, 0.0000000000000000E+000, 5.9231073379351074E-008, 0.0000000000000000E+000, 0.0000000000000000E+000, 0.0000000000000000E+000, 2.4486931152343750E+003,-3.5000000000000000E+001
5,0,29,32, 4.5000000000000000E+001, 3.3745468139648438E+002, 7.8274337283801287E-005, 0.0000000000000000E+000, 2.6068699199299772E-008, 0.0000000000000000E+000, 0.0000000000000000E+000, 0.0000000000000000E+000, 0.0000000000000000E+000, 0.0000000000000000E+000, 3.2628370000000000E+006, 0.0000000000000000E+000, 3.6777809262275696E-001, 6.6171848773956299E-001, 2.3569832031250000E+004, 4.0000000000000000E+002, 0.0000000000000000E+000, 0.0000000000000000E+000, 0.0000000000000000E+000, 3.3745471191406250E+002, 7.8274337283801287E-005, 0.0000000000000000E+000, 0.0000000000000000E+000, 0.0000000000000000E+000, 0.0000000000000000E+000, 2.4021936440021818E-008, 0.0000000000000000E+000, 0.0000000000000000E+000, 0.0000000000000000E+000, 9.9533221435546875E+002,-3.5000000000000000E+001
5,0,30,32, 4.5000000000000000E+001, 3.3893756103515625E+002, 6.3957420934457332E-005, 0.0000000000000000E+000, 1.0195621236164243E-008, 0.0000000000000000E+000, 0.0000000000000000E+000, 0.0000000000000000E+000, 0.0000000000000000E+000, 0.0000000000000000E+000, 3.3963325000000000E+006, 0.0000000000000000E+000, 3.5332229733467102E-001, 6.5233254432678223E-001, 2.2420314453125000E+004, 4.0000000000000000E+002, 0.0000000000000000E+000, 0.0000000000000000E+000, 0.0000000000000000E+000, 3.3893753051757812E+002, 6.3966319430619478E-005, 0.0000000000000000E+000, 0.0000000000000000E+000, 0.0000000000000000E+000, 0.0000000000000000E+000, 0.0000000000000000E+000, 0.0000000000000000E+000, 0.0000000000000000E+000, 0.0000000000000000E+000, 0.0000000000000000E+000,-3.5000000000000000E+001
5,0,31,32, 4.5000000000000000E+001, 3.4039321899414062E+002, 5.1908908062614501E-005, 0.0000000000000000E+000, 3.8280938419177346E-009, 0.0000000000000000E+000, 0.0000000000000000E+000, 0.0000000000000000E+000, 0.0000000000000000E+000, 0.0000000000000000E+000, 3.5349387500000000E+006, 0.0000000000000000E+000, 3.3946838974952698E-001, 6.4307975769042969E-001, 2.1326863281250000E+004, 4.0000000000000000E+002, 0.0000000000000000E+000, 0.0000000000000000E+000, 0.0000000000000000E+000, 3.4039318847656250E+002, 5.1912735216319561E-005, 0.0000000000000000E+000, 0.0000000000000000E+000, 0.0000000000000000E+000, 0.0000000000000000E+000, 0.0000000000000000E+000, 0.0000000000000000E+000, 0.0000000000000000E+000, 0.0000000000000000E+000, 0.0000000000000000E+000,-3.5000000000000000E+001
5,0,32,32, 4.5000000000000000E+001, 3.4182061767578125E+002, 4.1814226278802380E-005, 0.0000000000000000E+000, 1.3798286957467099E-009, 0.0000000000000000E+000, 0.0000000000000000E+000, 0.0000000000000000E+000, 0.0000000000000000E+000, 0.0000000000000000E+000, 3.6788307500000000E+006, 0.0000000000000000E+000, 3.2619059085845947E-001, 6.3395822048187256E-001, 2.0286738281250000E+004, 4.0000000000000000E+002, 0.0000000000000000E+000, 0.0000000000000000E+000, 0.0000000000000000E+000, 3.4182061767578125E+002, 4.1815605072770268E-005, 0.0000000000000000E+000, 0.0000000000000000E+000, 0.0000000000000000E+000, 0.0000000000000000E+000, 0.0000000000000000E+000, 0.0000000000000000E+000, 0.0000000000000000E+000, 0.0000000000000000E+000, 0.0000000000000000E+000,-3.5000000000000000E+001
6,0,1,32, 4.5000000000000000E+001, 2.8171499633789062E+002, 5.5935410782694817E-003, 0.0000000000000000E+000, 0.0000000000000000E+000, 0.0000000000000000E+000, 4.3149886187165976E-004, 2.6968680322170258E-004, 0.0000000000000000E+000, 1.6701065625000000E+005, 0.0000000000000000E+000, 8.3505328125000000E+004, 1.1975283622741699E+000, 9.8716795444488525E-001, 9.5580367187500000E+004, 4.0000000000000000E+002, 0.0000000000000000E+000, 0.0000000000000000E+000, 0.0000000000000000E+000, 2.8147094726562500E+002, 5.5967890657484531E-003, 2.3443244567822319E-010, 7.2623672895133495E-004, 0.0000000000000000E+000, 0.0000000000000000E+000, 0.0000000000000000E+000, 0.0000000000000000E+000, 0.0000000000000000E+000, 2.5025803125000000E+005, 0.0000000000000000E+000, 2.2641824722290039E+001
6,0,2,32, 4.5000000000000000E+001, 2.8597387695312500E+002, 5.9664892032742500E-003, 0.0000000000000000E+000, 0.0000000000000000E+000, 0.0000000000000000E+000, 5.2918941946700215E-004, 3.3074340899474919E-004, 0.0000000000000000E+000, 1.7569973437500000E+005, 0.0000000000000000E+000, 8.7849867187500000E+004, 1.1383056640625000E+000, 9.7316581010818481E-001, 9.0918859375000000E+004, 4.0000000000000000E+002, 0.0000000000000000E+000, 0.0000000000000000E+000, 0.0000000000000000E+000, 2.8567977905273438E+002, 5.9667606838047504E-003, 3.6880594507238129E-006, 8.8371738092973828E-004, 0.0000000000000000E+000, 0.0000000000000000E+000, 0.0000000000000000E+000, 0.0000000000000000E+000, 0.0000000000000000E+000, 2.6318646875000000E+005, 0.0000000000000000E+000, 2.3905647277832031E+001
6,0,3,32, 4.5000000000000000E+001, 2.9029699707031250E+002, 6.3644298352301121E-003, 0.0000000000000000E+000, 0.0000000000000000E+000, 0.0000000000000000E+000, 6.2304059974849224E-004, 3.8940040394663811E-004, 0.0000000000000000E+000, 1.8484079687500000E+005, 0.0000000000000000E+000, 9.2420398437500000E+004, 1.0820121765136719E+000, 9.5936226844787598E-001, 8.6484695312500000E+004, 4.0000000000000000E+002, 0.0000000000000000E+000, 0.0000000000000000E+000, 0.0000000000000000E+000, 2.8997366333007812E+002, 6.3539352267980576E-003, 1.5129729035834316E-005, 1.0312504600733519E-003, 0.0000000000000000E+000, 0.0000000000000000E+000, 2.9103830456733704E-011, 0.0000000000000000E+000, 0.0000000000000000E+000, 2.7675581250000000E+005, 7.8125000000000000E-003, 2.4805757522583008E+001
6,0,4,32, 4.5000000000000000E+001, 2.9468536376953125E+002, 6.7890491336584091E-003, 0.0000000000000000E+000, 0.0000000000000000E+000, 0.0000000000000000E+000, 7.0419878466054797E-004, 4.4012427679263055E-004, 0.0000000000000000E+000, 1.9445734375000000E+005, 0.0000000000000000E+000, 9.7228671875000000E+004, 1.0285031795501709E+000, 9.4575452804565430E-001, 8.2266789062500000E+004, 4.0000000000000000E+002, 0.0000000000000000E+000, 0.0000000000000000E+000, 0.0000000000000000E+000, 2.9433703613281250E+002, 6.7686359398066998E-003, 2.5622677640058100E-005, 1.1543346336111426E-003, 0.0000000000000000E+000, 0.0000000000000000E+000, 0.0000000000000000E+000, 0.0000000000000000E+000, 0.0000000000000000E+000, 2.9099959375000000E+005, 0.0000000000000000E+000, 2.5344318389892578E+001
6,0,5,32, 4.5000000000000000E+001, 2.9913986206054688E+002, 7.2421529330313206E-003, 0.0000000000000000E+000, 0.0000000000000000E+000, 0.0000000000000000E+000, 7.6409592293202877E-004, 4.7755998093634844E-004, 0.0000000000000000E+000, 2.0457407812500000E+005, 0.0000000000000000E+000, 1.0228703906250000E+005, 9.7764098644256592E-001, 9.3233978748321533E-001, 7.8254585937500000E+004, 4.0000000000000000E+002, 0.0000000000000000E+000, 0.0000000000000000E+000, 0.0000000000000000E+000, 2.9877282714843750E+002, 7.2138551622629166E-003, 3.3920183341251686E-005, 1.2397585669532418E-003, 0.0000000000000000E+000, 0.0000000000000000E+000, 2.9103830456733704E-011, 0.0000000000000000E+000, 0.0000000000000000E+000, 3.0595459375000000E+005, 7.8125000000000000E-003, 2.5523639678955078E+001
6,0,6,32, 4.5000000000000000E+001, 3.0366156005859375E+002, 7.7257174998521805E-003, 0.0000000000000000E+000, 0.0000000000000000E+000, 0.0000000000000000E+000, 7.9592876136302948E-004, 4.9745547585189342E-004, 0.0000000000000000E+000, 2.1521703125000000E+005, 0.0000000000000000E+000, 1.0760851562500000E+005, 9.2929446697235107E-001, 9.1911536455154419E-001, 7.4438070312500000E+004, 4.0000000000000000E+002, 0.0000000000000000E+000, 0.0000000000000000E+000, 0.0000000000000000E+000, 3.0328347778320312E+002, 7.6926625333726406E-003, 3.8881862565176561E-005, 1.2779575772583485E-003, 0.0000000000000000E+000, 0.0000000000000000E+000, 0.0000000000000000E+000, 0.0000000000000000E+000, 0.0000000000000000E+000, 3.2166121875000000E+005, 0.0000000000000000E+000, 2.5346323013305664E+001
6,0,7,32, 4.5000000000000000E+001, 3.0825140380859375E+002, 8.2417959347367287E-003, 0.0000000000000000E+000, 0.0000000000000000E+000, 0.0000000000000000E+000, 7.9592876136302948E-004, 4.9745547585189342E-004, 0.0000000000000000E+000, 2.2641353125000000E+005, 0.0000000000000000E+000, 1.1320676562500000E+005, 8.8333940505981445E-001, 9.0607851743698120E-001, 7.0807687500000000E+004, 4.0000000000000000E+002, 0.0000000000000000E+000, 0.0000000000000000E+000, 0.0000000000000000E+000, 3.0787033081054688E+002, 8.2079004496335983E-003, 3.9693662984063849E-005, 1.2647784315049648E-003, 0.0000000000000000E+000, 0.0000000000000000E+000, 0.0000000000000000E+000, 0.0000000000000000E+000, 0.0000000000000000E+000, 3.3816365625000000E+005, 0.0000000000000000E+000, 2.4815155029296875E+001
6,0,8,32, 4.5000000000000000E+001, 3.1291055297851562E+002, 8.7926629930734634E-003, 0.0000000000000000E+000, 0.0000000000000000E+000, 0.0000000000000000E+000, 7.6409592293202877E-004, 4.7755998093634844E-004, 0.0000000000000000E+000, 2.3819248437500000E+005, 0.0000000000000000E+000, 1.1909624218750000E+005, 8.3965706825256348E-001, 8.9322650432586670E-001, 6.7354351562500000E+004, 4.0000000000000000E+002, 0.0000000000000000E+000, 0.0000000000000000E+000, 0.0000000000000000E+000, 3.1253393554687500E+002, 8.7621817365288734E-003, 3.6021338019054383E-005, 1.2022007722407579E-003, 0.0000000000000000E+000, 0.0000000000000000E+000, 0.0000000000000000E+000, 0.0000000000000000E+000, 0.0000000000000000E+000, 3.5550996875000000E+005, 0.0000000000000000E+000, 2.3932941436767578E+001
6,0,9,32, 4.5000000000000000E+001, 3.1763992309570312E+002, 9.3806935474276543E-003, 0.0000000000000000E+000, 0.0000000000000000E+000, 0.0000000000000000E+000, 7.0419878466054797E-004, 4.4012427679263055E-004, 0.0000000000000000E+000, 2.5058406250000000E+005, 0.0000000000000000E+000, 1.2529203125000000E+005, 7.9813534021377563E-001, 8.8055688142776489E-001, 6.4069441406250000E+004, 4.0000000000000000E+002, 0.0000000000000000E+000, 0.0000000000000000E+000, 0.0000000000000000E+000, 3.1727377319335938E+002, 9.3577075749635696E-003, 2.8069591280655004E-005, 1.0978505015373230E-003, 0.0000000000000000E+000, 0.0000000000000000E+000, 0.0000000000000000E+000, 0.0000000000000000E+000, 0.0000000000000000E+000, 3.7375171875000000E+005, 0.0000000000000000E+000, 2.2702379226684570E+001
6,0,10,32, 4.5000000000000000E+001, 3.2244058227539062E+002, 1.0008441284298897E-002, 0.0000000000000000E+000, 0.0000000000000000E+000, 0.0000000000000000E+000, 6.2304059974849224E-004, 3.8940040394663811E-004, 0.0000000000000000E+000, 2.6362015625000000E+005, 0.0000000000000000E+000, 1.3181007812500000E+005, 7.5866734981536865E-001, 8.6806690692901611E-001, 6.0944734375000000E+004, 4.0000000000000000E+002, 0.0000000000000000E+000, 0.0000000000000000E+000, 0.0000000000000000E+000, 3.2208883666992188E+002, 9.9963471293449402E-003, 1.6572988897678442E-005, 9.6346728969365358E-004, 0.0000000000000000E+000, 0.0000000000000000E+000, 2.9103830456733704E-011, 0.0000000000000000E+000, 0.0000000000000000E+000, 3.9294421875000000E+005, 1.5625000000000000E-002, 2.1125867843627930E+001
6,0,11,32, 4.5000000000000000E+001, 3.2731365966796875E+002, 1.0678705759346485E-002, 0.0000000000000000E+000, 0.0000000000000000E+000, 0.0000000000000000E+000, 5.2918941946700215E-004, 3.3074340899474919E-004, 0.0000000000000000E+000, 2.7733428125000000E+005, 0.0000000000000000E+000, 1.3866714062500000E+005, 7.2115141153335571E-001, 8.5575407743453979E-001, 5.7972425781250000E+004, 4.0000000000000000E+002, 0.0000000000000000E+000, 0.0000000000000000E+000, 0.0000000000000000E+000, 3.2697799682617188E+002, 1.0679888539016247E-002, 2.6068996703543235E-006, 8.1275653792545199E-004, 0.0000000000000000E+000, 0.0000000000000000E+000, 0.0000000000000000E+000, 0.0000000000000000E+000, 0.0000000000000000E+000, 4.1314640625000000E+005, 0.0000000000000000E+000, 1.9205381393432617E+001
6,0,12,32, 4.5000000000000000E+001, 3.3226019287109375E+002, 1.1394401080906391E-002, 0.0000000000000000E+000, 0.0000000000000000E+000, 0.0000000000000000E+000, 4.3149886187165976E-004, 2.6968680322170258E-004, 0.0000000000000000E+000, 2.9176162500000000E+005, 0.0000000000000000E+000, 1.4588081250000000E+005, 6.8549108505249023E-001, 8.4361594915390015E-001, 5.5145078125000000E+004, 4.0000000000000000E+002, 0.0000000000000000E+000, 0.0000000000000000E+000, 0.0000000000000000E+000, 3.3197656250000000E+002, 1.1397478170692921E-002, 0.0000000000000000E+000, 6.5915525192394853E-004, 0.0000000000000000E+000, 0.0000000000000000E+000, 0.0000000000000000E+000, 0.0000000000000000E+000, 0.0000000000000000E+000, 4.3441993750000000E+005, 0.0000000000000000E+000, 1.6941957473754883E+001
6,0,13,32, 4.5000000000000000E+001, 3.3728131103515625E+002, 1.2158757075667381E-002, 0.0000000000000000E+000, 0.0000000000000000E+000, 0.0000000000000000E+000, 3.3777058706618845E-004, 2.1110662783030421E-004, 0.0000000000000000E+000, 3.0693946875000000E+005, 0.0000000000000000E+000, 1.5346973437500000E+005, 6.5159428119659424E-001, 8.3164995908737183E-001, 5.2455621093750000E+004, 4.0000000000000000E+002, 0.0000000000000000E+000, 0.0000000000000000E+000, 0.0000000000000000E+000, 3.3705630493164062E+002, 1.2161155231297016E-002, 0.0000000000000000E+000, 5.1399768562987447E-004, 0.0000000000000000E+000, 0.0000000000000000E+000, 0.0000000000000000E+000, 0.0000000000000000E+000, 0.0000000000000000E+000, 4.5682959375000000E+005, 0.0000000000000000E+000, 1.4336708068847656E+001
6,0,14,32, 4.5000000000000000E+001, 3.4237817382812500E+002, 1.2975166551768780E-002, 0.0000000000000000E+000, 0.0000000000000000E+000, 0.0000000000000000E+000, 2.5382693274877965E-004, 1.5864183660596609E-004, 0.0000000000000000E+000, 3.2290668750000000E+005, 0.0000000000000000E+000, 1.6145334375000000E+005, 6.1937397718429565E-001, 8.1985372304916382E-001, 4.9897328125000000E+004, 4.0000000000000000E+002, 0.0000000000000000E+000, 0.0000000000000000E+000, 0.0000000000000000E+000, 3.4220678710937500E+002, 1.2976960279047489E-002, 0.0000000000000000E+000, 3.8538136868737638E-004, 0.0000000000000000E+000, 2.9103830456733704E-011, 0.0000000000000000E+000, 0.0000000000000000E+000, 3.1250000000000000E-002, 4.8044225000000000E+005, 0.0000000000000000E+000, 1.1389910697937012E+001
6,0,15,32, 4.5000000000000000E+001, 3.4755184936523438E+002, 1.3847279362380505E-002, 0.0000000000000000E+000, 0.0000000000000000E+000, 0.0000000000000000E+000, 1.8311636813450605E-004, 1.1444774281699210E-004, 0.0000000000000000E+000, 3.3970431250000000E+005, 0.0000000000000000E+000, 1.6985215625000000E+005, 5.8874732255935669E-001, 8.0822473764419556E-001, 4.7463804687500000E+004, 4.0000000000000000E+002, 0.0000000000000000E+000, 0.0000000000000000E+000, 0.0000000000000000E+000, 3.4742654418945312E+002, 1.3848568312823772E-002, 0.0000000000000000E+000, 2.7781462995335460E-004, 0.0000000000000000E+000, 0.0000000000000000E+000, 7.2759576141834259E-012, 0.0000000000000000E+000, 0.0000000000000000E+000, 5.0532684375000000E+005, 1.5625000000000000E-002, 8.1011543273925781E+000
6,0,16,32, 4.5000000000000000E+001, 3.5280349731445312E+002, 1.4779098331928253E-002, 0.0000000000000000E+000, 0.0000000000000000E+000, 0.0000000000000000E+000, 1.2682081433013082E-004, 7.9263016232289374E-005, 0.0000000000000000E+000, 3.5737556250000000E+005, 0.0000000000000000E+000, 1.7868778125000000E+005, 5.5963534116744995E-001, 7.9676079750061035E-001, 4.5148972656250000E+004, 4.0000000000000000E+002, 0.0000000000000000E+000, 0.0000000000000000E+000, 0.0000000000000000E+000, 3.5271557617187500E+002, 1.4779986813664436E-002, 0.0000000000000000E+000, 1.9253302889410406E-004, 0.0000000000000000E+000, 0.0000000000000000E+000, 0.0000000000000000E+000, 0.0000000000000000E+000, 0.0000000000000000E+000, 5.3155456250000000E+005, 0.0000000000000000E+000, 4.4694967269897461E+000
6,0,17,32, 4.5000000000000000E+001, 3.5813433837890625E+002, 1.5774827450513840E-002, 0.0000000000000000E+000, 0.0000000000000000E+000, 0.0000000000000000E+000, 8.4319377492647618E-005, 5.2699611842399463E-005, 0.0000000000000000E+000, 3.7596590625000000E+005, 0.0000000000000000E+000, 1.8798295312500000E+005, 5.3196310997009277E-001, 7.8545939922332764E-001, 4.2947027343750000E+004, 4.0000000000000000E+002, 0.0000000000000000E+000, 0.0000000000000000E+000, 0.0000000000000000E+000, 3.5807510375976562E+002, 1.5775416046380997E-002, 0.0000000000000000E+000, 1.2825355224777013E-004, 0.0000000000000000E+000, 0.0000000000000000E+000, 0.0000000000000000E+000, 0.0000000000000000E+000, 0.0000000000000000E+000, 5.5919787500000000E+005, 0.0000000000000000E+000, 4.9368575215339661E-001
6,0,18,32, 4.5000000000000000E+001, 3.6354556274414062E+002, 1.6839109361171722E-002, 0.0000000000000000E+000, 0.0000000000000000E+000, 0.0000000000000000E+000, 5.3819287131773308E-005, 3.3637057640589774E-005, 0.0000000000000000E+000, 3.9552315625000000E+005, 0.0000000000000000E+000, 1.9776157812500000E+005, 5.0565940141677856E-001, 7.7431833744049072E-001, 4.0852476562500000E+004, 4.0000000000000000E+002, 0.0000000000000000E+000, 0.0000000000000000E+000, 0.0000000000000000E+000, 3.6350726318359375E+002, 1.6839481890201569E-002, 0.0000000000000000E+000, 8.2103317254222929E-005, 0.0000000000000000E+000, 0.0000000000000000E+000, 0.0000000000000000E+000, 0.0000000000000000E+000, 0.0000000000000000E+000, 5.8833125000000000E+005, 0.0000000000000000E+000,-3.8274650573730469E+000
6,0,19,32, 4.5000000000000000E+001, 3.6903836059570312E+002, 1.7976857721805573E-002, 0.0000000000000000E+000, 0.0000000000000000E+000, 0.0000000000000000E+000, 3.2977852242765948E-005, 2.0611158106476068E-005, 0.0000000000000000E+000, 4.1609750000000000E+005, 0.0000000000000000E+000, 2.0804875000000000E+005, 4.8065659403800964E-001, 7.6333528757095337E-001, 3.8860078125000000E+004, 4.0000000000000000E+002, 0.0000000000000000E+000, 0.0000000000000000E+000, 0.0000000000000000E+000, 3.6901458740234375E+002, 1.7977084964513779E-002, 0.0000000000000000E+000, 5.0499049393692985E-005, 0.0000000000000000E+000, 0.0000000000000000E+000, 1.8189894035458565E-012, 0.0000000000000000E+000, 0.0000000000000000E+000, 6.1903062500000000E+005, 1.5625000000000000E-002,-8.4940080642700195E+000
6,0,20,32, 4.5000000000000000E+001, 3.7461395263671875E+002, 1.9193362444639206E-002, 0.0000000000000000E+000, 0.0000000000000000E+000, 0.0000000000000000E+000, 1.9399047232582234E-005, 1.2124404747737572E-005, 0.0000000000000000E+000, 4.3774178125000000E+005, 0.0000000000000000E+000, 2.1887089062500000E+005, 4.5689037442207336E-001, 7.5250798463821411E-001, 3.6964851562500000E+004, 4.0000000000000000E+002, 0.0000000000000000E+000, 0.0000000000000000E+000, 0.0000000000000000E+000, 3.7459976196289062E+002, 1.9193496555089951E-002, 0.0000000000000000E+000, 2.9835822715540417E-005, 0.0000000000000000E+000, 1.8189894035458565E-012, 0.0000000000000000E+000, 0.0000000000000000E+000, 6.2500000000000000E-002, 6.5137406250000000E+005, 0.0000000000000000E+000,-1.3501334190368652E+001
6,0,21,32, 4.5000000000000000E+001, 3.8027359008789062E+002, 2.0494468510150909E-002, 0.0000000000000000E+000, 0.0000000000000000E+000, 0.0000000000000000E+000, 1.0954993740597274E-005, 6.8468716563074850E-006, 0.0000000000000000E+000, 4.6051178125000000E+005, 0.0000000000000000E+000, 2.3025589062500000E+005, 4.3429940938949585E-001, 7.4183434247970581E-001, 3.5162054687500000E+004, 4.0000000000000000E+002, 0.0000000000000000E+000, 0.0000000000000000E+000, 0.0000000000000000E+000, 3.8026547241210938E+002, 2.0494543015956879E-002, 0.0000000000000000E+000, 1.7046435459633358E-005, 0.0000000000000000E+000, 0.0000000000000000E+000, 4.5474735088646412E-013, 0.0000000000000000E+000, 0.0000000000000000E+000, 6.8029700000000000E+005, 1.5625000000000000E-002,-1.8735300064086914E+001
6,0,22,32, 4.5000000000000000E+001, 3.8601852416992188E+002, 2.1886309608817101E-002, 0.0000000000000000E+000, 0.0000000000000000E+000, 0.0000000000000000E+000, 5.9390595197328366E-006, 3.7119125408935361E-006, 0.0000000000000000E+000, 4.8446593750000000E+005, 0.0000000000000000E+000, 2.4223296875000000E+005, 4.1282573342323303E-001, 7.3131203651428223E-001, 3.3447179687500000E+004, 4.0000000000000000E+002, 0.0000000000000000E+000, 0.0000000000000000E+000, 0.0000000000000000E+000, 3.8601403808593750E+002, 2.1886350587010384E-002, 0.0000000000000000E+000, 9.2205445980653167E-006, 0.0000000000000000E+000, 0.0000000000000000E+000, 0.0000000000000000E+000, 0.0000000000000000E+000, 0.0000000000000000E+000, 3.6797771875000000E+005, 0.0000000000000000E+000,-2.1572553634643555E+001
6,0,23,32, 4.5000000000000000E+001, 3.9185009765625000E+002, 2.3375706747174263E-002, 0.0000000000000000E+000, 0.0000000000000000E+000, 0.0000000000000000E+000, 3.0909823180991225E-006, 1.9318640624987893E-006, 0.0000000000000000E+000, 5.0966587500000000E+005, 0.0000000000000000E+000, 2.5483293750000000E+005, 3.9241394400596619E-001, 7.2093898057937622E-001, 3.1815941406250000E+004, 4.0000000000000000E+002, 0.0000000000000000E+000, 0.0000000000000000E+000, 0.0000000000000000E+000, 3.9184774780273438E+002, 2.3375727236270905E-002, 0.0000000000000000E+000, 4.7351895773317665E-006, 0.0000000000000000E+000, 2.2737367544323206E-013, 0.0000000000000000E+000, 0.0000000000000000E+000, 6.2500000000000000E-002, 1.8897412500000000E+005, 0.0000000000000000E+000,-2.4567569732666016E+001
6,0,24,32, 4.5000000000000000E+001, 3.9776953125000000E+002, 2.4969913065433502E-002, 0.0000000000000000E+000, 0.0000000000000000E+000, 0.0000000000000000E+000, 1.5443632719325251E-006, 9.6522717285552062E-007, 0.0000000000000000E+000, 5.3617631250000000E+005, 0.0000000000000000E+000, 2.6808815625000000E+005, 3.7301161885261536E-001, 7.1071308851242065E-001, 3.0264261718750000E+004, 4.0000000000000000E+002, 0.0000000000000000E+000, 0.0000000000000000E+000, 0.0000000000000000E+000, 3.9776629638671875E+002, 2.4970520287752151E-002, 0.0000000000000000E+000, 1.7742705722412211E-006, 0.0000000000000000E+000, 0.0000000000000000E+000, 0.0000000000000000E+000, 0.0000000000000000E+000, 0.0000000000000000E+000, 7.0808406250000000E+004, 0.0000000000000000E+000,-2.8632432937622070E+001
6,0,25,32, 4.5000000000000000E+001, 4.0377816772460938E+002, 2.6676774024963379E-002, 0.0000000000000000E+000, 0.0000000000000000E+000, 0.0000000000000000E+000, 7.4075762768188724E-007, 4.6297353151203424E-007, 0.0000000000000000E+000, 5.6406543750000000E+005, 0.0000000000000000E+000, 2.8203271875000000E+005, 3.5456880927085876E-001, 7.0063221454620361E-001, 2.8788255859375000E+004, 4.0000000000000000E+002, 0.0000000000000000E+000, 0.0000000000000000E+000, 0.0000000000000000E+000, 4.0377499389648438E+002, 2.6677533984184265E-002, 0.0000000000000000E+000, 4.2169972402916756E-007, 0.0000000000000000E+000, 0.0000000000000000E+000, 0.0000000000000000E+000, 0.0000000000000000E+000, 0.0000000000000000E+000, 1.6829386718750000E+004, 0.0000000000000000E+000,-3.3337997436523438E+001
6,0,26,32, 4.5000000000000000E+001, 4.0987741088867188E+002, 2.8504978865385056E-002, 0.0000000000000000E+000, 0.0000000000000000E+000, 0.0000000000000000E+000, 3.4109538660231919E-007, 2.1318463439001789E-007, 0.0000000000000000E+000, 5.9340493750000000E+005, 0.0000000000000000E+000, 2.9670246875000000E+005, 3.3703798055648804E-001, 6.9069433212280273E-001, 2.7384236328125000E+004, 4.0000000000000000E+002, 0.0000000000000000E+000, 0.0000000000000000E+000, 0.0000000000000000E+000, 4.0987591552734375E+002, 2.8505332767963409E-002, 0.0000000000000000E+000, 1.8911791244136111E-007, 0.0000000000000000E+000, 0.0000000000000000E+000, 0.0000000000000000E+000, 0.0000000000000000E+000, 0.0000000000000000E+000, 7.5474047851562500E+003, 0.0000000000000000E+000,-3.5000000000000000E+001
6,0,27,32, 4.5000000000000000E+001, 4.1606854248046875E+002, 3.0463725328445435E-002, 0.0000000000000000E+000, 0.0000000000000000E+000, 0.0000000000000000E+000, 1.5078221338171716E-007, 9.4238892245357420E-008, 0.0000000000000000E+000, 6.2427012500000000E+005, 0.0000000000000000E+000, 3.1213506250000000E+005, 3.2037413120269775E-001, 6.8089741468429565E-001, 2.6048689453125000E+004, 4.0000000000000000E+002, 0.0000000000000000E+000, 0.0000000000000000E+000, 0.0000000000000000E+000, 4.1606787109375000E+002, 3.0463883653283119E-002, 0.0000000000000000E+000, 8.1408600749455218E-008, 0.0000000000000000E+000, 0.0000000000000000E+000, 0.0000000000000000E+000, 0.0000000000000000E+000, 0.0000000000000000E+000, 3.2488920898437500E+003, 0.0000000000000000E+000,-3.5000000000000000E+001
6,0,28,32, 4.5000000000000000E+001, 4.2235302734375000E+002, 3.2563272863626480E-002, 0.0000000000000000E+000, 0.0000000000000000E+000, 0.0000000000000000E+000, 6.3987904752593749E-008, 3.9992443134906352E-008, 0.0000000000000000E+000, 6.5674043750000000E+005, 0.0000000000000000E+000, 3.2837021875000000E+005, 3.0453431606292725E-001, 6.7123943567276001E-001, 2.4778281250000000E+004, 4.0000000000000000E+002, 0.0000000000000000E+000, 0.0000000000000000E+000, 0.0000000000000000E+000, 4.2235275268554688E+002, 3.2563339918851852E-002, 0.0000000000000000E+000, 3.3635970453360642E-008, 0.0000000000000000E+000, 0.0000000000000000E+000, 0.0000000000000000E+000, 0.0000000000000000E+000, 0.0000000000000000E+000, 1.3423598632812500E+003, 0.0000000000000000E+000,-3.5000000000000000E+001
6,0,29,32, 4.5000000000000000E+001, 4.2873217773437500E+002, 3.4814618527889252E-002, 0.0000000000000000E+000, 0.0000000000000000E+000, 0.0000000000000000E+000, 2.6068699199299772E-008, 1.6292938553874592E-008, 0.0000000000000000E+000, 6.9089937500000000E+005, 0.0000000000000000E+000, 3.4544968750000000E+005, 2.8947776556015015E-001, 6.6171848773956299E-001, 2.3569832031250000E+004, 4.0000000000000000E+002, 0.0000000000000000E+000, 0.0000000000000000E+000, 0.0000000000000000E+000, 4.2873208618164062E+002, 3.4814648330211639E-002, 0.0000000000000000E+000, 1.3338748772184772E-008, 0.0000000000000000E+000, 0.0000000000000000E+000, 0.0000000000000000E+000, 0.0000000000000000E+000, 0.0000000000000000E+000, 5.3232891845703125E+002, 0.0000000000000000E+000,-3.5000000000000000E+001
6,0,30,32, 4.5000000000000000E+001, 4.3520745849609375E+002, 3.7229731678962708E-002, 0.0000000000000000E+000, 0.0000000000000000E+000, 0.0000000000000000E+000, 1.0195621236164243E-008, 6.3722640497587690E-009, 0.0000000000000000E+000, 7.2683450000000000E+005, 0.0000000000000000E+000, 3.6341725000000000E+005, 2.7516579627990723E-001, 6.5233254432678223E-001, 2.2420314453125000E+004, 4.0000000000000000E+002, 0.0000000000000000E+000, 0.0000000000000000E+000, 0.0000000000000000E+000, 4.3520742797851562E+002, 3.7229742854833603E-002, 0.0000000000000000E+000, 5.0768171888648794E-009, 0.0000000000000000E+000, 0.0000000000000000E+000, 0.0000000000000000E+000, 0.0000000000000000E+000, 0.0000000000000000E+000, 2.0260795593261719E+002, 0.0000000000000000E+000,-3.5000000000000000E+001
6,0,31,32, 4.5000000000000000E+001, 4.4178036499023438E+002, 3.9821926504373550E-002, 0.0000000000000000E+000, 0.0000000000000000E+000, 0.0000000000000000E+000, 3.8280938419177346E-009, 2.3925588177320378E-009, 0.0000000000000000E+000, 7.6463850000000000E+005, 0.0000000000000000E+000, 3.8231925000000000E+005, 2.6156151294708252E-001, 6.4307975769042969E-001, 2.1326863281250000E+004, 4.0000000000000000E+002, 0.0000000000000000E+000, 0.0000000000000000E+000, 0.0000000000000000E+000, 4.4178036499023438E+002, 3.9821930229663849E-002, 0.0000000000000000E+000, 1.8544561442013219E-009, 0.0000000000000000E+000, 0.0000000000000000E+000, 0.0000000000000000E+000, 0.0000000000000000E+000, 0.0000000000000000E+000, 7.4008491516113281E+001, 0.0000000000000000E+000,-3.5000000000000000E+001
6,0,32,32, 4.5000000000000000E+001, 4.4845223999023438E+002, 4.2605441063642502E-002, 0.0000000000000000E+000, 0.0000000000000000E+000, 0.0000000000000000E+000, 1.3798286957467099E-009, 8.6239299035284489E-010, 0.0000000000000000E+000, 8.0440818750000000E+005, 0.0000000000000000E+000, 4.0220409375000000E+005, 2.4862998723983765E-001, 6.3395822048187256E-001, 2.0286738281250000E+004, 4.0000000000000000E+002, 0.0000000000000000E+000, 0.0000000000000000E+000, 0.0000000000000000E+000, 4.4845223999023438E+002, 4.2605441063642502E-002, 0.0000000000000000E+000, 6.2495819630470351E-010, 0.0000000000000000E+000, 0.0000000000000000E+000, 0.0000000000000000E+000, 0.0000000000000000E+000, 0.0000000000000000E+000, 2.4941120147705078E+001, 0.0000000000000000E+000,-3.5000000000000000E+001
7,0,1,32, 4.5000000000000000E+001, 2.6581088256835938E+002, 1.9378097495064139E-003, 2.2973827435635030E-004, 0.0000000000000000E+000, 2.5526474928483367E-005, 5.3937360644340515E-004, 1.0787471546791494E-004, 5.5153750000000000E+004, 1.5758214062500000E+005, 0.0000000000000000E+000, 5.5153750000000000E+004, 1.2691793441772461E+000, 9.8716795444488525E-001, 9.5580367187500000E+004, 4.0000000000000000E+002, 0.0000000000000000E+000, 0.0000000000000000E+000, 0.0000000000000000E+000, 2.6619467163085938E+002, 1.8155737780034542E-003, 1.3616884825751185E-004, 3.5800007402997380E-009, 2.7767859137384221E-005, 7.3569477535784245E-004, 1.4311289123725146E-004, 5.0671945312500000E+004, 1.5753650000000000E+005, 5.0734664916992188E+001, 5.5323539062500000E+004, 1.9136651992797852E+001
7,0,2,32, 4.5000000000000000E+001, 2.6840237426757812E+002, 1.8506848718971014E-003, 3.6714237648993731E-004, 0.0000000000000000E+000, 4.0793594962451607E-005, 6.6148681798949838E-004, 1.3229735486675054E-004, 5.7716390625000000E+004, 1.6490396875000000E+005, 0.0000000000000000E+000, 5.7716390625000000E+004, 1.2128270864486694E+000, 9.7316581010818481E-001, 9.0918859375000000E+004, 4.0000000000000000E+002, 0.0000000000000000E+000, 0.0000000000000000E+000, 0.0000000000000000E+000, 2.6880044555664062E+002, 1.7356130992993712E-003, 1.8787609587889165E-004, 1.1166193303324690E-008, 4.2459647374926135E-005, 9.7556854598224163E-004, 1.8561049364507198E-004, 5.2349417968750000E+004, 1.5827285937500000E+005, 1.6040356445312500E+002, 6.7622078125000000E+004, 2.1279504776000977E+001
7,0,3,32, 4.5000000000000000E+001, 2.7101336669921875E+002, 1.7657246207818389E-003, 5.5228680139407516E-004, 0.0000000000000000E+000, 6.1365200963336974E-005, 7.7880080789327621E-004, 1.5576014993712306E-004, 6.0396812500000000E+004, 1.7256231250000000E+005, 0.0000000000000000E+000, 6.0396812500000000E+004, 1.1590015888214111E+000, 9.5936226844787598E-001, 8.6484695312500000E+004, 4.0000000000000000E+002, 0.0000000000000000E+000, 0.0000000000000000E+000, 0.0000000000000000E+000, 2.7143380737304688E+002, 1.6585090197622776E-003, 2.5903829373419285E-004, 3.0049896793116204E-008, 6.2060564232524484E-005, 1.0429436806589365E-003, 3.2116757938638330E-004, 5.4225953125000000E+004, 4.1497402954101562E+002, 4.3705874633789062E+002, 2.3404317187500000E+005, 4.7124050140380859E+001
7,0,4,32, 4.5000000000000000E+001, 2.7364392089843750E+002, 1.6829748637974262E-003, 7.8203034354373813E-004, 0.0000000000000000E+000, 8.6892257968429476E-005, 8.8024855358526111E-004, 1.7604969616513699E-004, 6.3200371093750000E+004, 1.8057250000000000E+005, 0.0000000000000000E+000, 6.3200371093750000E+004, 1.1075884103775024E+000, 9.4575452804565430E-001, 8.2266789062500000E+004, 4.0000000000000000E+002, 0.0000000000000000E+000, 0.0000000000000000E+000, 0.0000000000000000E+000, 2.7409490966796875E+002, 1.5841735294088721E-003, 3.4832183155231178E-004, 6.9763011367740546E-008, 8.6563843069598079E-005, 1.1252390686422586E-003, 4.9311271868646145E-004, 5.6355996093750000E+004, 4.4771832275390625E+002, 1.0262386474609375E+003, 2.4487807812500000E+005, 4.7257728576660156E+001
7,0,5,32, 4.5000000000000000E+001, 2.7629412841796875E+002, 1.6024740180000663E-003, 1.0423448402434587E-003, 0.0000000000000000E+000, 1.1581608850974590E-004, 9.5511996187269688E-004, 1.9102398073300719E-004, 6.6132664062500000E+004, 1.8895046875000000E+005, 0.0000000000000000E+000, 6.6132664062500000E+004, 1.0584784746170044E+000, 9.3233978748321533E-001, 7.8254585937500000E+004, 4.0000000000000000E+002, 0.0000000000000000E+000, 0.0000000000000000E+000, 0.0000000000000000E+000, 2.7678341674804688E+002, 1.5124886995181441E-003, 4.4497562339529395E-004, 1.3969625456411450E-007, 1.2212025467306376E-004, 1.1509493924677372E-003, 6.9864373654127121E-004, 5.8769824218750000E+004, 4.5794812011718750E+002, 2.0763942871093750E+003, 2.5585437500000000E+005, 4.7160182952880859E+001
7,0,6,32, 4.5000000000000000E+001, 2.7896389770507812E+002, 1.5242445515468717E-003, 1.3077603653073311E-003, 0.0000000000000000E+000, 1.4530670887324959E-004, 9.9491095170378685E-004, 1.9898219034075737E-004, 6.9199476562500000E+004, 1.9771279687500000E+005, 0.0000000000000000E+000, 6.9199476562500000E+004, 1.0115683078765869E+000, 9.1911536455154419E-001, 7.4438070312500000E+004, 4.0000000000000000E+002, 0.0000000000000000E+000, 0.0000000000000000E+000, 0.0000000000000000E+000, 2.7949011230468750E+002, 1.4423714019358158E-003, 5.5913516553118825E-004, 2.4124497599586903E-007, 1.5426284517161548E-004, 1.1947309831157327E-003, 8.3109951810911298E-004, 6.1608554687500000E+004, 4.7536822509765625E+002, 3.6199045410156250E+003, 2.6757403125000000E+005, 4.7126308441162109E+001
7,0,7,32, 4.5000000000000000E+001, 2.8165328979492188E+002, 1.4483164995908737E-003, 1.5444494783878326E-003, 0.0000000000000000E+000, 1.7160549759864807E-004, 9.9491095170378685E-004, 1.9898219034075737E-004, 7.2406937500000000E+004, 2.0687696875000000E+005, 0.0000000000000000E+000, 7.2406937500000000E+004, 9.6675819158554077E-001, 9.0607851743698120E-001, 7.0807687500000000E+004, 4.0000000000000000E+002, 0.0000000000000000E+000, 0.0000000000000000E+000, 0.0000000000000000E+000, 2.8220819091796875E+002, 1.3731928775086999E-003, 6.8123755045235157E-004, 3.5924136909670779E-007, 1.8346743308939040E-004, 1.1939783580601215E-003, 9.2010508524253964E-004, 6.5094617187500000E+004, 4.7506878662109375E+002, 5.4373276367187500E+003, 2.7979281250000000E+005, 4.6927562713623047E+001
7,0,8,32, 4.5000000000000000E+001, 2.8436236572265625E+002, 1.3747083721682429E-003, 1.7169124912470579E-003, 0.0000000000000000E+000, 1.9076805619988590E-004, 9.5511996187269688E-004, 1.9102398073300719E-004, 7.5761398437500000E+004, 2.1646114062500000E+005, 0.0000000000000000E+000, 7.5761398437500000E+004, 9.2395335435867310E-001, 8.9322650432586670E-001, 6.7354351562500000E+004, 4.0000000000000000E+002, 0.0000000000000000E+000, 0.0000000000000000E+000, 0.0000000000000000E+000, 2.8492950439453125E+002, 1.3043454382568598E-003, 8.0192484892904758E-004, 4.6122644903334731E-007, 2.0496171782724559E-004, 1.1488739401102066E-003, 9.4372610328719020E-004, 6.9696070312500000E+004, 4.5712231445312500E+002, 7.0364492187500000E+003, 2.9253965625000000E+005, 4.6564220428466797E+001
7,0,9,32, 4.5000000000000000E+001, 2.8709106445312500E+002, 1.3034354196861386E-003, 1.7966005252674222E-003, 0.0000000000000000E+000, 1.9962228543590754E-004, 8.8024855358526111E-004, 1.7604969616513699E-004, 7.9269492187500000E+004, 2.2648426562500000E+005, 0.0000000000000000E+000, 7.9269492187500000E+004, 8.8306355476379395E-001, 8.8055688142776489E-001, 6.4069441406250000E+004, 4.0000000000000000E+002, 0.0000000000000000E+000, 0.0000000000000000E+000, 0.0000000000000000E+000, 2.8764916992187500E+002, 1.2356659863144159E-003, 9.0528285363689065E-004, 5.1049414651060943E-007, 2.1480154828168452E-004, 1.0646933224052191E-003, 8.9466635836288333E-004, 7.6320101562500000E+004, 4.2362792968750000E+002, 7.8447905273437500E+003, 3.0584725000000000E+005, 4.6037525177001953E+001
7,0,10,32, 4.5000000000000000E+001, 2.8983941650390625E+002, 1.2345066061243415E-003, 1.7696352442726493E-003, 0.0000000000000000E+000, 1.9662613340187818E-004, 7.7880080789327621E-004, 1.5576014993712306E-004, 8.2938164062500000E+004, 2.3696617187500000E+005, 0.0000000000000000E+000, 8.2938164062500000E+004, 8.4400230646133423E-001, 8.6806690692901611E-001, 6.0944734375000000E+004, 4.0000000000000000E+002, 0.0000000000000000E+000, 0.0000000000000000E+000, 0.0000000000000000E+000, 2.9036746215820312E+002, 1.1675280984491110E-003, 9.7106531029567122E-004, 4.8704561095291865E-007, 2.1117132564540952E-004, 9.5081113977357745E-004, 7.8351167030632496E-004, 8.6607015625000000E+004, 3.7831564331054688E+002, 7.5344506835937500E+003, 3.1975187500000000E+005, 4.5349987030029297E+001
7,0,11,32, 4.5000000000000000E+001, 2.9260742187500000E+002, 1.1679270537570119E-003, 1.6407591756433249E-003, 0.0000000000000000E+000, 1.8230656860396266E-004, 6.6148681798949838E-004, 1.3229735486675054E-004, 8.6774625000000000E+004, 2.4792750000000000E+005, 0.0000000000000000E+000, 8.6774625000000000E+004, 8.0668741464614868E-001, 8.5575407743453979E-001, 5.7972425781250000E+004, 4.0000000000000000E+002, 0.0000000000000000E+000, 0.0000000000000000E+000, 0.0000000000000000E+000, 2.9308993530273438E+002, 1.1006928980350494E-003, 9.8122295457869768E-004, 4.0050466054708522E-007, 1.9498734036460519E-004, 8.1895524635910988E-004, 6.3457735814154148E-004, 1.0328309375000000E+005, 3.3629687500000000E+002, 6.2337338867187500E+003, 3.3429362500000000E+005, 4.4368583679199219E+001
7,0,12,32, 4.5000000000000000E+001, 2.9539508056640625E+002, 1.1036992073059082E-003, 1.4319729525595903E-003, 0.0000000000000000E+000, 1.5910810907371342E-004, 5.3937360644340515E-004, 1.0787471546791494E-004, 9.0786492187500000E+004, 2.5938996875000000E+005, 0.0000000000000000E+000, 9.0786492187500000E+004, 7.7103984355926514E-001, 8.4361594915390015E-001, 5.5145078125000000E+004, 4.0000000000000000E+002, 0.0000000000000000E+000, 0.0000000000000000E+000, 0.0000000000000000E+000, 2.9582495117187500E+002, 1.0360078886151314E-003, 9.2774978838860989E-004, 2.8383490757732943E-007, 1.6917422180995345E-004, 6.8117462797090411E-004, 4.7671218635514379E-004, 1.3043689062500000E+005, 9.8731250000000000E+002, 4.4428085937500000E+003, 3.4951690625000000E+005, 3.7899623870849609E+001
7,0,13,32, 4.5000000000000000E+001, 2.9820239257812500E+002, 1.0418174788355827E-003, 1.1763963848352432E-003, 0.0000000000000000E+000, 1.3071070134174079E-004, 4.2221325566060841E-004, 8.4442646766547114E-005, 9.4981625000000000E+004, 2.7137606250000000E+005, 0.0000000000000000E+000, 9.4981625000000000E+004, 7.3698467016220093E-001, 8.3164995908737183E-001, 5.2455621093750000E+004, 4.0000000000000000E+002, 0.0000000000000000E+000, 0.0000000000000000E+000, 0.0000000000000000E+000, 2.9857781982421875E+002, 9.7391358576714993E-004, 8.2584540359675884E-004, 1.7334396318346990E-007, 1.3068287807982415E-004, 5.1539257401600480E-004, 3.3501727739349008E-004, 1.7368870312500000E+005, 6.0580937500000000E+003, 2.7275148925781250E+003, 3.5936990625000000E+005, 2.7428325653076172E+001
7,0,14,32, 4.5000000000000000E+001, 3.0102932739257812E+002, 9.8227150738239288E-004, 9.0970669407397509E-004, 0.0000000000000000E+000, 1.0107851994689554E-004, 3.1728367321193218E-004, 6.3456733187194914E-005, 9.9368289062500000E+004, 2.8390940625000000E+005, 0.0000000000000000E+000, 9.9368289062500000E+004, 7.0445007085800171E-001, 8.1985372304916382E-001, 4.9897328125000000E+004, 4.0000000000000000E+002, 0.0000000000000000E+000, 0.0000000000000000E+000, 0.0000000000000000E+000, 3.0136083984375000E+002, 9.1521971626207232E-004, 6.7385251168161631E-004, 9.1222950970859529E-008, 1.0324269533157349E-004, 4.3210538569837809E-004, 2.2036072914488614E-004, 2.3941409375000000E+005, 1.0266200000000000E+005, 1.4423336181640625E+003, 2.7936018750000000E+005, 1.3777268409729004E+001
7,0,15,32, 4.5000000000000000E+001, 3.0387588500976562E+002, 9.2504912754520774E-004, 6.6218298161402345E-004, 0.0000000000000000E+000, 7.3575887654442340E-005, 2.2889548563398421E-004, 4.5779092033626512E-005, 1.0395509375000000E+005, 2.9701456250000000E+005, 0.0000000000000000E+000, 1.0395509375000000E+005, 6.7336767911911011E-001, 8.0822473764419556E-001, 4.7463804687500000E+004, 4.0000000000000000E+002, 0.0000000000000000E+000, 0.0000000000000000E+000, 0.0000000000000000E+000, 3.0417184448242188E+002, 8.5960101569071412E-004, 5.1101652206853032E-004, 4.1364028646739825E-008, 7.7449425589293242E-005, 3.3321400405839086E-004, 1.3271476200316101E-004, 3.3372287500000000E+005, 2.0420193750000000E+005, 6.5696691894531250E+002, 1.9500275000000000E+005, 8.6094245910644531E+000
7,0,16,32, 4.5000000000000000E+001, 3.0674200439453125E+002, 8.7013148004189134E-004, 4.5371538726612926E-004, 0.0000000000000000E+000, 5.0412822020007297E-005, 1.5852603246457875E-004, 3.1705203582532704E-005, 1.0875099218750000E+005, 3.1071712500000000E+005, 0.0000000000000000E+000, 1.0875099218750000E+005, 6.4367228746414185E-001, 7.9676079750061035E-001, 4.5148972656250000E+004, 4.0000000000000000E+002, 0.0000000000000000E+000, 0.0000000000000000E+000, 0.0000000000000000E+000, 3.0701025390625000E+002, 8.0688076559454203E-004, 3.6064436426386237E-004, 1.6159891202960353E-008, 5.5432785302400589E-005, 2.7948131901212037E-004, 5.0603695854078978E-005, 4.6018359375000000E+005, 3.1291518750000000E+005, 2.5774575805664062E+002, 1.0853571093750000E+005, 4.7580761909484863E+000
7,0,17,32, 4.5000000000000000E+001, 3.0962771606445312E+002, 8.1749621313065290E-004, 2.9262932366691530E-004, 0.0000000000000000E+000, 3.2514370104763657E-005, 1.0539922368479893E-004, 2.1079844373161905E-005, 1.1376545312500000E+005, 3.2504415625000000E+005, 0.0000000000000000E+000, 1.1376545312500000E+005, 6.1530101299285889E-001, 7.8545939922332764E-001, 4.2947027343750000E+004, 4.0000000000000000E+002, 0.0000000000000000E+000, 0.0000000000000000E+000, 0.0000000000000000E+000, 3.0987432861328125E+002, 7.5683009345084429E-004, 2.3784187214914709E-004, 5.4391025017253014E-009, 3.8161790143931285E-005, 1.9353286188561469E-004, 3.5047123674303293E-005, 4.8756625000000000E+005, 3.2704421875000000E+005, 8.7096778869628906E+001, 1.1353921093750000E+005, 1.1789917945861816E+000
7,0,18,32, 4.5000000000000000E+001, 3.1253295898437500E+002, 7.6712010195478797E-004, 1.7765650409273803E-004, 0.0000000000000000E+000, 1.9739611161639914E-005, 6.7274115281179547E-005, 1.3454821782943327E-005, 1.1900821093750000E+005, 3.4002343750000000E+005, 0.0000000000000000E+000, 1.1900821093750000E+005, 5.8819472789764404E-001, 7.7431833744049072E-001, 4.0852476562500000E+004, 4.0000000000000000E+002, 0.0000000000000000E+000, 0.0000000000000000E+000, 0.0000000000000000E+000, 3.1276208496093750E+002, 7.0924474857747555E-004, 1.4805163664277643E-004, 1.5771310923895498E-009, 2.5586170522728935E-005, 1.3313972158357501E-004, 2.4120814487105235E-005, 5.1003518750000000E+005, 3.4155696875000000E+005, 2.5349426269531250E+001, 1.1877619531250000E+005,-2.4538974761962891E+000
7,0,19,32, 4.5000000000000000E+001, 3.1545770263671875E+002, 7.1897020097821951E-004, 1.0152508184546605E-004, 0.0000000000000000E+000, 1.1280564649496228E-005, 4.1222316212952137E-005, 8.2444630606914870E-006, 1.2448950781250000E+005, 3.5568431250000000E+005, 0.0000000000000000E+000, 1.2448950781250000E+005, 5.6229639053344727E-001, 7.6333528757095337E-001, 3.8860078125000000E+004, 4.0000000000000000E+002, 0.0000000000000000E+000, 0.0000000000000000E+000, 0.0000000000000000E+000, 3.1567199707031250E+002, 6.6396855982020497E-004, 8.9010536612477154E-005, 3.9394998374575607E-010, 1.6973724996205419E-005, 9.1360110673122108E-005, 1.6579793737037107E-005, 5.3352643750000000E+005, 3.5657359375000000E+005, 6.3545331954956055E+000, 1.2425583593750000E+005,-6.1045536994934082E+000
7,0,20,32, 4.5000000000000000E+001, 3.1840194702148438E+002, 6.7301100352779031E-004, 5.4612766689388081E-005, 0.0000000000000000E+000, 6.0680849855998531E-006, 2.4248809495475143E-005, 4.8497618081455585E-006, 1.3022003125000000E+005, 3.7205725000000000E+005, 0.0000000000000000E+000, 1.3022003125000000E+005, 5.3755170106887817E-001, 7.5250798463821411E-001, 3.6964851562500000E+004, 4.0000000000000000E+002, 0.0000000000000000E+000, 0.0000000000000000E+000, 0.0000000000000000E+000, 3.1860302734375000E+002, 6.2089471612125635E-004, 5.4214287956710905E-005, 8.4767408370378661E-011, 1.1300081496301573E-005, 6.2764418544247746E-005, 1.1426291166571900E-005, 5.5808587500000000E+005, 3.7229446875000000E+005, 1.3719627857208252E+000, 1.2998789062500000E+005,-9.7437725067138672E+000
7,0,21,32, 4.5000000000000000E+001, 3.2136553955078125E+002, 6.2920310301706195E-004, 2.7653124561766163E-005, 0.0000000000000000E+000, 3.0725693704880541E-006, 1.3693743312614970E-005, 2.7387484351493185E-006, 1.3621092187500000E+005, 3.8917406250000000E+005, 0.0000000000000000E+000, 1.3621092187500000E+005, 5.1390886306762695E-001, 7.4183434247970581E-001, 3.5162054687500000E+004, 4.0000000000000000E+002, 0.0000000000000000E+000, 0.0000000000000000E+000, 0.0000000000000000E+000, 3.2155456542968750E+002, 5.7993922382593155E-004, 3.6127647035755217E-005, 1.5711484196989645E-011, 7.5859379649045877E-006, 4.3356583773856983E-005, 7.9185192589648068E-006, 5.8376112500000000E+005, 3.8893500000000000E+005, 2.5511771440505981E-001, 1.3598245312500000E+005,-1.3334525108337402E+001
7,0,22,32, 4.5000000000000000E+001, 3.2434854125976562E+002, 5.8750540483742952E-004, 1.3180230780562852E-005, 0.0000000000000000E+000, 1.4644700740973349E-006, 7.4238250817870721E-006, 1.4847648799332092E-006, 1.4247382812500000E+005, 4.0706809375000000E+005, 0.0000000000000000E+000, 1.4247382812500000E+005, 4.9131828546524048E-001, 7.3131203651428223E-001, 3.3447179687500000E+004, 4.0000000000000000E+002, 0.0000000000000000E+000, 0.0000000000000000E+000, 0.0000000000000000E+000, 3.2452639770507812E+002, 5.4104003356769681E-004, 2.8198026484460570E-005, 2.5083654771329567E-012, 5.1112756409565918E-006, 3.0237297323765233E-005, 5.4214442570810206E-006, 6.1060212500000000E+005, 4.0661143750000000E+005, 4.0857620537281036E-002, 1.3813103125000000E+005,-1.6843971252441406E+001
7,0,23,32, 4.5000000000000000E+001, 3.2735086059570312E+002, 5.4787728004157543E-004, 5.9133108152309433E-006, 0.0000000000000000E+000, 6.5703449081411236E-007, 3.8637281249975786E-006, 7.7274557952478062E-007, 1.4902089062500000E+005, 4.2577396875000000E+005, 0.0000000000000000E+000, 1.4902089062500000E+005, 4.6973279118537903E-001, 7.2093898057937622E-001, 3.1815941406250000E+004, 4.0000000000000000E+002, 0.0000000000000000E+000, 0.0000000000000000E+000, 0.0000000000000000E+000, 3.2751797485351562E+002, 5.0413102144375443E-004, 2.6353218345320784E-005, 3.4493518067876816E-013, 3.8680418583680876E-006, 2.1317557184374891E-005, 2.7539533675735584E-006, 6.3866100000000000E+005, 4.2528712500000000E+005, 5.6355479173362255E-003, 7.4293406250000000E+004,-2.0241109848022461E+001
7,0,24,32, 4.5000000000000000E+001, 3.3037240600585938E+002, 5.1025912398472428E-004, 2.4972773644549306E-006, 0.0000000000000000E+000, 2.7747526587518223E-007, 1.9304543457110412E-006, 3.8609081798313127E-007, 1.5586476562500000E+005, 4.4532790625000000E+005, 0.0000000000000000E+000, 1.5586476562500000E+005, 4.4910725951194763E-001, 7.1071308851242065E-001, 3.0264261718750000E+004, 4.0000000000000000E+002, 0.0000000000000000E+000, 0.0000000000000000E+000, 0.0000000000000000E+000, 3.3052978515625000E+002, 4.6916946303099394E-004, 2.5967998226406053E-005, 4.0395380725317953E-014, 3.3173498650285183E-006, 1.5154997527133673E-005, 1.3211559917181148E-006, 6.6799181250000000E+005, 4.4487062500000000E+005, 6.6725409124046564E-004, 3.7044101562500000E+004,-2.3558309555053711E+001
7,0,25,32, 4.5000000000000000E+001, 3.3341317749023438E+002, 4.7461083158850670E-004, 9.9273268006072612E-007, 0.0000000000000000E+000, 1.1030363111785846E-007, 9.2594706302406848E-007, 1.8518940692047181E-007, 1.6301870312500000E+005, 4.6576775000000000E+005, 0.0000000000000000E+000, 1.6301870312500000E+005, 4.2939856648445129E-001, 7.0063221454620361E-001, 2.8788255859375000E+004, 4.0000000000000000E+002, 0.0000000000000000E+000, 0.0000000000000000E+000, 0.0000000000000000E+000, 3.3356140136718750E+002, 4.3608772102743387E-004, 2.6371752028353512E-005, 0.0000000000000000E+000, 2.6644720492186025E-006, 1.0822722288139630E-005, 6.0799919765486266E-007, 6.9865162500000000E+005, 4.6533293750000000E+005, 0.0000000000000000E+000, 1.7731921875000000E+004,-2.6793275833129883E+001
7,0,26,32, 4.5000000000000000E+001, 3.3647299194335938E+002, 4.4086994603276253E-004, 3.7147236753298785E-007, 0.0000000000000000E+000, 4.1274706319427423E-008, 4.2636926878003578E-007, 8.5273846650579799E-008, 1.7049646875000000E+005, 4.8713278125000000E+005, 0.0000000000000000E+000, 1.7049646875000000E+005, 4.1056567430496216E-001, 6.9069433212280273E-001, 2.7384236328125000E+004, 4.0000000000000000E+002, 0.0000000000000000E+000, 0.0000000000000000E+000, 0.0000000000000000E+000, 3.3662548828125000E+002, 4.0482426993548870E-004, 0.0000000000000000E+000, 0.0000000000000000E+000, 2.8790120268240571E-005, 7.7362028605421074E-006, 2.6837986411010206E-007, 7.3069918750000000E+005, 4.8670356250000000E+005, 0.0000000000000000E+000, 8.1481762695312500E+003,-2.9908294677734375E+001
7,0,27,32, 4.5000000000000000E+001, 3.3955187988281250E+002, 4.0897668804973364E-004, 1.3084279260056064E-007, 0.0000000000000000E+000, 1.4538088066728960E-008, 1.8847778449071484E-007, 3.7695553345429289E-008, 1.7831253125000000E+005, 5.0946437500000000E+005, 0.0000000000000000E+000, 1.7831253125000000E+005, 3.9256915450096130E-001, 6.8089741468429565E-001, 2.6048689453125000E+004, 4.0000000000000000E+002, 0.0000000000000000E+000, 0.0000000000000000E+000, 0.0000000000000000E+000, 3.3969641113281250E+002, 3.7531155976466835E-004, 0.0000000000000000E+000, 0.0000000000000000E+000, 2.8297095923335291E-005, 5.4436536629509646E-006, 1.1363115959284187E-007, 7.6419656250000000E+005, 5.0171028125000000E+005, 0.0000000000000000E+000, 3.5944653320312500E+003,-3.2849933624267578E+001
7,0,28,32, 4.5000000000000000E+001, 3.4264971923828125E+002, 3.7887471262365580E-004, 4.3381234604566998E-008, 0.0000000000000000E+000, 4.8201371782852220E-009, 7.9984886269812705E-008, 1.5996976188148437E-008, 1.8648185937500000E+005, 5.3280531250000000E+005, 0.0000000000000000E+000, 1.8648185937500000E+005, 3.7537163496017456E-001, 6.7123943567276001E-001, 2.4778281250000000E+004, 4.0000000000000000E+002, 0.0000000000000000E+000, 0.0000000000000000E+000, 0.0000000000000000E+000, 3.4278652954101562E+002, 3.4747575409710407E-004, 0.0000000000000000E+000, 0.0000000000000000E+000, 2.9007112971157767E-005, 2.4124788069457281E-006, 4.6150105958986387E-008, 7.9920793750000000E+005, 2.5004957812500000E+005, 0.0000000000000000E+000, 1.5222149658203125E+003,-3.5000000000000000E+001
7,0,29,32, 4.5000000000000000E+001, 3.4576638793945312E+002, 3.5049306461587548E-004, 1.3538897114528936E-008, 0.0000000000000000E+000, 1.5043218892785148E-009, 3.2585877107749184E-008, 6.5171747998249430E-009, 1.9502015625000000E+005, 5.5720043750000000E+005, 0.0000000000000000E+000, 1.9502015625000000E+005, 3.5893726348876953E-001, 6.6171848773956299E-001, 2.3569832031250000E+004, 4.0000000000000000E+002, 0.0000000000000000E+000, 0.0000000000000000E+000, 0.0000000000000000E+000, 3.4589566040039062E+002, 3.2127526355907321E-004, 0.0000000000000000E+000, 0.0000000000000000E+000, 2.8320953788352199E-005, 9.2638254045596113E-007, 1.7978573296772993E-008, 8.3580062500000000E+005, 1.0179077343750000E+005, 0.0000000000000000E+000, 6.1885119628906250E+002,-3.5000000000000000E+001
7,0,30,32, 4.5000000000000000E+001, 3.4890182495117188E+002, 3.2377368188463151E-004, 3.9773357940475762E-009, 0.0000000000000000E+000, 4.4192619008676104E-010, 1.2744528099517538E-008, 2.5489053090410607E-009, 2.0394381250000000E+005, 5.8269662500000000E+005, 0.0000000000000000E+000, 2.0394381250000000E+005, 3.4323179721832275E-001, 6.5233254432678223E-001, 2.2420314453125000E+004, 4.0000000000000000E+002, 0.0000000000000000E+000, 0.0000000000000000E+000, 0.0000000000000000E+000, 3.4902374267578125E+002, 2.9663916211575270E-004, 0.0000000000000000E+000, 0.0000000000000000E+000, 2.6855939722736366E-005, 3.4084348499163752E-007, 6.7197101216720512E-009, 8.7404487500000000E+005, 3.9779898437500000E+004, 0.0000000000000000E+000, 2.4152552795410156E+002,-3.5000000000000000E+001
7,0,31,32, 4.5000000000000000E+001, 3.5205584716796875E+002, 2.9865378746762872E-004, 1.0998435495679360E-009, 0.0000000000000000E+000, 1.2220482958902323E-010, 4.7851176354640756E-009, 9.5702346047943365E-010, 2.1326979687500000E+005, 6.0934225000000000E+005, 0.0000000000000000E+000, 2.1326979687500000E+005, 3.2822275161743164E-001, 6.4307975769042969E-001, 2.1326863281250000E+004, 4.0000000000000000E+002, 0.0000000000000000E+000, 0.0000000000000000E+000, 0.0000000000000000E+000, 3.5217068481445312E+002, 2.7349017909727991E-004, 0.0000000000000000E+000, 0.0000000000000000E+000, 2.5177600036840886E-005, 1.2014754702249775E-007, 2.4097128736855211E-009, 9.1401343750000000E+005, 1.4924331054687500E+004, 0.0000000000000000E+000, 9.0491508483886719E+001,-3.5000000000000000E+001
7,0,32,32, 4.5000000000000000E+001, 3.5522845458984375E+002, 2.7505122125148773E-004, 2.8628513448758497E-010, 0.0000000000000000E+000, 3.1809461314979970E-011, 1.7247859807056898E-009, 3.4495717393667746E-010, 2.2301603125000000E+005, 6.3718868750000000E+005, 0.0000000000000000E+000, 2.2301603125000000E+005, 3.1387877464294434E-001, 6.3395822048187256E-001, 2.0286738281250000E+004, 4.0000000000000000E+002, 0.0000000000000000E+000, 0.0000000000000000E+000, 0.0000000000000000E+000, 3.5533615112304688E+002, 2.5176801136694849E-004, 0.0000000000000000E+000, 0.0000000000000000E+000, 2.2945672753849067E-005, 3.9755892800030779E-008, 7.8710077344723572E-010, 9.5578300000000000E+005, 5.3171704101562500E+003, 0.0000000000000000E+000, 3.1649278640747070E+001,-3.5000000000000000E+001
8,0,1,32, 4.5000000000000000E+001, 2.6581088256835938E+002, 1.8673437880352139E-003, 0.0000000000000000E+000, 0.0000000000000000E+000, 1.1486913717817515E-004, 2.1574943093582988E-004, 0.0000000000000000E+000, 1.1486914062500000E+003, 1.1818660937500000E+005, 0.0000000000000000E+000, 0.0000000000000000E+000, 1.2691793441772461E+000, 9.8716795444488525E-001, 9.5580367187500000E+004, 4.0000000000000000E+002, 0.0000000000000000E+000, 0.0000000000000000E+000, 0.0000000000000000E+000, 2.6602313232421875E+002, 1.7912513576447964E-003, 2.0798974219360389E-005, 0.0000000000000000E+000, 7.2759576141834259E-012, 3.9605415076948702E-004, 0.0000000000000000E+000, 1.0803540499182418E-004, 1.1908181250000000E+005, 0.0000000000000000E+000, 0.0000000000000000E+000, 1.4531710624694824E+001
8,0,2,32, 4.5000000000000000E+001, 2.6840237426757812E+002, 1.7833871534094214E-003, 0.0000000000000000E+000, 0.0000000000000000E+000, 1.8357118824496865E-004, 2.6459470973350108E-004, 0.0000000000000000E+000, 1.8357119140625000E+003, 1.2367797656250000E+005, 0.0000000000000000E+000, 0.0000000000000000E+000, 1.2128270864486694E+000, 9.7316581010818481E-001, 9.0918859375000000E+004, 4.0000000000000000E+002, 0.0000000000000000E+000, 0.0000000000000000E+000, 0.0000000000000000E+000, 2.6861288452148438E+002, 1.7103893915191293E-003, 8.9863160610548221E-006, 0.0000000000000000E+000, 0.0000000000000000E+000, 5.2455009426921606E-004, 0.0000000000000000E+000, 0.0000000000000000E+000, 1.2536007031250000E+005, 0.0000000000000000E+000, 0.0000000000000000E+000, 1.6552593231201172E+001
8,0,3,32, 4.5000000000000000E+001, 2.7101336669921875E+002, 1.7015163321048021E-003, 0.0000000000000000E+000, 0.0000000000000000E+000, 2.7614340069703758E-004, 3.1152029987424612E-004, 0.0000000000000000E+000, 2.7614340820312500E+003, 1.2942173437500000E+005, 0.0000000000000000E+000, 0.0000000000000000E+000, 1.1590015888214111E+000, 9.5936226844787598E-001, 8.6484695312500000E+004, 4.0000000000000000E+002, 0.0000000000000000E+000, 0.0000000000000000E+000, 0.0000000000000000E+000, 2.7122872924804688E+002, 1.6290289349853992E-003, 0.0000000000000000E+000, 0.0000000000000000E+000, 0.0000000000000000E+000, 6.7419314291328192E-004, 0.0000000000000000E+000, 0.0000000000000000E+000, 1.3222996875000000E+005, 0.0000000000000000E+000, 0.0000000000000000E+000, 1.8304201126098633E+001
8,0,4,32, 4.5000000000000000E+001, 2.7364392089843750E+002, 1.6217755619436502E-003, 0.0000000000000000E+000, 0.0000000000000000E+000, 3.9101517177186906E-004, 3.5209939233027399E-004, 0.0000000000000000E+000, 3.9101516113281250E+003, 1.3542937500000000E+005, 0.0000000000000000E+000, 0.0000000000000000E+000, 1.1075884103775024E+000, 9.4575452804565430E-001, 8.2266789062500000E+004, 4.0000000000000000E+002, 0.0000000000000000E+000, 0.0000000000000000E+000, 0.0000000000000000E+000, 2.7388619995117188E+002, 1.5414749504998326E-003, 0.0000000000000000E+000, 0.0000000000000000E+000, 0.0000000000000000E+000, 8.3797215484082699E-004, 0.0000000000000000E+000, 0.0000000000000000E+000, 1.3969256250000000E+005, 0.0000000000000000E+000, 0.0000000000000000E+000, 1.9757827758789062E+001
8,0,5,32, 4.5000000000000000E+001, 2.7629412841796875E+002, 1.5442020958289504E-003, 0.0000000000000000E+000, 0.0000000000000000E+000, 5.2117242012172937E-004, 3.8204796146601439E-004, 0.0000000000000000E+000, 5.2117241210937500E+003, 1.4171284375000000E+005, 0.0000000000000000E+000, 0.0000000000000000E+000, 1.0584784746170044E+000, 9.3233978748321533E-001, 7.8254585937500000E+004, 4.0000000000000000E+002, 0.0000000000000000E+000, 0.0000000000000000E+000, 0.0000000000000000E+000, 2.7656066894531250E+002, 1.4572006184607744E-003, 0.0000000000000000E+000, 0.0000000000000000E+000, 0.0000000000000000E+000, 1.0035715531557798E-003, 0.0000000000000000E+000, 0.0000000000000000E+000, 1.4767320312500000E+005, 0.0000000000000000E+000, 0.0000000000000000E+000, 2.0886194229125977E+001
8,0,6,32, 4.5000000000000000E+001, 2.7896389770507812E+002, 1.4688173541799188E-003, 0.0000000000000000E+000, 0.0000000000000000E+000, 6.5388018265366554E-004, 3.9796438068151474E-004, 0.0000000000000000E+000, 6.5388017578125000E+003, 1.4828459375000000E+005, 0.0000000000000000E+000, 0.0000000000000000E+000, 1.0115683078765869E+000, 9.1911536455154419E-001, 7.4438070312500000E+004, 4.0000000000000000E+002, 0.0000000000000000E+000, 0.0000000000000000E+000, 0.0000000000000000E+000, 2.7925054931640625E+002, 1.3766697375103831E-003, 0.0000000000000000E+000, 0.0000000000000000E+000, 0.0000000000000000E+000, 1.1540624545887113E-003, 0.0000000000000000E+000, 0.0000000000000000E+000, 1.5601642187500000E+005, 0.0000000000000000E+000, 0.0000000000000000E+000, 2.1664546966552734E+001
8,0,7,32, 4.5000000000000000E+001, 2.8165328979492188E+002, 1.3956503244116902E-003, 0.0000000000000000E+000, 0.0000000000000000E+000, 7.7222473919391632E-004, 3.9796438068151474E-004, 0.0000000000000000E+000, 7.7222475585937500E+003, 1.5515771875000000E+005, 0.0000000000000000E+000, 0.0000000000000000E+000, 9.6675819158554077E-001, 9.0607851743698120E-001, 7.0807687500000000E+004, 4.0000000000000000E+002, 0.0000000000000000E+000, 0.0000000000000000E+000, 0.0000000000000000E+000, 2.8195452880859375E+002, 1.3002995401620865E-003, 0.0000000000000000E+000, 0.0000000000000000E+000, 0.0000000000000000E+000, 1.2703133979812264E-003, 0.0000000000000000E+000, 0.0000000000000000E+000, 1.6450585937500000E+005, 0.0000000000000000E+000, 0.0000000000000000E+000, 2.2071645736694336E+001
8,0,8,32, 4.5000000000000000E+001, 2.8436236572265625E+002, 1.3247189344838262E-003, 0.0000000000000000E+000, 0.0000000000000000E+000, 8.5845624562352896E-004, 3.8204796146601439E-004, 0.0000000000000000E+000, 8.5845625000000000E+003, 1.6234585937500000E+005, 0.0000000000000000E+000, 0.0000000000000000E+000, 9.2395335435867310E-001, 8.9322650432586670E-001, 6.7354351562500000E+004, 4.0000000000000000E+002, 0.0000000000000000E+000, 0.0000000000000000E+000, 0.0000000000000000E+000, 2.8467141723632812E+002, 1.2283844407647848E-003, 0.0000000000000000E+000, 0.0000000000000000E+000, 0.0000000000000000E+000, 1.3348481152206659E-003, 0.0000000000000000E+000, 0.0000000000000000E+000, 1.7290885937500000E+005, 0.0000000000000000E+000, 0.0000000000000000E+000, 2.2089452743530273E+001
8,0,9,32, 4.5000000000000000E+001, 2.8709106445312500E+002, 1.2560376198962331E-003, 0.0000000000000000E+000, 0.0000000000000000E+000, 8.9830026263371110E-004, 3.5209939233027399E-004, 0.0000000000000000E+000, 8.9830029296875000E+003, 1.6986320312500000E+005, 0.0000000000000000E+000, 0.0000000000000000E+000, 8.8306355476379395E-001, 8.8055688142776489E-001, 6.4069441406250000E+004, 4.0000000000000000E+002, 0.0000000000000000E+000, 0.0000000000000000E+000, 0.0000000000000000E+000, 2.8740048217773438E+002, 1.1610505171120167E-003, 0.0000000000000000E+000, 0.0000000000000000E+000, 0.0000000000000000E+000, 1.3361418386921287E-003, 0.0000000000000000E+000, 0.0000000000000000E+000, 1.8103568750000000E+005, 0.0000000000000000E+000, 0.0000000000000000E+000, 2.1702325820922852E+001
8,0,10,32, 4.5000000000000000E+001, 2.8983941650390625E+002, 1.1896154610440135E-003, 0.0000000000000000E+000, 0.0000000000000000E+000, 8.8481762213632464E-004, 3.1152029987424612E-004, 0.0000000000000000E+000, 8.8481757812500000E+003, 1.7772462500000000E+005, 0.0000000000000000E+000, 0.0000000000000000E+000, 8.4400230646133423E-001, 8.6806690692901611E-001, 6.0944734375000000E+004, 4.0000000000000000E+002, 0.0000000000000000E+000, 0.0000000000000000E+000, 0.0000000000000000E+000, 2.9014175415039062E+002, 1.0982209350913763E-003, 0.0000000000000000E+000, 0.0000000000000000E+000, 0.0000000000000000E+000, 1.2719165533781052E-003, 0.0000000000000000E+000, 0.0000000000000000E+000, 1.8879426562500000E+005, 0.0000000000000000E+000, 0.0000000000000000E+000, 2.0896306991577148E+001
8,0,11,32, 4.5000000000000000E+001, 2.9260742187500000E+002, 1.1254568817093968E-003, 0.0000000000000000E+000, 0.0000000000000000E+000, 8.2037958782166243E-004, 2.6459470973350108E-004, 0.0000000000000000E+000, 8.2037958984375000E+003, 1.8594562500000000E+005, 0.0000000000000000E+000, 0.0000000000000000E+000, 8.0668741464614868E-001, 8.5575407743453979E-001, 5.7972425781250000E+004, 4.0000000000000000E+002, 0.0000000000000000E+000, 0.0000000000000000E+000, 0.0000000000000000E+000, 2.9289575195312500E+002, 1.0396199068054557E-003, 0.0000000000000000E+000, 0.0000000000000000E+000, 0.0000000000000000E+000, 1.1501604458317161E-003, 0.0000000000000000E+000, 0.0000000000000000E+000, 1.9622045312500000E+005, 0.0000000000000000E+000, 0.0000000000000000E+000, 1.9659025192260742E+001
8,0,12,32, 4.5000000000000000E+001, 2.9539508056640625E+002, 1.0635646758601069E-003, 0.0000000000000000E+000, 0.0000000000000000E+000, 7.1598647627979517E-004, 2.1574943093582988E-004, 0.0000000000000000E+000, 7.1598647460937500E+003, 1.9454246875000000E+005, 0.0000000000000000E+000, 0.0000000000000000E+000, 7.7103984355926514E-001, 8.4361594915390015E-001, 5.5145078125000000E+004, 4.0000000000000000E+002, 0.0000000000000000E+000, 0.0000000000000000E+000, 0.0000000000000000E+000, 2.9566369628906250E+002, 9.8481308668851852E-004, 0.0000000000000000E+000, 0.0000000000000000E+000, 0.0000000000000000E+000, 9.8738435190171003E-004, 0.0000000000000000E+000, 0.0000000000000000E+000, 2.0347198437500000E+005, 0.0000000000000000E+000, 0.0000000000000000E+000, 1.7980411529541016E+001
8,0,13,32, 4.5000000000000000E+001, 2.9820239257812500E+002, 1.0039331391453743E-003, 0.0000000000000000E+000, 0.0000000000000000E+000, 5.8819819241762161E-004, 1.6888529353309423E-004, 0.0000000000000000E+000, 5.8819819335937500E+003, 2.0353204687500000E+005, 0.0000000000000000E+000, 0.0000000000000000E+000, 7.3698467016220093E-001, 8.3164995908737183E-001, 5.2455621093750000E+004, 4.0000000000000000E+002, 0.0000000000000000E+000, 0.0000000000000000E+000, 0.0000000000000000E+000, 2.9844711303710938E+002, 9.3326997011899948E-004, 0.0000000000000000E+000, 0.0000000000000000E+000, 0.0000000000000000E+000, 8.0466852523386478E-004, 0.0000000000000000E+000, 0.0000000000000000E+000, 2.1078826562500000E+005, 0.0000000000000000E+000, 0.0000000000000000E+000, 1.5854177474975586E+001
8,0,14,32, 4.5000000000000000E+001, 3.0102932739257812E+002, 9.4655243447050452E-004, 0.0000000000000000E+000, 0.0000000000000000E+000, 4.5485334703698754E-004, 1.2691346637438983E-004, 0.0000000000000000E+000, 4.5485336914062500E+003, 2.1293204687500000E+005, 0.0000000000000000E+000, 0.0000000000000000E+000, 7.0445007085800171E-001, 8.1985372304916382E-001, 4.9897328125000000E+004, 4.0000000000000000E+002, 0.0000000000000000E+000, 0.0000000000000000E+000, 0.0000000000000000E+000, 3.0124777221679688E+002, 8.8444672292098403E-004, 0.0000000000000000E+000, 0.0000000000000000E+000, 0.0000000000000000E+000, 6.2288163462653756E-004, 0.0000000000000000E+000, 0.0000000000000000E+000, 2.1843143750000000E+005, 0.0000000000000000E+000, 0.0000000000000000E+000, 1.3279948234558105E+001
8,0,15,32, 4.5000000000000000E+001, 3.0387588500976562E+002, 8.9141092030331492E-004, 0.0000000000000000E+000, 0.0000000000000000E+000, 3.3109149080701172E-004, 9.1558184067253023E-005, 0.0000000000000000E+000, 3.3109147949218750E+003, 2.2276092187500000E+005, 0.0000000000000000E+000, 0.0000000000000000E+000, 6.7336767911911011E-001, 8.0822473764419556E-001, 4.7463804687500000E+004, 4.0000000000000000E+002, 0.0000000000000000E+000, 0.0000000000000000E+000, 0.0000000000000000E+000, 3.0406713867187500E+002, 8.3785358583554626E-004, 0.0000000000000000E+000, 0.0000000000000000E+000, 0.0000000000000000E+000, 4.5862782280892134E-004, 0.0000000000000000E+000, 0.0000000000000000E+000, 2.2662976562500000E+005, 0.0000000000000000E+000, 0.0000000000000000E+000, 1.0265831947326660E+001
8,0,16,32, 4.5000000000000000E+001, 3.0674200439453125E+002, 8.3849026123061776E-004, 0.0000000000000000E+000, 0.0000000000000000E+000, 2.2685769363306463E-004, 6.3410407165065408E-005, 0.0000000000000000E+000, 2.2685769042968750E+003, 2.3303784375000000E+005, 0.0000000000000000E+000, 0.0000000000000000E+000, 6.4367228746414185E-001, 7.9676079750061035E-001, 4.5148972656250000E+004, 4.0000000000000000E+002, 0.0000000000000000E+000, 0.0000000000000000E+000, 0.0000000000000000E+000, 3.0690661621093750E+002, 7.9309847205877304E-004, 0.0000000000000000E+000, 0.0000000000000000E+000, 0.0000000000000000E+000, 3.2200617715716362E-004, 0.0000000000000000E+000, 0.0000000000000000E+000, 2.3554115625000000E+005, 0.0000000000000000E+000, 0.0000000000000000E+000, 6.8313469886779785E+000
8,0,17,32, 4.5000000000000000E+001, 3.0962771606445312E+002, 7.8776903683319688E-004, 0.0000000000000000E+000, 0.0000000000000000E+000, 1.4631466183345765E-004, 4.2159688746323809E-005, 0.0000000000000000E+000, 1.4631466064453125E+003, 2.4378312500000000E+005, 0.0000000000000000E+000, 0.0000000000000000E+000, 6.1530101299285889E-001, 7.8545939922332764E-001, 4.2947027343750000E+004, 4.0000000000000000E+002, 0.0000000000000000E+000, 0.0000000000000000E+000, 0.0000000000000000E+000, 3.0976715087890625E+002, 7.4990204302594066E-004, 1.9611025303678531E-010, 0.0000000000000000E+000, 0.0000000000000000E+000, 2.1645209926646203E-004, 0.0000000000000000E+000, 0.0000000000000000E+000, 2.4524401562500000E+005, 0.0000000000000000E+000, 0.0000000000000000E+000, 3.0111429691314697E+000
8,0,18,32, 4.5000000000000000E+001, 3.1253295898437500E+002, 7.3922477895393968E-004, 0.0000000000000000E+000, 0.0000000000000000E+000, 8.8828252046369016E-005, 2.6909643565886654E-005, 0.0000000000000000E+000, 8.8828253173828125E+002, 2.5501759375000000E+005, 0.0000000000000000E+000, 0.0000000000000000E+000, 5.8819472789764404E-001, 7.7431833744049072E-001, 4.0852476562500000E+004, 4.0000000000000000E+002, 0.0000000000000000E+000, 0.0000000000000000E+000, 0.0000000000000000E+000, 3.1266262817382812E+002, 7.0407957537099719E-004, 4.0139448174159043E-006, 0.0000000000000000E+000, 0.0000000000000000E+000, 1.4015704800840467E-004, 0.0000000000000000E+000, 0.0000000000000000E+000, 2.5574975000000000E+005, 0.0000000000000000E+000, 0.0000000000000000E+000,-1.1404602527618408E+000
8,0,19,32, 4.5000000000000000E+001, 3.1545770263671875E+002, 6.9282582262530923E-004, 0.0000000000000000E+000, 0.0000000000000000E+000, 5.0762540922733024E-005, 1.6488926121382974E-005, 0.0000000000000000E+000, 5.0762539672851562E+002, 2.6676321875000000E+005, 0.0000000000000000E+000, 0.0000000000000000E+000, 5.6229639053344727E-001, 7.6333528757095337E-001, 3.8860078125000000E+004, 4.0000000000000000E+002, 0.0000000000000000E+000, 0.0000000000000000E+000, 0.0000000000000000E+000, 3.1558059692382812E+002, 6.5953307785093784E-004, 8.0478193922317587E-006, 0.0000000000000000E+000, 0.0000000000000000E+000, 8.8204127678181976E-005, 0.0000000000000000E+000, 0.0000000000000000E+000, 2.6702868750000000E+005, 0.0000000000000000E+000, 0.0000000000000000E+000,-5.5435590744018555E+000
8,0,20,32, 4.5000000000000000E+001, 3.1840194702148438E+002, 6.4853782532736659E-004, 0.0000000000000000E+000, 0.0000000000000000E+000, 2.7306383344694041E-005, 9.6995236162911169E-006, 0.0000000000000000E+000, 2.7306384277343750E+002, 2.7904293750000000E+005, 0.0000000000000000E+000, 0.0000000000000000E+000, 5.3755170106887817E-001, 7.5250798463821411E-001, 3.6964851562500000E+004, 4.0000000000000000E+002, 0.0000000000000000E+000, 0.0000000000000000E+000, 0.0000000000000000E+000, 3.1851831054687500E+002, 6.1705708503723145E-004, 1.1276501936663408E-005, 0.0000000000000000E+000, 1.8189894035458565E-012, 5.2973617130191997E-005, 0.0000000000000000E+000, 2.7008851247956045E-005, 2.7941990625000000E+005, 0.0000000000000000E+000, 0.0000000000000000E+000,-1.0357861518859863E+001
8,0,21,32, 4.5000000000000000E+001, 3.2136553955078125E+002, 6.0632289387285709E-004, 0.0000000000000000E+000, 0.0000000000000000E+000, 1.3826562280883081E-005, 5.4774968702986371E-006, 0.0000000000000000E+000, 1.3826562500000000E+002, 2.9188056250000000E+005, 0.0000000000000000E+000, 0.0000000000000000E+000, 5.1390886306762695E-001, 7.4183434247970581E-001, 3.5162054687500000E+004, 4.0000000000000000E+002, 0.0000000000000000E+000, 0.0000000000000000E+000, 0.0000000000000000E+000, 3.2147573852539062E+002, 5.7661661412566900E-004, 1.3565481822297443E-005, 0.0000000000000000E+000, 9.0949470177292824E-013, 3.4798085835063830E-005, 0.0000000000000000E+000, 1.3504425623978022E-005, 3.7658978125000000E+005, 0.0000000000000000E+000, 0.0000000000000000E+000,-1.5477693557739258E+001
8,0,22,32, 4.5000000000000000E+001, 3.2434854125976562E+002, 5.6614150526002049E-004, 0.0000000000000000E+000, 0.0000000000000000E+000, 6.5901153902814258E-006, 2.9695297598664183E-006, 0.0000000000000000E+000, 6.5901153564453125E+001, 3.0530106250000000E+005, 0.0000000000000000E+000, 0.0000000000000000E+000, 4.9131828546524048E-001, 7.3131203651428223E-001, 3.3447179687500000E+004, 4.0000000000000000E+002, 0.0000000000000000E+000, 0.0000000000000000E+000, 0.0000000000000000E+000, 3.2445294189453125E+002, 5.3816440049558878E-004, 1.4974892110330984E-005, 0.0000000000000000E+000, 0.0000000000000000E+000, 2.2200851162779145E-005, 0.0000000000000000E+000, 0.0000000000000000E+000, 5.6733850000000000E+005, 0.0000000000000000E+000, 0.0000000000000000E+000,-2.1268869400024414E+001
8,0,23,32, 4.5000000000000000E+001, 3.2735086059570312E+002, 5.2795442752540112E-004, 0.0000000000000000E+000, 0.0000000000000000E+000, 2.9566554076154716E-006, 1.5454911590495612E-006, 0.0000000000000000E+000, 2.9566555023193359E+001, 3.1933050000000000E+005, 0.0000000000000000E+000, 0.0000000000000000E+000, 4.6973279118537903E-001, 7.2093898057937622E-001, 3.1815941406250000E+004, 4.0000000000000000E+002, 0.0000000000000000E+000, 0.0000000000000000E+000, 0.0000000000000000E+000, 3.2744979858398438E+002, 5.0165271386504173E-004, 1.5587500456604175E-005, 0.0000000000000000E+000, 0.0000000000000000E+000, 1.4984880181145854E-005, 0.0000000000000000E+000, 0.0000000000000000E+000, 8.5461693750000000E+005, 0.0000000000000000E+000, 0.0000000000000000E+000,-2.6380331039428711E+001
8,0,24,32, 4.5000000000000000E+001, 3.3037240600585938E+002, 4.9170420970767736E-004, 0.0000000000000000E+000, 0.0000000000000000E+000, 1.2486386822274653E-006, 7.7218163596626255E-007, 0.0000000000000000E+000, 1.2486387252807617E+001, 3.3399593750000000E+005, 0.0000000000000000E+000, 0.0000000000000000E+000, 4.4910725951194763E-001, 7.1071308851242065E-001, 3.0264261718750000E+004, 4.0000000000000000E+002, 0.0000000000000000E+000, 0.0000000000000000E+000, 0.0000000000000000E+000, 3.3046615600585938E+002, 4.6702614054083824E-004, 1.5750263628433459E-005, 0.0000000000000000E+000, 0.0000000000000000E+000, 1.0789593943627551E-005, 0.0000000000000000E+000, 0.0000000000000000E+000, 1.1129440000000000E+006, 0.0000000000000000E+000, 0.0000000000000000E+000,-3.0000602722167969E+001
8,0,25,32, 4.5000000000000000E+001, 3.3341317749023438E+002, 4.5735220192000270E-004, 0.0000000000000000E+000, 0.0000000000000000E+000, 4.9636634003036306E-007, 3.7037881384094362E-007, 0.0000000000000000E+000, 4.9636635780334473E+000, 3.4932581250000000E+005, 0.0000000000000000E+000, 0.0000000000000000E+000, 4.2939856648445129E-001, 7.0063221454620361E-001, 2.8788255859375000E+004, 4.0000000000000000E+002, 0.0000000000000000E+000, 0.0000000000000000E+000, 0.0000000000000000E+000, 3.3350180053710938E+002, 4.3422658927738667E-004, 1.5940438970574178E-005, 0.0000000000000000E+000, 0.0000000000000000E+000, 7.9408046076423489E-006, 0.0000000000000000E+000, 0.0000000000000000E+000, 1.1641017500000000E+006, 0.0000000000000000E+000, 0.0000000000000000E+000,-3.2247127532958984E+001
8,0,26,32, 4.5000000000000000E+001, 3.3647299194335938E+002, 4.2483827564865351E-004, 0.0000000000000000E+000, 0.0000000000000000E+000, 1.8573618376649392E-007, 1.7054769330115960E-007, 0.0000000000000000E+000, 1.8573617935180664E+000, 3.6534959375000000E+005, 0.0000000000000000E+000, 0.0000000000000000E+000, 4.1056567430496216E-001, 6.9069433212280273E-001, 2.7384236328125000E+004, 4.0000000000000000E+002, 0.0000000000000000E+000, 0.0000000000000000E+000, 0.0000000000000000E+000, 3.3656439208984375E+002, 4.0320763946510851E-004, 0.0000000000000000E+000, 0.0000000000000000E+000, 1.5784919014549814E-005, 6.0877541727677453E-006, 0.0000000000000000E+000, 7.3069918750000000E+005, 1.2140495000000000E+006, 0.0000000000000000E+000, 0.0000000000000000E+000,-3.3836071014404297E+001
8,0,27,32, 4.5000000000000000E+001, 3.3955187988281250E+002, 3.9410477620549500E-004, 0.0000000000000000E+000, 0.0000000000000000E+000, 6.5421396300280321E-008, 7.5391106690858578E-008, 0.0000000000000000E+000, 6.5421396493911743E-001, 3.8209828125000000E+005, 0.0000000000000000E+000, 0.0000000000000000E+000, 3.9256915450096130E-001, 6.8089741468429565E-001, 2.6048689453125000E+004, 4.0000000000000000E+002, 0.0000000000000000E+000, 0.0000000000000000E+000, 0.0000000000000000E+000, 3.3963854980468750E+002, 3.7390203215181828E-004, 0.0000000000000000E+000, 0.0000000000000000E+000, 1.5839983461773954E-005, 4.4279940993874334E-006, 0.0000000000000000E+000, 7.6419656250000000E+005, 1.2698015000000000E+006, 0.0000000000000000E+000, 0.0000000000000000E+000,-3.5000000000000000E+001
8,0,28,32, 4.5000000000000000E+001, 3.4264971923828125E+002, 3.6509742494672537E-004, 0.0000000000000000E+000, 0.0000000000000000E+000, 2.1690617302283499E-008, 3.1993952376296875E-008, 0.0000000000000000E+000, 2.1690617501735687E-001, 3.9960396875000000E+005, 0.0000000000000000E+000, 0.0000000000000000E+000, 3.7537163496017456E-001, 6.7123943567276001E-001, 2.4778281250000000E+004, 4.0000000000000000E+002, 0.0000000000000000E+000, 0.0000000000000000E+000, 0.0000000000000000E+000, 3.4273175048828125E+002, 3.4626564593054354E-004, 0.0000000000000000E+000, 0.0000000000000000E+000, 1.5372743291663937E-005, 3.4809918361133896E-006, 0.0000000000000000E+000, 7.9920793750000000E+005, 1.3303170000000000E+006, 0.0000000000000000E+000, 0.0000000000000000E+000,-3.5000000000000000E+001
8,0,29,32, 4.5000000000000000E+001, 3.4576638793945312E+002, 3.3774782787077129E-004, 0.0000000000000000E+000, 0.0000000000000000E+000, 6.7694485572644680E-009, 1.3034349599649886E-008, 0.0000000000000000E+000, 6.7694485187530518E-002, 4.1790031250000000E+005, 0.0000000000000000E+000, 0.0000000000000000E+000, 3.5893726348876953E-001, 6.6171848773956299E-001, 2.3569832031250000E+004, 4.0000000000000000E+002, 0.0000000000000000E+000, 0.0000000000000000E+000, 0.0000000000000000E+000, 3.4584390258789062E+002, 3.2022758387029171E-004, 0.0000000000000000E+000, 0.0000000000000000E+000, 1.4350140190799721E-005, 3.1771739941177657E-006, 0.0000000000000000E+000, 8.3580062500000000E+005, 1.3922972500000000E+006, 0.0000000000000000E+000, 0.0000000000000000E+000,-3.5000000000000000E+001
8,0,30,32, 4.5000000000000000E+001, 3.4890182495117188E+002, 3.1200007651932538E-004, 0.0000000000000000E+000, 0.0000000000000000E+000, 1.9886678970237881E-009, 5.0978106180821214E-009, 0.0000000000000000E+000, 1.9886678084731102E-002, 4.3702243750000000E+005, 0.0000000000000000E+000, 0.0000000000000000E+000, 3.4323179721832275E-001, 6.5233254432678223E-001, 2.2420314453125000E+004, 4.0000000000000000E+002, 0.0000000000000000E+000, 0.0000000000000000E+000, 0.0000000000000000E+000, 3.4897491455078125E+002, 2.9573423671536148E-004, 0.0000000000000000E+000, 0.0000000000000000E+000, 1.3123663848091383E-005, 3.1444169508176856E-006, 0.0000000000000000E+000, 8.7404487500000000E+005, 1.4564732500000000E+006, 0.0000000000000000E+000, 0.0000000000000000E+000,-3.5000000000000000E+001
8,0,31,32, 4.5000000000000000E+001, 3.5205584716796875E+002, 2.8779363492503762E-004, 0.0000000000000000E+000, 0.0000000000000000E+000, 5.4992177478396798E-010, 1.9140469209588673E-009, 0.0000000000000000E+000, 5.4992176592350006E-003, 4.5700671875000000E+005, 0.0000000000000000E+000, 0.0000000000000000E+000, 3.2822275161743164E-001, 6.4307975769042969E-001, 2.1326863281250000E+004, 4.0000000000000000E+002, 0.0000000000000000E+000, 0.0000000000000000E+000, 0.0000000000000000E+000, 3.5212463378906250E+002, 2.7270955615676939E-004, 0.0000000000000000E+000, 0.0000000000000000E+000, 1.1862064638989978E-005, 3.2227667361439671E-006, 0.0000000000000000E+000, 9.1401343750000000E+005, 1.5232710000000000E+006, 0.0000000000000000E+000, 0.0000000000000000E+000,-3.5000000000000000E+001
8,0,32,32, 4.5000000000000000E+001, 3.5522845458984375E+002, 2.6504934066906571E-004, 0.0000000000000000E+000, 0.0000000000000000E+000, 1.4314256724379248E-010, 6.8991434787335493E-010, 0.0000000000000000E+000, 1.4314256841316819E-003, 4.7789150000000000E+005, 0.0000000000000000E+000, 0.0000000000000000E+000, 3.1387877464294434E-001, 6.3395822048187256E-001, 2.0286738281250000E+004, 4.0000000000000000E+002, 0.0000000000000000E+000, 0.0000000000000000E+000, 0.0000000000000000E+000, 3.5529309082031250E+002, 2.5109472335316241E-004, 0.0000000000000000E+000, 0.0000000000000000E+000, 1.0607293916109484E-005, 3.3286719371972140E-006, 0.0000000000000000E+000, 9.5578300000000000E+005, 1.5907757500000000E+006, 0.0000000000000000E+000, 0.0000000000000000E+000,-3.5000000000000000E+001
9,0,1,32, 9.0000000000000000E+001, 2.8995251464843750E+002, 1.1086825281381607E-002, 1.0887996904784814E-004, 1.0036609601229429E-003, 4.3551983253564686E-005, 1.0036609601229429E-003, 7.5274572009220719E-004, 8.4993187500000000E+004, 2.5497954687500000E+005, 1.6998636250000000E+006, 1.2748977343750000E+005, 1.1765649318695068E+000, 9.9158483743667603E-001, 9.7085546875000000E+004, 1.5000000000000000E+002, 0.0000000000000000E+000, 0.0000000000000000E+000, 0.0000000000000000E+000, 2.9012622070312500E+002, 1.0771183297038078E-002, 3.6504678428173065E-004, 6.7987628281116486E-003, 0.0000000000000000E+000, 1.1641532182693481E-010, 0.0000000000000000E+000, 0.0000000000000000E+000, 3.1250000000000000E-002, 3.1294071875000000E+005, 0.0000000000000000E+000, 4.0979393005371094E+001
9,0,2,32, 9.0000000000000000E+001, 2.9052142333984375E+002, 1.0595368221402168E-002, 1.3166056305635720E-004, 1.0939020430669188E-003, 5.2664217946585268E-005, 1.0939020430669188E-003, 8.2042650319635868E-004, 8.6308156250000000E+004, 2.5892446875000000E+005, 1.7261631250000000E+006, 1.2946223437500000E+005, 1.1586390733718872E+000, 9.8628699779510498E-001, 9.5282148437500000E+004, 1.5000000000000000E+002, 0.0000000000000000E+000, 0.0000000000000000E+000, 0.0000000000000000E+000, 2.9066009521484375E+002, 1.0271899402141571E-002, 3.7337024696171284E-004, 1.0476874187588692E-002, 0.0000000000000000E+000, 0.0000000000000000E+000, 0.0000000000000000E+000, 0.0000000000000000E+000, 0.0000000000000000E+000, 1.8683250000000000E+005, 0.0000000000000000E+000, 4.6912799835205078E+001
9,0,3,32, 9.0000000000000000E+001, 2.9108810424804688E+002, 1.0121004655957222E-002, 1.5785888535901904E-004, 1.1854333570227027E-003, 6.3143546867650002E-005, 1.1854333570227027E-003, 8.8907493045553565E-004, 8.7642460937500000E+004, 2.6292737500000000E+005, 1.7528492500000000E+006, 1.3146368750000000E+005, 1.1409994363784790E+000, 9.8101741075515747E-001, 9.3512250000000000E+004, 1.5000000000000000E+002, 0.0000000000000000E+000, 0.0000000000000000E+000, 0.0000000000000000E+000, 2.9118939208984375E+002, 9.7900005057454109E-003, 3.7832025554962456E-004, 9.2858597636222839E-003, 0.0000000000000000E+000, 0.0000000000000000E+000, 0.0000000000000000E+000, 0.0000000000000000E+000, 0.0000000000000000E+000, 9.8309460937500000E+004, 0.0000000000000000E+000, 4.8590427398681641E+001
9,0,4,32, 9.0000000000000000E+001, 2.9165246582031250E+002, 9.6633480861783028E-003, 1.8766705761663616E-004, 1.2772708432748914E-003, 7.5066811405122280E-005, 1.2772708432748914E-003, 9.5795310335233808E-004, 8.8996351562500000E+004, 2.6698903125000000E+005, 1.7799270000000000E+006, 1.3349451562500000E+005, 1.1236416101455688E+000, 9.7577601671218872E-001, 9.1775234375000000E+004, 1.5000000000000000E+002, 0.0000000000000000E+000, 0.0000000000000000E+000, 0.0000000000000000E+000, 2.9171417236328125E+002, 9.3252584338188171E-003, 3.7875096313655376E-004, 5.0560291856527328E-003, 0.0000000000000000E+000, 0.0000000000000000E+000, 5.8207660913467407E-011, 0.0000000000000000E+000, 0.0000000000000000E+000, 7.3534400939941406E+001, 1.5625000000000000E-002, 7.4508438110351562E+001
9,0,5,32, 9.0000000000000000E+001, 2.9221450805664062E+002, 9.2220073565840721E-003, 2.2121399524621665E-004, 1.3683467404916883E-003, 8.8485590822529048E-005, 1.3683467404916883E-003, 1.0262600844725966E-003, 9.0370101562500000E+004, 2.7111028125000000E+005, 1.8074020000000000E+006, 1.3555514062500000E+005, 1.1065607070922852E+000, 9.7056263685226440E-001, 9.0070476562500000E+004, 1.5000000000000000E+002, 0.0000000000000000E+000, 0.0000000000000000E+000, 0.0000000000000000E+000, 2.9223455810546875E+002, 8.8774571195244789E-003, 3.7347240140661597E-004, 5.3023630753159523E-003, 0.0000000000000000E+000, 0.0000000000000000E+000, 0.0000000000000000E+000, 0.0000000000000000E+000, 0.0000000000000000E+000, 7.7117057800292969E+001, 0.0000000000000000E+000, 7.4652214050292969E+001
9,0,6,32, 9.0000000000000000E+001, 2.9277420043945312E+002, 8.7966118007898331E-003, 2.5854900013655424E-004, 1.4575266977772117E-003, 1.0341958841308951E-004, 1.4575266977772117E-003, 1.0931449942290783E-003, 9.1763984375000000E+004, 2.7529193750000000E+005, 1.8352796250000000E+006, 1.3764596875000000E+005, 1.0897521972656250E+000, 9.6537709236145020E-001, 8.8397390625000000E+004, 1.5000000000000000E+002, 0.0000000000000000E+000, 0.0000000000000000E+000, 0.0000000000000000E+000, 2.9275079345703125E+002, 8.4463795647025108E-003, 3.6151858512312174E-004, 5.5286558344960213E-003, 0.0000000000000000E+000, 0.0000000000000000E+000, 0.0000000000000000E+000, 0.0000000000000000E+000, 0.0000000000000000E+000, 8.0408233642578125E+001, 0.0000000000000000E+000, 7.4770851135253906E+001
9,0,7,32, 9.0000000000000000E+001, 2.9333145141601562E+002, 8.3867358043789864E-003, 2.9962541884742677E-004, 1.5436332905665040E-003, 1.1985015589743853E-004, 1.5436332905665040E-003, 1.1577248806133866E-003, 9.3178242187500000E+004, 2.7953471875000000E+005, 1.8635648750000000E+006, 1.3976735937500000E+005, 1.0732119083404541E+000, 9.6021926403045654E-001, 8.6755382812500000E+004, 1.5000000000000000E+002, 0.0000000000000000E+000, 0.0000000000000000E+000, 0.0000000000000000E+000, 2.9326296997070312E+002, 8.0317743122577667E-003, 3.5494717303663492E-004, 5.7313647121191025E-003, 0.0000000000000000E+000, 0.0000000000000000E+000, 0.0000000000000000E+000, 0.0000000000000000E+000, 0.0000000000000000E+000, 8.3356414794921875E+001, 0.0000000000000000E+000, 7.4864341735839844E+001
9,0,8,32, 9.0000000000000000E+001, 2.9388623046875000E+002, 7.9920208081603050E-003, 3.4428661456331611E-004, 1.6254701185971498E-003, 1.3771464000456035E-004, 1.6254701185971498E-003, 1.2191025307402015E-003, 9.4613156250000000E+004, 2.8383946875000000E+005, 1.8922631250000000E+006, 1.4191973437500000E+005, 1.0569354295730591E+000, 9.5508897304534912E-001, 8.5143875000000000E+004, 1.5000000000000000E+002, 0.0000000000000000E+000, 0.0000000000000000E+000, 0.0000000000000000E+000, 2.9377151489257812E+002, 7.6334215700626373E-003, 3.5856963950209320E-004, 5.9070955030620098E-003, 0.0000000000000000E+000, 0.0000000000000000E+000, 0.0000000000000000E+000, 0.0000000000000000E+000, 0.0000000000000000E+000, 8.5912223815917969E+001, 0.0000000000000000E+000, 7.4932556152343750E+001
9,0,9,32, 9.0000000000000000E+001, 2.9443850708007812E+002, 7.6120817102491856E-003, 3.9225388900376856E-004, 1.7018492799252272E-003, 1.5690154395997524E-004, 1.7018492799252272E-003, 1.2763869017362595E-003, 9.6069015625000000E+004, 2.8820703125000000E+005, 1.9213802500000000E+006, 1.4410351562500000E+005, 1.0409183502197266E+000, 9.4998610019683838E-001, 8.3562304687500000E+004, 1.5000000000000000E+002, 0.0000000000000000E+000, 0.0000000000000000E+000, 0.0000000000000000E+000, 2.9427673339843750E+002, 7.2510801255702972E-003, 3.6095653194934130E-004, 4.6021463349461555E-003, 0.0000000000000000E+000, 0.0000000000000000E+000, 2.2118911147117615E-009, 0.0000000000000000E+000, 0.0000000000000000E+000, 6.6933166503906250E+001, 2.2002084006089717E-004, 7.3785430908203125E+001
9,0,10,32, 9.0000000000000000E+001, 2.9498822021484375E+002, 7.2465436533093452E-003, 4.4311862438917160E-004, 1.7716194270178676E-003, 1.7724743520375341E-004, 1.7716194270178676E-003, 1.3287145411595702E-003, 9.7546093750000000E+004, 2.9263828125000000E+005, 1.9509218750000000E+006, 1.4631914062500000E+005, 1.0251563787460327E+000, 9.4491052627563477E-001, 8.2010109375000000E+004, 1.5000000000000000E+002, 0.0000000000000000E+000, 0.0000000000000000E+000, 0.0000000000000000E+000, 2.9477911376953125E+002, 6.8844715133309364E-003, 3.6201073089614511E-004, 2.3583094589412212E-003, 0.0000000000000000E+000, 1.1641532182693481E-010, 1.2072268873453140E-007, 0.0000000000000000E+000, 3.1250000000000000E-002, 3.4299022674560547E+001, 3.2812500000000000E-001, 7.0818794250488281E+001
9,0,11,32, 9.0000000000000000E+001, 2.9553543090820312E+002, 6.8950452841818333E-003, 4.9633899470791221E-004, 1.8336945213377476E-003, 1.9853557751048356E-004, 1.8336945213377476E-003, 1.3752708910033107E-003, 9.9044695312500000E+004, 2.9713406250000000E+005, 1.9808938750000000E+006, 1.4856703125000000E+005, 1.0096452236175537E+000, 9.3986201286315918E-001, 8.0486742187500000E+004, 1.5000000000000000E+002, 0.0000000000000000E+000, 0.0000000000000000E+000, 0.0000000000000000E+000, 2.9527905273437500E+002, 6.5333391539752483E-003, 3.6162830656394362E-004, 8.6114770965650678E-004, 0.0000000000000000E+000, 1.1641532182693481E-010, 2.8638169169425964E-006, 0.0000000000000000E+000, 3.1250000000000000E-002, 1.2524448394775391E+001, 1.4468750000000000E+001, 6.6380508422851562E+001
9,0,12,32, 9.0000000000000000E+001, 2.9607992553710938E+002, 6.5571828745305538E-003, 5.5124209029600024E-004, 1.8870822386816144E-003, 2.2049681865610182E-004, 1.8870822386816144E-003, 1.4153115916997194E-003, 1.0056504687500000E+005, 3.0169515625000000E+005, 2.0113010000000000E+006, 1.5084757812500000E+005, 9.9438124895095825E-001, 9.3484050035476685E-001, 7.8991671875000000E+004, 1.5000000000000000E+002, 0.0000000000000000E+000, 0.0000000000000000E+000, 0.0000000000000000E+000, 2.9577703857421875E+002, 6.1973333358764648E-003, 3.5975588252767920E-004, 3.4692784538492560E-004, 0.0000000000000000E+000, 0.0000000000000000E+000, 3.8089463487267494E-005, 0.0000000000000000E+000, 0.0000000000000000E+000, 5.0456848144531250E+000, 3.6653125000000000E+002, 6.2369636535644531E+001
9,0,13,32, 9.0000000000000000E+001, 2.9662176513671875E+002, 6.2326039187610149E-003, 6.0703250346705317E-004, 1.9309092313051224E-003, 2.4281298101413995E-004, 1.9309092313051224E-003, 1.4481819234788418E-003, 1.0210746875000000E+005, 3.0632240625000000E+005, 2.0421493750000000E+006, 1.5316120312500000E+005, 9.7936028242111206E-001, 9.2984580993652344E-001, 7.7524382812500000E+004, 1.5000000000000000E+002, 0.0000000000000000E+000, 0.0000000000000000E+000, 0.0000000000000000E+000, 2.9627383422851562E+002, 5.8761290274560452E-003, 3.5636583925224841E-004, 2.6097826776094735E-004, 0.0000000000000000E+000, 1.1641532182693481E-010, 3.0628335662186146E-004, 0.0000000000000000E+000, 3.1250000000000000E-002, 3.7956428527832031E+000, 5.5658750000000000E+003, 6.1073410034179688E+001
9,0,14,32, 9.0000000000000000E+001, 2.9716085815429688E+002, 5.9209465980529785E-003, 6.6280714236199856E-004, 1.9644461572170258E-003, 2.6512282784096897E-004, 1.9644461572170258E-003, 1.4733346179127693E-003, 1.0367226562500000E+005, 3.1101678125000000E+005, 2.0734452500000000E+006, 1.5550839062500000E+005, 9.6457815170288086E-001, 9.2487782239913940E-001, 7.6084343750000000E+004, 1.5000000000000000E+002, 0.0000000000000000E+000, 0.0000000000000000E+000, 0.0000000000000000E+000, 2.9677151489257812E+002, 5.5693718604743481E-003, 3.5144618595950305E-004, 2.6575126685202122E-004, 0.0000000000000000E+000, 0.0000000000000000E+000, 1.4241321478039026E-003, 0.0000000000000000E+000, 0.0000000000000000E+000, 3.8650605678558350E+000, 4.8061906250000000E+004, 6.1094799041748047E+001
9,0,15,32, 9.0000000000000000E+001, 2.9769720458984375E+002, 5.6218472309410572E-003, 7.1757624391466379E-004, 1.9871271215379238E-003, 2.8703047428280115E-004, 1.9871271215379238E-003, 1.4903453411534429E-003, 1.0525971875000000E+005, 3.1577915625000000E+005, 2.1051942500000000E+006, 1.5788957812500000E+005, 9.5003104209899902E-001, 9.1993635892868042E-001, 7.4671046875000000E+004, 1.5000000000000000E+002, 0.0000000000000000E+000, 0.0000000000000000E+000, 0.0000000000000000E+000, 2.9728701782226562E+002, 5.2766771987080574E-003, 3.4289530594833195E-004, 2.3159198462963104E-004, 0.0000000000000000E+000, 2.3283064365386963E-010, 4.0842383168637753E-003, 0.0000000000000000E+000, 9.2640344519168139E-005, 3.3682513236999512E+000, 2.4347810937500000E+005, 6.0455253601074219E+001
9,0,16,32, 9.0000000000000000E+001, 2.9823074340820312E+002, 5.3349593654274940E-003, 7.7029044041410089E-004, 1.9985656253993511E-003, 3.0811614124104381E-004, 1.9985656253993511E-003, 1.4989242190495133E-003, 1.0687012500000000E+005, 3.2061037500000000E+005, 2.1374025000000000E+006, 1.6030518750000000E+005, 9.3571519851684570E-001, 9.1502135992050171E-001, 7.3284015625000000E+004, 1.5000000000000000E+002, 0.0000000000000000E+000, 0.0000000000000000E+000, 0.0000000000000000E+000, 2.9990911865234375E+002, 5.1158634014427662E-003, 0.0000000000000000E+000, 0.0000000000000000E+000, 0.0000000000000000E+000, 0.0000000000000000E+000, 6.8274326622486115E-003, 0.0000000000000000E+000, 0.0000000000000000E+000, 0.0000000000000000E+000, 6.3075068750000000E+005, 3.0653833389282227E+001
9,0,17,32, 9.0000000000000000E+001, 2.9876144409179688E+002, 5.0599081441760063E-003, 8.1987300654873252E-004, 1.9985656253993511E-003, 3.2794917933642864E-004, 1.9985656253993511E-003, 1.4989242190495133E-003, 1.0850377343750000E+005, 3.2551131250000000E+005, 2.1700755000000000E+006, 1.6275565625000000E+005, 9.2162692546844482E-001, 9.1013252735137939E-001, 7.1922742187500000E+004, 1.5000000000000000E+002, 0.0000000000000000E+000, 0.0000000000000000E+000, 0.0000000000000000E+000, 3.0057528686523438E+002, 4.8060715198516846E-003, 0.0000000000000000E+000, 0.0000000000000000E+000, 0.0000000000000000E+000, 0.0000000000000000E+000, 6.8897050805389881E-003, 0.0000000000000000E+000, 0.0000000000000000E+000, 0.0000000000000000E+000, 6.3987781250000000E+005, 3.0604646682739258E+001
9,0,18,32, 9.0000000000000000E+001, 2.9928921508789062E+002, 4.7963568940758705E-003, 8.6525542428717017E-004, 1.9871271215379238E-003, 3.4610214061103761E-004, 1.9871271215379238E-003, 1.4903453411534429E-003, 1.1016099218750000E+005, 3.3048296875000000E+005, 2.2032197500000000E+006, 1.6524148437500000E+005, 9.0776234865188599E-001, 9.0526986122131348E-001, 7.0586750000000000E+004, 1.5000000000000000E+002, 0.0000000000000000E+000, 0.0000000000000000E+000, 0.0000000000000000E+000, 3.0121981811523438E+002, 4.5124809257686138E-003, 0.0000000000000000E+000, 0.0000000000000000E+000, 0.0000000000000000E+000, 0.0000000000000000E+000, 6.9094025529921055E-003, 0.0000000000000000E+000, 0.0000000000000000E+000, 0.0000000000000000E+000, 6.4892518750000000E+005, 3.0503034591674805E+001
9,0,19,32, 9.0000000000000000E+001, 2.9981405639648438E+002, 4.5439600944519043E-003, 9.0541492681950331E-004, 1.9644461572170258E-003, 3.6216594162397087E-004, 1.9644461572170258E-003, 1.4733346179127693E-003, 1.1184206250000000E+005, 3.3552618750000000E+005, 2.2368412500000000E+006, 1.6776309375000000E+005, 8.9411801099777222E-001, 9.0043312311172485E-001, 6.9275578125000000E+004, 1.5000000000000000E+002, 0.0000000000000000E+000, 0.0000000000000000E+000, 0.0000000000000000E+000, 3.0184313964843750E+002, 4.2343745008111000E-003, 0.0000000000000000E+000, 0.0000000000000000E+000, 0.0000000000000000E+000, 0.0000000000000000E+000, 6.8867099471390247E-003, 0.0000000000000000E+000, 0.0000000000000000E+000, 0.0000000000000000E+000, 6.5789418750000000E+005, 3.0349634170532227E+001
9,0,20,32, 9.0000000000000000E+001, 3.0033584594726562E+002, 4.3023768812417984E-003, 9.3941309023648500E-004, 1.9309092313051224E-003, 3.7576523027382791E-004, 1.9309092313051224E-003, 1.4481819234788418E-003, 1.1354729687500000E+005, 3.4064187500000000E+005, 2.2709460000000000E+006, 1.7032093750000000E+005, 8.8069027662277222E-001, 8.9562231302261353E-001, 6.7988765625000000E+004, 1.5000000000000000E+002, 0.0000000000000000E+000, 0.0000000000000000E+000, 0.0000000000000000E+000, 3.0244564819335938E+002, 3.9710951969027519E-003, 0.0000000000000000E+000, 0.0000000000000000E+000, 0.0000000000000000E+000, 0.0000000000000000E+000, 6.8224058486521244E-003, 0.0000000000000000E+000, 0.0000000000000000E+000, 0.0000000000000000E+000, 6.6678837500000000E+005, 3.0144828796386719E+001
9,0,21,32, 9.0000000000000000E+001, 3.0085464477539062E+002, 4.0712831541895866E-003, 9.6643180586397648E-004, 1.8870822386816144E-003, 3.8657267577946186E-004, 1.8870822386816144E-003, 1.4153115916997194E-003, 1.1527703906250000E+005, 3.4583112500000000E+005, 2.3055407500000000E+006, 1.7291556250000000E+005, 8.6747545003890991E-001, 8.9083719253540039E-001, 6.6725859375000000E+004, 1.5000000000000000E+002, 0.0000000000000000E+000, 0.0000000000000000E+000, 0.0000000000000000E+000, 3.0302764892578125E+002, 3.7220774684101343E-003, 0.0000000000000000E+000, 0.0000000000000000E+000, 0.0000000000000000E+000, 0.0000000000000000E+000, 6.7179324105381966E-003, 0.0000000000000000E+000, 0.0000000000000000E+000, 0.0000000000000000E+000, 6.7561393750000000E+005, 2.9888902664184570E+001
9,0,22,32, 9.0000000000000000E+001, 3.0137033081054688E+002, 3.8503285031765699E-003, 9.8580587655305862E-004, 1.8336945213377476E-003, 3.9432232733815908E-004, 1.8336945213377476E-003, 1.3752708910033107E-003, 1.1703157812500000E+005, 3.5109471875000000E+005, 2.3406315000000000E+006, 1.7554735937500000E+005, 8.5447025299072266E-001, 8.8607758283615112E-001, 6.5486398437500000E+004, 1.5000000000000000E+002, 0.0000000000000000E+000, 0.0000000000000000E+000, 0.0000000000000000E+000, 3.0358966064453125E+002, 3.4866724163293839E-003, 0.0000000000000000E+000, 0.0000000000000000E+000, 0.0000000000000000E+000, 0.0000000000000000E+000, 6.5755904652178288E-003, 0.0000000000000000E+000, 0.0000000000000000E+000, 0.0000000000000000E+000, 6.8434975000000000E+005, 2.9582509994506836E+001
9,0,23,32, 9.0000000000000000E+001, 3.0188290405273438E+002, 3.6391965113580227E-003, 9.9705066531896591E-004, 1.7716194270178676E-003, 3.9882023702375591E-004, 1.7716194270178676E-003, 1.3287145411595702E-003, 1.1881122656250000E+005, 3.5643368750000000E+005, 2.3762245000000000E+006, 1.7821684375000000E+005, 8.4167128801345825E-001, 8.8134342432022095E-001, 6.4269968750000000E+004, 1.5000000000000000E+002, 0.0000000000000000E+000, 0.0000000000000000E+000, 0.0000000000000000E+000, 3.0413269042968750E+002, 3.2642171718180180E-003, 0.0000000000000000E+000, 0.0000000000000000E+000, 0.0000000000000000E+000, 0.0000000000000000E+000, 6.3986894674599171E-003, 0.0000000000000000E+000, 0.0000000000000000E+000, 0.0000000000000000E+000, 6.9275537500000000E+005, 2.9228239059448242E+001
9,0,24,32, 9.0000000000000000E+001, 3.0239224243164062E+002, 3.4375675022602081E-003, 9.9988188594579697E-004, 1.7018492799252272E-003, 3.9995272527448833E-004, 1.7018492799252272E-003, 1.2763869017362595E-003, 1.2061632031250000E+005, 3.6184896875000000E+005, 2.4123262500000000E+006, 1.8092448437500000E+005, 8.2907521724700928E-001, 8.7663453817367554E-001, 6.3076132812500000E+004, 1.5000000000000000E+002, 0.0000000000000000E+000, 0.0000000000000000E+000, 0.0000000000000000E+000, 3.0465777587890625E+002, 3.0540404841303825E-003, 0.0000000000000000E+000, 0.0000000000000000E+000, 2.5946064852178097E-007, 0.0000000000000000E+000, 6.1910985969007015E-003, 3.8525426387786865E+000, 0.0000000000000000E+000, 0.0000000000000000E+000, 6.9980831250000000E+005, 2.8833583831787109E+001
9,0,25,32, 9.0000000000000000E+001, 3.0289834594726562E+002, 3.2451262231916189E-003, 9.9422759376466274E-004, 1.6254701185971498E-003, 3.9769100840203464E-004, 1.6254701185971498E-003, 1.2191025307402015E-003, 1.2244717187500000E+005, 3.6734153125000000E+005, 2.4489435000000000E+006, 1.8367076562500000E+005, 8.1667870283126831E-001, 8.7195086479187012E-001, 6.1904476562500000E+004, 1.5000000000000000E+002, 0.0000000000000000E+000, 0.0000000000000000E+000, 0.0000000000000000E+000, 3.0516549682617188E+002, 2.8556420002132654E-003, 0.0000000000000000E+000, 0.0000000000000000E+000, 1.8487626221030951E-006, 0.0000000000000000E+000, 5.9501179493963718E-003, 2.7450931549072266E+001, 0.0000000000000000E+000, 0.0000000000000000E+000, 7.0348037500000000E+005, 2.8401994705200195E+001
9,0,26,32, 9.0000000000000000E+001, 3.0340124511718750E+002, 3.0615702271461487E-003, 9.8023109603673220E-004, 1.5436332905665040E-003, 3.9209242095239460E-004, 1.5436332905665040E-003, 1.1577248806133866E-003, 1.2430416406250000E+005, 3.7291250000000000E+005, 2.4860832500000000E+006, 1.8645625000000000E+005, 8.0447828769683838E-001, 8.6729216575622559E-001, 6.0754578125000000E+004, 1.5000000000000000E+002, 0.0000000000000000E+000, 0.0000000000000000E+000, 0.0000000000000000E+000, 3.0565695190429688E+002, 2.6684841141104698E-003, 0.0000000000000000E+000, 0.0000000000000000E+000, 8.4349885582923889E-006, 0.0000000000000000E+000, 5.6763752363622189E-003, 1.2524501037597656E+002, 0.0000000000000000E+000, 0.0000000000000000E+000, 7.0558656250000000E+005, 2.7916070938110352E+001
9,0,27,32, 9.0000000000000000E+001, 3.0390072631835938E+002, 2.8865796048194170E-003, 9.5824553864076734E-004, 1.4575266977772117E-003, 3.8329820381477475E-004, 1.4575266977772117E-003, 1.0931449942290783E-003, 1.2618754687500000E+005, 3.7856262500000000E+005, 2.5237510000000000E+006, 1.8928131250000000E+005, 7.9247123003005981E-001, 8.6265838146209717E-001, 5.9626042968750000E+004, 1.5000000000000000E+002, 0.0000000000000000E+000, 0.0000000000000000E+000, 0.0000000000000000E+000, 3.0613311767578125E+002, 2.4920143187046051E-003, 0.0000000000000000E+000, 0.0000000000000000E+000, 2.4039531126618385E-005, 5.8324076235294342E-008, 5.3738127462565899E-003, 3.5694552612304688E+002, 2.3206409066915512E-002, 0.0000000000000000E+000, 7.0732237500000000E+005, 2.7381494522094727E+001
9,0,28,32, 9.0000000000000000E+001, 3.0439682006835938E+002, 2.7198628522455692E-003, 9.2881830641999841E-004, 1.3683467404916883E-003, 3.7152730510570109E-004, 1.3683467404916883E-003, 1.0262600844725966E-003, 1.2809769531250000E+005, 3.8429306250000000E+005, 2.5619537500000000E+006, 1.9214653125000000E+005, 7.8065419197082520E-001, 8.5804939270019531E-001, 5.8518472656250000E+004, 1.5000000000000000E+002, 0.0000000000000000E+000, 0.0000000000000000E+000, 0.0000000000000000E+000, 3.0659509277343750E+002, 2.3257376160472631E-003, 0.0000000000000000E+000, 0.0000000000000000E+000, 4.1721505112946033E-005, 6.8801455199718475E-007, 5.0499392673373222E-003, 6.1949224853515625E+002, 2.7375224232673645E-001, 0.0000000000000000E+000, 7.0885481250000000E+005, 2.6956926345825195E+001
9,0,29,32, 9.0000000000000000E+001, 3.0488949584960938E+002, 2.5611277669668198E-003, 8.9266884606331587E-004, 1.2772708432748914E-003, 3.5706750350072980E-004, 1.2772708432748914E-003, 9.5795310335233808E-004, 1.3003493750000000E+005, 3.9010481250000000E+005, 2.6006987500000000E+006, 1.9505240625000000E+005, 7.6902407407760620E-001, 8.5346496105194092E-001, 5.7431472656250000E+004, 1.5000000000000000E+002, 0.0000000000000000E+000, 0.0000000000000000E+000, 0.0000000000000000E+000, 3.0704409790039062E+002, 2.1691580768674612E-003, 0.0000000000000000E+000, 0.0000000000000000E+000, 4.6861503506079316E-005, 4.8890942707657814E-006, 4.6904007904231548E-003, 6.9581237792968750E+002, 1.9453083276748657E+000, 0.0000000000000000E+000, 7.0970937500000000E+005, 2.7492944717407227E+001
9,0,30,32, 9.0000000000000000E+001, 3.0537866210937500E+002, 2.4100861046463251E-003, 8.5065909661352634E-004, 1.1854333570227027E-003, 3.4026362118311226E-004, 1.1854333570227027E-003, 8.8907493045553565E-004, 1.3199964062500000E+005, 3.9599890625000000E+005, 2.6399927500000000E+006, 1.9799945312500000E+005, 7.5757783651351929E-001, 8.4890508651733398E-001, 5.6364667968750000E+004, 1.5000000000000000E+002, 0.0000000000000000E+000, 0.0000000000000000E+000, 0.0000000000000000E+000, 3.0748129272460938E+002, 2.0218016579747200E-003, 0.0000000000000000E+000, 0.0000000000000000E+000, 7.4253213824704289E-005, 2.0819250494241714E-005, 4.1772155091166496E-003, 8.0105312500000000E+003, 8.2837142944335938E+000, 0.0000000000000000E+000, 7.0413412500000000E+005, 2.9937000274658203E+001
9,0,31,32, 9.0000000000000000E+001, 3.0586434936523438E+002, 2.2664633579552174E-003, 8.0375996185466647E-004, 1.0939020430669188E-003, 3.2150396145880222E-004, 1.0939020430669188E-003, 8.2042650319635868E-004, 1.3399215625000000E+005, 4.0197646875000000E+005, 2.6798432500000000E+006, 2.0098823437500000E+005, 7.4631232023239136E-001, 8.4436947107315063E-001, 5.5317671875000000E+004, 1.5000000000000000E+002, 0.0000000000000000E+000, 0.0000000000000000E+000, 0.0000000000000000E+000, 3.0790795898437500E+002, 1.8832182977348566E-003, 0.0000000000000000E+000, 0.0000000000000000E+000, 8.8615764980204403E-005, 4.8310728743672371E-005, 3.1783583108335733E-003, 1.6436062500000000E+004, 1.9222223281860352E+001, 0.0000000000000000E+000, 6.5230362500000000E+005, 3.2367111206054688E+001
9,0,32,32, 9.0000000000000000E+001, 3.0634634399414062E+002, 2.1299708168953657E-003, 7.5301364995539188E-004, 1.0036609601229429E-003, 3.0120543669909239E-004, 1.0036609601229429E-003, 7.5274572009220719E-004, 1.3601276562500000E+005, 4.0803831250000000E+005, 2.7202555000000000E+006, 2.0401915625000000E+005, 7.3522508144378662E-001, 8.3985823392868042E-001, 5.4290132812500000E+004, 1.5000000000000000E+002, 0.0000000000000000E+000, 0.0000000000000000E+000, 0.0000000000000000E+000, 3.0832513427734375E+002, 1.7529572360217571E-003, 0.0000000000000000E+000, 0.0000000000000000E+000, 7.9180288594216108E-005, 4.8231217078864574E-005, 1.4777918113395572E-003, 2.3188617187500000E+004, 1.9190587997436523E+001, 0.0000000000000000E+000, 4.2652659375000000E+005, 3.1955142974853516E+001
10,0,1,32, 4.5000000000000000E+001, 2.9249328613281250E+002, 1.2091268785297871E-002, 0.0000000000000000E+000, 1.6181208775378764E-004, 2.5526474928483367E-005, 2.1574943093582988E-004, 0.0000000000000000E+000, 4.3350101562500000E+004, 8.6700203125000000E+004, 8.6700206250000000E+005, 0.0000000000000000E+000, 1.1533998250961304E+000, 9.8716795444488525E-001, 9.5580367187500000E+004, 4.0000000000000000E+002, 0.0000000000000000E+000,-0.0000000000000000E+000, 1.4012984643248171E-045, 2.9276739501953125E+002, 1.1946882121264935E-002, 1.4437652134802192E-004, 4.1334555135108531E-004, 0.0000000000000000E+000, 0.0000000000000000E+000, 0.0000000000000000E+000, 0.0000000000000000E+000, 0.0000000000000000E+000, 9.5677818750000000E+005, 0.0000000000000000E+000, 1.1707734107971191E+001
10,0,2,32, 4.5000000000000000E+001, 2.9411227416992188E+002, 1.0776108130812645E-002, 0.0000000000000000E+000, 1.9844605412799865E-004, 4.0793594962451607E-005, 2.6459470973350108E-004, 0.0000000000000000E+000, 4.5174976562500000E+004, 9.0349953125000000E+004, 9.0349950000000000E+005, 0.0000000000000000E+000, 1.1068074703216553E+000, 9.7316581010818481E-001, 9.0918859375000000E+004, 4.0000000000000000E+002, 9.9999994396249292E-011, 1.0000000133514320E-010, 1.0000000827403710E-010, 2.9436126708984375E+002, 1.0635077022016048E-002, 1.4102071872912347E-004, 5.1418243674561381E-004, 0.0000000000000000E+000, 0.0000000000000000E+000, 0.0000000000000000E+000, 0.0000000000000000E+000, 0.0000000000000000E+000, 9.8971400000000000E+005, 0.0000000000000000E+000, 1.3287121772766113E+001
10,0,3,32, 4.5000000000000000E+001, 2.9571728515625000E+002, 9.5742195844650269E-003, 0.0000000000000000E+000, 2.3364025400951505E-004, 6.1365200963336974E-005, 3.1152029987424612E-004, 0.0000000000000000E+000, 4.7073015625000000E+004, 9.4146031250000000E+004, 9.4146031250000000E+005, 0.0000000000000000E+000, 1.0621796846389771E+000, 9.5936226844787598E-001, 8.6484695312500000E+004, 4.0000000000000000E+002, 2.0000000233721948E-007, 2.9999998929497451E-008, 3.9999998868722741E-009, 2.9593780517578125E+002, 9.4370609149336815E-003, 1.3714819215238094E-004, 6.1576807638630271E-004, 0.0000000000000000E+000, 0.0000000000000000E+000, 0.0000000000000000E+000, 0.0000000000000000E+000, 0.0000000000000000E+000, 1.0282241875000000E+006, 0.0000000000000000E+000, 1.4517258644104004E+001
10,0,4,32, 4.5000000000000000E+001, 2.9730758666992188E+002, 8.4791323170065880E-003, 0.0000000000000000E+000, 2.6407456607557833E-004, 8.6892257968429476E-005, 3.5209939233027399E-004, 0.0000000000000000E+000, 4.9046921875000000E+004, 9.8093843750000000E+004, 9.8093843750000000E+005, 0.0000000000000000E+000, 1.0194319486618042E+000, 9.4575452804565430E-001, 8.2266789062500000E+004, 4.0000000000000000E+002, 5.9999997858994902E-008, 2.9999998929497451E-008, 1.4999999464748726E-008, 2.9749679565429688E+002, 8.3467103540897369E-003, 1.3241085980553180E-004, 7.0982176112011075E-004, 0.0000000000000000E+000, 0.0000000000000000E+000, 0.0000000000000000E+000, 0.0000000000000000E+000, 0.0000000000000000E+000, 1.0689583750000000E+006, 0.0000000000000000E+000, 1.5412749290466309E+001
10,0,5,32, 4.5000000000000000E+001, 2.9888244628906250E+002, 7.4844933114945889E-003, 0.0000000000000000E+000, 2.8653600020334125E-004, 1.1581608850974590E-004, 3.8204796146601439E-004, 0.0000000000000000E+000, 5.1099511718750000E+004, 1.0219902343750000E+005, 1.0219901875000000E+006, 0.0000000000000000E+000, 9.7848296165466309E-001, 9.3233978748321533E-001, 7.8254585937500000E+004, 4.0000000000000000E+002, 7.9999999513802322E-008, 3.9999999756901161E-008, 1.9999999878450581E-008, 2.9903900146484375E+002, 7.3579163290560246E-003, 1.2656518083531410E-004, 7.8740669414401054E-004, 0.0000000000000000E+000, 2.9103830456733704E-011, 0.0000000000000000E+000, 0.0000000000000000E+000, 1.5625000000000000E-002, 1.1120731250000000E+006, 0.0000000000000000E+000, 1.5971271514892578E+001
10,0,6,32, 4.5000000000000000E+001, 3.0044107055664062E+002, 6.5839760936796665E-003, 0.0000000000000000E+000, 2.9847331461496651E-004, 1.4530670887324959E-004, 3.9796438068151474E-004, 0.0000000000000000E+000, 5.3233640625000000E+004, 1.0646728125000000E+005, 1.0646727500000000E+006, 0.0000000000000000E+000, 9.3925571441650391E-001, 9.1911536455154419E-001, 7.4438070312500000E+004, 4.0000000000000000E+002, 1.0000000116860974E-007, 5.0000000584304871E-008, 2.5000000292152436E-008, 3.0056546020507812E+002, 6.4644729718565941E-003, 1.1949112376896665E-004, 8.4017682820558548E-004, 0.0000000000000000E+000, 0.0000000000000000E+000, 0.0000000000000000E+000, 0.0000000000000000E+000, 0.0000000000000000E+000, 1.1597238750000000E+006, 0.0000000000000000E+000, 1.6181442260742188E+001
10,0,7,32, 4.5000000000000000E+001, 3.0198266601562500E+002, 5.7713715359568596E-003, 0.0000000000000000E+000, 2.9847331461496651E-004, 1.7160549759864807E-004, 3.9796438068151474E-004, 0.0000000000000000E+000, 5.5452269531250000E+004, 1.1090453906250000E+005, 1.1090453750000000E+006, 0.0000000000000000E+000, 9.0167635679244995E-001, 9.0607851743698120E-001, 7.0807687500000000E+004, 4.0000000000000000E+002, 1.1999999571798980E-007, 5.9999997858994902E-008, 2.9999998929497451E-008, 3.0207778930664062E+002, 5.6601217947900295E-003, 1.1119075497845188E-004, 7.9470605123788118E-004, 0.0000000000000000E+000, 3.9418082451447845E-005, 1.3277158359414898E-005, 0.0000000000000000E+000, 4.7813125000000000E+003, 1.1934410000000000E+006, 5.5200488281250000E+002, 1.8868833541870117E+001
10,0,8,32, 4.5000000000000000E+001, 3.0350643920898438E+002, 5.0406414084136486E-003, 0.0000000000000000E+000, 2.8653600020334125E-004, 1.9076805619988590E-004, 3.8204796146601439E-004, 0.0000000000000000E+000, 5.7758480468750000E+004, 1.1551696093750000E+005, 1.1551696250000000E+006, 0.0000000000000000E+000, 8.6567372083663940E-001, 8.9322650432586670E-001, 6.7354351562500000E+004, 4.0000000000000000E+002, 0.0000000000000000E+000,-0.0000000000000000E+000, 1.4012984643248171E-045, 3.0375292968750000E+002, 4.9744518473744392E-003, 2.0496125216595829E-005, 1.6372982645407319E-004, 1.6922023496590555E-004, 4.8887508455663919E-004, 7.6343021646607667E-005, 4.9686871093750000E+004, 1.1539307812500000E+005, 9.7381950000000000E+005, 5.9169438476562500E+003, 1.6668239593505859E+001
10,0,9,32, 4.5000000000000000E+001, 3.0501150512695312E+002, 4.3858508579432964E-003, 0.0000000000000000E+000, 2.6407456607557833E-004, 1.9962228543590754E-004, 3.5209939233027399E-004, 0.0000000000000000E+000, 6.0155394531250000E+004, 1.2031078906250000E+005, 1.2031078750000000E+006, 0.0000000000000000E+000, 8.3118063211441040E-001, 8.8055688142776489E-001, 6.4069441406250000E+004, 4.0000000000000000E+002, 9.9999994396249292E-011, 1.0000000133514320E-010, 1.0000000827403710E-010, 3.0524978637695312E+002, 4.3234853073954582E-003, 0.0000000000000000E+000, 1.6130546282511204E-004, 1.8027887563221157E-004, 4.6283233677968383E-004, 6.5061147324740887E-005, 7.4037187500000000E+004, 1.2161784375000000E+005, 1.0302407500000000E+006, 5.6310893554687500E+003, 1.5665287971496582E+001
10,0,10,32, 4.5000000000000000E+001, 3.0649710083007812E+002, 3.8012855220586061E-003, 0.0000000000000000E+000, 2.3364025400951505E-004, 1.9662613340187818E-004, 3.1152029987424612E-004, 0.0000000000000000E+000, 6.2646277343750000E+004, 1.2529255468750000E+005, 1.2529256250000000E+006, 0.0000000000000000E+000, 7.9813200235366821E-001, 8.6806690692901611E-001, 6.0944734375000000E+004, 4.0000000000000000E+002, 2.0000000233721948E-007, 2.9999998929497451E-008, 3.9999998868722741E-009, 3.0677001953125000E+002, 3.7267862353473902E-003, 0.0000000000000000E+000, 1.5355343930423260E-004, 1.7944746650755405E-004, 4.2046024464070797E-004, 5.1550443458836526E-005, 6.1631636718750000E+004, 1.2943252343750000E+005, 1.0944251250000000E+006, 5.2728535156250000E+003, 1.4235058784484863E+001
10,0,11,32, 4.5000000000000000E+001, 3.0796231079101562E+002, 3.2813881989568472E-003, 0.0000000000000000E+000, 1.9844605412799865E-004, 1.8230656860396266E-004, 2.6459470973350108E-004, 0.0000000000000000E+000, 6.5234449218750000E+004, 1.3046889843750000E+005, 1.3046890000000000E+006, 0.0000000000000000E+000, 7.6646620035171509E-001, 8.5575407743453979E-001, 5.7972425781250000E+004, 4.0000000000000000E+002, 5.9999997858994902E-008, 2.9999998929497451E-008, 1.4999999464748726E-008, 3.0825274658203125E+002, 3.2003005035221577E-003, 0.0000000000000000E+000, 1.4081149129197001E-004, 1.6887250239960849E-004, 3.6684825317934155E-004, 3.7531335692619905E-005, 6.1063007812500000E+004, 1.3552937500000000E+005, 1.1626197500000000E+006, 4.8607910156250000E+003, 1.2457557678222656E+001
10,0,12,32, 4.5000000000000000E+001, 3.0940618896484375E+002, 2.8208221774548292E-003, 0.0000000000000000E+000, 1.6181208775378764E-004, 1.5910810907371342E-004, 2.1574943093582988E-004, 0.0000000000000000E+000, 6.7923320312500000E+004, 1.3584664062500000E+005, 1.3584663750000000E+006, 0.0000000000000000E+000, 7.3612421751022339E-001, 8.4361594915390015E-001, 5.5145078125000000E+004, 4.0000000000000000E+002, 7.9999999513802322E-008, 3.9999999756901161E-008, 1.9999999878450581E-008, 3.0969824218750000E+002, 2.7384059503674507E-003, 0.0000000000000000E+000, 1.2352068733889610E-004, 1.5003079897724092E-004, 3.0864565633237362E-004, 2.4910474166972563E-005, 6.5641492187500000E+004, 1.4186843750000000E+005, 1.2353757500000000E+006, 4.2043515625000000E+003, 1.0368535995483398E+001
10,0,13,32, 4.5000000000000000E+001, 3.1082788085937500E+002, 2.4144928902387619E-003, 0.0000000000000000E+000, 1.2666397378779948E-004, 1.3071070134174079E-004, 1.6888529353309423E-004, 0.0000000000000000E+000, 7.0716445312500000E+004, 1.4143289062500000E+005, 1.4143288750000000E+006, 0.0000000000000000E+000, 7.0704913139343262E-001, 8.3164995908737183E-001, 5.2455621093750000E+004, 4.0000000000000000E+002, 1.0000000116860974E-007, 5.0000000584304871E-008, 2.5000000292152436E-008, 3.1110867309570312E+002, 2.3350934498012066E-003, 0.0000000000000000E+000, 1.0296512482455000E-004, 1.2573307321872562E-004, 2.5190634187310934E-004, 1.3684531040780712E-005, 7.0543000000000000E+004, 1.4839314062500000E+005, 1.3107967500000000E+006, 3.2511772460937500E+003, 7.9505386352539062E+000
10,0,14,32, 4.5000000000000000E+001, 3.1222640991210938E+002, 2.0575255621224642E-003, 0.0000000000000000E+000, 9.5185103418771178E-005, 1.0107851994689554E-004, 1.2691346637438983E-004, 0.0000000000000000E+000, 7.3617429687500000E+004, 1.4723485937500000E+005, 1.4723485000000000E+006, 0.0000000000000000E+000, 6.7918699979782104E-001, 8.1985372304916382E-001, 4.9897328125000000E+004, 4.0000000000000000E+002, 1.1999999571798980E-007, 5.9999997858994902E-008, 2.9999998929497451E-008, 3.1248583984375000E+002, 1.9844726193696260E-003, 0.0000000000000000E+000, 8.1444639363326132E-005, 9.9575845524668694E-005, 2.0676385611295700E-004, 5.6625015787403754E-008, 7.5690039062500000E+004, 1.5730381250000000E+005, 1.3877337500000000E+006, 4.3474140167236328E+001, 5.2784528732299805E+000
10,0,15,32, 4.5000000000000000E+001, 3.1360089111328125E+002, 1.7453015316277742E-003, 0.0000000000000000E+000, 6.8668647145386785E-005, 7.3575887654442340E-005, 9.1558184067253023E-005, 0.0000000000000000E+000, 7.6629984375000000E+004, 1.5325996875000000E+005, 1.5325997500000000E+006, 0.0000000000000000E+000, 6.5248608589172363E-001, 8.0822473764419556E-001, 4.7463804687500000E+004, 4.0000000000000000E+002, 0.0000000000000000E+000,-0.0000000000000000E+000, 1.4012984643248171E-045, 3.1382473754882812E+002, 1.6828196821734309E-003, 0.0000000000000000E+000, 6.1303740949369967E-005, 7.3857983807101846E-005, 1.5434883243869990E-004, 1.4516236035433394E-007, 7.0345125000000000E+004, 1.5834353125000000E+005, 1.4640876250000000E+006, 1.6304171752929688E+002, 2.5320529937744141E+000
10,0,16,32, 4.5000000000000000E+001, 3.1495022583007812E+002, 1.4734623255208135E-003, 0.0000000000000000E+000, 4.7557809011777863E-005, 5.0412822020007297E-005, 6.3410407165065408E-005, 0.0000000000000000E+000, 7.9757937500000000E+004, 1.5951587500000000E+005, 1.5951587500000000E+006, 0.0000000000000000E+000, 6.2689685821533203E-001, 7.9676079750061035E-001, 4.5148972656250000E+004, 4.0000000000000000E+002, 9.9999994396249292E-011, 1.0000000133514320E-010, 1.0000000827403710E-010, 3.1514291381835938E+002, 1.4203372411429882E-003, 0.0000000000000000E+000, 4.3571810238063335E-005, 5.2313789637992159E-005, 1.1353114678058773E-004, 3.7532868191192392E-007, 7.4391218750000000E+004, 1.6480765625000000E+005, 1.5359035000000000E+006, 5.9144891357421875E+002,-4.9400547146797180E-001
10,0,17,32, 4.5000000000000000E+001, 3.1627349853515625E+002, 1.2379026738926768E-003, 0.0000000000000000E+000, 3.1619769288226962E-005, 3.2514370104763657E-005, 4.2159688746323809E-005, 0.0000000000000000E+000, 8.3005210937500000E+004, 1.6601042187500000E+005, 1.6601042500000000E+006, 0.0000000000000000E+000, 6.0237181186676025E-001, 7.8545939922332764E-001, 4.2947027343750000E+004, 4.0000000000000000E+002, 2.0000000233721948E-007, 2.9999998929497451E-008, 3.9999998868722741E-009, 3.1643551635742188E+002, 1.1939597316086292E-003, 0.0000000000000000E+000, 2.8471140467445366E-005, 3.5456927435006946E-005, 8.1915073678828776E-005, 1.1659305982902879E-006, 7.9909570312500000E+004, 1.7313487500000000E+005, 1.1362393750000000E+006, 2.0659602050781250E+003,-3.6136555671691895E+000
10,0,18,32, 4.5000000000000000E+001, 3.1756964111328125E+002, 1.0347886709496379E-003, 0.0000000000000000E+000, 2.0182233129162341E-005, 1.9739611161639914E-005, 2.6909643565886654E-005, 0.0000000000000000E+000, 8.6375781250000000E+004, 1.7275156250000000E+005, 1.7275156250000000E+006, 0.0000000000000000E+000, 5.7886594533920288E-001, 7.7431833744049072E-001, 4.0852476562500000E+004, 4.0000000000000000E+002, 5.9999997858994902E-008, 2.9999998929497451E-008, 1.4999999464748726E-008, 3.1770187377929688E+002, 9.9974067416042089E-004, 0.0000000000000000E+000, 1.5412204447784461E-005, 2.3315007638302632E-005, 5.7401775848120451E-005, 3.8906464396859519E-006, 8.7972992187500000E+004, 1.7910845312500000E+005, 6.1507737500000000E+005, 6.9182802734375000E+003,-6.5944499969482422E+000
10,0,19,32, 4.5000000000000000E+001, 3.1883761596679688E+002, 8.6054921848699450E-004, 0.0000000000000000E+000, 1.2366695045784581E-005, 1.1280564649496228E-005, 1.6488926121382974E-005, 0.0000000000000000E+000, 8.9873804687500000E+004, 1.7974760937500000E+005, 1.7974761250000000E+006, 0.0000000000000000E+000, 5.5633562803268433E-001, 7.6333528757095337E-001, 3.8860078125000000E+004, 4.0000000000000000E+002, 7.9999999513802322E-008, 3.9999999756901161E-008, 1.9999999878450581E-008, 3.1894439697265625E+002, 8.3351816283538938E-004, 0.0000000000000000E+000, 2.1562964320764877E-006, 1.4955574442865327E-005, 3.9102611481212080E-005, 9.0086168711422943E-006, 9.4249242187500000E+004, 1.8549759375000000E+005, 8.6054468750000000E+004, 2.1480591796875000E+004,-9.3555345535278320E+000
10,0,20,32, 4.5000000000000000E+001, 3.2007632446289062E+002, 7.1186880813911557E-004, 0.0000000000000000E+000, 7.2746429395920131E-006, 6.0680849855998531E-006, 9.6995236162911169E-006, 0.0000000000000000E+000, 9.3503445312500000E+004, 1.8700689062500000E+005, 1.8700688750000000E+006, 0.0000000000000000E+000, 5.3473967313766479E-001, 7.5250798463821411E-001, 3.6964851562500000E+004, 4.0000000000000000E+002, 1.0000000116860974E-007, 5.0000000584304871E-008, 2.5000000292152436E-008, 3.2015750122070312E+002, 6.9162825820967555E-004, 0.0000000000000000E+000, 0.0000000000000000E+000, 9.4758788691251539E-006, 2.5801422452786937E-005, 6.7065725488646422E-006, 1.0068135937500000E+005, 1.9224517187500000E+005, 0.0000000000000000E+000, 6.4270605468750000E+004,-1.4203579902648926E+001
10,0,21,32, 4.5000000000000000E+001, 3.2128466796875000E+002, 5.8569567045196891E-004, 0.0000000000000000E+000, 4.1081229937844910E-006, 3.0725693704880541E-006, 5.4774968702986371E-006, 0.0000000000000000E+000, 9.7269023437500000E+004, 1.9453804687500000E+005, 1.9453805000000000E+006, 0.0000000000000000E+000, 5.1403826475143433E-001, 7.4183434247970581E-001, 3.5162054687500000E+004, 4.0000000000000000E+002, 1.1999999571798980E-007, 5.9999997858994902E-008, 2.9999998929497451E-008, 3.2134481811523438E+002, 5.7080021360889077E-004, 1.6266717139945541E-011, 0.0000000000000000E+000, 6.1254004322108813E-006, 1.6827927538543008E-005, 3.8948383007664233E-006, 1.8416156250000000E+005, 1.9934806250000000E+005, 0.0000000000000000E+000, 1.5942643750000000E+005,-1.8740386962890625E+001
10,0,22,32, 4.5000000000000000E+001, 3.2246154785156250E+002, 4.7922381781972945E-004, 0.0000000000000000E+000, 2.2271474335866515E-006, 1.4644700740973349E-006, 2.9695297598664183E-006, 0.0000000000000000E+000, 1.0117496093750000E+005, 2.0234992187500000E+005, 2.0234992500000000E+006, 0.0000000000000000E+000, 4.9419340491294861E-001, 7.3131203651428223E-001, 3.3447179687500000E+004, 4.0000000000000000E+002, 0.0000000000000000E+000,-0.0000000000000000E+000, 1.4012984643248171E-045, 3.2251092529296875E+002, 4.6696039498783648E-004, 9.5052280357776908E-007, 0.0000000000000000E+000, 4.6862451199558564E-006, 1.0768102583824657E-005, 2.1068226487841457E-006, 6.0704981250000000E+005, 2.0224507812500000E+005, 0.0000000000000000E+000, 8.6262750000000000E+004,-2.2710094451904297E+001
10,0,23,32, 4.5000000000000000E+001, 3.2360574340820312E+002, 3.8988818414509296E-004, 0.0000000000000000E+000, 1.1591184829740087E-006, 6.5703449081411236E-007, 1.5454911590495612E-006, 0.0000000000000000E+000, 1.0522571093750000E+005, 2.1045142187500000E+005, 2.1045142500000000E+006, 0.0000000000000000E+000, 4.7516903281211853E-001, 7.2093898057937622E-001, 3.1815941406250000E+004, 4.0000000000000000E+002, 9.9999994396249292E-011, 1.0000000133514320E-010, 1.0000000827403710E-010, 3.2364675903320312E+002, 3.7968615652061999E-004, 1.6477008557558293E-006, 0.0000000000000000E+000, 3.6532790090859635E-006, 6.9233233261911664E-006, 1.0927676612482173E-006, 6.3135418750000000E+005, 2.1129937500000000E+005, 0.0000000000000000E+000, 4.4807988281250000E+004,-2.6672544479370117E+001
10,0,24,32, 4.5000000000000000E+001, 3.2471612548828125E+002, 3.1536031747236848E-004, 0.0000000000000000E+000, 5.7913626960726106E-007, 2.7747526587518223E-007, 7.7218163596626255E-007, 0.0000000000000000E+000, 1.0942585937500000E+005, 2.1885171875000000E+005, 2.1885172500000000E+006, 0.0000000000000000E+000, 4.5693036913871765E-001, 7.1071308851242065E-001, 3.0264261718750000E+004, 4.0000000000000000E+002, 2.0000000233721948E-007, 2.9999998929497451E-008, 3.9999998868722741E-009, 3.2475097656250000E+002, 3.0694826273247600E-004, 0.0000000000000000E+000, 0.0000000000000000E+000, 4.9052978283725679E-006, 4.4437651922635268E-006, 5.4400021554101841E-007, 6.5655518750000000E+005, 2.2292342187500000E+005, 0.0000000000000000E+000, 2.2343666015625000E+004,-3.0493658065795898E+001
10,0,25,32, 4.5000000000000000E+001, 3.2579147338867188E+002, 2.5353181990794837E-004, 0.0000000000000000E+000, 2.7778412459156243E-007, 1.1030363111785846E-007, 3.7037881384094362E-007, 0.0000000000000000E+000, 1.1378010937500000E+005, 2.2756021875000000E+005, 2.2756022500000000E+006, 0.0000000000000000E+000, 4.3944412469863892E-001, 7.0063221454620361E-001, 2.8788255859375000E+004, 4.0000000000000000E+002, 5.9999997858994902E-008, 2.9999998929497451E-008, 1.4999999464748726E-008, 3.2582028198242188E+002, 2.4666680837981403E-004, 0.0000000000000000E+000, 0.0000000000000000E+000, 4.4739435907104053E-006, 2.8029630811943207E-006, 2.5996217800638988E-007, 6.8268062500000000E+005, 2.3175746875000000E+005, 0.0000000000000000E+000, 1.0695940429687500E+004,-3.3967594146728516E+001
10,0,26,32, 4.5000000000000000E+001, 3.2683053588867188E+002, 2.0252798276487738E-004, 0.0000000000000000E+000, 1.2791078063401073E-007, 4.1274706319427423E-008, 1.7054769330115960E-007, 0.0000000000000000E+000, 1.1829320312500000E+005, 2.3658640625000000E+005, 2.3658640000000000E+006, 0.0000000000000000E+000, 4.2267856001853943E-001, 6.9069433212280273E-001, 2.7384236328125000E+004, 4.0000000000000000E+002, 7.9999999513802322E-008, 3.9999999756901161E-008, 1.9999999878450581E-008, 3.2685421752929688E+002, 1.9696554227266461E-004, 0.0000000000000000E+000, 0.0000000000000000E+000, 3.9851352084951941E-006, 1.7463447647969588E-006, 1.1925394005629641E-007, 7.0975925000000000E+005, 2.4098721875000000E+005, 0.0000000000000000E+000, 4.9152812500000000E+003,-3.5000000000000000E+001
10,0,27,32, 4.5000000000000000E+001, 3.2783206176757812E+002, 1.6064726514741778E-004, 0.0000000000000000E+000, 5.6543335347214452E-008, 1.4538088066728960E-008, 7.5391106690858578E-008, 0.0000000000000000E+000, 1.2296998437500000E+005, 2.4593996875000000E+005, 2.4593997500000000E+006, 0.0000000000000000E+000, 4.0660327672958374E-001, 6.8089741468429565E-001, 2.6048689453125000E+004, 4.0000000000000000E+002, 1.0000000116860974E-007, 5.0000000584304871E-008, 2.5000000292152436E-008, 3.2785131835937500E+002, 1.5619587793480605E-004, 0.0000000000000000E+000, 0.0000000000000000E+000, 3.4742324714898132E-006, 1.0330805935154785E-006, 5.2515812143383300E-008, 7.3781993750000000E+005, 2.3635498437500000E+005, 0.0000000000000000E+000, 2.1684211425781250E+003,-3.5000000000000000E+001
10,0,28,32, 4.5000000000000000E+001, 3.2879473876953125E+002, 1.2644099479075521E-004, 0.0000000000000000E+000, 2.3995466946757915E-008, 4.8201371782852220E-009, 3.1993952376296875E-008, 0.0000000000000000E+000, 1.2781535156250000E+005, 2.5563070312500000E+005, 2.5563070000000000E+006, 0.0000000000000000E+000, 3.9118930697441101E-001, 6.7123943567276001E-001, 2.4778281250000000E+004, 4.0000000000000000E+002, 1.1999999571798980E-007, 5.9999997858994902E-008, 2.9999998929497451E-008, 3.2881024169921875E+002, 1.2290959421079606E-004, 0.0000000000000000E+000, 0.0000000000000000E+000, 3.1942383884597803E-006, 3.6198190400682506E-007, 2.2200421057050335E-008, 7.6689212500000000E+005, 1.0026730468750000E+005, 0.0000000000000000E+000, 9.1834014892578125E+002,-3.5000000000000000E+001
10,0,29,32, 4.5000000000000000E+001, 3.2971722412109375E+002, 9.8626267572399229E-005, 0.0000000000000000E+000, 9.7757624217820194E-009, 1.5043218892785148E-009, 1.3034349599649886E-008, 0.0000000000000000E+000, 1.3283432812500000E+005, 2.6566865625000000E+005, 2.6566865000000000E+006, 0.0000000000000000E+000, 3.7640872597694397E-001, 6.6171848773956299E-001, 2.3569832031250000E+004, 4.0000000000000000E+002, 0.0000000000000000E+000,-0.0000000000000000E+000, 1.4012984643248171E-045, 3.2972961425781250E+002, 9.5845840405672789E-005, 0.0000000000000000E+000, 0.0000000000000000E+000, 2.6703414732764941E-006, 1.2059318521551177E-007, 9.0091898385935565E-009, 7.9700587500000000E+005, 4.0836492187500000E+004, 0.0000000000000000E+000, 3.7336035156250000E+002,-3.5000000000000000E+001
10,0,30,32, 4.5000000000000000E+001, 3.3059826660156250E+002, 7.6110234658699483E-005, 0.0000000000000000E+000, 3.8233585186731034E-009, 4.4192619008676104E-010, 5.0978106180821214E-009, 0.0000000000000000E+000, 1.3803201562500000E+005, 2.7606403125000000E+005, 2.7606402500000000E+006, 0.0000000000000000E+000, 3.6223480105400085E-001, 6.5233254432678223E-001, 2.2420314453125000E+004, 4.0000000000000000E+002, 9.9999994396249292E-011, 1.0000000133514320E-010, 1.0000000827403710E-010, 3.3061022949218750E+002, 7.3468530899845064E-005, 0.0000000000000000E+000, 0.0000000000000000E+000, 2.6087145670317113E-006, 3.8166760418789636E-008, 3.5096403561141187E-009, 8.2819212500000000E+005, 1.5967246093750000E+004, 0.0000000000000000E+000, 1.4571908569335938E+002,-3.5000000000000000E+001
10,0,31,32, 4.5000000000000000E+001, 3.3143634033203125E+002, 5.8005054597742856E-005, 0.0000000000000000E+000, 1.4355352462303017E-009, 1.2220482958902323E-010, 1.9140469209588673E-009, 0.0000000000000000E+000, 1.4341343750000000E+005, 2.8682687500000000E+005, 2.8682690000000000E+006, 0.0000000000000000E+000, 3.4864234924316406E-001, 6.4307975769042969E-001, 2.1326863281250000E+004, 4.0000000000000000E+002, 2.0000000233721948E-007, 2.9999998929497451E-008, 3.9999998868722741E-009, 3.3144949340820312E+002, 5.5153592256829143E-005, 0.0000000000000000E+000, 0.0000000000000000E+000, 2.8426150038285414E-006, 1.1474358352359104E-008, 1.3124802356045961E-009, 8.6048068750000000E+005, 5.9938779296875000E+003, 0.0000000000000000E+000, 5.4597122192382812E+001,-3.5000000000000000E+001
10,0,32,32, 4.5000000000000000E+001, 3.3223010253906250E+002, 4.3611820728983730E-005, 0.0000000000000000E+000, 5.1743576090501620E-010, 3.1809461314979970E-011, 6.8991434787335493E-010, 0.0000000000000000E+000, 1.4898387500000000E+005, 2.9796775000000000E+005, 2.9796775000000000E+006, 0.0000000000000000E+000, 3.3560678362846375E-001, 6.3395822048187256E-001, 2.0286738281250000E+004, 4.0000000000000000E+002, 5.9999997858994902E-008, 2.9999998929497451E-008, 1.4999999464748726E-008, 3.3224453735351562E+002, 4.0533133869757876E-005, 0.0000000000000000E+000, 0.0000000000000000E+000, 3.0599937872466398E-006, 3.2480398370893226E-009, 4.4732728632368435E-010, 8.9390337500000000E+005, 2.1424545898437500E+003, 0.0000000000000000E+000, 1.9115842819213867E+001,-3.5000000000000000E+001
11,0,1,32, 1.0000000000000000E+001, 2.9249328613281250E+002, 1.0565186850726604E-002, 0.0000000000000000E+000, 0.0000000000000000E+000, 0.0000000000000000E+000, 0.0000000000000000E+000, 0.0000000000000000E+000, 0.0000000000000000E+000, 0.0000000000000000E+000, 0.0000000000000000E+000, 0.0000000000000000E+000, 1.1533998250961304E+000, 9.8716795444488525E-001, 9.5580367187500000E+004, 4.0000000000000000E+002, 0.0000000000000000E+000, 0.0000000000000000E+000, 0.0000000000000000E+000, 2.9249328613281250E+002, 1.0565186850726604E-002, 0.0000000000000000E+000, 0.0000000000000000E+000, 0.0000000000000000E+000, 0.0000000000000000E+000, 0.0000000000000000E+000, 0.0000000000000000E+000, 0.0000000000000000E+000, 0.0000000000000000E+000, 0.0000000000000000E+000,-3.5000000000000000E+001
11,0,2,32, 1.0000000000000000E+001, 2.9411227416992188E+002, 9.4160167500376701E-003,-0.0000000000000000E+000,-0.0000000000000000E+000,-0.0000000000000000E+000,-0.0000000000000000E+000,-0.0000000000000000E+000,-0.0000000000000000E+000,-0.0000000000000000E+000,-0.0000000000000000E+000,-0.0000000000000000E+000, 1.1068074703216553E+000, 9.7316581010818481E-001, 9.0918859375000000E+004, 4.0000000000000000E+002, 0.0000000000000000E+000, 0.0000000000000000E+000, 0.0000000000000000E+000, 2.9411227416992188E+002, 9.4160167500376701E-003, 0.0000000000000000E+000, 0.0000000000000000E+000, 0.0000000000000000E+000, 0.0000000000000000E+000, 0.0000000000000000E+000, 0.0000000000000000E+000, 0.0000000000000000E+000, 0.0000000000000000E+000, 0.0000000000000000E+000,-3.5000000000000000E+001
11,0,3,32, 1.0000000000000000E+001, 2.9571728515625000E+002, 8.3658229559659958E-003, 1.4012984643248171E-045, 1.4012984643248171E-045, 1.4012984643248171E-045, 1.4012984643248171E-045, 1.4012984643248171E-045, 1.4012984643248171E-045, 1.4012984643248171E-045, 1.4012984643248171E-045, 1.4012984643248171E-045, 1.0621796846389771E+000, 9.5936226844787598E-001, 8.6484695312500000E+004, 4.0000000000000000E+002, 0.0000000000000000E+000, 0.0000000000000000E+000, 0.0000000000000000E+000, 2.9571728515625000E+002, 8.3658229559659958E-003, 0.0000000000000000E+000, 0.0000000000000000E+000, 0.0000000000000000E+000, 0.0000000000000000E+000, 0.0000000000000000E+000, 0.0000000000000000E+000, 0.0000000000000000E+000, 0.0000000000000000E+000, 0.0000000000000000E+000,-3.5000000000000000E+001
11,0,4,32, 1.0000000000000000E+001, 2.9730758666992188E+002, 7.4089509434998035E-003, 9.9999989774837532E-015, 9.9999989774837532E-015, 9.9999989774837532E-015, 9.9999989774837532E-015, 9.9999989774837532E-015, 9.9999989774837532E-015, 9.9999989774837532E-015, 9.9999989774837532E-015, 9.9999989774837532E-015, 1.0194319486618042E+000, 9.4575452804565430E-001, 8.2266789062500000E+004, 4.0000000000000000E+002, 0.0000000000000000E+000, 0.0000000000000000E+000, 0.0000000000000000E+000, 2.9730758666992188E+002, 7.4089509434998035E-003, 0.0000000000000000E+000, 0.0000000000000000E+000, 0.0000000000000000E+000, 0.0000000000000000E+000, 0.0000000000000000E+000, 0.0000000000000000E+000, 0.0000000000000000E+000, 0.0000000000000000E+000, 0.0000000000000000E+000,-3.5000000000000000E+001
11,0,5,32, 1.0000000000000000E+001, 2.9888244628906250E+002, 6.5398486331105232E-003, 9.9999998245167004E-015, 9.9999998245167004E-015, 9.9999998245167004E-015, 9.9999998245167004E-015, 9.9999998245167004E-015, 5.1099511718750000E+004, 5.1099511718750000E+004, 5.1099511718750000E+004, 5.1099511718750000E+004, 9.7848296165466309E-001, 9.3233978748321533E-001, 7.8254585937500000E+004, 4.0000000000000000E+002, 0.0000000000000000E+000, 0.0000000000000000E+000, 0.0000000000000000E+000, 2.9888244628906250E+002, 6.5398486331105232E-003, 0.0000000000000000E+000, 1.6046666491235928E-014, 0.0000000000000000E+000, 0.0000000000000000E+000, 0.0000000000000000E+000, 0.0000000000000000E+000, 0.0000000000000000E+000, 6.4015912357717752E-004, 0.0000000000000000E+000,-3.5000000000000000E+001
11,0,6,32, 1.0000000000000000E+001, 3.0044107055664062E+002, 5.7529886253178120E-003, 1.0000000671549648E-014, 1.0000000671549648E-014, 1.0000000671549648E-014, 1.0000000671549648E-014, 1.0000000671549648E-014, 5.3233640625000000E+004, 5.3233640625000000E+004, 5.3233640625000000E+004, 5.3233640625000000E+004, 9.3925571441650391E-001, 9.1911536455154419E-001, 7.4438070312500000E+004, 4.0000000000000000E+002, 0.0000000000000000E+000, 0.0000000000000000E+000, 0.0000000000000000E+000, 3.0044107055664062E+002, 5.7529886253178120E-003, 0.0000000000000000E+000, 2.1329776833667324E-010, 0.0000000000000000E+000, 0.0000000000000000E+000, 0.0000000000000000E+000, 0.0000000000000000E+000, 0.0000000000000000E+000, 8.5123853683471680E+000, 0.0000000000000000E+000,-3.5000000000000000E+001
11,0,7,32, 1.0000000000000000E+001, 3.0198266601562500E+002, 5.0429459661245346E-003, 9.9999999392252903E-009, 9.9999999392252903E-009, 9.9999999392252903E-009, 9.9999999392252903E-009, 9.9999999392252903E-009, 5.5452269531250000E+004, 5.5452269531250000E+004, 5.5452269531250000E+004, 5.5452269531250000E+004, 9.0167635679244995E-001, 9.0607851743698120E-001, 7.0807687500000000E+004, 4.0000000000000000E+002, 0.0000000000000000E+000, 0.0000000000000000E+000, 0.0000000000000000E+000, 3.0198257446289062E+002, 5.0429678522050381E-003, 0.0000000000000000E+000, 3.6375396916810132E-008, 0.0000000000000000E+000, 1.7040571176352159E-009, 8.0988833417450223E-009, 0.0000000000000000E+000, 4.9871387481689453E+001, 1.4516860351562500E+003, 2.5592811584472656E+002,-3.5000000000000000E+001
11,0,8,32, 1.0000000000000000E+001, 3.0350643920898438E+002, 4.4044437818229198E-003, 9.9999999747524271E-007, 9.9999999747524271E-007, 9.9999999747524271E-007, 9.9999999747524271E-007, 9.9999999747524271E-007, 5.7758480468750000E+004, 5.7758480468750000E+004, 5.7758480468750000E+004, 5.7758480468750000E+004, 8.6567372083663940E-001, 8.9322650432586670E-001, 6.7354351562500000E+004, 4.0000000000000000E+002, 0.0000000000000000E+000, 0.0000000000000000E+000, 0.0000000000000000E+000, 3.0349722290039062E+002, 4.4075325131416321E-003, 0.0000000000000000E+000, 6.2645011666973005E-007, 5.8414946124685230E-007, 2.0086793028895045E-007, 4.8058126367322984E-007, 3.3782304687500000E+004, 1.1401546875000000E+004, 2.5000660156250000E+004, 2.7914941406250000E+004,-2.9342849731445312E+001
11,0,9,32, 1.0000000000000000E+001, 3.0501150512695312E+002, 3.8322969339787960E-003, 0.0000000000000000E+000, 0.0000000000000000E+000, 0.0000000000000000E+000, 0.0000000000000000E+000, 0.0000000000000000E+000, 0.0000000000000000E+000, 0.0000000000000000E+000, 0.0000000000000000E+000, 0.0000000000000000E+000, 8.3118063211441040E-001, 8.8055688142776489E-001, 6.4069441406250000E+004, 4.0000000000000000E+002, 0.0000000000000000E+000, 0.0000000000000000E+000, 0.0000000000000000E+000, 3.0501150512695312E+002, 3.8322969339787960E-003, 0.0000000000000000E+000, 0.0000000000000000E+000, 0.0000000000000000E+000, 0.0000000000000000E+000, 0.0000000000000000E+000, 0.0000000000000000E+000, 0.0000000000000000E+000, 0.0000000000000000E+000, 0.0000000000000000E+000,-3.5000000000000000E+001
11,0,10,32, 1.0000000000000000E+001, 3.0649710083007812E+002, 3.3215116709470749E-003,-0.0000000000000000E+000,-0.0000000000000000E+000,-0.0000000000000000E+000,-0.0000000000000000E+000,-0.0000000000000000E+000,-0.0000000000000000E+000,-0.0000000000000000E+000,-0.0000000000000000E+000,-0.0000000000000000E+000, 7.9813200235366821E-001, 8.6806690692901611E-001, 6.0944734375000000E+004, 4.0000000000000000E+002, 0.0000000000000000E+000, 0.0000000000000000E+000, 0.0000000000000000E+000, 3.0649710083007812E+002, 3.3215116709470749E-003, 0.0000000000000000E+000, 0.0000000000000000E+000, 0.0000000000000000E+000, 0.0000000000000000E+000, 0.0000000000000000E+000, 0.0000000000000000E+000, 0.0000000000000000E+000, 0.0000000000000000E+000, 0.0000000000000000E+000,-3.5000000000000000E+001
11,0,11,32, 1.0000000000000000E+001, 3.0796231079101562E+002, 2.8672323096543550E-003, 1.4012984643248171E-045, 1.4012984643248171E-045, 1.4012984643248171E-045, 1.4012984643248171E-045, 1.4012984643248171E-045, 1.4012984643248171E-045, 1.4012984643248171E-045, 1.4012984643248171E-045, 1.4012984643248171E-045, 7.6646620035171509E-001, 8.5575407743453979E-001, 5.7972425781250000E+004, 4.0000000000000000E+002, 0.0000000000000000E+000, 0.0000000000000000E+000, 0.0000000000000000E+000, 3.0796231079101562E+002, 2.8672323096543550E-003, 0.0000000000000000E+000, 0.0000000000000000E+000, 0.0000000000000000E+000, 0.0000000000000000E+000, 0.0000000000000000E+000, 0.0000000000000000E+000, 0.0000000000000000E+000, 0.0000000000000000E+000, 0.0000000000000000E+000,-3.5000000000000000E+001
11,0,12,32, 1.0000000000000000E+001, 3.0940618896484375E+002, 2.4647959508001804E-003, 9.9999989774837532E-015, 9.9999989774837532E-015, 9.9999989774837532E-015, 9.9999989774837532E-015, 9.9999989774837532E-015, 9.9999989774837532E-015, 9.9999989774837532E-015, 9.9999989774837532E-015, 9.9999989774837532E-015, 7.3612421751022339E-001, 8.4361594915390015E-001, 5.5145078125000000E+004, 4.0000000000000000E+002, 0.0000000000000000E+000, 0.0000000000000000E+000, 0.0000000000000000E+000, 3.0940618896484375E+002, 2.4647959508001804E-003, 0.0000000000000000E+000, 0.0000000000000000E+000, 0.0000000000000000E+000, 0.0000000000000000E+000, 0.0000000000000000E+000, 0.0000000000000000E+000, 0.0000000000000000E+000, 0.0000000000000000E+000, 0.0000000000000000E+000,-3.5000000000000000E+001
11,0,13,32, 1.0000000000000000E+001, 3.1082788085937500E+002, 2.1097511053085327E-003, 9.9999998245167004E-015, 9.9999998245167004E-015, 9.9999998245167004E-015, 9.9999998245167004E-015, 9.9999998245167004E-015, 7.0716445312500000E+004, 7.0716445312500000E+004, 7.0716445312500000E+004, 7.0716445312500000E+004, 7.0704913139343262E-001, 8.3164995908737183E-001, 5.2455621093750000E+004, 4.0000000000000000E+002, 0.0000000000000000E+000, 0.0000000000000000E+000, 0.0000000000000000E+000, 3.1082788085937500E+002, 2.1097511053085327E-003, 0.0000000000000000E+000, 0.0000000000000000E+000, 5.7916486276982093E-013, 3.7031440197274335E-014, 1.1938200943214725E-014, 6.3662476539611816E+000, 3.1833246350288391E-002, 0.0000000000000000E+000, 9.9461979698389769E-004,-3.5000000000000000E+001
11,0,14,32, 1.0000000000000000E+001, 3.1222640991210938E+002, 1.7978379037231207E-003, 1.0000000671549648E-014, 1.0000000671549648E-014, 1.0000000671549648E-014, 1.0000000671549648E-014, 1.0000000671549648E-014, 7.3617429687500000E+004, 7.3617429687500000E+004, 7.3617429687500000E+004, 7.3617429687500000E+004, 6.7918699979782104E-001, 8.1985372304916382E-001, 4.9897328125000000E+004, 4.0000000000000000E+002, 0.0000000000000000E+000, 0.0000000000000000E+000, 0.0000000000000000E+000, 3.1222640991210938E+002, 1.7978379037231207E-003, 0.0000000000000000E+000, 1.1477258032854820E-010, 4.1275025064457793E-011, 4.1198658373708952E-010, 2.5039387230307852E-010, 1.8739702224731445E+001, 1.1828782653808594E+002, 1.4408936500549316E+000, 1.0205844879150391E+001,-3.5000000000000000E+001
11,0,15,32, 1.0000000000000000E+001, 3.1360089111328125E+002, 1.5250206924974918E-003, 9.9999999392252903E-009, 9.9999999392252903E-009, 9.9999999392252903E-009, 9.9999999392252903E-009, 9.9999999392252903E-009, 7.6629984375000000E+004, 7.6629984375000000E+004, 7.6629984375000000E+004, 7.6629984375000000E+004, 6.5248608589172363E-001, 8.0822473764419556E-001, 4.7463804687500000E+004, 4.0000000000000000E+002, 0.0000000000000000E+000, 0.0000000000000000E+000, 0.0000000000000000E+000, 3.1360119628906250E+002, 1.5249289572238922E-003, 0.0000000000000000E+000, 2.0200147332616325E-008, 6.4800758536875946E-008, 7.2386178828764969E-008, 3.9208376989563476E-008, 7.6652148437500000E+004, 3.2126015625000000E+004, 4.8340557861328125E+002, 1.8426555175781250E+003,-3.5000000000000000E+001
11,0,16,32, 1.0000000000000000E+001, 3.1495022583007812E+002, 1.2874912936240435E-003, 9.9999999747524271E-007, 9.9999999747524271E-007, 9.9999999747524271E-007, 9.9999999747524271E-007, 9.9999999747524271E-007, 7.9757937500000000E+004, 7.9757937500000000E+004, 7.9757937500000000E+004, 7.9757937500000000E+004, 6.2689685821533203E-001, 7.9676079750061035E-001, 4.5148972656250000E+004, 4.0000000000000000E+002, 0.0000000000000000E+000, 0.0000000000000000E+000, 0.0000000000000000E+000, 3.1495059204101562E+002, 1.2875219108536839E-003, 0.0000000000000000E+000, 8.3928898675367236E-007, 1.2648351912503131E-006, 1.5056334632390644E-006, 1.3017128139836132E-006, 7.9707796875000000E+004, 7.9340914062500000E+004, 3.3494734375000000E+004, 7.8866664062500000E+004,-2.8241037368774414E+001
11,0,17,32, 1.0000000000000000E+001, 3.1627349853515625E+002, 1.0816626017913222E-003, 0.0000000000000000E+000, 0.0000000000000000E+000, 0.0000000000000000E+000, 0.0000000000000000E+000, 0.0000000000000000E+000, 0.0000000000000000E+000, 0.0000000000000000E+000, 0.0000000000000000E+000, 0.0000000000000000E+000, 6.0237181186676025E-001, 7.8545939922332764E-001, 4.2947027343750000E+004, 4.0000000000000000E+002, 0.0000000000000000E+000, 0.0000000000000000E+000, 0.0000000000000000E+000, 3.1627362060546875E+002, 1.0816305875778198E-003, 0.0000000000000000E+000, 0.0000000000000000E+000, 3.2036105324095843E-008, 0.0000000000000000E+000, 0.0000000000000000E+000, 1.5283302734375000E+004, 0.0000000000000000E+000, 0.0000000000000000E+000, 0.0000000000000000E+000,-3.5000000000000000E+001
11,0,18,32, 1.0000000000000000E+001, 3.1756964111328125E+002, 9.0418424224480987E-004,-0.0000000000000000E+000,-0.0000000000000000E+000,-0.0000000000000000E+000,-0.0000000000000000E+000,-0.0000000000000000E+000,-0.0000000000000000E+000,-0.0000000000000000E+000,-0.0000000000000000E+000,-0.0000000000000000E+000, 5.7886594533920288E-001, 7.7431833744049072E-001, 4.0852476562500000E+004, 4.0000000000000000E+002, 0.0000000000000000E+000, 0.0000000000000000E+000, 0.0000000000000000E+000, 3.1756991577148438E+002, 9.0411258861422539E-004, 0.0000000000000000E+000, 0.0000000000000000E+000, 7.1719597372066346E-008, 0.0000000000000000E+000, 0.0000000000000000E+000, 3.4214507812500000E+004, 0.0000000000000000E+000, 0.0000000000000000E+000, 0.0000000000000000E+000,-3.5000000000000000E+001
11,0,19,32, 1.0000000000000000E+001, 3.1883761596679688E+002, 7.5193622615188360E-004, 1.4012984643248171E-045, 1.4012984643248171E-045, 1.4012984643248171E-045, 1.4012984643248171E-045, 1.4012984643248171E-045, 1.4012984643248171E-045, 1.4012984643248171E-045, 1.4012984643248171E-045, 1.4012984643248171E-045, 5.5633562803268433E-001, 7.6333528757095337E-001, 3.8860078125000000E+004, 4.0000000000000000E+002, 0.0000000000000000E+000, 0.0000000000000000E+000, 0.0000000000000000E+000, 3.1883822631835938E+002, 7.5177586404606700E-004, 0.0000000000000000E+000, 0.0000000000000000E+000, 1.6054207208071603E-007, 0.0000000000000000E+000, 0.0000000000000000E+000, 7.6587195312500000E+004, 0.0000000000000000E+000, 0.0000000000000000E+000, 0.0000000000000000E+000,-3.5000000000000000E+001
11,0,20,32, 1.0000000000000000E+001, 3.2007632446289062E+002, 6.2202126719057560E-004, 9.9999989774837532E-015, 9.9999989774837532E-015, 9.9999989774837532E-015, 9.9999989774837532E-015, 9.9999989774837532E-015, 9.9999989774837532E-015, 9.9999989774837532E-015, 9.9999989774837532E-015, 9.9999989774837532E-015, 5.3473967313766479E-001, 7.5250798463821411E-001, 3.6964851562500000E+004, 4.0000000000000000E+002, 0.0000000000000000E+000, 0.0000000000000000E+000, 0.0000000000000000E+000, 3.2007769775390625E+002, 6.2166235875338316E-004, 0.0000000000000000E+000, 0.0000000000000000E+000, 3.5933280173594540E-007, 0.0000000000000000E+000, 0.0000000000000000E+000, 1.7141903125000000E+005, 0.0000000000000000E+000, 0.0000000000000000E+000, 0.0000000000000000E+000,-3.5000000000000000E+001
11,0,21,32, 1.0000000000000000E+001, 3.2128466796875000E+002, 5.1177293062210083E-004, 9.9999998245167004E-015, 9.9999998245167004E-015, 9.9999998245167004E-015, 9.9999998245167004E-015, 9.9999998245167004E-015, 9.7269023437500000E+004, 9.7269023437500000E+004, 9.7269023437500000E+004, 9.7269023437500000E+004, 5.1403826475143433E-001, 7.4183434247970581E-001, 3.5162054687500000E+004, 4.0000000000000000E+002, 0.0000000000000000E+000, 0.0000000000000000E+000, 0.0000000000000000E+000, 3.2128781127929688E+002, 5.1096972310915589E-004, 0.0000000000000000E+000, 0.0000000000000000E+000, 8.0416896253154846E-007, 5.6477998682967143E-014, 2.3149898339437647E-014, 3.8362850000000000E+005, 3.1826972961425781E-002, 0.0000000000000000E+000, 1.0930469725281000E-003,-3.5000000000000000E+001
11,0,22,32, 1.0000000000000000E+001, 3.2246154785156250E+002, 4.1873924783430994E-004, 1.0000000671549648E-014, 1.0000000671549648E-014, 1.0000000671549648E-014, 1.0000000671549648E-014, 1.0000000671549648E-014, 1.0117496093750000E+005, 1.0117496093750000E+005, 1.0117496093750000E+005, 1.0117496093750000E+005, 4.9419340491294861E-001, 7.3131203651428223E-001, 3.3447179687500000E+004, 4.0000000000000000E+002, 0.0000000000000000E+000, 0.0000000000000000E+000, 0.0000000000000000E+000, 3.2246868896484375E+002, 4.1694188257679343E-004, 0.0000000000000000E+000, 0.0000000000000000E+000, 1.7974570027945447E-006, 3.9459030487520863E-010, 5.1550719248893984E-010, 6.0704981250000000E+005, 1.3690658569335938E+002, 0.0000000000000000E+000, 1.7386919021606445E+001,-3.5000000000000000E+001
11,0,23,32, 1.0000000000000000E+001, 3.2360574340820312E+002, 3.4067899105139077E-004, 9.9999999392252903E-009, 9.9999999392252903E-009, 9.9999999392252903E-009, 9.9999999392252903E-009, 9.9999999392252903E-009, 1.0522571093750000E+005, 1.0522571093750000E+005, 1.0522571093750000E+005, 1.0522571093750000E+005, 4.7516903281211853E-001, 7.2093898057937622E-001, 3.1815941406250000E+004, 4.0000000000000000E+002, 0.0000000000000000E+000, 0.0000000000000000E+000, 0.0000000000000000E+000, 3.2361383056640625E+002, 3.3868246828205884E-004, 0.0000000000000000E+000, 0.0000000000000000E+000, 1.9767644516832661E-006, 6.2890947560845234E-008, 7.3929172117459530E-008, 6.3135418750000000E+005, 3.2332761718750000E+004, 0.0000000000000000E+000, 3.1484428710937500E+003,-3.5000000000000000E+001
11,0,24,32, 1.0000000000000000E+001, 3.2471612548828125E+002, 2.7555754058994353E-004, 9.9999999747524271E-007, 9.9999999747524271E-007, 9.9999999747524271E-007, 9.9999999747524271E-007, 9.9999999747524271E-007, 1.0942585937500000E+005, 1.0942585937500000E+005, 1.0942585937500000E+005, 1.0942585937500000E+005, 4.5693036913871765E-001, 7.1071308851242065E-001, 3.0264261718750000E+004, 4.0000000000000000E+002, 0.0000000000000000E+000, 0.0000000000000000E+000, 0.0000000000000000E+000, 3.2472311401367188E+002, 2.7409126050770283E-004, 0.0000000000000000E+000, 0.0000000000000000E+000, 2.8433182706066873E-006, 1.3729991223954130E-006, 2.1795881366415415E-006, 6.5655518750000000E+005, 1.0876781250000000E+005, 0.0000000000000000E+000, 1.3753682812500000E+005,-3.2977458953857422E+001
11,0,25,32, 1.0000000000000000E+001, 3.2579147338867188E+002, 2.2153265308588743E-004, 0.0000000000000000E+000, 0.0000000000000000E+000, 0.0000000000000000E+000, 0.0000000000000000E+000, 0.0000000000000000E+000, 0.0000000000000000E+000, 0.0000000000000000E+000, 0.0000000000000000E+000, 0.0000000000000000E+000, 4.3944412469863892E-001, 7.0063221454620361E-001, 2.8788255859375000E+004, 4.0000000000000000E+002, 0.0000000000000000E+000, 0.0000000000000000E+000, 0.0000000000000000E+000, 3.2580142211914062E+002, 2.1914964600000530E-004, 0.0000000000000000E+000, 0.0000000000000000E+000, 2.3830393729440402E-006, 0.0000000000000000E+000, 0.0000000000000000E+000, 6.8268062500000000E+005, 0.0000000000000000E+000, 0.0000000000000000E+000, 0.0000000000000000E+000,-3.5000000000000000E+001
11,0,26,32, 1.0000000000000000E+001, 3.2683053588867188E+002, 1.7696620489004999E-004,-0.0000000000000000E+000,-0.0000000000000000E+000,-0.0000000000000000E+000,-0.0000000000000000E+000,-0.0000000000000000E+000,-0.0000000000000000E+000,-0.0000000000000000E+000,-0.0000000000000000E+000,-0.0000000000000000E+000, 4.2267856001853943E-001, 6.9069433212280273E-001, 2.7384236328125000E+004, 4.0000000000000000E+002, 0.0000000000000000E+000, 0.0000000000000000E+000, 0.0000000000000000E+000, 3.2684109497070312E+002, 1.7448868311475962E-004, 0.0000000000000000E+000, 0.0000000000000000E+000, 2.4775633846729761E-006, 0.0000000000000000E+000, 0.0000000000000000E+000, 7.0975925000000000E+005, 0.0000000000000000E+000, 0.0000000000000000E+000, 0.0000000000000000E+000,-3.5000000000000000E+001
11,0,27,32, 1.0000000000000000E+001, 3.2783206176757812E+002, 1.4037139771971852E-004, 1.4012984643248171E-045, 1.4012984643248171E-045, 1.4012984643248171E-045, 1.4012984643248171E-045, 1.4012984643248171E-045, 1.4012984643248171E-045, 1.4012984643248171E-045, 1.4012984643248171E-045, 1.4012984643248171E-045, 4.0660327672958374E-001, 6.8089741468429565E-001, 2.6048689453125000E+004, 4.0000000000000000E+002, 0.0000000000000000E+000, 0.0000000000000000E+000, 0.0000000000000000E+000, 3.2784317016601562E+002, 1.3779592700302601E-004, 0.0000000000000000E+000, 0.0000000000000000E+000, 2.5755152819328941E-006, 0.0000000000000000E+000, 0.0000000000000000E+000, 7.3781993750000000E+005, 0.0000000000000000E+000, 0.0000000000000000E+000, 0.0000000000000000E+000,-3.5000000000000000E+001
11,0,28,32, 1.0000000000000000E+001, 3.2879473876953125E+002, 1.1048242595279589E-004, 9.9999989774837532E-015, 9.9999989774837532E-015, 9.9999989774837532E-015, 9.9999989774837532E-015, 9.9999989774837532E-015, 9.9999989774837532E-015, 9.9999989774837532E-015, 9.9999989774837532E-015, 9.9999989774837532E-015, 3.9118930697441101E-001, 6.7123943567276001E-001, 2.4778281250000000E+004, 4.0000000000000000E+002, 0.0000000000000000E+000, 0.0000000000000000E+000, 0.0000000000000000E+000, 3.2880648803710938E+002, 1.0780547017930076E-004, 0.0000000000000000E+000, 0.0000000000000000E+000, 2.6769985197461210E-006, 0.0000000000000000E+000, 0.0000000000000000E+000, 7.6689212500000000E+005, 0.0000000000000000E+000, 0.0000000000000000E+000, 0.0000000000000000E+000,-3.5000000000000000E+001
11,0,29,32, 1.0000000000000000E+001, 3.2971722412109375E+002, 8.6178290075622499E-005, 9.9999998245167004E-015, 9.9999998245167004E-015, 9.9999998245167004E-015, 9.9999998245167004E-015, 9.9999998245167004E-015, 1.3283432812500000E+005, 1.3283432812500000E+005, 1.3283432812500000E+005, 1.3283432812500000E+005, 3.7640872597694397E-001, 6.6171848773956299E-001, 2.3569832031250000E+004, 4.0000000000000000E+002, 0.0000000000000000E+000, 0.0000000000000000E+000, 0.0000000000000000E+000, 3.2972961425781250E+002, 8.3396225818432868E-005, 0.0000000000000000E+000, 0.0000000000000000E+000, 2.7821042749565095E-006, 2.3521684816910082E-014, 2.0944515924121304E-014, 7.9700587500000000E+005, 3.1825974583625793E-002, 0.0000000000000000E+000, 1.3934243470430374E-003,-3.5000000000000000E+001
11,0,30,32, 1.0000000000000000E+001, 3.3059826660156250E+002, 6.6504086134955287E-005, 1.0000000671549648E-014, 1.0000000671549648E-014, 1.0000000671549648E-014, 1.0000000671549648E-014, 1.0000000671549648E-014, 1.3803201562500000E+005, 1.3803201562500000E+005, 1.3803201562500000E+005, 1.3803201562500000E+005, 3.6223480105400085E-001, 6.5233254432678223E-001, 2.2420314453125000E+004, 4.0000000000000000E+002, 0.0000000000000000E+000, 0.0000000000000000E+000, 0.0000000000000000E+000, 3.3061138916015625E+002, 6.3613166275899857E-005, 0.0000000000000000E+000, 0.0000000000000000E+000, 2.8889915029139956E-006, 1.5858525603817952E-010, 5.4775894930969571E-010, 8.2819212500000000E+005, 1.4226231384277344E+002, 0.0000000000000000E+000, 2.0330234527587891E+001,-3.5000000000000000E+001
11,0,31,32, 1.0000000000000000E+001, 3.3143634033203125E+002, 5.0684029702097178E-005, 9.9999999392252903E-009, 9.9999999392252903E-009, 9.9999999392252903E-009, 9.9999999392252903E-009, 9.9999999392252903E-009, 1.4341343750000000E+005, 1.4341343750000000E+005, 1.4341343750000000E+005, 1.4341343750000000E+005, 3.4864234924316406E-001, 6.4307975769042969E-001, 2.1326863281250000E+004, 4.0000000000000000E+002, 0.0000000000000000E+000, 0.0000000000000000E+000, 0.0000000000000000E+000, 3.3144860839843750E+002, 4.8026318836491555E-005, 0.0000000000000000E+000, 0.0000000000000000E+000, 2.6680345399654470E-006, 3.1808891520768157E-008, 7.5509987595978600E-008, 8.6048068750000000E+005, 3.2645054687500000E+004, 0.0000000000000000E+000, 3.4463476562500000E+003,-3.5000000000000000E+001
11,0,32,32, 1.0000000000000000E+001, 3.3223010253906250E+002, 3.8107413274701685E-005, 9.9999999747524271E-007, 9.9999999747524271E-007, 9.9999999747524271E-007, 9.9999999747524271E-007, 9.9999999747524271E-007, 1.4898387500000000E+005, 1.4898387500000000E+005, 1.4898387500000000E+005, 1.4898387500000000E+005, 3.3560678362846375E-001, 6.3395822048187256E-001, 2.0286738281250000E+004, 4.0000000000000000E+002, 0.0000000000000000E+000, 0.0000000000000000E+000, 0.0000000000000000E+000, 3.3224276733398438E+002, 3.5632943763630465E-005, 0.0000000000000000E+000, 0.0000000000000000E+000, 4.3379181988711935E-006, 1.0766785862870165E-006, 1.9873955352522898E-006, 8.9390337500000000E+005, 1.4799170312500000E+005, 0.0000000000000000E+000, 1.3722609375000000E+005,-3.5000000000000000E+001
12,0,1,32, 1.0000000000000000E+001, 2.9249328613281250E+002, 0.0000000000000000E+000,-0.0000000000000000E+000, 0.0000000000000000E+000, 0.0000000000000000E+000, 0.0000000000000000E+000, 0.0000000000000000E+000, 0.0000000000000000E+000, 0.0000000000000000E+000,-1.4012984643248171E-045, 0.0000000000000000E+000, 1.1533998250961304E+000, 9.8716795444488525E-001, 9.5580367187500000E+004, 4.0000000000000000E+002, 0.0000000000000000E+000, 0.0000000000000000E+000, 0.0000000000000000E+000, 2.9249328613281250E+002, 0.0000000000000000E+000, 0.0000000000000000E+000, 0.0000000000000000E+000, 0.0000000000000000E+000, 0.0000000000000000E+000, 0.0000000000000000E+000, 0.0000000000000000E+000, 0.0000000000000000E+000, 0.0000000000000000E+000, 0.0000000000000000E+000,-3.5000000000000000E+001
12,0,2,32, 1.0000000000000000E+001, 2.9411227416992188E+002,-0.0000000000000000E+000, 0.0000000000000000E+000, 1.4012984643248171E-045, 0.0000000000000000E+000, 0.0000000000000000E+000, 0.0000000000000000E+000,-0.0000000000000000E+000, 0.0000000000000000E+000, 0.0000000000000000E+000, 0.0000000000000000E+000, 1.1068074703216553E+000, 9.7316581010818481E-001, 9.0918859375000000E+004, 4.0000000000000000E+002, 0.0000000000000000E+000, 0.0000000000000000E+000, 0.0000000000000000E+000, 2.9411227416992188E+002, 1.4012984643248171E-045, 0.0000000000000000E+000, 0.0000000000000000E+000, 0.0000000000000000E+000, 0.0000000000000000E+000, 0.0000000000000000E+000, 0.0000000000000000E+000, 0.0000000000000000E+000, 0.0000000000000000E+000, 0.0000000000000000E+000,-3.5000000000000000E+001
12,0,3,32, 1.0000000000000000E+001, 2.9571728515625000E+002, 1.4012984643248171E-045, 0.0000000000000000E+000, 0.0000000000000000E+000,-0.0000000000000000E+000, 0.0000000000000000E+000, 0.0000000000000000E+000, 0.0000000000000000E+000, 1.4012984643248171E-045, 0.0000000000000000E+000, 0.0000000000000000E+000, 1.0621796846389771E+000, 9.5936226844787598E-001, 8.6484695312500000E+004, 4.0000000000000000E+002, 0.0000000000000000E+000, 0.0000000000000000E+000, 0.0000000000000000E+000, 2.9571728515625000E+002, 1.4012984643248171E-045, 0.0000000000000000E+000, 0.0000000000000000E+000, 0.0000000000000000E+000, 0.0000000000000000E+000, 0.0000000000000000E+000, 0.0000000000000000E+000, 0.0000000000000000E+000, 0.0000000000000000E+000, 0.0000000000000000E+000,-3.5000000000000000E+001
12,0,4,32, 1.0000000000000000E+001, 2.9730758666992188E+002, 1.1754943508222875E-038, 0.0000000000000000E+000, 0.0000000000000000E+000, 0.0000000000000000E+000, 1.4012984643248171E-045, 0.0000000000000000E+000, 0.0000000000000000E+000, 0.0000000000000000E+000, 0.0000000000000000E+000,-0.0000000000000000E+000, 1.0194319486618042E+000, 9.4575452804565430E-001, 8.2266789062500000E+004, 4.0000000000000000E+002, 0.0000000000000000E+000, 0.0000000000000000E+000, 0.0000000000000000E+000, 2.9730758666992188E+002, 1.1754944909521339E-038, 0.0000000000000000E+000, 0.0000000000000000E+000, 0.0000000000000000E+000, 0.0000000000000000E+000, 0.0000000000000000E+000, 0.0000000000000000E+000, 0.0000000000000000E+000, 0.0000000000000000E+000, 0.0000000000000000E+000,-3.5000000000000000E+001
12,0,5,32, 1.0000000000000000E+001, 2.9888244628906250E+002, 1.1754942106924411E-038, 0.0000000000000000E+000, 0.0000000000000000E+000, 0.0000000000000000E+000, 0.0000000000000000E+000,-1.4012984643248171E-045, 0.0000000000000000E+000, 0.0000000000000000E+000, 0.0000000000000000E+000, 0.0000000000000000E+000, 9.7848296165466309E-001, 9.3233978748321533E-001, 7.8254585937500000E+004, 4.0000000000000000E+002, 0.0000000000000000E+000, 0.0000000000000000E+000, 0.0000000000000000E+000, 2.9888244628906250E+002, 1.1754940705625946E-038, 0.0000000000000000E+000, 0.0000000000000000E+000, 0.0000000000000000E+000, 0.0000000000000000E+000, 0.0000000000000000E+000, 0.0000000000000000E+000, 0.0000000000000000E+000, 0.0000000000000000E+000, 0.0000000000000000E+000,-3.5000000000000000E+001
12,0,6,32, 1.0000000000000000E+001, 3.0044107055664062E+002, 1.1754944909521339E-038, 1.4012984643248171E-045, 0.0000000000000000E+000, 0.0000000000000000E+000, 0.0000000000000000E+000, 0.0000000000000000E+000, 0.0000000000000000E+000, 0.0000000000000000E+000, 0.0000000000000000E+000, 1.4012984643248171E-045, 9.3925571441650391E-001, 9.1911536455154419E-001, 7.4438070312500000E+004, 4.0000000000000000E+002, 0.0000000000000000E+000, 0.0000000000000000E+000, 0.0000000000000000E+000, 3.0044107055664062E+002, 1.1754946310819804E-038, 0.0000000000000000E+000, 0.0000000000000000E+000, 0.0000000000000000E+000, 0.0000000000000000E+000, 0.0000000000000000E+000, 0.0000000000000000E+000, 0.0000000000000000E+000, 0.0000000000000000E+000, 0.0000000000000000E+000,-3.5000000000000000E+001
12,0,7,32, 1.0000000000000000E+001, 3.0198266601562500E+002, 0.0000000000000000E+000,-0.0000000000000000E+000, 0.0000000000000000E+000, 0.0000000000000000E+000, 0.0000000000000000E+000, 0.0000000000000000E+000, 0.0000000000000000E+000, 0.0000000000000000E+000,-1.4012984643248171E-045, 0.0000000000000000E+000, 9.0167635679244995E-001, 9.0607851743698120E-001, 7.0807687500000000E+004, 4.0000000000000000E+002, 0.0000000000000000E+000, 0.0000000000000000E+000, 0.0000000000000000E+000, 3.0198266601562500E+002, 0.0000000000000000E+000, 0.0000000000000000E+000, 0.0000000000000000E+000, 0.0000000000000000E+000, 0.0000000000000000E+000, 0.0000000000000000E+000, 0.0000000000000000E+000, 0.0000000000000000E+000, 0.0000000000000000E+000, 0.0000000000000000E+000,-3.5000000000000000E+001
12,0,8,32, 1.0000000000000000E+001, 3.0350643920898438E+002,-0.0000000000000000E+000, 0.0000000000000000E+000, 1.4012984643248171E-045, 0.0000000000000000E+000, 0.0000000000000000E+000, 0.0000000000000000E+000,-0.0000000000000000E+000, 0.0000000000000000E+000, 0.0000000000000000E+000, 0.0000000000000000E+000, 8.6567372083663940E-001, 8.9322650432586670E-001, 6.7354351562500000E+004, 4.0000000000000000E+002, 0.0000000000000000E+000, 0.0000000000000000E+000, 0.0000000000000000E+000, 3.0350643920898438E+002, 1.4012984643248171E-045, 0.0000000000000000E+000, 0.0000000000000000E+000, 0.0000000000000000E+000, 0.0000000000000000E+000, 0.0000000000000000E+000, 0.0000000000000000E+000, 0.0000000000000000E+000, 0.0000000000000000E+000, 0.0000000000000000E+000,-3.5000000000000000E+001
12,0,9,32, 1.0000000000000000E+001, 3.0501150512695312E+002, 1.4012984643248171E-045, 0.0000000000000000E+000, 0.0000000000000000E+000,-0.0000000000000000E+000, 0.0000000000000000E+000, 0.0000000000000000E+000, 0.0000000000000000E+000, 1.4012984643248171E-045, 0.0000000000000000E+000, 0.0000000000000000E+000, 8.3118063211441040E-001, 8.8055688142776489E-001, 6.4069441406250000E+004, 4.0000000000000000E+002, 0.0000000000000000E+000, 0.0000000000000000E+000, 0.0000000000000000E+000, 3.0501150512695312E+002, 1.4012984643248171E-045, 0.0000000000000000E+000, 0.0000000000000000E+000, 0.0000000000000000E+000, 0.0000000000000000E+000, 0.0000000000000000E+000, 0.0000000000000000E+000, 0.0000000000000000E+000, 0.0000000000000000E+000, 0.0000000000000000E+000,-3.5000000000000000E+001
12,0,10,32, 1.0000000000000000E+001, 3.0649710083007812E+002, 1.1754943508222875E-038, 0.0000000000000000E+000, 0.0000000000000000E+000, 0.0000000000000000E+000, 1.4012984643248171E-045, 0.0000000000000000E+000, 0.0000000000000000E+000, 0.0000000000000000E+000, 0.0000000000000000E+000,-0.0000000000000000E+000, 7.9813200235366821E-001, 8.6806690692901611E-001, 6.0944734375000000E+004, 4.0000000000000000E+002, 0.0000000000000000E+000, 0.0000000000000000E+000, 0.0000000000000000E+000, 3.0649710083007812E+002, 1.1754944909521339E-038, 0.0000000000000000E+000, 0.0000000000000000E+000, 0.0000000000000000E+000, 0.0000000000000000E+000, 0.0000000000000000E+000, 0.0000000000000000E+000, 0.0000000000000000E+000, 0.0000000000000000E+000, 0.0000000000000000E+000,-3.5000000000000000E+001
12,0,11,32, 1.0000000000000000E+001, 3.0796231079101562E+002, 1.1754942106924411E-038, 0.0000000000000000E+000, 0.0000000000000000E+000, 0.0000000000000000E+000, 0.0000000000000000E+000,-1.4012984643248171E-045, 0.0000000000000000E+000, 0.0000000000000000E+000, 0.0000000000000000E+000, 0.0000000000000000E+000, 7.6646620035171509E-001, 8.5575407743453979E-001, 5.7972425781250000E+004, 4.0000000000000000E+002, 0.0000000000000000E+000, 0.0000000000000000E+000, 0.0000000000000000E+000, 3.0796231079101562E+002, 1.1754940705625946E-038, 0.0000000000000000E+000, 0.0000000000000000E+000, 0.0000000000000000E+000, 0.0000000000000000E+000, 0.0000000000000000E+000, 0.0000000000000000E+000, 0.0000000000000000E+000, 0.0000000000000000E+000, 0.0000000000000000E+000,-3.5000000000000000E+001
12,0,12,32, 1.0000000000000000E+001, 3.0940618896484375E+002, 1.1754944909521339E-038, 1.4012984643248171E-045, 0.0000000000000000E+000, 0.0000000000000000E+000, 0.0000000000000000E+000, 0.0000000000000000E+000, 0.0000000000000000E+000, 0.0000000000000000E+000, 0.0000000000000000E+000, 1.4012984643248171E-045, 7.3612421751022339E-001, 8.4361594915390015E-001, 5.5145078125000000E+004, 4.0000000000000000E+002, 0.0000000000000000E+000, 0.0000000000000000E+000, 0.0000000000000000E+000, 3.0940618896484375E+002, 1.1754946310819804E-038, 0.0000000000000000E+000, 0.0000000000000000E+000, 0.0000000000000000E+000, 0.0000000000000000E+000, 0.0000000000000000E+000, 0.0000000000000000E+000, 0.0000000000000000E+000, 0.0000000000000000E+000, 0.0000000000000000E+000,-3.5000000000000000E+001
12,0,13,32, 1.0000000000000000E+001, 3.1082788085937500E+002, 0.0000000000000000E+000,-0.0000000000000000E+000, 0.0000000000000000E+000, 0.0000000000000000E+000, 0.0000000000000000E+000, 0.0000000000000000E+000, 0.0000000000000000E+000, 0.0000000000000000E+000,-1.4012984643248171E-045, 0.0000000000000000E+000, 7.0704913139343262E-001, 8.3164995908737183E-001, 5.2455621093750000E+004, 4.0000000000000000E+002, 0.0000000000000000E+000, 0.0000000000000000E+000, 0.0000000000000000E+000, 3.1082788085937500E+002, 0.0000000000000000E+000, 0.0000000000000000E+000, 0.0000000000000000E+000, 0.0000000000000000E+000, 0.0000000000000000E+000, 0.0000000000000000E+000, 0.0000000000000000E+000, 0.0000000000000000E+000, 0.0000000000000000E+000, 0.0000000000000000E+000,-3.5000000000000000E+001
12,0,14,32, 1.0000000000000000E+001, 3.1222640991210938E+002,-0.0000000000000000E+000, 0.0000000000000000E+000, 1.4012984643248171E-045, 0.0000000000000000E+000, 0.0000000000000000E+000, 0.0000000000000000E+000,-0.0000000000000000E+000, 0.0000000000000000E+000, 0.0000000000000000E+000, 0.0000000000000000E+000, 6.7918699979782104E-001, 8.1985372304916382E-001, 4.9897328125000000E+004, 4.0000000000000000E+002, 0.0000000000000000E+000, 0.0000000000000000E+000, 0.0000000000000000E+000, 3.1222640991210938E+002, 1.4012984643248171E-045, 0.0000000000000000E+000, 0.0000000000000000E+000, 0.0000000000000000E+000, 0.0000000000000000E+000, 0.0000000000000000E+000, 0.0000000000000000E+000, 0.0000000000000000E+000, 0.0000000000000000E+000, 0.0000000000000000E+000,-3.5000000000000000E+001
12,0,15,32, 1.0000000000000000E+001, 3.1360089111328125E+002, 1.4012984643248171E-045, 0.0000000000000000E+000, 0.0000000000000000E+000,-0.0000000000000000E+000, 0.0000000000000000E+000, 0.0000000000000000E+000, 0.0000000000000000E+000, 1.4012984643248171E-045, 0.0000000000000000E+000, 0.0000000000000000E+000, 6.5248608589172363E-001, 8.0822473764419556E-001, 4.7463804687500000E+004, 4.0000000000000000E+002, 0.0000000000000000E+000, 0.0000000000000000E+000, 0.0000000000000000E+000, 3.1360089111328125E+002, 1.4012984643248171E-045, 0.0000000000000000E+000, 0.0000000000000000E+000, 0.0000000000000000E+000, 0.0000000000000000E+000, 0.0000000000000000E+000, 0.0000000000000000E+000, 0.0000000000000000E+000, 0.0000000000000000E+000, 0.0000000000000000E+000,-3.5000000000000000E+001
12,0,16,32, 1.0000000000000000E+001, 3.1495022583007812E+002, 1.1754943508222875E-038, 0.0000000000000000E+000, 0.0000000000000000E+000, 0.0000000000000000E+000, 1.4012984643248171E-045, 0.0000000000000000E+000, 0.0000000000000000E+000, 0.0000000000000000E+000, 0.0000000000000000E+000,-0.0000000000000000E+000, 6.2689685821533203E-001, 7.9676079750061035E-001, 4.5148972656250000E+004, 4.0000000000000000E+002, 0.0000000000000000E+000, 0.0000000000000000E+000, 0.0000000000000000E+000, 3.1495022583007812E+002, 1.1754944909521339E-038, 0.0000000000000000E+000, 0.0000000000000000E+000, 0.0000000000000000E+000, 0.0000000000000000E+000, 0.0000000000000000E+000, 0.0000000000000000E+000, 0.0000000000000000E+000, 0.0000000000000000E+000, 0.0000000000000000E+000,-3.5000000000000000E+001
12,0,17,32, 1.0000000000000000E+001, 3.1627349853515625E+002, 1.1754942106924411E-038, 0.0000000000000000E+000, 0.0000000000000000E+000, 0.0000000000000000E+000, 0.0000000000000000E+000,-1.4012984643248171E-045, 0.0000000000000000E+000, 0.0000000000000000E+000, 0.0000000000000000E+000, 0.0000000000000000E+000, 6.0237181186676025E-001, 7.8545939922332764E-001, 4.2947027343750000E+004, 4.0000000000000000E+002, 0.0000000000000000E+000, 0.0000000000000000E+000, 0.0000000000000000E+000, 3.1627349853515625E+002, 1.1754940705625946E-038, 0.0000000000000000E+000, 0.0000000000000000E+000, 0.0000000000000000E+000, 0.0000000000000000E+000, 0.0000000000000000E+000, 0.0000000000000000E+000, 0.0000000000000000E+000, 0.0000000000000000E+000, 0.0000000000000000E+000,-3.5000000000000000E+001
12,0,18,32, 1.0000000000000000E+001, 3.1756964111328125E+002, 1.1754944909521339E-038, 1.4012984643248171E-045, 0.0000000000000000E+000, 0.0000000000000000E+000, 0.0000000000000000E+000, 0.0000000000000000E+000, 0.0000000000000000E+000, 0.0000000000000000E+000, 0.0000000000000000E+000, 1.4012984643248171E-045, 5.7886594533920288E-001, 7.7431833744049072E-001, 4.0852476562500000E+004, 4.0000000000000000E+002, 0.0000000000000000E+000, 0.0000000000000000E+000, 0.0000000000000000E+000, 3.1756964111328125E+002, 1.1754946310819804E-038, 0.0000000000000000E+000, 0.0000000000000000E+000, 0.0000000000000000E+000, 0.0000000000000000E+000, 0.0000000000000000E+000, 0.0000000000000000E+000, 0.0000000000000000E+000, 0.0000000000000000E+000, 0.0000000000000000E+000,-3.5000000000000000E+001
12,0,19,32, 1.0000000000000000E+001, 3.1883761596679688E+002, 0.0000000000000000E+000,-0.0000000000000000E+000, 0.0000000000000000E+000, 0.0000000000000000E+000, 0.0000000000000000E+000, 0.0000000000000000E+000, 0.0000000000000000E+000, 0.0000000000000000E+000,-1.4012984643248171E-045, 0.0000000000000000E+000, 5.5633562803268433E-001, 7.6333528757095337E-001, 3.8860078125000000E+004, 4.0000000000000000E+002, 0.0000000000000000E+000, 0.0000000000000000E+000, 0.0000000000000000E+000, 3.1883761596679688E+002, 0.0000000000000000E+000, 0.0000000000000000E+000, 0.0000000000000000E+000, 0.0000000000000000E+000, 0.0000000000000000E+000, 0.0000000000000000E+000, 0.0000000000000000E+000, 0.0000000000000000E+000, 0.0000000000000000E+000, 0.0000000000000000E+000,-3.5000000000000000E+001
12,0,20,32, 1.0000000000000000E+001, 3.2007632446289062E+002,-0.0000000000000000E+000, 0.0000000000000000E+000, 1.4012984643248171E-045, 0.0000000000000000E+000, 0.0000000000000000E+000, 0.0000000000000000E+000,-0.0000000000000000E+000, 0.0000000000000000E+000, 0.0000000000000000E+000, 0.0000000000000000E+000, 5.3473967313766479E-001, 7.5250798463821411E-001, 3.6964851562500000E+004, 4.0000000000000000E+002, 0.0000000000000000E+000, 0.0000000000000000E+000, 0.0000000000000000E+000, 3.2007632446289062E+002, 1.4012984643248171E-045, 0.0000000000000000E+000, 0.0000000000000000E+000, 0.0000000000000000E+000, 0.0000000000000000E+000, 0.0000000000000000E+000, 0.0000000000000000E+000, 0.0000000000000000E+000, 0.0000000000000000E+000, 0.0000000000000000E+000,-3.5000000000000000E+001
12,0,21,32, 1.0000000000000000E+001, 3.2128466796875000E+002, 1.4012984643248171E-045, 0.0000000000000000E+000, 0.0000000000000000E+000,-0.0000000000000000E+000, 0.0000000000000000E+000, 0.0000000000000000E+000, 0.0000000000000000E+000, 1.4012984643248171E-045, 0.0000000000000000E+000, 0.0000000000000000E+000, 5.1403826475143433E-001, 7.4183434247970581E-001, 3.5162054687500000E+004, 4.0000000000000000E+002, 0.0000000000000000E+000, 0.0000000000000000E+000, 0.0000000000000000E+000, 3.2128466796875000E+002, 1.4012984643248171E-045, 0.0000000000000000E+000, 0.0000000000000000E+000, 0.0000000000000000E+000, 0.0000000000000000E+000, 0.0000000000000000E+000, 0.0000000000000000E+000, 0.0000000000000000E+000, 0.0000000000000000E+000, 0.0000000000000000E+000,-3.5000000000000000E+001
12,0,22,32, 1.0000000000000000E+001, 3.2246154785156250E+002, 1.1754943508222875E-038, 0.0000000000000000E+000, 0.0000000000000000E+000, 0.0000000000000000E+000, 1.4012984643248171E-045, 0.0000000000000000E+000, 0.0000000000000000E+000, 0.0000000000000000E+000, 0.0000000000000000E+000,-0.0000000000000000E+000, 4.9419340491294861E-001, 7.3131203651428223E-001, 3.3447179687500000E+004, 4.0000000000000000E+002, 0.0000000000000000E+000, 0.0000000000000000E+000, 0.0000000000000000E+000, 3.2246154785156250E+002, 1.1754944909521339E-038, 0.0000000000000000E+000, 0.0000000000000000E+000, 0.0000000000000000E+000, 0.0000000000000000E+000, 0.0000000000000000E+000, 0.0000000000000000E+000, 0.0000000000000000E+000, 0.0000000000000000E+000, 0.0000000000000000E+000,-3.5000000000000000E+001
12,0,23,32, 1.0000000000000000E+001, 3.2360574340820312E+002, 1.1754942106924411E-038, 0.0000000000000000E+000, 0.0000000000000000E+000, 0.0000000000000000E+000, 0.0000000000000000E+000,-1.4012984643248171E-045, 0.0000000000000000E+000, 0.0000000000000000E+000, 0.0000000000000000E+000, 0.0000000000000000E+000, 4.7516903281211853E-001, 7.2093898057937622E-001, 3.1815941406250000E+004, 4.0000000000000000E+002, 0.0000000000000000E+000, 0.0000000000000000E+000, 0.0000000000000000E+000, 3.2360574340820312E+002, 1.1754940705625946E-038, 0.0000000000000000E+000, 0.0000000000000000E+000, 0.0000000000000000E+000, 0.0000000000000000E+000, 0.0000000000000000E+000, 0.0000000000000000E+000, 0.0000000000000000E+000, 0.0000000000000000E+000, 0.0000000000000000E+000,-3.5000000000000000E+001
12,0,24,32, 1.0000000000000000E+001, 3.2471612548828125E+002, 1.1754944909521339E-038, 1.4012984643248171E-045, 0.0000000000000000E+000, 0.0000000000000000E+000, 0.0000000000000000E+000, 0.0000000000000000E+000, 0.0000000000000000E+000, 0.0000000000000000E+000, 0.0000000000000000E+000, 1.4012984643248171E-045, 4.5693036913871765E-001, 7.1071308851242065E-001, 3.0264261718750000E+004, 4.0000000000000000E+002, 0.0000000000000000E+000, 0.0000000000000000E+000, 0.0000000000000000E+000, 3.2471612548828125E+002, 1.1754946310819804E-038, 0.0000000000000000E+000, 0.0000000000000000E+000, 0.0000000000000000E+000, 0.0000000000000000E+000, 0.0000000000000000E+000, 0.0000000000000000E+000, 0.0000000000000000E+000, 0.0000000000000000E+000, 0.0000000000000000E+000,-3.5000000000000000E+001
12,0,25,32, 1.0000000000000000E+001, 3.2579147338867188E+002, 0.0000000000000000E+000,-0.0000000000000000E+000, 0.0000000000000000E+000, 0.0000000000000000E+000, 0.0000000000000000E+000, 0.0000000000000000E+000, 0.0000000000000000E+000, 0.0000000000000000E+000,-1.4012984643248171E-045, 0.0000000000000000E+000, 4.3944412469863892E-001, 7.0063221454620361E-001, 2.8788255859375000E+004, 4.0000000000000000E+002, 0.0000000000000000E+000, 0.0000000000000000E+000, 0.0000000000000000E+000, 3.2579147338867188E+002, 0.0000000000000000E+000, 0.0000000000000000E+000, 0.0000000000000000E+000, 0.0000000000000000E+000, 0.0000000000000000E+000, 0.0000000000000000E+000, 0.0000000000000000E+000, 0.0000000000000000E+000, 0.0000000000000000E+000, 0.0000000000000000E+000,-3.5000000000000000E+001
12,0,26,32, 1.0000000000000000E+001, 3.2683053588867188E+002,-0.0000000000000000E+000, 0.0000000000000000E+000, 1.4012984643248171E-045, 0.0000000000000000E+000, 0.0000000000000000E+000, 0.0000000000000000E+000,-0.0000000000000000E+000, 0.0000000000000000E+000, 0.0000000000000000E+000, 0.0000000000000000E+000, 4.2267856001853943E-001, 6.9069433212280273E-001, 2.7384236328125000E+004, 4.0000000000000000E+002, 0.0000000000000000E+000, 0.0000000000000000E+000, 0.0000000000000000E+000, 3.2683053588867188E+002, 1.4012984643248171E-045, 0.0000000000000000E+000, 0.0000000000000000E+000, 0.0000000000000000E+000, 0.0000000000000000E+000, 0.0000000000000000E+000, 0.0000000000000000E+000, 0.0000000000000000E+000, 0.0000000000000000E+000, 0.0000000000000000E+000,-3.5000000000000000E+001
12,0,27,32, 1.0000000000000000E+001, 3.2783206176757812E+002, 1.4012984643248171E-045, 0.0000000000000000E+000, 0.0000000000000000E+000,-0.0000000000000000E+000, 0.0000000000000000E+000, 0.0000000000000000E+000, 0.0000000000000000E+000, 1.4012984643248171E-045, 0.0000000000000000E+000, 0.0000000000000000E+000, 4.0660327672958374E-001, 6.8089741468429565E-001, 2.6048689453125000E+004, 4.0000000000000000E+002, 0.0000000000000000E+000, 0.0000000000000000E+000, 0.0000000000000000E+000, 3.2783206176757812E+002, 1.4012984643248171E-045, 0.0000000000000000E+000, 0.0000000000000000E+000, 0.0000000000000000E+000, 0.0000000000000000E+000, 0.0000000000000000E+000, 0.0000000000000000E+000, 0.0000000000000000E+000, 0.0000000000000000E+000, 0.0000000000000000E+000,-3.5000000000000000E+001
12,0,28,32, 1.0000000000000000E+001, 3.2879473876953125E+002, 1.1754943508222875E-038, 0.0000000000000000E+000, 0.0000000000000000E+000, 0.0000000000000000E+000, 1.4012984643248171E-045, 0.0000000000000000E+000, 0.0000000000000000E+000, 0.0000000000000000E+000, 0.0000000000000000E+000,-0.0000000000000000E+000, 3.9118930697441101E-001, 6.7123943567276001E-001, 2.4778281250000000E+004, 4.0000000000000000E+002, 0.0000000000000000E+000, 0.0000000000000000E+000, 0.0000000000000000E+000, 3.2879473876953125E+002, 1.1754944909521339E-038, 0.0000000000000000E+000, 0.0000000000000000E+000, 0.0000000000000000E+000, 0.0000000000000000E+000, 0.0000000000000000E+000, 0.0000000000000000E+000, 0.0000000000000000E+000, 0.0000000000000000E+000, 0.0000000000000000E+000,-3.5000000000000000E+001
12,0,29,32, 1.0000000000000000E+001, 3.2971722412109375E+002, 1.1754942106924411E-038, 0.0000000000000000E+000, 0.0000000000000000E+000, 0.0000000000000000E+000, 0.0000000000000000E+000,-1.4012984643248171E-045, 0.0000000000000000E+000, 0.0000000000000000E+000, 0.0000000000000000E+000, 0.0000000000000000E+000, 3.7640872597694397E-001, 6.6171848773956299E-001, 2.3569832031250000E+004, 4.0000000000000000E+002, 0.0000000000000000E+000, 0.0000000000000000E+000, 0.0000000000000000E+000, 3.2971722412109375E+002, 1.1754940705625946E-038, 0.0000000000000000E+000, 0.0000000000000000E+000, 0.0000000000000000E+000, 0.0000000000000000E+000, 0.0000000000000000E+000, 0.0000000000000000E+000, 0.0000000000000000E+000, 0.0000000000000000E+000, 0.0000000000000000E+000,-3.5000000000000000E+001
12,0,30,32, 1.0000000000000000E+001, 3.3059826660156250E+002, 1.1754944909521339E-038, 1.4012984643248171E-045, 0.0000000000000000E+000, 0.0000000000000000E+000, 0.0000000000000000E+000, 0.0000000000000000E+000, 0.0000000000000000E+000, 0.0000000000000000E+000, 0.0000000000000000E+000, 1.4012984643248171E-045, 3.6223480105400085E-001, 6.5233254432678223E-001, 2.2420314453125000E+004, 4.0000000000000000E+002, 0.0000000000000000E+000, 0.0000000000000000E+000, 0.0000000000000000E+000, 3.3059826660156250E+002, 1.1754946310819804E-038, 0.0000000000000000E+000, 0.0000000000000000E+000, 0.0000000000000000E+000, 0.0000000000000000E+000, 0.0000000000000000E+000, 0.0000000000000000E+000, 0.0000000000000000E+000, 0.0000000000000000E+000, 0.0000000000000000E+000,-3.5000000000000000E+001
12,0,31,32, 1.0000000000000000E+001, 3.3143634033203125E+002, 0.0000000000000000E+000,-0.0000000000000000E+000, 0.0000000000000000E+000, 0.0000000000000000E+000, 0.0000000000000000E+000, 0.0000000000000000E+000, 0.0000000000000000E+000, 0.0000000000000000E+000,-1.4012984643248171E-045, 0.0000000000000000E+000, 3.4864234924316406E-001, 6.4307975769042969E-001, 2.1326863281250000E+004, 4.0000000000000000E+002, 0.0000000000000000E+000, 0.0000000000000000E+000, 0.0000000000000000E+000, 3.3143634033203125E+002, 0.0000000000000000E+000, 0.0000000000000000E+000, 0.0000000000000000E+000, 0.0000000000000000E+000, 0.0000000000000000E+000, 0.0000000000000000E+000, 0.0000000000000000E+000, 0.0000000000000000E+000, 0.0000000000000000E+000, 0.0000000000000000E+000,-3.5000000000000000E+001
12,0,32,32, 1.0000000000000000E+001, 3.3223010253906250E+002,-0.0000000000000000E+000, 0.0000000000000000E+000, 1.4012984643248171E-045, 0.0000000000000000E+000, 0.0000000000000000E+000, 0.0000000000000000E+000,-0.0000000000000000E+000, 0.0000000000000000E+000, 0.0000000000000000E+000, 0.0000000000000000E+000, 3.3560678362846375E-001, 6.3395822048187256E-001, 2.0286738281250000E+004, 4.0000000000000000E+002, 0.0000000000000000E+000, 0.0000000000000000E+000, 0.0000000000000000E+000, 3.3223010253906250E+002, 1.4012984643248171E-045, 0.0000000000000000E+000, 0.0000000000000000E+000, 0.0000000000000000E+000, 0.0000000000000000E+000, 0.0000000000000000E+000, 0.0000000000000000E+000, 0.0000000000000000E+000, 0.0000000000000000E+000, 0.0000000000000000E+000,-3.5000000000000000E+001
13,0,1,32, 3.0000000000000000E+001, 2.0742163085937500E+002, 3.1591680453857407E-006, 0.0000000000000000E+000, 0.0000000000000000E+000, 0.0000000000000000E+000, 0.0000000000000000E+000, 0.0000000000000000E+000, 0.0000000000000000E+000, 0.0000000000000000E+000, 0.0000000000000000E+000, 0.0000000000000000E+000, 1.6264536380767822E+000, 9.8716795444488525E-001, 9.5580367187500000E+004, 4.0000000000000000E+002, 0.0000000000000000E+000, 0.0000000000000000E+000, 0.0000000000000000E+000, 2.0742358398437500E+002, 2.5153146907541668E-006, 0.0000000000000000E+000, 0.0000000000000000E+000, 6.4387495513074100E-007, 0.0000000000000000E+000, 0.0000000000000000E+000, 1.8445039062500000E+005, 0.0000000000000000E+000, 0.0000000000000000E+000, 0.0000000000000000E+000,-3.5000000000000000E+001
13,0,2,32, 3.0000000000000000E+001, 2.0991284179687500E+002, 3.1035758638608968E-006, 0.0000000000000000E+000, 0.0000000000000000E+000, 0.0000000000000000E+000, 0.0000000000000000E+000, 0.0000000000000000E+000, 0.0000000000000000E+000, 0.0000000000000000E+000, 0.0000000000000000E+000, 0.0000000000000000E+000, 1.5507658720016479E+000, 9.7316581010818481E-001, 9.0918859375000000E+004, 4.0000000000000000E+002, 0.0000000000000000E+000, 0.0000000000000000E+000, 0.0000000000000000E+000, 2.0991491699218750E+002, 2.4282981030410156E-006, 0.0000000000000000E+000, 0.0000000000000000E+000, 6.7530078240451985E-007, 0.0000000000000000E+000, 0.0000000000000000E+000, 1.9345279687500000E+005, 0.0000000000000000E+000, 0.0000000000000000E+000, 0.0000000000000000E+000,-3.5000000000000000E+001
13,0,3,32, 3.0000000000000000E+001, 2.1243278503417969E+002, 3.0512558168993564E-006, 0.0000000000000000E+000, 0.0000000000000000E+000, 0.0000000000000000E+000, 0.0000000000000000E+000, 0.0000000000000000E+000, 0.0000000000000000E+000, 0.0000000000000000E+000, 0.0000000000000000E+000, 0.0000000000000000E+000, 1.4786083698272705E+000, 9.5936226844787598E-001, 8.6484695312500000E+004, 4.0000000000000000E+002, 0.0000000000000000E+000, 0.0000000000000000E+000, 0.0000000000000000E+000, 2.1243499755859375E+002, 2.3430238798027858E-006, 0.0000000000000000E+000, 0.0000000000000000E+000, 7.0825649345351849E-007, 0.0000000000000000E+000, 0.0000000000000000E+000, 2.0289348437500000E+005, 0.0000000000000000E+000, 0.0000000000000000E+000, 0.0000000000000000E+000,-3.5000000000000000E+001
13,0,4,32, 3.0000000000000000E+001, 2.1498179626464844E+002, 3.0050173336348962E-006, 0.0000000000000000E+000, 0.0000000000000000E+000, 0.0000000000000000E+000, 0.0000000000000000E+000, 0.0000000000000000E+000, 0.0000000000000000E+000, 0.0000000000000000E+000, 0.0000000000000000E+000, 0.0000000000000000E+000, 1.4098162651062012E+000, 9.4575452804565430E-001, 8.2266789062500000E+004, 4.0000000000000000E+002, 0.0000000000000000E+000, 0.0000000000000000E+000, 0.0000000000000000E+000, 2.1498413085937500E+002, 2.2622270989813842E-006, 0.0000000000000000E+000, 0.0000000000000000E+000, 7.4642616709752474E-007, 9.7263941692404821E-012, 0.0000000000000000E+000, 2.1279368750000000E+005, 9.8494971171021461E-003, 0.0000000000000000E+000, 0.0000000000000000E+000,-3.5000000000000000E+001
13,0,5,32, 3.0000000000000000E+001, 2.1756016540527344E+002, 2.9611710488097742E-006, 0.0000000000000000E+000, 0.0000000000000000E+000, 1.1581608987398795E-006, 0.0000000000000000E+000, 0.0000000000000000E+000, 2.2317572265625000E+004, 0.0000000000000000E+000, 0.0000000000000000E+000, 0.0000000000000000E+000, 1.3442322015762329E+000, 9.3233978748321533E-001, 7.8254585937500000E+004, 4.0000000000000000E+002, 0.0000000000000000E+000, 0.0000000000000000E+000, 0.0000000000000000E+000, 2.1756251525878906E+002, 2.2258595890889410E-006, 0.0000000000000000E+000, 0.0000000000000000E+000, 1.8894036202254938E-006, 3.0069671752563920E-010, 0.0000000000000000E+000, 2.2317573437500000E+005, 5.9769111871719360E-001, 0.0000000000000000E+000, 0.0000000000000000E+000,-3.5000000000000000E+001
13,0,6,32, 3.0000000000000000E+001, 2.2016822814941406E+002, 2.9237285161798354E-006, 0.0000000000000000E+000, 0.0000000000000000E+000, 0.0000000000000000E+000, 0.0000000000000000E+000, 0.0000000000000000E+000, 0.0000000000000000E+000, 0.0000000000000000E+000, 0.0000000000000000E+000, 0.0000000000000000E+000, 1.2817063331604004E+000, 9.1911536455154419E-001, 7.4438070312500000E+004, 4.0000000000000000E+002, 0.0000000000000000E+000, 0.0000000000000000E+000, 0.0000000000000000E+000, 2.2017088317871094E+002, 2.1066946374048712E-006, 0.0000000000000000E+000, 0.0000000000000000E+000, 8.1706383525670390E-007, 0.0000000000000000E+000, 0.0000000000000000E+000, 2.3406298437500000E+005, 0.0000000000000000E+000, 0.0000000000000000E+000, 0.0000000000000000E+000,-3.5000000000000000E+001
13,0,7,32, 3.0000000000000000E+001, 2.2280630493164062E+002, 2.8733579711115453E-006, 0.0000000000000000E+000, 0.0000000000000000E+000, 0.0000000000000000E+000, 0.0000000000000000E+000, 0.0000000000000000E+000, 0.0000000000000000E+000, 0.0000000000000000E+000, 0.0000000000000000E+000, 0.0000000000000000E+000, 1.2220956087112427E+000, 9.0607851743698120E-001, 7.0807687500000000E+004, 4.0000000000000000E+002, 0.0000000000000000E+000, 0.0000000000000000E+000, 0.0000000000000000E+000, 2.2280912780761719E+002, 2.0164711713732686E-006, 0.0000000000000000E+000, 0.0000000000000000E+000, 8.5691863205283880E-007, 0.0000000000000000E+000, 0.0000000000000000E+000, 2.4547996875000000E+005, 0.0000000000000000E+000, 0.0000000000000000E+000, 0.0000000000000000E+000,-3.5000000000000000E+001
13,0,8,32, 3.0000000000000000E+001, 2.2547471618652344E+002, 2.8165968615212478E-006, 0.0000000000000000E+000, 0.0000000000000000E+000, 0.0000000000000000E+000, 0.0000000000000000E+000, 0.0000000000000000E+000, 0.0000000000000000E+000, 0.0000000000000000E+000, 0.0000000000000000E+000, 0.0000000000000000E+000, 1.1652640104293823E+000, 8.9322650432586670E-001, 6.7354351562500000E+004, 4.0000000000000000E+002, 0.0000000000000000E+000, 0.0000000000000000E+000, 0.0000000000000000E+000, 2.2547772216796875E+002, 1.9179185528628295E-006, 0.0000000000000000E+000, 0.0000000000000000E+000, 8.9871224417947815E-007, 0.0000000000000000E+000, 0.0000000000000000E+000, 2.5745239062500000E+005, 0.0000000000000000E+000, 0.0000000000000000E+000, 0.0000000000000000E+000,-3.5000000000000000E+001
13,0,9,32, 3.0000000000000000E+001, 2.2817378234863281E+002, 2.7598318865784677E-006, 0.0000000000000000E+000, 0.0000000000000000E+000, 0.0000000000000000E+000, 0.0000000000000000E+000, 0.0000000000000000E+000, 0.0000000000000000E+000, 0.0000000000000000E+000, 0.0000000000000000E+000, 0.0000000000000000E+000, 1.1110813617706299E+000, 8.8055688142776489E-001, 6.4069441406250000E+004, 4.0000000000000000E+002, 0.0000000000000000E+000, 0.0000000000000000E+000, 0.0000000000000000E+000, 2.2817698669433594E+002, 1.8173288935940946E-006, 0.0000000000000000E+000, 0.0000000000000000E+000, 9.4956146767799510E-007, 1.7353387823937361E-011, 0.0000000000000000E+000, 2.7000721875000000E+005, 1.7573017627000809E-002, 0.0000000000000000E+000, 0.0000000000000000E+000,-3.5000000000000000E+001
13,0,10,32, 3.0000000000000000E+001, 2.3090386962890625E+002, 2.7030746423406526E-006, 0.0000000000000000E+000, 0.0000000000000000E+000, 1.9662613794935169E-006, 0.0000000000000000E+000, 0.0000000000000000E+000, 2.8317269531250000E+004, 0.0000000000000000E+000, 0.0000000000000000E+000, 0.0000000000000000E+000, 1.0594241619110107E+000, 8.6806690692901611E-001, 6.0944734375000000E+004, 4.0000000000000000E+002, 0.0000000000000000E+000, 0.0000000000000000E+000, 0.0000000000000000E+000, 2.3090707397460938E+002, 1.7699069303489523E-006, 0.0000000000000000E+000, 0.0000000000000000E+000, 2.8913254936924204E-006, 4.6955245247559674E-010, 0.0000000000000000E+000, 2.8317268750000000E+005, 9.3546462059020996E-001, 0.0000000000000000E+000, 0.0000000000000000E+000,-3.5000000000000000E+001
13,0,11,32, 3.0000000000000000E+001, 2.3366526794433594E+002, 2.6463626454642508E-006, 0.0000000000000000E+000, 0.0000000000000000E+000, 0.0000000000000000E+000, 0.0000000000000000E+000, 0.0000000000000000E+000, 0.0000000000000000E+000, 0.0000000000000000E+000, 0.0000000000000000E+000, 0.0000000000000000E+000, 1.0101745128631592E+000, 8.5575407743453979E-001, 5.7972425781250000E+004, 4.0000000000000000E+002, 0.0000000000000000E+000, 0.0000000000000000E+000, 0.0000000000000000E+000, 2.3366854858398438E+002, 1.7076789617931354E-006, 0.0000000000000000E+000, 0.0000000000000000E+000, 9.3852725058241049E-007, 0.0000000000000000E+000, 0.0000000000000000E+000, 2.9697837500000000E+005, 0.0000000000000000E+000, 0.0000000000000000E+000, 0.0000000000000000E+000,-3.5000000000000000E+001
13,0,12,32, 3.0000000000000000E+001, 2.3645829772949219E+002, 2.5897199975588592E-006, 0.0000000000000000E+000, 0.0000000000000000E+000, 0.0000000000000000E+000, 0.0000000000000000E+000, 0.0000000000000000E+000, 0.0000000000000000E+000, 0.0000000000000000E+000, 0.0000000000000000E+000, 0.0000000000000000E+000, 9.6322005987167358E-001, 8.4361594915390015E-001, 5.5145078125000000E+004, 4.0000000000000000E+002, 0.0000000000000000E+000, 0.0000000000000000E+000, 0.0000000000000000E+000, 2.3646156311035156E+002, 1.6710347381376778E-006, 0.0000000000000000E+000, 0.0000000000000000E+000, 9.1854792572121369E-007, 0.0000000000000000E+000, 0.0000000000000000E+000, 3.1145531250000000E+005, 0.0000000000000000E+000, 0.0000000000000000E+000, 0.0000000000000000E+000,-3.5000000000000000E+001
13,0,13,32, 3.0000000000000000E+001, 2.3928337097167969E+002, 2.5331989945698297E-006, 0.0000000000000000E+000, 0.0000000000000000E+000, 0.0000000000000000E+000, 0.0000000000000000E+000, 0.0000000000000000E+000, 0.0000000000000000E+000, 0.0000000000000000E+000, 0.0000000000000000E+000, 0.0000000000000000E+000, 9.1845327615737915E-001, 8.3164995908737183E-001, 5.2455621093750000E+004, 4.0000000000000000E+002, 0.0000000000000000E+000, 0.0000000000000000E+000, 0.0000000000000000E+000, 2.3928663635253906E+002, 1.6289710629280307E-006, 0.0000000000000000E+000, 0.0000000000000000E+000, 9.0410100028748275E-007, 0.0000000000000000E+000, 0.0000000000000000E+000, 3.2663609375000000E+005, 0.0000000000000000E+000, 0.0000000000000000E+000, 0.0000000000000000E+000,-3.5000000000000000E+001
13,0,14,32, 3.0000000000000000E+001, 2.4214076232910156E+002, 2.4768294224486453E-006, 0.0000000000000000E+000, 0.0000000000000000E+000, 0.0000000000000000E+000, 0.0000000000000000E+000, 0.0000000000000000E+000, 0.0000000000000000E+000, 0.0000000000000000E+000, 0.0000000000000000E+000, 0.0000000000000000E+000, 8.7577211856842041E-001, 8.1985372304916382E-001, 4.9897328125000000E+004, 4.0000000000000000E+002, 0.0000000000000000E+000, 0.0000000000000000E+000, 0.0000000000000000E+000, 2.4214401245117188E+002, 1.5841437743802089E-006, 0.0000000000000000E+000, 0.0000000000000000E+000, 8.9487491550244158E-007, 5.7747526378826297E-012, 0.0000000000000000E+000, 3.4255487500000000E+005, 5.8478405699133873E-003, 0.0000000000000000E+000, 0.0000000000000000E+000,-3.5000000000000000E+001
13,0,15,32, 3.0000000000000000E+001, 2.4503085327148438E+002, 2.4206317448260961E-006, 0.0000000000000000E+000, 0.0000000000000000E+000, 7.3575887427068665E-007, 0.0000000000000000E+000, 0.0000000000000000E+000, 3.5924730468750000E+004, 0.0000000000000000E+000, 0.0000000000000000E+000, 0.0000000000000000E+000, 8.3507937192916870E-001, 8.0822473764419556E-001, 4.7463804687500000E+004, 4.0000000000000000E+002, 0.0000000000000000E+000, 0.0000000000000000E+000, 0.0000000000000000E+000, 2.4503407287597656E+002, 1.5516743587795645E-006, 0.0000000000000000E+000, 0.0000000000000000E+000, 1.6019919257814763E-006, 1.3667898757230290E-010, 0.0000000000000000E+000, 3.5924728125000000E+005, 2.7301368117332458E-001, 0.0000000000000000E+000, 0.0000000000000000E+000,-3.5000000000000000E+001
13,0,16,32, 3.0000000000000000E+001, 2.4795396423339844E+002, 2.3646550744160777E-006, 0.0000000000000000E+000, 0.0000000000000000E+000, 0.0000000000000000E+000, 0.0000000000000000E+000, 0.0000000000000000E+000, 0.0000000000000000E+000, 0.0000000000000000E+000, 0.0000000000000000E+000, 0.0000000000000000E+000, 7.9628211259841919E-001, 7.9676079750061035E-001, 4.5148972656250000E+004, 4.0000000000000000E+002, 0.0000000000000000E+000, 0.0000000000000000E+000, 0.0000000000000000E+000, 2.4795719909667969E+002, 1.5058030840009451E-006, 0.0000000000000000E+000, 0.0000000000000000E+000, 8.5868509813735727E-007, 0.0000000000000000E+000, 0.0000000000000000E+000, 3.7675090625000000E+005, 0.0000000000000000E+000, 0.0000000000000000E+000, 0.0000000000000000E+000,-3.5000000000000000E+001
13,0,17,32, 3.0000000000000000E+001, 2.5091049194335938E+002, 2.3089178284863010E-006, 0.0000000000000000E+000, 0.0000000000000000E+000, 0.0000000000000000E+000, 0.0000000000000000E+000, 0.0000000000000000E+000, 0.0000000000000000E+000, 0.0000000000000000E+000, 0.0000000000000000E+000, 0.0000000000000000E+000, 7.5929170846939087E-001, 7.8545939922332764E-001, 4.2947027343750000E+004, 4.0000000000000000E+002, 0.0000000000000000E+000, 0.0000000000000000E+000, 0.0000000000000000E+000, 2.5091368103027344E+002, 1.4780706578676472E-006, 0.0000000000000000E+000, 0.0000000000000000E+000, 8.3069448919559363E-007, 0.0000000000000000E+000, 0.0000000000000000E+000, 3.9510506250000000E+005, 0.0000000000000000E+000, 0.0000000000000000E+000, 0.0000000000000000E+000,-3.5000000000000000E+001
13,0,18,32, 3.0000000000000000E+001, 2.5390075683593750E+002, 2.2534625259140739E-006, 0.0000000000000000E+000, 0.0000000000000000E+000, 0.0000000000000000E+000, 0.0000000000000000E+000, 0.0000000000000000E+000, 0.0000000000000000E+000, 0.0000000000000000E+000, 0.0000000000000000E+000, 0.0000000000000000E+000, 7.2402399778366089E-001, 7.7431833744049072E-001, 4.0852476562500000E+004, 4.0000000000000000E+002, 0.0000000000000000E+000, 0.0000000000000000E+000, 0.0000000000000000E+000, 2.5390388488769531E+002, 1.4471652320935391E-006, 0.0000000000000000E+000, 0.0000000000000000E+000, 8.0621117604096071E-007, 0.0000000000000000E+000, 0.0000000000000000E+000, 4.1435090625000000E+005, 0.0000000000000000E+000, 0.0000000000000000E+000, 0.0000000000000000E+000,-3.5000000000000000E+001
13,0,19,32, 3.0000000000000000E+001, 2.5692510986328125E+002, 2.1983057649777038E-006, 0.0000000000000000E+000, 0.0000000000000000E+000, 0.0000000000000000E+000, 0.0000000000000000E+000, 0.0000000000000000E+000, 0.0000000000000000E+000, 0.0000000000000000E+000, 0.0000000000000000E+000, 0.0000000000000000E+000, 6.9039863348007202E-001, 7.6333528757095337E-001, 3.8860078125000000E+004, 4.0000000000000000E+002, 0.0000000000000000E+000, 0.0000000000000000E+000, 0.0000000000000000E+000, 2.5692825317382812E+002, 1.3939495602244278E-006, 0.0000000000000000E+000, 0.0000000000000000E+000, 8.0434034543941380E-007, 0.0000000000000000E+000, 0.0000000000000000E+000, 4.3453156250000000E+005, 0.0000000000000000E+000, 0.0000000000000000E+000, 0.0000000000000000E+000,-3.5000000000000000E+001
13,0,20,32, 3.0000000000000000E+001, 2.5998394775390625E+002, 2.1435032522276742E-006, 0.0000000000000000E+000, 0.0000000000000000E+000, 6.0680854119254946E-008, 0.0000000000000000E+000, 0.0000000000000000E+000, 4.5569246093750000E+004, 0.0000000000000000E+000, 0.0000000000000000E+000, 0.0000000000000000E+000, 6.5833872556686401E-001, 7.5250798463821411E-001, 3.6964851562500000E+004, 4.0000000000000000E+002, 0.0000000000000000E+000, 0.0000000000000000E+000, 0.0000000000000000E+000, 2.5998699951171875E+002, 1.3767655673291301E-006, 0.0000000000000000E+000, 0.0000000000000000E+000, 8.2711784443745273E-007, 1.3928260129449088E-013, 0.0000000000000000E+000, 4.5569246875000000E+005, 2.7905227034352720E-004, 0.0000000000000000E+000, 0.0000000000000000E+000,-3.5000000000000000E+001
13,0,21,32, 3.0000000000000000E+001, 2.6307760620117188E+002, 2.0890599898848450E-006, 0.0000000000000000E+000, 0.0000000000000000E+000, 0.0000000000000000E+000, 0.0000000000000000E+000, 0.0000000000000000E+000, 0.0000000000000000E+000, 0.0000000000000000E+000, 0.0000000000000000E+000, 0.0000000000000000E+000, 6.2777137756347656E-001, 7.4183434247970581E-001, 3.5162054687500000E+004, 4.0000000000000000E+002, 0.0000000000000000E+000, 0.0000000000000000E+000, 0.0000000000000000E+000, 2.6308065795898438E+002, 1.3398935152508784E-006, 0.0000000000000000E+000, 0.0000000000000000E+000, 7.4904517077811761E-007, 0.0000000000000000E+000, 0.0000000000000000E+000, 4.7788096875000000E+005, 0.0000000000000000E+000, 0.0000000000000000E+000, 0.0000000000000000E+000,-3.5000000000000000E+001
13,0,22,32, 3.0000000000000000E+001, 2.6620645141601562E+002, 2.0350139493530151E-006, 0.0000000000000000E+000, 0.0000000000000000E+000, 0.0000000000000000E+000, 0.0000000000000000E+000, 0.0000000000000000E+000, 0.0000000000000000E+000, 0.0000000000000000E+000, 0.0000000000000000E+000, 0.0000000000000000E+000, 5.9862697124481201E-001, 7.3131203651428223E-001, 3.3447179687500000E+004, 4.0000000000000000E+002, 0.0000000000000000E+000, 0.0000000000000000E+000, 0.0000000000000000E+000, 2.6620944213867188E+002, 1.3035132724326104E-006, 0.0000000000000000E+000, 0.0000000000000000E+000, 7.3138176048814785E-007, 0.0000000000000000E+000, 0.0000000000000000E+000, 5.0114675000000000E+005, 0.0000000000000000E+000, 0.0000000000000000E+000, 0.0000000000000000E+000,-3.5000000000000000E+001
13,0,23,32, 3.0000000000000000E+001, 2.6937091064453125E+002, 1.9814062852674397E-006, 0.0000000000000000E+000, 0.0000000000000000E+000, 0.0000000000000000E+000, 0.0000000000000000E+000, 0.0000000000000000E+000, 0.0000000000000000E+000, 0.0000000000000000E+000, 0.0000000000000000E+000, 0.0000000000000000E+000, 5.7083904743194580E-001, 7.2093898057937622E-001, 3.1815941406250000E+004, 4.0000000000000000E+002, 0.0000000000000000E+000, 0.0000000000000000E+000, 0.0000000000000000E+000, 2.6937390136718750E+002, 1.2676478036155459E-006, 0.0000000000000000E+000, 0.0000000000000000E+000, 7.1364206633006688E-007, 0.0000000000000000E+000, 0.0000000000000000E+000, 5.2554218750000000E+005, 0.0000000000000000E+000, 0.0000000000000000E+000, 0.0000000000000000E+000,-3.5000000000000000E+001
13,0,24,32, 3.0000000000000000E+001, 2.7257131958007812E+002, 1.9282515495433472E-006, 0.0000000000000000E+000, 0.0000000000000000E+000, 0.0000000000000000E+000, 0.0000000000000000E+000, 0.0000000000000000E+000, 0.0000000000000000E+000, 0.0000000000000000E+000, 0.0000000000000000E+000, 0.0000000000000000E+000, 5.4434436559677124E-001, 7.1071308851242065E-001, 3.0264261718750000E+004, 4.0000000000000000E+002, 0.0000000000000000E+000, 0.0000000000000000E+000, 0.0000000000000000E+000, 2.7257424926757812E+002, 1.2322968814260093E-006, 0.0000000000000000E+000, 0.0000000000000000E+000, 6.9584365292030270E-007, 0.0000000000000000E+000, 0.0000000000000000E+000, 5.5112168750000000E+005, 0.0000000000000000E+000, 0.0000000000000000E+000, 0.0000000000000000E+000,-3.5000000000000000E+001
13,0,25,32, 3.0000000000000000E+001, 2.7580804443359375E+002, 1.8755814608084620E-006, 0.0000000000000000E+000, 0.0000000000000000E+000, 1.1030363289421530E-009, 0.0000000000000000E+000, 0.0000000000000000E+000, 5.7794277343750000E+004, 0.0000000000000000E+000, 0.0000000000000000E+000, 0.0000000000000000E+000, 5.1908254623413086E-001, 7.0063221454620361E-001, 2.8788255859375000E+004, 4.0000000000000000E+002, 0.0000000000000000E+000, 0.0000000000000000E+000, 0.0000000000000000E+000, 2.7581097412109375E+002, 1.1974702829320449E-006, 0.0000000000000000E+000, 0.0000000000000000E+000, 6.7909979861724423E-007, 0.0000000000000000E+000, 0.0000000000000000E+000, 5.7794275000000000E+005, 0.0000000000000000E+000, 0.0000000000000000E+000, 0.0000000000000000E+000,-3.5000000000000000E+001
13,0,26,32, 3.0000000000000000E+001, 2.7908148193359375E+002, 1.8234188701171661E-006, 0.0000000000000000E+000, 0.0000000000000000E+000, 0.0000000000000000E+000, 0.0000000000000000E+000, 0.0000000000000000E+000, 0.0000000000000000E+000, 0.0000000000000000E+000, 0.0000000000000000E+000, 0.0000000000000000E+000, 4.9499616026878357E-001, 6.9069433212280273E-001, 2.7384236328125000E+004, 4.0000000000000000E+002, 0.0000000000000000E+000, 0.0000000000000000E+000, 0.0000000000000000E+000, 2.7908435058593750E+002, 1.1631756251517800E-006, 0.0000000000000000E+000, 0.0000000000000000E+000, 6.6013438981826766E-007, 0.0000000000000000E+000, 0.0000000000000000E+000, 6.0606531250000000E+005, 0.0000000000000000E+000, 0.0000000000000000E+000, 0.0000000000000000E+000,-3.5000000000000000E+001
13,0,27,32, 3.0000000000000000E+001, 2.8239202880859375E+002, 1.7717947002893197E-006, 0.0000000000000000E+000, 0.0000000000000000E+000, 0.0000000000000000E+000, 0.0000000000000000E+000, 0.0000000000000000E+000, 0.0000000000000000E+000, 0.0000000000000000E+000, 0.0000000000000000E+000, 0.0000000000000000E+000, 4.7203028202056885E-001, 6.8089741468429565E-001, 2.6048689453125000E+004, 4.0000000000000000E+002, 0.0000000000000000E+000, 0.0000000000000000E+000, 0.0000000000000000E+000, 2.8239486694335938E+002, 1.1294216619717190E-006, 0.0000000000000000E+000, 0.0000000000000000E+000, 6.4226679796774988E-007, 0.0000000000000000E+000, 0.0000000000000000E+000, 6.3555243750000000E+005, 0.0000000000000000E+000, 0.0000000000000000E+000, 0.0000000000000000E+000,-3.5000000000000000E+001
13,0,28,32, 3.0000000000000000E+001, 2.8574008178710938E+002, 1.7207339624292217E-006, 0.0000000000000000E+000, 0.0000000000000000E+000, 0.0000000000000000E+000, 0.0000000000000000E+000, 0.0000000000000000E+000, 0.0000000000000000E+000, 0.0000000000000000E+000, 0.0000000000000000E+000, 0.0000000000000000E+000, 4.5013281702995300E-001, 6.7123943567276001E-001, 2.4778281250000000E+004, 4.0000000000000000E+002, 0.0000000000000000E+000, 0.0000000000000000E+000, 0.0000000000000000E+000, 2.8574288940429688E+002, 1.0962246506096562E-006, 0.0000000000000000E+000, 0.0000000000000000E+000, 6.2440579995381995E-007, 0.0000000000000000E+000, 0.0000000000000000E+000, 6.6647000000000000E+005, 0.0000000000000000E+000, 0.0000000000000000E+000, 0.0000000000000000E+000,-3.5000000000000000E+001
13,0,29,32, 3.0000000000000000E+001, 2.8912597656250000E+002, 1.6702626908227103E-006, 0.0000000000000000E+000, 0.0000000000000000E+000, 0.0000000000000000E+000, 0.0000000000000000E+000, 0.0000000000000000E+000, 0.0000000000000000E+000, 0.0000000000000000E+000, 0.0000000000000000E+000, 0.0000000000000000E+000, 4.2925384640693665E-001, 6.6171848773956299E-001, 2.3569832031250000E+004, 4.0000000000000000E+002, 0.0000000000000000E+000, 0.0000000000000000E+000, 0.0000000000000000E+000, 2.8912875366210938E+002, 1.0635710623319028E-006, 0.0000000000000000E+000, 0.0000000000000000E+000, 6.0659078826574842E-007, 0.0000000000000000E+000, 0.0000000000000000E+000, 6.9888712500000000E+005, 0.0000000000000000E+000, 0.0000000000000000E+000, 0.0000000000000000E+000,-3.5000000000000000E+001
13,0,30,32, 3.0000000000000000E+001, 2.9255017089843750E+002, 1.6204014627874130E-006, 0.0000000000000000E+000, 0.0000000000000000E+000, 4.4192618314786714E-012, 0.0000000000000000E+000, 0.0000000000000000E+000, 7.3287656250000000E+004, 0.0000000000000000E+000, 0.0000000000000000E+000, 0.0000000000000000E+000, 4.0934586524963379E-001, 6.5233254432678223E-001, 2.2420314453125000E+004, 4.0000000000000000E+002, 0.0000000000000000E+000, 0.0000000000000000E+000, 0.0000000000000000E+000, 2.9255288696289062E+002, 1.0314813607692486E-006, 0.0000000000000000E+000, 0.0000000000000000E+000, 5.8882631037704414E-007, 0.0000000000000000E+000, 0.0000000000000000E+000, 7.3287656250000000E+005, 0.0000000000000000E+000, 0.0000000000000000E+000, 0.0000000000000000E+000,-3.5000000000000000E+001
13,0,31,32, 3.0000000000000000E+001, 2.9601306152343750E+002, 1.5711763126091682E-006, 0.0000000000000000E+000, 0.0000000000000000E+000, 0.0000000000000000E+000, 0.0000000000000000E+000, 0.0000000000000000E+000, 0.0000000000000000E+000, 0.0000000000000000E+000, 0.0000000000000000E+000, 0.0000000000000000E+000, 3.9036366343498230E-001, 6.4307975769042969E-001, 2.1326863281250000E+004, 4.0000000000000000E+002, 0.0000000000000000E+000, 0.0000000000000000E+000, 0.0000000000000000E+000, 2.9601571655273438E+002, 9.9996032076887786E-007, 0.0000000000000000E+000, 0.0000000000000000E+000, 5.7112055174002307E-007, 0.0000000000000000E+000, 0.0000000000000000E+000, 7.6851412500000000E+005, 0.0000000000000000E+000, 0.0000000000000000E+000, 0.0000000000000000E+000,-3.5000000000000000E+001
13,0,32,32, 3.0000000000000000E+001, 2.9951501464843750E+002, 1.5226057712425245E-006, 0.0000000000000000E+000, 0.0000000000000000E+000, 0.0000000000000000E+000, 0.0000000000000000E+000, 0.0000000000000000E+000, 0.0000000000000000E+000, 0.0000000000000000E+000, 0.0000000000000000E+000, 0.0000000000000000E+000, 3.7226402759552002E-001, 6.3395822048187256E-001, 2.0286738281250000E+004, 4.0000000000000000E+002, 0.0000000000000000E+000, 0.0000000000000000E+000, 0.0000000000000000E+000, 2.9951766967773438E+002, 9.6901044344122056E-007, 0.0000000000000000E+000, 0.0000000000000000E+000, 5.5251348385354504E-007, 0.0000000000000000E+000, 0.0000000000000000E+000, 8.0587962500000000E+005, 0.0000000000000000E+000, 0.0000000000000000E+000, 0.0000000000000000E+000,-3.5000000000000000E+001
14,0,1,32, 4.5000000000000000E+001, 2.9249328613281250E+002, 8.8043222203850746E-003, 0.0000000000000000E+000, 0.0000000000000000E+000, 4.0000000467443897E-007, 6.9999998686398612E-007, 0.0000000000000000E+000, 4.3350101562500000E+004, 6.9360164062500000E+004, 0.0000000000000000E+000, 0.0000000000000000E+000, 1.1533998250961304E+000, 9.8716795444488525E-001, 9.5580367187500000E+004, 4.0000000000000000E+002, 0.0000000000000000E+000, 0.0000000000000000E+000, 0.0000000000000000E+000, 2.9249118041992188E+002, 8.8050225749611855E-003, 0.0000000000000000E+000, 3.9778154814484878E-007, 0.0000000000000000E+000, 0.0000000000000000E+000, 0.0000000000000000E+000, 0.0000000000000000E+000, 0.0000000000000000E+000, 1.5874849609375000E+004, 0.0000000000000000E+000,-2.9863393783569336E+001
14,0,2,32, 4.5000000000000000E+001, 2.9411227416992188E+002, 7.8466814011335373E-003, 4.0000000467443897E-007, 6.9999998686398612E-007, 0.0000000000000000E+000, 0.0000000000000000E+000, 0.0000000000000000E+000, 0.0000000000000000E+000, 0.0000000000000000E+000, 7.2279960937500000E+004, 0.0000000000000000E+000, 1.1068074703216553E+000, 9.7316581010818481E-001, 9.0918859375000000E+004, 4.0000000000000000E+002, 0.0000000000000000E+000, 0.0000000000000000E+000, 0.0000000000000000E+000, 2.9410949707031250E+002, 7.8477831557393074E-003, 0.0000000000000000E+000, 0.0000000000000000E+000, 0.0000000000000000E+000, 0.0000000000000000E+000, 0.0000000000000000E+000, 0.0000000000000000E+000, 0.0000000000000000E+000, 0.0000000000000000E+000, 0.0000000000000000E+000,-3.5000000000000000E+001
14,0,3,32, 4.5000000000000000E+001, 2.9571728515625000E+002, 6.9715194404125214E-003, 0.0000000000000000E+000, 0.0000000000000000E+000, 4.0000000467443897E-007, 6.9999998686398612E-007, 0.0000000000000000E+000, 4.7073015625000000E+004, 7.5316820312500000E+004, 0.0000000000000000E+000, 0.0000000000000000E+000, 1.0621796846389771E+000, 9.5936226844787598E-001, 8.6484695312500000E+004, 4.0000000000000000E+002, 0.0000000000000000E+000, 0.0000000000000000E+000, 0.0000000000000000E+000, 2.9571511840820312E+002, 6.9722193293273449E-003, 0.0000000000000000E+000, 3.9777850702193973E-007, 0.0000000000000000E+000, 0.0000000000000000E+000, 0.0000000000000000E+000, 0.0000000000000000E+000, 0.0000000000000000E+000, 1.5874727539062500E+004, 0.0000000000000000E+000,-3.0139526367187500E+001
14,0,4,32, 4.5000000000000000E+001, 2.9730758666992188E+002, 6.1741257086396217E-003, 4.0000000467443897E-007, 6.9999998686398612E-007, 0.0000000000000000E+000, 0.0000000000000000E+000, 0.0000000000000000E+000, 0.0000000000000000E+000, 0.0000000000000000E+000, 7.8475078125000000E+004, 0.0000000000000000E+000, 1.0194319486618042E+000, 9.4575452804565430E-001, 8.2266789062500000E+004, 4.0000000000000000E+002, 0.0000000000000000E+000, 0.0000000000000000E+000, 0.0000000000000000E+000, 2.9730471801757812E+002, 6.1752279289066792E-003, 0.0000000000000000E+000, 0.0000000000000000E+000, 0.0000000000000000E+000, 0.0000000000000000E+000, 0.0000000000000000E+000, 0.0000000000000000E+000, 0.0000000000000000E+000, 0.0000000000000000E+000, 0.0000000000000000E+000,-3.5000000000000000E+001
14,0,5,32, 4.5000000000000000E+001, 2.9888244628906250E+002, 5.4498738609254360E-003, 0.0000000000000000E+000, 0.0000000000000000E+000, 4.0000000467443897E-007, 6.9999998686398612E-007, 0.0000000000000000E+000, 5.1099511718750000E+004, 8.1759218750000000E+004, 0.0000000000000000E+000, 0.0000000000000000E+000, 9.7848296165466309E-001, 9.3233978748321533E-001, 7.8254585937500000E+004, 4.0000000000000000E+002, 0.0000000000000000E+000, 0.0000000000000000E+000, 0.0000000000000000E+000, 2.9888018798828125E+002, 5.4505737498402596E-003, 0.0000000000000000E+000, 3.9777549432074011E-007, 0.0000000000000000E+000, 0.0000000000000000E+000, 0.0000000000000000E+000, 0.0000000000000000E+000, 0.0000000000000000E+000, 1.5874607421875000E+004, 0.0000000000000000E+000,-3.0411741256713867E+001
14,0,6,32, 4.5000000000000000E+001, 3.0044107055664062E+002, 4.7941571101546288E-003, 4.0000000467443897E-007, 6.9999998686398612E-007, 0.0000000000000000E+000, 0.0000000000000000E+000, 0.0000000000000000E+000, 0.0000000000000000E+000, 0.0000000000000000E+000, 8.5173820312500000E+004, 0.0000000000000000E+000, 9.3925571441650391E-001, 9.1911536455154419E-001, 7.4438070312500000E+004, 4.0000000000000000E+002, 0.0000000000000000E+000, 0.0000000000000000E+000, 0.0000000000000000E+000, 3.0043814086914062E+002, 4.7952593304216862E-003, 0.0000000000000000E+000, 0.0000000000000000E+000, 0.0000000000000000E+000, 0.0000000000000000E+000, 0.0000000000000000E+000, 0.0000000000000000E+000, 0.0000000000000000E+000, 0.0000000000000000E+000, 0.0000000000000000E+000,-3.5000000000000000E+001
14,0,7,32, 4.5000000000000000E+001, 3.0198266601562500E+002, 4.2024552822113037E-003, 0.0000000000000000E+000, 0.0000000000000000E+000, 4.0000000467443897E-007, 6.9999998686398612E-007, 0.0000000000000000E+000, 5.5452269531250000E+004, 8.8723632812500000E+004, 0.0000000000000000E+000, 0.0000000000000000E+000, 9.0167635679244995E-001, 9.0607851743698120E-001, 7.0807687500000000E+004, 4.0000000000000000E+002, 0.0000000000000000E+000, 0.0000000000000000E+000, 0.0000000000000000E+000, 3.0198031616210938E+002, 4.2031551711261272E-003, 0.0000000000000000E+000, 3.9776958260517858E-007, 0.0000000000000000E+000, 0.0000000000000000E+000, 0.0000000000000000E+000, 0.0000000000000000E+000, 0.0000000000000000E+000, 1.5874372070312500E+004, 0.0000000000000000E+000,-3.0679601669311523E+001
14,0,8,32, 4.5000000000000000E+001, 3.0350643920898438E+002, 3.6703702062368393E-003, 4.0000000467443897E-007, 6.9999998686398612E-007, 0.0000000000000000E+000, 0.0000000000000000E+000, 0.0000000000000000E+000, 0.0000000000000000E+000, 0.0000000000000000E+000, 9.2413570312500000E+004, 0.0000000000000000E+000, 8.6567372083663940E-001, 8.9322650432586670E-001, 6.7354351562500000E+004, 4.0000000000000000E+002, 0.0000000000000000E+000, 0.0000000000000000E+000, 0.0000000000000000E+000, 3.0350338745117188E+002, 3.6714700981974602E-003, 0.0000000000000000E+000, 0.0000000000000000E+000, 0.0000000000000000E+000, 0.0000000000000000E+000, 0.0000000000000000E+000, 0.0000000000000000E+000, 0.0000000000000000E+000, 0.0000000000000000E+000, 0.0000000000000000E+000,-3.5000000000000000E+001
14,0,9,32, 4.5000000000000000E+001, 3.0501150512695312E+002, 3.1935810111463070E-003, 0.0000000000000000E+000, 0.0000000000000000E+000, 4.0000000467443897E-007, 6.9999998686398612E-007, 0.0000000000000000E+000, 6.0155394531250000E+004, 9.6248632812500000E+004, 0.0000000000000000E+000, 0.0000000000000000E+000, 8.3118063211441040E-001, 8.8055688142776489E-001, 6.4069441406250000E+004, 4.0000000000000000E+002, 0.0000000000000000E+000, 0.0000000000000000E+000, 0.0000000000000000E+000, 3.0500796508789062E+002, 3.1946809031069279E-003, 0.0000000000000000E+000, 0.0000000000000000E+000, 0.0000000000000000E+000, 0.0000000000000000E+000, 0.0000000000000000E+000, 0.0000000000000000E+000, 0.0000000000000000E+000, 0.0000000000000000E+000, 0.0000000000000000E+000,-3.5000000000000000E+001
14,0,10,32, 4.5000000000000000E+001, 3.0649710083007812E+002, 2.7679263148456812E-003, 4.0000000467443897E-007, 6.9999998686398612E-007, 0.0000000000000000E+000, 0.0000000000000000E+000, 0.0000000000000000E+000, 0.0000000000000000E+000, 0.0000000000000000E+000, 1.0023404687500000E+005, 0.0000000000000000E+000, 7.9813200235366821E-001, 8.6806690692901611E-001, 6.0944734375000000E+004, 4.0000000000000000E+002, 0.0000000000000000E+000, 0.0000000000000000E+000, 0.0000000000000000E+000, 3.0649395751953125E+002, 2.7690262068063021E-003, 0.0000000000000000E+000, 0.0000000000000000E+000, 0.0000000000000000E+000, 0.0000000000000000E+000, 0.0000000000000000E+000, 0.0000000000000000E+000, 0.0000000000000000E+000, 0.0000000000000000E+000, 0.0000000000000000E+000,-3.5000000000000000E+001
14,0,11,32, 4.5000000000000000E+001, 3.0796231079101562E+002, 2.3893602192401886E-003, 0.0000000000000000E+000, 0.0000000000000000E+000, 4.0000000467443897E-007, 6.9999998686398612E-007, 0.0000000000000000E+000, 6.5234449218750000E+004, 1.0437511718750000E+005, 0.0000000000000000E+000, 0.0000000000000000E+000, 7.6646620035171509E-001, 8.5575407743453979E-001, 5.7972425781250000E+004, 4.0000000000000000E+002, 0.0000000000000000E+000, 0.0000000000000000E+000, 0.0000000000000000E+000, 3.0795867919921875E+002, 2.3904601112008095E-003, 0.0000000000000000E+000, 0.0000000000000000E+000, 0.0000000000000000E+000, 0.0000000000000000E+000, 0.0000000000000000E+000, 0.0000000000000000E+000, 0.0000000000000000E+000, 0.0000000000000000E+000, 0.0000000000000000E+000,-3.5000000000000000E+001
14,0,12,32, 4.5000000000000000E+001, 3.0940618896484375E+002, 2.0539967808872461E-003, 4.0000000467443897E-007, 6.9999998686398612E-007, 0.0000000000000000E+000, 0.0000000000000000E+000, 0.0000000000000000E+000, 0.0000000000000000E+000, 0.0000000000000000E+000, 1.0867731250000000E+005, 0.0000000000000000E+000, 7.3612421751022339E-001, 8.4361594915390015E-001, 5.5145078125000000E+004, 4.0000000000000000E+002, 0.0000000000000000E+000, 0.0000000000000000E+000, 0.0000000000000000E+000, 3.0940289306640625E+002, 2.0550966728478670E-003, 0.0000000000000000E+000, 0.0000000000000000E+000, 0.0000000000000000E+000, 0.0000000000000000E+000, 0.0000000000000000E+000, 0.0000000000000000E+000, 0.0000000000000000E+000, 0.0000000000000000E+000, 0.0000000000000000E+000,-3.5000000000000000E+001
14,0,13,32, 4.5000000000000000E+001, 3.1082788085937500E+002, 1.7581260763108730E-003, 0.0000000000000000E+000, 0.0000000000000000E+000, 4.0000000467443897E-007, 6.9999998686398612E-007, 0.0000000000000000E+000, 7.0716445312500000E+004, 1.1314631250000000E+005, 0.0000000000000000E+000, 0.0000000000000000E+000, 7.0704913139343262E-001, 8.3164995908737183E-001, 5.2455621093750000E+004, 4.0000000000000000E+002, 0.0000000000000000E+000, 0.0000000000000000E+000, 0.0000000000000000E+000, 3.1082409667968750E+002, 1.7592260846868157E-003, 0.0000000000000000E+000, 0.0000000000000000E+000, 0.0000000000000000E+000, 0.0000000000000000E+000, 0.0000000000000000E+000, 0.0000000000000000E+000, 0.0000000000000000E+000, 0.0000000000000000E+000, 0.0000000000000000E+000,-3.5000000000000000E+001
14,0,14,32, 4.5000000000000000E+001, 3.1222640991210938E+002, 1.4981983695179224E-003, 4.0000000467443897E-007, 6.9999998686398612E-007, 0.0000000000000000E+000, 0.0000000000000000E+000, 0.0000000000000000E+000, 0.0000000000000000E+000, 0.0000000000000000E+000, 1.1778788281250000E+005, 0.0000000000000000E+000, 6.7918699979782104E-001, 8.1985372304916382E-001, 4.9897328125000000E+004, 4.0000000000000000E+002, 0.0000000000000000E+000, 0.0000000000000000E+000, 0.0000000000000000E+000, 3.1222302246093750E+002, 1.4992983778938651E-003, 0.0000000000000000E+000, 0.0000000000000000E+000, 0.0000000000000000E+000, 0.0000000000000000E+000, 0.0000000000000000E+000, 0.0000000000000000E+000, 0.0000000000000000E+000, 0.0000000000000000E+000, 0.0000000000000000E+000,-3.5000000000000000E+001
14,0,15,32, 4.5000000000000000E+001, 3.1360089111328125E+002, 1.2708506546914577E-003, 0.0000000000000000E+000, 0.0000000000000000E+000, 4.0000000467443897E-007, 6.9999998686398612E-007, 0.0000000000000000E+000, 7.6629984375000000E+004, 1.2260797656250000E+005, 0.0000000000000000E+000, 0.0000000000000000E+000, 6.5248608589172363E-001, 8.0822473764419556E-001, 4.7463804687500000E+004, 4.0000000000000000E+002, 0.0000000000000000E+000, 0.0000000000000000E+000, 0.0000000000000000E+000, 3.1359698486328125E+002, 1.2719506630674005E-003, 0.0000000000000000E+000, 0.0000000000000000E+000, 5.6843418860808015E-014, 0.0000000000000000E+000, 2.7325697260494053E-010, 8.4402660149862641E-007, 0.0000000000000000E+000, 0.0000000000000000E+000, 4.9230638146400452E-001,-3.5000000000000000E+001
14,0,16,32, 4.5000000000000000E+001, 3.1495022583007812E+002, 1.0729094501584768E-003, 4.0000000467443897E-007, 6.9999998686398612E-007, 0.0000000000000000E+000, 0.0000000000000000E+000, 0.0000000000000000E+000, 0.0000000000000000E+000, 0.0000000000000000E+000, 1.2761269531250000E+005, 0.0000000000000000E+000, 6.2689685821533203E-001, 7.9676079750061035E-001, 4.5148972656250000E+004, 4.0000000000000000E+002, 0.0000000000000000E+000, 0.0000000000000000E+000, 0.0000000000000000E+000, 3.1494671630859375E+002, 1.0740071302279830E-003, 0.0000000000000000E+000, 0.0000000000000000E+000, 5.6283561145065164E-010, 0.0000000000000000E+000, 2.3690909234375113E-009, 4.2030437469482422E+001, 0.0000000000000000E+000, 0.0000000000000000E+000, 7.1019062995910645E+000,-3.5000000000000000E+001
14,0,17,32, 4.5000000000000000E+001, 3.1627349853515625E+002, 9.0138550149276853E-004, 0.0000000000000000E+000, 0.0000000000000000E+000, 4.0000000467443897E-007, 6.9999998686398612E-007, 0.0000000000000000E+000, 8.3005210937500000E+004, 1.3280834375000000E+005, 0.0000000000000000E+000, 0.0000000000000000E+000, 6.0237181186676025E-001, 7.8545939922332764E-001, 4.2947027343750000E+004, 4.0000000000000000E+002, 0.0000000000000000E+000, 0.0000000000000000E+000, 0.0000000000000000E+000, 3.1626986694335938E+002, 9.0238114353269339E-004, 0.0000000000000000E+000, 0.0000000000000000E+000, 1.0376507475484686E-007, 3.1894842322799377E-010, 9.8061567754825774E-009, 2.1623710937500000E+004, 8.0625000000000000E+000, 0.0000000000000000E+000, 1.4615257263183594E+001,-3.5000000000000000E+001
14,0,18,32, 4.5000000000000000E+001, 3.1756964111328125E+002, 7.5348687823861837E-004, 4.0000000467443897E-007, 6.9999998686398612E-007, 0.0000000000000000E+000, 0.0000000000000000E+000, 0.0000000000000000E+000, 0.0000000000000000E+000, 0.0000000000000000E+000, 1.3820125000000000E+005, 0.0000000000000000E+000, 5.7886594533920288E-001, 7.7431833744049072E-001, 4.0852476562500000E+004, 4.0000000000000000E+002, 0.0000000000000000E+000, 0.0000000000000000E+000, 0.0000000000000000E+000, 3.1756631469726562E+002, 7.5450912117958069E-004, 0.0000000000000000E+000, 0.0000000000000000E+000, 2.3258315273722019E-009, 3.0596723377129820E-008, 6.9281398396014993E-008, 2.7603042602539062E+002, 3.0056743164062500E+003, 0.0000000000000000E+000, 1.9504940795898438E+002,-3.4614582061767578E+001
14,0,19,32, 4.5000000000000000E+001, 3.1883761596679688E+002, 6.2661350239068270E-004, 0.0000000000000000E+000, 0.0000000000000000E+000, 4.0000000467443897E-007, 6.9999998686398612E-007, 0.0000000000000000E+000, 8.9873804687500000E+004, 1.4379809375000000E+005, 0.0000000000000000E+000, 0.0000000000000000E+000, 5.5633562803268433E-001, 7.6333528757095337E-001, 3.8860078125000000E+004, 4.0000000000000000E+002, 0.0000000000000000E+000, 0.0000000000000000E+000, 0.0000000000000000E+000, 3.1883795166015625E+002, 6.2652496853843331E-004, 0.0000000000000000E+000, 0.0000000000000000E+000, 4.2024561253128923E-007, 7.3430908287264174E-007, 6.5583655839418498E-008, 8.9734898437500000E+004, 1.4066626562500000E+005, 0.0000000000000000E+000, 3.6277813720703125E+002,-3.5000000000000000E+001
14,0,20,32, 4.5000000000000000E+001, 3.2007632446289062E+002, 5.1835109479725361E-004, 4.0000000467443897E-007, 6.9999998686398612E-007, 0.0000000000000000E+000, 0.0000000000000000E+000, 0.0000000000000000E+000, 0.0000000000000000E+000, 0.0000000000000000E+000, 1.4960550000000000E+005, 0.0000000000000000E+000, 5.3473967313766479E-001, 7.5250798463821411E-001, 3.6964851562500000E+004, 4.0000000000000000E+002, 0.0000000000000000E+000, 0.0000000000000000E+000, 0.0000000000000000E+000, 3.2007479858398438E+002, 5.1887007430195808E-004, 0.0000000000000000E+000, 0.0000000000000000E+000, 3.6984932894057465E-009, 5.5687987554620122E-008, 5.1241443088656524E-007, 3.5480075683593750E+003, 3.5928249511718750E+003, 0.0000000000000000E+000, 5.3283642578125000E+003,-3.2544460296630859E+001
14,0,21,32, 4.5000000000000000E+001, 3.2128466796875000E+002, 4.2647743248380721E-004, 0.0000000000000000E+000, 0.0000000000000000E+000, 4.0000000467443897E-007, 6.9999998686398612E-007, 0.0000000000000000E+000, 9.7269023437500000E+004, 1.5563043750000000E+005, 0.0000000000000000E+000, 0.0000000000000000E+000, 5.1403826475143433E-001, 7.4183434247970581E-001, 3.5162054687500000E+004, 4.0000000000000000E+002, 0.0000000000000000E+000, 0.0000000000000000E+000, 0.0000000000000000E+000, 3.2128762817382812E+002, 4.2571843368932605E-004, 0.0000000000000000E+000, 0.0000000000000000E+000, 5.9930607676506042E-007, 1.2056652849423699E-006, 6.9527381185707782E-008, 9.8106835937500000E+004, 1.5188764062500000E+005, 0.0000000000000000E+000, 1.5693540039062500E+003,-3.5000000000000000E+001
14,0,22,32, 4.5000000000000000E+001, 3.2246154785156250E+002, 3.4894939744845033E-004, 4.0000000467443897E-007, 6.9999998686398612E-007, 0.0000000000000000E+000, 0.0000000000000000E+000, 0.0000000000000000E+000, 0.0000000000000000E+000, 0.0000000000000000E+000, 1.6187993750000000E+005, 0.0000000000000000E+000, 4.9419340491294861E-001, 7.3131203651428223E-001, 3.3447179687500000E+004, 4.0000000000000000E+002, 0.0000000000000000E+000, 0.0000000000000000E+000, 0.0000000000000000E+000, 3.2246759033203125E+002, 3.4755529486574233E-004, 0.0000000000000000E+000, 0.0000000000000000E+000, 1.8006420532401535E-006, 6.7548697302299843E-008, 6.2418200741376495E-007, 6.0704981250000000E+005, 4.0893513183593750E+003, 0.0000000000000000E+000, 2.6303742187500000E+004,-3.5000000000000000E+001
14,0,23,32, 4.5000000000000000E+001, 3.2360574340820312E+002, 2.8389916406013072E-004, 0.0000000000000000E+000, 0.0000000000000000E+000, 4.0000000467443897E-007, 6.9999998686398612E-007, 0.0000000000000000E+000, 1.0522571093750000E+005, 1.6836114062500000E+005, 0.0000000000000000E+000, 0.0000000000000000E+000, 4.7516903281211853E-001, 7.2093898057937622E-001, 3.1815941406250000E+004, 4.0000000000000000E+002, 0.0000000000000000E+000, 0.0000000000000000E+000, 0.0000000000000000E+000, 3.2361645507812500E+002, 2.8124652453698218E-004, 0.0000000000000000E+000, 0.0000000000000000E+000, 2.2906694994162535E-006, 1.3872665931558004E-006, 7.2768528980304836E-008, 6.3135418750000000E+005, 1.6410171875000000E+005, 0.0000000000000000E+000, 1.6363608398437500E+003,-3.5000000000000000E+001
14,0,24,32, 4.5000000000000000E+001, 3.2471612548828125E+002, 2.2963128867559135E-004, 4.0000000467443897E-007, 6.9999998686398612E-007, 0.0000000000000000E+000, 0.0000000000000000E+000, 0.0000000000000000E+000, 0.0000000000000000E+000, 0.0000000000000000E+000, 1.7508137500000000E+005, 0.0000000000000000E+000, 4.5693036913871765E-001, 7.1071308851242065E-001, 3.0264261718750000E+004, 4.0000000000000000E+002, 0.0000000000000000E+000, 0.0000000000000000E+000, 0.0000000000000000E+000, 3.2472445678710938E+002, 2.2773331147618592E-004, 0.0000000000000000E+000, 0.0000000000000000E+000, 2.3026461803965503E-006, 6.9776845634805795E-008, 6.2426738622889388E-007, 6.5655518750000000E+005, 4.5634096679687500E+003, 0.0000000000000000E+000, 2.6234419921875000E+004,-3.5000000000000000E+001
14,0,25,32, 4.5000000000000000E+001, 3.2579147338867188E+002, 1.8461054423823953E-004, 0.0000000000000000E+000, 0.0000000000000000E+000, 4.0000000467443897E-007, 6.9999998686398612E-007, 0.0000000000000000E+000, 1.1378010937500000E+005, 1.8204817187500000E+005, 0.0000000000000000E+000, 0.0000000000000000E+000, 4.3944412469863892E-001, 7.0063221454620361E-001, 2.8788255859375000E+004, 4.0000000000000000E+002, 0.0000000000000000E+000, 0.0000000000000000E+000, 0.0000000000000000E+000, 3.2580310058593750E+002, 1.8182140775024891E-004, 0.0000000000000000E+000, 0.0000000000000000E+000, 2.4205671707022702E-006, 1.3868167343389359E-006, 7.5725559156580857E-008, 6.8268062500000000E+005, 1.7729559375000000E+005, 0.0000000000000000E+000, 1.7047354736328125E+003,-3.5000000000000000E+001
14,0,26,32, 4.5000000000000000E+001, 3.2683053588867188E+002, 1.4747184468433261E-004, 4.0000000467443897E-007, 6.9999998686398612E-007, 0.0000000000000000E+000, 0.0000000000000000E+000, 0.0000000000000000E+000, 0.0000000000000000E+000, 0.0000000000000000E+000, 1.8926912500000000E+005, 0.0000000000000000E+000, 4.2267856001853943E-001, 6.9069433212280273E-001, 2.7384236328125000E+004, 4.0000000000000000E+002, 0.0000000000000000E+000, 0.0000000000000000E+000, 0.0000000000000000E+000, 3.2684063720703125E+002, 1.4522060519084334E-004, 0.0000000000000000E+000, 0.0000000000000000E+000, 2.6604561753629241E-006, 6.6158456490938988E-008, 6.2129527123033768E-007, 7.0975925000000000E+005, 5.0374409179687500E+003, 0.0000000000000000E+000, 2.6163755859375000E+004,-3.5000000000000000E+001
14,0,27,32, 4.5000000000000000E+001, 3.2783206176757812E+002, 1.1697616719175130E-004, 0.0000000000000000E+000, 0.0000000000000000E+000, 4.0000000467443897E-007, 6.9999998686398612E-007, 0.0000000000000000E+000, 1.2296998437500000E+005, 1.9675198437500000E+005, 0.0000000000000000E+000, 0.0000000000000000E+000, 4.0660327672958374E-001, 6.8089741468429565E-001, 2.6048689453125000E+004, 4.0000000000000000E+002, 0.0000000000000000E+000, 0.0000000000000000E+000, 0.0000000000000000E+000, 3.2784411621093750E+002, 1.1418437497923151E-004, 0.0000000000000000E+000, 0.0000000000000000E+000, 2.5256654225813691E-006, 1.2862740277341800E-006, 7.8762909083707200E-008, 7.3781993750000000E+005, 1.9150660937500000E+005, 0.0000000000000000E+000, 1.7753881835937500E+003,-3.5000000000000000E+001
14,0,28,32, 4.5000000000000000E+001, 3.2879473876953125E+002, 9.2068687081336975E-005, 4.0000000467443897E-007, 6.9999998686398612E-007, 0.0000000000000000E+000, 0.0000000000000000E+000, 0.0000000000000000E+000, 0.0000000000000000E+000, 0.0000000000000000E+000, 2.0450456250000000E+005, 0.0000000000000000E+000, 3.9118930697441101E-001, 6.7123943567276001E-001, 2.4778281250000000E+004, 4.0000000000000000E+002, 0.0000000000000000E+000, 0.0000000000000000E+000, 0.0000000000000000E+000, 3.2880703735351562E+002, 8.9391731307841837E-005, 0.0000000000000000E+000, 0.0000000000000000E+000, 3.0880012218403863E-006, 5.9643681993293285E-008, 6.1815120488972752E-007, 7.6689212500000000E+005, 5.5236875000000000E+003, 0.0000000000000000E+000, 2.6090779296875000E+004,-3.5000000000000000E+001
14,0,29,32, 4.5000000000000000E+001, 3.2971722412109375E+002, 7.1815244155004621E-005, 0.0000000000000000E+000, 0.0000000000000000E+000, 4.0000000467443897E-007, 6.9999998686398612E-007, 0.0000000000000000E+000, 1.3283432812500000E+005, 2.1253492187500000E+005, 0.0000000000000000E+000, 0.0000000000000000E+000, 3.7640872597694397E-001, 6.6171848773956299E-001, 2.3569832031250000E+004, 4.0000000000000000E+002, 0.0000000000000000E+000, 0.0000000000000000E+000, 0.0000000000000000E+000, 3.2972943115234375E+002, 6.9074507337063551E-005, 0.0000000000000000E+000, 0.0000000000000000E+000, 2.6255463581037475E-006, 1.1416683491916046E-006, 8.1892352454815409E-008, 7.9700587500000000E+005, 2.0678446875000000E+005, 0.0000000000000000E+000, 1.8483723144531250E+003,-3.5000000000000000E+001
14,0,30,32, 4.5000000000000000E+001, 3.3059826660156250E+002, 5.5420074204448611E-005, 4.0000000467443897E-007, 6.9999998686398612E-007, 0.0000000000000000E+000, 0.0000000000000000E+000, 0.0000000000000000E+000, 0.0000000000000000E+000, 0.0000000000000000E+000, 2.2085121875000000E+005, 0.0000000000000000E+000, 3.6223480105400085E-001, 6.5233254432678223E-001, 2.2420314453125000E+004, 4.0000000000000000E+002, 0.0000000000000000E+000, 0.0000000000000000E+000, 0.0000000000000000E+000, 3.3061193847656250E+002, 5.2529139793477952E-005, 0.0000000000000000E+000, 0.0000000000000000E+000, 3.3024555250449339E-006, 5.2292968177880539E-008, 6.1492141867347527E-007, 8.2819212500000000E+005, 6.0325351562500000E+003, 0.0000000000000000E+000, 2.6015443359375000E+004,-3.5000000000000000E+001
14,0,31,32, 4.5000000000000000E+001, 3.3143634033203125E+002, 4.2236690205754712E-005, 0.0000000000000000E+000, 0.0000000000000000E+000, 4.0000000467443897E-007, 6.9999998686398612E-007, 0.0000000000000000E+000, 1.4341343750000000E+005, 2.2946151562500000E+005, 0.0000000000000000E+000, 0.0000000000000000E+000, 3.4864234924316406E-001, 6.4307975769042969E-001, 2.1326863281250000E+004, 4.0000000000000000E+002, 0.0000000000000000E+000, 0.0000000000000000E+000, 0.0000000000000000E+000, 3.3144873046875000E+002, 3.9548460335936397E-005, 0.0000000000000000E+000, 0.0000000000000000E+000, 2.7328230771672679E-006, 9.8846282980957767E-007, 8.5113143200032937E-008, 8.6048068750000000E+005, 2.2313810937500000E+005, 0.0000000000000000E+000, 1.9237091064453125E+003,-3.5000000000000000E+001
14,0,32,32, 4.5000000000000000E+001, 3.3223010253906250E+002, 3.1756178941577673E-005, 4.0000000467443897E-007, 6.9999998686398612E-007, 0.0000000000000000E+000, 0.0000000000000000E+000, 0.0000000000000000E+000, 0.0000000000000000E+000, 0.0000000000000000E+000, 2.3837420312500000E+005, 0.0000000000000000E+000, 3.3560678362846375E-001, 6.3395822048187256E-001, 2.0286738281250000E+004, 4.0000000000000000E+002, 0.0000000000000000E+000, 0.0000000000000000E+000, 0.0000000000000000E+000, 3.3224533081054688E+002, 2.8635868147830479E-005, 0.0000000000000000E+000, 0.0000000000000000E+000, 3.5175344237359241E-006, 0.0000000000000000E+000, 6.0836816828668816E-007, 8.9390337500000000E+005, 0.0000000000000000E+000, 0.0000000000000000E+000, 2.5898941406250000E+004,-3.5000000000000000E+001
1,1,1,32, 4.5000000000000000E+001, 3.0227883911132812E+002, 2.1866703405976295E-002, 1.9144857651554048E-004, 3.2362417550757527E-004, 0.0000000000000000E+000, 0.0000000000000000E+000, 0.0000000000000000E+000, 0.0000000000000000E+000, 0.0000000000000000E+000, 1.3440122500000000E+006, 0.0000000000000000E+000, 1.1160612106323242E+000, 9.8716795444488525E-001, 9.5580367187500000E+004, 4.0000000000000000E+002, 0.0000000000000000E+000, 0.0000000000000000E+000, 0.0000000000000000E+000, 3.0240744018554688E+002, 2.1813450381159782E-002, 2.2935308516025543E-004, 3.4890760434791446E-004, 0.0000000000000000E+000, 0.0000000000000000E+000, 0.0000000000000000E+000, 0.0000000000000000E+000, 0.0000000000000000E+000, 1.2200600000000000E+006, 0.0000000000000000E+000, 8.9722595214843750E+000
1,1,2,32, 4.5000000000000000E+001, 3.0539505004882812E+002, 2.1380916237831116E-002, 3.0595198040828109E-004, 3.9689210825599730E-004, 0.0000000000000000E+000, 0.0000000000000000E+000, 0.0000000000000000E+000, 0.0000000000000000E+000, 0.0000000000000000E+000, 1.4072395000000000E+006, 0.0000000000000000E+000, 1.0659166574478149E+000, 9.7316581010818481E-001, 9.0918859375000000E+004, 4.0000000000000000E+002, 0.0000000000000000E+000, 0.0000000000000000E+000, 0.0000000000000000E+000, 3.0552392578125000E+002, 2.1328387781977654E-002, 3.2510788878425956E-004, 4.4206075835973024E-004, 0.0000000000000000E+000, 0.0000000000000000E+000, 0.0000000000000000E+000, 0.0000000000000000E+000, 0.0000000000000000E+000, 1.2548132500000000E+006, 0.0000000000000000E+000, 1.0709316253662109E+001
1,1,3,32, 4.5000000000000000E+001, 3.0853829956054688E+002, 2.0891975611448288E-002, 4.6023901086300611E-004, 4.6728050801903009E-004, 0.0000000000000000E+000, 0.0000000000000000E+000, 0.0000000000000000E+000, 0.0000000000000000E+000, 0.0000000000000000E+000, 1.4734168750000000E+006, 0.0000000000000000E+000, 1.0180418491363525E+000, 9.5936226844787598E-001, 8.6484695312500000E+004, 4.0000000000000000E+002, 0.0000000000000000E+000, 0.0000000000000000E+000, 0.0000000000000000E+000, 3.0866744995117188E+002, 2.0840171724557877E-002, 4.4751222594641149E-004, 5.4489757167175412E-004, 0.0000000000000000E+000, 0.0000000000000000E+000, 0.0000000000000000E+000, 0.0000000000000000E+000, 0.0000000000000000E+000, 1.2937582500000000E+006, 0.0000000000000000E+000, 1.2196948051452637E+001
1,1,4,32, 4.5000000000000000E+001, 3.1170877075195312E+002, 2.0400483161211014E-002, 6.5169192384928465E-004, 5.2814913215115666E-004, 0.0000000000000000E+000, 0.0000000000000000E+000, 0.0000000000000000E+000, 0.0000000000000000E+000, 0.0000000000000000E+000, 1.5426807500000000E+006, 0.0000000000000000E+000, 9.7233337163925171E-001, 9.4575452804565430E-001, 8.2266789062500000E+004, 4.0000000000000000E+002, 0.0000000000000000E+000, 0.0000000000000000E+000, 0.0000000000000000E+000, 3.1183813476562500E+002, 2.0349407568573952E-002, 5.9177668299525976E-004, 6.5205950522795320E-004, 0.0000000000000000E+000, 0.0000000000000000E+000, 0.0000000000000000E+000, 0.0000000000000000E+000, 0.0000000000000000E+000, 1.3396602500000000E+006, 0.0000000000000000E+000, 1.3408796310424805E+001
1,1,5,32, 4.5000000000000000E+001, 3.1490664672851562E+002, 1.9907034933567047E-002, 8.6862070020288229E-004, 5.7307200040668249E-004, 0.0000000000000000E+000, 0.0000000000000000E+000, 0.0000000000000000E+000, 0.0000000000000000E+000, 0.0000000000000000E+000, 1.6151743750000000E+006, 0.0000000000000000E+000, 9.2869228124618530E-001, 9.3233978748321533E-001, 7.8254585937500000E+004, 4.0000000000000000E+002, 0.0000000000000000E+000, 0.0000000000000000E+000, 0.0000000000000000E+000, 3.1503622436523438E+002, 1.9856687635183334E-002, 7.4912118725478649E-004, 7.5312441913411021E-004, 0.0000000000000000E+000, 0.0000000000000000E+000, 0.0000000000000000E+000, 0.0000000000000000E+000, 0.0000000000000000E+000, 1.3951812500000000E+006, 0.0000000000000000E+000, 1.4287931442260742E+001
1,1,6,32, 4.5000000000000000E+001, 3.1813198852539062E+002, 1.9412111490964890E-002, 1.0898002656176686E-003, 5.9694662922993302E-004, 0.0000000000000000E+000, 0.0000000000000000E+000, 0.0000000000000000E+000, 0.0000000000000000E+000, 0.0000000000000000E+000, 1.6910458750000000E+006, 0.0000000000000000E+000, 8.8702499866485596E-001, 9.1911536455154419E-001, 7.4438070312500000E+004, 4.0000000000000000E+002, 0.0000000000000000E+000, 0.0000000000000000E+000, 0.0000000000000000E+000, 3.1826171875000000E+002, 1.9362492486834526E-002, 9.0814207214862108E-004, 8.3254161290824413E-004, 0.0000000000000000E+000, 0.0000000000000000E+000, 0.0000000000000000E+000, 0.0000000000000000E+000, 0.0000000000000000E+000, 1.4623921250000000E+006, 0.0000000000000000E+000, 1.4758382797241211E+001
1,1,7,32, 4.5000000000000000E+001, 3.2138497924804688E+002, 1.8916349858045578E-002, 1.2870412319898605E-003, 5.9694662922993302E-004, 0.0000000000000000E+000, 0.0000000000000000E+000, 0.0000000000000000E+000, 0.0000000000000000E+000, 0.0000000000000000E+000, 1.7704520000000000E+006, 0.0000000000000000E+000, 8.4724128246307373E-001, 9.0607851743698120E-001, 7.0807687500000000E+004, 4.0000000000000000E+002, 0.0000000000000000E+000, 0.0000000000000000E+000, 0.0000000000000000E+000, 3.2151483154296875E+002, 1.8867462873458862E-002, 1.0556672932580113E-003, 8.7308161891996861E-004, 0.0000000000000000E+000, 0.0000000000000000E+000, 0.0000000000000000E+000, 0.0000000000000000E+000, 0.0000000000000000E+000, 1.5423477500000000E+006, 0.0000000000000000E+000, 1.4744257926940918E+001
1,1,8,32, 4.5000000000000000E+001, 3.2466567993164062E+002, 1.8420226871967316E-002, 1.4307604869827628E-003, 5.7307200040668249E-004, 0.0000000000000000E+000, 0.0000000000000000E+000, 0.0000000000000000E+000, 0.0000000000000000E+000, 0.0000000000000000E+000, 1.8535550000000000E+006, 0.0000000000000000E+000, 8.0925571918487549E-001, 8.9322650432586670E-001, 6.7354351562500000E+004, 4.0000000000000000E+002, 0.0000000000000000E+000, 0.0000000000000000E+000, 0.0000000000000000E+000, 3.2479565429687500E+002, 1.8372071906924248E-002, 1.1766358511522412E-003, 8.6225470295175910E-004, 0.0000000000000000E+000, 0.0000000000000000E+000, 0.0000000000000000E+000, 0.0000000000000000E+000, 0.0000000000000000E+000, 1.6348840000000000E+006, 0.0000000000000000E+000, 1.4186991691589355E+001
1,1,9,32, 4.5000000000000000E+001, 3.2797424316406250E+002, 1.7924325540661812E-002, 1.4971671625971794E-003, 5.2814913215115666E-004, 0.0000000000000000E+000, 0.0000000000000000E+000, 0.0000000000000000E+000, 0.0000000000000000E+000, 0.0000000000000000E+000, 1.9405255000000000E+006, 0.0000000000000000E+000, 7.7298647165298462E-001, 8.8055688142776489E-001, 6.4069441406250000E+004, 4.0000000000000000E+002, 0.0000000000000000E+000, 0.0000000000000000E+000, 0.0000000000000000E+000, 3.2810427856445312E+002, 1.7876904457807541E-002, 1.2543725315481424E-003, 7.9837249359115958E-004, 0.0000000000000000E+000, 0.0000000000000000E+000, 0.0000000000000000E+000, 0.0000000000000000E+000, 0.0000000000000000E+000, 1.7387575000000000E+006, 0.0000000000000000E+000, 1.3055115699768066E+001
1,1,10,32, 4.5000000000000000E+001, 3.3131088256835938E+002, 1.7429236322641373E-002, 1.4746960951015353E-003, 4.6728050801903009E-004, 0.0000000000000000E+000, 0.0000000000000000E+000, 0.0000000000000000E+000, 0.0000000000000000E+000, 0.0000000000000000E+000, 2.0315423750000000E+006, 0.0000000000000000E+000, 7.3835527896881104E-001, 8.6806690692901611E-001, 6.0944734375000000E+004, 4.0000000000000000E+002, 0.0000000000000000E+000, 0.0000000000000000E+000, 0.0000000000000000E+000, 3.3144094848632812E+002, 1.7382549121975899E-002, 1.2733244802802801E-003, 6.9230876397341490E-004, 0.0000000000000000E+000, 0.0000000000000000E+000, 0.0000000000000000E+000, 0.0000000000000000E+000, 0.0000000000000000E+000, 1.8520621250000000E+006, 0.0000000000000000E+000, 1.1347166061401367E+001
1,1,11,32, 4.5000000000000000E+001, 3.3467556762695312E+002, 1.6935411840677261E-002, 1.3672993518412113E-003, 3.9689210825599730E-004, 0.0000000000000000E+000, 0.0000000000000000E+000, 0.0000000000000000E+000, 0.0000000000000000E+000, 0.0000000000000000E+000, 2.1267905000000000E+006, 0.0000000000000000E+000, 7.0528811216354370E-001, 8.5575407743453979E-001, 5.7972425781250000E+004, 4.0000000000000000E+002, 0.0000000000000000E+000, 0.0000000000000000E+000, 0.0000000000000000E+000, 3.3480563354492188E+002, 1.6889462247490883E-002, 1.2244686949998140E-003, 5.6358292931690812E-004, 0.0000000000000000E+000, 0.0000000000000000E+000, 0.0000000000000000E+000, 0.0000000000000000E+000, 0.0000000000000000E+000, 1.9727033750000000E+006, 0.0000000000000000E+000, 9.0906877517700195E+000
1,1,12,32, 4.5000000000000000E+001, 3.3806854248046875E+002, 1.6443461179733276E-002, 1.1933108326047659E-003, 3.2362417550757527E-004, 0.0000000000000000E+000, 0.0000000000000000E+000, 0.0000000000000000E+000, 0.0000000000000000E+000, 0.0000000000000000E+000, 2.2264655000000000E+006, 0.0000000000000000E+000, 6.7371356487274170E-001, 8.4361594915390015E-001, 5.5145078125000000E+004, 4.0000000000000000E+002, 0.0000000000000000E+000, 0.0000000000000000E+000, 0.0000000000000000E+000, 3.3819854736328125E+002, 1.6398249194025993E-002, 1.1105873854830861E-003, 4.3310207547619939E-004, 0.0000000000000000E+000, 0.0000000000000000E+000, 0.0000000000000000E+000, 0.0000000000000000E+000, 0.0000000000000000E+000, 2.0987405000000000E+006, 0.0000000000000000E+000, 6.3389067649841309E+000
1,1,13,32, 4.5000000000000000E+001, 3.4148983764648438E+002, 1.5953827649354935E-002, 9.8033028189092875E-004, 2.5332794757559896E-004, 0.0000000000000000E+000, 0.0000000000000000E+000, 0.0000000000000000E+000, 0.0000000000000000E+000, 0.0000000000000000E+000, 2.3307702500000000E+006, 0.0000000000000000E+000, 6.4356410503387451E-001, 8.3164995908737183E-001, 5.2455621093750000E+004, 4.0000000000000000E+002, 0.0000000000000000E+000, 0.0000000000000000E+000, 0.0000000000000000E+000, 3.4161975097656250E+002, 1.5909355133771896E-002, 9.4758393242955208E-004, 3.1669536838307977E-004, 0.0000000000000000E+000, 0.0000000000000000E+000, 0.0000000000000000E+000, 0.0000000000000000E+000, 0.0000000000000000E+000, 2.2285390000000000E+006, 0.0000000000000000E+000, 3.1640481948852539E+000
1,1,14,32, 4.5000000000000000E+001, 3.4493957519531250E+002, 1.5467060729861259E-002, 7.5808895053341985E-004, 1.9037020683754236E-004, 0.0000000000000000E+000, 0.0000000000000000E+000, 0.0000000000000000E+000, 0.0000000000000000E+000, 0.0000000000000000E+000, 2.4399180000000000E+006, 0.0000000000000000E+000, 6.1477476358413696E-001, 8.1985372304916382E-001, 4.9897328125000000E+004, 4.0000000000000000E+002, 0.0000000000000000E+000, 0.0000000000000000E+000, 0.0000000000000000E+000, 3.4506936645507812E+002, 1.5423329547047615E-002, 7.6030107447877526E-004, 2.2231684124562889E-004, 0.0000000000000000E+000, 0.0000000000000000E+000, 0.0000000000000000E+000, 0.0000000000000000E+000, 0.0000000000000000E+000, 2.3608482500000000E+006, 0.0000000000000000E+000,-3.5472407937049866E-001
1,1,15,32, 4.5000000000000000E+001, 3.4841793823242188E+002, 1.4983683824539185E-002, 5.5181916104629636E-004, 1.3733729429077357E-004, 0.0000000000000000E+000, 0.0000000000000000E+000, 0.0000000000000000E+000, 0.0000000000000000E+000, 0.0000000000000000E+000, 2.5541317500000000E+006, 0.0000000000000000E+000, 5.8728373050689697E-001, 8.0822473764419556E-001, 4.7463804687500000E+004, 4.0000000000000000E+002, 0.0000000000000000E+000, 0.0000000000000000E+000, 0.0000000000000000E+000, 3.4854760742187500E+002, 1.4940694905817509E-002, 5.7491339975968003E-004, 1.5100991004146636E-004, 0.0000000000000000E+000, 0.0000000000000000E+000, 0.0000000000000000E+000, 0.0000000000000000E+000, 0.0000000000000000E+000, 2.4948812500000000E+006, 0.0000000000000000E+000,-4.1479368209838867E+000
1,1,16,32, 4.5000000000000000E+001, 3.5192492675781250E+002, 1.4504122547805309E-002, 3.7809615605510771E-004, 9.5115618023555726E-005, 0.0000000000000000E+000, 0.0000000000000000E+000, 0.0000000000000000E+000, 0.0000000000000000E+000, 0.0000000000000000E+000, 2.6736420000000000E+006, 0.0000000000000000E+000, 5.6103247404098511E-001, 7.9676079750061035E-001, 4.5148972656250000E+004, 4.0000000000000000E+002, 0.0000000000000000E+000, 0.0000000000000000E+000, 0.0000000000000000E+000, 3.5205435180664062E+002, 1.4461877755820751E-002, 4.1184006840921938E-004, 9.9879245681222528E-005, 0.0000000000000000E+000, 0.0000000000000000E+000, 0.0000000000000000E+000, 0.0000000000000000E+000, 0.0000000000000000E+000, 2.6260882500000000E+006, 0.0000000000000000E+000,-8.1530284881591797E+000
1,1,17,32, 4.5000000000000000E+001, 3.5546078491210938E+002, 1.4028909616172314E-002, 2.4385777942370623E-004, 6.3239538576453924E-005, 0.0000000000000000E+000, 0.0000000000000000E+000, 0.0000000000000000E+000, 0.0000000000000000E+000, 0.0000000000000000E+000, 2.7986945000000000E+006, 0.0000000000000000E+000, 5.3596419095993042E-001, 7.8545939922332764E-001, 4.2947027343750000E+004, 4.0000000000000000E+002, 0.0000000000000000E+000, 0.0000000000000000E+000, 0.0000000000000000E+000, 3.5558996582031250E+002, 1.3987410813570023E-002, 2.8211355675011873E-004, 6.4473511883988976E-005, 0.0000000000000000E+000, 0.0000000000000000E+000, 0.0000000000000000E+000, 0.0000000000000000E+000, 0.0000000000000000E+000, 2.4800760000000000E+006, 0.0000000000000000E+000,-1.1893954277038574E+001
1,1,18,32, 4.5000000000000000E+001, 3.5902545166015625E+002, 1.3558438047766685E-002, 1.4804708189330995E-004, 4.0364466258324683E-005, 0.0000000000000000E+000, 0.0000000000000000E+000, 0.0000000000000000E+000, 0.0000000000000000E+000, 0.0000000000000000E+000, 2.9295407500000000E+006, 0.0000000000000000E+000, 5.1202565431594849E-001, 7.7431833744049072E-001, 4.0852476562500000E+004, 4.0000000000000000E+002, 0.0000000000000000E+000, 0.0000000000000000E+000, 0.0000000000000000E+000, 3.5915432739257812E+002, 1.3517687097191811E-002, 1.8769076268654317E-004, 4.0158589399652556E-005, 0.0000000000000000E+000, 0.0000000000000000E+000, 0.0000000000000000E+000, 0.0000000000000000E+000, 0.0000000000000000E+000, 1.5873183750000000E+006, 0.0000000000000000E+000,-1.4253478050231934E+001
1,1,19,32, 4.5000000000000000E+001, 3.6261914062500000E+002, 1.3093182817101479E-002, 8.4604238509200513E-005, 2.4733390091569163E-005, 0.0000000000000000E+000, 0.0000000000000000E+000, 0.0000000000000000E+000, 0.0000000000000000E+000, 0.0000000000000000E+000, 3.0664475000000000E+006, 0.0000000000000000E+000, 4.8916539549827576E-001, 7.6333528757095337E-001, 3.8860078125000000E+004, 4.0000000000000000E+002, 0.0000000000000000E+000, 0.0000000000000000E+000, 0.0000000000000000E+000, 3.6274768066406250E+002, 1.3053180649876595E-002, 1.2426581815816462E-004, 2.4234357624663971E-005, 0.0000000000000000E+000, 0.0000000000000000E+000, 0.0000000000000000E+000, 0.0000000000000000E+000, 0.0000000000000000E+000, 9.6715593750000000E+005, 0.0000000000000000E+000,-1.6666593551635742E+001
1,1,20,32, 4.5000000000000000E+001, 3.6677352905273438E+002, 1.3005477376282215E-002, 4.5510638301493600E-005, 1.4549285879184026E-005, 0.0000000000000000E+000, 0.0000000000000000E+000, 0.0000000000000000E+000, 0.0000000000000000E+000, 0.0000000000000000E+000, 3.2143507500000000E+006, 0.0000000000000000E+000, 4.6665722131729126E-001, 7.5250798463821411E-001, 3.6964851562500000E+004, 4.0000000000000000E+002, 0.0000000000000000E+000, 0.0000000000000000E+000, 0.0000000000000000E+000, 3.6690307617187500E+002, 1.2965762056410313E-002, 8.5130937804933637E-005, 1.4122621905698907E-005, 0.0000000000000000E+000, 0.0000000000000000E+000, 0.0000000000000000E+000, 0.0000000000000000E+000, 0.0000000000000000E+000, 5.6361206250000000E+005, 0.0000000000000000E+000,-1.9183654785156250E+001
1,1,21,32, 4.5000000000000000E+001, 3.7205072021484375E+002, 1.3686816208064556E-002, 2.3044271074468270E-005, 8.2162459875689819E-006, 0.0000000000000000E+000, 0.0000000000000000E+000, 0.0000000000000000E+000, 0.0000000000000000E+000, 0.0000000000000000E+000, 3.3791540000000000E+006, 0.0000000000000000E+000, 4.4389808177947998E-001, 7.4183434247970581E-001, 3.5162054687500000E+004, 4.0000000000000000E+002, 0.0000000000000000E+000, 0.0000000000000000E+000, 0.0000000000000000E+000, 3.7218417358398438E+002, 1.3646464794874191E-002, 6.3371058786287904E-005, 7.9276915130321868E-006, 0.0000000000000000E+000, 0.0000000000000000E+000, 0.0000000000000000E+000, 0.0000000000000000E+000, 0.0000000000000000E+000, 3.1638196875000000E+005, 0.0000000000000000E+000,-2.1850656509399414E+001
1,1,22,32, 4.5000000000000000E+001, 3.7740386962890625E+002, 1.4404651708900928E-002, 1.0983525498886593E-005, 4.4542948671733029E-006, 0.0000000000000000E+000, 0.0000000000000000E+000, 0.0000000000000000E+000, 0.0000000000000000E+000, 0.0000000000000000E+000, 3.5524070000000000E+006, 0.0000000000000000E+000, 4.2224889993667603E-001, 7.3131203651428223E-001, 3.3447179687500000E+004, 4.0000000000000000E+002, 0.0000000000000000E+000, 0.0000000000000000E+000, 0.0000000000000000E+000, 3.7754125976562500E+002, 1.4363673515617847E-002, 5.1954732043668628E-005, 4.2795631998160388E-006, 0.0000000000000000E+000, 0.0000000000000000E+000, 0.0000000000000000E+000, 0.0000000000000000E+000, 0.0000000000000000E+000, 1.7079076562500000E+005, 0.0000000000000000E+000,-2.4625688552856445E+001
1,1,23,32, 4.5000000000000000E+001, 3.8283407592773438E+002, 1.5161024406552315E-002, 4.9277591642749030E-006, 2.3182369659480173E-006, 0.0000000000000000E+000, 0.0000000000000000E+000, 0.0000000000000000E+000, 0.0000000000000000E+000, 0.0000000000000000E+000, 3.7345427500000000E+006, 0.0000000000000000E+000, 4.0165558457374573E-001, 7.2093898057937622E-001, 3.1815941406250000E+004, 4.0000000000000000E+002, 0.0000000000000000E+000, 0.0000000000000000E+000, 0.0000000000000000E+000, 3.8297540283203125E+002, 1.5119430609047413E-002, 4.6519380703102797E-005, 2.2195313249540050E-006, 0.0000000000000000E+000, 0.0000000000000000E+000, 0.0000000000000000E+000, 0.0000000000000000E+000, 0.0000000000000000E+000, 8.8578078125000000E+004, 0.0000000000000000E+000,-2.7447443008422852E+001
1,1,24,32, 4.5000000000000000E+001, 3.8834237670898438E+002, 1.5958098694682121E-002, 2.0810646219615592E-006, 1.1582725392145221E-006, 0.0000000000000000E+000, 0.0000000000000000E+000, 0.0000000000000000E+000, 0.0000000000000000E+000, 0.0000000000000000E+000, 3.9260167500000000E+006, 0.0000000000000000E+000, 3.8206663727760315E-001, 7.1071308851242065E-001, 3.0264261718750000E+004, 4.0000000000000000E+002, 0.0000000000000000E+000, 0.0000000000000000E+000, 0.0000000000000000E+000, 3.8848776245117188E+002, 1.5915900468826294E-002, 4.4279222493059933E-005, 1.1054123660869664E-006, 0.0000000000000000E+000, 0.0000000000000000E+000, 0.0000000000000000E+000, 0.0000000000000000E+000, 0.0000000000000000E+000, 4.4115308593750000E+004, 0.0000000000000000E+000,-3.0190811157226562E+001
1,1,25,32, 4.5000000000000000E+001, 3.9392993164062500E+002, 1.6798175871372223E-002, 8.2727723338393844E-007, 5.5556824918312486E-007, 0.0000000000000000E+000, 0.0000000000000000E+000, 0.0000000000000000E+000, 0.0000000000000000E+000, 0.0000000000000000E+000, 4.1273082500000000E+006, 0.0000000000000000E+000, 3.6343300342559814E-001, 7.0063221454620361E-001, 2.8788255859375000E+004, 4.0000000000000000E+002, 0.0000000000000000E+000, 0.0000000000000000E+000, 0.0000000000000000E+000, 3.9407937622070312E+002, 1.6755381599068642E-002, 4.3622749217320234E-005, 5.2855813237329130E-007, 0.0000000000000000E+000, 0.0000000000000000E+000, 0.0000000000000000E+000, 0.0000000000000000E+000, 0.0000000000000000E+000, 2.1093941406250000E+004, 0.0000000000000000E+000,-3.2645107269287109E+001
1,1,26,32, 4.5000000000000000E+001, 3.9959790039062500E+002, 1.7683690413832664E-002, 3.0956030627748987E-007, 2.5582156126802147E-007, 0.0000000000000000E+000, 0.0000000000000000E+000, 0.0000000000000000E+000, 0.0000000000000000E+000, 0.0000000000000000E+000, 4.3389195000000000E+006, 0.0000000000000000E+000, 3.4570819139480591E-001, 6.9069433212280273E-001, 2.7384236328125000E+004, 4.0000000000000000E+002, 0.0000000000000000E+000, 0.0000000000000000E+000, 0.0000000000000000E+000, 3.9975143432617188E+002, 1.7640313133597374E-002, 4.3694180931197479E-005, 2.4261962039417995E-007, 0.0000000000000000E+000, 0.0000000000000000E+000, 0.0000000000000000E+000, 0.0000000000000000E+000, 0.0000000000000000E+000, 9.6825751953125000E+003, 0.0000000000000000E+000,-3.4560138702392578E+001
1,1,27,32, 4.5000000000000000E+001, 4.0534741210937500E+002, 1.8617233261466026E-002, 1.0903566050046720E-007, 1.1308667069442890E-007, 0.0000000000000000E+000, 0.0000000000000000E+000, 0.0000000000000000E+000, 0.0000000000000000E+000, 0.0000000000000000E+000, 4.5613810000000000E+006, 0.0000000000000000E+000, 3.2884776592254639E-001, 6.8089741468429565E-001, 2.6048689453125000E+004, 4.0000000000000000E+002, 0.0000000000000000E+000, 0.0000000000000000E+000, 0.0000000000000000E+000, 4.0550506591796875E+002, 1.8573282286524773E-002, 4.4076779886381701E-005, 1.0690783369682322E-007, 0.0000000000000000E+000, 0.0000000000000000E+000, 0.0000000000000000E+000, 0.0000000000000000E+000, 0.0000000000000000E+000, 4.2665273437500000E+003, 0.0000000000000000E+000,-3.5000000000000000E+001
1,1,28,32, 4.5000000000000000E+001, 4.1117965698242188E+002, 1.9601551815867424E-002, 3.6151028837139165E-008, 4.7990933893515830E-008, 0.0000000000000000E+000, 0.0000000000000000E+000, 0.0000000000000000E+000, 0.0000000000000000E+000, 0.0000000000000000E+000, 4.7952475000000000E+006, 0.0000000000000000E+000, 3.1280970573425293E-001, 6.7123943567276001E-001, 2.4778281250000000E+004, 4.0000000000000000E+002, 0.0000000000000000E+000, 0.0000000000000000E+000, 0.0000000000000000E+000, 4.1134152221679688E+002, 1.9557040184736252E-002, 4.4588337914319709E-005, 4.5220609479201812E-008, 0.0000000000000000E+000, 0.0000000000000000E+000, 0.0000000000000000E+000, 0.0000000000000000E+000, 0.0000000000000000E+000, 1.8046849365234375E+003, 0.0000000000000000E+000,-3.5000000000000000E+001
1,1,29,32, 4.5000000000000000E+001, 4.1709579467773438E+002, 2.0639576017856598E-002, 1.1282414114077710E-008, 1.9551524843564039E-008, 0.0000000000000000E+000, 0.0000000000000000E+000, 0.0000000000000000E+000, 0.0000000000000000E+000, 0.0000000000000000E+000, 5.0411050000000000E+006, 0.0000000000000000E+000, 2.9755380749702454E-001, 6.6171848773956299E-001, 2.3569832031250000E+004, 4.0000000000000000E+002, 0.0000000000000000E+000, 0.0000000000000000E+000, 0.0000000000000000E+000, 4.1726187133789062E+002, 2.0594513043761253E-002, 4.5169985241955146E-005, 1.8361317799531207E-008, 0.0000000000000000E+000, 0.0000000000000000E+000, 0.0000000000000000E+000, 0.0000000000000000E+000, 0.0000000000000000E+000, 7.3277191162109375E+002, 0.0000000000000000E+000,-3.5000000000000000E+001
1,1,30,32, 4.5000000000000000E+001, 4.2309707641601562E+002, 2.1734416484832764E-002, 3.3144464950396468E-009, 7.6467170373462068E-009, 0.0000000000000000E+000, 0.0000000000000000E+000, 0.0000000000000000E+000, 0.0000000000000000E+000, 0.0000000000000000E+000, 5.2995690000000000E+006, 0.0000000000000000E+000, 2.8304189443588257E-001, 6.5233254432678223E-001, 2.2420314453125000E+004, 4.0000000000000000E+002, 0.0000000000000000E+000, 0.0000000000000000E+000, 0.0000000000000000E+000, 4.2326736450195312E+002, 2.1688813343644142E-002, 4.5842636609449983E-005, 7.1566468307082687E-009, 0.0000000000000000E+000, 0.0000000000000000E+000, 0.0000000000000000E+000, 0.0000000000000000E+000, 0.0000000000000000E+000, 2.8561074829101562E+002, 0.0000000000000000E+000,-3.5000000000000000E+001
1,1,31,32, 4.5000000000000000E+001, 4.2918472290039062E+002, 2.2889383137226105E-002, 9.1653629130661329E-010, 2.8710704924606034E-009, 0.0000000000000000E+000, 0.0000000000000000E+000, 0.0000000000000000E+000, 0.0000000000000000E+000, 0.0000000000000000E+000, 5.5712835000000000E+006, 0.0000000000000000E+000, 2.6923778653144836E-001, 6.4307975769042969E-001, 2.1326863281250000E+004, 4.0000000000000000E+002, 0.0000000000000000E+000, 0.0000000000000000E+000, 0.0000000000000000E+000, 4.2935931396484375E+002, 2.2843249142169952E-002, 4.6673612814629450E-005, 2.6776485473334333E-009, 0.0000000000000000E+000, 0.0000000000000000E+000, 0.0000000000000000E+000, 0.0000000000000000E+000, 0.0000000000000000E+000, 1.0686083221435547E+002, 0.0000000000000000E+000,-3.5000000000000000E+001
1,1,32,32, 4.5000000000000000E+001, 4.3535992431640625E+002, 2.4108001962304115E-002, 2.3857096853596715E-010, 1.0348715218100324E-009, 0.0000000000000000E+000, 0.0000000000000000E+000, 0.0000000000000000E+000, 0.0000000000000000E+000, 0.0000000000000000E+000, 5.8569295000000000E+006, 0.0000000000000000E+000, 2.5610688328742981E-001, 6.3395822048187256E-001, 2.0286738281250000E+004, 4.0000000000000000E+002, 0.0000000000000000E+000, 0.0000000000000000E+000, 0.0000000000000000E+000, 4.3553884887695312E+002, 2.4061348289251328E-002, 4.5624889025930315E-005, 9.2429364162427419E-010, 0.0000000000000000E+000, 0.0000000000000000E+000, 0.0000000000000000E+000, 0.0000000000000000E+000, 0.0000000000000000E+000, 3.6887138366699219E+001, 0.0000000000000000E+000,-3.5000000000000000E+001
2,1,1,32, 4.5000000000000000E+001, 2.9249328613281250E+002, 1.1915182694792747E-002, 1.7868532449938357E-004, 2.6968680322170258E-004, 0.0000000000000000E+000, 0.0000000000000000E+000, 0.0000000000000000E+000, 0.0000000000000000E+000, 0.0000000000000000E+000, 1.2138028750000000E+006, 0.0000000000000000E+000, 1.1533998250961304E+000, 9.8716795444488525E-001, 9.5580367187500000E+004, 4.0000000000000000E+002, 0.0000000000000000E+000, 0.0000000000000000E+000, 0.0000000000000000E+000, 2.9264657592773438E+002, 1.1852840892970562E-002, 2.2956848260946572E-004, 2.8905324870720506E-004, 0.0000000000000000E+000, 0.0000000000000000E+000, 0.0000000000000000E+000, 0.0000000000000000E+000, 0.0000000000000000E+000, 1.1176052500000000E+006, 0.0000000000000000E+000, 7.9287714958190918E+000
2,1,2,32, 4.5000000000000000E+001, 2.9411227416992188E+002, 1.0619174689054489E-002, 2.8555517201311886E-004, 3.3074340899474919E-004, 0.0000000000000000E+000, 0.0000000000000000E+000, 0.0000000000000000E+000, 0.0000000000000000E+000, 0.0000000000000000E+000, 1.2648992500000000E+006, 0.0000000000000000E+000, 1.1068074703216553E+000, 9.7316581010818481E-001, 9.0918859375000000E+004, 4.0000000000000000E+002, 0.0000000000000000E+000, 0.0000000000000000E+000, 0.0000000000000000E+000, 2.9425967407226562E+002, 1.0560282506048679E-002, 3.1951392884366214E-004, 3.6494797677733004E-004, 0.0000000000000000E+000, 0.0000000000000000E+000, 0.0000000000000000E+000, 0.0000000000000000E+000, 0.0000000000000000E+000, 1.1465266250000000E+006, 0.0000000000000000E+000, 9.6727190017700195E+000
2,1,3,32, 4.5000000000000000E+001, 2.9571728515625000E+002, 9.4347894191741943E-003, 4.2955638491548598E-004, 3.8940040394663811E-004, 0.0000000000000000E+000, 0.0000000000000000E+000, 0.0000000000000000E+000, 0.0000000000000000E+000, 0.0000000000000000E+000, 1.3180443750000000E+006, 0.0000000000000000E+000, 1.0621796846389771E+000, 9.5936226844787598E-001, 8.6484695312500000E+004, 4.0000000000000000E+002, 0.0000000000000000E+000, 0.0000000000000000E+000, 0.0000000000000000E+000, 2.9585858154296875E+002, 9.3793356791138649E-003, 4.3677151552401483E-004, 4.4777520815841854E-004, 0.0000000000000000E+000, 0.0000000000000000E+000, 0.0000000000000000E+000, 0.0000000000000000E+000, 0.0000000000000000E+000, 1.1784588750000000E+006, 0.0000000000000000E+000, 1.1159444808959961E+001
2,1,4,32, 4.5000000000000000E+001, 2.9730758666992188E+002, 8.3556501194834709E-003, 6.0824578395113349E-004, 4.4012427679263055E-004, 0.0000000000000000E+000, 0.0000000000000000E+000, 0.0000000000000000E+000, 0.0000000000000000E+000, 0.0000000000000000E+000, 1.3733138750000000E+006, 0.0000000000000000E+000, 1.0194319486618042E+000, 9.4575452804565430E-001, 8.2266789062500000E+004, 4.0000000000000000E+002, 0.0000000000000000E+000, 0.0000000000000000E+000, 0.0000000000000000E+000, 2.9744253540039062E+002, 8.3036180585622787E-003, 5.7726912200450897E-004, 5.3298391867429018E-004, 0.0000000000000000E+000, 0.0000000000000000E+000, 0.0000000000000000E+000, 0.0000000000000000E+000, 0.0000000000000000E+000, 1.2155282500000000E+006, 0.0000000000000000E+000, 1.2367114067077637E+001
2,1,5,32, 4.5000000000000000E+001, 2.9888244628906250E+002, 7.3754959739744663E-003, 8.1071263412013650E-004, 4.7755998093634844E-004, 0.0000000000000000E+000, 0.0000000000000000E+000, 0.0000000000000000E+000, 0.0000000000000000E+000, 0.0000000000000000E+000, 1.4307862500000000E+006, 0.0000000000000000E+000, 9.7848296165466309E-001, 9.3233978748321533E-001, 7.8254585937500000E+004, 4.0000000000000000E+002, 0.0000000000000000E+000, 0.0000000000000000E+000, 0.0000000000000000E+000, 2.9901083374023438E+002, 7.3268613778054714E-003, 7.3227088432759047E-004, 6.1229220591485500E-004, 0.0000000000000000E+000, 0.0000000000000000E+000, 0.0000000000000000E+000, 0.0000000000000000E+000, 0.0000000000000000E+000, 1.2597797500000000E+006, 0.0000000000000000E+000, 1.3245492935180664E+001
2,1,6,32, 4.5000000000000000E+001, 3.0044107055664062E+002, 6.4880927093327045E-003, 1.0171468602493405E-003, 4.9745547585189342E-004, 0.0000000000000000E+000, 0.0000000000000000E+000, 0.0000000000000000E+000, 0.0000000000000000E+000, 0.0000000000000000E+000, 1.4905418750000000E+006, 0.0000000000000000E+000, 9.3925571441650391E-001, 9.1911536455154419E-001, 7.4438070312500000E+004, 4.0000000000000000E+002, 0.0000000000000000E+000, 0.0000000000000000E+000, 0.0000000000000000E+000, 3.0056265258789062E+002, 6.4428229816257954E-003, 8.8931689970195293E-004, 6.7157554440200329E-004, 0.0000000000000000E+000, 5.5145205806184094E-006, 2.5523220756440423E-005, 0.0000000000000000E+000, 2.1941576004028320E+000, 1.3125190000000000E+006, 1.4286921386718750E+003, 2.9465095520019531E+001
2,1,7,32, 4.5000000000000000E+001, 3.0198266601562500E+002, 5.6873224675655365E-003, 1.2012384831905365E-003, 4.9745547585189342E-004, 0.0000000000000000E+000, 0.0000000000000000E+000, 0.0000000000000000E+000, 0.0000000000000000E+000, 0.0000000000000000E+000, 1.5526635000000000E+006, 0.0000000000000000E+000, 9.0167635679244995E-001, 9.0607851743698120E-001, 7.0807687500000000E+004, 4.0000000000000000E+002, 0.0000000000000000E+000, 0.0000000000000000E+000, 0.0000000000000000E+000, 3.0209411621093750E+002, 5.6453752331435680E-003, 1.0312568629160523E-003, 6.3906650757417083E-004, 0.0000000000000000E+000, 1.4352274592965841E-004, 3.3063170849345624E-004, 0.0000000000000000E+000, 5.7105869293212891E+001, 1.3459793750000000E+006, 4.2556468750000000E+004, 4.6939990997314453E+001
2,1,8,32, 4.5000000000000000E+001, 3.0350643920898438E+002, 5.2853329107165337E-003, 1.3353764079511166E-003, 4.7755998093634844E-004, 2.3846009571570903E-004, 6.6858390346169472E-004, 2.8653600020334125E-004, 9.2413570312500000E+004, 2.3103392187500000E+005, 1.6172375000000000E+006, 9.2413570312500000E+004, 8.6567372083663940E-001, 8.9322650432586670E-001, 6.7354351562500000E+004, 4.0000000000000000E+002, 0.0000000000000000E+000, 0.0000000000000000E+000, 0.0000000000000000E+000, 3.0432632446289062E+002, 5.1673771813511848E-003, 5.2591762505471706E-004, 8.7536114733666182E-005, 2.1221584756858647E-004, 9.9000032059848309E-004, 1.2279096990823746E-003, 7.0847414062500000E+004, 3.9390853881835938E+002, 9.9679406250000000E+005, 3.3846678125000000E+005, 4.5608245849609375E+001
2,1,9,32, 4.5000000000000000E+001, 3.0501150512695312E+002, 4.5987567864358425E-003, 1.3973559252917767E-003, 4.4012427679263055E-004, 2.4952786043286324E-004, 6.1617390019819140E-004, 2.6407456607557833E-004, 9.6248632812500000E+004, 2.4062157812500000E+005, 1.6843511250000000E+006, 9.6248632812500000E+004, 8.3118063211441040E-001, 8.8055688142776489E-001, 6.4069441406250000E+004, 4.0000000000000000E+002, 0.0000000000000000E+000, 0.0000000000000000E+000, 0.0000000000000000E+000, 3.0579556274414062E+002, 4.4864318333566189E-003, 5.7781877694651484E-004, 1.4005304547026753E-004, 2.3210151994135231E-004, 9.3309552175924182E-004, 1.1079875985160470E-003, 3.2812118750000000E+005, 1.5863390625000000E+004, 1.0912832500000000E+006, 3.3291831250000000E+005, 2.9153055191040039E+001
2,1,10,32, 4.5000000000000000E+001, 3.0649710083007812E+002, 3.9858142845332623E-003, 1.3763828901574016E-003, 3.8940040394663811E-004, 2.4578269221819937E-004, 5.4516055388376117E-004, 2.3364025400951505E-004, 1.0023404687500000E+005, 2.5058510937500000E+005, 1.7540957500000000E+006, 1.0023404687500000E+005, 7.9813200235366821E-001, 8.6806690692901611E-001, 6.0944734375000000E+004, 4.0000000000000000E+002, 0.0000000000000000E+000, 0.0000000000000000E+000, 0.0000000000000000E+000, 3.0722714233398438E+002, 3.8753310218453407E-003, 6.2827148940414190E-004, 1.7298643069807440E-004, 2.3291152319870889E-004, 8.4832549327984452E-004, 9.3014037702232599E-004, 1.5759706250000000E+005, 6.1514046875000000E+004, 1.2053818750000000E+006, 2.9994675000000000E+005, 2.2969526290893555E+001
2,1,11,32, 4.5000000000000000E+001, 3.0796231079101562E+002, 3.4406790509819984E-003, 1.2761460384353995E-003, 3.3074340899474919E-004, 2.2788322530686855E-004, 4.6304074930958450E-004, 1.9844605412799865E-004, 1.0437511718750000E+005, 2.6093779687500000E+005, 1.8265646250000000E+006, 1.0437511718750000E+005, 7.6646620035171509E-001, 8.5575407743453979E-001, 5.7972425781250000E+004, 4.0000000000000000E+002, 0.0000000000000000E+000, 0.0000000000000000E+000, 0.0000000000000000E+000, 3.0862487792968750E+002, 3.3310046419501305E-003, 6.5377983264625072E-004, 1.8268007261212915E-004, 2.1773971093352884E-004, 7.3444412555545568E-004, 7.2888046270236373E-004, 8.2930882812500000E+004, 1.1647085937500000E+005, 1.3346068750000000E+006, 2.5871759375000000E+005, 1.9448404312133789E+001
2,1,12,32, 4.5000000000000000E+001, 3.0940618896484375E+002, 2.9577554669231176E-003, 1.1137567926198244E-003, 2.6968680322170258E-004, 1.9888515817001462E-004, 3.7756148958578706E-004, 1.6181208775378764E-004, 1.0867731250000000E+005, 2.7169328125000000E+005, 1.9018528750000000E+006, 1.0867731250000000E+005, 7.3612421751022339E-001, 8.4361594915390015E-001, 5.5145078125000000E+004, 4.0000000000000000E+002, 0.0000000000000000E+000, 0.0000000000000000E+000, 0.0000000000000000E+000, 3.0999478149414062E+002, 2.8499588370323181E-003, 6.3712178962305188E-004, 1.7260819731745869E-004, 1.9294385856483132E-004, 6.1267137061804533E-004, 5.3528038552030921E-004, 8.8791171875000000E+004, 1.7178656250000000E+005, 1.4741433750000000E+006, 2.1809356250000000E+005, 1.6503116607666016E+001
2,1,13,32, 4.5000000000000000E+001, 3.1082788085937500E+002, 2.5317014660686255E-003, 9.1497495304793119E-004, 2.1110662783030421E-004, 1.6338839486707002E-004, 2.9554925276897848E-004, 1.2666397378779948E-004, 1.1314631250000000E+005, 2.8286578125000000E+005, 1.9800603750000000E+006, 1.1314631250000000E+005, 7.0704913139343262E-001, 8.3164995908737183E-001, 5.2455621093750000E+004, 4.0000000000000000E+002, 0.0000000000000000E+000, 0.0000000000000000E+000, 0.0000000000000000E+000, 3.1134078979492188E+002, 2.4275693576782942E-003, 5.8344297576695681E-004, 1.4978653052821755E-004, 1.5382468700408936E-004, 4.9466051859781146E-004, 3.7090849946253002E-004, 9.5220031250000000E+004, 2.2078903125000000E+005, 1.6192972500000000E+006, 1.8449281250000000E+005, 1.3604677200317383E+001
2,1,14,32, 4.5000000000000000E+001, 3.1222640991210938E+002, 2.1574057172983885E-003, 7.0754962507635355E-004, 1.5864183660596609E-004, 1.2634815357159823E-004, 2.2209854796528816E-004, 9.5185103418771178E-005, 1.1778788281250000E+005, 2.9446971875000000E+005, 2.0612880000000000E+006, 1.1778788281250000E+005, 6.7918699979782104E-001, 8.1985372304916382E-001, 4.9897328125000000E+004, 4.0000000000000000E+002, 0.0000000000000000E+000, 0.0000000000000000E+000, 0.0000000000000000E+000, 3.1267190551757812E+002, 2.0596862304955721E-003, 4.8353258171118796E-004, 1.2133498967159539E-004, 1.2322128168307245E-004, 3.8770830724388361E-004, 2.4438541731797159E-004, 1.0218551562500000E+005, 2.6036912500000000E+005, 1.7658945000000000E+006, 1.6071603125000000E+005, 1.0548755645751953E+001
2,1,15,32, 4.5000000000000000E+001, 3.1360089111328125E+002, 1.8300249939784408E-003, 5.1503122085705400E-004, 1.1444774281699210E-004, 9.1969865025021136E-005, 1.6022681666072458E-004, 6.8668647145386785E-005, 1.2260797656250000E+005, 3.0651993750000000E+005, 2.1456395000000000E+006, 1.2260797656250000E+005, 6.5248608589172363E-001, 8.0822473764419556E-001, 4.7463804687500000E+004, 4.0000000000000000E+002, 0.0000000000000000E+000, 0.0000000000000000E+000, 0.0000000000000000E+000, 3.1398641967773438E+002, 1.7403492238372564E-003, 3.7005852209404111E-004, 9.2598071205429733E-005, 9.3409376859199256E-005, 2.9761480982415378E-004, 1.4919621753506362E-004, 1.1005799218750000E+005, 2.9123190625000000E+005, 1.9105481250000000E+006, 1.4480167187500000E+005, 7.2308888435363770E+000
2,1,16,32, 4.5000000000000000E+001, 3.1495022583007812E+002, 1.5449896454811096E-003, 3.5288973595015705E-004, 7.9263016232289374E-005, 6.3016028434503824E-005, 1.1096820526290685E-004, 4.7557809011777863E-005, 1.2761269531250000E+005, 3.1903175000000000E+005, 2.2332222500000000E+006, 1.2761269531250000E+005, 6.2689685821533203E-001, 7.9676079750061035E-001, 4.5148972656250000E+004, 4.0000000000000000E+002, 0.0000000000000000E+000, 0.0000000000000000E+000, 0.0000000000000000E+000, 3.1528347778320312E+002, 1.4642637688666582E-003, 2.6230627554468811E-004, 6.6827124101109803E-005, 6.7353088525123894E-005, 2.4547224165871739E-004, 7.4687442975118756E-005, 1.2017631250000000E+005, 3.2726534375000000E+005, 2.0483738750000000E+006, 1.2790426562500000E+005, 4.0226387977600098E+000
2,1,17,32, 4.5000000000000000E+001, 3.1627349853515625E+002, 1.2979952152818441E-003, 2.2760058345738798E-004, 5.2699611842399463E-005, 4.0642964449943975E-005, 7.3779454396571964E-005, 3.1619769288226962E-005, 1.3280834375000000E+005, 3.3202084375000000E+005, 2.3241460000000000E+006, 1.3280834375000000E+005, 6.0237181186676025E-001, 7.8545939922332764E-001, 4.2947027343750000E+004, 4.0000000000000000E+002, 0.0000000000000000E+000, 0.0000000000000000E+000, 0.0000000000000000E+000, 3.1656143188476562E+002, 1.2265039840713143E-003, 1.7323250358458608E-004, 4.4503183744382113E-005, 4.6581266360590234E-005, 1.7056544311344624E-004, 5.1781753427349031E-005, 1.3683150000000000E+005, 3.3840503125000000E+005, 1.7760536250000000E+006, 1.3579718750000000E+005, 5.3618222475051880E-001
2,1,18,32, 4.5000000000000000E+001, 3.1756964111328125E+002, 1.0850211838260293E-003, 1.3817727449350059E-004, 3.3637057640589774E-005, 2.4674514861544594E-005, 4.7091874876059592E-005, 2.0182233129162341E-005, 1.3820125000000000E+005, 3.4550312500000000E+005, 2.4185220000000000E+006, 1.3820125000000000E+005, 5.7886594533920288E-001, 7.7431833744049072E-001, 4.0852476562500000E+004, 4.0000000000000000E+002, 0.0000000000000000E+000, 0.0000000000000000E+000, 0.0000000000000000E+000, 3.1781884765625000E+002, 1.0226196609437466E-003, 1.0777689021779224E-004, 2.3663083993596956E-005, 3.1258572562364861E-005, 1.1733018618542701E-004, 3.9913458749651909E-005, 1.7262446875000000E+005, 3.4992375000000000E+005, 9.4435731250000000E+005, 1.5007220312500000E+005,-2.8666040897369385E+000
2,1,19,32, 4.5000000000000000E+001, 3.1883761596679688E+002, 9.0232351794838905E-004, 7.8963952546473593E-005, 2.0611158106476068E-005, 1.4100706721364986E-005, 2.8855620257672854E-005, 1.2366695045784581E-005, 1.4379809375000000E+005, 3.5949521875000000E+005, 2.5164665000000000E+006, 1.4379809375000000E+005, 5.5633562803268433E-001, 7.6333528757095337E-001, 3.8860078125000000E+004, 4.0000000000000000E+002, 0.0000000000000000E+000, 0.0000000000000000E+000, 0.0000000000000000E+000, 3.1905523681640625E+002, 8.4862962830811739E-004, 6.4466723415534943E-005, 2.4125019990606233E-006, 2.0605131794582121E-005, 7.9211291449610144E-005, 3.5544755519367754E-005, 2.6207404687500000E+005, 3.6206437500000000E+005, 9.6279242187500000E+004, 1.7994593750000000E+005,-6.3284454345703125E+000
2,1,20,32, 4.5000000000000000E+001, 3.2007632446289062E+002, 7.4642559047788382E-004, 4.2476593080209568E-005, 1.2124404747737572E-005, 7.5851066867471673E-006, 1.6974165191641077E-005, 7.2746429395920131E-006, 1.4960550000000000E+005, 3.7401378125000000E+005, 2.6180965000000000E+006, 1.4960550000000000E+005, 5.3473967313766479E-001, 7.5250798463821411E-001, 3.6964851562500000E+004, 4.0000000000000000E+002, 0.0000000000000000E+000, 0.0000000000000000E+000, 0.0000000000000000E+000, 3.2026049804687500E+002, 7.0040463469922543E-004, 3.8931149902055040E-005, 0.0000000000000000E+000, 1.3454469808493741E-005, 5.2036924898857251E-005, 2.3795739252818748E-005, 4.9378321875000000E+005, 3.7511337500000000E+005, 0.0000000000000000E+000, 2.5780340625000000E+005,-1.0666869163513184E+001
2,1,21,32, 4.5000000000000000E+001, 3.2128466796875000E+002, 6.1412755167111754E-004, 2.1507985366042703E-005, 6.8468716563074850E-006, 3.8407119973271620E-006, 9.5856194093357772E-006, 4.1081229937844910E-006, 1.5563043750000000E+005, 3.8907609375000000E+005, 2.7235327500000000E+006, 1.5563043750000000E+005, 5.1403826475143433E-001, 7.4183434247970581E-001, 3.5162054687500000E+004, 4.0000000000000000E+002, 0.0000000000000000E+000, 0.0000000000000000E+000, 0.0000000000000000E+000, 3.2143899536132812E+002, 5.7507673045620322E-004, 2.5115527023444884E-005, 0.0000000000000000E+000, 8.6951495177345350E-006, 3.4104792575817555E-005, 1.4697005099151284E-005, 5.8361412500000000E+005, 3.8919275000000000E+005, 0.0000000000000000E+000, 4.1323881250000000E+005,-1.5111592292785645E+001
2,1,22,32, 4.5000000000000000E+001, 3.2246154785156250E+002, 5.0248712068423629E-004, 1.0251290404994506E-005, 3.7119125408935361E-006, 1.8305877347302157E-006, 5.1966771934530698E-006, 2.2271474335866515E-006, 1.6187993750000000E+005, 4.0469984375000000E+005, 2.8328990000000000E+006, 1.6187993750000000E+005, 4.9419340491294861E-001, 7.3131203651428223E-001, 3.3447179687500000E+004, 4.0000000000000000E+002, 0.0000000000000000E+000, 0.0000000000000000E+000, 0.0000000000000000E+000, 3.2258993530273438E+002, 4.6967994421720505E-004, 1.8732464013737626E-005, 0.0000000000000000E+000, 5.9231765590084251E-006, 2.2203937987796962E-005, 7.7846807471360080E-006, 6.0704981250000000E+005, 4.0432637500000000E+005, 0.0000000000000000E+000, 2.3651382812500000E+005,-1.9025812149047852E+001
2,1,23,32, 4.5000000000000000E+001, 3.2360574340820312E+002, 4.0881481254473329E-004, 4.5992414925422054E-006, 1.9318640624987893E-006, 8.2129321299362346E-007, 2.7046094146498945E-006, 1.1591184829740087E-006, 1.6836114062500000E+005, 4.2090284375000000E+005, 2.9463200000000000E+006, 1.6836114062500000E+005, 4.7516903281211853E-001, 7.2093898057937622E-001, 3.1815941406250000E+004, 4.0000000000000000E+002, 0.0000000000000000E+000, 0.0000000000000000E+000, 0.0000000000000000E+000, 3.2371209716796875E+002, 3.8153256173245609E-004, 1.5221879948512651E-005, 0.0000000000000000E+000, 4.2905198824882973E-006, 1.4353279766510241E-005, 3.8524085539393127E-006, 6.3135418750000000E+005, 4.2035825000000000E+005, 0.0000000000000000E+000, 1.2280838281250000E+005,-2.2972841262817383E+001
2,1,24,32, 4.5000000000000000E+001, 3.2471612548828125E+002, 3.3066907781176269E-004, 1.9423268895479850E-006, 9.6522717285552062E-007, 3.4684410366025986E-007, 1.3513179055735236E-006, 5.7913626960726106E-007, 1.7508137500000000E+005, 4.3770343750000000E+005, 3.0639242500000000E+006, 1.7508137500000000E+005, 4.5693036913871765E-001, 7.1071308851242065E-001, 3.0264261718750000E+004, 4.0000000000000000E+002, 0.0000000000000000E+000, 0.0000000000000000E+000, 0.0000000000000000E+000, 3.2480993652343750E+002, 3.0818849336355925E-004, 0.0000000000000000E+000, 0.0000000000000000E+000, 1.6203053746721707E-005, 9.1932024588459171E-006, 1.8346199794905260E-006, 6.5655518750000000E+005, 4.3710981250000000E+005, 0.0000000000000000E+000, 6.1217167968750000E+004,-2.6919712066650391E+001
2,1,25,32, 4.5000000000000000E+001, 3.2579147338867188E+002, 2.6583918952383101E-004, 7.7212541782500921E-007, 4.6297353151203424E-007, 1.3787955310817779E-007, 6.4816288158908719E-007, 2.7778412459156243E-007, 1.8204817187500000E+005, 4.5512043750000000E+005, 3.1858430000000000E+006, 1.8204817187500000E+005, 4.3944412469863892E-001, 7.0063221454620361E-001, 2.8788255859375000E+004, 4.0000000000000000E+002, 0.0000000000000000E+000, 0.0000000000000000E+000, 0.0000000000000000E+000, 3.2586874389648438E+002, 2.4749181466177106E-004, 0.0000000000000000E+000, 0.0000000000000000E+000, 1.3747688171861228E-005, 5.8181285567115992E-006, 8.4117687038087752E-007, 6.8268062500000000E+005, 4.5449309375000000E+005, 0.0000000000000000E+000, 2.9294628906250000E+004,-3.0766027450561523E+001
2,1,26,32, 4.5000000000000000E+001, 3.2683053588867188E+002, 2.1235946041997522E-004, 2.8892296199956036E-007, 2.1318463439001789E-007, 5.1593389116533217E-008, 2.9845847393517033E-007, 1.2791078063401073E-007, 1.8926912500000000E+005, 4.7317281250000000E+005, 3.3122097500000000E+006, 1.8926912500000000E+005, 4.2267856001853943E-001, 6.9069433212280273E-001, 2.7384236328125000E+004, 4.0000000000000000E+002, 0.0000000000000000E+000, 0.0000000000000000E+000, 0.0000000000000000E+000, 3.2689389038085938E+002, 1.9750747014768422E-004, 0.0000000000000000E+000, 0.0000000000000000E+000, 1.1697497939167079E-005, 3.6235662719263928E-006, 3.7145355236134492E-007, 7.0975925000000000E+005, 4.7083131250000000E+005, 0.0000000000000000E+000, 1.3457617187500000E+004,-3.4263984680175781E+001
2,1,27,32, 4.5000000000000000E+001, 3.2783206176757812E+002, 1.6844569472596049E-004, 1.0176660936167536E-007, 9.4238892245357420E-008, 1.8172610083411200E-008, 1.3193444203807303E-007, 5.6543335347214452E-008, 1.9675198437500000E+005, 4.9187993750000000E+005, 3.4431597500000000E+006, 1.9675198437500000E+005, 4.0660327672958374E-001, 6.8089741468429565E-001, 2.6048689453125000E+004, 4.0000000000000000E+002, 0.0000000000000000E+000, 0.0000000000000000E+000, 0.0000000000000000E+000, 3.2788354492187500E+002, 1.5654438175261021E-004, 0.0000000000000000E+000, 0.0000000000000000E+000, 1.0052413017547224E-005, 2.0065567696292419E-006, 1.5800179653524538E-007, 7.3781993750000000E+005, 4.1354987500000000E+005, 0.0000000000000000E+000, 5.9348833007812500E+003,-3.5000000000000000E+001
2,1,28,32, 4.5000000000000000E+001, 3.2879473876953125E+002, 1.3257891987450421E-004, 3.3740960247996554E-008, 3.9992443134906352E-008, 6.0251714728565275E-009, 5.5989417546697950E-008, 2.3995466946757915E-008, 2.0450456250000000E+005, 5.1126140625000000E+005, 3.5788300000000000E+006, 2.0450456250000000E+005, 3.9118930697441101E-001, 6.7123943567276001E-001, 2.4778281250000000E+004, 4.0000000000000000E+002, 0.0000000000000000E+000, 0.0000000000000000E+000, 0.0000000000000000E+000, 3.2883624267578125E+002, 1.2313085608184338E-004, 0.0000000000000000E+000, 0.0000000000000000E+000, 8.8126753325923346E-006, 6.9964380600140430E-007, 6.4744263283955661E-008, 7.6689212500000000E+005, 1.7543917187500000E+005, 0.0000000000000000E+000, 2.5125590820312500E+003,-3.5000000000000000E+001
2,1,29,32, 4.5000000000000000E+001, 3.2971722412109375E+002, 1.0341395682189614E-004, 1.0530253113927301E-008, 1.6292938553874592E-008, 1.8804025003760216E-009, 2.2810111133253486E-008, 9.7757624217820194E-009, 2.1253492187500000E+005, 5.3133731250000000E+005, 3.7193612500000000E+006, 2.1253492187500000E+005, 3.7640872597694397E-001, 6.6171848773956299E-001, 2.3569832031250000E+004, 4.0000000000000000E+002, 0.0000000000000000E+000, 0.0000000000000000E+000, 0.0000000000000000E+000, 3.2975039672851562E+002, 9.5976807642728090E-005, 0.0000000000000000E+000, 0.0000000000000000E+000, 7.2316997830057517E-006, 2.3198221299480792E-007, 2.5556296634476894E-008, 7.9700587500000000E+005, 7.1453000000000000E+004, 0.0000000000000000E+000, 1.0211237792968750E+003,-3.5000000000000000E+001
2,1,30,32, 4.5000000000000000E+001, 3.3059826660156250E+002, 7.9804907727520913E-005, 3.0934832473406004E-009, 6.3722640497587690E-009, 5.5240778618070863E-010, 8.9211686926660150E-009, 3.8233585186731034E-009, 2.2085121875000000E+005, 5.5212806250000000E+005, 3.8648965000000000E+006, 2.2085121875000000E+005, 3.6223480105400085E-001, 6.5233254432678223E-001, 2.2420314453125000E+004, 4.0000000000000000E+002, 0.0000000000000000E+000, 0.0000000000000000E+000, 0.0000000000000000E+000, 3.3062438964843750E+002, 7.4043942731805146E-005, 0.0000000000000000E+000, 0.0000000000000000E+000, 5.6997673709702212E-006, 7.3080379081602587E-008, 9.7158743272984793E-009, 8.2819212500000000E+005, 2.7938734375000000E+004, 0.0000000000000000E+000, 3.9837899780273438E+002,-3.5000000000000000E+001
2,1,31,32, 4.5000000000000000E+001, 3.3143634033203125E+002, 6.0820839280495420E-005, 8.5543383487873825E-010, 2.3925588177320378E-009, 1.5275605780296075E-010, 3.3495819451445641E-009, 1.4355352462303017E-009, 2.2946151562500000E+005, 5.7365375000000000E+005, 4.0155765000000000E+006, 2.2946151562500000E+005, 3.4864234924316406E-001, 6.4307975769042969E-001, 2.1326863281250000E+004, 4.0000000000000000E+002, 0.0000000000000000E+000, 0.0000000000000000E+000, 0.0000000000000000E+000, 3.3145669555664062E+002, 5.6408014643238857E-005, 0.0000000000000000E+000, 0.0000000000000000E+000, 4.3951295083388686E-006, 2.1867643695827610E-008, 3.5517522256611755E-009, 8.6048068750000000E+005, 1.0487719726562500E+004, 0.0000000000000000E+000, 1.4915588378906250E+002,-3.5000000000000000E+001
2,1,32,32, 4.5000000000000000E+001, 3.3223010253906250E+002, 4.5728902478003874E-005, 2.2266621879651893E-010, 8.6239299035284489E-010, 3.9761829245810176E-011, 1.2073501087783711E-009, 5.1743576090501620E-010, 2.3837420312500000E+005, 5.9593550000000000E+005, 4.1715485000000000E+006, 2.3837420312500000E+005, 3.3560678362846375E-001, 6.3395822048187256E-001, 2.0286738281250000E+004, 4.0000000000000000E+002, 0.0000000000000000E+000, 0.0000000000000000E+000, 0.0000000000000000E+000, 3.3224575805664062E+002, 4.2389347072457895E-005, 0.0000000000000000E+000, 0.0000000000000000E+000, 3.3191768125107046E-006, 6.1605467394088009E-009, 1.1592533599724675E-009, 8.9390337500000000E+005, 3.7488435058593750E+003, 0.0000000000000000E+000, 5.1250251770019531E+001,-3.5000000000000000E+001
3,1,1,32, 4.5000000000000000E+001, 2.6581088256835938E+002, 1.9025768851861358E-003, 0.0000000000000000E+000, 0.0000000000000000E+000, 7.6579432061407715E-005, 5.9331092052161694E-004, 2.1574943093582988E-004, 7.8791070312500000E+004, 1.9697767187500000E+005, 0.0000000000000000E+000, 7.0911960937500000E+004, 1.2691793441772461E+000, 9.8716795444488525E-001, 9.5580367187500000E+004, 4.0000000000000000E+002, 0.0000000000000000E+000, 0.0000000000000000E+000, 0.0000000000000000E+000, 2.6628527832031250E+002, 1.7379279015585780E-003, 0.0000000000000000E+000, 0.0000000000000000E+000, 7.8148310421966016E-005, 7.4313982622697949E-004, 2.5372099480591714E-004, 7.1820476562500000E+004, 1.9708284375000000E+005, 0.0000000000000000E+000, 7.1303476562500000E+004, 1.9018999099731445E+001
3,1,2,32, 4.5000000000000000E+001, 2.6840237426757812E+002, 1.8170360708609223E-003, 0.0000000000000000E+000, 0.0000000000000000E+000, 1.2238079216331244E-004, 7.2763545904308558E-004, 2.6459470973350108E-004, 8.2451984375000000E+004, 2.0612996875000000E+005, 0.0000000000000000E+000, 7.4206789062500000E+004, 1.2128270864486694E+000, 9.7316581010818481E-001, 9.0918859375000000E+004, 4.0000000000000000E+002, 0.0000000000000000E+000, 0.0000000000000000E+000, 0.0000000000000000E+000, 2.6895602416992188E+002, 1.6278089024126530E-003, 0.0000000000000000E+000, 0.0000000000000000E+000, 1.2202333164168522E-004, 9.0084399562329054E-004, 3.0586402863264084E-004, 7.4309054687500000E+004, 2.0581954687500000E+005, 0.0000000000000000E+000, 7.4580179687500000E+004, 2.0291208267211914E+001
3,1,3,32, 4.5000000000000000E+001, 2.7101336669921875E+002, 1.7336206510663033E-003, 0.0000000000000000E+000, 0.0000000000000000E+000, 1.8409561016596854E-004, 8.5668085375800729E-004, 3.1152029987424612E-004, 8.6281156250000000E+004, 2.1570289062500000E+005, 0.0000000000000000E+000, 7.7653039062500000E+004, 1.1590015888214111E+000, 9.5936226844787598E-001, 8.6484695312500000E+004, 4.0000000000000000E+002, 0.0000000000000000E+000, 0.0000000000000000E+000, 0.0000000000000000E+000, 2.7164474487304688E+002, 1.5211049467325211E-003, 0.0000000000000000E+000, 0.0000000000000000E+000, 1.8054316751658916E-004, 1.0524118551984429E-003, 3.5433412995189428E-004, 7.7060562500000000E+004, 2.1487775000000000E+005, 0.0000000000000000E+000, 7.7998578125000000E+004, 2.1237998962402344E+001
3,1,4,32, 4.5000000000000000E+001, 2.7364392089843750E+002, 1.6523753292858601E-003, 0.0000000000000000E+000, 0.0000000000000000E+000, 2.6067678118124604E-004, 9.6827332163229585E-004, 3.5209939233027399E-004, 9.0286250000000000E+004, 2.2571560937500000E+005, 0.0000000000000000E+000, 8.1257625000000000E+004, 1.1075884103775024E+000, 9.4575452804565430E-001, 8.2266789062500000E+004, 4.0000000000000000E+002, 0.0000000000000000E+000, 0.0000000000000000E+000, 0.0000000000000000E+000, 2.7434774780273438E+002, 1.4190898509696126E-003, 0.0000000000000000E+000, 0.0000000000000000E+000, 2.5249304599128664E-004, 1.1845080880448222E-003, 3.9446010487154126E-004, 8.0108265625000000E+004, 2.2436171875000000E+005, 0.0000000000000000E+000, 8.1565125000000000E+004, 2.1856054306030273E+001
3,1,5,32, 4.5000000000000000E+001, 2.7629412841796875E+002, 1.5733381733298302E-003, 0.0000000000000000E+000, 0.0000000000000000E+000, 3.4744828008115292E-004, 1.0506318649277091E-003, 3.8204796146601439E-004, 9.4475234375000000E+004, 2.3618807812500000E+005, 0.0000000000000000E+000, 8.5027710937500000E+004, 1.0584784746170044E+000, 9.3233978748321533E-001, 7.8254585937500000E+004, 4.0000000000000000E+002, 0.0000000000000000E+000, 0.0000000000000000E+000, 0.0000000000000000E+000, 2.7706118774414062E+002, 1.3229697942733765E-003, 0.0000000000000000E+000, 0.0000000000000000E+000, 3.3341342350468040E-004, 1.2839974369853735E-003, 4.2202768963761628E-004, 8.3487023437500000E+004, 2.3438065625000000E+005, 0.0000000000000000E+000, 8.5286804687500000E+004, 2.2142416000366211E+001
3,1,6,32, 4.5000000000000000E+001, 2.7896389770507812E+002, 1.4965309528633952E-003, 0.0000000000000000E+000, 0.0000000000000000E+000, 4.3592014117166400E-004, 1.0944020468741655E-003, 3.9796438068151474E-004, 9.8856398437500000E+004, 2.4714100000000000E+005, 0.0000000000000000E+000, 8.8970757812500000E+004, 1.0115683078765869E+000, 9.1911536455154419E-001, 7.4438070312500000E+004, 4.0000000000000000E+002, 0.0000000000000000E+000, 0.0000000000000000E+000, 0.0000000000000000E+000, 2.7978137207031250E+002, 1.2337586376816034E-003, 0.0000000000000000E+000, 0.0000000000000000E+000, 4.1553680785000324E-004, 1.3400580501183867E-003, 4.3402344454079866E-004, 8.7230679687500000E+004, 2.4503625000000000E+005, 0.0000000000000000E+000, 8.9171187500000000E+004, 2.2094614028930664E+001
3,1,7,32, 4.5000000000000000E+001, 2.8165328979492188E+002, 1.4219834702089429E-003, 0.0000000000000000E+000, 0.0000000000000000E+000, 5.1481655100360513E-004, 1.0944020468741655E-003, 3.9796438068151474E-004, 1.0343848437500000E+005, 2.5859620312500000E+005, 0.0000000000000000E+000, 9.3094632812500000E+004, 9.6675819158554077E-001, 9.0607851743698120E-001, 7.0807687500000000E+004, 4.0000000000000000E+002, 0.0000000000000000E+000, 0.0000000000000000E+000, 0.0000000000000000E+000, 2.8250552368164062E+002, 1.1522043496370316E-003, 0.0000000000000000E+000, 0.0000000000000000E+000, 4.8872677143663168E-004, 1.3461767230182886E-003, 4.2918851249851286E-004, 9.1367195312500000E+004, 2.5641284375000000E+005, 0.0000000000000000E+000, 9.3226585937500000E+004, 2.1711078643798828E+001
3,1,8,32, 4.5000000000000000E+001, 2.8436236572265625E+002, 1.3497137697413564E-003, 0.0000000000000000E+000, 0.0000000000000000E+000, 5.7230424135923386E-004, 1.0506318649277091E-003, 3.8204796146601439E-004, 1.0823057031250000E+005, 2.7057643750000000E+005, 0.0000000000000000E+000, 9.7407515625000000E+004, 9.2395335435867310E-001, 8.9322650432586670E-001, 6.7354351562500000E+004, 4.0000000000000000E+002, 0.0000000000000000E+000, 0.0000000000000000E+000, 0.0000000000000000E+000, 2.8523175048828125E+002, 1.0786957573145628E-003, 0.0000000000000000E+000, 0.0000000000000000E+000, 5.4238375741988420E-004, 1.3015299336984754E-003, 4.0823919698596001E-004, 9.5913585937500000E+004, 2.6856993750000000E+005, 0.0000000000000000E+000, 9.7461992187500000E+004, 2.0991825103759766E+001
3,1,9,32, 4.5000000000000000E+001, 2.8709106445312500E+002, 1.2797366362065077E-003, 0.0000000000000000E+000, 0.0000000000000000E+000, 5.9886689996346831E-004, 9.6827332163229585E-004, 3.5209939233027399E-004, 1.1324213281250000E+005, 2.8310534375000000E+005, 0.0000000000000000E+000, 1.0191792187500000E+005, 8.8306355476379395E-001, 8.8055688142776489E-001, 6.4069441406250000E+004, 4.0000000000000000E+002, 0.0000000000000000E+000, 0.0000000000000000E+000, 0.0000000000000000E+000, 2.8795916748046875E+002, 1.0132374009117484E-003, 0.0000000000000000E+000, 0.0000000000000000E+000, 5.6788604706525803E-004, 1.2113084085285664E-003, 3.7370127392932773E-004, 1.0087320312500000E+005, 2.8153806250000000E+005, 0.0000000000000000E+000, 1.0188710156250000E+005, 1.9939270019531250E+001
3,1,10,32, 4.5000000000000000E+001, 2.8983941650390625E+002, 1.2120610335841775E-003, 0.0000000000000000E+000, 0.0000000000000000E+000, 5.8987847296521068E-004, 8.5668085375800729E-004, 3.1152029987424612E-004, 1.1848308593750000E+005, 2.9620771875000000E+005, 0.0000000000000000E+000, 1.0663478125000000E+005, 8.4400230646133423E-001, 8.6806690692901611E-001, 6.0944734375000000E+004, 4.0000000000000000E+002, 0.0000000000000000E+000, 0.0000000000000000E+000, 0.0000000000000000E+000, 2.9068823242187500E+002, 9.5545669319108129E-004, 0.0000000000000000E+000, 0.0000000000000000E+000, 5.6083209346979856E-004, 1.0857937159016728E-003, 3.2941010431386530E-004, 1.0623639062500000E+005, 2.9531862500000000E+005, 0.0000000000000000E+000, 1.0651238281250000E+005, 1.8558990478515625E+001
3,1,11,32, 4.5000000000000000E+001, 2.9260742187500000E+002, 1.1466920841485262E-003, 0.0000000000000000E+000, 0.0000000000000000E+000, 5.4691976401954889E-004, 7.2763545904308558E-004, 2.6459470973350108E-004, 1.2396375000000000E+005, 3.0990937500000000E+005, 0.0000000000000000E+000, 1.1156737500000000E+005, 8.0668741464614868E-001, 8.5575407743453979E-001, 5.7972425781250000E+004, 4.0000000000000000E+002, 0.0000000000000000E+000, 0.0000000000000000E+000, 0.0000000000000000E+000, 2.9342037963867188E+002, 9.0465880930423737E-004, 0.0000000000000000E+000, 0.0000000000000000E+000, 5.2229786524549127E-004, 9.3837763415649533E-004, 2.7981330640614033E-004, 1.1198482031250000E+005, 3.0988643750000000E+005, 0.0000000000000000E+000, 1.1134906250000000E+005, 1.6860248565673828E+001
3,1,12,32, 4.5000000000000000E+001, 2.9539508056640625E+002, 1.0836319997906685E-003, 0.0000000000000000E+000, 0.0000000000000000E+000, 4.7732435632497072E-004, 5.9331092052161694E-004, 2.1574943093582988E-004, 1.2969498437500000E+005, 3.2423746875000000E+005, 0.0000000000000000E+000, 1.1672548437500000E+005, 7.7103984355926514E-001, 8.4361594915390015E-001, 5.5145078125000000E+004, 4.0000000000000000E+002, 0.0000000000000000E+000, 0.0000000000000000E+000, 0.0000000000000000E+000, 2.9615817260742188E+002, 8.5990485968068242E-004, 0.0000000000000000E+000, 0.0000000000000000E+000, 4.5861216494813561E-004, 7.8308465890586376E-004, 2.2925027587916702E-004, 1.1809888281250000E+005, 3.2519515625000000E+005, 0.0000000000000000E+000, 1.1640920312500000E+005, 1.4856262207031250E+001
3,1,13,32, 4.5000000000000000E+001, 2.9820239257812500E+002, 1.0228753089904785E-003, 0.0000000000000000E+000, 0.0000000000000000E+000, 3.9213214768096805E-004, 4.6443456085398793E-004, 1.6888529353309423E-004, 1.3568803125000000E+005, 3.3922009375000000E+005, 0.0000000000000000E+000, 1.2211922656250000E+005, 7.3698467016220093E-001, 8.3164995908737183E-001, 5.2455621093750000E+004, 4.0000000000000000E+002, 0.0000000000000000E+000, 0.0000000000000000E+000, 0.0000000000000000E+000, 2.9890466308593750E+002, 8.2010834012180567E-004, 0.0000000000000000E+000, 0.0000000000000000E+000, 3.7969145341776311E-004, 6.3228455837816000E-004, 1.8136444850824773E-004, 1.2456707031250000E+005, 3.4118234375000000E+005, 0.0000000000000000E+000, 1.2170554687500000E+005, 1.2564174652099609E+001
3,1,14,32, 4.5000000000000000E+001, 3.0102932739257812E+002, 9.6441200003027916E-004, 0.0000000000000000E+000, 0.0000000000000000E+000, 3.0323557439260185E-004, 3.4901202889159322E-004, 1.2691346637438983E-004, 1.4195470312500000E+005, 3.5488675000000000E+005, 0.0000000000000000E+000, 1.2775923437500000E+005, 7.0445007085800171E-001, 8.1985372304916382E-001, 4.9897328125000000E+004, 4.0000000000000000E+002, 0.0000000000000000E+000, 0.0000000000000000E+000, 0.0000000000000000E+000, 3.0166333007812500E+002, 7.8414281597360969E-004, 0.0000000000000000E+000, 0.0000000000000000E+000, 2.9652798548340797E-004, 4.9516005674377084E-004, 1.3874686555936933E-004, 1.3139587500000000E+005, 3.5777506250000000E+005, 0.0000000000000000E+000, 1.2725170312500000E+005, 1.0004784584045410E+001
3,1,15,32, 4.5000000000000000E+001, 3.0387588500976562E+002, 9.0823008213192225E-004, 0.0000000000000000E+000, 0.0000000000000000E+000, 2.2072768479119986E-004, 2.5178500800393522E-004, 9.1558184067253023E-005, 1.4850728125000000E+005, 3.7126818750000000E+005, 0.0000000000000000E+000, 1.3365654687500000E+005, 6.7336767911911011E-001, 8.0822473764419556E-001, 4.7463804687500000E+004, 4.0000000000000000E+002, 0.0000000000000000E+000, 0.0000000000000000E+000, 0.0000000000000000E+000, 3.0443762207031250E+002, 7.5093156192451715E-004, 0.0000000000000000E+000, 0.0000000000000000E+000, 2.1870991622563452E-004, 3.7715121288783848E-004, 1.0283481969963759E-004, 1.3861703125000000E+005, 3.7489431250000000E+005, 0.0000000000000000E+000, 1.3306192187500000E+005, 7.2022547721862793E+000
3,1,16,32, 4.5000000000000000E+001, 3.0674200439453125E+002, 8.5431092884391546E-004, 0.0000000000000000E+000, 0.0000000000000000E+000, 1.5123847697395831E-004, 1.7437861242797226E-004, 6.3410407165065408E-005, 1.5535856250000000E+005, 3.8839640625000000E+005, 0.0000000000000000E+000, 1.3982270312500000E+005, 6.4367228746414185E-001, 7.9676079750061035E-001, 4.5148972656250000E+004, 4.0000000000000000E+002, 0.0000000000000000E+000, 0.0000000000000000E+000, 0.0000000000000000E+000, 3.0723077392578125E+002, 7.1952969301491976E-004, 0.0000000000000000E+000, 0.0000000000000000E+000, 1.5274198085535318E-004, 2.8023897903040051E-004, 7.4024246714543551E-005, 1.4628967187500000E+005, 3.9246084375000000E+005, 0.0000000000000000E+000, 1.3915121875000000E+005, 4.1834282875061035E+000
3,1,17,32, 4.5000000000000000E+001, 3.0962771606445312E+002, 8.0263265408575535E-004, 0.0000000000000000E+000, 0.0000000000000000E+000, 9.7543110314290971E-005, 1.1593913950491697E-004, 4.2159688746323809E-005, 1.6252207812500000E+005, 4.0630518750000000E+005, 0.0000000000000000E+000, 1.4626987500000000E+005, 6.1530101299285889E-001, 7.8545939922332764E-001, 4.2947027343750000E+004, 4.0000000000000000E+002, 0.0000000000000000E+000, 0.0000000000000000E+000, 0.0000000000000000E+000, 3.1004553222656250E+002, 6.8916502641513944E-004, 0.0000000000000000E+000, 0.0000000000000000E+000, 1.0151888272957876E-004, 2.0377364126034081E-004, 5.1919418183388188E-005, 1.5449003125000000E+005, 4.1040875000000000E+005, 0.0000000000000000E+000, 1.4553525000000000E+005, 9.7721594572067261E-001
3,1,18,32, 4.5000000000000000E+001, 3.1253295898437500E+002, 7.5317249866202474E-004, 0.0000000000000000E+000, 0.0000000000000000E+000, 5.9218837122898549E-005, 7.4001516622956842E-005, 2.6909643565886654E-005, 1.7001171875000000E+005, 4.2502931250000000E+005, 0.0000000000000000E+000, 1.5301054687500000E+005, 5.8819472789764404E-001, 7.7431833744049072E-001, 4.0852476562500000E+004, 4.0000000000000000E+002, 0.0000000000000000E+000, 0.0000000000000000E+000, 0.0000000000000000E+000, 3.1288406372070312E+002, 6.5926759270951152E-004, 0.0000000000000000E+000, 0.0000000000000000E+000, 6.4819338149391115E-005, 1.4546807506121695E-004, 3.5630695492727682E-005, 1.6328218750000000E+005, 4.2871268750000000E+005, 0.0000000000000000E+000, 1.5222970312500000E+005,-2.3860626220703125E+000
3,1,19,32, 4.5000000000000000E+001, 3.1545770263671875E+002, 7.0589804090559483E-004, 0.0000000000000000E+000, 0.0000000000000000E+000, 3.3841697586467490E-005, 4.5344546379055828E-005, 1.6488926121382974E-005, 1.7784215625000000E+005, 4.4460537500000000E+005, 0.0000000000000000E+000, 1.6005793750000000E+005, 5.6229639053344727E-001, 7.6333528757095337E-001, 3.8860078125000000E+004, 4.0000000000000000E+002, 0.0000000000000000E+000, 0.0000000000000000E+000, 0.0000000000000000E+000, 3.1574792480468750E+002, 6.2946125399321318E-004, 0.0000000000000000E+000, 0.0000000000000000E+000, 4.0379763959208503E-005, 1.0230095358565450E-004, 2.4050927095231600E-005, 1.7266690625000000E+005, 4.4743512500000000E+005, 0.0000000000000000E+000, 1.5925026562500000E+005,-5.8740677833557129E+000
3,1,20,32, 4.5000000000000000E+001, 3.1840194702148438E+002, 6.6077447263523936E-004, 0.0000000000000000E+000, 0.0000000000000000E+000, 1.8204256775788963E-005, 2.6673689717426896E-005, 9.6995236162911169E-006, 1.8602862500000000E+005, 4.6507153125000000E+005, 0.0000000000000000E+000, 1.6742575000000000E+005, 5.3755170106887817E-001, 7.5250798463821411E-001, 3.6964851562500000E+004, 4.0000000000000000E+002, 0.0000000000000000E+000, 0.0000000000000000E+000, 0.0000000000000000E+000, 3.1863800048828125E+002, 5.9954810421913862E-004, 0.0000000000000000E+000, 0.0000000000000000E+000, 2.5063616703846492E-005, 7.1180875238496810E-005, 1.6067846445366740E-005, 1.8252325000000000E+005, 4.6677643750000000E+005, 0.0000000000000000E+000, 1.6661145312500000E+005,-9.4478969573974609E+000
3,1,21,32, 4.5000000000000000E+001, 3.2136553955078125E+002, 6.1776302754878998E-004, 0.0000000000000000E+000, 0.0000000000000000E+000, 9.2177087935851887E-006, 1.5063116734381765E-005, 5.4774968702986371E-006, 1.9458703125000000E+005, 4.8646759375000000E+005, 0.0000000000000000E+000, 1.7512832812500000E+005, 5.1390886306762695E-001, 7.4183434247970581E-001, 3.5162054687500000E+004, 4.0000000000000000E+002, 0.0000000000000000E+000, 0.0000000000000000E+000, 0.0000000000000000E+000, 3.2155453491210938E+002, 5.6947994744405150E-004, 3.5844615036556560E-012, 0.0000000000000000E+000, 1.5800444089109078E-005, 4.9309794121654704E-005, 1.0583768926153425E-005, 1.9259992187500000E+005, 4.8707278125000000E+005, 0.0000000000000000E+000, 1.7041326562500000E+005,-1.3053174018859863E+001
3,1,22,32, 4.5000000000000000E+001, 3.2434854125976562E+002, 5.7682348415255547E-004, 0.0000000000000000E+000, 0.0000000000000000E+000, 4.3934105633525178E-006, 8.1662074080668390E-006, 2.9695297598664183E-006, 2.0353404687500000E+005, 5.0883512500000000E+005, 0.0000000000000000E+000, 1.8318064062500000E+005, 4.9131828546524048E-001, 7.3131203651428223E-001, 3.3447179687500000E+004, 4.0000000000000000E+002, 0.0000000000000000E+000, 0.0000000000000000E+000, 0.0000000000000000E+000, 3.2449542236328125E+002, 5.3982669487595558E-004, 3.6795987057303137E-007, 0.0000000000000000E+000, 1.0169527740799822E-005, 3.4290889743715525E-005, 6.1641676438739523E-006, 2.0270521875000000E+005, 5.0867118750000000E+005, 0.0000000000000000E+000, 1.2546764843750000E+005,-1.6582660675048828E+001
3,1,23,32, 4.5000000000000000E+001, 3.2735086059570312E+002, 5.3791591199114919E-004, 0.0000000000000000E+000, 0.0000000000000000E+000, 1.9711037566594314E-006, 4.2501005736994557E-006, 1.5454911590495612E-006, 2.1288698437500000E+005, 5.3221750000000000E+005, 0.0000000000000000E+000, 1.9159829687500000E+005, 4.6973279118537903E-001, 7.2093898057937622E-001, 3.1815941406250000E+004, 4.0000000000000000E+002, 0.0000000000000000E+000, 0.0000000000000000E+000, 0.0000000000000000E+000, 3.2748803710937500E+002, 5.0303939497098327E-004, 7.7886525104986504E-006, 0.0000000000000000E+000, 6.7163268795411568E-006, 2.4108812795020640E-005, 3.1047341053636046E-006, 2.5427678125000000E+005, 5.3171887500000000E+005, 0.0000000000000000E+000, 6.5111125000000000E+004,-1.9989204406738281E+001
3,1,24,32, 4.5000000000000000E+001, 3.3037240600585938E+002, 5.0098169595003128E-004, 0.0000000000000000E+000, 0.0000000000000000E+000, 8.3242582604725612E-007, 2.1234995983832050E-006, 7.7218163596626255E-007, 2.2266395312500000E+005, 5.5665987500000000E+005, 0.0000000000000000E+000, 2.0039756250000000E+005, 4.4910725951194763E-001, 7.1071308851242065E-001, 3.0264261718750000E+004, 4.0000000000000000E+002, 0.0000000000000000E+000, 0.0000000000000000E+000, 0.0000000000000000E+000, 3.3050097656250000E+002, 4.6819946146570146E-004, 1.2322581824264489E-005, 0.0000000000000000E+000, 4.9805744311015587E-006, 1.7147829566965811E-005, 1.5001065776232281E-006, 5.2234568750000000E+005, 5.5610543750000000E+005, 0.0000000000000000E+000, 3.2437310546875000E+004,-2.3303739547729492E+001
3,1,25,32, 4.5000000000000000E+001, 3.3341317749023438E+002, 4.6598154585808516E-004, 0.0000000000000000E+000, 0.0000000000000000E+000, 3.3091092177528481E-007, 1.0185417522734497E-006, 3.7037881384094362E-007, 2.3288387500000000E+005, 5.8220968750000000E+005, 0.0000000000000000E+000, 2.0959548437500000E+005, 4.2939856648445129E-001, 7.0063221454620361E-001, 2.8788255859375000E+004, 4.0000000000000000E+002, 0.0000000000000000E+000, 0.0000000000000000E+000, 0.0000000000000000E+000, 3.3353372192382812E+002, 4.3522528721950948E-004, 1.5578696547891013E-005, 0.0000000000000000E+000, 3.5782870781986276E-006, 1.2275371773284860E-005, 6.9536406499537406E-007, 5.6571150000000000E+005, 5.8167318750000000E+005, 0.0000000000000000E+000, 1.5513131835937500E+004,-2.6532911300659180E+001
3,1,26,32, 4.5000000000000000E+001, 3.3647299194335938E+002, 4.3285413994453847E-004, 0.0000000000000000E+000, 0.0000000000000000E+000, 1.2382413672185066E-007, 4.6900618144718464E-007, 1.7054769330115960E-007, 2.4356639062500000E+005, 6.0891600000000000E+005, 0.0000000000000000E+000, 2.1920975000000000E+005, 4.1056567430496216E-001, 6.9069433212280273E-001, 2.7384236328125000E+004, 4.0000000000000000E+002, 0.0000000000000000E+000, 0.0000000000000000E+000, 0.0000000000000000E+000, 3.3659469604492188E+002, 4.0405613253824413E-004, 0.0000000000000000E+000, 0.0000000000000000E+000, 2.0233881514286622E-005, 8.7961443568929099E-006, 3.0926187832847063E-007, 7.3069918750000000E+005, 6.0838781250000000E+005, 0.0000000000000000E+000, 7.1222670898437500E+003,-2.9654026031494141E+001
3,1,27,32, 4.5000000000000000E+001, 3.3955187988281250E+002, 4.0154074667952955E-004, 0.0000000000000000E+000, 0.0000000000000000E+000, 4.3614267752900560E-008, 2.0732555583435897E-007, 7.5391106690858578E-008, 2.5473218750000000E+005, 6.3683050000000000E+005, 0.0000000000000000E+000, 2.2925896875000000E+005, 3.9256915450096130E-001, 6.8089741468429565E-001, 2.6048689453125000E+004, 4.0000000000000000E+002, 0.0000000000000000E+000, 0.0000000000000000E+000, 0.0000000000000000E+000, 3.3966735839843750E+002, 3.7463154876604676E-004, 0.0000000000000000E+000, 0.0000000000000000E+000, 2.0676732674473897E-005, 6.1923378780193161E-006, 1.3197964676692209E-007, 7.6419656250000000E+005, 6.2624431250000000E+005, 0.0000000000000000E+000, 3.1390761718750000E+003,-3.2624889373779297E+001
3,1,28,32, 4.5000000000000000E+001, 3.4264971923828125E+002, 3.7198609788902104E-004, 0.0000000000000000E+000, 0.0000000000000000E+000, 1.4460412423034086E-008, 8.7983373475708504E-008, 3.1993952376296875E-008, 2.6640265625000000E+005, 6.6600662500000000E+005, 0.0000000000000000E+000, 2.3976239062500000E+005, 3.7537163496017456E-001, 6.7123943567276001E-001, 2.4778281250000000E+004, 4.0000000000000000E+002, 0.0000000000000000E+000, 0.0000000000000000E+000, 0.0000000000000000E+000, 3.4275906372070312E+002, 3.4687941661104560E-004, 0.0000000000000000E+000, 0.0000000000000000E+000, 2.2545056708622724E-005, 2.5395797820237931E-006, 5.4049785092047387E-008, 7.9920793750000000E+005, 2.7508484375000000E+005, 0.0000000000000000E+000, 1.3281531982421875E+003,-3.5000000000000000E+001
3,1,29,32, 4.5000000000000000E+001, 3.4576638793945312E+002, 3.4412046079523861E-004, 0.0000000000000000E+000, 0.0000000000000000E+000, 4.5129660009024519E-009, 3.5844461621081791E-008, 1.3034349599649886E-008, 2.7860021875000000E+005, 6.9650056250000000E+005, 0.0000000000000000E+000, 2.5074020312500000E+005, 3.5893726348876953E-001, 6.6171848773956299E-001, 2.3569832031250000E+004, 4.0000000000000000E+002, 0.0000000000000000E+000, 0.0000000000000000E+000, 0.0000000000000000E+000, 3.4586975097656250E+002, 3.2075421768240631E-004, 0.0000000000000000E+000, 0.0000000000000000E+000, 2.2380490918294527E-005, 9.7605277460388606E-007, 2.1241898906509959E-008, 8.3580062500000000E+005, 1.1198250000000000E+005, 0.0000000000000000E+000, 5.3945794677734375E+002,-3.5000000000000000E+001
3,1,30,32, 4.5000000000000000E+001, 3.4890182495117188E+002, 3.1788687920197845E-004, 0.0000000000000000E+000, 0.0000000000000000E+000, 1.3257787090381612E-009, 1.4018979754837346E-008, 5.0978106180821214E-009, 2.9134831250000000E+005, 7.2837075000000000E+005, 0.0000000000000000E+000, 2.6221346875000000E+005, 3.4323179721832275E-001, 6.5233254432678223E-001, 2.2420314453125000E+004, 4.0000000000000000E+002, 0.0000000000000000E+000, 0.0000000000000000E+000, 0.0000000000000000E+000, 3.4899929809570312E+002, 2.9618726694025099E-004, 0.0000000000000000E+000, 0.0000000000000000E+000, 2.1336745703592896E-005, 3.5942713338954491E-007, 8.0128295110171166E-009, 8.7404487500000000E+005, 4.3762949218750000E+004, 0.0000000000000000E+000, 2.1034269714355469E+002,-3.5000000000000000E+001
3,1,31,32, 4.5000000000000000E+001, 3.5205584716796875E+002, 2.9322371119633317E-004, 0.0000000000000000E+000, 0.0000000000000000E+000, 3.6661451652264532E-010, 5.2636290881480363E-009, 1.9140469209588673E-009, 3.0467112500000000E+005, 7.6167787500000000E+005, 0.0000000000000000E+000, 2.7420403125000000E+005, 3.2822275161743164E-001, 6.4307975769042969E-001, 2.1326863281250000E+004, 4.0000000000000000E+002, 0.0000000000000000E+000, 0.0000000000000000E+000, 0.0000000000000000E+000, 3.5214764404296875E+002, 2.7309756842441857E-004, 0.0000000000000000E+000, 0.0000000000000000E+000, 1.9999708456452936E-005, 1.2680344241289276E-007, 2.9012461322253102E-009, 9.1401343750000000E+005, 1.6418701171875000E+004, 0.0000000000000000E+000, 7.8733283996582031E+001,-3.5000000000000000E+001
3,1,32,32, 4.5000000000000000E+001, 3.5522845458984375E+002, 2.7005028096027672E-004, 0.0000000000000000E+000, 0.0000000000000000E+000, 9.5428387414386862E-011, 1.8972643456294236E-009, 6.8991434787335493E-010, 3.1859434375000000E+005, 7.9648581250000000E+005, 0.0000000000000000E+000, 2.8673490625000000E+005, 3.1387877464294434E-001, 6.3395822048187256E-001, 2.0286738281250000E+004, 4.0000000000000000E+002, 0.0000000000000000E+000, 0.0000000000000000E+000, 0.0000000000000000E+000, 3.5531469726562500E+002, 2.5142979575321078E-004, 0.0000000000000000E+000, 0.0000000000000000E+000, 1.8558723240857944E-005, 4.1995910748937604E-008, 9.1410845559636300E-010, 9.5578300000000000E+005, 5.8499462890625000E+003, 0.0000000000000000E+000, 2.7166006088256836E+001,-3.5000000000000000E+001
4,1,1,32, 4.5000000000000000E+001, 2.8860336303710938E+002, 2.2763567976653576E-003, 0.0000000000000000E+000, 0.0000000000000000E+000, 0.0000000000000000E+000, 0.0000000000000000E+000, 0.0000000000000000E+000, 0.0000000000000000E+000, 0.0000000000000000E+000, 0.0000000000000000E+000, 0.0000000000000000E+000, 1.1689457893371582E+000, 9.8716795444488525E-001, 9.5580367187500000E+004, 4.0000000000000000E+002, 0.0000000000000000E+000, 0.0000000000000000E+000, 0.0000000000000000E+000, 2.8860336303710938E+002, 2.2763567976653576E-003, 0.0000000000000000E+000, 0.0000000000000000E+000, 0.0000000000000000E+000, 0.0000000000000000E+000, 0.0000000000000000E+000, 0.0000000000000000E+000, 0.0000000000000000E+000, 0.0000000000000000E+000, 0.0000000000000000E+000,-3.5000000000000000E+001
4,1,2,32, 4.5000000000000000E+001, 2.9049520874023438E+002, 2.0639218855649233E-003, 0.0000000000000000E+000, 0.0000000000000000E+000, 0.0000000000000000E+000, 0.0000000000000000E+000, 0.0000000000000000E+000, 0.0000000000000000E+000, 0.0000000000000000E+000, 0.0000000000000000E+000, 0.0000000000000000E+000, 1.1205886602401733E+000, 9.7316581010818481E-001, 9.0918859375000000E+004, 4.0000000000000000E+002, 0.0000000000000000E+000, 0.0000000000000000E+000, 0.0000000000000000E+000, 2.9049520874023438E+002, 2.0639218855649233E-003, 0.0000000000000000E+000, 0.0000000000000000E+000, 0.0000000000000000E+000, 0.0000000000000000E+000, 0.0000000000000000E+000, 0.0000000000000000E+000, 0.0000000000000000E+000, 0.0000000000000000E+000, 0.0000000000000000E+000,-3.5000000000000000E+001
4,1,3,32, 4.5000000000000000E+001, 2.9238174438476562E+002, 1.8666344694793224E-003, 0.0000000000000000E+000, 0.0000000000000000E+000, 0.0000000000000000E+000, 0.0000000000000000E+000, 0.0000000000000000E+000, 0.0000000000000000E+000, 0.0000000000000000E+000, 0.0000000000000000E+000, 0.0000000000000000E+000, 1.0742973089218140E+000, 9.5936226844787598E-001, 8.6484695312500000E+004, 4.0000000000000000E+002, 0.0000000000000000E+000, 0.0000000000000000E+000, 0.0000000000000000E+000, 2.9238174438476562E+002, 1.8666344694793224E-003, 0.0000000000000000E+000, 0.0000000000000000E+000, 0.0000000000000000E+000, 0.0000000000000000E+000, 0.0000000000000000E+000, 0.0000000000000000E+000, 0.0000000000000000E+000, 0.0000000000000000E+000, 0.0000000000000000E+000,-3.5000000000000000E+001
4,1,4,32, 4.5000000000000000E+001, 2.9426239013671875E+002, 1.6838744049891829E-003, 0.0000000000000000E+000, 0.0000000000000000E+000, 0.0000000000000000E+000, 0.0000000000000000E+000, 0.0000000000000000E+000, 0.0000000000000000E+000, 0.0000000000000000E+000, 0.0000000000000000E+000, 0.0000000000000000E+000, 1.0299816131591797E+000, 9.4575452804565430E-001, 8.2266789062500000E+004, 4.0000000000000000E+002, 0.0000000000000000E+000, 0.0000000000000000E+000, 0.0000000000000000E+000, 2.9426239013671875E+002, 1.6838744049891829E-003, 0.0000000000000000E+000, 0.0000000000000000E+000, 0.0000000000000000E+000, 0.0000000000000000E+000, 0.0000000000000000E+000, 0.0000000000000000E+000, 0.0000000000000000E+000, 0.0000000000000000E+000, 0.0000000000000000E+000,-3.5000000000000000E+001
4,1,5,32, 4.5000000000000000E+001, 2.9613668823242188E+002, 1.5150078106671572E-003, 0.0000000000000000E+000, 0.0000000000000000E+000, 0.0000000000000000E+000, 0.0000000000000000E+000, 0.0000000000000000E+000, 0.0000000000000000E+000, 0.0000000000000000E+000, 0.0000000000000000E+000, 0.0000000000000000E+000, 9.8755544424057007E-001, 9.3233978748321533E-001, 7.8254585937500000E+004, 4.0000000000000000E+002, 0.0000000000000000E+000, 0.0000000000000000E+000, 0.0000000000000000E+000, 2.9613668823242188E+002, 1.5150078106671572E-003, 0.0000000000000000E+000, 0.0000000000000000E+000, 0.0000000000000000E+000, 0.0000000000000000E+000, 0.0000000000000000E+000, 0.0000000000000000E+000, 0.0000000000000000E+000, 0.0000000000000000E+000, 0.0000000000000000E+000,-3.5000000000000000E+001
4,1,6,32, 4.5000000000000000E+001, 2.9800393676757812E+002, 1.3593801995739341E-003, 0.0000000000000000E+000, 0.0000000000000000E+000, 0.0000000000000000E+000, 0.0000000000000000E+000, 0.0000000000000000E+000, 0.0000000000000000E+000, 0.0000000000000000E+000, 0.0000000000000000E+000, 0.0000000000000000E+000, 9.4693726301193237E-001, 9.1911536455154419E-001, 7.4438070312500000E+004, 4.0000000000000000E+002, 0.0000000000000000E+000, 0.0000000000000000E+000, 0.0000000000000000E+000, 2.9800393676757812E+002, 1.3593801995739341E-003, 0.0000000000000000E+000, 0.0000000000000000E+000, 0.0000000000000000E+000, 0.0000000000000000E+000, 0.0000000000000000E+000, 0.0000000000000000E+000, 0.0000000000000000E+000, 0.0000000000000000E+000, 0.0000000000000000E+000,-3.5000000000000000E+001
4,1,7,32, 4.5000000000000000E+001, 2.9986364746093750E+002, 1.2163462815806270E-003, 0.0000000000000000E+000, 0.0000000000000000E+000, 0.0000000000000000E+000, 0.0000000000000000E+000, 0.0000000000000000E+000, 0.0000000000000000E+000, 0.0000000000000000E+000, 0.0000000000000000E+000, 0.0000000000000000E+000, 9.0804809331893921E-001, 9.0607851743698120E-001, 7.0807687500000000E+004, 4.0000000000000000E+002, 0.0000000000000000E+000, 0.0000000000000000E+000, 0.0000000000000000E+000, 2.9986364746093750E+002, 1.2163462815806270E-003, 0.0000000000000000E+000, 0.0000000000000000E+000, 0.0000000000000000E+000, 0.0000000000000000E+000, 0.0000000000000000E+000, 0.0000000000000000E+000, 0.0000000000000000E+000, 0.0000000000000000E+000, 0.0000000000000000E+000,-3.5000000000000000E+001
4,1,8,32, 4.5000000000000000E+001, 3.0171517944335938E+002, 1.0852445848286152E-003, 0.0000000000000000E+000, 0.0000000000000000E+000, 0.0000000000000000E+000, 0.0000000000000000E+000, 0.0000000000000000E+000, 0.0000000000000000E+000, 0.0000000000000000E+000, 0.0000000000000000E+000, 0.0000000000000000E+000, 8.7081319093704224E-001, 8.9322650432586670E-001, 6.7354351562500000E+004, 4.0000000000000000E+002, 0.0000000000000000E+000, 0.0000000000000000E+000, 0.0000000000000000E+000, 3.0171517944335938E+002, 1.0852445848286152E-003, 0.0000000000000000E+000, 0.0000000000000000E+000, 0.0000000000000000E+000, 0.0000000000000000E+000, 0.0000000000000000E+000, 0.0000000000000000E+000, 0.0000000000000000E+000, 0.0000000000000000E+000, 0.0000000000000000E+000,-3.5000000000000000E+001
4,1,9,32, 4.5000000000000000E+001, 3.0355789184570312E+002, 9.6542318351566792E-004, 0.0000000000000000E+000, 0.0000000000000000E+000, 0.0000000000000000E+000, 0.0000000000000000E+000, 0.0000000000000000E+000, 0.0000000000000000E+000, 0.0000000000000000E+000, 0.0000000000000000E+000, 0.0000000000000000E+000, 8.3516085147857666E-001, 8.8055688142776489E-001, 6.4069441406250000E+004, 4.0000000000000000E+002, 0.0000000000000000E+000, 0.0000000000000000E+000, 0.0000000000000000E+000, 3.0355789184570312E+002, 9.6542318351566792E-004, 0.0000000000000000E+000, 0.0000000000000000E+000, 0.0000000000000000E+000, 0.0000000000000000E+000, 0.0000000000000000E+000, 0.0000000000000000E+000, 0.0000000000000000E+000, 0.0000000000000000E+000, 0.0000000000000000E+000,-3.5000000000000000E+001
4,1,10,32, 4.5000000000000000E+001, 3.0539120483398438E+002, 8.5623306222259998E-004, 0.0000000000000000E+000, 0.0000000000000000E+000, 0.0000000000000000E+000, 0.0000000000000000E+000, 0.0000000000000000E+000, 0.0000000000000000E+000, 0.0000000000000000E+000, 0.0000000000000000E+000, 0.0000000000000000E+000, 8.0102217197418213E-001, 8.6806690692901611E-001, 6.0944734375000000E+004, 4.0000000000000000E+002, 0.0000000000000000E+000, 0.0000000000000000E+000, 0.0000000000000000E+000, 3.0539120483398438E+002, 8.5623306222259998E-004, 0.0000000000000000E+000, 0.0000000000000000E+000, 0.0000000000000000E+000, 0.0000000000000000E+000, 0.0000000000000000E+000, 0.0000000000000000E+000, 0.0000000000000000E+000, 0.0000000000000000E+000, 0.0000000000000000E+000,-3.5000000000000000E+001
4,1,11,32, 4.5000000000000000E+001, 3.0721441650390625E+002, 7.5702590402215719E-004, 0.0000000000000000E+000, 0.0000000000000000E+000, 0.0000000000000000E+000, 0.0000000000000000E+000, 0.0000000000000000E+000, 0.0000000000000000E+000, 0.0000000000000000E+000, 0.0000000000000000E+000, 0.0000000000000000E+000, 7.6833218336105347E-001, 8.5575407743453979E-001, 5.7972425781250000E+004, 4.0000000000000000E+002, 0.0000000000000000E+000, 0.0000000000000000E+000, 0.0000000000000000E+000, 3.0721441650390625E+002, 7.5702590402215719E-004, 0.0000000000000000E+000, 0.0000000000000000E+000, 0.0000000000000000E+000, 0.0000000000000000E+000, 0.0000000000000000E+000, 0.0000000000000000E+000, 0.0000000000000000E+000, 0.0000000000000000E+000, 0.0000000000000000E+000,-3.5000000000000000E+001
4,1,12,32, 4.5000000000000000E+001, 3.0902688598632812E+002, 6.6717079607769847E-004, 0.0000000000000000E+000, 0.0000000000000000E+000, 0.0000000000000000E+000, 0.0000000000000000E+000, 0.0000000000000000E+000, 0.0000000000000000E+000, 0.0000000000000000E+000, 0.0000000000000000E+000, 0.0000000000000000E+000, 7.3702764511108398E-001, 8.4361594915390015E-001, 5.5145078125000000E+004, 4.0000000000000000E+002, 0.0000000000000000E+000, 0.0000000000000000E+000, 0.0000000000000000E+000, 3.0902688598632812E+002, 6.6717079607769847E-004, 0.0000000000000000E+000, 0.0000000000000000E+000, 0.0000000000000000E+000, 0.0000000000000000E+000, 0.0000000000000000E+000, 0.0000000000000000E+000, 0.0000000000000000E+000, 0.0000000000000000E+000, 0.0000000000000000E+000,-3.5000000000000000E+001
4,1,13,32, 4.5000000000000000E+001, 3.1082788085937500E+002, 5.8604200603440404E-004, 0.0000000000000000E+000, 0.0000000000000000E+000, 0.0000000000000000E+000, 0.0000000000000000E+000, 0.0000000000000000E+000, 0.0000000000000000E+000, 0.0000000000000000E+000, 0.0000000000000000E+000, 0.0000000000000000E+000, 7.0704913139343262E-001, 8.3164995908737183E-001, 5.2455621093750000E+004, 4.0000000000000000E+002, 0.0000000000000000E+000, 0.0000000000000000E+000, 0.0000000000000000E+000, 3.1082788085937500E+002, 5.8604200603440404E-004, 0.0000000000000000E+000, 0.0000000000000000E+000, 0.0000000000000000E+000, 0.0000000000000000E+000, 0.0000000000000000E+000, 0.0000000000000000E+000, 0.0000000000000000E+000, 0.0000000000000000E+000, 0.0000000000000000E+000,-3.5000000000000000E+001
4,1,14,32, 4.5000000000000000E+001, 3.1261672973632812E+002, 5.1303423242643476E-004, 0.0000000000000000E+000, 0.0000000000000000E+000, 0.0000000000000000E+000, 0.0000000000000000E+000, 0.0000000000000000E+000, 0.0000000000000000E+000, 0.0000000000000000E+000, 0.0000000000000000E+000, 0.0000000000000000E+000, 6.7833906412124634E-001, 8.1985372304916382E-001, 4.9897328125000000E+004, 4.0000000000000000E+002, 0.0000000000000000E+000, 0.0000000000000000E+000, 0.0000000000000000E+000, 3.1261672973632812E+002, 5.1303423242643476E-004, 0.0000000000000000E+000, 0.0000000000000000E+000, 0.0000000000000000E+000, 0.0000000000000000E+000, 0.0000000000000000E+000, 0.0000000000000000E+000, 0.0000000000000000E+000, 0.0000000000000000E+000, 0.0000000000000000E+000,-3.5000000000000000E+001
4,1,15,32, 4.5000000000000000E+001, 3.1439276123046875E+002, 4.4755786075256765E-004, 0.0000000000000000E+000, 0.0000000000000000E+000, 0.0000000000000000E+000, 0.0000000000000000E+000, 0.0000000000000000E+000, 0.0000000000000000E+000, 0.0000000000000000E+000, 0.0000000000000000E+000, 0.0000000000000000E+000, 6.5084260702133179E-001, 8.0822473764419556E-001, 4.7463804687500000E+004, 4.0000000000000000E+002, 0.0000000000000000E+000, 0.0000000000000000E+000, 0.0000000000000000E+000, 3.1439276123046875E+002, 4.4755786075256765E-004, 0.0000000000000000E+000, 0.0000000000000000E+000, 0.0000000000000000E+000, 0.0000000000000000E+000, 0.0000000000000000E+000, 0.0000000000000000E+000, 0.0000000000000000E+000, 0.0000000000000000E+000, 0.0000000000000000E+000,-3.5000000000000000E+001
4,1,16,32, 4.5000000000000000E+001, 3.1615509033203125E+002, 3.8903890526853502E-004, 0.0000000000000000E+000, 0.0000000000000000E+000, 0.0000000000000000E+000, 0.0000000000000000E+000, 0.0000000000000000E+000, 0.0000000000000000E+000, 0.0000000000000000E+000, 0.0000000000000000E+000, 0.0000000000000000E+000, 6.2450772523880005E-001, 7.9676079750061035E-001, 4.5148972656250000E+004, 4.0000000000000000E+002, 0.0000000000000000E+000, 0.0000000000000000E+000, 0.0000000000000000E+000, 3.1615509033203125E+002, 3.8903890526853502E-004, 0.0000000000000000E+000, 0.0000000000000000E+000, 0.0000000000000000E+000, 0.0000000000000000E+000, 0.0000000000000000E+000, 0.0000000000000000E+000, 0.0000000000000000E+000, 0.0000000000000000E+000, 0.0000000000000000E+000,-3.5000000000000000E+001
4,1,17,32, 4.5000000000000000E+001, 3.1790313720703125E+002, 3.3692852593958378E-004, 0.0000000000000000E+000, 0.0000000000000000E+000, 0.0000000000000000E+000, 0.0000000000000000E+000, 0.0000000000000000E+000, 0.0000000000000000E+000, 0.0000000000000000E+000, 0.0000000000000000E+000, 0.0000000000000000E+000, 5.9928399324417114E-001, 7.8545939922332764E-001, 4.2947027343750000E+004, 4.0000000000000000E+002, 0.0000000000000000E+000, 0.0000000000000000E+000, 0.0000000000000000E+000, 3.1790313720703125E+002, 3.3692852593958378E-004, 0.0000000000000000E+000, 0.0000000000000000E+000, 0.0000000000000000E+000, 0.0000000000000000E+000, 0.0000000000000000E+000, 0.0000000000000000E+000, 0.0000000000000000E+000, 0.0000000000000000E+000, 0.0000000000000000E+000,-3.5000000000000000E+001
4,1,18,32, 4.5000000000000000E+001, 3.1963598632812500E+002, 2.9069822630845010E-004, 0.0000000000000000E+000, 0.0000000000000000E+000, 0.0000000000000000E+000, 0.0000000000000000E+000, 0.0000000000000000E+000, 0.0000000000000000E+000, 0.0000000000000000E+000, 0.0000000000000000E+000, 0.0000000000000000E+000, 5.7512372732162476E-001, 7.7431833744049072E-001, 4.0852476562500000E+004, 4.0000000000000000E+002, 0.0000000000000000E+000, 0.0000000000000000E+000, 0.0000000000000000E+000, 3.1963598632812500E+002, 2.9069822630845010E-004, 0.0000000000000000E+000, 0.0000000000000000E+000, 0.0000000000000000E+000, 0.0000000000000000E+000, 0.0000000000000000E+000, 0.0000000000000000E+000, 0.0000000000000000E+000, 0.0000000000000000E+000, 0.0000000000000000E+000,-3.5000000000000000E+001
4,1,19,32, 4.5000000000000000E+001, 3.2135290527343750E+002, 2.4984154151752591E-004, 0.0000000000000000E+000, 0.0000000000000000E+000, 0.0000000000000000E+000, 0.0000000000000000E+000, 0.0000000000000000E+000, 0.0000000000000000E+000, 0.0000000000000000E+000, 0.0000000000000000E+000, 0.0000000000000000E+000, 5.5198109149932861E-001, 7.6333528757095337E-001, 3.8860078125000000E+004, 4.0000000000000000E+002, 0.0000000000000000E+000, 0.0000000000000000E+000, 0.0000000000000000E+000, 3.2135290527343750E+002, 2.4984154151752591E-004, 0.0000000000000000E+000, 0.0000000000000000E+000, 0.0000000000000000E+000, 0.0000000000000000E+000, 0.0000000000000000E+000, 0.0000000000000000E+000, 0.0000000000000000E+000, 0.0000000000000000E+000, 0.0000000000000000E+000,-3.5000000000000000E+001
4,1,20,32, 4.5000000000000000E+001, 3.2305307006835938E+002, 2.1387872402556241E-004, 0.0000000000000000E+000, 0.0000000000000000E+000, 0.0000000000000000E+000, 0.0000000000000000E+000, 0.0000000000000000E+000, 0.0000000000000000E+000, 0.0000000000000000E+000, 0.0000000000000000E+000, 0.0000000000000000E+000, 5.2981239557266235E-001, 7.5250798463821411E-001, 3.6964851562500000E+004, 4.0000000000000000E+002, 0.0000000000000000E+000, 0.0000000000000000E+000, 0.0000000000000000E+000, 3.2305307006835938E+002, 2.1387872402556241E-004, 0.0000000000000000E+000, 0.0000000000000000E+000, 0.0000000000000000E+000, 0.0000000000000000E+000, 0.0000000000000000E+000, 0.0000000000000000E+000, 0.0000000000000000E+000, 0.0000000000000000E+000, 0.0000000000000000E+000,-3.5000000000000000E+001
4,1,21,32, 4.5000000000000000E+001, 3.2473556518554688E+002, 1.8235328025184572E-004, 0.0000000000000000E+000, 0.0000000000000000E+000, 0.0000000000000000E+000, 0.0000000000000000E+000, 0.0000000000000000E+000, 0.0000000000000000E+000, 0.0000000000000000E+000, 0.0000000000000000E+000, 0.0000000000000000E+000, 5.0857567787170410E-001, 7.4183434247970581E-001, 3.5162054687500000E+004, 4.0000000000000000E+002, 0.0000000000000000E+000, 0.0000000000000000E+000, 0.0000000000000000E+000, 3.2473556518554688E+002, 1.8235328025184572E-004, 0.0000000000000000E+000, 0.0000000000000000E+000, 0.0000000000000000E+000, 0.0000000000000000E+000, 0.0000000000000000E+000, 0.0000000000000000E+000, 0.0000000000000000E+000, 0.0000000000000000E+000, 0.0000000000000000E+000,-3.5000000000000000E+001
4,1,22,32, 4.5000000000000000E+001, 3.2639965820312500E+002, 1.5483400784432888E-004, 0.0000000000000000E+000, 0.0000000000000000E+000, 0.0000000000000000E+000, 0.0000000000000000E+000, 0.0000000000000000E+000, 0.0000000000000000E+000, 0.0000000000000000E+000, 0.0000000000000000E+000, 0.0000000000000000E+000, 4.8823082447052002E-001, 7.3131203651428223E-001, 3.3447179687500000E+004, 4.0000000000000000E+002, 0.0000000000000000E+000, 0.0000000000000000E+000, 0.0000000000000000E+000, 3.2639965820312500E+002, 1.5483400784432888E-004, 0.0000000000000000E+000, 0.0000000000000000E+000, 0.0000000000000000E+000, 0.0000000000000000E+000, 0.0000000000000000E+000, 0.0000000000000000E+000, 0.0000000000000000E+000, 0.0000000000000000E+000, 0.0000000000000000E+000,-3.5000000000000000E+001
4,1,23,32, 4.5000000000000000E+001, 3.2804440307617188E+002, 1.3091559230815619E-004, 0.0000000000000000E+000, 0.0000000000000000E+000, 0.0000000000000000E+000, 0.0000000000000000E+000, 0.0000000000000000E+000, 0.0000000000000000E+000, 0.0000000000000000E+000, 0.0000000000000000E+000, 0.0000000000000000E+000, 4.6873968839645386E-001, 7.2093898057937622E-001, 3.1815941406250000E+004, 4.0000000000000000E+002, 0.0000000000000000E+000, 0.0000000000000000E+000, 0.0000000000000000E+000, 3.2804440307617188E+002, 1.3091559230815619E-004, 0.0000000000000000E+000, 0.0000000000000000E+000, 0.0000000000000000E+000, 0.0000000000000000E+000, 0.0000000000000000E+000, 0.0000000000000000E+000, 0.0000000000000000E+000, 0.0000000000000000E+000, 0.0000000000000000E+000,-3.5000000000000000E+001
4,1,24,32, 4.5000000000000000E+001, 3.2966891479492188E+002, 1.1021760292351246E-004, 0.0000000000000000E+000, 0.0000000000000000E+000, 0.0000000000000000E+000, 0.0000000000000000E+000, 0.0000000000000000E+000, 0.0000000000000000E+000, 0.0000000000000000E+000, 0.0000000000000000E+000, 0.0000000000000000E+000, 4.5006567239761353E-001, 7.1071308851242065E-001, 3.0264261718750000E+004, 4.0000000000000000E+002, 0.0000000000000000E+000, 0.0000000000000000E+000, 0.0000000000000000E+000, 3.2966891479492188E+002, 1.1021760292351246E-004, 0.0000000000000000E+000, 0.0000000000000000E+000, 0.0000000000000000E+000, 0.0000000000000000E+000, 0.0000000000000000E+000, 0.0000000000000000E+000, 0.0000000000000000E+000, 0.0000000000000000E+000, 0.0000000000000000E+000,-3.5000000000000000E+001
4,1,25,32, 4.5000000000000000E+001, 3.3127224731445312E+002, 9.2384630988817662E-005, 0.0000000000000000E+000, 0.0000000000000000E+000, 0.0000000000000000E+000, 0.0000000000000000E+000, 0.0000000000000000E+000, 0.0000000000000000E+000, 0.0000000000000000E+000, 0.0000000000000000E+000, 0.0000000000000000E+000, 4.3217366933822632E-001, 7.0063221454620361E-001, 2.8788255859375000E+004, 4.0000000000000000E+002, 0.0000000000000000E+000, 0.0000000000000000E+000, 0.0000000000000000E+000, 3.3127224731445312E+002, 9.2384630988817662E-005, 0.0000000000000000E+000, 0.0000000000000000E+000, 0.0000000000000000E+000, 0.0000000000000000E+000, 0.0000000000000000E+000, 0.0000000000000000E+000, 0.0000000000000000E+000, 0.0000000000000000E+000, 0.0000000000000000E+000,-3.5000000000000000E+001
4,1,26,32, 4.5000000000000000E+001, 3.3285345458984375E+002, 7.7086981036700308E-005, 0.0000000000000000E+000, 0.0000000000000000E+000, 0.0000000000000000E+000, 0.0000000000000000E+000, 0.0000000000000000E+000, 0.0000000000000000E+000, 0.0000000000000000E+000, 0.0000000000000000E+000, 0.0000000000000000E+000, 4.1503027081489563E-001, 6.9069433212280273E-001, 2.7384236328125000E+004, 4.0000000000000000E+002, 0.0000000000000000E+000, 0.0000000000000000E+000, 0.0000000000000000E+000, 3.3285345458984375E+002, 7.7086981036700308E-005, 0.0000000000000000E+000, 0.0000000000000000E+000, 0.0000000000000000E+000, 0.0000000000000000E+000, 0.0000000000000000E+000, 0.0000000000000000E+000, 0.0000000000000000E+000, 0.0000000000000000E+000, 0.0000000000000000E+000,-3.5000000000000000E+001
4,1,27,32, 4.5000000000000000E+001, 3.3441159057617188E+002, 6.4020947320386767E-005, 0.0000000000000000E+000, 0.0000000000000000E+000, 0.0000000000000000E+000, 0.0000000000000000E+000, 0.0000000000000000E+000, 0.0000000000000000E+000, 0.0000000000000000E+000, 0.0000000000000000E+000, 0.0000000000000000E+000, 3.9860337972640991E-001, 6.8089741468429565E-001, 2.6048689453125000E+004, 4.0000000000000000E+002, 0.0000000000000000E+000, 0.0000000000000000E+000, 0.0000000000000000E+000, 3.3441159057617188E+002, 6.4020947320386767E-005, 0.0000000000000000E+000, 0.0000000000000000E+000, 0.0000000000000000E+000, 0.0000000000000000E+000, 0.0000000000000000E+000, 0.0000000000000000E+000, 0.0000000000000000E+000, 0.0000000000000000E+000, 0.0000000000000000E+000,-3.5000000000000000E+001
4,1,28,32, 4.5000000000000000E+001, 3.3594570922851562E+002, 5.2906572818756104E-005, 0.0000000000000000E+000, 0.0000000000000000E+000, 0.0000000000000000E+000, 0.0000000000000000E+000, 0.0000000000000000E+000, 0.0000000000000000E+000, 0.0000000000000000E+000, 0.0000000000000000E+000, 0.0000000000000000E+000, 3.8286241888999939E-001, 6.7123943567276001E-001, 2.4778281250000000E+004, 4.0000000000000000E+002, 0.0000000000000000E+000, 0.0000000000000000E+000, 0.0000000000000000E+000, 3.3594570922851562E+002, 5.2906572818756104E-005, 0.0000000000000000E+000, 0.0000000000000000E+000, 0.0000000000000000E+000, 0.0000000000000000E+000, 0.0000000000000000E+000, 0.0000000000000000E+000, 0.0000000000000000E+000, 0.0000000000000000E+000, 0.0000000000000000E+000,-3.5000000000000000E+001
4,1,29,32, 4.5000000000000000E+001, 3.3745468139648438E+002, 4.3485742935445160E-005, 0.0000000000000000E+000, 0.0000000000000000E+000, 0.0000000000000000E+000, 0.0000000000000000E+000, 0.0000000000000000E+000, 0.0000000000000000E+000, 0.0000000000000000E+000, 0.0000000000000000E+000, 0.0000000000000000E+000, 3.6777809262275696E-001, 6.6171848773956299E-001, 2.3569832031250000E+004, 4.0000000000000000E+002, 0.0000000000000000E+000, 0.0000000000000000E+000, 0.0000000000000000E+000, 3.3745468139648438E+002, 4.3485742935445160E-005, 0.0000000000000000E+000, 0.0000000000000000E+000, 0.0000000000000000E+000, 0.0000000000000000E+000, 0.0000000000000000E+000, 0.0000000000000000E+000, 0.0000000000000000E+000, 0.0000000000000000E+000, 0.0000000000000000E+000,-3.5000000000000000E+001
4,1,30,32, 4.5000000000000000E+001, 3.3893756103515625E+002, 3.5531902540242299E-005, 0.0000000000000000E+000, 0.0000000000000000E+000, 0.0000000000000000E+000, 0.0000000000000000E+000, 0.0000000000000000E+000, 0.0000000000000000E+000, 0.0000000000000000E+000, 0.0000000000000000E+000, 0.0000000000000000E+000, 3.5332229733467102E-001, 6.5233254432678223E-001, 2.2420314453125000E+004, 4.0000000000000000E+002, 0.0000000000000000E+000, 0.0000000000000000E+000, 0.0000000000000000E+000, 3.3893756103515625E+002, 3.5531902540242299E-005, 0.0000000000000000E+000, 0.0000000000000000E+000, 0.0000000000000000E+000, 0.0000000000000000E+000, 0.0000000000000000E+000, 0.0000000000000000E+000, 0.0000000000000000E+000, 0.0000000000000000E+000, 0.0000000000000000E+000,-3.5000000000000000E+001
4,1,31,32, 4.5000000000000000E+001, 3.4039321899414062E+002, 2.8838283469667658E-005, 0.0000000000000000E+000, 0.0000000000000000E+000, 0.0000000000000000E+000, 0.0000000000000000E+000, 0.0000000000000000E+000, 0.0000000000000000E+000, 0.0000000000000000E+000, 0.0000000000000000E+000, 0.0000000000000000E+000, 3.3946838974952698E-001, 6.4307975769042969E-001, 2.1326863281250000E+004, 4.0000000000000000E+002, 0.0000000000000000E+000, 0.0000000000000000E+000, 0.0000000000000000E+000, 3.4039321899414062E+002, 2.8838283469667658E-005, 0.0000000000000000E+000, 0.0000000000000000E+000, 0.0000000000000000E+000, 0.0000000000000000E+000, 0.0000000000000000E+000, 0.0000000000000000E+000, 0.0000000000000000E+000, 0.0000000000000000E+000, 0.0000000000000000E+000,-3.5000000000000000E+001
4,1,32,32, 4.5000000000000000E+001, 3.4182061767578125E+002, 2.3230126316775568E-005, 0.0000000000000000E+000, 0.0000000000000000E+000, 0.0000000000000000E+000, 0.0000000000000000E+000, 0.0000000000000000E+000, 0.0000000000000000E+000, 0.0000000000000000E+000, 0.0000000000000000E+000, 0.0000000000000000E+000, 3.2619059085845947E-001, 6.3395822048187256E-001, 2.0286738281250000E+004, 4.0000000000000000E+002, 0.0000000000000000E+000, 0.0000000000000000E+000, 0.0000000000000000E+000, 3.4182061767578125E+002, 2.3230126316775568E-005, 0.0000000000000000E+000, 0.0000000000000000E+000, 0.0000000000000000E+000, 0.0000000000000000E+000, 0.0000000000000000E+000, 0.0000000000000000E+000, 0.0000000000000000E+000, 0.0000000000000000E+000, 0.0000000000000000E+000,-3.5000000000000000E+001
5,1,1,32, 4.5000000000000000E+001, 2.8860336303710938E+002, 4.0974421426653862E-003, 0.0000000000000000E+000, 4.3149886187165976E-004, 0.0000000000000000E+000, 0.0000000000000000E+000, 0.0000000000000000E+000, 0.0000000000000000E+000, 0.0000000000000000E+000, 1.0265660000000000E+006, 0.0000000000000000E+000, 1.1689457893371582E+000, 9.8716795444488525E-001, 9.5580367187500000E+004, 4.0000000000000000E+002, 0.0000000000000000E+000, 0.0000000000000000E+000, 0.0000000000000000E+000, 2.8753103637695312E+002, 4.5289411209523678E-003, 0.0000000000000000E+000, 0.0000000000000000E+000, 0.0000000000000000E+000, 0.0000000000000000E+000, 0.0000000000000000E+000, 0.0000000000000000E+000, 0.0000000000000000E+000, 0.0000000000000000E+000, 0.0000000000000000E+000,-3.5000000000000000E+001
5,1,2,32, 4.5000000000000000E+001, 2.9049520874023438E+002, 3.7150592543184757E-003, 0.0000000000000000E+000, 5.2918941946700215E-004, 0.0000000000000000E+000, 0.0000000000000000E+000, 0.0000000000000000E+000, 0.0000000000000000E+000, 0.0000000000000000E+000, 1.0708657500000000E+006, 0.0000000000000000E+000, 1.1205886602401733E+000, 9.7316581010818481E-001, 9.0918859375000000E+004, 4.0000000000000000E+002, 0.0000000000000000E+000, 0.0000000000000000E+000, 0.0000000000000000E+000, 2.8915792846679688E+002, 4.2442488484084606E-003, 0.0000000000000000E+000, 0.0000000000000000E+000, 0.0000000000000000E+000, 0.0000000000000000E+000, 0.0000000000000000E+000, 0.0000000000000000E+000, 0.0000000000000000E+000, 0.0000000000000000E+000, 0.0000000000000000E+000,-3.5000000000000000E+001
5,1,3,32, 4.5000000000000000E+001, 2.9238174438476562E+002, 3.3599419984966516E-003, 0.0000000000000000E+000, 6.2304059974849224E-004, 0.0000000000000000E+000, 0.0000000000000000E+000, 0.0000000000000000E+000, 0.0000000000000000E+000, 0.0000000000000000E+000, 1.1170092500000000E+006, 0.0000000000000000E+000, 1.0742973089218140E+000, 9.5936226844787598E-001, 8.6484695312500000E+004, 4.0000000000000000E+002, 0.0000000000000000E+000, 0.0000000000000000E+000, 0.0000000000000000E+000, 2.9078079223632812E+002, 3.9829825982451439E-003, 0.0000000000000000E+000, 0.0000000000000000E+000, 0.0000000000000000E+000, 0.0000000000000000E+000, 0.0000000000000000E+000, 0.0000000000000000E+000, 0.0000000000000000E+000, 0.0000000000000000E+000, 0.0000000000000000E+000,-3.5000000000000000E+001
5,1,4,32, 4.5000000000000000E+001, 2.9426239013671875E+002, 3.0309739522635937E-003, 0.0000000000000000E+000, 7.0419878466054797E-004, 0.0000000000000000E+000, 0.0000000000000000E+000, 0.0000000000000000E+000, 0.0000000000000000E+000, 0.0000000000000000E+000, 1.1650693750000000E+006, 0.0000000000000000E+000, 1.0299816131591797E+000, 9.4575452804565430E-001, 8.2266789062500000E+004, 4.0000000000000000E+002, 0.0000000000000000E+000, 0.0000000000000000E+000, 0.0000000000000000E+000, 2.9242248535156250E+002, 3.7351727951318026E-003, 0.0000000000000000E+000, 0.0000000000000000E+000, 0.0000000000000000E+000, 0.0000000000000000E+000, 0.0000000000000000E+000, 0.0000000000000000E+000, 0.0000000000000000E+000, 0.0000000000000000E+000, 0.0000000000000000E+000,-3.5000000000000000E+001
5,1,5,32, 4.5000000000000000E+001, 2.9613668823242188E+002, 2.7270140126347542E-003, 0.0000000000000000E+000, 7.6409592293202877E-004, 0.0000000000000000E+000, 0.0000000000000000E+000, 0.0000000000000000E+000, 0.0000000000000000E+000, 0.0000000000000000E+000, 1.2151216250000000E+006, 0.0000000000000000E+000, 9.8755544424057007E-001, 9.3233978748321533E-001, 7.8254585937500000E+004, 4.0000000000000000E+002, 0.0000000000000000E+000, 0.0000000000000000E+000, 0.0000000000000000E+000, 2.9410675048828125E+002, 3.4911099355667830E-003, 0.0000000000000000E+000, 0.0000000000000000E+000, 0.0000000000000000E+000, 0.0000000000000000E+000, 0.0000000000000000E+000, 0.0000000000000000E+000, 0.0000000000000000E+000, 0.0000000000000000E+000, 0.0000000000000000E+000,-3.5000000000000000E+001
5,1,6,32, 4.5000000000000000E+001, 2.9800393676757812E+002, 2.4468842893838882E-003, 0.0000000000000000E+000, 7.9592876136302948E-004, 0.0000000000000000E+000, 0.0000000000000000E+000, 0.0000000000000000E+000, 0.0000000000000000E+000, 0.0000000000000000E+000, 1.2672433750000000E+006, 0.0000000000000000E+000, 9.4693726301193237E-001, 9.1911536455154419E-001, 7.4438070312500000E+004, 4.0000000000000000E+002, 0.0000000000000000E+000, 0.0000000000000000E+000, 0.0000000000000000E+000, 2.9585400390625000E+002, 3.2428130507469177E-003, 0.0000000000000000E+000, 0.0000000000000000E+000, 0.0000000000000000E+000, 0.0000000000000000E+000, 0.0000000000000000E+000, 0.0000000000000000E+000, 0.0000000000000000E+000, 0.0000000000000000E+000, 0.0000000000000000E+000,-3.5000000000000000E+001
5,1,7,32, 4.5000000000000000E+001, 2.9986364746093750E+002, 2.1894231904298067E-003, 0.0000000000000000E+000, 7.9592876136302948E-004, 0.0000000000000000E+000, 0.0000000000000000E+000, 0.0000000000000000E+000, 0.0000000000000000E+000, 0.0000000000000000E+000, 1.3215158750000000E+006, 0.0000000000000000E+000, 9.0804809331893921E-001, 9.0607851743698120E-001, 7.0807687500000000E+004, 4.0000000000000000E+002, 0.0000000000000000E+000, 0.0000000000000000E+000, 0.0000000000000000E+000, 2.9767776489257812E+002, 2.9853519517928362E-003, 0.0000000000000000E+000, 0.0000000000000000E+000, 0.0000000000000000E+000, 0.0000000000000000E+000, 0.0000000000000000E+000, 0.0000000000000000E+000, 0.0000000000000000E+000, 0.0000000000000000E+000, 0.0000000000000000E+000,-3.5000000000000000E+001
5,1,8,32, 4.5000000000000000E+001, 3.0171517944335938E+002, 1.9534402526915073E-003, 0.0000000000000000E+000, 7.6409592293202877E-004, 0.0000000000000000E+000, 0.0000000000000000E+000, 0.0000000000000000E+000, 0.0000000000000000E+000, 0.0000000000000000E+000, 1.3780222500000000E+006, 0.0000000000000000E+000, 8.7081319093704224E-001, 8.9322650432586670E-001, 6.7354351562500000E+004, 4.0000000000000000E+002, 0.0000000000000000E+000, 0.0000000000000000E+000, 0.0000000000000000E+000, 2.9958160400390625E+002, 2.7175366412848234E-003, 0.0000000000000000E+000, 0.0000000000000000E+000, 0.0000000000000000E+000, 0.0000000000000000E+000, 0.0000000000000000E+000, 0.0000000000000000E+000, 0.0000000000000000E+000, 0.0000000000000000E+000, 0.0000000000000000E+000,-3.5000000000000000E+001
5,1,9,32, 4.5000000000000000E+001, 3.0355789184570312E+002, 1.7377616604790092E-003, 0.0000000000000000E+000, 7.0419878466054797E-004, 0.0000000000000000E+000, 0.0000000000000000E+000, 0.0000000000000000E+000, 0.0000000000000000E+000, 0.0000000000000000E+000, 1.4368490000000000E+006, 0.0000000000000000E+000, 8.3516085147857666E-001, 8.8055688142776489E-001, 6.4069441406250000E+004, 4.0000000000000000E+002, 0.0000000000000000E+000, 0.0000000000000000E+000, 0.0000000000000000E+000, 3.0155874633789062E+002, 2.4419613182544708E-003, 0.0000000000000000E+000, 0.0000000000000000E+000, 0.0000000000000000E+000, 0.0000000000000000E+000, 0.0000000000000000E+000, 0.0000000000000000E+000, 0.0000000000000000E+000, 0.0000000000000000E+000, 0.0000000000000000E+000,-3.5000000000000000E+001
5,1,10,32, 4.5000000000000000E+001, 3.0539120483398438E+002, 1.5412194188684225E-003, 0.0000000000000000E+000, 6.2304059974849224E-004, 0.0000000000000000E+000, 0.0000000000000000E+000, 0.0000000000000000E+000, 0.0000000000000000E+000, 0.0000000000000000E+000, 1.4980858750000000E+006, 0.0000000000000000E+000, 8.0102217197418213E-001, 8.6806690692901611E-001, 6.0944734375000000E+004, 4.0000000000000000E+002, 0.0000000000000000E+000, 0.0000000000000000E+000, 0.0000000000000000E+000, 3.0359298706054688E+002, 2.1642623469233513E-003, 0.0000000000000000E+000, 0.0000000000000000E+000, 0.0000000000000000E+000, 0.0000000000000000E+000, 0.0000000000000000E+000, 0.0000000000000000E+000, 0.0000000000000000E+000, 0.0000000000000000E+000, 0.0000000000000000E+000,-3.5000000000000000E+001
5,1,11,32, 4.5000000000000000E+001, 3.0721441650390625E+002, 1.3626465806737542E-003, 0.0000000000000000E+000, 5.2918941946700215E-004, 0.0000000000000000E+000, 0.0000000000000000E+000, 0.0000000000000000E+000, 0.0000000000000000E+000, 0.0000000000000000E+000, 1.5618245000000000E+006, 0.0000000000000000E+000, 7.6833218336105347E-001, 8.5575407743453979E-001, 5.7972425781250000E+004, 4.0000000000000000E+002, 0.0000000000000000E+000, 0.0000000000000000E+000, 0.0000000000000000E+000, 3.0566168212890625E+002, 1.8918258138000965E-003, 0.0000000000000000E+000, 0.0000000000000000E+000, 0.0000000000000000E+000, 0.0000000000000000E+000, 1.5336091507833771E-008, 0.0000000000000000E+000, 0.0000000000000000E+000, 0.0000000000000000E+000, 2.8241884708404541E+000,-2.8884666442871094E+001
5,1,12,32, 4.5000000000000000E+001, 3.0902688598632812E+002, 1.2009073980152607E-003, 0.0000000000000000E+000, 4.3149886187165976E-004, 0.0000000000000000E+000, 0.0000000000000000E+000, 0.0000000000000000E+000, 0.0000000000000000E+000, 0.0000000000000000E+000, 1.6281615000000000E+006, 0.0000000000000000E+000, 7.3702764511108398E-001, 8.4361594915390015E-001, 5.5145078125000000E+004, 4.0000000000000000E+002, 0.0000000000000000E+000, 0.0000000000000000E+000, 0.0000000000000000E+000, 3.0773980712890625E+002, 1.6323798336088657E-003, 0.0000000000000000E+000, 0.0000000000000000E+000, 0.0000000000000000E+000, 0.0000000000000000E+000, 3.7147241727097935E-008, 0.0000000000000000E+000, 0.0000000000000000E+000, 0.0000000000000000E+000, 9.5742740631103516E+000,-2.6960802078247070E+001
5,1,13,32, 4.5000000000000000E+001, 3.1082788085937500E+002, 1.0548755526542664E-003, 0.0000000000000000E+000, 3.3777058706618845E-004, 0.0000000000000000E+000, 0.0000000000000000E+000, 0.0000000000000000E+000, 0.0000000000000000E+000, 0.0000000000000000E+000, 1.6971946250000000E+006, 0.0000000000000000E+000, 7.0704913139343262E-001, 8.3164995908737183E-001, 5.2455621093750000E+004, 4.0000000000000000E+002, 0.0000000000000000E+000, 0.0000000000000000E+000, 0.0000000000000000E+000, 3.0980380249023438E+002, 1.3925835955888033E-003, 0.0000000000000000E+000, 0.0000000000000000E+000, 0.0000000000000000E+000, 0.0000000000000000E+000, 8.1681548635970103E-008, 0.0000000000000000E+000, 0.0000000000000000E+000, 0.0000000000000000E+000, 3.1127363204956055E+001,-2.5550510406494141E+001
5,1,14,32, 4.5000000000000000E+001, 3.1261672973632812E+002, 9.2346157180145383E-004, 0.0000000000000000E+000, 2.5382693274877965E-004, 0.0000000000000000E+000, 0.0000000000000000E+000, 0.0000000000000000E+000, 0.0000000000000000E+000, 0.0000000000000000E+000, 1.7690268750000000E+006, 0.0000000000000000E+000, 6.7833906412124634E-001, 8.1985372304916382E-001, 4.9897328125000000E+004, 4.0000000000000000E+002, 0.0000000000000000E+000, 0.0000000000000000E+000, 0.0000000000000000E+000, 3.1183465576171875E+002, 1.1771551799029112E-003, 0.0000000000000000E+000, 0.0000000000000000E+000, 0.0000000000000000E+000, 0.0000000000000000E+000, 1.6316650430781010E-007, 0.0000000000000000E+000, 0.0000000000000000E+000, 0.0000000000000000E+000, 9.7140403747558594E+001,-2.4722824096679688E+001
5,1,15,32, 4.5000000000000000E+001, 3.1439276123046875E+002, 8.0560415517538786E-004, 0.0000000000000000E+000, 1.8311636813450605E-004, 0.0000000000000000E+000, 0.0000000000000000E+000, 0.0000000000000000E+000, 0.0000000000000000E+000, 0.0000000000000000E+000, 1.8437637500000000E+006, 0.0000000000000000E+000, 6.5084260702133179E-001, 8.0822473764419556E-001, 4.7463804687500000E+004, 4.0000000000000000E+002, 0.0000000000000000E+000, 0.0000000000000000E+000, 0.0000000000000000E+000, 3.1381979370117188E+002, 9.8846422042697668E-004, 0.0000000000000000E+000, 0.0000000000000000E+000, 0.0000000000000000E+000, 0.0000000000000000E+000, 2.9611231866510934E-007, 0.0000000000000000E+000, 0.0000000000000000E+000, 0.0000000000000000E+000, 2.9116894531250000E+002,-2.4508300781250000E+001
5,1,16,32, 4.5000000000000000E+001, 3.1615509033203125E+002, 7.0027000037953258E-004, 0.0000000000000000E+000, 1.2682081433013082E-004, 0.0000000000000000E+000, 0.0000000000000000E+000, 0.0000000000000000E+000, 0.0000000000000000E+000, 0.0000000000000000E+000, 1.9215135000000000E+006, 0.0000000000000000E+000, 6.2450772523880005E-001, 7.9676079750061035E-001, 4.5148972656250000E+004, 4.0000000000000000E+002, 0.0000000000000000E+000, 0.0000000000000000E+000, 0.0000000000000000E+000, 3.1575265502929688E+002, 8.2664680667221546E-004, 0.0000000000000000E+000, 0.0000000000000000E+000, 0.0000000000000000E+000, 0.0000000000000000E+000, 4.8782851536088856E-007, 0.0000000000000000E+000, 0.0000000000000000E+000, 0.0000000000000000E+000, 8.3867913818359375E+002,-2.4921230316162109E+001
5,1,17,32, 4.5000000000000000E+001, 3.1790313720703125E+002, 6.0647132340818644E-004, 0.0000000000000000E+000, 8.4319377492647618E-005, 0.0000000000000000E+000, 0.0000000000000000E+000, 0.0000000000000000E+000, 0.0000000000000000E+000, 0.0000000000000000E+000, 2.0023895000000000E+006, 0.0000000000000000E+000, 5.9928399324417114E-001, 7.8545939922332764E-001, 4.2947027343750000E+004, 4.0000000000000000E+002, 0.0000000000000000E+000, 0.0000000000000000E+000, 0.0000000000000000E+000, 3.1763259887695312E+002, 6.9009896833449602E-004, 0.0000000000000000E+000, 0.0000000000000000E+000, 0.0000000000000000E+000, 0.0000000000000000E+000, 7.4595561727619497E-007, 0.0000000000000000E+000, 0.0000000000000000E+000, 0.0000000000000000E+000, 2.3263891601562500E+003,-2.5779788970947266E+001
5,1,18,32, 4.5000000000000000E+001, 3.1963598632812500E+002, 5.2325677825137973E-004, 0.0000000000000000E+000, 5.3819287131773308E-005, 0.0000000000000000E+000, 0.0000000000000000E+000, 0.0000000000000000E+000, 0.0000000000000000E+000, 0.0000000000000000E+000, 2.0865075000000000E+006, 0.0000000000000000E+000, 5.7512372732162476E-001, 7.7431833744049072E-001, 4.0852476562500000E+004, 4.0000000000000000E+002, 0.0000000000000000E+000, 0.0000000000000000E+000, 0.0000000000000000E+000, 3.1946240234375000E+002, 5.7610985822975636E-004, 0.0000000000000000E+000, 0.0000000000000000E+000, 0.0000000000000000E+000, 0.0000000000000000E+000, 1.3338147937247413E-006, 0.0000000000000000E+000, 0.0000000000000000E+000, 0.0000000000000000E+000, 6.3693154296875000E+003,-2.5321002960205078E+001
5,1,19,32, 4.5000000000000000E+001, 3.2135290527343750E+002, 4.4971477473154664E-004, 0.0000000000000000E+000, 3.2977852242765948E-005, 0.0000000000000000E+000, 0.0000000000000000E+000, 0.0000000000000000E+000, 0.0000000000000000E+000, 0.0000000000000000E+000, 2.1739875000000000E+006, 0.0000000000000000E+000, 5.5198109149932861E-001, 7.6333528757095337E-001, 3.8860078125000000E+004, 4.0000000000000000E+002, 0.0000000000000000E+000, 0.0000000000000000E+000, 0.0000000000000000E+000, 3.2125234985351562E+002, 4.8010351019911468E-004, 0.0000000000000000E+000, 0.0000000000000000E+000, 0.0000000000000000E+000, 0.0000000000000000E+000, 3.2228235795628279E-006, 0.0000000000000000E+000, 0.0000000000000000E+000, 0.0000000000000000E+000, 1.6458468750000000E+004,-2.2122196197509766E+001
5,1,20,32, 4.5000000000000000E+001, 3.2305307006835938E+002, 3.8498168578371406E-004, 0.0000000000000000E+000, 1.9399047232582234E-005, 0.0000000000000000E+000, 0.0000000000000000E+000, 0.0000000000000000E+000, 0.0000000000000000E+000, 0.0000000000000000E+000, 2.2649527500000000E+006, 0.0000000000000000E+000, 5.2981239557266235E-001, 7.5250798463821411E-001, 3.6964851562500000E+004, 4.0000000000000000E+002, 0.0000000000000000E+000, 0.0000000000000000E+000, 0.0000000000000000E+000, 3.2300909423828125E+002, 3.9865740109235048E-004, 0.0000000000000000E+000, 0.0000000000000000E+000, 0.0000000000000000E+000, 0.0000000000000000E+000, 5.8646232901082840E-006, 0.0000000000000000E+000, 0.0000000000000000E+000, 0.0000000000000000E+000, 4.0239203125000000E+004,-2.1015737533569336E+001
5,1,21,32, 4.5000000000000000E+001, 3.2473556518554688E+002, 3.2823591027408838E-004, 0.0000000000000000E+000, 1.0954993740597274E-005, 0.0000000000000000E+000, 0.0000000000000000E+000, 0.0000000000000000E+000, 0.0000000000000000E+000, 0.0000000000000000E+000, 2.3595307500000000E+006, 0.0000000000000000E+000, 5.0857567787170410E-001, 7.4183434247970581E-001, 3.5162054687500000E+004, 4.0000000000000000E+002, 0.0000000000000000E+000, 0.0000000000000000E+000, 0.0000000000000000E+000, 3.2472653198242188E+002, 3.3180642640218139E-004, 0.0000000000000000E+000, 0.0000000000000000E+000, 0.0000000000000000E+000, 0.0000000000000000E+000, 6.7701830630539916E-006, 0.0000000000000000E+000, 0.0000000000000000E+000, 0.0000000000000000E+000, 9.3690601562500000E+004,-2.3527587890625000E+001
5,1,22,32, 4.5000000000000000E+001, 3.2639965820312500E+002, 2.7870121994055808E-004, 0.0000000000000000E+000, 5.9390595197328366E-006, 0.0000000000000000E+000, 0.0000000000000000E+000, 0.0000000000000000E+000, 0.0000000000000000E+000, 0.0000000000000000E+000, 2.4578537500000000E+006, 0.0000000000000000E+000, 4.8823082447052002E-001, 7.3131203651428223E-001, 3.3447179687500000E+004, 4.0000000000000000E+002, 0.0000000000000000E+000, 0.0000000000000000E+000, 0.0000000000000000E+000, 3.2640026855468750E+002, 2.7922762092202902E-004, 0.0000000000000000E+000, 0.0000000000000000E+000, 0.0000000000000000E+000, 0.0000000000000000E+000, 4.9814880185294896E-006, 0.0000000000000000E+000, 0.0000000000000000E+000, 0.0000000000000000E+000, 1.9424807812500000E+005,-2.8987361907958984E+001
5,1,23,32, 4.5000000000000000E+001, 3.2804440307617188E+002, 2.3564805451314896E-004, 0.0000000000000000E+000, 3.0909823180991225E-006, 0.0000000000000000E+000, 0.0000000000000000E+000, 0.0000000000000000E+000, 0.0000000000000000E+000, 0.0000000000000000E+000, 2.5600562500000000E+006, 0.0000000000000000E+000, 4.6873968839645386E-001, 7.2093898057937622E-001, 3.1815941406250000E+004, 4.0000000000000000E+002, 0.0000000000000000E+000, 0.0000000000000000E+000, 0.0000000000000000E+000, 3.2804559326171875E+002, 2.3570700432173908E-004, 0.0000000000000000E+000, 0.0000000000000000E+000, 0.0000000000000000E+000, 0.0000000000000000E+000, 2.7672674605128122E-006, 0.0000000000000000E+000, 0.0000000000000000E+000, 0.0000000000000000E+000, 1.1830170312500000E+005,-3.1445075988769531E+001
5,1,24,32, 4.5000000000000000E+001, 3.2966891479492188E+002, 1.9839167362079024E-004, 0.0000000000000000E+000, 1.5443632719325251E-006, 0.0000000000000000E+000, 0.0000000000000000E+000, 0.0000000000000000E+000, 0.0000000000000000E+000, 0.0000000000000000E+000, 2.6662775000000000E+006, 0.0000000000000000E+000, 4.5006567239761353E-001, 7.1071308851242065E-001, 3.0264261718750000E+004, 4.0000000000000000E+002, 0.0000000000000000E+000, 0.0000000000000000E+000, 0.0000000000000000E+000, 3.2966961669921875E+002, 1.9839761080220342E-004, 0.0000000000000000E+000, 0.0000000000000000E+000, 0.0000000000000000E+000, 0.0000000000000000E+000, 1.3937101357441861E-006, 0.0000000000000000E+000, 0.0000000000000000E+000, 0.0000000000000000E+000, 5.8942148437500000E+004,-3.3441745758056641E+001
5,1,25,32, 4.5000000000000000E+001, 3.3127224731445312E+002, 1.6629233141429722E-004, 0.0000000000000000E+000, 7.4075762768188724E-007, 0.0000000000000000E+000, 0.0000000000000000E+000, 0.0000000000000000E+000, 0.0000000000000000E+000, 0.0000000000000000E+000, 2.7766615000000000E+006, 0.0000000000000000E+000, 4.3217366933822632E-001, 7.0063221454620361E-001, 2.8788255859375000E+004, 4.0000000000000000E+002, 0.0000000000000000E+000, 0.0000000000000000E+000, 0.0000000000000000E+000, 3.3127258300781250E+002, 1.6629289893899113E-004, 0.0000000000000000E+000, 0.0000000000000000E+000, 0.0000000000000000E+000, 0.0000000000000000E+000, 6.6638665430218680E-007, 0.0000000000000000E+000, 0.0000000000000000E+000, 0.0000000000000000E+000, 2.8196013671875000E+004,-3.5000000000000000E+001
5,1,26,32, 4.5000000000000000E+001, 3.3285345458984375E+002, 1.3875655713491142E-004, 0.0000000000000000E+000, 3.4109538660231919E-007, 0.0000000000000000E+000, 0.0000000000000000E+000, 0.0000000000000000E+000, 0.0000000000000000E+000, 0.0000000000000000E+000, 2.8913552500000000E+006, 0.0000000000000000E+000, 4.1503027081489563E-001, 6.9069433212280273E-001, 2.7384236328125000E+004, 4.0000000000000000E+002, 0.0000000000000000E+000, 0.0000000000000000E+000, 0.0000000000000000E+000, 3.3285360717773438E+002, 1.3875661534257233E-004, 0.0000000000000000E+000, 0.0000000000000000E+000, 0.0000000000000000E+000, 0.0000000000000000E+000, 3.0517639970639721E-007, 0.0000000000000000E+000, 0.0000000000000000E+000, 0.0000000000000000E+000, 1.2948625000000000E+004,-3.5000000000000000E+001
5,1,27,32, 4.5000000000000000E+001, 3.3441159057617188E+002, 1.1523770081112161E-004, 0.0000000000000000E+000, 1.5078221338171716E-007, 0.0000000000000000E+000, 0.0000000000000000E+000, 0.0000000000000000E+000, 0.0000000000000000E+000, 0.0000000000000000E+000, 3.0105112500000000E+006, 0.0000000000000000E+000, 3.9860337972640991E-001, 6.8089741468429565E-001, 2.6048689453125000E+004, 4.0000000000000000E+002, 0.0000000000000000E+000, 0.0000000000000000E+000, 0.0000000000000000E+000, 3.3441165161132812E+002, 1.1523770808707923E-004, 0.0000000000000000E+000, 0.0000000000000000E+000, 0.0000000000000000E+000, 0.0000000000000000E+000, 1.3409852783752285E-007, 0.0000000000000000E+000, 0.0000000000000000E+000, 0.0000000000000000E+000, 5.7085234375000000E+003,-3.5000000000000000E+001
5,1,28,32, 4.5000000000000000E+001, 3.3594570922851562E+002, 9.5231829618569463E-005, 0.0000000000000000E+000, 6.3987904752593749E-008, 0.0000000000000000E+000, 0.0000000000000000E+000, 0.0000000000000000E+000, 0.0000000000000000E+000, 0.0000000000000000E+000, 3.1342852500000000E+006, 0.0000000000000000E+000, 3.8286241888999939E-001, 6.7123943567276001E-001, 2.4778281250000000E+004, 4.0000000000000000E+002, 0.0000000000000000E+000, 0.0000000000000000E+000, 0.0000000000000000E+000, 3.3594573974609375E+002, 9.5231829618569463E-005, 0.0000000000000000E+000, 0.0000000000000000E+000, 0.0000000000000000E+000, 0.0000000000000000E+000, 5.6558501881909251E-008, 0.0000000000000000E+000, 0.0000000000000000E+000, 0.0000000000000000E+000, 2.4159331054687500E+003,-3.5000000000000000E+001
5,1,29,32, 4.5000000000000000E+001, 3.3745468139648438E+002, 7.8274337283801287E-005, 0.0000000000000000E+000, 2.6068699199299772E-008, 0.0000000000000000E+000, 0.0000000000000000E+000, 0.0000000000000000E+000, 0.0000000000000000E+000, 0.0000000000000000E+000, 3.2628370000000000E+006, 0.0000000000000000E+000, 3.6777809262275696E-001, 6.6171848773956299E-001, 2.3569832031250000E+004, 4.0000000000000000E+002, 0.0000000000000000E+000, 0.0000000000000000E+000, 0.0000000000000000E+000, 3.3745471191406250E+002, 7.8274337283801287E-005, 0.0000000000000000E+000, 0.0000000000000000E+000, 0.0000000000000000E+000, 0.0000000000000000E+000, 2.2859179438228239E-008, 0.0000000000000000E+000, 0.0000000000000000E+000, 0.0000000000000000E+000, 9.8120947265625000E+002,-3.5000000000000000E+001
5,1,30,32, 4.5000000000000000E+001, 3.3893756103515625E+002, 6.3957420934457332E-005, 0.0000000000000000E+000, 1.0195621236164243E-008, 0.0000000000000000E+000, 0.0000000000000000E+000, 0.0000000000000000E+000, 0.0000000000000000E+000, 0.0000000000000000E+000, 3.3963325000000000E+006, 0.0000000000000000E+000, 3.5332229733467102E-001, 6.5233254432678223E-001, 2.2420314453125000E+004, 4.0000000000000000E+002, 0.0000000000000000E+000, 0.0000000000000000E+000, 0.0000000000000000E+000, 3.3893753051757812E+002, 6.3965606386773288E-005, 0.0000000000000000E+000, 0.0000000000000000E+000, 0.0000000000000000E+000, 0.0000000000000000E+000, 0.0000000000000000E+000, 0.0000000000000000E+000, 0.0000000000000000E+000, 0.0000000000000000E+000, 0.0000000000000000E+000,-3.5000000000000000E+001
5,1,31,32, 4.5000000000000000E+001, 3.4039321899414062E+002, 5.1908908062614501E-005, 0.0000000000000000E+000, 3.8280938419177346E-009, 0.0000000000000000E+000, 0.0000000000000000E+000, 0.0000000000000000E+000, 0.0000000000000000E+000, 0.0000000000000000E+000, 3.5349387500000000E+006, 0.0000000000000000E+000, 3.3946838974952698E-001, 6.4307975769042969E-001, 2.1326863281250000E+004, 4.0000000000000000E+002, 0.0000000000000000E+000, 0.0000000000000000E+000, 0.0000000000000000E+000, 3.4039318847656250E+002, 5.1912735216319561E-005, 0.0000000000000000E+000, 0.0000000000000000E+000, 0.0000000000000000E+000, 0.0000000000000000E+000, 0.0000000000000000E+000, 0.0000000000000000E+000, 0.0000000000000000E+000, 0.0000000000000000E+000, 0.0000000000000000E+000,-3.5000000000000000E+001
5,1,32,32, 4.5000000000000000E+001, 3.4182061767578125E+002, 4.1814226278802380E-005, 0.0000000000000000E+000, 1.3798286957467099E-009, 0.0000000000000000E+000, 0.0000000000000000E+000, 0.0000000000000000E+000, 0.0000000000000000E+000, 0.0000000000000000E+000, 3.6788307500000000E+006, 0.0000000000000000E+000, 3.2619059085845947E-001, 6.3395822048187256E-001, 2.0286738281250000E+004, 4.0000000000000000E+002, 0.0000000000000000E+000, 0.0000000000000000E+000, 0.0000000000000000E+000, 3.4182061767578125E+002, 4.1815605072770268E-005, 0.0000000000000000E+000, 0.0000000000000000E+000, 0.0000000000000000E+000, 0.0000000000000000E+000, 0.0000000000000000E+000, 0.0000000000000000E+000, 0.0000000000000000E+000, 0.0000000000000000E+000, 0.0000000000000000E+000,-3.5000000000000000E+001
6,1,1,32, 4.5000000000000000E+001, 2.8171499633789062E+002, 5.5935410782694817E-003, 0.0000000000000000E+000, 0.0000000000000000E+000, 0.0000000000000000E+000, 4.3149886187165976E-004, 2.6968680322170258E-004, 0.0000000000000000E+000, 1.6701065625000000E+005, 0.0000000000000000E+000, 8.3505328125000000E+004, 1.1975283622741699E+000, 9.8716795444488525E-001, 9.5580367187500000E+004, 4.0000000000000000E+002, 0.0000000000000000E+000, 0.0000000000000000E+000, 0.0000000000000000E+000, 2.8147094726562500E+002, 5.5967890657484531E-003, 2.3443244567822319E-010, 7.2623667074367404E-004, 0.0000000000000000E+000, 0.0000000000000000E+000, 0.0000000000000000E+000, 0.0000000000000000E+000, 0.0000000000000000E+000, 2.5025803125000000E+005, 0.0000000000000000E+000, 2.2641824722290039E+001
6,1,2,32, 4.5000000000000000E+001, 2.8597387695312500E+002, 5.9664892032742500E-003, 0.0000000000000000E+000, 0.0000000000000000E+000, 0.0000000000000000E+000, 5.2918941946700215E-004, 3.3074340899474919E-004, 0.0000000000000000E+000, 1.7569973437500000E+005, 0.0000000000000000E+000, 8.7849867187500000E+004, 1.1383056640625000E+000, 9.7316581010818481E-001, 9.0918859375000000E+004, 4.0000000000000000E+002, 0.0000000000000000E+000, 0.0000000000000000E+000, 0.0000000000000000E+000, 2.8567977905273438E+002, 5.9667606838047504E-003, 3.6880594507238129E-006, 8.8371738092973828E-004, 0.0000000000000000E+000, 0.0000000000000000E+000, 0.0000000000000000E+000, 0.0000000000000000E+000, 0.0000000000000000E+000, 2.6318650000000000E+005, 0.0000000000000000E+000, 2.3905649185180664E+001
6,1,3,32, 4.5000000000000000E+001, 2.9029699707031250E+002, 6.3644298352301121E-003, 0.0000000000000000E+000, 0.0000000000000000E+000, 0.0000000000000000E+000, 6.2304059974849224E-004, 3.8940040394663811E-004, 0.0000000000000000E+000, 1.8484079687500000E+005, 0.0000000000000000E+000, 9.2420398437500000E+004, 1.0820121765136719E+000, 9.5936226844787598E-001, 8.6484695312500000E+004, 4.0000000000000000E+002, 0.0000000000000000E+000, 0.0000000000000000E+000, 0.0000000000000000E+000, 2.8997366333007812E+002, 6.3539352267980576E-003, 1.5129729035834316E-005, 1.0312504600733519E-003, 0.0000000000000000E+000, 0.0000000000000000E+000, 0.0000000000000000E+000, 0.0000000000000000E+000, 0.0000000000000000E+000, 2.7675584375000000E+005, 0.0000000000000000E+000, 2.4805757522583008E+001
6,1,4,32, 4.5000000000000000E+001, 2.9468536376953125E+002, 6.7890491336584091E-003, 0.0000000000000000E+000, 0.0000000000000000E+000, 0.0000000000000000E+000, 7.0419878466054797E-004, 4.4012427679263055E-004, 0.0000000000000000E+000, 1.9445734375000000E+005, 0.0000000000000000E+000, 9.7228671875000000E+004, 1.0285031795501709E+000, 9.4575452804565430E-001, 8.2266789062500000E+004, 4.0000000000000000E+002, 0.0000000000000000E+000, 0.0000000000000000E+000, 0.0000000000000000E+000, 2.9433703613281250E+002, 6.7686359398066998E-003, 2.5622677640058100E-005, 1.1543346336111426E-003, 0.0000000000000000E+000, 0.0000000000000000E+000, 2.9103830456733704E-011, 0.0000000000000000E+000, 0.0000000000000000E+000, 2.9099959375000000E+005, 7.8125000000000000E-003, 2.5344318389892578E+001
6,1,5,32, 4.5000000000000000E+001, 2.9913986206054688E+002, 7.2421529330313206E-003, 0.0000000000000000E+000, 0.0000000000000000E+000, 0.0000000000000000E+000, 7.6409592293202877E-004, 4.7755998093634844E-004, 0.0000000000000000E+000, 2.0457407812500000E+005, 0.0000000000000000E+000, 1.0228703906250000E+005, 9.7764098644256592E-001, 9.3233978748321533E-001, 7.8254585937500000E+004, 4.0000000000000000E+002, 0.0000000000000000E+000, 0.0000000000000000E+000, 0.0000000000000000E+000, 2.9877282714843750E+002, 7.2138551622629166E-003, 3.3920183341251686E-005, 1.2397585669532418E-003, 0.0000000000000000E+000, 0.0000000000000000E+000, 0.0000000000000000E+000, 0.0000000000000000E+000, 0.0000000000000000E+000, 3.0595459375000000E+005, 0.0000000000000000E+000, 2.5523639678955078E+001
6,1,6,32, 4.5000000000000000E+001, 3.0366156005859375E+002, 7.7257174998521805E-003, 0.0000000000000000E+000, 0.0000000000000000E+000, 0.0000000000000000E+000, 7.9592876136302948E-004, 4.9745547585189342E-004, 0.0000000000000000E+000, 2.1521703125000000E+005, 0.0000000000000000E+000, 1.0760851562500000E+005, 9.2929446697235107E-001, 9.1911536455154419E-001, 7.4438070312500000E+004, 4.0000000000000000E+002, 0.0000000000000000E+000, 0.0000000000000000E+000, 0.0000000000000000E+000, 3.0328347778320312E+002, 7.6926625333726406E-003, 3.8881862565176561E-005, 1.2779575772583485E-003, 0.0000000000000000E+000, 0.0000000000000000E+000, 0.0000000000000000E+000, 0.0000000000000000E+000, 0.0000000000000000E+000, 3.2166121875000000E+005, 0.0000000000000000E+000, 2.5346323013305664E+001
6,1,7,32, 4.5000000000000000E+001, 3.0825140380859375E+002, 8.2417959347367287E-003, 0.0000000000000000E+000, 0.0000000000000000E+000, 0.0000000000000000E+000, 7.9592876136302948E-004, 4.9745547585189342E-004, 0.0000000000000000E+000, 2.2641353125000000E+005, 0.0000000000000000E+000, 1.1320676562500000E+005, 8.8333940505981445E-001, 9.0607851743698120E-001, 7.0807687500000000E+004, 4.0000000000000000E+002, 0.0000000000000000E+000, 0.0000000000000000E+000, 0.0000000000000000E+000, 3.0787033081054688E+002, 8.2079004496335983E-003, 3.9693662984063849E-005, 1.2647784315049648E-003, 0.0000000000000000E+000, 0.0000000000000000E+000, 0.0000000000000000E+000, 0.0000000000000000E+000, 0.0000000000000000E+000, 3.3816368750000000E+005, 0.0000000000000000E+000, 2.4815151214599609E+001
6,1,8,32, 4.5000000000000000E+001, 3.1291055297851562E+002, 8.7926629930734634E-003, 0.0000000000000000E+000, 0.0000000000000000E+000, 0.0000000000000000E+000, 7.6409592293202877E-004, 4.7755998093634844E-004, 0.0000000000000000E+000, 2.3819248437500000E+005, 0.0000000000000000E+000, 1.1909624218750000E+005, 8.3965706825256348E-001, 8.9322650432586670E-001, 6.7354351562500000E+004, 4.0000000000000000E+002, 0.0000000000000000E+000, 0.0000000000000000E+000, 0.0000000000000000E+000, 3.1253393554687500E+002, 8.7621817365288734E-003, 3.6021338019054383E-005, 1.2022007722407579E-003, 0.0000000000000000E+000, 0.0000000000000000E+000, 0.0000000000000000E+000, 0.0000000000000000E+000, 0.0000000000000000E+000, 3.5550996875000000E+005, 0.0000000000000000E+000, 2.3932941436767578E+001
6,1,9,32, 4.5000000000000000E+001, 3.1763992309570312E+002, 9.3806935474276543E-003, 0.0000000000000000E+000, 0.0000000000000000E+000, 0.0000000000000000E+000, 7.0419878466054797E-004, 4.4012427679263055E-004, 0.0000000000000000E+000, 2.5058406250000000E+005, 0.0000000000000000E+000, 1.2529203125000000E+005, 7.9813534021377563E-001, 8.8055688142776489E-001, 6.4069441406250000E+004, 4.0000000000000000E+002, 0.0000000000000000E+000, 0.0000000000000000E+000, 0.0000000000000000E+000, 3.1727377319335938E+002, 9.3577075749635696E-003, 2.8069591280655004E-005, 1.0978505015373230E-003, 0.0000000000000000E+000, 0.0000000000000000E+000, 0.0000000000000000E+000, 0.0000000000000000E+000, 0.0000000000000000E+000, 3.7375171875000000E+005, 0.0000000000000000E+000, 2.2702379226684570E+001
6,1,10,32, 4.5000000000000000E+001, 3.2244058227539062E+002, 1.0008441284298897E-002, 0.0000000000000000E+000, 0.0000000000000000E+000, 0.0000000000000000E+000, 6.2304059974849224E-004, 3.8940040394663811E-004, 0.0000000000000000E+000, 2.6362015625000000E+005, 0.0000000000000000E+000, 1.3181007812500000E+005, 7.5866734981536865E-001, 8.6806690692901611E-001, 6.0944734375000000E+004, 4.0000000000000000E+002, 0.0000000000000000E+000, 0.0000000000000000E+000, 0.0000000000000000E+000, 3.2208883666992188E+002, 9.9963471293449402E-003, 1.6572988897678442E-005, 9.6346728969365358E-004, 0.0000000000000000E+000, 0.0000000000000000E+000, 0.0000000000000000E+000, 0.0000000000000000E+000, 0.0000000000000000E+000, 3.9294421875000000E+005, 0.0000000000000000E+000, 2.1125867843627930E+001
6,1,11,32, 4.5000000000000000E+001, 3.2731365966796875E+002, 1.0678705759346485E-002, 0.0000000000000000E+000, 0.0000000000000000E+000, 0.0000000000000000E+000, 5.2918941946700215E-004, 3.3074340899474919E-004, 0.0000000000000000E+000, 2.7733428125000000E+005, 0.0000000000000000E+000, 1.3866714062500000E+005, 7.2115141153335571E-001, 8.5575407743453979E-001, 5.7972425781250000E+004, 4.0000000000000000E+002, 0.0000000000000000E+000, 0.0000000000000000E+000, 0.0000000000000000E+000, 3.2697799682617188E+002, 1.0679888539016247E-002, 2.6068996703543235E-006, 8.1275653792545199E-004, 0.0000000000000000E+000, 0.0000000000000000E+000, 0.0000000000000000E+000, 0.0000000000000000E+000, 0.0000000000000000E+000, 4.1314640625000000E+005, 0.0000000000000000E+000, 1.9205381393432617E+001
6,1,12,32, 4.5000000000000000E+001, 3.3226019287109375E+002, 1.1394401080906391E-002, 0.0000000000000000E+000, 0.0000000000000000E+000, 0.0000000000000000E+000, 4.3149886187165976E-004, 2.6968680322170258E-004, 0.0000000000000000E+000, 2.9176162500000000E+005, 0.0000000000000000E+000, 1.4588081250000000E+005, 6.8549108505249023E-001, 8.4361594915390015E-001, 5.5145078125000000E+004, 4.0000000000000000E+002, 0.0000000000000000E+000, 0.0000000000000000E+000, 0.0000000000000000E+000, 3.3197656250000000E+002, 1.1397478170692921E-002, 0.0000000000000000E+000, 6.5915525192394853E-004, 0.0000000000000000E+000, 0.0000000000000000E+000, 0.0000000000000000E+000, 0.0000000000000000E+000, 0.0000000000000000E+000, 4.3441993750000000E+005, 0.0000000000000000E+000, 1.6941957473754883E+001
6,1,13,32, 4.5000000000000000E+001, 3.3728131103515625E+002, 1.2158757075667381E-002, 0.0000000000000000E+000, 0.0000000000000000E+000, 0.0000000000000000E+000, 3.3777058706618845E-004, 2.1110662783030421E-004, 0.0000000000000000E+000, 3.0693946875000000E+005, 0.0000000000000000E+000, 1.5346973437500000E+005, 6.5159428119659424E-001, 8.3164995908737183E-001, 5.2455621093750000E+004, 4.0000000000000000E+002, 0.0000000000000000E+000, 0.0000000000000000E+000, 0.0000000000000000E+000, 3.3705630493164062E+002, 1.2161155231297016E-002, 0.0000000000000000E+000, 5.1399768562987447E-004, 0.0000000000000000E+000, 0.0000000000000000E+000, 0.0000000000000000E+000, 0.0000000000000000E+000, 0.0000000000000000E+000, 4.5682959375000000E+005, 0.0000000000000000E+000, 1.4336708068847656E+001
6,1,14,32, 4.5000000000000000E+001, 3.4237817382812500E+002, 1.2975166551768780E-002, 0.0000000000000000E+000, 0.0000000000000000E+000, 0.0000000000000000E+000, 2.5382693274877965E-004, 1.5864183660596609E-004, 0.0000000000000000E+000, 3.2290668750000000E+005, 0.0000000000000000E+000, 1.6145334375000000E+005, 6.1937397718429565E-001, 8.1985372304916382E-001, 4.9897328125000000E+004, 4.0000000000000000E+002, 0.0000000000000000E+000, 0.0000000000000000E+000, 0.0000000000000000E+000, 3.4220678710937500E+002, 1.2976960279047489E-002, 0.0000000000000000E+000, 3.8538136868737638E-004, 0.0000000000000000E+000, 2.9103830456733704E-011, 0.0000000000000000E+000, 0.0000000000000000E+000, 3.1250000000000000E-002, 4.8044225000000000E+005, 0.0000000000000000E+000, 1.1389910697937012E+001
6,1,15,32, 4.5000000000000000E+001, 3.4755184936523438E+002, 1.3847279362380505E-002, 0.0000000000000000E+000, 0.0000000000000000E+000, 0.0000000000000000E+000, 1.8311636813450605E-004, 1.1444774281699210E-004, 0.0000000000000000E+000, 3.3970431250000000E+005, 0.0000000000000000E+000, 1.6985215625000000E+005, 5.8874732255935669E-001, 8.0822473764419556E-001, 4.7463804687500000E+004, 4.0000000000000000E+002, 0.0000000000000000E+000, 0.0000000000000000E+000, 0.0000000000000000E+000, 3.4742654418945312E+002, 1.3848568312823772E-002, 0.0000000000000000E+000, 2.7781460084952414E-004, 0.0000000000000000E+000, 0.0000000000000000E+000, 0.0000000000000000E+000, 0.0000000000000000E+000, 0.0000000000000000E+000, 5.0532684375000000E+005, 0.0000000000000000E+000, 8.1011514663696289E+000
6,1,16,32, 4.5000000000000000E+001, 3.5280349731445312E+002, 1.4779098331928253E-002, 0.0000000000000000E+000, 0.0000000000000000E+000, 0.0000000000000000E+000, 1.2682081433013082E-004, 7.9263016232289374E-005, 0.0000000000000000E+000, 3.5737556250000000E+005, 0.0000000000000000E+000, 1.7868778125000000E+005, 5.5963534116744995E-001, 7.9676079750061035E-001, 4.5148972656250000E+004, 4.0000000000000000E+002, 0.0000000000000000E+000, 0.0000000000000000E+000, 0.0000000000000000E+000, 3.5271557617187500E+002, 1.4779986813664436E-002, 0.0000000000000000E+000, 1.9253301434218884E-004, 0.0000000000000000E+000, 0.0000000000000000E+000, 0.0000000000000000E+000, 0.0000000000000000E+000, 0.0000000000000000E+000, 5.3155456250000000E+005, 0.0000000000000000E+000, 4.4694967269897461E+000
6,1,17,32, 4.5000000000000000E+001, 3.5813433837890625E+002, 1.5774827450513840E-002, 0.0000000000000000E+000, 0.0000000000000000E+000, 0.0000000000000000E+000, 8.4319377492647618E-005, 5.2699611842399463E-005, 0.0000000000000000E+000, 3.7596590625000000E+005, 0.0000000000000000E+000, 1.8798295312500000E+005, 5.3196310997009277E-001, 7.8545939922332764E-001, 4.2947027343750000E+004, 4.0000000000000000E+002, 0.0000000000000000E+000, 0.0000000000000000E+000, 0.0000000000000000E+000, 3.5807510375976562E+002, 1.5775416046380997E-002, 0.0000000000000000E+000, 1.2825355224777013E-004, 0.0000000000000000E+000, 0.0000000000000000E+000, 3.6379788070917130E-012, 0.0000000000000000E+000, 0.0000000000000000E+000, 5.5919781250000000E+005, 1.5625000000000000E-002, 4.9368533492088318E-001
6,1,18,32, 4.5000000000000000E+001, 3.6354556274414062E+002, 1.6839109361171722E-002, 0.0000000000000000E+000, 0.0000000000000000E+000, 0.0000000000000000E+000, 5.3819287131773308E-005, 3.3637057640589774E-005, 0.0000000000000000E+000, 3.9552315625000000E+005, 0.0000000000000000E+000, 1.9776157812500000E+005, 5.0565940141677856E-001, 7.7431833744049072E-001, 4.0852476562500000E+004, 4.0000000000000000E+002, 0.0000000000000000E+000, 0.0000000000000000E+000, 0.0000000000000000E+000, 3.6350726318359375E+002, 1.6839481890201569E-002, 0.0000000000000000E+000, 8.2103317254222929E-005, 0.0000000000000000E+000, 0.0000000000000000E+000, 0.0000000000000000E+000, 0.0000000000000000E+000, 0.0000000000000000E+000, 5.8833125000000000E+005, 0.0000000000000000E+000,-3.8274650573730469E+000
6,1,19,32, 4.5000000000000000E+001, 3.6903836059570312E+002, 1.7976857721805573E-002, 0.0000000000000000E+000, 0.0000000000000000E+000, 0.0000000000000000E+000, 3.2977852242765948E-005, 2.0611158106476068E-005, 0.0000000000000000E+000, 4.1609750000000000E+005, 0.0000000000000000E+000, 2.0804875000000000E+005, 4.8065659403800964E-001, 7.6333528757095337E-001, 3.8860078125000000E+004, 4.0000000000000000E+002, 0.0000000000000000E+000, 0.0000000000000000E+000, 0.0000000000000000E+000, 3.6901458740234375E+002, 1.7977084964513779E-002, 0.0000000000000000E+000, 5.0499053031671792E-005, 0.0000000000000000E+000, 0.0000000000000000E+000, 0.0000000000000000E+000, 0.0000000000000000E+000, 0.0000000000000000E+000, 6.1903062500000000E+005, 0.0000000000000000E+000,-8.4940052032470703E+000
6,1,20,32, 4.5000000000000000E+001, 3.7461395263671875E+002, 1.9193362444639206E-002, 0.0000000000000000E+000, 0.0000000000000000E+000, 0.0000000000000000E+000, 1.9399047232582234E-005, 1.2124404747737572E-005, 0.0000000000000000E+000, 4.3774178125000000E+005, 0.0000000000000000E+000, 2.1887089062500000E+005, 4.5689037442207336E-001, 7.5250798463821411E-001, 3.6964851562500000E+004, 4.0000000000000000E+002, 0.0000000000000000E+000, 0.0000000000000000E+000, 0.0000000000000000E+000, 3.7459976196289062E+002, 1.9193496555089951E-002, 0.0000000000000000E+000, 2.9835822715540417E-005, 0.0000000000000000E+000, 1.8189894035458565E-012, 0.0000000000000000E+000, 0.0000000000000000E+000, 6.2500000000000000E-002, 6.5137406250000000E+005, 0.0000000000000000E+000,-1.3501334190368652E+001
6,1,21,32, 4.5000000000000000E+001, 3.8027359008789062E+002, 2.0494468510150909E-002, 0.0000000000000000E+000, 0.0000000000000000E+000, 0.0000000000000000E+000, 1.0954993740597274E-005, 6.8468716563074850E-006, 0.0000000000000000E+000, 4.6051178125000000E+005, 0.0000000000000000E+000, 2.3025589062500000E+005, 4.3429940938949585E-001, 7.4183434247970581E-001, 3.5162054687500000E+004, 4.0000000000000000E+002, 0.0000000000000000E+000, 0.0000000000000000E+000, 0.0000000000000000E+000, 3.8026547241210938E+002, 2.0494543015956879E-002, 0.0000000000000000E+000, 1.7046435459633358E-005, 0.0000000000000000E+000, 0.0000000000000000E+000, 4.5474735088646412E-013, 0.0000000000000000E+000, 0.0000000000000000E+000, 6.8029700000000000E+005, 1.5625000000000000E-002,-1.8735300064086914E+001
6,1,22,32, 4.5000000000000000E+001, 3.8601852416992188E+002, 2.1886309608817101E-002, 0.0000000000000000E+000, 0.0000000000000000E+000, 0.0000000000000000E+000, 5.9390595197328366E-006, 3.7119125408935361E-006, 0.0000000000000000E+000, 4.8446593750000000E+005, 0.0000000000000000E+000, 2.4223296875000000E+005, 4.1282573342323303E-001, 7.3131203651428223E-001, 3.3447179687500000E+004, 4.0000000000000000E+002, 0.0000000000000000E+000, 0.0000000000000000E+000, 0.0000000000000000E+000, 3.8601403808593750E+002, 2.1886350587010384E-002, 0.0000000000000000E+000, 9.2205445980653167E-006, 0.0000000000000000E+000, 0.0000000000000000E+000, 2.2737367544323206E-013, 0.0000000000000000E+000, 0.0000000000000000E+000, 3.6797771875000000E+005, 1.0052124038338661E-002,-2.1572553634643555E+001
6,1,23,32, 4.5000000000000000E+001, 3.9185009765625000E+002, 2.3375706747174263E-002, 0.0000000000000000E+000, 0.0000000000000000E+000, 0.0000000000000000E+000, 3.0909823180991225E-006, 1.9318640624987893E-006, 0.0000000000000000E+000, 5.0966587500000000E+005, 0.0000000000000000E+000, 2.5483293750000000E+005, 3.9241394400596619E-001, 7.2093898057937622E-001, 3.1815941406250000E+004, 4.0000000000000000E+002, 0.0000000000000000E+000, 0.0000000000000000E+000, 0.0000000000000000E+000, 3.9184774780273438E+002, 2.3375727236270905E-002, 0.0000000000000000E+000, 4.7351886678370647E-006, 0.0000000000000000E+000, 2.2737367544323206E-013, 0.0000000000000000E+000, 0.0000000000000000E+000, 6.2500000000000000E-002, 1.8897407812500000E+005, 0.0000000000000000E+000,-2.4567571640014648E+001
6,1,24,32, 4.5000000000000000E+001, 3.9776953125000000E+002, 2.4969913065433502E-002, 0.0000000000000000E+000, 0.0000000000000000E+000, 0.0000000000000000E+000, 1.5443632719325251E-006, 9.6522717285552062E-007, 0.0000000000000000E+000, 5.3617631250000000E+005, 0.0000000000000000E+000, 2.6808815625000000E+005, 3.7301161885261536E-001, 7.1071308851242065E-001, 3.0264261718750000E+004, 4.0000000000000000E+002, 0.0000000000000000E+000, 0.0000000000000000E+000, 0.0000000000000000E+000, 3.9776629638671875E+002, 2.4970520287752151E-002, 0.0000000000000000E+000, 1.7742705722412211E-006, 0.0000000000000000E+000, 0.0000000000000000E+000, 0.0000000000000000E+000, 0.0000000000000000E+000, 0.0000000000000000E+000, 7.0808406250000000E+004, 0.0000000000000000E+000,-2.8632432937622070E+001
6,1,25,32, 4.5000000000000000E+001, 4.0377816772460938E+002, 2.6676774024963379E-002, 0.0000000000000000E+000, 0.0000000000000000E+000, 0.0000000000000000E+000, 7.4075762768188724E-007, 4.6297353151203424E-007, 0.0000000000000000E+000, 5.6406543750000000E+005, 0.0000000000000000E+000, 2.8203271875000000E+005, 3.5456880927085876E-001, 7.0063221454620361E-001, 2.8788255859375000E+004, 4.0000000000000000E+002, 0.0000000000000000E+000, 0.0000000000000000E+000, 0.0000000000000000E+000, 4.0377499389648438E+002, 2.6677533984184265E-002, 0.0000000000000000E+000, 4.2169972402916756E-007, 0.0000000000000000E+000, 0.0000000000000000E+000, 0.0000000000000000E+000, 0.0000000000000000E+000, 0.0000000000000000E+000, 1.6829386718750000E+004, 0.0000000000000000E+000,-3.3337997436523438E+001
6,1,26,32, 4.5000000000000000E+001, 4.0987741088867188E+002, 2.8504978865385056E-002, 0.0000000000000000E+000, 0.0000000000000000E+000, 0.0000000000000000E+000, 3.4109538660231919E-007, 2.1318463439001789E-007, 0.0000000000000000E+000, 5.9340493750000000E+005, 0.0000000000000000E+000, 2.9670246875000000E+005, 3.3703798055648804E-001, 6.9069433212280273E-001, 2.7384236328125000E+004, 4.0000000000000000E+002, 0.0000000000000000E+000, 0.0000000000000000E+000, 0.0000000000000000E+000, 4.0987591552734375E+002, 2.8505332767963409E-002, 0.0000000000000000E+000, 1.8911791244136111E-007, 0.0000000000000000E+000, 0.0000000000000000E+000, 0.0000000000000000E+000, 0.0000000000000000E+000, 0.0000000000000000E+000, 7.5474047851562500E+003, 0.0000000000000000E+000,-3.5000000000000000E+001
6,1,27,32, 4.5000000000000000E+001, 4.1606854248046875E+002, 3.0463725328445435E-002, 0.0000000000000000E+000, 0.0000000000000000E+000, 0.0000000000000000E+000, 1.5078221338171716E-007, 9.4238892245357420E-008, 0.0000000000000000E+000, 6.2427012500000000E+005, 0.0000000000000000E+000, 3.1213506250000000E+005, 3.2037413120269775E-001, 6.8089741468429565E-001, 2.6048689453125000E+004, 4.0000000000000000E+002, 0.0000000000000000E+000, 0.0000000000000000E+000, 0.0000000000000000E+000, 4.1606787109375000E+002, 3.0463883653283119E-002, 0.0000000000000000E+000, 8.1408600749455218E-008, 0.0000000000000000E+000, 0.0000000000000000E+000, 0.0000000000000000E+000, 0.0000000000000000E+000, 0.0000000000000000E+000, 3.2488920898437500E+003, 0.0000000000000000E+000,-3.5000000000000000E+001
6,1,28,32, 4.5000000000000000E+001, 4.2235302734375000E+002, 3.2563272863626480E-002, 0.0000000000000000E+000, 0.0000000000000000E+000, 0.0000000000000000E+000, 6.3987904752593749E-008, 3.9992443134906352E-008, 0.0000000000000000E+000, 6.5674043750000000E+005, 0.0000000000000000E+000, 3.2837021875000000E+005, 3.0453431606292725E-001, 6.7123943567276001E-001, 2.4778281250000000E+004, 4.0000000000000000E+002, 0.0000000000000000E+000, 0.0000000000000000E+000, 0.0000000000000000E+000, 4.2235275268554688E+002, 3.2563339918851852E-002, 0.0000000000000000E+000, 3.3635970453360642E-008, 0.0000000000000000E+000, 0.0000000000000000E+000, 0.0000000000000000E+000, 0.0000000000000000E+000, 0.0000000000000000E+000, 1.3423598632812500E+003, 0.0000000000000000E+000,-3.5000000000000000E+001
6,1,29,32, 4.5000000000000000E+001, 4.2873217773437500E+002, 3.4814618527889252E-002, 0.0000000000000000E+000, 0.0000000000000000E+000, 0.0000000000000000E+000, 2.6068699199299772E-008, 1.6292938553874592E-008, 0.0000000000000000E+000, 6.9089937500000000E+005, 0.0000000000000000E+000, 3.4544968750000000E+005, 2.8947776556015015E-001, 6.6171848773956299E-001, 2.3569832031250000E+004, 4.0000000000000000E+002, 0.0000000000000000E+000, 0.0000000000000000E+000, 0.0000000000000000E+000, 4.2873208618164062E+002, 3.4814648330211639E-002, 0.0000000000000000E+000, 1.3338748772184772E-008, 0.0000000000000000E+000, 0.0000000000000000E+000, 0.0000000000000000E+000, 0.0000000000000000E+000, 0.0000000000000000E+000, 5.3232891845703125E+002, 0.0000000000000000E+000,-3.5000000000000000E+001
6,1,30,32, 4.5000000000000000E+001, 4.3520745849609375E+002, 3.7229731678962708E-002, 0.0000000000000000E+000, 0.0000000000000000E+000, 0.0000000000000000E+000, 1.0195621236164243E-008, 6.3722640497587690E-009, 0.0000000000000000E+000, 7.2683450000000000E+005, 0.0000000000000000E+000, 3.6341725000000000E+005, 2.7516579627990723E-001, 6.5233254432678223E-001, 2.2420314453125000E+004, 4.0000000000000000E+002, 0.0000000000000000E+000, 0.0000000000000000E+000, 0.0000000000000000E+000, 4.3520742797851562E+002, 3.7229742854833603E-002, 0.0000000000000000E+000, 5.0768171888648794E-009, 0.0000000000000000E+000, 0.0000000000000000E+000, 0.0000000000000000E+000, 0.0000000000000000E+000, 0.0000000000000000E+000, 2.0260795593261719E+002, 0.0000000000000000E+000,-3.5000000000000000E+001
6,1,31,32, 4.5000000000000000E+001, 4.4178036499023438E+002, 3.9821926504373550E-002, 0.0000000000000000E+000, 0.0000000000000000E+000, 0.0000000000000000E+000, 3.8280938419177346E-009, 2.3925588177320378E-009, 0.0000000000000000E+000, 7.6463850000000000E+005, 0.0000000000000000E+000, 3.8231925000000000E+005, 2.6156151294708252E-001, 6.4307975769042969E-001, 2.1326863281250000E+004, 4.0000000000000000E+002, 0.0000000000000000E+000, 0.0000000000000000E+000, 0.0000000000000000E+000, 4.4178036499023438E+002, 3.9821930229663849E-002, 0.0000000000000000E+000, 1.8544561442013219E-009, 0.0000000000000000E+000, 0.0000000000000000E+000, 0.0000000000000000E+000, 0.0000000000000000E+000, 0.0000000000000000E+000, 7.4008491516113281E+001, 0.0000000000000000E+000,-3.5000000000000000E+001
6,1,32,32, 4.5000000000000000E+001, 4.4845223999023438E+002, 4.2605441063642502E-002, 0.0000000000000000E+000, 0.0000000000000000E+000, 0.0000000000000000E+000, 1.3798286957467099E-009, 8.6239299035284489E-010, 0.0000000000000000E+000, 8.0440818750000000E+005, 0.0000000000000000E+000, 4.0220409375000000E+005, 2.4862998723983765E-001, 6.3395822048187256E-001, 2.0286738281250000E+004, 4.0000000000000000E+002, 0.0000000000000000E+000, 0.0000000000000000E+000, 0.0000000000000000E+000, 4.4845223999023438E+002, 4.2605441063642502E-002, 0.0000000000000000E+000, 6.2495819630470351E-010, 0.0000000000000000E+000, 0.0000000000000000E+000, 0.0000000000000000E+000, 0.0000000000000000E+000, 0.0000000000000000E+000, 2.4941120147705078E+001, 0.0000000000000000E+000,-3.5000000000000000E+001
7,1,1,32, 4.5000000000000000E+001, 2.6581088256835938E+002, 1.9378097495064139E-003, 2.2973827435635030E-004, 0.0000000000000000E+000, 2.5526474928483367E-005, 5.3937360644340515E-004, 1.0787471546791494E-004, 5.5153750000000000E+004, 1.5758214062500000E+005, 0.0000000000000000E+000, 5.5153750000000000E+004, 1.2691793441772461E+000, 9.8716795444488525E-001, 9.5580367187500000E+004, 4.0000000000000000E+002, 0.0000000000000000E+000, 0.0000000000000000E+000, 0.0000000000000000E+000, 2.6619387817382812E+002, 1.8154635326936841E-003, 1.3938776100985706E-004, 3.5800007402997380E-009, 2.7767859137384221E-005, 7.3569477535784245E-004, 1.4424926484934986E-004, 5.0671945312500000E+004, 1.5753650000000000E+005, 5.0734664916992188E+001, 5.5478660156250000E+004, 1.9142196655273438E+001
7,1,2,32, 4.5000000000000000E+001, 2.6840237426757812E+002, 1.8506848718971014E-003, 3.6714237648993731E-004, 0.0000000000000000E+000, 4.0793594962451607E-005, 6.6148681798949838E-004, 1.3229735486675054E-004, 5.7716390625000000E+004, 1.6490396875000000E+005, 0.0000000000000000E+000, 5.7716390625000000E+004, 1.2128270864486694E+000, 9.7316581010818481E-001, 9.0918859375000000E+004, 4.0000000000000000E+002, 0.0000000000000000E+000, 0.0000000000000000E+000, 0.0000000000000000E+000, 2.6879968261718750E+002, 1.7355235759168863E-003, 1.9082630751654506E-004, 1.1166193303324690E-008, 4.2459647374926135E-005, 9.2729093739762902E-004, 1.8661517242435366E-004, 5.2349417968750000E+004, 1.6369196875000000E+005, 1.6040356445312500E+002, 6.0899113281250000E+004, 2.0788057327270508E+001
7,1,3,32, 4.5000000000000000E+001, 2.7101336669921875E+002, 1.7657246207818389E-003, 5.5228680139407516E-004, 0.0000000000000000E+000, 6.1365200963336974E-005, 7.7880080789327621E-004, 1.5576014993712306E-004, 6.0396812500000000E+004, 1.7256231250000000E+005, 0.0000000000000000E+000, 6.0396812500000000E+004, 1.1590015888214111E+000, 9.5936226844787598E-001, 8.6484695312500000E+004, 4.0000000000000000E+002, 0.0000000000000000E+000, 0.0000000000000000E+000, 0.0000000000000000E+000, 2.7143322753906250E+002, 1.6584504628553987E-003, 2.6126566808670759E-004, 3.0049896793116204E-008, 6.2060564232524484E-005, 1.1056505609303713E-003, 2.6200100546702743E-004, 5.4225953125000000E+004, 1.4072601562500000E+005, 4.3705874633789062E+002, 9.4501140625000000E+004, 2.2675706863403320E+001
7,1,4,32, 4.5000000000000000E+001, 2.7364392089843750E+002, 1.6829748637974262E-003, 7.8203034354373813E-004, 0.0000000000000000E+000, 8.6892257968429476E-005, 8.8024855358526111E-004, 1.7604969616513699E-004, 6.3200371093750000E+004, 1.8057250000000000E+005, 0.0000000000000000E+000, 6.3200371093750000E+004, 1.1075884103775024E+000, 9.4575452804565430E-001, 8.2266789062500000E+004, 4.0000000000000000E+002, 0.0000000000000000E+000, 0.0000000000000000E+000, 0.0000000000000000E+000, 2.7409454345703125E+002, 1.5841621207073331E-003, 3.4936002339236438E-004, 6.9763011367740546E-008, 8.6563843069598079E-005, 1.2806049780920148E-003, 3.5648062475956976E-004, 5.6355996093750000E+004, 1.0792598437500000E+005, 1.0262386474609375E+003, 1.3950334375000000E+005, 2.4811258316040039E+001
7,1,5,32, 4.5000000000000000E+001, 2.7629412841796875E+002, 1.6024740180000663E-003, 1.0423448402434587E-003, 0.0000000000000000E+000, 1.1581608850974590E-004, 9.5511996187269688E-004, 1.9102398073300719E-004, 6.6132664062500000E+004, 1.8895046875000000E+005, 0.0000000000000000E+000, 6.6132664062500000E+004, 1.0584784746170044E+000, 9.3233978748321533E-001, 7.8254585937500000E+004, 4.0000000000000000E+002, 0.0000000000000000E+000, 0.0000000000000000E+000, 0.0000000000000000E+000, 2.7678344726562500E+002, 1.5125295612961054E-003, 4.4453563168644905E-004, 1.3969625456411450E-007, 1.2212025467306376E-004, 1.4288062229752541E-003, 4.9248605500906706E-004, 5.8769824218750000E+004, 4.7052750000000000E+004, 2.0763942871093750E+003, 2.1086146875000000E+005, 2.9031616210937500E+001
7,1,6,32, 4.5000000000000000E+001, 2.7896389770507812E+002, 1.5242445515468717E-003, 1.3077603653073311E-003, 0.0000000000000000E+000, 1.4530670887324959E-004, 9.9491095170378685E-004, 1.9898219034075737E-004, 6.9199476562500000E+004, 1.9771279687500000E+005, 0.0000000000000000E+000, 6.9199476562500000E+004, 1.0115683078765869E+000, 9.1911536455154419E-001, 7.4438070312500000E+004, 4.0000000000000000E+002, 0.0000000000000000E+000, 0.0000000000000000E+000, 0.0000000000000000E+000, 2.7949050903320312E+002, 1.4424612745642662E-003, 5.5728020379319787E-004, 2.4124497599586903E-007, 1.5426284517161548E-004, 1.3852745760232210E-003, 6.6757749300450087E-004, 6.1608554687500000E+004, 5.5118316650390625E+002, 3.6199045410156250E+003, 2.6881737500000000E+005, 4.7767295837402344E+001
7,1,7,32, 4.5000000000000000E+001, 2.8165328979492188E+002, 1.4483164995908737E-003, 1.5444494783878326E-003, 0.0000000000000000E+000, 1.7160549759864807E-004, 9.9491095170378685E-004, 1.9898219034075737E-004, 7.2406937500000000E+004, 2.0687696875000000E+005, 0.0000000000000000E+000, 7.2406937500000000E+004, 9.6675819158554077E-001, 9.0607851743698120E-001, 7.0807687500000000E+004, 4.0000000000000000E+002, 0.0000000000000000E+000, 0.0000000000000000E+000, 0.0000000000000000E+000, 2.8220883178710938E+002, 1.3733098749071360E-003, 6.7847192985936999E-004, 3.5924136909670779E-007, 1.8346743308939040E-004, 1.2950547970831394E-003, 8.4371375851333141E-004, 6.5094617187500000E+004, 5.1528582763671875E+002, 5.4373276367187500E+003, 2.8088637500000000E+005, 4.7279472351074219E+001
7,1,8,32, 4.5000000000000000E+001, 2.8436236572265625E+002, 1.3747083721682429E-003, 1.7169124912470579E-003, 0.0000000000000000E+000, 1.9076805619988590E-004, 9.5511996187269688E-004, 1.9102398073300719E-004, 7.5761398437500000E+004, 2.1646114062500000E+005, 0.0000000000000000E+000, 7.5761398437500000E+004, 9.2395335435867310E-001, 8.9322650432586670E-001, 6.7354351562500000E+004, 4.0000000000000000E+002, 0.0000000000000000E+000, 0.0000000000000000E+000, 0.0000000000000000E+000, 2.8493020629882812E+002, 1.3044620864093304E-003, 7.9908012412488461E-004, 4.6122644903334731E-007, 2.0496171782724559E-004, 1.1488739401102066E-003, 9.3614700017496943E-004, 6.9696070312500000E+004, 4.5712231445312500E+002, 7.0364492187500000E+003, 2.9259206250000000E+005, 4.6564132690429688E+001
7,1,9,32, 4.5000000000000000E+001, 2.8709106445312500E+002, 1.3034354196861386E-003, 1.7966005252674222E-003, 0.0000000000000000E+000, 1.9962228543590754E-004, 8.8024855358526111E-004, 1.7604969616513699E-004, 7.9269492187500000E+004, 2.2648426562500000E+005, 0.0000000000000000E+000, 7.9269492187500000E+004, 8.8306355476379395E-001, 8.8055688142776489E-001, 6.4069441406250000E+004, 4.0000000000000000E+002, 0.0000000000000000E+000, 0.0000000000000000E+000, 0.0000000000000000E+000, 2.8764962768554688E+002, 1.2357567902654409E-003, 9.0324843768030405E-004, 5.1049414651060943E-007, 2.1480154828168452E-004, 1.0646933224052191E-003, 8.7576400255784392E-004, 7.6320101562500000E+004, 4.2362792968750000E+002, 7.8447905273437500E+003, 3.0561081250000000E+005, 4.6037345886230469E+001
7,1,10,32, 4.5000000000000000E+001, 2.8983941650390625E+002, 1.2345066061243415E-003, 1.7696352442726493E-003, 0.0000000000000000E+000, 1.9662613340187818E-004, 7.7880080789327621E-004, 1.5576014993712306E-004, 8.2938164062500000E+004, 2.3696617187500000E+005, 0.0000000000000000E+000, 8.2938164062500000E+004, 8.4400230646133423E-001, 8.6806690692901611E-001, 6.0944734375000000E+004, 4.0000000000000000E+002, 0.0000000000000000E+000, 0.0000000000000000E+000, 0.0000000000000000E+000, 2.9036752319335938E+002, 1.1675754794850945E-003, 9.7048276802524924E-004, 4.8704561095291865E-007, 2.1117132564540952E-004, 9.5081113977357745E-004, 7.5725594069808722E-004, 8.6607015625000000E+004, 3.7831564331054688E+002, 7.5344506835937500E+003, 3.1921031250000000E+005, 4.5349761962890625E+001
7,1,11,32, 4.5000000000000000E+001, 2.9260742187500000E+002, 1.1679270537570119E-003, 1.6407591756433249E-003, 0.0000000000000000E+000, 1.8230656860396266E-004, 6.6148681798949838E-004, 1.3229735486675054E-004, 8.6774625000000000E+004, 2.4792750000000000E+005, 0.0000000000000000E+000, 8.6774625000000000E+004, 8.0668741464614868E-001, 8.5575407743453979E-001, 5.7972425781250000E+004, 4.0000000000000000E+002, 0.0000000000000000E+000, 0.0000000000000000E+000, 0.0000000000000000E+000, 2.9308953857421875E+002, 1.1006935965269804E-003, 9.8228943534195423E-004, 4.0050466054708522E-007, 1.9498734036460519E-004, 7.7679677633568645E-004, 6.1113765696063638E-004, 1.0328309375000000E+005, 3.7510781250000000E+003, 6.2337338867187500E+003, 3.2650634375000000E+005, 3.3463356018066406E+001
7,1,12,32, 4.5000000000000000E+001, 2.9539508056640625E+002, 1.1036992073059082E-003, 1.4319729525595903E-003, 0.0000000000000000E+000, 1.5910810907371342E-004, 5.3937360644340515E-004, 1.0787471546791494E-004, 9.0786492187500000E+004, 2.5938996875000000E+005, 0.0000000000000000E+000, 9.0786492187500000E+004, 7.7103984355926514E-001, 8.4361594915390015E-001, 5.5145078125000000E+004, 4.0000000000000000E+002, 0.0000000000000000E+000, 0.0000000000000000E+000, 0.0000000000000000E+000, 2.9582409667968750E+002, 1.0359701700508595E-003, 9.3022745568305254E-004, 2.8383490757732943E-007, 1.6917422180995345E-004, 6.8339798599481583E-004, 4.5386221609078348E-004, 1.3043689062500000E+005, 7.4000140625000000E+004, 4.4428085937500000E+003, 2.7102490625000000E+005, 1.9668039321899414E+001
7,1,13,32, 4.5000000000000000E+001, 2.9820239257812500E+002, 1.0418174788355827E-003, 1.1763963848352432E-003, 0.0000000000000000E+000, 1.3071070134174079E-004, 4.2221325566060841E-004, 8.4442646766547114E-005, 9.4981625000000000E+004, 2.7137606250000000E+005, 0.0000000000000000E+000, 9.4981625000000000E+004, 7.3698467016220093E-001, 8.3164995908737183E-001, 5.2455621093750000E+004, 4.0000000000000000E+002, 0.0000000000000000E+000, 0.0000000000000000E+000, 0.0000000000000000E+000, 2.9857669067382812E+002, 9.7385159460827708E-004, 8.2923087757080793E-004, 1.7334396318346990E-007, 1.3068287807982415E-004, 5.5516319116577506E-004, 3.1280156690627337E-004, 1.7368870312500000E+005, 1.5421978125000000E+005, 2.7275148925781250E+003, 2.0870631250000000E+005, 1.4900417327880859E+001
7,1,14,32, 4.5000000000000000E+001, 3.0102932739257812E+002, 9.8227150738239288E-004, 9.0970669407397509E-004, 0.0000000000000000E+000, 1.0107851994689554E-004, 3.1728367321193218E-004, 6.3456733187194914E-005, 9.9368289062500000E+004, 2.8390940625000000E+005, 0.0000000000000000E+000, 9.9368289062500000E+004, 7.0445007085800171E-001, 8.1985372304916382E-001, 4.9897328125000000E+004, 4.0000000000000000E+002, 0.0000000000000000E+000, 0.0000000000000000E+000, 0.0000000000000000E+000, 3.0135958862304688E+002, 9.1514841187745333E-004, 6.7759520607069135E-004, 9.1222950970859529E-008, 1.0324269533157349E-004, 4.3535538134165108E-004, 2.0266254432499409E-004, 2.3941409375000000E+005, 2.1704643750000000E+005, 1.4423336181640625E+003, 1.6463670312500000E+005, 1.1285911560058594E+001
7,1,15,32, 4.5000000000000000E+001, 3.0387588500976562E+002, 9.2504912754520774E-004, 6.6218298161402345E-004, 0.0000000000000000E+000, 7.3575887654442340E-005, 2.2889548563398421E-004, 4.5779092033626512E-005, 1.0395509375000000E+005, 2.9701456250000000E+005, 0.0000000000000000E+000, 1.0395509375000000E+005, 6.7336767911911011E-001, 8.0822473764419556E-001, 4.7463804687500000E+004, 4.0000000000000000E+002, 0.0000000000000000E+000, 0.0000000000000000E+000, 0.0000000000000000E+000, 3.0417056274414062E+002, 8.5952976951375604E-004, 5.1468185847625136E-004, 4.1364028646739825E-008, 7.7449425589293242E-005, 3.3424553112126887E-004, 1.1556109529919922E-004, 3.3372287500000000E+005, 2.6371190625000000E+005, 6.5696691894531250E+002, 1.3510331250000000E+005, 7.7689576148986816E+000
7,1,16,32, 4.5000000000000000E+001, 3.0674200439453125E+002, 8.7013148004189134E-004, 4.5371538726612926E-004, 0.0000000000000000E+000, 5.0412822020007297E-005, 1.5852603246457875E-004, 3.1705203582532704E-005, 1.0875099218750000E+005, 3.1071712500000000E+005, 0.0000000000000000E+000, 1.0875099218750000E+005, 6.4367228746414185E-001, 7.9676079750061035E-001, 4.5148972656250000E+004, 4.0000000000000000E+002, 0.0000000000000000E+000, 0.0000000000000000E+000, 0.0000000000000000E+000, 3.0700906372070312E+002, 8.0681702820584178E-004, 3.6396784707903862E-004, 1.6159891202960353E-008, 5.5432785302400589E-005, 2.7948131901212037E-004, 4.5317065087147057E-005, 4.6018359375000000E+005, 3.1291518750000000E+005, 2.5774575805664062E+002, 1.0819055468750000E+005, 4.6841583251953125E+000
7,1,17,32, 4.5000000000000000E+001, 3.0962771606445312E+002, 8.1749621313065290E-004, 2.9262932366691530E-004, 0.0000000000000000E+000, 3.2514370104763657E-005, 1.0539922368479893E-004, 2.1079844373161905E-005, 1.1376545312500000E+005, 3.2504415625000000E+005, 0.0000000000000000E+000, 1.1376545312500000E+005, 6.1530101299285889E-001, 7.8545939922332764E-001, 4.2947027343750000E+004, 4.0000000000000000E+002, 0.0000000000000000E+000, 0.0000000000000000E+000, 0.0000000000000000E+000, 3.0987329101562500E+002, 7.5677776476368308E-004, 2.4071088409982622E-004, 5.4391025017253014E-009, 3.8161790143931285E-005, 1.9353286188561469E-004, 3.0951458029448986E-005, 4.8756625000000000E+005, 3.2704421875000000E+005, 8.7096778869628906E+001, 1.1318910156250000E+005, 1.0966475009918213E+000
7,1,18,32, 4.5000000000000000E+001, 3.1253295898437500E+002, 7.6712010195478797E-004, 1.7765650409273803E-004, 0.0000000000000000E+000, 1.9739611161639914E-005, 6.7274115281179547E-005, 1.3454821782943327E-005, 1.1900821093750000E+005, 3.4002343750000000E+005, 0.0000000000000000E+000, 1.1900821093750000E+005, 5.8819472789764404E-001, 7.7431833744049072E-001, 4.0852476562500000E+004, 4.0000000000000000E+002, 0.0000000000000000E+000, 0.0000000000000000E+000, 0.0000000000000000E+000, 3.1276119995117188E+002, 7.0920179132372141E-004, 1.5045558393467218E-004, 1.5771310923895498E-009, 2.5586170522728935E-005, 1.3313972158357501E-004, 2.0973839127691463E-005, 5.1003518750000000E+005, 3.4155696875000000E+005, 2.5349426269531250E+001, 1.1842657031250000E+005,-2.5453662872314453E+000
7,1,19,32, 4.5000000000000000E+001, 3.1545770263671875E+002, 7.1897020097821951E-004, 1.0152508184546605E-004, 0.0000000000000000E+000, 1.1280564649496228E-005, 4.1222316212952137E-005, 8.2444630606914870E-006, 1.2448950781250000E+005, 3.5568431250000000E+005, 0.0000000000000000E+000, 1.2448950781250000E+005, 5.6229639053344727E-001, 7.6333528757095337E-001, 3.8860078125000000E+004, 4.0000000000000000E+002, 0.0000000000000000E+000, 0.0000000000000000E+000, 0.0000000000000000E+000, 3.1567126464843750E+002, 6.6393491579219699E-004, 9.0984271082561463E-005, 3.9394998374575607E-010, 1.6973724996205419E-005, 9.1360110673122108E-005, 1.4166995242703706E-005, 5.3352643750000000E+005, 3.5657359375000000E+005, 6.3545331954956055E+000, 1.2391115625000000E+005,-6.2061247825622559E+000
7,1,20,32, 4.5000000000000000E+001, 3.1840194702148438E+002, 6.7301100352779031E-004, 5.4612766689388081E-005, 0.0000000000000000E+000, 6.0680849855998531E-006, 2.4248809495475143E-005, 4.8497618081455585E-006, 1.3022003125000000E+005, 3.7205725000000000E+005, 0.0000000000000000E+000, 1.3022003125000000E+005, 5.3755170106887817E-001, 7.5250798463821411E-001, 3.6964851562500000E+004, 4.0000000000000000E+002, 0.0000000000000000E+000, 0.0000000000000000E+000, 0.0000000000000000E+000, 3.1860241699218750E+002, 6.2086666002869606E-004, 5.5812695791246369E-005, 8.4767408370378661E-011, 1.1300081496301573E-005, 6.2764418544247746E-005, 9.5388895715586841E-006, 5.5808587500000000E+005, 3.7229446875000000E+005, 1.3719627857208252E+000, 1.2851268750000000E+005,-9.8561992645263672E+000
7,1,21,32, 4.5000000000000000E+001, 3.2136553955078125E+002, 6.2920310301706195E-004, 2.7653124561766163E-005, 0.0000000000000000E+000, 3.0725693704880541E-006, 1.3693743312614970E-005, 2.7387484351493185E-006, 1.3621092187500000E+005, 3.8917406250000000E+005, 0.0000000000000000E+000, 1.3621092187500000E+005, 5.1390886306762695E-001, 7.4183434247970581E-001, 3.5162054687500000E+004, 4.0000000000000000E+002, 0.0000000000000000E+000, 0.0000000000000000E+000, 0.0000000000000000E+000, 3.2155398559570312E+002, 5.7991407811641693E-004, 3.7699450331274420E-005, 1.5711484196989645E-011, 7.5859379649045877E-006, 4.3356583773856983E-005, 6.0847414715681225E-006, 5.8376112500000000E+005, 3.8893500000000000E+005, 2.5511771440505981E-001, 1.1601400000000000E+005,-1.3452311515808105E+001
7,1,22,32, 4.5000000000000000E+001, 3.2434854125976562E+002, 5.8750540483742952E-004, 1.3180230780562852E-005, 0.0000000000000000E+000, 1.4644700740973349E-006, 7.4238250817870721E-006, 1.4847648799332092E-006, 1.4247382812500000E+005, 4.0706809375000000E+005, 0.0000000000000000E+000, 1.4247382812500000E+005, 4.9131828546524048E-001, 7.3131203651428223E-001, 3.3447179687500000E+004, 4.0000000000000000E+002, 0.0000000000000000E+000, 0.0000000000000000E+000, 0.0000000000000000E+000, 3.2452551269531250E+002, 5.4100702982395887E-004, 3.0455572414211929E-005, 2.5083654771329567E-012, 5.1116694521624595E-006, 3.0237297323765233E-005, 3.1812066936254269E-006, 6.1060212500000000E+005, 4.0661143750000000E+005, 4.0857620537281036E-002, 6.2716511718750000E+004,-1.6935203552246094E+001
7,1,23,32, 4.5000000000000000E+001, 3.2735086059570312E+002, 5.4787728004157543E-004, 5.9133108152309433E-006, 0.0000000000000000E+000, 6.5703449081411236E-007, 3.8637281249975786E-006, 7.7274557952478062E-007, 1.4902089062500000E+005, 4.2577396875000000E+005, 0.0000000000000000E+000, 1.4902089062500000E+005, 4.6973279118537903E-001, 7.2093898057937622E-001, 3.1815941406250000E+004, 4.0000000000000000E+002, 0.0000000000000000E+000, 0.0000000000000000E+000, 0.0000000000000000E+000, 3.2751754760742188E+002, 5.0411536358296871E-004, 2.7431082344264723E-005, 3.4493518067876816E-013, 3.9572687455802225E-006, 2.1317557184374891E-005, 1.5978491774149006E-006, 6.3866100000000000E+005, 4.2528712500000000E+005, 5.6355479173362255E-003, 3.2547074218750000E+004,-2.0328762054443359E+001
7,1,24,32, 4.5000000000000000E+001, 3.3037240600585938E+002, 5.1025912398472428E-004, 2.4972773644549306E-006, 0.0000000000000000E+000, 2.7747526587518223E-007, 1.9304543457110412E-006, 3.8609081798313127E-007, 1.5586476562500000E+005, 4.4532790625000000E+005, 0.0000000000000000E+000, 1.5586476562500000E+005, 4.4910725951194763E-001, 7.1071308851242065E-001, 3.0264261718750000E+004, 4.0000000000000000E+002, 0.0000000000000000E+000, 0.0000000000000000E+000, 0.0000000000000000E+000, 3.3052957153320312E+002, 4.6916279825381935E-004, 2.6477575374883600E-005, 4.0395380725317953E-014, 3.3619228361203568E-006, 1.5154997527133673E-005, 7.7054176017554710E-007, 6.6799181250000000E+005, 4.4487062500000000E+005, 6.6725409124046564E-004, 1.6214527343750000E+004,-2.3638149261474609E+001
7,1,25,32, 4.5000000000000000E+001, 3.3341317749023438E+002, 4.7461083158850670E-004, 9.9273268006072612E-007, 0.0000000000000000E+000, 1.1030363111785846E-007, 9.2594706302406848E-007, 1.8518940692047181E-007, 1.6301870312500000E+005, 4.6576775000000000E+005, 0.0000000000000000E+000, 1.6301870312500000E+005, 4.2939856648445129E-001, 7.0063221454620361E-001, 2.8788255859375000E+004, 4.0000000000000000E+002, 0.0000000000000000E+000, 0.0000000000000000E+000, 0.0000000000000000E+000, 3.3356130981445312E+002, 4.3608335545286536E-004, 2.6604171580402181E-005, 0.0000000000000000E+000, 2.6858492674364243E-006, 1.0822722288139630E-005, 3.5664635333887418E-007, 6.9865162500000000E+005, 4.6533293750000000E+005, 0.0000000000000000E+000, 7.7546059570312500E+003,-2.6861238479614258E+001
7,1,26,32, 4.5000000000000000E+001, 3.3647299194335938E+002, 4.4086994603276253E-004, 3.7147236753298785E-007, 0.0000000000000000E+000, 4.1274706319427423E-008, 4.2636926878003578E-007, 8.5273846650579799E-008, 1.7049646875000000E+005, 4.8713278125000000E+005, 0.0000000000000000E+000, 1.7049646875000000E+005, 4.1056567430496216E-001, 6.9069433212280273E-001, 2.7384236328125000E+004, 4.0000000000000000E+002, 0.0000000000000000E+000, 0.0000000000000000E+000, 0.0000000000000000E+000, 3.3662548828125000E+002, 4.0482118492946029E-004, 0.0000000000000000E+000, 0.0000000000000000E+000, 2.8902068152092397E-005, 7.7362028605421074E-006, 1.5841489187096158E-007, 7.3069918750000000E+005, 4.8670356250000000E+005, 0.0000000000000000E+000, 3.5602338867187500E+003,-2.9961856842041016E+001
7,1,27,32, 4.5000000000000000E+001, 3.3955187988281250E+002, 4.0897668804973364E-004, 1.3084279260056064E-007, 0.0000000000000000E+000, 1.4538088066728960E-008, 1.8847778449071484E-007, 3.7695553345429289E-008, 1.7831253125000000E+005, 5.0946437500000000E+005, 0.0000000000000000E+000, 1.7831253125000000E+005, 3.9256915450096130E-001, 6.8089741468429565E-001, 2.6048689453125000E+004, 4.0000000000000000E+002, 0.0000000000000000E+000, 0.0000000000000000E+000, 0.0000000000000000E+000, 3.3969641113281250E+002, 3.7531019188463688E-004, 0.0000000000000000E+000, 0.0000000000000000E+000, 2.8343987651169300E-005, 5.4436536629509646E-006, 6.7525220970310329E-008, 7.6419656250000000E+005, 5.0171028125000000E+005, 0.0000000000000000E+000, 1.5691411132812500E+003,-3.2888507843017578E+001
7,1,28,32, 4.5000000000000000E+001, 3.4264971923828125E+002, 3.7887471262365580E-004, 4.3381234604566998E-008, 0.0000000000000000E+000, 4.8201371782852220E-009, 7.9984886269812705E-008, 1.5996976188148437E-008, 1.8648185937500000E+005, 5.3280531250000000E+005, 0.0000000000000000E+000, 1.8648185937500000E+005, 3.7537163496017456E-001, 6.7123943567276001E-001, 2.4778281250000000E+004, 4.0000000000000000E+002, 0.0000000000000000E+000, 0.0000000000000000E+000, 0.0000000000000000E+000, 3.4278652954101562E+002, 3.4747386234812438E-004, 0.0000000000000000E+000, 0.0000000000000000E+000, 2.9027203709119931E-005, 2.4124788069457281E-006, 2.7622691689543899E-008, 7.9920793750000000E+005, 2.5004957812500000E+005, 0.0000000000000000E+000, 6.6390856933593750E+002,-3.5000000000000000E+001
7,1,29,32, 4.5000000000000000E+001, 3.4576638793945312E+002, 3.5049306461587548E-004, 1.3538897114528936E-008, 0.0000000000000000E+000, 1.5043218892785148E-009, 3.2585877107749184E-008, 6.5171747998249430E-009, 1.9502015625000000E+005, 5.5720043750000000E+005, 0.0000000000000000E+000, 1.9502015625000000E+005, 3.5893726348876953E-001, 6.6171848773956299E-001, 2.3569832031250000E+004, 4.0000000000000000E+002, 0.0000000000000000E+000, 0.0000000000000000E+000, 0.0000000000000000E+000, 3.4589566040039062E+002, 3.2127689337357879E-004, 0.0000000000000000E+000, 0.0000000000000000E+000, 2.8326294341241010E-005, 9.2638254045596113E-007, 1.0844074083138366E-008, 8.3580062500000000E+005, 1.0179077343750000E+005, 0.0000000000000000E+000, 2.6966091918945312E+002,-3.5000000000000000E+001
7,1,30,32, 4.5000000000000000E+001, 3.4890182495117188E+002, 3.2377368188463151E-004, 3.9773357940475762E-009, 0.0000000000000000E+000, 4.4192619008676104E-010, 1.2744528099517538E-008, 2.5489053090410607E-009, 2.0394381250000000E+005, 5.8269662500000000E+005, 0.0000000000000000E+000, 2.0394381250000000E+005, 3.4323179721832275E-001, 6.5233254432678223E-001, 2.2420314453125000E+004, 4.0000000000000000E+002, 0.0000000000000000E+000, 0.0000000000000000E+000, 0.0000000000000000E+000, 3.4902374267578125E+002, 2.9663933673873544E-004, 0.0000000000000000E+000, 0.0000000000000000E+000, 2.6858326236833818E-005, 3.4084348499163752E-007, 4.0862491168525139E-009, 8.7404487500000000E+005, 3.9779898437500000E+004, 0.0000000000000000E+000, 1.0514494323730469E+002,-3.5000000000000000E+001
7,1,31,32, 4.5000000000000000E+001, 3.5205584716796875E+002, 2.9865378746762872E-004, 1.0998435495679360E-009, 0.0000000000000000E+000, 1.2220482958902323E-010, 4.7851176354640756E-009, 9.5702346047943365E-010, 2.1326979687500000E+005, 6.0934225000000000E+005, 0.0000000000000000E+000, 2.1326979687500000E+005, 3.2822275161743164E-001, 6.4307975769042969E-001, 2.1326863281250000E+004, 4.0000000000000000E+002, 0.0000000000000000E+000, 0.0000000000000000E+000, 0.0000000000000000E+000, 3.5217068481445312E+002, 2.7349023730494082E-004, 0.0000000000000000E+000, 0.0000000000000000E+000, 2.5178438590955921E-005, 1.2014754702249775E-007, 1.4779935053610416E-009, 9.1401343750000000E+005, 1.4924331054687500E+004, 0.0000000000000000E+000, 3.9356838226318359E+001,-3.5000000000000000E+001
7,1,32,32, 4.5000000000000000E+001, 3.5522845458984375E+002, 2.7505122125148773E-004, 2.8628513448758497E-010, 0.0000000000000000E+000, 3.1809461314979970E-011, 1.7247859807056898E-009, 3.4495717393667746E-010, 2.2301603125000000E+005, 6.3718868750000000E+005, 0.0000000000000000E+000, 2.2301603125000000E+005, 3.1387877464294434E-001, 6.3395822048187256E-001, 2.0286738281250000E+004, 4.0000000000000000E+002, 0.0000000000000000E+000, 0.0000000000000000E+000, 0.0000000000000000E+000, 3.5533615112304688E+002, 2.5176804047077894E-004, 0.0000000000000000E+000, 0.0000000000000000E+000, 2.2945951059227809E-005, 3.9755892800030779E-008, 4.6508058515470907E-010, 9.5578300000000000E+005, 5.3171704101562500E+003, 0.0000000000000000E+000, 1.3577889442443848E+001,-3.5000000000000000E+001
8,1,1,32, 4.5000000000000000E+001, 2.6581088256835938E+002, 1.8673437880352139E-003, 0.0000000000000000E+000, 0.0000000000000000E+000, 1.1486913717817515E-004, 2.1574943093582988E-004, 0.0000000000000000E+000, 1.1486914062500000E+003, 1.1818660937500000E+005, 0.0000000000000000E+000, 0.0000000000000000E+000, 1.2691793441772461E+000, 9.8716795444488525E-001, 9.5580367187500000E+004, 4.0000000000000000E+002, 0.0000000000000000E+000, 0.0000000000000000E+000, 0.0000000000000000E+000, 2.6602313232421875E+002, 1.7912513576447964E-003, 2.0798974219360389E-005, 0.0000000000000000E+000, 7.2759576141834259E-012, 3.9605415076948702E-004, 0.0000000000000000E+000, 1.0803540499182418E-004, 1.1908181250000000E+005, 0.0000000000000000E+000, 0.0000000000000000E+000, 1.4531710624694824E+001
8,1,2,32, 4.5000000000000000E+001, 2.6840237426757812E+002, 1.7833871534094214E-003, 0.0000000000000000E+000, 0.0000000000000000E+000, 1.8357118824496865E-004, 2.6459470973350108E-004, 0.0000000000000000E+000, 1.8357119140625000E+003, 1.2367797656250000E+005, 0.0000000000000000E+000, 0.0000000000000000E+000, 1.2128270864486694E+000, 9.7316581010818481E-001, 9.0918859375000000E+004, 4.0000000000000000E+002, 0.0000000000000000E+000, 0.0000000000000000E+000, 0.0000000000000000E+000, 2.6861288452148438E+002, 1.7103893915191293E-003, 8.9863160610548221E-006, 0.0000000000000000E+000, 0.0000000000000000E+000, 5.2455009426921606E-004, 0.0000000000000000E+000, 0.0000000000000000E+000, 1.2536007031250000E+005, 0.0000000000000000E+000, 0.0000000000000000E+000, 1.6552593231201172E+001
8,1,3,32, 4.5000000000000000E+001, 2.7101336669921875E+002, 1.7015163321048021E-003, 0.0000000000000000E+000, 0.0000000000000000E+000, 2.7614340069703758E-004, 3.1152029987424612E-004, 0.0000000000000000E+000, 2.7614340820312500E+003, 1.2942173437500000E+005, 0.0000000000000000E+000, 0.0000000000000000E+000, 1.1590015888214111E+000, 9.5936226844787598E-001, 8.6484695312500000E+004, 4.0000000000000000E+002, 0.0000000000000000E+000, 0.0000000000000000E+000, 0.0000000000000000E+000, 2.7122872924804688E+002, 1.6290289349853992E-003, 0.0000000000000000E+000, 0.0000000000000000E+000, 0.0000000000000000E+000, 6.7419314291328192E-004, 0.0000000000000000E+000, 0.0000000000000000E+000, 1.3222996875000000E+005, 0.0000000000000000E+000, 0.0000000000000000E+000, 1.8304201126098633E+001
8,1,4,32, 4.5000000000000000E+001, 2.7364392089843750E+002, 1.6217755619436502E-003, 0.0000000000000000E+000, 0.0000000000000000E+000, 3.9101517177186906E-004, 3.5209939233027399E-004, 0.0000000000000000E+000, 3.9101516113281250E+003, 1.3542937500000000E+005, 0.0000000000000000E+000, 0.0000000000000000E+000, 1.1075884103775024E+000, 9.4575452804565430E-001, 8.2266789062500000E+004, 4.0000000000000000E+002, 0.0000000000000000E+000, 0.0000000000000000E+000, 0.0000000000000000E+000, 2.7388619995117188E+002, 1.5414749504998326E-003, 0.0000000000000000E+000, 0.0000000000000000E+000, 0.0000000000000000E+000, 8.3797215484082699E-004, 0.0000000000000000E+000, 0.0000000000000000E+000, 1.3969256250000000E+005, 0.0000000000000000E+000, 0.0000000000000000E+000, 1.9757827758789062E+001
8,1,5,32, 4.5000000000000000E+001, 2.7629412841796875E+002, 1.5442020958289504E-003, 0.0000000000000000E+000, 0.0000000000000000E+000, 5.2117242012172937E-004, 3.8204796146601439E-004, 0.0000000000000000E+000, 5.2117241210937500E+003, 1.4171284375000000E+005, 0.0000000000000000E+000, 0.0000000000000000E+000, 1.0584784746170044E+000, 9.3233978748321533E-001, 7.8254585937500000E+004, 4.0000000000000000E+002, 0.0000000000000000E+000, 0.0000000000000000E+000, 0.0000000000000000E+000, 2.7656066894531250E+002, 1.4572006184607744E-003, 0.0000000000000000E+000, 0.0000000000000000E+000, 0.0000000000000000E+000, 1.0035715531557798E-003, 0.0000000000000000E+000, 0.0000000000000000E+000, 1.4767320312500000E+005, 0.0000000000000000E+000, 0.0000000000000000E+000, 2.0886194229125977E+001
8,1,6,32, 4.5000000000000000E+001, 2.7896389770507812E+002, 1.4688173541799188E-003, 0.0000000000000000E+000, 0.0000000000000000E+000, 6.5388018265366554E-004, 3.9796438068151474E-004, 0.0000000000000000E+000, 6.5388017578125000E+003, 1.4828459375000000E+005, 0.0000000000000000E+000, 0.0000000000000000E+000, 1.0115683078765869E+000, 9.1911536455154419E-001, 7.4438070312500000E+004, 4.0000000000000000E+002, 0.0000000000000000E+000, 0.0000000000000000E+000, 0.0000000000000000E+000, 2.7925054931640625E+002, 1.3766697375103831E-003, 0.0000000000000000E+000, 0.0000000000000000E+000, 0.0000000000000000E+000, 1.1540624545887113E-003, 0.0000000000000000E+000, 0.0000000000000000E+000, 1.5601642187500000E+005, 0.0000000000000000E+000, 0.0000000000000000E+000, 2.1664546966552734E+001
8,1,7,32, 4.5000000000000000E+001, 2.8165328979492188E+002, 1.3956503244116902E-003, 0.0000000000000000E+000, 0.0000000000000000E+000, 7.7222473919391632E-004, 3.9796438068151474E-004, 0.0000000000000000E+000, 7.7222475585937500E+003, 1.5515771875000000E+005, 0.0000000000000000E+000, 0.0000000000000000E+000, 9.6675819158554077E-001, 9.0607851743698120E-001, 7.0807687500000000E+004, 4.0000000000000000E+002, 0.0000000000000000E+000, 0.0000000000000000E+000, 0.0000000000000000E+000, 2.8195452880859375E+002, 1.3002995401620865E-003, 0.0000000000000000E+000, 0.0000000000000000E+000, 0.0000000000000000E+000, 1.2703133979812264E-003, 0.0000000000000000E+000, 0.0000000000000000E+000, 1.6450585937500000E+005, 0.0000000000000000E+000, 0.0000000000000000E+000, 2.2071645736694336E+001
8,1,8,32, 4.5000000000000000E+001, 2.8436236572265625E+002, 1.3247189344838262E-003, 0.0000000000000000E+000, 0.0000000000000000E+000, 8.5845624562352896E-004, 3.8204796146601439E-004, 0.0000000000000000E+000, 8.5845625000000000E+003, 1.6234585937500000E+005, 0.0000000000000000E+000, 0.0000000000000000E+000, 9.2395335435867310E-001, 8.9322650432586670E-001, 6.7354351562500000E+004, 4.0000000000000000E+002, 0.0000000000000000E+000, 0.0000000000000000E+000, 0.0000000000000000E+000, 2.8467141723632812E+002, 1.2283844407647848E-003, 0.0000000000000000E+000, 0.0000000000000000E+000, 0.0000000000000000E+000, 1.3348481152206659E-003, 0.0000000000000000E+000, 0.0000000000000000E+000, 1.7290885937500000E+005, 0.0000000000000000E+000, 0.0000000000000000E+000, 2.2089452743530273E+001
8,1,9,32, 4.5000000000000000E+001, 2.8709106445312500E+002, 1.2560376198962331E-003, 0.0000000000000000E+000, 0.0000000000000000E+000, 8.9830026263371110E-004, 3.5209939233027399E-004, 0.0000000000000000E+000, 8.9830029296875000E+003, 1.6986320312500000E+005, 0.0000000000000000E+000, 0.0000000000000000E+000, 8.8306355476379395E-001, 8.8055688142776489E-001, 6.4069441406250000E+004, 4.0000000000000000E+002, 0.0000000000000000E+000, 0.0000000000000000E+000, 0.0000000000000000E+000, 2.8740048217773438E+002, 1.1610505171120167E-003, 0.0000000000000000E+000, 0.0000000000000000E+000, 0.0000000000000000E+000, 1.3361418386921287E-003, 0.0000000000000000E+000, 0.0000000000000000E+000, 1.8103568750000000E+005, 0.0000000000000000E+000, 0.0000000000000000E+000, 2.1702325820922852E+001
8,1,10,32, 4.5000000000000000E+001, 2.8983941650390625E+002, 1.1896154610440135E-003, 0.0000000000000000E+000, 0.0000000000000000E+000, 8.8481762213632464E-004, 3.1152029987424612E-004, 0.0000000000000000E+000, 8.8481757812500000E+003, 1.7772462500000000E+005, 0.0000000000000000E+000, 0.0000000000000000E+000, 8.4400230646133423E-001, 8.6806690692901611E-001, 6.0944734375000000E+004, 4.0000000000000000E+002, 0.0000000000000000E+000, 0.0000000000000000E+000, 0.0000000000000000E+000, 2.9014175415039062E+002, 1.0982209350913763E-003, 0.0000000000000000E+000, 0.0000000000000000E+000, 0.0000000000000000E+000, 1.2719165533781052E-003, 0.0000000000000000E+000, 0.0000000000000000E+000, 1.8879426562500000E+005, 0.0000000000000000E+000, 0.0000000000000000E+000, 2.0896306991577148E+001
8,1,11,32, 4.5000000000000000E+001, 2.9260742187500000E+002, 1.1254568817093968E-003, 0.0000000000000000E+000, 0.0000000000000000E+000, 8.2037958782166243E-004, 2.6459470973350108E-004, 0.0000000000000000E+000, 8.2037958984375000E+003, 1.8594562500000000E+005, 0.0000000000000000E+000, 0.0000000000000000E+000, 8.0668741464614868E-001, 8.5575407743453979E-001, 5.7972425781250000E+004, 4.0000000000000000E+002, 0.0000000000000000E+000, 0.0000000000000000E+000, 0.0000000000000000E+000, 2.9289575195312500E+002, 1.0396199068054557E-003, 0.0000000000000000E+000, 0.0000000000000000E+000, 0.0000000000000000E+000, 1.1501604458317161E-003, 0.0000000000000000E+000, 0.0000000000000000E+000, 1.9622045312500000E+005, 0.0000000000000000E+000, 0.0000000000000000E+000, 1.9659025192260742E+001
8,1,12,32, 4.5000000000000000E+001, 2.9539508056640625E+002, 1.0635646758601069E-003, 0.0000000000000000E+000, 0.0000000000000000E+000, 7.1598647627979517E-004, 2.1574943093582988E-004, 0.0000000000000000E+000, 7.1598647460937500E+003, 1.9454246875000000E+005, 0.0000000000000000E+000, 0.0000000000000000E+000, 7.7103984355926514E-001, 8.4361594915390015E-001, 5.5145078125000000E+004, 4.0000000000000000E+002, 0.0000000000000000E+000, 0.0000000000000000E+000, 0.0000000000000000E+000, 2.9566369628906250E+002, 9.8481308668851852E-004, 0.0000000000000000E+000, 0.0000000000000000E+000, 0.0000000000000000E+000, 9.8738435190171003E-004, 0.0000000000000000E+000, 0.0000000000000000E+000, 2.0347198437500000E+005, 0.0000000000000000E+000, 0.0000000000000000E+000, 1.7980411529541016E+001
8,1,13,32, 4.5000000000000000E+001, 2.9820239257812500E+002, 1.0039331391453743E-003, 0.0000000000000000E+000, 0.0000000000000000E+000, 5.8819819241762161E-004, 1.6888529353309423E-004, 0.0000000000000000E+000, 5.8819819335937500E+003, 2.0353204687500000E+005, 0.0000000000000000E+000, 0.0000000000000000E+000, 7.3698467016220093E-001, 8.3164995908737183E-001, 5.2455621093750000E+004, 4.0000000000000000E+002, 0.0000000000000000E+000, 0.0000000000000000E+000, 0.0000000000000000E+000, 2.9844711303710938E+002, 9.3326997011899948E-004, 0.0000000000000000E+000, 0.0000000000000000E+000, 0.0000000000000000E+000, 8.0466852523386478E-004, 0.0000000000000000E+000, 0.0000000000000000E+000, 2.1078826562500000E+005, 0.0000000000000000E+000, 0.0000000000000000E+000, 1.5854177474975586E+001
8,1,14,32, 4.5000000000000000E+001, 3.0102932739257812E+002, 9.4655243447050452E-004, 0.0000000000000000E+000, 0.0000000000000000E+000, 4.5485334703698754E-004, 1.2691346637438983E-004, 0.0000000000000000E+000, 4.5485336914062500E+003, 2.1293204687500000E+005, 0.0000000000000000E+000, 0.0000000000000000E+000, 7.0445007085800171E-001, 8.1985372304916382E-001, 4.9897328125000000E+004, 4.0000000000000000E+002, 0.0000000000000000E+000, 0.0000000000000000E+000, 0.0000000000000000E+000, 3.0124777221679688E+002, 8.8444672292098403E-004, 0.0000000000000000E+000, 0.0000000000000000E+000, 0.0000000000000000E+000, 6.2288163462653756E-004, 0.0000000000000000E+000, 0.0000000000000000E+000, 2.1843143750000000E+005, 0.0000000000000000E+000, 0.0000000000000000E+000, 1.3279948234558105E+001
8,1,15,32, 4.5000000000000000E+001, 3.0387588500976562E+002, 8.9141092030331492E-004, 0.0000000000000000E+000, 0.0000000000000000E+000, 3.3109149080701172E-004, 9.1558184067253023E-005, 0.0000000000000000E+000, 3.3109147949218750E+003, 2.2276092187500000E+005, 0.0000000000000000E+000, 0.0000000000000000E+000, 6.7336767911911011E-001, 8.0822473764419556E-001, 4.7463804687500000E+004, 4.0000000000000000E+002, 0.0000000000000000E+000, 0.0000000000000000E+000, 0.0000000000000000E+000, 3.0406713867187500E+002, 8.3785358583554626E-004, 0.0000000000000000E+000, 0.0000000000000000E+000, 0.0000000000000000E+000, 4.5862782280892134E-004, 0.0000000000000000E+000, 0.0000000000000000E+000, 2.2662976562500000E+005, 0.0000000000000000E+000, 0.0000000000000000E+000, 1.0265831947326660E+001
8,1,16,32, 4.5000000000000000E+001, 3.0674200439453125E+002, 8.3849026123061776E-004, 0.0000000000000000E+000, 0.0000000000000000E+000, 2.2685769363306463E-004, 6.3410407165065408E-005, 0.0000000000000000E+000, 2.2685769042968750E+003, 2.3303784375000000E+005, 0.0000000000000000E+000, 0.0000000000000000E+000, 6.4367228746414185E-001, 7.9676079750061035E-001, 4.5148972656250000E+004, 4.0000000000000000E+002, 0.0000000000000000E+000, 0.0000000000000000E+000, 0.0000000000000000E+000, 3.0690661621093750E+002, 7.9309847205877304E-004, 0.0000000000000000E+000, 0.0000000000000000E+000, 0.0000000000000000E+000, 3.2200617715716362E-004, 0.0000000000000000E+000, 0.0000000000000000E+000, 2.3554115625000000E+005, 0.0000000000000000E+000, 0.0000000000000000E+000, 6.8313469886779785E+000
8,1,17,32, 4.5000000000000000E+001, 3.0962771606445312E+002, 7.8776903683319688E-004, 0.0000000000000000E+000, 0.0000000000000000E+000, 1.4631466183345765E-004, 4.2159688746323809E-005, 0.0000000000000000E+000, 1.4631466064453125E+003, 2.4378312500000000E+005, 0.0000000000000000E+000, 0.0000000000000000E+000, 6.1530101299285889E-001, 7.8545939922332764E-001, 4.2947027343750000E+004, 4.0000000000000000E+002, 0.0000000000000000E+000, 0.0000000000000000E+000, 0.0000000000000000E+000, 3.0976715087890625E+002, 7.4990204302594066E-004, 1.9611025303678531E-010, 0.0000000000000000E+000, 0.0000000000000000E+000, 2.1645209926646203E-004, 0.0000000000000000E+000, 0.0000000000000000E+000, 2.4524401562500000E+005, 0.0000000000000000E+000, 0.0000000000000000E+000, 3.0111429691314697E+000
8,1,18,32, 4.5000000000000000E+001, 3.1253295898437500E+002, 7.3922477895393968E-004, 0.0000000000000000E+000, 0.0000000000000000E+000, 8.8828252046369016E-005, 2.6909643565886654E-005, 0.0000000000000000E+000, 8.8828253173828125E+002, 2.5501759375000000E+005, 0.0000000000000000E+000, 0.0000000000000000E+000, 5.8819472789764404E-001, 7.7431833744049072E-001, 4.0852476562500000E+004, 4.0000000000000000E+002, 0.0000000000000000E+000, 0.0000000000000000E+000, 0.0000000000000000E+000, 3.1266262817382812E+002, 7.0407957537099719E-004, 4.0139448174159043E-006, 0.0000000000000000E+000, 0.0000000000000000E+000, 1.4015704800840467E-004, 0.0000000000000000E+000, 0.0000000000000000E+000, 2.5574975000000000E+005, 0.0000000000000000E+000, 0.0000000000000000E+000,-1.1404602527618408E+000
8,1,19,32, 4.5000000000000000E+001, 3.1545770263671875E+002, 6.9282582262530923E-004, 0.0000000000000000E+000, 0.0000000000000000E+000, 5.0762540922733024E-005, 1.6488926121382974E-005, 0.0000000000000000E+000, 5.0762539672851562E+002, 2.6676321875000000E+005, 0.0000000000000000E+000, 0.0000000000000000E+000, 5.6229639053344727E-001, 7.6333528757095337E-001, 3.8860078125000000E+004, 4.0000000000000000E+002, 0.0000000000000000E+000, 0.0000000000000000E+000, 0.0000000000000000E+000, 3.1558059692382812E+002, 6.5953307785093784E-004, 8.0478193922317587E-006, 0.0000000000000000E+000, 0.0000000000000000E+000, 8.8204127678181976E-005, 0.0000000000000000E+000, 0.0000000000000000E+000, 2.6702868750000000E+005, 0.0000000000000000E+000, 0.0000000000000000E+000,-5.5435590744018555E+000
8,1,20,32, 4.5000000000000000E+001, 3.1840194702148438E+002, 6.4853782532736659E-004, 0.0000000000000000E+000, 0.0000000000000000E+000, 2.7306383344694041E-005, 9.6995236162911169E-006, 0.0000000000000000E+000, 2.7306384277343750E+002, 2.7904293750000000E+005, 0.0000000000000000E+000, 0.0000000000000000E+000, 5.3755170106887817E-001, 7.5250798463821411E-001, 3.6964851562500000E+004, 4.0000000000000000E+002, 0.0000000000000000E+000, 0.0000000000000000E+000, 0.0000000000000000E+000, 3.1851831054687500E+002, 6.1705708503723145E-004, 1.1276501936663408E-005, 0.0000000000000000E+000, 1.8189894035458565E-012, 5.2973617130191997E-005, 0.0000000000000000E+000, 2.7008851247956045E-005, 2.7941990625000000E+005, 0.0000000000000000E+000, 0.0000000000000000E+000,-1.0357861518859863E+001
8,1,21,32, 4.5000000000000000E+001, 3.2136553955078125E+002, 6.0632289387285709E-004, 0.0000000000000000E+000, 0.0000000000000000E+000, 1.3826562280883081E-005, 5.4774968702986371E-006, 0.0000000000000000E+000, 1.3826562500000000E+002, 2.9188056250000000E+005, 0.0000000000000000E+000, 0.0000000000000000E+000, 5.1390886306762695E-001, 7.4183434247970581E-001, 3.5162054687500000E+004, 4.0000000000000000E+002, 0.0000000000000000E+000, 0.0000000000000000E+000, 0.0000000000000000E+000, 3.2147573852539062E+002, 5.7661661412566900E-004, 1.3565481822297443E-005, 0.0000000000000000E+000, 9.0949470177292824E-013, 3.4798085835063830E-005, 0.0000000000000000E+000, 1.3504425623978022E-005, 3.7658978125000000E+005, 0.0000000000000000E+000, 0.0000000000000000E+000,-1.5477693557739258E+001
8,1,22,32, 4.5000000000000000E+001, 3.2434854125976562E+002, 5.6614150526002049E-004, 0.0000000000000000E+000, 0.0000000000000000E+000, 6.5901153902814258E-006, 2.9695297598664183E-006, 0.0000000000000000E+000, 6.5901153564453125E+001, 3.0530106250000000E+005, 0.0000000000000000E+000, 0.0000000000000000E+000, 4.9131828546524048E-001, 7.3131203651428223E-001, 3.3447179687500000E+004, 4.0000000000000000E+002, 0.0000000000000000E+000, 0.0000000000000000E+000, 0.0000000000000000E+000, 3.2445294189453125E+002, 5.3816440049558878E-004, 1.4974892110330984E-005, 0.0000000000000000E+000, 0.0000000000000000E+000, 2.2200851162779145E-005, 0.0000000000000000E+000, 0.0000000000000000E+000, 5.6733850000000000E+005, 0.0000000000000000E+000, 0.0000000000000000E+000,-2.1268869400024414E+001
8,1,23,32, 4.5000000000000000E+001, 3.2735086059570312E+002, 5.2795442752540112E-004, 0.0000000000000000E+000, 0.0000000000000000E+000, 2.9566554076154716E-006, 1.5454911590495612E-006, 0.0000000000000000E+000, 2.9566555023193359E+001, 3.1933050000000000E+005, 0.0000000000000000E+000, 0.0000000000000000E+000, 4.6973279118537903E-001, 7.2093898057937622E-001, 3.1815941406250000E+004, 4.0000000000000000E+002, 0.0000000000000000E+000, 0.0000000000000000E+000, 0.0000000000000000E+000, 3.2744979858398438E+002, 5.0165271386504173E-004, 1.5587500456604175E-005, 0.0000000000000000E+000, 0.0000000000000000E+000, 1.4984880181145854E-005, 0.0000000000000000E+000, 0.0000000000000000E+000, 8.5461693750000000E+005, 0.0000000000000000E+000, 0.0000000000000000E+000,-2.6380331039428711E+001
8,1,24,32, 4.5000000000000000E+001, 3.3037240600585938E+002, 4.9170420970767736E-004, 0.0000000000000000E+000, 0.0000000000000000E+000, 1.2486386822274653E-006, 7.7218163596626255E-007, 0.0000000000000000E+000, 1.2486387252807617E+001, 3.3399593750000000E+005, 0.0000000000000000E+000, 0.0000000000000000E+000, 4.4910725951194763E-001, 7.1071308851242065E-001, 3.0264261718750000E+004, 4.0000000000000000E+002, 0.0000000000000000E+000, 0.0000000000000000E+000, 0.0000000000000000E+000, 3.3046615600585938E+002, 4.6702614054083824E-004, 1.5750263628433459E-005, 0.0000000000000000E+000, 0.0000000000000000E+000, 1.0789593943627551E-005, 0.0000000000000000E+000, 0.0000000000000000E+000, 1.1129440000000000E+006, 0.0000000000000000E+000, 0.0000000000000000E+000,-3.0000602722167969E+001
8,1,25,32, 4.5000000000000000E+001, 3.3341317749023438E+002, 4.5735220192000270E-004, 0.0000000000000000E+000, 0.0000000000000000E+000, 4.9636634003036306E-007, 3.7037881384094362E-007, 0.0000000000000000E+000, 4.9636635780334473E+000, 3.4932581250000000E+005, 0.0000000000000000E+000, 0.0000000000000000E+000, 4.2939856648445129E-001, 7.0063221454620361E-001, 2.8788255859375000E+004, 4.0000000000000000E+002, 0.0000000000000000E+000, 0.0000000000000000E+000, 0.0000000000000000E+000, 3.3350180053710938E+002, 4.3422658927738667E-004, 1.5940438970574178E-005, 0.0000000000000000E+000, 0.0000000000000000E+000, 7.9408046076423489E-006, 0.0000000000000000E+000, 0.0000000000000000E+000, 1.1641017500000000E+006, 0.0000000000000000E+000, 0.0000000000000000E+000,-3.2247127532958984E+001
8,1,26,32, 4.5000000000000000E+001, 3.3647299194335938E+002, 4.2483827564865351E-004, 0.0000000000000000E+000, 0.0000000000000000E+000, 1.8573618376649392E-007, 1.7054769330115960E-007, 0.0000000000000000E+000, 1.8573617935180664E+000, 3.6534959375000000E+005, 0.0000000000000000E+000, 0.0000000000000000E+000, 4.1056567430496216E-001, 6.9069433212280273E-001, 2.7384236328125000E+004, 4.0000000000000000E+002, 0.0000000000000000E+000, 0.0000000000000000E+000, 0.0000000000000000E+000, 3.3656439208984375E+002, 4.0320763946510851E-004, 0.0000000000000000E+000, 0.0000000000000000E+000, 1.5784919014549814E-005, 6.0877541727677453E-006, 0.0000000000000000E+000, 7.3069918750000000E+005, 1.2140495000000000E+006, 0.0000000000000000E+000, 0.0000000000000000E+000,-3.3836071014404297E+001
8,1,27,32, 4.5000000000000000E+001, 3.3955187988281250E+002, 3.9410477620549500E-004, 0.0000000000000000E+000, 0.0000000000000000E+000, 6.5421396300280321E-008, 7.5391106690858578E-008, 0.0000000000000000E+000, 6.5421396493911743E-001, 3.8209828125000000E+005, 0.0000000000000000E+000, 0.0000000000000000E+000, 3.9256915450096130E-001, 6.8089741468429565E-001, 2.6048689453125000E+004, 4.0000000000000000E+002, 0.0000000000000000E+000, 0.0000000000000000E+000, 0.0000000000000000E+000, 3.3963854980468750E+002, 3.7390203215181828E-004, 0.0000000000000000E+000, 0.0000000000000000E+000, 1.5839983461773954E-005, 4.4279940993874334E-006, 0.0000000000000000E+000, 7.6419656250000000E+005, 1.2698015000000000E+006, 0.0000000000000000E+000, 0.0000000000000000E+000,-3.5000000000000000E+001
8,1,28,32, 4.5000000000000000E+001, 3.4264971923828125E+002, 3.6509742494672537E-004, 0.0000000000000000E+000, 0.0000000000000000E+000, 2.1690617302283499E-008, 3.1993952376296875E-008, 0.0000000000000000E+000, 2.1690617501735687E-001, 3.9960396875000000E+005, 0.0000000000000000E+000, 0.0000000000000000E+000, 3.7537163496017456E-001, 6.7123943567276001E-001, 2.4778281250000000E+004, 4.0000000000000000E+002, 0.0000000000000000E+000, 0.0000000000000000E+000, 0.0000000000000000E+000, 3.4273175048828125E+002, 3.4626564593054354E-004, 0.0000000000000000E+000, 0.0000000000000000E+000, 1.5372743291663937E-005, 3.4809918361133896E-006, 0.0000000000000000E+000, 7.9920793750000000E+005, 1.3303170000000000E+006, 0.0000000000000000E+000, 0.0000000000000000E+000,-3.5000000000000000E+001
8,1,29,32, 4.5000000000000000E+001, 3.4576638793945312E+002, 3.3774782787077129E-004, 0.0000000000000000E+000, 0.0000000000000000E+000, 6.7694485572644680E-009, 1.3034349599649886E-008, 0.0000000000000000E+000, 6.7694485187530518E-002, 4.1790031250000000E+005, 0.0000000000000000E+000, 0.0000000000000000E+000, 3.5893726348876953E-001, 6.6171848773956299E-001, 2.3569832031250000E+004, 4.0000000000000000E+002, 0.0000000000000000E+000, 0.0000000000000000E+000, 0.0000000000000000E+000, 3.4584390258789062E+002, 3.2022758387029171E-004, 0.0000000000000000E+000, 0.0000000000000000E+000, 1.4350140190799721E-005, 3.1771739941177657E-006, 0.0000000000000000E+000, 8.3580062500000000E+005, 1.3922972500000000E+006, 0.0000000000000000E+000, 0.0000000000000000E+000,-3.5000000000000000E+001
8,1,30,32, 4.5000000000000000E+001, 3.4890182495117188E+002, 3.1200007651932538E-004, 0.0000000000000000E+000, 0.0000000000000000E+000, 1.9886678970237881E-009, 5.0978106180821214E-009, 0.0000000000000000E+000, 1.9886678084731102E-002, 4.3702243750000000E+005, 0.0000000000000000E+000, 0.0000000000000000E+000, 3.4323179721832275E-001, 6.5233254432678223E-001, 2.2420314453125000E+004, 4.0000000000000000E+002, 0.0000000000000000E+000, 0.0000000000000000E+000, 0.0000000000000000E+000, 3.4897491455078125E+002, 2.9573423671536148E-004, 0.0000000000000000E+000, 0.0000000000000000E+000, 1.3123663848091383E-005, 3.1444169508176856E-006, 0.0000000000000000E+000, 8.7404487500000000E+005, 1.4564732500000000E+006, 0.0000000000000000E+000, 0.0000000000000000E+000,-3.5000000000000000E+001
8,1,31,32, 4.5000000000000000E+001, 3.5205584716796875E+002, 2.8779363492503762E-004, 0.0000000000000000E+000, 0.0000000000000000E+000, 5.4992177478396798E-010, 1.9140469209588673E-009, 0.0000000000000000E+000, 5.4992176592350006E-003, 4.5700671875000000E+005, 0.0000000000000000E+000, 0.0000000000000000E+000, 3.2822275161743164E-001, 6.4307975769042969E-001, 2.1326863281250000E+004, 4.0000000000000000E+002, 0.0000000000000000E+000, 0.0000000000000000E+000, 0.0000000000000000E+000, 3.5212463378906250E+002, 2.7270955615676939E-004, 0.0000000000000000E+000, 0.0000000000000000E+000, 1.1862064638989978E-005, 3.2227667361439671E-006, 0.0000000000000000E+000, 9.1401343750000000E+005, 1.5232710000000000E+006, 0.0000000000000000E+000, 0.0000000000000000E+000,-3.5000000000000000E+001
8,1,32,32, 4.5000000000000000E+001, 3.5522845458984375E+002, 2.6504934066906571E-004, 0.0000000000000000E+000, 0.0000000000000000E+000, 1.4314256724379248E-010, 6.8991434787335493E-010, 0.0000000000000000E+000, 1.4314256841316819E-003, 4.7789150000000000E+005, 0.0000000000000000E+000, 0.0000000000000000E+000, 3.1387877464294434E-001, 6.3395822048187256E-001, 2.0286738281250000E+004, 4.0000000000000000E+002, 0.0000000000000000E+000, 0.0000000000000000E+000, 0.0000000000000000E+000, 3.5529309082031250E+002, 2.5109472335316241E-004, 0.0000000000000000E+000, 0.0000000000000000E+000, 1.0607293916109484E-005, 3.3286719371972140E-006, 0.0000000000000000E+000, 9.5578300000000000E+005, 1.5907757500000000E+006, 0.0000000000000000E+000, 0.0000000000000000E+000,-3.5000000000000000E+001
9,1,1,32, 9.0000000000000000E+001, 2.8995251464843750E+002, 1.1086825281381607E-002, 1.0887996904784814E-004, 1.0036609601229429E-003, 4.3551983253564686E-005, 1.0036609601229429E-003, 7.5274572009220719E-004, 8.4993187500000000E+004, 2.5497954687500000E+005, 1.6998636250000000E+006, 1.2748977343750000E+005, 1.1765649318695068E+000, 9.9158483743667603E-001, 9.7085546875000000E+004, 1.5000000000000000E+002, 0.0000000000000000E+000, 0.0000000000000000E+000, 0.0000000000000000E+000, 2.9012622070312500E+002, 1.0771183297038078E-002, 3.6504678428173065E-004, 4.2251348495483398E-003, 0.0000000000000000E+000, 1.1641532182693481E-010, 0.0000000000000000E+000, 0.0000000000000000E+000, 3.1250000000000000E-002, 7.5377585937500000E+004, 0.0000000000000000E+000, 4.3029804229736328E+001
9,1,2,32, 9.0000000000000000E+001, 2.9052142333984375E+002, 1.0595368221402168E-002, 1.3166056305635720E-004, 1.0939020430669188E-003, 5.2664217946585268E-005, 1.0939020430669188E-003, 8.2042650319635868E-004, 8.6308156250000000E+004, 2.5892446875000000E+005, 1.7261631250000000E+006, 1.2946223437500000E+005, 1.1586390733718872E+000, 9.8628699779510498E-001, 9.5282148437500000E+004, 1.5000000000000000E+002, 0.0000000000000000E+000, 0.0000000000000000E+000, 0.0000000000000000E+000, 2.9066009521484375E+002, 1.0271899402141571E-002, 3.7337024696171284E-004, 4.5154332183301449E-003, 0.0000000000000000E+000, 0.0000000000000000E+000, 0.0000000000000000E+000, 0.0000000000000000E+000, 0.0000000000000000E+000, 6.5672019958496094E+001, 0.0000000000000000E+000, 7.4142875671386719E+001
9,1,3,32, 9.0000000000000000E+001, 2.9108810424804688E+002, 1.0121004655957222E-002, 1.5785888535901904E-004, 1.1854333570227027E-003, 6.3143546867650002E-005, 1.1854333570227027E-003, 8.8907493045553565E-004, 8.7642460937500000E+004, 2.6292737500000000E+005, 1.7528492500000000E+006, 1.3146368750000000E+005, 1.1409994363784790E+000, 9.8101741075515747E-001, 9.3512250000000000E+004, 1.5000000000000000E+002, 0.0000000000000000E+000, 0.0000000000000000E+000, 0.0000000000000000E+000, 2.9118939208984375E+002, 9.7900005057454109E-003, 3.7832025554962456E-004, 4.7929380089044571E-003, 0.0000000000000000E+000, 0.0000000000000000E+000, 0.0000000000000000E+000, 0.0000000000000000E+000, 0.0000000000000000E+000, 6.9708023071289062E+001, 0.0000000000000000E+000, 7.4339149475097656E+001
9,1,4,32, 9.0000000000000000E+001, 2.9165246582031250E+002, 9.6633480861783028E-003, 1.8766705761663616E-004, 1.2772708432748914E-003, 7.5066811405122280E-005, 1.2772708432748914E-003, 9.5795310335233808E-004, 8.8996351562500000E+004, 2.6698903125000000E+005, 1.7799270000000000E+006, 1.3349451562500000E+005, 1.1236416101455688E+000, 9.7577601671218872E-001, 9.1775234375000000E+004, 1.5000000000000000E+002, 0.0000000000000000E+000, 0.0000000000000000E+000, 0.0000000000000000E+000, 2.9171417236328125E+002, 9.3252584338188171E-003, 3.7875096313655376E-004, 5.0560291856527328E-003, 0.0000000000000000E+000, 0.0000000000000000E+000, 5.8207660913467407E-011, 0.0000000000000000E+000, 0.0000000000000000E+000, 7.3534400939941406E+001, 2.5733431812113849E-006, 7.4508438110351562E+001
9,1,5,32, 9.0000000000000000E+001, 2.9221450805664062E+002, 9.2220073565840721E-003, 2.2121399524621665E-004, 1.3683467404916883E-003, 8.8485590822529048E-005, 1.3683467404916883E-003, 1.0262600844725966E-003, 9.0370101562500000E+004, 2.7111028125000000E+005, 1.8074020000000000E+006, 1.3555514062500000E+005, 1.1065607070922852E+000, 9.7056263685226440E-001, 9.0070476562500000E+004, 1.5000000000000000E+002, 0.0000000000000000E+000, 0.0000000000000000E+000, 0.0000000000000000E+000, 2.9223455810546875E+002, 8.8774571195244789E-003, 3.7347240140661597E-004, 5.3023630753159523E-003, 0.0000000000000000E+000, 0.0000000000000000E+000, 0.0000000000000000E+000, 0.0000000000000000E+000, 0.0000000000000000E+000, 7.7117057800292969E+001, 0.0000000000000000E+000, 7.4652214050292969E+001
9,1,6,32, 9.0000000000000000E+001, 2.9277420043945312E+002, 8.7966118007898331E-003, 2.5854900013655424E-004, 1.4575266977772117E-003, 1.0341958841308951E-004, 1.4575266977772117E-003, 1.0931449942290783E-003, 9.1763984375000000E+004, 2.7529193750000000E+005, 1.8352796250000000E+006, 1.3764596875000000E+005, 1.0897521972656250E+000, 9.6537709236145020E-001, 8.8397390625000000E+004, 1.5000000000000000E+002, 0.0000000000000000E+000, 0.0000000000000000E+000, 0.0000000000000000E+000, 2.9275079345703125E+002, 8.4463795647025108E-003, 3.6151858512312174E-004, 5.5286558344960213E-003, 0.0000000000000000E+000, 0.0000000000000000E+000, 0.0000000000000000E+000, 0.0000000000000000E+000, 0.0000000000000000E+000, 8.0408233642578125E+001, 0.0000000000000000E+000, 7.4770851135253906E+001
9,1,7,32, 9.0000000000000000E+001, 2.9333145141601562E+002, 8.3867358043789864E-003, 2.9962541884742677E-004, 1.5436332905665040E-003, 1.1985015589743853E-004, 1.5436332905665040E-003, 1.1577248806133866E-003, 9.3178242187500000E+004, 2.7953471875000000E+005, 1.8635648750000000E+006, 1.3976735937500000E+005, 1.0732119083404541E+000, 9.6021926403045654E-001, 8.6755382812500000E+004, 1.5000000000000000E+002, 0.0000000000000000E+000, 0.0000000000000000E+000, 0.0000000000000000E+000, 2.9326296997070312E+002, 8.0317743122577667E-003, 3.5494717303663492E-004, 5.7313647121191025E-003, 0.0000000000000000E+000, 0.0000000000000000E+000, 0.0000000000000000E+000, 0.0000000000000000E+000, 0.0000000000000000E+000, 8.3356414794921875E+001, 0.0000000000000000E+000, 7.4864341735839844E+001
9,1,8,32, 9.0000000000000000E+001, 2.9388623046875000E+002, 7.9920208081603050E-003, 3.4428661456331611E-004, 1.6254701185971498E-003, 1.3771464000456035E-004, 1.6254701185971498E-003, 1.2191025307402015E-003, 9.4613156250000000E+004, 2.8383946875000000E+005, 1.8922631250000000E+006, 1.4191973437500000E+005, 1.0569354295730591E+000, 9.5508897304534912E-001, 8.5143875000000000E+004, 1.5000000000000000E+002, 0.0000000000000000E+000, 0.0000000000000000E+000, 0.0000000000000000E+000, 2.9377151489257812E+002, 7.6334215700626373E-003, 3.5856963950209320E-004, 5.9070955030620098E-003, 0.0000000000000000E+000, 0.0000000000000000E+000, 1.1641532182693481E-010, 0.0000000000000000E+000, 0.0000000000000000E+000, 8.5912223815917969E+001, 5.1466863624227699E-006, 7.4932556152343750E+001
9,1,9,32, 9.0000000000000000E+001, 2.9443850708007812E+002, 7.6120817102491856E-003, 3.9225388900376856E-004, 1.7018492799252272E-003, 1.5690154395997524E-004, 1.7018492799252272E-003, 1.2763869017362595E-003, 9.6069015625000000E+004, 2.8820703125000000E+005, 1.9213802500000000E+006, 1.4410351562500000E+005, 1.0409183502197266E+000, 9.4998610019683838E-001, 8.3562304687500000E+004, 1.5000000000000000E+002, 0.0000000000000000E+000, 0.0000000000000000E+000, 0.0000000000000000E+000, 2.9427673339843750E+002, 7.2510801255702972E-003, 3.6095653194934130E-004, 4.6021458692848682E-003, 0.0000000000000000E+000, 0.0000000000000000E+000, 3.4540425986051559E-007, 0.0000000000000000E+000, 0.0000000000000000E+000, 6.6933166503906250E+001, 1.4062500000000000E-001, 7.3785446166992188E+001
9,1,10,32, 9.0000000000000000E+001, 2.9498822021484375E+002, 7.2465436533093452E-003, 4.4311862438917160E-004, 1.7716194270178676E-003, 1.7724743520375341E-004, 1.7716194270178676E-003, 1.3287145411595702E-003, 9.7546093750000000E+004, 2.9263828125000000E+005, 1.9509218750000000E+006, 1.4631914062500000E+005, 1.0251563787460327E+000, 9.4491052627563477E-001, 8.2010109375000000E+004, 1.5000000000000000E+002, 0.0000000000000000E+000, 0.0000000000000000E+000, 0.0000000000000000E+000, 2.9477911376953125E+002, 6.8844715133309364E-003, 3.6201073089614511E-004, 2.3583094589412212E-003, 0.0000000000000000E+000, 1.1641532182693481E-010, 8.2735205069184303E-006, 0.0000000000000000E+000, 3.1250000000000000E-002, 3.4299022674560547E+001, 8.0000000000000000E+000, 7.0819023132324219E+001
9,1,11,32, 9.0000000000000000E+001, 2.9553543090820312E+002, 6.8950452841818333E-003, 4.9633899470791221E-004, 1.8336945213377476E-003, 1.9853557751048356E-004, 1.8336945213377476E-003, 1.3752708910033107E-003, 9.9044695312500000E+004, 2.9713406250000000E+005, 1.9808938750000000E+006, 1.4856703125000000E+005, 1.0096452236175537E+000, 9.3986201286315918E-001, 8.0486742187500000E+004, 1.5000000000000000E+002, 0.0000000000000000E+000, 0.0000000000000000E+000, 0.0000000000000000E+000, 2.9527905273437500E+002, 6.5333391539752483E-003, 3.6162830656394362E-004, 8.6114805890247226E-004, 0.0000000000000000E+000, 1.1641532182693481E-010, 8.5970037616789341E-005, 0.0000000000000000E+000, 3.1250000000000000E-002, 1.2524454116821289E+001, 2.0645312500000000E+002, 6.6383079528808594E+001
9,1,12,32, 9.0000000000000000E+001, 2.9607992553710938E+002, 6.5571828745305538E-003, 5.5124209029600024E-004, 1.8870822386816144E-003, 2.2049681865610182E-004, 1.8870822386816144E-003, 1.4153115916997194E-003, 1.0056504687500000E+005, 3.0169515625000000E+005, 2.0113010000000000E+006, 1.5084757812500000E+005, 9.9438124895095825E-001, 9.3484050035476685E-001, 7.8991671875000000E+004, 1.5000000000000000E+002, 0.0000000000000000E+000, 0.0000000000000000E+000, 0.0000000000000000E+000, 2.9577703857421875E+002, 6.1973333358764648E-003, 3.5975588252767920E-004, 3.4692784538492560E-004, 0.0000000000000000E+000, 0.0000000000000000E+000, 5.0634011859074235E-004, 0.0000000000000000E+000, 0.0000000000000000E+000, 5.0456848144531250E+000, 2.9824687500000000E+003, 6.2384555816650391E+001
9,1,13,32, 9.0000000000000000E+001, 2.9662176513671875E+002, 6.2326039187610149E-003, 6.0703250346705317E-004, 1.9309092313051224E-003, 2.4281298101413995E-004, 1.9309092313051224E-003, 1.4481819234788418E-003, 1.0210746875000000E+005, 3.0632240625000000E+005, 2.0421493750000000E+006, 1.5316120312500000E+005, 9.7936028242111206E-001, 9.2984580993652344E-001, 7.7524382812500000E+004, 1.5000000000000000E+002, 0.0000000000000000E+000, 0.0000000000000000E+000, 0.0000000000000000E+000, 2.9627383422851562E+002, 5.8761290274560452E-003, 3.5636583925224841E-004, 2.6097698719240725E-004, 0.0000000000000000E+000, 1.1641532182693481E-010, 1.6880948096513748E-003, 0.0000000000000000E+000, 3.1250000000000000E-002, 3.7956240177154541E+000, 2.3810648437500000E+004, 6.1098361968994141E+001
9,1,14,32, 9.0000000000000000E+001, 2.9716085815429688E+002, 5.9209465980529785E-003, 6.6280714236199856E-004, 1.9644461572170258E-003, 2.6512282784096897E-004, 1.9644461572170258E-003, 1.4733346179127693E-003, 1.0367226562500000E+005, 3.1101678125000000E+005, 2.0734452500000000E+006, 1.5550839062500000E+005, 9.6457815170288086E-001, 9.2487782239913940E-001, 7.6084343750000000E+004, 1.5000000000000000E+002, 0.0000000000000000E+000, 0.0000000000000000E+000, 0.0000000000000000E+000, 2.9677151489257812E+002, 5.5693718604743481E-003, 3.5144618595950305E-004, 2.6575126685202122E-004, 0.0000000000000000E+000, 0.0000000000000000E+000, 3.7947134114801884E-003, 0.0000000000000000E+000, 0.0000000000000000E+000, 3.8650605678558350E+000, 1.1922403906250000E+005, 6.1112083435058594E+001
9,1,15,32, 9.0000000000000000E+001, 2.9769720458984375E+002, 5.6218472309410572E-003, 7.1757624391466379E-004, 1.9871271215379238E-003, 2.8703047428280115E-004, 1.9871271215379238E-003, 1.4903453411534429E-003, 1.0525971875000000E+005, 3.1577915625000000E+005, 2.1051942500000000E+006, 1.5788957812500000E+005, 9.5003104209899902E-001, 9.1993635892868042E-001, 7.4671046875000000E+004, 1.5000000000000000E+002, 0.0000000000000000E+000, 0.0000000000000000E+000, 0.0000000000000000E+000, 2.9728701782226562E+002, 5.2766771987080574E-003, 3.4289530594833195E-004, 2.3159128613770008E-004, 0.0000000000000000E+000, 0.0000000000000000E+000, 5.8881305158138275E-003, 0.0000000000000000E+000, 0.0000000000000000E+000, 3.3682410717010498E+000, 3.6255043750000000E+005, 6.0440246582031250E+001
9,1,16,32, 9.0000000000000000E+001, 2.9823074340820312E+002, 5.3349593654274940E-003, 7.7029044041410089E-004, 1.9985656253993511E-003, 3.0811614124104381E-004, 1.9985656253993511E-003, 1.4989242190495133E-003, 1.0687012500000000E+005, 3.2061037500000000E+005, 2.1374025000000000E+006, 1.6030518750000000E+005, 9.3571519851684570E-001, 9.1502135992050171E-001, 7.3284015625000000E+004, 1.5000000000000000E+002, 0.0000000000000000E+000, 0.0000000000000000E+000, 0.0000000000000000E+000, 2.9990911865234375E+002, 5.1158638671040535E-003, 0.0000000000000000E+000, 0.0000000000000000E+000, 0.0000000000000000E+000, 0.0000000000000000E+000, 6.8267872557044029E-003, 0.0000000000000000E+000, 0.0000000000000000E+000, 0.0000000000000000E+000, 6.3230775000000000E+005, 3.0642301559448242E+001
9,1,17,32, 9.0000000000000000E+001, 2.9876144409179688E+002, 5.0599081441760063E-003, 8.1987300654873252E-004, 1.9985656253993511E-003, 3.2794917933642864E-004, 1.9985656253993511E-003, 1.4989242190495133E-003, 1.0850377343750000E+005, 3.2551131250000000E+005, 2.1700755000000000E+006, 1.6275565625000000E+005, 9.2162692546844482E-001, 9.1013252735137939E-001, 7.1922742187500000E+004, 1.5000000000000000E+002, 0.0000000000000000E+000, 0.0000000000000000E+000, 0.0000000000000000E+000, 3.0057528686523438E+002, 4.8060715198516846E-003, 0.0000000000000000E+000, 0.0000000000000000E+000, 0.0000000000000000E+000, 0.0000000000000000E+000, 6.8415328860282898E-003, 0.0000000000000000E+000, 0.0000000000000000E+000, 0.0000000000000000E+000, 6.4109850000000000E+005, 3.0535427093505859E+001
9,1,18,32, 9.0000000000000000E+001, 2.9928921508789062E+002, 4.7963568940758705E-003, 8.6525542428717017E-004, 1.9871271215379238E-003, 3.4610214061103761E-004, 1.9871271215379238E-003, 1.4903453411534429E-003, 1.1016099218750000E+005, 3.3048296875000000E+005, 2.2032197500000000E+006, 1.6524148437500000E+005, 9.0776234865188599E-001, 9.0526986122131348E-001, 7.0586750000000000E+004, 1.5000000000000000E+002, 0.0000000000000000E+000, 0.0000000000000000E+000, 0.0000000000000000E+000, 3.0121981811523438E+002, 4.5124813914299011E-003, 0.0000000000000000E+000, 0.0000000000000000E+000, 0.0000000000000000E+000, 0.0000000000000000E+000, 6.8139438517391682E-003, 0.0000000000000000E+000, 0.0000000000000000E+000, 0.0000000000000000E+000, 6.4979962500000000E+005, 3.0376350402832031E+001
9,1,19,32, 9.0000000000000000E+001, 2.9981405639648438E+002, 4.5439600944519043E-003, 9.0541492681950331E-004, 1.9644461572170258E-003, 3.6216594162397087E-004, 1.9644461572170258E-003, 1.4733346179127693E-003, 1.1184206250000000E+005, 3.3552618750000000E+005, 2.2368412500000000E+006, 1.6776309375000000E+005, 8.9411801099777222E-001, 9.0043312311172485E-001, 6.9275578125000000E+004, 1.5000000000000000E+002, 0.0000000000000000E+000, 0.0000000000000000E+000, 0.0000000000000000E+000, 3.0184313964843750E+002, 4.2343745008111000E-003, 0.0000000000000000E+000, 0.0000000000000000E+000, 0.0000000000000000E+000, 0.0000000000000000E+000, 6.7450585775077343E-003, 0.0000000000000000E+000, 0.0000000000000000E+000, 0.0000000000000000E+000, 6.5841337500000000E+005, 3.0165685653686523E+001
9,1,20,32, 9.0000000000000000E+001, 3.0033584594726562E+002, 4.3023768812417984E-003, 9.3941309023648500E-004, 1.9309092313051224E-003, 3.7576523027382791E-004, 1.9309092313051224E-003, 1.4481819234788418E-003, 1.1354729687500000E+005, 3.4064187500000000E+005, 2.2709460000000000E+006, 1.7032093750000000E+005, 8.8069027662277222E-001, 8.9562231302261353E-001, 6.7988765625000000E+004, 1.5000000000000000E+002, 0.0000000000000000E+000, 0.0000000000000000E+000, 0.0000000000000000E+000, 3.0244564819335938E+002, 3.9710942655801773E-003, 0.0000000000000000E+000, 0.0000000000000000E+000, 0.0000000000000000E+000, 0.0000000000000000E+000, 6.6366135142743587E-003, 0.0000000000000000E+000, 0.0000000000000000E+000, 0.0000000000000000E+000, 6.6694262500000000E+005, 2.9904005050659180E+001
9,1,21,32, 9.0000000000000000E+001, 3.0085464477539062E+002, 4.0712831541895866E-003, 9.6643180586397648E-004, 1.8870822386816144E-003, 3.8657267577946186E-004, 1.8870822386816144E-003, 1.4153115916997194E-003, 1.1527703906250000E+005, 3.4583112500000000E+005, 2.3055407500000000E+006, 1.7291556250000000E+005, 8.6747545003890991E-001, 8.9083719253540039E-001, 6.6725859375000000E+004, 1.5000000000000000E+002, 0.0000000000000000E+000, 0.0000000000000000E+000, 0.0000000000000000E+000, 3.0302761840820312E+002, 3.7220767699182034E-003, 0.0000000000000000E+000, 0.0000000000000000E+000, 0.0000000000000000E+000, 0.0000000000000000E+000, 6.4912680536508560E-003, 0.0000000000000000E+000, 0.0000000000000000E+000, 0.0000000000000000E+000, 6.7538112500000000E+005, 2.9592277526855469E+001
9,1,22,32, 9.0000000000000000E+001, 3.0137033081054688E+002, 3.8503285031765699E-003, 9.8580587655305862E-004, 1.8336945213377476E-003, 3.9432232733815908E-004, 1.8336945213377476E-003, 1.3752708910033107E-003, 1.1703157812500000E+005, 3.5109471875000000E+005, 2.3406315000000000E+006, 1.7554735937500000E+005, 8.5447025299072266E-001, 8.8607758283615112E-001, 6.5486398437500000E+004, 1.5000000000000000E+002, 0.0000000000000000E+000, 0.0000000000000000E+000, 0.0000000000000000E+000, 3.0358966064453125E+002, 3.4866714850068092E-003, 0.0000000000000000E+000, 0.0000000000000000E+000, 0.0000000000000000E+000, 0.0000000000000000E+000, 6.3126115128397942E-003, 0.0000000000000000E+000, 0.0000000000000000E+000, 0.0000000000000000E+000, 6.8362387500000000E+005, 2.9232606887817383E+001
9,1,23,32, 9.0000000000000000E+001, 3.0188290405273438E+002, 3.6391965113580227E-003, 9.9705066531896591E-004, 1.7716194270178676E-003, 3.9882023702375591E-004, 1.7716194270178676E-003, 1.3287145411595702E-003, 1.1881122656250000E+005, 3.5643368750000000E+005, 2.3762245000000000E+006, 1.7821684375000000E+005, 8.4167128801345825E-001, 8.8134342432022095E-001, 6.4269968750000000E+004, 1.5000000000000000E+002, 0.0000000000000000E+000, 0.0000000000000000E+000, 0.0000000000000000E+000, 3.0413269042968750E+002, 3.2642157748341560E-003, 0.0000000000000000E+000, 0.0000000000000000E+000, 0.0000000000000000E+000, 0.0000000000000000E+000, 6.1041261069476604E-003, 0.0000000000000000E+000, 0.0000000000000000E+000, 0.0000000000000000E+000, 6.9119175000000000E+005, 2.8828701019287109E+001
9,1,24,32, 9.0000000000000000E+001, 3.0239224243164062E+002, 3.4375675022602081E-003, 9.9988188594579697E-004, 1.7018492799252272E-003, 3.9995272527448833E-004, 1.7018492799252272E-003, 1.2763869017362595E-003, 1.2061632031250000E+005, 3.6184896875000000E+005, 2.4123262500000000E+006, 1.8092448437500000E+005, 8.2907521724700928E-001, 8.7663453817367554E-001, 6.3076132812500000E+004, 1.5000000000000000E+002, 0.0000000000000000E+000, 0.0000000000000000E+000, 0.0000000000000000E+000, 3.0465777587890625E+002, 3.0540409497916698E-003, 0.0000000000000000E+000, 0.0000000000000000E+000, 2.5914050638675690E-007, 0.0000000000000000E+000, 5.8672935701906681E-003, 3.8477892875671387E+000, 0.0000000000000000E+000, 0.0000000000000000E+000, 6.9705975000000000E+005, 2.8384077072143555E+001
9,1,25,32, 9.0000000000000000E+001, 3.0289834594726562E+002, 3.2451262231916189E-003, 9.9422759376466274E-004, 1.6254701185971498E-003, 3.9769100840203464E-004, 1.6254701185971498E-003, 1.2191025307402015E-003, 1.2244717187500000E+005, 3.6734153125000000E+005, 2.4489435000000000E+006, 1.8367076562500000E+005, 8.1667870283126831E-001, 8.7195086479187012E-001, 6.1904476562500000E+004, 1.5000000000000000E+002, 0.0000000000000000E+000, 0.0000000000000000E+000, 0.0000000000000000E+000, 3.0516549682617188E+002, 2.8556417673826218E-003, 0.0000000000000000E+000, 0.0000000000000000E+000, 1.8471328075975180E-006, 0.0000000000000000E+000, 5.5959839373826981E-003, 2.7426733016967773E+001, 0.0000000000000000E+000, 0.0000000000000000E+000, 6.9999806250000000E+005, 2.7890563964843750E+001
9,1,26,32, 9.0000000000000000E+001, 3.0340124511718750E+002, 3.0615702271461487E-003, 9.8023109603673220E-004, 1.5436332905665040E-003, 3.9209242095239460E-004, 1.5436332905665040E-003, 1.1577248806133866E-003, 1.2430416406250000E+005, 3.7291250000000000E+005, 2.4860832500000000E+006, 1.8645625000000000E+005, 8.0447828769683838E-001, 8.6729216575622559E-001, 6.0754578125000000E+004, 1.5000000000000000E+002, 0.0000000000000000E+000, 0.0000000000000000E+000, 0.0000000000000000E+000, 3.0565695190429688E+002, 2.6684813201427460E-003, 0.0000000000000000E+000, 0.0000000000000000E+000, 8.4307685028761625E-006, 0.0000000000000000E+000, 5.2957264706492424E-003, 1.2518235015869141E+002, 0.0000000000000000E+000, 0.0000000000000000E+000, 7.0156475000000000E+005, 2.7337985992431641E+001
9,1,27,32, 9.0000000000000000E+001, 3.0390072631835938E+002, 2.8865796048194170E-003, 9.5824553864076734E-004, 1.4575266977772117E-003, 3.8329820381477475E-004, 1.4575266977772117E-003, 1.0931449942290783E-003, 1.2618754687500000E+005, 3.7856262500000000E+005, 2.5237510000000000E+006, 1.8928131250000000E+005, 7.9247123003005981E-001, 8.6265838146209717E-001, 5.9626042968750000E+004, 1.5000000000000000E+002, 0.0000000000000000E+000, 0.0000000000000000E+000, 0.0000000000000000E+000, 3.0613311767578125E+002, 2.4920171126723289E-003, 0.0000000000000000E+000, 0.0000000000000000E+000, 2.4039938580244780E-005, 0.0000000000000000E+000, 4.9729533493518829E-003, 3.5695159912109375E+002, 0.0000000000000000E+000, 0.0000000000000000E+000, 7.0273106250000000E+005, 2.6720851898193359E+001
9,1,28,32, 9.0000000000000000E+001, 3.0439682006835938E+002, 2.7198628522455692E-003, 9.2881830641999841E-004, 1.3683467404916883E-003, 3.7152730510570109E-004, 1.3683467404916883E-003, 1.0262600844725966E-003, 1.2809769531250000E+005, 3.8429306250000000E+005, 2.5619537500000000E+006, 1.9214653125000000E+005, 7.8065419197082520E-001, 8.5804939270019531E-001, 5.8518472656250000E+004, 1.5000000000000000E+002, 0.0000000000000000E+000, 0.0000000000000000E+000, 0.0000000000000000E+000, 3.0659509277343750E+002, 2.3257376160472631E-003, 0.0000000000000000E+000, 0.0000000000000000E+000, 4.1747756768018007E-005, 3.3760443329811096E-008, 4.5992122031748295E-003, 6.1988214111328125E+002, 1.3432851061224937E-002, 0.0000000000000000E+000, 7.0304762500000000E+005, 2.5988948822021484E+001
9,1,29,32, 9.0000000000000000E+001, 3.0488949584960938E+002, 2.5611277669668198E-003, 8.9266884606331587E-004, 1.2772708432748914E-003, 3.5706750350072980E-004, 1.2772708432748914E-003, 9.5795310335233808E-004, 1.3003493750000000E+005, 3.9010481250000000E+005, 2.6006987500000000E+006, 1.9505240625000000E+005, 7.6902407407760620E-001, 8.5346496105194092E-001, 5.7431472656250000E+004, 1.5000000000000000E+002, 0.0000000000000000E+000, 0.0000000000000000E+000, 0.0000000000000000E+000, 3.0704409790039062E+002, 2.1691578440368176E-003, 0.0000000000000000E+000, 0.0000000000000000E+000, 4.6908797230571508E-005, 2.5576446205377579E-007, 4.0390407666563988E-003, 6.9651464843750000E+002, 1.0176542401313782E-001, 0.0000000000000000E+000, 6.9750562500000000E+005, 2.4937303543090820E+001
9,1,30,32, 9.0000000000000000E+001, 3.0537866210937500E+002, 2.4100861046463251E-003, 8.5065909661352634E-004, 1.1854333570227027E-003, 3.4026362118311226E-004, 1.1854333570227027E-003, 8.8907493045553565E-004, 1.3199964062500000E+005, 3.9599890625000000E+005, 2.6399927500000000E+006, 1.9799945312500000E+005, 7.5757783651351929E-001, 8.4890508651733398E-001, 5.6364667968750000E+004, 1.5000000000000000E+002, 0.0000000000000000E+000, 0.0000000000000000E+000, 0.0000000000000000E+000, 3.0748129272460938E+002, 2.0218016579747200E-003, 0.0000000000000000E+000, 0.0000000000000000E+000, 7.4336305260658264E-005, 1.2123491615056992E-006, 3.0636810697615147E-003, 8.0107734375000000E+003, 4.8237833380699158E-001, 0.0000000000000000E+000, 6.6319193750000000E+005, 2.3421419143676758E+001
9,1,31,32, 9.0000000000000000E+001, 3.0586434936523438E+002, 2.2664633579552174E-003, 8.0375996185466647E-004, 1.0939020430669188E-003, 3.2150396145880222E-004, 1.0939020430669188E-003, 8.2042650319635868E-004, 1.3399215625000000E+005, 4.0197646875000000E+005, 2.6798432500000000E+006, 2.0098823437500000E+005, 7.4631232023239136E-001, 8.4436947107315063E-001, 5.5317671875000000E+004, 1.5000000000000000E+002, 0.0000000000000000E+000, 0.0000000000000000E+000, 0.0000000000000000E+000, 3.0790795898437500E+002, 1.8832182977348566E-003, 0.0000000000000000E+000, 0.0000000000000000E+000, 8.8731903815641999E-005, 7.9929595813155174E-006, 1.6738420818001032E-003, 1.6436312500000000E+004, 3.1802968978881836E+000, 0.0000000000000000E+000, 5.3552131250000000E+005, 2.5037618637084961E+001
9,1,32,32, 9.0000000000000000E+001, 3.0634634399414062E+002, 2.1299708168953657E-003, 7.5301364995539188E-004, 1.0036609601229429E-003, 3.0120543669909239E-004, 1.0036609601229429E-003, 7.5274572009220719E-004, 1.3601276562500000E+005, 4.0803831250000000E+005, 2.7202555000000000E+006, 2.0401915625000000E+005, 7.3522508144378662E-001, 8.3985823392868042E-001, 5.4290132812500000E+004, 1.5000000000000000E+002, 0.0000000000000000E+000, 0.0000000000000000E+000, 0.0000000000000000E+000, 3.0832513427734375E+002, 1.7529572360217571E-003, 0.0000000000000000E+000, 0.0000000000000000E+000, 7.9288060078397393E-005, 1.9995612092316151E-005, 4.5715659507550299E-004, 2.3187835937500000E+004, 3.2094937500000000E+004, 0.0000000000000000E+000, 2.5904095312500000E+005, 1.0073989868164062E+001
10,1,1,32, 4.5000000000000000E+001, 2.9249328613281250E+002, 1.2091268785297871E-002, 0.0000000000000000E+000, 1.6181208775378764E-004, 2.5526474928483367E-005, 2.1574943093582988E-004, 0.0000000000000000E+000, 4.3350101562500000E+004, 8.6700203125000000E+004, 8.6700206250000000E+005, 0.0000000000000000E+000, 1.1533998250961304E+000, 9.8716795444488525E-001, 9.5580367187500000E+004, 4.0000000000000000E+002, 0.0000000000000000E+000,-0.0000000000000000E+000, 1.4012984643248171E-045, 2.9276739501953125E+002, 1.1946882121264935E-002, 1.4437652134802192E-004, 4.1334555135108531E-004, 0.0000000000000000E+000, 0.0000000000000000E+000, 0.0000000000000000E+000, 0.0000000000000000E+000, 0.0000000000000000E+000, 9.5677818750000000E+005, 0.0000000000000000E+000, 1.1707734107971191E+001
10,1,2,32, 4.5000000000000000E+001, 2.9411227416992188E+002, 1.0776108130812645E-002, 0.0000000000000000E+000, 1.9844605412799865E-004, 4.0793594962451607E-005, 2.6459470973350108E-004, 0.0000000000000000E+000, 4.5174976562500000E+004, 9.0349953125000000E+004, 9.0349950000000000E+005, 0.0000000000000000E+000, 1.1068074703216553E+000, 9.7316581010818481E-001, 9.0918859375000000E+004, 4.0000000000000000E+002, 9.9999994396249292E-011, 1.0000000133514320E-010, 1.0000000827403710E-010, 2.9436126708984375E+002, 1.0635077022016048E-002, 1.4102071872912347E-004, 5.1418243674561381E-004, 0.0000000000000000E+000, 0.0000000000000000E+000, 0.0000000000000000E+000, 0.0000000000000000E+000, 0.0000000000000000E+000, 9.8971400000000000E+005, 0.0000000000000000E+000, 1.3287121772766113E+001
10,1,3,32, 4.5000000000000000E+001, 2.9571728515625000E+002, 9.5742195844650269E-003, 0.0000000000000000E+000, 2.3364025400951505E-004, 6.1365200963336974E-005, 3.1152029987424612E-004, 0.0000000000000000E+000, 4.7073015625000000E+004, 9.4146031250000000E+004, 9.4146031250000000E+005, 0.0000000000000000E+000, 1.0621796846389771E+000, 9.5936226844787598E-001, 8.6484695312500000E+004, 4.0000000000000000E+002, 2.0000000233721948E-007, 2.9999998929497451E-008, 3.9999998868722741E-009, 2.9593780517578125E+002, 9.4370609149336815E-003, 1.3714819215238094E-004, 6.1576807638630271E-004, 0.0000000000000000E+000, 0.0000000000000000E+000, 0.0000000000000000E+000, 0.0000000000000000E+000, 0.0000000000000000E+000, 1.0282241875000000E+006, 0.0000000000000000E+000, 1.4517258644104004E+001
10,1,4,32, 4.5000000000000000E+001, 2.9730758666992188E+002, 8.4791323170065880E-003, 0.0000000000000000E+000, 2.6407456607557833E-004, 8.6892257968429476E-005, 3.5209939233027399E-004, 0.0000000000000000E+000, 4.9046921875000000E+004, 9.8093843750000000E+004, 9.8093843750000000E+005, 0.0000000000000000E+000, 1.0194319486618042E+000, 9.4575452804565430E-001, 8.2266789062500000E+004, 4.0000000000000000E+002, 5.9999997858994902E-008, 2.9999998929497451E-008, 1.4999999464748726E-008, 2.9749679565429688E+002, 8.3467103540897369E-003, 1.3241085980553180E-004, 7.0982176112011075E-004, 0.0000000000000000E+000, 0.0000000000000000E+000, 0.0000000000000000E+000, 0.0000000000000000E+000, 0.0000000000000000E+000, 1.0689583750000000E+006, 0.0000000000000000E+000, 1.5412749290466309E+001
10,1,5,32, 4.5000000000000000E+001, 2.9888244628906250E+002, 7.4844933114945889E-003, 0.0000000000000000E+000, 2.8653600020334125E-004, 1.1581608850974590E-004, 3.8204796146601439E-004, 0.0000000000000000E+000, 5.1099511718750000E+004, 1.0219902343750000E+005, 1.0219901875000000E+006, 0.0000000000000000E+000, 9.7848296165466309E-001, 9.3233978748321533E-001, 7.8254585937500000E+004, 4.0000000000000000E+002, 7.9999999513802322E-008, 3.9999999756901161E-008, 1.9999999878450581E-008, 2.9903900146484375E+002, 7.3579163290560246E-003, 1.2656518083531410E-004, 7.8740669414401054E-004, 0.0000000000000000E+000, 2.9103830456733704E-011, 0.0000000000000000E+000, 0.0000000000000000E+000, 1.5625000000000000E-002, 1.1120731250000000E+006, 0.0000000000000000E+000, 1.5971271514892578E+001
10,1,6,32, 4.5000000000000000E+001, 3.0044107055664062E+002, 6.5839760936796665E-003, 0.0000000000000000E+000, 2.9847331461496651E-004, 1.4530670887324959E-004, 3.9796438068151474E-004, 0.0000000000000000E+000, 5.3233640625000000E+004, 1.0646728125000000E+005, 1.0646727500000000E+006, 0.0000000000000000E+000, 9.3925571441650391E-001, 9.1911536455154419E-001, 7.4438070312500000E+004, 4.0000000000000000E+002, 1.0000000116860974E-007, 5.0000000584304871E-008, 2.5000000292152436E-008, 3.0056546020507812E+002, 6.4644729718565941E-003, 1.1949112376896665E-004, 8.4017682820558548E-004, 0.0000000000000000E+000, 0.0000000000000000E+000, 0.0000000000000000E+000, 0.0000000000000000E+000, 0.0000000000000000E+000, 1.1597238750000000E+006, 0.0000000000000000E+000, 1.6181442260742188E+001
10,1,7,32, 4.5000000000000000E+001, 3.0198266601562500E+002, 5.7713715359568596E-003, 0.0000000000000000E+000, 2.9847331461496651E-004, 1.7160549759864807E-004, 3.9796438068151474E-004, 0.0000000000000000E+000, 5.5452269531250000E+004, 1.1090453906250000E+005, 1.1090453750000000E+006, 0.0000000000000000E+000, 9.0167635679244995E-001, 9.0607851743698120E-001, 7.0807687500000000E+004, 4.0000000000000000E+002, 1.1999999571798980E-007, 5.9999997858994902E-008, 2.9999998929497451E-008, 3.0207778930664062E+002, 5.6601217947900295E-003, 1.1119075497845188E-004, 7.9470605123788118E-004, 0.0000000000000000E+000, 3.9418082451447845E-005, 2.7503654564497992E-005, 0.0000000000000000E+000, 4.7813125000000000E+003, 1.1934410000000000E+006, 9.5329577636718750E+002, 2.0333196640014648E+001
10,1,8,32, 4.5000000000000000E+001, 3.0350643920898438E+002, 5.0406414084136486E-003, 0.0000000000000000E+000, 2.8653600020334125E-004, 1.9076805619988590E-004, 3.8204796146601439E-004, 0.0000000000000000E+000, 5.7758480468750000E+004, 1.1551696093750000E+005, 1.1551696250000000E+006, 0.0000000000000000E+000, 8.6567372083663940E-001, 8.9322650432586670E-001, 6.7354351562500000E+004, 4.0000000000000000E+002, 0.0000000000000000E+000,-0.0000000000000000E+000, 1.4012984643248171E-045, 3.0375292968750000E+002, 4.9744518473744392E-003, 2.0496125216595829E-005, 1.6372982645407319E-004, 1.6922023496590555E-004, 4.8887508455663919E-004, 7.3808114393614233E-005, 4.9686871093750000E+004, 1.1539307812500000E+005, 9.7381950000000000E+005, 5.8813984375000000E+003, 1.6587100982666016E+001
10,1,9,32, 4.5000000000000000E+001, 3.0501150512695312E+002, 4.3858508579432964E-003, 0.0000000000000000E+000, 2.6407456607557833E-004, 1.9962228543590754E-004, 3.5209939233027399E-004, 0.0000000000000000E+000, 6.0155394531250000E+004, 1.2031078906250000E+005, 1.2031078750000000E+006, 0.0000000000000000E+000, 8.3118063211441040E-001, 8.8055688142776489E-001, 6.4069441406250000E+004, 4.0000000000000000E+002, 9.9999994396249292E-011, 1.0000000133514320E-010, 1.0000000827403710E-010, 3.0524978637695312E+002, 4.3234853073954582E-003, 0.0000000000000000E+000, 1.6130546282511204E-004, 1.8027887563221157E-004, 4.6283233677968383E-004, 6.2028404499869794E-005, 7.4037187500000000E+004, 1.2161784375000000E+005, 1.0302407500000000E+006, 5.5867783203125000E+003, 1.5559611320495605E+001
10,1,10,32, 4.5000000000000000E+001, 3.0649710083007812E+002, 3.8012855220586061E-003, 0.0000000000000000E+000, 2.3364025400951505E-004, 1.9662613340187818E-004, 3.1152029987424612E-004, 0.0000000000000000E+000, 6.2646277343750000E+004, 1.2529255468750000E+005, 1.2529256250000000E+006, 0.0000000000000000E+000, 7.9813200235366821E-001, 8.6806690692901611E-001, 6.0944734375000000E+004, 4.0000000000000000E+002, 2.0000000233721948E-007, 2.9999998929497451E-008, 3.9999998868722741E-009, 3.0677001953125000E+002, 3.7267862353473902E-003, 0.0000000000000000E+000, 1.5355343930423260E-004, 1.7944746650755405E-004, 4.2046024464070797E-004, 4.8393390898127109E-005, 6.1631636718750000E+004, 1.2943252343750000E+005, 1.0944251250000000E+006, 5.2225361328125000E+003, 1.4110338211059570E+001
10,1,11,32, 4.5000000000000000E+001, 3.0796231079101562E+002, 3.2813881989568472E-003, 0.0000000000000000E+000, 1.9844605412799865E-004, 1.8230656860396266E-004, 2.6459470973350108E-004, 0.0000000000000000E+000, 6.5234449218750000E+004, 1.3046889843750000E+005, 1.3046890000000000E+006, 0.0000000000000000E+000, 7.6646620035171509E-001, 8.5575407743453979E-001, 5.7972425781250000E+004, 4.0000000000000000E+002, 5.9999997858994902E-008, 2.9999998929497451E-008, 1.4999999464748726E-008, 3.0825274658203125E+002, 3.2003005035221577E-003, 0.0000000000000000E+000, 1.4081149129197001E-004, 1.6887250239960849E-004, 3.6684825317934155E-004, 3.4783341106958687E-005, 6.1063007812500000E+004, 1.3552937500000000E+005, 1.1626197500000000E+006, 4.7953686523437500E+003, 1.2335824966430664E+001
10,1,12,32, 4.5000000000000000E+001, 3.0940618896484375E+002, 2.8208221774548292E-003, 0.0000000000000000E+000, 1.6181208775378764E-004, 1.5910810907371342E-004, 2.1574943093582988E-004, 0.0000000000000000E+000, 6.7923320312500000E+004, 1.3584664062500000E+005, 1.3584663750000000E+006, 0.0000000000000000E+000, 7.3612421751022339E-001, 8.4361594915390015E-001, 5.5145078125000000E+004, 4.0000000000000000E+002, 7.9999999513802322E-008, 3.9999999756901161E-008, 1.9999999878450581E-008, 3.0969824218750000E+002, 2.7384059503674507E-003, 0.0000000000000000E+000, 1.2352068733889610E-004, 1.5003079897724092E-004, 3.0864565633237362E-004, 2.2853240807307884E-005, 6.5641492187500000E+004, 1.4186843750000000E+005, 1.2353757500000000E+006, 4.1390107421875000E+003, 1.0260604858398438E+001
10,1,13,32, 4.5000000000000000E+001, 3.1082788085937500E+002, 2.4144928902387619E-003, 0.0000000000000000E+000, 1.2666397378779948E-004, 1.3071070134174079E-004, 1.6888529353309423E-004, 0.0000000000000000E+000, 7.0716445312500000E+004, 1.4143289062500000E+005, 1.4143288750000000E+006, 0.0000000000000000E+000, 7.0704913139343262E-001, 8.3164995908737183E-001, 5.2455621093750000E+004, 4.0000000000000000E+002, 1.0000000116860974E-007, 5.0000000584304871E-008, 2.5000000292152436E-008, 3.1110867309570312E+002, 2.3350934498012066E-003, 0.0000000000000000E+000, 1.0296512482455000E-004, 1.2573307321872562E-004, 2.5190634187310934E-004, 1.0901097994064912E-005, 7.0543000000000000E+004, 1.4839314062500000E+005, 1.3107967500000000E+006, 3.0323793945312500E+003, 7.7939991950988770E+000
10,1,14,32, 4.5000000000000000E+001, 3.1222640991210938E+002, 2.0575255621224642E-003, 0.0000000000000000E+000, 9.5185103418771178E-005, 1.0107851994689554E-004, 1.2691346637438983E-004, 0.0000000000000000E+000, 7.3617429687500000E+004, 1.4723485937500000E+005, 1.4723485000000000E+006, 0.0000000000000000E+000, 6.7918699979782104E-001, 8.1985372304916382E-001, 4.9897328125000000E+004, 4.0000000000000000E+002, 1.1999999571798980E-007, 5.9999997858994902E-008, 2.9999998929497451E-008, 3.1248583984375000E+002, 1.9844726193696260E-003, 0.0000000000000000E+000, 8.1444639363326132E-005, 9.9575845524668694E-005, 2.0676385611295700E-004, 6.5117184533391992E-008, 7.5690039062500000E+004, 1.5730381250000000E+005, 1.3877337500000000E+006, 4.7490966796875000E+001, 5.2786836624145508E+000
10,1,15,32, 4.5000000000000000E+001, 3.1360089111328125E+002, 1.7453015316277742E-003, 0.0000000000000000E+000, 6.8668647145386785E-005, 7.3575887654442340E-005, 9.1558184067253023E-005, 0.0000000000000000E+000, 7.6629984375000000E+004, 1.5325996875000000E+005, 1.5325997500000000E+006, 0.0000000000000000E+000, 6.5248608589172363E-001, 8.0822473764419556E-001, 4.7463804687500000E+004, 4.0000000000000000E+002, 0.0000000000000000E+000,-0.0000000000000000E+000, 1.4012984643248171E-045, 3.1382473754882812E+002, 1.6828196821734309E-003, 0.0000000000000000E+000, 6.1303740949369967E-005, 7.3857983807101846E-005, 1.5434883243869990E-004, 1.6312344541802304E-007, 7.0345125000000000E+004, 1.5834353125000000E+005, 1.4640876250000000E+006, 1.7628939819335938E+002, 2.5326361656188965E+000
10,1,16,32, 4.5000000000000000E+001, 3.1495022583007812E+002, 1.4734623255208135E-003, 0.0000000000000000E+000, 4.7557809011777863E-005, 5.0412822020007297E-005, 6.3410407165065408E-005, 0.0000000000000000E+000, 7.9757937500000000E+004, 1.5951587500000000E+005, 1.5951587500000000E+006, 0.0000000000000000E+000, 6.2689685821533203E-001, 7.9676079750061035E-001, 4.5148972656250000E+004, 4.0000000000000000E+002, 9.9999994396249292E-011, 1.0000000133514320E-010, 1.0000000827403710E-010, 3.1514291381835938E+002, 1.4203372411429882E-003, 0.0000000000000000E+000, 4.3571810238063335E-005, 5.2313789637992159E-005, 1.1353114678058773E-004, 4.3692438111975207E-007, 7.4391218750000000E+004, 1.6480765625000000E+005, 1.5359035000000000E+006, 6.3723925781250000E+002,-4.9082323908805847E-001
10,1,17,32, 4.5000000000000000E+001, 3.1627349853515625E+002, 1.2379026738926768E-003, 0.0000000000000000E+000, 3.1619769288226962E-005, 3.2514370104763657E-005, 4.2159688746323809E-005, 0.0000000000000000E+000, 8.3005210937500000E+004, 1.6601042187500000E+005, 1.6601042500000000E+006, 0.0000000000000000E+000, 6.0237181186676025E-001, 7.8545939922332764E-001, 4.2947027343750000E+004, 4.0000000000000000E+002, 2.0000000233721948E-007, 2.9999998929497451E-008, 3.9999998868722741E-009, 3.1643551635742188E+002, 1.1939597316086292E-003, 0.0000000000000000E+000, 2.8471140467445366E-005, 3.5456927435006946E-005, 8.1915073678828776E-005, 1.3965865264253807E-006, 7.9909570312500000E+004, 1.7313487500000000E+005, 1.1362393750000000E+006, 2.2237487792968750E+003,-3.5913162231445312E+000
10,1,18,32, 4.5000000000000000E+001, 3.1756964111328125E+002, 1.0347886709496379E-003, 0.0000000000000000E+000, 2.0182233129162341E-005, 1.9739611161639914E-005, 2.6909643565886654E-005, 0.0000000000000000E+000, 8.6375781250000000E+004, 1.7275156250000000E+005, 1.7275156250000000E+006, 0.0000000000000000E+000, 5.7886594533920288E-001, 7.7431833744049072E-001, 4.0852476562500000E+004, 4.0000000000000000E+002, 5.9999997858994902E-008, 2.9999998929497451E-008, 1.4999999464748726E-008, 3.1770187377929688E+002, 9.9974067416042089E-004, 0.0000000000000000E+000, 1.5412204447784461E-005, 2.3315007638302632E-005, 5.7401775848120451E-005, 4.6388372538785916E-006, 8.7972992187500000E+004, 1.7910845312500000E+005, 6.1507737500000000E+005, 7.4301079101562500E+003,-6.4583611488342285E+000
10,1,19,32, 4.5000000000000000E+001, 3.1883761596679688E+002, 8.6054921848699450E-004, 0.0000000000000000E+000, 1.2366695045784581E-005, 1.1280564649496228E-005, 1.6488926121382974E-005, 0.0000000000000000E+000, 8.9873804687500000E+004, 1.7974760937500000E+005, 1.7974761250000000E+006, 0.0000000000000000E+000, 5.5633562803268433E-001, 7.6333528757095337E-001, 3.8860078125000000E+004, 4.0000000000000000E+002, 7.9999999513802322E-008, 3.9999999756901161E-008, 1.9999999878450581E-008, 3.1894439697265625E+002, 8.3351816283538938E-004, 0.0000000000000000E+000, 2.1562964320764877E-006, 1.4955574442865327E-005, 3.9102611481212080E-005, 8.4848488768329844E-006, 9.4249242187500000E+004, 1.8549759375000000E+005, 8.6054468750000000E+004, 2.2337980468750000E+004,-9.5569047927856445E+000
10,1,20,32, 4.5000000000000000E+001, 3.2007632446289062E+002, 7.1186880813911557E-004, 0.0000000000000000E+000, 7.2746429395920131E-006, 6.0680849855998531E-006, 9.6995236162911169E-006, 0.0000000000000000E+000, 9.3503445312500000E+004, 1.8700689062500000E+005, 1.8700688750000000E+006, 0.0000000000000000E+000, 5.3473967313766479E-001, 7.5250798463821411E-001, 3.6964851562500000E+004, 4.0000000000000000E+002, 1.0000000116860974E-007, 5.0000000584304871E-008, 2.5000000292152436E-008, 3.2015750122070312E+002, 6.9162825820967555E-004, 0.0000000000000000E+000, 0.0000000000000000E+000, 9.4758788691251539E-006, 2.5801422452786937E-005, 6.3146053435048088E-006, 1.0068135937500000E+005, 1.9224517187500000E+005, 0.0000000000000000E+000, 6.5510308593750000E+004,-1.4299481391906738E+001
10,1,21,32, 4.5000000000000000E+001, 3.2128466796875000E+002, 5.8569567045196891E-004, 0.0000000000000000E+000, 4.1081229937844910E-006, 3.0725693704880541E-006, 5.4774968702986371E-006, 0.0000000000000000E+000, 9.7269023437500000E+004, 1.9453804687500000E+005, 1.9453805000000000E+006, 0.0000000000000000E+000, 5.1403826475143433E-001, 7.4183434247970581E-001, 3.5162054687500000E+004, 4.0000000000000000E+002, 1.1999999571798980E-007, 5.9999997858994902E-008, 2.9999998929497451E-008, 3.2134481811523438E+002, 5.7080021360889077E-004, 1.6266717139945541E-011, 0.0000000000000000E+000, 6.1254004322108813E-006, 1.6827927538543008E-005, 3.7756601614091778E-006, 1.8416156250000000E+005, 1.9934806250000000E+005, 0.0000000000000000E+000, 1.5799678125000000E+005,-1.8754415512084961E+001
10,1,22,32, 4.5000000000000000E+001, 3.2246154785156250E+002, 4.7922381781972945E-004, 0.0000000000000000E+000, 2.2271474335866515E-006, 1.4644700740973349E-006, 2.9695297598664183E-006, 0.0000000000000000E+000, 1.0117496093750000E+005, 2.0234992187500000E+005, 2.0234992500000000E+006, 0.0000000000000000E+000, 4.9419340491294861E-001, 7.3131203651428223E-001, 3.3447179687500000E+004, 4.0000000000000000E+002, 0.0000000000000000E+000,-0.0000000000000000E+000, 1.4012984643248171E-045, 3.2251092529296875E+002, 4.6696039498783648E-004, 9.5052280357776908E-007, 0.0000000000000000E+000, 4.6862451199558564E-006, 1.0768102583824657E-005, 2.0375746316858567E-006, 6.0704981250000000E+005, 2.0224507812500000E+005, 0.0000000000000000E+000, 8.5434296875000000E+004,-2.2729648590087891E+001
10,1,23,32, 4.5000000000000000E+001, 3.2360574340820312E+002, 3.8988818414509296E-004, 0.0000000000000000E+000, 1.1591184829740087E-006, 6.5703449081411236E-007, 1.5454911590495612E-006, 0.0000000000000000E+000, 1.0522571093750000E+005, 2.1045142187500000E+005, 2.1045142500000000E+006, 0.0000000000000000E+000, 4.7516903281211853E-001, 7.2093898057937622E-001, 3.1815941406250000E+004, 4.0000000000000000E+002, 9.9999994396249292E-011, 1.0000000133514320E-010, 1.0000000827403710E-010, 3.2364675903320312E+002, 3.7968615652061999E-004, 1.6477008557558293E-006, 0.0000000000000000E+000, 3.6532790090859635E-006, 6.9233233261911664E-006, 1.0543951702857157E-006, 6.3135418750000000E+005, 2.1129937500000000E+005, 0.0000000000000000E+000, 4.4349125000000000E+004,-2.6698465347290039E+001
10,1,24,32, 4.5000000000000000E+001, 3.2471612548828125E+002, 3.1536031747236848E-004, 0.0000000000000000E+000, 5.7913626960726106E-007, 2.7747526587518223E-007, 7.7218163596626255E-007, 0.0000000000000000E+000, 1.0942585937500000E+005, 2.1885171875000000E+005, 2.1885172500000000E+006, 0.0000000000000000E+000, 4.5693036913871765E-001, 7.1071308851242065E-001, 3.0264261718750000E+004, 4.0000000000000000E+002, 2.0000000233721948E-007, 2.9999998929497451E-008, 3.9999998868722741E-009, 3.2475097656250000E+002, 3.0694826273247600E-004, 0.0000000000000000E+000, 0.0000000000000000E+000, 4.9052978283725679E-006, 4.4437651922635268E-006, 5.2366266345416079E-007, 6.5655518750000000E+005, 2.2292342187500000E+005, 0.0000000000000000E+000, 2.2100484375000000E+004,-3.0525463104248047E+001
10,1,25,32, 4.5000000000000000E+001, 3.2579147338867188E+002, 2.5353181990794837E-004, 0.0000000000000000E+000, 2.7778412459156243E-007, 1.1030363111785846E-007, 3.7037881384094362E-007, 0.0000000000000000E+000, 1.1378010937500000E+005, 2.2756021875000000E+005, 2.2756022500000000E+006, 0.0000000000000000E+000, 4.3944412469863892E-001, 7.0063221454620361E-001, 2.8788255859375000E+004, 4.0000000000000000E+002, 5.9999997858994902E-008, 2.9999998929497451E-008, 1.4999999464748726E-008, 3.2582028198242188E+002, 2.4666680837981403E-004, 0.0000000000000000E+000, 0.0000000000000000E+000, 4.4739435907104053E-006, 2.8029630811943207E-006, 2.4964481326605892E-007, 6.8268062500000000E+005, 2.3175746875000000E+005, 0.0000000000000000E+000, 1.0572575195312500E+004,-3.4002067565917969E+001
10,1,26,32, 4.5000000000000000E+001, 3.2683053588867188E+002, 2.0252798276487738E-004, 0.0000000000000000E+000, 1.2791078063401073E-007, 4.1274706319427423E-008, 1.7054769330115960E-007, 0.0000000000000000E+000, 1.1829320312500000E+005, 2.3658640625000000E+005, 2.3658640000000000E+006, 0.0000000000000000E+000, 4.2267856001853943E-001, 6.9069433212280273E-001, 2.7384236328125000E+004, 4.0000000000000000E+002, 7.9999999513802322E-008, 3.9999999756901161E-008, 1.9999999878450581E-008, 3.2685421752929688E+002, 1.9696554227266461E-004, 0.0000000000000000E+000, 0.0000000000000000E+000, 3.9851352084951941E-006, 1.7463447647969588E-006, 1.1424225476730498E-007, 7.0975925000000000E+005, 2.4098721875000000E+005, 0.0000000000000000E+000, 4.8553564453125000E+003,-3.5000000000000000E+001
10,1,27,32, 4.5000000000000000E+001, 3.2783206176757812E+002, 1.6064726514741778E-004, 0.0000000000000000E+000, 5.6543335347214452E-008, 1.4538088066728960E-008, 7.5391106690858578E-008, 0.0000000000000000E+000, 1.2296998437500000E+005, 2.4593996875000000E+005, 2.4593997500000000E+006, 0.0000000000000000E+000, 4.0660327672958374E-001, 6.8089741468429565E-001, 2.6048689453125000E+004, 4.0000000000000000E+002, 1.0000000116860974E-007, 5.0000000584304871E-008, 2.5000000292152436E-008, 3.2785131835937500E+002, 1.5619587793480605E-004, 0.0000000000000000E+000, 0.0000000000000000E+000, 3.4742324714898132E-006, 1.0330805935154785E-006, 5.0184151945131816E-008, 7.3781993750000000E+005, 2.3635498437500000E+005, 0.0000000000000000E+000, 2.1405415039062500E+003,-3.5000000000000000E+001
10,1,28,32, 4.5000000000000000E+001, 3.2879473876953125E+002, 1.2644099479075521E-004, 0.0000000000000000E+000, 2.3995466946757915E-008, 4.8201371782852220E-009, 3.1993952376296875E-008, 0.0000000000000000E+000, 1.2781535156250000E+005, 2.5563070312500000E+005, 2.5563070000000000E+006, 0.0000000000000000E+000, 3.9118930697441101E-001, 6.7123943567276001E-001, 2.4778281250000000E+004, 4.0000000000000000E+002, 1.1999999571798980E-007, 5.9999997858994902E-008, 2.9999998929497451E-008, 3.2881024169921875E+002, 1.2290959421079606E-004, 0.0000000000000000E+000, 0.0000000000000000E+000, 3.1942383884597803E-006, 3.6198190400682506E-007, 2.1161213226150721E-008, 7.6689212500000000E+005, 1.0026730468750000E+005, 0.0000000000000000E+000, 9.0591430664062500E+002,-3.5000000000000000E+001
10,1,29,32, 4.5000000000000000E+001, 3.2971722412109375E+002, 9.8626267572399229E-005, 0.0000000000000000E+000, 9.7757624217820194E-009, 1.5043218892785148E-009, 1.3034349599649886E-008, 0.0000000000000000E+000, 1.3283432812500000E+005, 2.6566865625000000E+005, 2.6566865000000000E+006, 0.0000000000000000E+000, 3.7640872597694397E-001, 6.6171848773956299E-001, 2.3569832031250000E+004, 4.0000000000000000E+002, 0.0000000000000000E+000,-0.0000000000000000E+000, 1.4012984643248171E-045, 3.2972961425781250E+002, 9.5845840405672789E-005, 0.0000000000000000E+000, 0.0000000000000000E+000, 2.6703414732764941E-006, 1.2059318521551177E-007, 8.5653972803356737E-009, 7.9700587500000000E+005, 4.0836492187500000E+004, 0.0000000000000000E+000, 3.6805392456054688E+002,-3.5000000000000000E+001
10,1,30,32, 4.5000000000000000E+001, 3.3059826660156250E+002, 7.6110234658699483E-005, 0.0000000000000000E+000, 3.8233585186731034E-009, 4.4192619008676104E-010, 5.0978106180821214E-009, 0.0000000000000000E+000, 1.3803201562500000E+005, 2.7606403125000000E+005, 2.7606402500000000E+006, 0.0000000000000000E+000, 3.6223480105400085E-001, 6.5233254432678223E-001, 2.2420314453125000E+004, 4.0000000000000000E+002, 9.9999994396249292E-011, 1.0000000133514320E-010, 1.0000000827403710E-010, 3.3061022949218750E+002, 7.3468530899845064E-005, 0.0000000000000000E+000, 0.0000000000000000E+000, 2.6087145670317113E-006, 3.8166760418789636E-008, 3.3280194156048992E-009, 8.2819212500000000E+005, 1.5967246093750000E+004, 0.0000000000000000E+000, 1.4354745483398438E+002,-3.5000000000000000E+001
10,1,31,32, 4.5000000000000000E+001, 3.3143634033203125E+002, 5.8005054597742856E-005, 0.0000000000000000E+000, 1.4355352462303017E-009, 1.2220482958902323E-010, 1.9140469209588673E-009, 0.0000000000000000E+000, 1.4341343750000000E+005, 2.8682687500000000E+005, 2.8682690000000000E+006, 0.0000000000000000E+000, 3.4864234924316406E-001, 6.4307975769042969E-001, 2.1326863281250000E+004, 4.0000000000000000E+002, 2.0000000233721948E-007, 2.9999998929497451E-008, 3.9999998868722741E-009, 3.3144949340820312E+002, 5.5153592256829143E-005, 0.0000000000000000E+000, 0.0000000000000000E+000, 2.8426150038285414E-006, 1.1474358352359104E-008, 1.2412398886496590E-009, 8.6048068750000000E+005, 5.9938779296875000E+003, 0.0000000000000000E+000, 5.3745300292968750E+001,-3.5000000000000000E+001
10,1,32,32, 4.5000000000000000E+001, 3.3223010253906250E+002, 4.3611820728983730E-005, 0.0000000000000000E+000, 5.1743576090501620E-010, 3.1809461314979970E-011, 6.8991434787335493E-010, 0.0000000000000000E+000, 1.4898387500000000E+005, 2.9796775000000000E+005, 2.9796775000000000E+006, 0.0000000000000000E+000, 3.3560678362846375E-001, 6.3395822048187256E-001, 2.0286738281250000E+004, 4.0000000000000000E+002, 5.9999997858994902E-008, 2.9999998929497451E-008, 1.4999999464748726E-008, 3.3224453735351562E+002, 4.0533133869757876E-005, 0.0000000000000000E+000, 0.0000000000000000E+000, 3.0599937872466398E-006, 3.2480398370893226E-009, 4.0673933665580364E-010, 8.9390337500000000E+005, 2.1424545898437500E+003, 0.0000000000000000E+000, 1.7981826782226562E+001,-3.5000000000000000E+001
11,1,1,32, 1.0000000000000000E+001, 2.9249328613281250E+002, 1.0565186850726604E-002, 0.0000000000000000E+000, 0.0000000000000000E+000, 0.0000000000000000E+000, 0.0000000000000000E+000, 0.0000000000000000E+000, 0.0000000000000000E+000, 0.0000000000000000E+000, 0.0000000000000000E+000, 0.0000000000000000E+000, 1.1533998250961304E+000, 9.8716795444488525E-001, 9.5580367187500000E+004, 4.0000000000000000E+002, 0.0000000000000000E+000, 0.0000000000000000E+000, 0.0000000000000000E+000, 2.9249328613281250E+002, 1.0565186850726604E-002, 0.0000000000000000E+000, 0.0000000000000000E+000, 0.0000000000000000E+000, 0.0000000000000000E+000, 0.0000000000000000E+000, 0.0000000000000000E+000, 0.0000000000000000E+000, 0.0000000000000000E+000, 0.0000000000000000E+000,-3.5000000000000000E+001
11,1,2,32, 1.0000000000000000E+001, 2.9411227416992188E+002, 9.4160167500376701E-003,-0.0000000000000000E+000,-0.0000000000000000E+000,-0.0000000000000000E+000,-0.0000000000000000E+000,-0.0000000000000000E+000,-0.0000000000000000E+000,-0.0000000000000000E+000,-0.0000000000000000E+000,-0.0000000000000000E+000, 1.1068074703216553E+000, 9.7316581010818481E-001, 9.0918859375000000E+004, 4.0000000000000000E+002, 0.0000000000000000E+000, 0.0000000000000000E+000, 0.0000000000000000E+000, 2.9411227416992188E+002, 9.4160167500376701E-003, 0.0000000000000000E+000, 0.0000000000000000E+000, 0.0000000000000000E+000, 0.0000000000000000E+000, 0.0000000000000000E+000, 0.0000000000000000E+000, 0.0000000000000000E+000, 0.0000000000000000E+000, 0.0000000000000000E+000,-3.5000000000000000E+001
11,1,3,32, 1.0000000000000000E+001, 2.9571728515625000E+002, 8.3658229559659958E-003, 1.4012984643248171E-045, 1.4012984643248171E-045, 1.4012984643248171E-045, 1.4012984643248171E-045, 1.4012984643248171E-045, 1.4012984643248171E-045, 1.4012984643248171E-045, 1.4012984643248171E-045, 1.4012984643248171E-045, 1.0621796846389771E+000, 9.5936226844787598E-001, 8.6484695312500000E+004, 4.0000000000000000E+002, 0.0000000000000000E+000, 0.0000000000000000E+000, 0.0000000000000000E+000, 2.9571728515625000E+002, 8.3658229559659958E-003, 0.0000000000000000E+000, 0.0000000000000000E+000, 0.0000000000000000E+000, 0.0000000000000000E+000, 0.0000000000000000E+000, 0.0000000000000000E+000, 0.0000000000000000E+000, 0.0000000000000000E+000, 0.0000000000000000E+000,-3.5000000000000000E+001
11,1,4,32, 1.0000000000000000E+001, 2.9730758666992188E+002, 7.4089509434998035E-003, 9.9999989774837532E-015, 9.9999989774837532E-015, 9.9999989774837532E-015, 9.9999989774837532E-015, 9.9999989774837532E-015, 9.9999989774837532E-015, 9.9999989774837532E-015, 9.9999989774837532E-015, 9.9999989774837532E-015, 1.0194319486618042E+000, 9.4575452804565430E-001, 8.2266789062500000E+004, 4.0000000000000000E+002, 0.0000000000000000E+000, 0.0000000000000000E+000, 0.0000000000000000E+000, 2.9730758666992188E+002, 7.4089509434998035E-003, 0.0000000000000000E+000, 0.0000000000000000E+000, 0.0000000000000000E+000, 0.0000000000000000E+000, 0.0000000000000000E+000, 0.0000000000000000E+000, 0.0000000000000000E+000, 0.0000000000000000E+000, 0.0000000000000000E+000,-3.5000000000000000E+001
11,1,5,32, 1.0000000000000000E+001, 2.9888244628906250E+002, 6.5398486331105232E-003, 9.9999998245167004E-015, 9.9999998245167004E-015, 9.9999998245167004E-015, 9.9999998245167004E-015, 9.9999998245167004E-015, 5.1099511718750000E+004, 5.1099511718750000E+004, 5.1099511718750000E+004, 5.1099511718750000E+004, 9.7848296165466309E-001, 9.3233978748321533E-001, 7.8254585937500000E+004, 4.0000000000000000E+002, 0.0000000000000000E+000, 0.0000000000000000E+000, 0.0000000000000000E+000, 2.9888244628906250E+002, 6.5398486331105232E-003, 0.0000000000000000E+000, 1.6046666491235928E-014, 0.0000000000000000E+000, 0.0000000000000000E+000, 0.0000000000000000E+000, 0.0000000000000000E+000, 0.0000000000000000E+000, 6.4015912357717752E-004, 0.0000000000000000E+000,-3.5000000000000000E+001
11,1,6,32, 1.0000000000000000E+001, 3.0044107055664062E+002, 5.7529886253178120E-003, 1.0000000671549648E-014, 1.0000000671549648E-014, 1.0000000671549648E-014, 1.0000000671549648E-014, 1.0000000671549648E-014, 5.3233640625000000E+004, 5.3233640625000000E+004, 5.3233640625000000E+004, 5.3233640625000000E+004, 9.3925571441650391E-001, 9.1911536455154419E-001, 7.4438070312500000E+004, 4.0000000000000000E+002, 0.0000000000000000E+000, 0.0000000000000000E+000, 0.0000000000000000E+000, 3.0044107055664062E+002, 5.7529886253178120E-003, 0.0000000000000000E+000, 2.1329776833667324E-010, 0.0000000000000000E+000, 0.0000000000000000E+000, 0.0000000000000000E+000, 0.0000000000000000E+000, 0.0000000000000000E+000, 8.5123853683471680E+000, 0.0000000000000000E+000,-3.5000000000000000E+001
11,1,7,32, 1.0000000000000000E+001, 3.0198266601562500E+002, 5.0429459661245346E-003, 9.9999999392252903E-009, 9.9999999392252903E-009, 9.9999999392252903E-009, 9.9999999392252903E-009, 9.9999999392252903E-009, 5.5452269531250000E+004, 5.5452269531250000E+004, 5.5452269531250000E+004, 5.5452269531250000E+004, 9.0167635679244995E-001, 9.0607851743698120E-001, 7.0807687500000000E+004, 4.0000000000000000E+002, 0.0000000000000000E+000, 0.0000000000000000E+000, 0.0000000000000000E+000, 3.0198257446289062E+002, 5.0429678522050381E-003, 0.0000000000000000E+000, 3.6363967836905431E-008, 0.0000000000000000E+000, 1.7040571176352159E-009, 1.7918798889127174E-008, 0.0000000000000000E+000, 4.9871387481689453E+001, 1.4512299804687500E+003, 3.6103607177734375E+002,-3.5000000000000000E+001
11,1,8,32, 1.0000000000000000E+001, 3.0350643920898438E+002, 4.4044437818229198E-003, 9.9999999747524271E-007, 9.9999999747524271E-007, 9.9999999747524271E-007, 9.9999999747524271E-007, 9.9999999747524271E-007, 5.7758480468750000E+004, 5.7758480468750000E+004, 5.7758480468750000E+004, 5.7758480468750000E+004, 8.6567372083663940E-001, 8.9322650432586670E-001, 6.7354351562500000E+004, 4.0000000000000000E+002, 0.0000000000000000E+000, 0.0000000000000000E+000, 0.0000000000000000E+000, 3.0349777221679688E+002, 4.4073569588363171E-003, 0.0000000000000000E+000, 6.2549440826842329E-007, 5.8414946124685230E-007, 2.0086793028895045E-007, 6.4714697600720683E-007, 3.3782304687500000E+004, 1.1401546875000000E+004, 2.4962519531250000E+004, 2.8610177734375000E+004,-2.9013225555419922E+001
11,1,9,32, 1.0000000000000000E+001, 3.0501150512695312E+002, 3.8322969339787960E-003, 0.0000000000000000E+000, 0.0000000000000000E+000, 0.0000000000000000E+000, 0.0000000000000000E+000, 0.0000000000000000E+000, 0.0000000000000000E+000, 0.0000000000000000E+000, 0.0000000000000000E+000, 0.0000000000000000E+000, 8.3118063211441040E-001, 8.8055688142776489E-001, 6.4069441406250000E+004, 4.0000000000000000E+002, 0.0000000000000000E+000, 0.0000000000000000E+000, 0.0000000000000000E+000, 3.0501150512695312E+002, 3.8322969339787960E-003, 0.0000000000000000E+000, 0.0000000000000000E+000, 0.0000000000000000E+000, 0.0000000000000000E+000, 0.0000000000000000E+000, 0.0000000000000000E+000, 0.0000000000000000E+000, 0.0000000000000000E+000, 0.0000000000000000E+000,-3.5000000000000000E+001
11,1,10,32, 1.0000000000000000E+001, 3.0649710083007812E+002, 3.3215116709470749E-003,-0.0000000000000000E+000,-0.0000000000000000E+000,-0.0000000000000000E+000,-0.0000000000000000E+000,-0.0000000000000000E+000,-0.0000000000000000E+000,-0.0000000000000000E+000,-0.0000000000000000E+000,-0.0000000000000000E+000, 7.9813200235366821E-001, 8.6806690692901611E-001, 6.0944734375000000E+004, 4.0000000000000000E+002, 0.0000000000000000E+000, 0.0000000000000000E+000, 0.0000000000000000E+000, 3.0649710083007812E+002, 3.3215116709470749E-003, 0.0000000000000000E+000, 0.0000000000000000E+000, 0.0000000000000000E+000, 0.0000000000000000E+000, 0.0000000000000000E+000, 0.0000000000000000E+000, 0.0000000000000000E+000, 0.0000000000000000E+000, 0.0000000000000000E+000,-3.5000000000000000E+001
11,1,11,32, 1.0000000000000000E+001, 3.0796231079101562E+002, 2.8672323096543550E-003, 1.4012984643248171E-045, 1.4012984643248171E-045, 1.4012984643248171E-045, 1.4012984643248171E-045, 1.4012984643248171E-045, 1.4012984643248171E-045, 1.4012984643248171E-045, 1.4012984643248171E-045, 1.4012984643248171E-045, 7.6646620035171509E-001, 8.5575407743453979E-001, 5.7972425781250000E+004, 4.0000000000000000E+002, 0.0000000000000000E+000, 0.0000000000000000E+000, 0.0000000000000000E+000, 3.0796231079101562E+002, 2.8672323096543550E-003, 0.0000000000000000E+000, 0.0000000000000000E+000, 0.0000000000000000E+000, 0.0000000000000000E+000, 0.0000000000000000E+000, 0.0000000000000000E+000, 0.0000000000000000E+000, 0.0000000000000000E+000, 0.0000000000000000E+000,-3.5000000000000000E+001
11,1,12,32, 1.0000000000000000E+001, 3.0940618896484375E+002, 2.4647959508001804E-003, 9.9999989774837532E-015, 9.9999989774837532E-015, 9.9999989774837532E-015, 9.9999989774837532E-015, 9.9999989774837532E-015, 9.9999989774837532E-015, 9.9999989774837532E-015, 9.9999989774837532E-015, 9.9999989774837532E-015, 7.3612421751022339E-001, 8.4361594915390015E-001, 5.5145078125000000E+004, 4.0000000000000000E+002, 0.0000000000000000E+000, 0.0000000000000000E+000, 0.0000000000000000E+000, 3.0940618896484375E+002, 2.4647959508001804E-003, 0.0000000000000000E+000, 0.0000000000000000E+000, 0.0000000000000000E+000, 0.0000000000000000E+000, 0.0000000000000000E+000, 0.0000000000000000E+000, 0.0000000000000000E+000, 0.0000000000000000E+000, 0.0000000000000000E+000,-3.5000000000000000E+001
11,1,13,32, 1.0000000000000000E+001, 3.1082788085937500E+002, 2.1097511053085327E-003, 9.9999998245167004E-015, 9.9999998245167004E-015, 9.9999998245167004E-015, 9.9999998245167004E-015, 9.9999998245167004E-015, 7.0716445312500000E+004, 7.0716445312500000E+004, 7.0716445312500000E+004, 7.0716445312500000E+004, 7.0704913139343262E-001, 8.3164995908737183E-001, 5.2455621093750000E+004, 4.0000000000000000E+002, 0.0000000000000000E+000, 0.0000000000000000E+000, 0.0000000000000000E+000, 3.1082788085937500E+002, 2.1097511053085327E-003, 0.0000000000000000E+000, 0.0000000000000000E+000, 5.7916486276982093E-013, 3.7031440197274335E-014, 1.0911314102138130E-014, 6.3662476539611816E+000, 3.1833246350288391E-002, 0.0000000000000000E+000, 4.4201803393661976E-004,-3.5000000000000000E+001
11,1,14,32, 1.0000000000000000E+001, 3.1222640991210938E+002, 1.7978379037231207E-003, 1.0000000671549648E-014, 1.0000000671549648E-014, 1.0000000671549648E-014, 1.0000000671549648E-014, 1.0000000671549648E-014, 7.3617429687500000E+004, 7.3617429687500000E+004, 7.3617429687500000E+004, 7.3617429687500000E+004, 6.7918699979782104E-001, 8.1985372304916382E-001, 4.9897328125000000E+004, 4.0000000000000000E+002, 0.0000000000000000E+000, 0.0000000000000000E+000, 0.0000000000000000E+000, 3.1222640991210938E+002, 1.7978379037231207E-003, 0.0000000000000000E+000, 1.1477188643915781E-010, 4.1275025064457793E-011, 4.1198658373708952E-010, 3.7238070960121661E-010, 1.8739702224731445E+001, 1.1828782653808594E+002, 1.4408953189849854E+000, 6.4950928688049316E+000,-3.5000000000000000E+001
11,1,15,32, 1.0000000000000000E+001, 3.1360089111328125E+002, 1.5250206924974918E-003, 9.9999999392252903E-009, 9.9999999392252903E-009, 9.9999999392252903E-009, 9.9999999392252903E-009, 9.9999999392252903E-009, 7.6629984375000000E+004, 7.6629984375000000E+004, 7.6629984375000000E+004, 7.6629984375000000E+004, 6.5248608589172363E-001, 8.0822473764419556E-001, 4.7463804687500000E+004, 4.0000000000000000E+002, 0.0000000000000000E+000, 0.0000000000000000E+000, 0.0000000000000000E+000, 3.1360119628906250E+002, 1.5249307034537196E-003, 0.0000000000000000E+000, 2.0190935146047195E-008, 6.4800758536875946E-008, 7.2386178828764969E-008, 5.0009582253096596E-008, 7.6652148437500000E+004, 3.2126015625000000E+004, 4.8341650390625000E+002, 1.1009476318359375E+003,-3.5000000000000000E+001
11,1,16,32, 1.0000000000000000E+001, 3.1495022583007812E+002, 1.2874912936240435E-003, 9.9999999747524271E-007, 9.9999999747524271E-007, 9.9999999747524271E-007, 9.9999999747524271E-007, 9.9999999747524271E-007, 7.9757937500000000E+004, 7.9757937500000000E+004, 7.9757937500000000E+004, 7.9757937500000000E+004, 6.2689685821533203E-001, 7.9676079750061035E-001, 4.5148972656250000E+004, 4.0000000000000000E+002, 0.0000000000000000E+000, 0.0000000000000000E+000, 0.0000000000000000E+000, 3.1495004272460938E+002, 1.2876729015260935E-003, 0.0000000000000000E+000, 8.3864733824157156E-007, 1.2648351912503131E-006, 1.5056334632390644E-006, 1.1380649311831803E-006, 7.9707796875000000E+004, 7.9340914062500000E+004, 3.3469125000000000E+004, 4.3519257812500000E+004,-2.7994668960571289E+001
11,1,17,32, 1.0000000000000000E+001, 3.1627349853515625E+002, 1.0816626017913222E-003, 0.0000000000000000E+000, 0.0000000000000000E+000, 0.0000000000000000E+000, 0.0000000000000000E+000, 0.0000000000000000E+000, 0.0000000000000000E+000, 0.0000000000000000E+000, 0.0000000000000000E+000, 0.0000000000000000E+000, 6.0237181186676025E-001, 7.8545939922332764E-001, 4.2947027343750000E+004, 4.0000000000000000E+002, 0.0000000000000000E+000, 0.0000000000000000E+000, 0.0000000000000000E+000, 3.1627362060546875E+002, 1.0816305875778198E-003, 0.0000000000000000E+000, 0.0000000000000000E+000, 3.2036105324095843E-008, 0.0000000000000000E+000, 0.0000000000000000E+000, 1.5283302734375000E+004, 0.0000000000000000E+000, 0.0000000000000000E+000, 0.0000000000000000E+000,-3.5000000000000000E+001
11,1,18,32, 1.0000000000000000E+001, 3.1756964111328125E+002, 9.0418424224480987E-004,-0.0000000000000000E+000,-0.0000000000000000E+000,-0.0000000000000000E+000,-0.0000000000000000E+000,-0.0000000000000000E+000,-0.0000000000000000E+000,-0.0000000000000000E+000,-0.0000000000000000E+000,-0.0000000000000000E+000, 5.7886594533920288E-001, 7.7431833744049072E-001, 4.0852476562500000E+004, 4.0000000000000000E+002, 0.0000000000000000E+000, 0.0000000000000000E+000, 0.0000000000000000E+000, 3.1756991577148438E+002, 9.0411258861422539E-004, 0.0000000000000000E+000, 0.0000000000000000E+000, 7.1719597372066346E-008, 0.0000000000000000E+000, 0.0000000000000000E+000, 3.4214507812500000E+004, 0.0000000000000000E+000, 0.0000000000000000E+000, 0.0000000000000000E+000,-3.5000000000000000E+001
11,1,19,32, 1.0000000000000000E+001, 3.1883761596679688E+002, 7.5193622615188360E-004, 1.4012984643248171E-045, 1.4012984643248171E-045, 1.4012984643248171E-045, 1.4012984643248171E-045, 1.4012984643248171E-045, 1.4012984643248171E-045, 1.4012984643248171E-045, 1.4012984643248171E-045, 1.4012984643248171E-045, 5.5633562803268433E-001, 7.6333528757095337E-001, 3.8860078125000000E+004, 4.0000000000000000E+002, 0.0000000000000000E+000, 0.0000000000000000E+000, 0.0000000000000000E+000, 3.1883822631835938E+002, 7.5177586404606700E-004, 0.0000000000000000E+000, 0.0000000000000000E+000, 1.6054207208071603E-007, 0.0000000000000000E+000, 0.0000000000000000E+000, 7.6587195312500000E+004, 0.0000000000000000E+000, 0.0000000000000000E+000, 0.0000000000000000E+000,-3.5000000000000000E+001
11,1,20,32, 1.0000000000000000E+001, 3.2007632446289062E+002, 6.2202126719057560E-004, 9.9999989774837532E-015, 9.9999989774837532E-015, 9.9999989774837532E-015, 9.9999989774837532E-015, 9.9999989774837532E-015, 9.9999989774837532E-015, 9.9999989774837532E-015, 9.9999989774837532E-015, 9.9999989774837532E-015, 5.3473967313766479E-001, 7.5250798463821411E-001, 3.6964851562500000E+004, 4.0000000000000000E+002, 0.0000000000000000E+000, 0.0000000000000000E+000, 0.0000000000000000E+000, 3.2007769775390625E+002, 6.2166235875338316E-004, 0.0000000000000000E+000, 0.0000000000000000E+000, 3.5933280173594540E-007, 0.0000000000000000E+000, 0.0000000000000000E+000, 1.7141903125000000E+005, 0.0000000000000000E+000, 0.0000000000000000E+000, 0.0000000000000000E+000,-3.5000000000000000E+001
11,1,21,32, 1.0000000000000000E+001, 3.2128466796875000E+002, 5.1177293062210083E-004, 9.9999998245167004E-015, 9.9999998245167004E-015, 9.9999998245167004E-015, 9.9999998245167004E-015, 9.9999998245167004E-015, 9.7269023437500000E+004, 9.7269023437500000E+004, 9.7269023437500000E+004, 9.7269023437500000E+004, 5.1403826475143433E-001, 7.4183434247970581E-001, 3.5162054687500000E+004, 4.0000000000000000E+002, 0.0000000000000000E+000, 0.0000000000000000E+000, 0.0000000000000000E+000, 3.2128781127929688E+002, 5.1096972310915589E-004, 0.0000000000000000E+000, 0.0000000000000000E+000, 8.0416896253154846E-007, 5.6477998682967143E-014, 2.1342504518784104E-014, 3.8362850000000000E+005, 3.1826972961425781E-002, 0.0000000000000000E+000, 5.4165860638022423E-004,-3.5000000000000000E+001
11,1,22,32, 1.0000000000000000E+001, 3.2246154785156250E+002, 4.1873924783430994E-004, 1.0000000671549648E-014, 1.0000000671549648E-014, 1.0000000671549648E-014, 1.0000000671549648E-014, 1.0000000671549648E-014, 1.0117496093750000E+005, 1.0117496093750000E+005, 1.0117496093750000E+005, 1.0117496093750000E+005, 4.9419340491294861E-001, 7.3131203651428223E-001, 3.3447179687500000E+004, 4.0000000000000000E+002, 0.0000000000000000E+000, 0.0000000000000000E+000, 0.0000000000000000E+000, 3.2246868896484375E+002, 4.1694188257679343E-004, 0.0000000000000000E+000, 0.0000000000000000E+000, 1.7974581396629219E-006, 3.9459030487520863E-010, 8.0590245588041398E-010, 6.0704981250000000E+005, 1.3690658569335938E+002, 0.0000000000000000E+000, 1.4588183403015137E+001,-3.5000000000000000E+001
11,1,23,32, 1.0000000000000000E+001, 3.2360574340820312E+002, 3.4067899105139077E-004, 9.9999999392252903E-009, 9.9999999392252903E-009, 9.9999999392252903E-009, 9.9999999392252903E-009, 9.9999999392252903E-009, 1.0522571093750000E+005, 1.0522571093750000E+005, 1.0522571093750000E+005, 1.0522571093750000E+005, 4.7516903281211853E-001, 7.2093898057937622E-001, 3.1815941406250000E+004, 4.0000000000000000E+002, 0.0000000000000000E+000, 0.0000000000000000E+000, 0.0000000000000000E+000, 3.2361383056640625E+002, 3.3868273021653295E-004, 0.0000000000000000E+000, 0.0000000000000000E+000, 1.9780313778028358E-006, 6.2890947560845234E-008, 1.0204259837109930E-007, 6.3135418750000000E+005, 3.2332761718750000E+004, 0.0000000000000000E+000, 2.3143078613281250E+003,-3.5000000000000000E+001
11,1,24,32, 1.0000000000000000E+001, 3.2471612548828125E+002, 2.7555754058994353E-004, 9.9999999747524271E-007, 9.9999999747524271E-007, 9.9999999747524271E-007, 9.9999999747524271E-007, 9.9999999747524271E-007, 1.0942585937500000E+005, 1.0942585937500000E+005, 1.0942585937500000E+005, 1.0942585937500000E+005, 4.5693036913871765E-001, 7.1071308851242065E-001, 3.0264261718750000E+004, 4.0000000000000000E+002, 0.0000000000000000E+000, 0.0000000000000000E+000, 0.0000000000000000E+000, 3.2472305297851562E+002, 2.7409970061853528E-004, 0.0000000000000000E+000, 0.0000000000000000E+000, 2.9589436962851323E-006, 1.3729991223954130E-006, 2.0244010556780268E-006, 6.5655518750000000E+005, 1.0876781250000000E+005, 0.0000000000000000E+000, 8.2570460937500000E+004,-3.2067134857177734E+001
11,1,25,32, 1.0000000000000000E+001, 3.2579147338867188E+002, 2.2153265308588743E-004, 0.0000000000000000E+000, 0.0000000000000000E+000, 0.0000000000000000E+000, 0.0000000000000000E+000, 0.0000000000000000E+000, 0.0000000000000000E+000, 0.0000000000000000E+000, 0.0000000000000000E+000, 0.0000000000000000E+000, 4.3944412469863892E-001, 7.0063221454620361E-001, 2.8788255859375000E+004, 4.0000000000000000E+002, 0.0000000000000000E+000, 0.0000000000000000E+000, 0.0000000000000000E+000, 3.2580142211914062E+002, 2.1914964600000530E-004, 0.0000000000000000E+000, 0.0000000000000000E+000, 2.3830393729440402E-006, 0.0000000000000000E+000, 0.0000000000000000E+000, 6.8268062500000000E+005, 0.0000000000000000E+000, 0.0000000000000000E+000, 0.0000000000000000E+000,-3.5000000000000000E+001
11,1,26,32, 1.0000000000000000E+001, 3.2683053588867188E+002, 1.7696620489004999E-004,-0.0000000000000000E+000,-0.0000000000000000E+000,-0.0000000000000000E+000,-0.0000000000000000E+000,-0.0000000000000000E+000,-0.0000000000000000E+000,-0.0000000000000000E+000,-0.0000000000000000E+000,-0.0000000000000000E+000, 4.2267856001853943E-001, 6.9069433212280273E-001, 2.7384236328125000E+004, 4.0000000000000000E+002, 0.0000000000000000E+000, 0.0000000000000000E+000, 0.0000000000000000E+000, 3.2684109497070312E+002, 1.7448868311475962E-004, 0.0000000000000000E+000, 0.0000000000000000E+000, 2.4775633846729761E-006, 0.0000000000000000E+000, 0.0000000000000000E+000, 7.0975925000000000E+005, 0.0000000000000000E+000, 0.0000000000000000E+000, 0.0000000000000000E+000,-3.5000000000000000E+001
11,1,27,32, 1.0000000000000000E+001, 3.2783206176757812E+002, 1.4037139771971852E-004, 1.4012984643248171E-045, 1.4012984643248171E-045, 1.4012984643248171E-045, 1.4012984643248171E-045, 1.4012984643248171E-045, 1.4012984643248171E-045, 1.4012984643248171E-045, 1.4012984643248171E-045, 1.4012984643248171E-045, 4.0660327672958374E-001, 6.8089741468429565E-001, 2.6048689453125000E+004, 4.0000000000000000E+002, 0.0000000000000000E+000, 0.0000000000000000E+000, 0.0000000000000000E+000, 3.2784317016601562E+002, 1.3779592700302601E-004, 0.0000000000000000E+000, 0.0000000000000000E+000, 2.5755152819328941E-006, 0.0000000000000000E+000, 0.0000000000000000E+000, 7.3781993750000000E+005, 0.0000000000000000E+000, 0.0000000000000000E+000, 0.0000000000000000E+000,-3.5000000000000000E+001
11,1,28,32, 1.0000000000000000E+001, 3.2879473876953125E+002, 1.1048242595279589E-004, 9.9999989774837532E-015, 9.9999989774837532E-015, 9.9999989774837532E-015, 9.9999989774837532E-015, 9.9999989774837532E-015, 9.9999989774837532E-015, 9.9999989774837532E-015, 9.9999989774837532E-015, 9.9999989774837532E-015, 3.9118930697441101E-001, 6.7123943567276001E-001, 2.4778281250000000E+004, 4.0000000000000000E+002, 0.0000000000000000E+000, 0.0000000000000000E+000, 0.0000000000000000E+000, 3.2880648803710938E+002, 1.0780547017930076E-004, 0.0000000000000000E+000, 0.0000000000000000E+000, 2.6769985197461210E-006, 0.0000000000000000E+000, 0.0000000000000000E+000, 7.6689212500000000E+005, 0.0000000000000000E+000, 0.0000000000000000E+000, 0.0000000000000000E+000,-3.5000000000000000E+001
11,1,29,32, 1.0000000000000000E+001, 3.2971722412109375E+002, 8.6178290075622499E-005, 9.9999998245167004E-015, 9.9999998245167004E-015, 9.9999998245167004E-015, 9.9999998245167004E-015, 9.9999998245167004E-015, 1.3283432812500000E+005, 1.3283432812500000E+005, 1.3283432812500000E+005, 1.3283432812500000E+005, 3.7640872597694397E-001, 6.6171848773956299E-001, 2.3569832031250000E+004, 4.0000000000000000E+002, 0.0000000000000000E+000, 0.0000000000000000E+000, 0.0000000000000000E+000, 3.2972961425781250E+002, 8.3396225818432868E-005, 0.0000000000000000E+000, 0.0000000000000000E+000, 2.7821042749565095E-006, 2.3521684816910082E-014, 2.0428371315514213E-014, 7.9700587500000000E+005, 3.1825974583625793E-002, 0.0000000000000000E+000, 8.4086984861642122E-004,-3.5000000000000000E+001
11,1,30,32, 1.0000000000000000E+001, 3.3059826660156250E+002, 6.6504086134955287E-005, 1.0000000671549648E-014, 1.0000000671549648E-014, 1.0000000671549648E-014, 1.0000000671549648E-014, 1.0000000671549648E-014, 1.3803201562500000E+005, 1.3803201562500000E+005, 1.3803201562500000E+005, 1.3803201562500000E+005, 3.6223480105400085E-001, 6.5233254432678223E-001, 2.2420314453125000E+004, 4.0000000000000000E+002, 0.0000000000000000E+000, 0.0000000000000000E+000, 0.0000000000000000E+000, 3.3061138916015625E+002, 6.3613166275899857E-005, 0.0000000000000000E+000, 0.0000000000000000E+000, 2.8889921850350220E-006, 1.5858525603817952E-010, 9.0308843736508493E-010, 8.2819212500000000E+005, 1.4226231384277344E+002, 0.0000000000000000E+000, 1.7126840591430664E+001,-3.5000000000000000E+001
11,1,31,32, 1.0000000000000000E+001, 3.3143634033203125E+002, 5.0684029702097178E-005, 9.9999999392252903E-009, 9.9999999392252903E-009, 9.9999999392252903E-009, 9.9999999392252903E-009, 9.9999999392252903E-009, 1.4341343750000000E+005, 1.4341343750000000E+005, 1.4341343750000000E+005, 1.4341343750000000E+005, 3.4864234924316406E-001, 6.4307975769042969E-001, 2.1326863281250000E+004, 4.0000000000000000E+002, 0.0000000000000000E+000, 0.0000000000000000E+000, 0.0000000000000000E+000, 3.3144860839843750E+002, 4.8025478463387117E-005, 0.0000000000000000E+000, 0.0000000000000000E+000, 2.6692155188356992E-006, 3.1808891520768157E-008, 1.1118297749135309E-007, 8.6048068750000000E+005, 3.2645054687500000E+004, 0.0000000000000000E+000, 2.5708813476562500E+003,-3.5000000000000000E+001
11,1,32,32, 1.0000000000000000E+001, 3.3223010253906250E+002, 3.8107413274701685E-005, 9.9999999747524271E-007, 9.9999999747524271E-007, 9.9999999747524271E-007, 9.9999999747524271E-007, 9.9999999747524271E-007, 1.4898387500000000E+005, 1.4898387500000000E+005, 1.4898387500000000E+005, 1.4898387500000000E+005, 3.3560678362846375E-001, 6.3395822048187256E-001, 2.0286738281250000E+004, 4.0000000000000000E+002, 0.0000000000000000E+000, 0.0000000000000000E+000, 0.0000000000000000E+000, 3.3224319458007812E+002, 3.5541186662157997E-005, 0.0000000000000000E+000, 0.0000000000000000E+000, 4.4536336645251140E-006, 1.0766785862870165E-006, 1.9256408450019080E-006, 8.9390337500000000E+005, 1.4799170312500000E+005, 0.0000000000000000E+000, 8.2302796875000000E+004,-3.3952400207519531E+001
12,1,1,32, 1.0000000000000000E+001, 2.9249328613281250E+002, 0.0000000000000000E+000,-0.0000000000000000E+000, 0.0000000000000000E+000, 0.0000000000000000E+000, 0.0000000000000000E+000, 0.0000000000000000E+000, 0.0000000000000000E+000, 0.0000000000000000E+000,-1.4012984643248171E-045, 0.0000000000000000E+000, 1.1533998250961304E+000, 9.8716795444488525E-001, 9.5580367187500000E+004, 4.0000000000000000E+002, 0.0000000000000000E+000, 0.0000000000000000E+000, 0.0000000000000000E+000, 2.9249328613281250E+002, 0.0000000000000000E+000, 0.0000000000000000E+000, 0.0000000000000000E+000, 0.0000000000000000E+000, 0.0000000000000000E+000, 0.0000000000000000E+000, 0.0000000000000000E+000, 0.0000000000000000E+000, 0.0000000000000000E+000, 0.0000000000000000E+000,-3.5000000000000000E+001
12,1,2,32, 1.0000000000000000E+001, 2.9411227416992188E+002,-0.0000000000000000E+000, 0.0000000000000000E+000, 1.4012984643248171E-045, 0.0000000000000000E+000, 0.0000000000000000E+000, 0.0000000000000000E+000,-0.0000000000000000E+000, 0.0000000000000000E+000, 0.0000000000000000E+000, 0.0000000000000000E+000, 1.1068074703216553E+000, 9.7316581010818481E-001, 9.0918859375000000E+004, 4.0000000000000000E+002, 0.0000000000000000E+000, 0.0000000000000000E+000, 0.0000000000000000E+000, 2.9411227416992188E+002, 1.4012984643248171E-045, 0.0000000000000000E+000, 0.0000000000000000E+000, 0.0000000000000000E+000, 0.0000000000000000E+000, 0.0000000000000000E+000, 0.0000000000000000E+000, 0.0000000000000000E+000, 0.0000000000000000E+000, 0.0000000000000000E+000,-3.5000000000000000E+001
12,1,3,32, 1.0000000000000000E+001, 2.9571728515625000E+002, 1.4012984643248171E-045, 0.0000000000000000E+000, 0.0000000000000000E+000,-0.0000000000000000E+000, 0.0000000000000000E+000, 0.0000000000000000E+000, 0.0000000000000000E+000, 1.4012984643248171E-045, 0.0000000000000000E+000, 0.0000000000000000E+000, 1.0621796846389771E+000, 9.5936226844787598E-001, 8.6484695312500000E+004, 4.0000000000000000E+002, 0.0000000000000000E+000, 0.0000000000000000E+000, 0.0000000000000000E+000, 2.9571728515625000E+002, 1.4012984643248171E-045, 0.0000000000000000E+000, 0.0000000000000000E+000, 0.0000000000000000E+000, 0.0000000000000000E+000, 0.0000000000000000E+000, 0.0000000000000000E+000, 0.0000000000000000E+000, 0.0000000000000000E+000, 0.0000000000000000E+000,-3.5000000000000000E+001
12,1,4,32, 1.0000000000000000E+001, 2.9730758666992188E+002, 1.1754943508222875E-038, 0.0000000000000000E+000, 0.0000000000000000E+000, 0.0000000000000000E+000, 1.4012984643248171E-045, 0.0000000000000000E+000, 0.0000000000000000E+000, 0.0000000000000000E+000, 0.0000000000000000E+000,-0.0000000000000000E+000, 1.0194319486618042E+000, 9.4575452804565430E-001, 8.2266789062500000E+004, 4.0000000000000000E+002, 0.0000000000000000E+000, 0.0000000000000000E+000, 0.0000000000000000E+000, 2.9730758666992188E+002, 1.1754944909521339E-038, 0.0000000000000000E+000, 0.0000000000000000E+000, 0.0000000000000000E+000, 0.0000000000000000E+000, 0.0000000000000000E+000, 0.0000000000000000E+000, 0.0000000000000000E+000, 0.0000000000000000E+000, 0.0000000000000000E+000,-3.5000000000000000E+001
12,1,5,32, 1.0000000000000000E+001, 2.9888244628906250E+002, 1.1754942106924411E-038, 0.0000000000000000E+000, 0.0000000000000000E+000, 0.0000000000000000E+000, 0.0000000000000000E+000,-1.4012984643248171E-045, 0.0000000000000000E+000, 0.0000000000000000E+000, 0.0000000000000000E+000, 0.0000000000000000E+000, 9.7848296165466309E-001, 9.3233978748321533E-001, 7.8254585937500000E+004, 4.0000000000000000E+002, 0.0000000000000000E+000, 0.0000000000000000E+000, 0.0000000000000000E+000, 2.9888244628906250E+002, 1.1754940705625946E-038, 0.0000000000000000E+000, 0.0000000000000000E+000, 0.0000000000000000E+000, 0.0000000000000000E+000, 0.0000000000000000E+000, 0.0000000000000000E+000, 0.0000000000000000E+000, 0.0000000000000000E+000, 0.0000000000000000E+000,-3.5000000000000000E+001
12,1,6,32, 1.0000000000000000E+001, 3.0044107055664062E+002, 1.1754944909521339E-038, 1.4012984643248171E-045, 0.0000000000000000E+000, 0.0000000000000000E+000, 0.0000000000000000E+000, 0.0000000000000000E+000, 0.0000000000000000E+000, 0.0000000000000000E+000, 0.0000000000000000E+000, 1.4012984643248171E-045, 9.3925571441650391E-001, 9.1911536455154419E-001, 7.4438070312500000E+004, 4.0000000000000000E+002, 0.0000000000000000E+000, 0.0000000000000000E+000, 0.0000000000000000E+000, 3.0044107055664062E+002, 1.1754946310819804E-038, 0.0000000000000000E+000, 0.0000000000000000E+000, 0.0000000000000000E+000, 0.0000000000000000E+000, 0.0000000000000000E+000, 0.0000000000000000E+000, 0.0000000000000000E+000, 0.0000000000000000E+000, 0.0000000000000000E+000,-3.5000000000000000E+001
12,1,7,32, 1.0000000000000000E+001, 3.0198266601562500E+002, 0.0000000000000000E+000,-0.0000000000000000E+000, 0.0000000000000000E+000, 0.0000000000000000E+000, 0.0000000000000000E+000, 0.0000000000000000E+000, 0.0000000000000000E+000, 0.0000000000000000E+000,-1.4012984643248171E-045, 0.0000000000000000E+000, 9.0167635679244995E-001, 9.0607851743698120E-001, 7.0807687500000000E+004, 4.0000000000000000E+002, 0.0000000000000000E+000, 0.0000000000000000E+000, 0.0000000000000000E+000, 3.0198266601562500E+002, 0.0000000000000000E+000, 0.0000000000000000E+000, 0.0000000000000000E+000, 0.0000000000000000E+000, 0.0000000000000000E+000, 0.0000000000000000E+000, 0.0000000000000000E+000, 0.0000000000000000E+000, 0.0000000000000000E+000, 0.0000000000000000E+000,-3.5000000000000000E+001
12,1,8,32, 1.0000000000000000E+001, 3.0350643920898438E+002,-0.0000000000000000E+000, 0.0000000000000000E+000, 1.4012984643248171E-045, 0.0000000000000000E+000, 0.0000000000000000E+000, 0.0000000000000000E+000,-0.0000000000000000E+000, 0.0000000000000000E+000, 0.0000000000000000E+000, 0.0000000000000000E+000, 8.6567372083663940E-001, 8.9322650432586670E-001, 6.7354351562500000E+004, 4.0000000000000000E+002, 0.0000000000000000E+000, 0.0000000000000000E+000, 0.0000000000000000E+000, 3.0350643920898438E+002, 1.4012984643248171E-045, 0.0000000000000000E+000, 0.0000000000000000E+000, 0.0000000000000000E+000, 0.0000000000000000E+000, 0.0000000000000000E+000, 0.0000000000000000E+000, 0.0000000000000000E+000, 0.0000000000000000E+000, 0.0000000000000000E+000,-3.5000000000000000E+001
12,1,9,32, 1.0000000000000000E+001, 3.0501150512695312E+002, 1.4012984643248171E-045, 0.0000000000000000E+000, 0.0000000000000000E+000,-0.0000000000000000E+000, 0.0000000000000000E+000, 0.0000000000000000E+000, 0.0000000000000000E+000, 1.4012984643248171E-045, 0.0000000000000000E+000, 0.0000000000000000E+000, 8.3118063211441040E-001, 8.8055688142776489E-001, 6.4069441406250000E+004, 4.0000000000000000E+002, 0.0000000000000000E+000, 0.0000000000000000E+000, 0.0000000000000000E+000, 3.0501150512695312E+002, 1.4012984643248171E-045, 0.0000000000000000E+000, 0.0000000000000000E+000, 0.0000000000000000E+000, 0.0000000000000000E+000, 0.0000000000000000E+000, 0.0000000000000000E+000, 0.0000000000000000E+000, 0.0000000000000000E+000, 0.0000000000000000E+000,-3.5000000000000000E+001
12,1,10,32, 1.0000000000000000E+001, 3.0649710083007812E+002, 1.1754943508222875E-038, 0.0000000000000000E+000, 0.0000000000000000E+000, 0.0000000000000000E+000, 1.4012984643248171E-045, 0.0000000000000000E+000, 0.0000000000000000E+000, 0.0000000000000000E+000, 0.0000000000000000E+000,-0.0000000000000000E+000, 7.9813200235366821E-001, 8.6806690692901611E-001, 6.0944734375000000E+004, 4.0000000000000000E+002, 0.0000000000000000E+000, 0.0000000000000000E+000, 0.0000000000000000E+000, 3.0649710083007812E+002, 1.1754944909521339E-038, 0.0000000000000000E+000, 0.0000000000000000E+000, 0.0000000000000000E+000, 0.0000000000000000E+000, 0.0000000000000000E+000, 0.0000000000000000E+000, 0.0000000000000000E+000, 0.0000000000000000E+000, 0.0000000000000000E+000,-3.5000000000000000E+001
12,1,11,32, 1.0000000000000000E+001, 3.0796231079101562E+002, 1.1754942106924411E-038, 0.0000000000000000E+000, 0.0000000000000000E+000, 0.0000000000000000E+000, 0.0000000000000000E+000,-1.4012984643248171E-045, 0.0000000000000000E+000, 0.0000000000000000E+000, 0.0000000000000000E+000, 0.0000000000000000E+000, 7.6646620035171509E-001, 8.5575407743453979E-001, 5.7972425781250000E+004, 4.0000000000000000E+002, 0.0000000000000000E+000, 0.0000000000000000E+000, 0.0000000000000000E+000, 3.0796231079101562E+002, 1.1754940705625946E-038, 0.0000000000000000E+000, 0.0000000000000000E+000, 0.0000000000000000E+000, 0.0000000000000000E+000, 0.0000000000000000E+000, 0.0000000000000000E+000, 0.0000000000000000E+000, 0.0000000000000000E+000, 0.0000000000000000E+000,-3.5000000000000000E+001
12,1,12,32, 1.0000000000000000E+001, 3.0940618896484375E+002, 1.1754944909521339E-038, 1.4012984643248171E-045, 0.0000000000000000E+000, 0.0000000000000000E+000, 0.0000000000000000E+000, 0.0000000000000000E+000, 0.0000000000000000E+000, 0.0000000000000000E+000, 0.0000000000000000E+000, 1.4012984643248171E-045, 7.3612421751022339E-001, 8.4361594915390015E-001, 5.5145078125000000E+004, 4.0000000000000000E+002, 0.0000000000000000E+000, 0.0000000000000000E+000, 0.0000000000000000E+000, 3.0940618896484375E+002, 1.1754946310819804E-038, 0.0000000000000000E+000, 0.0000000000000000E+000, 0.0000000000000000E+000, 0.0000000000000000E+000, 0.0000000000000000E+000, 0.0000000000000000E+000, 0.0000000000000000E+000, 0.0000000000000000E+000, 0.0000000000000000E+000,-3.5000000000000000E+001
12,1,13,32, 1.0000000000000000E+001, 3.1082788085937500E+002, 0.0000000000000000E+000,-0.0000000000000000E+000, 0.0000000000000000E+000, 0.0000000000000000E+000, 0.0000000000000000E+000, 0.0000000000000000E+000, 0.0000000000000000E+000, 0.0000000000000000E+000,-1.4012984643248171E-045, 0.0000000000000000E+000, 7.0704913139343262E-001, 8.3164995908737183E-001, 5.2455621093750000E+004, 4.0000000000000000E+002, 0.0000000000000000E+000, 0.0000000000000000E+000, 0.0000000000000000E+000, 3.1082788085937500E+002, 0.0000000000000000E+000, 0.0000000000000000E+000, 0.0000000000000000E+000, 0.0000000000000000E+000, 0.0000000000000000E+000, 0.0000000000000000E+000, 0.0000000000000000E+000, 0.0000000000000000E+000, 0.0000000000000000E+000, 0.0000000000000000E+000,-3.5000000000000000E+001
12,1,14,32, 1.0000000000000000E+001, 3.1222640991210938E+002,-0.0000000000000000E+000, 0.0000000000000000E+000, 1.4012984643248171E-045, 0.0000000000000000E+000, 0.0000000000000000E+000, 0.0000000000000000E+000,-0.0000000000000000E+000, 0.0000000000000000E+000, 0.0000000000000000E+000, 0.0000000000000000E+000, 6.7918699979782104E-001, 8.1985372304916382E-001, 4.9897328125000000E+004, 4.0000000000000000E+002, 0.0000000000000000E+000, 0.0000000000000000E+000, 0.0000000000000000E+000, 3.1222640991210938E+002, 1.4012984643248171E-045, 0.0000000000000000E+000, 0.0000000000000000E+000, 0.0000000000000000E+000, 0.0000000000000000E+000, 0.0000000000000000E+000, 0.0000000000000000E+000, 0.0000000000000000E+000, 0.0000000000000000E+000, 0.0000000000000000E+000,-3.5000000000000000E+001
12,1,15,32, 1.0000000000000000E+001, 3.1360089111328125E+002, 1.4012984643248171E-045, 0.0000000000000000E+000, 0.0000000000000000E+000,-0.0000000000000000E+000, 0.0000000000000000E+000, 0.0000000000000000E+000, 0.0000000000000000E+000, 1.4012984643248171E-045, 0.0000000000000000E+000, 0.0000000000000000E+000, 6.5248608589172363E-001, 8.0822473764419556E-001, 4.7463804687500000E+004, 4.0000000000000000E+002, 0.0000000000000000E+000, 0.0000000000000000E+000, 0.0000000000000000E+000, 3.1360089111328125E+002, 1.4012984643248171E-045, 0.0000000000000000E+000, 0.0000000000000000E+000, 0.0000000000000000E+000, 0.0000000000000000E+000, 0.0000000000000000E+000, 0.0000000000000000E+000, 0.0000000000000000E+000, 0.0000000000000000E+000, 0.0000000000000000E+000,-3.5000000000000000E+001
12,1,16,32, 1.0000000000000000E+001, 3.1495022583007812E+002, 1.1754943508222875E-038, 0.0000000000000000E+000, 0.0000000000000000E+000, 0.0000000000000000E+000, 1.4012984643248171E-045, 0.0000000000000000E+000, 0.0000000000000000E+000, 0.0000000000000000E+000, 0.0000000000000000E+000,-0.0000000000000000E+000, 6.2689685821533203E-001, 7.9676079750061035E-001, 4.5148972656250000E+004, 4.0000000000000000E+002, 0.0000000000000000E+000, 0.0000000000000000E+000, 0.0000000000000000E+000, 3.1495022583007812E+002, 1.1754944909521339E-038, 0.0000000000000000E+000, 0.0000000000000000E+000, 0.0000000000000000E+000, 0.0000000000000000E+000, 0.0000000000000000E+000, 0.0000000000000000E+000, 0.0000000000000000E+000, 0.0000000000000000E+000, 0.0000000000000000E+000,-3.5000000000000000E+001
12,1,17,32, 1.0000000000000000E+001, 3.1627349853515625E+002, 1.1754942106924411E-038, 0.0000000000000000E+000, 0.0000000000000000E+000, 0.0000000000000000E+000, 0.0000000000000000E+000,-1.4012984643248171E-045, 0.0000000000000000E+000, 0.0000000000000000E+000, 0.0000000000000000E+000, 0.0000000000000000E+000, 6.0237181186676025E-001, 7.8545939922332764E-001, 4.2947027343750000E+004, 4.0000000000000000E+002, 0.0000000000000000E+000, 0.0000000000000000E+000, 0.0000000000000000E+000, 3.1627349853515625E+002, 1.1754940705625946E-038, 0.0000000000000000E+000, 0.0000000000000000E+000, 0.0000000000000000E+000, 0.0000000000000000E+000, 0.0000000000000000E+000, 0.0000000000000000E+000, 0.0000000000000000E+000, 0.0000000000000000E+000, 0.0000000000000000E+000,-3.5000000000000000E+001
12,1,18,32, 1.0000000000000000E+001, 3.1756964111328125E+002, 1.1754944909521339E-038, 1.4012984643248171E-045, 0.0000000000000000E+000, 0.0000000000000000E+000, 0.0000000000000000E+000, 0.0000000000000000E+000, 0.0000000000000000E+000, 0.0000000000000000E+000, 0.0000000000000000E+000, 1.4012984643248171E-045, 5.7886594533920288E-001, 7.7431833744049072E-001, 4.0852476562500000E+004, 4.0000000000000000E+002, 0.0000000000000000E+000, 0.0000000000000000E+000, 0.0000000000000000E+000, 3.1756964111328125E+002, 1.1754946310819804E-038, 0.0000000000000000E+000, 0.0000000000000000E+000, 0.0000000000000000E+000, 0.0000000000000000E+000, 0.0000000000000000E+000, 0.0000000000000000E+000, 0.0000000000000000E+000, 0.0000000000000000E+000, 0.0000000000000000E+000,-3.5000000000000000E+001
12,1,19,32, 1.0000000000000000E+001, 3.1883761596679688E+002, 0.0000000000000000E+000,-0.0000000000000000E+000, 0.0000000000000000E+000, 0.0000000000000000E+000, 0.0000000000000000E+000, 0.0000000000000000E+000, 0.0000000000000000E+000, 0.0000000000000000E+000,-1.4012984643248171E-045, 0.0000000000000000E+000, 5.5633562803268433E-001, 7.6333528757095337E-001, 3.8860078125000000E+004, 4.0000000000000000E+002, 0.0000000000000000E+000, 0.0000000000000000E+000, 0.0000000000000000E+000, 3.1883761596679688E+002, 0.0000000000000000E+000, 0.0000000000000000E+000, 0.0000000000000000E+000, 0.0000000000000000E+000, 0.0000000000000000E+000, 0.0000000000000000E+000, 0.0000000000000000E+000, 0.0000000000000000E+000, 0.0000000000000000E+000, 0.0000000000000000E+000,-3.5000000000000000E+001
12,1,20,32, 1.0000000000000000E+001, 3.2007632446289062E+002,-0.0000000000000000E+000, 0.0000000000000000E+000, 1.4012984643248171E-045, 0.0000000000000000E+000, 0.0000000000000000E+000, 0.0000000000000000E+000,-0.0000000000000000E+000, 0.0000000000000000E+000, 0.0000000000000000E+000, 0.0000000000000000E+000, 5.3473967313766479E-001, 7.5250798463821411E-001, 3.6964851562500000E+004, 4.0000000000000000E+002, 0.0000000000000000E+000, 0.0000000000000000E+000, 0.0000000000000000E+000, 3.2007632446289062E+002, 1.4012984643248171E-045, 0.0000000000000000E+000, 0.0000000000000000E+000, 0.0000000000000000E+000, 0.0000000000000000E+000, 0.0000000000000000E+000, 0.0000000000000000E+000, 0.0000000000000000E+000, 0.0000000000000000E+000, 0.0000000000000000E+000,-3.5000000000000000E+001
12,1,21,32, 1.0000000000000000E+001, 3.2128466796875000E+002, 1.4012984643248171E-045, 0.0000000000000000E+000, 0.0000000000000000E+000,-0.0000000000000000E+000, 0.0000000000000000E+000, 0.0000000000000000E+000, 0.0000000000000000E+000, 1.4012984643248171E-045, 0.0000000000000000E+000, 0.0000000000000000E+000, 5.1403826475143433E-001, 7.4183434247970581E-001, 3.5162054687500000E+004, 4.0000000000000000E+002, 0.0000000000000000E+000, 0.0000000000000000E+000, 0.0000000000000000E+000, 3.2128466796875000E+002, 1.4012984643248171E-045, 0.0000000000000000E+000, 0.0000000000000000E+000, 0.0000000000000000E+000, 0.0000000000000000E+000, 0.0000000000000000E+000, 0.0000000000000000E+000, 0.0000000000000000E+000, 0.0000000000000000E+000, 0.0000000000000000E+000,-3.5000000000000000E+001
12,1,22,32, 1.0000000000000000E+001, 3.2246154785156250E+002, 1.1754943508222875E-038, 0.0000000000000000E+000, 0.0000000000000000E+000, 0.0000000000000000E+000, 1.4012984643248171E-045, 0.0000000000000000E+000, 0.0000000000000000E+000, 0.0000000000000000E+000, 0.0000000000000000E+000,-0.0000000000000000E+000, 4.9419340491294861E-001, 7.3131203651428223E-001, 3.3447179687500000E+004, 4.0000000000000000E+002, 0.0000000000000000E+000, 0.0000000000000000E+000, 0.0000000000000000E+000, 3.2246154785156250E+002, 1.1754944909521339E-038, 0.0000000000000000E+000, 0.0000000000000000E+000, 0.0000000000000000E+000, 0.0000000000000000E+000, 0.0000000000000000E+000, 0.0000000000000000E+000, 0.0000000000000000E+000, 0.0000000000000000E+000, 0.0000000000000000E+000,-3.5000000000000000E+001
12,1,23,32, 1.0000000000000000E+001, 3.2360574340820312E+002, 1.1754942106924411E-038, 0.0000000000000000E+000, 0.0000000000000000E+000, 0.0000000000000000E+000, 0.0000000000000000E+000,-1.4012984643248171E-045, 0.0000000000000000E+000, 0.0000000000000000E+000, 0.0000000000000000E+000, 0.0000000000000000E+000, 4.7516903281211853E-001, 7.2093898057937622E-001, 3.1815941406250000E+004, 4.0000000000000000E+002, 0.0000000000000000E+000, 0.0000000000000000E+000, 0.0000000000000000E+000, 3.2360574340820312E+002, 1.1754940705625946E-038, 0.0000000000000000E+000, 0.0000000000000000E+000, 0.0000000000000000E+000, 0.0000000000000000E+000, 0.0000000000000000E+000, 0.0000000000000000E+000, 0.0000000000000000E+000, 0.0000000000000000E+000, 0.0000000000000000E+000,-3.5000000000000000E+001
12,1,24,32, 1.0000000000000000E+001, 3.2471612548828125E+002, 1.1754944909521339E-038, 1.4012984643248171E-045, 0.0000000000000000E+000, 0.0000000000000000E+000, 0.0000000000000000E+000, 0.0000000000000000E+000, 0.0000000000000000E+000, 0.0000000000000000E+000, 0.0000000000000000E+000, 1.4012984643248171E-045, 4.5693036913871765E-001, 7.1071308851242065E-001, 3.0264261718750000E+004, 4.0000000000000000E+002, 0.0000000000000000E+000, 0.0000000000000000E+000, 0.0000000000000000E+000, 3.2471612548828125E+002, 1.1754946310819804E-038, 0.0000000000000000E+000, 0.0000000000000000E+000, 0.0000000000000000E+000, 0.0000000000000000E+000, 0.0000000000000000E+000, 0.0000000000000000E+000, 0.0000000000000000E+000, 0.0000000000000000E+000, 0.0000000000000000E+000,-3.5000000000000000E+001
12,1,25,32, 1.0000000000000000E+001, 3.2579147338867188E+002, 0.0000000000000000E+000,-0.0000000000000000E+000, 0.0000000000000000E+000, 0.0000000000000000E+000, 0.0000000000000000E+000, 0.0000000000000000E+000, 0.0000000000000000E+000, 0.0000000000000000E+000,-1.4012984643248171E-045, 0.0000000000000000E+000, 4.3944412469863892E-001, 7.0063221454620361E-001, 2.8788255859375000E+004, 4.0000000000000000E+002, 0.0000000000000000E+000, 0.0000000000000000E+000, 0.0000000000000000E+000, 3.2579147338867188E+002, 0.0000000000000000E+000, 0.0000000000000000E+000, 0.0000000000000000E+000, 0.0000000000000000E+000, 0.0000000000000000E+000, 0.0000000000000000E+000, 0.0000000000000000E+000, 0.0000000000000000E+000, 0.0000000000000000E+000, 0.0000000000000000E+000,-3.5000000000000000E+001
12,1,26,32, 1.0000000000000000E+001, 3.2683053588867188E+002,-0.0000000000000000E+000, 0.0000000000000000E+000, 1.4012984643248171E-045, 0.0000000000000000E+000, 0.0000000000000000E+000, 0.0000000000000000E+000,-0.0000000000000000E+000, 0.0000000000000000E+000, 0.0000000000000000E+000, 0.0000000000000000E+000, 4.2267856001853943E-001, 6.9069433212280273E-001, 2.7384236328125000E+004, 4.0000000000000000E+002, 0.0000000000000000E+000, 0.0000000000000000E+000, 0.0000000000000000E+000, 3.2683053588867188E+002, 1.4012984643248171E-045, 0.0000000000000000E+000, 0.0000000000000000E+000, 0.0000000000000000E+000, 0.0000000000000000E+000, 0.0000000000000000E+000, 0.0000000000000000E+000, 0.0000000000000000E+000, 0.0000000000000000E+000, 0.0000000000000000E+000,-3.5000000000000000E+001
12,1,27,32, 1.0000000000000000E+001, 3.2783206176757812E+002, 1.4012984643248171E-045, 0.0000000000000000E+000, 0.0000000000000000E+000,-0.0000000000000000E+000, 0.0000000000000000E+000, 0.0000000000000000E+000, 0.0000000000000000E+000, 1.4012984643248171E-045, 0.0000000000000000E+000, 0.0000000000000000E+000, 4.0660327672958374E-001, 6.8089741468429565E-001, 2.6048689453125000E+004, 4.0000000000000000E+002, 0.0000000000000000E+000, 0.0000000000000000E+000, 0.0000000000000000E+000, 3.2783206176757812E+002, 1.4012984643248171E-045, 0.0000000000000000E+000, 0.0000000000000000E+000, 0.0000000000000000E+000, 0.0000000000000000E+000, 0.0000000000000000E+000, 0.0000000000000000E+000, 0.0000000000000000E+000, 0.0000000000000000E+000, 0.0000000000000000E+000,-3.5000000000000000E+001
12,1,28,32, 1.0000000000000000E+001, 3.2879473876953125E+002, 1.1754943508222875E-038, 0.0000000000000000E+000, 0.0000000000000000E+000, 0.0000000000000000E+000, 1.4012984643248171E-045, 0.0000000000000000E+000, 0.0000000000000000E+000, 0.0000000000000000E+000, 0.0000000000000000E+000,-0.0000000000000000E+000, 3.9118930697441101E-001, 6.7123943567276001E-001, 2.4778281250000000E+004, 4.0000000000000000E+002, 0.0000000000000000E+000, 0.0000000000000000E+000, 0.0000000000000000E+000, 3.2879473876953125E+002, 1.1754944909521339E-038, 0.0000000000000000E+000, 0.0000000000000000E+000, 0.0000000000000000E+000, 0.0000000000000000E+000, 0.0000000000000000E+000, 0.0000000000000000E+000, 0.0000000000000000E+000, 0.0000000000000000E+000, 0.0000000000000000E+000,-3.5000000000000000E+001
12,1,29,32, 1.0000000000000000E+001, 3.2971722412109375E+002, 1.1754942106924411E-038, 0.0000000000000000E+000, 0.0000000000000000E+000, 0.0000000000000000E+000, 0.0000000000000000E+000,-1.4012984643248171E-045, 0.0000000000000000E+000, 0.0000000000000000E+000, 0.0000000000000000E+000, 0.0000000000000000E+000, 3.7640872597694397E-001, 6.6171848773956299E-001, 2.3569832031250000E+004, 4.0000000000000000E+002, 0.0000000000000000E+000, 0.0000000000000000E+000, 0.0000000000000000E+000, 3.2971722412109375E+002, 1.1754940705625946E-038, 0.0000000000000000E+000, 0.0000000000000000E+000, 0.0000000000000000E+000, 0.0000000000000000E+000, 0.0000000000000000E+000, 0.0000000000000000E+000, 0.0000000000000000E+000, 0.0000000000000000E+000, 0.0000000000000000E+000,-3.5000000000000000E+001
12,1,30,32, 1.0000000000000000E+001, 3.3059826660156250E+002, 1.1754944909521339E-038, 1.4012984643248171E-045, 0.0000000000000000E+000, 0.0000000000000000E+000, 0.0000000000000000E+000, 0.0000000000000000E+000, 0.0000000000000000E+000, 0.0000000000000000E+000, 0.0000000000000000E+000, 1.4012984643248171E-045, 3.6223480105400085E-001, 6.5233254432678223E-001, 2.2420314453125000E+004, 4.0000000000000000E+002, 0.0000000000000000E+000, 0.0000000000000000E+000, 0.0000000000000000E+000, 3.3059826660156250E+002, 1.1754946310819804E-038, 0.0000000000000000E+000, 0.0000000000000000E+000, 0.0000000000000000E+000, 0.0000000000000000E+000, 0.0000000000000000E+000, 0.0000000000000000E+000, 0.0000000000000000E+000, 0.0000000000000000E+000, 0.0000000000000000E+000,-3.5000000000000000E+001
12,1,31,32, 1.0000000000000000E+001, 3.3143634033203125E+002, 0.0000000000000000E+000,-0.0000000000000000E+000, 0.0000000000000000E+000, 0.0000000000000000E+000, 0.0000000000000000E+000, 0.0000000000000000E+000, 0.0000000000000000E+000, 0.0000000000000000E+000,-1.4012984643248171E-045, 0.0000000000000000E+000, 3.4864234924316406E-001, 6.4307975769042969E-001, 2.1326863281250000E+004, 4.0000000000000000E+002, 0.0000000000000000E+000, 0.0000000000000000E+000, 0.0000000000000000E+000, 3.3143634033203125E+002, 0.0000000000000000E+000, 0.0000000000000000E+000, 0.0000000000000000E+000, 0.0000000000000000E+000, 0.0000000000000000E+000, 0.0000000000000000E+000, 0.0000000000000000E+000, 0.0000000000000000E+000, 0.0000000000000000E+000, 0.0000000000000000E+000,-3.5000000000000000E+001
12,1,32,32, 1.0000000000000000E+001, 3.3223010253906250E+002,-0.0000000000000000E+000, 0.0000000000000000E+000, 1.4012984643248171E-045, 0.0000000000000000E+000, 0.0000000000000000E+000, 0.0000000000000000E+000,-0.0000000000000000E+000, 0.0000000000000000E+000, 0.0000000000000000E+000, 0.0000000000000000E+000, 3.3560678362846375E-001, 6.3395822048187256E-001, 2.0286738281250000E+004, 4.0000000000000000E+002, 0.0000000000000000E+000, 0.0000000000000000E+000, 0.0000000000000000E+000, 3.3223010253906250E+002, 1.4012984643248171E-045, 0.0000000000000000E+000, 0.0000000000000000E+000, 0.0000000000000000E+000, 0.0000000000000000E+000, 0.0000000000000000E+000, 0.0000000000000000E+000, 0.0000000000000000E+000, 0.0000000000000000E+000, 0.0000000000000000E+000,-3.5000000000000000E+001
13,1,1,32, 3.0000000000000000E+001, 2.0742163085937500E+002, 3.1591680453857407E-006, 0.0000000000000000E+000, 0.0000000000000000E+000, 0.0000000000000000E+000, 0.0000000000000000E+000, 0.0000000000000000E+000, 0.0000000000000000E+000, 0.0000000000000000E+000, 0.0000000000000000E+000, 0.0000000000000000E+000, 1.6264536380767822E+000, 9.8716795444488525E-001, 9.5580367187500000E+004, 4.0000000000000000E+002, 0.0000000000000000E+000, 0.0000000000000000E+000, 0.0000000000000000E+000, 2.0742358398437500E+002, 2.5153146907541668E-006, 0.0000000000000000E+000, 0.0000000000000000E+000, 6.4387495513074100E-007, 0.0000000000000000E+000, 0.0000000000000000E+000, 1.8445039062500000E+005, 0.0000000000000000E+000, 0.0000000000000000E+000, 0.0000000000000000E+000,-3.5000000000000000E+001
13,1,2,32, 3.0000000000000000E+001, 2.0991284179687500E+002, 3.1035758638608968E-006, 0.0000000000000000E+000, 0.0000000000000000E+000, 0.0000000000000000E+000, 0.0000000000000000E+000, 0.0000000000000000E+000, 0.0000000000000000E+000, 0.0000000000000000E+000, 0.0000000000000000E+000, 0.0000000000000000E+000, 1.5507658720016479E+000, 9.7316581010818481E-001, 9.0918859375000000E+004, 4.0000000000000000E+002, 0.0000000000000000E+000, 0.0000000000000000E+000, 0.0000000000000000E+000, 2.0991491699218750E+002, 2.4282981030410156E-006, 0.0000000000000000E+000, 0.0000000000000000E+000, 6.7530078240451985E-007, 0.0000000000000000E+000, 0.0000000000000000E+000, 1.9345279687500000E+005, 0.0000000000000000E+000, 0.0000000000000000E+000, 0.0000000000000000E+000,-3.5000000000000000E+001
13,1,3,32, 3.0000000000000000E+001, 2.1243278503417969E+002, 3.0512558168993564E-006, 0.0000000000000000E+000, 0.0000000000000000E+000, 0.0000000000000000E+000, 0.0000000000000000E+000, 0.0000000000000000E+000, 0.0000000000000000E+000, 0.0000000000000000E+000, 0.0000000000000000E+000, 0.0000000000000000E+000, 1.4786083698272705E+000, 9.5936226844787598E-001, 8.6484695312500000E+004, 4.0000000000000000E+002, 0.0000000000000000E+000, 0.0000000000000000E+000, 0.0000000000000000E+000, 2.1243499755859375E+002, 2.3430238798027858E-006, 0.0000000000000000E+000, 0.0000000000000000E+000, 7.0825649345351849E-007, 0.0000000000000000E+000, 0.0000000000000000E+000, 2.0289348437500000E+005, 0.0000000000000000E+000, 0.0000000000000000E+000, 0.0000000000000000E+000,-3.5000000000000000E+001
13,1,4,32, 3.0000000000000000E+001, 2.1498179626464844E+002, 3.0050173336348962E-006, 0.0000000000000000E+000, 0.0000000000000000E+000, 0.0000000000000000E+000, 0.0000000000000000E+000, 0.0000000000000000E+000, 0.0000000000000000E+000, 0.0000000000000000E+000, 0.0000000000000000E+000, 0.0000000000000000E+000, 1.4098162651062012E+000, 9.4575452804565430E-001, 8.2266789062500000E+004, 4.0000000000000000E+002, 0.0000000000000000E+000, 0.0000000000000000E+000, 0.0000000000000000E+000, 2.1498413085937500E+002, 2.2622270989813842E-006, 0.0000000000000000E+000, 0.0000000000000000E+000, 7.4642616709752474E-007, 9.7263941692404821E-012, 0.0000000000000000E+000, 2.1279368750000000E+005, 9.8494971171021461E-003, 0.0000000000000000E+000, 0.0000000000000000E+000,-3.5000000000000000E+001
13,1,5,32, 3.0000000000000000E+001, 2.1756016540527344E+002, 2.9611710488097742E-006, 0.0000000000000000E+000, 0.0000000000000000E+000, 1.1581608987398795E-006, 0.0000000000000000E+000, 0.0000000000000000E+000, 2.2317572265625000E+004, 0.0000000000000000E+000, 0.0000000000000000E+000, 0.0000000000000000E+000, 1.3442322015762329E+000, 9.3233978748321533E-001, 7.8254585937500000E+004, 4.0000000000000000E+002, 0.0000000000000000E+000, 0.0000000000000000E+000, 0.0000000000000000E+000, 2.1756251525878906E+002, 2.2258595890889410E-006, 0.0000000000000000E+000, 0.0000000000000000E+000, 1.8894036202254938E-006, 3.0069671752563920E-010, 0.0000000000000000E+000, 2.2317573437500000E+005, 5.9769111871719360E-001, 0.0000000000000000E+000, 0.0000000000000000E+000,-3.5000000000000000E+001
13,1,6,32, 3.0000000000000000E+001, 2.2016822814941406E+002, 2.9237285161798354E-006, 0.0000000000000000E+000, 0.0000000000000000E+000, 0.0000000000000000E+000, 0.0000000000000000E+000, 0.0000000000000000E+000, 0.0000000000000000E+000, 0.0000000000000000E+000, 0.0000000000000000E+000, 0.0000000000000000E+000, 1.2817063331604004E+000, 9.1911536455154419E-001, 7.4438070312500000E+004, 4.0000000000000000E+002, 0.0000000000000000E+000, 0.0000000000000000E+000, 0.0000000000000000E+000, 2.2017088317871094E+002, 2.1066946374048712E-006, 0.0000000000000000E+000, 0.0000000000000000E+000, 8.1706383525670390E-007, 0.0000000000000000E+000, 0.0000000000000000E+000, 2.3406298437500000E+005, 0.0000000000000000E+000, 0.0000000000000000E+000, 0.0000000000000000E+000,-3.5000000000000000E+001
13,1,7,32, 3.0000000000000000E+001, 2.2280630493164062E+002, 2.8733579711115453E-006, 0.0000000000000000E+000, 0.0000000000000000E+000, 0.0000000000000000E+000, 0.0000000000000000E+000, 0.0000000000000000E+000, 0.0000000000000000E+000, 0.0000000000000000E+000, 0.0000000000000000E+000, 0.0000000000000000E+000, 1.2220956087112427E+000, 9.0607851743698120E-001, 7.0807687500000000E+004, 4.0000000000000000E+002, 0.0000000000000000E+000, 0.0000000000000000E+000, 0.0000000000000000E+000, 2.2280912780761719E+002, 2.0164711713732686E-006, 0.0000000000000000E+000, 0.0000000000000000E+000, 8.5691863205283880E-007, 0.0000000000000000E+000, 0.0000000000000000E+000, 2.4547996875000000E+005, 0.0000000000000000E+000, 0.0000000000000000E+000, 0.0000000000000000E+000,-3.5000000000000000E+001
13,1,8,32, 3.0000000000000000E+001, 2.2547471618652344E+002, 2.8165968615212478E-006, 0.0000000000000000E+000, 0.0000000000000000E+000, 0.0000000000000000E+000, 0.0000000000000000E+000, 0.0000000000000000E+000, 0.0000000000000000E+000, 0.0000000000000000E+000, 0.0000000000000000E+000, 0.0000000000000000E+000, 1.1652640104293823E+000, 8.9322650432586670E-001, 6.7354351562500000E+004, 4.0000000000000000E+002, 0.0000000000000000E+000, 0.0000000000000000E+000, 0.0000000000000000E+000, 2.2547772216796875E+002, 1.9179185528628295E-006, 0.0000000000000000E+000, 0.0000000000000000E+000, 8.9871224417947815E-007, 0.0000000000000000E+000, 0.0000000000000000E+000, 2.5745239062500000E+005, 0.0000000000000000E+000, 0.0000000000000000E+000, 0.0000000000000000E+000,-3.5000000000000000E+001
13,1,9,32, 3.0000000000000000E+001, 2.2817378234863281E+002, 2.7598318865784677E-006, 0.0000000000000000E+000, 0.0000000000000000E+000, 0.0000000000000000E+000, 0.0000000000000000E+000, 0.0000000000000000E+000, 0.0000000000000000E+000, 0.0000000000000000E+000, 0.0000000000000000E+000, 0.0000000000000000E+000, 1.1110813617706299E+000, 8.8055688142776489E-001, 6.4069441406250000E+004, 4.0000000000000000E+002, 0.0000000000000000E+000, 0.0000000000000000E+000, 0.0000000000000000E+000, 2.2817698669433594E+002, 1.8173288935940946E-006, 0.0000000000000000E+000, 0.0000000000000000E+000, 9.4956146767799510E-007, 1.7353387823937361E-011, 0.0000000000000000E+000, 2.7000721875000000E+005, 1.7573017627000809E-002, 0.0000000000000000E+000, 0.0000000000000000E+000,-3.5000000000000000E+001
13,1,10,32, 3.0000000000000000E+001, 2.3090386962890625E+002, 2.7030746423406526E-006, 0.0000000000000000E+000, 0.0000000000000000E+000, 1.9662613794935169E-006, 0.0000000000000000E+000, 0.0000000000000000E+000, 2.8317269531250000E+004, 0.0000000000000000E+000, 0.0000000000000000E+000, 0.0000000000000000E+000, 1.0594241619110107E+000, 8.6806690692901611E-001, 6.0944734375000000E+004, 4.0000000000000000E+002, 0.0000000000000000E+000, 0.0000000000000000E+000, 0.0000000000000000E+000, 2.3090707397460938E+002, 1.7699069303489523E-006, 0.0000000000000000E+000, 0.0000000000000000E+000, 2.8913254936924204E-006, 4.6955245247559674E-010, 0.0000000000000000E+000, 2.8317268750000000E+005, 9.3546462059020996E-001, 0.0000000000000000E+000, 0.0000000000000000E+000,-3.5000000000000000E+001
13,1,11,32, 3.0000000000000000E+001, 2.3366526794433594E+002, 2.6463626454642508E-006, 0.0000000000000000E+000, 0.0000000000000000E+000, 0.0000000000000000E+000, 0.0000000000000000E+000, 0.0000000000000000E+000, 0.0000000000000000E+000, 0.0000000000000000E+000, 0.0000000000000000E+000, 0.0000000000000000E+000, 1.0101745128631592E+000, 8.5575407743453979E-001, 5.7972425781250000E+004, 4.0000000000000000E+002, 0.0000000000000000E+000, 0.0000000000000000E+000, 0.0000000000000000E+000, 2.3366854858398438E+002, 1.7076789617931354E-006, 0.0000000000000000E+000, 0.0000000000000000E+000, 9.3852725058241049E-007, 0.0000000000000000E+000, 0.0000000000000000E+000, 2.9697837500000000E+005, 0.0000000000000000E+000, 0.0000000000000000E+000, 0.0000000000000000E+000,-3.5000000000000000E+001
13,1,12,32, 3.0000000000000000E+001, 2.3645829772949219E+002, 2.5897199975588592E-006, 0.0000000000000000E+000, 0.0000000000000000E+000, 0.0000000000000000E+000, 0.0000000000000000E+000, 0.0000000000000000E+000, 0.0000000000000000E+000, 0.0000000000000000E+000, 0.0000000000000000E+000, 0.0000000000000000E+000, 9.6322005987167358E-001, 8.4361594915390015E-001, 5.5145078125000000E+004, 4.0000000000000000E+002, 0.0000000000000000E+000, 0.0000000000000000E+000, 0.0000000000000000E+000, 2.3646156311035156E+002, 1.6710347381376778E-006, 0.0000000000000000E+000, 0.0000000000000000E+000, 9.1854792572121369E-007, 0.0000000000000000E+000, 0.0000000000000000E+000, 3.1145531250000000E+005, 0.0000000000000000E+000, 0.0000000000000000E+000, 0.0000000000000000E+000,-3.5000000000000000E+001
13,1,13,32, 3.0000000000000000E+001, 2.3928337097167969E+002, 2.5331989945698297E-006, 0.0000000000000000E+000, 0.0000000000000000E+000, 0.0000000000000000E+000, 0.0000000000000000E+000, 0.0000000000000000E+000, 0.0000000000000000E+000, 0.0000000000000000E+000, 0.0000000000000000E+000, 0.0000000000000000E+000, 9.1845327615737915E-001, 8.3164995908737183E-001, 5.2455621093750000E+004, 4.0000000000000000E+002, 0.0000000000000000E+000, 0.0000000000000000E+000, 0.0000000000000000E+000, 2.3928663635253906E+002, 1.6289710629280307E-006, 0.0000000000000000E+000, 0.0000000000000000E+000, 9.0410100028748275E-007, 0.0000000000000000E+000, 0.0000000000000000E+000, 3.2663609375000000E+005, 0.0000000000000000E+000, 0.0000000000000000E+000, 0.0000000000000000E+000,-3.5000000000000000E+001
13,1,14,32, 3.0000000000000000E+001, 2.4214076232910156E+002, 2.4768294224486453E-006, 0.0000000000000000E+000, 0.0000000000000000E+000, 0.0000000000000000E+000, 0.0000000000000000E+000, 0.0000000000000000E+000, 0.0000000000000000E+000, 0.0000000000000000E+000, 0.0000000000000000E+000, 0.0000000000000000E+000, 8.7577211856842041E-001, 8.1985372304916382E-001, 4.9897328125000000E+004, 4.0000000000000000E+002, 0.0000000000000000E+000, 0.0000000000000000E+000, 0.0000000000000000E+000, 2.4214401245117188E+002, 1.5841437743802089E-006, 0.0000000000000000E+000, 0.0000000000000000E+000, 8.9487491550244158E-007, 5.7747526378826297E-012, 0.0000000000000000E+000, 3.4255487500000000E+005, 5.8478405699133873E-003, 0.0000000000000000E+000, 0.0000000000000000E+000,-3.5000000000000000E+001
13,1,15,32, 3.0000000000000000E+001, 2.4503085327148438E+002, 2.4206317448260961E-006, 0.0000000000000000E+000, 0.0000000000000000E+000, 7.3575887427068665E-007, 0.0000000000000000E+000, 0.0000000000000000E+000, 3.5924730468750000E+004, 0.0000000000000000E+000, 0.0000000000000000E+000, 0.0000000000000000E+000, 8.3507937192916870E-001, 8.0822473764419556E-001, 4.7463804687500000E+004, 4.0000000000000000E+002, 0.0000000000000000E+000, 0.0000000000000000E+000, 0.0000000000000000E+000, 2.4503407287597656E+002, 1.5516743587795645E-006, 0.0000000000000000E+000, 0.0000000000000000E+000, 1.6019919257814763E-006, 1.3667898757230290E-010, 0.0000000000000000E+000, 3.5924728125000000E+005, 2.7301368117332458E-001, 0.0000000000000000E+000, 0.0000000000000000E+000,-3.5000000000000000E+001
13,1,16,32, 3.0000000000000000E+001, 2.4795396423339844E+002, 2.3646550744160777E-006, 0.0000000000000000E+000, 0.0000000000000000E+000, 0.0000000000000000E+000, 0.0000000000000000E+000, 0.0000000000000000E+000, 0.0000000000000000E+000, 0.0000000000000000E+000, 0.0000000000000000E+000, 0.0000000000000000E+000, 7.9628211259841919E-001, 7.9676079750061035E-001, 4.5148972656250000E+004, 4.0000000000000000E+002, 0.0000000000000000E+000, 0.0000000000000000E+000, 0.0000000000000000E+000, 2.4795719909667969E+002, 1.5058030840009451E-006, 0.0000000000000000E+000, 0.0000000000000000E+000, 8.5868509813735727E-007, 0.0000000000000000E+000, 0.0000000000000000E+000, 3.7675090625000000E+005, 0.0000000000000000E+000, 0.0000000000000000E+000, 0.0000000000000000E+000,-3.5000000000000000E+001
13,1,17,32, 3.0000000000000000E+001, 2.5091049194335938E+002, 2.3089178284863010E-006, 0.0000000000000000E+000, 0.0000000000000000E+000, 0.0000000000000000E+000, 0.0000000000000000E+000, 0.0000000000000000E+000, 0.0000000000000000E+000, 0.0000000000000000E+000, 0.0000000000000000E+000, 0.0000000000000000E+000, 7.5929170846939087E-001, 7.8545939922332764E-001, 4.2947027343750000E+004, 4.0000000000000000E+002, 0.0000000000000000E+000, 0.0000000000000000E+000, 0.0000000000000000E+000, 2.5091368103027344E+002, 1.4780706578676472E-006, 0.0000000000000000E+000, 0.0000000000000000E+000, 8.3069448919559363E-007, 0.0000000000000000E+000, 0.0000000000000000E+000, 3.9510506250000000E+005, 0.0000000000000000E+000, 0.0000000000000000E+000, 0.0000000000000000E+000,-3.5000000000000000E+001
13,1,18,32, 3.0000000000000000E+001, 2.5390075683593750E+002, 2.2534625259140739E-006, 0.0000000000000000E+000, 0.0000000000000000E+000, 0.0000000000000000E+000, 0.0000000000000000E+000, 0.0000000000000000E+000, 0.0000000000000000E+000, 0.0000000000000000E+000, 0.0000000000000000E+000, 0.0000000000000000E+000, 7.2402399778366089E-001, 7.7431833744049072E-001, 4.0852476562500000E+004, 4.0000000000000000E+002, 0.0000000000000000E+000, 0.0000000000000000E+000, 0.0000000000000000E+000, 2.5390388488769531E+002, 1.4471652320935391E-006, 0.0000000000000000E+000, 0.0000000000000000E+000, 8.0621117604096071E-007, 0.0000000000000000E+000, 0.0000000000000000E+000, 4.1435090625000000E+005, 0.0000000000000000E+000, 0.0000000000000000E+000, 0.0000000000000000E+000,-3.5000000000000000E+001
13,1,19,32, 3.0000000000000000E+001, 2.5692510986328125E+002, 2.1983057649777038E-006, 0.0000000000000000E+000, 0.0000000000000000E+000, 0.0000000000000000E+000, 0.0000000000000000E+000, 0.0000000000000000E+000, 0.0000000000000000E+000, 0.0000000000000000E+000, 0.0000000000000000E+000, 0.0000000000000000E+000, 6.9039863348007202E-001, 7.6333528757095337E-001, 3.8860078125000000E+004, 4.0000000000000000E+002, 0.0000000000000000E+000, 0.0000000000000000E+000, 0.0000000000000000E+000, 2.5692825317382812E+002, 1.3939495602244278E-006, 0.0000000000000000E+000, 0.0000000000000000E+000, 8.0434034543941380E-007, 0.0000000000000000E+000, 0.0000000000000000E+000, 4.3453156250000000E+005, 0.0000000000000000E+000, 0.0000000000000000E+000, 0.0000000000000000E+000,-3.5000000000000000E+001
13,1,20,32, 3.0000000000000000E+001, 2.5998394775390625E+002, 2.1435032522276742E-006, 0.0000000000000000E+000, 0.0000000000000000E+000, 6.0680854119254946E-008, 0.0000000000000000E+000, 0.0000000000000000E+000, 4.5569246093750000E+004, 0.0000000000000000E+000, 0.0000000000000000E+000, 0.0000000000000000E+000, 6.5833872556686401E-001, 7.5250798463821411E-001, 3.6964851562500000E+004, 4.0000000000000000E+002, 0.0000000000000000E+000, 0.0000000000000000E+000, 0.0000000000000000E+000, 2.5998699951171875E+002, 1.3767655673291301E-006, 0.0000000000000000E+000, 0.0000000000000000E+000, 8.2711784443745273E-007, 1.3928260129449088E-013, 0.0000000000000000E+000, 4.5569246875000000E+005, 2.7905227034352720E-004, 0.0000000000000000E+000, 0.0000000000000000E+000,-3.5000000000000000E+001
13,1,21,32, 3.0000000000000000E+001, 2.6307760620117188E+002, 2.0890599898848450E-006, 0.0000000000000000E+000, 0.0000000000000000E+000, 0.0000000000000000E+000, 0.0000000000000000E+000, 0.0000000000000000E+000, 0.0000000000000000E+000, 0.0000000000000000E+000, 0.0000000000000000E+000, 0.0000000000000000E+000, 6.2777137756347656E-001, 7.4183434247970581E-001, 3.5162054687500000E+004, 4.0000000000000000E+002, 0.0000000000000000E+000, 0.0000000000000000E+000, 0.0000000000000000E+000, 2.6308065795898438E+002, 1.3398935152508784E-006, 0.0000000000000000E+000, 0.0000000000000000E+000, 7.4904517077811761E-007, 0.0000000000000000E+000, 0.0000000000000000E+000, 4.7788096875000000E+005, 0.0000000000000000E+000, 0.0000000000000000E+000, 0.0000000000000000E+000,-3.5000000000000000E+001
13,1,22,32, 3.0000000000000000E+001, 2.6620645141601562E+002, 2.0350139493530151E-006, 0.0000000000000000E+000, 0.0000000000000000E+000, 0.0000000000000000E+000, 0.0000000000000000E+000, 0.0000000000000000E+000, 0.0000000000000000E+000, 0.0000000000000000E+000, 0.0000000000000000E+000, 0.0000000000000000E+000, 5.9862697124481201E-001, 7.3131203651428223E-001, 3.3447179687500000E+004, 4.0000000000000000E+002, 0.0000000000000000E+000, 0.0000000000000000E+000, 0.0000000000000000E+000, 2.6620944213867188E+002, 1.3035132724326104E-006, 0.0000000000000000E+000, 0.0000000000000000E+000, 7.3138176048814785E-007, 0.0000000000000000E+000, 0.0000000000000000E+000, 5.0114675000000000E+005, 0.0000000000000000E+000, 0.0000000000000000E+000, 0.0000000000000000E+000,-3.5000000000000000E+001
13,1,23,32, 3.0000000000000000E+001, 2.6937091064453125E+002, 1.9814062852674397E-006, 0.0000000000000000E+000, 0.0000000000000000E+000, 0.0000000000000000E+000, 0.0000000000000000E+000, 0.0000000000000000E+000, 0.0000000000000000E+000, 0.0000000000000000E+000, 0.0000000000000000E+000, 0.0000000000000000E+000, 5.7083904743194580E-001, 7.2093898057937622E-001, 3.1815941406250000E+004, 4.0000000000000000E+002, 0.0000000000000000E+000, 0.0000000000000000E+000, 0.0000000000000000E+000, 2.6937390136718750E+002, 1.2676478036155459E-006, 0.0000000000000000E+000, 0.0000000000000000E+000, 7.1364206633006688E-007, 0.0000000000000000E+000, 0.0000000000000000E+000, 5.2554218750000000E+005, 0.0000000000000000E+000, 0.0000000000000000E+000, 0.0000000000000000E+000,-3.5000000000000000E+001
13,1,24,32, 3.0000000000000000E+001, 2.7257131958007812E+002, 1.9282515495433472E-006, 0.0000000000000000E+000, 0.0000000000000000E+000, 0.0000000000000000E+000, 0.0000000000000000E+000, 0.0000000000000000E+000, 0.0000000000000000E+000, 0.0000000000000000E+000, 0.0000000000000000E+000, 0.0000000000000000E+000, 5.4434436559677124E-001, 7.1071308851242065E-001, 3.0264261718750000E+004, 4.0000000000000000E+002, 0.0000000000000000E+000, 0.0000000000000000E+000, 0.0000000000000000E+000, 2.7257424926757812E+002, 1.2322968814260093E-006, 0.0000000000000000E+000, 0.0000000000000000E+000, 6.9584365292030270E-007, 0.0000000000000000E+000, 0.0000000000000000E+000, 5.5112168750000000E+005, 0.0000000000000000E+000, 0.0000000000000000E+000, 0.0000000000000000E+000,-3.5000000000000000E+001
13,1,25,32, 3.0000000000000000E+001, 2.7580804443359375E+002, 1.8755814608084620E-006, 0.0000000000000000E+000, 0.0000000000000000E+000, 1.1030363289421530E-009, 0.0000000000000000E+000, 0.0000000000000000E+000, 5.7794277343750000E+004, 0.0000000000000000E+000, 0.0000000000000000E+000, 0.0000000000000000E+000, 5.1908254623413086E-001, 7.0063221454620361E-001, 2.8788255859375000E+004, 4.0000000000000000E+002, 0.0000000000000000E+000, 0.0000000000000000E+000, 0.0000000000000000E+000, 2.7581097412109375E+002, 1.1974702829320449E-006, 0.0000000000000000E+000, 0.0000000000000000E+000, 6.7909979861724423E-007, 0.0000000000000000E+000, 0.0000000000000000E+000, 5.7794275000000000E+005, 0.0000000000000000E+000, 0.0000000000000000E+000, 0.0000000000000000E+000,-3.5000000000000000E+001
13,1,26,32, 3.0000000000000000E+001, 2.7908148193359375E+002, 1.8234188701171661E-006, 0.0000000000000000E+000, 0.0000000000000000E+000, 0.0000000000000000E+000, 0.0000000000000000E+000, 0.0000000000000000E+000, 0.0000000000000000E+000, 0.0000000000000000E+000, 0.0000000000000000E+000, 0.0000000000000000E+000, 4.9499616026878357E-001, 6.9069433212280273E-001, 2.7384236328125000E+004, 4.0000000000000000E+002, 0.0000000000000000E+000, 0.0000000000000000E+000, 0.0000000000000000E+000, 2.7908435058593750E+002, 1.1631756251517800E-006, 0.0000000000000000E+000, 0.0000000000000000E+000, 6.6013438981826766E-007, 0.0000000000000000E+000, 0.0000000000000000E+000, 6.0606531250000000E+005, 0.0000000000000000E+000, 0.0000000000000000E+000, 0.0000000000000000E+000,-3.5000000000000000E+001
13,1,27,32, 3.0000000000000000E+001, 2.8239202880859375E+002, 1.7717947002893197E-006, 0.0000000000000000E+000, 0.0000000000000000E+000, 0.0000000000000000E+000, 0.0000000000000000E+000, 0.0000000000000000E+000, 0.0000000000000000E+000, 0.0000000000000000E+000, 0.0000000000000000E+000, 0.0000000000000000E+000, 4.7203028202056885E-001, 6.8089741468429565E-001, 2.6048689453125000E+004, 4.0000000000000000E+002, 0.0000000000000000E+000, 0.0000000000000000E+000, 0.0000000000000000E+000, 2.8239486694335938E+002, 1.1294216619717190E-006, 0.0000000000000000E+000, 0.0000000000000000E+000, 6.4226679796774988E-007, 0.0000000000000000E+000, 0.0000000000000000E+000, 6.3555243750000000E+005, 0.0000000000000000E+000, 0.0000000000000000E+000, 0.0000000000000000E+000,-3.5000000000000000E+001
13,1,28,32, 3.0000000000000000E+001, 2.8574008178710938E+002, 1.7207339624292217E-006, 0.0000000000000000E+000, 0.0000000000000000E+000, 0.0000000000000000E+000, 0.0000000000000000E+000, 0.0000000000000000E+000, 0.0000000000000000E+000, 0.0000000000000000E+000, 0.0000000000000000E+000, 0.0000000000000000E+000, 4.5013281702995300E-001, 6.7123943567276001E-001, 2.4778281250000000E+004, 4.0000000000000000E+002, 0.0000000000000000E+000, 0.0000000000000000E+000, 0.0000000000000000E+000, 2.8574288940429688E+002, 1.0962246506096562E-006, 0.0000000000000000E+000, 0.0000000000000000E+000, 6.2440579995381995E-007, 0.0000000000000000E+000, 0.0000000000000000E+000, 6.6647000000000000E+005, 0.0000000000000000E+000, 0.0000000000000000E+000, 0.0000000000000000E+000,-3.5000000000000000E+001
13,1,29,32, 3.0000000000000000E+001, 2.8912597656250000E+002, 1.6702626908227103E-006, 0.0000000000000000E+000, 0.0000000000000000E+000, 0.0000000000000000E+000, 0.0000000000000000E+000, 0.0000000000000000E+000, 0.0000000000000000E+000, 0.0000000000000000E+000, 0.0000000000000000E+000, 0.0000000000000000E+000, 4.2925384640693665E-001, 6.6171848773956299E-001, 2.3569832031250000E+004, 4.0000000000000000E+002, 0.0000000000000000E+000, 0.0000000000000000E+000, 0.0000000000000000E+000, 2.8912875366210938E+002, 1.0635710623319028E-006, 0.0000000000000000E+000, 0.0000000000000000E+000, 6.0659078826574842E-007, 0.0000000000000000E+000, 0.0000000000000000E+000, 6.9888712500000000E+005, 0.0000000000000000E+000, 0.0000000000000000E+000, 0.0000000000000000E+000,-3.5000000000000000E+001
13,1,30,32, 3.0000000000000000E+001, 2.9255017089843750E+002, 1.6204014627874130E-006, 0.0000000000000000E+000, 0.0000000000000000E+000, 4.4192618314786714E-012, 0.0000000000000000E+000, 0.0000000000000000E+000, 7.3287656250000000E+004, 0.0000000000000000E+000, 0.0000000000000000E+000, 0.0000000000000000E+000, 4.0934586524963379E-001, 6.5233254432678223E-001, 2.2420314453125000E+004, 4.0000000000000000E+002, 0.0000000000000000E+000, 0.0000000000000000E+000, 0.0000000000000000E+000, 2.9255288696289062E+002, 1.0314813607692486E-006, 0.0000000000000000E+000, 0.0000000000000000E+000, 5.8882631037704414E-007, 0.0000000000000000E+000, 0.0000000000000000E+000, 7.3287656250000000E+005, 0.0000000000000000E+000, 0.0000000000000000E+000, 0.0000000000000000E+000,-3.5000000000000000E+001
13,1,31,32, 3.0000000000000000E+001, 2.9601306152343750E+002, 1.5711763126091682E-006, 0.0000000000000000E+000, 0.0000000000000000E+000, 0.0000000000000000E+000, 0.0000000000000000E+000, 0.0000000000000000E+000, 0.0000000000000000E+000, 0.0000000000000000E+000, 0.0000000000000000E+000, 0.0000000000000000E+000, 3.9036366343498230E-001, 6.4307975769042969E-001, 2.1326863281250000E+004, 4.0000000000000000E+002, 0.0000000000000000E+000, 0.0000000000000000E+000, 0.0000000000000000E+000, 2.9601571655273438E+002, 9.9996032076887786E-007, 0.0000000000000000E+000, 0.0000000000000000E+000, 5.7112055174002307E-007, 0.0000000000000000E+000, 0.0000000000000000E+000, 7.6851412500000000E+005, 0.0000000000000000E+000, 0.0000000000000000E+000, 0.0000000000000000E+000,-3.5000000000000000E+001
13,1,32,32, 3.0000000000000000E+001, 2.9951501464843750E+002, 1.5226057712425245E-006, 0.0000000000000000E+000, 0.0000000000000000E+000, 0.0000000000000000E+000, 0.0000000000000000E+000, 0.0000000000000000E+000, 0.0000000000000000E+000, 0.0000000000000000E+000, 0.0000000000000000E+000, 0.0000000000000000E+000, 3.7226402759552002E-001, 6.3395822048187256E-001, 2.0286738281250000E+004, 4.0000000000000000E+002, 0.0000000000000000E+000, 0.0000000000000000E+000, 0.0000000000000000E+000, 2.9951766967773438E+002, 9.6901044344122056E-007, 0.0000000000000000E+000, 0.0000000000000000E+000, 5.5251348385354504E-007, 0.0000000000000000E+000, 0.0000000000000000E+000, 8.0587962500000000E+005, 0.0000000000000000E+000, 0.0000000000000000E+000, 0.0000000000000000E+000,-3.5000000000000000E+001
14,1,1,32, 4.5000000000000000E+001, 2.9249328613281250E+002, 8.8043222203850746E-003, 0.0000000000000000E+000, 0.0000000000000000E+000, 4.0000000467443897E-007, 6.9999998686398612E-007, 0.0000000000000000E+000, 4.3350101562500000E+004, 6.9360164062500000E+004, 0.0000000000000000E+000, 0.0000000000000000E+000, 1.1533998250961304E+000, 9.8716795444488525E-001, 9.5580367187500000E+004, 4.0000000000000000E+002, 0.0000000000000000E+000, 0.0000000000000000E+000, 0.0000000000000000E+000, 2.9249118041992188E+002, 8.8050225749611855E-003, 0.0000000000000000E+000, 3.9778154814484878E-007, 0.0000000000000000E+000, 0.0000000000000000E+000, 0.0000000000000000E+000, 0.0000000000000000E+000, 0.0000000000000000E+000, 1.5874849609375000E+004, 0.0000000000000000E+000,-2.9863393783569336E+001
14,1,2,32, 4.5000000000000000E+001, 2.9411227416992188E+002, 7.8466814011335373E-003, 4.0000000467443897E-007, 6.9999998686398612E-007, 0.0000000000000000E+000, 0.0000000000000000E+000, 0.0000000000000000E+000, 0.0000000000000000E+000, 0.0000000000000000E+000, 7.2279960937500000E+004, 0.0000000000000000E+000, 1.1068074703216553E+000, 9.7316581010818481E-001, 9.0918859375000000E+004, 4.0000000000000000E+002, 0.0000000000000000E+000, 0.0000000000000000E+000, 0.0000000000000000E+000, 2.9410949707031250E+002, 7.8477831557393074E-003, 0.0000000000000000E+000, 0.0000000000000000E+000, 0.0000000000000000E+000, 0.0000000000000000E+000, 0.0000000000000000E+000, 0.0000000000000000E+000, 0.0000000000000000E+000, 0.0000000000000000E+000, 0.0000000000000000E+000,-3.5000000000000000E+001
14,1,3,32, 4.5000000000000000E+001, 2.9571728515625000E+002, 6.9715194404125214E-003, 0.0000000000000000E+000, 0.0000000000000000E+000, 4.0000000467443897E-007, 6.9999998686398612E-007, 0.0000000000000000E+000, 4.7073015625000000E+004, 7.5316820312500000E+004, 0.0000000000000000E+000, 0.0000000000000000E+000, 1.0621796846389771E+000, 9.5936226844787598E-001, 8.6484695312500000E+004, 4.0000000000000000E+002, 0.0000000000000000E+000, 0.0000000000000000E+000, 0.0000000000000000E+000, 2.9571511840820312E+002, 6.9722193293273449E-003, 0.0000000000000000E+000, 3.9777850702193973E-007, 0.0000000000000000E+000, 0.0000000000000000E+000, 0.0000000000000000E+000, 0.0000000000000000E+000, 0.0000000000000000E+000, 1.5874727539062500E+004, 0.0000000000000000E+000,-3.0139526367187500E+001
14,1,4,32, 4.5000000000000000E+001, 2.9730758666992188E+002, 6.1741257086396217E-003, 4.0000000467443897E-007, 6.9999998686398612E-007, 0.0000000000000000E+000, 0.0000000000000000E+000, 0.0000000000000000E+000, 0.0000000000000000E+000, 0.0000000000000000E+000, 7.8475078125000000E+004, 0.0000000000000000E+000, 1.0194319486618042E+000, 9.4575452804565430E-001, 8.2266789062500000E+004, 4.0000000000000000E+002, 0.0000000000000000E+000, 0.0000000000000000E+000, 0.0000000000000000E+000, 2.9730471801757812E+002, 6.1752279289066792E-003, 0.0000000000000000E+000, 0.0000000000000000E+000, 0.0000000000000000E+000, 0.0000000000000000E+000, 0.0000000000000000E+000, 0.0000000000000000E+000, 0.0000000000000000E+000, 0.0000000000000000E+000, 0.0000000000000000E+000,-3.5000000000000000E+001
14,1,5,32, 4.5000000000000000E+001, 2.9888244628906250E+002, 5.4498738609254360E-003, 0.0000000000000000E+000, 0.0000000000000000E+000, 4.0000000467443897E-007, 6.9999998686398612E-007, 0.0000000000000000E+000, 5.1099511718750000E+004, 8.1759218750000000E+004, 0.0000000000000000E+000, 0.0000000000000000E+000, 9.7848296165466309E-001, 9.3233978748321533E-001, 7.8254585937500000E+004, 4.0000000000000000E+002, 0.0000000000000000E+000, 0.0000000000000000E+000, 0.0000000000000000E+000, 2.9888018798828125E+002, 5.4505737498402596E-003, 0.0000000000000000E+000, 3.9777549432074011E-007, 0.0000000000000000E+000, 0.0000000000000000E+000, 0.0000000000000000E+000, 0.0000000000000000E+000, 0.0000000000000000E+000, 1.5874607421875000E+004, 0.0000000000000000E+000,-3.0411741256713867E+001
14,1,6,32, 4.5000000000000000E+001, 3.0044107055664062E+002, 4.7941571101546288E-003, 4.0000000467443897E-007, 6.9999998686398612E-007, 0.0000000000000000E+000, 0.0000000000000000E+000, 0.0000000000000000E+000, 0.0000000000000000E+000, 0.0000000000000000E+000, 8.5173820312500000E+004, 0.0000000000000000E+000, 9.3925571441650391E-001, 9.1911536455154419E-001, 7.4438070312500000E+004, 4.0000000000000000E+002, 0.0000000000000000E+000, 0.0000000000000000E+000, 0.0000000000000000E+000, 3.0043814086914062E+002, 4.7952593304216862E-003, 0.0000000000000000E+000, 0.0000000000000000E+000, 0.0000000000000000E+000, 0.0000000000000000E+000, 0.0000000000000000E+000, 0.0000000000000000E+000, 0.0000000000000000E+000, 0.0000000000000000E+000, 0.0000000000000000E+000,-3.5000000000000000E+001
14,1,7,32, 4.5000000000000000E+001, 3.0198266601562500E+002, 4.2024552822113037E-003, 0.0000000000000000E+000, 0.0000000000000000E+000, 4.0000000467443897E-007, 6.9999998686398612E-007, 0.0000000000000000E+000, 5.5452269531250000E+004, 8.8723632812500000E+004, 0.0000000000000000E+000, 0.0000000000000000E+000, 9.0167635679244995E-001, 9.0607851743698120E-001, 7.0807687500000000E+004, 4.0000000000000000E+002, 0.0000000000000000E+000, 0.0000000000000000E+000, 0.0000000000000000E+000, 3.0198031616210938E+002, 4.2031551711261272E-003, 0.0000000000000000E+000, 3.9776958260517858E-007, 0.0000000000000000E+000, 0.0000000000000000E+000, 0.0000000000000000E+000, 0.0000000000000000E+000, 0.0000000000000000E+000, 1.5874372070312500E+004, 0.0000000000000000E+000,-3.0679601669311523E+001
14,1,8,32, 4.5000000000000000E+001, 3.0350643920898438E+002, 3.6703702062368393E-003, 4.0000000467443897E-007, 6.9999998686398612E-007, 0.0000000000000000E+000, 0.0000000000000000E+000, 0.0000000000000000E+000, 0.0000000000000000E+000, 0.0000000000000000E+000, 9.2413570312500000E+004, 0.0000000000000000E+000, 8.6567372083663940E-001, 8.9322650432586670E-001, 6.7354351562500000E+004, 4.0000000000000000E+002, 0.0000000000000000E+000, 0.0000000000000000E+000, 0.0000000000000000E+000, 3.0350338745117188E+002, 3.6714700981974602E-003, 0.0000000000000000E+000, 0.0000000000000000E+000, 0.0000000000000000E+000, 0.0000000000000000E+000, 0.0000000000000000E+000, 0.0000000000000000E+000, 0.0000000000000000E+000, 0.0000000000000000E+000, 0.0000000000000000E+000,-3.5000000000000000E+001
14,1,9,32, 4.5000000000000000E+001, 3.0501150512695312E+002, 3.1935810111463070E-003, 0.0000000000000000E+000, 0.0000000000000000E+000, 4.0000000467443897E-007, 6.9999998686398612E-007, 0.0000000000000000E+000, 6.0155394531250000E+004, 9.6248632812500000E+004, 0.0000000000000000E+000, 0.0000000000000000E+000, 8.3118063211441040E-001, 8.8055688142776489E-001, 6.4069441406250000E+004, 4.0000000000000000E+002, 0.0000000000000000E+000, 0.0000000000000000E+000, 0.0000000000000000E+000, 3.0500796508789062E+002, 3.1946809031069279E-003, 0.0000000000000000E+000, 0.0000000000000000E+000, 0.0000000000000000E+000, 0.0000000000000000E+000, 0.0000000000000000E+000, 0.0000000000000000E+000, 0.0000000000000000E+000, 0.0000000000000000E+000, 0.0000000000000000E+000,-3.5000000000000000E+001
14,1,10,32, 4.5000000000000000E+001, 3.0649710083007812E+002, 2.7679263148456812E-003, 4.0000000467443897E-007, 6.9999998686398612E-007, 0.0000000000000000E+000, 0.0000000000000000E+000, 0.0000000000000000E+000, 0.0000000000000000E+000, 0.0000000000000000E+000, 1.0023404687500000E+005, 0.0000000000000000E+000, 7.9813200235366821E-001, 8.6806690692901611E-001, 6.0944734375000000E+004, 4.0000000000000000E+002, 0.0000000000000000E+000, 0.0000000000000000E+000, 0.0000000000000000E+000, 3.0649395751953125E+002, 2.7690262068063021E-003, 0.0000000000000000E+000, 0.0000000000000000E+000, 0.0000000000000000E+000, 0.0000000000000000E+000, 0.0000000000000000E+000, 0.0000000000000000E+000, 0.0000000000000000E+000, 0.0000000000000000E+000, 0.0000000000000000E+000,-3.5000000000000000E+001
14,1,11,32, 4.5000000000000000E+001, 3.0796231079101562E+002, 2.3893602192401886E-003, 0.0000000000000000E+000, 0.0000000000000000E+000, 4.0000000467443897E-007, 6.9999998686398612E-007, 0.0000000000000000E+000, 6.5234449218750000E+004, 1.0437511718750000E+005, 0.0000000000000000E+000, 0.0000000000000000E+000, 7.6646620035171509E-001, 8.5575407743453979E-001, 5.7972425781250000E+004, 4.0000000000000000E+002, 0.0000000000000000E+000, 0.0000000000000000E+000, 0.0000000000000000E+000, 3.0795867919921875E+002, 2.3904601112008095E-003, 0.0000000000000000E+000, 0.0000000000000000E+000, 0.0000000000000000E+000, 0.0000000000000000E+000, 0.0000000000000000E+000, 0.0000000000000000E+000, 0.0000000000000000E+000, 0.0000000000000000E+000, 0.0000000000000000E+000,-3.5000000000000000E+001
14,1,12,32, 4.5000000000000000E+001, 3.0940618896484375E+002, 2.0539967808872461E-003, 4.0000000467443897E-007, 6.9999998686398612E-007, 0.0000000000000000E+000, 0.0000000000000000E+000, 0.0000000000000000E+000, 0.0000000000000000E+000, 0.0000000000000000E+000, 1.0867731250000000E+005, 0.0000000000000000E+000, 7.3612421751022339E-001, 8.4361594915390015E-001, 5.5145078125000000E+004, 4.0000000000000000E+002, 0.0000000000000000E+000, 0.0000000000000000E+000, 0.0000000000000000E+000, 3.0940289306640625E+002, 2.0550966728478670E-003, 0.0000000000000000E+000, 0.0000000000000000E+000, 0.0000000000000000E+000, 0.0000000000000000E+000, 0.0000000000000000E+000, 0.0000000000000000E+000, 0.0000000000000000E+000, 0.0000000000000000E+000, 0.0000000000000000E+000,-3.5000000000000000E+001
14,1,13,32, 4.5000000000000000E+001, 3.1082788085937500E+002, 1.7581260763108730E-003, 0.0000000000000000E+000, 0.0000000000000000E+000, 4.0000000467443897E-007, 6.9999998686398612E-007, 0.0000000000000000E+000, 7.0716445312500000E+004, 1.1314631250000000E+005, 0.0000000000000000E+000, 0.0000000000000000E+000, 7.0704913139343262E-001, 8.3164995908737183E-001, 5.2455621093750000E+004, 4.0000000000000000E+002, 0.0000000000000000E+000, 0.0000000000000000E+000, 0.0000000000000000E+000, 3.1082409667968750E+002, 1.7592260846868157E-003, 0.0000000000000000E+000, 0.0000000000000000E+000, 0.0000000000000000E+000, 0.0000000000000000E+000, 0.0000000000000000E+000, 0.0000000000000000E+000, 0.0000000000000000E+000, 0.0000000000000000E+000, 0.0000000000000000E+000,-3.5000000000000000E+001
14,1,14,32, 4.5000000000000000E+001, 3.1222640991210938E+002, 1.4981983695179224E-003, 4.0000000467443897E-007, 6.9999998686398612E-007, 0.0000000000000000E+000, 0.0000000000000000E+000, 0.0000000000000000E+000, 0.0000000000000000E+000, 0.0000000000000000E+000, 1.1778788281250000E+005, 0.0000000000000000E+000, 6.7918699979782104E-001, 8.1985372304916382E-001, 4.9897328125000000E+004, 4.0000000000000000E+002, 0.0000000000000000E+000, 0.0000000000000000E+000, 0.0000000000000000E+000, 3.1222302246093750E+002, 1.4992983778938651E-003, 0.0000000000000000E+000, 0.0000000000000000E+000, 0.0000000000000000E+000, 0.0000000000000000E+000, 0.0000000000000000E+000, 0.0000000000000000E+000, 0.0000000000000000E+000, 0.0000000000000000E+000, 0.0000000000000000E+000,-3.5000000000000000E+001
14,1,15,32, 4.5000000000000000E+001, 3.1360089111328125E+002, 1.2708506546914577E-003, 0.0000000000000000E+000, 0.0000000000000000E+000, 4.0000000467443897E-007, 6.9999998686398612E-007, 0.0000000000000000E+000, 7.6629984375000000E+004, 1.2260797656250000E+005, 0.0000000000000000E+000, 0.0000000000000000E+000, 6.5248608589172363E-001, 8.0822473764419556E-001, 4.7463804687500000E+004, 4.0000000000000000E+002, 0.0000000000000000E+000, 0.0000000000000000E+000, 0.0000000000000000E+000, 3.1359698486328125E+002, 1.2719506630674005E-003, 0.0000000000000000E+000, 0.0000000000000000E+000, 5.6843418860808015E-014, 0.0000000000000000E+000, 4.5548509408632754E-010, 8.4402660149862641E-007, 0.0000000000000000E+000, 0.0000000000000000E+000, 7.1033966541290283E-001,-3.5000000000000000E+001
14,1,16,32, 4.5000000000000000E+001, 3.1495022583007812E+002, 1.0729094501584768E-003, 4.0000000467443897E-007, 6.9999998686398612E-007, 0.0000000000000000E+000, 0.0000000000000000E+000, 0.0000000000000000E+000, 0.0000000000000000E+000, 0.0000000000000000E+000, 1.2761269531250000E+005, 0.0000000000000000E+000, 6.2689685821533203E-001, 7.9676079750061035E-001, 4.5148972656250000E+004, 4.0000000000000000E+002, 0.0000000000000000E+000, 0.0000000000000000E+000, 0.0000000000000000E+000, 3.1494671630859375E+002, 1.0740071302279830E-003, 0.0000000000000000E+000, 0.0000000000000000E+000, 5.6283561145065164E-010, 0.0000000000000000E+000, 2.9297209103162913E-009, 4.2030437469482422E+001, 0.0000000000000000E+000, 0.0000000000000000E+000, 7.2012624740600586E+000,-3.5000000000000000E+001
14,1,17,32, 4.5000000000000000E+001, 3.1627349853515625E+002, 9.0138550149276853E-004, 0.0000000000000000E+000, 0.0000000000000000E+000, 4.0000000467443897E-007, 6.9999998686398612E-007, 0.0000000000000000E+000, 8.3005210937500000E+004, 1.3280834375000000E+005, 0.0000000000000000E+000, 0.0000000000000000E+000, 6.0237181186676025E-001, 7.8545939922332764E-001, 4.2947027343750000E+004, 4.0000000000000000E+002, 0.0000000000000000E+000, 0.0000000000000000E+000, 0.0000000000000000E+000, 3.1626986694335938E+002, 9.0238114353269339E-004, 0.0000000000000000E+000, 0.0000000000000000E+000, 1.0376507475484686E-007, 3.1894842322799377E-010, 1.6393029156347438E-008, 2.1623710937500000E+004, 8.0625000000000000E+000, 0.0000000000000000E+000, 2.1226144790649414E+001,-3.4817535400390625E+001
14,1,18,32, 4.5000000000000000E+001, 3.1756964111328125E+002, 7.5348687823861837E-004, 4.0000000467443897E-007, 6.9999998686398612E-007, 0.0000000000000000E+000, 0.0000000000000000E+000, 0.0000000000000000E+000, 0.0000000000000000E+000, 0.0000000000000000E+000, 1.3820125000000000E+005, 0.0000000000000000E+000, 5.7886594533920288E-001, 7.7431833744049072E-001, 4.0852476562500000E+004, 4.0000000000000000E+002, 0.0000000000000000E+000, 0.0000000000000000E+000, 0.0000000000000000E+000, 3.1756631469726562E+002, 7.5450912117958069E-004, 0.0000000000000000E+000, 0.0000000000000000E+000, 2.3258315273722019E-009, 3.0596723377129820E-008, 6.5416251970873418E-008, 2.7603042602539062E+002, 3.0056743164062500E+003, 0.0000000000000000E+000, 1.9373992919921875E+002,-3.4938571929931641E+001
14,1,19,32, 4.5000000000000000E+001, 3.1883761596679688E+002, 6.2661350239068270E-004, 0.0000000000000000E+000, 0.0000000000000000E+000, 4.0000000467443897E-007, 6.9999998686398612E-007, 0.0000000000000000E+000, 8.9873804687500000E+004, 1.4379809375000000E+005, 0.0000000000000000E+000, 0.0000000000000000E+000, 5.5633562803268433E-001, 7.6333528757095337E-001, 3.8860078125000000E+004, 4.0000000000000000E+002, 0.0000000000000000E+000, 0.0000000000000000E+000, 0.0000000000000000E+000, 3.1883795166015625E+002, 6.2652496853843331E-004, 0.0000000000000000E+000, 0.0000000000000000E+000, 4.2024561253128923E-007, 7.3430908287264174E-007, 1.0506547454269821E-007, 8.9734898437500000E+004, 1.4066626562500000E+005, 0.0000000000000000E+000, 5.0030786132812500E+002,-3.4617816925048828E+001
14,1,20,32, 4.5000000000000000E+001, 3.2007632446289062E+002, 5.1835109479725361E-004, 4.0000000467443897E-007, 6.9999998686398612E-007, 0.0000000000000000E+000, 0.0000000000000000E+000, 0.0000000000000000E+000, 0.0000000000000000E+000, 0.0000000000000000E+000, 1.4960550000000000E+005, 0.0000000000000000E+000, 5.3473967313766479E-001, 7.5250798463821411E-001, 3.6964851562500000E+004, 4.0000000000000000E+002, 0.0000000000000000E+000, 0.0000000000000000E+000, 0.0000000000000000E+000, 3.2007479858398438E+002, 5.1887007430195808E-004, 0.0000000000000000E+000, 0.0000000000000000E+000, 3.6984932894057465E-009, 5.5687987554620122E-008, 4.7009604031700292E-007, 3.5480075683593750E+003, 3.5928249511718750E+003, 0.0000000000000000E+000, 5.1960039062500000E+003,-3.3052421569824219E+001
14,1,21,32, 4.5000000000000000E+001, 3.2128466796875000E+002, 4.2647743248380721E-004, 0.0000000000000000E+000, 0.0000000000000000E+000, 4.0000000467443897E-007, 6.9999998686398612E-007, 0.0000000000000000E+000, 9.7269023437500000E+004, 1.5563043750000000E+005, 0.0000000000000000E+000, 0.0000000000000000E+000, 5.1403826475143433E-001, 7.4183434247970581E-001, 3.5162054687500000E+004, 4.0000000000000000E+002, 0.0000000000000000E+000, 0.0000000000000000E+000, 0.0000000000000000E+000, 3.2128762817382812E+002, 4.2571843368932605E-004, 0.0000000000000000E+000, 0.0000000000000000E+000, 5.9930607676506042E-007, 1.2056652849423699E-006, 1.0606354550191099E-007, 9.8106835937500000E+004, 1.5188764062500000E+005, 0.0000000000000000E+000, 2.0450522460937500E+003,-3.5000000000000000E+001
14,1,22,32, 4.5000000000000000E+001, 3.2246154785156250E+002, 3.4894939744845033E-004, 4.0000000467443897E-007, 6.9999998686398612E-007, 0.0000000000000000E+000, 0.0000000000000000E+000, 0.0000000000000000E+000, 0.0000000000000000E+000, 0.0000000000000000E+000, 1.6187993750000000E+005, 0.0000000000000000E+000, 4.9419340491294861E-001, 7.3131203651428223E-001, 3.3447179687500000E+004, 4.0000000000000000E+002, 0.0000000000000000E+000, 0.0000000000000000E+000, 0.0000000000000000E+000, 3.2246759033203125E+002, 3.4755529486574233E-004, 0.0000000000000000E+000, 0.0000000000000000E+000, 1.8006420532401535E-006, 6.7548697302299843E-008, 5.8622021015253267E-007, 6.0704981250000000E+005, 4.0893513183593750E+003, 0.0000000000000000E+000, 2.5809095703125000E+004,-3.5000000000000000E+001
14,1,23,32, 4.5000000000000000E+001, 3.2360574340820312E+002, 2.8389916406013072E-004, 0.0000000000000000E+000, 0.0000000000000000E+000, 4.0000000467443897E-007, 6.9999998686398612E-007, 0.0000000000000000E+000, 1.0522571093750000E+005, 1.6836114062500000E+005, 0.0000000000000000E+000, 0.0000000000000000E+000, 4.7516903281211853E-001, 7.2093898057937622E-001, 3.1815941406250000E+004, 4.0000000000000000E+002, 0.0000000000000000E+000, 0.0000000000000000E+000, 0.0000000000000000E+000, 3.2361645507812500E+002, 2.8124652453698218E-004, 0.0000000000000000E+000, 0.0000000000000000E+000, 2.2906694994162535E-006, 1.3872665931558004E-006, 1.1084944873118729E-007, 6.3135418750000000E+005, 1.6410171875000000E+005, 0.0000000000000000E+000, 2.1318496093750000E+003,-3.5000000000000000E+001
14,1,24,32, 4.5000000000000000E+001, 3.2471612548828125E+002, 2.2963128867559135E-004, 4.0000000467443897E-007, 6.9999998686398612E-007, 0.0000000000000000E+000, 0.0000000000000000E+000, 0.0000000000000000E+000, 0.0000000000000000E+000, 0.0000000000000000E+000, 1.7508137500000000E+005, 0.0000000000000000E+000, 4.5693036913871765E-001, 7.1071308851242065E-001, 3.0264261718750000E+004, 4.0000000000000000E+002, 0.0000000000000000E+000, 0.0000000000000000E+000, 0.0000000000000000E+000, 3.2472445678710938E+002, 2.2773331147618592E-004, 0.0000000000000000E+000, 0.0000000000000000E+000, 2.3026461803965503E-006, 6.9776845634805795E-008, 5.8468856423132820E-007, 6.5655518750000000E+005, 4.5634096679687500E+003, 0.0000000000000000E+000, 2.5719279296875000E+004,-3.5000000000000000E+001
14,1,25,32, 4.5000000000000000E+001, 3.2579147338867188E+002, 1.8461054423823953E-004, 0.0000000000000000E+000, 0.0000000000000000E+000, 4.0000000467443897E-007, 6.9999998686398612E-007, 0.0000000000000000E+000, 1.1378010937500000E+005, 1.8204817187500000E+005, 0.0000000000000000E+000, 0.0000000000000000E+000, 4.3944412469863892E-001, 7.0063221454620361E-001, 2.8788255859375000E+004, 4.0000000000000000E+002, 0.0000000000000000E+000, 0.0000000000000000E+000, 0.0000000000000000E+000, 3.2580310058593750E+002, 1.8182140775024891E-004, 0.0000000000000000E+000, 0.0000000000000000E+000, 2.4205671707022702E-006, 1.3868167343389359E-006, 1.1516191733562664E-007, 6.8268062500000000E+005, 1.7729559375000000E+005, 0.0000000000000000E+000, 2.2199145507812500E+003,-3.5000000000000000E+001
14,1,26,32, 4.5000000000000000E+001, 3.2683053588867188E+002, 1.4747184468433261E-004, 4.0000000467443897E-007, 6.9999998686398612E-007, 0.0000000000000000E+000, 0.0000000000000000E+000, 0.0000000000000000E+000, 0.0000000000000000E+000, 0.0000000000000000E+000, 1.8926912500000000E+005, 0.0000000000000000E+000, 4.2267856001853943E-001, 6.9069433212280273E-001, 2.7384236328125000E+004, 4.0000000000000000E+002, 0.0000000000000000E+000, 0.0000000000000000E+000, 0.0000000000000000E+000, 3.2684063720703125E+002, 1.4522060519084334E-004, 0.0000000000000000E+000, 0.0000000000000000E+000, 2.6604561753629241E-006, 6.6158456490938988E-008, 5.8031787375512067E-007, 7.0975925000000000E+005, 5.0374409179687500E+003, 0.0000000000000000E+000, 2.5628277343750000E+004,-3.5000000000000000E+001
14,1,27,32, 4.5000000000000000E+001, 3.2783206176757812E+002, 1.1697616719175130E-004, 0.0000000000000000E+000, 0.0000000000000000E+000, 4.0000000467443897E-007, 6.9999998686398612E-007, 0.0000000000000000E+000, 1.2296998437500000E+005, 1.9675198437500000E+005, 0.0000000000000000E+000, 0.0000000000000000E+000, 4.0660327672958374E-001, 6.8089741468429565E-001, 2.6048689453125000E+004, 4.0000000000000000E+002, 0.0000000000000000E+000, 0.0000000000000000E+000, 0.0000000000000000E+000, 3.2784411621093750E+002, 1.1418437497923151E-004, 0.0000000000000000E+000, 0.0000000000000000E+000, 2.5256654225813691E-006, 1.2862740277341800E-006, 1.1957247636473767E-007, 7.3781993750000000E+005, 1.9150660937500000E+005, 0.0000000000000000E+000, 2.3108100585937500E+003,-3.5000000000000000E+001
14,1,28,32, 4.5000000000000000E+001, 3.2879473876953125E+002, 9.2068687081336975E-005, 4.0000000467443897E-007, 6.9999998686398612E-007, 0.0000000000000000E+000, 0.0000000000000000E+000, 0.0000000000000000E+000, 0.0000000000000000E+000, 0.0000000000000000E+000, 2.0450456250000000E+005, 0.0000000000000000E+000, 3.9118930697441101E-001, 6.7123943567276001E-001, 2.4778281250000000E+004, 4.0000000000000000E+002, 0.0000000000000000E+000, 0.0000000000000000E+000, 0.0000000000000000E+000, 3.2880703735351562E+002, 8.9391731307841837E-005, 0.0000000000000000E+000, 0.0000000000000000E+000, 3.0880012218403863E-006, 5.9643681993293285E-008, 5.7575869050197070E-007, 7.6689212500000000E+005, 5.5236875000000000E+003, 0.0000000000000000E+000, 2.5454123046875000E+004,-3.5000000000000000E+001
14,1,29,32, 4.5000000000000000E+001, 3.2971722412109375E+002, 7.1815244155004621E-005, 0.0000000000000000E+000, 0.0000000000000000E+000, 4.0000000467443897E-007, 6.9999998686398612E-007, 0.0000000000000000E+000, 1.3283432812500000E+005, 2.1253492187500000E+005, 0.0000000000000000E+000, 0.0000000000000000E+000, 3.7640872597694397E-001, 6.6171848773956299E-001, 2.3569832031250000E+004, 4.0000000000000000E+002, 0.0000000000000000E+000, 0.0000000000000000E+000, 0.0000000000000000E+000, 3.2972943115234375E+002, 6.9074507337063551E-005, 0.0000000000000000E+000, 0.0000000000000000E+000, 2.6255463581037475E-006, 1.1416683491916046E-006, 1.2409759619913530E-007, 7.9700587500000000E+005, 2.0678446875000000E+005, 0.0000000000000000E+000, 2.4046057128906250E+003,-3.5000000000000000E+001
14,1,30,32, 4.5000000000000000E+001, 3.3059826660156250E+002, 5.5420074204448611E-005, 4.0000000467443897E-007, 6.9999998686398612E-007, 0.0000000000000000E+000, 0.0000000000000000E+000, 0.0000000000000000E+000, 0.0000000000000000E+000, 0.0000000000000000E+000, 2.2085121875000000E+005, 0.0000000000000000E+000, 3.6223480105400085E-001, 6.5233254432678223E-001, 2.2420314453125000E+004, 4.0000000000000000E+002, 0.0000000000000000E+000, 0.0000000000000000E+000, 0.0000000000000000E+000, 3.3061193847656250E+002, 5.2529139793477952E-005, 0.0000000000000000E+000, 0.0000000000000000E+000, 3.3024555250449339E-006, 5.2292968177880539E-008, 5.7109173212666065E-007, 8.2819212500000000E+005, 6.0325351562500000E+003, 0.0000000000000000E+000, 2.5247796875000000E+004,-3.5000000000000000E+001
14,1,31,32, 4.5000000000000000E+001, 3.3143634033203125E+002, 4.2236690205754712E-005, 0.0000000000000000E+000, 0.0000000000000000E+000, 4.0000000467443897E-007, 6.9999998686398612E-007, 0.0000000000000000E+000, 1.4341343750000000E+005, 2.2946151562500000E+005, 0.0000000000000000E+000, 0.0000000000000000E+000, 3.4864234924316406E-001, 6.4307975769042969E-001, 2.1326863281250000E+004, 4.0000000000000000E+002, 0.0000000000000000E+000, 0.0000000000000000E+000, 0.0000000000000000E+000, 3.3144873046875000E+002, 3.9548460335936397E-005, 0.0000000000000000E+000, 0.0000000000000000E+000, 2.7328230771672679E-006, 9.8846282980957767E-007, 1.2873405808022653E-007, 8.6048068750000000E+005, 2.2313810937500000E+005, 0.0000000000000000E+000, 2.5013195800781250E+003,-3.5000000000000000E+001
14,1,32,32, 4.5000000000000000E+001, 3.3223010253906250E+002, 3.1756178941577673E-005, 4.0000000467443897E-007, 6.9999998686398612E-007, 0.0000000000000000E+000, 0.0000000000000000E+000, 0.0000000000000000E+000, 0.0000000000000000E+000, 0.0000000000000000E+000, 2.3837420312500000E+005, 0.0000000000000000E+000, 3.3560678362846375E-001, 6.3395822048187256E-001, 2.0286738281250000E+004, 4.0000000000000000E+002, 0.0000000000000000E+000, 0.0000000000000000E+000, 0.0000000000000000E+000, 3.3224533081054688E+002, 2.8635868147830479E-005, 0.0000000000000000E+000, 0.0000000000000000E+000, 3.5175344237359241E-006, 0.0000000000000000E+000, 5.5825637446105247E-007, 8.9390337500000000E+005, 0.0000000000000000E+000, 0.0000000000000000E+000, 2.4680351562500000E+004,-3.5000000000000000E+001
