case,dx,k,ptu,pqu,plu,pmfu,pmfus,pmfuq,pmful,pdmfup,plrain,klab
1,1500.0,1,43458000,36D299B5,00000000,00000000,00000000,00000000,00000000,00000000,00000000,0
1,1500.0,2,4351556F,383E86F7,00000000,00000000,00000000,00000000,00000000,00000000,00000000,0
1,1500.0,3,434DC570,37A140AC,00000000,00000000,00000000,00000000,00000000,00000000,00000000,0
1,1500.0,4,4351677C,37CD7805,00000000,00000000,00000000,00000000,00000000,00000000,00000000,0
1,1500.0,5,4357A020,383CCCBE,00000000,00000000,00000000,00000000,00000000,00000000,00000000,0
1,1500.0,6,435D2805,389BF9A4,00000000,00000000,00000000,00000000,00000000,00000000,00000000,0
1,1500.0,7,43622031,38EDC5E4,00000000,00000000,00000000,00000000,00000000,00000000,00000000,0
1,1500.0,8,4366A25C,392A5350,00000000,00000000,00000000,00000000,00000000,00000000,00000000,0
1,1500.0,9,436AC257,39686766,00000000,00000000,00000000,00000000,00000000,00000000,00000000,0
1,1500.0,10,436E8FA8,39987F8A,00000000,00000000,00000000,00000000,00000000,00000000,00000000,0
1,1500.0,11,4372168E,39D2B3F2,00000000,00000000,00000000,00000000,00000000,00000000,00000000,0
1,1500.0,12,437560CC,3A0F8044,00000000,00000000,00000000,00000000,00000000,00000000,00000000,0
1,1500.0,13,43787648,3A3DF624,00000000,00000000,00000000,00000000,00000000,00000000,00000000,0
1,1500.0,14,437B5D0B,3A75904C,00000000,00000000,00000000,00000000,00000000,00000000,00000000,0
1,1500.0,15,437E18BC,3A9BD159,00000000,00000000,00000000,00000000,00000000,00000000,00000000,0
1,1500.0,16,4380586F,3AC1C7FE,00000000,00000000,00000000,00000000,00000000,00000000,00000000,0
1,1500.0,17,438194AA,3AECD722,00000000,00000000,00000000,00000000,00000000,00000000,00000000,0
1,1500.0,18,4382C28B,3B0E94D6,00000000,00000000,00000000,00000000,00000000,00000000,00000000,0
1,1500.0,19,4383E34E,3B2971DE,00000000,00000000,00000000,00000000,00000000,00000000,00000000,0
1,1500.0,20,4384F7F8,3B470FF4,00000000,00000000,00000000,00000000,00000000,00000000,00000000,0
1,1500.0,21,43860164,3B677702,00000000,00000000,00000000,00000000,00000000,00000000,00000000,0
1,1500.0,22,43870053,3B855477,00000000,00000000,00000000,00000000,00000000,00000000,00000000,0
1,1500.0,23,4387F570,3B985105,00000000,00000000,00000000,00000000,00000000,00000000,00000000,0
1,1500.0,24,4388E07C,3BACA22B,00000000,00000000,00000000,00000000,00000000,00000000,00000000,0
1,1500.0,25,4389C065,3BC27CAB,00000000,00000000,00000000,00000000,00000000,00000000,00000000,0
1,1500.0,26,438A97AB,3BD7C3EA,00000000,00000000,00000000,00000000,00000000,00000000,00000000,0
1,1500.0,27,438B66C5,3BECA3BE,00000000,00000000,00000000,00000000,00000000,00000000,00000000,0
1,1500.0,28,438C2E17,3C012B6C,00000000,00000000,00000000,00000000,00000000,00000000,00000000,0
1,1500.0,29,438CEDFC,3C0C67EE,00000000,00000000,00000000,00000000,00000000,00000000,00000000,0
1,1500.0,30,438DA6C1,3C18008F,00000000,00000000,00000000,00000000,00000000,00000000,00000000,0
1,1500.0,31,438E58AB,3C23ED6A,00000000,00000000,00000000,00000000,00000000,00000000,00000000,0
1,1500.0,32,438F03F8,3C30267C,00000000,00000000,00000000,00000000,00000000,00000000,00000000,0
1,1500.0,33,438FA8DD,3C3CA2D9,00000000,00000000,00000000,00000000,00000000,00000000,00000000,0
1,1500.0,34,43904787,3C495930,00000000,00000000,00000000,00000000,00000000,00000000,00000000,0
1,1500.0,35,4390E01B,3C563F5F,00000000,00000000,00000000,00000000,00000000,00000000,00000000,0
1,1500.0,36,439172BC,3C634A93,00000000,00000000,00000000,00000000,00000000,00000000,00000000,0
1,1500.0,37,4391FF7C,3C706F3E,00000000,00000000,00000000,00000000,00000000,00000000,00000000,0
1,1500.0,38,4392866D,3C7DA0AF,00000000,00000000,00000000,00000000,00000000,00000000,00000000,0
1,1500.0,39,43930794,3C8568A8,00000000,00000000,00000000,00000000,00000000,00000000,00000000,0
1,1500.0,40,439382F0,3C8BF911,00000000,00000000,00000000,00000000,00000000,00000000,00000000,0
1,1500.0,41,4393F870,3C91E7A0,00000000,00000000,00000000,00000000,00000000,00000000,00000000,0
1,1500.0,42,439467F8,3C977D49,00000000,00000000,00000000,00000000,00000000,00000000,00000000,0
1,1500.0,43,4394D15B,3C9CEBA9,00000000,00000000,00000000,00000000,00000000,00000000,00000000,0
1,1500.0,44,43953459,3CA2291B,00000000,00000000,00000000,00000000,00000000,00000000,00000000,0
1,1500.0,45,4395908F,3CA72989,00000000,00000000,00000000,00000000,00000000,00000000,00000000,0
1,1500.0,46,4395B61A,3CB44622,00000000,00000000,00000000,00000000,00000000,00000000,00000000,2
1,1500.0,47,43961CDA,3CB6E18D,322BCC77,3C0987C2,451F3C3E,39447F60,2EB8970D,00000000,00000000,2
1,1500.0,48,43967AD7,3CB9DE12,00000000,00000000,00000000,00000000,00000000,00000000,00000000,1
1,1500.0,49,4396DBED,3CBE633B,00000000,00000000,00000000,00000000,00000000,00000000,00000000,1
2,1500.0,1,43468000,36F520CD,00000000,00000000,00000000,00000000,00000000,00000000,00000000,0
2,1500.0,2,432C228A,339C118B,00000000,00000000,00000000,00000000,00000000,00000000,00000000,0
2,1500.0,3,433CD77E,35BC8168,00000000,00000000,00000000,00000000,00000000,00000000,00000000,2
2,1500.0,4,4349F33D,3723773A,00000000,00000000,00000000,00000000,00000000,00000000,00000000,2
2,1500.0,5,4354E13E,3827429F,00000000,00000000,00000000,00000000,00000000,00000000,00000000,2
2,1500.0,6,435E2EA1,38F4C0DF,00000000,00000000,00000000,00000000,00000000,00000000,00000000,2
2,1500.0,7,4366266A,398D6817,00000000,00000000,00000000,00000000,00000000,00000000,00000000,2
2,1500.0,8,436CF6F8,3A08D485,00000000,00000000,00000000,00000000,00000000,00000000,00000000,2
2,1500.0,9,4372C696,3A66ED10,00000000,00000000,00000000,00000000,00000000,00000000,00000000,2
2,1500.0,10,4377BB21,3AAF511D,00000000,00000000,00000000,00000000,00000000,00000000,00000000,2
2,1500.0,11,437BF742,3AF59E9E,00000000,00000000,00000000,00000000,00000000,00000000,00000000,2
2,1500.0,12,437F95C2,3B226F43,00000000,00000000,00000000,00000000,00000000,00000000,00000000,2
2,1500.0,13,43815C1F,3B4CFAB4,00000000,00000000,00000000,00000000,00000000,00000000,00000000,2
2,1500.0,14,4382BDEB,3B791B18,00000000,00000000,00000000,00000000,00000000,00000000,00000000,2
2,1500.0,15,4383FB3D,3B92EF30,00000000,00000000,00000000,00000000,00000000,00000000,00000000,2
2,1500.0,16,43851C46,3BA95083,00000000,00000000,00000000,00000000,00000000,00000000,00000000,2
2,1500.0,17,43862740,3BBF7BDB,00000000,00000000,00000000,00000000,00000000,00000000,00000000,2
2,1500.0,18,438720FC,3BD54D88,00000000,00000000,00000000,00000000,00000000,00000000,00000000,2
2,1500.0,19,43880E23,3BEAC911,00000000,00000000,00000000,00000000,00000000,00000000,00000000,2
2,1500.0,20,4388F1CF,3BFFF863,00000000,00000000,00000000,00000000,00000000,00000000,00000000,2
2,1500.0,21,4389C98C,3C0A8D82,00000000,00000000,00000000,00000000,00000000,00000000,00000000,2
2,1500.0,22,438A956C,3C151742,00000000,00000000,00000000,00000000,00000000,00000000,00000000,2
2,1500.0,23,438B5637,3C1F8CFE,00000000,00000000,00000000,00000000,00000000,00000000,00000000,2
2,1500.0,24,438C0D3E,3C29F1F7,00000000,00000000,00000000,00000000,00000000,00000000,00000000,2
2,1500.0,25,438CBBA5,3C344AAE,00000000,00000000,00000000,00000000,00000000,00000000,00000000,2
2,1500.0,26,438D626D,3C3E9CC8,00000000,00000000,00000000,00000000,00000000,00000000,00000000,2
2,1500.0,27,438E0285,3C48F03C,00000000,00000000,00000000,00000000,00000000,00000000,00000000,2
2,1500.0,28,438E9CB2,3C534C65,00000000,00000000,00000000,00000000,00000000,00000000,00000000,2
2,1500.0,29,438F318D,3C5DB691,00000000,00000000,00000000,00000000,00000000,00000000,00000000,2
2,1500.0,30,438FC18F,3C6832AF,00000000,00000000,00000000,00000000,00000000,00000000,00000000,2
2,1500.0,31,43904D15,3C72C30D,00000000,00000000,00000000,00000000,00000000,00000000,00000000,2
2,1500.0,32,4390D460,3C7D6802,00000000,00000000,00000000,00000000,00000000,00000000,00000000,2
2,1500.0,33,43915799,3C840FE2,00000000,00000000,00000000,00000000,00000000,00000000,00000000,2
2,1500.0,34,4391D6D3,3C8972E4,00000000,00000000,00000000,00000000,00000000,00000000,00000000,2
2,1500.0,35,43925209,3C8ED97B,00000000,00000000,00000000,00000000,00000000,00000000,00000000,2
2,1500.0,36,4392C920,3C943E56,00000000,00000000,00000000,00000000,00000000,00000000,00000000,2
2,1500.0,37,43933BEA,3C999A87,00000000,00000000,00000000,00000000,00000000,00000000,00000000,2
2,1500.0,38,4393AA20,3C9EE507,00000000,00000000,00000000,00000000,00000000,00000000,00000000,2
2,1500.0,39,43941365,3CA412A0,00000000,00000000,00000000,00000000,00000000,00000000,00000000,2
2,1500.0,40,43947745,3CA915B2,00000000,00000000,00000000,00000000,00000000,00000000,00000000,2
2,1500.0,41,4394D588,3CADE50C,00000000,00000000,00000000,00000000,00000000,00000000,00000000,2
2,1500.0,42,43952E23,3CB27B73,00000000,00000000,00000000,00000000,00000000,00000000,00000000,2
2,1500.0,43,439580B9,3CB6CD21,00000000,00000000,00000000,00000000,00000000,00000000,00000000,2
2,1500.0,44,4395CCB4,3CBAC9AE,00000000,00000000,00000000,00000000,00000000,00000000,00000000,2
2,1500.0,45,4396116A,3CBE5F78,00000000,00000000,00000000,00000000,00000000,00000000,00000000,2
2,1500.0,46,43964E28,3CC17CB2,37E1E800,3F158E39,482DEB1B,3C621224,3783F989,00000000,00000000,2
2,1500.0,47,4396B150,3CC2DB43,00000000,00000000,00000000,00000000,00000000,00000000,00000000,1
2,1500.0,48,43971C61,3CC33D97,00000000,00000000,00000000,00000000,00000000,00000000,00000000,1
2,1500.0,49,43972408,3CC7B8C5,00000000,00000000,00000000,00000000,00000000,00000000,00000000,1
3,1500.0,1,43468000,36F520CD,00000000,00000000,00000000,00000000,00000000,00000000,00000000,0
3,1500.0,2,432C3572,339E8FCF,00000000,00000000,00000000,00000000,00000000,00000000,00000000,0
3,1500.0,3,433CEA62,35BEFB4B,00000000,00000000,00000000,00000000,00000000,00000000,00000000,2
3,1500.0,4,434A060E,372552FE,00000000,00000000,00000000,00000000,00000000,00000000,00000000,2
3,1500.0,5,4354F3D4,3828F14C,00000000,00000000,00000000,00000000,00000000,00000000,00000000,2
3,1500.0,6,435E40BE,38F6F2CD,00000000,00000000,00000000,00000000,00000000,00000000,00000000,2
3,1500.0,7,436637B8,398E883F,00000000,00000000,00000000,00000000,00000000,00000000,00000000,2
3,1500.0,8,436D072A,3A09CA2D,00000000,00000000,00000000,00000000,00000000,00000000,00000000,2
3,1500.0,9,4372D583,3A685863,00000000,00000000,00000000,00000000,00000000,00000000,00000000,2
3,1500.0,10,4377C8BE,3AB0426B,00000000,00000000,00000000,00000000,00000000,00000000,00000000,2
3,1500.0,11,437C0391,3AF6CA72,00000000,00000000,00000000,00000000,00000000,00000000,00000000,2
3,1500.0,12,437FA0DF,3B23202C,00000000,00000000,00000000,00000000,00000000,00000000,00000000,2
3,1500.0,13,43816131,3B4DC1CE,00000000,00000000,00000000,00000000,00000000,00000000,00000000,2
3,1500.0,14,4382C29D,3B79F479,00000000,00000000,00000000,00000000,00000000,00000000,00000000,2
3,1500.0,15,4383FFA4,3B936367,00000000,00000000,00000000,00000000,00000000,00000000,00000000,2
3,1500.0,16,43852075,3BA9CAED,00000000,00000000,00000000,00000000,00000000,00000000,00000000,2
3,1500.0,17,43862B44,3BBFFB57,00000000,00000000,00000000,00000000,00000000,00000000,00000000,2
3,1500.0,18,438724E2,3BD5D14F,00000000,00000000,00000000,00000000,00000000,00000000,00000000,2
3,1500.0,19,438811FC,3BEB5155,00000000,00000000,00000000,00000000,00000000,00000000,00000000,2
3,1500.0,20,4388F593,3C004251,00000000,00000000,00000000,00000000,00000000,00000000,00000000,2
3,1500.0,21,4389CD32,3C0AD610,00000000,00000000,00000000,00000000,00000000,00000000,00000000,2
3,1500.0,22,438A98EF,3C156170,00000000,00000000,00000000,00000000,00000000,00000000,00000000,2
3,1500.0,23,438B5998,3C1FD876,00000000,00000000,00000000,00000000,00000000,00000000,00000000,2
3,1500.0,24,438C107B,3C2A3E24,00000000,00000000,00000000,00000000,00000000,00000000,00000000,2
3,1500.0,25,438CBEBB,3C3496CF,00000000,00000000,00000000,00000000,00000000,00000000,00000000,2
3,1500.0,26,438D6558,3C3EE817,00000000,00000000,00000000,00000000,00000000,00000000,00000000,2
3,1500.0,27,438E0540,3C4939E3,00000000,00000000,00000000,00000000,00000000,00000000,00000000,2
3,1500.0,28,438E9F3B,3C53939D,00000000,00000000,00000000,00000000,00000000,00000000,00000000,2
3,1500.0,29,438F33E0,3C5DFA6D,00000000,00000000,00000000,00000000,00000000,00000000,00000000,2
3,1500.0,30,438FC3A9,3C687266,00000000,00000000,00000000,00000000,00000000,00000000,00000000,2
3,1500.0,31,43904EF2,3C72FDBE,00000000,00000000,00000000,00000000,00000000,00000000,00000000,2
3,1500.0,32,4390D5FE,3C7D9CB7,00000000,00000000,00000000,00000000,00000000,00000000,00000000,2
3,1500.0,33,439158F7,3C8426DF,00000000,00000000,00000000,00000000,00000000,00000000,00000000,2
3,1500.0,34,4391D7EF,3C89863A,00000000,00000000,00000000,00000000,00000000,00000000,00000000,2
3,1500.0,35,439252E4,3C8EE8DC,00000000,00000000,00000000,00000000,00000000,00000000,00000000,2
3,1500.0,36,4392C9BE,3C9449C4,00000000,00000000,00000000,00000000,00000000,00000000,00000000,2
3,1500.0,37,43933C50,3C99A220,00000000,00000000,00000000,00000000,00000000,00000000,00000000,2
3,1500.0,38,4393AA57,3C9EE93B,00000000,00000000,00000000,00000000,00000000,00000000,00000000,2
3,1500.0,39,4394137A,3CA4144C,00000000,00000000,00000000,00000000,00000000,00000000,00000000,2
3,1500.0,40,43947749,3CA915FE,00000000,00000000,00000000,00000000,00000000,00000000,00000000,2
3,1500.0,41,4394D588,3CADE50C,00000000,00000000,00000000,00000000,00000000,00000000,00000000,2
3,1500.0,42,43952E23,3CB27B73,00000000,00000000,00000000,00000000,00000000,00000000,00000000,2
3,1500.0,43,439580B9,3CB6CD21,00000000,00000000,00000000,00000000,00000000,00000000,00000000,2
3,1500.0,44,4395CCB4,3CBAC9AE,00000000,00000000,00000000,00000000,00000000,00000000,00000000,2
3,1500.0,45,4396116A,3CBE5F78,00000000,00000000,00000000,00000000,00000000,00000000,00000000,2
3,1500.0,46,43964E28,3CC17CB2,37E1E800,3F158E39,482DEB1B,3C621224,3783F989,00000000,00000000,2
3,1500.0,47,4396B150,3CC2DB43,00000000,00000000,00000000,00000000,00000000,00000000,00000000,1
3,1500.0,48,43971C61,3CC33D97,00000000,00000000,00000000,00000000,00000000,00000000,00000000,1
3,1500.0,49,43972408,3CC7B8C5,00000000,00000000,00000000,00000000,00000000,00000000,00000000,1
4,1500.0,1,4346CCCC,37003AF3,00000000,00000000,00000000,00000000,00000000,00000000,00000000,0
4,1500.0,2,432D78B2,33CF7524,00000000,00000000,00000000,00000000,00000000,00000000,00000000,0
4,1500.0,3,433E33DC,35EF63AD,00000000,00000000,00000000,00000000,00000000,00000000,00000000,2
4,1500.0,4,434B5176,3749770B,00000000,00000000,00000000,00000000,00000000,00000000,00000000,2
4,1500.0,5,43563DDE,384990E1,00000000,00000000,00000000,00000000,00000000,00000000,00000000,2
4,1500.0,6,435F841A,3910AA0E,00000000,00000000,00000000,00000000,00000000,00000000,00000000,2
4,1500.0,7,43676DDD,39A42A77,00000000,00000000,00000000,00000000,00000000,00000000,00000000,2
4,1500.0,8,436E2A51,3A1C21EF,00000000,00000000,00000000,00000000,00000000,00000000,00000000,2
4,1500.0,9,4373E269,3A81AA1F,00000000,00000000,00000000,00000000,00000000,00000000,00000000,2
4,1500.0,10,4378BEA7,3AC21B51,00000000,00000000,00000000,00000000,00000000,00000000,00000000,2
4,1500.0,11,437CE244,3B067AE5,00000000,00000000,00000000,00000000,00000000,00000000,00000000,2
4,1500.0,12,43803554,3B302B33,00000000,00000000,00000000,00000000,00000000,00000000,00000000,2
4,1500.0,13,4381BDC2,3B5C6E6C,00000000,00000000,00000000,00000000,00000000,00000000,00000000,2
4,1500.0,14,438318B4,3B84FD00,00000000,00000000,00000000,00000000,00000000,00000000,00000000,2
4,1500.0,15,438450C5,3B9BF540,00000000,00000000,00000000,00000000,00000000,00000000,00000000,2
4,1500.0,16,43856DD8,3BB2D480,00000000,00000000,00000000,00000000,00000000,00000000,00000000,2
4,1500.0,17,438675EA,3BC96A0C,00000000,00000000,00000000,00000000,00000000,00000000,00000000,2
4,1500.0,18,43876DA2,3BDF952F,00000000,00000000,00000000,00000000,00000000,00000000,00000000,2
4,1500.0,19,43885A36,3BF57389,00000000,00000000,00000000,00000000,00000000,00000000,00000000,2
4,1500.0,20,43893C58,3C058105,00000000,00000000,00000000,00000000,00000000,00000000,00000000,2
4,1500.0,21,438A122D,3C104A95,00000000,00000000,00000000,00000000,00000000,00000000,00000000,2
4,1500.0,22,438ADBE2,3C1B0011,00000000,00000000,00000000,00000000,00000000,00000000,00000000,2
4,1500.0,23,438B9AC3,3C25A009,00000000,00000000,00000000,00000000,00000000,00000000,00000000,2
4,1500.0,24,438C5016,3C302DF7,00000000,00000000,00000000,00000000,00000000,00000000,00000000,2
4,1500.0,25,438CFCFA,3C3AAEE3,00000000,00000000,00000000,00000000,00000000,00000000,00000000,2
4,1500.0,26,438DA268,3C4528EA,00000000,00000000,00000000,00000000,00000000,00000000,00000000,2
4,1500.0,27,438E414A,3C4FA43E,00000000,00000000,00000000,00000000,00000000,00000000,00000000,2
4,1500.0,28,438EDA64,3C5A28EB,00000000,00000000,00000000,00000000,00000000,00000000,00000000,2
4,1500.0,29,438F6E4A,3C64BC60,00000000,00000000,00000000,00000000,00000000,00000000,00000000,2
4,1500.0,30,438FFD73,3C6F62C6,00000000,00000000,00000000,00000000,00000000,00000000,00000000,2
4,1500.0,31,43908837,3C7A1E70,00000000,00000000,00000000,00000000,00000000,00000000,00000000,2
4,1500.0,32,43910ED6,3C8277E1,00000000,00000000,00000000,00000000,00000000,00000000,00000000,2
4,1500.0,33,43919178,3C87EA7A,00000000,00000000,00000000,00000000,00000000,00000000,00000000,2
4,1500.0,34,4392102B,3C8D64C2,00000000,00000000,00000000,00000000,00000000,00000000,00000000,2
4,1500.0,35,43928AED,3C92E317,00000000,00000000,00000000,00000000,00000000,00000000,00000000,2
4,1500.0,36,439301A0,3C986028,00000000,00000000,00000000,00000000,00000000,00000000,00000000,2
4,1500.0,37,43937416,3C9DD505,00000000,00000000,00000000,00000000,00000000,00000000,00000000,2
4,1500.0,38,4393E20B,3CA338A6,00000000,00000000,00000000,00000000,00000000,00000000,00000000,2
4,1500.0,39,43944B22,3CA87FC6,00000000,00000000,00000000,00000000,00000000,00000000,00000000,2
4,1500.0,40,4394AEE9,3CAD9CB9,00000000,00000000,00000000,00000000,00000000,00000000,00000000,2
4,1500.0,41,43950D21,3CB285C6,00000000,00000000,00000000,00000000,00000000,00000000,00000000,2
4,1500.0,42,439565B3,3CB7349F,00000000,00000000,00000000,00000000,00000000,00000000,00000000,2
4,1500.0,43,4395B83E,3CBB9CC8,00000000,00000000,00000000,00000000,00000000,00000000,00000000,2
4,1500.0,44,43960426,3CBFAD42,00000000,00000000,00000000,00000000,00000000,00000000,00000000,2
4,1500.0,45,439648C3,3CC353D9,00000000,00000000,00000000,00000000,00000000,00000000,00000000,2
4,1500.0,46,4396855D,3CC67E26,00000000,00000000,00000000,00000000,00000000,00000000,00000000,2
4,1500.0,47,4396D76A,3CC854ED,322BCC77,3F08EBA5,481F4CCA,3C564B0A,31B7C585,00000000,00000000,2
4,1500.0,48,439742A5,3CC8B95D,00000000,00000000,00000000,00000000,00000000,00000000,00000000,1
4,1500.0,49,43974A64,3CCD5B59,00000000,00000000,00000000,00000000,00000000,00000000,00000000,1
5,1500.0,1,43470000,3704242C,00000000,00000000,00000000,00000000,00000000,00000000,00000000,0
5,1500.0,2,432D2964,33C24AE0,00000000,00000000,00000000,00000000,00000000,00000000,00000000,0
5,1500.0,3,433DE8EB,35E3766D,00000000,00000000,00000000,00000000,00000000,00000000,00000000,2
5,1500.0,4,434B0913,3740FE45,00000000,00000000,00000000,00000000,00000000,00000000,00000000,2
5,1500.0,5,4355F845,38423C14,00000000,00000000,00000000,00000000,00000000,00000000,00000000,2
5,1500.0,6,435F420A,390C1448,00000000,00000000,00000000,00000000,00000000,00000000,00000000,2
5,1500.0,7,43673053,399FA57A,00000000,00000000,00000000,00000000,00000000,00000000,00000000,2
5,1500.0,8,436DF217,3A186C8D,00000000,00000000,00000000,00000000,00000000,00000000,00000000,2
5,1500.0,9,4373AFBF,3A7E08D9,00000000,00000000,00000000,00000000,00000000,00000000,00000000,2
5,1500.0,10,4378915C,3ABEB325,00000000,00000000,00000000,00000000,00000000,00000000,00000000,2
5,1500.0,11,437CBA1C,3B04694B,00000000,00000000,00000000,00000000,00000000,00000000,00000000,2
5,1500.0,12,43802377,3B2DCA55,00000000,00000000,00000000,00000000,00000000,00000000,00000000,2
5,1500.0,13,4381ADA4,3B59CFA8,00000000,00000000,00000000,00000000,00000000,00000000,00000000,2
5,1500.0,14,438309F2,3B8395B2,00000000,00000000,00000000,00000000,00000000,00000000,00000000,2
5,1500.0,15,43844311,3B9A7B94,00000000,00000000,00000000,00000000,00000000,00000000,00000000,2
5,1500.0,16,438560F4,3BB14CB6,00000000,00000000,00000000,00000000,00000000,00000000,00000000,2
5,1500.0,17,438669A6,3BC7D778,00000000,00000000,00000000,00000000,00000000,00000000,00000000,2
5,1500.0,18,438761D6,3BDDFAA2,00000000,00000000,00000000,00000000,00000000,00000000,00000000,2
5,1500.0,19,43884EA5,3BF3CFA2,00000000,00000000,00000000,00000000,00000000,00000000,00000000,2
5,1500.0,20,43893131,3C04AA38,00000000,00000000,00000000,00000000,00000000,00000000,00000000,2
5,1500.0,21,438A0771,3C0F6E10,00000000,00000000,00000000,00000000,00000000,00000000,00000000,2
5,1500.0,22,438AD195,3C1A1FA6,00000000,00000000,00000000,00000000,00000000,00000000,00000000,2
5,1500.0,23,438B90D5,3C24BB88,00000000,00000000,00000000,00000000,00000000,00000000,00000000,2
5,1500.0,24,438C4679,3C2F453F,00000000,00000000,00000000,00000000,00000000,00000000,00000000,2
5,1500.0,25,438CF3A2,3C39C1CE,00000000,00000000,00000000,00000000,00000000,00000000,00000000,2
5,1500.0,26,438D994C,3C44372F,00000000,00000000,00000000,00000000,00000000,00000000,00000000,2
5,1500.0,27,438E3860,3C4EAD87,00000000,00000000,00000000,00000000,00000000,00000000,00000000,2
5,1500.0,28,438ED1A3,3C592CB9,00000000,00000000,00000000,00000000,00000000,00000000,00000000,2
5,1500.0,29,438F65AA,3C63BA14,00000000,00000000,00000000,00000000,00000000,00000000,00000000,2
5,1500.0,30,438FF4EC,3C6E59AD,00000000,00000000,00000000,00000000,00000000,00000000,00000000,2
5,1500.0,31,43907FC1,3C790DCF,00000000,00000000,00000000,00000000,00000000,00000000,00000000,2
5,1500.0,32,4391066A,3C81EB71,00000000,00000000,00000000,00000000,00000000,00000000,00000000,2
5,1500.0,33,4391890F,3C87598D,00000000,00000000,00000000,00000000,00000000,00000000,00000000,2
5,1500.0,34,439207C2,3C8CCEFF,00000000,00000000,00000000,00000000,00000000,00000000,00000000,2
5,1500.0,35,4392827C,3C92481B,00000000,00000000,00000000,00000000,00000000,00000000,00000000,2
5,1500.0,36,4392F924,3C97BFAB,00000000,00000000,00000000,00000000,00000000,00000000,00000000,2
5,1500.0,37,43936B8B,3C9D2EB2,00000000,00000000,00000000,00000000,00000000,00000000,00000000,2
5,1500.0,38,4393D96D,3CA28C30,00000000,00000000,00000000,00000000,00000000,00000000,00000000,2
5,1500.0,39,4394426E,3CA7CD05,00000000,00000000,00000000,00000000,00000000,00000000,00000000,2
5,1500.0,40,4394A61C,3CACE398,00000000,00000000,00000000,00000000,00000000,00000000,00000000,2
5,1500.0,41,4395043A,3CB1C641,00000000,00000000,00000000,00000000,00000000,00000000,00000000,2
5,1500.0,42,43955CB4,3CB66EE3,00000000,00000000,00000000,00000000,00000000,00000000,00000000,2
5,1500.0,43,4395AF28,3CBAD159,00000000,00000000,00000000,00000000,00000000,00000000,00000000,2
5,1500.0,44,4395FB01,3CBEDCD6,00000000,00000000,00000000,00000000,00000000,00000000,00000000,2
5,1500.0,45,43963F93,3CC27F4B,00000000,00000000,00000000,00000000,00000000,00000000,00000000,2
5,1500.0,46,43967C5C,3CC5A52C,322BCC77,3F158E39,482E20E1,3C66EDE0,31C8BAE6,00000000,00000000,2
5,1500.0,47,4396F0E7,3CC69726,00000000,00000000,00000000,00000000,00000000,00000000,00000000,1
5,1500.0,48,43975C2F,3CC6FAE8,00000000,00000000,00000000,00000000,00000000,00000000,00000000,1
5,1500.0,49,439763FA,3CCB8E9B,00000000,00000000,00000000,00000000,00000000,00000000,00000000,1
6,1500.0,1,435D4000,391DF558,00000000,00000000,00000000,00000000,00000000,00000000,00000000,0
6,1500.0,2,4368B412,3A59B75E,00000000,00000000,00000000,00000000,00000000,00000000,00000000,0
6,1500.0,3,433B0EB3,35890B11,00000000,00000000,00000000,00000000,00000000,00000000,00000000,0
6,1500.0,4,43494F19,37140FD1,00000000,00000000,00000000,00000000,00000000,00000000,00000000,2
6,1500.0,5,4354C762,3824F1FB,00000000,00000000,00000000,00000000,00000000,00000000,00000000,2
6,1500.0,6,435E40BE,38F6F2CD,00000000,00000000,00000000,00000000,00000000,00000000,00000000,2
6,1500.0,7,436637B8,398E883F,00000000,00000000,00000000,00000000,00000000,00000000,00000000,2
6,1500.0,8,436D072A,3A09CA2D,00000000,00000000,00000000,00000000,00000000,00000000,00000000,2
6,1500.0,9,4372D583,3A685863,00000000,00000000,00000000,00000000,00000000,00000000,00000000,2
6,1500.0,10,4377C8BE,3AB0426B,00000000,00000000,00000000,00000000,00000000,00000000,00000000,2
6,1500.0,11,437C0391,3AF6CA72,00000000,00000000,00000000,00000000,00000000,00000000,00000000,2
6,1500.0,12,437FA0DF,3B23202C,00000000,00000000,00000000,00000000,00000000,00000000,00000000,2
6,1500.0,13,43816131,3B4DC1CE,00000000,00000000,00000000,00000000,00000000,00000000,00000000,2
6,1500.0,14,4382C29D,3B79F479,00000000,00000000,00000000,00000000,00000000,00000000,00000000,2
6,1500.0,15,4383FFA4,3B936367,00000000,00000000,00000000,00000000,00000000,00000000,00000000,2
6,1500.0,16,43852075,3BA9CAED,00000000,00000000,00000000,00000000,00000000,00000000,00000000,2
6,1500.0,17,43862B44,3BBFFB57,00000000,00000000,00000000,00000000,00000000,00000000,00000000,2
6,1500.0,18,438724E2,3BD5D14F,00000000,00000000,00000000,00000000,00000000,00000000,00000000,2
6,1500.0,19,438811FC,3BEB5155,00000000,00000000,00000000,00000000,00000000,00000000,00000000,2
6,1500.0,20,4388F593,3C004251,00000000,00000000,00000000,00000000,00000000,00000000,00000000,2
6,1500.0,21,4389CD32,3C0AD610,00000000,00000000,00000000,00000000,00000000,00000000,00000000,2
6,1500.0,22,438A98EF,3C156170,00000000,00000000,00000000,00000000,00000000,00000000,00000000,2
6,1500.0,23,438B5998,3C1FD876,00000000,00000000,00000000,00000000,00000000,00000000,00000000,2
6,1500.0,24,438C107B,3C2A3E24,00000000,00000000,00000000,00000000,00000000,00000000,00000000,2
6,1500.0,25,438CBEBB,3C3496CF,00000000,00000000,00000000,00000000,00000000,00000000,00000000,2
6,1500.0,26,438D6558,3C3EE817,00000000,00000000,00000000,00000000,00000000,00000000,00000000,2
6,1500.0,27,438E0540,3C4939E3,00000000,00000000,00000000,00000000,00000000,00000000,00000000,2
6,1500.0,28,438E9F3B,3C53939D,00000000,00000000,00000000,00000000,00000000,00000000,00000000,2
6,1500.0,29,438F33E0,3C5DFA6D,00000000,00000000,00000000,00000000,00000000,00000000,00000000,2
6,1500.0,30,438FC3A9,3C687266,00000000,00000000,00000000,00000000,00000000,00000000,00000000,2
6,1500.0,31,43904EF2,3C72FDBE,00000000,00000000,00000000,00000000,00000000,00000000,00000000,2
6,1500.0,32,4390D5FE,3C7D9CB7,00000000,00000000,00000000,00000000,00000000,00000000,00000000,2
6,1500.0,33,439158F7,3C8426DF,00000000,00000000,00000000,00000000,00000000,00000000,00000000,2
6,1500.0,34,4391D7EF,3C89863A,00000000,00000000,00000000,00000000,00000000,00000000,00000000,2
6,1500.0,35,439252E4,3C8EE8DC,00000000,00000000,00000000,00000000,00000000,00000000,00000000,2
6,1500.0,36,4392C9BE,3C9449C4,00000000,00000000,00000000,00000000,00000000,00000000,00000000,2
6,1500.0,37,43933C50,3C99A220,00000000,00000000,00000000,00000000,00000000,00000000,00000000,2
6,1500.0,38,4393AA57,3C9EE93B,00000000,00000000,00000000,00000000,00000000,00000000,00000000,2
6,1500.0,39,4394137A,3CA4144C,00000000,00000000,00000000,00000000,00000000,00000000,00000000,2
6,1500.0,40,43947749,3CA915FE,00000000,00000000,00000000,00000000,00000000,00000000,00000000,2
6,1500.0,41,4394D588,3CADE50C,00000000,00000000,00000000,00000000,00000000,00000000,00000000,2
6,1500.0,42,43952E23,3CB27B73,00000000,00000000,00000000,00000000,00000000,00000000,00000000,2
6,1500.0,43,439580B9,3CB6CD21,00000000,00000000,00000000,00000000,00000000,00000000,00000000,2
6,1500.0,44,4395CCB4,3CBAC9AE,00000000,00000000,00000000,00000000,00000000,00000000,00000000,2
6,1500.0,45,4396116A,3CBE5F78,00000000,00000000,00000000,00000000,00000000,00000000,00000000,2
6,1500.0,46,43964E28,3CC17CB2,37E1E800,3F158E39,482DEB1B,3C621224,3783F989,00000000,00000000,2
6,1500.0,47,4396B150,3CC2DB43,00000000,00000000,00000000,00000000,00000000,00000000,00000000,1
6,1500.0,48,43971C61,3CC33D97,00000000,00000000,00000000,00000000,00000000,00000000,00000000,1
6,1500.0,49,43972408,3CC7B8C5,00000000,00000000,00000000,00000000,00000000,00000000,00000000,1
7,1500.0,1,4346999A,36F8DA87,00000000,00000000,00000000,00000000,00000000,00000000,00000000,0
7,1500.0,2,432C8F3D,33AAEC90,00000000,00000000,00000000,00000000,00000000,00000000,00000000,0
7,1500.0,3,433D4645,35CB7790,00000000,00000000,00000000,00000000,00000000,00000000,00000000,2
7,1500.0,4,434A62AC,372EC31C,00000000,00000000,00000000,00000000,00000000,00000000,00000000,2
7,1500.0,5,43555044,38318BD9,00000000,00000000,00000000,00000000,00000000,00000000,00000000,2
7,1500.0,6,435E9B8B,39011D24,00000000,00000000,00000000,00000000,00000000,00000000,00000000,2
7,1500.0,7,43668F11,39945793,00000000,00000000,00000000,00000000,00000000,00000000,00000000,2
7,1500.0,8,436D596A,3A0EC25A,00000000,00000000,00000000,00000000,00000000,00000000,00000000,2
7,1500.0,9,437321AB,3A6FB678,00000000,00000000,00000000,00000000,00000000,00000000,00000000,2
7,1500.0,10,43780E8B,3AB52A6F,00000000,00000000,00000000,00000000,00000000,00000000,00000000,2
7,1500.0,11,437C42EC,3AFCE84F,00000000,00000000,00000000,00000000,00000000,00000000,00000000,2
7,1500.0,12,437FDA4D,3B26BE09,00000000,00000000,00000000,00000000,00000000,00000000,00000000,2
7,1500.0,13,43817B8A,3B51D77D,00000000,00000000,00000000,00000000,00000000,00000000,00000000,2
7,1500.0,14,4382DB1C,3B7E6D43,00000000,00000000,00000000,00000000,00000000,00000000,00000000,2
7,1500.0,15,438416B8,3B95C90C,00000000,00000000,00000000,00000000,00000000,00000000,00000000,2
7,1500.0,16,43853677,3BAC534C,00000000,00000000,00000000,00000000,00000000,00000000,00000000,2
7,1500.0,17,4386407D,3BC2A11C,00000000,00000000,00000000,00000000,00000000,00000000,00000000,2
7,1500.0,18,4387398E,3BD88FED,00000000,00000000,00000000,00000000,00000000,00000000,00000000,2
7,1500.0,19,4388267E,3BEE2B1B,00000000,00000000,00000000,00000000,00000000,00000000,00000000,2
7,1500.0,20,438909B6,3C01BB84,00000000,00000000,00000000,00000000,00000000,00000000,00000000,2
7,1500.0,21,4389E0D0,3C0C5E55,00000000,00000000,00000000,00000000,00000000,00000000,00000000,2
7,1500.0,22,438AABF4,3C16F55E,00000000,00000000,00000000,00000000,00000000,00000000,00000000,2
7,1500.0,23,438B6C14,3C21775B,00000000,00000000,00000000,00000000,00000000,00000000,00000000,2
7,1500.0,24,438C2279,3C2BE750,00000000,00000000,00000000,00000000,00000000,00000000,00000000,2
7,1500.0,25,438CD042,3C364979,00000000,00000000,00000000,00000000,00000000,00000000,00000000,2
7,1500.0,26,438D766E,3C40A36F,00000000,00000000,00000000,00000000,00000000,00000000,00000000,2
7,1500.0,27,438E15EB,3C4AFD46,00000000,00000000,00000000,00000000,00000000,00000000,00000000,2
7,1500.0,28,438EAF80,3C555E85,00000000,00000000,00000000,00000000,00000000,00000000,00000000,2
7,1500.0,29,438F43C3,3C5FCC5E,00000000,00000000,00000000,00000000,00000000,00000000,00000000,2
7,1500.0,30,438FD32C,3C6A4AAE,00000000,00000000,00000000,00000000,00000000,00000000,00000000,2
7,1500.0,31,43905E19,3C74DBDA,00000000,00000000,00000000,00000000,00000000,00000000,00000000,2
7,1500.0,32,4390E4CB,3C7F806E,00000000,00000000,00000000,00000000,00000000,00000000,00000000,2
7,1500.0,33,4391676D,3C851B40,00000000,00000000,00000000,00000000,00000000,00000000,00000000,2
7,1500.0,34,4391E613,3C8A7CFF,00000000,00000000,00000000,00000000,00000000,00000000,00000000,2
7,1500.0,35,439260BA,3C8FE1F2,00000000,00000000,00000000,00000000,00000000,00000000,00000000,2
7,1500.0,36,4392D74B,3C954527,00000000,00000000,00000000,00000000,00000000,00000000,00000000,2
7,1500.0,37,4393499C,3C9AA00F,00000000,00000000,00000000,00000000,00000000,00000000,00000000,2
7,1500.0,38,4393B76D,3C9FEA1B,00000000,00000000,00000000,00000000,00000000,00000000,00000000,2
7,1500.0,39,43942068,3CA518C2,00000000,00000000,00000000,00000000,00000000,00000000,00000000,2
7,1500.0,40,43948420,3CAA1F18,00000000,00000000,00000000,00000000,00000000,00000000,00000000,2
7,1500.0,41,4394E257,3CAEF384,00000000,00000000,00000000,00000000,00000000,00000000,00000000,2
7,1500.0,42,43953AED,3CB38F3A,00000000,00000000,00000000,00000000,00000000,00000000,00000000,2
7,1500.0,43,43958D7D,3CB7E5CB,00000000,00000000,00000000,00000000,00000000,00000000,00000000,2
7,1500.0,44,4395D970,3CBBE6B1,00000000,00000000,00000000,00000000,00000000,00000000,00000000,2
7,1500.0,45,43961E1F,3CBF802C,00000000,00000000,00000000,00000000,00000000,00000000,00000000,2
7,1500.0,46,43965AD4,3CC2A045,37E21200,3F158E39,482DF9CF,3C6366D1,37841212,00000000,00000000,2
7,1500.0,47,4396BE05,3CC40048,00000000,00000000,00000000,00000000,00000000,00000000,00000000,1
7,1500.0,48,43972923,3CC4630E,00000000,00000000,00000000,00000000,00000000,00000000,00000000,1
7,1500.0,49,439730D2,3CC8E610,00000000,00000000,00000000,00000000,00000000,00000000,00000000,1
8,1500.0,1,434B8000,377F123A,00000000,00000000,00000000,00000000,00000000,00000000,00000000,0
8,1500.0,2,43578CD5,38DE453B,00000000,00000000,00000000,00000000,00000000,00000000,00000000,0
8,1500.0,3,4353F754,38406C2D,00000000,00000000,00000000,00000000,00000000,00000000,00000000,0
8,1500.0,4,4355B454,383816D2,00000000,00000000,00000000,00000000,00000000,00000000,00000000,0
8,1500.0,5,435C08C3,38A4B3A0,00000000,00000000,00000000,00000000,00000000,00000000,00000000,0
8,1500.0,6,4361A805,3904E334,00000000,00000000,00000000,00000000,00000000,00000000,00000000,0
8,1500.0,7,4366B43B,394650F8,00000000,00000000,00000000,00000000,00000000,00000000,00000000,0
8,1500.0,8,436B482A,398B5C64,00000000,00000000,00000000,00000000,00000000,00000000,00000000,0
8,1500.0,9,436F7885,39BAE65F,00000000,00000000,00000000,00000000,00000000,00000000,00000000,0
8,1500.0,10,4373556C,39F1874A,00000000,00000000,00000000,00000000,00000000,00000000,00000000,0
8,1500.0,11,4376EB97,3A1E6722,00000000,00000000,00000000,00000000,00000000,00000000,00000000,0
8,1500.0,12,437A4519,3A51FF84,00000000,00000000,00000000,00000000,00000000,00000000,00000000,0
8,1500.0,13,437D6750,3A88724B,00000000,00000000,00000000,00000000,00000000,00000000,00000000,0
8,1500.0,14,43802DEB,3AAD6631,00000000,00000000,00000000,00000000,00000000,00000000,00000000,0
8,1500.0,15,438194B1,3AD7E5C2,00000000,00000000,00000000,00000000,00000000,00000000,00000000,0
8,1500.0,16,4382EA17,3B041B92,00000000,00000000,00000000,00000000,00000000,00000000,00000000,0
8,1500.0,17,43842FC3,3B1F4C80,00000000,00000000,00000000,00000000,00000000,00000000,00000000,0
8,1500.0,18,43856705,3B3D9E8B,00000000,00000000,00000000,00000000,00000000,00000000,00000000,0
8,1500.0,19,43869106,3B5F23F3,00000000,00000000,00000000,00000000,00000000,00000000,00000000,0
8,1500.0,20,4387AEBE,3B81F2CD,00000000,00000000,00000000,00000000,00000000,00000000,00000000,0
8,1500.0,21,4388C066,3B95E07A,00000000,00000000,00000000,00000000,00000000,00000000,00000000,0
8,1500.0,22,4389C3F1,3BABA70F,00000000,00000000,00000000,00000000,00000000,00000000,00000000,0
8,1500.0,23,438ABCBC,3BC31C86,00000000,00000000,00000000,00000000,00000000,00000000,00000000,0
8,1500.0,24,438BABA2,3BDC341F,00000000,00000000,00000000,00000000,00000000,00000000,00000000,0
8,1500.0,25,438C9139,3BF6E4A7,00000000,00000000,00000000,00000000,00000000,00000000,00000000,0
8,1500.0,26,438D6DFB,3C082234,00000000,00000000,00000000,00000000,00000000,00000000,00000000,0
8,1500.0,27,438E4259,3C135B9E,00000000,00000000,00000000,00000000,00000000,00000000,00000000,0
8,1500.0,28,438F0EBB,3C1EDFEE,00000000,00000000,00000000,00000000,00000000,00000000,00000000,0
8,1500.0,29,438FD378,3C2AA7EC,00000000,00000000,00000000,00000000,00000000,00000000,00000000,0
8,1500.0,30,439090E6,3C36AC5C,00000000,00000000,00000000,00000000,00000000,00000000,00000000,0
8,1500.0,31,43914748,3C42E53D,00000000,00000000,00000000,00000000,00000000,00000000,00000000,0
8,1500.0,32,4391F6DF,3C4F4ABA,00000000,00000000,00000000,00000000,00000000,00000000,00000000,0
8,1500.0,33,43929FE1,3C5BD465,00000000,00000000,00000000,00000000,00000000,00000000,00000000,0
8,1500.0,34,4393427C,3C68796D,00000000,00000000,00000000,00000000,00000000,00000000,00000000,0
8,1500.0,35,43912260,3C4ACD31,00000000,3BB211F3,44D28309,388D10E4,00000000,00000000,00000000,1
8,1500.0,36,4391B31F,3C594238,00000000,3BA4EB32,44C29240,388BF606,00000000,00000000,00000000,1
8,1500.0,37,43923DF1,3C67EC7A,00000000,3B9799FB,44B28321,388957FC,00000000,00000000,00000000,1
8,1500.0,38,4392C2E3,3C76BD05,00000000,3B8A31EB,44A26BFF,38853201,00000000,00000000,00000000,1
8,1500.0,39,439341FD,3C82D1D4,00000000,3B798CAE,449262B6,387F0BF6,00000000,00000000,00000000,1
8,1500.0,40,4393BB35,3C8A4725,00000000,3B5ED50C,44827CE9,3870B98C,00000000,00000000,00000000,1
8,1500.0,41,43942E7A,3C9083DF,00000000,3B4468B2,4465A655,385DC022,00000000,00000000,00000000,1
8,1500.0,42,43949BAA,3C9628FD,00000000,3B2A6BDC,4446F30A,3847ECF8,00000000,00000000,00000000,1
8,1500.0,43,43950290,3C9BA7BE,00000000,3B110647,44290BE6,38305BA7,00000000,00000000,00000000,1
8,1500.0,44,439562E7,3CA0F6A3,00000000,3AF0C9A2,440C22AD,38176600,00000000,00000000,00000000,1
8,1500.0,45,4395908F,3CA72989,00000000,00000000,00000000,00000000,00000000,00000000,00000000,0
8,1500.0,46,4395E569,3CABDDD9,00000000,00000000,00000000,00000000,00000000,00000000,00000000,0
8,1500.0,47,43963206,3CB031B6,00000000,00000000,00000000,00000000,00000000,00000000,00000000,0
8,1500.0,48,43969592,3CB32FE1,00000000,00000000,00000000,00000000,00000000,00000000,00000000,0
8,1500.0,49,4396D247,00000000,00000000,00000000,00000000,00000000,00000000,00000000,00000000,0
9,1500.0,1,434D8000,3792778A,00000000,00000000,00000000,00000000,00000000,00000000,00000000,0
9,1500.0,2,435997E2,390E4536,00000000,00000000,00000000,00000000,00000000,00000000,00000000,0
9,1500.0,3,435604D3,387594EC,00000000,00000000,00000000,00000000,00000000,00000000,00000000,0
9,1500.0,4,4357099E,38523586,00000000,00000000,00000000,00000000,00000000,00000000,00000000,0
9,1500.0,5,435D662C,38B8BD6E,00000000,00000000,00000000,00000000,00000000,00000000,00000000,0
9,1500.0,6,43630C2F,3912BF0B,00000000,00000000,00000000,00000000,00000000,00000000,00000000,0
9,1500.0,7,43681E37,3957F750,00000000,00000000,00000000,00000000,00000000,00000000,00000000,0
9,1500.0,8,436CB767,3995DCDC,00000000,00000000,00000000,00000000,00000000,00000000,00000000,0
9,1500.0,9,4370ECC0,39C6B281,00000000,00000000,00000000,00000000,00000000,00000000,00000000,0
9,1500.0,10,4374CE95,39FE20E0,00000000,00000000,00000000,00000000,00000000,00000000,00000000,0
9,1500.0,11,437869BC,3A24215F,00000000,00000000,00000000,00000000,00000000,00000000,00000000,0
9,1500.0,12,437BC783,3A5A2CB4,00000000,00000000,00000000,00000000,00000000,00000000,00000000,0
9,1500.0,13,437EEE37,3A8E1F4E,00000000,00000000,00000000,00000000,00000000,00000000,00000000,0
9,1500.0,14,4380F476,3AB4C1A1,00000000,00000000,00000000,00000000,00000000,00000000,00000000,0
9,1500.0,15,43825E73,3AE15222,00000000,00000000,00000000,00000000,00000000,00000000,00000000,0
9,1500.0,16,4383B719,3B0A12A4,00000000,00000000,00000000,00000000,00000000,00000000,00000000,0
9,1500.0,17,4384FFF8,3B26C207,00000000,00000000,00000000,00000000,00000000,00000000,00000000,0
9,1500.0,18,43863A60,3B46D389,00000000,00000000,00000000,00000000,00000000,00000000,00000000,0
9,1500.0,19,43876773,3B6A59A8,00000000,00000000,00000000,00000000,00000000,00000000,00000000,0
9,1500.0,20,438887D2,3B88A04A,00000000,00000000,00000000,00000000,00000000,00000000,00000000,0
9,1500.0,21,43899949,3B9DFC56,00000000,00000000,00000000,00000000,00000000,00000000,00000000,0
9,1500.0,22,438A9E9B,3BB53E02,00000000,00000000,00000000,00000000,00000000,00000000,00000000,0
9,1500.0,23,438B9955,3BCE4C52,00000000,00000000,00000000,00000000,00000000,00000000,00000000,0
9,1500.0,24,438C8A17,3BE91FD6,00000000,00000000,00000000,00000000,00000000,00000000,00000000,0
9,1500.0,25,438D7175,3C02D75A,00000000,00000000,00000000,00000000,00000000,00000000,00000000,0
9,1500.0,26,438E4FF0,3C10CEA5,00000000,00000000,00000000,00000000,00000000,00000000,00000000,0
9,1500.0,27,438F25F3,3C1CA4F5,00000000,00000000,00000000,00000000,00000000,00000000,00000000,0
9,1500.0,28,438FF3E9,3C28C8E4,00000000,00000000,00000000,00000000,00000000,00000000,00000000,0
9,1500.0,29,4390BA2C,3C35332C,00000000,00000000,00000000,00000000,00000000,00000000,00000000,0
9,1500.0,30,4391790E,3C41DC02,00000000,00000000,00000000,00000000,00000000,00000000,00000000,0
9,1500.0,31,439230D6,3C4EBB19,00000000,00000000,00000000,00000000,00000000,00000000,00000000,0
9,1500.0,32,4392E1C6,3C5BC850,00000000,00000000,00000000,00000000,00000000,00000000,00000000,0
9,1500.0,33,43938C14,3C68FADB,00000000,00000000,00000000,00000000,00000000,00000000,00000000,0
9,1500.0,34,43942FEF,3C76499B,00000000,00000000,00000000,00000000,00000000,00000000,00000000,0
9,1500.0,35,4394CD80,3C81D587,00000000,00000000,00000000,00000000,00000000,00000000,00000000,0
9,1500.0,36,439564E5,3C888A76,00000000,00000000,00000000,00000000,00000000,00000000,00000000,0
9,1500.0,37,4395F638,3C8F3E70,00000000,00000000,00000000,00000000,00000000,00000000,00000000,0
9,1500.0,38,43968188,3C95EB85,00000000,00000000,00000000,00000000,00000000,00000000,00000000,0
9,1500.0,39,439341FC,3C827507,00000000,3B798E49,449263A6,387E58AC,00000000,00000000,00000000,1
9,1500.0,40,4393BB35,3C8A31FA,00000000,3B5ED563,44827D1C,38709510,00000000,00000000,00000000,1
9,1500.0,41,43942E7A,3C9083DF,00000000,3B4468B2,4465A655,385DC022,00000000,00000000,00000000,1
9,1500.0,42,43949BAA,3C9628FD,00000000,3B2A6BDC,4446F30A,3847ECF8,00000000,00000000,00000000,1
9,1500.0,43,43950290,3C9BA7BE,00000000,3B110647,44290BE6,38305BA7,00000000,00000000,00000000,1
9,1500.0,44,439562E7,3CA0F6A3,00000000,3AF0C9A2,440C22AD,38176600,00000000,00000000,00000000,1
9,1500.0,45,4395908F,3CA72989,00000000,00000000,00000000,00000000,00000000,00000000,00000000,0
9,1500.0,46,4395E569,3CABDDD9,00000000,00000000,00000000,00000000,00000000,00000000,00000000,0
9,1500.0,47,43963206,3CB031B6,00000000,00000000,00000000,00000000,00000000,00000000,00000000,0
9,1500.0,48,43969592,3CB32FE1,00000000,00000000,00000000,00000000,00000000,00000000,00000000,0
9,1500.0,49,4396CE01,00000000,00000000,00000000,00000000,00000000,00000000,00000000,00000000,0
10,1500.0,1,434E0000,37B52427,00000000,00000000,00000000,00000000,00000000,00000000,00000000,0
10,1500.0,2,435A19E4,391AE34B,00000000,00000000,00000000,00000000,00000000,00000000,00000000,0
10,1500.0,3,435687E1,3887AB9C,00000000,00000000,00000000,00000000,00000000,00000000,00000000,0
10,1500.0,4,43576B31,38669395,00000000,00000000,00000000,00000000,00000000,00000000,00000000,0
10,1500.0,5,435DCA06,38CC0F86,00000000,00000000,00000000,00000000,00000000,00000000,00000000,0
10,1500.0,6,436371F3,39230D28,00000000,00000000,00000000,00000000,00000000,00000000,00000000,0
10,1500.0,7,436885A2,397136B2,00000000,00000000,00000000,00000000,00000000,00000000,00000000,0
10,1500.0,8,436D205A,39A82ED0,00000000,00000000,00000000,00000000,00000000,00000000,00000000,0
10,1500.0,9,43715728,39DFFDA5,00000000,00000000,00000000,00000000,00000000,00000000,00000000,0
10,1500.0,10,43753A77,3A0FDBA4,00000000,00000000,00000000,00000000,00000000,00000000,00000000,0
10,1500.0,11,4378D71D,3A38D670,00000000,00000000,00000000,00000000,00000000,00000000,00000000,0
10,1500.0,12,437C35EB,3A724D17,00000000,00000000,00000000,00000000,00000000,00000000,00000000,0
10,1500.0,13,437F5E5C,3A9BACB3,00000000,00000000,00000000,00000000,00000000,00000000,00000000,0
10,1500.0,14,43812D7B,3AC39A94,00000000,00000000,00000000,00000000,00000000,00000000,00000000,0
10,1500.0,15,43829877,3AF13E29,00000000,00000000,00000000,00000000,00000000,00000000,00000000,0
10,1500.0,16,4383F216,3B127036,00000000,00000000,00000000,00000000,00000000,00000000,00000000,0
10,1500.0,17,43853BEB,3B2F6040,00000000,00000000,00000000,00000000,00000000,00000000,00000000,0
10,1500.0,18,43867744,3B4F868F,00000000,00000000,00000000,00000000,00000000,00000000,00000000,0
10,1500.0,19,4387A543,3B72F0E8,00000000,00000000,00000000,00000000,00000000,00000000,00000000,0
10,1500.0,20,4388C621,3B8CBC95,00000000,00000000,00000000,00000000,00000000,00000000,00000000,0
10,1500.0,21,4389D7A1,3BA1E90F,00000000,00000000,00000000,00000000,00000000,00000000,00000000,0
10,1500.0,22,438ADD8A,3BB8D02B,00000000,00000000,00000000,00000000,00000000,00000000,00000000,0
10,1500.0,23,438BD8D1,3BD166B8,00000000,00000000,00000000,00000000,00000000,00000000,00000000,0
10,1500.0,24,438CCA1A,3BEBA4C7,00000000,00000000,00000000,00000000,00000000,00000000,00000000,0
10,1500.0,25,438DB1FA,3C03BFFF,00000000,00000000,00000000,00000000,00000000,00000000,00000000,0
10,1500.0,26,438E90ED,3C116B5A,00000000,00000000,00000000,00000000,00000000,00000000,00000000,0
10,1500.0,27,438F6766,3C1D4560,00000000,00000000,00000000,00000000,00000000,00000000,00000000,0
10,1500.0,28,439035CC,3C296D01,00000000,00000000,00000000,00000000,00000000,00000000,00000000,0
10,1500.0,29,4390FC79,3C35DA8E,00000000,00000000,00000000,00000000,00000000,00000000,00000000,0
10,1500.0,30,4391BBC1,3C428677,00000000,00000000,00000000,00000000,00000000,00000000,00000000,0
10,1500.0,31,439273EC,3C4F68AB,00000000,00000000,00000000,00000000,00000000,00000000,00000000,0
10,1500.0,32,4390A67E,3C3A7447,00000000,00000000,00000000,00000000,00000000,00000000,00000000,0
10,1500.0,33,43914DA4,3C498908,00000000,00000000,00000000,00000000,00000000,00000000,00000000,0
10,1500.0,34,4391EE7F,3C590141,00000000,00000000,00000000,00000000,00000000,00000000,00000000,0
10,1500.0,35,43928931,3C68CFC5,00000000,00000000,00000000,00000000,00000000,00000000,00000000,0
10,1500.0,36,43936237,3C756296,00000000,3BA4E4A3,44C4CE12,389E0E50,00000000,00000000,00000000,1
10,1500.0,37,4393EECE,3C82E757,00000000,3B97968A,44B492C1,389B06DD,00000000,00000000,00000000,1
10,1500.0,38,43947575,3C8B31D9,00000000,3B8A3097,44A44E22,38964695,00000000,00000000,00000000,1
10,1500.0,39,4394F632,3C9387F2,00000000,3B798C99,4494168C,388FD041,00000000,00000000,00000000,1
10,1500.0,40,439570FE,3C9BDF72,00000000,3B5ED649,4484021F,3887AE3E,00000000,00000000,00000000,1
10,1500.0,41,4395E5C4,3CA2FF04,00000000,3B446A46,446853C5,387A1DD2,00000000,00000000,00000000,1
10,1500.0,42,43965461,3CA9475A,00000000,3B2A6DFC,4449459F,38616438,00000000,00000000,00000000,1
10,1500.0,43,4396BCA5,3CAF64A7,00000000,3B11086D,442B056F,3846BB91,00000000,00000000,00000000,1
10,1500.0,44,43971E41,3CB54C2A,00000000,3AF0CD59,440DC5C3,382A88D4,00000000,00000000,00000000,1
10,1500.0,45,43974ADC,3CBC1F6F,00000000,00000000,00000000,00000000,00000000,00000000,00000000,0
10,1500.0,46,4397A0FE,3CC15B85,00000000,00000000,00000000,00000000,00000000,00000000,00000000,0
10,1500.0,47,4397EEC8,3CC62C4B,00000000,00000000,00000000,00000000,00000000,00000000,00000000,0
10,1500.0,48,439854FF,3CC98ED0,00000000,00000000,00000000,00000000,00000000,00000000,00000000,0
10,1500.0,49,4398BFA8,00000000,00000000,00000000,00000000,00000000,00000000,00000000,00000000,0
11,1500.0,1,43518000,37919F22,00000000,00000000,00000000,00000000,00000000,00000000,00000000,0
11,1500.0,2,435D9DD7,395EF9EB,00000000,00000000,00000000,00000000,00000000,00000000,00000000,0
11,1500.0,3,435A18B4,38BDBA33,00000000,00000000,00000000,00000000,00000000,00000000,00000000,0
11,1500.0,4,4359EF62,388620BE,00000000,00000000,00000000,00000000,00000000,00000000,00000000,0
11,1500.0,5,43605CA1,38E01479,00000000,00000000,00000000,00000000,00000000,00000000,00000000,0
11,1500.0,6,4366107D,392A0010,00000000,00000000,00000000,00000000,00000000,00000000,00000000,0
11,1500.0,7,436B2E9C,396FCD7A,00000000,00000000,00000000,00000000,00000000,00000000,00000000,0
11,1500.0,8,436FD30A,399FF435,00000000,00000000,00000000,00000000,00000000,00000000,00000000,0
11,1500.0,9,4374136B,39CC6508,00000000,00000000,00000000,00000000,00000000,00000000,00000000,0
11,1500.0,10,43780079,39FC9AE8,00000000,00000000,00000000,00000000,00000000,00000000,00000000,0
11,1500.0,11,437BA67A,3A1AFBA8,00000000,00000000,00000000,00000000,00000000,00000000,00000000,0
11,1500.0,12,437F0D00,3A455A5C,00000000,00000000,00000000,00000000,00000000,00000000,00000000,0
11,1500.0,13,438120F0,3A75F013,00000000,00000000,00000000,00000000,00000000,00000000,00000000,0
11,1500.0,14,4382A5C0,3A969A66,00000000,00000000,00000000,00000000,00000000,00000000,00000000,0
11,1500.0,15,43841746,3AB5DD79,00000000,00000000,00000000,00000000,00000000,00000000,00000000,0
11,1500.0,16,43857750,3AD90544,00000000,00000000,00000000,00000000,00000000,00000000,00000000,0
11,1500.0,17,4386C763,3B002344,00000000,00000000,00000000,00000000,00000000,00000000,00000000,0
11,1500.0,18,438808CC,3B15E12A,00000000,00000000,00000000,00000000,00000000,00000000,00000000,0
11,1500.0,19,438939FB,3B2DA988,00000000,00000000,00000000,00000000,00000000,00000000,00000000,0
11,1500.0,20,438A5B59,3B4842C2,00000000,00000000,00000000,00000000,00000000,00000000,00000000,0
11,1500.0,21,438B704B,3B653B04,00000000,00000000,00000000,00000000,00000000,00000000,00000000,0
11,1500.0,22,438C79A9,3B824844,00000000,00000000,00000000,00000000,00000000,00000000,00000000,0
11,1500.0,23,438D7830,3B931EAD,00000000,00000000,00000000,00000000,00000000,00000000,00000000,0
11,1500.0,24,438E6C87,3BA51BBC,00000000,00000000,00000000,00000000,00000000,00000000,00000000,0
11,1500.0,25,438F5745,3BB83916,00000000,00000000,00000000,00000000,00000000,00000000,00000000,0
11,1500.0,26,439038EC,3BCB512F,00000000,00000000,00000000,00000000,00000000,00000000,00000000,0
11,1500.0,27,439111EF,3BDB3964,00000000,00000000,00000000,00000000,00000000,00000000,00000000,0
11,1500.0,28,4391E2B9,3BEB87D4,00000000,00000000,00000000,00000000,00000000,00000000,00000000,0
11,1500.0,29,4392ABA5,3BFC3287,00000000,00000000,00000000,00000000,00000000,00000000,00000000,0
11,1500.0,30,43936D0C,3C0697DB,00000000,00000000,00000000,00000000,00000000,00000000,00000000,0
11,1500.0,31,43942733,3C0F3A24,00000000,00000000,00000000,00000000,00000000,00000000,00000000,0
11,1500.0,32,4394DA60,3C17FAEB,00000000,00000000,00000000,00000000,00000000,00000000,00000000,0
11,1500.0,33,439586C8,3C20D41E,00000000,00000000,00000000,00000000,00000000,00000000,00000000,0
11,1500.0,34,43962C9F,3C29BFFC,00000000,00000000,00000000,00000000,00000000,00000000,00000000,0
11,1500.0,35,4396CC0F,3C32B823,00000000,00000000,00000000,00000000,00000000,00000000,00000000,0
11,1500.0,36,43976536,3C3BB5BF,00000000,00000000,00000000,00000000,00000000,00000000,00000000,0
11,1500.0,37,4397F830,3C44B1C6,00000000,00000000,00000000,00000000,00000000,00000000,00000000,0
11,1500.0,38,43928676,3C6ED058,00000000,00000000,00000000,00000000,00000000,00000000,00000000,0
11,1500.0,39,43930795,3C812607,00000000,00000000,00000000,00000000,00000000,00000000,00000000,0
11,1500.0,40,439382F0,3C8B004C,00000000,00000000,00000000,00000000,00000000,00000000,00000000,0
11,1500.0,41,4393F870,3C91E7A0,00000000,00000000,00000000,00000000,00000000,00000000,00000000,0
11,1500.0,42,439467F8,3C977D49,00000000,00000000,00000000,00000000,00000000,00000000,00000000,0
11,1500.0,43,4394D15B,3C9CEBA9,00000000,00000000,00000000,00000000,00000000,00000000,00000000,0
11,1500.0,44,43953459,3CA2291B,00000000,00000000,00000000,00000000,00000000,00000000,00000000,0
11,1500.0,45,4395908F,3CA72989,00000000,00000000,00000000,00000000,00000000,00000000,00000000,0
11,1500.0,46,4395B61A,3CB44622,00000000,00000000,00000000,00000000,00000000,00000000,00000000,2
11,1500.0,47,43961CDA,3CB6E18D,322BCC77,3C0987C2,451F3C3E,39447F60,2EB8970D,00000000,00000000,2
11,1500.0,48,43967AD7,3CB9DE12,00000000,00000000,00000000,00000000,00000000,00000000,00000000,1
11,1500.0,49,4396DBED,3CBE633B,00000000,00000000,00000000,00000000,00000000,00000000,00000000,1
12,1500.0,1,434E8000,37C21422,00000000,00000000,00000000,00000000,00000000,00000000,00000000,0
12,1500.0,2,435A9B91,392543E0,00000000,00000000,00000000,00000000,00000000,00000000,00000000,0
12,1500.0,3,43570ACA,389121A2,00000000,00000000,00000000,00000000,00000000,00000000,00000000,0
12,1500.0,4,4357B4A6,386F55F4,00000000,00000000,00000000,00000000,00000000,00000000,00000000,0
12,1500.0,5,435E152A,38D36C29,00000000,00000000,00000000,00000000,00000000,00000000,00000000,0
12,1500.0,6,4363BE80,3928A812,00000000,00000000,00000000,00000000,00000000,00000000,00000000,0
12,1500.0,7,4368D36A,397922B6,00000000,00000000,00000000,00000000,00000000,00000000,00000000,0
12,1500.0,8,436D6F43,39AD7A56,00000000,00000000,00000000,00000000,00000000,00000000,00000000,0
12,1500.0,9,4371A725,39E6C631,00000000,00000000,00000000,00000000,00000000,00000000,00000000,0
12,1500.0,10,43758B8F,3A141112,00000000,00000000,00000000,00000000,00000000,00000000,00000000,0
12,1500.0,11,43792956,3A4187B7,00000000,00000000,00000000,00000000,00000000,00000000,00000000,0
12,1500.0,12,437C88EF,3A859EF6,00000000,00000000,00000000,00000000,00000000,00000000,00000000,0
12,1500.0,13,437FB2CF,3AB3351D,00000000,00000000,00000000,00000000,00000000,00000000,00000000,0
12,1500.0,14,43815880,3AE98E11,00000000,00000000,00000000,00000000,00000000,00000000,00000000,0
12,1500.0,15,4382C452,3B14A0D4,00000000,00000000,00000000,00000000,00000000,00000000,00000000,0
12,1500.0,16,43841ECE,3B396B7E,00000000,00000000,00000000,00000000,00000000,00000000,00000000,0
12,1500.0,17,43856988,3B63601C,00000000,00000000,00000000,00000000,00000000,00000000,00000000,0
12,1500.0,18,4386A5CA,3B8954B8,00000000,00000000,00000000,00000000,00000000,00000000,00000000,0
12,1500.0,19,4387D4BD,3BA3B204,00000000,00000000,00000000,00000000,00000000,00000000,00000000,0
12,1500.0,20,4388F5FB,3BC0BAF7,00000000,00000000,00000000,00000000,00000000,00000000,00000000,0
12,1500.0,21,438A0813,3BE0D286,00000000,00000000,00000000,00000000,00000000,00000000,00000000,0
12,1500.0,22,438B77A0,3BF8F6EE,00000000,3D109FA5,46362F66,398CA628,00000000,00000000,00000000,1
12,1500.0,23,438C7243,3C0F6C5F,00000000,3D0F5307,4633F3CD,39A0981A,00000000,00000000,00000000,1
12,1500.0,24,438D62BE,3C23C125,00000000,3D0D47C1,4630D2DA,39B4BE8F,00000000,00000000,00000000,1
12,1500.0,25,438E49B2,3C3971BD,00000000,3D0A8D97,462CE1C7,39C8BBC2,00000000,00000000,00000000,1
12,1500.0,26,438F2798,3C4C0DAE,00000000,3D0739D4,46283C57,39D7929E,00000000,00000000,00000000,1
12,1500.0,27,438FFCC0,3C5256E8,00000000,3D036769,462304ED,39D7EEE0,00000000,00000000,00000000,1
12,1500.0,28,4390C9AB,3C57C211,00000000,3CFE2B31,461D3B55,39D636F4,00000000,00000000,00000000,1
12,1500.0,29,4391338D,3C60F9BC,00000000,00000000,00000000,00000000,00000000,00000000,00000000,0
12,1500.0,30,4391F363,3C647AD3,00000000,00000000,00000000,00000000,00000000,00000000,00000000,0
12,1500.0,31,4392AC06,3C6711F4,00000000,00000000,00000000,00000000,00000000,00000000,00000000,0
12,1500.0,32,43935DB2,3C68BF2C,00000000,00000000,00000000,00000000,00000000,00000000,00000000,0
12,1500.0,33,439408A0,3C69848E,00000000,00000000,00000000,00000000,00000000,00000000,00000000,0
12,1500.0,34,4394ACFF,3C6965C7,00000000,00000000,00000000,00000000,00000000,00000000,00000000,0
12,1500.0,35,43954AF7,3C686822,00000000,00000000,00000000,00000000,00000000,00000000,00000000,0
12,1500.0,36,4395E2A8,3C6692EB,00000000,00000000,00000000,00000000,00000000,00000000,00000000,0
12,1500.0,37,4396742D,3C63EF0F,00000000,00000000,00000000,00000000,00000000,00000000,00000000,0
12,1500.0,38,4396FF96,3C60879B,00000000,00000000,00000000,00000000,00000000,00000000,00000000,0
12,1500.0,39,439784EB,3C5C6902,00000000,00000000,00000000,00000000,00000000,00000000,00000000,0
12,1500.0,40,4398042E,3C57A27A,00000000,00000000,00000000,00000000,00000000,00000000,00000000,0
12,1500.0,41,4393FD85,3C00A830,00000000,00000000,00000000,00000000,00000000,00000000,00000000,0
12,1500.0,42,43946C59,3C05756E,00000000,00000000,00000000,00000000,00000000,00000000,00000000,0
12,1500.0,43,4394D50E,3C0A1FBF,00000000,00000000,00000000,00000000,00000000,00000000,00000000,0
12,1500.0,44,4395375E,3C0E9E05,00000000,00000000,00000000,00000000,00000000,00000000,00000000,0
12,1500.0,45,439592ED,3C12E5B3,00000000,00000000,00000000,00000000,00000000,00000000,00000000,0
12,1500.0,46,4395E728,3C16E8E9,00000000,00000000,00000000,00000000,00000000,00000000,00000000,0
12,1500.0,47,43963330,3C1A94F3,00000000,00000000,00000000,00000000,00000000,00000000,00000000,0
12,1500.0,48,439695E9,3C1C23A8,00000000,00000000,00000000,00000000,00000000,00000000,00000000,0
12,1500.0,49,4396B52B,00000000,00000000,00000000,00000000,00000000,00000000,00000000,00000000,0
13,1500.0,1,434F8000,3801CF73,00000000,00000000,00000000,00000000,00000000,00000000,00000000,0
13,1500.0,2,435B9DE1,39407E88,00000000,00000000,00000000,00000000,00000000,00000000,00000000,0
13,1500.0,3,43581022,38AC67F0,00000000,00000000,00000000,00000000,00000000,00000000,00000000,0
13,1500.0,4,43585E78,388938FD,00000000,00000000,00000000,00000000,00000000,00000000,00000000,0
13,1500.0,5,435EC2E5,38F3FF12,00000000,00000000,00000000,00000000,00000000,00000000,00000000,0
13,1500.0,6,43646F73,3943A7F4,00000000,00000000,00000000,00000000,00000000,00000000,00000000,0
13,1500.0,7,43698733,399129C6,00000000,00000000,00000000,00000000,00000000,00000000,00000000,0
13,1500.0,8,436E25A7,39CAFE36,00000000,00000000,00000000,00000000,00000000,00000000,00000000,0
13,1500.0,9,43726021,3A078C72,00000000,00000000,00000000,00000000,00000000,00000000,00000000,0
13,1500.0,10,43764721,3A2E9910,00000000,00000000,00000000,00000000,00000000,00000000,00000000,0
13,1500.0,11,4379E79A,3A619886,00000000,00000000,00000000,00000000,00000000,00000000,00000000,0
13,1500.0,12,437D4906,3A9917EA,00000000,00000000,00000000,00000000,00000000,00000000,00000000,0
13,1500.0,13,43803B15,3ACA061C,00000000,00000000,00000000,00000000,00000000,00000000,00000000,0
13,1500.0,14,4381BBEC,3B01E52C,00000000,00000000,00000000,00000000,00000000,00000000,00000000,0
13,1500.0,15,43832982,3B237996,00000000,00000000,00000000,00000000,00000000,00000000,00000000,0
13,1500.0,16,438485C3,3B4A000B,00000000,00000000,00000000,00000000,00000000,00000000,00000000,0
13,1500.0,17,4385D235,3B75AB79,00000000,00000000,00000000,00000000,00000000,00000000,00000000,0
13,1500.0,18,43871028,3B935097,00000000,00000000,00000000,00000000,00000000,00000000,00000000,0
13,1500.0,19,438840A5,3BAE7716,00000000,00000000,00000000,00000000,00000000,00000000,00000000,0
13,1500.0,20,438961B1,3BCC599E,00000000,00000000,00000000,00000000,00000000,00000000,00000000,0
13,1500.0,21,438A74DF,3BED328F,00000000,00000000,00000000,00000000,00000000,00000000,00000000,0
13,1500.0,22,438B7CAC,3C0869AF,00000000,00000000,00000000,00000000,00000000,00000000,00000000,0
13,1500.0,23,438CE357,3C162C6B,00000000,3D0F34EF,463463CF,39A803BA,00000000,00000000,00000000,1
13,1500.0,24,438DD4A6,3C2ACE67,00000000,3D0D3073,463148E1,39BC6804,00000000,00000000,00000000,1
13,1500.0,25,438EBC65,3C40C3E1,00000000,3D0A7C75,462D5C52,39D08E9D,00000000,00000000,00000000,1
13,1500.0,26,438F9B12,3C549BE3,00000000,3D072CF3,4628B85D,39E08713,00000000,00000000,00000000,1
13,1500.0,27,439070FB,3C5B4916,00000000,3D035F4D,46238292,39E11011,00000000,00000000,00000000,1
13,1500.0,28,43913E9E,3C611559,00000000,3CFE2375,461DB96C,39DF725B,00000000,00000000,00000000,1
13,1500.0,29,4391A7B7,3C6ABE90,00000000,00000000,00000000,00000000,00000000,00000000,00000000,0
13,1500.0,30,43926853,3C6E9963,00000000,00000000,00000000,00000000,00000000,00000000,00000000,0
13,1500.0,31,439321B1,3C718733,00000000,00000000,00000000,00000000,00000000,00000000,00000000,0
13,1500.0,32,4393D413,3C73880B,00000000,00000000,00000000,00000000,00000000,00000000,00000000,0
13,1500.0,33,43947FAE,3C749D9E,00000000,00000000,00000000,00000000,00000000,00000000,00000000,0
13,1500.0,34,439524B5,3C74CBB9,00000000,00000000,00000000,00000000,00000000,00000000,00000000,0
13,1500.0,35,4395C34D,3C741772,00000000,00000000,00000000,00000000,00000000,00000000,00000000,0
13,1500.0,36,43965B98,3C72881A,00000000,00000000,00000000,00000000,00000000,00000000,00000000,0
13,1500.0,37,4396EDB1,3C7026A7,00000000,00000000,00000000,00000000,00000000,00000000,00000000,0
13,1500.0,38,439779A7,3C6CFDCA,00000000,00000000,00000000,00000000,00000000,00000000,00000000,0
13,1500.0,39,4397FF86,3C691A87,00000000,00000000,00000000,00000000,00000000,00000000,00000000,0
13,1500.0,40,43987F48,3C648B48,00000000,00000000,00000000,00000000,00000000,00000000,00000000,0
13,1500.0,41,4398F8F4,3C699ABA,00000000,00000000,00000000,00000000,00000000,00000000,00000000,0
13,1500.0,42,43946C59,3C05756E,00000000,00000000,00000000,00000000,00000000,00000000,00000000,0
13,1500.0,43,4394D50E,3C0A1FBF,00000000,00000000,00000000,00000000,00000000,00000000,00000000,0
13,1500.0,44,4395375E,3C0E9E05,00000000,00000000,00000000,00000000,00000000,00000000,00000000,0
13,1500.0,45,439592ED,3C12E5B3,00000000,00000000,00000000,00000000,00000000,00000000,00000000,0
13,1500.0,46,4395E728,3C16E8E9,00000000,00000000,00000000,00000000,00000000,00000000,00000000,0
13,1500.0,47,43963330,3C1A94F3,00000000,00000000,00000000,00000000,00000000,00000000,00000000,0
13,1500.0,48,439695E9,3C1C23A8,00000000,00000000,00000000,00000000,00000000,00000000,00000000,0
13,1500.0,49,4396B345,00000000,00000000,00000000,00000000,00000000,00000000,00000000,00000000,0
14,1500.0,1,434D8000,37A8FFF8,00000000,00000000,00000000,00000000,00000000,00000000,00000000,0
14,1500.0,2,435997E4,39111644,00000000,00000000,00000000,00000000,00000000,00000000,00000000,0
14,1500.0,3,435604D2,387D8A23,00000000,00000000,00000000,00000000,00000000,00000000,00000000,0
14,1500.0,4,435707F8,385B3603,00000000,00000000,00000000,00000000,00000000,00000000,00000000,0
14,1500.0,5,435D647B,38C27BBC,00000000,00000000,00000000,00000000,00000000,00000000,00000000,0
14,1500.0,6,43630A7B,391BBE1B,00000000,00000000,00000000,00000000,00000000,00000000,00000000,0
14,1500.0,7,43681C81,3966DC75,00000000,00000000,00000000,00000000,00000000,00000000,00000000,0
14,1500.0,8,436CB5B2,39A1405A,00000000,00000000,00000000,00000000,00000000,00000000,00000000,0
14,1500.0,9,4370EB06,39D71876,00000000,00000000,00000000,00000000,00000000,00000000,00000000,0
14,1500.0,10,4374CCDF,3A0A553E,00000000,00000000,00000000,00000000,00000000,00000000,00000000,0
14,1500.0,11,4378680B,3A35CD1E,00000000,00000000,00000000,00000000,00000000,00000000,00000000,0
14,1500.0,12,437BC5E3,3A78F6FF,00000000,00000000,00000000,00000000,00000000,00000000,00000000,0
14,1500.0,13,437EECAA,3AA620E8,00000000,00000000,00000000,00000000,00000000,00000000,00000000,0
14,1500.0,14,4380F3BE,3AD79E8F,00000000,00000000,00000000,00000000,00000000,00000000,00000000,0
14,1500.0,15,43825DD1,3B08B9C1,00000000,00000000,00000000,00000000,00000000,00000000,00000000,0
14,1500.0,16,4383B691,3B2A0B78,00000000,00000000,00000000,00000000,00000000,00000000,00000000,0
14,1500.0,17,4384FF8F,3B4FF6CF,00000000,00000000,00000000,00000000,00000000,00000000,00000000,0
14,1500.0,18,43863A20,3B7AA38B,00000000,00000000,00000000,00000000,00000000,00000000,00000000,0
14,1500.0,19,43876762,3B9515C8,00000000,00000000,00000000,00000000,00000000,00000000,00000000,0
14,1500.0,20,438887FB,3BAF4046,00000000,00000000,00000000,00000000,00000000,00000000,00000000,0
14,1500.0,21,438999AD,3BCC0A13,00000000,00000000,00000000,00000000,00000000,00000000,00000000,0
14,1500.0,22,438A9F49,3BEB70D9,00000000,00000000,00000000,00000000,00000000,00000000,00000000,0
14,1500.0,23,438BFF52,3C017B1C,00000000,3D0F86FA,46339FD0,39913013,00000000,00000000,00000000,1
14,1500.0,24,438CEEDF,3C13C00C,00000000,3D0D7919,46307E10,39A34D56,00000000,00000000,00000000,1
14,1500.0,25,438DD4EA,3C273C9E,00000000,3D0ABD35,462C8DFE,39B5448F,00000000,00000000,00000000,1
14,1500.0,26,438EB1E7,3C370D4E,00000000,3D07692C,4627EBF5,39C1A670,00000000,00000000,00000000,1
14,1500.0,27,438F8630,3C3C197A,00000000,3D039506,4622B6A4,39C15D11,00000000,00000000,00000000,1
14,1500.0,28,438FF684,3C4501C8,00000000,00000000,00000000,00000000,00000000,00000000,00000000,0
14,1500.0,29,4390BCEB,3C4834C1,00000000,00000000,00000000,00000000,00000000,00000000,00000000,0
14,1500.0,30,43917BDD,3C4A831F,00000000,00000000,00000000,00000000,00000000,00000000,00000000,0
14,1500.0,31,439233A0,3C4BEBDD,00000000,00000000,00000000,00000000,00000000,00000000,00000000,0
14,1500.0,32,4392E475,3C4C6FCC,00000000,00000000,00000000,00000000,00000000,00000000,00000000,0
14,1500.0,33,43938E93,3C4C115C,00000000,00000000,00000000,00000000,00000000,00000000,00000000,0
14,1500.0,34,43943227,3C4AD49A,00000000,00000000,00000000,00000000,00000000,00000000,00000000,0
14,1500.0,35,4394CF5C,3C48BF95,00000000,00000000,00000000,00000000,00000000,00000000,00000000,0
14,1500.0,36,43956651,3C45DA0A,00000000,00000000,00000000,00000000,00000000,00000000,00000000,0
14,1500.0,37,4395F720,3C422DC3,00000000,00000000,00000000,00000000,00000000,00000000,00000000,0
14,1500.0,38,439681DA,3C3DC5AF,00000000,00000000,00000000,00000000,00000000,00000000,00000000,0
14,1500.0,39,43970686,3C38AF4E,00000000,00000000,00000000,00000000,00000000,00000000,00000000,0
14,1500.0,40,43978525,3C32F9FE,00000000,00000000,00000000,00000000,00000000,00000000,00000000,0
14,1500.0,41,4393FE01,3BE21A03,00000000,00000000,00000000,00000000,00000000,00000000,00000000,0
14,1500.0,42,43946CC4,3BEA7C3B,00000000,00000000,00000000,00000000,00000000,00000000,00000000,0
14,1500.0,43,4394D566,3BF2A0B4,00000000,00000000,00000000,00000000,00000000,00000000,00000000,0
14,1500.0,44,439537A6,3BFA77D3,00000000,00000000,00000000,00000000,00000000,00000000,00000000,0
14,1500.0,45,43959326,3C00F744,00000000,00000000,00000000,00000000,00000000,00000000,00000000,0
14,1500.0,46,4395E752,3C047616,00000000,00000000,00000000,00000000,00000000,00000000,00000000,0
14,1500.0,47,4396334D,3C07A7EA,00000000,00000000,00000000,00000000,00000000,00000000,00000000,0
14,1500.0,48,439695F1,3C08CA12,00000000,00000000,00000000,00000000,00000000,00000000,00000000,0
14,1500.0,49,4396BB0C,00000000,00000000,00000000,00000000,00000000,00000000,00000000,00000000,0
15,1500.0,1,43758000,39A594C3,00000000,00000000,00000000,00000000,00000000,00000000,00000000,0
15,1500.0,2,437C404A,3B539994,00000000,00000000,00000000,00000000,00000000,00000000,00000000,0
15,1500.0,3,437AFD8B,3AFE7877,00000000,00000000,00000000,00000000,00000000,00000000,00000000,0
15,1500.0,4,437A2F95,3AAC4520,00000000,00000000,00000000,00000000,00000000,00000000,00000000,0
15,1500.0,5,437C4D18,3A95FDE2,00000000,00000000,00000000,00000000,00000000,00000000,00000000,0
15,1500.0,6,437F7F77,3A933356,00000000,00000000,00000000,00000000,00000000,00000000,00000000,0
15,1500.0,7,43813666,3A913097,00000000,00000000,00000000,00000000,00000000,00000000,00000000,0
15,1500.0,8,43828ED0,3A8F8EAB,00000000,00000000,00000000,00000000,00000000,00000000,00000000,0
15,1500.0,9,4383CC7F,3A8E427B,00000000,00000000,00000000,00000000,00000000,00000000,00000000,0
15,1500.0,10,4384F2A9,3A8D4447,00000000,00000000,00000000,00000000,00000000,00000000,00000000,0
15,1500.0,11,4386041C,3A8CB100,00000000,00000000,00000000,00000000,00000000,00000000,00000000,0
15,1500.0,12,4387034A,3A91EDB9,00000000,00000000,00000000,00000000,00000000,00000000,00000000,0
15,1500.0,13,4387F224,3A979C64,00000000,00000000,00000000,00000000,00000000,00000000,00000000,0
15,1500.0,14,4388D150,3A9CFD4E,00000000,00000000,00000000,00000000,00000000,00000000,00000000,0
15,1500.0,15,4389A06E,3AA42DDC,00000000,00000000,00000000,00000000,00000000,00000000,00000000,0
15,1500.0,16,438A635E,3AAC0EBC,00000000,00000000,00000000,00000000,00000000,00000000,00000000,0
15,1500.0,17,438B1BB3,3AB45D02,00000000,00000000,00000000,00000000,00000000,00000000,00000000,0
15,1500.0,18,438BCA61,3ABD051F,00000000,00000000,00000000,00000000,00000000,00000000,00000000,0
15,1500.0,19,438C703E,3AC5F71F,00000000,00000000,00000000,00000000,00000000,00000000,00000000,0
15,1500.0,20,438D0E03,3ACF258B,00000000,00000000,00000000,00000000,00000000,00000000,00000000,0
15,1500.0,21,438DA453,3AD88483,00000000,00000000,00000000,00000000,00000000,00000000,00000000,0
15,1500.0,22,438E33BA,3AE20904,00000000,00000000,00000000,00000000,00000000,00000000,00000000,0
15,1500.0,23,438EBCB4,3AEBA96F,00000000,00000000,00000000,00000000,00000000,00000000,00000000,0
15,1500.0,24,438F3FAE,3AF55DFD,00000000,00000000,00000000,00000000,00000000,00000000,00000000,0
15,1500.0,25,438FBD09,3AFF1DBB,00000000,00000000,00000000,00000000,00000000,00000000,00000000,0
15,1500.0,26,43903520,3B0755B4,00000000,00000000,00000000,00000000,00000000,00000000,00000000,0
15,1500.0,27,4390A83E,3B13CBA1,00000000,00000000,00000000,00000000,00000000,00000000,00000000,0
15,1500.0,28,439116A5,3B205234,00000000,00000000,00000000,00000000,00000000,00000000,00000000,0
15,1500.0,29,43918092,3B2CE100,00000000,00000000,00000000,00000000,00000000,00000000,00000000,0
15,1500.0,30,4391E63D,3B396FF3,00000000,00000000,00000000,00000000,00000000,00000000,00000000,0
15,1500.0,31,439247D4,3B45F6E3,00000000,00000000,00000000,00000000,00000000,00000000,00000000,0
15,1500.0,32,4392A580,3B526DFB,00000000,00000000,00000000,00000000,00000000,00000000,00000000,0
15,1500.0,33,4392FF68,3B5ECE1E,00000000,00000000,00000000,00000000,00000000,00000000,00000000,0
15,1500.0,34,439355AB,3B6B0FEE,00000000,00000000,00000000,00000000,00000000,00000000,00000000,0
15,1500.0,35,4393A865,3B772C0A,00000000,00000000,00000000,00000000,00000000,00000000,00000000,0
15,1500.0,36,4393F7A9,3B818D54,00000000,00000000,00000000,00000000,00000000,00000000,00000000,0
15,1500.0,37,4394438D,3B876A7B,00000000,00000000,00000000,00000000,00000000,00000000,00000000,0
15,1500.0,38,43948C1C,3B8D28E0,00000000,00000000,00000000,00000000,00000000,00000000,00000000,0
15,1500.0,39,4394D160,3B92C4FA,00000000,00000000,00000000,00000000,00000000,00000000,00000000,0
15,1500.0,40,4395135A,3B983A1B,00000000,00000000,00000000,00000000,00000000,00000000,00000000,0
15,1500.0,41,43955206,3B9ADF6A,00000000,00000000,00000000,00000000,00000000,00000000,00000000,0
15,1500.0,42,43958D58,3B9C81BA,00000000,00000000,00000000,00000000,00000000,00000000,00000000,0
15,1500.0,43,4395C53B,3B9E089E,00000000,00000000,00000000,00000000,00000000,00000000,00000000,0
15,1500.0,44,4395F98E,3B9F7185,00000000,00000000,00000000,00000000,00000000,00000000,00000000,0
15,1500.0,45,43962A1B,3BA0B841,00000000,00000000,00000000,00000000,00000000,00000000,00000000,0
15,1500.0,46,43965695,3BA1D81E,00000000,00000000,00000000,00000000,00000000,00000000,00000000,0
15,1500.0,47,43967E7C,3BA2C82E,00000000,00000000,00000000,00000000,00000000,00000000,00000000,0
15,1500.0,48,4396C15C,3BA02579,00000000,00000000,00000000,00000000,00000000,00000000,00000000,0
15,1500.0,49,4396A943,00000000,00000000,00000000,00000000,00000000,00000000,00000000,00000000,0
16,1500.0,1,4386C000,3CECED00,00000000,00000000,00000000,00000000,00000000,00000000,00000000,0
16,1500.0,2,4388E35C,3D0ABC64,00000000,00000000,00000000,00000000,00000000,00000000,00000000,0
16,1500.0,3,43884DF6,3CC094BE,00000000,00000000,00000000,00000000,00000000,00000000,00000000,0
16,1500.0,4,43880A27,3C9331A5,00000000,00000000,00000000,00000000,00000000,00000000,00000000,0
16,1500.0,5,4387FD51,3C719DFC,00000000,00000000,00000000,00000000,00000000,00000000,00000000,0
16,1500.0,6,438916EC,3C6F794D,00000000,00000000,00000000,00000000,00000000,00000000,00000000,0
16,1500.0,7,438A0925,3C6EA64B,00000000,00000000,00000000,00000000,00000000,00000000,00000000,0
16,1500.0,8,438AE18F,3C6E5D7A,00000000,00000000,00000000,00000000,00000000,00000000,00000000,0
16,1500.0,9,438BA592,3C6E5A60,00000000,00000000,00000000,00000000,00000000,00000000,00000000,0
16,1500.0,10,438C588A,3C6E7EDA,00000000,00000000,00000000,00000000,00000000,00000000,00000000,0
16,1500.0,11,438CFD0E,3C6EB922,00000000,00000000,00000000,00000000,00000000,00000000,00000000,0
16,1500.0,12,438D9539,3C755827,00000000,00000000,00000000,00000000,00000000,00000000,00000000,0
16,1500.0,13,438E22B5,3C814460,00000000,00000000,00000000,00000000,00000000,00000000,00000000,0
16,1500.0,14,438EA6CB,3C8777F9,00000000,00000000,00000000,00000000,00000000,00000000,00000000,0
16,1500.0,15,438F2290,3C8D5063,00000000,00000000,00000000,00000000,00000000,00000000,00000000,0
16,1500.0,16,438F96ED,3C92D5CA,00000000,00000000,00000000,00000000,00000000,00000000,00000000,0
16,1500.0,17,439004A3,3C980F7C,00000000,00000000,00000000,00000000,00000000,00000000,00000000,0
16,1500.0,18,43906C54,3C9D0383,00000000,00000000,00000000,00000000,00000000,00000000,00000000,0
16,1500.0,19,43917117,3C9D8982,00000000,2EDBE6FF,38147135,2C0752C9,00000000,00000000,00000000,1
16,1500.0,20,4391C588,3CA23C1B,00000000,2EDBE6FF,38132668,2C0B5BCF,00000000,00000000,00000000,1
16,1500.0,21,43921626,3CA6B2B7,00000000,2EDBE6FF,3811ECCC,2C0F314D,00000000,00000000,00000000,1
16,1500.0,22,43926333,3CAAF1B2,00000000,2EDBE6FF,3810C2EE,2C12D703,00000000,00000000,00000000,1
16,1500.0,23,4392ACE6,3CAEFCFB,00000000,2EDBE6FF,380FA78A,2C165050,00000000,00000000,00000000,1
16,1500.0,24,4392F373,3CB2D82B,00000000,2EDBE6FF,380E9987,2C19A04D,00000000,00000000,00000000,1
16,1500.0,25,4393370B,3CB68657,00000000,2EDBE6FF,380D97F3,2C1CC99F,00000000,00000000,00000000,1
16,1500.0,26,439377CF,3CB9CD40,00000000,2EDBE6FF,380CA1F1,2C1F9A3D,00000000,00000000,00000000,1
16,1500.0,27,4393B5DF,3CBA1CAB,00000000,2EDBE6FF,380BB6CC,2C1FDE75,00000000,00000000,00000000,1
16,1500.0,28,4393F163,3CBA65BC,00000000,2EDBE6FF,380AD5E2,2C201D39,00000000,00000000,00000000,1
16,1500.0,29,43942A76,3CBAA8F6,00000000,2EDBE6FF,3809FE99,2C2056F8,00000000,00000000,00000000,1
16,1500.0,30,43946135,3CBAE6AD,00000000,2EDBE6FF,3809306C,2C208BFB,00000000,00000000,00000000,1
16,1500.0,31,439495B6,3CBB1F6F,00000000,2EDBE6FF,38086AE5,2C20BCBD,00000000,00000000,00000000,1
16,1500.0,32,4394C80F,3CBB5391,00000000,2EDBE6FF,3807AD9C,2C20E985,00000000,00000000,00000000,1
16,1500.0,33,4394F850,3CBB8349,00000000,2EDBE6FF,3806F832,2C211282,00000000,00000000,00000000,1
16,1500.0,34,43952688,3CBBAEDC,00000000,2EDBE6FF,38064A56,2C2137F0,00000000,00000000,00000000,1
16,1500.0,35,439552C2,3CBBD68F,00000000,2EDBE6FF,3805A3C1,2C215A0A,00000000,00000000,00000000,1
16,1500.0,36,43957D0B,3CBBFA96,00000000,2EDBE6FF,38050436,2C2178FD,00000000,00000000,00000000,1
16,1500.0,37,4395A567,3CBC1B1D,00000000,2EDBE6FF,38046B82,2C2194EE,00000000,00000000,00000000,1
16,1500.0,38,4395CBDA,3CBC3835,00000000,2EDBE6FF,3803D979,2C21ADEB,00000000,00000000,00000000,1
16,1500.0,39,4395F068,3CBC5222,00000000,2EDBE6FF,38034DFF,2C21C430,00000000,00000000,00000000,1
16,1500.0,40,43961308,3CBC68D1,00000000,2EDBE6FF,3802C8F7,2C21D7AD,00000000,00000000,00000000,1
16,1500.0,41,439633B7,3CBC7C44,00000000,2EDBE6FF,38024A5C,2C21E862,00000000,00000000,00000000,1
16,1500.0,42,43965266,3CBC8C8F,00000000,2EDBE6FF,3801D22D,2C21F660,00000000,00000000,00000000,1
16,1500.0,43,43966EFF,3CBC99A0,00000000,2EDBE6FF,3801607B,2C22019A,00000000,00000000,00000000,1
16,1500.0,44,43968963,3CBCA31E,00000000,2EDBE6FF,3800F568,2C2209C1,00000000,00000000,00000000,1
16,1500.0,45,4396747C,3CBDD06C,00000000,00000000,00000000,00000000,00000000,00000000,00000000,0
16,1500.0,46,43968D63,3CBDBA51,00000000,00000000,00000000,00000000,00000000,00000000,00000000,0
16,1500.0,47,4396A388,3CBD9C66,00000000,00000000,00000000,00000000,00000000,00000000,00000000,0
16,1500.0,48,4396D748,3CBC9A8A,00000000,00000000,00000000,00000000,00000000,00000000,00000000,0
16,1500.0,49,4396A426,00000000,00000000,00000000,00000000,00000000,00000000,00000000,00000000,0
17,1500.0,1,43508000,37A9D921,00000000,00000000,00000000,00000000,00000000,00000000,00000000,0
17,1500.0,2,435C9EAA,394A77FD,00000000,00000000,00000000,00000000,00000000,00000000,00000000,0
17,1500.0,3,435914C9,38AE3434,00000000,00000000,00000000,00000000,00000000,00000000,00000000,0
17,1500.0,4,43571F52,38469D51,00000000,00000000,00000000,00000000,00000000,00000000,00000000,0
17,1500.0,5,4355E1BD,38036876,00000000,00000000,00000000,00000000,00000000,00000000,00000000,0
17,1500.0,6,435506AD,37BE5FE0,00000000,00000000,00000000,00000000,00000000,00000000,00000000,0
17,1500.0,7,43546671,37927914,00000000,00000000,00000000,00000000,00000000,00000000,00000000,0
17,1500.0,8,4353EC21,376C24BE,00000000,00000000,00000000,00000000,00000000,00000000,00000000,0
17,1500.0,9,43538BA7,375644F1,00000000,00000000,00000000,00000000,00000000,00000000,00000000,0
17,1500.0,10,43547A89,3769B354,00000000,00000000,00000000,00000000,00000000,00000000,00000000,0
17,1500.0,11,4357202B,379FE214,00000000,00000000,00000000,00000000,00000000,00000000,00000000,0
17,1500.0,12,435997C8,37D4A6E2,00000000,00000000,00000000,00000000,00000000,00000000,00000000,0
17,1500.0,13,435BE706,3809F824,00000000,00000000,00000000,00000000,00000000,00000000,00000000,0
17,1500.0,14,435E127A,382F340E,00000000,00000000,00000000,00000000,00000000,00000000,00000000,0
17,1500.0,15,43601E0C,385A4FD3,00000000,00000000,00000000,00000000,00000000,00000000,00000000,0
17,1500.0,16,43620CEB,3885C244,00000000,00000000,00000000,00000000,00000000,00000000,00000000,0
17,1500.0,17,4363E1DA,38A17FC9,00000000,00000000,00000000,00000000,00000000,00000000,00000000,0
17,1500.0,18,43659F2A,38C06FEE,00000000,00000000,00000000,00000000,00000000,00000000,00000000,0
17,1500.0,19,436753F8,38BCD41A,00000000,3D2C5034,4639D32F,367E3354,00000000,00000000,00000000,1
17,1500.0,20,4368E8CC,38DF7192,00000000,3D378516,4644F42B,36A02E59,00000000,00000000,00000000,1
17,1500.0,21,436A6B40,3902B05C,00000000,3D40A7AA,464DCD74,36C4B3BA,00000000,00000000,00000000,1
17,1500.0,22,436BDCA6,39174F8A,00000000,3D47C1FF,46547259,36EC22FC,00000000,00000000,00000000,1
17,1500.0,23,436D3E25,392D9251,00000000,3D4CE4CF,4658FC43,370AEBBB,00000000,00000000,00000000,1
17,1500.0,24,436E90C4,3945724F,00000000,3D5025DA,465B88F8,37208A12,00000000,00000000,00000000,1
17,1500.0,25,436FD567,395EE683,00000000,3D519EA7,465C3945,37368455,00000000,00000000,00000000,1
17,1500.0,26,43710CDF,3979E3E4,00000000,3D516B57,465B2FCF,374C6BD4,00000000,00000000,00000000,1
17,1500.0,27,437237E2,398B2E75,00000000,3D4FA9E7,46589056,3761CDE0,00000000,00000000,00000000,1
17,1500.0,28,4373570B,399A20F5,00000000,3D4C7957,46547EDA,377636A2,00000000,00000000,00000000,1
17,1500.0,29,43746AED,39A9C096,00000000,3D47F93B,464F1F45,378499F8,00000000,00000000,00000000,1
17,1500.0,30,4375740A,39BA0391,00000000,3D424932,464894DD,378D2BE3,00000000,00000000,00000000,1
17,1500.0,31,437672CB,39CADEC4,00000000,3D3B8898,46410208,37949CF8,00000000,00000000,00000000,1
17,1500.0,32,43776798,39DC464D,00000000,3D33D649,4638881F,379ABD89,00000000,00000000,00000000,1
17,1500.0,33,437852C1,39EE2D10,00000000,3D2B5062,462F4734,379F62E3,00000000,00000000,00000000,1
17,1500.0,34,43793493,3A004275,00000000,3D22142B,46255E0F,37A26852,00000000,00000000,00000000,1
17,1500.0,35,437A0D4C,3A099F39,00000000,3D183DFB,461AEA1D,37A3AFB7,00000000,00000000,00000000,1
17,1500.0,36,437ADD19,3A132482,00000000,3D0DE93A,46100777,37A32252,00000000,00000000,00000000,1
17,1500.0,37,437BA424,3A1CC953,00000000,3D033052,4604D0E7,37A0B13B,00000000,00000000,00000000,1
17,1500.0,38,437C6284,3A2683F2,00000000,3CF0599B,45F2C011,379C55FC,00000000,00000000,00000000,1
17,1500.0,39,437D1845,3A3049B7,00000000,3CD9EEDD,45DB9AD4,379612F9,00000000,00000000,00000000,1
17,1500.0,40,437DC563,3A384308,00000000,3CC350C6,45C4619A,378C9533,00000000,00000000,00000000,1
17,1500.0,41,437E69CC,3A3FF36D,00000000,3CACAE6D,45AD4231,37817A56,00000000,00000000,00000000,1
17,1500.0,42,437F0551,3A477B9F,00000000,3C9636B1,459669D2,376A1A1A,00000000,00000000,00000000,1
17,1500.0,43,437F97AE,3A4ED09D,00000000,3C801903,458005EF,374EF907,00000000,00000000,00000000,1
17,1500.0,44,4380057C,3A5DB804,00000000,00000000,00000000,00000000,00000000,00000000,00000000,0
17,1500.0,45,4380453E,3A642977,00000000,00000000,00000000,00000000,00000000,00000000,00000000,0
17,1500.0,46,43807F8C,3A6A2229,00000000,00000000,00000000,00000000,00000000,00000000,00000000,0
17,1500.0,47,4380B3B0,3A6F818E,00000000,00000000,00000000,00000000,00000000,00000000,00000000,0
17,1500.0,48,4380E881,3A6E324D,00000000,00000000,00000000,00000000,00000000,00000000,00000000,0
17,1500.0,49,4380E87E,00000000,00000000,00000000,00000000,00000000,00000000,00000000,00000000,0
18,1500.0,1,43560000,38829306,00000000,00000000,00000000,00000000,00000000,00000000,00000000,0
18,1500.0,2,436202E3,39CCD708,00000000,00000000,00000000,00000000,00000000,00000000,00000000,0
18,1500.0,3,435E9F20,393CE8F0,00000000,00000000,00000000,00000000,00000000,00000000,00000000,0
18,1500.0,4,435CB200,38E0C140,00000000,00000000,00000000,00000000,00000000,00000000,00000000,0
18,1500.0,5,435B75CB,38996A3D,00000000,00000000,00000000,00000000,00000000,00000000,00000000,0
18,1500.0,6,435A9A1B,3863CF9A,00000000,00000000,00000000,00000000,00000000,00000000,00000000,0
18,1500.0,7,4359F8B8,3832E274,00000000,00000000,00000000,00000000,00000000,00000000,00000000,0
18,1500.0,8,43597D20,38122402,00000000,00000000,00000000,00000000,00000000,00000000,00000000,0
18,1500.0,9,435A1AD8,380ECFE4,00000000,00000000,00000000,00000000,00000000,00000000,00000000,0
18,1500.0,10,435D5F24,385053EE,00000000,00000000,00000000,00000000,00000000,00000000,00000000,0
18,1500.0,11,436066DD,38923E08,00000000,00000000,00000000,00000000,00000000,00000000,00000000,0
18,1500.0,12,436339FA,38C6B2BB,00000000,00000000,00000000,00000000,00000000,00000000,00000000,0
18,1500.0,13,4365DEF9,39033CC2,00000000,00000000,00000000,00000000,00000000,00000000,00000000,0
18,1500.0,14,436874DA,3904263E,00000000,3CBF39FA,45DE72CB,36456CEC,00000000,00000000,00000000,1
18,1500.0,15,436ACFEA,392BE0A6,00000000,3CE2C41D,4603294D,36983FFE,00000000,00000000,00000000,1
18,1500.0,16,436D0A4D,395A5746,00000000,3D019407,46151BB8,36DD0875,00000000,00000000,00000000,1
18,1500.0,17,436F2721,3987E9EC,00000000,3D100B30,4624EDD4,3718F30B,00000000,00000000,00000000,1
18,1500.0,18,43712907,39A647F7,00000000,3D1CAFF7,46328ED1,374B8C4C,00000000,00000000,00000000,1
18,1500.0,19,43731249,39C85B51,00000000,3D2777AE,463DFBE2,3783113C,00000000,00000000,00000000,1
18,1500.0,20,4374E4DC,39EE322F,00000000,3D3061D9,46473CFE,37A41D8B,00000000,00000000,00000000,1
18,1500.0,21,4376A27A,3A0BE9E2,00000000,3D3775F9,464E624C,37C88955,00000000,00000000,00000000,1
18,1500.0,22,43784CA1,3A22A061,00000000,3D3CC1BA,465381FE,37EFD1B1,00000000,00000000,00000000,1
18,1500.0,23,4379E4A4,3A3B399F,00000000,3D405773,4656B6AF,380CAB2C,00000000,00000000,00000000,1
18,1500.0,24,437B6BA6,3A556F66,00000000,3D424CFA,46581E02,3821FE99,00000000,00000000,00000000,1
18,1500.0,25,437CE2B0,3A6E79E8,00000000,3D42BAF5,4657D7F9,3835668B,00000000,00000000,00000000,1
18,1500.0,26,437E4AAA,3A846899,00000000,3D41BB16,46560501,3848673E,00000000,00000000,00000000,1
18,1500.0,27,437FA462,3A923351,00000000,3D3F686C,4652C657,385A9FD8,00000000,00000000,00000000,1
18,1500.0,28,43807846,3AA094E6,00000000,3D3BDE8F,464E3D2E,386BB0BE,00000000,00000000,00000000,1
18,1500.0,29,438117E7,3AAF8470,00000000,3D373942,46488A5B,387B3DDC,00000000,00000000,00000000,1
18,1500.0,30,4381B15D,3ABEF826,00000000,3D319415,4641CDED,38847809,00000000,00000000,00000000,1
18,1500.0,31,438244E4,3ACEE598,00000000,3D2B0A33,463A2708,388A3B9B,00000000,00000000,00000000,1
18,1500.0,32,4382D2B4,3ADF4167,00000000,3D23B633,4631B3C5,388EC58A,00000000,00000000,00000000,1
18,1500.0,33,43835B00,3AEFFF88,00000000,3D1BB1F2,4628910E,3891F68A,00000000,00000000,00000000,1
18,1500.0,34,4383DDEE,3B00897A,00000000,3D131688,461EDA9C,3893B482,00000000,00000000,00000000,1
18,1500.0,35,43845BA2,3B0936E5,00000000,3D09FC32,4614AAED,3893EB1B,00000000,00000000,00000000,1
18,1500.0,36,4384D439,3B120086,00000000,3D007A5E,460A1B58,38928C1A,00000000,00000000,00000000,1
18,1500.0,37,438547C3,3B1ADE6F,00000000,3CED4F46,45FE880B,388F8FE2,00000000,00000000,00000000,1
18,1500.0,38,4385B653,3B23C7EC,00000000,3CD933B0,45E8783F,388AF588,00000000,00000000,00000000,1
18,1500.0,39,43861FEE,3B2CB3C4,00000000,3CC4CC69,45D233D9,3884C388,00000000,00000000,00000000,1
18,1500.0,40,43868490,3B351BA5,00000000,3CB04300,45BBE61E,387964CF,00000000,00000000,00000000,1
18,1500.0,41,4386E42D,3B3CD71F,00000000,3C9BC033,45A5B919,3865C80D,00000000,00000000,00000000,1
18,1500.0,42,43873EAD,3B446B96,00000000,3C876C49,458FD613,384FCFA3,00000000,00000000,00000000,1
18,1500.0,43,438793E6,3B4BCD9A,00000000,3C66E0EF,4574CE15,3837CDCB,00000000,00000000,00000000,1
18,1500.0,44,4387E39C,3B52F028,00000000,3C3FEF16,454B2ED2,381E262E,00000000,00000000,00000000,1
18,1500.0,45,438817D3,3B5E2A40,00000000,00000000,00000000,00000000,00000000,00000000,00000000,0
18,1500.0,46,43885CE4,3B644AD5,00000000,00000000,00000000,00000000,00000000,00000000,00000000,0
18,1500.0,47,43889AE0,3B69E0E8,00000000,00000000,00000000,00000000,00000000,00000000,00000000,0
18,1500.0,48,4388E073,3B6B74D3,00000000,00000000,00000000,00000000,00000000,00000000,00000000,0
18,1500.0,49,4388FA19,00000000,00000000,00000000,00000000,00000000,00000000,00000000,00000000,0
1,4500.0,1,43458000,36D299B5,00000000,00000000,00000000,00000000,00000000,00000000,00000000,0
1,4500.0,2,4351556F,383E86F7,00000000,00000000,00000000,00000000,00000000,00000000,00000000,0
1,4500.0,3,434DC570,37A140AC,00000000,00000000,00000000,00000000,00000000,00000000,00000000,0
1,4500.0,4,4351677C,37CD7805,00000000,00000000,00000000,00000000,00000000,00000000,00000000,0
1,4500.0,5,4357A020,383CCCBE,00000000,00000000,00000000,00000000,00000000,00000000,00000000,0
1,4500.0,6,435D2805,389BF9A4,00000000,00000000,00000000,00000000,00000000,00000000,00000000,0
1,4500.0,7,43622031,38EDC5E4,00000000,00000000,00000000,00000000,00000000,00000000,00000000,0
1,4500.0,8,4366A25C,392A5350,00000000,00000000,00000000,00000000,00000000,00000000,00000000,0
1,4500.0,9,436AC257,39686766,00000000,00000000,00000000,00000000,00000000,00000000,00000000,0
1,4500.0,10,436E8FA8,39987F8A,00000000,00000000,00000000,00000000,00000000,00000000,00000000,0
1,4500.0,11,4372168E,39D2B3F2,00000000,00000000,00000000,00000000,00000000,00000000,00000000,0
1,4500.0,12,437560CC,3A0F8044,00000000,00000000,00000000,00000000,00000000,00000000,00000000,0
1,4500.0,13,43787648,3A3DF624,00000000,00000000,00000000,00000000,00000000,00000000,00000000,0
1,4500.0,14,437B5D0B,3A75904C,00000000,00000000,00000000,00000000,00000000,00000000,00000000,0
1,4500.0,15,437E18BC,3A9BD159,00000000,00000000,00000000,00000000,00000000,00000000,00000000,0
1,4500.0,16,4380586F,3AC1C7FE,00000000,00000000,00000000,00000000,00000000,00000000,00000000,0
1,4500.0,17,438194AA,3AECD722,00000000,00000000,00000000,00000000,00000000,00000000,00000000,0
1,4500.0,18,4382C28B,3B0E94D6,00000000,00000000,00000000,00000000,00000000,00000000,00000000,0
1,4500.0,19,4383E34E,3B2971DE,00000000,00000000,00000000,00000000,00000000,00000000,00000000,0
1,4500.0,20,4384F7F8,3B470FF4,00000000,00000000,00000000,00000000,00000000,00000000,00000000,0
1,4500.0,21,43860164,3B677702,00000000,00000000,00000000,00000000,00000000,00000000,00000000,0
1,4500.0,22,43870053,3B855477,00000000,00000000,00000000,00000000,00000000,00000000,00000000,0
1,4500.0,23,4387F570,3B985105,00000000,00000000,00000000,00000000,00000000,00000000,00000000,0
1,4500.0,24,4388E07C,3BACA22B,00000000,00000000,00000000,00000000,00000000,00000000,00000000,0
1,4500.0,25,4389C065,3BC27CAB,00000000,00000000,00000000,00000000,00000000,00000000,00000000,0
1,4500.0,26,438A97AB,3BD7C3EA,00000000,00000000,00000000,00000000,00000000,00000000,00000000,0
1,4500.0,27,438B66C5,3BECA3BE,00000000,00000000,00000000,00000000,00000000,00000000,00000000,0
1,4500.0,28,438C2E17,3C012B6C,00000000,00000000,00000000,00000000,00000000,00000000,00000000,0
1,4500.0,29,438CEDFC,3C0C67EE,00000000,00000000,00000000,00000000,00000000,00000000,00000000,0
1,4500.0,30,438DA6C1,3C18008F,00000000,00000000,00000000,00000000,00000000,00000000,00000000,0
1,4500.0,31,438E58AB,3C23ED6A,00000000,00000000,00000000,00000000,00000000,00000000,00000000,0
1,4500.0,32,438F03F8,3C30267C,00000000,00000000,00000000,00000000,00000000,00000000,00000000,0
1,4500.0,33,438FA8DD,3C3CA2D9,00000000,00000000,00000000,00000000,00000000,00000000,00000000,0
1,4500.0,34,43904787,3C495930,00000000,00000000,00000000,00000000,00000000,00000000,00000000,0
1,4500.0,35,4390E01B,3C563F5F,00000000,00000000,00000000,00000000,00000000,00000000,00000000,0
1,4500.0,36,439172BC,3C634A93,00000000,00000000,00000000,00000000,00000000,00000000,00000000,0
1,4500.0,37,4391FF7C,3C706F3E,00000000,00000000,00000000,00000000,00000000,00000000,00000000,0
1,4500.0,38,4392866D,3C7DA0AF,00000000,00000000,00000000,00000000,00000000,00000000,00000000,0
1,4500.0,39,43930794,3C8568A8,00000000,00000000,00000000,00000000,00000000,00000000,00000000,0
1,4500.0,40,439382F0,3C8BF911,00000000,00000000,00000000,00000000,00000000,00000000,00000000,0
1,4500.0,41,4393F870,3C91E7A0,00000000,00000000,00000000,00000000,00000000,00000000,00000000,0
1,4500.0,42,439467F8,3C977D49,00000000,00000000,00000000,00000000,00000000,00000000,00000000,0
1,4500.0,43,4394D15B,3C9CEBA9,00000000,00000000,00000000,00000000,00000000,00000000,00000000,0
1,4500.0,44,43953459,3CA2291B,00000000,00000000,00000000,00000000,00000000,00000000,00000000,0
1,4500.0,45,4395908F,3CA72989,00000000,00000000,00000000,00000000,00000000,00000000,00000000,0
1,4500.0,46,4395B61A,3CB44622,00000000,00000000,00000000,00000000,00000000,00000000,00000000,2
1,4500.0,47,43961CDA,3CB6E18D,322BCC77,3C0987C2,451F3C3E,39447F60,2EB8970D,00000000,00000000,2
1,4500.0,48,43967AD7,3CB9DE12,00000000,00000000,00000000,00000000,00000000,00000000,00000000,1
1,4500.0,49,4396DBED,3CBE633B,00000000,00000000,00000000,00000000,00000000,00000000,00000000,1
2,4500.0,1,43468000,36F520CD,00000000,00000000,00000000,00000000,00000000,00000000,00000000,0
2,4500.0,2,432C228A,339C118B,00000000,00000000,00000000,00000000,00000000,00000000,00000000,0
2,4500.0,3,433CD77E,35BC8168,00000000,00000000,00000000,00000000,00000000,00000000,00000000,2
2,4500.0,4,4349F33D,3723773A,00000000,00000000,00000000,00000000,00000000,00000000,00000000,2
2,4500.0,5,4354E13E,3827429F,00000000,00000000,00000000,00000000,00000000,00000000,00000000,2
2,4500.0,6,435E2EA1,38F4C0DF,00000000,00000000,00000000,00000000,00000000,00000000,00000000,2
2,4500.0,7,4366266A,398D6817,00000000,00000000,00000000,00000000,00000000,00000000,00000000,2
2,4500.0,8,436CF6F8,3A08D485,00000000,00000000,00000000,00000000,00000000,00000000,00000000,2
2,4500.0,9,4372C696,3A66ED10,00000000,00000000,00000000,00000000,00000000,00000000,00000000,2
2,4500.0,10,4377BB21,3AAF511D,00000000,00000000,00000000,00000000,00000000,00000000,00000000,2
2,4500.0,11,437BF742,3AF59E9E,00000000,00000000,00000000,00000000,00000000,00000000,00000000,2
2,4500.0,12,437F95C2,3B226F43,00000000,00000000,00000000,00000000,00000000,00000000,00000000,2
2,4500.0,13,43815C1F,3B4CFAB4,00000000,00000000,00000000,00000000,00000000,00000000,00000000,2
2,4500.0,14,4382BDEB,3B791B18,00000000,00000000,00000000,00000000,00000000,00000000,00000000,2
2,4500.0,15,4383FB3D,3B92EF30,00000000,00000000,00000000,00000000,00000000,00000000,00000000,2
2,4500.0,16,43851C46,3BA95083,00000000,00000000,00000000,00000000,00000000,00000000,00000000,2
2,4500.0,17,43862740,3BBF7BDB,00000000,00000000,00000000,00000000,00000000,00000000,00000000,2
2,4500.0,18,438720FC,3BD54D88,00000000,00000000,00000000,00000000,00000000,00000000,00000000,2
2,4500.0,19,43880E23,3BEAC911,00000000,00000000,00000000,00000000,00000000,00000000,00000000,2
2,4500.0,20,4388F1CF,3BFFF863,00000000,00000000,00000000,00000000,00000000,00000000,00000000,2
2,4500.0,21,4389C98C,3C0A8D82,00000000,00000000,00000000,00000000,00000000,00000000,00000000,2
2,4500.0,22,438A956C,3C151742,00000000,00000000,00000000,00000000,00000000,00000000,00000000,2
2,4500.0,23,438B5637,3C1F8CFE,00000000,00000000,00000000,00000000,00000000,00000000,00000000,2
2,4500.0,24,438C0D3E,3C29F1F7,00000000,00000000,00000000,00000000,00000000,00000000,00000000,2
2,4500.0,25,438CBBA5,3C344AAE,00000000,00000000,00000000,00000000,00000000,00000000,00000000,2
2,4500.0,26,438D626D,3C3E9CC8,00000000,00000000,00000000,00000000,00000000,00000000,00000000,2
2,4500.0,27,438E0285,3C48F03C,00000000,00000000,00000000,00000000,00000000,00000000,00000000,2
2,4500.0,28,438E9CB2,3C534C65,00000000,00000000,00000000,00000000,00000000,00000000,00000000,2
2,4500.0,29,438F318D,3C5DB691,00000000,00000000,00000000,00000000,00000000,00000000,00000000,2
2,4500.0,30,438FC18F,3C6832AF,00000000,00000000,00000000,00000000,00000000,00000000,00000000,2
2,4500.0,31,43904D15,3C72C30D,00000000,00000000,00000000,00000000,00000000,00000000,00000000,2
2,4500.0,32,4390D460,3C7D6802,00000000,00000000,00000000,00000000,00000000,00000000,00000000,2
2,4500.0,33,43915799,3C840FE2,00000000,00000000,00000000,00000000,00000000,00000000,00000000,2
2,4500.0,34,4391D6D3,3C8972E4,00000000,00000000,00000000,00000000,00000000,00000000,00000000,2
2,4500.0,35,43925209,3C8ED97B,00000000,00000000,00000000,00000000,00000000,00000000,00000000,2
2,4500.0,36,4392C920,3C943E56,00000000,00000000,00000000,00000000,00000000,00000000,00000000,2
2,4500.0,37,43933BEA,3C999A87,00000000,00000000,00000000,00000000,00000000,00000000,00000000,2
2,4500.0,38,4393AA20,3C9EE507,00000000,00000000,00000000,00000000,00000000,00000000,00000000,2
2,4500.0,39,43941365,3CA412A0,00000000,00000000,00000000,00000000,00000000,00000000,00000000,2
2,4500.0,40,43947745,3CA915B2,00000000,00000000,00000000,00000000,00000000,00000000,00000000,2
2,4500.0,41,4394D588,3CADE50C,00000000,00000000,00000000,00000000,00000000,00000000,00000000,2
2,4500.0,42,43952E23,3CB27B73,00000000,00000000,00000000,00000000,00000000,00000000,00000000,2
2,4500.0,43,439580B9,3CB6CD21,00000000,00000000,00000000,00000000,00000000,00000000,00000000,2
2,4500.0,44,4395CCB4,3CBAC9AE,00000000,00000000,00000000,00000000,00000000,00000000,00000000,2
2,4500.0,45,4396116A,3CBE5F78,00000000,00000000,00000000,00000000,00000000,00000000,00000000,2
2,4500.0,46,43964E28,3CC17CB2,37E1E800,3F158E39,482DEB1B,3C621224,3783F989,00000000,00000000,2
2,4500.0,47,4396B150,3CC2DB43,00000000,00000000,00000000,00000000,00000000,00000000,00000000,1
2,4500.0,48,43971C61,3CC33D97,00000000,00000000,00000000,00000000,00000000,00000000,00000000,1
2,4500.0,49,43972408,3CC7B8C5,00000000,00000000,00000000,00000000,00000000,00000000,00000000,1
3,4500.0,1,43468000,36F520CD,00000000,00000000,00000000,00000000,00000000,00000000,00000000,0
3,4500.0,2,432C3572,339E8FCF,00000000,00000000,00000000,00000000,00000000,00000000,00000000,0
3,4500.0,3,433CEA62,35BEFB4B,00000000,00000000,00000000,00000000,00000000,00000000,00000000,2
3,4500.0,4,434A060E,372552FE,00000000,00000000,00000000,00000000,00000000,00000000,00000000,2
3,4500.0,5,4354F3D4,3828F14C,00000000,00000000,00000000,00000000,00000000,00000000,00000000,2
3,4500.0,6,435E40BE,38F6F2CD,00000000,00000000,00000000,00000000,00000000,00000000,00000000,2
3,4500.0,7,436637B8,398E883F,00000000,00000000,00000000,00000000,00000000,00000000,00000000,2
3,4500.0,8,436D072A,3A09CA2D,00000000,00000000,00000000,00000000,00000000,00000000,00000000,2
3,4500.0,9,4372D583,3A685863,00000000,00000000,00000000,00000000,00000000,00000000,00000000,2
3,4500.0,10,4377C8BE,3AB0426B,00000000,00000000,00000000,00000000,00000000,00000000,00000000,2
3,4500.0,11,437C0391,3AF6CA72,00000000,00000000,00000000,00000000,00000000,00000000,00000000,2
3,4500.0,12,437FA0DF,3B23202C,00000000,00000000,00000000,00000000,00000000,00000000,00000000,2
3,4500.0,13,43816131,3B4DC1CE,00000000,00000000,00000000,00000000,00000000,00000000,00000000,2
3,4500.0,14,4382C29D,3B79F479,00000000,00000000,00000000,00000000,00000000,00000000,00000000,2
3,4500.0,15,4383FFA4,3B936367,00000000,00000000,00000000,00000000,00000000,00000000,00000000,2
3,4500.0,16,43852075,3BA9CAED,00000000,00000000,00000000,00000000,00000000,00000000,00000000,2
3,4500.0,17,43862B44,3BBFFB57,00000000,00000000,00000000,00000000,00000000,00000000,00000000,2
3,4500.0,18,438724E2,3BD5D14F,00000000,00000000,00000000,00000000,00000000,00000000,00000000,2
3,4500.0,19,438811FC,3BEB5155,00000000,00000000,00000000,00000000,00000000,00000000,00000000,2
3,4500.0,20,4388F593,3C004251,00000000,00000000,00000000,00000000,00000000,00000000,00000000,2
3,4500.0,21,4389CD32,3C0AD610,00000000,00000000,00000000,00000000,00000000,00000000,00000000,2
3,4500.0,22,438A98EF,3C156170,00000000,00000000,00000000,00000000,00000000,00000000,00000000,2
3,4500.0,23,438B5998,3C1FD876,00000000,00000000,00000000,00000000,00000000,00000000,00000000,2
3,4500.0,24,438C107B,3C2A3E24,00000000,00000000,00000000,00000000,00000000,00000000,00000000,2
3,4500.0,25,438CBEBB,3C3496CF,00000000,00000000,00000000,00000000,00000000,00000000,00000000,2
3,4500.0,26,438D6558,3C3EE817,00000000,00000000,00000000,00000000,00000000,00000000,00000000,2
3,4500.0,27,438E0540,3C4939E3,00000000,00000000,00000000,00000000,00000000,00000000,00000000,2
3,4500.0,28,438E9F3B,3C53939D,00000000,00000000,00000000,00000000,00000000,00000000,00000000,2
3,4500.0,29,438F33E0,3C5DFA6D,00000000,00000000,00000000,00000000,00000000,00000000,00000000,2
3,4500.0,30,438FC3A9,3C687266,00000000,00000000,00000000,00000000,00000000,00000000,00000000,2
3,4500.0,31,43904EF2,3C72FDBE,00000000,00000000,00000000,00000000,00000000,00000000,00000000,2
3,4500.0,32,4390D5FE,3C7D9CB7,00000000,00000000,00000000,00000000,00000000,00000000,00000000,2
3,4500.0,33,439158F7,3C8426DF,00000000,00000000,00000000,00000000,00000000,00000000,00000000,2
3,4500.0,34,4391D7EF,3C89863A,00000000,00000000,00000000,00000000,00000000,00000000,00000000,2
3,4500.0,35,439252E4,3C8EE8DC,00000000,00000000,00000000,00000000,00000000,00000000,00000000,2
3,4500.0,36,4392C9BE,3C9449C4,00000000,00000000,00000000,00000000,00000000,00000000,00000000,2
3,4500.0,37,43933C50,3C99A220,00000000,00000000,00000000,00000000,00000000,00000000,00000000,2
3,4500.0,38,4393AA57,3C9EE93B,00000000,00000000,00000000,00000000,00000000,00000000,00000000,2
3,4500.0,39,4394137A,3CA4144C,00000000,00000000,00000000,00000000,00000000,00000000,00000000,2
3,4500.0,40,43947749,3CA915FE,00000000,00000000,00000000,00000000,00000000,00000000,00000000,2
3,4500.0,41,4394D588,3CADE50C,00000000,00000000,00000000,00000000,00000000,00000000,00000000,2
3,4500.0,42,43952E23,3CB27B73,00000000,00000000,00000000,00000000,00000000,00000000,00000000,2
3,4500.0,43,439580B9,3CB6CD21,00000000,00000000,00000000,00000000,00000000,00000000,00000000,2
3,4500.0,44,4395CCB4,3CBAC9AE,00000000,00000000,00000000,00000000,00000000,00000000,00000000,2
3,4500.0,45,4396116A,3CBE5F78,00000000,00000000,00000000,00000000,00000000,00000000,00000000,2
3,4500.0,46,43964E28,3CC17CB2,37E1E800,3F158E39,482DEB1B,3C621224,3783F989,00000000,00000000,2
3,4500.0,47,4396B150,3CC2DB43,00000000,00000000,00000000,00000000,00000000,00000000,00000000,1
3,4500.0,48,43971C61,3CC33D97,00000000,00000000,00000000,00000000,00000000,00000000,00000000,1
3,4500.0,49,43972408,3CC7B8C5,00000000,00000000,00000000,00000000,00000000,00000000,00000000,1
4,4500.0,1,4346CCCC,37003AF3,00000000,00000000,00000000,00000000,00000000,00000000,00000000,0
4,4500.0,2,432D78B2,33CF7524,00000000,00000000,00000000,00000000,00000000,00000000,00000000,0
4,4500.0,3,433E33DC,35EF63AD,00000000,00000000,00000000,00000000,00000000,00000000,00000000,2
4,4500.0,4,434B5176,3749770B,00000000,00000000,00000000,00000000,00000000,00000000,00000000,2
4,4500.0,5,43563DDE,384990E1,00000000,00000000,00000000,00000000,00000000,00000000,00000000,2
4,4500.0,6,435F841A,3910AA0E,00000000,00000000,00000000,00000000,00000000,00000000,00000000,2
4,4500.0,7,43676DDD,39A42A77,00000000,00000000,00000000,00000000,00000000,00000000,00000000,2
4,4500.0,8,436E2A51,3A1C21EF,00000000,00000000,00000000,00000000,00000000,00000000,00000000,2
4,4500.0,9,4373E269,3A81AA1F,00000000,00000000,00000000,00000000,00000000,00000000,00000000,2
4,4500.0,10,4378BEA7,3AC21B51,00000000,00000000,00000000,00000000,00000000,00000000,00000000,2
4,4500.0,11,437CE244,3B067AE5,00000000,00000000,00000000,00000000,00000000,00000000,00000000,2
4,4500.0,12,43803554,3B302B33,00000000,00000000,00000000,00000000,00000000,00000000,00000000,2
4,4500.0,13,4381BDC2,3B5C6E6C,00000000,00000000,00000000,00000000,00000000,00000000,00000000,2
4,4500.0,14,438318B4,3B84FD00,00000000,00000000,00000000,00000000,00000000,00000000,00000000,2
4,4500.0,15,438450C5,3B9BF540,00000000,00000000,00000000,00000000,00000000,00000000,00000000,2
4,4500.0,16,43856DD8,3BB2D480,00000000,00000000,00000000,00000000,00000000,00000000,00000000,2
4,4500.0,17,438675EA,3BC96A0C,00000000,00000000,00000000,00000000,00000000,00000000,00000000,2
4,4500.0,18,43876DA2,3BDF952F,00000000,00000000,00000000,00000000,00000000,00000000,00000000,2
4,4500.0,19,43885A36,3BF57389,00000000,00000000,00000000,00000000,00000000,00000000,00000000,2
4,4500.0,20,43893C58,3C058105,00000000,00000000,00000000,00000000,00000000,00000000,00000000,2
4,4500.0,21,438A122D,3C104A95,00000000,00000000,00000000,00000000,00000000,00000000,00000000,2
4,4500.0,22,438ADBE2,3C1B0011,00000000,00000000,00000000,00000000,00000000,00000000,00000000,2
4,4500.0,23,438B9AC3,3C25A009,00000000,00000000,00000000,00000000,00000000,00000000,00000000,2
4,4500.0,24,438C5016,3C302DF7,00000000,00000000,00000000,00000000,00000000,00000000,00000000,2
4,4500.0,25,438CFCFA,3C3AAEE3,00000000,00000000,00000000,00000000,00000000,00000000,00000000,2
4,4500.0,26,438DA268,3C4528EA,00000000,00000000,00000000,00000000,00000000,00000000,00000000,2
4,4500.0,27,438E414A,3C4FA43E,00000000,00000000,00000000,00000000,00000000,00000000,00000000,2
4,4500.0,28,438EDA64,3C5A28EB,00000000,00000000,00000000,00000000,00000000,00000000,00000000,2
4,4500.0,29,438F6E4A,3C64BC60,00000000,00000000,00000000,00000000,00000000,00000000,00000000,2
4,4500.0,30,438FFD73,3C6F62C6,00000000,00000000,00000000,00000000,00000000,00000000,00000000,2
4,4500.0,31,43908837,3C7A1E70,00000000,00000000,00000000,00000000,00000000,00000000,00000000,2
4,4500.0,32,43910ED6,3C8277E1,00000000,00000000,00000000,00000000,00000000,00000000,00000000,2
4,4500.0,33,43919178,3C87EA7A,00000000,00000000,00000000,00000000,00000000,00000000,00000000,2
4,4500.0,34,4392102B,3C8D64C2,00000000,00000000,00000000,00000000,00000000,00000000,00000000,2
4,4500.0,35,43928AED,3C92E317,00000000,00000000,00000000,00000000,00000000,00000000,00000000,2
4,4500.0,36,439301A0,3C986028,00000000,00000000,00000000,00000000,00000000,00000000,00000000,2
4,4500.0,37,43937416,3C9DD505,00000000,00000000,00000000,00000000,00000000,00000000,00000000,2
4,4500.0,38,4393E20B,3CA338A6,00000000,00000000,00000000,00000000,00000000,00000000,00000000,2
4,4500.0,39,43944B22,3CA87FC6,00000000,00000000,00000000,00000000,00000000,00000000,00000000,2
4,4500.0,40,4394AEE9,3CAD9CB9,00000000,00000000,00000000,00000000,00000000,00000000,00000000,2
4,4500.0,41,43950D21,3CB285C6,00000000,00000000,00000000,00000000,00000000,00000000,00000000,2
4,4500.0,42,439565B3,3CB7349F,00000000,00000000,00000000,00000000,00000000,00000000,00000000,2
4,4500.0,43,4395B83E,3CBB9CC8,00000000,00000000,00000000,00000000,00000000,00000000,00000000,2
4,4500.0,44,43960426,3CBFAD42,00000000,00000000,00000000,00000000,00000000,00000000,00000000,2
4,4500.0,45,439648C3,3CC353D9,00000000,00000000,00000000,00000000,00000000,00000000,00000000,2
4,4500.0,46,4396855D,3CC67E26,00000000,00000000,00000000,00000000,00000000,00000000,00000000,2
4,4500.0,47,4396D76A,3CC854ED,322BCC77,3F08EBA5,481F4CCA,3C564B0A,31B7C585,00000000,00000000,2
4,4500.0,48,439742A5,3CC8B95D,00000000,00000000,00000000,00000000,00000000,00000000,00000000,1
4,4500.0,49,43974A64,3CCD5B59,00000000,00000000,00000000,00000000,00000000,00000000,00000000,1
5,4500.0,1,43470000,3704242C,00000000,00000000,00000000,00000000,00000000,00000000,00000000,0
5,4500.0,2,432D2964,33C24AE0,00000000,00000000,00000000,00000000,00000000,00000000,00000000,0
5,4500.0,3,433DE8EB,35E3766D,00000000,00000000,00000000,00000000,00000000,00000000,00000000,2
5,4500.0,4,434B0913,3740FE45,00000000,00000000,00000000,00000000,00000000,00000000,00000000,2
5,4500.0,5,4355F845,38423C14,00000000,00000000,00000000,00000000,00000000,00000000,00000000,2
5,4500.0,6,435F420A,390C1448,00000000,00000000,00000000,00000000,00000000,00000000,00000000,2
5,4500.0,7,43673053,399FA57A,00000000,00000000,00000000,00000000,00000000,00000000,00000000,2
5,4500.0,8,436DF217,3A186C8D,00000000,00000000,00000000,00000000,00000000,00000000,00000000,2
5,4500.0,9,4373AFBF,3A7E08D9,00000000,00000000,00000000,00000000,00000000,00000000,00000000,2
5,4500.0,10,4378915C,3ABEB325,00000000,00000000,00000000,00000000,00000000,00000000,00000000,2
5,4500.0,11,437CBA1C,3B04694B,00000000,00000000,00000000,00000000,00000000,00000000,00000000,2
5,4500.0,12,43802377,3B2DCA55,00000000,00000000,00000000,00000000,00000000,00000000,00000000,2
5,4500.0,13,4381ADA4,3B59CFA8,00000000,00000000,00000000,00000000,00000000,00000000,00000000,2
5,4500.0,14,438309F2,3B8395B2,00000000,00000000,00000000,00000000,00000000,00000000,00000000,2
5,4500.0,15,43844311,3B9A7B94,00000000,00000000,00000000,00000000,00000000,00000000,00000000,2
5,4500.0,16,438560F4,3BB14CB6,00000000,00000000,00000000,00000000,00000000,00000000,00000000,2
5,4500.0,17,438669A6,3BC7D778,00000000,00000000,00000000,00000000,00000000,00000000,00000000,2
5,4500.0,18,438761D6,3BDDFAA2,00000000,00000000,00000000,00000000,00000000,00000000,00000000,2
5,4500.0,19,43884EA5,3BF3CFA2,00000000,00000000,00000000,00000000,00000000,00000000,00000000,2
5,4500.0,20,43893131,3C04AA38,00000000,00000000,00000000,00000000,00000000,00000000,00000000,2
5,4500.0,21,438A0771,3C0F6E10,00000000,00000000,00000000,00000000,00000000,00000000,00000000,2
5,4500.0,22,438AD195,3C1A1FA6,00000000,00000000,00000000,00000000,00000000,00000000,00000000,2
5,4500.0,23,438B90D5,3C24BB88,00000000,00000000,00000000,00000000,00000000,00000000,00000000,2
5,4500.0,24,438C4679,3C2F453F,00000000,00000000,00000000,00000000,00000000,00000000,00000000,2
5,4500.0,25,438CF3A2,3C39C1CE,00000000,00000000,00000000,00000000,00000000,00000000,00000000,2
5,4500.0,26,438D994C,3C44372F,00000000,00000000,00000000,00000000,00000000,00000000,00000000,2
5,4500.0,27,438E3860,3C4EAD87,00000000,00000000,00000000,00000000,00000000,00000000,00000000,2
5,4500.0,28,438ED1A3,3C592CB9,00000000,00000000,00000000,00000000,00000000,00000000,00000000,2
5,4500.0,29,438F65AA,3C63BA14,00000000,00000000,00000000,00000000,00000000,00000000,00000000,2
5,4500.0,30,438FF4EC,3C6E59AD,00000000,00000000,00000000,00000000,00000000,00000000,00000000,2
5,4500.0,31,43907FC1,3C790DCF,00000000,00000000,00000000,00000000,00000000,00000000,00000000,2
5,4500.0,32,4391066A,3C81EB71,00000000,00000000,00000000,00000000,00000000,00000000,00000000,2
5,4500.0,33,4391890F,3C87598D,00000000,00000000,00000000,00000000,00000000,00000000,00000000,2
5,4500.0,34,439207C2,3C8CCEFF,00000000,00000000,00000000,00000000,00000000,00000000,00000000,2
5,4500.0,35,4392827C,3C92481B,00000000,00000000,00000000,00000000,00000000,00000000,00000000,2
5,4500.0,36,4392F924,3C97BFAB,00000000,00000000,00000000,00000000,00000000,00000000,00000000,2
5,4500.0,37,43936B8B,3C9D2EB2,00000000,00000000,00000000,00000000,00000000,00000000,00000000,2
5,4500.0,38,4393D96D,3CA28C30,00000000,00000000,00000000,00000000,00000000,00000000,00000000,2
5,4500.0,39,4394426E,3CA7CD05,00000000,00000000,00000000,00000000,00000000,00000000,00000000,2
5,4500.0,40,4394A61C,3CACE398,00000000,00000000,00000000,00000000,00000000,00000000,00000000,2
5,4500.0,41,4395043A,3CB1C641,00000000,00000000,00000000,00000000,00000000,00000000,00000000,2
5,4500.0,42,43955CB4,3CB66EE3,00000000,00000000,00000000,00000000,00000000,00000000,00000000,2
5,4500.0,43,4395AF28,3CBAD159,00000000,00000000,00000000,00000000,00000000,00000000,00000000,2
5,4500.0,44,4395FB01,3CBEDCD6,00000000,00000000,00000000,00000000,00000000,00000000,00000000,2
5,4500.0,45,43963F93,3CC27F4B,00000000,00000000,00000000,00000000,00000000,00000000,00000000,2
5,4500.0,46,43967C5C,3CC5A52C,322BCC77,3F158E39,482E20E1,3C66EDE0,31C8BAE6,00000000,00000000,2
5,4500.0,47,4396F0E7,3CC69726,00000000,00000000,00000000,00000000,00000000,00000000,00000000,1
5,4500.0,48,43975C2F,3CC6FAE8,00000000,00000000,00000000,00000000,00000000,00000000,00000000,1
5,4500.0,49,439763FA,3CCB8E9B,00000000,00000000,00000000,00000000,00000000,00000000,00000000,1
6,4500.0,1,435D4000,391DF558,00000000,00000000,00000000,00000000,00000000,00000000,00000000,0
6,4500.0,2,4368B412,3A59B75E,00000000,00000000,00000000,00000000,00000000,00000000,00000000,0
6,4500.0,3,433B0EB3,35890B11,00000000,00000000,00000000,00000000,00000000,00000000,00000000,0
6,4500.0,4,43494F19,37140FD1,00000000,00000000,00000000,00000000,00000000,00000000,00000000,2
6,4500.0,5,4354C762,3824F1FB,00000000,00000000,00000000,00000000,00000000,00000000,00000000,2
6,4500.0,6,435E40BE,38F6F2CD,00000000,00000000,00000000,00000000,00000000,00000000,00000000,2
6,4500.0,7,436637B8,398E883F,00000000,00000000,00000000,00000000,00000000,00000000,00000000,2
6,4500.0,8,436D072A,3A09CA2D,00000000,00000000,00000000,00000000,00000000,00000000,00000000,2
6,4500.0,9,4372D583,3A685863,00000000,00000000,00000000,00000000,00000000,00000000,00000000,2
6,4500.0,10,4377C8BE,3AB0426B,00000000,00000000,00000000,00000000,00000000,00000000,00000000,2
6,4500.0,11,437C0391,3AF6CA72,00000000,00000000,00000000,00000000,00000000,00000000,00000000,2
6,4500.0,12,437FA0DF,3B23202C,00000000,00000000,00000000,00000000,00000000,00000000,00000000,2
6,4500.0,13,43816131,3B4DC1CE,00000000,00000000,00000000,00000000,00000000,00000000,00000000,2
6,4500.0,14,4382C29D,3B79F479,00000000,00000000,00000000,00000000,00000000,00000000,00000000,2
6,4500.0,15,4383FFA4,3B936367,00000000,00000000,00000000,00000000,00000000,00000000,00000000,2
6,4500.0,16,43852075,3BA9CAED,00000000,00000000,00000000,00000000,00000000,00000000,00000000,2
6,4500.0,17,43862B44,3BBFFB57,00000000,00000000,00000000,00000000,00000000,00000000,00000000,2
6,4500.0,18,438724E2,3BD5D14F,00000000,00000000,00000000,00000000,00000000,00000000,00000000,2
6,4500.0,19,438811FC,3BEB5155,00000000,00000000,00000000,00000000,00000000,00000000,00000000,2
6,4500.0,20,4388F593,3C004251,00000000,00000000,00000000,00000000,00000000,00000000,00000000,2
6,4500.0,21,4389CD32,3C0AD610,00000000,00000000,00000000,00000000,00000000,00000000,00000000,2
6,4500.0,22,438A98EF,3C156170,00000000,00000000,00000000,00000000,00000000,00000000,00000000,2
6,4500.0,23,438B5998,3C1FD876,00000000,00000000,00000000,00000000,00000000,00000000,00000000,2
6,4500.0,24,438C107B,3C2A3E24,00000000,00000000,00000000,00000000,00000000,00000000,00000000,2
6,4500.0,25,438CBEBB,3C3496CF,00000000,00000000,00000000,00000000,00000000,00000000,00000000,2
6,4500.0,26,438D6558,3C3EE817,00000000,00000000,00000000,00000000,00000000,00000000,00000000,2
6,4500.0,27,438E0540,3C4939E3,00000000,00000000,00000000,00000000,00000000,00000000,00000000,2
6,4500.0,28,438E9F3B,3C53939D,00000000,00000000,00000000,00000000,00000000,00000000,00000000,2
6,4500.0,29,438F33E0,3C5DFA6D,00000000,00000000,00000000,00000000,00000000,00000000,00000000,2
6,4500.0,30,438FC3A9,3C687266,00000000,00000000,00000000,00000000,00000000,00000000,00000000,2
6,4500.0,31,43904EF2,3C72FDBE,00000000,00000000,00000000,00000000,00000000,00000000,00000000,2
6,4500.0,32,4390D5FE,3C7D9CB7,00000000,00000000,00000000,00000000,00000000,00000000,00000000,2
6,4500.0,33,439158F7,3C8426DF,00000000,00000000,00000000,00000000,00000000,00000000,00000000,2
6,4500.0,34,4391D7EF,3C89863A,00000000,00000000,00000000,00000000,00000000,00000000,00000000,2
6,4500.0,35,439252E4,3C8EE8DC,00000000,00000000,00000000,00000000,00000000,00000000,00000000,2
6,4500.0,36,4392C9BE,3C9449C4,00000000,00000000,00000000,00000000,00000000,00000000,00000000,2
6,4500.0,37,43933C50,3C99A220,00000000,00000000,00000000,00000000,00000000,00000000,00000000,2
6,4500.0,38,4393AA57,3C9EE93B,00000000,00000000,00000000,00000000,00000000,00000000,00000000,2
6,4500.0,39,4394137A,3CA4144C,00000000,00000000,00000000,00000000,00000000,00000000,00000000,2
6,4500.0,40,43947749,3CA915FE,00000000,00000000,00000000,00000000,00000000,00000000,00000000,2
6,4500.0,41,4394D588,3CADE50C,00000000,00000000,00000000,00000000,00000000,00000000,00000000,2
6,4500.0,42,43952E23,3CB27B73,00000000,00000000,00000000,00000000,00000000,00000000,00000000,2
6,4500.0,43,439580B9,3CB6CD21,00000000,00000000,00000000,00000000,00000000,00000000,00000000,2
6,4500.0,44,4395CCB4,3CBAC9AE,00000000,00000000,00000000,00000000,00000000,00000000,00000000,2
6,4500.0,45,4396116A,3CBE5F78,00000000,00000000,00000000,00000000,00000000,00000000,00000000,2
6,4500.0,46,43964E28,3CC17CB2,37E1E800,3F158E39,482DEB1B,3C621224,3783F989,00000000,00000000,2
6,4500.0,47,4396B150,3CC2DB43,00000000,00000000,00000000,00000000,00000000,00000000,00000000,1
6,4500.0,48,43971C61,3CC33D97,00000000,00000000,00000000,00000000,00000000,00000000,00000000,1
6,4500.0,49,43972408,3CC7B8C5,00000000,00000000,00000000,00000000,00000000,00000000,00000000,1
7,4500.0,1,4346999A,36F8DA87,00000000,00000000,00000000,00000000,00000000,00000000,00000000,0
7,4500.0,2,432C8F3D,33AAEC90,00000000,00000000,00000000,00000000,00000000,00000000,00000000,0
7,4500.0,3,433D4645,35CB7790,00000000,00000000,00000000,00000000,00000000,00000000,00000000,2
7,4500.0,4,434A62AC,372EC31C,00000000,00000000,00000000,00000000,00000000,00000000,00000000,2
7,4500.0,5,43555044,38318BD9,00000000,00000000,00000000,00000000,00000000,00000000,00000000,2
7,4500.0,6,435E9B8B,39011D24,00000000,00000000,00000000,00000000,00000000,00000000,00000000,2
7,4500.0,7,43668F11,39945793,00000000,00000000,00000000,00000000,00000000,00000000,00000000,2
7,4500.0,8,436D596A,3A0EC25A,00000000,00000000,00000000,00000000,00000000,00000000,00000000,2
7,4500.0,9,437321AB,3A6FB678,00000000,00000000,00000000,00000000,00000000,00000000,00000000,2
7,4500.0,10,43780E8B,3AB52A6F,00000000,00000000,00000000,00000000,00000000,00000000,00000000,2
7,4500.0,11,437C42EC,3AFCE84F,00000000,00000000,00000000,00000000,00000000,00000000,00000000,2
7,4500.0,12,437FDA4D,3B26BE09,00000000,00000000,00000000,00000000,00000000,00000000,00000000,2
7,4500.0,13,43817B8A,3B51D77D,00000000,00000000,00000000,00000000,00000000,00000000,00000000,2
7,4500.0,14,4382DB1C,3B7E6D43,00000000,00000000,00000000,00000000,00000000,00000000,00000000,2
7,4500.0,15,438416B8,3B95C90C,00000000,00000000,00000000,00000000,00000000,00000000,00000000,2
7,4500.0,16,43853677,3BAC534C,00000000,00000000,00000000,00000000,00000000,00000000,00000000,2
7,4500.0,17,4386407D,3BC2A11C,00000000,00000000,00000000,00000000,00000000,00000000,00000000,2
7,4500.0,18,4387398E,3BD88FED,00000000,00000000,00000000,00000000,00000000,00000000,00000000,2
7,4500.0,19,4388267E,3BEE2B1B,00000000,00000000,00000000,00000000,00000000,00000000,00000000,2
7,4500.0,20,438909B6,3C01BB84,00000000,00000000,00000000,00000000,00000000,00000000,00000000,2
7,4500.0,21,4389E0D0,3C0C5E55,00000000,00000000,00000000,00000000,00000000,00000000,00000000,2
7,4500.0,22,438AABF4,3C16F55E,00000000,00000000,00000000,00000000,00000000,00000000,00000000,2
7,4500.0,23,438B6C14,3C21775B,00000000,00000000,00000000,00000000,00000000,00000000,00000000,2
7,4500.0,24,438C2279,3C2BE750,00000000,00000000,00000000,00000000,00000000,00000000,00000000,2
7,4500.0,25,438CD042,3C364979,00000000,00000000,00000000,00000000,00000000,00000000,00000000,2
7,4500.0,26,438D766E,3C40A36F,00000000,00000000,00000000,00000000,00000000,00000000,00000000,2
7,4500.0,27,438E15EB,3C4AFD46,00000000,00000000,00000000,00000000,00000000,00000000,00000000,2
7,4500.0,28,438EAF80,3C555E85,00000000,00000000,00000000,00000000,00000000,00000000,00000000,2
7,4500.0,29,438F43C3,3C5FCC5E,00000000,00000000,00000000,00000000,00000000,00000000,00000000,2
7,4500.0,30,438FD32C,3C6A4AAE,00000000,00000000,00000000,00000000,00000000,00000000,00000000,2
7,4500.0,31,43905E19,3C74DBDA,00000000,00000000,00000000,00000000,00000000,00000000,00000000,2
7,4500.0,32,4390E4CB,3C7F806E,00000000,00000000,00000000,00000000,00000000,00000000,00000000,2
7,4500.0,33,4391676D,3C851B40,00000000,00000000,00000000,00000000,00000000,00000000,00000000,2
7,4500.0,34,4391E613,3C8A7CFF,00000000,00000000,00000000,00000000,00000000,00000000,00000000,2
7,4500.0,35,439260BA,3C8FE1F2,00000000,00000000,00000000,00000000,00000000,00000000,00000000,2
7,4500.0,36,4392D74B,3C954527,00000000,00000000,00000000,00000000,00000000,00000000,00000000,2
7,4500.0,37,4393499C,3C9AA00F,00000000,00000000,00000000,00000000,00000000,00000000,00000000,2
7,4500.0,38,4393B76D,3C9FEA1B,00000000,00000000,00000000,00000000,00000000,00000000,00000000,2
7,4500.0,39,43942068,3CA518C2,00000000,00000000,00000000,00000000,00000000,00000000,00000000,2
7,4500.0,40,43948420,3CAA1F18,00000000,00000000,00000000,00000000,00000000,00000000,00000000,2
7,4500.0,41,4394E257,3CAEF384,00000000,00000000,00000000,00000000,00000000,00000000,00000000,2
7,4500.0,42,43953AED,3CB38F3A,00000000,00000000,00000000,00000000,00000000,00000000,00000000,2
7,4500.0,43,43958D7D,3CB7E5CB,00000000,00000000,00000000,00000000,00000000,00000000,00000000,2
7,4500.0,44,4395D970,3CBBE6B1,00000000,00000000,00000000,00000000,00000000,00000000,00000000,2
7,4500.0,45,43961E1F,3CBF802C,00000000,00000000,00000000,00000000,00000000,00000000,00000000,2
7,4500.0,46,43965AD4,3CC2A045,37E21200,3F158E39,482DF9CF,3C6366D1,37841212,00000000,00000000,2
7,4500.0,47,4396BE05,3CC40048,00000000,00000000,00000000,00000000,00000000,00000000,00000000,1
7,4500.0,48,43972923,3CC4630E,00000000,00000000,00000000,00000000,00000000,00000000,00000000,1
7,4500.0,49,439730D2,3CC8E610,00000000,00000000,00000000,00000000,00000000,00000000,00000000,1
8,4500.0,1,434B8000,377F123A,00000000,00000000,00000000,00000000,00000000,00000000,00000000,0
8,4500.0,2,43578CD5,38DE453B,00000000,00000000,00000000,00000000,00000000,00000000,00000000,0
8,4500.0,3,4353F754,38406C2D,00000000,00000000,00000000,00000000,00000000,00000000,00000000,0
8,4500.0,4,4355B454,383816D2,00000000,00000000,00000000,00000000,00000000,00000000,00000000,0
8,4500.0,5,435C08C3,38A4B3A0,00000000,00000000,00000000,00000000,00000000,00000000,00000000,0
8,4500.0,6,4361A805,3904E334,00000000,00000000,00000000,00000000,00000000,00000000,00000000,0
8,4500.0,7,4366B43B,394650F8,00000000,00000000,00000000,00000000,00000000,00000000,00000000,0
8,4500.0,8,436B482A,398B5C64,00000000,00000000,00000000,00000000,00000000,00000000,00000000,0
8,4500.0,9,436F7885,39BAE65F,00000000,00000000,00000000,00000000,00000000,00000000,00000000,0
8,4500.0,10,4373556C,39F1874A,00000000,00000000,00000000,00000000,00000000,00000000,00000000,0
8,4500.0,11,4376EB97,3A1E6722,00000000,00000000,00000000,00000000,00000000,00000000,00000000,0
8,4500.0,12,437A4519,3A51FF84,00000000,00000000,00000000,00000000,00000000,00000000,00000000,0
8,4500.0,13,437D6750,3A88724B,00000000,00000000,00000000,00000000,00000000,00000000,00000000,0
8,4500.0,14,43802DEB,3AAD6631,00000000,00000000,00000000,00000000,00000000,00000000,00000000,0
8,4500.0,15,438194B1,3AD7E5C2,00000000,00000000,00000000,00000000,00000000,00000000,00000000,0
8,4500.0,16,4382EA17,3B041B92,00000000,00000000,00000000,00000000,00000000,00000000,00000000,0
8,4500.0,17,43842FC3,3B1F4C80,00000000,00000000,00000000,00000000,00000000,00000000,00000000,0
8,4500.0,18,43856705,3B3D9E8B,00000000,00000000,00000000,00000000,00000000,00000000,00000000,0
8,4500.0,19,43869106,3B5F23F3,00000000,00000000,00000000,00000000,00000000,00000000,00000000,0
8,4500.0,20,4387AEBE,3B81F2CD,00000000,00000000,00000000,00000000,00000000,00000000,00000000,0
8,4500.0,21,4388C066,3B95E07A,00000000,00000000,00000000,00000000,00000000,00000000,00000000,0
8,4500.0,22,4389C3F1,3BABA70F,00000000,00000000,00000000,00000000,00000000,00000000,00000000,0
8,4500.0,23,438ABCBC,3BC31C86,00000000,00000000,00000000,00000000,00000000,00000000,00000000,0
8,4500.0,24,438BABA2,3BDC341F,00000000,00000000,00000000,00000000,00000000,00000000,00000000,0
8,4500.0,25,438C9139,3BF6E4A7,00000000,00000000,00000000,00000000,00000000,00000000,00000000,0
8,4500.0,26,438D6DFB,3C082234,00000000,00000000,00000000,00000000,00000000,00000000,00000000,0
8,4500.0,27,438E4259,3C135B9E,00000000,00000000,00000000,00000000,00000000,00000000,00000000,0
8,4500.0,28,438F0EBB,3C1EDFEE,00000000,00000000,00000000,00000000,00000000,00000000,00000000,0
8,4500.0,29,438FD378,3C2AA7EC,00000000,00000000,00000000,00000000,00000000,00000000,00000000,0
8,4500.0,30,439090E6,3C36AC5C,00000000,00000000,00000000,00000000,00000000,00000000,00000000,0
8,4500.0,31,43914748,3C42E53D,00000000,00000000,00000000,00000000,00000000,00000000,00000000,0
8,4500.0,32,4391F6DF,3C4F4ABA,00000000,00000000,00000000,00000000,00000000,00000000,00000000,0
8,4500.0,33,43929FE1,3C5BD465,00000000,00000000,00000000,00000000,00000000,00000000,00000000,0
8,4500.0,34,4393427C,3C68796D,00000000,00000000,00000000,00000000,00000000,00000000,00000000,0
8,4500.0,35,43912260,3C4ACD31,00000000,3BB211F3,44D28309,388D10E4,00000000,00000000,00000000,1
8,4500.0,36,4391B31F,3C594238,00000000,3BA4EB32,44C29240,388BF606,00000000,00000000,00000000,1
8,4500.0,37,43923DF1,3C67EC7A,00000000,3B9799FB,44B28321,388957FC,00000000,00000000,00000000,1
8,4500.0,38,4392C2E3,3C76BD05,00000000,3B8A31EB,44A26BFF,38853201,00000000,00000000,00000000,1
8,4500.0,39,439341FD,3C82D1D4,00000000,3B798CAE,449262B6,387F0BF6,00000000,00000000,00000000,1
8,4500.0,40,4393BB35,3C8A4725,00000000,3B5ED50C,44827CE9,3870B98C,00000000,00000000,00000000,1
8,4500.0,41,43942E7A,3C9083DF,00000000,3B4468B2,4465A655,385DC022,00000000,00000000,00000000,1
8,4500.0,42,43949BAA,3C9628FD,00000000,3B2A6BDC,4446F30A,3847ECF8,00000000,00000000,00000000,1
8,4500.0,43,43950290,3C9BA7BE,00000000,3B110647,44290BE6,38305BA7,00000000,00000000,00000000,1
8,4500.0,44,439562E7,3CA0F6A3,00000000,3AF0C9A2,440C22AD,38176600,00000000,00000000,00000000,1
8,4500.0,45,4395908F,3CA72989,00000000,00000000,00000000,00000000,00000000,00000000,00000000,0
8,4500.0,46,4395E569,3CABDDD9,00000000,00000000,00000000,00000000,00000000,00000000,00000000,0
8,4500.0,47,43963206,3CB031B6,00000000,00000000,00000000,00000000,00000000,00000000,00000000,0
8,4500.0,48,43969592,3CB32FE1,00000000,00000000,00000000,00000000,00000000,00000000,00000000,0
8,4500.0,49,4396D247,00000000,00000000,00000000,00000000,00000000,00000000,00000000,00000000,0
9,4500.0,1,434D8000,3792778A,00000000,00000000,00000000,00000000,00000000,00000000,00000000,0
9,4500.0,2,435997E2,390E4536,00000000,00000000,00000000,00000000,00000000,00000000,00000000,0
9,4500.0,3,435604D3,387594EC,00000000,00000000,00000000,00000000,00000000,00000000,00000000,0
9,4500.0,4,4357099E,38523586,00000000,00000000,00000000,00000000,00000000,00000000,00000000,0
9,4500.0,5,435D662C,38B8BD6E,00000000,00000000,00000000,00000000,00000000,00000000,00000000,0
9,4500.0,6,43630C2F,3912BF0B,00000000,00000000,00000000,00000000,00000000,00000000,00000000,0
9,4500.0,7,43681E37,3957F750,00000000,00000000,00000000,00000000,00000000,00000000,00000000,0
9,4500.0,8,436CB767,3995DCDC,00000000,00000000,00000000,00000000,00000000,00000000,00000000,0
9,4500.0,9,4370ECC0,39C6B281,00000000,00000000,00000000,00000000,00000000,00000000,00000000,0
9,4500.0,10,4374CE95,39FE20E0,00000000,00000000,00000000,00000000,00000000,00000000,00000000,0
9,4500.0,11,437869BC,3A24215F,00000000,00000000,00000000,00000000,00000000,00000000,00000000,0
9,4500.0,12,437BC783,3A5A2CB4,00000000,00000000,00000000,00000000,00000000,00000000,00000000,0
9,4500.0,13,437EEE37,3A8E1F4E,00000000,00000000,00000000,00000000,00000000,00000000,00000000,0
9,4500.0,14,4380F476,3AB4C1A1,00000000,00000000,00000000,00000000,00000000,00000000,00000000,0
9,4500.0,15,43825E73,3AE15222,00000000,00000000,00000000,00000000,00000000,00000000,00000000,0
9,4500.0,16,4383B719,3B0A12A4,00000000,00000000,00000000,00000000,00000000,00000000,00000000,0
9,4500.0,17,4384FFF8,3B26C207,00000000,00000000,00000000,00000000,00000000,00000000,00000000,0
9,4500.0,18,43863A60,3B46D389,00000000,00000000,00000000,00000000,00000000,00000000,00000000,0
9,4500.0,19,43876773,3B6A59A8,00000000,00000000,00000000,00000000,00000000,00000000,00000000,0
9,4500.0,20,438887D2,3B88A04A,00000000,00000000,00000000,00000000,00000000,00000000,00000000,0
9,4500.0,21,43899949,3B9DFC56,00000000,00000000,00000000,00000000,00000000,00000000,00000000,0
9,4500.0,22,438A9E9B,3BB53E02,00000000,00000000,00000000,00000000,00000000,00000000,00000000,0
9,4500.0,23,438B9955,3BCE4C52,00000000,00000000,00000000,00000000,00000000,00000000,00000000,0
9,4500.0,24,438C8A17,3BE91FD6,00000000,00000000,00000000,00000000,00000000,00000000,00000000,0
9,4500.0,25,438D7175,3C02D75A,00000000,00000000,00000000,00000000,00000000,00000000,00000000,0
9,4500.0,26,438E4FF0,3C10CEA5,00000000,00000000,00000000,00000000,00000000,00000000,00000000,0
9,4500.0,27,438F25F3,3C1CA4F5,00000000,00000000,00000000,00000000,00000000,00000000,00000000,0
9,4500.0,28,438FF3E9,3C28C8E4,00000000,00000000,00000000,00000000,00000000,00000000,00000000,0
9,4500.0,29,4390BA2C,3C35332C,00000000,00000000,00000000,00000000,00000000,00000000,00000000,0
9,4500.0,30,4391790E,3C41DC02,00000000,00000000,00000000,00000000,00000000,00000000,00000000,0
9,4500.0,31,439230D6,3C4EBB19,00000000,00000000,00000000,00000000,00000000,00000000,00000000,0
9,4500.0,32,4392E1C6,3C5BC850,00000000,00000000,00000000,00000000,00000000,00000000,00000000,0
9,4500.0,33,43938C14,3C68FADB,00000000,00000000,00000000,00000000,00000000,00000000,00000000,0
9,4500.0,34,43942FEF,3C76499B,00000000,00000000,00000000,00000000,00000000,00000000,00000000,0
9,4500.0,35,4394CD80,3C81D587,00000000,00000000,00000000,00000000,00000000,00000000,00000000,0
9,4500.0,36,439564E5,3C888A76,00000000,00000000,00000000,00000000,00000000,00000000,00000000,0
9,4500.0,37,4395F638,3C8F3E70,00000000,00000000,00000000,00000000,00000000,00000000,00000000,0
9,4500.0,38,43968188,3C95EB85,00000000,00000000,00000000,00000000,00000000,00000000,00000000,0
9,4500.0,39,439341FC,3C827507,00000000,3B798E49,449263A6,387E58AC,00000000,00000000,00000000,1
9,4500.0,40,4393BB35,3C8A31FA,00000000,3B5ED563,44827D1C,38709510,00000000,00000000,00000000,1
9,4500.0,41,43942E7A,3C9083DF,00000000,3B4468B2,4465A655,385DC022,00000000,00000000,00000000,1
9,4500.0,42,43949BAA,3C9628FD,00000000,3B2A6BDC,4446F30A,3847ECF8,00000000,00000000,00000000,1
9,4500.0,43,43950290,3C9BA7BE,00000000,3B110647,44290BE6,38305BA7,00000000,00000000,00000000,1
9,4500.0,44,439562E7,3CA0F6A3,00000000,3AF0C9A2,440C22AD,38176600,00000000,00000000,00000000,1
9,4500.0,45,4395908F,3CA72989,00000000,00000000,00000000,00000000,00000000,00000000,00000000,0
9,4500.0,46,4395E569,3CABDDD9,00000000,00000000,00000000,00000000,00000000,00000000,00000000,0
9,4500.0,47,43963206,3CB031B6,00000000,00000000,00000000,00000000,00000000,00000000,00000000,0
9,4500.0,48,43969592,3CB32FE1,00000000,00000000,00000000,00000000,00000000,00000000,00000000,0
9,4500.0,49,4396CE01,00000000,00000000,00000000,00000000,00000000,00000000,00000000,00000000,0
10,4500.0,1,434E0000,37B52427,00000000,00000000,00000000,00000000,00000000,00000000,00000000,0
10,4500.0,2,435A19E4,391AE34B,00000000,00000000,00000000,00000000,00000000,00000000,00000000,0
10,4500.0,3,435687E1,3887AB9C,00000000,00000000,00000000,00000000,00000000,00000000,00000000,0
10,4500.0,4,43576B31,38669395,00000000,00000000,00000000,00000000,00000000,00000000,00000000,0
10,4500.0,5,435DCA06,38CC0F86,00000000,00000000,00000000,00000000,00000000,00000000,00000000,0
10,4500.0,6,436371F3,39230D28,00000000,00000000,00000000,00000000,00000000,00000000,00000000,0
10,4500.0,7,436885A2,397136B2,00000000,00000000,00000000,00000000,00000000,00000000,00000000,0
10,4500.0,8,436D205A,39A82ED0,00000000,00000000,00000000,00000000,00000000,00000000,00000000,0
10,4500.0,9,43715728,39DFFDA5,00000000,00000000,00000000,00000000,00000000,00000000,00000000,0
10,4500.0,10,43753A77,3A0FDBA4,00000000,00000000,00000000,00000000,00000000,00000000,00000000,0
10,4500.0,11,4378D71D,3A38D670,00000000,00000000,00000000,00000000,00000000,00000000,00000000,0
10,4500.0,12,437C35EB,3A724D17,00000000,00000000,00000000,00000000,00000000,00000000,00000000,0
10,4500.0,13,437F5E5C,3A9BACB3,00000000,00000000,00000000,00000000,00000000,00000000,00000000,0
10,4500.0,14,43812D7B,3AC39A94,00000000,00000000,00000000,00000000,00000000,00000000,00000000,0
10,4500.0,15,43829877,3AF13E29,00000000,00000000,00000000,00000000,00000000,00000000,00000000,0
10,4500.0,16,4383F216,3B127036,00000000,00000000,00000000,00000000,00000000,00000000,00000000,0
10,4500.0,17,43853BEB,3B2F6040,00000000,00000000,00000000,00000000,00000000,00000000,00000000,0
10,4500.0,18,43867744,3B4F868F,00000000,00000000,00000000,00000000,00000000,00000000,00000000,0
10,4500.0,19,4387A543,3B72F0E8,00000000,00000000,00000000,00000000,00000000,00000000,00000000,0
10,4500.0,20,4388C621,3B8CBC95,00000000,00000000,00000000,00000000,00000000,00000000,00000000,0
10,4500.0,21,4389D7A1,3BA1E90F,00000000,00000000,00000000,00000000,00000000,00000000,00000000,0
10,4500.0,22,438ADD8A,3BB8D02B,00000000,00000000,00000000,00000000,00000000,00000000,00000000,0
10,4500.0,23,438BD8D1,3BD166B8,00000000,00000000,00000000,00000000,00000000,00000000,00000000,0
10,4500.0,24,438CCA1A,3BEBA4C7,00000000,00000000,00000000,00000000,00000000,00000000,00000000,0
10,4500.0,25,438DB1FA,3C03BFFF,00000000,00000000,00000000,00000000,00000000,00000000,00000000,0
10,4500.0,26,438E90ED,3C116B5A,00000000,00000000,00000000,00000000,00000000,00000000,00000000,0
10,4500.0,27,438F6766,3C1D4560,00000000,00000000,00000000,00000000,00000000,00000000,00000000,0
10,4500.0,28,439035CC,3C296D01,00000000,00000000,00000000,00000000,00000000,00000000,00000000,0
10,4500.0,29,4390FC79,3C35DA8E,00000000,00000000,00000000,00000000,00000000,00000000,00000000,0
10,4500.0,30,4391BBC1,3C428677,00000000,00000000,00000000,00000000,00000000,00000000,00000000,0
10,4500.0,31,439273EC,3C4F68AB,00000000,00000000,00000000,00000000,00000000,00000000,00000000,0
10,4500.0,32,4390A67E,3C3A7447,00000000,00000000,00000000,00000000,00000000,00000000,00000000,0
10,4500.0,33,43914DA4,3C498908,00000000,00000000,00000000,00000000,00000000,00000000,00000000,0
10,4500.0,34,4391EE7F,3C590141,00000000,00000000,00000000,00000000,00000000,00000000,00000000,0
10,4500.0,35,43928931,3C68CFC5,00000000,00000000,00000000,00000000,00000000,00000000,00000000,0
10,4500.0,36,43936237,3C756296,00000000,3BA4E4A3,44C4CE12,389E0E50,00000000,00000000,00000000,1
10,4500.0,37,4393EECE,3C82E757,00000000,3B97968A,44B492C1,389B06DD,00000000,00000000,00000000,1
10,4500.0,38,43947575,3C8B31D9,00000000,3B8A3097,44A44E22,38964695,00000000,00000000,00000000,1
10,4500.0,39,4394F632,3C9387F2,00000000,3B798C99,4494168C,388FD041,00000000,00000000,00000000,1
10,4500.0,40,439570FE,3C9BDF72,00000000,3B5ED649,4484021F,3887AE3E,00000000,00000000,00000000,1
10,4500.0,41,4395E5C4,3CA2FF04,00000000,3B446A46,446853C5,387A1DD2,00000000,00000000,00000000,1
10,4500.0,42,43965461,3CA9475A,00000000,3B2A6DFC,4449459F,38616438,00000000,00000000,00000000,1
10,4500.0,43,4396BCA5,3CAF64A7,00000000,3B11086D,442B056F,3846BB91,00000000,00000000,00000000,1
10,4500.0,44,43971E41,3CB54C2A,00000000,3AF0CD59,440DC5C3,382A88D4,00000000,00000000,00000000,1
10,4500.0,45,43974ADC,3CBC1F6F,00000000,00000000,00000000,00000000,00000000,00000000,00000000,0
10,4500.0,46,4397A0FE,3CC15B85,00000000,00000000,00000000,00000000,00000000,00000000,00000000,0
10,4500.0,47,4397EEC8,3CC62C4B,00000000,00000000,00000000,00000000,00000000,00000000,00000000,0
10,4500.0,48,439854FF,3CC98ED0,00000000,00000000,00000000,00000000,00000000,00000000,00000000,0
10,4500.0,49,4398BFA8,00000000,00000000,00000000,00000000,00000000,00000000,00000000,00000000,0
11,4500.0,1,43518000,37919F22,00000000,00000000,00000000,00000000,00000000,00000000,00000000,0
11,4500.0,2,435D9DD7,395EF9EB,00000000,00000000,00000000,00000000,00000000,00000000,00000000,0
11,4500.0,3,435A18B4,38BDBA33,00000000,00000000,00000000,00000000,00000000,00000000,00000000,0
11,4500.0,4,4359EF62,388620BE,00000000,00000000,00000000,00000000,00000000,00000000,00000000,0
11,4500.0,5,43605CA1,38E01479,00000000,00000000,00000000,00000000,00000000,00000000,00000000,0
11,4500.0,6,4366107D,392A0010,00000000,00000000,00000000,00000000,00000000,00000000,00000000,0
11,4500.0,7,436B2E9C,396FCD7A,00000000,00000000,00000000,00000000,00000000,00000000,00000000,0
11,4500.0,8,436FD30A,399FF435,00000000,00000000,00000000,00000000,00000000,00000000,00000000,0
11,4500.0,9,4374136B,39CC6508,00000000,00000000,00000000,00000000,00000000,00000000,00000000,0
11,4500.0,10,43780079,39FC9AE8,00000000,00000000,00000000,00000000,00000000,00000000,00000000,0
11,4500.0,11,437BA67A,3A1AFBA8,00000000,00000000,00000000,00000000,00000000,00000000,00000000,0
11,4500.0,12,437F0D00,3A455A5C,00000000,00000000,00000000,00000000,00000000,00000000,00000000,0
11,4500.0,13,438120F0,3A75F013,00000000,00000000,00000000,00000000,00000000,00000000,00000000,0
11,4500.0,14,4382A5C0,3A969A66,00000000,00000000,00000000,00000000,00000000,00000000,00000000,0
11,4500.0,15,43841746,3AB5DD79,00000000,00000000,00000000,00000000,00000000,00000000,00000000,0
11,4500.0,16,43857750,3AD90544,00000000,00000000,00000000,00000000,00000000,00000000,00000000,0
11,4500.0,17,4386C763,3B002344,00000000,00000000,00000000,00000000,00000000,00000000,00000000,0
11,4500.0,18,438808CC,3B15E12A,00000000,00000000,00000000,00000000,00000000,00000000,00000000,0
11,4500.0,19,438939FB,3B2DA988,00000000,00000000,00000000,00000000,00000000,00000000,00000000,0
11,4500.0,20,438A5B59,3B4842C2,00000000,00000000,00000000,00000000,00000000,00000000,00000000,0
11,4500.0,21,438B704B,3B653B04,00000000,00000000,00000000,00000000,00000000,00000000,00000000,0
11,4500.0,22,438C79A9,3B824844,00000000,00000000,00000000,00000000,00000000,00000000,00000000,0
11,4500.0,23,438D7830,3B931EAD,00000000,00000000,00000000,00000000,00000000,00000000,00000000,0
11,4500.0,24,438E6C87,3BA51BBC,00000000,00000000,00000000,00000000,00000000,00000000,00000000,0
11,4500.0,25,438F5745,3BB83916,00000000,00000000,00000000,00000000,00000000,00000000,00000000,0
11,4500.0,26,439038EC,3BCB512F,00000000,00000000,00000000,00000000,00000000,00000000,00000000,0
11,4500.0,27,439111EF,3BDB3964,00000000,00000000,00000000,00000000,00000000,00000000,00000000,0
11,4500.0,28,4391E2B9,3BEB87D4,00000000,00000000,00000000,00000000,00000000,00000000,00000000,0
11,4500.0,29,4392ABA5,3BFC3287,00000000,00000000,00000000,00000000,00000000,00000000,00000000,0
11,4500.0,30,43936D0C,3C0697DB,00000000,00000000,00000000,00000000,00000000,00000000,00000000,0
11,4500.0,31,43942733,3C0F3A24,00000000,00000000,00000000,00000000,00000000,00000000,00000000,0
11,4500.0,32,4394DA60,3C17FAEB,00000000,00000000,00000000,00000000,00000000,00000000,00000000,0
11,4500.0,33,439586C8,3C20D41E,00000000,00000000,00000000,00000000,00000000,00000000,00000000,0
11,4500.0,34,43962C9F,3C29BFFC,00000000,00000000,00000000,00000000,00000000,00000000,00000000,0
11,4500.0,35,4396CC0F,3C32B823,00000000,00000000,00000000,00000000,00000000,00000000,00000000,0
11,4500.0,36,43976536,3C3BB5BF,00000000,00000000,00000000,00000000,00000000,00000000,00000000,0
11,4500.0,37,4397F830,3C44B1C6,00000000,00000000,00000000,00000000,00000000,00000000,00000000,0
11,4500.0,38,43928676,3C6ED058,00000000,00000000,00000000,00000000,00000000,00000000,00000000,0
11,4500.0,39,43930795,3C812607,00000000,00000000,00000000,00000000,00000000,00000000,00000000,0
11,4500.0,40,439382F0,3C8B004C,00000000,00000000,00000000,00000000,00000000,00000000,00000000,0
11,4500.0,41,4393F870,3C91E7A0,00000000,00000000,00000000,00000000,00000000,00000000,00000000,0
11,4500.0,42,439467F8,3C977D49,00000000,00000000,00000000,00000000,00000000,00000000,00000000,0
11,4500.0,43,4394D15B,3C9CEBA9,00000000,00000000,00000000,00000000,00000000,00000000,00000000,0
11,4500.0,44,43953459,3CA2291B,00000000,00000000,00000000,00000000,00000000,00000000,00000000,0
11,4500.0,45,4395908F,3CA72989,00000000,00000000,00000000,00000000,00000000,00000000,00000000,0
11,4500.0,46,4395B61A,3CB44622,00000000,00000000,00000000,00000000,00000000,00000000,00000000,2
11,4500.0,47,43961CDA,3CB6E18D,322BCC77,3C0987C2,451F3C3E,39447F60,2EB8970D,00000000,00000000,2
11,4500.0,48,43967AD7,3CB9DE12,00000000,00000000,00000000,00000000,00000000,00000000,00000000,1
11,4500.0,49,4396DBED,3CBE633B,00000000,00000000,00000000,00000000,00000000,00000000,00000000,1
12,4500.0,1,434E8000,37C21422,00000000,00000000,00000000,00000000,00000000,00000000,00000000,0
12,4500.0,2,435A9B91,392543E0,00000000,00000000,00000000,00000000,00000000,00000000,00000000,0
12,4500.0,3,43570ACA,389121A2,00000000,00000000,00000000,00000000,00000000,00000000,00000000,0
12,4500.0,4,4357B4A6,386F55F4,00000000,00000000,00000000,00000000,00000000,00000000,00000000,0
12,4500.0,5,435E152A,38D36C29,00000000,00000000,00000000,00000000,00000000,00000000,00000000,0
12,4500.0,6,4363BE80,3928A812,00000000,00000000,00000000,00000000,00000000,00000000,00000000,0
12,4500.0,7,4368D36A,397922B6,00000000,00000000,00000000,00000000,00000000,00000000,00000000,0
12,4500.0,8,436D6F43,39AD7A56,00000000,00000000,00000000,00000000,00000000,00000000,00000000,0
12,4500.0,9,4371A725,39E6C631,00000000,00000000,00000000,00000000,00000000,00000000,00000000,0
12,4500.0,10,43758B8F,3A141112,00000000,00000000,00000000,00000000,00000000,00000000,00000000,0
12,4500.0,11,43792956,3A4187B7,00000000,00000000,00000000,00000000,00000000,00000000,00000000,0
12,4500.0,12,437C88EF,3A859EF6,00000000,00000000,00000000,00000000,00000000,00000000,00000000,0
12,4500.0,13,437FB2CF,3AB3351D,00000000,00000000,00000000,00000000,00000000,00000000,00000000,0
12,4500.0,14,43815880,3AE98E11,00000000,00000000,00000000,00000000,00000000,00000000,00000000,0
12,4500.0,15,4382C452,3B14A0D4,00000000,00000000,00000000,00000000,00000000,00000000,00000000,0
12,4500.0,16,43841ECE,3B396B7E,00000000,00000000,00000000,00000000,00000000,00000000,00000000,0
12,4500.0,17,43856988,3B63601C,00000000,00000000,00000000,00000000,00000000,00000000,00000000,0
12,4500.0,18,4386A5CA,3B8954B8,00000000,00000000,00000000,00000000,00000000,00000000,00000000,0
12,4500.0,19,4387D4BD,3BA3B204,00000000,00000000,00000000,00000000,00000000,00000000,00000000,0
12,4500.0,20,4388F5FB,3BC0BAF7,00000000,00000000,00000000,00000000,00000000,00000000,00000000,0
12,4500.0,21,438A0813,3BE0D286,00000000,00000000,00000000,00000000,00000000,00000000,00000000,0
12,4500.0,22,438B77A0,3BF8F6EE,00000000,3D109FA5,46362F66,398CA628,00000000,00000000,00000000,1
12,4500.0,23,438C7243,3C0F6C5F,00000000,3D0F5307,4633F3CD,39A0981A,00000000,00000000,00000000,1
12,4500.0,24,438D62BE,3C23C125,00000000,3D0D47C1,4630D2DA,39B4BE8F,00000000,00000000,00000000,1
12,4500.0,25,438E49B2,3C3971BD,00000000,3D0A8D97,462CE1C7,39C8BBC2,00000000,00000000,00000000,1
12,4500.0,26,438F2798,3C4C0DAE,00000000,3D0739D4,46283C57,39D7929E,00000000,00000000,00000000,1
12,4500.0,27,438FFCC0,3C5256E8,00000000,3D036769,462304ED,39D7EEE0,00000000,00000000,00000000,1
12,4500.0,28,4390C9AB,3C57C211,00000000,3CFE2B31,461D3B55,39D636F4,00000000,00000000,00000000,1
12,4500.0,29,4391338D,3C60F9BC,00000000,00000000,00000000,00000000,00000000,00000000,00000000,0
12,4500.0,30,4391F363,3C647AD3,00000000,00000000,00000000,00000000,00000000,00000000,00000000,0
12,4500.0,31,4392AC06,3C6711F4,00000000,00000000,00000000,00000000,00000000,00000000,00000000,0
12,4500.0,32,43935DB2,3C68BF2C,00000000,00000000,00000000,00000000,00000000,00000000,00000000,0
12,4500.0,33,439408A0,3C69848E,00000000,00000000,00000000,00000000,00000000,00000000,00000000,0
12,4500.0,34,4394ACFF,3C6965C7,00000000,00000000,00000000,00000000,00000000,00000000,00000000,0
12,4500.0,35,43954AF7,3C686822,00000000,00000000,00000000,00000000,00000000,00000000,00000000,0
12,4500.0,36,4395E2A8,3C6692EB,00000000,00000000,00000000,00000000,00000000,00000000,00000000,0
12,4500.0,37,4396742D,3C63EF0F,00000000,00000000,00000000,00000000,00000000,00000000,00000000,0
12,4500.0,38,4396FF96,3C60879B,00000000,00000000,00000000,00000000,00000000,00000000,00000000,0
12,4500.0,39,439784EB,3C5C6902,00000000,00000000,00000000,00000000,00000000,00000000,00000000,0
12,4500.0,40,4398042E,3C57A27A,00000000,00000000,00000000,00000000,00000000,00000000,00000000,0
12,4500.0,41,4393FD85,3C00A830,00000000,00000000,00000000,00000000,00000000,00000000,00000000,0
12,4500.0,42,43946C59,3C05756E,00000000,00000000,00000000,00000000,00000000,00000000,00000000,0
12,4500.0,43,4394D50E,3C0A1FBF,00000000,00000000,00000000,00000000,00000000,00000000,00000000,0
12,4500.0,44,4395375E,3C0E9E05,00000000,00000000,00000000,00000000,00000000,00000000,00000000,0
12,4500.0,45,439592ED,3C12E5B3,00000000,00000000,00000000,00000000,00000000,00000000,00000000,0
12,4500.0,46,4395E728,3C16E8E9,00000000,00000000,00000000,00000000,00000000,00000000,00000000,0
12,4500.0,47,43963330,3C1A94F3,00000000,00000000,00000000,00000000,00000000,00000000,00000000,0
12,4500.0,48,439695E9,3C1C23A8,00000000,00000000,00000000,00000000,00000000,00000000,00000000,0
12,4500.0,49,4396B52B,00000000,00000000,00000000,00000000,00000000,00000000,00000000,00000000,0
13,4500.0,1,434F8000,3801CF73,00000000,00000000,00000000,00000000,00000000,00000000,00000000,0
13,4500.0,2,435B9DE1,39407E88,00000000,00000000,00000000,00000000,00000000,00000000,00000000,0
13,4500.0,3,43581022,38AC67F0,00000000,00000000,00000000,00000000,00000000,00000000,00000000,0
13,4500.0,4,43585E78,388938FD,00000000,00000000,00000000,00000000,00000000,00000000,00000000,0
13,4500.0,5,435EC2E5,38F3FF12,00000000,00000000,00000000,00000000,00000000,00000000,00000000,0
13,4500.0,6,43646F73,3943A7F4,00000000,00000000,00000000,00000000,00000000,00000000,00000000,0
13,4500.0,7,43698733,399129C6,00000000,00000000,00000000,00000000,00000000,00000000,00000000,0
13,4500.0,8,436E25A7,39CAFE36,00000000,00000000,00000000,00000000,00000000,00000000,00000000,0
13,4500.0,9,43726021,3A078C72,00000000,00000000,00000000,00000000,00000000,00000000,00000000,0
13,4500.0,10,43764721,3A2E9910,00000000,00000000,00000000,00000000,00000000,00000000,00000000,0
13,4500.0,11,4379E79A,3A619886,00000000,00000000,00000000,00000000,00000000,00000000,00000000,0
13,4500.0,12,437D4906,3A9917EA,00000000,00000000,00000000,00000000,00000000,00000000,00000000,0
13,4500.0,13,43803B15,3ACA061C,00000000,00000000,00000000,00000000,00000000,00000000,00000000,0
13,4500.0,14,4381BBEC,3B01E52C,00000000,00000000,00000000,00000000,00000000,00000000,00000000,0
13,4500.0,15,43832982,3B237996,00000000,00000000,00000000,00000000,00000000,00000000,00000000,0
13,4500.0,16,438485C3,3B4A000B,00000000,00000000,00000000,00000000,00000000,00000000,00000000,0
13,4500.0,17,4385D235,3B75AB79,00000000,00000000,00000000,00000000,00000000,00000000,00000000,0
13,4500.0,18,43871028,3B935097,00000000,00000000,00000000,00000000,00000000,00000000,00000000,0
13,4500.0,19,438840A5,3BAE7716,00000000,00000000,00000000,00000000,00000000,00000000,00000000,0
13,4500.0,20,438961B1,3BCC599E,00000000,00000000,00000000,00000000,00000000,00000000,00000000,0
13,4500.0,21,438A74DF,3BED328F,00000000,00000000,00000000,00000000,00000000,00000000,00000000,0
13,4500.0,22,438B7CAC,3C0869AF,00000000,00000000,00000000,00000000,00000000,00000000,00000000,0
13,4500.0,23,438CE357,3C162C6B,00000000,3D0F34EF,463463CF,39A803BA,00000000,00000000,00000000,1
13,4500.0,24,438DD4A6,3C2ACE67,00000000,3D0D3073,463148E1,39BC6804,00000000,00000000,00000000,1
13,4500.0,25,438EBC65,3C40C3E1,00000000,3D0A7C75,462D5C52,39D08E9D,00000000,00000000,00000000,1
13,4500.0,26,438F9B12,3C549BE3,00000000,3D072CF3,4628B85D,39E08713,00000000,00000000,00000000,1
13,4500.0,27,439070FB,3C5B4916,00000000,3D035F4D,46238292,39E11011,00000000,00000000,00000000,1
13,4500.0,28,43913E9E,3C611559,00000000,3CFE2375,461DB96C,39DF725B,00000000,00000000,00000000,1
13,4500.0,29,4391A7B7,3C6ABE90,00000000,00000000,00000000,00000000,00000000,00000000,00000000,0
13,4500.0,30,43926853,3C6E9963,00000000,00000000,00000000,00000000,00000000,00000000,00000000,0
13,4500.0,31,439321B1,3C718733,00000000,00000000,00000000,00000000,00000000,00000000,00000000,0
13,4500.0,32,4393D413,3C73880B,00000000,00000000,00000000,00000000,00000000,00000000,00000000,0
13,4500.0,33,43947FAE,3C749D9E,00000000,00000000,00000000,00000000,00000000,00000000,00000000,0
13,4500.0,34,439524B5,3C74CBB9,00000000,00000000,00000000,00000000,00000000,00000000,00000000,0
13,4500.0,35,4395C34D,3C741772,00000000,00000000,00000000,00000000,00000000,00000000,00000000,0
13,4500.0,36,43965B98,3C72881A,00000000,00000000,00000000,00000000,00000000,00000000,00000000,0
13,4500.0,37,4396EDB1,3C7026A7,00000000,00000000,00000000,00000000,00000000,00000000,00000000,0
13,4500.0,38,439779A7,3C6CFDCA,00000000,00000000,00000000,00000000,00000000,00000000,00000000,0
13,4500.0,39,4397FF86,3C691A87,00000000,00000000,00000000,00000000,00000000,00000000,00000000,0
13,4500.0,40,43987F48,3C648B48,00000000,00000000,00000000,00000000,00000000,00000000,00000000,0
13,4500.0,41,4398F8F4,3C699ABA,00000000,00000000,00000000,00000000,00000000,00000000,00000000,0
13,4500.0,42,43946C59,3C05756E,00000000,00000000,00000000,00000000,00000000,00000000,00000000,0
13,4500.0,43,4394D50E,3C0A1FBF,00000000,00000000,00000000,00000000,00000000,00000000,00000000,0
13,4500.0,44,4395375E,3C0E9E05,00000000,00000000,00000000,00000000,00000000,00000000,00000000,0
13,4500.0,45,439592ED,3C12E5B3,00000000,00000000,00000000,00000000,00000000,00000000,00000000,0
13,4500.0,46,4395E728,3C16E8E9,00000000,00000000,00000000,00000000,00000000,00000000,00000000,0
13,4500.0,47,43963330,3C1A94F3,00000000,00000000,00000000,00000000,00000000,00000000,00000000,0
13,4500.0,48,439695E9,3C1C23A8,00000000,00000000,00000000,00000000,00000000,00000000,00000000,0
13,4500.0,49,4396B345,00000000,00000000,00000000,00000000,00000000,00000000,00000000,00000000,0
14,4500.0,1,434D8000,37A8FFF8,00000000,00000000,00000000,00000000,00000000,00000000,00000000,0
14,4500.0,2,435997E4,39111644,00000000,00000000,00000000,00000000,00000000,00000000,00000000,0
14,4500.0,3,435604D2,387D8A23,00000000,00000000,00000000,00000000,00000000,00000000,00000000,0
14,4500.0,4,435707F8,385B3603,00000000,00000000,00000000,00000000,00000000,00000000,00000000,0
14,4500.0,5,435D647B,38C27BBC,00000000,00000000,00000000,00000000,00000000,00000000,00000000,0
14,4500.0,6,43630A7B,391BBE1B,00000000,00000000,00000000,00000000,00000000,00000000,00000000,0
14,4500.0,7,43681C81,3966DC75,00000000,00000000,00000000,00000000,00000000,00000000,00000000,0
14,4500.0,8,436CB5B2,39A1405A,00000000,00000000,00000000,00000000,00000000,00000000,00000000,0
14,4500.0,9,4370EB06,39D71876,00000000,00000000,00000000,00000000,00000000,00000000,00000000,0
14,4500.0,10,4374CCDF,3A0A553E,00000000,00000000,00000000,00000000,00000000,00000000,00000000,0
14,4500.0,11,4378680B,3A35CD1E,00000000,00000000,00000000,00000000,00000000,00000000,00000000,0
14,4500.0,12,437BC5E3,3A78F6FF,00000000,00000000,00000000,00000000,00000000,00000000,00000000,0
14,4500.0,13,437EECAA,3AA620E8,00000000,00000000,00000000,00000000,00000000,00000000,00000000,0
14,4500.0,14,4380F3BE,3AD79E8F,00000000,00000000,00000000,00000000,00000000,00000000,00000000,0
14,4500.0,15,43825DD1,3B08B9C1,00000000,00000000,00000000,00000000,00000000,00000000,00000000,0
14,4500.0,16,4383B691,3B2A0B78,00000000,00000000,00000000,00000000,00000000,00000000,00000000,0
14,4500.0,17,4384FF8F,3B4FF6CF,00000000,00000000,00000000,00000000,00000000,00000000,00000000,0
14,4500.0,18,43863A20,3B7AA38B,00000000,00000000,00000000,00000000,00000000,00000000,00000000,0
14,4500.0,19,43876762,3B9515C8,00000000,00000000,00000000,00000000,00000000,00000000,00000000,0
14,4500.0,20,438887FB,3BAF4046,00000000,00000000,00000000,00000000,00000000,00000000,00000000,0
14,4500.0,21,438999AD,3BCC0A13,00000000,00000000,00000000,00000000,00000000,00000000,00000000,0
14,4500.0,22,438A9F49,3BEB70D9,00000000,00000000,00000000,00000000,00000000,00000000,00000000,0
14,4500.0,23,438BFF52,3C017B1C,00000000,3D0F86FA,46339FD0,39913013,00000000,00000000,00000000,1
14,4500.0,24,438CEEDF,3C13C00C,00000000,3D0D7919,46307E10,39A34D56,00000000,00000000,00000000,1
14,4500.0,25,438DD4EA,3C273C9E,00000000,3D0ABD35,462C8DFE,39B5448F,00000000,00000000,00000000,1
14,4500.0,26,438EB1E7,3C370D4E,00000000,3D07692C,4627EBF5,39C1A670,00000000,00000000,00000000,1
14,4500.0,27,438F8630,3C3C197A,00000000,3D039506,4622B6A4,39C15D11,00000000,00000000,00000000,1
14,4500.0,28,438FF684,3C4501C8,00000000,00000000,00000000,00000000,00000000,00000000,00000000,0
14,4500.0,29,4390BCEB,3C4834C1,00000000,00000000,00000000,00000000,00000000,00000000,00000000,0
14,4500.0,30,43917BDD,3C4A831F,00000000,00000000,00000000,00000000,00000000,00000000,00000000,0
14,4500.0,31,439233A0,3C4BEBDD,00000000,00000000,00000000,00000000,00000000,00000000,00000000,0
14,4500.0,32,4392E475,3C4C6FCC,00000000,00000000,00000000,00000000,00000000,00000000,00000000,0
14,4500.0,33,43938E93,3C4C115C,00000000,00000000,00000000,00000000,00000000,00000000,00000000,0
14,4500.0,34,43943227,3C4AD49A,00000000,00000000,00000000,00000000,00000000,00000000,00000000,0
14,4500.0,35,4394CF5C,3C48BF95,00000000,00000000,00000000,00000000,00000000,00000000,00000000,0
14,4500.0,36,43956651,3C45DA0A,00000000,00000000,00000000,00000000,00000000,00000000,00000000,0
14,4500.0,37,4395F720,3C422DC3,00000000,00000000,00000000,00000000,00000000,00000000,00000000,0
14,4500.0,38,439681DA,3C3DC5AF,00000000,00000000,00000000,00000000,00000000,00000000,00000000,0
14,4500.0,39,43970686,3C38AF4E,00000000,00000000,00000000,00000000,00000000,00000000,00000000,0
14,4500.0,40,43978525,3C32F9FE,00000000,00000000,00000000,00000000,00000000,00000000,00000000,0
14,4500.0,41,4393FE01,3BE21A03,00000000,00000000,00000000,00000000,00000000,00000000,00000000,0
14,4500.0,42,43946CC4,3BEA7C3B,00000000,00000000,00000000,00000000,00000000,00000000,00000000,0
14,4500.0,43,4394D566,3BF2A0B4,00000000,00000000,00000000,00000000,00000000,00000000,00000000,0
14,4500.0,44,439537A6,3BFA77D3,00000000,00000000,00000000,00000000,00000000,00000000,00000000,0
14,4500.0,45,43959326,3C00F744,00000000,00000000,00000000,00000000,00000000,00000000,00000000,0
14,4500.0,46,4395E752,3C047616,00000000,00000000,00000000,00000000,00000000,00000000,00000000,0
14,4500.0,47,4396334D,3C07A7EA,00000000,00000000,00000000,00000000,00000000,00000000,00000000,0
14,4500.0,48,439695F1,3C08CA12,00000000,00000000,00000000,00000000,00000000,00000000,00000000,0
14,4500.0,49,4396BB0C,00000000,00000000,00000000,00000000,00000000,00000000,00000000,00000000,0
15,4500.0,1,43758000,39A594C3,00000000,00000000,00000000,00000000,00000000,00000000,00000000,0
15,4500.0,2,437C404A,3B539994,00000000,00000000,00000000,00000000,00000000,00000000,00000000,0
15,4500.0,3,437AFD8B,3AFE7877,00000000,00000000,00000000,00000000,00000000,00000000,00000000,0
15,4500.0,4,437A2F95,3AAC4520,00000000,00000000,00000000,00000000,00000000,00000000,00000000,0
15,4500.0,5,437C4D18,3A95FDE2,00000000,00000000,00000000,00000000,00000000,00000000,00000000,0
15,4500.0,6,437F7F77,3A933356,00000000,00000000,00000000,00000000,00000000,00000000,00000000,0
15,4500.0,7,43813666,3A913097,00000000,00000000,00000000,00000000,00000000,00000000,00000000,0
15,4500.0,8,43828ED0,3A8F8EAB,00000000,00000000,00000000,00000000,00000000,00000000,00000000,0
15,4500.0,9,4383CC7F,3A8E427B,00000000,00000000,00000000,00000000,00000000,00000000,00000000,0
15,4500.0,10,4384F2A9,3A8D4447,00000000,00000000,00000000,00000000,00000000,00000000,00000000,0
15,4500.0,11,4386041C,3A8CB100,00000000,00000000,00000000,00000000,00000000,00000000,00000000,0
15,4500.0,12,4387034A,3A91EDB9,00000000,00000000,00000000,00000000,00000000,00000000,00000000,0
15,4500.0,13,4387F224,3A979C64,00000000,00000000,00000000,00000000,00000000,00000000,00000000,0
15,4500.0,14,4388D150,3A9CFD4E,00000000,00000000,00000000,00000000,00000000,00000000,00000000,0
15,4500.0,15,4389A06E,3AA42DDC,00000000,00000000,00000000,00000000,00000000,00000000,00000000,0
15,4500.0,16,438A635E,3AAC0EBC,00000000,00000000,00000000,00000000,00000000,00000000,00000000,0
15,4500.0,17,438B1BB3,3AB45D02,00000000,00000000,00000000,00000000,00000000,00000000,00000000,0
15,4500.0,18,438BCA61,3ABD051F,00000000,00000000,00000000,00000000,00000000,00000000,00000000,0
15,4500.0,19,438C703E,3AC5F71F,00000000,00000000,00000000,00000000,00000000,00000000,00000000,0
15,4500.0,20,438D0E03,3ACF258B,00000000,00000000,00000000,00000000,00000000,00000000,00000000,0
15,4500.0,21,438DA453,3AD88483,00000000,00000000,00000000,00000000,00000000,00000000,00000000,0
15,4500.0,22,438E33BA,3AE20904,00000000,00000000,00000000,00000000,00000000,00000000,00000000,0
15,4500.0,23,438EBCB4,3AEBA96F,00000000,00000000,00000000,00000000,00000000,00000000,00000000,0
15,4500.0,24,438F3FAE,3AF55DFD,00000000,00000000,00000000,00000000,00000000,00000000,00000000,0
15,4500.0,25,438FBD09,3AFF1DBB,00000000,00000000,00000000,00000000,00000000,00000000,00000000,0
15,4500.0,26,43903520,3B0755B4,00000000,00000000,00000000,00000000,00000000,00000000,00000000,0
15,4500.0,27,4390A83E,3B13CBA1,00000000,00000000,00000000,00000000,00000000,00000000,00000000,0
15,4500.0,28,439116A5,3B205234,00000000,00000000,00000000,00000000,00000000,00000000,00000000,0
15,4500.0,29,43918092,3B2CE100,00000000,00000000,00000000,00000000,00000000,00000000,00000000,0
15,4500.0,30,4391E63D,3B396FF3,00000000,00000000,00000000,00000000,00000000,00000000,00000000,0
15,4500.0,31,439247D4,3B45F6E3,00000000,00000000,00000000,00000000,00000000,00000000,00000000,0
15,4500.0,32,4392A580,3B526DFB,00000000,00000000,00000000,00000000,00000000,00000000,00000000,0
15,4500.0,33,4392FF68,3B5ECE1E,00000000,00000000,00000000,00000000,00000000,00000000,00000000,0
15,4500.0,34,439355AB,3B6B0FEE,00000000,00000000,00000000,00000000,00000000,00000000,00000000,0
15,4500.0,35,4393A865,3B772C0A,00000000,00000000,00000000,00000000,00000000,00000000,00000000,0
15,4500.0,36,4393F7A9,3B818D54,00000000,00000000,00000000,00000000,00000000,00000000,00000000,0
15,4500.0,37,4394438D,3B876A7B,00000000,00000000,00000000,00000000,00000000,00000000,00000000,0
15,4500.0,38,43948C1C,3B8D28E0,00000000,00000000,00000000,00000000,00000000,00000000,00000000,0
15,4500.0,39,4394D160,3B92C4FA,00000000,00000000,00000000,00000000,00000000,00000000,00000000,0
15,4500.0,40,4395135A,3B983A1B,00000000,00000000,00000000,00000000,00000000,00000000,00000000,0
15,4500.0,41,43955206,3B9ADF6A,00000000,00000000,00000000,00000000,00000000,00000000,00000000,0
15,4500.0,42,43958D58,3B9C81BA,00000000,00000000,00000000,00000000,00000000,00000000,00000000,0
15,4500.0,43,4395C53B,3B9E089E,00000000,00000000,00000000,00000000,00000000,00000000,00000000,0
15,4500.0,44,4395F98E,3B9F7185,00000000,00000000,00000000,00000000,00000000,00000000,00000000,0
15,4500.0,45,43962A1B,3BA0B841,00000000,00000000,00000000,00000000,00000000,00000000,00000000,0
15,4500.0,46,43965695,3BA1D81E,00000000,00000000,00000000,00000000,00000000,00000000,00000000,0
15,4500.0,47,43967E7C,3BA2C82E,00000000,00000000,00000000,00000000,00000000,00000000,00000000,0
15,4500.0,48,4396C15C,3BA02579,00000000,00000000,00000000,00000000,00000000,00000000,00000000,0
15,4500.0,49,4396A943,00000000,00000000,00000000,00000000,00000000,00000000,00000000,00000000,0
16,4500.0,1,4386C000,3CECED00,00000000,00000000,00000000,00000000,00000000,00000000,00000000,0
16,4500.0,2,4388E35C,3D0ABC64,00000000,00000000,00000000,00000000,00000000,00000000,00000000,0
16,4500.0,3,43884DF6,3CC094BE,00000000,00000000,00000000,00000000,00000000,00000000,00000000,0
16,4500.0,4,43880A27,3C9331A5,00000000,00000000,00000000,00000000,00000000,00000000,00000000,0
16,4500.0,5,4387FD51,3C719DFC,00000000,00000000,00000000,00000000,00000000,00000000,00000000,0
16,4500.0,6,438916EC,3C6F794D,00000000,00000000,00000000,00000000,00000000,00000000,00000000,0
16,4500.0,7,438A0925,3C6EA64B,00000000,00000000,00000000,00000000,00000000,00000000,00000000,0
16,4500.0,8,438AE18F,3C6E5D7A,00000000,00000000,00000000,00000000,00000000,00000000,00000000,0
16,4500.0,9,438BA592,3C6E5A60,00000000,00000000,00000000,00000000,00000000,00000000,00000000,0
16,4500.0,10,438C588A,3C6E7EDA,00000000,00000000,00000000,00000000,00000000,00000000,00000000,0
16,4500.0,11,438CFD0E,3C6EB922,00000000,00000000,00000000,00000000,00000000,00000000,00000000,0
16,4500.0,12,438D9539,3C755827,00000000,00000000,00000000,00000000,00000000,00000000,00000000,0
16,4500.0,13,438E22B5,3C814460,00000000,00000000,00000000,00000000,00000000,00000000,00000000,0
16,4500.0,14,438EA6CB,3C8777F9,00000000,00000000,00000000,00000000,00000000,00000000,00000000,0
16,4500.0,15,438F2290,3C8D5063,00000000,00000000,00000000,00000000,00000000,00000000,00000000,0
16,4500.0,16,438F96ED,3C92D5CA,00000000,00000000,00000000,00000000,00000000,00000000,00000000,0
16,4500.0,17,439004A3,3C980F7C,00000000,00000000,00000000,00000000,00000000,00000000,00000000,0
16,4500.0,18,43906C54,3C9D0383,00000000,00000000,00000000,00000000,00000000,00000000,00000000,0
16,4500.0,19,43917117,3C9D8982,00000000,2EDBE6FF,38147135,2C0752C9,00000000,00000000,00000000,1
16,4500.0,20,4391C588,3CA23C1B,00000000,2EDBE6FF,38132668,2C0B5BCF,00000000,00000000,00000000,1
16,4500.0,21,43921626,3CA6B2B7,00000000,2EDBE6FF,3811ECCC,2C0F314D,00000000,00000000,00000000,1
16,4500.0,22,43926333,3CAAF1B2,00000000,2EDBE6FF,3810C2EE,2C12D703,00000000,00000000,00000000,1
16,4500.0,23,4392ACE6,3CAEFCFB,00000000,2EDBE6FF,380FA78A,2C165050,00000000,00000000,00000000,1
16,4500.0,24,4392F373,3CB2D82B,00000000,2EDBE6FF,380E9987,2C19A04D,00000000,00000000,00000000,1
16,4500.0,25,4393370B,3CB68657,00000000,2EDBE6FF,380D97F3,2C1CC99F,00000000,00000000,00000000,1
16,4500.0,26,439377CF,3CB9CD40,00000000,2EDBE6FF,380CA1F1,2C1F9A3D,00000000,00000000,00000000,1
16,4500.0,27,4393B5DF,3CBA1CAB,00000000,2EDBE6FF,380BB6CC,2C1FDE75,00000000,00000000,00000000,1
16,4500.0,28,4393F163,3CBA65BC,00000000,2EDBE6FF,380AD5E2,2C201D39,00000000,00000000,00000000,1
16,4500.0,29,43942A76,3CBAA8F6,00000000,2EDBE6FF,3809FE99,2C2056F8,00000000,00000000,00000000,1
16,4500.0,30,43946135,3CBAE6AD,00000000,2EDBE6FF,3809306C,2C208BFB,00000000,00000000,00000000,1
16,4500.0,31,439495B6,3CBB1F6F,00000000,2EDBE6FF,38086AE5,2C20BCBD,00000000,00000000,00000000,1
16,4500.0,32,4394C80F,3CBB5391,00000000,2EDBE6FF,3807AD9C,2C20E985,00000000,00000000,00000000,1
16,4500.0,33,4394F850,3CBB8349,00000000,2EDBE6FF,3806F832,2C211282,00000000,00000000,00000000,1
16,4500.0,34,43952688,3CBBAEDC,00000000,2EDBE6FF,38064A56,2C2137F0,00000000,00000000,00000000,1
16,4500.0,35,439552C2,3CBBD68F,00000000,2EDBE6FF,3805A3C1,2C215A0A,00000000,00000000,00000000,1
16,4500.0,36,43957D0B,3CBBFA96,00000000,2EDBE6FF,38050436,2C2178FD,00000000,00000000,00000000,1
16,4500.0,37,4395A567,3CBC1B1D,00000000,2EDBE6FF,38046B82,2C2194EE,00000000,00000000,00000000,1
16,4500.0,38,4395CBDA,3CBC3835,00000000,2EDBE6FF,3803D979,2C21ADEB,00000000,00000000,00000000,1
16,4500.0,39,4395F068,3CBC5222,00000000,2EDBE6FF,38034DFF,2C21C430,00000000,00000000,00000000,1
16,4500.0,40,43961308,3CBC68D1,00000000,2EDBE6FF,3802C8F7,2C21D7AD,00000000,00000000,00000000,1
16,4500.0,41,439633B7,3CBC7C44,00000000,2EDBE6FF,38024A5C,2C21E862,00000000,00000000,00000000,1
16,4500.0,42,43965266,3CBC8C8F,00000000,2EDBE6FF,3801D22D,2C21F660,00000000,00000000,00000000,1
16,4500.0,43,43966EFF,3CBC99A0,00000000,2EDBE6FF,3801607B,2C22019A,00000000,00000000,00000000,1
16,4500.0,44,43968963,3CBCA31E,00000000,2EDBE6FF,3800F568,2C2209C1,00000000,00000000,00000000,1
16,4500.0,45,4396747C,3CBDD06C,00000000,00000000,00000000,00000000,00000000,00000000,00000000,0
16,4500.0,46,43968D63,3CBDBA51,00000000,00000000,00000000,00000000,00000000,00000000,00000000,0
16,4500.0,47,4396A388,3CBD9C66,00000000,00000000,00000000,00000000,00000000,00000000,00000000,0
16,4500.0,48,4396D748,3CBC9A8A,00000000,00000000,00000000,00000000,00000000,00000000,00000000,0
16,4500.0,49,4396A426,00000000,00000000,00000000,00000000,00000000,00000000,00000000,00000000,0
17,4500.0,1,43508000,37A9D921,00000000,00000000,00000000,00000000,00000000,00000000,00000000,0
17,4500.0,2,435C9EAA,394A77FD,00000000,00000000,00000000,00000000,00000000,00000000,00000000,0
17,4500.0,3,435914C9,38AE3434,00000000,00000000,00000000,00000000,00000000,00000000,00000000,0
17,4500.0,4,43571F52,38469D51,00000000,00000000,00000000,00000000,00000000,00000000,00000000,0
17,4500.0,5,4355E1BD,38036876,00000000,00000000,00000000,00000000,00000000,00000000,00000000,0
17,4500.0,6,435506AD,37BE5FE0,00000000,00000000,00000000,00000000,00000000,00000000,00000000,0
17,4500.0,7,43546671,37927914,00000000,00000000,00000000,00000000,00000000,00000000,00000000,0
17,4500.0,8,4353EC21,376C24BE,00000000,00000000,00000000,00000000,00000000,00000000,00000000,0
17,4500.0,9,43538BA7,375644F1,00000000,00000000,00000000,00000000,00000000,00000000,00000000,0
17,4500.0,10,43547A89,3769B354,00000000,00000000,00000000,00000000,00000000,00000000,00000000,0
17,4500.0,11,4357202B,379FE214,00000000,00000000,00000000,00000000,00000000,00000000,00000000,0
17,4500.0,12,435997C8,37D4A6E2,00000000,00000000,00000000,00000000,00000000,00000000,00000000,0
17,4500.0,13,435BE706,3809F824,00000000,00000000,00000000,00000000,00000000,00000000,00000000,0
17,4500.0,14,435E127A,382F340E,00000000,00000000,00000000,00000000,00000000,00000000,00000000,0
17,4500.0,15,43601E0C,385A4FD3,00000000,00000000,00000000,00000000,00000000,00000000,00000000,0
17,4500.0,16,43620CEB,3885C244,00000000,00000000,00000000,00000000,00000000,00000000,00000000,0
17,4500.0,17,4363E1DA,38A17FC9,00000000,00000000,00000000,00000000,00000000,00000000,00000000,0
17,4500.0,18,43659F2A,38C06FEE,00000000,00000000,00000000,00000000,00000000,00000000,00000000,0
17,4500.0,19,436753F8,38BCD41A,00000000,3D2C5034,4639D32F,367E3354,00000000,00000000,00000000,1
17,4500.0,20,4368E8CC,38DF7192,00000000,3D378516,4644F42B,36A02E59,00000000,00000000,00000000,1
17,4500.0,21,436A6B40,3902B05C,00000000,3D40A7AA,464DCD74,36C4B3BA,00000000,00000000,00000000,1
17,4500.0,22,436BDCA6,39174F8A,00000000,3D47C1FF,46547259,36EC22FC,00000000,00000000,00000000,1
17,4500.0,23,436D3E25,392D9251,00000000,3D4CE4CF,4658FC43,370AEBBB,00000000,00000000,00000000,1
17,4500.0,24,436E90C4,3945724F,00000000,3D5025DA,465B88F8,37208A12,00000000,00000000,00000000,1
17,4500.0,25,436FD567,395EE683,00000000,3D519EA7,465C3945,37368455,00000000,00000000,00000000,1
17,4500.0,26,43710CDF,3979E3E4,00000000,3D516B57,465B2FCF,374C6BD4,00000000,00000000,00000000,1
17,4500.0,27,437237E2,398B2E75,00000000,3D4FA9E7,46589056,3761CDE0,00000000,00000000,00000000,1
17,4500.0,28,4373570B,399A20F5,00000000,3D4C7957,46547EDA,377636A2,00000000,00000000,00000000,1
17,4500.0,29,43746AED,39A9C096,00000000,3D47F93B,464F1F45,378499F8,00000000,00000000,00000000,1
17,4500.0,30,4375740A,39BA0391,00000000,3D424932,464894DD,378D2BE3,00000000,00000000,00000000,1
17,4500.0,31,437672CB,39CADEC4,00000000,3D3B8898,46410208,37949CF8,00000000,00000000,00000000,1
17,4500.0,32,43776798,39DC464D,00000000,3D33D649,4638881F,379ABD89,00000000,00000000,00000000,1
17,4500.0,33,437852C1,39EE2D10,00000000,3D2B5062,462F4734,379F62E3,00000000,00000000,00000000,1
17,4500.0,34,43793493,3A004275,00000000,3D22142B,46255E0F,37A26852,00000000,00000000,00000000,1
17,4500.0,35,437A0D4C,3A099F39,00000000,3D183DFB,461AEA1D,37A3AFB7,00000000,00000000,00000000,1
17,4500.0,36,437ADD19,3A132482,00000000,3D0DE93A,46100777,37A32252,00000000,00000000,00000000,1
17,4500.0,37,437BA424,3A1CC953,00000000,3D033052,4604D0E7,37A0B13B,00000000,00000000,00000000,1
17,4500.0,38,437C6284,3A2683F2,00000000,3CF0599B,45F2C011,379C55FC,00000000,00000000,00000000,1
17,4500.0,39,437D1845,3A3049B7,00000000,3CD9EEDD,45DB9AD4,379612F9,00000000,00000000,00000000,1
17,4500.0,40,437DC563,3A384308,00000000,3CC350C6,45C4619A,378C9533,00000000,00000000,00000000,1
17,4500.0,41,437E69CC,3A3FF36D,00000000,3CACAE6D,45AD4231,37817A56,00000000,00000000,00000000,1
17,4500.0,42,437F0551,3A477B9F,00000000,3C9636B1,459669D2,376A1A1A,00000000,00000000,00000000,1
17,4500.0,43,437F97AE,3A4ED09D,00000000,3C801903,458005EF,374EF907,00000000,00000000,00000000,1
17,4500.0,44,4380057C,3A5DB804,00000000,00000000,00000000,00000000,00000000,00000000,00000000,0
17,4500.0,45,4380453E,3A642977,00000000,00000000,00000000,00000000,00000000,00000000,00000000,0
17,4500.0,46,43807F8C,3A6A2229,00000000,00000000,00000000,00000000,00000000,00000000,00000000,0
17,4500.0,47,4380B3B0,3A6F818E,00000000,00000000,00000000,00000000,00000000,00000000,00000000,0
17,4500.0,48,4380E881,3A6E324D,00000000,00000000,00000000,00000000,00000000,00000000,00000000,0
17,4500.0,49,4380E87E,00000000,00000000,00000000,00000000,00000000,00000000,00000000,00000000,0
18,4500.0,1,43560000,38829306,00000000,00000000,00000000,00000000,00000000,00000000,00000000,0
18,4500.0,2,436202E3,39CCD708,00000000,00000000,00000000,00000000,00000000,00000000,00000000,0
18,4500.0,3,435E9F20,393CE8F0,00000000,00000000,00000000,00000000,00000000,00000000,00000000,0
18,4500.0,4,435CB200,38E0C140,00000000,00000000,00000000,00000000,00000000,00000000,00000000,0
18,4500.0,5,435B75CB,38996A3D,00000000,00000000,00000000,00000000,00000000,00000000,00000000,0
18,4500.0,6,435A9A1B,3863CF9A,00000000,00000000,00000000,00000000,00000000,00000000,00000000,0
18,4500.0,7,4359F8B8,3832E274,00000000,00000000,00000000,00000000,00000000,00000000,00000000,0
18,4500.0,8,43597D20,38122402,00000000,00000000,00000000,00000000,00000000,00000000,00000000,0
18,4500.0,9,435A1AD8,380ECFE4,00000000,00000000,00000000,00000000,00000000,00000000,00000000,0
18,4500.0,10,435D5F24,385053EE,00000000,00000000,00000000,00000000,00000000,00000000,00000000,0
18,4500.0,11,436066DD,38923E08,00000000,00000000,00000000,00000000,00000000,00000000,00000000,0
18,4500.0,12,436339FA,38C6B2BB,00000000,00000000,00000000,00000000,00000000,00000000,00000000,0
18,4500.0,13,4365DEF9,39033CC2,00000000,00000000,00000000,00000000,00000000,00000000,00000000,0
18,4500.0,14,436874DA,3904263E,00000000,3CBF39FA,45DE72CB,36456CEC,00000000,00000000,00000000,1
18,4500.0,15,436ACFEA,392BE0A6,00000000,3CE2C41D,4603294D,36983FFE,00000000,00000000,00000000,1
18,4500.0,16,436D0A4D,395A5746,00000000,3D019407,46151BB8,36DD0875,00000000,00000000,00000000,1
18,4500.0,17,436F2721,3987E9EC,00000000,3D100B30,4624EDD4,3718F30B,00000000,00000000,00000000,1
18,4500.0,18,43712907,39A647F7,00000000,3D1CAFF7,46328ED1,374B8C4C,00000000,00000000,00000000,1
18,4500.0,19,43731249,39C85B51,00000000,3D2777AE,463DFBE2,3783113C,00000000,00000000,00000000,1
18,4500.0,20,4374E4DC,39EE322F,00000000,3D3061D9,46473CFE,37A41D8B,00000000,00000000,00000000,1
18,4500.0,21,4376A27A,3A0BE9E2,00000000,3D3775F9,464E624C,37C88955,00000000,00000000,00000000,1
18,4500.0,22,43784CA1,3A22A061,00000000,3D3CC1BA,465381FE,37EFD1B1,00000000,00000000,00000000,1
18,4500.0,23,4379E4A4,3A3B399F,00000000,3D405773,4656B6AF,380CAB2C,00000000,00000000,00000000,1
18,4500.0,24,437B6BA6,3A556F66,00000000,3D424CFA,46581E02,3821FE99,00000000,00000000,00000000,1
18,4500.0,25,437CE2B0,3A6E79E8,00000000,3D42BAF5,4657D7F9,3835668B,00000000,00000000,00000000,1
18,4500.0,26,437E4AAA,3A846899,00000000,3D41BB16,46560501,3848673E,00000000,00000000,00000000,1
18,4500.0,27,437FA462,3A923351,00000000,3D3F686C,4652C657,385A9FD8,00000000,00000000,00000000,1
18,4500.0,28,43807846,3AA094E6,00000000,3D3BDE8F,464E3D2E,386BB0BE,00000000,00000000,00000000,1
18,4500.0,29,438117E7,3AAF8470,00000000,3D373942,46488A5B,387B3DDC,00000000,00000000,00000000,1
18,4500.0,30,4381B15D,3ABEF826,00000000,3D319415,4641CDED,38847809,00000000,00000000,00000000,1
18,4500.0,31,438244E4,3ACEE598,00000000,3D2B0A33,463A2708,388A3B9B,00000000,00000000,00000000,1
18,4500.0,32,4382D2B4,3ADF4167,00000000,3D23B633,4631B3C5,388EC58A,00000000,00000000,00000000,1
18,4500.0,33,43835B00,3AEFFF88,00000000,3D1BB1F2,4628910E,3891F68A,00000000,00000000,00000000,1
18,4500.0,34,4383DDEE,3B00897A,00000000,3D131688,461EDA9C,3893B482,00000000,00000000,00000000,1
18,4500.0,35,43845BA2,3B0936E5,00000000,3D09FC32,4614AAED,3893EB1B,00000000,00000000,00000000,1
18,4500.0,36,4384D439,3B120086,00000000,3D007A5E,460A1B58,38928C1A,00000000,00000000,00000000,1
18,4500.0,37,438547C3,3B1ADE6F,00000000,3CED4F46,45FE880B,388F8FE2,00000000,00000000,00000000,1
18,4500.0,38,4385B653,3B23C7EC,00000000,3CD933B0,45E8783F,388AF588,00000000,00000000,00000000,1
18,4500.0,39,43861FEE,3B2CB3C4,00000000,3CC4CC69,45D233D9,3884C388,00000000,00000000,00000000,1
18,4500.0,40,43868490,3B351BA5,00000000,3CB04300,45BBE61E,387964CF,00000000,00000000,00000000,1
18,4500.0,41,4386E42D,3B3CD71F,00000000,3C9BC033,45A5B919,3865C80D,00000000,00000000,00000000,1
18,4500.0,42,43873EAD,3B446B96,00000000,3C876C49,458FD613,384FCFA3,00000000,00000000,00000000,1
18,4500.0,43,438793E6,3B4BCD9A,00000000,3C66E0EF,4574CE15,3837CDCB,00000000,00000000,00000000,1
18,4500.0,44,4387E39C,3B52F028,00000000,3C3FEF16,454B2ED2,381E262E,00000000,00000000,00000000,1
18,4500.0,45,438817D3,3B5E2A40,00000000,00000000,00000000,00000000,00000000,00000000,00000000,0
18,4500.0,46,43885CE4,3B644AD5,00000000,00000000,00000000,00000000,00000000,00000000,00000000,0
18,4500.0,47,43889AE0,3B69E0E8,00000000,00000000,00000000,00000000,00000000,00000000,00000000,0
18,4500.0,48,4388E073,3B6B74D3,00000000,00000000,00000000,00000000,00000000,00000000,00000000,0
18,4500.0,49,4388FA19,00000000,00000000,00000000,00000000,00000000,00000000,00000000,00000000,0
1,9000.0,1,43458000,36D299B5,00000000,00000000,00000000,00000000,00000000,00000000,00000000,0
1,9000.0,2,4351556F,383E86F7,00000000,00000000,00000000,00000000,00000000,00000000,00000000,0
1,9000.0,3,434DC570,37A140AC,00000000,00000000,00000000,00000000,00000000,00000000,00000000,0
1,9000.0,4,4351677C,37CD7805,00000000,00000000,00000000,00000000,00000000,00000000,00000000,0
1,9000.0,5,4357A020,383CCCBE,00000000,00000000,00000000,00000000,00000000,00000000,00000000,0
1,9000.0,6,435D2805,389BF9A4,00000000,00000000,00000000,00000000,00000000,00000000,00000000,0
1,9000.0,7,43622031,38EDC5E4,00000000,00000000,00000000,00000000,00000000,00000000,00000000,0
1,9000.0,8,4366A25C,392A5350,00000000,00000000,00000000,00000000,00000000,00000000,00000000,0
1,9000.0,9,436AC257,39686766,00000000,00000000,00000000,00000000,00000000,00000000,00000000,0
1,9000.0,10,436E8FA8,39987F8A,00000000,00000000,00000000,00000000,00000000,00000000,00000000,0
1,9000.0,11,4372168E,39D2B3F2,00000000,00000000,00000000,00000000,00000000,00000000,00000000,0
1,9000.0,12,437560CC,3A0F8044,00000000,00000000,00000000,00000000,00000000,00000000,00000000,0
1,9000.0,13,43787648,3A3DF624,00000000,00000000,00000000,00000000,00000000,00000000,00000000,0
1,9000.0,14,437B5D0B,3A75904C,00000000,00000000,00000000,00000000,00000000,00000000,00000000,0
1,9000.0,15,437E18BC,3A9BD159,00000000,00000000,00000000,00000000,00000000,00000000,00000000,0
1,9000.0,16,4380586F,3AC1C7FE,00000000,00000000,00000000,00000000,00000000,00000000,00000000,0
1,9000.0,17,438194AA,3AECD722,00000000,00000000,00000000,00000000,00000000,00000000,00000000,0
1,9000.0,18,4382C28B,3B0E94D6,00000000,00000000,00000000,00000000,00000000,00000000,00000000,0
1,9000.0,19,4383E34E,3B2971DE,00000000,00000000,00000000,00000000,00000000,00000000,00000000,0
1,9000.0,20,4384F7F8,3B470FF4,00000000,00000000,00000000,00000000,00000000,00000000,00000000,0
1,9000.0,21,43860164,3B677702,00000000,00000000,00000000,00000000,00000000,00000000,00000000,0
1,9000.0,22,43870053,3B855477,00000000,00000000,00000000,00000000,00000000,00000000,00000000,0
1,9000.0,23,4387F570,3B985105,00000000,00000000,00000000,00000000,00000000,00000000,00000000,0
1,9000.0,24,4388E07C,3BACA22B,00000000,00000000,00000000,00000000,00000000,00000000,00000000,0
1,9000.0,25,4389C065,3BC27CAB,00000000,00000000,00000000,00000000,00000000,00000000,00000000,0
1,9000.0,26,438A97AB,3BD7C3EA,00000000,00000000,00000000,00000000,00000000,00000000,00000000,0
1,9000.0,27,438B66C5,3BECA3BE,00000000,00000000,00000000,00000000,00000000,00000000,00000000,0
1,9000.0,28,438C2E17,3C012B6C,00000000,00000000,00000000,00000000,00000000,00000000,00000000,0
1,9000.0,29,438CEDFC,3C0C67EE,00000000,00000000,00000000,00000000,00000000,00000000,00000000,0
1,9000.0,30,438DA6C1,3C18008F,00000000,00000000,00000000,00000000,00000000,00000000,00000000,0
1,9000.0,31,438E58AB,3C23ED6A,00000000,00000000,00000000,00000000,00000000,00000000,00000000,0
1,9000.0,32,438F03F8,3C30267C,00000000,00000000,00000000,00000000,00000000,00000000,00000000,0
1,9000.0,33,438FA8DD,3C3CA2D9,00000000,00000000,00000000,00000000,00000000,00000000,00000000,0
1,9000.0,34,43904787,3C495930,00000000,00000000,00000000,00000000,00000000,00000000,00000000,0
1,9000.0,35,4390E01B,3C563F5F,00000000,00000000,00000000,00000000,00000000,00000000,00000000,0
1,9000.0,36,439172BC,3C634A93,00000000,00000000,00000000,00000000,00000000,00000000,00000000,0
1,9000.0,37,4391FF7C,3C706F3E,00000000,00000000,00000000,00000000,00000000,00000000,00000000,0
1,9000.0,38,4392866D,3C7DA0AF,00000000,00000000,00000000,00000000,00000000,00000000,00000000,0
1,9000.0,39,43930794,3C8568A8,00000000,00000000,00000000,00000000,00000000,00000000,00000000,0
1,9000.0,40,439382F0,3C8BF911,00000000,00000000,00000000,00000000,00000000,00000000,00000000,0
1,9000.0,41,4393F870,3C91E7A0,00000000,00000000,00000000,00000000,00000000,00000000,00000000,0
1,9000.0,42,439467F8,3C977D49,00000000,00000000,00000000,00000000,00000000,00000000,00000000,0
1,9000.0,43,4394D15B,3C9CEBA9,00000000,00000000,00000000,00000000,00000000,00000000,00000000,0
1,9000.0,44,43953459,3CA2291B,00000000,00000000,00000000,00000000,00000000,00000000,00000000,0
1,9000.0,45,4395908F,3CA72989,00000000,00000000,00000000,00000000,00000000,00000000,00000000,0
1,9000.0,46,4395B61A,3CB44622,00000000,00000000,00000000,00000000,00000000,00000000,00000000,2
1,9000.0,47,43961CDA,3CB6E18D,322BCC77,3C0987C2,451F3C3E,39447F60,2EB8970D,00000000,00000000,2
1,9000.0,48,43967AD7,3CB9DE12,00000000,00000000,00000000,00000000,00000000,00000000,00000000,1
1,9000.0,49,4396DBED,3CBE633B,00000000,00000000,00000000,00000000,00000000,00000000,00000000,1
2,9000.0,1,43468000,36F520CD,00000000,00000000,00000000,00000000,00000000,00000000,00000000,0
2,9000.0,2,432C228A,339C118B,00000000,00000000,00000000,00000000,00000000,00000000,00000000,0
2,9000.0,3,433CD77E,35BC8168,00000000,00000000,00000000,00000000,00000000,00000000,00000000,2
2,9000.0,4,4349F33D,3723773A,00000000,00000000,00000000,00000000,00000000,00000000,00000000,2
2,9000.0,5,4354E13E,3827429F,00000000,00000000,00000000,00000000,00000000,00000000,00000000,2
2,9000.0,6,435E2EA1,38F4C0DF,00000000,00000000,00000000,00000000,00000000,00000000,00000000,2
2,9000.0,7,4366266A,398D6817,00000000,00000000,00000000,00000000,00000000,00000000,00000000,2
2,9000.0,8,436CF6F8,3A08D485,00000000,00000000,00000000,00000000,00000000,00000000,00000000,2
2,9000.0,9,4372C696,3A66ED10,00000000,00000000,00000000,00000000,00000000,00000000,00000000,2
2,9000.0,10,4377BB21,3AAF511D,00000000,00000000,00000000,00000000,00000000,00000000,00000000,2
2,9000.0,11,437BF742,3AF59E9E,00000000,00000000,00000000,00000000,00000000,00000000,00000000,2
2,9000.0,12,437F95C2,3B226F43,00000000,00000000,00000000,00000000,00000000,00000000,00000000,2
2,9000.0,13,43815C1F,3B4CFAB4,00000000,00000000,00000000,00000000,00000000,00000000,00000000,2
2,9000.0,14,4382BDEB,3B791B18,00000000,00000000,00000000,00000000,00000000,00000000,00000000,2
2,9000.0,15,4383FB3D,3B92EF30,00000000,00000000,00000000,00000000,00000000,00000000,00000000,2
2,9000.0,16,43851C46,3BA95083,00000000,00000000,00000000,00000000,00000000,00000000,00000000,2
2,9000.0,17,43862740,3BBF7BDB,00000000,00000000,00000000,00000000,00000000,00000000,00000000,2
2,9000.0,18,438720FC,3BD54D88,00000000,00000000,00000000,00000000,00000000,00000000,00000000,2
2,9000.0,19,43880E23,3BEAC911,00000000,00000000,00000000,00000000,00000000,00000000,00000000,2
2,9000.0,20,4388F1CF,3BFFF863,00000000,00000000,00000000,00000000,00000000,00000000,00000000,2
2,9000.0,21,4389C98C,3C0A8D82,00000000,00000000,00000000,00000000,00000000,00000000,00000000,2
2,9000.0,22,438A956C,3C151742,00000000,00000000,00000000,00000000,00000000,00000000,00000000,2
2,9000.0,23,438B5637,3C1F8CFE,00000000,00000000,00000000,00000000,00000000,00000000,00000000,2
2,9000.0,24,438C0D3E,3C29F1F7,00000000,00000000,00000000,00000000,00000000,00000000,00000000,2
2,9000.0,25,438CBBA5,3C344AAE,00000000,00000000,00000000,00000000,00000000,00000000,00000000,2
2,9000.0,26,438D626D,3C3E9CC8,00000000,00000000,00000000,00000000,00000000,00000000,00000000,2
2,9000.0,27,438E0285,3C48F03C,00000000,00000000,00000000,00000000,00000000,00000000,00000000,2
2,9000.0,28,438E9CB2,3C534C65,00000000,00000000,00000000,00000000,00000000,00000000,00000000,2
2,9000.0,29,438F318D,3C5DB691,00000000,00000000,00000000,00000000,00000000,00000000,00000000,2
2,9000.0,30,438FC18F,3C6832AF,00000000,00000000,00000000,00000000,00000000,00000000,00000000,2
2,9000.0,31,43904D15,3C72C30D,00000000,00000000,00000000,00000000,00000000,00000000,00000000,2
2,9000.0,32,4390D460,3C7D6802,00000000,00000000,00000000,00000000,00000000,00000000,00000000,2
2,9000.0,33,43915799,3C840FE2,00000000,00000000,00000000,00000000,00000000,00000000,00000000,2
2,9000.0,34,4391D6D3,3C8972E4,00000000,00000000,00000000,00000000,00000000,00000000,00000000,2
2,9000.0,35,43925209,3C8ED97B,00000000,00000000,00000000,00000000,00000000,00000000,00000000,2
2,9000.0,36,4392C920,3C943E56,00000000,00000000,00000000,00000000,00000000,00000000,00000000,2
2,9000.0,37,43933BEA,3C999A87,00000000,00000000,00000000,00000000,00000000,00000000,00000000,2
2,9000.0,38,4393AA20,3C9EE507,00000000,00000000,00000000,00000000,00000000,00000000,00000000,2
2,9000.0,39,43941365,3CA412A0,00000000,00000000,00000000,00000000,00000000,00000000,00000000,2
2,9000.0,40,43947745,3CA915B2,00000000,00000000,00000000,00000000,00000000,00000000,00000000,2
2,9000.0,41,4394D588,3CADE50C,00000000,00000000,00000000,00000000,00000000,00000000,00000000,2
2,9000.0,42,43952E23,3CB27B73,00000000,00000000,00000000,00000000,00000000,00000000,00000000,2
2,9000.0,43,439580B9,3CB6CD21,00000000,00000000,00000000,00000000,00000000,00000000,00000000,2
2,9000.0,44,4395CCB4,3CBAC9AE,00000000,00000000,00000000,00000000,00000000,00000000,00000000,2
2,9000.0,45,4396116A,3CBE5F78,00000000,00000000,00000000,00000000,00000000,00000000,00000000,2
2,9000.0,46,43964E28,3CC17CB2,37E1E800,3F158E39,482DEB1B,3C621224,3783F989,00000000,00000000,2
2,9000.0,47,4396B150,3CC2DB43,00000000,00000000,00000000,00000000,00000000,00000000,00000000,1
2,9000.0,48,43971C61,3CC33D97,00000000,00000000,00000000,00000000,00000000,00000000,00000000,1
2,9000.0,49,43972408,3CC7B8C5,00000000,00000000,00000000,00000000,00000000,00000000,00000000,1
3,9000.0,1,43468000,36F520CD,00000000,00000000,00000000,00000000,00000000,00000000,00000000,0
3,9000.0,2,432C3572,339E8FCF,00000000,00000000,00000000,00000000,00000000,00000000,00000000,0
3,9000.0,3,433CEA62,35BEFB4B,00000000,00000000,00000000,00000000,00000000,00000000,00000000,2
3,9000.0,4,434A060E,372552FE,00000000,00000000,00000000,00000000,00000000,00000000,00000000,2
3,9000.0,5,4354F3D4,3828F14C,00000000,00000000,00000000,00000000,00000000,00000000,00000000,2
3,9000.0,6,435E40BE,38F6F2CD,00000000,00000000,00000000,00000000,00000000,00000000,00000000,2
3,9000.0,7,436637B8,398E883F,00000000,00000000,00000000,00000000,00000000,00000000,00000000,2
3,9000.0,8,436D072A,3A09CA2D,00000000,00000000,00000000,00000000,00000000,00000000,00000000,2
3,9000.0,9,4372D583,3A685863,00000000,00000000,00000000,00000000,00000000,00000000,00000000,2
3,9000.0,10,4377C8BE,3AB0426B,00000000,00000000,00000000,00000000,00000000,00000000,00000000,2
3,9000.0,11,437C0391,3AF6CA72,00000000,00000000,00000000,00000000,00000000,00000000,00000000,2
3,9000.0,12,437FA0DF,3B23202C,00000000,00000000,00000000,00000000,00000000,00000000,00000000,2
3,9000.0,13,43816131,3B4DC1CE,00000000,00000000,00000000,00000000,00000000,00000000,00000000,2
3,9000.0,14,4382C29D,3B79F479,00000000,00000000,00000000,00000000,00000000,00000000,00000000,2
3,9000.0,15,4383FFA4,3B936367,00000000,00000000,00000000,00000000,00000000,00000000,00000000,2
3,9000.0,16,43852075,3BA9CAED,00000000,00000000,00000000,00000000,00000000,00000000,00000000,2
3,9000.0,17,43862B44,3BBFFB57,00000000,00000000,00000000,00000000,00000000,00000000,00000000,2
3,9000.0,18,438724E2,3BD5D14F,00000000,00000000,00000000,00000000,00000000,00000000,00000000,2
3,9000.0,19,438811FC,3BEB5155,00000000,00000000,00000000,00000000,00000000,00000000,00000000,2
3,9000.0,20,4388F593,3C004251,00000000,00000000,00000000,00000000,00000000,00000000,00000000,2
3,9000.0,21,4389CD32,3C0AD610,00000000,00000000,00000000,00000000,00000000,00000000,00000000,2
3,9000.0,22,438A98EF,3C156170,00000000,00000000,00000000,00000000,00000000,00000000,00000000,2
3,9000.0,23,438B5998,3C1FD876,00000000,00000000,00000000,00000000,00000000,00000000,00000000,2
3,9000.0,24,438C107B,3C2A3E24,00000000,00000000,00000000,00000000,00000000,00000000,00000000,2
3,9000.0,25,438CBEBB,3C3496CF,00000000,00000000,00000000,00000000,00000000,00000000,00000000,2
3,9000.0,26,438D6558,3C3EE817,00000000,00000000,00000000,00000000,00000000,00000000,00000000,2
3,9000.0,27,438E0540,3C4939E3,00000000,00000000,00000000,00000000,00000000,00000000,00000000,2
3,9000.0,28,438E9F3B,3C53939D,00000000,00000000,00000000,00000000,00000000,00000000,00000000,2
3,9000.0,29,438F33E0,3C5DFA6D,00000000,00000000,00000000,00000000,00000000,00000000,00000000,2
3,9000.0,30,438FC3A9,3C687266,00000000,00000000,00000000,00000000,00000000,00000000,00000000,2
3,9000.0,31,43904EF2,3C72FDBE,00000000,00000000,00000000,00000000,00000000,00000000,00000000,2
3,9000.0,32,4390D5FE,3C7D9CB7,00000000,00000000,00000000,00000000,00000000,00000000,00000000,2
3,9000.0,33,439158F7,3C8426DF,00000000,00000000,00000000,00000000,00000000,00000000,00000000,2
3,9000.0,34,4391D7EF,3C89863A,00000000,00000000,00000000,00000000,00000000,00000000,00000000,2
3,9000.0,35,439252E4,3C8EE8DC,00000000,00000000,00000000,00000000,00000000,00000000,00000000,2
3,9000.0,36,4392C9BE,3C9449C4,00000000,00000000,00000000,00000000,00000000,00000000,00000000,2
3,9000.0,37,43933C50,3C99A220,00000000,00000000,00000000,00000000,00000000,00000000,00000000,2
3,9000.0,38,4393AA57,3C9EE93B,00000000,00000000,00000000,00000000,00000000,00000000,00000000,2
3,9000.0,39,4394137A,3CA4144C,00000000,00000000,00000000,00000000,00000000,00000000,00000000,2
3,9000.0,40,43947749,3CA915FE,00000000,00000000,00000000,00000000,00000000,00000000,00000000,2
3,9000.0,41,4394D588,3CADE50C,00000000,00000000,00000000,00000000,00000000,00000000,00000000,2
3,9000.0,42,43952E23,3CB27B73,00000000,00000000,00000000,00000000,00000000,00000000,00000000,2
3,9000.0,43,439580B9,3CB6CD21,00000000,00000000,00000000,00000000,00000000,00000000,00000000,2
3,9000.0,44,4395CCB4,3CBAC9AE,00000000,00000000,00000000,00000000,00000000,00000000,00000000,2
3,9000.0,45,4396116A,3CBE5F78,00000000,00000000,00000000,00000000,00000000,00000000,00000000,2
3,9000.0,46,43964E28,3CC17CB2,37E1E800,3F158E39,482DEB1B,3C621224,3783F989,00000000,00000000,2
3,9000.0,47,4396B150,3CC2DB43,00000000,00000000,00000000,00000000,00000000,00000000,00000000,1
3,9000.0,48,43971C61,3CC33D97,00000000,00000000,00000000,00000000,00000000,00000000,00000000,1
3,9000.0,49,43972408,3CC7B8C5,00000000,00000000,00000000,00000000,00000000,00000000,00000000,1
4,9000.0,1,4346CCCC,37003AF3,00000000,00000000,00000000,00000000,00000000,00000000,00000000,0
4,9000.0,2,432D78B2,33CF7524,00000000,00000000,00000000,00000000,00000000,00000000,00000000,0
4,9000.0,3,433E33DC,35EF63AD,00000000,00000000,00000000,00000000,00000000,00000000,00000000,2
4,9000.0,4,434B5176,3749770B,00000000,00000000,00000000,00000000,00000000,00000000,00000000,2
4,9000.0,5,43563DDE,384990E1,00000000,00000000,00000000,00000000,00000000,00000000,00000000,2
4,9000.0,6,435F841A,3910AA0E,00000000,00000000,00000000,00000000,00000000,00000000,00000000,2
4,9000.0,7,43676DDD,39A42A77,00000000,00000000,00000000,00000000,00000000,00000000,00000000,2
4,9000.0,8,436E2A51,3A1C21EF,00000000,00000000,00000000,00000000,00000000,00000000,00000000,2
4,9000.0,9,4373E269,3A81AA1F,00000000,00000000,00000000,00000000,00000000,00000000,00000000,2
4,9000.0,10,4378BEA7,3AC21B51,00000000,00000000,00000000,00000000,00000000,00000000,00000000,2
4,9000.0,11,437CE244,3B067AE5,00000000,00000000,00000000,00000000,00000000,00000000,00000000,2
4,9000.0,12,43803554,3B302B33,00000000,00000000,00000000,00000000,00000000,00000000,00000000,2
4,9000.0,13,4381BDC2,3B5C6E6C,00000000,00000000,00000000,00000000,00000000,00000000,00000000,2
4,9000.0,14,438318B4,3B84FD00,00000000,00000000,00000000,00000000,00000000,00000000,00000000,2
4,9000.0,15,438450C5,3B9BF540,00000000,00000000,00000000,00000000,00000000,00000000,00000000,2
4,9000.0,16,43856DD8,3BB2D480,00000000,00000000,00000000,00000000,00000000,00000000,00000000,2
4,9000.0,17,438675EA,3BC96A0C,00000000,00000000,00000000,00000000,00000000,00000000,00000000,2
4,9000.0,18,43876DA2,3BDF952F,00000000,00000000,00000000,00000000,00000000,00000000,00000000,2
4,9000.0,19,43885A36,3BF57389,00000000,00000000,00000000,00000000,00000000,00000000,00000000,2
4,9000.0,20,43893C58,3C058105,00000000,00000000,00000000,00000000,00000000,00000000,00000000,2
4,9000.0,21,438A122D,3C104A95,00000000,00000000,00000000,00000000,00000000,00000000,00000000,2
4,9000.0,22,438ADBE2,3C1B0011,00000000,00000000,00000000,00000000,00000000,00000000,00000000,2
4,9000.0,23,438B9AC3,3C25A009,00000000,00000000,00000000,00000000,00000000,00000000,00000000,2
4,9000.0,24,438C5016,3C302DF7,00000000,00000000,00000000,00000000,00000000,00000000,00000000,2
4,9000.0,25,438CFCFA,3C3AAEE3,00000000,00000000,00000000,00000000,00000000,00000000,00000000,2
4,9000.0,26,438DA268,3C4528EA,00000000,00000000,00000000,00000000,00000000,00000000,00000000,2
4,9000.0,27,438E414A,3C4FA43E,00000000,00000000,00000000,00000000,00000000,00000000,00000000,2
4,9000.0,28,438EDA64,3C5A28EB,00000000,00000000,00000000,00000000,00000000,00000000,00000000,2
4,9000.0,29,438F6E4A,3C64BC60,00000000,00000000,00000000,00000000,00000000,00000000,00000000,2
4,9000.0,30,438FFD73,3C6F62C6,00000000,00000000,00000000,00000000,00000000,00000000,00000000,2
4,9000.0,31,43908837,3C7A1E70,00000000,00000000,00000000,00000000,00000000,00000000,00000000,2
4,9000.0,32,43910ED6,3C8277E1,00000000,00000000,00000000,00000000,00000000,00000000,00000000,2
4,9000.0,33,43919178,3C87EA7A,00000000,00000000,00000000,00000000,00000000,00000000,00000000,2
4,9000.0,34,4392102B,3C8D64C2,00000000,00000000,00000000,00000000,00000000,00000000,00000000,2
4,9000.0,35,43928AED,3C92E317,00000000,00000000,00000000,00000000,00000000,00000000,00000000,2
4,9000.0,36,439301A0,3C986028,00000000,00000000,00000000,00000000,00000000,00000000,00000000,2
4,9000.0,37,43937416,3C9DD505,00000000,00000000,00000000,00000000,00000000,00000000,00000000,2
4,9000.0,38,4393E20B,3CA338A6,00000000,00000000,00000000,00000000,00000000,00000000,00000000,2
4,9000.0,39,43944B22,3CA87FC6,00000000,00000000,00000000,00000000,00000000,00000000,00000000,2
4,9000.0,40,4394AEE9,3CAD9CB9,00000000,00000000,00000000,00000000,00000000,00000000,00000000,2
4,9000.0,41,43950D21,3CB285C6,00000000,00000000,00000000,00000000,00000000,00000000,00000000,2
4,9000.0,42,439565B3,3CB7349F,00000000,00000000,00000000,00000000,00000000,00000000,00000000,2
4,9000.0,43,4395B83E,3CBB9CC8,00000000,00000000,00000000,00000000,00000000,00000000,00000000,2
4,9000.0,44,43960426,3CBFAD42,00000000,00000000,00000000,00000000,00000000,00000000,00000000,2
4,9000.0,45,439648C3,3CC353D9,00000000,00000000,00000000,00000000,00000000,00000000,00000000,2
4,9000.0,46,4396855D,3CC67E26,00000000,00000000,00000000,00000000,00000000,00000000,00000000,2
4,9000.0,47,4396D76A,3CC854ED,322BCC77,3F08EBA5,481F4CCA,3C564B0A,31B7C585,00000000,00000000,2
4,9000.0,48,439742A5,3CC8B95D,00000000,00000000,00000000,00000000,00000000,00000000,00000000,1
4,9000.0,49,43974A64,3CCD5B59,00000000,00000000,00000000,00000000,00000000,00000000,00000000,1
5,9000.0,1,43470000,3704242C,00000000,00000000,00000000,00000000,00000000,00000000,00000000,0
5,9000.0,2,432D2964,33C24AE0,00000000,00000000,00000000,00000000,00000000,00000000,00000000,0
5,9000.0,3,433DE8EB,35E3766D,00000000,00000000,00000000,00000000,00000000,00000000,00000000,2
5,9000.0,4,434B0913,3740FE45,00000000,00000000,00000000,00000000,00000000,00000000,00000000,2
5,9000.0,5,4355F845,38423C14,00000000,00000000,00000000,00000000,00000000,00000000,00000000,2
5,9000.0,6,435F420A,390C1448,00000000,00000000,00000000,00000000,00000000,00000000,00000000,2
5,9000.0,7,43673053,399FA57A,00000000,00000000,00000000,00000000,00000000,00000000,00000000,2
5,9000.0,8,436DF217,3A186C8D,00000000,00000000,00000000,00000000,00000000,00000000,00000000,2
5,9000.0,9,4373AFBF,3A7E08D9,00000000,00000000,00000000,00000000,00000000,00000000,00000000,2
5,9000.0,10,4378915C,3ABEB325,00000000,00000000,00000000,00000000,00000000,00000000,00000000,2
5,9000.0,11,437CBA1C,3B04694B,00000000,00000000,00000000,00000000,00000000,00000000,00000000,2
5,9000.0,12,43802377,3B2DCA55,00000000,00000000,00000000,00000000,00000000,00000000,00000000,2
5,9000.0,13,4381ADA4,3B59CFA8,00000000,00000000,00000000,00000000,00000000,00000000,00000000,2
5,9000.0,14,438309F2,3B8395B2,00000000,00000000,00000000,00000000,00000000,00000000,00000000,2
5,9000.0,15,43844311,3B9A7B94,00000000,00000000,00000000,00000000,00000000,00000000,00000000,2
5,9000.0,16,438560F4,3BB14CB6,00000000,00000000,00000000,00000000,00000000,00000000,00000000,2
5,9000.0,17,438669A6,3BC7D778,00000000,00000000,00000000,00000000,00000000,00000000,00000000,2
5,9000.0,18,438761D6,3BDDFAA2,00000000,00000000,00000000,00000000,00000000,00000000,00000000,2
5,9000.0,19,43884EA5,3BF3CFA2,00000000,00000000,00000000,00000000,00000000,00000000,00000000,2
5,9000.0,20,43893131,3C04AA38,00000000,00000000,00000000,00000000,00000000,00000000,00000000,2
5,9000.0,21,438A0771,3C0F6E10,00000000,00000000,00000000,00000000,00000000,00000000,00000000,2
5,9000.0,22,438AD195,3C1A1FA6,00000000,00000000,00000000,00000000,00000000,00000000,00000000,2
5,9000.0,23,438B90D5,3C24BB88,00000000,00000000,00000000,00000000,00000000,00000000,00000000,2
5,9000.0,24,438C4679,3C2F453F,00000000,00000000,00000000,00000000,00000000,00000000,00000000,2
5,9000.0,25,438CF3A2,3C39C1CE,00000000,00000000,00000000,00000000,00000000,00000000,00000000,2
5,9000.0,26,438D994C,3C44372F,00000000,00000000,00000000,00000000,00000000,00000000,00000000,2
5,9000.0,27,438E3860,3C4EAD87,00000000,00000000,00000000,00000000,00000000,00000000,00000000,2
5,9000.0,28,438ED1A3,3C592CB9,00000000,00000000,00000000,00000000,00000000,00000000,00000000,2
5,9000.0,29,438F65AA,3C63BA14,00000000,00000000,00000000,00000000,00000000,00000000,00000000,2
5,9000.0,30,438FF4EC,3C6E59AD,00000000,00000000,00000000,00000000,00000000,00000000,00000000,2
5,9000.0,31,43907FC1,3C790DCF,00000000,00000000,00000000,00000000,00000000,00000000,00000000,2
5,9000.0,32,4391066A,3C81EB71,00000000,00000000,00000000,00000000,00000000,00000000,00000000,2
5,9000.0,33,4391890F,3C87598D,00000000,00000000,00000000,00000000,00000000,00000000,00000000,2
5,9000.0,34,439207C2,3C8CCEFF,00000000,00000000,00000000,00000000,00000000,00000000,00000000,2
5,9000.0,35,4392827C,3C92481B,00000000,00000000,00000000,00000000,00000000,00000000,00000000,2
5,9000.0,36,4392F924,3C97BFAB,00000000,00000000,00000000,00000000,00000000,00000000,00000000,2
5,9000.0,37,43936B8B,3C9D2EB2,00000000,00000000,00000000,00000000,00000000,00000000,00000000,2
5,9000.0,38,4393D96D,3CA28C30,00000000,00000000,00000000,00000000,00000000,00000000,00000000,2
5,9000.0,39,4394426E,3CA7CD05,00000000,00000000,00000000,00000000,00000000,00000000,00000000,2
5,9000.0,40,4394A61C,3CACE398,00000000,00000000,00000000,00000000,00000000,00000000,00000000,2
5,9000.0,41,4395043A,3CB1C641,00000000,00000000,00000000,00000000,00000000,00000000,00000000,2
5,9000.0,42,43955CB4,3CB66EE3,00000000,00000000,00000000,00000000,00000000,00000000,00000000,2
5,9000.0,43,4395AF28,3CBAD159,00000000,00000000,00000000,00000000,00000000,00000000,00000000,2
5,9000.0,44,4395FB01,3CBEDCD6,00000000,00000000,00000000,00000000,00000000,00000000,00000000,2
5,9000.0,45,43963F93,3CC27F4B,00000000,00000000,00000000,00000000,00000000,00000000,00000000,2
5,9000.0,46,43967C5C,3CC5A52C,322BCC77,3F158E39,482E20E1,3C66EDE0,31C8BAE6,00000000,00000000,2
5,9000.0,47,4396F0E7,3CC69726,00000000,00000000,00000000,00000000,00000000,00000000,00000000,1
5,9000.0,48,43975C2F,3CC6FAE8,00000000,00000000,00000000,00000000,00000000,00000000,00000000,1
5,9000.0,49,439763FA,3CCB8E9B,00000000,00000000,00000000,00000000,00000000,00000000,00000000,1
6,9000.0,1,435D4000,391DF558,00000000,00000000,00000000,00000000,00000000,00000000,00000000,0
6,9000.0,2,4368B412,3A59B75E,00000000,00000000,00000000,00000000,00000000,00000000,00000000,0
6,9000.0,3,433B0EB3,35890B11,00000000,00000000,00000000,00000000,00000000,00000000,00000000,0
6,9000.0,4,43494F19,37140FD1,00000000,00000000,00000000,00000000,00000000,00000000,00000000,2
6,9000.0,5,4354C762,3824F1FB,00000000,00000000,00000000,00000000,00000000,00000000,00000000,2
6,9000.0,6,435E40BE,38F6F2CD,00000000,00000000,00000000,00000000,00000000,00000000,00000000,2
6,9000.0,7,436637B8,398E883F,00000000,00000000,00000000,00000000,00000000,00000000,00000000,2
6,9000.0,8,436D072A,3A09CA2D,00000000,00000000,00000000,00000000,00000000,00000000,00000000,2
6,9000.0,9,4372D583,3A685863,00000000,00000000,00000000,00000000,00000000,00000000,00000000,2
6,9000.0,10,4377C8BE,3AB0426B,00000000,00000000,00000000,00000000,00000000,00000000,00000000,2
6,9000.0,11,437C0391,3AF6CA72,00000000,00000000,00000000,00000000,00000000,00000000,00000000,2
6,9000.0,12,437FA0DF,3B23202C,00000000,00000000,00000000,00000000,00000000,00000000,00000000,2
6,9000.0,13,43816131,3B4DC1CE,00000000,00000000,00000000,00000000,00000000,00000000,00000000,2
6,9000.0,14,4382C29D,3B79F479,00000000,00000000,00000000,00000000,00000000,00000000,00000000,2
6,9000.0,15,4383FFA4,3B936367,00000000,00000000,00000000,00000000,00000000,00000000,00000000,2
6,9000.0,16,43852075,3BA9CAED,00000000,00000000,00000000,00000000,00000000,00000000,00000000,2
6,9000.0,17,43862B44,3BBFFB57,00000000,00000000,00000000,00000000,00000000,00000000,00000000,2
6,9000.0,18,438724E2,3BD5D14F,00000000,00000000,00000000,00000000,00000000,00000000,00000000,2
6,9000.0,19,438811FC,3BEB5155,00000000,00000000,00000000,00000000,00000000,00000000,00000000,2
6,9000.0,20,4388F593,3C004251,00000000,00000000,00000000,00000000,00000000,00000000,00000000,2
6,9000.0,21,4389CD32,3C0AD610,00000000,00000000,00000000,00000000,00000000,00000000,00000000,2
6,9000.0,22,438A98EF,3C156170,00000000,00000000,00000000,00000000,00000000,00000000,00000000,2
6,9000.0,23,438B5998,3C1FD876,00000000,00000000,00000000,00000000,00000000,00000000,00000000,2
6,9000.0,24,438C107B,3C2A3E24,00000000,00000000,00000000,00000000,00000000,00000000,00000000,2
6,9000.0,25,438CBEBB,3C3496CF,00000000,00000000,00000000,00000000,00000000,00000000,00000000,2
6,9000.0,26,438D6558,3C3EE817,00000000,00000000,00000000,00000000,00000000,00000000,00000000,2
6,9000.0,27,438E0540,3C4939E3,00000000,00000000,00000000,00000000,00000000,00000000,00000000,2
6,9000.0,28,438E9F3B,3C53939D,00000000,00000000,00000000,00000000,00000000,00000000,00000000,2
6,9000.0,29,438F33E0,3C5DFA6D,00000000,00000000,00000000,00000000,00000000,00000000,00000000,2
6,9000.0,30,438FC3A9,3C687266,00000000,00000000,00000000,00000000,00000000,00000000,00000000,2
6,9000.0,31,43904EF2,3C72FDBE,00000000,00000000,00000000,00000000,00000000,00000000,00000000,2
6,9000.0,32,4390D5FE,3C7D9CB7,00000000,00000000,00000000,00000000,00000000,00000000,00000000,2
6,9000.0,33,439158F7,3C8426DF,00000000,00000000,00000000,00000000,00000000,00000000,00000000,2
6,9000.0,34,4391D7EF,3C89863A,00000000,00000000,00000000,00000000,00000000,00000000,00000000,2
6,9000.0,35,439252E4,3C8EE8DC,00000000,00000000,00000000,00000000,00000000,00000000,00000000,2
6,9000.0,36,4392C9BE,3C9449C4,00000000,00000000,00000000,00000000,00000000,00000000,00000000,2
6,9000.0,37,43933C50,3C99A220,00000000,00000000,00000000,00000000,00000000,00000000,00000000,2
6,9000.0,38,4393AA57,3C9EE93B,00000000,00000000,00000000,00000000,00000000,00000000,00000000,2
6,9000.0,39,4394137A,3CA4144C,00000000,00000000,00000000,00000000,00000000,00000000,00000000,2
6,9000.0,40,43947749,3CA915FE,00000000,00000000,00000000,00000000,00000000,00000000,00000000,2
6,9000.0,41,4394D588,3CADE50C,00000000,00000000,00000000,00000000,00000000,00000000,00000000,2
6,9000.0,42,43952E23,3CB27B73,00000000,00000000,00000000,00000000,00000000,00000000,00000000,2
6,9000.0,43,439580B9,3CB6CD21,00000000,00000000,00000000,00000000,00000000,00000000,00000000,2
6,9000.0,44,4395CCB4,3CBAC9AE,00000000,00000000,00000000,00000000,00000000,00000000,00000000,2
6,9000.0,45,4396116A,3CBE5F78,00000000,00000000,00000000,00000000,00000000,00000000,00000000,2
6,9000.0,46,43964E28,3CC17CB2,37E1E800,3F158E39,482DEB1B,3C621224,3783F989,00000000,00000000,2
6,9000.0,47,4396B150,3CC2DB43,00000000,00000000,00000000,00000000,00000000,00000000,00000000,1
6,9000.0,48,43971C61,3CC33D97,00000000,00000000,00000000,00000000,00000000,00000000,00000000,1
6,9000.0,49,43972408,3CC7B8C5,00000000,00000000,00000000,00000000,00000000,00000000,00000000,1
7,9000.0,1,4346999A,36F8DA87,00000000,00000000,00000000,00000000,00000000,00000000,00000000,0
7,9000.0,2,432C8F3D,33AAEC90,00000000,00000000,00000000,00000000,00000000,00000000,00000000,0
7,9000.0,3,433D4645,35CB7790,00000000,00000000,00000000,00000000,00000000,00000000,00000000,2
7,9000.0,4,434A62AC,372EC31C,00000000,00000000,00000000,00000000,00000000,00000000,00000000,2
7,9000.0,5,43555044,38318BD9,00000000,00000000,00000000,00000000,00000000,00000000,00000000,2
7,9000.0,6,435E9B8B,39011D24,00000000,00000000,00000000,00000000,00000000,00000000,00000000,2
7,9000.0,7,43668F11,39945793,00000000,00000000,00000000,00000000,00000000,00000000,00000000,2
7,9000.0,8,436D596A,3A0EC25A,00000000,00000000,00000000,00000000,00000000,00000000,00000000,2
7,9000.0,9,437321AB,3A6FB678,00000000,00000000,00000000,00000000,00000000,00000000,00000000,2
7,9000.0,10,43780E8B,3AB52A6F,00000000,00000000,00000000,00000000,00000000,00000000,00000000,2
7,9000.0,11,437C42EC,3AFCE84F,00000000,00000000,00000000,00000000,00000000,00000000,00000000,2
7,9000.0,12,437FDA4D,3B26BE09,00000000,00000000,00000000,00000000,00000000,00000000,00000000,2
7,9000.0,13,43817B8A,3B51D77D,00000000,00000000,00000000,00000000,00000000,00000000,00000000,2
7,9000.0,14,4382DB1C,3B7E6D43,00000000,00000000,00000000,00000000,00000000,00000000,00000000,2
7,9000.0,15,438416B8,3B95C90C,00000000,00000000,00000000,00000000,00000000,00000000,00000000,2
7,9000.0,16,43853677,3BAC534C,00000000,00000000,00000000,00000000,00000000,00000000,00000000,2
7,9000.0,17,4386407D,3BC2A11C,00000000,00000000,00000000,00000000,00000000,00000000,00000000,2
7,9000.0,18,4387398E,3BD88FED,00000000,00000000,00000000,00000000,00000000,00000000,00000000,2
7,9000.0,19,4388267E,3BEE2B1B,00000000,00000000,00000000,00000000,00000000,00000000,00000000,2
7,9000.0,20,438909B6,3C01BB84,00000000,00000000,00000000,00000000,00000000,00000000,00000000,2
7,9000.0,21,4389E0D0,3C0C5E55,00000000,00000000,00000000,00000000,00000000,00000000,00000000,2
7,9000.0,22,438AABF4,3C16F55E,00000000,00000000,00000000,00000000,00000000,00000000,00000000,2
7,9000.0,23,438B6C14,3C21775B,00000000,00000000,00000000,00000000,00000000,00000000,00000000,2
7,9000.0,24,438C2279,3C2BE750,00000000,00000000,00000000,00000000,00000000,00000000,00000000,2
7,9000.0,25,438CD042,3C364979,00000000,00000000,00000000,00000000,00000000,00000000,00000000,2
7,9000.0,26,438D766E,3C40A36F,00000000,00000000,00000000,00000000,00000000,00000000,00000000,2
7,9000.0,27,438E15EB,3C4AFD46,00000000,00000000,00000000,00000000,00000000,00000000,00000000,2
7,9000.0,28,438EAF80,3C555E85,00000000,00000000,00000000,00000000,00000000,00000000,00000000,2
7,9000.0,29,438F43C3,3C5FCC5E,00000000,00000000,00000000,00000000,00000000,00000000,00000000,2
7,9000.0,30,438FD32C,3C6A4AAE,00000000,00000000,00000000,00000000,00000000,00000000,00000000,2
7,9000.0,31,43905E19,3C74DBDA,00000000,00000000,00000000,00000000,00000000,00000000,00000000,2
7,9000.0,32,4390E4CB,3C7F806E,00000000,00000000,00000000,00000000,00000000,00000000,00000000,2
7,9000.0,33,4391676D,3C851B40,00000000,00000000,00000000,00000000,00000000,00000000,00000000,2
7,9000.0,34,4391E613,3C8A7CFF,00000000,00000000,00000000,00000000,00000000,00000000,00000000,2
7,9000.0,35,439260BA,3C8FE1F2,00000000,00000000,00000000,00000000,00000000,00000000,00000000,2
7,9000.0,36,4392D74B,3C954527,00000000,00000000,00000000,00000000,00000000,00000000,00000000,2
7,9000.0,37,4393499C,3C9AA00F,00000000,00000000,00000000,00000000,00000000,00000000,00000000,2
7,9000.0,38,4393B76D,3C9FEA1B,00000000,00000000,00000000,00000000,00000000,00000000,00000000,2
7,9000.0,39,43942068,3CA518C2,00000000,00000000,00000000,00000000,00000000,00000000,00000000,2
7,9000.0,40,43948420,3CAA1F18,00000000,00000000,00000000,00000000,00000000,00000000,00000000,2
7,9000.0,41,4394E257,3CAEF384,00000000,00000000,00000000,00000000,00000000,00000000,00000000,2
7,9000.0,42,43953AED,3CB38F3A,00000000,00000000,00000000,00000000,00000000,00000000,00000000,2
7,9000.0,43,43958D7D,3CB7E5CB,00000000,00000000,00000000,00000000,00000000,00000000,00000000,2
7,9000.0,44,4395D970,3CBBE6B1,00000000,00000000,00000000,00000000,00000000,00000000,00000000,2
7,9000.0,45,43961E1F,3CBF802C,00000000,00000000,00000000,00000000,00000000,00000000,00000000,2
7,9000.0,46,43965AD4,3CC2A045,37E21200,3F158E39,482DF9CF,3C6366D1,37841212,00000000,00000000,2
7,9000.0,47,4396BE05,3CC40048,00000000,00000000,00000000,00000000,00000000,00000000,00000000,1
7,9000.0,48,43972923,3CC4630E,00000000,00000000,00000000,00000000,00000000,00000000,00000000,1
7,9000.0,49,439730D2,3CC8E610,00000000,00000000,00000000,00000000,00000000,00000000,00000000,1
8,9000.0,1,434B8000,377F123A,00000000,00000000,00000000,00000000,00000000,00000000,00000000,0
8,9000.0,2,43578CD5,38DE453B,00000000,00000000,00000000,00000000,00000000,00000000,00000000,0
8,9000.0,3,4353F754,38406C2D,00000000,00000000,00000000,00000000,00000000,00000000,00000000,0
8,9000.0,4,4355B454,383816D2,00000000,00000000,00000000,00000000,00000000,00000000,00000000,0
8,9000.0,5,435C08C3,38A4B3A0,00000000,00000000,00000000,00000000,00000000,00000000,00000000,0
8,9000.0,6,4361A805,3904E334,00000000,00000000,00000000,00000000,00000000,00000000,00000000,0
8,9000.0,7,4366B43B,394650F8,00000000,00000000,00000000,00000000,00000000,00000000,00000000,0
8,9000.0,8,436B482A,398B5C64,00000000,00000000,00000000,00000000,00000000,00000000,00000000,0
8,9000.0,9,436F7885,39BAE65F,00000000,00000000,00000000,00000000,00000000,00000000,00000000,0
8,9000.0,10,4373556C,39F1874A,00000000,00000000,00000000,00000000,00000000,00000000,00000000,0
8,9000.0,11,4376EB97,3A1E6722,00000000,00000000,00000000,00000000,00000000,00000000,00000000,0
8,9000.0,12,437A4519,3A51FF84,00000000,00000000,00000000,00000000,00000000,00000000,00000000,0
8,9000.0,13,437D6750,3A88724B,00000000,00000000,00000000,00000000,00000000,00000000,00000000,0
8,9000.0,14,43802DEB,3AAD6631,00000000,00000000,00000000,00000000,00000000,00000000,00000000,0
8,9000.0,15,438194B1,3AD7E5C2,00000000,00000000,00000000,00000000,00000000,00000000,00000000,0
8,9000.0,16,4382EA17,3B041B92,00000000,00000000,00000000,00000000,00000000,00000000,00000000,0
8,9000.0,17,43842FC3,3B1F4C80,00000000,00000000,00000000,00000000,00000000,00000000,00000000,0
8,9000.0,18,43856705,3B3D9E8B,00000000,00000000,00000000,00000000,00000000,00000000,00000000,0
8,9000.0,19,43869106,3B5F23F3,00000000,00000000,00000000,00000000,00000000,00000000,00000000,0
8,9000.0,20,4387AEBE,3B81F2CD,00000000,00000000,00000000,00000000,00000000,00000000,00000000,0
8,9000.0,21,4388C066,3B95E07A,00000000,00000000,00000000,00000000,00000000,00000000,00000000,0
8,9000.0,22,4389C3F1,3BABA70F,00000000,00000000,00000000,00000000,00000000,00000000,00000000,0
8,9000.0,23,438ABCBC,3BC31C86,00000000,00000000,00000000,00000000,00000000,00000000,00000000,0
8,9000.0,24,438BABA2,3BDC341F,00000000,00000000,00000000,00000000,00000000,00000000,00000000,0
8,9000.0,25,438C9139,3BF6E4A7,00000000,00000000,00000000,00000000,00000000,00000000,00000000,0
8,9000.0,26,438D6DFB,3C082234,00000000,00000000,00000000,00000000,00000000,00000000,00000000,0
8,9000.0,27,438E4259,3C135B9E,00000000,00000000,00000000,00000000,00000000,00000000,00000000,0
8,9000.0,28,438F0EBB,3C1EDFEE,00000000,00000000,00000000,00000000,00000000,00000000,00000000,0
8,9000.0,29,438FD378,3C2AA7EC,00000000,00000000,00000000,00000000,00000000,00000000,00000000,0
8,9000.0,30,439090E6,3C36AC5C,00000000,00000000,00000000,00000000,00000000,00000000,00000000,0
8,9000.0,31,43914748,3C42E53D,00000000,00000000,00000000,00000000,00000000,00000000,00000000,0
8,9000.0,32,4391F6DF,3C4F4ABA,00000000,00000000,00000000,00000000,00000000,00000000,00000000,0
8,9000.0,33,43929FE1,3C5BD465,00000000,00000000,00000000,00000000,00000000,00000000,00000000,0
8,9000.0,34,4393427C,3C68796D,00000000,00000000,00000000,00000000,00000000,00000000,00000000,0
8,9000.0,35,43912260,3C4ACD31,00000000,3BB211F3,44D28309,388D10E4,00000000,00000000,00000000,1
8,9000.0,36,4391B31F,3C594238,00000000,3BA4EB32,44C29240,388BF606,00000000,00000000,00000000,1
8,9000.0,37,43923DF1,3C67EC7A,00000000,3B9799FB,44B28321,388957FC,00000000,00000000,00000000,1
8,9000.0,38,4392C2E3,3C76BD05,00000000,3B8A31EB,44A26BFF,38853201,00000000,00000000,00000000,1
8,9000.0,39,439341FD,3C82D1D4,00000000,3B798CAE,449262B6,387F0BF6,00000000,00000000,00000000,1
8,9000.0,40,4393BB35,3C8A4725,00000000,3B5ED50C,44827CE9,3870B98C,00000000,00000000,00000000,1
8,9000.0,41,43942E7A,3C9083DF,00000000,3B4468B2,4465A655,385DC022,00000000,00000000,00000000,1
8,9000.0,42,43949BAA,3C9628FD,00000000,3B2A6BDC,4446F30A,3847ECF8,00000000,00000000,00000000,1
8,9000.0,43,43950290,3C9BA7BE,00000000,3B110647,44290BE6,38305BA7,00000000,00000000,00000000,1
8,9000.0,44,439562E7,3CA0F6A3,00000000,3AF0C9A2,440C22AD,38176600,00000000,00000000,00000000,1
8,9000.0,45,4395908F,3CA72989,00000000,00000000,00000000,00000000,00000000,00000000,00000000,0
8,9000.0,46,4395E569,3CABDDD9,00000000,00000000,00000000,00000000,00000000,00000000,00000000,0
8,9000.0,47,43963206,3CB031B6,00000000,00000000,00000000,00000000,00000000,00000000,00000000,0
8,9000.0,48,43969592,3CB32FE1,00000000,00000000,00000000,00000000,00000000,00000000,00000000,0
8,9000.0,49,4396D247,00000000,00000000,00000000,00000000,00000000,00000000,00000000,00000000,0
9,9000.0,1,434D8000,3792778A,00000000,00000000,00000000,00000000,00000000,00000000,00000000,0
9,9000.0,2,435997E2,390E4536,00000000,00000000,00000000,00000000,00000000,00000000,00000000,0
9,9000.0,3,435604D3,387594EC,00000000,00000000,00000000,00000000,00000000,00000000,00000000,0
9,9000.0,4,4357099E,38523586,00000000,00000000,00000000,00000000,00000000,00000000,00000000,0
9,9000.0,5,435D662C,38B8BD6E,00000000,00000000,00000000,00000000,00000000,00000000,00000000,0
9,9000.0,6,43630C2F,3912BF0B,00000000,00000000,00000000,00000000,00000000,00000000,00000000,0
9,9000.0,7,43681E37,3957F750,00000000,00000000,00000000,00000000,00000000,00000000,00000000,0
9,9000.0,8,436CB767,3995DCDC,00000000,00000000,00000000,00000000,00000000,00000000,00000000,0
9,9000.0,9,4370ECC0,39C6B281,00000000,00000000,00000000,00000000,00000000,00000000,00000000,0
9,9000.0,10,4374CE95,39FE20E0,00000000,00000000,00000000,00000000,00000000,00000000,00000000,0
9,9000.0,11,437869BC,3A24215F,00000000,00000000,00000000,00000000,00000000,00000000,00000000,0
9,9000.0,12,437BC783,3A5A2CB4,00000000,00000000,00000000,00000000,00000000,00000000,00000000,0
9,9000.0,13,437EEE37,3A8E1F4E,00000000,00000000,00000000,00000000,00000000,00000000,00000000,0
9,9000.0,14,4380F476,3AB4C1A1,00000000,00000000,00000000,00000000,00000000,00000000,00000000,0
9,9000.0,15,43825E73,3AE15222,00000000,00000000,00000000,00000000,00000000,00000000,00000000,0
9,9000.0,16,4383B719,3B0A12A4,00000000,00000000,00000000,00000000,00000000,00000000,00000000,0
9,9000.0,17,4384FFF8,3B26C207,00000000,00000000,00000000,00000000,00000000,00000000,00000000,0
9,9000.0,18,43863A60,3B46D389,00000000,00000000,00000000,00000000,00000000,00000000,00000000,0
9,9000.0,19,43876773,3B6A59A8,00000000,00000000,00000000,00000000,00000000,00000000,00000000,0
9,9000.0,20,438887D2,3B88A04A,00000000,00000000,00000000,00000000,00000000,00000000,00000000,0
9,9000.0,21,43899949,3B9DFC56,00000000,00000000,00000000,00000000,00000000,00000000,00000000,0
9,9000.0,22,438A9E9B,3BB53E02,00000000,00000000,00000000,00000000,00000000,00000000,00000000,0
9,9000.0,23,438B9955,3BCE4C52,00000000,00000000,00000000,00000000,00000000,00000000,00000000,0
9,9000.0,24,438C8A17,3BE91FD6,00000000,00000000,00000000,00000000,00000000,00000000,00000000,0
9,9000.0,25,438D7175,3C02D75A,00000000,00000000,00000000,00000000,00000000,00000000,00000000,0
9,9000.0,26,438E4FF0,3C10CEA5,00000000,00000000,00000000,00000000,00000000,00000000,00000000,0
9,9000.0,27,438F25F3,3C1CA4F5,00000000,00000000,00000000,00000000,00000000,00000000,00000000,0
9,9000.0,28,438FF3E9,3C28C8E4,00000000,00000000,00000000,00000000,00000000,00000000,00000000,0
9,9000.0,29,4390BA2C,3C35332C,00000000,00000000,00000000,00000000,00000000,00000000,00000000,0
9,9000.0,30,4391790E,3C41DC02,00000000,00000000,00000000,00000000,00000000,00000000,00000000,0
9,9000.0,31,439230D6,3C4EBB19,00000000,00000000,00000000,00000000,00000000,00000000,00000000,0
9,9000.0,32,4392E1C6,3C5BC850,00000000,00000000,00000000,00000000,00000000,00000000,00000000,0
9,9000.0,33,43938C14,3C68FADB,00000000,00000000,00000000,00000000,00000000,00000000,00000000,0
9,9000.0,34,43942FEF,3C76499B,00000000,00000000,00000000,00000000,00000000,00000000,00000000,0
9,9000.0,35,4394CD80,3C81D587,00000000,00000000,00000000,00000000,00000000,00000000,00000000,0
9,9000.0,36,439564E5,3C888A76,00000000,00000000,00000000,00000000,00000000,00000000,00000000,0
9,9000.0,37,4395F638,3C8F3E70,00000000,00000000,00000000,00000000,00000000,00000000,00000000,0
9,9000.0,38,43968188,3C95EB85,00000000,00000000,00000000,00000000,00000000,00000000,00000000,0
9,9000.0,39,439341FC,3C827507,00000000,3B798E49,449263A6,387E58AC,00000000,00000000,00000000,1
9,9000.0,40,4393BB35,3C8A31FA,00000000,3B5ED563,44827D1C,38709510,00000000,00000000,00000000,1
9,9000.0,41,43942E7A,3C9083DF,00000000,3B4468B2,4465A655,385DC022,00000000,00000000,00000000,1
9,9000.0,42,43949BAA,3C9628FD,00000000,3B2A6BDC,4446F30A,3847ECF8,00000000,00000000,00000000,1
9,9000.0,43,43950290,3C9BA7BE,00000000,3B110647,44290BE6,38305BA7,00000000,00000000,00000000,1
9,9000.0,44,439562E7,3CA0F6A3,00000000,3AF0C9A2,440C22AD,38176600,00000000,00000000,00000000,1
9,9000.0,45,4395908F,3CA72989,00000000,00000000,00000000,00000000,00000000,00000000,00000000,0
9,9000.0,46,4395E569,3CABDDD9,00000000,00000000,00000000,00000000,00000000,00000000,00000000,0
9,9000.0,47,43963206,3CB031B6,00000000,00000000,00000000,00000000,00000000,00000000,00000000,0
9,9000.0,48,43969592,3CB32FE1,00000000,00000000,00000000,00000000,00000000,00000000,00000000,0
9,9000.0,49,4396CE01,00000000,00000000,00000000,00000000,00000000,00000000,00000000,00000000,0
10,9000.0,1,434E0000,37B52427,00000000,00000000,00000000,00000000,00000000,00000000,00000000,0
10,9000.0,2,435A19E4,391AE34B,00000000,00000000,00000000,00000000,00000000,00000000,00000000,0
10,9000.0,3,435687E1,3887AB9C,00000000,00000000,00000000,00000000,00000000,00000000,00000000,0
10,9000.0,4,43576B31,38669395,00000000,00000000,00000000,00000000,00000000,00000000,00000000,0
10,9000.0,5,435DCA06,38CC0F86,00000000,00000000,00000000,00000000,00000000,00000000,00000000,0
10,9000.0,6,436371F3,39230D28,00000000,00000000,00000000,00000000,00000000,00000000,00000000,0
10,9000.0,7,436885A2,397136B2,00000000,00000000,00000000,00000000,00000000,00000000,00000000,0
10,9000.0,8,436D205A,39A82ED0,00000000,00000000,00000000,00000000,00000000,00000000,00000000,0
10,9000.0,9,43715728,39DFFDA5,00000000,00000000,00000000,00000000,00000000,00000000,00000000,0
10,9000.0,10,43753A77,3A0FDBA4,00000000,00000000,00000000,00000000,00000000,00000000,00000000,0
10,9000.0,11,4378D71D,3A38D670,00000000,00000000,00000000,00000000,00000000,00000000,00000000,0
10,9000.0,12,437C35EB,3A724D17,00000000,00000000,00000000,00000000,00000000,00000000,00000000,0
10,9000.0,13,437F5E5C,3A9BACB3,00000000,00000000,00000000,00000000,00000000,00000000,00000000,0
10,9000.0,14,43812D7B,3AC39A94,00000000,00000000,00000000,00000000,00000000,00000000,00000000,0
10,9000.0,15,43829877,3AF13E29,00000000,00000000,00000000,00000000,00000000,00000000,00000000,0
10,9000.0,16,4383F216,3B127036,00000000,00000000,00000000,00000000,00000000,00000000,00000000,0
10,9000.0,17,43853BEB,3B2F6040,00000000,00000000,00000000,00000000,00000000,00000000,00000000,0
10,9000.0,18,43867744,3B4F868F,00000000,00000000,00000000,00000000,00000000,00000000,00000000,0
10,9000.0,19,4387A543,3B72F0E8,00000000,00000000,00000000,00000000,00000000,00000000,00000000,0
10,9000.0,20,4388C621,3B8CBC95,00000000,00000000,00000000,00000000,00000000,00000000,00000000,0
10,9000.0,21,4389D7A1,3BA1E90F,00000000,00000000,00000000,00000000,00000000,00000000,00000000,0
10,9000.0,22,438ADD8A,3BB8D02B,00000000,00000000,00000000,00000000,00000000,00000000,00000000,0
10,9000.0,23,438BD8D1,3BD166B8,00000000,00000000,00000000,00000000,00000000,00000000,00000000,0
10,9000.0,24,438CCA1A,3BEBA4C7,00000000,00000000,00000000,00000000,00000000,00000000,00000000,0
10,9000.0,25,438DB1FA,3C03BFFF,00000000,00000000,00000000,00000000,00000000,00000000,00000000,0
10,9000.0,26,438E90ED,3C116B5A,00000000,00000000,00000000,00000000,00000000,00000000,00000000,0
10,9000.0,27,438F6766,3C1D4560,00000000,00000000,00000000,00000000,00000000,00000000,00000000,0
10,9000.0,28,439035CC,3C296D01,00000000,00000000,00000000,00000000,00000000,00000000,00000000,0
10,9000.0,29,4390FC79,3C35DA8E,00000000,00000000,00000000,00000000,00000000,00000000,00000000,0
10,9000.0,30,4391BBC1,3C428677,00000000,00000000,00000000,00000000,00000000,00000000,00000000,0
10,9000.0,31,439273EC,3C4F68AB,00000000,00000000,00000000,00000000,00000000,00000000,00000000,0
10,9000.0,32,4390A67E,3C3A7447,00000000,00000000,00000000,00000000,00000000,00000000,00000000,0
10,9000.0,33,43914DA4,3C498908,00000000,00000000,00000000,00000000,00000000,00000000,00000000,0
10,9000.0,34,4391EE7F,3C590141,00000000,00000000,00000000,00000000,00000000,00000000,00000000,0
10,9000.0,35,43928931,3C68CFC5,00000000,00000000,00000000,00000000,00000000,00000000,00000000,0
10,9000.0,36,43936237,3C756296,00000000,3BA4E4A3,44C4CE12,389E0E50,00000000,00000000,00000000,1
10,9000.0,37,4393EECE,3C82E757,00000000,3B97968A,44B492C1,389B06DD,00000000,00000000,00000000,1
10,9000.0,38,43947575,3C8B31D9,00000000,3B8A3097,44A44E22,38964695,00000000,00000000,00000000,1
10,9000.0,39,4394F632,3C9387F2,00000000,3B798C99,4494168C,388FD041,00000000,00000000,00000000,1
10,9000.0,40,439570FE,3C9BDF72,00000000,3B5ED649,4484021F,3887AE3E,00000000,00000000,00000000,1
10,9000.0,41,4395E5C4,3CA2FF04,00000000,3B446A46,446853C5,387A1DD2,00000000,00000000,00000000,1
10,9000.0,42,43965461,3CA9475A,00000000,3B2A6DFC,4449459F,38616438,00000000,00000000,00000000,1
10,9000.0,43,4396BCA5,3CAF64A7,00000000,3B11086D,442B056F,3846BB91,00000000,00000000,00000000,1
10,9000.0,44,43971E41,3CB54C2A,00000000,3AF0CD59,440DC5C3,382A88D4,00000000,00000000,00000000,1
10,9000.0,45,43974ADC,3CBC1F6F,00000000,00000000,00000000,00000000,00000000,00000000,00000000,0
10,9000.0,46,4397A0FE,3CC15B85,00000000,00000000,00000000,00000000,00000000,00000000,00000000,0
10,9000.0,47,4397EEC8,3CC62C4B,00000000,00000000,00000000,00000000,00000000,00000000,00000000,0
10,9000.0,48,439854FF,3CC98ED0,00000000,00000000,00000000,00000000,00000000,00000000,00000000,0
10,9000.0,49,4398BFA8,00000000,00000000,00000000,00000000,00000000,00000000,00000000,00000000,0
11,9000.0,1,43518000,37919F22,00000000,00000000,00000000,00000000,00000000,00000000,00000000,0
11,9000.0,2,435D9DD7,395EF9EB,00000000,00000000,00000000,00000000,00000000,00000000,00000000,0
11,9000.0,3,435A18B4,38BDBA33,00000000,00000000,00000000,00000000,00000000,00000000,00000000,0
11,9000.0,4,4359EF62,388620BE,00000000,00000000,00000000,00000000,00000000,00000000,00000000,0
11,9000.0,5,43605CA1,38E01479,00000000,00000000,00000000,00000000,00000000,00000000,00000000,0
11,9000.0,6,4366107D,392A0010,00000000,00000000,00000000,00000000,00000000,00000000,00000000,0
11,9000.0,7,436B2E9C,396FCD7A,00000000,00000000,00000000,00000000,00000000,00000000,00000000,0
11,9000.0,8,436FD30A,399FF435,00000000,00000000,00000000,00000000,00000000,00000000,00000000,0
11,9000.0,9,4374136B,39CC6508,00000000,00000000,00000000,00000000,00000000,00000000,00000000,0
11,9000.0,10,43780079,39FC9AE8,00000000,00000000,00000000,00000000,00000000,00000000,00000000,0
11,9000.0,11,437BA67A,3A1AFBA8,00000000,00000000,00000000,00000000,00000000,00000000,00000000,0
11,9000.0,12,437F0D00,3A455A5C,00000000,00000000,00000000,00000000,00000000,00000000,00000000,0
11,9000.0,13,438120F0,3A75F013,00000000,00000000,00000000,00000000,00000000,00000000,00000000,0
11,9000.0,14,4382A5C0,3A969A66,00000000,00000000,00000000,00000000,00000000,00000000,00000000,0
11,9000.0,15,43841746,3AB5DD79,00000000,00000000,00000000,00000000,00000000,00000000,00000000,0
11,9000.0,16,43857750,3AD90544,00000000,00000000,00000000,00000000,00000000,00000000,00000000,0
11,9000.0,17,4386C763,3B002344,00000000,00000000,00000000,00000000,00000000,00000000,00000000,0
11,9000.0,18,438808CC,3B15E12A,00000000,00000000,00000000,00000000,00000000,00000000,00000000,0
11,9000.0,19,438939FB,3B2DA988,00000000,00000000,00000000,00000000,00000000,00000000,00000000,0
11,9000.0,20,438A5B59,3B4842C2,00000000,00000000,00000000,00000000,00000000,00000000,00000000,0
11,9000.0,21,438B704B,3B653B04,00000000,00000000,00000000,00000000,00000000,00000000,00000000,0
11,9000.0,22,438C79A9,3B824844,00000000,00000000,00000000,00000000,00000000,00000000,00000000,0
11,9000.0,23,438D7830,3B931EAD,00000000,00000000,00000000,00000000,00000000,00000000,00000000,0
11,9000.0,24,438E6C87,3BA51BBC,00000000,00000000,00000000,00000000,00000000,00000000,00000000,0
11,9000.0,25,438F5745,3BB83916,00000000,00000000,00000000,00000000,00000000,00000000,00000000,0
11,9000.0,26,439038EC,3BCB512F,00000000,00000000,00000000,00000000,00000000,00000000,00000000,0
11,9000.0,27,439111EF,3BDB3964,00000000,00000000,00000000,00000000,00000000,00000000,00000000,0
11,9000.0,28,4391E2B9,3BEB87D4,00000000,00000000,00000000,00000000,00000000,00000000,00000000,0
11,9000.0,29,4392ABA5,3BFC3287,00000000,00000000,00000000,00000000,00000000,00000000,00000000,0
11,9000.0,30,43936D0C,3C0697DB,00000000,00000000,00000000,00000000,00000000,00000000,00000000,0
11,9000.0,31,43942733,3C0F3A24,00000000,00000000,00000000,00000000,00000000,00000000,00000000,0
11,9000.0,32,4394DA60,3C17FAEB,00000000,00000000,00000000,00000000,00000000,00000000,00000000,0
11,9000.0,33,439586C8,3C20D41E,00000000,00000000,00000000,00000000,00000000,00000000,00000000,0
11,9000.0,34,43962C9F,3C29BFFC,00000000,00000000,00000000,00000000,00000000,00000000,00000000,0
11,9000.0,35,4396CC0F,3C32B823,00000000,00000000,00000000,00000000,00000000,00000000,00000000,0
11,9000.0,36,43976536,3C3BB5BF,00000000,00000000,00000000,00000000,00000000,00000000,00000000,0
11,9000.0,37,4397F830,3C44B1C6,00000000,00000000,00000000,00000000,00000000,00000000,00000000,0
11,9000.0,38,43928676,3C6ED058,00000000,00000000,00000000,00000000,00000000,00000000,00000000,0
11,9000.0,39,43930795,3C812607,00000000,00000000,00000000,00000000,00000000,00000000,00000000,0
11,9000.0,40,439382F0,3C8B004C,00000000,00000000,00000000,00000000,00000000,00000000,00000000,0
11,9000.0,41,4393F870,3C91E7A0,00000000,00000000,00000000,00000000,00000000,00000000,00000000,0
11,9000.0,42,439467F8,3C977D49,00000000,00000000,00000000,00000000,00000000,00000000,00000000,0
11,9000.0,43,4394D15B,3C9CEBA9,00000000,00000000,00000000,00000000,00000000,00000000,00000000,0
11,9000.0,44,43953459,3CA2291B,00000000,00000000,00000000,00000000,00000000,00000000,00000000,0
11,9000.0,45,4395908F,3CA72989,00000000,00000000,00000000,00000000,00000000,00000000,00000000,0
11,9000.0,46,4395B61A,3CB44622,00000000,00000000,00000000,00000000,00000000,00000000,00000000,2
11,9000.0,47,43961CDA,3CB6E18D,322BCC77,3C0987C2,451F3C3E,39447F60,2EB8970D,00000000,00000000,2
11,9000.0,48,43967AD7,3CB9DE12,00000000,00000000,00000000,00000000,00000000,00000000,00000000,1
11,9000.0,49,4396DBED,3CBE633B,00000000,00000000,00000000,00000000,00000000,00000000,00000000,1
12,9000.0,1,434E8000,37C21422,00000000,00000000,00000000,00000000,00000000,00000000,00000000,0
12,9000.0,2,435A9B91,392543E0,00000000,00000000,00000000,00000000,00000000,00000000,00000000,0
12,9000.0,3,43570ACA,389121A2,00000000,00000000,00000000,00000000,00000000,00000000,00000000,0
12,9000.0,4,4357B4A6,386F55F4,00000000,00000000,00000000,00000000,00000000,00000000,00000000,0
12,9000.0,5,435E152A,38D36C29,00000000,00000000,00000000,00000000,00000000,00000000,00000000,0
12,9000.0,6,4363BE80,3928A812,00000000,00000000,00000000,00000000,00000000,00000000,00000000,0
12,9000.0,7,4368D36A,397922B6,00000000,00000000,00000000,00000000,00000000,00000000,00000000,0
12,9000.0,8,436D6F43,39AD7A56,00000000,00000000,00000000,00000000,00000000,00000000,00000000,0
12,9000.0,9,4371A725,39E6C631,00000000,00000000,00000000,00000000,00000000,00000000,00000000,0
12,9000.0,10,43758B8F,3A141112,00000000,00000000,00000000,00000000,00000000,00000000,00000000,0
12,9000.0,11,43792956,3A4187B7,00000000,00000000,00000000,00000000,00000000,00000000,00000000,0
12,9000.0,12,437C88EF,3A859EF6,00000000,00000000,00000000,00000000,00000000,00000000,00000000,0
12,9000.0,13,437FB2CF,3AB3351D,00000000,00000000,00000000,00000000,00000000,00000000,00000000,0
12,9000.0,14,43815880,3AE98E11,00000000,00000000,00000000,00000000,00000000,00000000,00000000,0
12,9000.0,15,4382C452,3B14A0D4,00000000,00000000,00000000,00000000,00000000,00000000,00000000,0
12,9000.0,16,43841ECE,3B396B7E,00000000,00000000,00000000,00000000,00000000,00000000,00000000,0
12,9000.0,17,43856988,3B63601C,00000000,00000000,00000000,00000000,00000000,00000000,00000000,0
12,9000.0,18,4386A5CA,3B8954B8,00000000,00000000,00000000,00000000,00000000,00000000,00000000,0
12,9000.0,19,4387D4BD,3BA3B204,00000000,00000000,00000000,00000000,00000000,00000000,00000000,0
12,9000.0,20,4388F5FB,3BC0BAF7,00000000,00000000,00000000,00000000,00000000,00000000,00000000,0
12,9000.0,21,438A0813,3BE0D286,00000000,00000000,00000000,00000000,00000000,00000000,00000000,0
12,9000.0,22,438B77A0,3BF8F6EE,00000000,3D109FA5,46362F66,398CA628,00000000,00000000,00000000,1
12,9000.0,23,438C7243,3C0F6C5F,00000000,3D0F5307,4633F3CD,39A0981A,00000000,00000000,00000000,1
12,9000.0,24,438D62BE,3C23C125,00000000,3D0D47C1,4630D2DA,39B4BE8F,00000000,00000000,00000000,1
12,9000.0,25,438E49B2,3C3971BD,00000000,3D0A8D97,462CE1C7,39C8BBC2,00000000,00000000,00000000,1
12,9000.0,26,438F2798,3C4C0DAE,00000000,3D0739D4,46283C57,39D7929E,00000000,00000000,00000000,1
12,9000.0,27,438FFCC0,3C5256E8,00000000,3D036769,462304ED,39D7EEE0,00000000,00000000,00000000,1
12,9000.0,28,4390C9AB,3C57C211,00000000,3CFE2B31,461D3B55,39D636F4,00000000,00000000,00000000,1
12,9000.0,29,4391338D,3C60F9BC,00000000,00000000,00000000,00000000,00000000,00000000,00000000,0
12,9000.0,30,4391F363,3C647AD3,00000000,00000000,00000000,00000000,00000000,00000000,00000000,0
12,9000.0,31,4392AC06,3C6711F4,00000000,00000000,00000000,00000000,00000000,00000000,00000000,0
12,9000.0,32,43935DB2,3C68BF2C,00000000,00000000,00000000,00000000,00000000,00000000,00000000,0
12,9000.0,33,439408A0,3C69848E,00000000,00000000,00000000,00000000,00000000,00000000,00000000,0
12,9000.0,34,4394ACFF,3C6965C7,00000000,00000000,00000000,00000000,00000000,00000000,00000000,0
12,9000.0,35,43954AF7,3C686822,00000000,00000000,00000000,00000000,00000000,00000000,00000000,0
12,9000.0,36,4395E2A8,3C6692EB,00000000,00000000,00000000,00000000,00000000,00000000,00000000,0
12,9000.0,37,4396742D,3C63EF0F,00000000,00000000,00000000,00000000,00000000,00000000,00000000,0
12,9000.0,38,4396FF96,3C60879B,00000000,00000000,00000000,00000000,00000000,00000000,00000000,0
12,9000.0,39,439784EB,3C5C6902,00000000,00000000,00000000,00000000,00000000,00000000,00000000,0
12,9000.0,40,4398042E,3C57A27A,00000000,00000000,00000000,00000000,00000000,00000000,00000000,0
12,9000.0,41,4393FD85,3C00A830,00000000,00000000,00000000,00000000,00000000,00000000,00000000,0
12,9000.0,42,43946C59,3C05756E,00000000,00000000,00000000,00000000,00000000,00000000,00000000,0
12,9000.0,43,4394D50E,3C0A1FBF,00000000,00000000,00000000,00000000,00000000,00000000,00000000,0
12,9000.0,44,4395375E,3C0E9E05,00000000,00000000,00000000,00000000,00000000,00000000,00000000,0
12,9000.0,45,439592ED,3C12E5B3,00000000,00000000,00000000,00000000,00000000,00000000,00000000,0
12,9000.0,46,4395E728,3C16E8E9,00000000,00000000,00000000,00000000,00000000,00000000,00000000,0
12,9000.0,47,43963330,3C1A94F3,00000000,00000000,00000000,00000000,00000000,00000000,00000000,0
12,9000.0,48,439695E9,3C1C23A8,00000000,00000000,00000000,00000000,00000000,00000000,00000000,0
12,9000.0,49,4396B52B,00000000,00000000,00000000,00000000,00000000,00000000,00000000,00000000,0
13,9000.0,1,434F8000,3801CF73,00000000,00000000,00000000,00000000,00000000,00000000,00000000,0
13,9000.0,2,435B9DE1,39407E88,00000000,00000000,00000000,00000000,00000000,00000000,00000000,0
13,9000.0,3,43581022,38AC67F0,00000000,00000000,00000000,00000000,00000000,00000000,00000000,0
13,9000.0,4,43585E78,388938FD,00000000,00000000,00000000,00000000,00000000,00000000,00000000,0
13,9000.0,5,435EC2E5,38F3FF12,00000000,00000000,00000000,00000000,00000000,00000000,00000000,0
13,9000.0,6,43646F73,3943A7F4,00000000,00000000,00000000,00000000,00000000,00000000,00000000,0
13,9000.0,7,43698733,399129C6,00000000,00000000,00000000,00000000,00000000,00000000,00000000,0
13,9000.0,8,436E25A7,39CAFE36,00000000,00000000,00000000,00000000,00000000,00000000,00000000,0
13,9000.0,9,43726021,3A078C72,00000000,00000000,00000000,00000000,00000000,00000000,00000000,0
13,9000.0,10,43764721,3A2E9910,00000000,00000000,00000000,00000000,00000000,00000000,00000000,0
13,9000.0,11,4379E79A,3A619886,00000000,00000000,00000000,00000000,00000000,00000000,00000000,0
13,9000.0,12,437D4906,3A9917EA,00000000,00000000,00000000,00000000,00000000,00000000,00000000,0
13,9000.0,13,43803B15,3ACA061C,00000000,00000000,00000000,00000000,00000000,00000000,00000000,0
13,9000.0,14,4381BBEC,3B01E52C,00000000,00000000,00000000,00000000,00000000,00000000,00000000,0
13,9000.0,15,43832982,3B237996,00000000,00000000,00000000,00000000,00000000,00000000,00000000,0
13,9000.0,16,438485C3,3B4A000B,00000000,00000000,00000000,00000000,00000000,00000000,00000000,0
13,9000.0,17,4385D235,3B75AB79,00000000,00000000,00000000,00000000,00000000,00000000,00000000,0
13,9000.0,18,43871028,3B935097,00000000,00000000,00000000,00000000,00000000,00000000,00000000,0
13,9000.0,19,438840A5,3BAE7716,00000000,00000000,00000000,00000000,00000000,00000000,00000000,0
13,9000.0,20,438961B1,3BCC599E,00000000,00000000,00000000,00000000,00000000,00000000,00000000,0
13,9000.0,21,438A74DF,3BED328F,00000000,00000000,00000000,00000000,00000000,00000000,00000000,0
13,9000.0,22,438B7CAC,3C0869AF,00000000,00000000,00000000,00000000,00000000,00000000,00000000,0
13,9000.0,23,438CE357,3C162C6B,00000000,3D0F34EF,463463CF,39A803BA,00000000,00000000,00000000,1
13,9000.0,24,438DD4A6,3C2ACE67,00000000,3D0D3073,463148E1,39BC6804,00000000,00000000,00000000,1
13,9000.0,25,438EBC65,3C40C3E1,00000000,3D0A7C75,462D5C52,39D08E9D,00000000,00000000,00000000,1
13,9000.0,26,438F9B12,3C549BE3,00000000,3D072CF3,4628B85D,39E08713,00000000,00000000,00000000,1
13,9000.0,27,439070FB,3C5B4916,00000000,3D035F4D,46238292,39E11011,00000000,00000000,00000000,1
13,9000.0,28,43913E9E,3C611559,00000000,3CFE2375,461DB96C,39DF725B,00000000,00000000,00000000,1
13,9000.0,29,4391A7B7,3C6ABE90,00000000,00000000,00000000,00000000,00000000,00000000,00000000,0
13,9000.0,30,43926853,3C6E9963,00000000,00000000,00000000,00000000,00000000,00000000,00000000,0
13,9000.0,31,439321B1,3C718733,00000000,00000000,00000000,00000000,00000000,00000000,00000000,0
13,9000.0,32,4393D413,3C73880B,00000000,00000000,00000000,00000000,00000000,00000000,00000000,0
13,9000.0,33,43947FAE,3C749D9E,00000000,00000000,00000000,00000000,00000000,00000000,00000000,0
13,9000.0,34,439524B5,3C74CBB9,00000000,00000000,00000000,00000000,00000000,00000000,00000000,0
13,9000.0,35,4395C34D,3C741772,00000000,00000000,00000000,00000000,00000000,00000000,00000000,0
13,9000.0,36,43965B98,3C72881A,00000000,00000000,00000000,00000000,00000000,00000000,00000000,0
13,9000.0,37,4396EDB1,3C7026A7,00000000,00000000,00000000,00000000,00000000,00000000,00000000,0
13,9000.0,38,439779A7,3C6CFDCA,00000000,00000000,00000000,00000000,00000000,00000000,00000000,0
13,9000.0,39,4397FF86,3C691A87,00000000,00000000,00000000,00000000,00000000,00000000,00000000,0
13,9000.0,40,43987F48,3C648B48,00000000,00000000,00000000,00000000,00000000,00000000,00000000,0
13,9000.0,41,4398F8F4,3C699ABA,00000000,00000000,00000000,00000000,00000000,00000000,00000000,0
13,9000.0,42,43946C59,3C05756E,00000000,00000000,00000000,00000000,00000000,00000000,00000000,0
13,9000.0,43,4394D50E,3C0A1FBF,00000000,00000000,00000000,00000000,00000000,00000000,00000000,0
13,9000.0,44,4395375E,3C0E9E05,00000000,00000000,00000000,00000000,00000000,00000000,00000000,0
13,9000.0,45,439592ED,3C12E5B3,00000000,00000000,00000000,00000000,00000000,00000000,00000000,0
13,9000.0,46,4395E728,3C16E8E9,00000000,00000000,00000000,00000000,00000000,00000000,00000000,0
13,9000.0,47,43963330,3C1A94F3,00000000,00000000,00000000,00000000,00000000,00000000,00000000,0
13,9000.0,48,439695E9,3C1C23A8,00000000,00000000,00000000,00000000,00000000,00000000,00000000,0
13,9000.0,49,4396B345,00000000,00000000,00000000,00000000,00000000,00000000,00000000,00000000,0
14,9000.0,1,434D8000,37A8FFF8,00000000,00000000,00000000,00000000,00000000,00000000,00000000,0
14,9000.0,2,435997E4,39111644,00000000,00000000,00000000,00000000,00000000,00000000,00000000,0
14,9000.0,3,435604D2,387D8A23,00000000,00000000,00000000,00000000,00000000,00000000,00000000,0
14,9000.0,4,435707F8,385B3603,00000000,00000000,00000000,00000000,00000000,00000000,00000000,0
14,9000.0,5,435D647B,38C27BBC,00000000,00000000,00000000,00000000,00000000,00000000,00000000,0
14,9000.0,6,43630A7B,391BBE1B,00000000,00000000,00000000,00000000,00000000,00000000,00000000,0
14,9000.0,7,43681C81,3966DC75,00000000,00000000,00000000,00000000,00000000,00000000,00000000,0
14,9000.0,8,436CB5B2,39A1405A,00000000,00000000,00000000,00000000,00000000,00000000,00000000,0
14,9000.0,9,4370EB06,39D71876,00000000,00000000,00000000,00000000,00000000,00000000,00000000,0
14,9000.0,10,4374CCDF,3A0A553E,00000000,00000000,00000000,00000000,00000000,00000000,00000000,0
14,9000.0,11,4378680B,3A35CD1E,00000000,00000000,00000000,00000000,00000000,00000000,00000000,0
14,9000.0,12,437BC5E3,3A78F6FF,00000000,00000000,00000000,00000000,00000000,00000000,00000000,0
14,9000.0,13,437EECAA,3AA620E8,00000000,00000000,00000000,00000000,00000000,00000000,00000000,0
14,9000.0,14,4380F3BE,3AD79E8F,00000000,00000000,00000000,00000000,00000000,00000000,00000000,0
14,9000.0,15,43825DD1,3B08B9C1,00000000,00000000,00000000,00000000,00000000,00000000,00000000,0
14,9000.0,16,4383B691,3B2A0B78,00000000,00000000,00000000,00000000,00000000,00000000,00000000,0
14,9000.0,17,4384FF8F,3B4FF6CF,00000000,00000000,00000000,00000000,00000000,00000000,00000000,0
14,9000.0,18,43863A20,3B7AA38B,00000000,00000000,00000000,00000000,00000000,00000000,00000000,0
14,9000.0,19,43876762,3B9515C8,00000000,00000000,00000000,00000000,00000000,00000000,00000000,0
14,9000.0,20,438887FB,3BAF4046,00000000,00000000,00000000,00000000,00000000,00000000,00000000,0
14,9000.0,21,438999AD,3BCC0A13,00000000,00000000,00000000,00000000,00000000,00000000,00000000,0
14,9000.0,22,438A9F49,3BEB70D9,00000000,00000000,00000000,00000000,00000000,00000000,00000000,0
14,9000.0,23,438BFF52,3C017B1C,00000000,3D0F86FA,46339FD0,39913013,00000000,00000000,00000000,1
14,9000.0,24,438CEEDF,3C13C00C,00000000,3D0D7919,46307E10,39A34D56,00000000,00000000,00000000,1
14,9000.0,25,438DD4EA,3C273C9E,00000000,3D0ABD35,462C8DFE,39B5448F,00000000,00000000,00000000,1
14,9000.0,26,438EB1E7,3C370D4E,00000000,3D07692C,4627EBF5,39C1A670,00000000,00000000,00000000,1
14,9000.0,27,438F8630,3C3C197A,00000000,3D039506,4622B6A4,39C15D11,00000000,00000000,00000000,1
14,9000.0,28,438FF684,3C4501C8,00000000,00000000,00000000,00000000,00000000,00000000,00000000,0
14,9000.0,29,4390BCEB,3C4834C1,00000000,00000000,00000000,00000000,00000000,00000000,00000000,0
14,9000.0,30,43917BDD,3C4A831F,00000000,00000000,00000000,00000000,00000000,00000000,00000000,0
14,9000.0,31,439233A0,3C4BEBDD,00000000,00000000,00000000,00000000,00000000,00000000,00000000,0
14,9000.0,32,4392E475,3C4C6FCC,00000000,00000000,00000000,00000000,00000000,00000000,00000000,0
14,9000.0,33,43938E93,3C4C115C,00000000,00000000,00000000,00000000,00000000,00000000,00000000,0
14,9000.0,34,43943227,3C4AD49A,00000000,00000000,00000000,00000000,00000000,00000000,00000000,0
14,9000.0,35,4394CF5C,3C48BF95,00000000,00000000,00000000,00000000,00000000,00000000,00000000,0
14,9000.0,36,43956651,3C45DA0A,00000000,00000000,00000000,00000000,00000000,00000000,00000000,0
14,9000.0,37,4395F720,3C422DC3,00000000,00000000,00000000,00000000,00000000,00000000,00000000,0
14,9000.0,38,439681DA,3C3DC5AF,00000000,00000000,00000000,00000000,00000000,00000000,00000000,0
14,9000.0,39,43970686,3C38AF4E,00000000,00000000,00000000,00000000,00000000,00000000,00000000,0
14,9000.0,40,43978525,3C32F9FE,00000000,00000000,00000000,00000000,00000000,00000000,00000000,0
14,9000.0,41,4393FE01,3BE21A03,00000000,00000000,00000000,00000000,00000000,00000000,00000000,0
14,9000.0,42,43946CC4,3BEA7C3B,00000000,00000000,00000000,00000000,00000000,00000000,00000000,0
14,9000.0,43,4394D566,3BF2A0B4,00000000,00000000,00000000,00000000,00000000,00000000,00000000,0
14,9000.0,44,439537A6,3BFA77D3,00000000,00000000,00000000,00000000,00000000,00000000,00000000,0
14,9000.0,45,43959326,3C00F744,00000000,00000000,00000000,00000000,00000000,00000000,00000000,0
14,9000.0,46,4395E752,3C047616,00000000,00000000,00000000,00000000,00000000,00000000,00000000,0
14,9000.0,47,4396334D,3C07A7EA,00000000,00000000,00000000,00000000,00000000,00000000,00000000,0
14,9000.0,48,439695F1,3C08CA12,00000000,00000000,00000000,00000000,00000000,00000000,00000000,0
14,9000.0,49,4396BB0C,00000000,00000000,00000000,00000000,00000000,00000000,00000000,00000000,0
15,9000.0,1,43758000,39A594C3,00000000,00000000,00000000,00000000,00000000,00000000,00000000,0
15,9000.0,2,437C404A,3B539994,00000000,00000000,00000000,00000000,00000000,00000000,00000000,0
15,9000.0,3,437AFD8B,3AFE7877,00000000,00000000,00000000,00000000,00000000,00000000,00000000,0
15,9000.0,4,437A2F95,3AAC4520,00000000,00000000,00000000,00000000,00000000,00000000,00000000,0
15,9000.0,5,437C4D18,3A95FDE2,00000000,00000000,00000000,00000000,00000000,00000000,00000000,0
15,9000.0,6,437F7F77,3A933356,00000000,00000000,00000000,00000000,00000000,00000000,00000000,0
15,9000.0,7,43813666,3A913097,00000000,00000000,00000000,00000000,00000000,00000000,00000000,0
15,9000.0,8,43828ED0,3A8F8EAB,00000000,00000000,00000000,00000000,00000000,00000000,00000000,0
15,9000.0,9,4383CC7F,3A8E427B,00000000,00000000,00000000,00000000,00000000,00000000,00000000,0
15,9000.0,10,4384F2A9,3A8D4447,00000000,00000000,00000000,00000000,00000000,00000000,00000000,0
15,9000.0,11,4386041C,3A8CB100,00000000,00000000,00000000,00000000,00000000,00000000,00000000,0
15,9000.0,12,4387034A,3A91EDB9,00000000,00000000,00000000,00000000,00000000,00000000,00000000,0
15,9000.0,13,4387F224,3A979C64,00000000,00000000,00000000,00000000,00000000,00000000,00000000,0
15,9000.0,14,4388D150,3A9CFD4E,00000000,00000000,00000000,00000000,00000000,00000000,00000000,0
15,9000.0,15,4389A06E,3AA42DDC,00000000,00000000,00000000,00000000,00000000,00000000,00000000,0
15,9000.0,16,438A635E,3AAC0EBC,00000000,00000000,00000000,00000000,00000000,00000000,00000000,0
15,9000.0,17,438B1BB3,3AB45D02,00000000,00000000,00000000,00000000,00000000,00000000,00000000,0
15,9000.0,18,438BCA61,3ABD051F,00000000,00000000,00000000,00000000,00000000,00000000,00000000,0
15,9000.0,19,438C703E,3AC5F71F,00000000,00000000,00000000,00000000,00000000,00000000,00000000,0
15,9000.0,20,438D0E03,3ACF258B,00000000,00000000,00000000,00000000,00000000,00000000,00000000,0
15,9000.0,21,438DA453,3AD88483,00000000,00000000,00000000,00000000,00000000,00000000,00000000,0
15,9000.0,22,438E33BA,3AE20904,00000000,00000000,00000000,00000000,00000000,00000000,00000000,0
15,9000.0,23,438EBCB4,3AEBA96F,00000000,00000000,00000000,00000000,00000000,00000000,00000000,0
15,9000.0,24,438F3FAE,3AF55DFD,00000000,00000000,00000000,00000000,00000000,00000000,00000000,0
15,9000.0,25,438FBD09,3AFF1DBB,00000000,00000000,00000000,00000000,00000000,00000000,00000000,0
15,9000.0,26,43903520,3B0755B4,00000000,00000000,00000000,00000000,00000000,00000000,00000000,0
15,9000.0,27,4390A83E,3B13CBA1,00000000,00000000,00000000,00000000,00000000,00000000,00000000,0
15,9000.0,28,439116A5,3B205234,00000000,00000000,00000000,00000000,00000000,00000000,00000000,0
15,9000.0,29,43918092,3B2CE100,00000000,00000000,00000000,00000000,00000000,00000000,00000000,0
15,9000.0,30,4391E63D,3B396FF3,00000000,00000000,00000000,00000000,00000000,00000000,00000000,0
15,9000.0,31,439247D4,3B45F6E3,00000000,00000000,00000000,00000000,00000000,00000000,00000000,0
15,9000.0,32,4392A580,3B526DFB,00000000,00000000,00000000,00000000,00000000,00000000,00000000,0
15,9000.0,33,4392FF68,3B5ECE1E,00000000,00000000,00000000,00000000,00000000,00000000,00000000,0
15,9000.0,34,439355AB,3B6B0FEE,00000000,00000000,00000000,00000000,00000000,00000000,00000000,0
15,9000.0,35,4393A865,3B772C0A,00000000,00000000,00000000,00000000,00000000,00000000,00000000,0
15,9000.0,36,4393F7A9,3B818D54,00000000,00000000,00000000,00000000,00000000,00000000,00000000,0
15,9000.0,37,4394438D,3B876A7B,00000000,00000000,00000000,00000000,00000000,00000000,00000000,0
15,9000.0,38,43948C1C,3B8D28E0,00000000,00000000,00000000,00000000,00000000,00000000,00000000,0
15,9000.0,39,4394D160,3B92C4FA,00000000,00000000,00000000,00000000,00000000,00000000,00000000,0
15,9000.0,40,4395135A,3B983A1B,00000000,00000000,00000000,00000000,00000000,00000000,00000000,0
15,9000.0,41,43955206,3B9ADF6A,00000000,00000000,00000000,00000000,00000000,00000000,00000000,0
15,9000.0,42,43958D58,3B9C81BA,00000000,00000000,00000000,00000000,00000000,00000000,00000000,0
15,9000.0,43,4395C53B,3B9E089E,00000000,00000000,00000000,00000000,00000000,00000000,00000000,0
15,9000.0,44,4395F98E,3B9F7185,00000000,00000000,00000000,00000000,00000000,00000000,00000000,0
15,9000.0,45,43962A1B,3BA0B841,00000000,00000000,00000000,00000000,00000000,00000000,00000000,0
15,9000.0,46,43965695,3BA1D81E,00000000,00000000,00000000,00000000,00000000,00000000,00000000,0
15,9000.0,47,43967E7C,3BA2C82E,00000000,00000000,00000000,00000000,00000000,00000000,00000000,0
15,9000.0,48,4396C15C,3BA02579,00000000,00000000,00000000,00000000,00000000,00000000,00000000,0
15,9000.0,49,4396A943,00000000,00000000,00000000,00000000,00000000,00000000,00000000,00000000,0
16,9000.0,1,4386C000,3CECED00,00000000,00000000,00000000,00000000,00000000,00000000,00000000,0
16,9000.0,2,4388E35C,3D0ABC64,00000000,00000000,00000000,00000000,00000000,00000000,00000000,0
16,9000.0,3,43884DF6,3CC094BE,00000000,00000000,00000000,00000000,00000000,00000000,00000000,0
16,9000.0,4,43880A27,3C9331A5,00000000,00000000,00000000,00000000,00000000,00000000,00000000,0
16,9000.0,5,4387FD51,3C719DFC,00000000,00000000,00000000,00000000,00000000,00000000,00000000,0
16,9000.0,6,438916EC,3C6F794D,00000000,00000000,00000000,00000000,00000000,00000000,00000000,0
16,9000.0,7,438A0925,3C6EA64B,00000000,00000000,00000000,00000000,00000000,00000000,00000000,0
16,9000.0,8,438AE18F,3C6E5D7A,00000000,00000000,00000000,00000000,00000000,00000000,00000000,0
16,9000.0,9,438BA592,3C6E5A60,00000000,00000000,00000000,00000000,00000000,00000000,00000000,0
16,9000.0,10,438C588A,3C6E7EDA,00000000,00000000,00000000,00000000,00000000,00000000,00000000,0
16,9000.0,11,438CFD0E,3C6EB922,00000000,00000000,00000000,00000000,00000000,00000000,00000000,0
16,9000.0,12,438D9539,3C755827,00000000,00000000,00000000,00000000,00000000,00000000,00000000,0
16,9000.0,13,438E22B5,3C814460,00000000,00000000,00000000,00000000,00000000,00000000,00000000,0
16,9000.0,14,438EA6CB,3C8777F9,00000000,00000000,00000000,00000000,00000000,00000000,00000000,0
16,9000.0,15,438F2290,3C8D5063,00000000,00000000,00000000,00000000,00000000,00000000,00000000,0
16,9000.0,16,438F96ED,3C92D5CA,00000000,00000000,00000000,00000000,00000000,00000000,00000000,0
16,9000.0,17,439004A3,3C980F7C,00000000,00000000,00000000,00000000,00000000,00000000,00000000,0
16,9000.0,18,43906C54,3C9D0383,00000000,00000000,00000000,00000000,00000000,00000000,00000000,0
16,9000.0,19,43917117,3C9D8982,00000000,2EDBE6FF,38147135,2C0752C9,00000000,00000000,00000000,1
16,9000.0,20,4391C588,3CA23C1B,00000000,2EDBE6FF,38132668,2C0B5BCF,00000000,00000000,00000000,1
16,9000.0,21,43921626,3CA6B2B7,00000000,2EDBE6FF,3811ECCC,2C0F314D,00000000,00000000,00000000,1
16,9000.0,22,43926333,3CAAF1B2,00000000,2EDBE6FF,3810C2EE,2C12D703,00000000,00000000,00000000,1
16,9000.0,23,4392ACE6,3CAEFCFB,00000000,2EDBE6FF,380FA78A,2C165050,00000000,00000000,00000000,1
16,9000.0,24,4392F373,3CB2D82B,00000000,2EDBE6FF,380E9987,2C19A04D,00000000,00000000,00000000,1
16,9000.0,25,4393370B,3CB68657,00000000,2EDBE6FF,380D97F3,2C1CC99F,00000000,00000000,00000000,1
16,9000.0,26,439377CF,3CB9CD40,00000000,2EDBE6FF,380CA1F1,2C1F9A3D,00000000,00000000,00000000,1
16,9000.0,27,4393B5DF,3CBA1CAB,00000000,2EDBE6FF,380BB6CC,2C1FDE75,00000000,00000000,00000000,1
16,9000.0,28,4393F163,3CBA65BC,00000000,2EDBE6FF,380AD5E2,2C201D39,00000000,00000000,00000000,1
16,9000.0,29,43942A76,3CBAA8F6,00000000,2EDBE6FF,3809FE99,2C2056F8,00000000,00000000,00000000,1
16,9000.0,30,43946135,3CBAE6AD,00000000,2EDBE6FF,3809306C,2C208BFB,00000000,00000000,00000000,1
16,9000.0,31,439495B6,3CBB1F6F,00000000,2EDBE6FF,38086AE5,2C20BCBD,00000000,00000000,00000000,1
16,9000.0,32,4394C80F,3CBB5391,00000000,2EDBE6FF,3807AD9C,2C20E985,00000000,00000000,00000000,1
16,9000.0,33,4394F850,3CBB8349,00000000,2EDBE6FF,3806F832,2C211282,00000000,00000000,00000000,1
16,9000.0,34,43952688,3CBBAEDC,00000000,2EDBE6FF,38064A56,2C2137F0,00000000,00000000,00000000,1
16,9000.0,35,439552C2,3CBBD68F,00000000,2EDBE6FF,3805A3C1,2C215A0A,00000000,00000000,00000000,1
16,9000.0,36,43957D0B,3CBBFA96,00000000,2EDBE6FF,38050436,2C2178FD,00000000,00000000,00000000,1
16,9000.0,37,4395A567,3CBC1B1D,00000000,2EDBE6FF,38046B82,2C2194EE,00000000,00000000,00000000,1
16,9000.0,38,4395CBDA,3CBC3835,00000000,2EDBE6FF,3803D979,2C21ADEB,00000000,00000000,00000000,1
16,9000.0,39,4395F068,3CBC5222,00000000,2EDBE6FF,38034DFF,2C21C430,00000000,00000000,00000000,1
16,9000.0,40,43961308,3CBC68D1,00000000,2EDBE6FF,3802C8F7,2C21D7AD,00000000,00000000,00000000,1
16,9000.0,41,439633B7,3CBC7C44,00000000,2EDBE6FF,38024A5C,2C21E862,00000000,00000000,00000000,1
16,9000.0,42,43965266,3CBC8C8F,00000000,2EDBE6FF,3801D22D,2C21F660,00000000,00000000,00000000,1
16,9000.0,43,43966EFF,3CBC99A0,00000000,2EDBE6FF,3801607B,2C22019A,00000000,00000000,00000000,1
16,9000.0,44,43968963,3CBCA31E,00000000,2EDBE6FF,3800F568,2C2209C1,00000000,00000000,00000000,1
16,9000.0,45,4396747C,3CBDD06C,00000000,00000000,00000000,00000000,00000000,00000000,00000000,0
16,9000.0,46,43968D63,3CBDBA51,00000000,00000000,00000000,00000000,00000000,00000000,00000000,0
16,9000.0,47,4396A388,3CBD9C66,00000000,00000000,00000000,00000000,00000000,00000000,00000000,0
16,9000.0,48,4396D748,3CBC9A8A,00000000,00000000,00000000,00000000,00000000,00000000,00000000,0
16,9000.0,49,4396A426,00000000,00000000,00000000,00000000,00000000,00000000,00000000,00000000,0
17,9000.0,1,43508000,37A9D921,00000000,00000000,00000000,00000000,00000000,00000000,00000000,0
17,9000.0,2,435C9EAA,394A77FD,00000000,00000000,00000000,00000000,00000000,00000000,00000000,0
17,9000.0,3,435914C9,38AE3434,00000000,00000000,00000000,00000000,00000000,00000000,00000000,0
17,9000.0,4,43571F52,38469D51,00000000,00000000,00000000,00000000,00000000,00000000,00000000,0
17,9000.0,5,4355E1BD,38036876,00000000,00000000,00000000,00000000,00000000,00000000,00000000,0
17,9000.0,6,435506AD,37BE5FE0,00000000,00000000,00000000,00000000,00000000,00000000,00000000,0
17,9000.0,7,43546671,37927914,00000000,00000000,00000000,00000000,00000000,00000000,00000000,0
17,9000.0,8,4353EC21,376C24BE,00000000,00000000,00000000,00000000,00000000,00000000,00000000,0
17,9000.0,9,43538BA7,375644F1,00000000,00000000,00000000,00000000,00000000,00000000,00000000,0
17,9000.0,10,43547A89,3769B354,00000000,00000000,00000000,00000000,00000000,00000000,00000000,0
17,9000.0,11,4357202B,379FE214,00000000,00000000,00000000,00000000,00000000,00000000,00000000,0
17,9000.0,12,435997C8,37D4A6E2,00000000,00000000,00000000,00000000,00000000,00000000,00000000,0
17,9000.0,13,435BE706,3809F824,00000000,00000000,00000000,00000000,00000000,00000000,00000000,0
17,9000.0,14,435E127A,382F340E,00000000,00000000,00000000,00000000,00000000,00000000,00000000,0
17,9000.0,15,43601E0C,385A4FD3,00000000,00000000,00000000,00000000,00000000,00000000,00000000,0
17,9000.0,16,43620CEB,3885C244,00000000,00000000,00000000,00000000,00000000,00000000,00000000,0
17,9000.0,17,4363E1DA,38A17FC9,00000000,00000000,00000000,00000000,00000000,00000000,00000000,0
17,9000.0,18,43659F2A,38C06FEE,00000000,00000000,00000000,00000000,00000000,00000000,00000000,0
17,9000.0,19,436753F8,38BCD41A,00000000,3D2C5034,4639D32F,367E3354,00000000,00000000,00000000,1
17,9000.0,20,4368E8CC,38DF7192,00000000,3D378516,4644F42B,36A02E59,00000000,00000000,00000000,1
17,9000.0,21,436A6B40,3902B05C,00000000,3D40A7AA,464DCD74,36C4B3BA,00000000,00000000,00000000,1
17,9000.0,22,436BDCA6,39174F8A,00000000,3D47C1FF,46547259,36EC22FC,00000000,00000000,00000000,1
17,9000.0,23,436D3E25,392D9251,00000000,3D4CE4CF,4658FC43,370AEBBB,00000000,00000000,00000000,1
17,9000.0,24,436E90C4,3945724F,00000000,3D5025DA,465B88F8,37208A12,00000000,00000000,00000000,1
17,9000.0,25,436FD567,395EE683,00000000,3D519EA7,465C3945,37368455,00000000,00000000,00000000,1
17,9000.0,26,43710CDF,3979E3E4,00000000,3D516B57,465B2FCF,374C6BD4,00000000,00000000,00000000,1
17,9000.0,27,437237E2,398B2E75,00000000,3D4FA9E7,46589056,3761CDE0,00000000,00000000,00000000,1
17,9000.0,28,4373570B,399A20F5,00000000,3D4C7957,46547EDA,377636A2,00000000,00000000,00000000,1
17,9000.0,29,43746AED,39A9C096,00000000,3D47F93B,464F1F45,378499F8,00000000,00000000,00000000,1
17,9000.0,30,4375740A,39BA0391,00000000,3D424932,464894DD,378D2BE3,00000000,00000000,00000000,1
17,9000.0,31,437672CB,39CADEC4,00000000,3D3B8898,46410208,37949CF8,00000000,00000000,00000000,1
17,9000.0,32,43776798,39DC464D,00000000,3D33D649,4638881F,379ABD89,00000000,00000000,00000000,1
17,9000.0,33,437852C1,39EE2D10,00000000,3D2B5062,462F4734,379F62E3,00000000,00000000,00000000,1
17,9000.0,34,43793493,3A004275,00000000,3D22142B,46255E0F,37A26852,00000000,00000000,00000000,1
17,9000.0,35,437A0D4C,3A099F39,00000000,3D183DFB,461AEA1D,37A3AFB7,00000000,00000000,00000000,1
17,9000.0,36,437ADD19,3A132482,00000000,3D0DE93A,46100777,37A32252,00000000,00000000,00000000,1
17,9000.0,37,437BA424,3A1CC953,00000000,3D033052,4604D0E7,37A0B13B,00000000,00000000,00000000,1
17,9000.0,38,437C6284,3A2683F2,00000000,3CF0599B,45F2C011,379C55FC,00000000,00000000,00000000,1
17,9000.0,39,437D1845,3A3049B7,00000000,3CD9EEDD,45DB9AD4,379612F9,00000000,00000000,00000000,1
17,9000.0,40,437DC563,3A384308,00000000,3CC350C6,45C4619A,378C9533,00000000,00000000,00000000,1
17,9000.0,41,437E69CC,3A3FF36D,00000000,3CACAE6D,45AD4231,37817A56,00000000,00000000,00000000,1
17,9000.0,42,437F0551,3A477B9F,00000000,3C9636B1,459669D2,376A1A1A,00000000,00000000,00000000,1
17,9000.0,43,437F97AE,3A4ED09D,00000000,3C801903,458005EF,374EF907,00000000,00000000,00000000,1
17,9000.0,44,4380057C,3A5DB804,00000000,00000000,00000000,00000000,00000000,00000000,00000000,0
17,9000.0,45,4380453E,3A642977,00000000,00000000,00000000,00000000,00000000,00000000,00000000,0
17,9000.0,46,43807F8C,3A6A2229,00000000,00000000,00000000,00000000,00000000,00000000,00000000,0
17,9000.0,47,4380B3B0,3A6F818E,00000000,00000000,00000000,00000000,00000000,00000000,00000000,0
17,9000.0,48,4380E881,3A6E324D,00000000,00000000,00000000,00000000,00000000,00000000,00000000,0
17,9000.0,49,4380E87E,00000000,00000000,00000000,00000000,00000000,00000000,00000000,00000000,0
18,9000.0,1,43560000,38829306,00000000,00000000,00000000,00000000,00000000,00000000,00000000,0
18,9000.0,2,436202E3,39CCD708,00000000,00000000,00000000,00000000,00000000,00000000,00000000,0
18,9000.0,3,435E9F20,393CE8F0,00000000,00000000,00000000,00000000,00000000,00000000,00000000,0
18,9000.0,4,435CB200,38E0C140,00000000,00000000,00000000,00000000,00000000,00000000,00000000,0
18,9000.0,5,435B75CB,38996A3D,00000000,00000000,00000000,00000000,00000000,00000000,00000000,0
18,9000.0,6,435A9A1B,3863CF9A,00000000,00000000,00000000,00000000,00000000,00000000,00000000,0
18,9000.0,7,4359F8B8,3832E274,00000000,00000000,00000000,00000000,00000000,00000000,00000000,0
18,9000.0,8,43597D20,38122402,00000000,00000000,00000000,00000000,00000000,00000000,00000000,0
18,9000.0,9,435A1AD8,380ECFE4,00000000,00000000,00000000,00000000,00000000,00000000,00000000,0
18,9000.0,10,435D5F24,385053EE,00000000,00000000,00000000,00000000,00000000,00000000,00000000,0
18,9000.0,11,436066DD,38923E08,00000000,00000000,00000000,00000000,00000000,00000000,00000000,0
18,9000.0,12,436339FA,38C6B2BB,00000000,00000000,00000000,00000000,00000000,00000000,00000000,0
18,9000.0,13,4365DEF9,39033CC2,00000000,00000000,00000000,00000000,00000000,00000000,00000000,0
18,9000.0,14,436874DA,3904263E,00000000,3CBF39FA,45DE72CB,36456CEC,00000000,00000000,00000000,1
18,9000.0,15,436ACFEA,392BE0A6,00000000,3CE2C41D,4603294D,36983FFE,00000000,00000000,00000000,1
18,9000.0,16,436D0A4D,395A5746,00000000,3D019407,46151BB8,36DD0875,00000000,00000000,00000000,1
18,9000.0,17,436F2721,3987E9EC,00000000,3D100B30,4624EDD4,3718F30B,00000000,00000000,00000000,1
18,9000.0,18,43712907,39A647F7,00000000,3D1CAFF7,46328ED1,374B8C4C,00000000,00000000,00000000,1
18,9000.0,19,43731249,39C85B51,00000000,3D2777AE,463DFBE2,3783113C,00000000,00000000,00000000,1
18,9000.0,20,4374E4DC,39EE322F,00000000,3D3061D9,46473CFE,37A41D8B,00000000,00000000,00000000,1
18,9000.0,21,4376A27A,3A0BE9E2,00000000,3D3775F9,464E624C,37C88955,00000000,00000000,00000000,1
18,9000.0,22,43784CA1,3A22A061,00000000,3D3CC1BA,465381FE,37EFD1B1,00000000,00000000,00000000,1
18,9000.0,23,4379E4A4,3A3B399F,00000000,3D405773,4656B6AF,380CAB2C,00000000,00000000,00000000,1
18,9000.0,24,437B6BA6,3A556F66,00000000,3D424CFA,46581E02,3821FE99,00000000,00000000,00000000,1
18,9000.0,25,437CE2B0,3A6E79E8,00000000,3D42BAF5,4657D7F9,3835668B,00000000,00000000,00000000,1
18,9000.0,26,437E4AAA,3A846899,00000000,3D41BB16,46560501,3848673E,00000000,00000000,00000000,1
18,9000.0,27,437FA462,3A923351,00000000,3D3F686C,4652C657,385A9FD8,00000000,00000000,00000000,1
18,9000.0,28,43807846,3AA094E6,00000000,3D3BDE8F,464E3D2E,386BB0BE,00000000,00000000,00000000,1
18,9000.0,29,438117E7,3AAF8470,00000000,3D373942,46488A5B,387B3DDC,00000000,00000000,00000000,1
18,9000.0,30,4381B15D,3ABEF826,00000000,3D319415,4641CDED,38847809,00000000,00000000,00000000,1
18,9000.0,31,438244E4,3ACEE598,00000000,3D2B0A33,463A2708,388A3B9B,00000000,00000000,00000000,1
18,9000.0,32,4382D2B4,3ADF4167,00000000,3D23B633,4631B3C5,388EC58A,00000000,00000000,00000000,1
18,9000.0,33,43835B00,3AEFFF88,00000000,3D1BB1F2,4628910E,3891F68A,00000000,00000000,00000000,1
18,9000.0,34,4383DDEE,3B00897A,00000000,3D131688,461EDA9C,3893B482,00000000,00000000,00000000,1
18,9000.0,35,43845BA2,3B0936E5,00000000,3D09FC32,4614AAED,3893EB1B,00000000,00000000,00000000,1
18,9000.0,36,4384D439,3B120086,00000000,3D007A5E,460A1B58,38928C1A,00000000,00000000,00000000,1
18,9000.0,37,438547C3,3B1ADE6F,00000000,3CED4F46,45FE880B,388F8FE2,00000000,00000000,00000000,1
18,9000.0,38,4385B653,3B23C7EC,00000000,3CD933B0,45E8783F,388AF588,00000000,00000000,00000000,1
18,9000.0,39,43861FEE,3B2CB3C4,00000000,3CC4CC69,45D233D9,3884C388,00000000,00000000,00000000,1
18,9000.0,40,43868490,3B351BA5,00000000,3CB04300,45BBE61E,387964CF,00000000,00000000,00000000,1
18,9000.0,41,4386E42D,3B3CD71F,00000000,3C9BC033,45A5B919,3865C80D,00000000,00000000,00000000,1
18,9000.0,42,43873EAD,3B446B96,00000000,3C876C49,458FD613,384FCFA3,00000000,00000000,00000000,1
18,9000.0,43,438793E6,3B4BCD9A,00000000,3C66E0EF,4574CE15,3837CDCB,00000000,00000000,00000000,1
18,9000.0,44,4387E39C,3B52F028,00000000,3C3FEF16,454B2ED2,381E262E,00000000,00000000,00000000,1
18,9000.0,45,438817D3,3B5E2A40,00000000,00000000,00000000,00000000,00000000,00000000,00000000,0
18,9000.0,46,43885CE4,3B644AD5,00000000,00000000,00000000,00000000,00000000,00000000,00000000,0
18,9000.0,47,43889AE0,3B69E0E8,00000000,00000000,00000000,00000000,00000000,00000000,00000000,0
18,9000.0,48,4388E073,3B6B74D3,00000000,00000000,00000000,00000000,00000000,00000000,00000000,0
18,9000.0,49,4388FA19,00000000,00000000,00000000,00000000,00000000,00000000,00000000,00000000,0
1,13500.0,1,43458000,36D299B5,00000000,00000000,00000000,00000000,00000000,00000000,00000000,0
1,13500.0,2,4351556F,383E86F7,00000000,00000000,00000000,00000000,00000000,00000000,00000000,0
1,13500.0,3,434DC570,37A140AC,00000000,00000000,00000000,00000000,00000000,00000000,00000000,0
1,13500.0,4,4351677C,37CD7805,00000000,00000000,00000000,00000000,00000000,00000000,00000000,0
1,13500.0,5,4357A020,383CCCBE,00000000,00000000,00000000,00000000,00000000,00000000,00000000,0
1,13500.0,6,435D2805,389BF9A4,00000000,00000000,00000000,00000000,00000000,00000000,00000000,0
1,13500.0,7,43622031,38EDC5E4,00000000,00000000,00000000,00000000,00000000,00000000,00000000,0
1,13500.0,8,4366A25C,392A5350,00000000,00000000,00000000,00000000,00000000,00000000,00000000,0
1,13500.0,9,436AC257,39686766,00000000,00000000,00000000,00000000,00000000,00000000,00000000,0
1,13500.0,10,436E8FA8,39987F8A,00000000,00000000,00000000,00000000,00000000,00000000,00000000,0
1,13500.0,11,4372168E,39D2B3F2,00000000,00000000,00000000,00000000,00000000,00000000,00000000,0
1,13500.0,12,437560CC,3A0F8044,00000000,00000000,00000000,00000000,00000000,00000000,00000000,0
1,13500.0,13,43787648,3A3DF624,00000000,00000000,00000000,00000000,00000000,00000000,00000000,0
1,13500.0,14,437B5D0B,3A75904C,00000000,00000000,00000000,00000000,00000000,00000000,00000000,0
1,13500.0,15,437E18BC,3A9BD159,00000000,00000000,00000000,00000000,00000000,00000000,00000000,0
1,13500.0,16,4380586F,3AC1C7FE,00000000,00000000,00000000,00000000,00000000,00000000,00000000,0
1,13500.0,17,438194AA,3AECD722,00000000,00000000,00000000,00000000,00000000,00000000,00000000,0
1,13500.0,18,4382C28B,3B0E94D6,00000000,00000000,00000000,00000000,00000000,00000000,00000000,0
1,13500.0,19,4383E34E,3B2971DE,00000000,00000000,00000000,00000000,00000000,00000000,00000000,0
1,13500.0,20,4384F7F8,3B470FF4,00000000,00000000,00000000,00000000,00000000,00000000,00000000,0
1,13500.0,21,43860164,3B677702,00000000,00000000,00000000,00000000,00000000,00000000,00000000,0
1,13500.0,22,43870053,3B855477,00000000,00000000,00000000,00000000,00000000,00000000,00000000,0
1,13500.0,23,4387F570,3B985105,00000000,00000000,00000000,00000000,00000000,00000000,00000000,0
1,13500.0,24,4388E07C,3BACA22B,00000000,00000000,00000000,00000000,00000000,00000000,00000000,0
1,13500.0,25,4389C065,3BC27CAB,00000000,00000000,00000000,00000000,00000000,00000000,00000000,0
1,13500.0,26,438A97AB,3BD7C3EA,00000000,00000000,00000000,00000000,00000000,00000000,00000000,0
1,13500.0,27,438B66C5,3BECA3BE,00000000,00000000,00000000,00000000,00000000,00000000,00000000,0
1,13500.0,28,438C2E17,3C012B6C,00000000,00000000,00000000,00000000,00000000,00000000,00000000,0
1,13500.0,29,438CEDFC,3C0C67EE,00000000,00000000,00000000,00000000,00000000,00000000,00000000,0
1,13500.0,30,438DA6C1,3C18008F,00000000,00000000,00000000,00000000,00000000,00000000,00000000,0
1,13500.0,31,438E58AB,3C23ED6A,00000000,00000000,00000000,00000000,00000000,00000000,00000000,0
1,13500.0,32,438F03F8,3C30267C,00000000,00000000,00000000,00000000,00000000,00000000,00000000,0
1,13500.0,33,438FA8DD,3C3CA2D9,00000000,00000000,00000000,00000000,00000000,00000000,00000000,0
1,13500.0,34,43904787,3C495930,00000000,00000000,00000000,00000000,00000000,00000000,00000000,0
1,13500.0,35,4390E01B,3C563F5F,00000000,00000000,00000000,00000000,00000000,00000000,00000000,0
1,13500.0,36,439172BC,3C634A93,00000000,00000000,00000000,00000000,00000000,00000000,00000000,0
1,13500.0,37,4391FF7C,3C706F3E,00000000,00000000,00000000,00000000,00000000,00000000,00000000,0
1,13500.0,38,4392866D,3C7DA0AF,00000000,00000000,00000000,00000000,00000000,00000000,00000000,0
1,13500.0,39,43930794,3C8568A8,00000000,00000000,00000000,00000000,00000000,00000000,00000000,0
1,13500.0,40,439382F0,3C8BF911,00000000,00000000,00000000,00000000,00000000,00000000,00000000,0
1,13500.0,41,4393F870,3C91E7A0,00000000,00000000,00000000,00000000,00000000,00000000,00000000,0
1,13500.0,42,439467F8,3C977D49,00000000,00000000,00000000,00000000,00000000,00000000,00000000,0
1,13500.0,43,4394D15B,3C9CEBA9,00000000,00000000,00000000,00000000,00000000,00000000,00000000,0
1,13500.0,44,43953459,3CA2291B,00000000,00000000,00000000,00000000,00000000,00000000,00000000,0
1,13500.0,45,4395908F,3CA72989,00000000,00000000,00000000,00000000,00000000,00000000,00000000,0
1,13500.0,46,4395B61A,3CB44622,00000000,00000000,00000000,00000000,00000000,00000000,00000000,2
1,13500.0,47,43961CDA,3CB6E18D,322BCC77,3C0987C2,451F3C3E,39447F60,2EB8970D,00000000,00000000,2
1,13500.0,48,43967AD7,3CB9DE12,00000000,00000000,00000000,00000000,00000000,00000000,00000000,1
1,13500.0,49,4396DBED,3CBE633B,00000000,00000000,00000000,00000000,00000000,00000000,00000000,1
2,13500.0,1,43468000,36F520CD,00000000,00000000,00000000,00000000,00000000,00000000,00000000,0
2,13500.0,2,432C228A,339C118B,00000000,00000000,00000000,00000000,00000000,00000000,00000000,0
2,13500.0,3,433CD77E,35BC8168,00000000,00000000,00000000,00000000,00000000,00000000,00000000,2
2,13500.0,4,4349F33D,3723773A,00000000,00000000,00000000,00000000,00000000,00000000,00000000,2
2,13500.0,5,4354E13E,3827429F,00000000,00000000,00000000,00000000,00000000,00000000,00000000,2
2,13500.0,6,435E2EA1,38F4C0DF,00000000,00000000,00000000,00000000,00000000,00000000,00000000,2
2,13500.0,7,4366266A,398D6817,00000000,00000000,00000000,00000000,00000000,00000000,00000000,2
2,13500.0,8,436CF6F8,3A08D485,00000000,00000000,00000000,00000000,00000000,00000000,00000000,2
2,13500.0,9,4372C696,3A66ED10,00000000,00000000,00000000,00000000,00000000,00000000,00000000,2
2,13500.0,10,4377BB21,3AAF511D,00000000,00000000,00000000,00000000,00000000,00000000,00000000,2
2,13500.0,11,437BF742,3AF59E9E,00000000,00000000,00000000,00000000,00000000,00000000,00000000,2
2,13500.0,12,437F95C2,3B226F43,00000000,00000000,00000000,00000000,00000000,00000000,00000000,2
2,13500.0,13,43815C1F,3B4CFAB4,00000000,00000000,00000000,00000000,00000000,00000000,00000000,2
2,13500.0,14,4382BDEB,3B791B18,00000000,00000000,00000000,00000000,00000000,00000000,00000000,2
2,13500.0,15,4383FB3D,3B92EF30,00000000,00000000,00000000,00000000,00000000,00000000,00000000,2
2,13500.0,16,43851C46,3BA95083,00000000,00000000,00000000,00000000,00000000,00000000,00000000,2
2,13500.0,17,43862740,3BBF7BDB,00000000,00000000,00000000,00000000,00000000,00000000,00000000,2
2,13500.0,18,438720FC,3BD54D88,00000000,00000000,00000000,00000000,00000000,00000000,00000000,2
2,13500.0,19,43880E23,3BEAC911,00000000,00000000,00000000,00000000,00000000,00000000,00000000,2
2,13500.0,20,4388F1CF,3BFFF863,00000000,00000000,00000000,00000000,00000000,00000000,00000000,2
2,13500.0,21,4389C98C,3C0A8D82,00000000,00000000,00000000,00000000,00000000,00000000,00000000,2
2,13500.0,22,438A956C,3C151742,00000000,00000000,00000000,00000000,00000000,00000000,00000000,2
2,13500.0,23,438B5637,3C1F8CFE,00000000,00000000,00000000,00000000,00000000,00000000,00000000,2
2,13500.0,24,438C0D3E,3C29F1F7,00000000,00000000,00000000,00000000,00000000,00000000,00000000,2
2,13500.0,25,438CBBA5,3C344AAE,00000000,00000000,00000000,00000000,00000000,00000000,00000000,2
2,13500.0,26,438D626D,3C3E9CC8,00000000,00000000,00000000,00000000,00000000,00000000,00000000,2
2,13500.0,27,438E0285,3C48F03C,00000000,00000000,00000000,00000000,00000000,00000000,00000000,2
2,13500.0,28,438E9CB2,3C534C65,00000000,00000000,00000000,00000000,00000000,00000000,00000000,2
2,13500.0,29,438F318D,3C5DB691,00000000,00000000,00000000,00000000,00000000,00000000,00000000,2
2,13500.0,30,438FC18F,3C6832AF,00000000,00000000,00000000,00000000,00000000,00000000,00000000,2
2,13500.0,31,43904D15,3C72C30D,00000000,00000000,00000000,00000000,00000000,00000000,00000000,2
2,13500.0,32,4390D460,3C7D6802,00000000,00000000,00000000,00000000,00000000,00000000,00000000,2
2,13500.0,33,43915799,3C840FE2,00000000,00000000,00000000,00000000,00000000,00000000,00000000,2
2,13500.0,34,4391D6D3,3C8972E4,00000000,00000000,00000000,00000000,00000000,00000000,00000000,2
2,13500.0,35,43925209,3C8ED97B,00000000,00000000,00000000,00000000,00000000,00000000,00000000,2
2,13500.0,36,4392C920,3C943E56,00000000,00000000,00000000,00000000,00000000,00000000,00000000,2
2,13500.0,37,43933BEA,3C999A87,00000000,00000000,00000000,00000000,00000000,00000000,00000000,2
2,13500.0,38,4393AA20,3C9EE507,00000000,00000000,00000000,00000000,00000000,00000000,00000000,2
2,13500.0,39,43941365,3CA412A0,00000000,00000000,00000000,00000000,00000000,00000000,00000000,2
2,13500.0,40,43947745,3CA915B2,00000000,00000000,00000000,00000000,00000000,00000000,00000000,2
2,13500.0,41,4394D588,3CADE50C,00000000,00000000,00000000,00000000,00000000,00000000,00000000,2
2,13500.0,42,43952E23,3CB27B73,00000000,00000000,00000000,00000000,00000000,00000000,00000000,2
2,13500.0,43,439580B9,3CB6CD21,00000000,00000000,00000000,00000000,00000000,00000000,00000000,2
2,13500.0,44,4395CCB4,3CBAC9AE,00000000,00000000,00000000,00000000,00000000,00000000,00000000,2
2,13500.0,45,4396116A,3CBE5F78,00000000,00000000,00000000,00000000,00000000,00000000,00000000,2
2,13500.0,46,43964E28,3CC17CB2,37E1E800,3F158E39,482DEB1B,3C621224,3783F989,00000000,00000000,2
2,13500.0,47,4396B150,3CC2DB43,00000000,00000000,00000000,00000000,00000000,00000000,00000000,1
2,13500.0,48,43971C61,3CC33D97,00000000,00000000,00000000,00000000,00000000,00000000,00000000,1
2,13500.0,49,43972408,3CC7B8C5,00000000,00000000,00000000,00000000,00000000,00000000,00000000,1
3,13500.0,1,43468000,36F520CD,00000000,00000000,00000000,00000000,00000000,00000000,00000000,0
3,13500.0,2,432C3572,339E8FCF,00000000,00000000,00000000,00000000,00000000,00000000,00000000,0
3,13500.0,3,433CEA62,35BEFB4B,00000000,00000000,00000000,00000000,00000000,00000000,00000000,2
3,13500.0,4,434A060E,372552FE,00000000,00000000,00000000,00000000,00000000,00000000,00000000,2
3,13500.0,5,4354F3D4,3828F14C,00000000,00000000,00000000,00000000,00000000,00000000,00000000,2
3,13500.0,6,435E40BE,38F6F2CD,00000000,00000000,00000000,00000000,00000000,00000000,00000000,2
3,13500.0,7,436637B8,398E883F,00000000,00000000,00000000,00000000,00000000,00000000,00000000,2
3,13500.0,8,436D072A,3A09CA2D,00000000,00000000,00000000,00000000,00000000,00000000,00000000,2
3,13500.0,9,4372D583,3A685863,00000000,00000000,00000000,00000000,00000000,00000000,00000000,2
3,13500.0,10,4377C8BE,3AB0426B,00000000,00000000,00000000,00000000,00000000,00000000,00000000,2
3,13500.0,11,437C0391,3AF6CA72,00000000,00000000,00000000,00000000,00000000,00000000,00000000,2
3,13500.0,12,437FA0DF,3B23202C,00000000,00000000,00000000,00000000,00000000,00000000,00000000,2
3,13500.0,13,43816131,3B4DC1CE,00000000,00000000,00000000,00000000,00000000,00000000,00000000,2
3,13500.0,14,4382C29D,3B79F479,00000000,00000000,00000000,00000000,00000000,00000000,00000000,2
3,13500.0,15,4383FFA4,3B936367,00000000,00000000,00000000,00000000,00000000,00000000,00000000,2
3,13500.0,16,43852075,3BA9CAED,00000000,00000000,00000000,00000000,00000000,00000000,00000000,2
3,13500.0,17,43862B44,3BBFFB57,00000000,00000000,00000000,00000000,00000000,00000000,00000000,2
3,13500.0,18,438724E2,3BD5D14F,00000000,00000000,00000000,00000000,00000000,00000000,00000000,2
3,13500.0,19,438811FC,3BEB5155,00000000,00000000,00000000,00000000,00000000,00000000,00000000,2
3,13500.0,20,4388F593,3C004251,00000000,00000000,00000000,00000000,00000000,00000000,00000000,2
3,13500.0,21,4389CD32,3C0AD610,00000000,00000000,00000000,00000000,00000000,00000000,00000000,2
3,13500.0,22,438A98EF,3C156170,00000000,00000000,00000000,00000000,00000000,00000000,00000000,2
3,13500.0,23,438B5998,3C1FD876,00000000,00000000,00000000,00000000,00000000,00000000,00000000,2
3,13500.0,24,438C107B,3C2A3E24,00000000,00000000,00000000,00000000,00000000,00000000,00000000,2
3,13500.0,25,438CBEBB,3C3496CF,00000000,00000000,00000000,00000000,00000000,00000000,00000000,2
3,13500.0,26,438D6558,3C3EE817,00000000,00000000,00000000,00000000,00000000,00000000,00000000,2
3,13500.0,27,438E0540,3C4939E3,00000000,00000000,00000000,00000000,00000000,00000000,00000000,2
3,13500.0,28,438E9F3B,3C53939D,00000000,00000000,00000000,00000000,00000000,00000000,00000000,2
3,13500.0,29,438F33E0,3C5DFA6D,00000000,00000000,00000000,00000000,00000000,00000000,00000000,2
3,13500.0,30,438FC3A9,3C687266,00000000,00000000,00000000,00000000,00000000,00000000,00000000,2
3,13500.0,31,43904EF2,3C72FDBE,00000000,00000000,00000000,00000000,00000000,00000000,00000000,2
3,13500.0,32,4390D5FE,3C7D9CB7,00000000,00000000,00000000,00000000,00000000,00000000,00000000,2
3,13500.0,33,439158F7,3C8426DF,00000000,00000000,00000000,00000000,00000000,00000000,00000000,2
3,13500.0,34,4391D7EF,3C89863A,00000000,00000000,00000000,00000000,00000000,00000000,00000000,2
3,13500.0,35,439252E4,3C8EE8DC,00000000,00000000,00000000,00000000,00000000,00000000,00000000,2
3,13500.0,36,4392C9BE,3C9449C4,00000000,00000000,00000000,00000000,00000000,00000000,00000000,2
3,13500.0,37,43933C50,3C99A220,00000000,00000000,00000000,00000000,00000000,00000000,00000000,2
3,13500.0,38,4393AA57,3C9EE93B,00000000,00000000,00000000,00000000,00000000,00000000,00000000,2
3,13500.0,39,4394137A,3CA4144C,00000000,00000000,00000000,00000000,00000000,00000000,00000000,2
3,13500.0,40,43947749,3CA915FE,00000000,00000000,00000000,00000000,00000000,00000000,00000000,2
3,13500.0,41,4394D588,3CADE50C,00000000,00000000,00000000,00000000,00000000,00000000,00000000,2
3,13500.0,42,43952E23,3CB27B73,00000000,00000000,00000000,00000000,00000000,00000000,00000000,2
3,13500.0,43,439580B9,3CB6CD21,00000000,00000000,00000000,00000000,00000000,00000000,00000000,2
3,13500.0,44,4395CCB4,3CBAC9AE,00000000,00000000,00000000,00000000,00000000,00000000,00000000,2
3,13500.0,45,4396116A,3CBE5F78,00000000,00000000,00000000,00000000,00000000,00000000,00000000,2
3,13500.0,46,43964E28,3CC17CB2,37E1E800,3F158E39,482DEB1B,3C621224,3783F989,00000000,00000000,2
3,13500.0,47,4396B150,3CC2DB43,00000000,00000000,00000000,00000000,00000000,00000000,00000000,1
3,13500.0,48,43971C61,3CC33D97,00000000,00000000,00000000,00000000,00000000,00000000,00000000,1
3,13500.0,49,43972408,3CC7B8C5,00000000,00000000,00000000,00000000,00000000,00000000,00000000,1
4,13500.0,1,4346CCCC,37003AF3,00000000,00000000,00000000,00000000,00000000,00000000,00000000,0
4,13500.0,2,432D78B2,33CF7524,00000000,00000000,00000000,00000000,00000000,00000000,00000000,0
4,13500.0,3,433E33DC,35EF63AD,00000000,00000000,00000000,00000000,00000000,00000000,00000000,2
4,13500.0,4,434B5176,3749770B,00000000,00000000,00000000,00000000,00000000,00000000,00000000,2
4,13500.0,5,43563DDE,384990E1,00000000,00000000,00000000,00000000,00000000,00000000,00000000,2
4,13500.0,6,435F841A,3910AA0E,00000000,00000000,00000000,00000000,00000000,00000000,00000000,2
4,13500.0,7,43676DDD,39A42A77,00000000,00000000,00000000,00000000,00000000,00000000,00000000,2
4,13500.0,8,436E2A51,3A1C21EF,00000000,00000000,00000000,00000000,00000000,00000000,00000000,2
4,13500.0,9,4373E269,3A81AA1F,00000000,00000000,00000000,00000000,00000000,00000000,00000000,2
4,13500.0,10,4378BEA7,3AC21B51,00000000,00000000,00000000,00000000,00000000,00000000,00000000,2
4,13500.0,11,437CE244,3B067AE5,00000000,00000000,00000000,00000000,00000000,00000000,00000000,2
4,13500.0,12,43803554,3B302B33,00000000,00000000,00000000,00000000,00000000,00000000,00000000,2
4,13500.0,13,4381BDC2,3B5C6E6C,00000000,00000000,00000000,00000000,00000000,00000000,00000000,2
4,13500.0,14,438318B4,3B84FD00,00000000,00000000,00000000,00000000,00000000,00000000,00000000,2
4,13500.0,15,438450C5,3B9BF540,00000000,00000000,00000000,00000000,00000000,00000000,00000000,2
4,13500.0,16,43856DD8,3BB2D480,00000000,00000000,00000000,00000000,00000000,00000000,00000000,2
4,13500.0,17,438675EA,3BC96A0C,00000000,00000000,00000000,00000000,00000000,00000000,00000000,2
4,13500.0,18,43876DA2,3BDF952F,00000000,00000000,00000000,00000000,00000000,00000000,00000000,2
4,13500.0,19,43885A36,3BF57389,00000000,00000000,00000000,00000000,00000000,00000000,00000000,2
4,13500.0,20,43893C58,3C058105,00000000,00000000,00000000,00000000,00000000,00000000,00000000,2
4,13500.0,21,438A122D,3C104A95,00000000,00000000,00000000,00000000,00000000,00000000,00000000,2
4,13500.0,22,438ADBE2,3C1B0011,00000000,00000000,00000000,00000000,00000000,00000000,00000000,2
4,13500.0,23,438B9AC3,3C25A009,00000000,00000000,00000000,00000000,00000000,00000000,00000000,2
4,13500.0,24,438C5016,3C302DF7,00000000,00000000,00000000,00000000,00000000,00000000,00000000,2
4,13500.0,25,438CFCFA,3C3AAEE3,00000000,00000000,00000000,00000000,00000000,00000000,00000000,2
4,13500.0,26,438DA268,3C4528EA,00000000,00000000,00000000,00000000,00000000,00000000,00000000,2
4,13500.0,27,438E414A,3C4FA43E,00000000,00000000,00000000,00000000,00000000,00000000,00000000,2
4,13500.0,28,438EDA64,3C5A28EB,00000000,00000000,00000000,00000000,00000000,00000000,00000000,2
4,13500.0,29,438F6E4A,3C64BC60,00000000,00000000,00000000,00000000,00000000,00000000,00000000,2
4,13500.0,30,438FFD73,3C6F62C6,00000000,00000000,00000000,00000000,00000000,00000000,00000000,2
4,13500.0,31,43908837,3C7A1E70,00000000,00000000,00000000,00000000,00000000,00000000,00000000,2
4,13500.0,32,43910ED6,3C8277E1,00000000,00000000,00000000,00000000,00000000,00000000,00000000,2
4,13500.0,33,43919178,3C87EA7A,00000000,00000000,00000000,00000000,00000000,00000000,00000000,2
4,13500.0,34,4392102B,3C8D64C2,00000000,00000000,00000000,00000000,00000000,00000000,00000000,2
4,13500.0,35,43928AED,3C92E317,00000000,00000000,00000000,00000000,00000000,00000000,00000000,2
4,13500.0,36,439301A0,3C986028,00000000,00000000,00000000,00000000,00000000,00000000,00000000,2
4,13500.0,37,43937416,3C9DD505,00000000,00000000,00000000,00000000,00000000,00000000,00000000,2
4,13500.0,38,4393E20B,3CA338A6,00000000,00000000,00000000,00000000,00000000,00000000,00000000,2
4,13500.0,39,43944B22,3CA87FC6,00000000,00000000,00000000,00000000,00000000,00000000,00000000,2
4,13500.0,40,4394AEE9,3CAD9CB9,00000000,00000000,00000000,00000000,00000000,00000000,00000000,2
4,13500.0,41,43950D21,3CB285C6,00000000,00000000,00000000,00000000,00000000,00000000,00000000,2
4,13500.0,42,439565B3,3CB7349F,00000000,00000000,00000000,00000000,00000000,00000000,00000000,2
4,13500.0,43,4395B83E,3CBB9CC8,00000000,00000000,00000000,00000000,00000000,00000000,00000000,2
4,13500.0,44,43960426,3CBFAD42,00000000,00000000,00000000,00000000,00000000,00000000,00000000,2
4,13500.0,45,439648C3,3CC353D9,00000000,00000000,00000000,00000000,00000000,00000000,00000000,2
4,13500.0,46,4396855D,3CC67E26,00000000,00000000,00000000,00000000,00000000,00000000,00000000,2
4,13500.0,47,4396D76A,3CC854ED,322BCC77,3F08EBA5,481F4CCA,3C564B0A,31B7C585,00000000,00000000,2
4,13500.0,48,439742A5,3CC8B95D,00000000,00000000,00000000,00000000,00000000,00000000,00000000,1
4,13500.0,49,43974A64,3CCD5B59,00000000,00000000,00000000,00000000,00000000,00000000,00000000,1
5,13500.0,1,43470000,3704242C,00000000,00000000,00000000,00000000,00000000,00000000,00000000,0
5,13500.0,2,432D2964,33C24AE0,00000000,00000000,00000000,00000000,00000000,00000000,00000000,0
5,13500.0,3,433DE8EB,35E3766D,00000000,00000000,00000000,00000000,00000000,00000000,00000000,2
5,13500.0,4,434B0913,3740FE45,00000000,00000000,00000000,00000000,00000000,00000000,00000000,2
5,13500.0,5,4355F845,38423C14,00000000,00000000,00000000,00000000,00000000,00000000,00000000,2
5,13500.0,6,435F420A,390C1448,00000000,00000000,00000000,00000000,00000000,00000000,00000000,2
5,13500.0,7,43673053,399FA57A,00000000,00000000,00000000,00000000,00000000,00000000,00000000,2
5,13500.0,8,436DF217,3A186C8D,00000000,00000000,00000000,00000000,00000000,00000000,00000000,2
5,13500.0,9,4373AFBF,3A7E08D9,00000000,00000000,00000000,00000000,00000000,00000000,00000000,2
5,13500.0,10,4378915C,3ABEB325,00000000,00000000,00000000,00000000,00000000,00000000,00000000,2
5,13500.0,11,437CBA1C,3B04694B,00000000,00000000,00000000,00000000,00000000,00000000,00000000,2
5,13500.0,12,43802377,3B2DCA55,00000000,00000000,00000000,00000000,00000000,00000000,00000000,2
5,13500.0,13,4381ADA4,3B59CFA8,00000000,00000000,00000000,00000000,00000000,00000000,00000000,2
5,13500.0,14,438309F2,3B8395B2,00000000,00000000,00000000,00000000,00000000,00000000,00000000,2
5,13500.0,15,43844311,3B9A7B94,00000000,00000000,00000000,00000000,00000000,00000000,00000000,2
5,13500.0,16,438560F4,3BB14CB6,00000000,00000000,00000000,00000000,00000000,00000000,00000000,2
5,13500.0,17,438669A6,3BC7D778,00000000,00000000,00000000,00000000,00000000,00000000,00000000,2
5,13500.0,18,438761D6,3BDDFAA2,00000000,00000000,00000000,00000000,00000000,00000000,00000000,2
5,13500.0,19,43884EA5,3BF3CFA2,00000000,00000000,00000000,00000000,00000000,00000000,00000000,2
5,13500.0,20,43893131,3C04AA38,00000000,00000000,00000000,00000000,00000000,00000000,00000000,2
5,13500.0,21,438A0771,3C0F6E10,00000000,00000000,00000000,00000000,00000000,00000000,00000000,2
5,13500.0,22,438AD195,3C1A1FA6,00000000,00000000,00000000,00000000,00000000,00000000,00000000,2
5,13500.0,23,438B90D5,3C24BB88,00000000,00000000,00000000,00000000,00000000,00000000,00000000,2
5,13500.0,24,438C4679,3C2F453F,00000000,00000000,00000000,00000000,00000000,00000000,00000000,2
5,13500.0,25,438CF3A2,3C39C1CE,00000000,00000000,00000000,00000000,00000000,00000000,00000000,2
5,13500.0,26,438D994C,3C44372F,00000000,00000000,00000000,00000000,00000000,00000000,00000000,2
5,13500.0,27,438E3860,3C4EAD87,00000000,00000000,00000000,00000000,00000000,00000000,00000000,2
5,13500.0,28,438ED1A3,3C592CB9,00000000,00000000,00000000,00000000,00000000,00000000,00000000,2
5,13500.0,29,438F65AA,3C63BA14,00000000,00000000,00000000,00000000,00000000,00000000,00000000,2
5,13500.0,30,438FF4EC,3C6E59AD,00000000,00000000,00000000,00000000,00000000,00000000,00000000,2
5,13500.0,31,43907FC1,3C790DCF,00000000,00000000,00000000,00000000,00000000,00000000,00000000,2
5,13500.0,32,4391066A,3C81EB71,00000000,00000000,00000000,00000000,00000000,00000000,00000000,2
5,13500.0,33,4391890F,3C87598D,00000000,00000000,00000000,00000000,00000000,00000000,00000000,2
5,13500.0,34,439207C2,3C8CCEFF,00000000,00000000,00000000,00000000,00000000,00000000,00000000,2
5,13500.0,35,4392827C,3C92481B,00000000,00000000,00000000,00000000,00000000,00000000,00000000,2
5,13500.0,36,4392F924,3C97BFAB,00000000,00000000,00000000,00000000,00000000,00000000,00000000,2
5,13500.0,37,43936B8B,3C9D2EB2,00000000,00000000,00000000,00000000,00000000,00000000,00000000,2
5,13500.0,38,4393D96D,3CA28C30,00000000,00000000,00000000,00000000,00000000,00000000,00000000,2
5,13500.0,39,4394426E,3CA7CD05,00000000,00000000,00000000,00000000,00000000,00000000,00000000,2
5,13500.0,40,4394A61C,3CACE398,00000000,00000000,00000000,00000000,00000000,00000000,00000000,2
5,13500.0,41,4395043A,3CB1C641,00000000,00000000,00000000,00000000,00000000,00000000,00000000,2
5,13500.0,42,43955CB4,3CB66EE3,00000000,00000000,00000000,00000000,00000000,00000000,00000000,2
5,13500.0,43,4395AF28,3CBAD159,00000000,00000000,00000000,00000000,00000000,00000000,00000000,2
5,13500.0,44,4395FB01,3CBEDCD6,00000000,00000000,00000000,00000000,00000000,00000000,00000000,2
5,13500.0,45,43963F93,3CC27F4B,00000000,00000000,00000000,00000000,00000000,00000000,00000000,2
5,13500.0,46,43967C5C,3CC5A52C,322BCC77,3F158E39,482E20E1,3C66EDE0,31C8BAE6,00000000,00000000,2
5,13500.0,47,4396F0E7,3CC69726,00000000,00000000,00000000,00000000,00000000,00000000,00000000,1
5,13500.0,48,43975C2F,3CC6FAE8,00000000,00000000,00000000,00000000,00000000,00000000,00000000,1
5,13500.0,49,439763FA,3CCB8E9B,00000000,00000000,00000000,00000000,00000000,00000000,00000000,1
6,13500.0,1,435D4000,391DF558,00000000,00000000,00000000,00000000,00000000,00000000,00000000,0
6,13500.0,2,4368B412,3A59B75E,00000000,00000000,00000000,00000000,00000000,00000000,00000000,0
6,13500.0,3,433B0EB3,35890B11,00000000,00000000,00000000,00000000,00000000,00000000,00000000,0
6,13500.0,4,43494F19,37140FD1,00000000,00000000,00000000,00000000,00000000,00000000,00000000,2
6,13500.0,5,4354C762,3824F1FB,00000000,00000000,00000000,00000000,00000000,00000000,00000000,2
6,13500.0,6,435E40BE,38F6F2CD,00000000,00000000,00000000,00000000,00000000,00000000,00000000,2
6,13500.0,7,436637B8,398E883F,00000000,00000000,00000000,00000000,00000000,00000000,00000000,2
6,13500.0,8,436D072A,3A09CA2D,00000000,00000000,00000000,00000000,00000000,00000000,00000000,2
6,13500.0,9,4372D583,3A685863,00000000,00000000,00000000,00000000,00000000,00000000,00000000,2
6,13500.0,10,4377C8BE,3AB0426B,00000000,00000000,00000000,00000000,00000000,00000000,00000000,2
6,13500.0,11,437C0391,3AF6CA72,00000000,00000000,00000000,00000000,00000000,00000000,00000000,2
6,13500.0,12,437FA0DF,3B23202C,00000000,00000000,00000000,00000000,00000000,00000000,00000000,2
6,13500.0,13,43816131,3B4DC1CE,00000000,00000000,00000000,00000000,00000000,00000000,00000000,2
6,13500.0,14,4382C29D,3B79F479,00000000,00000000,00000000,00000000,00000000,00000000,00000000,2
6,13500.0,15,4383FFA4,3B936367,00000000,00000000,00000000,00000000,00000000,00000000,00000000,2
6,13500.0,16,43852075,3BA9CAED,00000000,00000000,00000000,00000000,00000000,00000000,00000000,2
6,13500.0,17,43862B44,3BBFFB57,00000000,00000000,00000000,00000000,00000000,00000000,00000000,2
6,13500.0,18,438724E2,3BD5D14F,00000000,00000000,00000000,00000000,00000000,00000000,00000000,2
6,13500.0,19,438811FC,3BEB5155,00000000,00000000,00000000,00000000,00000000,00000000,00000000,2
6,13500.0,20,4388F593,3C004251,00000000,00000000,00000000,00000000,00000000,00000000,00000000,2
6,13500.0,21,4389CD32,3C0AD610,00000000,00000000,00000000,00000000,00000000,00000000,00000000,2
6,13500.0,22,438A98EF,3C156170,00000000,00000000,00000000,00000000,00000000,00000000,00000000,2
6,13500.0,23,438B5998,3C1FD876,00000000,00000000,00000000,00000000,00000000,00000000,00000000,2
6,13500.0,24,438C107B,3C2A3E24,00000000,00000000,00000000,00000000,00000000,00000000,00000000,2
6,13500.0,25,438CBEBB,3C3496CF,00000000,00000000,00000000,00000000,00000000,00000000,00000000,2
6,13500.0,26,438D6558,3C3EE817,00000000,00000000,00000000,00000000,00000000,00000000,00000000,2
6,13500.0,27,438E0540,3C4939E3,00000000,00000000,00000000,00000000,00000000,00000000,00000000,2
6,13500.0,28,438E9F3B,3C53939D,00000000,00000000,00000000,00000000,00000000,00000000,00000000,2
6,13500.0,29,438F33E0,3C5DFA6D,00000000,00000000,00000000,00000000,00000000,00000000,00000000,2
6,13500.0,30,438FC3A9,3C687266,00000000,00000000,00000000,00000000,00000000,00000000,00000000,2
6,13500.0,31,43904EF2,3C72FDBE,00000000,00000000,00000000,00000000,00000000,00000000,00000000,2
6,13500.0,32,4390D5FE,3C7D9CB7,00000000,00000000,00000000,00000000,00000000,00000000,00000000,2
6,13500.0,33,439158F7,3C8426DF,00000000,00000000,00000000,00000000,00000000,00000000,00000000,2
6,13500.0,34,4391D7EF,3C89863A,00000000,00000000,00000000,00000000,00000000,00000000,00000000,2
6,13500.0,35,439252E4,3C8EE8DC,00000000,00000000,00000000,00000000,00000000,00000000,00000000,2
6,13500.0,36,4392C9BE,3C9449C4,00000000,00000000,00000000,00000000,00000000,00000000,00000000,2
6,13500.0,37,43933C50,3C99A220,00000000,00000000,00000000,00000000,00000000,00000000,00000000,2
6,13500.0,38,4393AA57,3C9EE93B,00000000,00000000,00000000,00000000,00000000,00000000,00000000,2
6,13500.0,39,4394137A,3CA4144C,00000000,00000000,00000000,00000000,00000000,00000000,00000000,2
6,13500.0,40,43947749,3CA915FE,00000000,00000000,00000000,00000000,00000000,00000000,00000000,2
6,13500.0,41,4394D588,3CADE50C,00000000,00000000,00000000,00000000,00000000,00000000,00000000,2
6,13500.0,42,43952E23,3CB27B73,00000000,00000000,00000000,00000000,00000000,00000000,00000000,2
6,13500.0,43,439580B9,3CB6CD21,00000000,00000000,00000000,00000000,00000000,00000000,00000000,2
6,13500.0,44,4395CCB4,3CBAC9AE,00000000,00000000,00000000,00000000,00000000,00000000,00000000,2
6,13500.0,45,4396116A,3CBE5F78,00000000,00000000,00000000,00000000,00000000,00000000,00000000,2
6,13500.0,46,43964E28,3CC17CB2,37E1E800,3F158E39,482DEB1B,3C621224,3783F989,00000000,00000000,2
6,13500.0,47,4396B150,3CC2DB43,00000000,00000000,00000000,00000000,00000000,00000000,00000000,1
6,13500.0,48,43971C61,3CC33D97,00000000,00000000,00000000,00000000,00000000,00000000,00000000,1
6,13500.0,49,43972408,3CC7B8C5,00000000,00000000,00000000,00000000,00000000,00000000,00000000,1
7,13500.0,1,4346999A,36F8DA87,00000000,00000000,00000000,00000000,00000000,00000000,00000000,0
7,13500.0,2,432C8F3D,33AAEC90,00000000,00000000,00000000,00000000,00000000,00000000,00000000,0
7,13500.0,3,433D4645,35CB7790,00000000,00000000,00000000,00000000,00000000,00000000,00000000,2
7,13500.0,4,434A62AC,372EC31C,00000000,00000000,00000000,00000000,00000000,00000000,00000000,2
7,13500.0,5,43555044,38318BD9,00000000,00000000,00000000,00000000,00000000,00000000,00000000,2
7,13500.0,6,435E9B8B,39011D24,00000000,00000000,00000000,00000000,00000000,00000000,00000000,2
7,13500.0,7,43668F11,39945793,00000000,00000000,00000000,00000000,00000000,00000000,00000000,2
7,13500.0,8,436D596A,3A0EC25A,00000000,00000000,00000000,00000000,00000000,00000000,00000000,2
7,13500.0,9,437321AB,3A6FB678,00000000,00000000,00000000,00000000,00000000,00000000,00000000,2
7,13500.0,10,43780E8B,3AB52A6F,00000000,00000000,00000000,00000000,00000000,00000000,00000000,2
7,13500.0,11,437C42EC,3AFCE84F,00000000,00000000,00000000,00000000,00000000,00000000,00000000,2
7,13500.0,12,437FDA4D,3B26BE09,00000000,00000000,00000000,00000000,00000000,00000000,00000000,2
7,13500.0,13,43817B8A,3B51D77D,00000000,00000000,00000000,00000000,00000000,00000000,00000000,2
7,13500.0,14,4382DB1C,3B7E6D43,00000000,00000000,00000000,00000000,00000000,00000000,00000000,2
7,13500.0,15,438416B8,3B95C90C,00000000,00000000,00000000,00000000,00000000,00000000,00000000,2
7,13500.0,16,43853677,3BAC534C,00000000,00000000,00000000,00000000,00000000,00000000,00000000,2
7,13500.0,17,4386407D,3BC2A11C,00000000,00000000,00000000,00000000,00000000,00000000,00000000,2
7,13500.0,18,4387398E,3BD88FED,00000000,00000000,00000000,00000000,00000000,00000000,00000000,2
7,13500.0,19,4388267E,3BEE2B1B,00000000,00000000,00000000,00000000,00000000,00000000,00000000,2
7,13500.0,20,438909B6,3C01BB84,00000000,00000000,00000000,00000000,00000000,00000000,00000000,2
7,13500.0,21,4389E0D0,3C0C5E55,00000000,00000000,00000000,00000000,00000000,00000000,00000000,2
7,13500.0,22,438AABF4,3C16F55E,00000000,00000000,00000000,00000000,00000000,00000000,00000000,2
7,13500.0,23,438B6C14,3C21775B,00000000,00000000,00000000,00000000,00000000,00000000,00000000,2
7,13500.0,24,438C2279,3C2BE750,00000000,00000000,00000000,00000000,00000000,00000000,00000000,2
7,13500.0,25,438CD042,3C364979,00000000,00000000,00000000,00000000,00000000,00000000,00000000,2
7,13500.0,26,438D766E,3C40A36F,00000000,00000000,00000000,00000000,00000000,00000000,00000000,2
7,13500.0,27,438E15EB,3C4AFD46,00000000,00000000,00000000,00000000,00000000,00000000,00000000,2
7,13500.0,28,438EAF80,3C555E85,00000000,00000000,00000000,00000000,00000000,00000000,00000000,2
7,13500.0,29,438F43C3,3C5FCC5E,00000000,00000000,00000000,00000000,00000000,00000000,00000000,2
7,13500.0,30,438FD32C,3C6A4AAE,00000000,00000000,00000000,00000000,00000000,00000000,00000000,2
7,13500.0,31,43905E19,3C74DBDA,00000000,00000000,00000000,00000000,00000000,00000000,00000000,2
7,13500.0,32,4390E4CB,3C7F806E,00000000,00000000,00000000,00000000,00000000,00000000,00000000,2
7,13500.0,33,4391676D,3C851B40,00000000,00000000,00000000,00000000,00000000,00000000,00000000,2
7,13500.0,34,4391E613,3C8A7CFF,00000000,00000000,00000000,00000000,00000000,00000000,00000000,2
7,13500.0,35,439260BA,3C8FE1F2,00000000,00000000,00000000,00000000,00000000,00000000,00000000,2
7,13500.0,36,4392D74B,3C954527,00000000,00000000,00000000,00000000,00000000,00000000,00000000,2
7,13500.0,37,4393499C,3C9AA00F,00000000,00000000,00000000,00000000,00000000,00000000,00000000,2
7,13500.0,38,4393B76D,3C9FEA1B,00000000,00000000,00000000,00000000,00000000,00000000,00000000,2
7,13500.0,39,43942068,3CA518C2,00000000,00000000,00000000,00000000,00000000,00000000,00000000,2
7,13500.0,40,43948420,3CAA1F18,00000000,00000000,00000000,00000000,00000000,00000000,00000000,2
7,13500.0,41,4394E257,3CAEF384,00000000,00000000,00000000,00000000,00000000,00000000,00000000,2
7,13500.0,42,43953AED,3CB38F3A,00000000,00000000,00000000,00000000,00000000,00000000,00000000,2
7,13500.0,43,43958D7D,3CB7E5CB,00000000,00000000,00000000,00000000,00000000,00000000,00000000,2
7,13500.0,44,4395D970,3CBBE6B1,00000000,00000000,00000000,00000000,00000000,00000000,00000000,2
7,13500.0,45,43961E1F,3CBF802C,00000000,00000000,00000000,00000000,00000000,00000000,00000000,2
7,13500.0,46,43965AD4,3CC2A045,37E21200,3F158E39,482DF9CF,3C6366D1,37841212,00000000,00000000,2
7,13500.0,47,4396BE05,3CC40048,00000000,00000000,00000000,00000000,00000000,00000000,00000000,1
7,13500.0,48,43972923,3CC4630E,00000000,00000000,00000000,00000000,00000000,00000000,00000000,1
7,13500.0,49,439730D2,3CC8E610,00000000,00000000,00000000,00000000,00000000,00000000,00000000,1
8,13500.0,1,434B8000,377F123A,00000000,00000000,00000000,00000000,00000000,00000000,00000000,0
8,13500.0,2,43578CD5,38DE453B,00000000,00000000,00000000,00000000,00000000,00000000,00000000,0
8,13500.0,3,4353F754,38406C2D,00000000,00000000,00000000,00000000,00000000,00000000,00000000,0
8,13500.0,4,4355B454,383816D2,00000000,00000000,00000000,00000000,00000000,00000000,00000000,0
8,13500.0,5,435C08C3,38A4B3A0,00000000,00000000,00000000,00000000,00000000,00000000,00000000,0
8,13500.0,6,4361A805,3904E334,00000000,00000000,00000000,00000000,00000000,00000000,00000000,0
8,13500.0,7,4366B43B,394650F8,00000000,00000000,00000000,00000000,00000000,00000000,00000000,0
8,13500.0,8,436B482A,398B5C64,00000000,00000000,00000000,00000000,00000000,00000000,00000000,0
8,13500.0,9,436F7885,39BAE65F,00000000,00000000,00000000,00000000,00000000,00000000,00000000,0
8,13500.0,10,4373556C,39F1874A,00000000,00000000,00000000,00000000,00000000,00000000,00000000,0
8,13500.0,11,4376EB97,3A1E6722,00000000,00000000,00000000,00000000,00000000,00000000,00000000,0
8,13500.0,12,437A4519,3A51FF84,00000000,00000000,00000000,00000000,00000000,00000000,00000000,0
8,13500.0,13,437D6750,3A88724B,00000000,00000000,00000000,00000000,00000000,00000000,00000000,0
8,13500.0,14,43802DEB,3AAD6631,00000000,00000000,00000000,00000000,00000000,00000000,00000000,0
8,13500.0,15,438194B1,3AD7E5C2,00000000,00000000,00000000,00000000,00000000,00000000,00000000,0
8,13500.0,16,4382EA17,3B041B92,00000000,00000000,00000000,00000000,00000000,00000000,00000000,0
8,13500.0,17,43842FC3,3B1F4C80,00000000,00000000,00000000,00000000,00000000,00000000,00000000,0
8,13500.0,18,43856705,3B3D9E8B,00000000,00000000,00000000,00000000,00000000,00000000,00000000,0
8,13500.0,19,43869106,3B5F23F3,00000000,00000000,00000000,00000000,00000000,00000000,00000000,0
8,13500.0,20,4387AEBE,3B81F2CD,00000000,00000000,00000000,00000000,00000000,00000000,00000000,0
8,13500.0,21,4388C066,3B95E07A,00000000,00000000,00000000,00000000,00000000,00000000,00000000,0
8,13500.0,22,4389C3F1,3BABA70F,00000000,00000000,00000000,00000000,00000000,00000000,00000000,0
8,13500.0,23,438ABCBC,3BC31C86,00000000,00000000,00000000,00000000,00000000,00000000,00000000,0
8,13500.0,24,438BABA2,3BDC341F,00000000,00000000,00000000,00000000,00000000,00000000,00000000,0
8,13500.0,25,438C9139,3BF6E4A7,00000000,00000000,00000000,00000000,00000000,00000000,00000000,0
8,13500.0,26,438D6DFB,3C082234,00000000,00000000,00000000,00000000,00000000,00000000,00000000,0
8,13500.0,27,438E4259,3C135B9E,00000000,00000000,00000000,00000000,00000000,00000000,00000000,0
8,13500.0,28,438F0EBB,3C1EDFEE,00000000,00000000,00000000,00000000,00000000,00000000,00000000,0
8,13500.0,29,438FD378,3C2AA7EC,00000000,00000000,00000000,00000000,00000000,00000000,00000000,0
8,13500.0,30,439090E6,3C36AC5C,00000000,00000000,00000000,00000000,00000000,00000000,00000000,0
8,13500.0,31,43914748,3C42E53D,00000000,00000000,00000000,00000000,00000000,00000000,00000000,0
8,13500.0,32,4391F6DF,3C4F4ABA,00000000,00000000,00000000,00000000,00000000,00000000,00000000,0
8,13500.0,33,43929FE1,3C5BD465,00000000,00000000,00000000,00000000,00000000,00000000,00000000,0
8,13500.0,34,4393427C,3C68796D,00000000,00000000,00000000,00000000,00000000,00000000,00000000,0
8,13500.0,35,43912260,3C4ACD31,00000000,3BB211F3,44D28309,388D10E4,00000000,00000000,00000000,1
8,13500.0,36,4391B31F,3C594238,00000000,3BA4EB32,44C29240,388BF606,00000000,00000000,00000000,1
8,13500.0,37,43923DF1,3C67EC7A,00000000,3B9799FB,44B28321,388957FC,00000000,00000000,00000000,1
8,13500.0,38,4392C2E3,3C76BD05,00000000,3B8A31EB,44A26BFF,38853201,00000000,00000000,00000000,1
8,13500.0,39,439341FD,3C82D1D4,00000000,3B798CAE,449262B6,387F0BF6,00000000,00000000,00000000,1
8,13500.0,40,4393BB35,3C8A4725,00000000,3B5ED50C,44827CE9,3870B98C,00000000,00000000,00000000,1
8,13500.0,41,43942E7A,3C9083DF,00000000,3B4468B2,4465A655,385DC022,00000000,00000000,00000000,1
8,13500.0,42,43949BAA,3C9628FD,00000000,3B2A6BDC,4446F30A,3847ECF8,00000000,00000000,00000000,1
8,13500.0,43,43950290,3C9BA7BE,00000000,3B110647,44290BE6,38305BA7,00000000,00000000,00000000,1
8,13500.0,44,439562E7,3CA0F6A3,00000000,3AF0C9A2,440C22AD,38176600,00000000,00000000,00000000,1
8,13500.0,45,4395908F,3CA72989,00000000,00000000,00000000,00000000,00000000,00000000,00000000,0
8,13500.0,46,4395E569,3CABDDD9,00000000,00000000,00000000,00000000,00000000,00000000,00000000,0
8,13500.0,47,43963206,3CB031B6,00000000,00000000,00000000,00000000,00000000,00000000,00000000,0
8,13500.0,48,43969592,3CB32FE1,00000000,00000000,00000000,00000000,00000000,00000000,00000000,0
8,13500.0,49,4396D247,00000000,00000000,00000000,00000000,00000000,00000000,00000000,00000000,0
9,13500.0,1,434D8000,3792778A,00000000,00000000,00000000,00000000,00000000,00000000,00000000,0
9,13500.0,2,435997E2,390E4536,00000000,00000000,00000000,00000000,00000000,00000000,00000000,0
9,13500.0,3,435604D3,387594EC,00000000,00000000,00000000,00000000,00000000,00000000,00000000,0
9,13500.0,4,4357099E,38523586,00000000,00000000,00000000,00000000,00000000,00000000,00000000,0
9,13500.0,5,435D662C,38B8BD6E,00000000,00000000,00000000,00000000,00000000,00000000,00000000,0
9,13500.0,6,43630C2F,3912BF0B,00000000,00000000,00000000,00000000,00000000,00000000,00000000,0
9,13500.0,7,43681E37,3957F750,00000000,00000000,00000000,00000000,00000000,00000000,00000000,0
9,13500.0,8,436CB767,3995DCDC,00000000,00000000,00000000,00000000,00000000,00000000,00000000,0
9,13500.0,9,4370ECC0,39C6B281,00000000,00000000,00000000,00000000,00000000,00000000,00000000,0
9,13500.0,10,4374CE95,39FE20E0,00000000,00000000,00000000,00000000,00000000,00000000,00000000,0
9,13500.0,11,437869BC,3A24215F,00000000,00000000,00000000,00000000,00000000,00000000,00000000,0
9,13500.0,12,437BC783,3A5A2CB4,00000000,00000000,00000000,00000000,00000000,00000000,00000000,0
9,13500.0,13,437EEE37,3A8E1F4E,00000000,00000000,00000000,00000000,00000000,00000000,00000000,0
9,13500.0,14,4380F476,3AB4C1A1,00000000,00000000,00000000,00000000,00000000,00000000,00000000,0
9,13500.0,15,43825E73,3AE15222,00000000,00000000,00000000,00000000,00000000,00000000,00000000,0
9,13500.0,16,4383B719,3B0A12A4,00000000,00000000,00000000,00000000,00000000,00000000,00000000,0
9,13500.0,17,4384FFF8,3B26C207,00000000,00000000,00000000,00000000,00000000,00000000,00000000,0
9,13500.0,18,43863A60,3B46D389,00000000,00000000,00000000,00000000,00000000,00000000,00000000,0
9,13500.0,19,43876773,3B6A59A8,00000000,00000000,00000000,00000000,00000000,00000000,00000000,0
9,13500.0,20,438887D2,3B88A04A,00000000,00000000,00000000,00000000,00000000,00000000,00000000,0
9,13500.0,21,43899949,3B9DFC56,00000000,00000000,00000000,00000000,00000000,00000000,00000000,0
9,13500.0,22,438A9E9B,3BB53E02,00000000,00000000,00000000,00000000,00000000,00000000,00000000,0
9,13500.0,23,438B9955,3BCE4C52,00000000,00000000,00000000,00000000,00000000,00000000,00000000,0
9,13500.0,24,438C8A17,3BE91FD6,00000000,00000000,00000000,00000000,00000000,00000000,00000000,0
9,13500.0,25,438D7175,3C02D75A,00000000,00000000,00000000,00000000,00000000,00000000,00000000,0
9,13500.0,26,438E4FF0,3C10CEA5,00000000,00000000,00000000,00000000,00000000,00000000,00000000,0
9,13500.0,27,438F25F3,3C1CA4F5,00000000,00000000,00000000,00000000,00000000,00000000,00000000,0
9,13500.0,28,438FF3E9,3C28C8E4,00000000,00000000,00000000,00000000,00000000,00000000,00000000,0
9,13500.0,29,4390BA2C,3C35332C,00000000,00000000,00000000,00000000,00000000,00000000,00000000,0
9,13500.0,30,4391790E,3C41DC02,00000000,00000000,00000000,00000000,00000000,00000000,00000000,0
9,13500.0,31,439230D6,3C4EBB19,00000000,00000000,00000000,00000000,00000000,00000000,00000000,0
9,13500.0,32,4392E1C6,3C5BC850,00000000,00000000,00000000,00000000,00000000,00000000,00000000,0
9,13500.0,33,43938C14,3C68FADB,00000000,00000000,00000000,00000000,00000000,00000000,00000000,0
9,13500.0,34,43942FEF,3C76499B,00000000,00000000,00000000,00000000,00000000,00000000,00000000,0
9,13500.0,35,4394CD80,3C81D587,00000000,00000000,00000000,00000000,00000000,00000000,00000000,0
9,13500.0,36,439564E5,3C888A76,00000000,00000000,00000000,00000000,00000000,00000000,00000000,0
9,13500.0,37,4395F638,3C8F3E70,00000000,00000000,00000000,00000000,00000000,00000000,00000000,0
9,13500.0,38,43968188,3C95EB85,00000000,00000000,00000000,00000000,00000000,00000000,00000000,0
9,13500.0,39,439341FC,3C827507,00000000,3B798E49,449263A6,387E58AC,00000000,00000000,00000000,1
9,13500.0,40,4393BB35,3C8A31FA,00000000,3B5ED563,44827D1C,38709510,00000000,00000000,00000000,1
9,13500.0,41,43942E7A,3C9083DF,00000000,3B4468B2,4465A655,385DC022,00000000,00000000,00000000,1
9,13500.0,42,43949BAA,3C9628FD,00000000,3B2A6BDC,4446F30A,3847ECF8,00000000,00000000,00000000,1
9,13500.0,43,43950290,3C9BA7BE,00000000,3B110647,44290BE6,38305BA7,00000000,00000000,00000000,1
9,13500.0,44,439562E7,3CA0F6A3,00000000,3AF0C9A2,440C22AD,38176600,00000000,00000000,00000000,1
9,13500.0,45,4395908F,3CA72989,00000000,00000000,00000000,00000000,00000000,00000000,00000000,0
9,13500.0,46,4395E569,3CABDDD9,00000000,00000000,00000000,00000000,00000000,00000000,00000000,0
9,13500.0,47,43963206,3CB031B6,00000000,00000000,00000000,00000000,00000000,00000000,00000000,0
9,13500.0,48,43969592,3CB32FE1,00000000,00000000,00000000,00000000,00000000,00000000,00000000,0
9,13500.0,49,4396CE01,00000000,00000000,00000000,00000000,00000000,00000000,00000000,00000000,0
10,13500.0,1,434E0000,37B52427,00000000,00000000,00000000,00000000,00000000,00000000,00000000,0
10,13500.0,2,435A19E4,391AE34B,00000000,00000000,00000000,00000000,00000000,00000000,00000000,0
10,13500.0,3,435687E1,3887AB9C,00000000,00000000,00000000,00000000,00000000,00000000,00000000,0
10,13500.0,4,43576B31,38669395,00000000,00000000,00000000,00000000,00000000,00000000,00000000,0
10,13500.0,5,435DCA06,38CC0F86,00000000,00000000,00000000,00000000,00000000,00000000,00000000,0
10,13500.0,6,436371F3,39230D28,00000000,00000000,00000000,00000000,00000000,00000000,00000000,0
10,13500.0,7,436885A2,397136B2,00000000,00000000,00000000,00000000,00000000,00000000,00000000,0
10,13500.0,8,436D205A,39A82ED0,00000000,00000000,00000000,00000000,00000000,00000000,00000000,0
10,13500.0,9,43715728,39DFFDA5,00000000,00000000,00000000,00000000,00000000,00000000,00000000,0
10,13500.0,10,43753A77,3A0FDBA4,00000000,00000000,00000000,00000000,00000000,00000000,00000000,0
10,13500.0,11,4378D71D,3A38D670,00000000,00000000,00000000,00000000,00000000,00000000,00000000,0
10,13500.0,12,437C35EB,3A724D17,00000000,00000000,00000000,00000000,00000000,00000000,00000000,0
10,13500.0,13,437F5E5C,3A9BACB3,00000000,00000000,00000000,00000000,00000000,00000000,00000000,0
10,13500.0,14,43812D7B,3AC39A94,00000000,00000000,00000000,00000000,00000000,00000000,00000000,0
10,13500.0,15,43829877,3AF13E29,00000000,00000000,00000000,00000000,00000000,00000000,00000000,0
10,13500.0,16,4383F216,3B127036,00000000,00000000,00000000,00000000,00000000,00000000,00000000,0
10,13500.0,17,43853BEB,3B2F6040,00000000,00000000,00000000,00000000,00000000,00000000,00000000,0
10,13500.0,18,43867744,3B4F868F,00000000,00000000,00000000,00000000,00000000,00000000,00000000,0
10,13500.0,19,4387A543,3B72F0E8,00000000,00000000,00000000,00000000,00000000,00000000,00000000,0
10,13500.0,20,4388C621,3B8CBC95,00000000,00000000,00000000,00000000,00000000,00000000,00000000,0
10,13500.0,21,4389D7A1,3BA1E90F,00000000,00000000,00000000,00000000,00000000,00000000,00000000,0
10,13500.0,22,438ADD8A,3BB8D02B,00000000,00000000,00000000,00000000,00000000,00000000,00000000,0
10,13500.0,23,438BD8D1,3BD166B8,00000000,00000000,00000000,00000000,00000000,00000000,00000000,0
10,13500.0,24,438CCA1A,3BEBA4C7,00000000,00000000,00000000,00000000,00000000,00000000,00000000,0
10,13500.0,25,438DB1FA,3C03BFFF,00000000,00000000,00000000,00000000,00000000,00000000,00000000,0
10,13500.0,26,438E90ED,3C116B5A,00000000,00000000,00000000,00000000,00000000,00000000,00000000,0
10,13500.0,27,438F6766,3C1D4560,00000000,00000000,00000000,00000000,00000000,00000000,00000000,0
10,13500.0,28,439035CC,3C296D01,00000000,00000000,00000000,00000000,00000000,00000000,00000000,0
10,13500.0,29,4390FC79,3C35DA8E,00000000,00000000,00000000,00000000,00000000,00000000,00000000,0
10,13500.0,30,4391BBC1,3C428677,00000000,00000000,00000000,00000000,00000000,00000000,00000000,0
10,13500.0,31,439273EC,3C4F68AB,00000000,00000000,00000000,00000000,00000000,00000000,00000000,0
10,13500.0,32,4390A67E,3C3A7447,00000000,00000000,00000000,00000000,00000000,00000000,00000000,0
10,13500.0,33,43914DA4,3C498908,00000000,00000000,00000000,00000000,00000000,00000000,00000000,0
10,13500.0,34,4391EE7F,3C590141,00000000,00000000,00000000,00000000,00000000,00000000,00000000,0
10,13500.0,35,43928931,3C68CFC5,00000000,00000000,00000000,00000000,00000000,00000000,00000000,0
10,13500.0,36,43936237,3C756296,00000000,3BA4E4A3,44C4CE12,389E0E50,00000000,00000000,00000000,1
10,13500.0,37,4393EECE,3C82E757,00000000,3B97968A,44B492C1,389B06DD,00000000,00000000,00000000,1
10,13500.0,38,43947575,3C8B31D9,00000000,3B8A3097,44A44E22,38964695,00000000,00000000,00000000,1
10,13500.0,39,4394F632,3C9387F2,00000000,3B798C99,4494168C,388FD041,00000000,00000000,00000000,1
10,13500.0,40,439570FE,3C9BDF72,00000000,3B5ED649,4484021F,3887AE3E,00000000,00000000,00000000,1
10,13500.0,41,4395E5C4,3CA2FF04,00000000,3B446A46,446853C5,387A1DD2,00000000,00000000,00000000,1
10,13500.0,42,43965461,3CA9475A,00000000,3B2A6DFC,4449459F,38616438,00000000,00000000,00000000,1
10,13500.0,43,4396BCA5,3CAF64A7,00000000,3B11086D,442B056F,3846BB91,00000000,00000000,00000000,1
10,13500.0,44,43971E41,3CB54C2A,00000000,3AF0CD59,440DC5C3,382A88D4,00000000,00000000,00000000,1
10,13500.0,45,43974ADC,3CBC1F6F,00000000,00000000,00000000,00000000,00000000,00000000,00000000,0
10,13500.0,46,4397A0FE,3CC15B85,00000000,00000000,00000000,00000000,00000000,00000000,00000000,0
10,13500.0,47,4397EEC8,3CC62C4B,00000000,00000000,00000000,00000000,00000000,00000000,00000000,0
10,13500.0,48,439854FF,3CC98ED0,00000000,00000000,00000000,00000000,00000000,00000000,00000000,0
10,13500.0,49,4398BFA8,00000000,00000000,00000000,00000000,00000000,00000000,00000000,00000000,0
11,13500.0,1,43518000,37919F22,00000000,00000000,00000000,00000000,00000000,00000000,00000000,0
11,13500.0,2,435D9DD7,395EF9EB,00000000,00000000,00000000,00000000,00000000,00000000,00000000,0
11,13500.0,3,435A18B4,38BDBA33,00000000,00000000,00000000,00000000,00000000,00000000,00000000,0
11,13500.0,4,4359EF62,388620BE,00000000,00000000,00000000,00000000,00000000,00000000,00000000,0
11,13500.0,5,43605CA1,38E01479,00000000,00000000,00000000,00000000,00000000,00000000,00000000,0
11,13500.0,6,4366107D,392A0010,00000000,00000000,00000000,00000000,00000000,00000000,00000000,0
11,13500.0,7,436B2E9C,396FCD7A,00000000,00000000,00000000,00000000,00000000,00000000,00000000,0
11,13500.0,8,436FD30A,399FF435,00000000,00000000,00000000,00000000,00000000,00000000,00000000,0
11,13500.0,9,4374136B,39CC6508,00000000,00000000,00000000,00000000,00000000,00000000,00000000,0
11,13500.0,10,43780079,39FC9AE8,00000000,00000000,00000000,00000000,00000000,00000000,00000000,0
11,13500.0,11,437BA67A,3A1AFBA8,00000000,00000000,00000000,00000000,00000000,00000000,00000000,0
11,13500.0,12,437F0D00,3A455A5C,00000000,00000000,00000000,00000000,00000000,00000000,00000000,0
11,13500.0,13,438120F0,3A75F013,00000000,00000000,00000000,00000000,00000000,00000000,00000000,0
11,13500.0,14,4382A5C0,3A969A66,00000000,00000000,00000000,00000000,00000000,00000000,00000000,0
11,13500.0,15,43841746,3AB5DD79,00000000,00000000,00000000,00000000,00000000,00000000,00000000,0
11,13500.0,16,43857750,3AD90544,00000000,00000000,00000000,00000000,00000000,00000000,00000000,0
11,13500.0,17,4386C763,3B002344,00000000,00000000,00000000,00000000,00000000,00000000,00000000,0
11,13500.0,18,438808CC,3B15E12A,00000000,00000000,00000000,00000000,00000000,00000000,00000000,0
11,13500.0,19,438939FB,3B2DA988,00000000,00000000,00000000,00000000,00000000,00000000,00000000,0
11,13500.0,20,438A5B59,3B4842C2,00000000,00000000,00000000,00000000,00000000,00000000,00000000,0
11,13500.0,21,438B704B,3B653B04,00000000,00000000,00000000,00000000,00000000,00000000,00000000,0
11,13500.0,22,438C79A9,3B824844,00000000,00000000,00000000,00000000,00000000,00000000,00000000,0
11,13500.0,23,438D7830,3B931EAD,00000000,00000000,00000000,00000000,00000000,00000000,00000000,0
11,13500.0,24,438E6C87,3BA51BBC,00000000,00000000,00000000,00000000,00000000,00000000,00000000,0
11,13500.0,25,438F5745,3BB83916,00000000,00000000,00000000,00000000,00000000,00000000,00000000,0
11,13500.0,26,439038EC,3BCB512F,00000000,00000000,00000000,00000000,00000000,00000000,00000000,0
11,13500.0,27,439111EF,3BDB3964,00000000,00000000,00000000,00000000,00000000,00000000,00000000,0
11,13500.0,28,4391E2B9,3BEB87D4,00000000,00000000,00000000,00000000,00000000,00000000,00000000,0
11,13500.0,29,4392ABA5,3BFC3287,00000000,00000000,00000000,00000000,00000000,00000000,00000000,0
11,13500.0,30,43936D0C,3C0697DB,00000000,00000000,00000000,00000000,00000000,00000000,00000000,0
11,13500.0,31,43942733,3C0F3A24,00000000,00000000,00000000,00000000,00000000,00000000,00000000,0
11,13500.0,32,4394DA60,3C17FAEB,00000000,00000000,00000000,00000000,00000000,00000000,00000000,0
11,13500.0,33,439586C8,3C20D41E,00000000,00000000,00000000,00000000,00000000,00000000,00000000,0
11,13500.0,34,43962C9F,3C29BFFC,00000000,00000000,00000000,00000000,00000000,00000000,00000000,0
11,13500.0,35,4396CC0F,3C32B823,00000000,00000000,00000000,00000000,00000000,00000000,00000000,0
11,13500.0,36,43976536,3C3BB5BF,00000000,00000000,00000000,00000000,00000000,00000000,00000000,0
11,13500.0,37,4397F830,3C44B1C6,00000000,00000000,00000000,00000000,00000000,00000000,00000000,0
11,13500.0,38,43928676,3C6ED058,00000000,00000000,00000000,00000000,00000000,00000000,00000000,0
11,13500.0,39,43930795,3C812607,00000000,00000000,00000000,00000000,00000000,00000000,00000000,0
11,13500.0,40,439382F0,3C8B004C,00000000,00000000,00000000,00000000,00000000,00000000,00000000,0
11,13500.0,41,4393F870,3C91E7A0,00000000,00000000,00000000,00000000,00000000,00000000,00000000,0
11,13500.0,42,439467F8,3C977D49,00000000,00000000,00000000,00000000,00000000,00000000,00000000,0
11,13500.0,43,4394D15B,3C9CEBA9,00000000,00000000,00000000,00000000,00000000,00000000,00000000,0
11,13500.0,44,43953459,3CA2291B,00000000,00000000,00000000,00000000,00000000,00000000,00000000,0
11,13500.0,45,4395908F,3CA72989,00000000,00000000,00000000,00000000,00000000,00000000,00000000,0
11,13500.0,46,4395B61A,3CB44622,00000000,00000000,00000000,00000000,00000000,00000000,00000000,2
11,13500.0,47,43961CDA,3CB6E18D,322BCC77,3C0987C2,451F3C3E,39447F60,2EB8970D,00000000,00000000,2
11,13500.0,48,43967AD7,3CB9DE12,00000000,00000000,00000000,00000000,00000000,00000000,00000000,1
11,13500.0,49,4396DBED,3CBE633B,00000000,00000000,00000000,00000000,00000000,00000000,00000000,1
12,13500.0,1,434E8000,37C21422,00000000,00000000,00000000,00000000,00000000,00000000,00000000,0
12,13500.0,2,435A9B91,392543E0,00000000,00000000,00000000,00000000,00000000,00000000,00000000,0
12,13500.0,3,43570ACA,389121A2,00000000,00000000,00000000,00000000,00000000,00000000,00000000,0
12,13500.0,4,4357B4A6,386F55F4,00000000,00000000,00000000,00000000,00000000,00000000,00000000,0
12,13500.0,5,435E152A,38D36C29,00000000,00000000,00000000,00000000,00000000,00000000,00000000,0
12,13500.0,6,4363BE80,3928A812,00000000,00000000,00000000,00000000,00000000,00000000,00000000,0
12,13500.0,7,4368D36A,397922B6,00000000,00000000,00000000,00000000,00000000,00000000,00000000,0
12,13500.0,8,436D6F43,39AD7A56,00000000,00000000,00000000,00000000,00000000,00000000,00000000,0
12,13500.0,9,4371A725,39E6C631,00000000,00000000,00000000,00000000,00000000,00000000,00000000,0
12,13500.0,10,43758B8F,3A141112,00000000,00000000,00000000,00000000,00000000,00000000,00000000,0
12,13500.0,11,43792956,3A4187B7,00000000,00000000,00000000,00000000,00000000,00000000,00000000,0
12,13500.0,12,437C88EF,3A859EF6,00000000,00000000,00000000,00000000,00000000,00000000,00000000,0
12,13500.0,13,437FB2CF,3AB3351D,00000000,00000000,00000000,00000000,00000000,00000000,00000000,0
12,13500.0,14,43815880,3AE98E11,00000000,00000000,00000000,00000000,00000000,00000000,00000000,0
12,13500.0,15,4382C452,3B14A0D4,00000000,00000000,00000000,00000000,00000000,00000000,00000000,0
12,13500.0,16,43841ECE,3B396B7E,00000000,00000000,00000000,00000000,00000000,00000000,00000000,0
12,13500.0,17,43856988,3B63601C,00000000,00000000,00000000,00000000,00000000,00000000,00000000,0
12,13500.0,18,4386A5CA,3B8954B8,00000000,00000000,00000000,00000000,00000000,00000000,00000000,0
12,13500.0,19,4387D4BD,3BA3B204,00000000,00000000,00000000,00000000,00000000,00000000,00000000,0
12,13500.0,20,4388F5FB,3BC0BAF7,00000000,00000000,00000000,00000000,00000000,00000000,00000000,0
12,13500.0,21,438A0813,3BE0D286,00000000,00000000,00000000,00000000,00000000,00000000,00000000,0
12,13500.0,22,438B77A0,3BF8F6EE,00000000,3D109FA5,46362F66,398CA628,00000000,00000000,00000000,1
12,13500.0,23,438C7243,3C0F6C5F,00000000,3D0F5307,4633F3CD,39A0981A,00000000,00000000,00000000,1
12,13500.0,24,438D62BE,3C23C125,00000000,3D0D47C1,4630D2DA,39B4BE8F,00000000,00000000,00000000,1
12,13500.0,25,438E49B2,3C3971BD,00000000,3D0A8D97,462CE1C7,39C8BBC2,00000000,00000000,00000000,1
12,13500.0,26,438F2798,3C4C0DAE,00000000,3D0739D4,46283C57,39D7929E,00000000,00000000,00000000,1
12,13500.0,27,438FFCC0,3C5256E8,00000000,3D036769,462304ED,39D7EEE0,00000000,00000000,00000000,1
12,13500.0,28,4390C9AB,3C57C211,00000000,3CFE2B31,461D3B55,39D636F4,00000000,00000000,00000000,1
12,13500.0,29,4391338D,3C60F9BC,00000000,00000000,00000000,00000000,00000000,00000000,00000000,0
12,13500.0,30,4391F363,3C647AD3,00000000,00000000,00000000,00000000,00000000,00000000,00000000,0
12,13500.0,31,4392AC06,3C6711F4,00000000,00000000,00000000,00000000,00000000,00000000,00000000,0
12,13500.0,32,43935DB2,3C68BF2C,00000000,00000000,00000000,00000000,00000000,00000000,00000000,0
12,13500.0,33,439408A0,3C69848E,00000000,00000000,00000000,00000000,00000000,00000000,00000000,0
12,13500.0,34,4394ACFF,3C6965C7,00000000,00000000,00000000,00000000,00000000,00000000,00000000,0
12,13500.0,35,43954AF7,3C686822,00000000,00000000,00000000,00000000,00000000,00000000,00000000,0
12,13500.0,36,4395E2A8,3C6692EB,00000000,00000000,00000000,00000000,00000000,00000000,00000000,0
12,13500.0,37,4396742D,3C63EF0F,00000000,00000000,00000000,00000000,00000000,00000000,00000000,0
12,13500.0,38,4396FF96,3C60879B,00000000,00000000,00000000,00000000,00000000,00000000,00000000,0
12,13500.0,39,439784EB,3C5C6902,00000000,00000000,00000000,00000000,00000000,00000000,00000000,0
12,13500.0,40,4398042E,3C57A27A,00000000,00000000,00000000,00000000,00000000,00000000,00000000,0
12,13500.0,41,4393FD85,3C00A830,00000000,00000000,00000000,00000000,00000000,00000000,00000000,0
12,13500.0,42,43946C59,3C05756E,00000000,00000000,00000000,00000000,00000000,00000000,00000000,0
12,13500.0,43,4394D50E,3C0A1FBF,00000000,00000000,00000000,00000000,00000000,00000000,00000000,0
12,13500.0,44,4395375E,3C0E9E05,00000000,00000000,00000000,00000000,00000000,00000000,00000000,0
12,13500.0,45,439592ED,3C12E5B3,00000000,00000000,00000000,00000000,00000000,00000000,00000000,0
12,13500.0,46,4395E728,3C16E8E9,00000000,00000000,00000000,00000000,00000000,00000000,00000000,0
12,13500.0,47,43963330,3C1A94F3,00000000,00000000,00000000,00000000,00000000,00000000,00000000,0
12,13500.0,48,439695E9,3C1C23A8,00000000,00000000,00000000,00000000,00000000,00000000,00000000,0
12,13500.0,49,4396B52B,00000000,00000000,00000000,00000000,00000000,00000000,00000000,00000000,0
13,13500.0,1,434F8000,3801CF73,00000000,00000000,00000000,00000000,00000000,00000000,00000000,0
13,13500.0,2,435B9DE1,39407E88,00000000,00000000,00000000,00000000,00000000,00000000,00000000,0
13,13500.0,3,43581022,38AC67F0,00000000,00000000,00000000,00000000,00000000,00000000,00000000,0
13,13500.0,4,43585E78,388938FD,00000000,00000000,00000000,00000000,00000000,00000000,00000000,0
13,13500.0,5,435EC2E5,38F3FF12,00000000,00000000,00000000,00000000,00000000,00000000,00000000,0
13,13500.0,6,43646F73,3943A7F4,00000000,00000000,00000000,00000000,00000000,00000000,00000000,0
13,13500.0,7,43698733,399129C6,00000000,00000000,00000000,00000000,00000000,00000000,00000000,0
13,13500.0,8,436E25A7,39CAFE36,00000000,00000000,00000000,00000000,00000000,00000000,00000000,0
13,13500.0,9,43726021,3A078C72,00000000,00000000,00000000,00000000,00000000,00000000,00000000,0
13,13500.0,10,43764721,3A2E9910,00000000,00000000,00000000,00000000,00000000,00000000,00000000,0
13,13500.0,11,4379E79A,3A619886,00000000,00000000,00000000,00000000,00000000,00000000,00000000,0
13,13500.0,12,437D4906,3A9917EA,00000000,00000000,00000000,00000000,00000000,00000000,00000000,0
13,13500.0,13,43803B15,3ACA061C,00000000,00000000,00000000,00000000,00000000,00000000,00000000,0
13,13500.0,14,4381BBEC,3B01E52C,00000000,00000000,00000000,00000000,00000000,00000000,00000000,0
13,13500.0,15,43832982,3B237996,00000000,00000000,00000000,00000000,00000000,00000000,00000000,0
13,13500.0,16,438485C3,3B4A000B,00000000,00000000,00000000,00000000,00000000,00000000,00000000,0
13,13500.0,17,4385D235,3B75AB79,00000000,00000000,00000000,00000000,00000000,00000000,00000000,0
13,13500.0,18,43871028,3B935097,00000000,00000000,00000000,00000000,00000000,00000000,00000000,0
13,13500.0,19,438840A5,3BAE7716,00000000,00000000,00000000,00000000,00000000,00000000,00000000,0
13,13500.0,20,438961B1,3BCC599E,00000000,00000000,00000000,00000000,00000000,00000000,00000000,0
13,13500.0,21,438A74DF,3BED328F,00000000,00000000,00000000,00000000,00000000,00000000,00000000,0
13,13500.0,22,438B7CAC,3C0869AF,00000000,00000000,00000000,00000000,00000000,00000000,00000000,0
13,13500.0,23,438CE357,3C162C6B,00000000,3D0F34EF,463463CF,39A803BA,00000000,00000000,00000000,1
13,13500.0,24,438DD4A6,3C2ACE67,00000000,3D0D3073,463148E1,39BC6804,00000000,00000000,00000000,1
13,13500.0,25,438EBC65,3C40C3E1,00000000,3D0A7C75,462D5C52,39D08E9D,00000000,00000000,00000000,1
13,13500.0,26,438F9B12,3C549BE3,00000000,3D072CF3,4628B85D,39E08713,00000000,00000000,00000000,1
13,13500.0,27,439070FB,3C5B4916,00000000,3D035F4D,46238292,39E11011,00000000,00000000,00000000,1
13,13500.0,28,43913E9E,3C611559,00000000,3CFE2375,461DB96C,39DF725B,00000000,00000000,00000000,1
13,13500.0,29,4391A7B7,3C6ABE90,00000000,00000000,00000000,00000000,00000000,00000000,00000000,0
13,13500.0,30,43926853,3C6E9963,00000000,00000000,00000000,00000000,00000000,00000000,00000000,0
13,13500.0,31,439321B1,3C718733,00000000,00000000,00000000,00000000,00000000,00000000,00000000,0
13,13500.0,32,4393D413,3C73880B,00000000,00000000,00000000,00000000,00000000,00000000,00000000,0
13,13500.0,33,43947FAE,3C749D9E,00000000,00000000,00000000,00000000,00000000,00000000,00000000,0
13,13500.0,34,439524B5,3C74CBB9,00000000,00000000,00000000,00000000,00000000,00000000,00000000,0
13,13500.0,35,4395C34D,3C741772,00000000,00000000,00000000,00000000,00000000,00000000,00000000,0
13,13500.0,36,43965B98,3C72881A,00000000,00000000,00000000,00000000,00000000,00000000,00000000,0
13,13500.0,37,4396EDB1,3C7026A7,00000000,00000000,00000000,00000000,00000000,00000000,00000000,0
13,13500.0,38,439779A7,3C6CFDCA,00000000,00000000,00000000,00000000,00000000,00000000,00000000,0
13,13500.0,39,4397FF86,3C691A87,00000000,00000000,00000000,00000000,00000000,00000000,00000000,0
13,13500.0,40,43987F48,3C648B48,00000000,00000000,00000000,00000000,00000000,00000000,00000000,0
13,13500.0,41,4398F8F4,3C699ABA,00000000,00000000,00000000,00000000,00000000,00000000,00000000,0
13,13500.0,42,43946C59,3C05756E,00000000,00000000,00000000,00000000,00000000,00000000,00000000,0
13,13500.0,43,4394D50E,3C0A1FBF,00000000,00000000,00000000,00000000,00000000,00000000,00000000,0
13,13500.0,44,4395375E,3C0E9E05,00000000,00000000,00000000,00000000,00000000,00000000,00000000,0
13,13500.0,45,439592ED,3C12E5B3,00000000,00000000,00000000,00000000,00000000,00000000,00000000,0
13,13500.0,46,4395E728,3C16E8E9,00000000,00000000,00000000,00000000,00000000,00000000,00000000,0
13,13500.0,47,43963330,3C1A94F3,00000000,00000000,00000000,00000000,00000000,00000000,00000000,0
13,13500.0,48,439695E9,3C1C23A8,00000000,00000000,00000000,00000000,00000000,00000000,00000000,0
13,13500.0,49,4396B345,00000000,00000000,00000000,00000000,00000000,00000000,00000000,00000000,0
14,13500.0,1,434D8000,37A8FFF8,00000000,00000000,00000000,00000000,00000000,00000000,00000000,0
14,13500.0,2,435997E4,39111644,00000000,00000000,00000000,00000000,00000000,00000000,00000000,0
14,13500.0,3,435604D2,387D8A23,00000000,00000000,00000000,00000000,00000000,00000000,00000000,0
14,13500.0,4,435707F8,385B3603,00000000,00000000,00000000,00000000,00000000,00000000,00000000,0
14,13500.0,5,435D647B,38C27BBC,00000000,00000000,00000000,00000000,00000000,00000000,00000000,0
14,13500.0,6,43630A7B,391BBE1B,00000000,00000000,00000000,00000000,00000000,00000000,00000000,0
14,13500.0,7,43681C81,3966DC75,00000000,00000000,00000000,00000000,00000000,00000000,00000000,0
14,13500.0,8,436CB5B2,39A1405A,00000000,00000000,00000000,00000000,00000000,00000000,00000000,0
14,13500.0,9,4370EB06,39D71876,00000000,00000000,00000000,00000000,00000000,00000000,00000000,0
14,13500.0,10,4374CCDF,3A0A553E,00000000,00000000,00000000,00000000,00000000,00000000,00000000,0
14,13500.0,11,4378680B,3A35CD1E,00000000,00000000,00000000,00000000,00000000,00000000,00000000,0
14,13500.0,12,437BC5E3,3A78F6FF,00000000,00000000,00000000,00000000,00000000,00000000,00000000,0
14,13500.0,13,437EECAA,3AA620E8,00000000,00000000,00000000,00000000,00000000,00000000,00000000,0
14,13500.0,14,4380F3BE,3AD79E8F,00000000,00000000,00000000,00000000,00000000,00000000,00000000,0
14,13500.0,15,43825DD1,3B08B9C1,00000000,00000000,00000000,00000000,00000000,00000000,00000000,0
14,13500.0,16,4383B691,3B2A0B78,00000000,00000000,00000000,00000000,00000000,00000000,00000000,0
14,13500.0,17,4384FF8F,3B4FF6CF,00000000,00000000,00000000,00000000,00000000,00000000,00000000,0
14,13500.0,18,43863A20,3B7AA38B,00000000,00000000,00000000,00000000,00000000,00000000,00000000,0
14,13500.0,19,43876762,3B9515C8,00000000,00000000,00000000,00000000,00000000,00000000,00000000,0
14,13500.0,20,438887FB,3BAF4046,00000000,00000000,00000000,00000000,00000000,00000000,00000000,0
14,13500.0,21,438999AD,3BCC0A13,00000000,00000000,00000000,00000000,00000000,00000000,00000000,0
14,13500.0,22,438A9F49,3BEB70D9,00000000,00000000,00000000,00000000,00000000,00000000,00000000,0
14,13500.0,23,438BFF52,3C017B1C,00000000,3D0F86FA,46339FD0,39913013,00000000,00000000,00000000,1
14,13500.0,24,438CEEDF,3C13C00C,00000000,3D0D7919,46307E10,39A34D56,00000000,00000000,00000000,1
14,13500.0,25,438DD4EA,3C273C9E,00000000,3D0ABD35,462C8DFE,39B5448F,00000000,00000000,00000000,1
14,13500.0,26,438EB1E7,3C370D4E,00000000,3D07692C,4627EBF5,39C1A670,00000000,00000000,00000000,1
14,13500.0,27,438F8630,3C3C197A,00000000,3D039506,4622B6A4,39C15D11,00000000,00000000,00000000,1
14,13500.0,28,438FF684,3C4501C8,00000000,00000000,00000000,00000000,00000000,00000000,00000000,0
14,13500.0,29,4390BCEB,3C4834C1,00000000,00000000,00000000,00000000,00000000,00000000,00000000,0
14,13500.0,30,43917BDD,3C4A831F,00000000,00000000,00000000,00000000,00000000,00000000,00000000,0
14,13500.0,31,439233A0,3C4BEBDD,00000000,00000000,00000000,00000000,00000000,00000000,00000000,0
14,13500.0,32,4392E475,3C4C6FCC,00000000,00000000,00000000,00000000,00000000,00000000,00000000,0
14,13500.0,33,43938E93,3C4C115C,00000000,00000000,00000000,00000000,00000000,00000000,00000000,0
14,13500.0,34,43943227,3C4AD49A,00000000,00000000,00000000,00000000,00000000,00000000,00000000,0
14,13500.0,35,4394CF5C,3C48BF95,00000000,00000000,00000000,00000000,00000000,00000000,00000000,0
14,13500.0,36,43956651,3C45DA0A,00000000,00000000,00000000,00000000,00000000,00000000,00000000,0
14,13500.0,37,4395F720,3C422DC3,00000000,00000000,00000000,00000000,00000000,00000000,00000000,0
14,13500.0,38,439681DA,3C3DC5AF,00000000,00000000,00000000,00000000,00000000,00000000,00000000,0
14,13500.0,39,43970686,3C38AF4E,00000000,00000000,00000000,00000000,00000000,00000000,00000000,0
14,13500.0,40,43978525,3C32F9FE,00000000,00000000,00000000,00000000,00000000,00000000,00000000,0
14,13500.0,41,4393FE01,3BE21A03,00000000,00000000,00000000,00000000,00000000,00000000,00000000,0
14,13500.0,42,43946CC4,3BEA7C3B,00000000,00000000,00000000,00000000,00000000,00000000,00000000,0
14,13500.0,43,4394D566,3BF2A0B4,00000000,00000000,00000000,00000000,00000000,00000000,00000000,0
14,13500.0,44,439537A6,3BFA77D3,00000000,00000000,00000000,00000000,00000000,00000000,00000000,0
14,13500.0,45,43959326,3C00F744,00000000,00000000,00000000,00000000,00000000,00000000,00000000,0
14,13500.0,46,4395E752,3C047616,00000000,00000000,00000000,00000000,00000000,00000000,00000000,0
14,13500.0,47,4396334D,3C07A7EA,00000000,00000000,00000000,00000000,00000000,00000000,00000000,0
14,13500.0,48,439695F1,3C08CA12,00000000,00000000,00000000,00000000,00000000,00000000,00000000,0
14,13500.0,49,4396BB0C,00000000,00000000,00000000,00000000,00000000,00000000,00000000,00000000,0
15,13500.0,1,43758000,39A594C3,00000000,00000000,00000000,00000000,00000000,00000000,00000000,0
15,13500.0,2,437C404A,3B539994,00000000,00000000,00000000,00000000,00000000,00000000,00000000,0
15,13500.0,3,437AFD8B,3AFE7877,00000000,00000000,00000000,00000000,00000000,00000000,00000000,0
15,13500.0,4,437A2F95,3AAC4520,00000000,00000000,00000000,00000000,00000000,00000000,00000000,0
15,13500.0,5,437C4D18,3A95FDE2,00000000,00000000,00000000,00000000,00000000,00000000,00000000,0
15,13500.0,6,437F7F77,3A933356,00000000,00000000,00000000,00000000,00000000,00000000,00000000,0
15,13500.0,7,43813666,3A913097,00000000,00000000,00000000,00000000,00000000,00000000,00000000,0
15,13500.0,8,43828ED0,3A8F8EAB,00000000,00000000,00000000,00000000,00000000,00000000,00000000,0
15,13500.0,9,4383CC7F,3A8E427B,00000000,00000000,00000000,00000000,00000000,00000000,00000000,0
15,13500.0,10,4384F2A9,3A8D4447,00000000,00000000,00000000,00000000,00000000,00000000,00000000,0
15,13500.0,11,4386041C,3A8CB100,00000000,00000000,00000000,00000000,00000000,00000000,00000000,0
15,13500.0,12,4387034A,3A91EDB9,00000000,00000000,00000000,00000000,00000000,00000000,00000000,0
15,13500.0,13,4387F224,3A979C64,00000000,00000000,00000000,00000000,00000000,00000000,00000000,0
15,13500.0,14,4388D150,3A9CFD4E,00000000,00000000,00000000,00000000,00000000,00000000,00000000,0
15,13500.0,15,4389A06E,3AA42DDC,00000000,00000000,00000000,00000000,00000000,00000000,00000000,0
15,13500.0,16,438A635E,3AAC0EBC,00000000,00000000,00000000,00000000,00000000,00000000,00000000,0
15,13500.0,17,438B1BB3,3AB45D02,00000000,00000000,00000000,00000000,00000000,00000000,00000000,0
15,13500.0,18,438BCA61,3ABD051F,00000000,00000000,00000000,00000000,00000000,00000000,00000000,0
15,13500.0,19,438C703E,3AC5F71F,00000000,00000000,00000000,00000000,00000000,00000000,00000000,0
15,13500.0,20,438D0E03,3ACF258B,00000000,00000000,00000000,00000000,00000000,00000000,00000000,0
15,13500.0,21,438DA453,3AD88483,00000000,00000000,00000000,00000000,00000000,00000000,00000000,0
15,13500.0,22,438E33BA,3AE20904,00000000,00000000,00000000,00000000,00000000,00000000,00000000,0
15,13500.0,23,438EBCB4,3AEBA96F,00000000,00000000,00000000,00000000,00000000,00000000,00000000,0
15,13500.0,24,438F3FAE,3AF55DFD,00000000,00000000,00000000,00000000,00000000,00000000,00000000,0
15,13500.0,25,438FBD09,3AFF1DBB,00000000,00000000,00000000,00000000,00000000,00000000,00000000,0
15,13500.0,26,43903520,3B0755B4,00000000,00000000,00000000,00000000,00000000,00000000,00000000,0
15,13500.0,27,4390A83E,3B13CBA1,00000000,00000000,00000000,00000000,00000000,00000000,00000000,0
15,13500.0,28,439116A5,3B205234,00000000,00000000,00000000,00000000,00000000,00000000,00000000,0
15,13500.0,29,43918092,3B2CE100,00000000,00000000,00000000,00000000,00000000,00000000,00000000,0
15,13500.0,30,4391E63D,3B396FF3,00000000,00000000,00000000,00000000,00000000,00000000,00000000,0
15,13500.0,31,439247D4,3B45F6E3,00000000,00000000,00000000,00000000,00000000,00000000,00000000,0
15,13500.0,32,4392A580,3B526DFB,00000000,00000000,00000000,00000000,00000000,00000000,00000000,0
15,13500.0,33,4392FF68,3B5ECE1E,00000000,00000000,00000000,00000000,00000000,00000000,00000000,0
15,13500.0,34,439355AB,3B6B0FEE,00000000,00000000,00000000,00000000,00000000,00000000,00000000,0
15,13500.0,35,4393A865,3B772C0A,00000000,00000000,00000000,00000000,00000000,00000000,00000000,0
15,13500.0,36,4393F7A9,3B818D54,00000000,00000000,00000000,00000000,00000000,00000000,00000000,0
15,13500.0,37,4394438D,3B876A7B,00000000,00000000,00000000,00000000,00000000,00000000,00000000,0
15,13500.0,38,43948C1C,3B8D28E0,00000000,00000000,00000000,00000000,00000000,00000000,00000000,0
15,13500.0,39,4394D160,3B92C4FA,00000000,00000000,00000000,00000000,00000000,00000000,00000000,0
15,13500.0,40,4395135A,3B983A1B,00000000,00000000,00000000,00000000,00000000,00000000,00000000,0
15,13500.0,41,43955206,3B9ADF6A,00000000,00000000,00000000,00000000,00000000,00000000,00000000,0
15,13500.0,42,43958D58,3B9C81BA,00000000,00000000,00000000,00000000,00000000,00000000,00000000,0
15,13500.0,43,4395C53B,3B9E089E,00000000,00000000,00000000,00000000,00000000,00000000,00000000,0
15,13500.0,44,4395F98E,3B9F7185,00000000,00000000,00000000,00000000,00000000,00000000,00000000,0
15,13500.0,45,43962A1B,3BA0B841,00000000,00000000,00000000,00000000,00000000,00000000,00000000,0
15,13500.0,46,43965695,3BA1D81E,00000000,00000000,00000000,00000000,00000000,00000000,00000000,0
15,13500.0,47,43967E7C,3BA2C82E,00000000,00000000,00000000,00000000,00000000,00000000,00000000,0
15,13500.0,48,4396C15C,3BA02579,00000000,00000000,00000000,00000000,00000000,00000000,00000000,0
15,13500.0,49,4396A943,00000000,00000000,00000000,00000000,00000000,00000000,00000000,00000000,0
16,13500.0,1,4386C000,3CECED00,00000000,00000000,00000000,00000000,00000000,00000000,00000000,0
16,13500.0,2,4388E35C,3D0ABC64,00000000,00000000,00000000,00000000,00000000,00000000,00000000,0
16,13500.0,3,43884DF6,3CC094BE,00000000,00000000,00000000,00000000,00000000,00000000,00000000,0
16,13500.0,4,43880A27,3C9331A5,00000000,00000000,00000000,00000000,00000000,00000000,00000000,0
16,13500.0,5,4387FD51,3C719DFC,00000000,00000000,00000000,00000000,00000000,00000000,00000000,0
16,13500.0,6,438916EC,3C6F794D,00000000,00000000,00000000,00000000,00000000,00000000,00000000,0
16,13500.0,7,438A0925,3C6EA64B,00000000,00000000,00000000,00000000,00000000,00000000,00000000,0
16,13500.0,8,438AE18F,3C6E5D7A,00000000,00000000,00000000,00000000,00000000,00000000,00000000,0
16,13500.0,9,438BA592,3C6E5A60,00000000,00000000,00000000,00000000,00000000,00000000,00000000,0
16,13500.0,10,438C588A,3C6E7EDA,00000000,00000000,00000000,00000000,00000000,00000000,00000000,0
16,13500.0,11,438CFD0E,3C6EB922,00000000,00000000,00000000,00000000,00000000,00000000,00000000,0
16,13500.0,12,438D9539,3C755827,00000000,00000000,00000000,00000000,00000000,00000000,00000000,0
16,13500.0,13,438E22B5,3C814460,00000000,00000000,00000000,00000000,00000000,00000000,00000000,0
16,13500.0,14,438EA6CB,3C8777F9,00000000,00000000,00000000,00000000,00000000,00000000,00000000,0
16,13500.0,15,438F2290,3C8D5063,00000000,00000000,00000000,00000000,00000000,00000000,00000000,0
16,13500.0,16,438F96ED,3C92D5CA,00000000,00000000,00000000,00000000,00000000,00000000,00000000,0
16,13500.0,17,439004A3,3C980F7C,00000000,00000000,00000000,00000000,00000000,00000000,00000000,0
16,13500.0,18,43906C54,3C9D0383,00000000,00000000,00000000,00000000,00000000,00000000,00000000,0
16,13500.0,19,43917117,3C9D8982,00000000,2EDBE6FF,38147135,2C0752C9,00000000,00000000,00000000,1
16,13500.0,20,4391C588,3CA23C1B,00000000,2EDBE6FF,38132668,2C0B5BCF,00000000,00000000,00000000,1
16,13500.0,21,43921626,3CA6B2B7,00000000,2EDBE6FF,3811ECCC,2C0F314D,00000000,00000000,00000000,1
16,13500.0,22,43926333,3CAAF1B2,00000000,2EDBE6FF,3810C2EE,2C12D703,00000000,00000000,00000000,1
16,13500.0,23,4392ACE6,3CAEFCFB,00000000,2EDBE6FF,380FA78A,2C165050,00000000,00000000,00000000,1
16,13500.0,24,4392F373,3CB2D82B,00000000,2EDBE6FF,380E9987,2C19A04D,00000000,00000000,00000000,1
16,13500.0,25,4393370B,3CB68657,00000000,2EDBE6FF,380D97F3,2C1CC99F,00000000,00000000,00000000,1
16,13500.0,26,439377CF,3CB9CD40,00000000,2EDBE6FF,380CA1F1,2C1F9A3D,00000000,00000000,00000000,1
16,13500.0,27,4393B5DF,3CBA1CAB,00000000,2EDBE6FF,380BB6CC,2C1FDE75,00000000,00000000,00000000,1
16,13500.0,28,4393F163,3CBA65BC,00000000,2EDBE6FF,380AD5E2,2C201D39,00000000,00000000,00000000,1
16,13500.0,29,43942A76,3CBAA8F6,00000000,2EDBE6FF,3809FE99,2C2056F8,00000000,00000000,00000000,1
16,13500.0,30,43946135,3CBAE6AD,00000000,2EDBE6FF,3809306C,2C208BFB,00000000,00000000,00000000,1
16,13500.0,31,439495B6,3CBB1F6F,00000000,2EDBE6FF,38086AE5,2C20BCBD,00000000,00000000,00000000,1
16,13500.0,32,4394C80F,3CBB5391,00000000,2EDBE6FF,3807AD9C,2C20E985,00000000,00000000,00000000,1
16,13500.0,33,4394F850,3CBB8349,00000000,2EDBE6FF,3806F832,2C211282,00000000,00000000,00000000,1
16,13500.0,34,43952688,3CBBAEDC,00000000,2EDBE6FF,38064A56,2C2137F0,00000000,00000000,00000000,1
16,13500.0,35,439552C2,3CBBD68F,00000000,2EDBE6FF,3805A3C1,2C215A0A,00000000,00000000,00000000,1
16,13500.0,36,43957D0B,3CBBFA96,00000000,2EDBE6FF,38050436,2C2178FD,00000000,00000000,00000000,1
16,13500.0,37,4395A567,3CBC1B1D,00000000,2EDBE6FF,38046B82,2C2194EE,00000000,00000000,00000000,1
16,13500.0,38,4395CBDA,3CBC3835,00000000,2EDBE6FF,3803D979,2C21ADEB,00000000,00000000,00000000,1
16,13500.0,39,4395F068,3CBC5222,00000000,2EDBE6FF,38034DFF,2C21C430,00000000,00000000,00000000,1
16,13500.0,40,43961308,3CBC68D1,00000000,2EDBE6FF,3802C8F7,2C21D7AD,00000000,00000000,00000000,1
16,13500.0,41,439633B7,3CBC7C44,00000000,2EDBE6FF,38024A5C,2C21E862,00000000,00000000,00000000,1
16,13500.0,42,43965266,3CBC8C8F,00000000,2EDBE6FF,3801D22D,2C21F660,00000000,00000000,00000000,1
16,13500.0,43,43966EFF,3CBC99A0,00000000,2EDBE6FF,3801607B,2C22019A,00000000,00000000,00000000,1
16,13500.0,44,43968963,3CBCA31E,00000000,2EDBE6FF,3800F568,2C2209C1,00000000,00000000,00000000,1
16,13500.0,45,4396747C,3CBDD06C,00000000,00000000,00000000,00000000,00000000,00000000,00000000,0
16,13500.0,46,43968D63,3CBDBA51,00000000,00000000,00000000,00000000,00000000,00000000,00000000,0
16,13500.0,47,4396A388,3CBD9C66,00000000,00000000,00000000,00000000,00000000,00000000,00000000,0
16,13500.0,48,4396D748,3CBC9A8A,00000000,00000000,00000000,00000000,00000000,00000000,00000000,0
16,13500.0,49,4396A426,00000000,00000000,00000000,00000000,00000000,00000000,00000000,00000000,0
17,13500.0,1,43508000,37A9D921,00000000,00000000,00000000,00000000,00000000,00000000,00000000,0
17,13500.0,2,435C9EAA,394A77FD,00000000,00000000,00000000,00000000,00000000,00000000,00000000,0
17,13500.0,3,435914C9,38AE3434,00000000,00000000,00000000,00000000,00000000,00000000,00000000,0
17,13500.0,4,43571F52,38469D51,00000000,00000000,00000000,00000000,00000000,00000000,00000000,0
17,13500.0,5,4355E1BD,38036876,00000000,00000000,00000000,00000000,00000000,00000000,00000000,0
17,13500.0,6,435506AD,37BE5FE0,00000000,00000000,00000000,00000000,00000000,00000000,00000000,0
17,13500.0,7,43546671,37927914,00000000,00000000,00000000,00000000,00000000,00000000,00000000,0
17,13500.0,8,4353EC21,376C24BE,00000000,00000000,00000000,00000000,00000000,00000000,00000000,0
17,13500.0,9,43538BA7,375644F1,00000000,00000000,00000000,00000000,00000000,00000000,00000000,0
17,13500.0,10,43547A89,3769B354,00000000,00000000,00000000,00000000,00000000,00000000,00000000,0
17,13500.0,11,4357202B,379FE214,00000000,00000000,00000000,00000000,00000000,00000000,00000000,0
17,13500.0,12,435997C8,37D4A6E2,00000000,00000000,00000000,00000000,00000000,00000000,00000000,0
17,13500.0,13,435BE706,3809F824,00000000,00000000,00000000,00000000,00000000,00000000,00000000,0
17,13500.0,14,435E127A,382F340E,00000000,00000000,00000000,00000000,00000000,00000000,00000000,0
17,13500.0,15,43601E0C,385A4FD3,00000000,00000000,00000000,00000000,00000000,00000000,00000000,0
17,13500.0,16,43620CEB,3885C244,00000000,00000000,00000000,00000000,00000000,00000000,00000000,0
17,13500.0,17,4363E1DA,38A17FC9,00000000,00000000,00000000,00000000,00000000,00000000,00000000,0
17,13500.0,18,43659F2A,38C06FEE,00000000,00000000,00000000,00000000,00000000,00000000,00000000,0
17,13500.0,19,436753F8,38BCD41A,00000000,3D2C5034,4639D32F,367E3354,00000000,00000000,00000000,1
17,13500.0,20,4368E8CC,38DF7192,00000000,3D378516,4644F42B,36A02E59,00000000,00000000,00000000,1
17,13500.0,21,436A6B40,3902B05C,00000000,3D40A7AA,464DCD74,36C4B3BA,00000000,00000000,00000000,1
17,13500.0,22,436BDCA6,39174F8A,00000000,3D47C1FF,46547259,36EC22FC,00000000,00000000,00000000,1
17,13500.0,23,436D3E25,392D9251,00000000,3D4CE4CF,4658FC43,370AEBBB,00000000,00000000,00000000,1
17,13500.0,24,436E90C4,3945724F,00000000,3D5025DA,465B88F8,37208A12,00000000,00000000,00000000,1
17,13500.0,25,436FD567,395EE683,00000000,3D519EA7,465C3945,37368455,00000000,00000000,00000000,1
17,13500.0,26,43710CDF,3979E3E4,00000000,3D516B57,465B2FCF,374C6BD4,00000000,00000000,00000000,1
17,13500.0,27,437237E2,398B2E75,00000000,3D4FA9E7,46589056,3761CDE0,00000000,00000000,00000000,1
17,13500.0,28,4373570B,399A20F5,00000000,3D4C7957,46547EDA,377636A2,00000000,00000000,00000000,1
17,13500.0,29,43746AED,39A9C096,00000000,3D47F93B,464F1F45,378499F8,00000000,00000000,00000000,1
17,13500.0,30,4375740A,39BA0391,00000000,3D424932,464894DD,378D2BE3,00000000,00000000,00000000,1
17,13500.0,31,437672CB,39CADEC4,00000000,3D3B8898,46410208,37949CF8,00000000,00000000,00000000,1
17,13500.0,32,43776798,39DC464D,00000000,3D33D649,4638881F,379ABD89,00000000,00000000,00000000,1
17,13500.0,33,437852C1,39EE2D10,00000000,3D2B5062,462F4734,379F62E3,00000000,00000000,00000000,1
17,13500.0,34,43793493,3A004275,00000000,3D22142B,46255E0F,37A26852,00000000,00000000,00000000,1
17,13500.0,35,437A0D4C,3A099F39,00000000,3D183DFB,461AEA1D,37A3AFB7,00000000,00000000,00000000,1
17,13500.0,36,437ADD19,3A132482,00000000,3D0DE93A,46100777,37A32252,00000000,00000000,00000000,1
17,13500.0,37,437BA424,3A1CC953,00000000,3D033052,4604D0E7,37A0B13B,00000000,00000000,00000000,1
17,13500.0,38,437C6284,3A2683F2,00000000,3CF0599B,45F2C011,379C55FC,00000000,00000000,00000000,1
17,13500.0,39,437D1845,3A3049B7,00000000,3CD9EEDD,45DB9AD4,379612F9,00000000,00000000,00000000,1
17,13500.0,40,437DC563,3A384308,00000000,3CC350C6,45C4619A,378C9533,00000000,00000000,00000000,1
17,13500.0,41,437E69CC,3A3FF36D,00000000,3CACAE6D,45AD4231,37817A56,00000000,00000000,00000000,1
17,13500.0,42,437F0551,3A477B9F,00000000,3C9636B1,459669D2,376A1A1A,00000000,00000000,00000000,1
17,13500.0,43,437F97AE,3A4ED09D,00000000,3C801903,458005EF,374EF907,00000000,00000000,00000000,1
17,13500.0,44,4380057C,3A5DB804,00000000,00000000,00000000,00000000,00000000,00000000,00000000,0
17,13500.0,45,4380453E,3A642977,00000000,00000000,00000000,00000000,00000000,00000000,00000000,0
17,13500.0,46,43807F8C,3A6A2229,00000000,00000000,00000000,00000000,00000000,00000000,00000000,0
17,13500.0,47,4380B3B0,3A6F818E,00000000,00000000,00000000,00000000,00000000,00000000,00000000,0
17,13500.0,48,4380E881,3A6E324D,00000000,00000000,00000000,00000000,00000000,00000000,00000000,0
17,13500.0,49,4380E87E,00000000,00000000,00000000,00000000,00000000,00000000,00000000,00000000,0
18,13500.0,1,43560000,38829306,00000000,00000000,00000000,00000000,00000000,00000000,00000000,0
18,13500.0,2,436202E3,39CCD708,00000000,00000000,00000000,00000000,00000000,00000000,00000000,0
18,13500.0,3,435E9F20,393CE8F0,00000000,00000000,00000000,00000000,00000000,00000000,00000000,0
18,13500.0,4,435CB200,38E0C140,00000000,00000000,00000000,00000000,00000000,00000000,00000000,0
18,13500.0,5,435B75CB,38996A3D,00000000,00000000,00000000,00000000,00000000,00000000,00000000,0
18,13500.0,6,435A9A1B,3863CF9A,00000000,00000000,00000000,00000000,00000000,00000000,00000000,0
18,13500.0,7,4359F8B8,3832E274,00000000,00000000,00000000,00000000,00000000,00000000,00000000,0
18,13500.0,8,43597D20,38122402,00000000,00000000,00000000,00000000,00000000,00000000,00000000,0
18,13500.0,9,435A1AD8,380ECFE4,00000000,00000000,00000000,00000000,00000000,00000000,00000000,0
18,13500.0,10,435D5F24,385053EE,00000000,00000000,00000000,00000000,00000000,00000000,00000000,0
18,13500.0,11,436066DD,38923E08,00000000,00000000,00000000,00000000,00000000,00000000,00000000,0
18,13500.0,12,436339FA,38C6B2BB,00000000,00000000,00000000,00000000,00000000,00000000,00000000,0
18,13500.0,13,4365DEF9,39033CC2,00000000,00000000,00000000,00000000,00000000,00000000,00000000,0
18,13500.0,14,436874DA,3904263E,00000000,3CBF39FA,45DE72CB,36456CEC,00000000,00000000,00000000,1
18,13500.0,15,436ACFEA,392BE0A6,00000000,3CE2C41D,4603294D,36983FFE,00000000,00000000,00000000,1
18,13500.0,16,436D0A4D,395A5746,00000000,3D019407,46151BB8,36DD0875,00000000,00000000,00000000,1
18,13500.0,17,436F2721,3987E9EC,00000000,3D100B30,4624EDD4,3718F30B,00000000,00000000,00000000,1
18,13500.0,18,43712907,39A647F7,00000000,3D1CAFF7,46328ED1,374B8C4C,00000000,00000000,00000000,1
18,13500.0,19,43731249,39C85B51,00000000,3D2777AE,463DFBE2,3783113C,00000000,00000000,00000000,1
18,13500.0,20,4374E4DC,39EE322F,00000000,3D3061D9,46473CFE,37A41D8B,00000000,00000000,00000000,1
18,13500.0,21,4376A27A,3A0BE9E2,00000000,3D3775F9,464E624C,37C88955,00000000,00000000,00000000,1
18,13500.0,22,43784CA1,3A22A061,00000000,3D3CC1BA,465381FE,37EFD1B1,00000000,00000000,00000000,1
18,13500.0,23,4379E4A4,3A3B399F,00000000,3D405773,4656B6AF,380CAB2C,00000000,00000000,00000000,1
18,13500.0,24,437B6BA6,3A556F66,00000000,3D424CFA,46581E02,3821FE99,00000000,00000000,00000000,1
18,13500.0,25,437CE2B0,3A6E79E8,00000000,3D42BAF5,4657D7F9,3835668B,00000000,00000000,00000000,1
18,13500.0,26,437E4AAA,3A846899,00000000,3D41BB16,46560501,3848673E,00000000,00000000,00000000,1
18,13500.0,27,437FA462,3A923351,00000000,3D3F686C,4652C657,385A9FD8,00000000,00000000,00000000,1
18,13500.0,28,43807846,3AA094E6,00000000,3D3BDE8F,464E3D2E,386BB0BE,00000000,00000000,00000000,1
18,13500.0,29,438117E7,3AAF8470,00000000,3D373942,46488A5B,387B3DDC,00000000,00000000,00000000,1
18,13500.0,30,4381B15D,3ABEF826,00000000,3D319415,4641CDED,38847809,00000000,00000000,00000000,1
18,13500.0,31,438244E4,3ACEE598,00000000,3D2B0A33,463A2708,388A3B9B,00000000,00000000,00000000,1
18,13500.0,32,4382D2B4,3ADF4167,00000000,3D23B633,4631B3C5,388EC58A,00000000,00000000,00000000,1
18,13500.0,33,43835B00,3AEFFF88,00000000,3D1BB1F2,4628910E,3891F68A,00000000,00000000,00000000,1
18,13500.0,34,4383DDEE,3B00897A,00000000,3D131688,461EDA9C,3893B482,00000000,00000000,00000000,1
18,13500.0,35,43845BA2,3B0936E5,00000000,3D09FC32,4614AAED,3893EB1B,00000000,00000000,00000000,1
18,13500.0,36,4384D439,3B120086,00000000,3D007A5E,460A1B58,38928C1A,00000000,00000000,00000000,1
18,13500.0,37,438547C3,3B1ADE6F,00000000,3CED4F46,45FE880B,388F8FE2,00000000,00000000,00000000,1
18,13500.0,38,4385B653,3B23C7EC,00000000,3CD933B0,45E8783F,388AF588,00000000,00000000,00000000,1
18,13500.0,39,43861FEE,3B2CB3C4,00000000,3CC4CC69,45D233D9,3884C388,00000000,00000000,00000000,1
18,13500.0,40,43868490,3B351BA5,00000000,3CB04300,45BBE61E,387964CF,00000000,00000000,00000000,1
18,13500.0,41,4386E42D,3B3CD71F,00000000,3C9BC033,45A5B919,3865C80D,00000000,00000000,00000000,1
18,13500.0,42,43873EAD,3B446B96,00000000,3C876C49,458FD613,384FCFA3,00000000,00000000,00000000,1
18,13500.0,43,438793E6,3B4BCD9A,00000000,3C66E0EF,4574CE15,3837CDCB,00000000,00000000,00000000,1
18,13500.0,44,4387E39C,3B52F028,00000000,3C3FEF16,454B2ED2,381E262E,00000000,00000000,00000000,1
18,13500.0,45,438817D3,3B5E2A40,00000000,00000000,00000000,00000000,00000000,00000000,00000000,0
18,13500.0,46,43885CE4,3B644AD5,00000000,00000000,00000000,00000000,00000000,00000000,00000000,0
18,13500.0,47,43889AE0,3B69E0E8,00000000,00000000,00000000,00000000,00000000,00000000,00000000,0
18,13500.0,48,4388E073,3B6B74D3,00000000,00000000,00000000,00000000,00000000,00000000,00000000,0
18,13500.0,49,4388FA19,00000000,00000000,00000000,00000000,00000000,00000000,00000000,00000000,0
1,15000.0,1,43458000,36D299B5,00000000,00000000,00000000,00000000,00000000,00000000,00000000,0
1,15000.0,2,4351556F,383E86F7,00000000,00000000,00000000,00000000,00000000,00000000,00000000,0
1,15000.0,3,434DC570,37A140AC,00000000,00000000,00000000,00000000,00000000,00000000,00000000,0
1,15000.0,4,4351677C,37CD7805,00000000,00000000,00000000,00000000,00000000,00000000,00000000,0
1,15000.0,5,4357A020,383CCCBE,00000000,00000000,00000000,00000000,00000000,00000000,00000000,0
1,15000.0,6,435D2805,389BF9A4,00000000,00000000,00000000,00000000,00000000,00000000,00000000,0
1,15000.0,7,43622031,38EDC5E4,00000000,00000000,00000000,00000000,00000000,00000000,00000000,0
1,15000.0,8,4366A25C,392A5350,00000000,00000000,00000000,00000000,00000000,00000000,00000000,0
1,15000.0,9,436AC257,39686766,00000000,00000000,00000000,00000000,00000000,00000000,00000000,0
1,15000.0,10,436E8FA8,39987F8A,00000000,00000000,00000000,00000000,00000000,00000000,00000000,0
1,15000.0,11,4372168E,39D2B3F2,00000000,00000000,00000000,00000000,00000000,00000000,00000000,0
1,15000.0,12,437560CC,3A0F8044,00000000,00000000,00000000,00000000,00000000,00000000,00000000,0
1,15000.0,13,43787648,3A3DF624,00000000,00000000,00000000,00000000,00000000,00000000,00000000,0
1,15000.0,14,437B5D0B,3A75904C,00000000,00000000,00000000,00000000,00000000,00000000,00000000,0
1,15000.0,15,437E18BC,3A9BD159,00000000,00000000,00000000,00000000,00000000,00000000,00000000,0
1,15000.0,16,4380586F,3AC1C7FE,00000000,00000000,00000000,00000000,00000000,00000000,00000000,0
1,15000.0,17,438194AA,3AECD722,00000000,00000000,00000000,00000000,00000000,00000000,00000000,0
1,15000.0,18,4382C28B,3B0E94D6,00000000,00000000,00000000,00000000,00000000,00000000,00000000,0
1,15000.0,19,4383E34E,3B2971DE,00000000,00000000,00000000,00000000,00000000,00000000,00000000,0
1,15000.0,20,4384F7F8,3B470FF4,00000000,00000000,00000000,00000000,00000000,00000000,00000000,0
1,15000.0,21,43860164,3B677702,00000000,00000000,00000000,00000000,00000000,00000000,00000000,0
1,15000.0,22,43870053,3B855477,00000000,00000000,00000000,00000000,00000000,00000000,00000000,0
1,15000.0,23,4387F570,3B985105,00000000,00000000,00000000,00000000,00000000,00000000,00000000,0
1,15000.0,24,4388E07C,3BACA22B,00000000,00000000,00000000,00000000,00000000,00000000,00000000,0
1,15000.0,25,4389C065,3BC27CAB,00000000,00000000,00000000,00000000,00000000,00000000,00000000,0
1,15000.0,26,438A97AB,3BD7C3EA,00000000,00000000,00000000,00000000,00000000,00000000,00000000,0
1,15000.0,27,438B66C5,3BECA3BE,00000000,00000000,00000000,00000000,00000000,00000000,00000000,0
1,15000.0,28,438C2E17,3C012B6C,00000000,00000000,00000000,00000000,00000000,00000000,00000000,0
1,15000.0,29,438CEDFC,3C0C67EE,00000000,00000000,00000000,00000000,00000000,00000000,00000000,0
1,15000.0,30,438DA6C1,3C18008F,00000000,00000000,00000000,00000000,00000000,00000000,00000000,0
1,15000.0,31,438E58AB,3C23ED6A,00000000,00000000,00000000,00000000,00000000,00000000,00000000,0
1,15000.0,32,438F03F8,3C30267C,00000000,00000000,00000000,00000000,00000000,00000000,00000000,0
1,15000.0,33,438FA8DD,3C3CA2D9,00000000,00000000,00000000,00000000,00000000,00000000,00000000,0
1,15000.0,34,43904787,3C495930,00000000,00000000,00000000,00000000,00000000,00000000,00000000,0
1,15000.0,35,4390E01B,3C563F5F,00000000,00000000,00000000,00000000,00000000,00000000,00000000,0
1,15000.0,36,439172BC,3C634A93,00000000,00000000,00000000,00000000,00000000,00000000,00000000,0
1,15000.0,37,4391FF7C,3C706F3E,00000000,00000000,00000000,00000000,00000000,00000000,00000000,0
1,15000.0,38,4392866D,3C7DA0AF,00000000,00000000,00000000,00000000,00000000,00000000,00000000,0
1,15000.0,39,43930794,3C8568A8,00000000,00000000,00000000,00000000,00000000,00000000,00000000,0
1,15000.0,40,439382F0,3C8BF911,00000000,00000000,00000000,00000000,00000000,00000000,00000000,0
1,15000.0,41,4393F870,3C91E7A0,00000000,00000000,00000000,00000000,00000000,00000000,00000000,0
1,15000.0,42,439467F8,3C977D49,00000000,00000000,00000000,00000000,00000000,00000000,00000000,0
1,15000.0,43,4394D15B,3C9CEBA9,00000000,00000000,00000000,00000000,00000000,00000000,00000000,0
1,15000.0,44,43953459,3CA2291B,00000000,00000000,00000000,00000000,00000000,00000000,00000000,0
1,15000.0,45,4395908F,3CA72989,00000000,00000000,00000000,00000000,00000000,00000000,00000000,0
1,15000.0,46,4395B61A,3CB44622,00000000,00000000,00000000,00000000,00000000,00000000,00000000,2
1,15000.0,47,43961CDA,3CB6E18D,322BCC77,3C0987C2,451F3C3E,39447F60,2EB8970D,00000000,00000000,2
1,15000.0,48,43967AD7,3CB9DE12,00000000,00000000,00000000,00000000,00000000,00000000,00000000,1
1,15000.0,49,4396DBED,3CBE633B,00000000,00000000,00000000,00000000,00000000,00000000,00000000,1
2,15000.0,1,43468000,36F520CD,00000000,00000000,00000000,00000000,00000000,00000000,00000000,0
2,15000.0,2,432C228A,339C118B,00000000,00000000,00000000,00000000,00000000,00000000,00000000,0
2,15000.0,3,433CD77E,35BC8168,00000000,00000000,00000000,00000000,00000000,00000000,00000000,2
2,15000.0,4,4349F33D,3723773A,00000000,00000000,00000000,00000000,00000000,00000000,00000000,2
2,15000.0,5,4354E13E,3827429F,00000000,00000000,00000000,00000000,00000000,00000000,00000000,2
2,15000.0,6,435E2EA1,38F4C0DF,00000000,00000000,00000000,00000000,00000000,00000000,00000000,2
2,15000.0,7,4366266A,398D6817,00000000,00000000,00000000,00000000,00000000,00000000,00000000,2
2,15000.0,8,436CF6F8,3A08D485,00000000,00000000,00000000,00000000,00000000,00000000,00000000,2
2,15000.0,9,4372C696,3A66ED10,00000000,00000000,00000000,00000000,00000000,00000000,00000000,2
2,15000.0,10,4377BB21,3AAF511D,00000000,00000000,00000000,00000000,00000000,00000000,00000000,2
2,15000.0,11,437BF742,3AF59E9E,00000000,00000000,00000000,00000000,00000000,00000000,00000000,2
2,15000.0,12,437F95C2,3B226F43,00000000,00000000,00000000,00000000,00000000,00000000,00000000,2
2,15000.0,13,43815C1F,3B4CFAB4,00000000,00000000,00000000,00000000,00000000,00000000,00000000,2
2,15000.0,14,4382BDEB,3B791B18,00000000,00000000,00000000,00000000,00000000,00000000,00000000,2
2,15000.0,15,4383FB3D,3B92EF30,00000000,00000000,00000000,00000000,00000000,00000000,00000000,2
2,15000.0,16,43851C46,3BA95083,00000000,00000000,00000000,00000000,00000000,00000000,00000000,2
2,15000.0,17,43862740,3BBF7BDB,00000000,00000000,00000000,00000000,00000000,00000000,00000000,2
2,15000.0,18,438720FC,3BD54D88,00000000,00000000,00000000,00000000,00000000,00000000,00000000,2
2,15000.0,19,43880E23,3BEAC911,00000000,00000000,00000000,00000000,00000000,00000000,00000000,2
2,15000.0,20,4388F1CF,3BFFF863,00000000,00000000,00000000,00000000,00000000,00000000,00000000,2
2,15000.0,21,4389C98C,3C0A8D82,00000000,00000000,00000000,00000000,00000000,00000000,00000000,2
2,15000.0,22,438A956C,3C151742,00000000,00000000,00000000,00000000,00000000,00000000,00000000,2
2,15000.0,23,438B5637,3C1F8CFE,00000000,00000000,00000000,00000000,00000000,00000000,00000000,2
2,15000.0,24,438C0D3E,3C29F1F7,00000000,00000000,00000000,00000000,00000000,00000000,00000000,2
2,15000.0,25,438CBBA5,3C344AAE,00000000,00000000,00000000,00000000,00000000,00000000,00000000,2
2,15000.0,26,438D626D,3C3E9CC8,00000000,00000000,00000000,00000000,00000000,00000000,00000000,2
2,15000.0,27,438E0285,3C48F03C,00000000,00000000,00000000,00000000,00000000,00000000,00000000,2
2,15000.0,28,438E9CB2,3C534C65,00000000,00000000,00000000,00000000,00000000,00000000,00000000,2
2,15000.0,29,438F318D,3C5DB691,00000000,00000000,00000000,00000000,00000000,00000000,00000000,2
2,15000.0,30,438FC18F,3C6832AF,00000000,00000000,00000000,00000000,00000000,00000000,00000000,2
2,15000.0,31,43904D15,3C72C30D,00000000,00000000,00000000,00000000,00000000,00000000,00000000,2
2,15000.0,32,4390D460,3C7D6802,00000000,00000000,00000000,00000000,00000000,00000000,00000000,2
2,15000.0,33,43915799,3C840FE2,00000000,00000000,00000000,00000000,00000000,00000000,00000000,2
2,15000.0,34,4391D6D3,3C8972E4,00000000,00000000,00000000,00000000,00000000,00000000,00000000,2
2,15000.0,35,43925209,3C8ED97B,00000000,00000000,00000000,00000000,00000000,00000000,00000000,2
2,15000.0,36,4392C920,3C943E56,00000000,00000000,00000000,00000000,00000000,00000000,00000000,2
2,15000.0,37,43933BEA,3C999A87,00000000,00000000,00000000,00000000,00000000,00000000,00000000,2
2,15000.0,38,4393AA20,3C9EE507,00000000,00000000,00000000,00000000,00000000,00000000,00000000,2
2,15000.0,39,43941365,3CA412A0,00000000,00000000,00000000,00000000,00000000,00000000,00000000,2
2,15000.0,40,43947745,3CA915B2,00000000,00000000,00000000,00000000,00000000,00000000,00000000,2
2,15000.0,41,4394D588,3CADE50C,00000000,00000000,00000000,00000000,00000000,00000000,00000000,2
2,15000.0,42,43952E23,3CB27B73,00000000,00000000,00000000,00000000,00000000,00000000,00000000,2
2,15000.0,43,439580B9,3CB6CD21,00000000,00000000,00000000,00000000,00000000,00000000,00000000,2
2,15000.0,44,4395CCB4,3CBAC9AE,00000000,00000000,00000000,00000000,00000000,00000000,00000000,2
2,15000.0,45,4396116A,3CBE5F78,00000000,00000000,00000000,00000000,00000000,00000000,00000000,2
2,15000.0,46,43964E28,3CC17CB2,37E1E800,3F158E39,482DEB1B,3C621224,3783F989,00000000,00000000,2
2,15000.0,47,4396B150,3CC2DB43,00000000,00000000,00000000,00000000,00000000,00000000,00000000,1
2,15000.0,48,43971C61,3CC33D97,00000000,00000000,00000000,00000000,00000000,00000000,00000000,1
2,15000.0,49,43972408,3CC7B8C5,00000000,00000000,00000000,00000000,00000000,00000000,00000000,1
3,15000.0,1,43468000,36F520CD,00000000,00000000,00000000,00000000,00000000,00000000,00000000,0
3,15000.0,2,432C3572,339E8FCF,00000000,00000000,00000000,00000000,00000000,00000000,00000000,0
3,15000.0,3,433CEA62,35BEFB4B,00000000,00000000,00000000,00000000,00000000,00000000,00000000,2
3,15000.0,4,434A060E,372552FE,00000000,00000000,00000000,00000000,00000000,00000000,00000000,2
3,15000.0,5,4354F3D4,3828F14C,00000000,00000000,00000000,00000000,00000000,00000000,00000000,2
3,15000.0,6,435E40BE,38F6F2CD,00000000,00000000,00000000,00000000,00000000,00000000,00000000,2
3,15000.0,7,436637B8,398E883F,00000000,00000000,00000000,00000000,00000000,00000000,00000000,2
3,15000.0,8,436D072A,3A09CA2D,00000000,00000000,00000000,00000000,00000000,00000000,00000000,2
3,15000.0,9,4372D583,3A685863,00000000,00000000,00000000,00000000,00000000,00000000,00000000,2
3,15000.0,10,4377C8BE,3AB0426B,00000000,00000000,00000000,00000000,00000000,00000000,00000000,2
3,15000.0,11,437C0391,3AF6CA72,00000000,00000000,00000000,00000000,00000000,00000000,00000000,2
3,15000.0,12,437FA0DF,3B23202C,00000000,00000000,00000000,00000000,00000000,00000000,00000000,2
3,15000.0,13,43816131,3B4DC1CE,00000000,00000000,00000000,00000000,00000000,00000000,00000000,2
3,15000.0,14,4382C29D,3B79F479,00000000,00000000,00000000,00000000,00000000,00000000,00000000,2
3,15000.0,15,4383FFA4,3B936367,00000000,00000000,00000000,00000000,00000000,00000000,00000000,2
3,15000.0,16,43852075,3BA9CAED,00000000,00000000,00000000,00000000,00000000,00000000,00000000,2
3,15000.0,17,43862B44,3BBFFB57,00000000,00000000,00000000,00000000,00000000,00000000,00000000,2
3,15000.0,18,438724E2,3BD5D14F,00000000,00000000,00000000,00000000,00000000,00000000,00000000,2
3,15000.0,19,438811FC,3BEB5155,00000000,00000000,00000000,00000000,00000000,00000000,00000000,2
3,15000.0,20,4388F593,3C004251,00000000,00000000,00000000,00000000,00000000,00000000,00000000,2
3,15000.0,21,4389CD32,3C0AD610,00000000,00000000,00000000,00000000,00000000,00000000,00000000,2
3,15000.0,22,438A98EF,3C156170,00000000,00000000,00000000,00000000,00000000,00000000,00000000,2
3,15000.0,23,438B5998,3C1FD876,00000000,00000000,00000000,00000000,00000000,00000000,00000000,2
3,15000.0,24,438C107B,3C2A3E24,00000000,00000000,00000000,00000000,00000000,00000000,00000000,2
3,15000.0,25,438CBEBB,3C3496CF,00000000,00000000,00000000,00000000,00000000,00000000,00000000,2
3,15000.0,26,438D6558,3C3EE817,00000000,00000000,00000000,00000000,00000000,00000000,00000000,2
3,15000.0,27,438E0540,3C4939E3,00000000,00000000,00000000,00000000,00000000,00000000,00000000,2
3,15000.0,28,438E9F3B,3C53939D,00000000,00000000,00000000,00000000,00000000,00000000,00000000,2
3,15000.0,29,438F33E0,3C5DFA6D,00000000,00000000,00000000,00000000,00000000,00000000,00000000,2
3,15000.0,30,438FC3A9,3C687266,00000000,00000000,00000000,00000000,00000000,00000000,00000000,2
3,15000.0,31,43904EF2,3C72FDBE,00000000,00000000,00000000,00000000,00000000,00000000,00000000,2
3,15000.0,32,4390D5FE,3C7D9CB7,00000000,00000000,00000000,00000000,00000000,00000000,00000000,2
3,15000.0,33,439158F7,3C8426DF,00000000,00000000,00000000,00000000,00000000,00000000,00000000,2
3,15000.0,34,4391D7EF,3C89863A,00000000,00000000,00000000,00000000,00000000,00000000,00000000,2
3,15000.0,35,439252E4,3C8EE8DC,00000000,00000000,00000000,00000000,00000000,00000000,00000000,2
3,15000.0,36,4392C9BE,3C9449C4,00000000,00000000,00000000,00000000,00000000,00000000,00000000,2
3,15000.0,37,43933C50,3C99A220,00000000,00000000,00000000,00000000,00000000,00000000,00000000,2
3,15000.0,38,4393AA57,3C9EE93B,00000000,00000000,00000000,00000000,00000000,00000000,00000000,2
3,15000.0,39,4394137A,3CA4144C,00000000,00000000,00000000,00000000,00000000,00000000,00000000,2
3,15000.0,40,43947749,3CA915FE,00000000,00000000,00000000,00000000,00000000,00000000,00000000,2
3,15000.0,41,4394D588,3CADE50C,00000000,00000000,00000000,00000000,00000000,00000000,00000000,2
3,15000.0,42,43952E23,3CB27B73,00000000,00000000,00000000,00000000,00000000,00000000,00000000,2
3,15000.0,43,439580B9,3CB6CD21,00000000,00000000,00000000,00000000,00000000,00000000,00000000,2
3,15000.0,44,4395CCB4,3CBAC9AE,00000000,00000000,00000000,00000000,00000000,00000000,00000000,2
3,15000.0,45,4396116A,3CBE5F78,00000000,00000000,00000000,00000000,00000000,00000000,00000000,2
3,15000.0,46,43964E28,3CC17CB2,37E1E800,3F158E39,482DEB1B,3C621224,3783F989,00000000,00000000,2
3,15000.0,47,4396B150,3CC2DB43,00000000,00000000,00000000,00000000,00000000,00000000,00000000,1
3,15000.0,48,43971C61,3CC33D97,00000000,00000000,00000000,00000000,00000000,00000000,00000000,1
3,15000.0,49,43972408,3CC7B8C5,00000000,00000000,00000000,00000000,00000000,00000000,00000000,1
4,15000.0,1,4346CCCC,37003AF3,00000000,00000000,00000000,00000000,00000000,00000000,00000000,0
4,15000.0,2,432D78B2,33CF7524,00000000,00000000,00000000,00000000,00000000,00000000,00000000,0
4,15000.0,3,433E33DC,35EF63AD,00000000,00000000,00000000,00000000,00000000,00000000,00000000,2
4,15000.0,4,434B5176,3749770B,00000000,00000000,00000000,00000000,00000000,00000000,00000000,2
4,15000.0,5,43563DDE,384990E1,00000000,00000000,00000000,00000000,00000000,00000000,00000000,2
4,15000.0,6,435F841A,3910AA0E,00000000,00000000,00000000,00000000,00000000,00000000,00000000,2
4,15000.0,7,43676DDD,39A42A77,00000000,00000000,00000000,00000000,00000000,00000000,00000000,2
4,15000.0,8,436E2A51,3A1C21EF,00000000,00000000,00000000,00000000,00000000,00000000,00000000,2
4,15000.0,9,4373E269,3A81AA1F,00000000,00000000,00000000,00000000,00000000,00000000,00000000,2
4,15000.0,10,4378BEA7,3AC21B51,00000000,00000000,00000000,00000000,00000000,00000000,00000000,2
4,15000.0,11,437CE244,3B067AE5,00000000,00000000,00000000,00000000,00000000,00000000,00000000,2
4,15000.0,12,43803554,3B302B33,00000000,00000000,00000000,00000000,00000000,00000000,00000000,2
4,15000.0,13,4381BDC2,3B5C6E6C,00000000,00000000,00000000,00000000,00000000,00000000,00000000,2
4,15000.0,14,438318B4,3B84FD00,00000000,00000000,00000000,00000000,00000000,00000000,00000000,2
4,15000.0,15,438450C5,3B9BF540,00000000,00000000,00000000,00000000,00000000,00000000,00000000,2
4,15000.0,16,43856DD8,3BB2D480,00000000,00000000,00000000,00000000,00000000,00000000,00000000,2
4,15000.0,17,438675EA,3BC96A0C,00000000,00000000,00000000,00000000,00000000,00000000,00000000,2
4,15000.0,18,43876DA2,3BDF952F,00000000,00000000,00000000,00000000,00000000,00000000,00000000,2
4,15000.0,19,43885A36,3BF57389,00000000,00000000,00000000,00000000,00000000,00000000,00000000,2
4,15000.0,20,43893C58,3C058105,00000000,00000000,00000000,00000000,00000000,00000000,00000000,2
4,15000.0,21,438A122D,3C104A95,00000000,00000000,00000000,00000000,00000000,00000000,00000000,2
4,15000.0,22,438ADBE2,3C1B0011,00000000,00000000,00000000,00000000,00000000,00000000,00000000,2
4,15000.0,23,438B9AC3,3C25A009,00000000,00000000,00000000,00000000,00000000,00000000,00000000,2
4,15000.0,24,438C5016,3C302DF7,00000000,00000000,00000000,00000000,00000000,00000000,00000000,2
4,15000.0,25,438CFCFA,3C3AAEE3,00000000,00000000,00000000,00000000,00000000,00000000,00000000,2
4,15000.0,26,438DA268,3C4528EA,00000000,00000000,00000000,00000000,00000000,00000000,00000000,2
4,15000.0,27,438E414A,3C4FA43E,00000000,00000000,00000000,00000000,00000000,00000000,00000000,2
4,15000.0,28,438EDA64,3C5A28EB,00000000,00000000,00000000,00000000,00000000,00000000,00000000,2
4,15000.0,29,438F6E4A,3C64BC60,00000000,00000000,00000000,00000000,00000000,00000000,00000000,2
4,15000.0,30,438FFD73,3C6F62C6,00000000,00000000,00000000,00000000,00000000,00000000,00000000,2
4,15000.0,31,43908837,3C7A1E70,00000000,00000000,00000000,00000000,00000000,00000000,00000000,2
4,15000.0,32,43910ED6,3C8277E1,00000000,00000000,00000000,00000000,00000000,00000000,00000000,2
4,15000.0,33,43919178,3C87EA7A,00000000,00000000,00000000,00000000,00000000,00000000,00000000,2
4,15000.0,34,4392102B,3C8D64C2,00000000,00000000,00000000,00000000,00000000,00000000,00000000,2
4,15000.0,35,43928AED,3C92E317,00000000,00000000,00000000,00000000,00000000,00000000,00000000,2
4,15000.0,36,439301A0,3C986028,00000000,00000000,00000000,00000000,00000000,00000000,00000000,2
4,15000.0,37,43937416,3C9DD505,00000000,00000000,00000000,00000000,00000000,00000000,00000000,2
4,15000.0,38,4393E20B,3CA338A6,00000000,00000000,00000000,00000000,00000000,00000000,00000000,2
4,15000.0,39,43944B22,3CA87FC6,00000000,00000000,00000000,00000000,00000000,00000000,00000000,2
4,15000.0,40,4394AEE9,3CAD9CB9,00000000,00000000,00000000,00000000,00000000,00000000,00000000,2
4,15000.0,41,43950D21,3CB285C6,00000000,00000000,00000000,00000000,00000000,00000000,00000000,2
4,15000.0,42,439565B3,3CB7349F,00000000,00000000,00000000,00000000,00000000,00000000,00000000,2
4,15000.0,43,4395B83E,3CBB9CC8,00000000,00000000,00000000,00000000,00000000,00000000,00000000,2
4,15000.0,44,43960426,3CBFAD42,00000000,00000000,00000000,00000000,00000000,00000000,00000000,2
4,15000.0,45,439648C3,3CC353D9,00000000,00000000,00000000,00000000,00000000,00000000,00000000,2
4,15000.0,46,4396855D,3CC67E26,00000000,00000000,00000000,00000000,00000000,00000000,00000000,2
4,15000.0,47,4396D76A,3CC854ED,322BCC77,3F08EBA5,481F4CCA,3C564B0A,31B7C585,00000000,00000000,2
4,15000.0,48,439742A5,3CC8B95D,00000000,00000000,00000000,00000000,00000000,00000000,00000000,1
4,15000.0,49,43974A64,3CCD5B59,00000000,00000000,00000000,00000000,00000000,00000000,00000000,1
5,15000.0,1,43470000,3704242C,00000000,00000000,00000000,00000000,00000000,00000000,00000000,0
5,15000.0,2,432D2964,33C24AE0,00000000,00000000,00000000,00000000,00000000,00000000,00000000,0
5,15000.0,3,433DE8EB,35E3766D,00000000,00000000,00000000,00000000,00000000,00000000,00000000,2
5,15000.0,4,434B0913,3740FE45,00000000,00000000,00000000,00000000,00000000,00000000,00000000,2
5,15000.0,5,4355F845,38423C14,00000000,00000000,00000000,00000000,00000000,00000000,00000000,2
5,15000.0,6,435F420A,390C1448,00000000,00000000,00000000,00000000,00000000,00000000,00000000,2
5,15000.0,7,43673053,399FA57A,00000000,00000000,00000000,00000000,00000000,00000000,00000000,2
5,15000.0,8,436DF217,3A186C8D,00000000,00000000,00000000,00000000,00000000,00000000,00000000,2
5,15000.0,9,4373AFBF,3A7E08D9,00000000,00000000,00000000,00000000,00000000,00000000,00000000,2
5,15000.0,10,4378915C,3ABEB325,00000000,00000000,00000000,00000000,00000000,00000000,00000000,2
5,15000.0,11,437CBA1C,3B04694B,00000000,00000000,00000000,00000000,00000000,00000000,00000000,2
5,15000.0,12,43802377,3B2DCA55,00000000,00000000,00000000,00000000,00000000,00000000,00000000,2
5,15000.0,13,4381ADA4,3B59CFA8,00000000,00000000,00000000,00000000,00000000,00000000,00000000,2
5,15000.0,14,438309F2,3B8395B2,00000000,00000000,00000000,00000000,00000000,00000000,00000000,2
5,15000.0,15,43844311,3B9A7B94,00000000,00000000,00000000,00000000,00000000,00000000,00000000,2
5,15000.0,16,438560F4,3BB14CB6,00000000,00000000,00000000,00000000,00000000,00000000,00000000,2
5,15000.0,17,438669A6,3BC7D778,00000000,00000000,00000000,00000000,00000000,00000000,00000000,2
5,15000.0,18,438761D6,3BDDFAA2,00000000,00000000,00000000,00000000,00000000,00000000,00000000,2
5,15000.0,19,43884EA5,3BF3CFA2,00000000,00000000,00000000,00000000,00000000,00000000,00000000,2
5,15000.0,20,43893131,3C04AA38,00000000,00000000,00000000,00000000,00000000,00000000,00000000,2
5,15000.0,21,438A0771,3C0F6E10,00000000,00000000,00000000,00000000,00000000,00000000,00000000,2
5,15000.0,22,438AD195,3C1A1FA6,00000000,00000000,00000000,00000000,00000000,00000000,00000000,2
5,15000.0,23,438B90D5,3C24BB88,00000000,00000000,00000000,00000000,00000000,00000000,00000000,2
5,15000.0,24,438C4679,3C2F453F,00000000,00000000,00000000,00000000,00000000,00000000,00000000,2
5,15000.0,25,438CF3A2,3C39C1CE,00000000,00000000,00000000,00000000,00000000,00000000,00000000,2
5,15000.0,26,438D994C,3C44372F,00000000,00000000,00000000,00000000,00000000,00000000,00000000,2
5,15000.0,27,438E3860,3C4EAD87,00000000,00000000,00000000,00000000,00000000,00000000,00000000,2
5,15000.0,28,438ED1A3,3C592CB9,00000000,00000000,00000000,00000000,00000000,00000000,00000000,2
5,15000.0,29,438F65AA,3C63BA14,00000000,00000000,00000000,00000000,00000000,00000000,00000000,2
5,15000.0,30,438FF4EC,3C6E59AD,00000000,00000000,00000000,00000000,00000000,00000000,00000000,2
5,15000.0,31,43907FC1,3C790DCF,00000000,00000000,00000000,00000000,00000000,00000000,00000000,2
5,15000.0,32,4391066A,3C81EB71,00000000,00000000,00000000,00000000,00000000,00000000,00000000,2
5,15000.0,33,4391890F,3C87598D,00000000,00000000,00000000,00000000,00000000,00000000,00000000,2
5,15000.0,34,439207C2,3C8CCEFF,00000000,00000000,00000000,00000000,00000000,00000000,00000000,2
5,15000.0,35,4392827C,3C92481B,00000000,00000000,00000000,00000000,00000000,00000000,00000000,2
5,15000.0,36,4392F924,3C97BFAB,00000000,00000000,00000000,00000000,00000000,00000000,00000000,2
5,15000.0,37,43936B8B,3C9D2EB2,00000000,00000000,00000000,00000000,00000000,00000000,00000000,2
5,15000.0,38,4393D96D,3CA28C30,00000000,00000000,00000000,00000000,00000000,00000000,00000000,2
5,15000.0,39,4394426E,3CA7CD05,00000000,00000000,00000000,00000000,00000000,00000000,00000000,2
5,15000.0,40,4394A61C,3CACE398,00000000,00000000,00000000,00000000,00000000,00000000,00000000,2
5,15000.0,41,4395043A,3CB1C641,00000000,00000000,00000000,00000000,00000000,00000000,00000000,2
5,15000.0,42,43955CB4,3CB66EE3,00000000,00000000,00000000,00000000,00000000,00000000,00000000,2
5,15000.0,43,4395AF28,3CBAD159,00000000,00000000,00000000,00000000,00000000,00000000,00000000,2
5,15000.0,44,4395FB01,3CBEDCD6,00000000,00000000,00000000,00000000,00000000,00000000,00000000,2
5,15000.0,45,43963F93,3CC27F4B,00000000,00000000,00000000,00000000,00000000,00000000,00000000,2
5,15000.0,46,43967C5C,3CC5A52C,322BCC77,3F158E39,482E20E1,3C66EDE0,31C8BAE6,00000000,00000000,2
5,15000.0,47,4396F0E7,3CC69726,00000000,00000000,00000000,00000000,00000000,00000000,00000000,1
5,15000.0,48,43975C2F,3CC6FAE8,00000000,00000000,00000000,00000000,00000000,00000000,00000000,1
5,15000.0,49,439763FA,3CCB8E9B,00000000,00000000,00000000,00000000,00000000,00000000,00000000,1
6,15000.0,1,435D4000,391DF558,00000000,00000000,00000000,00000000,00000000,00000000,00000000,0
6,15000.0,2,4368B412,3A59B75E,00000000,00000000,00000000,00000000,00000000,00000000,00000000,0
6,15000.0,3,433B0EB3,35890B11,00000000,00000000,00000000,00000000,00000000,00000000,00000000,0
6,15000.0,4,43494F19,37140FD1,00000000,00000000,00000000,00000000,00000000,00000000,00000000,2
6,15000.0,5,4354C762,3824F1FB,00000000,00000000,00000000,00000000,00000000,00000000,00000000,2
6,15000.0,6,435E40BE,38F6F2CD,00000000,00000000,00000000,00000000,00000000,00000000,00000000,2
6,15000.0,7,436637B8,398E883F,00000000,00000000,00000000,00000000,00000000,00000000,00000000,2
6,15000.0,8,436D072A,3A09CA2D,00000000,00000000,00000000,00000000,00000000,00000000,00000000,2
6,15000.0,9,4372D583,3A685863,00000000,00000000,00000000,00000000,00000000,00000000,00000000,2
6,15000.0,10,4377C8BE,3AB0426B,00000000,00000000,00000000,00000000,00000000,00000000,00000000,2
6,15000.0,11,437C0391,3AF6CA72,00000000,00000000,00000000,00000000,00000000,00000000,00000000,2
6,15000.0,12,437FA0DF,3B23202C,00000000,00000000,00000000,00000000,00000000,00000000,00000000,2
6,15000.0,13,43816131,3B4DC1CE,00000000,00000000,00000000,00000000,00000000,00000000,00000000,2
6,15000.0,14,4382C29D,3B79F479,00000000,00000000,00000000,00000000,00000000,00000000,00000000,2
6,15000.0,15,4383FFA4,3B936367,00000000,00000000,00000000,00000000,00000000,00000000,00000000,2
6,15000.0,16,43852075,3BA9CAED,00000000,00000000,00000000,00000000,00000000,00000000,00000000,2
6,15000.0,17,43862B44,3BBFFB57,00000000,00000000,00000000,00000000,00000000,00000000,00000000,2
6,15000.0,18,438724E2,3BD5D14F,00000000,00000000,00000000,00000000,00000000,00000000,00000000,2
6,15000.0,19,438811FC,3BEB5155,00000000,00000000,00000000,00000000,00000000,00000000,00000000,2
6,15000.0,20,4388F593,3C004251,00000000,00000000,00000000,00000000,00000000,00000000,00000000,2
6,15000.0,21,4389CD32,3C0AD610,00000000,00000000,00000000,00000000,00000000,00000000,00000000,2
6,15000.0,22,438A98EF,3C156170,00000000,00000000,00000000,00000000,00000000,00000000,00000000,2
6,15000.0,23,438B5998,3C1FD876,00000000,00000000,00000000,00000000,00000000,00000000,00000000,2
6,15000.0,24,438C107B,3C2A3E24,00000000,00000000,00000000,00000000,00000000,00000000,00000000,2
6,15000.0,25,438CBEBB,3C3496CF,00000000,00000000,00000000,00000000,00000000,00000000,00000000,2
6,15000.0,26,438D6558,3C3EE817,00000000,00000000,00000000,00000000,00000000,00000000,00000000,2
6,15000.0,27,438E0540,3C4939E3,00000000,00000000,00000000,00000000,00000000,00000000,00000000,2
6,15000.0,28,438E9F3B,3C53939D,00000000,00000000,00000000,00000000,00000000,00000000,00000000,2
6,15000.0,29,438F33E0,3C5DFA6D,00000000,00000000,00000000,00000000,00000000,00000000,00000000,2
6,15000.0,30,438FC3A9,3C687266,00000000,00000000,00000000,00000000,00000000,00000000,00000000,2
6,15000.0,31,43904EF2,3C72FDBE,00000000,00000000,00000000,00000000,00000000,00000000,00000000,2
6,15000.0,32,4390D5FE,3C7D9CB7,00000000,00000000,00000000,00000000,00000000,00000000,00000000,2
6,15000.0,33,439158F7,3C8426DF,00000000,00000000,00000000,00000000,00000000,00000000,00000000,2
6,15000.0,34,4391D7EF,3C89863A,00000000,00000000,00000000,00000000,00000000,00000000,00000000,2
6,15000.0,35,439252E4,3C8EE8DC,00000000,00000000,00000000,00000000,00000000,00000000,00000000,2
6,15000.0,36,4392C9BE,3C9449C4,00000000,00000000,00000000,00000000,00000000,00000000,00000000,2
6,15000.0,37,43933C50,3C99A220,00000000,00000000,00000000,00000000,00000000,00000000,00000000,2
6,15000.0,38,4393AA57,3C9EE93B,00000000,00000000,00000000,00000000,00000000,00000000,00000000,2
6,15000.0,39,4394137A,3CA4144C,00000000,00000000,00000000,00000000,00000000,00000000,00000000,2
6,15000.0,40,43947749,3CA915FE,00000000,00000000,00000000,00000000,00000000,00000000,00000000,2
6,15000.0,41,4394D588,3CADE50C,00000000,00000000,00000000,00000000,00000000,00000000,00000000,2
6,15000.0,42,43952E23,3CB27B73,00000000,00000000,00000000,00000000,00000000,00000000,00000000,2
6,15000.0,43,439580B9,3CB6CD21,00000000,00000000,00000000,00000000,00000000,00000000,00000000,2
6,15000.0,44,4395CCB4,3CBAC9AE,00000000,00000000,00000000,00000000,00000000,00000000,00000000,2
6,15000.0,45,4396116A,3CBE5F78,00000000,00000000,00000000,00000000,00000000,00000000,00000000,2
6,15000.0,46,43964E28,3CC17CB2,37E1E800,3F158E39,482DEB1B,3C621224,3783F989,00000000,00000000,2
6,15000.0,47,4396B150,3CC2DB43,00000000,00000000,00000000,00000000,00000000,00000000,00000000,1
6,15000.0,48,43971C61,3CC33D97,00000000,00000000,00000000,00000000,00000000,00000000,00000000,1
6,15000.0,49,43972408,3CC7B8C5,00000000,00000000,00000000,00000000,00000000,00000000,00000000,1
7,15000.0,1,4346999A,36F8DA87,00000000,00000000,00000000,00000000,00000000,00000000,00000000,0
7,15000.0,2,432C8F3D,33AAEC90,00000000,00000000,00000000,00000000,00000000,00000000,00000000,0
7,15000.0,3,433D4645,35CB7790,00000000,00000000,00000000,00000000,00000000,00000000,00000000,2
7,15000.0,4,434A62AC,372EC31C,00000000,00000000,00000000,00000000,00000000,00000000,00000000,2
7,15000.0,5,43555044,38318BD9,00000000,00000000,00000000,00000000,00000000,00000000,00000000,2
7,15000.0,6,435E9B8B,39011D24,00000000,00000000,00000000,00000000,00000000,00000000,00000000,2
7,15000.0,7,43668F11,39945793,00000000,00000000,00000000,00000000,00000000,00000000,00000000,2
7,15000.0,8,436D596A,3A0EC25A,00000000,00000000,00000000,00000000,00000000,00000000,00000000,2
7,15000.0,9,437321AB,3A6FB678,00000000,00000000,00000000,00000000,00000000,00000000,00000000,2
7,15000.0,10,43780E8B,3AB52A6F,00000000,00000000,00000000,00000000,00000000,00000000,00000000,2
7,15000.0,11,437C42EC,3AFCE84F,00000000,00000000,00000000,00000000,00000000,00000000,00000000,2
7,15000.0,12,437FDA4D,3B26BE09,00000000,00000000,00000000,00000000,00000000,00000000,00000000,2
7,15000.0,13,43817B8A,3B51D77D,00000000,00000000,00000000,00000000,00000000,00000000,00000000,2
7,15000.0,14,4382DB1C,3B7E6D43,00000000,00000000,00000000,00000000,00000000,00000000,00000000,2
7,15000.0,15,438416B8,3B95C90C,00000000,00000000,00000000,00000000,00000000,00000000,00000000,2
7,15000.0,16,43853677,3BAC534C,00000000,00000000,00000000,00000000,00000000,00000000,00000000,2
7,15000.0,17,4386407D,3BC2A11C,00000000,00000000,00000000,00000000,00000000,00000000,00000000,2
7,15000.0,18,4387398E,3BD88FED,00000000,00000000,00000000,00000000,00000000,00000000,00000000,2
7,15000.0,19,4388267E,3BEE2B1B,00000000,00000000,00000000,00000000,00000000,00000000,00000000,2
7,15000.0,20,438909B6,3C01BB84,00000000,00000000,00000000,00000000,00000000,00000000,00000000,2
7,15000.0,21,4389E0D0,3C0C5E55,00000000,00000000,00000000,00000000,00000000,00000000,00000000,2
7,15000.0,22,438AABF4,3C16F55E,00000000,00000000,00000000,00000000,00000000,00000000,00000000,2
7,15000.0,23,438B6C14,3C21775B,00000000,00000000,00000000,00000000,00000000,00000000,00000000,2
7,15000.0,24,438C2279,3C2BE750,00000000,00000000,00000000,00000000,00000000,00000000,00000000,2
7,15000.0,25,438CD042,3C364979,00000000,00000000,00000000,00000000,00000000,00000000,00000000,2
7,15000.0,26,438D766E,3C40A36F,00000000,00000000,00000000,00000000,00000000,00000000,00000000,2
7,15000.0,27,438E15EB,3C4AFD46,00000000,00000000,00000000,00000000,00000000,00000000,00000000,2
7,15000.0,28,438EAF80,3C555E85,00000000,00000000,00000000,00000000,00000000,00000000,00000000,2
7,15000.0,29,438F43C3,3C5FCC5E,00000000,00000000,00000000,00000000,00000000,00000000,00000000,2
7,15000.0,30,438FD32C,3C6A4AAE,00000000,00000000,00000000,00000000,00000000,00000000,00000000,2
7,15000.0,31,43905E19,3C74DBDA,00000000,00000000,00000000,00000000,00000000,00000000,00000000,2
7,15000.0,32,4390E4CB,3C7F806E,00000000,00000000,00000000,00000000,00000000,00000000,00000000,2
7,15000.0,33,4391676D,3C851B40,00000000,00000000,00000000,00000000,00000000,00000000,00000000,2
7,15000.0,34,4391E613,3C8A7CFF,00000000,00000000,00000000,00000000,00000000,00000000,00000000,2
7,15000.0,35,439260BA,3C8FE1F2,00000000,00000000,00000000,00000000,00000000,00000000,00000000,2
7,15000.0,36,4392D74B,3C954527,00000000,00000000,00000000,00000000,00000000,00000000,00000000,2
7,15000.0,37,4393499C,3C9AA00F,00000000,00000000,00000000,00000000,00000000,00000000,00000000,2
7,15000.0,38,4393B76D,3C9FEA1B,00000000,00000000,00000000,00000000,00000000,00000000,00000000,2
7,15000.0,39,43942068,3CA518C2,00000000,00000000,00000000,00000000,00000000,00000000,00000000,2
7,15000.0,40,43948420,3CAA1F18,00000000,00000000,00000000,00000000,00000000,00000000,00000000,2
7,15000.0,41,4394E257,3CAEF384,00000000,00000000,00000000,00000000,00000000,00000000,00000000,2
7,15000.0,42,43953AED,3CB38F3A,00000000,00000000,00000000,00000000,00000000,00000000,00000000,2
7,15000.0,43,43958D7D,3CB7E5CB,00000000,00000000,00000000,00000000,00000000,00000000,00000000,2
7,15000.0,44,4395D970,3CBBE6B1,00000000,00000000,00000000,00000000,00000000,00000000,00000000,2
7,15000.0,45,43961E1F,3CBF802C,00000000,00000000,00000000,00000000,00000000,00000000,00000000,2
7,15000.0,46,43965AD4,3CC2A045,37E21200,3F158E39,482DF9CF,3C6366D1,37841212,00000000,00000000,2
7,15000.0,47,4396BE05,3CC40048,00000000,00000000,00000000,00000000,00000000,00000000,00000000,1
7,15000.0,48,43972923,3CC4630E,00000000,00000000,00000000,00000000,00000000,00000000,00000000,1
7,15000.0,49,439730D2,3CC8E610,00000000,00000000,00000000,00000000,00000000,00000000,00000000,1
8,15000.0,1,434B8000,377F123A,00000000,00000000,00000000,00000000,00000000,00000000,00000000,0
8,15000.0,2,43578CD5,38DE453B,00000000,00000000,00000000,00000000,00000000,00000000,00000000,0
8,15000.0,3,4353F754,38406C2D,00000000,00000000,00000000,00000000,00000000,00000000,00000000,0
8,15000.0,4,4355B454,383816D2,00000000,00000000,00000000,00000000,00000000,00000000,00000000,0
8,15000.0,5,435C08C3,38A4B3A0,00000000,00000000,00000000,00000000,00000000,00000000,00000000,0
8,15000.0,6,4361A805,3904E334,00000000,00000000,00000000,00000000,00000000,00000000,00000000,0
8,15000.0,7,4366B43B,394650F8,00000000,00000000,00000000,00000000,00000000,00000000,00000000,0
8,15000.0,8,436B482A,398B5C64,00000000,00000000,00000000,00000000,00000000,00000000,00000000,0
8,15000.0,9,436F7885,39BAE65F,00000000,00000000,00000000,00000000,00000000,00000000,00000000,0
8,15000.0,10,4373556C,39F1874A,00000000,00000000,00000000,00000000,00000000,00000000,00000000,0
8,15000.0,11,4376EB97,3A1E6722,00000000,00000000,00000000,00000000,00000000,00000000,00000000,0
8,15000.0,12,437A4519,3A51FF84,00000000,00000000,00000000,00000000,00000000,00000000,00000000,0
8,15000.0,13,437D6750,3A88724B,00000000,00000000,00000000,00000000,00000000,00000000,00000000,0
8,15000.0,14,43802DEB,3AAD6631,00000000,00000000,00000000,00000000,00000000,00000000,00000000,0
8,15000.0,15,438194B1,3AD7E5C2,00000000,00000000,00000000,00000000,00000000,00000000,00000000,0
8,15000.0,16,4382EA17,3B041B92,00000000,00000000,00000000,00000000,00000000,00000000,00000000,0
8,15000.0,17,43842FC3,3B1F4C80,00000000,00000000,00000000,00000000,00000000,00000000,00000000,0
8,15000.0,18,43856705,3B3D9E8B,00000000,00000000,00000000,00000000,00000000,00000000,00000000,0
8,15000.0,19,43869106,3B5F23F3,00000000,00000000,00000000,00000000,00000000,00000000,00000000,0
8,15000.0,20,4387AEBE,3B81F2CD,00000000,00000000,00000000,00000000,00000000,00000000,00000000,0
8,15000.0,21,4388C066,3B95E07A,00000000,00000000,00000000,00000000,00000000,00000000,00000000,0
8,15000.0,22,4389C3F1,3BABA70F,00000000,00000000,00000000,00000000,00000000,00000000,00000000,0
8,15000.0,23,438ABCBC,3BC31C86,00000000,00000000,00000000,00000000,00000000,00000000,00000000,0
8,15000.0,24,438BABA2,3BDC341F,00000000,00000000,00000000,00000000,00000000,00000000,00000000,0
8,15000.0,25,438C9139,3BF6E4A7,00000000,00000000,00000000,00000000,00000000,00000000,00000000,0
8,15000.0,26,438D6DFB,3C082234,00000000,00000000,00000000,00000000,00000000,00000000,00000000,0
8,15000.0,27,438E4259,3C135B9E,00000000,00000000,00000000,00000000,00000000,00000000,00000000,0
8,15000.0,28,438F0EBB,3C1EDFEE,00000000,00000000,00000000,00000000,00000000,00000000,00000000,0
8,15000.0,29,438FD378,3C2AA7EC,00000000,00000000,00000000,00000000,00000000,00000000,00000000,0
8,15000.0,30,439090E6,3C36AC5C,00000000,00000000,00000000,00000000,00000000,00000000,00000000,0
8,15000.0,31,43914748,3C42E53D,00000000,00000000,00000000,00000000,00000000,00000000,00000000,0
8,15000.0,32,4391F6DF,3C4F4ABA,00000000,00000000,00000000,00000000,00000000,00000000,00000000,0
8,15000.0,33,43929FE1,3C5BD465,00000000,00000000,00000000,00000000,00000000,00000000,00000000,0
8,15000.0,34,4393427C,3C68796D,00000000,00000000,00000000,00000000,00000000,00000000,00000000,0
8,15000.0,35,43912260,3C4ACD31,00000000,3BB211F3,44D28309,388D10E4,00000000,00000000,00000000,1
8,15000.0,36,4391B31F,3C594238,00000000,3BA4EB32,44C29240,388BF606,00000000,00000000,00000000,1
8,15000.0,37,43923DF1,3C67EC7A,00000000,3B9799FB,44B28321,388957FC,00000000,00000000,00000000,1
8,15000.0,38,4392C2E3,3C76BD05,00000000,3B8A31EB,44A26BFF,38853201,00000000,00000000,00000000,1
8,15000.0,39,439341FD,3C82D1D4,00000000,3B798CAE,449262B6,387F0BF6,00000000,00000000,00000000,1
8,15000.0,40,4393BB35,3C8A4725,00000000,3B5ED50C,44827CE9,3870B98C,00000000,00000000,00000000,1
8,15000.0,41,43942E7A,3C9083DF,00000000,3B4468B2,4465A655,385DC022,00000000,00000000,00000000,1
8,15000.0,42,43949BAA,3C9628FD,00000000,3B2A6BDC,4446F30A,3847ECF8,00000000,00000000,00000000,1
8,15000.0,43,43950290,3C9BA7BE,00000000,3B110647,44290BE6,38305BA7,00000000,00000000,00000000,1
8,15000.0,44,439562E7,3CA0F6A3,00000000,3AF0C9A2,440C22AD,38176600,00000000,00000000,00000000,1
8,15000.0,45,4395908F,3CA72989,00000000,00000000,00000000,00000000,00000000,00000000,00000000,0
8,15000.0,46,4395E569,3CABDDD9,00000000,00000000,00000000,00000000,00000000,00000000,00000000,0
8,15000.0,47,43963206,3CB031B6,00000000,00000000,00000000,00000000,00000000,00000000,00000000,0
8,15000.0,48,43969592,3CB32FE1,00000000,00000000,00000000,00000000,00000000,00000000,00000000,0
8,15000.0,49,4396D247,00000000,00000000,00000000,00000000,00000000,00000000,00000000,00000000,0
9,15000.0,1,434D8000,3792778A,00000000,00000000,00000000,00000000,00000000,00000000,00000000,0
9,15000.0,2,435997E2,390E4536,00000000,00000000,00000000,00000000,00000000,00000000,00000000,0
9,15000.0,3,435604D3,387594EC,00000000,00000000,00000000,00000000,00000000,00000000,00000000,0
9,15000.0,4,4357099E,38523586,00000000,00000000,00000000,00000000,00000000,00000000,00000000,0
9,15000.0,5,435D662C,38B8BD6E,00000000,00000000,00000000,00000000,00000000,00000000,00000000,0
9,15000.0,6,43630C2F,3912BF0B,00000000,00000000,00000000,00000000,00000000,00000000,00000000,0
9,15000.0,7,43681E37,3957F750,00000000,00000000,00000000,00000000,00000000,00000000,00000000,0
9,15000.0,8,436CB767,3995DCDC,00000000,00000000,00000000,00000000,00000000,00000000,00000000,0
9,15000.0,9,4370ECC0,39C6B281,00000000,00000000,00000000,00000000,00000000,00000000,00000000,0
9,15000.0,10,4374CE95,39FE20E0,00000000,00000000,00000000,00000000,00000000,00000000,00000000,0
9,15000.0,11,437869BC,3A24215F,00000000,00000000,00000000,00000000,00000000,00000000,00000000,0
9,15000.0,12,437BC783,3A5A2CB4,00000000,00000000,00000000,00000000,00000000,00000000,00000000,0
9,15000.0,13,437EEE37,3A8E1F4E,00000000,00000000,00000000,00000000,00000000,00000000,00000000,0
9,15000.0,14,4380F476,3AB4C1A1,00000000,00000000,00000000,00000000,00000000,00000000,00000000,0
9,15000.0,15,43825E73,3AE15222,00000000,00000000,00000000,00000000,00000000,00000000,00000000,0
9,15000.0,16,4383B719,3B0A12A4,00000000,00000000,00000000,00000000,00000000,00000000,00000000,0
9,15000.0,17,4384FFF8,3B26C207,00000000,00000000,00000000,00000000,00000000,00000000,00000000,0
9,15000.0,18,43863A60,3B46D389,00000000,00000000,00000000,00000000,00000000,00000000,00000000,0
9,15000.0,19,43876773,3B6A59A8,00000000,00000000,00000000,00000000,00000000,00000000,00000000,0
9,15000.0,20,438887D2,3B88A04A,00000000,00000000,00000000,00000000,00000000,00000000,00000000,0
9,15000.0,21,43899949,3B9DFC56,00000000,00000000,00000000,00000000,00000000,00000000,00000000,0
9,15000.0,22,438A9E9B,3BB53E02,00000000,00000000,00000000,00000000,00000000,00000000,00000000,0
9,15000.0,23,438B9955,3BCE4C52,00000000,00000000,00000000,00000000,00000000,00000000,00000000,0
9,15000.0,24,438C8A17,3BE91FD6,00000000,00000000,00000000,00000000,00000000,00000000,00000000,0
9,15000.0,25,438D7175,3C02D75A,00000000,00000000,00000000,00000000,00000000,00000000,00000000,0
9,15000.0,26,438E4FF0,3C10CEA5,00000000,00000000,00000000,00000000,00000000,00000000,00000000,0
9,15000.0,27,438F25F3,3C1CA4F5,00000000,00000000,00000000,00000000,00000000,00000000,00000000,0
9,15000.0,28,438FF3E9,3C28C8E4,00000000,00000000,00000000,00000000,00000000,00000000,00000000,0
9,15000.0,29,4390BA2C,3C35332C,00000000,00000000,00000000,00000000,00000000,00000000,00000000,0
9,15000.0,30,4391790E,3C41DC02,00000000,00000000,00000000,00000000,00000000,00000000,00000000,0
9,15000.0,31,439230D6,3C4EBB19,00000000,00000000,00000000,00000000,00000000,00000000,00000000,0
9,15000.0,32,4392E1C6,3C5BC850,00000000,00000000,00000000,00000000,00000000,00000000,00000000,0
9,15000.0,33,43938C14,3C68FADB,00000000,00000000,00000000,00000000,00000000,00000000,00000000,0
9,15000.0,34,43942FEF,3C76499B,00000000,00000000,00000000,00000000,00000000,00000000,00000000,0
9,15000.0,35,4394CD80,3C81D587,00000000,00000000,00000000,00000000,00000000,00000000,00000000,0
9,15000.0,36,439564E5,3C888A76,00000000,00000000,00000000,00000000,00000000,00000000,00000000,0
9,15000.0,37,4395F638,3C8F3E70,00000000,00000000,00000000,00000000,00000000,00000000,00000000,0
9,15000.0,38,43968188,3C95EB85,00000000,00000000,00000000,00000000,00000000,00000000,00000000,0
9,15000.0,39,439341FC,3C827507,00000000,3B798E49,449263A6,387E58AC,00000000,00000000,00000000,1
9,15000.0,40,4393BB35,3C8A31FA,00000000,3B5ED563,44827D1C,38709510,00000000,00000000,00000000,1
9,15000.0,41,43942E7A,3C9083DF,00000000,3B4468B2,4465A655,385DC022,00000000,00000000,00000000,1
9,15000.0,42,43949BAA,3C9628FD,00000000,3B2A6BDC,4446F30A,3847ECF8,00000000,00000000,00000000,1
9,15000.0,43,43950290,3C9BA7BE,00000000,3B110647,44290BE6,38305BA7,00000000,00000000,00000000,1
9,15000.0,44,439562E7,3CA0F6A3,00000000,3AF0C9A2,440C22AD,38176600,00000000,00000000,00000000,1
9,15000.0,45,4395908F,3CA72989,00000000,00000000,00000000,00000000,00000000,00000000,00000000,0
9,15000.0,46,4395E569,3CABDDD9,00000000,00000000,00000000,00000000,00000000,00000000,00000000,0
9,15000.0,47,43963206,3CB031B6,00000000,00000000,00000000,00000000,00000000,00000000,00000000,0
9,15000.0,48,43969592,3CB32FE1,00000000,00000000,00000000,00000000,00000000,00000000,00000000,0
9,15000.0,49,4396CE01,00000000,00000000,00000000,00000000,00000000,00000000,00000000,00000000,0
10,15000.0,1,434E0000,37B52427,00000000,00000000,00000000,00000000,00000000,00000000,00000000,0
10,15000.0,2,435A19E4,391AE34B,00000000,00000000,00000000,00000000,00000000,00000000,00000000,0
10,15000.0,3,435687E1,3887AB9C,00000000,00000000,00000000,00000000,00000000,00000000,00000000,0
10,15000.0,4,43576B31,38669395,00000000,00000000,00000000,00000000,00000000,00000000,00000000,0
10,15000.0,5,435DCA06,38CC0F86,00000000,00000000,00000000,00000000,00000000,00000000,00000000,0
10,15000.0,6,436371F3,39230D28,00000000,00000000,00000000,00000000,00000000,00000000,00000000,0
10,15000.0,7,436885A2,397136B2,00000000,00000000,00000000,00000000,00000000,00000000,00000000,0
10,15000.0,8,436D205A,39A82ED0,00000000,00000000,00000000,00000000,00000000,00000000,00000000,0
10,15000.0,9,43715728,39DFFDA5,00000000,00000000,00000000,00000000,00000000,00000000,00000000,0
10,15000.0,10,43753A77,3A0FDBA4,00000000,00000000,00000000,00000000,00000000,00000000,00000000,0
10,15000.0,11,4378D71D,3A38D670,00000000,00000000,00000000,00000000,00000000,00000000,00000000,0
10,15000.0,12,437C35EB,3A724D17,00000000,00000000,00000000,00000000,00000000,00000000,00000000,0
10,15000.0,13,437F5E5C,3A9BACB3,00000000,00000000,00000000,00000000,00000000,00000000,00000000,0
10,15000.0,14,43812D7B,3AC39A94,00000000,00000000,00000000,00000000,00000000,00000000,00000000,0
10,15000.0,15,43829877,3AF13E29,00000000,00000000,00000000,00000000,00000000,00000000,00000000,0
10,15000.0,16,4383F216,3B127036,00000000,00000000,00000000,00000000,00000000,00000000,00000000,0
10,15000.0,17,43853BEB,3B2F6040,00000000,00000000,00000000,00000000,00000000,00000000,00000000,0
10,15000.0,18,43867744,3B4F868F,00000000,00000000,00000000,00000000,00000000,00000000,00000000,0
10,15000.0,19,4387A543,3B72F0E8,00000000,00000000,00000000,00000000,00000000,00000000,00000000,0
10,15000.0,20,4388C621,3B8CBC95,00000000,00000000,00000000,00000000,00000000,00000000,00000000,0
10,15000.0,21,4389D7A1,3BA1E90F,00000000,00000000,00000000,00000000,00000000,00000000,00000000,0
10,15000.0,22,438ADD8A,3BB8D02B,00000000,00000000,00000000,00000000,00000000,00000000,00000000,0
10,15000.0,23,438BD8D1,3BD166B8,00000000,00000000,00000000,00000000,00000000,00000000,00000000,0
10,15000.0,24,438CCA1A,3BEBA4C7,00000000,00000000,00000000,00000000,00000000,00000000,00000000,0
10,15000.0,25,438DB1FA,3C03BFFF,00000000,00000000,00000000,00000000,00000000,00000000,00000000,0
10,15000.0,26,438E90ED,3C116B5A,00000000,00000000,00000000,00000000,00000000,00000000,00000000,0
10,15000.0,27,438F6766,3C1D4560,00000000,00000000,00000000,00000000,00000000,00000000,00000000,0
10,15000.0,28,439035CC,3C296D01,00000000,00000000,00000000,00000000,00000000,00000000,00000000,0
10,15000.0,29,4390FC79,3C35DA8E,00000000,00000000,00000000,00000000,00000000,00000000,00000000,0
10,15000.0,30,4391BBC1,3C428677,00000000,00000000,00000000,00000000,00000000,00000000,00000000,0
10,15000.0,31,439273EC,3C4F68AB,00000000,00000000,00000000,00000000,00000000,00000000,00000000,0
10,15000.0,32,4390A67E,3C3A7447,00000000,00000000,00000000,00000000,00000000,00000000,00000000,0
10,15000.0,33,43914DA4,3C498908,00000000,00000000,00000000,00000000,00000000,00000000,00000000,0
10,15000.0,34,4391EE7F,3C590141,00000000,00000000,00000000,00000000,00000000,00000000,00000000,0
10,15000.0,35,43928931,3C68CFC5,00000000,00000000,00000000,00000000,00000000,00000000,00000000,0
10,15000.0,36,43936237,3C756296,00000000,3BA4E4A3,44C4CE12,389E0E50,00000000,00000000,00000000,1
10,15000.0,37,4393EECE,3C82E757,00000000,3B97968A,44B492C1,389B06DD,00000000,00000000,00000000,1
10,15000.0,38,43947575,3C8B31D9,00000000,3B8A3097,44A44E22,38964695,00000000,00000000,00000000,1
10,15000.0,39,4394F632,3C9387F2,00000000,3B798C99,4494168C,388FD041,00000000,00000000,00000000,1
10,15000.0,40,439570FE,3C9BDF72,00000000,3B5ED649,4484021F,3887AE3E,00000000,00000000,00000000,1
10,15000.0,41,4395E5C4,3CA2FF04,00000000,3B446A46,446853C5,387A1DD2,00000000,00000000,00000000,1
10,15000.0,42,43965461,3CA9475A,00000000,3B2A6DFC,4449459F,38616438,00000000,00000000,00000000,1
10,15000.0,43,4396BCA5,3CAF64A7,00000000,3B11086D,442B056F,3846BB91,00000000,00000000,00000000,1
10,15000.0,44,43971E41,3CB54C2A,00000000,3AF0CD59,440DC5C3,382A88D4,00000000,00000000,00000000,1
10,15000.0,45,43974ADC,3CBC1F6F,00000000,00000000,00000000,00000000,00000000,00000000,00000000,0
10,15000.0,46,4397A0FE,3CC15B85,00000000,00000000,00000000,00000000,00000000,00000000,00000000,0
10,15000.0,47,4397EEC8,3CC62C4B,00000000,00000000,00000000,00000000,00000000,00000000,00000000,0
10,15000.0,48,439854FF,3CC98ED0,00000000,00000000,00000000,00000000,00000000,00000000,00000000,0
10,15000.0,49,4398BFA8,00000000,00000000,00000000,00000000,00000000,00000000,00000000,00000000,0
11,15000.0,1,43518000,37919F22,00000000,00000000,00000000,00000000,00000000,00000000,00000000,0
11,15000.0,2,435D9DD7,395EF9EB,00000000,00000000,00000000,00000000,00000000,00000000,00000000,0
11,15000.0,3,435A18B4,38BDBA33,00000000,00000000,00000000,00000000,00000000,00000000,00000000,0
11,15000.0,4,4359EF62,388620BE,00000000,00000000,00000000,00000000,00000000,00000000,00000000,0
11,15000.0,5,43605CA1,38E01479,00000000,00000000,00000000,00000000,00000000,00000000,00000000,0
11,15000.0,6,4366107D,392A0010,00000000,00000000,00000000,00000000,00000000,00000000,00000000,0
11,15000.0,7,436B2E9C,396FCD7A,00000000,00000000,00000000,00000000,00000000,00000000,00000000,0
11,15000.0,8,436FD30A,399FF435,00000000,00000000,00000000,00000000,00000000,00000000,00000000,0
11,15000.0,9,4374136B,39CC6508,00000000,00000000,00000000,00000000,00000000,00000000,00000000,0
11,15000.0,10,43780079,39FC9AE8,00000000,00000000,00000000,00000000,00000000,00000000,00000000,0
11,15000.0,11,437BA67A,3A1AFBA8,00000000,00000000,00000000,00000000,00000000,00000000,00000000,0
11,15000.0,12,437F0D00,3A455A5C,00000000,00000000,00000000,00000000,00000000,00000000,00000000,0
11,15000.0,13,438120F0,3A75F013,00000000,00000000,00000000,00000000,00000000,00000000,00000000,0
11,15000.0,14,4382A5C0,3A969A66,00000000,00000000,00000000,00000000,00000000,00000000,00000000,0
11,15000.0,15,43841746,3AB5DD79,00000000,00000000,00000000,00000000,00000000,00000000,00000000,0
11,15000.0,16,43857750,3AD90544,00000000,00000000,00000000,00000000,00000000,00000000,00000000,0
11,15000.0,17,4386C763,3B002344,00000000,00000000,00000000,00000000,00000000,00000000,00000000,0
11,15000.0,18,438808CC,3B15E12A,00000000,00000000,00000000,00000000,00000000,00000000,00000000,0
11,15000.0,19,438939FB,3B2DA988,00000000,00000000,00000000,00000000,00000000,00000000,00000000,0
11,15000.0,20,438A5B59,3B4842C2,00000000,00000000,00000000,00000000,00000000,00000000,00000000,0
11,15000.0,21,438B704B,3B653B04,00000000,00000000,00000000,00000000,00000000,00000000,00000000,0
11,15000.0,22,438C79A9,3B824844,00000000,00000000,00000000,00000000,00000000,00000000,00000000,0
11,15000.0,23,438D7830,3B931EAD,00000000,00000000,00000000,00000000,00000000,00000000,00000000,0
11,15000.0,24,438E6C87,3BA51BBC,00000000,00000000,00000000,00000000,00000000,00000000,00000000,0
11,15000.0,25,438F5745,3BB83916,00000000,00000000,00000000,00000000,00000000,00000000,00000000,0
11,15000.0,26,439038EC,3BCB512F,00000000,00000000,00000000,00000000,00000000,00000000,00000000,0
11,15000.0,27,439111EF,3BDB3964,00000000,00000000,00000000,00000000,00000000,00000000,00000000,0
11,15000.0,28,4391E2B9,3BEB87D4,00000000,00000000,00000000,00000000,00000000,00000000,00000000,0
11,15000.0,29,4392ABA5,3BFC3287,00000000,00000000,00000000,00000000,00000000,00000000,00000000,0
11,15000.0,30,43936D0C,3C0697DB,00000000,00000000,00000000,00000000,00000000,00000000,00000000,0
11,15000.0,31,43942733,3C0F3A24,00000000,00000000,00000000,00000000,00000000,00000000,00000000,0
11,15000.0,32,4394DA60,3C17FAEB,00000000,00000000,00000000,00000000,00000000,00000000,00000000,0
11,15000.0,33,439586C8,3C20D41E,00000000,00000000,00000000,00000000,00000000,00000000,00000000,0
11,15000.0,34,43962C9F,3C29BFFC,00000000,00000000,00000000,00000000,00000000,00000000,00000000,0
11,15000.0,35,4396CC0F,3C32B823,00000000,00000000,00000000,00000000,00000000,00000000,00000000,0
11,15000.0,36,43976536,3C3BB5BF,00000000,00000000,00000000,00000000,00000000,00000000,00000000,0
11,15000.0,37,4397F830,3C44B1C6,00000000,00000000,00000000,00000000,00000000,00000000,00000000,0
11,15000.0,38,43928676,3C6ED058,00000000,00000000,00000000,00000000,00000000,00000000,00000000,0
11,15000.0,39,43930795,3C812607,00000000,00000000,00000000,00000000,00000000,00000000,00000000,0
11,15000.0,40,439382F0,3C8B004C,00000000,00000000,00000000,00000000,00000000,00000000,00000000,0
11,15000.0,41,4393F870,3C91E7A0,00000000,00000000,00000000,00000000,00000000,00000000,00000000,0
11,15000.0,42,439467F8,3C977D49,00000000,00000000,00000000,00000000,00000000,00000000,00000000,0
11,15000.0,43,4394D15B,3C9CEBA9,00000000,00000000,00000000,00000000,00000000,00000000,00000000,0
11,15000.0,44,43953459,3CA2291B,00000000,00000000,00000000,00000000,00000000,00000000,00000000,0
11,15000.0,45,4395908F,3CA72989,00000000,00000000,00000000,00000000,00000000,00000000,00000000,0
11,15000.0,46,4395B61A,3CB44622,00000000,00000000,00000000,00000000,00000000,00000000,00000000,2
11,15000.0,47,43961CDA,3CB6E18D,322BCC77,3C0987C2,451F3C3E,39447F60,2EB8970D,00000000,00000000,2
11,15000.0,48,43967AD7,3CB9DE12,00000000,00000000,00000000,00000000,00000000,00000000,00000000,1
11,15000.0,49,4396DBED,3CBE633B,00000000,00000000,00000000,00000000,00000000,00000000,00000000,1
12,15000.0,1,434E8000,37C21422,00000000,00000000,00000000,00000000,00000000,00000000,00000000,0
12,15000.0,2,435A9B91,392543E0,00000000,00000000,00000000,00000000,00000000,00000000,00000000,0
12,15000.0,3,43570ACA,389121A2,00000000,00000000,00000000,00000000,00000000,00000000,00000000,0
12,15000.0,4,4357B4A6,386F55F4,00000000,00000000,00000000,00000000,00000000,00000000,00000000,0
12,15000.0,5,435E152A,38D36C29,00000000,00000000,00000000,00000000,00000000,00000000,00000000,0
12,15000.0,6,4363BE80,3928A812,00000000,00000000,00000000,00000000,00000000,00000000,00000000,0
12,15000.0,7,4368D36A,397922B6,00000000,00000000,00000000,00000000,00000000,00000000,00000000,0
12,15000.0,8,436D6F43,39AD7A56,00000000,00000000,00000000,00000000,00000000,00000000,00000000,0
12,15000.0,9,4371A725,39E6C631,00000000,00000000,00000000,00000000,00000000,00000000,00000000,0
12,15000.0,10,43758B8F,3A141112,00000000,00000000,00000000,00000000,00000000,00000000,00000000,0
12,15000.0,11,43792956,3A4187B7,00000000,00000000,00000000,00000000,00000000,00000000,00000000,0
12,15000.0,12,437C88EF,3A859EF6,00000000,00000000,00000000,00000000,00000000,00000000,00000000,0
12,15000.0,13,437FB2CF,3AB3351D,00000000,00000000,00000000,00000000,00000000,00000000,00000000,0
12,15000.0,14,43815880,3AE98E11,00000000,00000000,00000000,00000000,00000000,00000000,00000000,0
12,15000.0,15,4382C452,3B14A0D4,00000000,00000000,00000000,00000000,00000000,00000000,00000000,0
12,15000.0,16,43841ECE,3B396B7E,00000000,00000000,00000000,00000000,00000000,00000000,00000000,0
12,15000.0,17,43856988,3B63601C,00000000,00000000,00000000,00000000,00000000,00000000,00000000,0
12,15000.0,18,4386A5CA,3B8954B8,00000000,00000000,00000000,00000000,00000000,00000000,00000000,0
12,15000.0,19,4387D4BD,3BA3B204,00000000,00000000,00000000,00000000,00000000,00000000,00000000,0
12,15000.0,20,4388F5FB,3BC0BAF7,00000000,00000000,00000000,00000000,00000000,00000000,00000000,0
12,15000.0,21,438A0813,3BE0D286,00000000,00000000,00000000,00000000,00000000,00000000,00000000,0
12,15000.0,22,438B77A0,3BF8F6EE,00000000,3D109FA5,46362F66,398CA628,00000000,00000000,00000000,1
12,15000.0,23,438C7243,3C0F6C5F,00000000,3D0F5307,4633F3CD,39A0981A,00000000,00000000,00000000,1
12,15000.0,24,438D62BE,3C23C125,00000000,3D0D47C1,4630D2DA,39B4BE8F,00000000,00000000,00000000,1
12,15000.0,25,438E49B2,3C3971BD,00000000,3D0A8D97,462CE1C7,39C8BBC2,00000000,00000000,00000000,1
12,15000.0,26,438F2798,3C4C0DAE,00000000,3D0739D4,46283C57,39D7929E,00000000,00000000,00000000,1
12,15000.0,27,438FFCC0,3C5256E8,00000000,3D036769,462304ED,39D7EEE0,00000000,00000000,00000000,1
12,15000.0,28,4390C9AB,3C57C211,00000000,3CFE2B31,461D3B55,39D636F4,00000000,00000000,00000000,1
12,15000.0,29,4391338D,3C60F9BC,00000000,00000000,00000000,00000000,00000000,00000000,00000000,0
12,15000.0,30,4391F363,3C647AD3,00000000,00000000,00000000,00000000,00000000,00000000,00000000,0
12,15000.0,31,4392AC06,3C6711F4,00000000,00000000,00000000,00000000,00000000,00000000,00000000,0
12,15000.0,32,43935DB2,3C68BF2C,00000000,00000000,00000000,00000000,00000000,00000000,00000000,0
12,15000.0,33,439408A0,3C69848E,00000000,00000000,00000000,00000000,00000000,00000000,00000000,0
12,15000.0,34,4394ACFF,3C6965C7,00000000,00000000,00000000,00000000,00000000,00000000,00000000,0
12,15000.0,35,43954AF7,3C686822,00000000,00000000,00000000,00000000,00000000,00000000,00000000,0
12,15000.0,36,4395E2A8,3C6692EB,00000000,00000000,00000000,00000000,00000000,00000000,00000000,0
12,15000.0,37,4396742D,3C63EF0F,00000000,00000000,00000000,00000000,00000000,00000000,00000000,0
12,15000.0,38,4396FF96,3C60879B,00000000,00000000,00000000,00000000,00000000,00000000,00000000,0
12,15000.0,39,439784EB,3C5C6902,00000000,00000000,00000000,00000000,00000000,00000000,00000000,0
12,15000.0,40,4398042E,3C57A27A,00000000,00000000,00000000,00000000,00000000,00000000,00000000,0
12,15000.0,41,4393FD85,3C00A830,00000000,00000000,00000000,00000000,00000000,00000000,00000000,0
12,15000.0,42,43946C59,3C05756E,00000000,00000000,00000000,00000000,00000000,00000000,00000000,0
12,15000.0,43,4394D50E,3C0A1FBF,00000000,00000000,00000000,00000000,00000000,00000000,00000000,0
12,15000.0,44,4395375E,3C0E9E05,00000000,00000000,00000000,00000000,00000000,00000000,00000000,0
12,15000.0,45,439592ED,3C12E5B3,00000000,00000000,00000000,00000000,00000000,00000000,00000000,0
12,15000.0,46,4395E728,3C16E8E9,00000000,00000000,00000000,00000000,00000000,00000000,00000000,0
12,15000.0,47,43963330,3C1A94F3,00000000,00000000,00000000,00000000,00000000,00000000,00000000,0
12,15000.0,48,439695E9,3C1C23A8,00000000,00000000,00000000,00000000,00000000,00000000,00000000,0
12,15000.0,49,4396B52B,00000000,00000000,00000000,00000000,00000000,00000000,00000000,00000000,0
13,15000.0,1,434F8000,3801CF73,00000000,00000000,00000000,00000000,00000000,00000000,00000000,0
13,15000.0,2,435B9DE1,39407E88,00000000,00000000,00000000,00000000,00000000,00000000,00000000,0
13,15000.0,3,43581022,38AC67F0,00000000,00000000,00000000,00000000,00000000,00000000,00000000,0
13,15000.0,4,43585E78,388938FD,00000000,00000000,00000000,00000000,00000000,00000000,00000000,0
13,15000.0,5,435EC2E5,38F3FF12,00000000,00000000,00000000,00000000,00000000,00000000,00000000,0
13,15000.0,6,43646F73,3943A7F4,00000000,00000000,00000000,00000000,00000000,00000000,00000000,0
13,15000.0,7,43698733,399129C6,00000000,00000000,00000000,00000000,00000000,00000000,00000000,0
13,15000.0,8,436E25A7,39CAFE36,00000000,00000000,00000000,00000000,00000000,00000000,00000000,0
13,15000.0,9,43726021,3A078C72,00000000,00000000,00000000,00000000,00000000,00000000,00000000,0
13,15000.0,10,43764721,3A2E9910,00000000,00000000,00000000,00000000,00000000,00000000,00000000,0
13,15000.0,11,4379E79A,3A619886,00000000,00000000,00000000,00000000,00000000,00000000,00000000,0
13,15000.0,12,437D4906,3A9917EA,00000000,00000000,00000000,00000000,00000000,00000000,00000000,0
13,15000.0,13,43803B15,3ACA061C,00000000,00000000,00000000,00000000,00000000,00000000,00000000,0
13,15000.0,14,4381BBEC,3B01E52C,00000000,00000000,00000000,00000000,00000000,00000000,00000000,0
13,15000.0,15,43832982,3B237996,00000000,00000000,00000000,00000000,00000000,00000000,00000000,0
13,15000.0,16,438485C3,3B4A000B,00000000,00000000,00000000,00000000,00000000,00000000,00000000,0
13,15000.0,17,4385D235,3B75AB79,00000000,00000000,00000000,00000000,00000000,00000000,00000000,0
13,15000.0,18,43871028,3B935097,00000000,00000000,00000000,00000000,00000000,00000000,00000000,0
13,15000.0,19,438840A5,3BAE7716,00000000,00000000,00000000,00000000,00000000,00000000,00000000,0
13,15000.0,20,438961B1,3BCC599E,00000000,00000000,00000000,00000000,00000000,00000000,00000000,0
13,15000.0,21,438A74DF,3BED328F,00000000,00000000,00000000,00000000,00000000,00000000,00000000,0
13,15000.0,22,438B7CAC,3C0869AF,00000000,00000000,00000000,00000000,00000000,00000000,00000000,0
13,15000.0,23,438CE357,3C162C6B,00000000,3D0F34EF,463463CF,39A803BA,00000000,00000000,00000000,1
13,15000.0,24,438DD4A6,3C2ACE67,00000000,3D0D3073,463148E1,39BC6804,00000000,00000000,00000000,1
13,15000.0,25,438EBC65,3C40C3E1,00000000,3D0A7C75,462D5C52,39D08E9D,00000000,00000000,00000000,1
13,15000.0,26,438F9B12,3C549BE3,00000000,3D072CF3,4628B85D,39E08713,00000000,00000000,00000000,1
13,15000.0,27,439070FB,3C5B4916,00000000,3D035F4D,46238292,39E11011,00000000,00000000,00000000,1
13,15000.0,28,43913E9E,3C611559,00000000,3CFE2375,461DB96C,39DF725B,00000000,00000000,00000000,1
13,15000.0,29,4391A7B7,3C6ABE90,00000000,00000000,00000000,00000000,00000000,00000000,00000000,0
13,15000.0,30,43926853,3C6E9963,00000000,00000000,00000000,00000000,00000000,00000000,00000000,0
13,15000.0,31,439321B1,3C718733,00000000,00000000,00000000,00000000,00000000,00000000,00000000,0
13,15000.0,32,4393D413,3C73880B,00000000,00000000,00000000,00000000,00000000,00000000,00000000,0
13,15000.0,33,43947FAE,3C749D9E,00000000,00000000,00000000,00000000,00000000,00000000,00000000,0
13,15000.0,34,439524B5,3C74CBB9,00000000,00000000,00000000,00000000,00000000,00000000,00000000,0
13,15000.0,35,4395C34D,3C741772,00000000,00000000,00000000,00000000,00000000,00000000,00000000,0
13,15000.0,36,43965B98,3C72881A,00000000,00000000,00000000,00000000,00000000,00000000,00000000,0
13,15000.0,37,4396EDB1,3C7026A7,00000000,00000000,00000000,00000000,00000000,00000000,00000000,0
13,15000.0,38,439779A7,3C6CFDCA,00000000,00000000,00000000,00000000,00000000,00000000,00000000,0
13,15000.0,39,4397FF86,3C691A87,00000000,00000000,00000000,00000000,00000000,00000000,00000000,0
13,15000.0,40,43987F48,3C648B48,00000000,00000000,00000000,00000000,00000000,00000000,00000000,0
13,15000.0,41,4398F8F4,3C699ABA,00000000,00000000,00000000,00000000,00000000,00000000,00000000,0
13,15000.0,42,43946C59,3C05756E,00000000,00000000,00000000,00000000,00000000,00000000,00000000,0
13,15000.0,43,4394D50E,3C0A1FBF,00000000,00000000,00000000,00000000,00000000,00000000,00000000,0
13,15000.0,44,4395375E,3C0E9E05,00000000,00000000,00000000,00000000,00000000,00000000,00000000,0
13,15000.0,45,439592ED,3C12E5B3,00000000,00000000,00000000,00000000,00000000,00000000,00000000,0
13,15000.0,46,4395E728,3C16E8E9,00000000,00000000,00000000,00000000,00000000,00000000,00000000,0
13,15000.0,47,43963330,3C1A94F3,00000000,00000000,00000000,00000000,00000000,00000000,00000000,0
13,15000.0,48,439695E9,3C1C23A8,00000000,00000000,00000000,00000000,00000000,00000000,00000000,0
13,15000.0,49,4396B345,00000000,00000000,00000000,00000000,00000000,00000000,00000000,00000000,0
14,15000.0,1,434D8000,37A8FFF8,00000000,00000000,00000000,00000000,00000000,00000000,00000000,0
14,15000.0,2,435997E4,39111644,00000000,00000000,00000000,00000000,00000000,00000000,00000000,0
14,15000.0,3,435604D2,387D8A23,00000000,00000000,00000000,00000000,00000000,00000000,00000000,0
14,15000.0,4,435707F8,385B3603,00000000,00000000,00000000,00000000,00000000,00000000,00000000,0
14,15000.0,5,435D647B,38C27BBC,00000000,00000000,00000000,00000000,00000000,00000000,00000000,0
14,15000.0,6,43630A7B,391BBE1B,00000000,00000000,00000000,00000000,00000000,00000000,00000000,0
14,15000.0,7,43681C81,3966DC75,00000000,00000000,00000000,00000000,00000000,00000000,00000000,0
14,15000.0,8,436CB5B2,39A1405A,00000000,00000000,00000000,00000000,00000000,00000000,00000000,0
14,15000.0,9,4370EB06,39D71876,00000000,00000000,00000000,00000000,00000000,00000000,00000000,0
14,15000.0,10,4374CCDF,3A0A553E,00000000,00000000,00000000,00000000,00000000,00000000,00000000,0
14,15000.0,11,4378680B,3A35CD1E,00000000,00000000,00000000,00000000,00000000,00000000,00000000,0
14,15000.0,12,437BC5E3,3A78F6FF,00000000,00000000,00000000,00000000,00000000,00000000,00000000,0
14,15000.0,13,437EECAA,3AA620E8,00000000,00000000,00000000,00000000,00000000,00000000,00000000,0
14,15000.0,14,4380F3BE,3AD79E8F,00000000,00000000,00000000,00000000,00000000,00000000,00000000,0
14,15000.0,15,43825DD1,3B08B9C1,00000000,00000000,00000000,00000000,00000000,00000000,00000000,0
14,15000.0,16,4383B691,3B2A0B78,00000000,00000000,00000000,00000000,00000000,00000000,00000000,0
14,15000.0,17,4384FF8F,3B4FF6CF,00000000,00000000,00000000,00000000,00000000,00000000,00000000,0
14,15000.0,18,43863A20,3B7AA38B,00000000,00000000,00000000,00000000,00000000,00000000,00000000,0
14,15000.0,19,43876762,3B9515C8,00000000,00000000,00000000,00000000,00000000,00000000,00000000,0
14,15000.0,20,438887FB,3BAF4046,00000000,00000000,00000000,00000000,00000000,00000000,00000000,0
14,15000.0,21,438999AD,3BCC0A13,00000000,00000000,00000000,00000000,00000000,00000000,00000000,0
14,15000.0,22,438A9F49,3BEB70D9,00000000,00000000,00000000,00000000,00000000,00000000,00000000,0
14,15000.0,23,438BFF52,3C017B1C,00000000,3D0F86FA,46339FD0,39913013,00000000,00000000,00000000,1
14,15000.0,24,438CEEDF,3C13C00C,00000000,3D0D7919,46307E10,39A34D56,00000000,00000000,00000000,1
14,15000.0,25,438DD4EA,3C273C9E,00000000,3D0ABD35,462C8DFE,39B5448F,00000000,00000000,00000000,1
14,15000.0,26,438EB1E7,3C370D4E,00000000,3D07692C,4627EBF5,39C1A670,00000000,00000000,00000000,1
14,15000.0,27,438F8630,3C3C197A,00000000,3D039506,4622B6A4,39C15D11,00000000,00000000,00000000,1
14,15000.0,28,438FF684,3C4501C8,00000000,00000000,00000000,00000000,00000000,00000000,00000000,0
14,15000.0,29,4390BCEB,3C4834C1,00000000,00000000,00000000,00000000,00000000,00000000,00000000,0
14,15000.0,30,43917BDD,3C4A831F,00000000,00000000,00000000,00000000,00000000,00000000,00000000,0
14,15000.0,31,439233A0,3C4BEBDD,00000000,00000000,00000000,00000000,00000000,00000000,00000000,0
14,15000.0,32,4392E475,3C4C6FCC,00000000,00000000,00000000,00000000,00000000,00000000,00000000,0
14,15000.0,33,43938E93,3C4C115C,00000000,00000000,00000000,00000000,00000000,00000000,00000000,0
14,15000.0,34,43943227,3C4AD49A,00000000,00000000,00000000,00000000,00000000,00000000,00000000,0
14,15000.0,35,4394CF5C,3C48BF95,00000000,00000000,00000000,00000000,00000000,00000000,00000000,0
14,15000.0,36,43956651,3C45DA0A,00000000,00000000,00000000,00000000,00000000,00000000,00000000,0
14,15000.0,37,4395F720,3C422DC3,00000000,00000000,00000000,00000000,00000000,00000000,00000000,0
14,15000.0,38,439681DA,3C3DC5AF,00000000,00000000,00000000,00000000,00000000,00000000,00000000,0
14,15000.0,39,43970686,3C38AF4E,00000000,00000000,00000000,00000000,00000000,00000000,00000000,0
14,15000.0,40,43978525,3C32F9FE,00000000,00000000,00000000,00000000,00000000,00000000,00000000,0
14,15000.0,41,4393FE01,3BE21A03,00000000,00000000,00000000,00000000,00000000,00000000,00000000,0
14,15000.0,42,43946CC4,3BEA7C3B,00000000,00000000,00000000,00000000,00000000,00000000,00000000,0
14,15000.0,43,4394D566,3BF2A0B4,00000000,00000000,00000000,00000000,00000000,00000000,00000000,0
14,15000.0,44,439537A6,3BFA77D3,00000000,00000000,00000000,00000000,00000000,00000000,00000000,0
14,15000.0,45,43959326,3C00F744,00000000,00000000,00000000,00000000,00000000,00000000,00000000,0
14,15000.0,46,4395E752,3C047616,00000000,00000000,00000000,00000000,00000000,00000000,00000000,0
14,15000.0,47,4396334D,3C07A7EA,00000000,00000000,00000000,00000000,00000000,00000000,00000000,0
14,15000.0,48,439695F1,3C08CA12,00000000,00000000,00000000,00000000,00000000,00000000,00000000,0
14,15000.0,49,4396BB0C,00000000,00000000,00000000,00000000,00000000,00000000,00000000,00000000,0
15,15000.0,1,43758000,39A594C3,00000000,00000000,00000000,00000000,00000000,00000000,00000000,0
15,15000.0,2,437C404A,3B539994,00000000,00000000,00000000,00000000,00000000,00000000,00000000,0
15,15000.0,3,437AFD8B,3AFE7877,00000000,00000000,00000000,00000000,00000000,00000000,00000000,0
15,15000.0,4,437A2F95,3AAC4520,00000000,00000000,00000000,00000000,00000000,00000000,00000000,0
15,15000.0,5,437C4D18,3A95FDE2,00000000,00000000,00000000,00000000,00000000,00000000,00000000,0
15,15000.0,6,437F7F77,3A933356,00000000,00000000,00000000,00000000,00000000,00000000,00000000,0
15,15000.0,7,43813666,3A913097,00000000,00000000,00000000,00000000,00000000,00000000,00000000,0
15,15000.0,8,43828ED0,3A8F8EAB,00000000,00000000,00000000,00000000,00000000,00000000,00000000,0
15,15000.0,9,4383CC7F,3A8E427B,00000000,00000000,00000000,00000000,00000000,00000000,00000000,0
15,15000.0,10,4384F2A9,3A8D4447,00000000,00000000,00000000,00000000,00000000,00000000,00000000,0
15,15000.0,11,4386041C,3A8CB100,00000000,00000000,00000000,00000000,00000000,00000000,00000000,0
15,15000.0,12,4387034A,3A91EDB9,00000000,00000000,00000000,00000000,00000000,00000000,00000000,0
15,15000.0,13,4387F224,3A979C64,00000000,00000000,00000000,00000000,00000000,00000000,00000000,0
15,15000.0,14,4388D150,3A9CFD4E,00000000,00000000,00000000,00000000,00000000,00000000,00000000,0
15,15000.0,15,4389A06E,3AA42DDC,00000000,00000000,00000000,00000000,00000000,00000000,00000000,0
15,15000.0,16,438A635E,3AAC0EBC,00000000,00000000,00000000,00000000,00000000,00000000,00000000,0
15,15000.0,17,438B1BB3,3AB45D02,00000000,00000000,00000000,00000000,00000000,00000000,00000000,0
15,15000.0,18,438BCA61,3ABD051F,00000000,00000000,00000000,00000000,00000000,00000000,00000000,0
15,15000.0,19,438C703E,3AC5F71F,00000000,00000000,00000000,00000000,00000000,00000000,00000000,0
15,15000.0,20,438D0E03,3ACF258B,00000000,00000000,00000000,00000000,00000000,00000000,00000000,0
15,15000.0,21,438DA453,3AD88483,00000000,00000000,00000000,00000000,00000000,00000000,00000000,0
15,15000.0,22,438E33BA,3AE20904,00000000,00000000,00000000,00000000,00000000,00000000,00000000,0
15,15000.0,23,438EBCB4,3AEBA96F,00000000,00000000,00000000,00000000,00000000,00000000,00000000,0
15,15000.0,24,438F3FAE,3AF55DFD,00000000,00000000,00000000,00000000,00000000,00000000,00000000,0
15,15000.0,25,438FBD09,3AFF1DBB,00000000,00000000,00000000,00000000,00000000,00000000,00000000,0
15,15000.0,26,43903520,3B0755B4,00000000,00000000,00000000,00000000,00000000,00000000,00000000,0
15,15000.0,27,4390A83E,3B13CBA1,00000000,00000000,00000000,00000000,00000000,00000000,00000000,0
15,15000.0,28,439116A5,3B205234,00000000,00000000,00000000,00000000,00000000,00000000,00000000,0
15,15000.0,29,43918092,3B2CE100,00000000,00000000,00000000,00000000,00000000,00000000,00000000,0
15,15000.0,30,4391E63D,3B396FF3,00000000,00000000,00000000,00000000,00000000,00000000,00000000,0
15,15000.0,31,439247D4,3B45F6E3,00000000,00000000,00000000,00000000,00000000,00000000,00000000,0
15,15000.0,32,4392A580,3B526DFB,00000000,00000000,00000000,00000000,00000000,00000000,00000000,0
15,15000.0,33,4392FF68,3B5ECE1E,00000000,00000000,00000000,00000000,00000000,00000000,00000000,0
15,15000.0,34,439355AB,3B6B0FEE,00000000,00000000,00000000,00000000,00000000,00000000,00000000,0
15,15000.0,35,4393A865,3B772C0A,00000000,00000000,00000000,00000000,00000000,00000000,00000000,0
15,15000.0,36,4393F7A9,3B818D54,00000000,00000000,00000000,00000000,00000000,00000000,00000000,0
15,15000.0,37,4394438D,3B876A7B,00000000,00000000,00000000,00000000,00000000,00000000,00000000,0
15,15000.0,38,43948C1C,3B8D28E0,00000000,00000000,00000000,00000000,00000000,00000000,00000000,0
15,15000.0,39,4394D160,3B92C4FA,00000000,00000000,00000000,00000000,00000000,00000000,00000000,0
15,15000.0,40,4395135A,3B983A1B,00000000,00000000,00000000,00000000,00000000,00000000,00000000,0
15,15000.0,41,43955206,3B9ADF6A,00000000,00000000,00000000,00000000,00000000,00000000,00000000,0
15,15000.0,42,43958D58,3B9C81BA,00000000,00000000,00000000,00000000,00000000,00000000,00000000,0
15,15000.0,43,4395C53B,3B9E089E,00000000,00000000,00000000,00000000,00000000,00000000,00000000,0
15,15000.0,44,4395F98E,3B9F7185,00000000,00000000,00000000,00000000,00000000,00000000,00000000,0
15,15000.0,45,43962A1B,3BA0B841,00000000,00000000,00000000,00000000,00000000,00000000,00000000,0
15,15000.0,46,43965695,3BA1D81E,00000000,00000000,00000000,00000000,00000000,00000000,00000000,0
15,15000.0,47,43967E7C,3BA2C82E,00000000,00000000,00000000,00000000,00000000,00000000,00000000,0
15,15000.0,48,4396C15C,3BA02579,00000000,00000000,00000000,00000000,00000000,00000000,00000000,0
15,15000.0,49,4396A943,00000000,00000000,00000000,00000000,00000000,00000000,00000000,00000000,0
16,15000.0,1,4386C000,3CECED00,00000000,00000000,00000000,00000000,00000000,00000000,00000000,0
16,15000.0,2,4388E35C,3D0ABC64,00000000,00000000,00000000,00000000,00000000,00000000,00000000,0
16,15000.0,3,43884DF6,3CC094BE,00000000,00000000,00000000,00000000,00000000,00000000,00000000,0
16,15000.0,4,43880A27,3C9331A5,00000000,00000000,00000000,00000000,00000000,00000000,00000000,0
16,15000.0,5,4387FD51,3C719DFC,00000000,00000000,00000000,00000000,00000000,00000000,00000000,0
16,15000.0,6,438916EC,3C6F794D,00000000,00000000,00000000,00000000,00000000,00000000,00000000,0
16,15000.0,7,438A0925,3C6EA64B,00000000,00000000,00000000,00000000,00000000,00000000,00000000,0
16,15000.0,8,438AE18F,3C6E5D7A,00000000,00000000,00000000,00000000,00000000,00000000,00000000,0
16,15000.0,9,438BA592,3C6E5A60,00000000,00000000,00000000,00000000,00000000,00000000,00000000,0
16,15000.0,10,438C588A,3C6E7EDA,00000000,00000000,00000000,00000000,00000000,00000000,00000000,0
16,15000.0,11,438CFD0E,3C6EB922,00000000,00000000,00000000,00000000,00000000,00000000,00000000,0
16,15000.0,12,438D9539,3C755827,00000000,00000000,00000000,00000000,00000000,00000000,00000000,0
16,15000.0,13,438E22B5,3C814460,00000000,00000000,00000000,00000000,00000000,00000000,00000000,0
16,15000.0,14,438EA6CB,3C8777F9,00000000,00000000,00000000,00000000,00000000,00000000,00000000,0
16,15000.0,15,438F2290,3C8D5063,00000000,00000000,00000000,00000000,00000000,00000000,00000000,0
16,15000.0,16,438F96ED,3C92D5CA,00000000,00000000,00000000,00000000,00000000,00000000,00000000,0
16,15000.0,17,439004A3,3C980F7C,00000000,00000000,00000000,00000000,00000000,00000000,00000000,0
16,15000.0,18,43906C54,3C9D0383,00000000,00000000,00000000,00000000,00000000,00000000,00000000,0
16,15000.0,19,43917117,3C9D8982,00000000,2EDBE6FF,38147135,2C0752C9,00000000,00000000,00000000,1
16,15000.0,20,4391C588,3CA23C1B,00000000,2EDBE6FF,38132668,2C0B5BCF,00000000,00000000,00000000,1
16,15000.0,21,43921626,3CA6B2B7,00000000,2EDBE6FF,3811ECCC,2C0F314D,00000000,00000000,00000000,1
16,15000.0,22,43926333,3CAAF1B2,00000000,2EDBE6FF,3810C2EE,2C12D703,00000000,00000000,00000000,1
16,15000.0,23,4392ACE6,3CAEFCFB,00000000,2EDBE6FF,380FA78A,2C165050,00000000,00000000,00000000,1
16,15000.0,24,4392F373,3CB2D82B,00000000,2EDBE6FF,380E9987,2C19A04D,00000000,00000000,00000000,1
16,15000.0,25,4393370B,3CB68657,00000000,2EDBE6FF,380D97F3,2C1CC99F,00000000,00000000,00000000,1
16,15000.0,26,439377CF,3CB9CD40,00000000,2EDBE6FF,380CA1F1,2C1F9A3D,00000000,00000000,00000000,1
16,15000.0,27,4393B5DF,3CBA1CAB,00000000,2EDBE6FF,380BB6CC,2C1FDE75,00000000,00000000,00000000,1
16,15000.0,28,4393F163,3CBA65BC,00000000,2EDBE6FF,380AD5E2,2C201D39,00000000,00000000,00000000,1
16,15000.0,29,43942A76,3CBAA8F6,00000000,2EDBE6FF,3809FE99,2C2056F8,00000000,00000000,00000000,1
16,15000.0,30,43946135,3CBAE6AD,00000000,2EDBE6FF,3809306C,2C208BFB,00000000,00000000,00000000,1
16,15000.0,31,439495B6,3CBB1F6F,00000000,2EDBE6FF,38086AE5,2C20BCBD,00000000,00000000,00000000,1
16,15000.0,32,4394C80F,3CBB5391,00000000,2EDBE6FF,3807AD9C,2C20E985,00000000,00000000,00000000,1
16,15000.0,33,4394F850,3CBB8349,00000000,2EDBE6FF,3806F832,2C211282,00000000,00000000,00000000,1
16,15000.0,34,43952688,3CBBAEDC,00000000,2EDBE6FF,38064A56,2C2137F0,00000000,00000000,00000000,1
16,15000.0,35,439552C2,3CBBD68F,00000000,2EDBE6FF,3805A3C1,2C215A0A,00000000,00000000,00000000,1
16,15000.0,36,43957D0B,3CBBFA96,00000000,2EDBE6FF,38050436,2C2178FD,00000000,00000000,00000000,1
16,15000.0,37,4395A567,3CBC1B1D,00000000,2EDBE6FF,38046B82,2C2194EE,00000000,00000000,00000000,1
16,15000.0,38,4395CBDA,3CBC3835,00000000,2EDBE6FF,3803D979,2C21ADEB,00000000,00000000,00000000,1
16,15000.0,39,4395F068,3CBC5222,00000000,2EDBE6FF,38034DFF,2C21C430,00000000,00000000,00000000,1
16,15000.0,40,43961308,3CBC68D1,00000000,2EDBE6FF,3802C8F7,2C21D7AD,00000000,00000000,00000000,1
16,15000.0,41,439633B7,3CBC7C44,00000000,2EDBE6FF,38024A5C,2C21E862,00000000,00000000,00000000,1
16,15000.0,42,43965266,3CBC8C8F,00000000,2EDBE6FF,3801D22D,2C21F660,00000000,00000000,00000000,1
16,15000.0,43,43966EFF,3CBC99A0,00000000,2EDBE6FF,3801607B,2C22019A,00000000,00000000,00000000,1
16,15000.0,44,43968963,3CBCA31E,00000000,2EDBE6FF,3800F568,2C2209C1,00000000,00000000,00000000,1
16,15000.0,45,4396747C,3CBDD06C,00000000,00000000,00000000,00000000,00000000,00000000,00000000,0
16,15000.0,46,43968D63,3CBDBA51,00000000,00000000,00000000,00000000,00000000,00000000,00000000,0
16,15000.0,47,4396A388,3CBD9C66,00000000,00000000,00000000,00000000,00000000,00000000,00000000,0
16,15000.0,48,4396D748,3CBC9A8A,00000000,00000000,00000000,00000000,00000000,00000000,00000000,0
16,15000.0,49,4396A426,00000000,00000000,00000000,00000000,00000000,00000000,00000000,00000000,0
17,15000.0,1,43508000,37A9D921,00000000,00000000,00000000,00000000,00000000,00000000,00000000,0
17,15000.0,2,435C9EAA,394A77FD,00000000,00000000,00000000,00000000,00000000,00000000,00000000,0
17,15000.0,3,435914C9,38AE3434,00000000,00000000,00000000,00000000,00000000,00000000,00000000,0
17,15000.0,4,43571F52,38469D51,00000000,00000000,00000000,00000000,00000000,00000000,00000000,0
17,15000.0,5,4355E1BD,38036876,00000000,00000000,00000000,00000000,00000000,00000000,00000000,0
17,15000.0,6,435506AD,37BE5FE0,00000000,00000000,00000000,00000000,00000000,00000000,00000000,0
17,15000.0,7,43546671,37927914,00000000,00000000,00000000,00000000,00000000,00000000,00000000,0
17,15000.0,8,4353EC21,376C24BE,00000000,00000000,00000000,00000000,00000000,00000000,00000000,0
17,15000.0,9,43538BA7,375644F1,00000000,00000000,00000000,00000000,00000000,00000000,00000000,0
17,15000.0,10,43547A89,3769B354,00000000,00000000,00000000,00000000,00000000,00000000,00000000,0
17,15000.0,11,4357202B,379FE214,00000000,00000000,00000000,00000000,00000000,00000000,00000000,0
17,15000.0,12,435997C8,37D4A6E2,00000000,00000000,00000000,00000000,00000000,00000000,00000000,0
17,15000.0,13,435BE706,3809F824,00000000,00000000,00000000,00000000,00000000,00000000,00000000,0
17,15000.0,14,435E127A,382F340E,00000000,00000000,00000000,00000000,00000000,00000000,00000000,0
17,15000.0,15,43601E0C,385A4FD3,00000000,00000000,00000000,00000000,00000000,00000000,00000000,0
17,15000.0,16,43620CEB,3885C244,00000000,00000000,00000000,00000000,00000000,00000000,00000000,0
17,15000.0,17,4363E1DA,38A17FC9,00000000,00000000,00000000,00000000,00000000,00000000,00000000,0
17,15000.0,18,43659F2A,38C06FEE,00000000,00000000,00000000,00000000,00000000,00000000,00000000,0
17,15000.0,19,436753F8,38BCD41A,00000000,3D2C5034,4639D32F,367E3354,00000000,00000000,00000000,1
17,15000.0,20,4368E8CC,38DF7192,00000000,3D378516,4644F42B,36A02E59,00000000,00000000,00000000,1
17,15000.0,21,436A6B40,3902B05C,00000000,3D40A7AA,464DCD74,36C4B3BA,00000000,00000000,00000000,1
17,15000.0,22,436BDCA6,39174F8A,00000000,3D47C1FF,46547259,36EC22FC,00000000,00000000,00000000,1
17,15000.0,23,436D3E25,392D9251,00000000,3D4CE4CF,4658FC43,370AEBBB,00000000,00000000,00000000,1
17,15000.0,24,436E90C4,3945724F,00000000,3D5025DA,465B88F8,37208A12,00000000,00000000,00000000,1
17,15000.0,25,436FD567,395EE683,00000000,3D519EA7,465C3945,37368455,00000000,00000000,00000000,1
17,15000.0,26,43710CDF,3979E3E4,00000000,3D516B57,465B2FCF,374C6BD4,00000000,00000000,00000000,1
17,15000.0,27,437237E2,398B2E75,00000000,3D4FA9E7,46589056,3761CDE0,00000000,00000000,00000000,1
17,15000.0,28,4373570B,399A20F5,00000000,3D4C7957,46547EDA,377636A2,00000000,00000000,00000000,1
17,15000.0,29,43746AED,39A9C096,00000000,3D47F93B,464F1F45,378499F8,00000000,00000000,00000000,1
17,15000.0,30,4375740A,39BA0391,00000000,3D424932,464894DD,378D2BE3,00000000,00000000,00000000,1
17,15000.0,31,437672CB,39CADEC4,00000000,3D3B8898,46410208,37949CF8,00000000,00000000,00000000,1
17,15000.0,32,43776798,39DC464D,00000000,3D33D649,4638881F,379ABD89,00000000,00000000,00000000,1
17,15000.0,33,437852C1,39EE2D10,00000000,3D2B5062,462F4734,379F62E3,00000000,00000000,00000000,1
17,15000.0,34,43793493,3A004275,00000000,3D22142B,46255E0F,37A26852,00000000,00000000,00000000,1
17,15000.0,35,437A0D4C,3A099F39,00000000,3D183DFB,461AEA1D,37A3AFB7,00000000,00000000,00000000,1
17,15000.0,36,437ADD19,3A132482,00000000,3D0DE93A,46100777,37A32252,00000000,00000000,00000000,1
17,15000.0,37,437BA424,3A1CC953,00000000,3D033052,4604D0E7,37A0B13B,00000000,00000000,00000000,1
17,15000.0,38,437C6284,3A2683F2,00000000,3CF0599B,45F2C011,379C55FC,00000000,00000000,00000000,1
17,15000.0,39,437D1845,3A3049B7,00000000,3CD9EEDD,45DB9AD4,379612F9,00000000,00000000,00000000,1
17,15000.0,40,437DC563,3A384308,00000000,3CC350C6,45C4619A,378C9533,00000000,00000000,00000000,1
17,15000.0,41,437E69CC,3A3FF36D,00000000,3CACAE6D,45AD4231,37817A56,00000000,00000000,00000000,1
17,15000.0,42,437F0551,3A477B9F,00000000,3C9636B1,459669D2,376A1A1A,00000000,00000000,00000000,1
17,15000.0,43,437F97AE,3A4ED09D,00000000,3C801903,458005EF,374EF907,00000000,00000000,00000000,1
17,15000.0,44,4380057C,3A5DB804,00000000,00000000,00000000,00000000,00000000,00000000,00000000,0
17,15000.0,45,4380453E,3A642977,00000000,00000000,00000000,00000000,00000000,00000000,00000000,0
17,15000.0,46,43807F8C,3A6A2229,00000000,00000000,00000000,00000000,00000000,00000000,00000000,0
17,15000.0,47,4380B3B0,3A6F818E,00000000,00000000,00000000,00000000,00000000,00000000,00000000,0
17,15000.0,48,4380E881,3A6E324D,00000000,00000000,00000000,00000000,00000000,00000000,00000000,0
17,15000.0,49,4380E87E,00000000,00000000,00000000,00000000,00000000,00000000,00000000,00000000,0
18,15000.0,1,43560000,38829306,00000000,00000000,00000000,00000000,00000000,00000000,00000000,0
18,15000.0,2,436202E3,39CCD708,00000000,00000000,00000000,00000000,00000000,00000000,00000000,0
18,15000.0,3,435E9F20,393CE8F0,00000000,00000000,00000000,00000000,00000000,00000000,00000000,0
18,15000.0,4,435CB200,38E0C140,00000000,00000000,00000000,00000000,00000000,00000000,00000000,0
18,15000.0,5,435B75CB,38996A3D,00000000,00000000,00000000,00000000,00000000,00000000,00000000,0
18,15000.0,6,435A9A1B,3863CF9A,00000000,00000000,00000000,00000000,00000000,00000000,00000000,0
18,15000.0,7,4359F8B8,3832E274,00000000,00000000,00000000,00000000,00000000,00000000,00000000,0
18,15000.0,8,43597D20,38122402,00000000,00000000,00000000,00000000,00000000,00000000,00000000,0
18,15000.0,9,435A1AD8,380ECFE4,00000000,00000000,00000000,00000000,00000000,00000000,00000000,0
18,15000.0,10,435D5F24,385053EE,00000000,00000000,00000000,00000000,00000000,00000000,00000000,0
18,15000.0,11,436066DD,38923E08,00000000,00000000,00000000,00000000,00000000,00000000,00000000,0
18,15000.0,12,436339FA,38C6B2BB,00000000,00000000,00000000,00000000,00000000,00000000,00000000,0
18,15000.0,13,4365DEF9,39033CC2,00000000,00000000,00000000,00000000,00000000,00000000,00000000,0
18,15000.0,14,436874DA,3904263E,00000000,3CBF39FA,45DE72CB,36456CEC,00000000,00000000,00000000,1
18,15000.0,15,436ACFEA,392BE0A6,00000000,3CE2C41D,4603294D,36983FFE,00000000,00000000,00000000,1
18,15000.0,16,436D0A4D,395A5746,00000000,3D019407,46151BB8,36DD0875,00000000,00000000,00000000,1
18,15000.0,17,436F2721,3987E9EC,00000000,3D100B30,4624EDD4,3718F30B,00000000,00000000,00000000,1
18,15000.0,18,43712907,39A647F7,00000000,3D1CAFF7,46328ED1,374B8C4C,00000000,00000000,00000000,1
18,15000.0,19,43731249,39C85B51,00000000,3D2777AE,463DFBE2,3783113C,00000000,00000000,00000000,1
18,15000.0,20,4374E4DC,39EE322F,00000000,3D3061D9,46473CFE,37A41D8B,00000000,00000000,00000000,1
18,15000.0,21,4376A27A,3A0BE9E2,00000000,3D3775F9,464E624C,37C88955,00000000,00000000,00000000,1
18,15000.0,22,43784CA1,3A22A061,00000000,3D3CC1BA,465381FE,37EFD1B1,00000000,00000000,00000000,1
18,15000.0,23,4379E4A4,3A3B399F,00000000,3D405773,4656B6AF,380CAB2C,00000000,00000000,00000000,1
18,15000.0,24,437B6BA6,3A556F66,00000000,3D424CFA,46581E02,3821FE99,00000000,00000000,00000000,1
18,15000.0,25,437CE2B0,3A6E79E8,00000000,3D42BAF5,4657D7F9,3835668B,00000000,00000000,00000000,1
18,15000.0,26,437E4AAA,3A846899,00000000,3D41BB16,46560501,3848673E,00000000,00000000,00000000,1
18,15000.0,27,437FA462,3A923351,00000000,3D3F686C,4652C657,385A9FD8,00000000,00000000,00000000,1
18,15000.0,28,43807846,3AA094E6,00000000,3D3BDE8F,464E3D2E,386BB0BE,00000000,00000000,00000000,1
18,15000.0,29,438117E7,3AAF8470,00000000,3D373942,46488A5B,387B3DDC,00000000,00000000,00000000,1
18,15000.0,30,4381B15D,3ABEF826,00000000,3D319415,4641CDED,38847809,00000000,00000000,00000000,1
18,15000.0,31,438244E4,3ACEE598,00000000,3D2B0A33,463A2708,388A3B9B,00000000,00000000,00000000,1
18,15000.0,32,4382D2B4,3ADF4167,00000000,3D23B633,4631B3C5,388EC58A,00000000,00000000,00000000,1
18,15000.0,33,43835B00,3AEFFF88,00000000,3D1BB1F2,4628910E,3891F68A,00000000,00000000,00000000,1
18,15000.0,34,4383DDEE,3B00897A,00000000,3D131688,461EDA9C,3893B482,00000000,00000000,00000000,1
18,15000.0,35,43845BA2,3B0936E5,00000000,3D09FC32,4614AAED,3893EB1B,00000000,00000000,00000000,1
18,15000.0,36,4384D439,3B120086,00000000,3D007A5E,460A1B58,38928C1A,00000000,00000000,00000000,1
18,15000.0,37,438547C3,3B1ADE6F,00000000,3CED4F46,45FE880B,388F8FE2,00000000,00000000,00000000,1
18,15000.0,38,4385B653,3B23C7EC,00000000,3CD933B0,45E8783F,388AF588,00000000,00000000,00000000,1
18,15000.0,39,43861FEE,3B2CB3C4,00000000,3CC4CC69,45D233D9,3884C388,00000000,00000000,00000000,1
18,15000.0,40,43868490,3B351BA5,00000000,3CB04300,45BBE61E,387964CF,00000000,00000000,00000000,1
18,15000.0,41,4386E42D,3B3CD71F,00000000,3C9BC033,45A5B919,3865C80D,00000000,00000000,00000000,1
18,15000.0,42,43873EAD,3B446B96,00000000,3C876C49,458FD613,384FCFA3,00000000,00000000,00000000,1
18,15000.0,43,438793E6,3B4BCD9A,00000000,3C66E0EF,4574CE15,3837CDCB,00000000,00000000,00000000,1
18,15000.0,44,4387E39C,3B52F028,00000000,3C3FEF16,454B2ED2,381E262E,00000000,00000000,00000000,1
18,15000.0,45,438817D3,3B5E2A40,00000000,00000000,00000000,00000000,00000000,00000000,00000000,0
18,15000.0,46,43885CE4,3B644AD5,00000000,00000000,00000000,00000000,00000000,00000000,00000000,0
18,15000.0,47,43889AE0,3B69E0E8,00000000,00000000,00000000,00000000,00000000,00000000,00000000,0
18,15000.0,48,4388E073,3B6B74D3,00000000,00000000,00000000,00000000,00000000,00000000,00000000,0
18,15000.0,49,4388FA19,00000000,00000000,00000000,00000000,00000000,00000000,00000000,00000000,0
1,27000.0,1,43458000,36D299B5,00000000,00000000,00000000,00000000,00000000,00000000,00000000,0
1,27000.0,2,4351556F,383E86F7,00000000,00000000,00000000,00000000,00000000,00000000,00000000,0
1,27000.0,3,434DC570,37A140AC,00000000,00000000,00000000,00000000,00000000,00000000,00000000,0
1,27000.0,4,4351677C,37CD7805,00000000,00000000,00000000,00000000,00000000,00000000,00000000,0
1,27000.0,5,4357A020,383CCCBE,00000000,00000000,00000000,00000000,00000000,00000000,00000000,0
1,27000.0,6,435D2805,389BF9A4,00000000,00000000,00000000,00000000,00000000,00000000,00000000,0
1,27000.0,7,43622031,38EDC5E4,00000000,00000000,00000000,00000000,00000000,00000000,00000000,0
1,27000.0,8,4366A25C,392A5350,00000000,00000000,00000000,00000000,00000000,00000000,00000000,0
1,27000.0,9,436AC257,39686766,00000000,00000000,00000000,00000000,00000000,00000000,00000000,0
1,27000.0,10,436E8FA8,39987F8A,00000000,00000000,00000000,00000000,00000000,00000000,00000000,0
1,27000.0,11,4372168E,39D2B3F2,00000000,00000000,00000000,00000000,00000000,00000000,00000000,0
1,27000.0,12,437560CC,3A0F8044,00000000,00000000,00000000,00000000,00000000,00000000,00000000,0
1,27000.0,13,43787648,3A3DF624,00000000,00000000,00000000,00000000,00000000,00000000,00000000,0
1,27000.0,14,437B5D0B,3A75904C,00000000,00000000,00000000,00000000,00000000,00000000,00000000,0
1,27000.0,15,437E18BC,3A9BD159,00000000,00000000,00000000,00000000,00000000,00000000,00000000,0
1,27000.0,16,4380586F,3AC1C7FE,00000000,00000000,00000000,00000000,00000000,00000000,00000000,0
1,27000.0,17,438194AA,3AECD722,00000000,00000000,00000000,00000000,00000000,00000000,00000000,0
1,27000.0,18,4382C28B,3B0E94D6,00000000,00000000,00000000,00000000,00000000,00000000,00000000,0
1,27000.0,19,4383E34E,3B2971DE,00000000,00000000,00000000,00000000,00000000,00000000,00000000,0
1,27000.0,20,4384F7F8,3B470FF4,00000000,00000000,00000000,00000000,00000000,00000000,00000000,0
1,27000.0,21,43860164,3B677702,00000000,00000000,00000000,00000000,00000000,00000000,00000000,0
1,27000.0,22,43870053,3B855477,00000000,00000000,00000000,00000000,00000000,00000000,00000000,0
1,27000.0,23,4387F570,3B985105,00000000,00000000,00000000,00000000,00000000,00000000,00000000,0
1,27000.0,24,4388E07C,3BACA22B,00000000,00000000,00000000,00000000,00000000,00000000,00000000,0
1,27000.0,25,4389C065,3BC27CAB,00000000,00000000,00000000,00000000,00000000,00000000,00000000,0
1,27000.0,26,438A97AB,3BD7C3EA,00000000,00000000,00000000,00000000,00000000,00000000,00000000,0
1,27000.0,27,438B66C5,3BECA3BE,00000000,00000000,00000000,00000000,00000000,00000000,00000000,0
1,27000.0,28,438C2E17,3C012B6C,00000000,00000000,00000000,00000000,00000000,00000000,00000000,0
1,27000.0,29,438CEDFC,3C0C67EE,00000000,00000000,00000000,00000000,00000000,00000000,00000000,0
1,27000.0,30,438DA6C1,3C18008F,00000000,00000000,00000000,00000000,00000000,00000000,00000000,0
1,27000.0,31,438E58AB,3C23ED6A,00000000,00000000,00000000,00000000,00000000,00000000,00000000,0
1,27000.0,32,438F03F8,3C30267C,00000000,00000000,00000000,00000000,00000000,00000000,00000000,0
1,27000.0,33,438FA8DD,3C3CA2D9,00000000,00000000,00000000,00000000,00000000,00000000,00000000,0
1,27000.0,34,43904787,3C495930,00000000,00000000,00000000,00000000,00000000,00000000,00000000,0
1,27000.0,35,4390E01B,3C563F5F,00000000,00000000,00000000,00000000,00000000,00000000,00000000,0
1,27000.0,36,439172BC,3C634A93,00000000,00000000,00000000,00000000,00000000,00000000,00000000,0
1,27000.0,37,4391FF7C,3C706F3E,00000000,00000000,00000000,00000000,00000000,00000000,00000000,0
1,27000.0,38,4392866D,3C7DA0AF,00000000,00000000,00000000,00000000,00000000,00000000,00000000,0
1,27000.0,39,43930794,3C8568A8,00000000,00000000,00000000,00000000,00000000,00000000,00000000,0
1,27000.0,40,439382F0,3C8BF911,00000000,00000000,00000000,00000000,00000000,00000000,00000000,0
1,27000.0,41,4393F870,3C91E7A0,00000000,00000000,00000000,00000000,00000000,00000000,00000000,0
1,27000.0,42,439467F8,3C977D49,00000000,00000000,00000000,00000000,00000000,00000000,00000000,0
1,27000.0,43,4394D15B,3C9CEBA9,00000000,00000000,00000000,00000000,00000000,00000000,00000000,0
1,27000.0,44,43953459,3CA2291B,00000000,00000000,00000000,00000000,00000000,00000000,00000000,0
1,27000.0,45,4395908F,3CA72989,00000000,00000000,00000000,00000000,00000000,00000000,00000000,0
1,27000.0,46,4395B61A,3CB44622,00000000,00000000,00000000,00000000,00000000,00000000,00000000,2
1,27000.0,47,43961CDA,3CB6E18D,322BCC77,3C0987C2,451F3C3E,39447F60,2EB8970D,00000000,00000000,2
1,27000.0,48,43967AD7,3CB9DE12,00000000,00000000,00000000,00000000,00000000,00000000,00000000,1
1,27000.0,49,4396DBED,3CBE633B,00000000,00000000,00000000,00000000,00000000,00000000,00000000,1
2,27000.0,1,43468000,36F520CD,00000000,00000000,00000000,00000000,00000000,00000000,00000000,0
2,27000.0,2,432C228A,339C118B,00000000,00000000,00000000,00000000,00000000,00000000,00000000,0
2,27000.0,3,433CD77E,35BC8168,00000000,00000000,00000000,00000000,00000000,00000000,00000000,2
2,27000.0,4,4349F33D,3723773A,00000000,00000000,00000000,00000000,00000000,00000000,00000000,2
2,27000.0,5,4354E13E,3827429F,00000000,00000000,00000000,00000000,00000000,00000000,00000000,2
2,27000.0,6,435E2EA1,38F4C0DF,00000000,00000000,00000000,00000000,00000000,00000000,00000000,2
2,27000.0,7,4366266A,398D6817,00000000,00000000,00000000,00000000,00000000,00000000,00000000,2
2,27000.0,8,436CF6F8,3A08D485,00000000,00000000,00000000,00000000,00000000,00000000,00000000,2
2,27000.0,9,4372C696,3A66ED10,00000000,00000000,00000000,00000000,00000000,00000000,00000000,2
2,27000.0,10,4377BB21,3AAF511D,00000000,00000000,00000000,00000000,00000000,00000000,00000000,2
2,27000.0,11,437BF742,3AF59E9E,00000000,00000000,00000000,00000000,00000000,00000000,00000000,2
2,27000.0,12,437F95C2,3B226F43,00000000,00000000,00000000,00000000,00000000,00000000,00000000,2
2,27000.0,13,43815C1F,3B4CFAB4,00000000,00000000,00000000,00000000,00000000,00000000,00000000,2
2,27000.0,14,4382BDEB,3B791B18,00000000,00000000,00000000,00000000,00000000,00000000,00000000,2
2,27000.0,15,4383FB3D,3B92EF30,00000000,00000000,00000000,00000000,00000000,00000000,00000000,2
2,27000.0,16,43851C46,3BA95083,00000000,00000000,00000000,00000000,00000000,00000000,00000000,2
2,27000.0,17,43862740,3BBF7BDB,00000000,00000000,00000000,00000000,00000000,00000000,00000000,2
2,27000.0,18,438720FC,3BD54D88,00000000,00000000,00000000,00000000,00000000,00000000,00000000,2
2,27000.0,19,43880E23,3BEAC911,00000000,00000000,00000000,00000000,00000000,00000000,00000000,2
2,27000.0,20,4388F1CF,3BFFF863,00000000,00000000,00000000,00000000,00000000,00000000,00000000,2
2,27000.0,21,4389C98C,3C0A8D82,00000000,00000000,00000000,00000000,00000000,00000000,00000000,2
2,27000.0,22,438A956C,3C151742,00000000,00000000,00000000,00000000,00000000,00000000,00000000,2
2,27000.0,23,438B5637,3C1F8CFE,00000000,00000000,00000000,00000000,00000000,00000000,00000000,2
2,27000.0,24,438C0D3E,3C29F1F7,00000000,00000000,00000000,00000000,00000000,00000000,00000000,2
2,27000.0,25,438CBBA5,3C344AAE,00000000,00000000,00000000,00000000,00000000,00000000,00000000,2
2,27000.0,26,438D626D,3C3E9CC8,00000000,00000000,00000000,00000000,00000000,00000000,00000000,2
2,27000.0,27,438E0285,3C48F03C,00000000,00000000,00000000,00000000,00000000,00000000,00000000,2
2,27000.0,28,438E9CB2,3C534C65,00000000,00000000,00000000,00000000,00000000,00000000,00000000,2
2,27000.0,29,438F318D,3C5DB691,00000000,00000000,00000000,00000000,00000000,00000000,00000000,2
2,27000.0,30,438FC18F,3C6832AF,00000000,00000000,00000000,00000000,00000000,00000000,00000000,2
2,27000.0,31,43904D15,3C72C30D,00000000,00000000,00000000,00000000,00000000,00000000,00000000,2
2,27000.0,32,4390D460,3C7D6802,00000000,00000000,00000000,00000000,00000000,00000000,00000000,2
2,27000.0,33,43915799,3C840FE2,00000000,00000000,00000000,00000000,00000000,00000000,00000000,2
2,27000.0,34,4391D6D3,3C8972E4,00000000,00000000,00000000,00000000,00000000,00000000,00000000,2
2,27000.0,35,43925209,3C8ED97B,00000000,00000000,00000000,00000000,00000000,00000000,00000000,2
2,27000.0,36,4392C920,3C943E56,00000000,00000000,00000000,00000000,00000000,00000000,00000000,2
2,27000.0,37,43933BEA,3C999A87,00000000,00000000,00000000,00000000,00000000,00000000,00000000,2
2,27000.0,38,4393AA20,3C9EE507,00000000,00000000,00000000,00000000,00000000,00000000,00000000,2
2,27000.0,39,43941365,3CA412A0,00000000,00000000,00000000,00000000,00000000,00000000,00000000,2
2,27000.0,40,43947745,3CA915B2,00000000,00000000,00000000,00000000,00000000,00000000,00000000,2
2,27000.0,41,4394D588,3CADE50C,00000000,00000000,00000000,00000000,00000000,00000000,00000000,2
2,27000.0,42,43952E23,3CB27B73,00000000,00000000,00000000,00000000,00000000,00000000,00000000,2
2,27000.0,43,439580B9,3CB6CD21,00000000,00000000,00000000,00000000,00000000,00000000,00000000,2
2,27000.0,44,4395CCB4,3CBAC9AE,00000000,00000000,00000000,00000000,00000000,00000000,00000000,2
2,27000.0,45,4396116A,3CBE5F78,00000000,00000000,00000000,00000000,00000000,00000000,00000000,2
2,27000.0,46,43964E28,3CC17CB2,37E1E800,3F158E39,482DEB1B,3C621224,3783F989,00000000,00000000,2
2,27000.0,47,4396B150,3CC2DB43,00000000,00000000,00000000,00000000,00000000,00000000,00000000,1
2,27000.0,48,43971C61,3CC33D97,00000000,00000000,00000000,00000000,00000000,00000000,00000000,1
2,27000.0,49,43972408,3CC7B8C5,00000000,00000000,00000000,00000000,00000000,00000000,00000000,1
3,27000.0,1,43468000,36F520CD,00000000,00000000,00000000,00000000,00000000,00000000,00000000,0
3,27000.0,2,432C3572,339E8FCF,00000000,00000000,00000000,00000000,00000000,00000000,00000000,0
3,27000.0,3,433CEA62,35BEFB4B,00000000,00000000,00000000,00000000,00000000,00000000,00000000,2
3,27000.0,4,434A060E,372552FE,00000000,00000000,00000000,00000000,00000000,00000000,00000000,2
3,27000.0,5,4354F3D4,3828F14C,00000000,00000000,00000000,00000000,00000000,00000000,00000000,2
3,27000.0,6,435E40BE,38F6F2CD,00000000,00000000,00000000,00000000,00000000,00000000,00000000,2
3,27000.0,7,436637B8,398E883F,00000000,00000000,00000000,00000000,00000000,00000000,00000000,2
3,27000.0,8,436D072A,3A09CA2D,00000000,00000000,00000000,00000000,00000000,00000000,00000000,2
3,27000.0,9,4372D583,3A685863,00000000,00000000,00000000,00000000,00000000,00000000,00000000,2
3,27000.0,10,4377C8BE,3AB0426B,00000000,00000000,00000000,00000000,00000000,00000000,00000000,2
3,27000.0,11,437C0391,3AF6CA72,00000000,00000000,00000000,00000000,00000000,00000000,00000000,2
3,27000.0,12,437FA0DF,3B23202C,00000000,00000000,00000000,00000000,00000000,00000000,00000000,2
3,27000.0,13,43816131,3B4DC1CE,00000000,00000000,00000000,00000000,00000000,00000000,00000000,2
3,27000.0,14,4382C29D,3B79F479,00000000,00000000,00000000,00000000,00000000,00000000,00000000,2
3,27000.0,15,4383FFA4,3B936367,00000000,00000000,00000000,00000000,00000000,00000000,00000000,2
3,27000.0,16,43852075,3BA9CAED,00000000,00000000,00000000,00000000,00000000,00000000,00000000,2
3,27000.0,17,43862B44,3BBFFB57,00000000,00000000,00000000,00000000,00000000,00000000,00000000,2
3,27000.0,18,438724E2,3BD5D14F,00000000,00000000,00000000,00000000,00000000,00000000,00000000,2
3,27000.0,19,438811FC,3BEB5155,00000000,00000000,00000000,00000000,00000000,00000000,00000000,2
3,27000.0,20,4388F593,3C004251,00000000,00000000,00000000,00000000,00000000,00000000,00000000,2
3,27000.0,21,4389CD32,3C0AD610,00000000,00000000,00000000,00000000,00000000,00000000,00000000,2
3,27000.0,22,438A98EF,3C156170,00000000,00000000,00000000,00000000,00000000,00000000,00000000,2
3,27000.0,23,438B5998,3C1FD876,00000000,00000000,00000000,00000000,00000000,00000000,00000000,2
3,27000.0,24,438C107B,3C2A3E24,00000000,00000000,00000000,00000000,00000000,00000000,00000000,2
3,27000.0,25,438CBEBB,3C3496CF,00000000,00000000,00000000,00000000,00000000,00000000,00000000,2
3,27000.0,26,438D6558,3C3EE817,00000000,00000000,00000000,00000000,00000000,00000000,00000000,2
3,27000.0,27,438E0540,3C4939E3,00000000,00000000,00000000,00000000,00000000,00000000,00000000,2
3,27000.0,28,438E9F3B,3C53939D,00000000,00000000,00000000,00000000,00000000,00000000,00000000,2
3,27000.0,29,438F33E0,3C5DFA6D,00000000,00000000,00000000,00000000,00000000,00000000,00000000,2
3,27000.0,30,438FC3A9,3C687266,00000000,00000000,00000000,00000000,00000000,00000000,00000000,2
3,27000.0,31,43904EF2,3C72FDBE,00000000,00000000,00000000,00000000,00000000,00000000,00000000,2
3,27000.0,32,4390D5FE,3C7D9CB7,00000000,00000000,00000000,00000000,00000000,00000000,00000000,2
3,27000.0,33,439158F7,3C8426DF,00000000,00000000,00000000,00000000,00000000,00000000,00000000,2
3,27000.0,34,4391D7EF,3C89863A,00000000,00000000,00000000,00000000,00000000,00000000,00000000,2
3,27000.0,35,439252E4,3C8EE8DC,00000000,00000000,00000000,00000000,00000000,00000000,00000000,2
3,27000.0,36,4392C9BE,3C9449C4,00000000,00000000,00000000,00000000,00000000,00000000,00000000,2
3,27000.0,37,43933C50,3C99A220,00000000,00000000,00000000,00000000,00000000,00000000,00000000,2
3,27000.0,38,4393AA57,3C9EE93B,00000000,00000000,00000000,00000000,00000000,00000000,00000000,2
3,27000.0,39,4394137A,3CA4144C,00000000,00000000,00000000,00000000,00000000,00000000,00000000,2
3,27000.0,40,43947749,3CA915FE,00000000,00000000,00000000,00000000,00000000,00000000,00000000,2
3,27000.0,41,4394D588,3CADE50C,00000000,00000000,00000000,00000000,00000000,00000000,00000000,2
3,27000.0,42,43952E23,3CB27B73,00000000,00000000,00000000,00000000,00000000,00000000,00000000,2
3,27000.0,43,439580B9,3CB6CD21,00000000,00000000,00000000,00000000,00000000,00000000,00000000,2
3,27000.0,44,4395CCB4,3CBAC9AE,00000000,00000000,00000000,00000000,00000000,00000000,00000000,2
3,27000.0,45,4396116A,3CBE5F78,00000000,00000000,00000000,00000000,00000000,00000000,00000000,2
3,27000.0,46,43964E28,3CC17CB2,37E1E800,3F158E39,482DEB1B,3C621224,3783F989,00000000,00000000,2
3,27000.0,47,4396B150,3CC2DB43,00000000,00000000,00000000,00000000,00000000,00000000,00000000,1
3,27000.0,48,43971C61,3CC33D97,00000000,00000000,00000000,00000000,00000000,00000000,00000000,1
3,27000.0,49,43972408,3CC7B8C5,00000000,00000000,00000000,00000000,00000000,00000000,00000000,1
4,27000.0,1,4346CCCC,37003AF3,00000000,00000000,00000000,00000000,00000000,00000000,00000000,0
4,27000.0,2,432D78B2,33CF7524,00000000,00000000,00000000,00000000,00000000,00000000,00000000,0
4,27000.0,3,433E33DC,35EF63AD,00000000,00000000,00000000,00000000,00000000,00000000,00000000,2
4,27000.0,4,434B5176,3749770B,00000000,00000000,00000000,00000000,00000000,00000000,00000000,2
4,27000.0,5,43563DDE,384990E1,00000000,00000000,00000000,00000000,00000000,00000000,00000000,2
4,27000.0,6,435F841A,3910AA0E,00000000,00000000,00000000,00000000,00000000,00000000,00000000,2
4,27000.0,7,43676DDD,39A42A77,00000000,00000000,00000000,00000000,00000000,00000000,00000000,2
4,27000.0,8,436E2A51,3A1C21EF,00000000,00000000,00000000,00000000,00000000,00000000,00000000,2
4,27000.0,9,4373E269,3A81AA1F,00000000,00000000,00000000,00000000,00000000,00000000,00000000,2
4,27000.0,10,4378BEA7,3AC21B51,00000000,00000000,00000000,00000000,00000000,00000000,00000000,2
4,27000.0,11,437CE244,3B067AE5,00000000,00000000,00000000,00000000,00000000,00000000,00000000,2
4,27000.0,12,43803554,3B302B33,00000000,00000000,00000000,00000000,00000000,00000000,00000000,2
4,27000.0,13,4381BDC2,3B5C6E6C,00000000,00000000,00000000,00000000,00000000,00000000,00000000,2
4,27000.0,14,438318B4,3B84FD00,00000000,00000000,00000000,00000000,00000000,00000000,00000000,2
4,27000.0,15,438450C5,3B9BF540,00000000,00000000,00000000,00000000,00000000,00000000,00000000,2
4,27000.0,16,43856DD8,3BB2D480,00000000,00000000,00000000,00000000,00000000,00000000,00000000,2
4,27000.0,17,438675EA,3BC96A0C,00000000,00000000,00000000,00000000,00000000,00000000,00000000,2
4,27000.0,18,43876DA2,3BDF952F,00000000,00000000,00000000,00000000,00000000,00000000,00000000,2
4,27000.0,19,43885A36,3BF57389,00000000,00000000,00000000,00000000,00000000,00000000,00000000,2
4,27000.0,20,43893C58,3C058105,00000000,00000000,00000000,00000000,00000000,00000000,00000000,2
4,27000.0,21,438A122D,3C104A95,00000000,00000000,00000000,00000000,00000000,00000000,00000000,2
4,27000.0,22,438ADBE2,3C1B0011,00000000,00000000,00000000,00000000,00000000,00000000,00000000,2
4,27000.0,23,438B9AC3,3C25A009,00000000,00000000,00000000,00000000,00000000,00000000,00000000,2
4,27000.0,24,438C5016,3C302DF7,00000000,00000000,00000000,00000000,00000000,00000000,00000000,2
4,27000.0,25,438CFCFA,3C3AAEE3,00000000,00000000,00000000,00000000,00000000,00000000,00000000,2
4,27000.0,26,438DA268,3C4528EA,00000000,00000000,00000000,00000000,00000000,00000000,00000000,2
4,27000.0,27,438E414A,3C4FA43E,00000000,00000000,00000000,00000000,00000000,00000000,00000000,2
4,27000.0,28,438EDA64,3C5A28EB,00000000,00000000,00000000,00000000,00000000,00000000,00000000,2
4,27000.0,29,438F6E4A,3C64BC60,00000000,00000000,00000000,00000000,00000000,00000000,00000000,2
4,27000.0,30,438FFD73,3C6F62C6,00000000,00000000,00000000,00000000,00000000,00000000,00000000,2
4,27000.0,31,43908837,3C7A1E70,00000000,00000000,00000000,00000000,00000000,00000000,00000000,2
4,27000.0,32,43910ED6,3C8277E1,00000000,00000000,00000000,00000000,00000000,00000000,00000000,2
4,27000.0,33,43919178,3C87EA7A,00000000,00000000,00000000,00000000,00000000,00000000,00000000,2
4,27000.0,34,4392102B,3C8D64C2,00000000,00000000,00000000,00000000,00000000,00000000,00000000,2
4,27000.0,35,43928AED,3C92E317,00000000,00000000,00000000,00000000,00000000,00000000,00000000,2
4,27000.0,36,439301A0,3C986028,00000000,00000000,00000000,00000000,00000000,00000000,00000000,2
4,27000.0,37,43937416,3C9DD505,00000000,00000000,00000000,00000000,00000000,00000000,00000000,2
4,27000.0,38,4393E20B,3CA338A6,00000000,00000000,00000000,00000000,00000000,00000000,00000000,2
4,27000.0,39,43944B22,3CA87FC6,00000000,00000000,00000000,00000000,00000000,00000000,00000000,2
4,27000.0,40,4394AEE9,3CAD9CB9,00000000,00000000,00000000,00000000,00000000,00000000,00000000,2
4,27000.0,41,43950D21,3CB285C6,00000000,00000000,00000000,00000000,00000000,00000000,00000000,2
4,27000.0,42,439565B3,3CB7349F,00000000,00000000,00000000,00000000,00000000,00000000,00000000,2
4,27000.0,43,4395B83E,3CBB9CC8,00000000,00000000,00000000,00000000,00000000,00000000,00000000,2
4,27000.0,44,43960426,3CBFAD42,00000000,00000000,00000000,00000000,00000000,00000000,00000000,2
4,27000.0,45,439648C3,3CC353D9,00000000,00000000,00000000,00000000,00000000,00000000,00000000,2
4,27000.0,46,4396855D,3CC67E26,00000000,00000000,00000000,00000000,00000000,00000000,00000000,2
4,27000.0,47,4396D76A,3CC854ED,322BCC77,3F08EBA5,481F4CCA,3C564B0A,31B7C585,00000000,00000000,2
4,27000.0,48,439742A5,3CC8B95D,00000000,00000000,00000000,00000000,00000000,00000000,00000000,1
4,27000.0,49,43974A64,3CCD5B59,00000000,00000000,00000000,00000000,00000000,00000000,00000000,1
5,27000.0,1,43470000,3704242C,00000000,00000000,00000000,00000000,00000000,00000000,00000000,0
5,27000.0,2,432D2964,33C24AE0,00000000,00000000,00000000,00000000,00000000,00000000,00000000,0
5,27000.0,3,433DE8EB,35E3766D,00000000,00000000,00000000,00000000,00000000,00000000,00000000,2
5,27000.0,4,434B0913,3740FE45,00000000,00000000,00000000,00000000,00000000,00000000,00000000,2
5,27000.0,5,4355F845,38423C14,00000000,00000000,00000000,00000000,00000000,00000000,00000000,2
5,27000.0,6,435F420A,390C1448,00000000,00000000,00000000,00000000,00000000,00000000,00000000,2
5,27000.0,7,43673053,399FA57A,00000000,00000000,00000000,00000000,00000000,00000000,00000000,2
5,27000.0,8,436DF217,3A186C8D,00000000,00000000,00000000,00000000,00000000,00000000,00000000,2
5,27000.0,9,4373AFBF,3A7E08D9,00000000,00000000,00000000,00000000,00000000,00000000,00000000,2
5,27000.0,10,4378915C,3ABEB325,00000000,00000000,00000000,00000000,00000000,00000000,00000000,2
5,27000.0,11,437CBA1C,3B04694B,00000000,00000000,00000000,00000000,00000000,00000000,00000000,2
5,27000.0,12,43802377,3B2DCA55,00000000,00000000,00000000,00000000,00000000,00000000,00000000,2
5,27000.0,13,4381ADA4,3B59CFA8,00000000,00000000,00000000,00000000,00000000,00000000,00000000,2
5,27000.0,14,438309F2,3B8395B2,00000000,00000000,00000000,00000000,00000000,00000000,00000000,2
5,27000.0,15,43844311,3B9A7B94,00000000,00000000,00000000,00000000,00000000,00000000,00000000,2
5,27000.0,16,438560F4,3BB14CB6,00000000,00000000,00000000,00000000,00000000,00000000,00000000,2
5,27000.0,17,438669A6,3BC7D778,00000000,00000000,00000000,00000000,00000000,00000000,00000000,2
5,27000.0,18,438761D6,3BDDFAA2,00000000,00000000,00000000,00000000,00000000,00000000,00000000,2
5,27000.0,19,43884EA5,3BF3CFA2,00000000,00000000,00000000,00000000,00000000,00000000,00000000,2
5,27000.0,20,43893131,3C04AA38,00000000,00000000,00000000,00000000,00000000,00000000,00000000,2
5,27000.0,21,438A0771,3C0F6E10,00000000,00000000,00000000,00000000,00000000,00000000,00000000,2
5,27000.0,22,438AD195,3C1A1FA6,00000000,00000000,00000000,00000000,00000000,00000000,00000000,2
5,27000.0,23,438B90D5,3C24BB88,00000000,00000000,00000000,00000000,00000000,00000000,00000000,2
5,27000.0,24,438C4679,3C2F453F,00000000,00000000,00000000,00000000,00000000,00000000,00000000,2
5,27000.0,25,438CF3A2,3C39C1CE,00000000,00000000,00000000,00000000,00000000,00000000,00000000,2
5,27000.0,26,438D994C,3C44372F,00000000,00000000,00000000,00000000,00000000,00000000,00000000,2
5,27000.0,27,438E3860,3C4EAD87,00000000,00000000,00000000,00000000,00000000,00000000,00000000,2
5,27000.0,28,438ED1A3,3C592CB9,00000000,00000000,00000000,00000000,00000000,00000000,00000000,2
5,27000.0,29,438F65AA,3C63BA14,00000000,00000000,00000000,00000000,00000000,00000000,00000000,2
5,27000.0,30,438FF4EC,3C6E59AD,00000000,00000000,00000000,00000000,00000000,00000000,00000000,2
5,27000.0,31,43907FC1,3C790DCF,00000000,00000000,00000000,00000000,00000000,00000000,00000000,2
5,27000.0,32,4391066A,3C81EB71,00000000,00000000,00000000,00000000,00000000,00000000,00000000,2
5,27000.0,33,4391890F,3C87598D,00000000,00000000,00000000,00000000,00000000,00000000,00000000,2
5,27000.0,34,439207C2,3C8CCEFF,00000000,00000000,00000000,00000000,00000000,00000000,00000000,2
5,27000.0,35,4392827C,3C92481B,00000000,00000000,00000000,00000000,00000000,00000000,00000000,2
5,27000.0,36,4392F924,3C97BFAB,00000000,00000000,00000000,00000000,00000000,00000000,00000000,2
5,27000.0,37,43936B8B,3C9D2EB2,00000000,00000000,00000000,00000000,00000000,00000000,00000000,2
5,27000.0,38,4393D96D,3CA28C30,00000000,00000000,00000000,00000000,00000000,00000000,00000000,2
5,27000.0,39,4394426E,3CA7CD05,00000000,00000000,00000000,00000000,00000000,00000000,00000000,2
5,27000.0,40,4394A61C,3CACE398,00000000,00000000,00000000,00000000,00000000,00000000,00000000,2
5,27000.0,41,4395043A,3CB1C641,00000000,00000000,00000000,00000000,00000000,00000000,00000000,2
5,27000.0,42,43955CB4,3CB66EE3,00000000,00000000,00000000,00000000,00000000,00000000,00000000,2
5,27000.0,43,4395AF28,3CBAD159,00000000,00000000,00000000,00000000,00000000,00000000,00000000,2
5,27000.0,44,4395FB01,3CBEDCD6,00000000,00000000,00000000,00000000,00000000,00000000,00000000,2
5,27000.0,45,43963F93,3CC27F4B,00000000,00000000,00000000,00000000,00000000,00000000,00000000,2
5,27000.0,46,43967C5C,3CC5A52C,322BCC77,3F158E39,482E20E1,3C66EDE0,31C8BAE6,00000000,00000000,2
5,27000.0,47,4396F0E7,3CC69726,00000000,00000000,00000000,00000000,00000000,00000000,00000000,1
5,27000.0,48,43975C2F,3CC6FAE8,00000000,00000000,00000000,00000000,00000000,00000000,00000000,1
5,27000.0,49,439763FA,3CCB8E9B,00000000,00000000,00000000,00000000,00000000,00000000,00000000,1
6,27000.0,1,435D4000,391DF558,00000000,00000000,00000000,00000000,00000000,00000000,00000000,0
6,27000.0,2,4368B412,3A59B75E,00000000,00000000,00000000,00000000,00000000,00000000,00000000,0
6,27000.0,3,433B0EB3,35890B11,00000000,00000000,00000000,00000000,00000000,00000000,00000000,0
6,27000.0,4,43494F19,37140FD1,00000000,00000000,00000000,00000000,00000000,00000000,00000000,2
6,27000.0,5,4354C762,3824F1FB,00000000,00000000,00000000,00000000,00000000,00000000,00000000,2
6,27000.0,6,435E40BE,38F6F2CD,00000000,00000000,00000000,00000000,00000000,00000000,00000000,2
6,27000.0,7,436637B8,398E883F,00000000,00000000,00000000,00000000,00000000,00000000,00000000,2
6,27000.0,8,436D072A,3A09CA2D,00000000,00000000,00000000,00000000,00000000,00000000,00000000,2
6,27000.0,9,4372D583,3A685863,00000000,00000000,00000000,00000000,00000000,00000000,00000000,2
6,27000.0,10,4377C8BE,3AB0426B,00000000,00000000,00000000,00000000,00000000,00000000,00000000,2
6,27000.0,11,437C0391,3AF6CA72,00000000,00000000,00000000,00000000,00000000,00000000,00000000,2
6,27000.0,12,437FA0DF,3B23202C,00000000,00000000,00000000,00000000,00000000,00000000,00000000,2
6,27000.0,13,43816131,3B4DC1CE,00000000,00000000,00000000,00000000,00000000,00000000,00000000,2
6,27000.0,14,4382C29D,3B79F479,00000000,00000000,00000000,00000000,00000000,00000000,00000000,2
6,27000.0,15,4383FFA4,3B936367,00000000,00000000,00000000,00000000,00000000,00000000,00000000,2
6,27000.0,16,43852075,3BA9CAED,00000000,00000000,00000000,00000000,00000000,00000000,00000000,2
6,27000.0,17,43862B44,3BBFFB57,00000000,00000000,00000000,00000000,00000000,00000000,00000000,2
6,27000.0,18,438724E2,3BD5D14F,00000000,00000000,00000000,00000000,00000000,00000000,00000000,2
6,27000.0,19,438811FC,3BEB5155,00000000,00000000,00000000,00000000,00000000,00000000,00000000,2
6,27000.0,20,4388F593,3C004251,00000000,00000000,00000000,00000000,00000000,00000000,00000000,2
6,27000.0,21,4389CD32,3C0AD610,00000000,00000000,00000000,00000000,00000000,00000000,00000000,2
6,27000.0,22,438A98EF,3C156170,00000000,00000000,00000000,00000000,00000000,00000000,00000000,2
6,27000.0,23,438B5998,3C1FD876,00000000,00000000,00000000,00000000,00000000,00000000,00000000,2
6,27000.0,24,438C107B,3C2A3E24,00000000,00000000,00000000,00000000,00000000,00000000,00000000,2
6,27000.0,25,438CBEBB,3C3496CF,00000000,00000000,00000000,00000000,00000000,00000000,00000000,2
6,27000.0,26,438D6558,3C3EE817,00000000,00000000,00000000,00000000,00000000,00000000,00000000,2
6,27000.0,27,438E0540,3C4939E3,00000000,00000000,00000000,00000000,00000000,00000000,00000000,2
6,27000.0,28,438E9F3B,3C53939D,00000000,00000000,00000000,00000000,00000000,00000000,00000000,2
6,27000.0,29,438F33E0,3C5DFA6D,00000000,00000000,00000000,00000000,00000000,00000000,00000000,2
6,27000.0,30,438FC3A9,3C687266,00000000,00000000,00000000,00000000,00000000,00000000,00000000,2
6,27000.0,31,43904EF2,3C72FDBE,00000000,00000000,00000000,00000000,00000000,00000000,00000000,2
6,27000.0,32,4390D5FE,3C7D9CB7,00000000,00000000,00000000,00000000,00000000,00000000,00000000,2
6,27000.0,33,439158F7,3C8426DF,00000000,00000000,00000000,00000000,00000000,00000000,00000000,2
6,27000.0,34,4391D7EF,3C89863A,00000000,00000000,00000000,00000000,00000000,00000000,00000000,2
6,27000.0,35,439252E4,3C8EE8DC,00000000,00000000,00000000,00000000,00000000,00000000,00000000,2
6,27000.0,36,4392C9BE,3C9449C4,00000000,00000000,00000000,00000000,00000000,00000000,00000000,2
6,27000.0,37,43933C50,3C99A220,00000000,00000000,00000000,00000000,00000000,00000000,00000000,2
6,27000.0,38,4393AA57,3C9EE93B,00000000,00000000,00000000,00000000,00000000,00000000,00000000,2
6,27000.0,39,4394137A,3CA4144C,00000000,00000000,00000000,00000000,00000000,00000000,00000000,2
6,27000.0,40,43947749,3CA915FE,00000000,00000000,00000000,00000000,00000000,00000000,00000000,2
6,27000.0,41,4394D588,3CADE50C,00000000,00000000,00000000,00000000,00000000,00000000,00000000,2
6,27000.0,42,43952E23,3CB27B73,00000000,00000000,00000000,00000000,00000000,00000000,00000000,2
6,27000.0,43,439580B9,3CB6CD21,00000000,00000000,00000000,00000000,00000000,00000000,00000000,2
6,27000.0,44,4395CCB4,3CBAC9AE,00000000,00000000,00000000,00000000,00000000,00000000,00000000,2
6,27000.0,45,4396116A,3CBE5F78,00000000,00000000,00000000,00000000,00000000,00000000,00000000,2
6,27000.0,46,43964E28,3CC17CB2,37E1E800,3F158E39,482DEB1B,3C621224,3783F989,00000000,00000000,2
6,27000.0,47,4396B150,3CC2DB43,00000000,00000000,00000000,00000000,00000000,00000000,00000000,1
6,27000.0,48,43971C61,3CC33D97,00000000,00000000,00000000,00000000,00000000,00000000,00000000,1
6,27000.0,49,43972408,3CC7B8C5,00000000,00000000,00000000,00000000,00000000,00000000,00000000,1
7,27000.0,1,4346999A,36F8DA87,00000000,00000000,00000000,00000000,00000000,00000000,00000000,0
7,27000.0,2,432C8F3D,33AAEC90,00000000,00000000,00000000,00000000,00000000,00000000,00000000,0
7,27000.0,3,433D4645,35CB7790,00000000,00000000,00000000,00000000,00000000,00000000,00000000,2
7,27000.0,4,434A62AC,372EC31C,00000000,00000000,00000000,00000000,00000000,00000000,00000000,2
7,27000.0,5,43555044,38318BD9,00000000,00000000,00000000,00000000,00000000,00000000,00000000,2
7,27000.0,6,435E9B8B,39011D24,00000000,00000000,00000000,00000000,00000000,00000000,00000000,2
7,27000.0,7,43668F11,39945793,00000000,00000000,00000000,00000000,00000000,00000000,00000000,2
7,27000.0,8,436D596A,3A0EC25A,00000000,00000000,00000000,00000000,00000000,00000000,00000000,2
7,27000.0,9,437321AB,3A6FB678,00000000,00000000,00000000,00000000,00000000,00000000,00000000,2
7,27000.0,10,43780E8B,3AB52A6F,00000000,00000000,00000000,00000000,00000000,00000000,00000000,2
7,27000.0,11,437C42EC,3AFCE84F,00000000,00000000,00000000,00000000,00000000,00000000,00000000,2
7,27000.0,12,437FDA4D,3B26BE09,00000000,00000000,00000000,00000000,00000000,00000000,00000000,2
7,27000.0,13,43817B8A,3B51D77D,00000000,00000000,00000000,00000000,00000000,00000000,00000000,2
7,27000.0,14,4382DB1C,3B7E6D43,00000000,00000000,00000000,00000000,00000000,00000000,00000000,2
7,27000.0,15,438416B8,3B95C90C,00000000,00000000,00000000,00000000,00000000,00000000,00000000,2
7,27000.0,16,43853677,3BAC534C,00000000,00000000,00000000,00000000,00000000,00000000,00000000,2
7,27000.0,17,4386407D,3BC2A11C,00000000,00000000,00000000,00000000,00000000,00000000,00000000,2
7,27000.0,18,4387398E,3BD88FED,00000000,00000000,00000000,00000000,00000000,00000000,00000000,2
7,27000.0,19,4388267E,3BEE2B1B,00000000,00000000,00000000,00000000,00000000,00000000,00000000,2
7,27000.0,20,438909B6,3C01BB84,00000000,00000000,00000000,00000000,00000000,00000000,00000000,2
7,27000.0,21,4389E0D0,3C0C5E55,00000000,00000000,00000000,00000000,00000000,00000000,00000000,2
7,27000.0,22,438AABF4,3C16F55E,00000000,00000000,00000000,00000000,00000000,00000000,00000000,2
7,27000.0,23,438B6C14,3C21775B,00000000,00000000,00000000,00000000,00000000,00000000,00000000,2
7,27000.0,24,438C2279,3C2BE750,00000000,00000000,00000000,00000000,00000000,00000000,00000000,2
7,27000.0,25,438CD042,3C364979,00000000,00000000,00000000,00000000,00000000,00000000,00000000,2
7,27000.0,26,438D766E,3C40A36F,00000000,00000000,00000000,00000000,00000000,00000000,00000000,2
7,27000.0,27,438E15EB,3C4AFD46,00000000,00000000,00000000,00000000,00000000,00000000,00000000,2
7,27000.0,28,438EAF80,3C555E85,00000000,00000000,00000000,00000000,00000000,00000000,00000000,2
7,27000.0,29,438F43C3,3C5FCC5E,00000000,00000000,00000000,00000000,00000000,00000000,00000000,2
7,27000.0,30,438FD32C,3C6A4AAE,00000000,00000000,00000000,00000000,00000000,00000000,00000000,2
7,27000.0,31,43905E19,3C74DBDA,00000000,00000000,00000000,00000000,00000000,00000000,00000000,2
7,27000.0,32,4390E4CB,3C7F806E,00000000,00000000,00000000,00000000,00000000,00000000,00000000,2
7,27000.0,33,4391676D,3C851B40,00000000,00000000,00000000,00000000,00000000,00000000,00000000,2
7,27000.0,34,4391E613,3C8A7CFF,00000000,00000000,00000000,00000000,00000000,00000000,00000000,2
7,27000.0,35,439260BA,3C8FE1F2,00000000,00000000,00000000,00000000,00000000,00000000,00000000,2
7,27000.0,36,4392D74B,3C954527,00000000,00000000,00000000,00000000,00000000,00000000,00000000,2
7,27000.0,37,4393499C,3C9AA00F,00000000,00000000,00000000,00000000,00000000,00000000,00000000,2
7,27000.0,38,4393B76D,3C9FEA1B,00000000,00000000,00000000,00000000,00000000,00000000,00000000,2
7,27000.0,39,43942068,3CA518C2,00000000,00000000,00000000,00000000,00000000,00000000,00000000,2
7,27000.0,40,43948420,3CAA1F18,00000000,00000000,00000000,00000000,00000000,00000000,00000000,2
7,27000.0,41,4394E257,3CAEF384,00000000,00000000,00000000,00000000,00000000,00000000,00000000,2
7,27000.0,42,43953AED,3CB38F3A,00000000,00000000,00000000,00000000,00000000,00000000,00000000,2
7,27000.0,43,43958D7D,3CB7E5CB,00000000,00000000,00000000,00000000,00000000,00000000,00000000,2
7,27000.0,44,4395D970,3CBBE6B1,00000000,00000000,00000000,00000000,00000000,00000000,00000000,2
7,27000.0,45,43961E1F,3CBF802C,00000000,00000000,00000000,00000000,00000000,00000000,00000000,2
7,27000.0,46,43965AD4,3CC2A045,37E21200,3F158E39,482DF9CF,3C6366D1,37841212,00000000,00000000,2
7,27000.0,47,4396BE05,3CC40048,00000000,00000000,00000000,00000000,00000000,00000000,00000000,1
7,27000.0,48,43972923,3CC4630E,00000000,00000000,00000000,00000000,00000000,00000000,00000000,1
7,27000.0,49,439730D2,3CC8E610,00000000,00000000,00000000,00000000,00000000,00000000,00000000,1
8,27000.0,1,434B8000,377F123A,00000000,00000000,00000000,00000000,00000000,00000000,00000000,0
8,27000.0,2,43578CD5,38DE453B,00000000,00000000,00000000,00000000,00000000,00000000,00000000,0
8,27000.0,3,4353F754,38406C2D,00000000,00000000,00000000,00000000,00000000,00000000,00000000,0
8,27000.0,4,4355B454,383816D2,00000000,00000000,00000000,00000000,00000000,00000000,00000000,0
8,27000.0,5,435C08C3,38A4B3A0,00000000,00000000,00000000,00000000,00000000,00000000,00000000,0
8,27000.0,6,4361A805,3904E334,00000000,00000000,00000000,00000000,00000000,00000000,00000000,0
8,27000.0,7,4366B43B,394650F8,00000000,00000000,00000000,00000000,00000000,00000000,00000000,0
8,27000.0,8,436B482A,398B5C64,00000000,00000000,00000000,00000000,00000000,00000000,00000000,0
8,27000.0,9,436F7885,39BAE65F,00000000,00000000,00000000,00000000,00000000,00000000,00000000,0
8,27000.0,10,4373556C,39F1874A,00000000,00000000,00000000,00000000,00000000,00000000,00000000,0
8,27000.0,11,4376EB97,3A1E6722,00000000,00000000,00000000,00000000,00000000,00000000,00000000,0
8,27000.0,12,437A4519,3A51FF84,00000000,00000000,00000000,00000000,00000000,00000000,00000000,0
8,27000.0,13,437D6750,3A88724B,00000000,00000000,00000000,00000000,00000000,00000000,00000000,0
8,27000.0,14,43802DEB,3AAD6631,00000000,00000000,00000000,00000000,00000000,00000000,00000000,0
8,27000.0,15,438194B1,3AD7E5C2,00000000,00000000,00000000,00000000,00000000,00000000,00000000,0
8,27000.0,16,4382EA17,3B041B92,00000000,00000000,00000000,00000000,00000000,00000000,00000000,0
8,27000.0,17,43842FC3,3B1F4C80,00000000,00000000,00000000,00000000,00000000,00000000,00000000,0
8,27000.0,18,43856705,3B3D9E8B,00000000,00000000,00000000,00000000,00000000,00000000,00000000,0
8,27000.0,19,43869106,3B5F23F3,00000000,00000000,00000000,00000000,00000000,00000000,00000000,0
8,27000.0,20,4387AEBE,3B81F2CD,00000000,00000000,00000000,00000000,00000000,00000000,00000000,0
8,27000.0,21,4388C066,3B95E07A,00000000,00000000,00000000,00000000,00000000,00000000,00000000,0
8,27000.0,22,4389C3F1,3BABA70F,00000000,00000000,00000000,00000000,00000000,00000000,00000000,0
8,27000.0,23,438ABCBC,3BC31C86,00000000,00000000,00000000,00000000,00000000,00000000,00000000,0
8,27000.0,24,438BABA2,3BDC341F,00000000,00000000,00000000,00000000,00000000,00000000,00000000,0
8,27000.0,25,438C9139,3BF6E4A7,00000000,00000000,00000000,00000000,00000000,00000000,00000000,0
8,27000.0,26,438D6DFB,3C082234,00000000,00000000,00000000,00000000,00000000,00000000,00000000,0
8,27000.0,27,438E4259,3C135B9E,00000000,00000000,00000000,00000000,00000000,00000000,00000000,0
8,27000.0,28,438F0EBB,3C1EDFEE,00000000,00000000,00000000,00000000,00000000,00000000,00000000,0
8,27000.0,29,438FD378,3C2AA7EC,00000000,00000000,00000000,00000000,00000000,00000000,00000000,0
8,27000.0,30,439090E6,3C36AC5C,00000000,00000000,00000000,00000000,00000000,00000000,00000000,0
8,27000.0,31,43914748,3C42E53D,00000000,00000000,00000000,00000000,00000000,00000000,00000000,0
8,27000.0,32,4391F6DF,3C4F4ABA,00000000,00000000,00000000,00000000,00000000,00000000,00000000,0
8,27000.0,33,43929FE1,3C5BD465,00000000,00000000,00000000,00000000,00000000,00000000,00000000,0
8,27000.0,34,4393427C,3C68796D,00000000,00000000,00000000,00000000,00000000,00000000,00000000,0
8,27000.0,35,43912260,3C4ACD31,00000000,3BB211F3,44D28309,388D10E4,00000000,00000000,00000000,1
8,27000.0,36,4391B31F,3C594238,00000000,3BA4EB32,44C29240,388BF606,00000000,00000000,00000000,1
8,27000.0,37,43923DF1,3C67EC7A,00000000,3B9799FB,44B28321,388957FC,00000000,00000000,00000000,1
8,27000.0,38,4392C2E3,3C76BD05,00000000,3B8A31EB,44A26BFF,38853201,00000000,00000000,00000000,1
8,27000.0,39,439341FD,3C82D1D4,00000000,3B798CAE,449262B6,387F0BF6,00000000,00000000,00000000,1
8,27000.0,40,4393BB35,3C8A4725,00000000,3B5ED50C,44827CE9,3870B98C,00000000,00000000,00000000,1
8,27000.0,41,43942E7A,3C9083DF,00000000,3B4468B2,4465A655,385DC022,00000000,00000000,00000000,1
8,27000.0,42,43949BAA,3C9628FD,00000000,3B2A6BDC,4446F30A,3847ECF8,00000000,00000000,00000000,1
8,27000.0,43,43950290,3C9BA7BE,00000000,3B110647,44290BE6,38305BA7,00000000,00000000,00000000,1
8,27000.0,44,439562E7,3CA0F6A3,00000000,3AF0C9A2,440C22AD,38176600,00000000,00000000,00000000,1
8,27000.0,45,4395908F,3CA72989,00000000,00000000,00000000,00000000,00000000,00000000,00000000,0
8,27000.0,46,4395E569,3CABDDD9,00000000,00000000,00000000,00000000,00000000,00000000,00000000,0
8,27000.0,47,43963206,3CB031B6,00000000,00000000,00000000,00000000,00000000,00000000,00000000,0
8,27000.0,48,43969592,3CB32FE1,00000000,00000000,00000000,00000000,00000000,00000000,00000000,0
8,27000.0,49,4396D247,00000000,00000000,00000000,00000000,00000000,00000000,00000000,00000000,0
9,27000.0,1,434D8000,3792778A,00000000,00000000,00000000,00000000,00000000,00000000,00000000,0
9,27000.0,2,435997E2,390E4536,00000000,00000000,00000000,00000000,00000000,00000000,00000000,0
9,27000.0,3,435604D3,387594EC,00000000,00000000,00000000,00000000,00000000,00000000,00000000,0
9,27000.0,4,4357099E,38523586,00000000,00000000,00000000,00000000,00000000,00000000,00000000,0
9,27000.0,5,435D662C,38B8BD6E,00000000,00000000,00000000,00000000,00000000,00000000,00000000,0
9,27000.0,6,43630C2F,3912BF0B,00000000,00000000,00000000,00000000,00000000,00000000,00000000,0
9,27000.0,7,43681E37,3957F750,00000000,00000000,00000000,00000000,00000000,00000000,00000000,0
9,27000.0,8,436CB767,3995DCDC,00000000,00000000,00000000,00000000,00000000,00000000,00000000,0
9,27000.0,9,4370ECC0,39C6B281,00000000,00000000,00000000,00000000,00000000,00000000,00000000,0
9,27000.0,10,4374CE95,39FE20E0,00000000,00000000,00000000,00000000,00000000,00000000,00000000,0
9,27000.0,11,437869BC,3A24215F,00000000,00000000,00000000,00000000,00000000,00000000,00000000,0
9,27000.0,12,437BC783,3A5A2CB4,00000000,00000000,00000000,00000000,00000000,00000000,00000000,0
9,27000.0,13,437EEE37,3A8E1F4E,00000000,00000000,00000000,00000000,00000000,00000000,00000000,0
9,27000.0,14,4380F476,3AB4C1A1,00000000,00000000,00000000,00000000,00000000,00000000,00000000,0
9,27000.0,15,43825E73,3AE15222,00000000,00000000,00000000,00000000,00000000,00000000,00000000,0
9,27000.0,16,4383B719,3B0A12A4,00000000,00000000,00000000,00000000,00000000,00000000,00000000,0
9,27000.0,17,4384FFF8,3B26C207,00000000,00000000,00000000,00000000,00000000,00000000,00000000,0
9,27000.0,18,43863A60,3B46D389,00000000,00000000,00000000,00000000,00000000,00000000,00000000,0
9,27000.0,19,43876773,3B6A59A8,00000000,00000000,00000000,00000000,00000000,00000000,00000000,0
9,27000.0,20,438887D2,3B88A04A,00000000,00000000,00000000,00000000,00000000,00000000,00000000,0
9,27000.0,21,43899949,3B9DFC56,00000000,00000000,00000000,00000000,00000000,00000000,00000000,0
9,27000.0,22,438A9E9B,3BB53E02,00000000,00000000,00000000,00000000,00000000,00000000,00000000,0
9,27000.0,23,438B9955,3BCE4C52,00000000,00000000,00000000,00000000,00000000,00000000,00000000,0
9,27000.0,24,438C8A17,3BE91FD6,00000000,00000000,00000000,00000000,00000000,00000000,00000000,0
9,27000.0,25,438D7175,3C02D75A,00000000,00000000,00000000,00000000,00000000,00000000,00000000,0
9,27000.0,26,438E4FF0,3C10CEA5,00000000,00000000,00000000,00000000,00000000,00000000,00000000,0
9,27000.0,27,438F25F3,3C1CA4F5,00000000,00000000,00000000,00000000,00000000,00000000,00000000,0
9,27000.0,28,438FF3E9,3C28C8E4,00000000,00000000,00000000,00000000,00000000,00000000,00000000,0
9,27000.0,29,4390BA2C,3C35332C,00000000,00000000,00000000,00000000,00000000,00000000,00000000,0
9,27000.0,30,4391790E,3C41DC02,00000000,00000000,00000000,00000000,00000000,00000000,00000000,0
9,27000.0,31,439230D6,3C4EBB19,00000000,00000000,00000000,00000000,00000000,00000000,00000000,0
9,27000.0,32,4392E1C6,3C5BC850,00000000,00000000,00000000,00000000,00000000,00000000,00000000,0
9,27000.0,33,43938C14,3C68FADB,00000000,00000000,00000000,00000000,00000000,00000000,00000000,0
9,27000.0,34,43942FEF,3C76499B,00000000,00000000,00000000,00000000,00000000,00000000,00000000,0
9,27000.0,35,4394CD80,3C81D587,00000000,00000000,00000000,00000000,00000000,00000000,00000000,0
9,27000.0,36,439564E5,3C888A76,00000000,00000000,00000000,00000000,00000000,00000000,00000000,0
9,27000.0,37,4395F638,3C8F3E70,00000000,00000000,00000000,00000000,00000000,00000000,00000000,0
9,27000.0,38,43968188,3C95EB85,00000000,00000000,00000000,00000000,00000000,00000000,00000000,0
9,27000.0,39,439341FC,3C827507,00000000,3B798E49,449263A6,387E58AC,00000000,00000000,00000000,1
9,27000.0,40,4393BB35,3C8A31FA,00000000,3B5ED563,44827D1C,38709510,00000000,00000000,00000000,1
9,27000.0,41,43942E7A,3C9083DF,00000000,3B4468B2,4465A655,385DC022,00000000,00000000,00000000,1
9,27000.0,42,43949BAA,3C9628FD,00000000,3B2A6BDC,4446F30A,3847ECF8,00000000,00000000,00000000,1
9,27000.0,43,43950290,3C9BA7BE,00000000,3B110647,44290BE6,38305BA7,00000000,00000000,00000000,1
9,27000.0,44,439562E7,3CA0F6A3,00000000,3AF0C9A2,440C22AD,38176600,00000000,00000000,00000000,1
9,27000.0,45,4395908F,3CA72989,00000000,00000000,00000000,00000000,00000000,00000000,00000000,0
9,27000.0,46,4395E569,3CABDDD9,00000000,00000000,00000000,00000000,00000000,00000000,00000000,0
9,27000.0,47,43963206,3CB031B6,00000000,00000000,00000000,00000000,00000000,00000000,00000000,0
9,27000.0,48,43969592,3CB32FE1,00000000,00000000,00000000,00000000,00000000,00000000,00000000,0
9,27000.0,49,4396CE01,00000000,00000000,00000000,00000000,00000000,00000000,00000000,00000000,0
10,27000.0,1,434E0000,37B52427,00000000,00000000,00000000,00000000,00000000,00000000,00000000,0
10,27000.0,2,435A19E4,391AE34B,00000000,00000000,00000000,00000000,00000000,00000000,00000000,0
10,27000.0,3,435687E1,3887AB9C,00000000,00000000,00000000,00000000,00000000,00000000,00000000,0
10,27000.0,4,43576B31,38669395,00000000,00000000,00000000,00000000,00000000,00000000,00000000,0
10,27000.0,5,435DCA06,38CC0F86,00000000,00000000,00000000,00000000,00000000,00000000,00000000,0
10,27000.0,6,436371F3,39230D28,00000000,00000000,00000000,00000000,00000000,00000000,00000000,0
10,27000.0,7,436885A2,397136B2,00000000,00000000,00000000,00000000,00000000,00000000,00000000,0
10,27000.0,8,436D205A,39A82ED0,00000000,00000000,00000000,00000000,00000000,00000000,00000000,0
10,27000.0,9,43715728,39DFFDA5,00000000,00000000,00000000,00000000,00000000,00000000,00000000,0
10,27000.0,10,43753A77,3A0FDBA4,00000000,00000000,00000000,00000000,00000000,00000000,00000000,0
10,27000.0,11,4378D71D,3A38D670,00000000,00000000,00000000,00000000,00000000,00000000,00000000,0
10,27000.0,12,437C35EB,3A724D17,00000000,00000000,00000000,00000000,00000000,00000000,00000000,0
10,27000.0,13,437F5E5C,3A9BACB3,00000000,00000000,00000000,00000000,00000000,00000000,00000000,0
10,27000.0,14,43812D7B,3AC39A94,00000000,00000000,00000000,00000000,00000000,00000000,00000000,0
10,27000.0,15,43829877,3AF13E29,00000000,00000000,00000000,00000000,00000000,00000000,00000000,0
10,27000.0,16,4383F216,3B127036,00000000,00000000,00000000,00000000,00000000,00000000,00000000,0
10,27000.0,17,43853BEB,3B2F6040,00000000,00000000,00000000,00000000,00000000,00000000,00000000,0
10,27000.0,18,43867744,3B4F868F,00000000,00000000,00000000,00000000,00000000,00000000,00000000,0
10,27000.0,19,4387A543,3B72F0E8,00000000,00000000,00000000,00000000,00000000,00000000,00000000,0
10,27000.0,20,4388C621,3B8CBC95,00000000,00000000,00000000,00000000,00000000,00000000,00000000,0
10,27000.0,21,4389D7A1,3BA1E90F,00000000,00000000,00000000,00000000,00000000,00000000,00000000,0
10,27000.0,22,438ADD8A,3BB8D02B,00000000,00000000,00000000,00000000,00000000,00000000,00000000,0
10,27000.0,23,438BD8D1,3BD166B8,00000000,00000000,00000000,00000000,00000000,00000000,00000000,0
10,27000.0,24,438CCA1A,3BEBA4C7,00000000,00000000,00000000,00000000,00000000,00000000,00000000,0
10,27000.0,25,438DB1FA,3C03BFFF,00000000,00000000,00000000,00000000,00000000,00000000,00000000,0
10,27000.0,26,438E90ED,3C116B5A,00000000,00000000,00000000,00000000,00000000,00000000,00000000,0
10,27000.0,27,438F6766,3C1D4560,00000000,00000000,00000000,00000000,00000000,00000000,00000000,0
10,27000.0,28,439035CC,3C296D01,00000000,00000000,00000000,00000000,00000000,00000000,00000000,0
10,27000.0,29,4390FC79,3C35DA8E,00000000,00000000,00000000,00000000,00000000,00000000,00000000,0
10,27000.0,30,4391BBC1,3C428677,00000000,00000000,00000000,00000000,00000000,00000000,00000000,0
10,27000.0,31,439273EC,3C4F68AB,00000000,00000000,00000000,00000000,00000000,00000000,00000000,0
10,27000.0,32,4390A67E,3C3A7447,00000000,00000000,00000000,00000000,00000000,00000000,00000000,0
10,27000.0,33,43914DA4,3C498908,00000000,00000000,00000000,00000000,00000000,00000000,00000000,0
10,27000.0,34,4391EE7F,3C590141,00000000,00000000,00000000,00000000,00000000,00000000,00000000,0
10,27000.0,35,43928931,3C68CFC5,00000000,00000000,00000000,00000000,00000000,00000000,00000000,0
10,27000.0,36,43936237,3C756296,00000000,3BA4E4A3,44C4CE12,389E0E50,00000000,00000000,00000000,1
10,27000.0,37,4393EECE,3C82E757,00000000,3B97968A,44B492C1,389B06DD,00000000,00000000,00000000,1
10,27000.0,38,43947575,3C8B31D9,00000000,3B8A3097,44A44E22,38964695,00000000,00000000,00000000,1
10,27000.0,39,4394F632,3C9387F2,00000000,3B798C99,4494168C,388FD041,00000000,00000000,00000000,1
10,27000.0,40,439570FE,3C9BDF72,00000000,3B5ED649,4484021F,3887AE3E,00000000,00000000,00000000,1
10,27000.0,41,4395E5C4,3CA2FF04,00000000,3B446A46,446853C5,387A1DD2,00000000,00000000,00000000,1
10,27000.0,42,43965461,3CA9475A,00000000,3B2A6DFC,4449459F,38616438,00000000,00000000,00000000,1
10,27000.0,43,4396BCA5,3CAF64A7,00000000,3B11086D,442B056F,3846BB91,00000000,00000000,00000000,1
10,27000.0,44,43971E41,3CB54C2A,00000000,3AF0CD59,440DC5C3,382A88D4,00000000,00000000,00000000,1
10,27000.0,45,43974ADC,3CBC1F6F,00000000,00000000,00000000,00000000,00000000,00000000,00000000,0
10,27000.0,46,4397A0FE,3CC15B85,00000000,00000000,00000000,00000000,00000000,00000000,00000000,0
10,27000.0,47,4397EEC8,3CC62C4B,00000000,00000000,00000000,00000000,00000000,00000000,00000000,0
10,27000.0,48,439854FF,3CC98ED0,00000000,00000000,00000000,00000000,00000000,00000000,00000000,0
10,27000.0,49,4398BFA8,00000000,00000000,00000000,00000000,00000000,00000000,00000000,00000000,0
11,27000.0,1,43518000,37919F22,00000000,00000000,00000000,00000000,00000000,00000000,00000000,0
11,27000.0,2,435D9DD7,395EF9EB,00000000,00000000,00000000,00000000,00000000,00000000,00000000,0
11,27000.0,3,435A18B4,38BDBA33,00000000,00000000,00000000,00000000,00000000,00000000,00000000,0
11,27000.0,4,4359EF62,388620BE,00000000,00000000,00000000,00000000,00000000,00000000,00000000,0
11,27000.0,5,43605CA1,38E01479,00000000,00000000,00000000,00000000,00000000,00000000,00000000,0
11,27000.0,6,4366107D,392A0010,00000000,00000000,00000000,00000000,00000000,00000000,00000000,0
11,27000.0,7,436B2E9C,396FCD7A,00000000,00000000,00000000,00000000,00000000,00000000,00000000,0
11,27000.0,8,436FD30A,399FF435,00000000,00000000,00000000,00000000,00000000,00000000,00000000,0
11,27000.0,9,4374136B,39CC6508,00000000,00000000,00000000,00000000,00000000,00000000,00000000,0
11,27000.0,10,43780079,39FC9AE8,00000000,00000000,00000000,00000000,00000000,00000000,00000000,0
11,27000.0,11,437BA67A,3A1AFBA8,00000000,00000000,00000000,00000000,00000000,00000000,00000000,0
11,27000.0,12,437F0D00,3A455A5C,00000000,00000000,00000000,00000000,00000000,00000000,00000000,0
11,27000.0,13,438120F0,3A75F013,00000000,00000000,00000000,00000000,00000000,00000000,00000000,0
11,27000.0,14,4382A5C0,3A969A66,00000000,00000000,00000000,00000000,00000000,00000000,00000000,0
11,27000.0,15,43841746,3AB5DD79,00000000,00000000,00000000,00000000,00000000,00000000,00000000,0
11,27000.0,16,43857750,3AD90544,00000000,00000000,00000000,00000000,00000000,00000000,00000000,0
11,27000.0,17,4386C763,3B002344,00000000,00000000,00000000,00000000,00000000,00000000,00000000,0
11,27000.0,18,438808CC,3B15E12A,00000000,00000000,00000000,00000000,00000000,00000000,00000000,0
11,27000.0,19,438939FB,3B2DA988,00000000,00000000,00000000,00000000,00000000,00000000,00000000,0
11,27000.0,20,438A5B59,3B4842C2,00000000,00000000,00000000,00000000,00000000,00000000,00000000,0
11,27000.0,21,438B704B,3B653B04,00000000,00000000,00000000,00000000,00000000,00000000,00000000,0
11,27000.0,22,438C79A9,3B824844,00000000,00000000,00000000,00000000,00000000,00000000,00000000,0
11,27000.0,23,438D7830,3B931EAD,00000000,00000000,00000000,00000000,00000000,00000000,00000000,0
11,27000.0,24,438E6C87,3BA51BBC,00000000,00000000,00000000,00000000,00000000,00000000,00000000,0
11,27000.0,25,438F5745,3BB83916,00000000,00000000,00000000,00000000,00000000,00000000,00000000,0
11,27000.0,26,439038EC,3BCB512F,00000000,00000000,00000000,00000000,00000000,00000000,00000000,0
11,27000.0,27,439111EF,3BDB3964,00000000,00000000,00000000,00000000,00000000,00000000,00000000,0
11,27000.0,28,4391E2B9,3BEB87D4,00000000,00000000,00000000,00000000,00000000,00000000,00000000,0
11,27000.0,29,4392ABA5,3BFC3287,00000000,00000000,00000000,00000000,00000000,00000000,00000000,0
11,27000.0,30,43936D0C,3C0697DB,00000000,00000000,00000000,00000000,00000000,00000000,00000000,0
11,27000.0,31,43942733,3C0F3A24,00000000,00000000,00000000,00000000,00000000,00000000,00000000,0
11,27000.0,32,4394DA60,3C17FAEB,00000000,00000000,00000000,00000000,00000000,00000000,00000000,0
11,27000.0,33,439586C8,3C20D41E,00000000,00000000,00000000,00000000,00000000,00000000,00000000,0
11,27000.0,34,43962C9F,3C29BFFC,00000000,00000000,00000000,00000000,00000000,00000000,00000000,0
11,27000.0,35,4396CC0F,3C32B823,00000000,00000000,00000000,00000000,00000000,00000000,00000000,0
11,27000.0,36,43976536,3C3BB5BF,00000000,00000000,00000000,00000000,00000000,00000000,00000000,0
11,27000.0,37,4397F830,3C44B1C6,00000000,00000000,00000000,00000000,00000000,00000000,00000000,0
11,27000.0,38,43928676,3C6ED058,00000000,00000000,00000000,00000000,00000000,00000000,00000000,0
11,27000.0,39,43930795,3C812607,00000000,00000000,00000000,00000000,00000000,00000000,00000000,0
11,27000.0,40,439382F0,3C8B004C,00000000,00000000,00000000,00000000,00000000,00000000,00000000,0
11,27000.0,41,4393F870,3C91E7A0,00000000,00000000,00000000,00000000,00000000,00000000,00000000,0
11,27000.0,42,439467F8,3C977D49,00000000,00000000,00000000,00000000,00000000,00000000,00000000,0
11,27000.0,43,4394D15B,3C9CEBA9,00000000,00000000,00000000,00000000,00000000,00000000,00000000,0
11,27000.0,44,43953459,3CA2291B,00000000,00000000,00000000,00000000,00000000,00000000,00000000,0
11,27000.0,45,4395908F,3CA72989,00000000,00000000,00000000,00000000,00000000,00000000,00000000,0
11,27000.0,46,4395B61A,3CB44622,00000000,00000000,00000000,00000000,00000000,00000000,00000000,2
11,27000.0,47,43961CDA,3CB6E18D,322BCC77,3C0987C2,451F3C3E,39447F60,2EB8970D,00000000,00000000,2
11,27000.0,48,43967AD7,3CB9DE12,00000000,00000000,00000000,00000000,00000000,00000000,00000000,1
11,27000.0,49,4396DBED,3CBE633B,00000000,00000000,00000000,00000000,00000000,00000000,00000000,1
12,27000.0,1,434E8000,37C21422,00000000,00000000,00000000,00000000,00000000,00000000,00000000,0
12,27000.0,2,435A9B91,392543E0,00000000,00000000,00000000,00000000,00000000,00000000,00000000,0
12,27000.0,3,43570ACA,389121A2,00000000,00000000,00000000,00000000,00000000,00000000,00000000,0
12,27000.0,4,4357B4A6,386F55F4,00000000,00000000,00000000,00000000,00000000,00000000,00000000,0
12,27000.0,5,435E152A,38D36C29,00000000,00000000,00000000,00000000,00000000,00000000,00000000,0
12,27000.0,6,4363BE80,3928A812,00000000,00000000,00000000,00000000,00000000,00000000,00000000,0
12,27000.0,7,4368D36A,397922B6,00000000,00000000,00000000,00000000,00000000,00000000,00000000,0
12,27000.0,8,436D6F43,39AD7A56,00000000,00000000,00000000,00000000,00000000,00000000,00000000,0
12,27000.0,9,4371A725,39E6C631,00000000,00000000,00000000,00000000,00000000,00000000,00000000,0
12,27000.0,10,43758B8F,3A141112,00000000,00000000,00000000,00000000,00000000,00000000,00000000,0
12,27000.0,11,43792956,3A4187B7,00000000,00000000,00000000,00000000,00000000,00000000,00000000,0
12,27000.0,12,437C88EF,3A859EF6,00000000,00000000,00000000,00000000,00000000,00000000,00000000,0
12,27000.0,13,437FB2CF,3AB3351D,00000000,00000000,00000000,00000000,00000000,00000000,00000000,0
12,27000.0,14,43815880,3AE98E11,00000000,00000000,00000000,00000000,00000000,00000000,00000000,0
12,27000.0,15,4382C452,3B14A0D4,00000000,00000000,00000000,00000000,00000000,00000000,00000000,0
12,27000.0,16,43841ECE,3B396B7E,00000000,00000000,00000000,00000000,00000000,00000000,00000000,0
12,27000.0,17,43856988,3B63601C,00000000,00000000,00000000,00000000,00000000,00000000,00000000,0
12,27000.0,18,4386A5CA,3B8954B8,00000000,00000000,00000000,00000000,00000000,00000000,00000000,0
12,27000.0,19,4387D4BD,3BA3B204,00000000,00000000,00000000,00000000,00000000,00000000,00000000,0
12,27000.0,20,4388F5FB,3BC0BAF7,00000000,00000000,00000000,00000000,00000000,00000000,00000000,0
12,27000.0,21,438A0813,3BE0D286,00000000,00000000,00000000,00000000,00000000,00000000,00000000,0
12,27000.0,22,438B77A0,3BF8F6EE,00000000,3D109FA5,46362F66,398CA628,00000000,00000000,00000000,1
12,27000.0,23,438C7243,3C0F6C5F,00000000,3D0F5307,4633F3CD,39A0981A,00000000,00000000,00000000,1
12,27000.0,24,438D62BE,3C23C125,00000000,3D0D47C1,4630D2DA,39B4BE8F,00000000,00000000,00000000,1
12,27000.0,25,438E49B2,3C3971BD,00000000,3D0A8D97,462CE1C7,39C8BBC2,00000000,00000000,00000000,1
12,27000.0,26,438F2798,3C4C0DAE,00000000,3D0739D4,46283C57,39D7929E,00000000,00000000,00000000,1
12,27000.0,27,438FFCC0,3C5256E8,00000000,3D036769,462304ED,39D7EEE0,00000000,00000000,00000000,1
12,27000.0,28,4390C9AB,3C57C211,00000000,3CFE2B31,461D3B55,39D636F4,00000000,00000000,00000000,1
12,27000.0,29,4391338D,3C60F9BC,00000000,00000000,00000000,00000000,00000000,00000000,00000000,0
12,27000.0,30,4391F363,3C647AD3,00000000,00000000,00000000,00000000,00000000,00000000,00000000,0
12,27000.0,31,4392AC06,3C6711F4,00000000,00000000,00000000,00000000,00000000,00000000,00000000,0
12,27000.0,32,43935DB2,3C68BF2C,00000000,00000000,00000000,00000000,00000000,00000000,00000000,0
12,27000.0,33,439408A0,3C69848E,00000000,00000000,00000000,00000000,00000000,00000000,00000000,0
12,27000.0,34,4394ACFF,3C6965C7,00000000,00000000,00000000,00000000,00000000,00000000,00000000,0
12,27000.0,35,43954AF7,3C686822,00000000,00000000,00000000,00000000,00000000,00000000,00000000,0
12,27000.0,36,4395E2A8,3C6692EB,00000000,00000000,00000000,00000000,00000000,00000000,00000000,0
12,27000.0,37,4396742D,3C63EF0F,00000000,00000000,00000000,00000000,00000000,00000000,00000000,0
12,27000.0,38,4396FF96,3C60879B,00000000,00000000,00000000,00000000,00000000,00000000,00000000,0
12,27000.0,39,439784EB,3C5C6902,00000000,00000000,00000000,00000000,00000000,00000000,00000000,0
12,27000.0,40,4398042E,3C57A27A,00000000,00000000,00000000,00000000,00000000,00000000,00000000,0
12,27000.0,41,4393FD85,3C00A830,00000000,00000000,00000000,00000000,00000000,00000000,00000000,0
12,27000.0,42,43946C59,3C05756E,00000000,00000000,00000000,00000000,00000000,00000000,00000000,0
12,27000.0,43,4394D50E,3C0A1FBF,00000000,00000000,00000000,00000000,00000000,00000000,00000000,0
12,27000.0,44,4395375E,3C0E9E05,00000000,00000000,00000000,00000000,00000000,00000000,00000000,0
12,27000.0,45,439592ED,3C12E5B3,00000000,00000000,00000000,00000000,00000000,00000000,00000000,0
12,27000.0,46,4395E728,3C16E8E9,00000000,00000000,00000000,00000000,00000000,00000000,00000000,0
12,27000.0,47,43963330,3C1A94F3,00000000,00000000,00000000,00000000,00000000,00000000,00000000,0
12,27000.0,48,439695E9,3C1C23A8,00000000,00000000,00000000,00000000,00000000,00000000,00000000,0
12,27000.0,49,4396B52B,00000000,00000000,00000000,00000000,00000000,00000000,00000000,00000000,0
13,27000.0,1,434F8000,3801CF73,00000000,00000000,00000000,00000000,00000000,00000000,00000000,0
13,27000.0,2,435B9DE1,39407E88,00000000,00000000,00000000,00000000,00000000,00000000,00000000,0
13,27000.0,3,43581022,38AC67F0,00000000,00000000,00000000,00000000,00000000,00000000,00000000,0
13,27000.0,4,43585E78,388938FD,00000000,00000000,00000000,00000000,00000000,00000000,00000000,0
13,27000.0,5,435EC2E5,38F3FF12,00000000,00000000,00000000,00000000,00000000,00000000,00000000,0
13,27000.0,6,43646F73,3943A7F4,00000000,00000000,00000000,00000000,00000000,00000000,00000000,0
13,27000.0,7,43698733,399129C6,00000000,00000000,00000000,00000000,00000000,00000000,00000000,0
13,27000.0,8,436E25A7,39CAFE36,00000000,00000000,00000000,00000000,00000000,00000000,00000000,0
13,27000.0,9,43726021,3A078C72,00000000,00000000,00000000,00000000,00000000,00000000,00000000,0
13,27000.0,10,43764721,3A2E9910,00000000,00000000,00000000,00000000,00000000,00000000,00000000,0
13,27000.0,11,4379E79A,3A619886,00000000,00000000,00000000,00000000,00000000,00000000,00000000,0
13,27000.0,12,437D4906,3A9917EA,00000000,00000000,00000000,00000000,00000000,00000000,00000000,0
13,27000.0,13,43803B15,3ACA061C,00000000,00000000,00000000,00000000,00000000,00000000,00000000,0
13,27000.0,14,4381BBEC,3B01E52C,00000000,00000000,00000000,00000000,00000000,00000000,00000000,0
13,27000.0,15,43832982,3B237996,00000000,00000000,00000000,00000000,00000000,00000000,00000000,0
13,27000.0,16,438485C3,3B4A000B,00000000,00000000,00000000,00000000,00000000,00000000,00000000,0
13,27000.0,17,4385D235,3B75AB79,00000000,00000000,00000000,00000000,00000000,00000000,00000000,0
13,27000.0,18,43871028,3B935097,00000000,00000000,00000000,00000000,00000000,00000000,00000000,0
13,27000.0,19,438840A5,3BAE7716,00000000,00000000,00000000,00000000,00000000,00000000,00000000,0
13,27000.0,20,438961B1,3BCC599E,00000000,00000000,00000000,00000000,00000000,00000000,00000000,0
13,27000.0,21,438A74DF,3BED328F,00000000,00000000,00000000,00000000,00000000,00000000,00000000,0
13,27000.0,22,438B7CAC,3C0869AF,00000000,00000000,00000000,00000000,00000000,00000000,00000000,0
13,27000.0,23,438CE357,3C162C6B,00000000,3D0F34EF,463463CF,39A803BA,00000000,00000000,00000000,1
13,27000.0,24,438DD4A6,3C2ACE67,00000000,3D0D3073,463148E1,39BC6804,00000000,00000000,00000000,1
13,27000.0,25,438EBC65,3C40C3E1,00000000,3D0A7C75,462D5C52,39D08E9D,00000000,00000000,00000000,1
13,27000.0,26,438F9B12,3C549BE3,00000000,3D072CF3,4628B85D,39E08713,00000000,00000000,00000000,1
13,27000.0,27,439070FB,3C5B4916,00000000,3D035F4D,46238292,39E11011,00000000,00000000,00000000,1
13,27000.0,28,43913E9E,3C611559,00000000,3CFE2375,461DB96C,39DF725B,00000000,00000000,00000000,1
13,27000.0,29,4391A7B7,3C6ABE90,00000000,00000000,00000000,00000000,00000000,00000000,00000000,0
13,27000.0,30,43926853,3C6E9963,00000000,00000000,00000000,00000000,00000000,00000000,00000000,0
13,27000.0,31,439321B1,3C718733,00000000,00000000,00000000,00000000,00000000,00000000,00000000,0
13,27000.0,32,4393D413,3C73880B,00000000,00000000,00000000,00000000,00000000,00000000,00000000,0
13,27000.0,33,43947FAE,3C749D9E,00000000,00000000,00000000,00000000,00000000,00000000,00000000,0
13,27000.0,34,439524B5,3C74CBB9,00000000,00000000,00000000,00000000,00000000,00000000,00000000,0
13,27000.0,35,4395C34D,3C741772,00000000,00000000,00000000,00000000,00000000,00000000,00000000,0
13,27000.0,36,43965B98,3C72881A,00000000,00000000,00000000,00000000,00000000,00000000,00000000,0
13,27000.0,37,4396EDB1,3C7026A7,00000000,00000000,00000000,00000000,00000000,00000000,00000000,0
13,27000.0,38,439779A7,3C6CFDCA,00000000,00000000,00000000,00000000,00000000,00000000,00000000,0
13,27000.0,39,4397FF86,3C691A87,00000000,00000000,00000000,00000000,00000000,00000000,00000000,0
13,27000.0,40,43987F48,3C648B48,00000000,00000000,00000000,00000000,00000000,00000000,00000000,0
13,27000.0,41,4398F8F4,3C699ABA,00000000,00000000,00000000,00000000,00000000,00000000,00000000,0
13,27000.0,42,43946C59,3C05756E,00000000,00000000,00000000,00000000,00000000,00000000,00000000,0
13,27000.0,43,4394D50E,3C0A1FBF,00000000,00000000,00000000,00000000,00000000,00000000,00000000,0
13,27000.0,44,4395375E,3C0E9E05,00000000,00000000,00000000,00000000,00000000,00000000,00000000,0
13,27000.0,45,439592ED,3C12E5B3,00000000,00000000,00000000,00000000,00000000,00000000,00000000,0
13,27000.0,46,4395E728,3C16E8E9,00000000,00000000,00000000,00000000,00000000,00000000,00000000,0
13,27000.0,47,43963330,3C1A94F3,00000000,00000000,00000000,00000000,00000000,00000000,00000000,0
13,27000.0,48,439695E9,3C1C23A8,00000000,00000000,00000000,00000000,00000000,00000000,00000000,0
13,27000.0,49,4396B345,00000000,00000000,00000000,00000000,00000000,00000000,00000000,00000000,0
14,27000.0,1,434D8000,37A8FFF8,00000000,00000000,00000000,00000000,00000000,00000000,00000000,0
14,27000.0,2,435997E4,39111644,00000000,00000000,00000000,00000000,00000000,00000000,00000000,0
14,27000.0,3,435604D2,387D8A23,00000000,00000000,00000000,00000000,00000000,00000000,00000000,0
14,27000.0,4,435707F8,385B3603,00000000,00000000,00000000,00000000,00000000,00000000,00000000,0
14,27000.0,5,435D647B,38C27BBC,00000000,00000000,00000000,00000000,00000000,00000000,00000000,0
14,27000.0,6,43630A7B,391BBE1B,00000000,00000000,00000000,00000000,00000000,00000000,00000000,0
14,27000.0,7,43681C81,3966DC75,00000000,00000000,00000000,00000000,00000000,00000000,00000000,0
14,27000.0,8,436CB5B2,39A1405A,00000000,00000000,00000000,00000000,00000000,00000000,00000000,0
14,27000.0,9,4370EB06,39D71876,00000000,00000000,00000000,00000000,00000000,00000000,00000000,0
14,27000.0,10,4374CCDF,3A0A553E,00000000,00000000,00000000,00000000,00000000,00000000,00000000,0
14,27000.0,11,4378680B,3A35CD1E,00000000,00000000,00000000,00000000,00000000,00000000,00000000,0
14,27000.0,12,437BC5E3,3A78F6FF,00000000,00000000,00000000,00000000,00000000,00000000,00000000,0
14,27000.0,13,437EECAA,3AA620E8,00000000,00000000,00000000,00000000,00000000,00000000,00000000,0
14,27000.0,14,4380F3BE,3AD79E8F,00000000,00000000,00000000,00000000,00000000,00000000,00000000,0
14,27000.0,15,43825DD1,3B08B9C1,00000000,00000000,00000000,00000000,00000000,00000000,00000000,0
14,27000.0,16,4383B691,3B2A0B78,00000000,00000000,00000000,00000000,00000000,00000000,00000000,0
14,27000.0,17,4384FF8F,3B4FF6CF,00000000,00000000,00000000,00000000,00000000,00000000,00000000,0
14,27000.0,18,43863A20,3B7AA38B,00000000,00000000,00000000,00000000,00000000,00000000,00000000,0
14,27000.0,19,43876762,3B9515C8,00000000,00000000,00000000,00000000,00000000,00000000,00000000,0
14,27000.0,20,438887FB,3BAF4046,00000000,00000000,00000000,00000000,00000000,00000000,00000000,0
14,27000.0,21,438999AD,3BCC0A13,00000000,00000000,00000000,00000000,00000000,00000000,00000000,0
14,27000.0,22,438A9F49,3BEB70D9,00000000,00000000,00000000,00000000,00000000,00000000,00000000,0
14,27000.0,23,438BFF52,3C017B1C,00000000,3D0F86FA,46339FD0,39913013,00000000,00000000,00000000,1
14,27000.0,24,438CEEDF,3C13C00C,00000000,3D0D7919,46307E10,39A34D56,00000000,00000000,00000000,1
14,27000.0,25,438DD4EA,3C273C9E,00000000,3D0ABD35,462C8DFE,39B5448F,00000000,00000000,00000000,1
14,27000.0,26,438EB1E7,3C370D4E,00000000,3D07692C,4627EBF5,39C1A670,00000000,00000000,00000000,1
14,27000.0,27,438F8630,3C3C197A,00000000,3D039506,4622B6A4,39C15D11,00000000,00000000,00000000,1
14,27000.0,28,438FF684,3C4501C8,00000000,00000000,00000000,00000000,00000000,00000000,00000000,0
14,27000.0,29,4390BCEB,3C4834C1,00000000,00000000,00000000,00000000,00000000,00000000,00000000,0
14,27000.0,30,43917BDD,3C4A831F,00000000,00000000,00000000,00000000,00000000,00000000,00000000,0
14,27000.0,31,439233A0,3C4BEBDD,00000000,00000000,00000000,00000000,00000000,00000000,00000000,0
14,27000.0,32,4392E475,3C4C6FCC,00000000,00000000,00000000,00000000,00000000,00000000,00000000,0
14,27000.0,33,43938E93,3C4C115C,00000000,00000000,00000000,00000000,00000000,00000000,00000000,0
14,27000.0,34,43943227,3C4AD49A,00000000,00000000,00000000,00000000,00000000,00000000,00000000,0
14,27000.0,35,4394CF5C,3C48BF95,00000000,00000000,00000000,00000000,00000000,00000000,00000000,0
14,27000.0,36,43956651,3C45DA0A,00000000,00000000,00000000,00000000,00000000,00000000,00000000,0
14,27000.0,37,4395F720,3C422DC3,00000000,00000000,00000000,00000000,00000000,00000000,00000000,0
14,27000.0,38,439681DA,3C3DC5AF,00000000,00000000,00000000,00000000,00000000,00000000,00000000,0
14,27000.0,39,43970686,3C38AF4E,00000000,00000000,00000000,00000000,00000000,00000000,00000000,0
14,27000.0,40,43978525,3C32F9FE,00000000,00000000,00000000,00000000,00000000,00000000,00000000,0
14,27000.0,41,4393FE01,3BE21A03,00000000,00000000,00000000,00000000,00000000,00000000,00000000,0
14,27000.0,42,43946CC4,3BEA7C3B,00000000,00000000,00000000,00000000,00000000,00000000,00000000,0
14,27000.0,43,4394D566,3BF2A0B4,00000000,00000000,00000000,00000000,00000000,00000000,00000000,0
14,27000.0,44,439537A6,3BFA77D3,00000000,00000000,00000000,00000000,00000000,00000000,00000000,0
14,27000.0,45,43959326,3C00F744,00000000,00000000,00000000,00000000,00000000,00000000,00000000,0
14,27000.0,46,4395E752,3C047616,00000000,00000000,00000000,00000000,00000000,00000000,00000000,0
14,27000.0,47,4396334D,3C07A7EA,00000000,00000000,00000000,00000000,00000000,00000000,00000000,0
14,27000.0,48,439695F1,3C08CA12,00000000,00000000,00000000,00000000,00000000,00000000,00000000,0
14,27000.0,49,4396BB0C,00000000,00000000,00000000,00000000,00000000,00000000,00000000,00000000,0
15,27000.0,1,43758000,39A594C3,00000000,00000000,00000000,00000000,00000000,00000000,00000000,0
15,27000.0,2,437C404A,3B539994,00000000,00000000,00000000,00000000,00000000,00000000,00000000,0
15,27000.0,3,437AFD8B,3AFE7877,00000000,00000000,00000000,00000000,00000000,00000000,00000000,0
15,27000.0,4,437A2F95,3AAC4520,00000000,00000000,00000000,00000000,00000000,00000000,00000000,0
15,27000.0,5,437C4D18,3A95FDE2,00000000,00000000,00000000,00000000,00000000,00000000,00000000,0
15,27000.0,6,437F7F77,3A933356,00000000,00000000,00000000,00000000,00000000,00000000,00000000,0
15,27000.0,7,43813666,3A913097,00000000,00000000,00000000,00000000,00000000,00000000,00000000,0
15,27000.0,8,43828ED0,3A8F8EAB,00000000,00000000,00000000,00000000,00000000,00000000,00000000,0
15,27000.0,9,4383CC7F,3A8E427B,00000000,00000000,00000000,00000000,00000000,00000000,00000000,0
15,27000.0,10,4384F2A9,3A8D4447,00000000,00000000,00000000,00000000,00000000,00000000,00000000,0
15,27000.0,11,4386041C,3A8CB100,00000000,00000000,00000000,00000000,00000000,00000000,00000000,0
15,27000.0,12,4387034A,3A91EDB9,00000000,00000000,00000000,00000000,00000000,00000000,00000000,0
15,27000.0,13,4387F224,3A979C64,00000000,00000000,00000000,00000000,00000000,00000000,00000000,0
15,27000.0,14,4388D150,3A9CFD4E,00000000,00000000,00000000,00000000,00000000,00000000,00000000,0
15,27000.0,15,4389A06E,3AA42DDC,00000000,00000000,00000000,00000000,00000000,00000000,00000000,0
15,27000.0,16,438A635E,3AAC0EBC,00000000,00000000,00000000,00000000,00000000,00000000,00000000,0
15,27000.0,17,438B1BB3,3AB45D02,00000000,00000000,00000000,00000000,00000000,00000000,00000000,0
15,27000.0,18,438BCA61,3ABD051F,00000000,00000000,00000000,00000000,00000000,00000000,00000000,0
15,27000.0,19,438C703E,3AC5F71F,00000000,00000000,00000000,00000000,00000000,00000000,00000000,0
15,27000.0,20,438D0E03,3ACF258B,00000000,00000000,00000000,00000000,00000000,00000000,00000000,0
15,27000.0,21,438DA453,3AD88483,00000000,00000000,00000000,00000000,00000000,00000000,00000000,0
15,27000.0,22,438E33BA,3AE20904,00000000,00000000,00000000,00000000,00000000,00000000,00000000,0
15,27000.0,23,438EBCB4,3AEBA96F,00000000,00000000,00000000,00000000,00000000,00000000,00000000,0
15,27000.0,24,438F3FAE,3AF55DFD,00000000,00000000,00000000,00000000,00000000,00000000,00000000,0
15,27000.0,25,438FBD09,3AFF1DBB,00000000,00000000,00000000,00000000,00000000,00000000,00000000,0
15,27000.0,26,43903520,3B0755B4,00000000,00000000,00000000,00000000,00000000,00000000,00000000,0
15,27000.0,27,4390A83E,3B13CBA1,00000000,00000000,00000000,00000000,00000000,00000000,00000000,0
15,27000.0,28,439116A5,3B205234,00000000,00000000,00000000,00000000,00000000,00000000,00000000,0
15,27000.0,29,43918092,3B2CE100,00000000,00000000,00000000,00000000,00000000,00000000,00000000,0
15,27000.0,30,4391E63D,3B396FF3,00000000,00000000,00000000,00000000,00000000,00000000,00000000,0
15,27000.0,31,439247D4,3B45F6E3,00000000,00000000,00000000,00000000,00000000,00000000,00000000,0
15,27000.0,32,4392A580,3B526DFB,00000000,00000000,00000000,00000000,00000000,00000000,00000000,0
15,27000.0,33,4392FF68,3B5ECE1E,00000000,00000000,00000000,00000000,00000000,00000000,00000000,0
15,27000.0,34,439355AB,3B6B0FEE,00000000,00000000,00000000,00000000,00000000,00000000,00000000,0
15,27000.0,35,4393A865,3B772C0A,00000000,00000000,00000000,00000000,00000000,00000000,00000000,0
15,27000.0,36,4393F7A9,3B818D54,00000000,00000000,00000000,00000000,00000000,00000000,00000000,0
15,27000.0,37,4394438D,3B876A7B,00000000,00000000,00000000,00000000,00000000,00000000,00000000,0
15,27000.0,38,43948C1C,3B8D28E0,00000000,00000000,00000000,00000000,00000000,00000000,00000000,0
15,27000.0,39,4394D160,3B92C4FA,00000000,00000000,00000000,00000000,00000000,00000000,00000000,0
15,27000.0,40,4395135A,3B983A1B,00000000,00000000,00000000,00000000,00000000,00000000,00000000,0
15,27000.0,41,43955206,3B9ADF6A,00000000,00000000,00000000,00000000,00000000,00000000,00000000,0
15,27000.0,42,43958D58,3B9C81BA,00000000,00000000,00000000,00000000,00000000,00000000,00000000,0
15,27000.0,43,4395C53B,3B9E089E,00000000,00000000,00000000,00000000,00000000,00000000,00000000,0
15,27000.0,44,4395F98E,3B9F7185,00000000,00000000,00000000,00000000,00000000,00000000,00000000,0
15,27000.0,45,43962A1B,3BA0B841,00000000,00000000,00000000,00000000,00000000,00000000,00000000,0
15,27000.0,46,43965695,3BA1D81E,00000000,00000000,00000000,00000000,00000000,00000000,00000000,0
15,27000.0,47,43967E7C,3BA2C82E,00000000,00000000,00000000,00000000,00000000,00000000,00000000,0
15,27000.0,48,4396C15C,3BA02579,00000000,00000000,00000000,00000000,00000000,00000000,00000000,0
15,27000.0,49,4396A943,00000000,00000000,00000000,00000000,00000000,00000000,00000000,00000000,0
16,27000.0,1,4386C000,3CECED00,00000000,00000000,00000000,00000000,00000000,00000000,00000000,0
16,27000.0,2,4388E35C,3D0ABC64,00000000,00000000,00000000,00000000,00000000,00000000,00000000,0
16,27000.0,3,43884DF6,3CC094BE,00000000,00000000,00000000,00000000,00000000,00000000,00000000,0
16,27000.0,4,43880A27,3C9331A5,00000000,00000000,00000000,00000000,00000000,00000000,00000000,0
16,27000.0,5,4387FD51,3C719DFC,00000000,00000000,00000000,00000000,00000000,00000000,00000000,0
16,27000.0,6,438916EC,3C6F794D,00000000,00000000,00000000,00000000,00000000,00000000,00000000,0
16,27000.0,7,438A0925,3C6EA64B,00000000,00000000,00000000,00000000,00000000,00000000,00000000,0
16,27000.0,8,438AE18F,3C6E5D7A,00000000,00000000,00000000,00000000,00000000,00000000,00000000,0
16,27000.0,9,438BA592,3C6E5A60,00000000,00000000,00000000,00000000,00000000,00000000,00000000,0
16,27000.0,10,438C588A,3C6E7EDA,00000000,00000000,00000000,00000000,00000000,00000000,00000000,0
16,27000.0,11,438CFD0E,3C6EB922,00000000,00000000,00000000,00000000,00000000,00000000,00000000,0
16,27000.0,12,438D9539,3C755827,00000000,00000000,00000000,00000000,00000000,00000000,00000000,0
16,27000.0,13,438E22B5,3C814460,00000000,00000000,00000000,00000000,00000000,00000000,00000000,0
16,27000.0,14,438EA6CB,3C8777F9,00000000,00000000,00000000,00000000,00000000,00000000,00000000,0
16,27000.0,15,438F2290,3C8D5063,00000000,00000000,00000000,00000000,00000000,00000000,00000000,0
16,27000.0,16,438F96ED,3C92D5CA,00000000,00000000,00000000,00000000,00000000,00000000,00000000,0
16,27000.0,17,439004A3,3C980F7C,00000000,00000000,00000000,00000000,00000000,00000000,00000000,0
16,27000.0,18,43906C54,3C9D0383,00000000,00000000,00000000,00000000,00000000,00000000,00000000,0
16,27000.0,19,43917117,3C9D8982,00000000,2EDBE6FF,38147135,2C0752C9,00000000,00000000,00000000,1
16,27000.0,20,4391C588,3CA23C1B,00000000,2EDBE6FF,38132668,2C0B5BCF,00000000,00000000,00000000,1
16,27000.0,21,43921626,3CA6B2B7,00000000,2EDBE6FF,3811ECCC,2C0F314D,00000000,00000000,00000000,1
16,27000.0,22,43926333,3CAAF1B2,00000000,2EDBE6FF,3810C2EE,2C12D703,00000000,00000000,00000000,1
16,27000.0,23,4392ACE6,3CAEFCFB,00000000,2EDBE6FF,380FA78A,2C165050,00000000,00000000,00000000,1
16,27000.0,24,4392F373,3CB2D82B,00000000,2EDBE6FF,380E9987,2C19A04D,00000000,00000000,00000000,1
16,27000.0,25,4393370B,3CB68657,00000000,2EDBE6FF,380D97F3,2C1CC99F,00000000,00000000,00000000,1
16,27000.0,26,439377CF,3CB9CD40,00000000,2EDBE6FF,380CA1F1,2C1F9A3D,00000000,00000000,00000000,1
16,27000.0,27,4393B5DF,3CBA1CAB,00000000,2EDBE6FF,380BB6CC,2C1FDE75,00000000,00000000,00000000,1
16,27000.0,28,4393F163,3CBA65BC,00000000,2EDBE6FF,380AD5E2,2C201D39,00000000,00000000,00000000,1
16,27000.0,29,43942A76,3CBAA8F6,00000000,2EDBE6FF,3809FE99,2C2056F8,00000000,00000000,00000000,1
16,27000.0,30,43946135,3CBAE6AD,00000000,2EDBE6FF,3809306C,2C208BFB,00000000,00000000,00000000,1
16,27000.0,31,439495B6,3CBB1F6F,00000000,2EDBE6FF,38086AE5,2C20BCBD,00000000,00000000,00000000,1
16,27000.0,32,4394C80F,3CBB5391,00000000,2EDBE6FF,3807AD9C,2C20E985,00000000,00000000,00000000,1
16,27000.0,33,4394F850,3CBB8349,00000000,2EDBE6FF,3806F832,2C211282,00000000,00000000,00000000,1
16,27000.0,34,43952688,3CBBAEDC,00000000,2EDBE6FF,38064A56,2C2137F0,00000000,00000000,00000000,1
16,27000.0,35,439552C2,3CBBD68F,00000000,2EDBE6FF,3805A3C1,2C215A0A,00000000,00000000,00000000,1
16,27000.0,36,43957D0B,3CBBFA96,00000000,2EDBE6FF,38050436,2C2178FD,00000000,00000000,00000000,1
16,27000.0,37,4395A567,3CBC1B1D,00000000,2EDBE6FF,38046B82,2C2194EE,00000000,00000000,00000000,1
16,27000.0,38,4395CBDA,3CBC3835,00000000,2EDBE6FF,3803D979,2C21ADEB,00000000,00000000,00000000,1
16,27000.0,39,4395F068,3CBC5222,00000000,2EDBE6FF,38034DFF,2C21C430,00000000,00000000,00000000,1
16,27000.0,40,43961308,3CBC68D1,00000000,2EDBE6FF,3802C8F7,2C21D7AD,00000000,00000000,00000000,1
16,27000.0,41,439633B7,3CBC7C44,00000000,2EDBE6FF,38024A5C,2C21E862,00000000,00000000,00000000,1
16,27000.0,42,43965266,3CBC8C8F,00000000,2EDBE6FF,3801D22D,2C21F660,00000000,00000000,00000000,1
16,27000.0,43,43966EFF,3CBC99A0,00000000,2EDBE6FF,3801607B,2C22019A,00000000,00000000,00000000,1
16,27000.0,44,43968963,3CBCA31E,00000000,2EDBE6FF,3800F568,2C2209C1,00000000,00000000,00000000,1
16,27000.0,45,4396747C,3CBDD06C,00000000,00000000,00000000,00000000,00000000,00000000,00000000,0
16,27000.0,46,43968D63,3CBDBA51,00000000,00000000,00000000,00000000,00000000,00000000,00000000,0
16,27000.0,47,4396A388,3CBD9C66,00000000,00000000,00000000,00000000,00000000,00000000,00000000,0
16,27000.0,48,4396D748,3CBC9A8A,00000000,00000000,00000000,00000000,00000000,00000000,00000000,0
16,27000.0,49,4396A426,00000000,00000000,00000000,00000000,00000000,00000000,00000000,00000000,0
17,27000.0,1,43508000,37A9D921,00000000,00000000,00000000,00000000,00000000,00000000,00000000,0
17,27000.0,2,435C9EAA,394A77FD,00000000,00000000,00000000,00000000,00000000,00000000,00000000,0
17,27000.0,3,435914C9,38AE3434,00000000,00000000,00000000,00000000,00000000,00000000,00000000,0
17,27000.0,4,43571F52,38469D51,00000000,00000000,00000000,00000000,00000000,00000000,00000000,0
17,27000.0,5,4355E1BD,38036876,00000000,00000000,00000000,00000000,00000000,00000000,00000000,0
17,27000.0,6,435506AD,37BE5FE0,00000000,00000000,00000000,00000000,00000000,00000000,00000000,0
17,27000.0,7,43546671,37927914,00000000,00000000,00000000,00000000,00000000,00000000,00000000,0
17,27000.0,8,4353EC21,376C24BE,00000000,00000000,00000000,00000000,00000000,00000000,00000000,0
17,27000.0,9,43538BA7,375644F1,00000000,00000000,00000000,00000000,00000000,00000000,00000000,0
17,27000.0,10,43547A89,3769B354,00000000,00000000,00000000,00000000,00000000,00000000,00000000,0
17,27000.0,11,4357202B,379FE214,00000000,00000000,00000000,00000000,00000000,00000000,00000000,0
17,27000.0,12,435997C8,37D4A6E2,00000000,00000000,00000000,00000000,00000000,00000000,00000000,0
17,27000.0,13,435BE706,3809F824,00000000,00000000,00000000,00000000,00000000,00000000,00000000,0
17,27000.0,14,435E127A,382F340E,00000000,00000000,00000000,00000000,00000000,00000000,00000000,0
17,27000.0,15,43601E0C,385A4FD3,00000000,00000000,00000000,00000000,00000000,00000000,00000000,0
17,27000.0,16,43620CEB,3885C244,00000000,00000000,00000000,00000000,00000000,00000000,00000000,0
17,27000.0,17,4363E1DA,38A17FC9,00000000,00000000,00000000,00000000,00000000,00000000,00000000,0
17,27000.0,18,43659F2A,38C06FEE,00000000,00000000,00000000,00000000,00000000,00000000,00000000,0
17,27000.0,19,436753F8,38BCD41A,00000000,3D2C5034,4639D32F,367E3354,00000000,00000000,00000000,1
17,27000.0,20,4368E8CC,38DF7192,00000000,3D378516,4644F42B,36A02E59,00000000,00000000,00000000,1
17,27000.0,21,436A6B40,3902B05C,00000000,3D40A7AA,464DCD74,36C4B3BA,00000000,00000000,00000000,1
17,27000.0,22,436BDCA6,39174F8A,00000000,3D47C1FF,46547259,36EC22FC,00000000,00000000,00000000,1
17,27000.0,23,436D3E25,392D9251,00000000,3D4CE4CF,4658FC43,370AEBBB,00000000,00000000,00000000,1
17,27000.0,24,436E90C4,3945724F,00000000,3D5025DA,465B88F8,37208A12,00000000,00000000,00000000,1
17,27000.0,25,436FD567,395EE683,00000000,3D519EA7,465C3945,37368455,00000000,00000000,00000000,1
17,27000.0,26,43710CDF,3979E3E4,00000000,3D516B57,465B2FCF,374C6BD4,00000000,00000000,00000000,1
17,27000.0,27,437237E2,398B2E75,00000000,3D4FA9E7,46589056,3761CDE0,00000000,00000000,00000000,1
17,27000.0,28,4373570B,399A20F5,00000000,3D4C7957,46547EDA,377636A2,00000000,00000000,00000000,1
17,27000.0,29,43746AED,39A9C096,00000000,3D47F93B,464F1F45,378499F8,00000000,00000000,00000000,1
17,27000.0,30,4375740A,39BA0391,00000000,3D424932,464894DD,378D2BE3,00000000,00000000,00000000,1
17,27000.0,31,437672CB,39CADEC4,00000000,3D3B8898,46410208,37949CF8,00000000,00000000,00000000,1
17,27000.0,32,43776798,39DC464D,00000000,3D33D649,4638881F,379ABD89,00000000,00000000,00000000,1
17,27000.0,33,437852C1,39EE2D10,00000000,3D2B5062,462F4734,379F62E3,00000000,00000000,00000000,1
17,27000.0,34,43793493,3A004275,00000000,3D22142B,46255E0F,37A26852,00000000,00000000,00000000,1
17,27000.0,35,437A0D4C,3A099F39,00000000,3D183DFB,461AEA1D,37A3AFB7,00000000,00000000,00000000,1
17,27000.0,36,437ADD19,3A132482,00000000,3D0DE93A,46100777,37A32252,00000000,00000000,00000000,1
17,27000.0,37,437BA424,3A1CC953,00000000,3D033052,4604D0E7,37A0B13B,00000000,00000000,00000000,1
17,27000.0,38,437C6284,3A2683F2,00000000,3CF0599B,45F2C011,379C55FC,00000000,00000000,00000000,1
17,27000.0,39,437D1845,3A3049B7,00000000,3CD9EEDD,45DB9AD4,379612F9,00000000,00000000,00000000,1
17,27000.0,40,437DC563,3A384308,00000000,3CC350C6,45C4619A,378C9533,00000000,00000000,00000000,1
17,27000.0,41,437E69CC,3A3FF36D,00000000,3CACAE6D,45AD4231,37817A56,00000000,00000000,00000000,1
17,27000.0,42,437F0551,3A477B9F,00000000,3C9636B1,459669D2,376A1A1A,00000000,00000000,00000000,1
17,27000.0,43,437F97AE,3A4ED09D,00000000,3C801903,458005EF,374EF907,00000000,00000000,00000000,1
17,27000.0,44,4380057C,3A5DB804,00000000,00000000,00000000,00000000,00000000,00000000,00000000,0
17,27000.0,45,4380453E,3A642977,00000000,00000000,00000000,00000000,00000000,00000000,00000000,0
17,27000.0,46,43807F8C,3A6A2229,00000000,00000000,00000000,00000000,00000000,00000000,00000000,0
17,27000.0,47,4380B3B0,3A6F818E,00000000,00000000,00000000,00000000,00000000,00000000,00000000,0
17,27000.0,48,4380E881,3A6E324D,00000000,00000000,00000000,00000000,00000000,00000000,00000000,0
17,27000.0,49,4380E87E,00000000,00000000,00000000,00000000,00000000,00000000,00000000,00000000,0
18,27000.0,1,43560000,38829306,00000000,00000000,00000000,00000000,00000000,00000000,00000000,0
18,27000.0,2,436202E3,39CCD708,00000000,00000000,00000000,00000000,00000000,00000000,00000000,0
18,27000.0,3,435E9F20,393CE8F0,00000000,00000000,00000000,00000000,00000000,00000000,00000000,0
18,27000.0,4,435CB200,38E0C140,00000000,00000000,00000000,00000000,00000000,00000000,00000000,0
18,27000.0,5,435B75CB,38996A3D,00000000,00000000,00000000,00000000,00000000,00000000,00000000,0
18,27000.0,6,435A9A1B,3863CF9A,00000000,00000000,00000000,00000000,00000000,00000000,00000000,0
18,27000.0,7,4359F8B8,3832E274,00000000,00000000,00000000,00000000,00000000,00000000,00000000,0
18,27000.0,8,43597D20,38122402,00000000,00000000,00000000,00000000,00000000,00000000,00000000,0
18,27000.0,9,435A1AD8,380ECFE4,00000000,00000000,00000000,00000000,00000000,00000000,00000000,0
18,27000.0,10,435D5F24,385053EE,00000000,00000000,00000000,00000000,00000000,00000000,00000000,0
18,27000.0,11,436066DD,38923E08,00000000,00000000,00000000,00000000,00000000,00000000,00000000,0
18,27000.0,12,436339FA,38C6B2BB,00000000,00000000,00000000,00000000,00000000,00000000,00000000,0
18,27000.0,13,4365DEF9,39033CC2,00000000,00000000,00000000,00000000,00000000,00000000,00000000,0
18,27000.0,14,436874DA,3904263E,00000000,3CBF39FA,45DE72CB,36456CEC,00000000,00000000,00000000,1
18,27000.0,15,436ACFEA,392BE0A6,00000000,3CE2C41D,4603294D,36983FFE,00000000,00000000,00000000,1
18,27000.0,16,436D0A4D,395A5746,00000000,3D019407,46151BB8,36DD0875,00000000,00000000,00000000,1
18,27000.0,17,436F2721,3987E9EC,00000000,3D100B30,4624EDD4,3718F30B,00000000,00000000,00000000,1
18,27000.0,18,43712907,39A647F7,00000000,3D1CAFF7,46328ED1,374B8C4C,00000000,00000000,00000000,1
18,27000.0,19,43731249,39C85B51,00000000,3D2777AE,463DFBE2,3783113C,00000000,00000000,00000000,1
18,27000.0,20,4374E4DC,39EE322F,00000000,3D3061D9,46473CFE,37A41D8B,00000000,00000000,00000000,1
18,27000.0,21,4376A27A,3A0BE9E2,00000000,3D3775F9,464E624C,37C88955,00000000,00000000,00000000,1
18,27000.0,22,43784CA1,3A22A061,00000000,3D3CC1BA,465381FE,37EFD1B1,00000000,00000000,00000000,1
18,27000.0,23,4379E4A4,3A3B399F,00000000,3D405773,4656B6AF,380CAB2C,00000000,00000000,00000000,1
18,27000.0,24,437B6BA6,3A556F66,00000000,3D424CFA,46581E02,3821FE99,00000000,00000000,00000000,1
18,27000.0,25,437CE2B0,3A6E79E8,00000000,3D42BAF5,4657D7F9,3835668B,00000000,00000000,00000000,1
18,27000.0,26,437E4AAA,3A846899,00000000,3D41BB16,46560501,3848673E,00000000,00000000,00000000,1
18,27000.0,27,437FA462,3A923351,00000000,3D3F686C,4652C657,385A9FD8,00000000,00000000,00000000,1
18,27000.0,28,43807846,3AA094E6,00000000,3D3BDE8F,464E3D2E,386BB0BE,00000000,00000000,00000000,1
18,27000.0,29,438117E7,3AAF8470,00000000,3D373942,46488A5B,387B3DDC,00000000,00000000,00000000,1
18,27000.0,30,4381B15D,3ABEF826,00000000,3D319415,4641CDED,38847809,00000000,00000000,00000000,1
18,27000.0,31,438244E4,3ACEE598,00000000,3D2B0A33,463A2708,388A3B9B,00000000,00000000,00000000,1
18,27000.0,32,4382D2B4,3ADF4167,00000000,3D23B633,4631B3C5,388EC58A,00000000,00000000,00000000,1
18,27000.0,33,43835B00,3AEFFF88,00000000,3D1BB1F2,4628910E,3891F68A,00000000,00000000,00000000,1
18,27000.0,34,4383DDEE,3B00897A,00000000,3D131688,461EDA9C,3893B482,00000000,00000000,00000000,1
18,27000.0,35,43845BA2,3B0936E5,00000000,3D09FC32,4614AAED,3893EB1B,00000000,00000000,00000000,1
18,27000.0,36,4384D439,3B120086,00000000,3D007A5E,460A1B58,38928C1A,00000000,00000000,00000000,1
18,27000.0,37,438547C3,3B1ADE6F,00000000,3CED4F46,45FE880B,388F8FE2,00000000,00000000,00000000,1
18,27000.0,38,4385B653,3B23C7EC,00000000,3CD933B0,45E8783F,388AF588,00000000,00000000,00000000,1
18,27000.0,39,43861FEE,3B2CB3C4,00000000,3CC4CC69,45D233D9,3884C388,00000000,00000000,00000000,1
18,27000.0,40,43868490,3B351BA5,00000000,3CB04300,45BBE61E,387964CF,00000000,00000000,00000000,1
18,27000.0,41,4386E42D,3B3CD71F,00000000,3C9BC033,45A5B919,3865C80D,00000000,00000000,00000000,1
18,27000.0,42,43873EAD,3B446B96,00000000,3C876C49,458FD613,384FCFA3,00000000,00000000,00000000,1
18,27000.0,43,438793E6,3B4BCD9A,00000000,3C66E0EF,4574CE15,3837CDCB,00000000,00000000,00000000,1
18,27000.0,44,4387E39C,3B52F028,00000000,3C3FEF16,454B2ED2,381E262E,00000000,00000000,00000000,1
18,27000.0,45,438817D3,3B5E2A40,00000000,00000000,00000000,00000000,00000000,00000000,00000000,0
18,27000.0,46,43885CE4,3B644AD5,00000000,00000000,00000000,00000000,00000000,00000000,00000000,0
18,27000.0,47,43889AE0,3B69E0E8,00000000,00000000,00000000,00000000,00000000,00000000,00000000,0
18,27000.0,48,4388E073,3B6B74D3,00000000,00000000,00000000,00000000,00000000,00000000,00000000,0
18,27000.0,49,4388FA19,00000000,00000000,00000000,00000000,00000000,00000000,00000000,00000000,0
